ISO-10303-21;
HEADER;
FILE_DESCRIPTION((''),'2;1');
FILE_NAME('model.ifc','2026-09-02T12:04:35',('Skanna'),('Skanna'),'skanna-web bim 0.1','skanna-web bim 0.1','');
FILE_SCHEMA(('IFC4'));
ENDSEC;
DATA;
#1=IFCPERSON($,$,'Skanna',$,$,$,$,$);
#2=IFCORGANIZATION($,'Skanna',$,$,$);
#3=IFCPERSONANDORGANIZATION(#1,#2,$);
#4=IFCAPPLICATION(#2,'0.1','Skanna Web BIM Author','skanna-web');
#5=IFCOWNERHISTORY(#3,#4,$,.ADDED.,$,$,$,1788350675);
#6=IFCSIUNIT(*,.LENGTHUNIT.,$,.METRE.);
#7=IFCSIUNIT(*,.AREAUNIT.,$,.SQUARE_METRE.);
#8=IFCSIUNIT(*,.VOLUMEUNIT.,$,.CUBIC_METRE.);
#9=IFCUNITASSIGNMENT((#6,#7,#8));
#10=IFCCARTESIANPOINT((0.,0.,0.));
#11=IFCAXIS2PLACEMENT3D(#10,$,$);
#12=IFCGEOMETRICREPRESENTATIONCONTEXT($,'Model',3,1.E-05,#11,$);
#13=IFCPROJECT('122HYzuVZ6T042rO9KfW2i',#5,'Skanna Demo','Authored in Skanna Web',$,$,$,(#12),#9);
#14=IFCCARTESIANPOINT((0.,0.,0.));
#15=IFCAXIS2PLACEMENT3D(#14,$,$);
#16=IFCLOCALPLACEMENT($,#15);
#17=IFCSITE('2A$JR4QCIWHqjiPJUe3UcH',#5,'Site',$,$,#16,$,$,.ELEMENT.,$,$,$,$,$);
#18=IFCCARTESIANPOINT((0.,0.,0.));
#19=IFCAXIS2PLACEMENT3D(#18,$,$);
#20=IFCLOCALPLACEMENT(#16,#19);
#21=IFCBUILDING('1wUuWXzH6bljAHafRnDTAn',#5,'Building',$,$,#20,$,$,.ELEMENT.,$,$,$);
#22=IFCRELAGGREGATES('2uJzJR9JIHgecC3RmCq6FI',#5,$,$,#13,(#17));
#23=IFCRELAGGREGATES('2qqKK$CE1cbLBMEVXQFCDV',#5,$,$,#17,(#21));
#24=IFCCARTESIANPOINT((0.,0.,0.));
#25=IFCAXIS2PLACEMENT3D(#24,$,$);
#26=IFCLOCALPLACEMENT(#20,#25);
#27=IFCBUILDINGSTOREY('27TLZYHNwZNzu9CxMDDIOl',#5,'Ground floor',$,$,#26,$,$,.ELEMENT.,0.);
#28=IFCCARTESIANPOINT((0.076,0.11,0.));
#29=IFCDIRECTION((0.,0.,1.));
#30=IFCDIRECTION((0.,1.,0.));
#31=IFCAXIS2PLACEMENT3D(#28,#29,#30);
#32=IFCLOCALPLACEMENT(#26,#31);
#33=IFCCARTESIANPOINT((9.745,0.));
#34=IFCAXIS2PLACEMENT2D(#33,$);
#35=IFCRECTANGLEPROFILEDEF(.AREA.,$,#34,19.49,0.15);
#36=IFCCARTESIANPOINT((0.,0.,0.));
#37=IFCAXIS2PLACEMENT3D(#36,$,$);
#38=IFCDIRECTION((0.,0.,1.));
#39=IFCEXTRUDEDAREASOLID(#35,#37,#38,2.7);
#40=IFCSHAPEREPRESENTATION(#12,'Body','SweptSolid',(#39));
#41=IFCPRODUCTDEFINITIONSHAPE($,$,(#40));
#42=IFCWALL('3QraZI4P$L6UvlV1gCKKA8',#5,'Wall 1',$,$,#32,#41,$,.STANDARD.);
#43=IFCCARTESIANPOINT((0.005,19.527,0.));
#44=IFCDIRECTION((0.,0.,1.));
#45=IFCDIRECTION((1.,0.,0.));
#46=IFCAXIS2PLACEMENT3D(#43,#44,#45);
#47=IFCLOCALPLACEMENT(#26,#46);
#48=IFCCARTESIANPOINT((5.2325,0.));
#49=IFCAXIS2PLACEMENT2D(#48,$);
#50=IFCRECTANGLEPROFILEDEF(.AREA.,$,#49,10.465,0.15);
#51=IFCCARTESIANPOINT((0.,0.,0.));
#52=IFCAXIS2PLACEMENT3D(#51,$,$);
#53=IFCDIRECTION((0.,0.,1.));
#54=IFCEXTRUDEDAREASOLID(#50,#52,#53,2.7);
#55=IFCSHAPEREPRESENTATION(#12,'Body','SweptSolid',(#54));
#56=IFCPRODUCTDEFINITIONSHAPE($,$,(#55));
#57=IFCWALL('29qLyp9ePlAX3PW_tHRbnW',#5,'Wall 2',$,$,#47,#56,$,.STANDARD.);
#58=IFCCARTESIANPOINT((5.1755,19.527,0.));
#59=IFCDIRECTION((0.,0.,1.));
#60=IFCDIRECTION((1.,0.,0.));
#61=IFCAXIS2PLACEMENT3D(#58,#59,#60);
#62=IFCLOCALPLACEMENT(#26,#61);
#63=IFCCARTESIANPOINT((0.4675,0.));
#64=IFCAXIS2PLACEMENT2D(#63,$);
#65=IFCRECTANGLEPROFILEDEF(.AREA.,$,#64,0.935,0.21);
#66=IFCCARTESIANPOINT((0.,0.,0.));
#67=IFCAXIS2PLACEMENT3D(#66,$,$);
#68=IFCDIRECTION((0.,0.,1.));
#69=IFCEXTRUDEDAREASOLID(#65,#67,#68,2.2);
#70=IFCSHAPEREPRESENTATION(#12,'Body','SweptSolid',(#69));
#71=IFCPRODUCTDEFINITIONSHAPE($,$,(#70));
#72=IFCOPENINGELEMENT('0Bh8OR6VxUg2zpBYTSWELj',#5,'Opening (door)',$,$,#62,#71,$,.OPENING.);
#73=IFCRELVOIDSELEMENT('1wpTb044PiPedCUdFff8oj',#5,$,$,#57,#72);
#74=IFCCARTESIANPOINT((5.1755,19.527,0.));
#75=IFCDIRECTION((0.,0.,1.));
#76=IFCDIRECTION((1.,0.,0.));
#77=IFCAXIS2PLACEMENT3D(#74,#75,#76);
#78=IFCLOCALPLACEMENT(#26,#77);
#79=IFCCARTESIANPOINT((0.0275,0.));
#80=IFCAXIS2PLACEMENT2D(#79,$);
#81=IFCRECTANGLEPROFILEDEF(.AREA.,$,#80,0.055,0.08);
#82=IFCCARTESIANPOINT((0.,0.,0.));
#83=IFCAXIS2PLACEMENT3D(#82,$,$);
#84=IFCDIRECTION((0.,0.,1.));
#85=IFCEXTRUDEDAREASOLID(#81,#83,#84,2.2);
#86=IFCCARTESIANPOINT((0.9075,0.));
#87=IFCAXIS2PLACEMENT2D(#86,$);
#88=IFCRECTANGLEPROFILEDEF(.AREA.,$,#87,0.055,0.08);
#89=IFCCARTESIANPOINT((0.,0.,0.));
#90=IFCAXIS2PLACEMENT3D(#89,$,$);
#91=IFCDIRECTION((0.,0.,1.));
#92=IFCEXTRUDEDAREASOLID(#88,#90,#91,2.2);
#93=IFCCARTESIANPOINT((0.4675,0.));
#94=IFCAXIS2PLACEMENT2D(#93,$);
#95=IFCRECTANGLEPROFILEDEF(.AREA.,$,#94,0.825,0.08);
#96=IFCCARTESIANPOINT((0.,0.,2.145));
#97=IFCAXIS2PLACEMENT3D(#96,$,$);
#98=IFCDIRECTION((0.,0.,1.));
#99=IFCEXTRUDEDAREASOLID(#95,#97,#98,0.055);
#100=IFCCARTESIANPOINT((0.4675,0.));
#101=IFCAXIS2PLACEMENT2D(#100,$);
#102=IFCRECTANGLEPROFILEDEF(.AREA.,$,#101,0.825,0.06);
#103=IFCCARTESIANPOINT((0.,0.,0.));
#104=IFCAXIS2PLACEMENT3D(#103,$,$);
#105=IFCDIRECTION((0.,0.,1.));
#106=IFCEXTRUDEDAREASOLID(#102,#104,#105,2.145);
#107=IFCCOLOURRGB($,0.956863,0.94902,0.933333);
#108=IFCSURFACESTYLESHADING(#107,0.);
#109=IFCSURFACESTYLE('Frame',.BOTH.,(#108));
#110=IFCSTYLEDITEM(#85,(#109),$);
#111=IFCSTYLEDITEM(#92,(#109),$);
#112=IFCSTYLEDITEM(#99,(#109),$);
#113=IFCCOLOURRGB($,1.,1.,1.);
#114=IFCSURFACESTYLESHADING(#113,0.);
#115=IFCSURFACESTYLE('Door leaf',.BOTH.,(#114));
#116=IFCSTYLEDITEM(#106,(#115),$);
#117=IFCSHAPEREPRESENTATION(#12,'Body','SweptSolid',(#85,#92,#99,#106));
#118=IFCPRODUCTDEFINITIONSHAPE($,$,(#117));
#119=IFCDOOR('28Obbrki1u_fNXNOw5AJGK',#5,'Door 1',$,$,#78,#118,$,2.2,0.935,.DOOR.,.SINGLE_SWING_LEFT.,$);
#120=IFCRELFILLSELEMENT('2VTVLD$tH90WbaiAMd5wIg',#5,$,$,#72,#119);
#121=IFCCARTESIANPOINT((2.04,19.527,0.9));
#122=IFCDIRECTION((0.,0.,1.));
#123=IFCDIRECTION((1.,0.,0.));
#124=IFCAXIS2PLACEMENT3D(#121,#122,#123);
#125=IFCLOCALPLACEMENT(#26,#124);
#126=IFCCARTESIANPOINT((0.72,0.));
#127=IFCAXIS2PLACEMENT2D(#126,$);
#128=IFCRECTANGLEPROFILEDEF(.AREA.,$,#127,1.44,0.21);
#129=IFCCARTESIANPOINT((0.,0.,0.));
#130=IFCAXIS2PLACEMENT3D(#129,$,$);
#131=IFCDIRECTION((0.,0.,1.));
#132=IFCEXTRUDEDAREASOLID(#128,#130,#131,1.3);
#133=IFCSHAPEREPRESENTATION(#12,'Body','SweptSolid',(#132));
#134=IFCPRODUCTDEFINITIONSHAPE($,$,(#133));
#135=IFCOPENINGELEMENT('33OGuztgziLPBI0xAdEv5z',#5,'Opening (window)',$,$,#125,#134,$,.OPENING.);
#136=IFCRELVOIDSELEMENT('17F$RUUsb935BPRdWdrZZg',#5,$,$,#57,#135);
#137=IFCCARTESIANPOINT((2.04,19.527,0.9));
#138=IFCDIRECTION((0.,0.,1.));
#139=IFCDIRECTION((1.,0.,0.));
#140=IFCAXIS2PLACEMENT3D(#137,#138,#139);
#141=IFCLOCALPLACEMENT(#26,#140);
#142=IFCCARTESIANPOINT((0.0275,0.));
#143=IFCAXIS2PLACEMENT2D(#142,$);
#144=IFCRECTANGLEPROFILEDEF(.AREA.,$,#143,0.055,0.08);
#145=IFCCARTESIANPOINT((0.,0.,0.));
#146=IFCAXIS2PLACEMENT3D(#145,$,$);
#147=IFCDIRECTION((0.,0.,1.));
#148=IFCEXTRUDEDAREASOLID(#144,#146,#147,1.3);
#149=IFCCARTESIANPOINT((1.4125,0.));
#150=IFCAXIS2PLACEMENT2D(#149,$);
#151=IFCRECTANGLEPROFILEDEF(.AREA.,$,#150,0.055,0.08);
#152=IFCCARTESIANPOINT((0.,0.,0.));
#153=IFCAXIS2PLACEMENT3D(#152,$,$);
#154=IFCDIRECTION((0.,0.,1.));
#155=IFCEXTRUDEDAREASOLID(#151,#153,#154,1.3);
#156=IFCCARTESIANPOINT((0.72,0.));
#157=IFCAXIS2PLACEMENT2D(#156,$);
#158=IFCRECTANGLEPROFILEDEF(.AREA.,$,#157,1.33,0.08);
#159=IFCCARTESIANPOINT((0.,0.,1.245));
#160=IFCAXIS2PLACEMENT3D(#159,$,$);
#161=IFCDIRECTION((0.,0.,1.));
#162=IFCEXTRUDEDAREASOLID(#158,#160,#161,0.055);
#163=IFCCARTESIANPOINT((0.72,0.));
#164=IFCAXIS2PLACEMENT2D(#163,$);
#165=IFCRECTANGLEPROFILEDEF(.AREA.,$,#164,1.33,0.08);
#166=IFCCARTESIANPOINT((0.,0.,0.));
#167=IFCAXIS2PLACEMENT3D(#166,$,$);
#168=IFCDIRECTION((0.,0.,1.));
#169=IFCEXTRUDEDAREASOLID(#165,#167,#168,0.055);
#170=IFCCARTESIANPOINT((0.72,0.));
#171=IFCAXIS2PLACEMENT2D(#170,$);
#172=IFCRECTANGLEPROFILEDEF(.AREA.,$,#171,0.055,0.08);
#173=IFCCARTESIANPOINT((0.,0.,0.055));
#174=IFCAXIS2PLACEMENT3D(#173,$,$);
#175=IFCDIRECTION((0.,0.,1.));
#176=IFCEXTRUDEDAREASOLID(#172,#174,#175,1.19);
#177=IFCCARTESIANPOINT((0.074,0.));
#178=IFCAXIS2PLACEMENT2D(#177,$);
#179=IFCRECTANGLEPROFILEDEF(.AREA.,$,#178,0.038,0.08);
#180=IFCCARTESIANPOINT((0.,0.,0.055));
#181=IFCAXIS2PLACEMENT3D(#180,$,$);
#182=IFCDIRECTION((0.,0.,1.));
#183=IFCEXTRUDEDAREASOLID(#179,#181,#182,1.19);
#184=IFCCARTESIANPOINT((0.6735,0.));
#185=IFCAXIS2PLACEMENT2D(#184,$);
#186=IFCRECTANGLEPROFILEDEF(.AREA.,$,#185,0.038,0.08);
#187=IFCCARTESIANPOINT((0.,0.,0.055));
#188=IFCAXIS2PLACEMENT3D(#187,$,$);
#189=IFCDIRECTION((0.,0.,1.));
#190=IFCEXTRUDEDAREASOLID(#186,#188,#189,1.19);
#191=IFCCARTESIANPOINT((0.37375,0.));
#192=IFCAXIS2PLACEMENT2D(#191,$);
#193=IFCRECTANGLEPROFILEDEF(.AREA.,$,#192,0.5615,0.08);
#194=IFCCARTESIANPOINT((0.,0.,1.207));
#195=IFCAXIS2PLACEMENT3D(#194,$,$);
#196=IFCDIRECTION((0.,0.,1.));
#197=IFCEXTRUDEDAREASOLID(#193,#195,#196,0.038);
#198=IFCCARTESIANPOINT((0.37375,0.));
#199=IFCAXIS2PLACEMENT2D(#198,$);
#200=IFCRECTANGLEPROFILEDEF(.AREA.,$,#199,0.5615,0.08);
#201=IFCCARTESIANPOINT((0.,0.,0.055));
#202=IFCAXIS2PLACEMENT3D(#201,$,$);
#203=IFCDIRECTION((0.,0.,1.));
#204=IFCEXTRUDEDAREASOLID(#200,#202,#203,0.038);
#205=IFCCARTESIANPOINT((0.7665,0.));
#206=IFCAXIS2PLACEMENT2D(#205,$);
#207=IFCRECTANGLEPROFILEDEF(.AREA.,$,#206,0.038,0.08);
#208=IFCCARTESIANPOINT((0.,0.,0.055));
#209=IFCAXIS2PLACEMENT3D(#208,$,$);
#210=IFCDIRECTION((0.,0.,1.));
#211=IFCEXTRUDEDAREASOLID(#207,#209,#210,1.19);
#212=IFCCARTESIANPOINT((1.366,0.));
#213=IFCAXIS2PLACEMENT2D(#212,$);
#214=IFCRECTANGLEPROFILEDEF(.AREA.,$,#213,0.038,0.08);
#215=IFCCARTESIANPOINT((0.,0.,0.055));
#216=IFCAXIS2PLACEMENT3D(#215,$,$);
#217=IFCDIRECTION((0.,0.,1.));
#218=IFCEXTRUDEDAREASOLID(#214,#216,#217,1.19);
#219=IFCCARTESIANPOINT((1.06625,0.));
#220=IFCAXIS2PLACEMENT2D(#219,$);
#221=IFCRECTANGLEPROFILEDEF(.AREA.,$,#220,0.5615,0.08);
#222=IFCCARTESIANPOINT((0.,0.,1.207));
#223=IFCAXIS2PLACEMENT3D(#222,$,$);
#224=IFCDIRECTION((0.,0.,1.));
#225=IFCEXTRUDEDAREASOLID(#221,#223,#224,0.038);
#226=IFCCARTESIANPOINT((1.06625,0.));
#227=IFCAXIS2PLACEMENT2D(#226,$);
#228=IFCRECTANGLEPROFILEDEF(.AREA.,$,#227,0.5615,0.08);
#229=IFCCARTESIANPOINT((0.,0.,0.055));
#230=IFCAXIS2PLACEMENT3D(#229,$,$);
#231=IFCDIRECTION((0.,0.,1.));
#232=IFCEXTRUDEDAREASOLID(#228,#230,#231,0.038);
#233=IFCCARTESIANPOINT((0.37375,0.));
#234=IFCAXIS2PLACEMENT2D(#233,$);
#235=IFCRECTANGLEPROFILEDEF(.AREA.,$,#234,0.5615,0.06);
#236=IFCCARTESIANPOINT((0.,0.,0.093));
#237=IFCAXIS2PLACEMENT3D(#236,$,$);
#238=IFCDIRECTION((0.,0.,1.));
#239=IFCEXTRUDEDAREASOLID(#235,#237,#238,1.114);
#240=IFCCARTESIANPOINT((1.06625,0.));
#241=IFCAXIS2PLACEMENT2D(#240,$);
#242=IFCRECTANGLEPROFILEDEF(.AREA.,$,#241,0.5615,0.06);
#243=IFCCARTESIANPOINT((0.,0.,0.093));
#244=IFCAXIS2PLACEMENT3D(#243,$,$);
#245=IFCDIRECTION((0.,0.,1.));
#246=IFCEXTRUDEDAREASOLID(#242,#244,#245,1.114);
#247=IFCSTYLEDITEM(#148,(#109),$);
#248=IFCSTYLEDITEM(#155,(#109),$);
#249=IFCSTYLEDITEM(#162,(#109),$);
#250=IFCSTYLEDITEM(#169,(#109),$);
#251=IFCSTYLEDITEM(#176,(#109),$);
#252=IFCSTYLEDITEM(#183,(#109),$);
#253=IFCSTYLEDITEM(#190,(#109),$);
#254=IFCSTYLEDITEM(#197,(#109),$);
#255=IFCSTYLEDITEM(#204,(#109),$);
#256=IFCSTYLEDITEM(#211,(#109),$);
#257=IFCSTYLEDITEM(#218,(#109),$);
#258=IFCSTYLEDITEM(#225,(#109),$);
#259=IFCSTYLEDITEM(#232,(#109),$);
#260=IFCCOLOURRGB($,0.611765,0.768627,0.831373);
#261=IFCSURFACESTYLESHADING(#260,0.7);
#262=IFCSURFACESTYLE('Glass',.BOTH.,(#261));
#263=IFCSTYLEDITEM(#239,(#262),$);
#264=IFCSTYLEDITEM(#246,(#262),$);
#265=IFCSHAPEREPRESENTATION(#12,'Body','SweptSolid',(#148,#155,#162,#169,#176,#183,#190,#197,#204,#211,#218,#225,#232,#239,#246));
#266=IFCPRODUCTDEFINITIONSHAPE($,$,(#265));
#267=IFCWINDOW('0XlP6U3f130cIMk1Ha$cli',#5,'Window 1','Clear glazing',$,#141,#266,$,1.3,1.44,.WINDOW.,.DOUBLE_PANEL_VERTICAL.,$);
#268=IFCRELFILLSELEMENT('1o4xRwoDKTHqU0sTRQTqcC',#5,$,$,#135,#267);
#269=IFCCARTESIANPOINT((7.78,19.527,0.9));
#270=IFCDIRECTION((0.,0.,1.));
#271=IFCDIRECTION((1.,0.,0.));
#272=IFCAXIS2PLACEMENT3D(#269,#270,#271);
#273=IFCLOCALPLACEMENT(#26,#272);
#274=IFCCARTESIANPOINT((0.72,0.));
#275=IFCAXIS2PLACEMENT2D(#274,$);
#276=IFCRECTANGLEPROFILEDEF(.AREA.,$,#275,1.44,0.21);
#277=IFCCARTESIANPOINT((0.,0.,0.));
#278=IFCAXIS2PLACEMENT3D(#277,$,$);
#279=IFCDIRECTION((0.,0.,1.));
#280=IFCEXTRUDEDAREASOLID(#276,#278,#279,1.3);
#281=IFCSHAPEREPRESENTATION(#12,'Body','SweptSolid',(#280));
#282=IFCPRODUCTDEFINITIONSHAPE($,$,(#281));
#283=IFCOPENINGELEMENT('0yc$jMPf6_YCNkJaQi39U6',#5,'Opening (window)',$,$,#273,#282,$,.OPENING.);
#284=IFCRELVOIDSELEMENT('0Sav4qKceuBZI$JcizTQMS',#5,$,$,#57,#283);
#285=IFCCARTESIANPOINT((7.78,19.527,0.9));
#286=IFCDIRECTION((0.,0.,1.));
#287=IFCDIRECTION((1.,0.,0.));
#288=IFCAXIS2PLACEMENT3D(#285,#286,#287);
#289=IFCLOCALPLACEMENT(#26,#288);
#290=IFCCARTESIANPOINT((0.0275,0.));
#291=IFCAXIS2PLACEMENT2D(#290,$);
#292=IFCRECTANGLEPROFILEDEF(.AREA.,$,#291,0.055,0.08);
#293=IFCCARTESIANPOINT((0.,0.,0.));
#294=IFCAXIS2PLACEMENT3D(#293,$,$);
#295=IFCDIRECTION((0.,0.,1.));
#296=IFCEXTRUDEDAREASOLID(#292,#294,#295,1.3);
#297=IFCCARTESIANPOINT((1.4125,0.));
#298=IFCAXIS2PLACEMENT2D(#297,$);
#299=IFCRECTANGLEPROFILEDEF(.AREA.,$,#298,0.055,0.08);
#300=IFCCARTESIANPOINT((0.,0.,0.));
#301=IFCAXIS2PLACEMENT3D(#300,$,$);
#302=IFCDIRECTION((0.,0.,1.));
#303=IFCEXTRUDEDAREASOLID(#299,#301,#302,1.3);
#304=IFCCARTESIANPOINT((0.72,0.));
#305=IFCAXIS2PLACEMENT2D(#304,$);
#306=IFCRECTANGLEPROFILEDEF(.AREA.,$,#305,1.33,0.08);
#307=IFCCARTESIANPOINT((0.,0.,1.245));
#308=IFCAXIS2PLACEMENT3D(#307,$,$);
#309=IFCDIRECTION((0.,0.,1.));
#310=IFCEXTRUDEDAREASOLID(#306,#308,#309,0.055);
#311=IFCCARTESIANPOINT((0.72,0.));
#312=IFCAXIS2PLACEMENT2D(#311,$);
#313=IFCRECTANGLEPROFILEDEF(.AREA.,$,#312,1.33,0.08);
#314=IFCCARTESIANPOINT((0.,0.,0.));
#315=IFCAXIS2PLACEMENT3D(#314,$,$);
#316=IFCDIRECTION((0.,0.,1.));
#317=IFCEXTRUDEDAREASOLID(#313,#315,#316,0.055);
#318=IFCCARTESIANPOINT((0.72,0.));
#319=IFCAXIS2PLACEMENT2D(#318,$);
#320=IFCRECTANGLEPROFILEDEF(.AREA.,$,#319,0.055,0.08);
#321=IFCCARTESIANPOINT((0.,0.,0.055));
#322=IFCAXIS2PLACEMENT3D(#321,$,$);
#323=IFCDIRECTION((0.,0.,1.));
#324=IFCEXTRUDEDAREASOLID(#320,#322,#323,1.19);
#325=IFCCARTESIANPOINT((0.074,0.));
#326=IFCAXIS2PLACEMENT2D(#325,$);
#327=IFCRECTANGLEPROFILEDEF(.AREA.,$,#326,0.038,0.08);
#328=IFCCARTESIANPOINT((0.,0.,0.055));
#329=IFCAXIS2PLACEMENT3D(#328,$,$);
#330=IFCDIRECTION((0.,0.,1.));
#331=IFCEXTRUDEDAREASOLID(#327,#329,#330,1.19);
#332=IFCCARTESIANPOINT((0.6735,0.));
#333=IFCAXIS2PLACEMENT2D(#332,$);
#334=IFCRECTANGLEPROFILEDEF(.AREA.,$,#333,0.038,0.08);
#335=IFCCARTESIANPOINT((0.,0.,0.055));
#336=IFCAXIS2PLACEMENT3D(#335,$,$);
#337=IFCDIRECTION((0.,0.,1.));
#338=IFCEXTRUDEDAREASOLID(#334,#336,#337,1.19);
#339=IFCCARTESIANPOINT((0.37375,0.));
#340=IFCAXIS2PLACEMENT2D(#339,$);
#341=IFCRECTANGLEPROFILEDEF(.AREA.,$,#340,0.5615,0.08);
#342=IFCCARTESIANPOINT((0.,0.,1.207));
#343=IFCAXIS2PLACEMENT3D(#342,$,$);
#344=IFCDIRECTION((0.,0.,1.));
#345=IFCEXTRUDEDAREASOLID(#341,#343,#344,0.038);
#346=IFCCARTESIANPOINT((0.37375,0.));
#347=IFCAXIS2PLACEMENT2D(#346,$);
#348=IFCRECTANGLEPROFILEDEF(.AREA.,$,#347,0.5615,0.08);
#349=IFCCARTESIANPOINT((0.,0.,0.055));
#350=IFCAXIS2PLACEMENT3D(#349,$,$);
#351=IFCDIRECTION((0.,0.,1.));
#352=IFCEXTRUDEDAREASOLID(#348,#350,#351,0.038);
#353=IFCCARTESIANPOINT((0.7665,0.));
#354=IFCAXIS2PLACEMENT2D(#353,$);
#355=IFCRECTANGLEPROFILEDEF(.AREA.,$,#354,0.038,0.08);
#356=IFCCARTESIANPOINT((0.,0.,0.055));
#357=IFCAXIS2PLACEMENT3D(#356,$,$);
#358=IFCDIRECTION((0.,0.,1.));
#359=IFCEXTRUDEDAREASOLID(#355,#357,#358,1.19);
#360=IFCCARTESIANPOINT((1.366,0.));
#361=IFCAXIS2PLACEMENT2D(#360,$);
#362=IFCRECTANGLEPROFILEDEF(.AREA.,$,#361,0.038,0.08);
#363=IFCCARTESIANPOINT((0.,0.,0.055));
#364=IFCAXIS2PLACEMENT3D(#363,$,$);
#365=IFCDIRECTION((0.,0.,1.));
#366=IFCEXTRUDEDAREASOLID(#362,#364,#365,1.19);
#367=IFCCARTESIANPOINT((1.06625,0.));
#368=IFCAXIS2PLACEMENT2D(#367,$);
#369=IFCRECTANGLEPROFILEDEF(.AREA.,$,#368,0.5615,0.08);
#370=IFCCARTESIANPOINT((0.,0.,1.207));
#371=IFCAXIS2PLACEMENT3D(#370,$,$);
#372=IFCDIRECTION((0.,0.,1.));
#373=IFCEXTRUDEDAREASOLID(#369,#371,#372,0.038);
#374=IFCCARTESIANPOINT((1.06625,0.));
#375=IFCAXIS2PLACEMENT2D(#374,$);
#376=IFCRECTANGLEPROFILEDEF(.AREA.,$,#375,0.5615,0.08);
#377=IFCCARTESIANPOINT((0.,0.,0.055));
#378=IFCAXIS2PLACEMENT3D(#377,$,$);
#379=IFCDIRECTION((0.,0.,1.));
#380=IFCEXTRUDEDAREASOLID(#376,#378,#379,0.038);
#381=IFCCARTESIANPOINT((0.37375,0.));
#382=IFCAXIS2PLACEMENT2D(#381,$);
#383=IFCRECTANGLEPROFILEDEF(.AREA.,$,#382,0.5615,0.06);
#384=IFCCARTESIANPOINT((0.,0.,0.093));
#385=IFCAXIS2PLACEMENT3D(#384,$,$);
#386=IFCDIRECTION((0.,0.,1.));
#387=IFCEXTRUDEDAREASOLID(#383,#385,#386,1.114);
#388=IFCCARTESIANPOINT((1.06625,0.));
#389=IFCAXIS2PLACEMENT2D(#388,$);
#390=IFCRECTANGLEPROFILEDEF(.AREA.,$,#389,0.5615,0.06);
#391=IFCCARTESIANPOINT((0.,0.,0.093));
#392=IFCAXIS2PLACEMENT3D(#391,$,$);
#393=IFCDIRECTION((0.,0.,1.));
#394=IFCEXTRUDEDAREASOLID(#390,#392,#393,1.114);
#395=IFCSTYLEDITEM(#296,(#109),$);
#396=IFCSTYLEDITEM(#303,(#109),$);
#397=IFCSTYLEDITEM(#310,(#109),$);
#398=IFCSTYLEDITEM(#317,(#109),$);
#399=IFCSTYLEDITEM(#324,(#109),$);
#400=IFCSTYLEDITEM(#331,(#109),$);
#401=IFCSTYLEDITEM(#338,(#109),$);
#402=IFCSTYLEDITEM(#345,(#109),$);
#403=IFCSTYLEDITEM(#352,(#109),$);
#404=IFCSTYLEDITEM(#359,(#109),$);
#405=IFCSTYLEDITEM(#366,(#109),$);
#406=IFCSTYLEDITEM(#373,(#109),$);
#407=IFCSTYLEDITEM(#380,(#109),$);
#408=IFCSTYLEDITEM(#387,(#262),$);
#409=IFCSTYLEDITEM(#394,(#262),$);
#410=IFCSHAPEREPRESENTATION(#12,'Body','SweptSolid',(#296,#303,#310,#317,#324,#331,#338,#345,#352,#359,#366,#373,#380,#387,#394));
#411=IFCPRODUCTDEFINITIONSHAPE($,$,(#410));
#412=IFCWINDOW('1FoI7$1XidZyFhkScH5sle',#5,'Window 2','Clear glazing',$,#289,#411,$,1.3,1.44,.WINDOW.,.DOUBLE_PANEL_VERTICAL.,$);
#413=IFCRELFILLSELEMENT('2vCyetTluXWTHZtnTsshvZ',#5,$,$,#283,#412);
#414=IFCCARTESIANPOINT((10.399,4.905,0.));
#415=IFCDIRECTION((0.,0.,1.));
#416=IFCDIRECTION((0.,1.,0.));
#417=IFCAXIS2PLACEMENT3D(#414,#415,#416);
#418=IFCLOCALPLACEMENT(#26,#417);
#419=IFCCARTESIANPOINT((7.3475,0.));
#420=IFCAXIS2PLACEMENT2D(#419,$);
#421=IFCRECTANGLEPROFILEDEF(.AREA.,$,#420,14.695,0.15);
#422=IFCCARTESIANPOINT((0.,0.,0.));
#423=IFCAXIS2PLACEMENT3D(#422,$,$);
#424=IFCDIRECTION((0.,0.,1.));
#425=IFCEXTRUDEDAREASOLID(#421,#423,#424,2.7);
#426=IFCSHAPEREPRESENTATION(#12,'Body','SweptSolid',(#425));
#427=IFCPRODUCTDEFINITIONSHAPE($,$,(#426));
#428=IFCWALL('0N0by3Jyf$6Udc0QYp$t46',#5,'Wall 3',$,$,#418,#427,$,.STANDARD.);
#429=IFCCARTESIANPOINT((10.399,9.6855,0.9));
#430=IFCDIRECTION((0.,0.,1.));
#431=IFCDIRECTION((0.,1.,0.));
#432=IFCAXIS2PLACEMENT3D(#429,#430,#431);
#433=IFCLOCALPLACEMENT(#26,#432);
#434=IFCCARTESIANPOINT((0.6925,0.));
#435=IFCAXIS2PLACEMENT2D(#434,$);
#436=IFCRECTANGLEPROFILEDEF(.AREA.,$,#435,1.385,0.21);
#437=IFCCARTESIANPOINT((0.,0.,0.));
#438=IFCAXIS2PLACEMENT3D(#437,$,$);
#439=IFCDIRECTION((0.,0.,1.));
#440=IFCEXTRUDEDAREASOLID(#436,#438,#439,1.3);
#441=IFCSHAPEREPRESENTATION(#12,'Body','SweptSolid',(#440));
#442=IFCPRODUCTDEFINITIONSHAPE($,$,(#441));
#443=IFCOPENINGELEMENT('0GvcgzAtwjdePMWO2W3OXW',#5,'Opening (window)',$,$,#433,#442,$,.OPENING.);
#444=IFCRELVOIDSELEMENT('1F8WtaTSt76DVUt2ATM5un',#5,$,$,#428,#443);
#445=IFCCARTESIANPOINT((10.399,9.6855,0.9));
#446=IFCDIRECTION((0.,0.,1.));
#447=IFCDIRECTION((0.,1.,0.));
#448=IFCAXIS2PLACEMENT3D(#445,#446,#447);
#449=IFCLOCALPLACEMENT(#26,#448);
#450=IFCCARTESIANPOINT((0.0275,0.));
#451=IFCAXIS2PLACEMENT2D(#450,$);
#452=IFCRECTANGLEPROFILEDEF(.AREA.,$,#451,0.055,0.08);
#453=IFCCARTESIANPOINT((0.,0.,0.));
#454=IFCAXIS2PLACEMENT3D(#453,$,$);
#455=IFCDIRECTION((0.,0.,1.));
#456=IFCEXTRUDEDAREASOLID(#452,#454,#455,1.3);
#457=IFCCARTESIANPOINT((1.3575,0.));
#458=IFCAXIS2PLACEMENT2D(#457,$);
#459=IFCRECTANGLEPROFILEDEF(.AREA.,$,#458,0.055,0.08);
#460=IFCCARTESIANPOINT((0.,0.,0.));
#461=IFCAXIS2PLACEMENT3D(#460,$,$);
#462=IFCDIRECTION((0.,0.,1.));
#463=IFCEXTRUDEDAREASOLID(#459,#461,#462,1.3);
#464=IFCCARTESIANPOINT((0.6925,0.));
#465=IFCAXIS2PLACEMENT2D(#464,$);
#466=IFCRECTANGLEPROFILEDEF(.AREA.,$,#465,1.275,0.08);
#467=IFCCARTESIANPOINT((0.,0.,1.245));
#468=IFCAXIS2PLACEMENT3D(#467,$,$);
#469=IFCDIRECTION((0.,0.,1.));
#470=IFCEXTRUDEDAREASOLID(#466,#468,#469,0.055);
#471=IFCCARTESIANPOINT((0.6925,0.));
#472=IFCAXIS2PLACEMENT2D(#471,$);
#473=IFCRECTANGLEPROFILEDEF(.AREA.,$,#472,1.275,0.08);
#474=IFCCARTESIANPOINT((0.,0.,0.));
#475=IFCAXIS2PLACEMENT3D(#474,$,$);
#476=IFCDIRECTION((0.,0.,1.));
#477=IFCEXTRUDEDAREASOLID(#473,#475,#476,0.055);
#478=IFCCARTESIANPOINT((0.6925,0.));
#479=IFCAXIS2PLACEMENT2D(#478,$);
#480=IFCRECTANGLEPROFILEDEF(.AREA.,$,#479,0.055,0.08);
#481=IFCCARTESIANPOINT((0.,0.,0.055));
#482=IFCAXIS2PLACEMENT3D(#481,$,$);
#483=IFCDIRECTION((0.,0.,1.));
#484=IFCEXTRUDEDAREASOLID(#480,#482,#483,1.19);
#485=IFCCARTESIANPOINT((0.074,0.));
#486=IFCAXIS2PLACEMENT2D(#485,$);
#487=IFCRECTANGLEPROFILEDEF(.AREA.,$,#486,0.038,0.08);
#488=IFCCARTESIANPOINT((0.,0.,0.055));
#489=IFCAXIS2PLACEMENT3D(#488,$,$);
#490=IFCDIRECTION((0.,0.,1.));
#491=IFCEXTRUDEDAREASOLID(#487,#489,#490,1.19);
#492=IFCCARTESIANPOINT((0.646,0.));
#493=IFCAXIS2PLACEMENT2D(#492,$);
#494=IFCRECTANGLEPROFILEDEF(.AREA.,$,#493,0.038,0.08);
#495=IFCCARTESIANPOINT((0.,0.,0.055));
#496=IFCAXIS2PLACEMENT3D(#495,$,$);
#497=IFCDIRECTION((0.,0.,1.));
#498=IFCEXTRUDEDAREASOLID(#494,#496,#497,1.19);
#499=IFCCARTESIANPOINT((0.36,0.));
#500=IFCAXIS2PLACEMENT2D(#499,$);
#501=IFCRECTANGLEPROFILEDEF(.AREA.,$,#500,0.534,0.08);
#502=IFCCARTESIANPOINT((0.,0.,1.207));
#503=IFCAXIS2PLACEMENT3D(#502,$,$);
#504=IFCDIRECTION((0.,0.,1.));
#505=IFCEXTRUDEDAREASOLID(#501,#503,#504,0.038);
#506=IFCCARTESIANPOINT((0.36,0.));
#507=IFCAXIS2PLACEMENT2D(#506,$);
#508=IFCRECTANGLEPROFILEDEF(.AREA.,$,#507,0.534,0.08);
#509=IFCCARTESIANPOINT((0.,0.,0.055));
#510=IFCAXIS2PLACEMENT3D(#509,$,$);
#511=IFCDIRECTION((0.,0.,1.));
#512=IFCEXTRUDEDAREASOLID(#508,#510,#511,0.038);
#513=IFCCARTESIANPOINT((0.739,0.));
#514=IFCAXIS2PLACEMENT2D(#513,$);
#515=IFCRECTANGLEPROFILEDEF(.AREA.,$,#514,0.038,0.08);
#516=IFCCARTESIANPOINT((0.,0.,0.055));
#517=IFCAXIS2PLACEMENT3D(#516,$,$);
#518=IFCDIRECTION((0.,0.,1.));
#519=IFCEXTRUDEDAREASOLID(#515,#517,#518,1.19);
#520=IFCCARTESIANPOINT((1.311,0.));
#521=IFCAXIS2PLACEMENT2D(#520,$);
#522=IFCRECTANGLEPROFILEDEF(.AREA.,$,#521,0.038,0.08);
#523=IFCCARTESIANPOINT((0.,0.,0.055));
#524=IFCAXIS2PLACEMENT3D(#523,$,$);
#525=IFCDIRECTION((0.,0.,1.));
#526=IFCEXTRUDEDAREASOLID(#522,#524,#525,1.19);
#527=IFCCARTESIANPOINT((1.025,0.));
#528=IFCAXIS2PLACEMENT2D(#527,$);
#529=IFCRECTANGLEPROFILEDEF(.AREA.,$,#528,0.534,0.08);
#530=IFCCARTESIANPOINT((0.,0.,1.207));
#531=IFCAXIS2PLACEMENT3D(#530,$,$);
#532=IFCDIRECTION((0.,0.,1.));
#533=IFCEXTRUDEDAREASOLID(#529,#531,#532,0.038);
#534=IFCCARTESIANPOINT((1.025,0.));
#535=IFCAXIS2PLACEMENT2D(#534,$);
#536=IFCRECTANGLEPROFILEDEF(.AREA.,$,#535,0.534,0.08);
#537=IFCCARTESIANPOINT((0.,0.,0.055));
#538=IFCAXIS2PLACEMENT3D(#537,$,$);
#539=IFCDIRECTION((0.,0.,1.));
#540=IFCEXTRUDEDAREASOLID(#536,#538,#539,0.038);
#541=IFCCARTESIANPOINT((0.36,0.));
#542=IFCAXIS2PLACEMENT2D(#541,$);
#543=IFCRECTANGLEPROFILEDEF(.AREA.,$,#542,0.534,0.06);
#544=IFCCARTESIANPOINT((0.,0.,0.093));
#545=IFCAXIS2PLACEMENT3D(#544,$,$);
#546=IFCDIRECTION((0.,0.,1.));
#547=IFCEXTRUDEDAREASOLID(#543,#545,#546,1.114);
#548=IFCCARTESIANPOINT((1.025,0.));
#549=IFCAXIS2PLACEMENT2D(#548,$);
#550=IFCRECTANGLEPROFILEDEF(.AREA.,$,#549,0.534,0.06);
#551=IFCCARTESIANPOINT((0.,0.,0.093));
#552=IFCAXIS2PLACEMENT3D(#551,$,$);
#553=IFCDIRECTION((0.,0.,1.));
#554=IFCEXTRUDEDAREASOLID(#550,#552,#553,1.114);
#555=IFCSTYLEDITEM(#456,(#109),$);
#556=IFCSTYLEDITEM(#463,(#109),$);
#557=IFCSTYLEDITEM(#470,(#109),$);
#558=IFCSTYLEDITEM(#477,(#109),$);
#559=IFCSTYLEDITEM(#484,(#109),$);
#560=IFCSTYLEDITEM(#491,(#109),$);
#561=IFCSTYLEDITEM(#498,(#109),$);
#562=IFCSTYLEDITEM(#505,(#109),$);
#563=IFCSTYLEDITEM(#512,(#109),$);
#564=IFCSTYLEDITEM(#519,(#109),$);
#565=IFCSTYLEDITEM(#526,(#109),$);
#566=IFCSTYLEDITEM(#533,(#109),$);
#567=IFCSTYLEDITEM(#540,(#109),$);
#568=IFCSTYLEDITEM(#547,(#262),$);
#569=IFCSTYLEDITEM(#554,(#262),$);
#570=IFCSHAPEREPRESENTATION(#12,'Body','SweptSolid',(#456,#463,#470,#477,#484,#491,#498,#505,#512,#519,#526,#533,#540,#547,#554));
#571=IFCPRODUCTDEFINITIONSHAPE($,$,(#570));
#572=IFCWINDOW('3DFN4R9gb8OcOpirSaNDAg',#5,'Window 3','Clear glazing',$,#449,#571,$,1.3,1.385,.WINDOW.,.DOUBLE_PANEL_VERTICAL.,$);
#573=IFCRELFILLSELEMENT('17sv5i1G3EEr7ffZD1b$D1',#5,$,$,#443,#572);
#574=IFCCARTESIANPOINT((0.005,3.677,0.));
#575=IFCDIRECTION((0.,0.,1.));
#576=IFCDIRECTION((1.,0.,0.));
#577=IFCAXIS2PLACEMENT3D(#574,#575,#576);
#578=IFCLOCALPLACEMENT(#26,#577);
#579=IFCCARTESIANPOINT((2.3825,0.));
#580=IFCAXIS2PLACEMENT2D(#579,$);
#581=IFCRECTANGLEPROFILEDEF(.AREA.,$,#580,4.765,0.15);
#582=IFCCARTESIANPOINT((0.,0.,0.));
#583=IFCAXIS2PLACEMENT3D(#582,$,$);
#584=IFCDIRECTION((0.,0.,1.));
#585=IFCEXTRUDEDAREASOLID(#581,#583,#584,2.7);
#586=IFCSHAPEREPRESENTATION(#12,'Body','SweptSolid',(#585));
#587=IFCPRODUCTDEFINITIONSHAPE($,$,(#586));
#588=IFCWALL('3M28hHQmdqK2jh8btw6S2h',#5,'Wall 4',$,$,#578,#587,$,.STANDARD.);
#589=IFCCARTESIANPOINT((0.4805,3.677,0.));
#590=IFCDIRECTION((0.,0.,1.));
#591=IFCDIRECTION((1.,0.,0.));
#592=IFCAXIS2PLACEMENT3D(#589,#590,#591);
#593=IFCLOCALPLACEMENT(#26,#592);
#594=IFCCARTESIANPOINT((1.9675,0.));
#595=IFCAXIS2PLACEMENT2D(#594,$);
#596=IFCRECTANGLEPROFILEDEF(.AREA.,$,#595,3.935,0.21);
#597=IFCCARTESIANPOINT((0.,0.,0.));
#598=IFCAXIS2PLACEMENT3D(#597,$,$);
#599=IFCDIRECTION((0.,0.,1.));
#600=IFCEXTRUDEDAREASOLID(#596,#598,#599,2.2);
#601=IFCSHAPEREPRESENTATION(#12,'Body','SweptSolid',(#600));
#602=IFCPRODUCTDEFINITIONSHAPE($,$,(#601));
#603=IFCOPENINGELEMENT('0rlojuWUoctNGjtn74LKnM',#5,'Opening (door)',$,$,#593,#602,$,.OPENING.);
#604=IFCRELVOIDSELEMENT('1B1SlzDKwMIH2LVIXO3iTt',#5,$,$,#588,#603);
#605=IFCCARTESIANPOINT((0.4805,3.677,0.));
#606=IFCDIRECTION((0.,0.,1.));
#607=IFCDIRECTION((1.,0.,0.));
#608=IFCAXIS2PLACEMENT3D(#605,#606,#607);
#609=IFCLOCALPLACEMENT(#26,#608);
#610=IFCCARTESIANPOINT((0.0275,0.));
#611=IFCAXIS2PLACEMENT2D(#610,$);
#612=IFCRECTANGLEPROFILEDEF(.AREA.,$,#611,0.055,0.08);
#613=IFCCARTESIANPOINT((0.,0.,0.));
#614=IFCAXIS2PLACEMENT3D(#613,$,$);
#615=IFCDIRECTION((0.,0.,1.));
#616=IFCEXTRUDEDAREASOLID(#612,#614,#615,2.2);
#617=IFCCARTESIANPOINT((3.9075,0.));
#618=IFCAXIS2PLACEMENT2D(#617,$);
#619=IFCRECTANGLEPROFILEDEF(.AREA.,$,#618,0.055,0.08);
#620=IFCCARTESIANPOINT((0.,0.,0.));
#621=IFCAXIS2PLACEMENT3D(#620,$,$);
#622=IFCDIRECTION((0.,0.,1.));
#623=IFCEXTRUDEDAREASOLID(#619,#621,#622,2.2);
#624=IFCCARTESIANPOINT((1.9675,0.));
#625=IFCAXIS2PLACEMENT2D(#624,$);
#626=IFCRECTANGLEPROFILEDEF(.AREA.,$,#625,3.825,0.08);
#627=IFCCARTESIANPOINT((0.,0.,2.145));
#628=IFCAXIS2PLACEMENT3D(#627,$,$);
#629=IFCDIRECTION((0.,0.,1.));
#630=IFCEXTRUDEDAREASOLID(#626,#628,#629,0.055);
#631=IFCCARTESIANPOINT((1.9675,0.));
#632=IFCAXIS2PLACEMENT2D(#631,$);
#633=IFCRECTANGLEPROFILEDEF(.AREA.,$,#632,3.825,0.06);
#634=IFCCARTESIANPOINT((0.,0.,0.));
#635=IFCAXIS2PLACEMENT3D(#634,$,$);
#636=IFCDIRECTION((0.,0.,1.));
#637=IFCEXTRUDEDAREASOLID(#633,#635,#636,2.145);
#638=IFCSTYLEDITEM(#616,(#109),$);
#639=IFCSTYLEDITEM(#623,(#109),$);
#640=IFCSTYLEDITEM(#630,(#109),$);
#641=IFCSTYLEDITEM(#637,(#262),$);
#642=IFCSHAPEREPRESENTATION(#12,'Body','SweptSolid',(#616,#623,#630,#637));
#643=IFCPRODUCTDEFINITIONSHAPE($,$,(#642));
#644=IFCDOOR('0is4HgJFXTdg3dRySVV49e',#5,'Door 2','Clear glass leaf',$,#609,#643,$,2.2,3.935,.DOOR.,.DOUBLE_DOOR_SLIDING.,$);
#645=IFCRELFILLSELEMENT('0kn82C5EQQjRT4kceXaQY4',#5,$,$,#603,#644);
#646=IFCCARTESIANPOINT((4.625,4.977,0.));
#647=IFCDIRECTION((0.,0.,1.));
#648=IFCDIRECTION((1.,0.,0.));
#649=IFCAXIS2PLACEMENT3D(#646,#647,#648);
#650=IFCLOCALPLACEMENT(#26,#649);
#651=IFCCARTESIANPOINT((2.9225,0.));
#652=IFCAXIS2PLACEMENT2D(#651,$);
#653=IFCRECTANGLEPROFILEDEF(.AREA.,$,#652,5.845,0.15);
#654=IFCCARTESIANPOINT((0.,0.,0.));
#655=IFCAXIS2PLACEMENT3D(#654,$,$);
#656=IFCDIRECTION((0.,0.,1.));
#657=IFCEXTRUDEDAREASOLID(#653,#655,#656,2.7);
#658=IFCSHAPEREPRESENTATION(#12,'Body','SweptSolid',(#657));
#659=IFCPRODUCTDEFINITIONSHAPE($,$,(#658));
#660=IFCWALL('33_23Hq0ovF0rf$KPagQj0',#5,'Wall 5',$,$,#650,#659,$,.STANDARD.);
#661=IFCCARTESIANPOINT((5.485,4.977,0.));
#662=IFCDIRECTION((0.,0.,1.));
#663=IFCDIRECTION((1.,0.,0.));
#664=IFCAXIS2PLACEMENT3D(#661,#662,#663);
#665=IFCLOCALPLACEMENT(#26,#664);
#666=IFCCARTESIANPOINT((2.02,0.));
#667=IFCAXIS2PLACEMENT2D(#666,$);
#668=IFCRECTANGLEPROFILEDEF(.AREA.,$,#667,4.04,0.21);
#669=IFCCARTESIANPOINT((0.,0.,0.));
#670=IFCAXIS2PLACEMENT3D(#669,$,$);
#671=IFCDIRECTION((0.,0.,1.));
#672=IFCEXTRUDEDAREASOLID(#668,#670,#671,2.2);
#673=IFCSHAPEREPRESENTATION(#12,'Body','SweptSolid',(#672));
#674=IFCPRODUCTDEFINITIONSHAPE($,$,(#673));
#675=IFCOPENINGELEMENT('0ThqcwxpPTMdUVH3$9n$EG',#5,'Opening (door)',$,$,#665,#674,$,.OPENING.);
#676=IFCRELVOIDSELEMENT('2RPxmLC5S3z$sbOgsoXWhD',#5,$,$,#660,#675);
#677=IFCCARTESIANPOINT((5.485,4.977,0.));
#678=IFCDIRECTION((0.,0.,1.));
#679=IFCDIRECTION((1.,0.,0.));
#680=IFCAXIS2PLACEMENT3D(#677,#678,#679);
#681=IFCLOCALPLACEMENT(#26,#680);
#682=IFCCARTESIANPOINT((0.0275,0.));
#683=IFCAXIS2PLACEMENT2D(#682,$);
#684=IFCRECTANGLEPROFILEDEF(.AREA.,$,#683,0.055,0.08);
#685=IFCCARTESIANPOINT((0.,0.,0.));
#686=IFCAXIS2PLACEMENT3D(#685,$,$);
#687=IFCDIRECTION((0.,0.,1.));
#688=IFCEXTRUDEDAREASOLID(#684,#686,#687,2.2);
#689=IFCCARTESIANPOINT((4.0125,0.));
#690=IFCAXIS2PLACEMENT2D(#689,$);
#691=IFCRECTANGLEPROFILEDEF(.AREA.,$,#690,0.055,0.08);
#692=IFCCARTESIANPOINT((0.,0.,0.));
#693=IFCAXIS2PLACEMENT3D(#692,$,$);
#694=IFCDIRECTION((0.,0.,1.));
#695=IFCEXTRUDEDAREASOLID(#691,#693,#694,2.2);
#696=IFCCARTESIANPOINT((2.02,0.));
#697=IFCAXIS2PLACEMENT2D(#696,$);
#698=IFCRECTANGLEPROFILEDEF(.AREA.,$,#697,3.93,0.08);
#699=IFCCARTESIANPOINT((0.,0.,2.145));
#700=IFCAXIS2PLACEMENT3D(#699,$,$);
#701=IFCDIRECTION((0.,0.,1.));
#702=IFCEXTRUDEDAREASOLID(#698,#700,#701,0.055);
#703=IFCCARTESIANPOINT((2.02,0.));
#704=IFCAXIS2PLACEMENT2D(#703,$);
#705=IFCRECTANGLEPROFILEDEF(.AREA.,$,#704,3.93,0.06);
#706=IFCCARTESIANPOINT((0.,0.,0.));
#707=IFCAXIS2PLACEMENT3D(#706,$,$);
#708=IFCDIRECTION((0.,0.,1.));
#709=IFCEXTRUDEDAREASOLID(#705,#707,#708,2.145);
#710=IFCSTYLEDITEM(#688,(#109),$);
#711=IFCSTYLEDITEM(#695,(#109),$);
#712=IFCSTYLEDITEM(#702,(#109),$);
#713=IFCSTYLEDITEM(#709,(#262),$);
#714=IFCSHAPEREPRESENTATION(#12,'Body','SweptSolid',(#688,#695,#702,#709));
#715=IFCPRODUCTDEFINITIONSHAPE($,$,(#714));
#716=IFCDOOR('15YRDKWoIKwmpucPj6gqQN',#5,'Door 3','Clear glass leaf',$,#681,#715,$,2.2,4.04,.DOOR.,.DOUBLE_DOOR_SLIDING.,$);
#717=IFCRELFILLSELEMENT('0T33PHkOcx5A9AewBP_BYY',#5,$,$,#675,#716);
#718=IFCCARTESIANPOINT((4.674,3.555,0.));
#719=IFCDIRECTION((0.,0.,1.));
#720=IFCDIRECTION((0.,1.,0.));
#721=IFCAXIS2PLACEMENT3D(#718,#719,#720);
#722=IFCLOCALPLACEMENT(#26,#721);
#723=IFCCARTESIANPOINT((5.0825,0.));
#724=IFCAXIS2PLACEMENT2D(#723,$);
#725=IFCRECTANGLEPROFILEDEF(.AREA.,$,#724,10.165,0.1);
#726=IFCCARTESIANPOINT((0.,0.,0.));
#727=IFCAXIS2PLACEMENT3D(#726,$,$);
#728=IFCDIRECTION((0.,0.,1.));
#729=IFCEXTRUDEDAREASOLID(#725,#727,#728,2.7);
#730=IFCSHAPEREPRESENTATION(#12,'Body','SweptSolid',(#729));
#731=IFCPRODUCTDEFINITIONSHAPE($,$,(#730));
#732=IFCWALL('3RhRijre35aS9IRVr6lQ9A',#5,'Wall 6',$,$,#722,#731,$,.STANDARD.);
#733=IFCCARTESIANPOINT((4.674,7.195,0.));
#734=IFCDIRECTION((0.,0.,1.));
#735=IFCDIRECTION((0.,1.,0.));
#736=IFCAXIS2PLACEMENT3D(#733,#734,#735);
#737=IFCLOCALPLACEMENT(#26,#736);
#738=IFCCARTESIANPOINT((0.425,0.));
#739=IFCAXIS2PLACEMENT2D(#738,$);
#740=IFCRECTANGLEPROFILEDEF(.AREA.,$,#739,0.85,0.16);
#741=IFCCARTESIANPOINT((0.,0.,0.));
#742=IFCAXIS2PLACEMENT3D(#741,$,$);
#743=IFCDIRECTION((0.,0.,1.));
#744=IFCEXTRUDEDAREASOLID(#740,#742,#743,2.2);
#745=IFCSHAPEREPRESENTATION(#12,'Body','SweptSolid',(#744));
#746=IFCPRODUCTDEFINITIONSHAPE($,$,(#745));
#747=IFCOPENINGELEMENT('0vGTe0zt7_z6JSZOvUBTNX',#5,'Opening (door)',$,$,#737,#746,$,.OPENING.);
#748=IFCRELVOIDSELEMENT('22yZeR8GL33ubxc3jCpuVY',#5,$,$,#732,#747);
#749=IFCCARTESIANPOINT((4.674,7.195,0.));
#750=IFCDIRECTION((0.,0.,1.));
#751=IFCDIRECTION((0.,1.,0.));
#752=IFCAXIS2PLACEMENT3D(#749,#750,#751);
#753=IFCLOCALPLACEMENT(#26,#752);
#754=IFCCARTESIANPOINT((0.0275,0.));
#755=IFCAXIS2PLACEMENT2D(#754,$);
#756=IFCRECTANGLEPROFILEDEF(.AREA.,$,#755,0.055,0.08);
#757=IFCCARTESIANPOINT((0.,0.,0.));
#758=IFCAXIS2PLACEMENT3D(#757,$,$);
#759=IFCDIRECTION((0.,0.,1.));
#760=IFCEXTRUDEDAREASOLID(#756,#758,#759,2.2);
#761=IFCCARTESIANPOINT((0.8225,0.));
#762=IFCAXIS2PLACEMENT2D(#761,$);
#763=IFCRECTANGLEPROFILEDEF(.AREA.,$,#762,0.055,0.08);
#764=IFCCARTESIANPOINT((0.,0.,0.));
#765=IFCAXIS2PLACEMENT3D(#764,$,$);
#766=IFCDIRECTION((0.,0.,1.));
#767=IFCEXTRUDEDAREASOLID(#763,#765,#766,2.2);
#768=IFCCARTESIANPOINT((0.425,0.));
#769=IFCAXIS2PLACEMENT2D(#768,$);
#770=IFCRECTANGLEPROFILEDEF(.AREA.,$,#769,0.74,0.08);
#771=IFCCARTESIANPOINT((0.,0.,2.145));
#772=IFCAXIS2PLACEMENT3D(#771,$,$);
#773=IFCDIRECTION((0.,0.,1.));
#774=IFCEXTRUDEDAREASOLID(#770,#772,#773,0.055);
#775=IFCCARTESIANPOINT((0.425,0.));
#776=IFCAXIS2PLACEMENT2D(#775,$);
#777=IFCRECTANGLEPROFILEDEF(.AREA.,$,#776,0.74,0.04);
#778=IFCCARTESIANPOINT((0.,0.,0.));
#779=IFCAXIS2PLACEMENT3D(#778,$,$);
#780=IFCDIRECTION((0.,0.,1.));
#781=IFCEXTRUDEDAREASOLID(#777,#779,#780,2.145);
#782=IFCSTYLEDITEM(#760,(#109),$);
#783=IFCSTYLEDITEM(#767,(#109),$);
#784=IFCSTYLEDITEM(#774,(#109),$);
#785=IFCSTYLEDITEM(#781,(#115),$);
#786=IFCSHAPEREPRESENTATION(#12,'Body','SweptSolid',(#760,#767,#774,#781));
#787=IFCPRODUCTDEFINITIONSHAPE($,$,(#786));
#788=IFCDOOR('3U$_I_DS36$z5FCZH6xVvW',#5,'Door 4',$,$,#753,#787,$,2.2,0.85,.DOOR.,.SINGLE_SWING_RIGHT.,$);
#789=IFCRELFILLSELEMENT('0Fc1vZ$8Rumb0M1jzcU_iY',#5,$,$,#747,#788);
#790=IFCCARTESIANPOINT((0.005,8.402,0.));
#791=IFCDIRECTION((0.,0.,1.));
#792=IFCDIRECTION((1.,0.,0.));
#793=IFCAXIS2PLACEMENT3D(#790,#791,#792);
#794=IFCLOCALPLACEMENT(#26,#793);
#795=IFCCARTESIANPOINT((2.3575,0.));
#796=IFCAXIS2PLACEMENT2D(#795,$);
#797=IFCRECTANGLEPROFILEDEF(.AREA.,$,#796,4.715,0.1);
#798=IFCCARTESIANPOINT((0.,0.,0.));
#799=IFCAXIS2PLACEMENT3D(#798,$,$);
#800=IFCDIRECTION((0.,0.,1.));
#801=IFCEXTRUDEDAREASOLID(#797,#799,#800,2.7);
#802=IFCSHAPEREPRESENTATION(#12,'Body','SweptSolid',(#801));
#803=IFCPRODUCTDEFINITIONSHAPE($,$,(#802));
#804=IFCWALL('1U5UhEA_L5HchKc7rILpfT',#5,'Wall 7',$,$,#794,#803,$,.STANDARD.);
#805=IFCCARTESIANPOINT((1.6755,8.402,0.));
#806=IFCDIRECTION((0.,0.,1.));
#807=IFCDIRECTION((1.,0.,0.));
#808=IFCAXIS2PLACEMENT3D(#805,#806,#807);
#809=IFCLOCALPLACEMENT(#26,#808);
#810=IFCCARTESIANPOINT((0.6025,0.));
#811=IFCAXIS2PLACEMENT2D(#810,$);
#812=IFCRECTANGLEPROFILEDEF(.AREA.,$,#811,1.205,0.16);
#813=IFCCARTESIANPOINT((0.,0.,0.));
#814=IFCAXIS2PLACEMENT3D(#813,$,$);
#815=IFCDIRECTION((0.,0.,1.));
#816=IFCEXTRUDEDAREASOLID(#812,#814,#815,2.2);
#817=IFCSHAPEREPRESENTATION(#12,'Body','SweptSolid',(#816));
#818=IFCPRODUCTDEFINITIONSHAPE($,$,(#817));
#819=IFCOPENINGELEMENT('03QeLkpcTiby0m4jan0Rr7',#5,'Opening (opening)',$,$,#809,#818,$,.OPENING.);
#820=IFCRELVOIDSELEMENT('1fR$bSzmAZLWyAuZ6d_EvT',#5,$,$,#804,#819);
#821=IFCCARTESIANPOINT((0.005,10.802,0.));
#822=IFCDIRECTION((0.,0.,1.));
#823=IFCDIRECTION((1.,0.,0.));
#824=IFCAXIS2PLACEMENT3D(#821,#822,#823);
#825=IFCLOCALPLACEMENT(#26,#824);
#826=IFCCARTESIANPOINT((2.3575,0.));
#827=IFCAXIS2PLACEMENT2D(#826,$);
#828=IFCRECTANGLEPROFILEDEF(.AREA.,$,#827,4.715,0.1);
#829=IFCCARTESIANPOINT((0.,0.,0.));
#830=IFCAXIS2PLACEMENT3D(#829,$,$);
#831=IFCDIRECTION((0.,0.,1.));
#832=IFCEXTRUDEDAREASOLID(#828,#830,#831,2.7);
#833=IFCSHAPEREPRESENTATION(#12,'Body','SweptSolid',(#832));
#834=IFCPRODUCTDEFINITIONSHAPE($,$,(#833));
#835=IFCWALL('0gvPL6eCaqzxvePzLVEPrY',#5,'Wall 8',$,$,#825,#834,$,.STANDARD.);
#836=IFCCARTESIANPOINT((1.845,10.802,0.));
#837=IFCDIRECTION((0.,0.,1.));
#838=IFCDIRECTION((1.,0.,0.));
#839=IFCAXIS2PLACEMENT3D(#836,#837,#838);
#840=IFCLOCALPLACEMENT(#26,#839);
#841=IFCCARTESIANPOINT((0.42,0.));
#842=IFCAXIS2PLACEMENT2D(#841,$);
#843=IFCRECTANGLEPROFILEDEF(.AREA.,$,#842,0.84,0.16);
#844=IFCCARTESIANPOINT((0.,0.,0.));
#845=IFCAXIS2PLACEMENT3D(#844,$,$);
#846=IFCDIRECTION((0.,0.,1.));
#847=IFCEXTRUDEDAREASOLID(#843,#845,#846,2.2);
#848=IFCSHAPEREPRESENTATION(#12,'Body','SweptSolid',(#847));
#849=IFCPRODUCTDEFINITIONSHAPE($,$,(#848));
#850=IFCOPENINGELEMENT('3_aaEW3Zt1ZeKuRRNqVMvX',#5,'Opening (door)',$,$,#840,#849,$,.OPENING.);
#851=IFCRELVOIDSELEMENT('0G_b1hQ481KwXPbGJUd4_q',#5,$,$,#835,#850);
#852=IFCCARTESIANPOINT((1.845,10.802,0.));
#853=IFCDIRECTION((0.,0.,1.));
#854=IFCDIRECTION((1.,0.,0.));
#855=IFCAXIS2PLACEMENT3D(#852,#853,#854);
#856=IFCLOCALPLACEMENT(#26,#855);
#857=IFCCARTESIANPOINT((0.0275,0.));
#858=IFCAXIS2PLACEMENT2D(#857,$);
#859=IFCRECTANGLEPROFILEDEF(.AREA.,$,#858,0.055,0.08);
#860=IFCCARTESIANPOINT((0.,0.,0.));
#861=IFCAXIS2PLACEMENT3D(#860,$,$);
#862=IFCDIRECTION((0.,0.,1.));
#863=IFCEXTRUDEDAREASOLID(#859,#861,#862,2.2);
#864=IFCCARTESIANPOINT((0.8125,0.));
#865=IFCAXIS2PLACEMENT2D(#864,$);
#866=IFCRECTANGLEPROFILEDEF(.AREA.,$,#865,0.055,0.08);
#867=IFCCARTESIANPOINT((0.,0.,0.));
#868=IFCAXIS2PLACEMENT3D(#867,$,$);
#869=IFCDIRECTION((0.,0.,1.));
#870=IFCEXTRUDEDAREASOLID(#866,#868,#869,2.2);
#871=IFCCARTESIANPOINT((0.42,0.));
#872=IFCAXIS2PLACEMENT2D(#871,$);
#873=IFCRECTANGLEPROFILEDEF(.AREA.,$,#872,0.73,0.08);
#874=IFCCARTESIANPOINT((0.,0.,2.145));
#875=IFCAXIS2PLACEMENT3D(#874,$,$);
#876=IFCDIRECTION((0.,0.,1.));
#877=IFCEXTRUDEDAREASOLID(#873,#875,#876,0.055);
#878=IFCCARTESIANPOINT((0.42,0.));
#879=IFCAXIS2PLACEMENT2D(#878,$);
#880=IFCRECTANGLEPROFILEDEF(.AREA.,$,#879,0.73,0.04);
#881=IFCCARTESIANPOINT((0.,0.,0.));
#882=IFCAXIS2PLACEMENT3D(#881,$,$);
#883=IFCDIRECTION((0.,0.,1.));
#884=IFCEXTRUDEDAREASOLID(#880,#882,#883,2.145);
#885=IFCSTYLEDITEM(#863,(#109),$);
#886=IFCSTYLEDITEM(#870,(#109),$);
#887=IFCSTYLEDITEM(#877,(#109),$);
#888=IFCSTYLEDITEM(#884,(#115),$);
#889=IFCSHAPEREPRESENTATION(#12,'Body','SweptSolid',(#863,#870,#877,#884));
#890=IFCPRODUCTDEFINITIONSHAPE($,$,(#889));
#891=IFCDOOR('0nR1F9Iha7ioHfJ2t_wYSx',#5,'Door 5',$,$,#856,#890,$,2.2,0.84,.DOOR.,.SINGLE_SWING_LEFT.,$);
#892=IFCRELFILLSELEMENT('2sFHXuD2a1diczoba8_jZr',#5,$,$,#850,#891);
#893=IFCCARTESIANPOINT((0.005,13.202,0.));
#894=IFCDIRECTION((0.,0.,1.));
#895=IFCDIRECTION((1.,0.,0.));
#896=IFCAXIS2PLACEMENT3D(#893,#894,#895);
#897=IFCLOCALPLACEMENT(#26,#896);
#898=IFCCARTESIANPOINT((2.3575,0.));
#899=IFCAXIS2PLACEMENT2D(#898,$);
#900=IFCRECTANGLEPROFILEDEF(.AREA.,$,#899,4.715,0.1);
#901=IFCCARTESIANPOINT((0.,0.,0.));
#902=IFCAXIS2PLACEMENT3D(#901,$,$);
#903=IFCDIRECTION((0.,0.,1.));
#904=IFCEXTRUDEDAREASOLID(#900,#902,#903,2.7);
#905=IFCSHAPEREPRESENTATION(#12,'Body','SweptSolid',(#904));
#906=IFCPRODUCTDEFINITIONSHAPE($,$,(#905));
#907=IFCWALL('3iMm90TQVeHwB58DvblRbY',#5,'Wall 9',$,$,#897,#906,$,.STANDARD.);
#908=IFCCARTESIANPOINT((0.005,15.202,0.));
#909=IFCDIRECTION((0.,0.,1.));
#910=IFCDIRECTION((1.,0.,0.));
#911=IFCAXIS2PLACEMENT3D(#908,#909,#910);
#912=IFCLOCALPLACEMENT(#26,#911);
#913=IFCCARTESIANPOINT((2.3575,0.));
#914=IFCAXIS2PLACEMENT2D(#913,$);
#915=IFCRECTANGLEPROFILEDEF(.AREA.,$,#914,4.715,0.1);
#916=IFCCARTESIANPOINT((0.,0.,0.));
#917=IFCAXIS2PLACEMENT3D(#916,$,$);
#918=IFCDIRECTION((0.,0.,1.));
#919=IFCEXTRUDEDAREASOLID(#915,#917,#918,2.7);
#920=IFCSHAPEREPRESENTATION(#12,'Body','SweptSolid',(#919));
#921=IFCPRODUCTDEFINITIONSHAPE($,$,(#920));
#922=IFCWALL('0qHKLFzw08o5WeK$NRKYmr',#5,'Wall 10',$,$,#912,#921,$,.STANDARD.);
#923=IFCCARTESIANPOINT((3.5505,15.202,0.));
#924=IFCDIRECTION((0.,0.,1.));
#925=IFCDIRECTION((1.,0.,0.));
#926=IFCAXIS2PLACEMENT3D(#923,#924,#925);
#927=IFCLOCALPLACEMENT(#26,#926);
#928=IFCCARTESIANPOINT((0.3875,0.));
#929=IFCAXIS2PLACEMENT2D(#928,$);
#930=IFCRECTANGLEPROFILEDEF(.AREA.,$,#929,0.775,0.16);
#931=IFCCARTESIANPOINT((0.,0.,0.));
#932=IFCAXIS2PLACEMENT3D(#931,$,$);
#933=IFCDIRECTION((0.,0.,1.));
#934=IFCEXTRUDEDAREASOLID(#930,#932,#933,2.2);
#935=IFCSHAPEREPRESENTATION(#12,'Body','SweptSolid',(#934));
#936=IFCPRODUCTDEFINITIONSHAPE($,$,(#935));
#937=IFCOPENINGELEMENT('0$56W0NYF41ozcNHfHIKkZ',#5,'Opening (door)',$,$,#927,#936,$,.OPENING.);
#938=IFCRELVOIDSELEMENT('2daUJQ4odhJgz$U6drA5zl',#5,$,$,#922,#937);
#939=IFCCARTESIANPOINT((3.5505,15.202,0.));
#940=IFCDIRECTION((0.,0.,1.));
#941=IFCDIRECTION((1.,0.,0.));
#942=IFCAXIS2PLACEMENT3D(#939,#940,#941);
#943=IFCLOCALPLACEMENT(#26,#942);
#944=IFCCARTESIANPOINT((0.0275,0.));
#945=IFCAXIS2PLACEMENT2D(#944,$);
#946=IFCRECTANGLEPROFILEDEF(.AREA.,$,#945,0.055,0.08);
#947=IFCCARTESIANPOINT((0.,0.,0.));
#948=IFCAXIS2PLACEMENT3D(#947,$,$);
#949=IFCDIRECTION((0.,0.,1.));
#950=IFCEXTRUDEDAREASOLID(#946,#948,#949,2.2);
#951=IFCCARTESIANPOINT((0.7475,0.));
#952=IFCAXIS2PLACEMENT2D(#951,$);
#953=IFCRECTANGLEPROFILEDEF(.AREA.,$,#952,0.055,0.08);
#954=IFCCARTESIANPOINT((0.,0.,0.));
#955=IFCAXIS2PLACEMENT3D(#954,$,$);
#956=IFCDIRECTION((0.,0.,1.));
#957=IFCEXTRUDEDAREASOLID(#953,#955,#956,2.2);
#958=IFCCARTESIANPOINT((0.3875,0.));
#959=IFCAXIS2PLACEMENT2D(#958,$);
#960=IFCRECTANGLEPROFILEDEF(.AREA.,$,#959,0.665,0.08);
#961=IFCCARTESIANPOINT((0.,0.,2.145));
#962=IFCAXIS2PLACEMENT3D(#961,$,$);
#963=IFCDIRECTION((0.,0.,1.));
#964=IFCEXTRUDEDAREASOLID(#960,#962,#963,0.055);
#965=IFCCARTESIANPOINT((0.3875,0.));
#966=IFCAXIS2PLACEMENT2D(#965,$);
#967=IFCRECTANGLEPROFILEDEF(.AREA.,$,#966,0.665,0.04);
#968=IFCCARTESIANPOINT((0.,0.,0.));
#969=IFCAXIS2PLACEMENT3D(#968,$,$);
#970=IFCDIRECTION((0.,0.,1.));
#971=IFCEXTRUDEDAREASOLID(#967,#969,#970,2.145);
#972=IFCSTYLEDITEM(#950,(#109),$);
#973=IFCSTYLEDITEM(#957,(#109),$);
#974=IFCSTYLEDITEM(#964,(#109),$);
#975=IFCSTYLEDITEM(#971,(#115),$);
#976=IFCSHAPEREPRESENTATION(#12,'Body','SweptSolid',(#950,#957,#964,#971));
#977=IFCPRODUCTDEFINITIONSHAPE($,$,(#976));
#978=IFCDOOR('1y9yNlPXju6zi_$lEx_HMO',#5,'Door 6',$,$,#943,#977,$,2.2,0.775,.DOOR.,.SINGLE_SWING_RIGHT.,$);
#979=IFCRELFILLSELEMENT('3tu2DTd2EpSbLqhoSzku2x',#5,$,$,#937,#978);
#980=IFCCARTESIANPOINT((3.247,13.155,0.));
#981=IFCDIRECTION((0.,0.,1.));
#982=IFCDIRECTION((0.,1.,0.));
#983=IFCAXIS2PLACEMENT3D(#980,#981,#982);
#984=IFCLOCALPLACEMENT(#26,#983);
#985=IFCCARTESIANPOINT((1.0475,0.));
#986=IFCAXIS2PLACEMENT2D(#985,$);
#987=IFCRECTANGLEPROFILEDEF(.AREA.,$,#986,2.095,0.098);
#988=IFCCARTESIANPOINT((0.,0.,0.));
#989=IFCAXIS2PLACEMENT3D(#988,$,$);
#990=IFCDIRECTION((0.,0.,1.));
#991=IFCEXTRUDEDAREASOLID(#987,#989,#990,2.7);
#992=IFCSHAPEREPRESENTATION(#12,'Body','SweptSolid',(#991));
#993=IFCPRODUCTDEFINITIONSHAPE($,$,(#992));
#994=IFCWALL('1_mnb_AK_zam0rr4sNQ_zU',#5,'Wall 11',$,$,#984,#993,$,.STANDARD.);
#995=IFCCARTESIANPOINT((3.247,14.1155,0.));
#996=IFCDIRECTION((0.,0.,1.));
#997=IFCDIRECTION((0.,1.,0.));
#998=IFCAXIS2PLACEMENT3D(#995,#996,#997);
#999=IFCLOCALPLACEMENT(#26,#998);
#1000=IFCCARTESIANPOINT((0.4125,0.));
#1001=IFCAXIS2PLACEMENT2D(#1000,$);
#1002=IFCRECTANGLEPROFILEDEF(.AREA.,$,#1001,0.825,0.158);
#1003=IFCCARTESIANPOINT((0.,0.,0.));
#1004=IFCAXIS2PLACEMENT3D(#1003,$,$);
#1005=IFCDIRECTION((0.,0.,1.));
#1006=IFCEXTRUDEDAREASOLID(#1002,#1004,#1005,2.2);
#1007=IFCSHAPEREPRESENTATION(#12,'Body','SweptSolid',(#1006));
#1008=IFCPRODUCTDEFINITIONSHAPE($,$,(#1007));
#1009=IFCOPENINGELEMENT('0E45GmglTXECnauXbRmcIk',#5,'Opening (door)',$,$,#999,#1008,$,.OPENING.);
#1010=IFCRELVOIDSELEMENT('3OJkU1YBV05wVDjmIhbixR',#5,$,$,#994,#1009);
#1011=IFCCARTESIANPOINT((3.247,14.1155,0.));
#1012=IFCDIRECTION((0.,0.,1.));
#1013=IFCDIRECTION((0.,1.,0.));
#1014=IFCAXIS2PLACEMENT3D(#1011,#1012,#1013);
#1015=IFCLOCALPLACEMENT(#26,#1014);
#1016=IFCCARTESIANPOINT((0.0275,0.));
#1017=IFCAXIS2PLACEMENT2D(#1016,$);
#1018=IFCRECTANGLEPROFILEDEF(.AREA.,$,#1017,0.055,0.08);
#1019=IFCCARTESIANPOINT((0.,0.,0.));
#1020=IFCAXIS2PLACEMENT3D(#1019,$,$);
#1021=IFCDIRECTION((0.,0.,1.));
#1022=IFCEXTRUDEDAREASOLID(#1018,#1020,#1021,2.2);
#1023=IFCCARTESIANPOINT((0.7975,0.));
#1024=IFCAXIS2PLACEMENT2D(#1023,$);
#1025=IFCRECTANGLEPROFILEDEF(.AREA.,$,#1024,0.055,0.08);
#1026=IFCCARTESIANPOINT((0.,0.,0.));
#1027=IFCAXIS2PLACEMENT3D(#1026,$,$);
#1028=IFCDIRECTION((0.,0.,1.));
#1029=IFCEXTRUDEDAREASOLID(#1025,#1027,#1028,2.2);
#1030=IFCCARTESIANPOINT((0.4125,0.));
#1031=IFCAXIS2PLACEMENT2D(#1030,$);
#1032=IFCRECTANGLEPROFILEDEF(.AREA.,$,#1031,0.715,0.08);
#1033=IFCCARTESIANPOINT((0.,0.,2.145));
#1034=IFCAXIS2PLACEMENT3D(#1033,$,$);
#1035=IFCDIRECTION((0.,0.,1.));
#1036=IFCEXTRUDEDAREASOLID(#1032,#1034,#1035,0.055);
#1037=IFCCARTESIANPOINT((0.4125,0.));
#1038=IFCAXIS2PLACEMENT2D(#1037,$);
#1039=IFCRECTANGLEPROFILEDEF(.AREA.,$,#1038,0.715,0.0392);
#1040=IFCCARTESIANPOINT((0.,0.,0.));
#1041=IFCAXIS2PLACEMENT3D(#1040,$,$);
#1042=IFCDIRECTION((0.,0.,1.));
#1043=IFCEXTRUDEDAREASOLID(#1039,#1041,#1042,2.145);
#1044=IFCSTYLEDITEM(#1022,(#109),$);
#1045=IFCSTYLEDITEM(#1029,(#109),$);
#1046=IFCSTYLEDITEM(#1036,(#109),$);
#1047=IFCSTYLEDITEM(#1043,(#115),$);
#1048=IFCSHAPEREPRESENTATION(#12,'Body','SweptSolid',(#1022,#1029,#1036,#1043));
#1049=IFCPRODUCTDEFINITIONSHAPE($,$,(#1048));
#1050=IFCDOOR('0RatAZg8mhgIi9_qK9xkXi',#5,'Door 7',$,$,#1015,#1049,$,2.2,0.825,.DOOR.,.SINGLE_SWING_RIGHT.,$);
#1051=IFCRELFILLSELEMENT('0GGy9oytNacQCJcB9TlMA1',#5,$,$,#1009,#1050);
#1052=IFCCARTESIANPOINT((4.674,15.155,0.));
#1053=IFCDIRECTION((0.,0.,1.));
#1054=IFCDIRECTION((0.,1.,0.));
#1055=IFCAXIS2PLACEMENT3D(#1052,#1053,#1054);
#1056=IFCLOCALPLACEMENT(#26,#1055);
#1057=IFCCARTESIANPOINT((0.9525,0.));
#1058=IFCAXIS2PLACEMENT2D(#1057,$);
#1059=IFCRECTANGLEPROFILEDEF(.AREA.,$,#1058,1.905,0.1);
#1060=IFCCARTESIANPOINT((0.,0.,0.));
#1061=IFCAXIS2PLACEMENT3D(#1060,$,$);
#1062=IFCDIRECTION((0.,0.,1.));
#1063=IFCEXTRUDEDAREASOLID(#1059,#1061,#1062,2.7);
#1064=IFCSHAPEREPRESENTATION(#12,'Body','SweptSolid',(#1063));
#1065=IFCPRODUCTDEFINITIONSHAPE($,$,(#1064));
#1066=IFCWALL('0T8dzkYJ25bxcu7aYBto0U',#5,'Wall 12',$,$,#1056,#1065,$,.STANDARD.);
#1067=IFCCARTESIANPOINT((4.285,17.012,0.));
#1068=IFCDIRECTION((0.,0.,1.));
#1069=IFCDIRECTION((1.,0.,0.));
#1070=IFCAXIS2PLACEMENT3D(#1067,#1068,#1069);
#1071=IFCLOCALPLACEMENT(#26,#1070);
#1072=IFCCARTESIANPOINT((0.2175,0.));
#1073=IFCAXIS2PLACEMENT2D(#1072,$);
#1074=IFCRECTANGLEPROFILEDEF(.AREA.,$,#1073,0.435,0.1);
#1075=IFCCARTESIANPOINT((0.,0.,0.));
#1076=IFCAXIS2PLACEMENT3D(#1075,$,$);
#1077=IFCDIRECTION((0.,0.,1.));
#1078=IFCEXTRUDEDAREASOLID(#1074,#1076,#1077,2.7);
#1079=IFCSHAPEREPRESENTATION(#12,'Body','SweptSolid',(#1078));
#1080=IFCPRODUCTDEFINITIONSHAPE($,$,(#1079));
#1081=IFCWALL('0njwCfQhTC4sFFnW5rymEp',#5,'Wall 13',$,$,#1071,#1080,$,.STANDARD.);
#1082=IFCCARTESIANPOINT((4.331,16.965,0.));
#1083=IFCDIRECTION((0.,0.,1.));
#1084=IFCDIRECTION((0.,1.,0.));
#1085=IFCAXIS2PLACEMENT3D(#1082,#1083,#1084);
#1086=IFCLOCALPLACEMENT(#26,#1085);
#1087=IFCCARTESIANPOINT((1.3175,0.));
#1088=IFCAXIS2PLACEMENT2D(#1087,$);
#1089=IFCRECTANGLEPROFILEDEF(.AREA.,$,#1088,2.635,0.1);
#1090=IFCCARTESIANPOINT((0.,0.,0.));
#1091=IFCAXIS2PLACEMENT3D(#1090,$,$);
#1092=IFCDIRECTION((0.,0.,1.));
#1093=IFCEXTRUDEDAREASOLID(#1089,#1091,#1092,2.7);
#1094=IFCSHAPEREPRESENTATION(#12,'Body','SweptSolid',(#1093));
#1095=IFCPRODUCTDEFINITIONSHAPE($,$,(#1094));
#1096=IFCWALL('0Cjl3GPxm_EEC$FCr$fLJ1',#5,'Wall 14',$,$,#1086,#1095,$,.STANDARD.);
#1097=IFCCARTESIANPOINT((6.474,12.895,0.));
#1098=IFCDIRECTION((0.,0.,1.));
#1099=IFCDIRECTION((0.,1.,0.));
#1100=IFCAXIS2PLACEMENT3D(#1097,#1098,#1099);
#1101=IFCLOCALPLACEMENT(#26,#1100);
#1102=IFCCARTESIANPOINT((3.3525,0.));
#1103=IFCAXIS2PLACEMENT2D(#1102,$);
#1104=IFCRECTANGLEPROFILEDEF(.AREA.,$,#1103,6.705,0.1);
#1105=IFCCARTESIANPOINT((0.,0.,0.));
#1106=IFCAXIS2PLACEMENT3D(#1105,$,$);
#1107=IFCDIRECTION((0.,0.,1.));
#1108=IFCEXTRUDEDAREASOLID(#1104,#1106,#1107,2.7);
#1109=IFCSHAPEREPRESENTATION(#12,'Body','SweptSolid',(#1108));
#1110=IFCPRODUCTDEFINITIONSHAPE($,$,(#1109));
#1111=IFCWALL('1q6QE01pPrRgQf$9Ai3ahY',#5,'Wall 15',$,$,#1101,#1110,$,.STANDARD.);
#1112=IFCCARTESIANPOINT((6.474,13.94,0.));
#1113=IFCDIRECTION((0.,0.,1.));
#1114=IFCDIRECTION((0.,1.,0.));
#1115=IFCAXIS2PLACEMENT3D(#1112,#1113,#1114);
#1116=IFCLOCALPLACEMENT(#26,#1115);
#1117=IFCCARTESIANPOINT((0.43,0.));
#1118=IFCAXIS2PLACEMENT2D(#1117,$);
#1119=IFCRECTANGLEPROFILEDEF(.AREA.,$,#1118,0.86,0.16);
#1120=IFCCARTESIANPOINT((0.,0.,0.));
#1121=IFCAXIS2PLACEMENT3D(#1120,$,$);
#1122=IFCDIRECTION((0.,0.,1.));
#1123=IFCEXTRUDEDAREASOLID(#1119,#1121,#1122,2.2);
#1124=IFCSHAPEREPRESENTATION(#12,'Body','SweptSolid',(#1123));
#1125=IFCPRODUCTDEFINITIONSHAPE($,$,(#1124));
#1126=IFCOPENINGELEMENT('1aaAjD0S7t6MIQvzrR5Fwj',#5,'Opening (door)',$,$,#1116,#1125,$,.OPENING.);
#1127=IFCRELVOIDSELEMENT('0u_jjXSHEXiZ5fJ7Kk0IMV',#5,$,$,#1111,#1126);
#1128=IFCCARTESIANPOINT((6.474,13.94,0.));
#1129=IFCDIRECTION((0.,0.,1.));
#1130=IFCDIRECTION((0.,1.,0.));
#1131=IFCAXIS2PLACEMENT3D(#1128,#1129,#1130);
#1132=IFCLOCALPLACEMENT(#26,#1131);
#1133=IFCCARTESIANPOINT((0.0275,0.));
#1134=IFCAXIS2PLACEMENT2D(#1133,$);
#1135=IFCRECTANGLEPROFILEDEF(.AREA.,$,#1134,0.055,0.08);
#1136=IFCCARTESIANPOINT((0.,0.,0.));
#1137=IFCAXIS2PLACEMENT3D(#1136,$,$);
#1138=IFCDIRECTION((0.,0.,1.));
#1139=IFCEXTRUDEDAREASOLID(#1135,#1137,#1138,2.2);
#1140=IFCCARTESIANPOINT((0.8325,0.));
#1141=IFCAXIS2PLACEMENT2D(#1140,$);
#1142=IFCRECTANGLEPROFILEDEF(.AREA.,$,#1141,0.055,0.08);
#1143=IFCCARTESIANPOINT((0.,0.,0.));
#1144=IFCAXIS2PLACEMENT3D(#1143,$,$);
#1145=IFCDIRECTION((0.,0.,1.));
#1146=IFCEXTRUDEDAREASOLID(#1142,#1144,#1145,2.2);
#1147=IFCCARTESIANPOINT((0.43,0.));
#1148=IFCAXIS2PLACEMENT2D(#1147,$);
#1149=IFCRECTANGLEPROFILEDEF(.AREA.,$,#1148,0.75,0.08);
#1150=IFCCARTESIANPOINT((0.,0.,2.145));
#1151=IFCAXIS2PLACEMENT3D(#1150,$,$);
#1152=IFCDIRECTION((0.,0.,1.));
#1153=IFCEXTRUDEDAREASOLID(#1149,#1151,#1152,0.055);
#1154=IFCCARTESIANPOINT((0.43,0.));
#1155=IFCAXIS2PLACEMENT2D(#1154,$);
#1156=IFCRECTANGLEPROFILEDEF(.AREA.,$,#1155,0.75,0.04);
#1157=IFCCARTESIANPOINT((0.,0.,0.));
#1158=IFCAXIS2PLACEMENT3D(#1157,$,$);
#1159=IFCDIRECTION((0.,0.,1.));
#1160=IFCEXTRUDEDAREASOLID(#1156,#1158,#1159,2.145);
#1161=IFCSTYLEDITEM(#1139,(#109),$);
#1162=IFCSTYLEDITEM(#1146,(#109),$);
#1163=IFCSTYLEDITEM(#1153,(#109),$);
#1164=IFCSTYLEDITEM(#1160,(#115),$);
#1165=IFCSHAPEREPRESENTATION(#12,'Body','SweptSolid',(#1139,#1146,#1153,#1160));
#1166=IFCPRODUCTDEFINITIONSHAPE($,$,(#1165));
#1167=IFCDOOR('02T$SqRdYetcz6QtEg0Ghu',#5,'Door 8',$,$,#1132,#1166,$,2.2,0.86,.DOOR.,.SINGLE_SWING_LEFT.,$);
#1168=IFCRELFILLSELEMENT('0nUhI2alkbOBqB20CC8EJW',#5,$,$,#1126,#1167);
#1169=IFCCARTESIANPOINT((6.474,16.0555,0.));
#1170=IFCDIRECTION((0.,0.,1.));
#1171=IFCDIRECTION((0.,1.,0.));
#1172=IFCAXIS2PLACEMENT3D(#1169,#1170,#1171);
#1173=IFCLOCALPLACEMENT(#26,#1172);
#1174=IFCCARTESIANPOINT((0.4325,0.));
#1175=IFCAXIS2PLACEMENT2D(#1174,$);
#1176=IFCRECTANGLEPROFILEDEF(.AREA.,$,#1175,0.865,0.16);
#1177=IFCCARTESIANPOINT((0.,0.,0.));
#1178=IFCAXIS2PLACEMENT3D(#1177,$,$);
#1179=IFCDIRECTION((0.,0.,1.));
#1180=IFCEXTRUDEDAREASOLID(#1176,#1178,#1179,2.2);
#1181=IFCSHAPEREPRESENTATION(#12,'Body','SweptSolid',(#1180));
#1182=IFCPRODUCTDEFINITIONSHAPE($,$,(#1181));
#1183=IFCOPENINGELEMENT('3zDwLZOD1rnmRbh8Fz78mz',#5,'Opening (door)',$,$,#1173,#1182,$,.OPENING.);
#1184=IFCRELVOIDSELEMENT('2R4kmxJ6GfMx4LnBkF2PUn',#5,$,$,#1111,#1183);
#1185=IFCCARTESIANPOINT((6.474,16.0555,0.));
#1186=IFCDIRECTION((0.,0.,1.));
#1187=IFCDIRECTION((0.,1.,0.));
#1188=IFCAXIS2PLACEMENT3D(#1185,#1186,#1187);
#1189=IFCLOCALPLACEMENT(#26,#1188);
#1190=IFCCARTESIANPOINT((0.0275,0.));
#1191=IFCAXIS2PLACEMENT2D(#1190,$);
#1192=IFCRECTANGLEPROFILEDEF(.AREA.,$,#1191,0.055,0.08);
#1193=IFCCARTESIANPOINT((0.,0.,0.));
#1194=IFCAXIS2PLACEMENT3D(#1193,$,$);
#1195=IFCDIRECTION((0.,0.,1.));
#1196=IFCEXTRUDEDAREASOLID(#1192,#1194,#1195,2.2);
#1197=IFCCARTESIANPOINT((0.8375,0.));
#1198=IFCAXIS2PLACEMENT2D(#1197,$);
#1199=IFCRECTANGLEPROFILEDEF(.AREA.,$,#1198,0.055,0.08);
#1200=IFCCARTESIANPOINT((0.,0.,0.));
#1201=IFCAXIS2PLACEMENT3D(#1200,$,$);
#1202=IFCDIRECTION((0.,0.,1.));
#1203=IFCEXTRUDEDAREASOLID(#1199,#1201,#1202,2.2);
#1204=IFCCARTESIANPOINT((0.4325,0.));
#1205=IFCAXIS2PLACEMENT2D(#1204,$);
#1206=IFCRECTANGLEPROFILEDEF(.AREA.,$,#1205,0.755,0.08);
#1207=IFCCARTESIANPOINT((0.,0.,2.145));
#1208=IFCAXIS2PLACEMENT3D(#1207,$,$);
#1209=IFCDIRECTION((0.,0.,1.));
#1210=IFCEXTRUDEDAREASOLID(#1206,#1208,#1209,0.055);
#1211=IFCCARTESIANPOINT((0.4325,0.));
#1212=IFCAXIS2PLACEMENT2D(#1211,$);
#1213=IFCRECTANGLEPROFILEDEF(.AREA.,$,#1212,0.755,0.04);
#1214=IFCCARTESIANPOINT((0.,0.,0.));
#1215=IFCAXIS2PLACEMENT3D(#1214,$,$);
#1216=IFCDIRECTION((0.,0.,1.));
#1217=IFCEXTRUDEDAREASOLID(#1213,#1215,#1216,2.145);
#1218=IFCSTYLEDITEM(#1196,(#109),$);
#1219=IFCSTYLEDITEM(#1203,(#109),$);
#1220=IFCSTYLEDITEM(#1210,(#109),$);
#1221=IFCSTYLEDITEM(#1217,(#115),$);
#1222=IFCSHAPEREPRESENTATION(#12,'Body','SweptSolid',(#1196,#1203,#1210,#1217));
#1223=IFCPRODUCTDEFINITIONSHAPE($,$,(#1222));
#1224=IFCDOOR('1nHkIZrdWTMnlETQ2wGwNA',#5,'Door 9',$,$,#1189,#1223,$,2.2,0.865,.DOOR.,.SINGLE_SWING_LEFT.,$);
#1225=IFCRELFILLSELEMENT('0ojVQfYnuvl3OSxRJZ$TQa',#5,$,$,#1183,#1224);
#1226=IFCCARTESIANPOINT((6.425,13.752,0.));
#1227=IFCDIRECTION((0.,0.,1.));
#1228=IFCDIRECTION((1.,0.,0.));
#1229=IFCAXIS2PLACEMENT3D(#1226,#1227,#1228);
#1230=IFCLOCALPLACEMENT(#26,#1229);
#1231=IFCCARTESIANPOINT((2.0225,0.));
#1232=IFCAXIS2PLACEMENT2D(#1231,$);
#1233=IFCRECTANGLEPROFILEDEF(.AREA.,$,#1232,4.045,0.1);
#1234=IFCCARTESIANPOINT((0.,0.,0.));
#1235=IFCAXIS2PLACEMENT3D(#1234,$,$);
#1236=IFCDIRECTION((0.,0.,1.));
#1237=IFCEXTRUDEDAREASOLID(#1233,#1235,#1236,2.7);
#1238=IFCSHAPEREPRESENTATION(#12,'Body','SweptSolid',(#1237));
#1239=IFCPRODUCTDEFINITIONSHAPE($,$,(#1238));
#1240=IFCWALL('2mjsnmclzqa7WDAcEwRWJ3',#5,'Wall 16',$,$,#1230,#1239,$,.STANDARD.);
#1241=IFCCARTESIANPOINT((6.425,15.852,0.));
#1242=IFCDIRECTION((0.,0.,1.));
#1243=IFCDIRECTION((1.,0.,0.));
#1244=IFCAXIS2PLACEMENT3D(#1241,#1242,#1243);
#1245=IFCLOCALPLACEMENT(#26,#1244);
#1246=IFCCARTESIANPOINT((2.0225,0.));
#1247=IFCAXIS2PLACEMENT2D(#1246,$);
#1248=IFCRECTANGLEPROFILEDEF(.AREA.,$,#1247,4.045,0.1);
#1249=IFCCARTESIANPOINT((0.,0.,0.));
#1250=IFCAXIS2PLACEMENT3D(#1249,$,$);
#1251=IFCDIRECTION((0.,0.,1.));
#1252=IFCEXTRUDEDAREASOLID(#1248,#1250,#1251,2.7);
#1253=IFCSHAPEREPRESENTATION(#12,'Body','SweptSolid',(#1252));
#1254=IFCPRODUCTDEFINITIONSHAPE($,$,(#1253));
#1255=IFCWALL('0E1OWu_my9VVWcrmetwca3',#5,'Wall 17',$,$,#1245,#1254,$,.STANDARD.);
#1256=IFCCARTESIANPOINT((13.899,14.455,0.));
#1257=IFCDIRECTION((0.,0.,1.));
#1258=IFCDIRECTION((0.,1.,0.));
#1259=IFCAXIS2PLACEMENT3D(#1256,#1257,#1258);
#1260=IFCLOCALPLACEMENT(#26,#1259);
#1261=IFCCARTESIANPOINT((2.5725,0.));
#1262=IFCAXIS2PLACEMENT2D(#1261,$);
#1263=IFCRECTANGLEPROFILEDEF(.AREA.,$,#1262,5.145,0.15);
#1264=IFCCARTESIANPOINT((0.,0.,0.));
#1265=IFCAXIS2PLACEMENT3D(#1264,$,$);
#1266=IFCDIRECTION((0.,0.,1.));
#1267=IFCEXTRUDEDAREASOLID(#1263,#1265,#1266,2.7);
#1268=IFCSHAPEREPRESENTATION(#12,'Body','SweptSolid',(#1267));
#1269=IFCPRODUCTDEFINITIONSHAPE($,$,(#1268));
#1270=IFCWALL('3BfB5S7L4tFle$9BtHNonK',#5,'Wall 18',$,$,#1260,#1269,$,.STANDARD.);
#1271=IFCCARTESIANPOINT((10.325,14.527,0.));
#1272=IFCDIRECTION((0.,0.,1.));
#1273=IFCDIRECTION((1.,0.,0.));
#1274=IFCAXIS2PLACEMENT3D(#1271,#1272,#1273);
#1275=IFCLOCALPLACEMENT(#26,#1274);
#1276=IFCCARTESIANPOINT((1.8225,0.));
#1277=IFCAXIS2PLACEMENT2D(#1276,$);
#1278=IFCRECTANGLEPROFILEDEF(.AREA.,$,#1277,3.645,0.15);
#1279=IFCCARTESIANPOINT((0.,0.,0.));
#1280=IFCAXIS2PLACEMENT3D(#1279,$,$);
#1281=IFCDIRECTION((0.,0.,1.));
#1282=IFCEXTRUDEDAREASOLID(#1278,#1280,#1281,2.7);
#1283=IFCSHAPEREPRESENTATION(#12,'Body','SweptSolid',(#1282));
#1284=IFCPRODUCTDEFINITIONSHAPE($,$,(#1283));
#1285=IFCWALL('3eKW$7N8tPy6aT$Bm1PPWi',#5,'Wall 19',$,$,#1275,#1284,$,.STANDARD.);
#1286=IFCCARTESIANPOINT((4.6,12.,0.));
#1287=IFCDIRECTION((0.,0.,1.));
#1288=IFCDIRECTION((-1.,0.,0.));
#1289=IFCAXIS2PLACEMENT3D(#1286,#1287,#1288);
#1290=IFCLOCALPLACEMENT(#26,#1289);
#1291=IFCCARTESIANPOINT((0.15,0.));
#1292=IFCAXIS2PLACEMENT2D(#1291,$);
#1293=IFCRECTANGLEPROFILEDEF(.AREA.,$,#1292,0.3,0.03);
#1294=IFCCARTESIANPOINT((0.,0.,0.));
#1295=IFCAXIS2PLACEMENT3D(#1294,$,$);
#1296=IFCDIRECTION((0.,0.,1.));
#1297=IFCEXTRUDEDAREASOLID(#1293,#1295,#1296,2.7);
#1298=IFCSHAPEREPRESENTATION(#12,'Body','SweptSolid',(#1297));
#1299=IFCPRODUCTDEFINITIONSHAPE($,$,(#1298));
#1300=IFCWALL('1cedX0rzYsaV4jUXT3t2j0',#5,'Wall 20',$,$,#1290,#1299,$,.STANDARD.);
#1301=IFCSTYLEDITEM(#1297,(#262),$);
#1302=IFCCARTESIANPOINT((4.3,12.,0.));
#1303=IFCDIRECTION((0.,0.,1.));
#1304=IFCDIRECTION((-0.707107,0.707107,0.));
#1305=IFCAXIS2PLACEMENT3D(#1302,#1303,#1304);
#1306=IFCLOCALPLACEMENT(#26,#1305);
#1307=IFCCARTESIANPOINT((0.6,0.));
#1308=IFCAXIS2PLACEMENT2D(#1307,$);
#1309=IFCRECTANGLEPROFILEDEF(.AREA.,$,#1308,1.2,0.03);
#1310=IFCCARTESIANPOINT((0.,0.,0.));
#1311=IFCAXIS2PLACEMENT3D(#1310,$,$);
#1312=IFCDIRECTION((0.,0.,1.));
#1313=IFCEXTRUDEDAREASOLID(#1309,#1311,#1312,2.7);
#1314=IFCSHAPEREPRESENTATION(#12,'Body','SweptSolid',(#1313));
#1315=IFCPRODUCTDEFINITIONSHAPE($,$,(#1314));
#1316=IFCWALL('2FMn$GxtLu8aq4Z6UhhwGd',#5,'Wall 21',$,$,#1306,#1315,$,.STANDARD.);
#1317=IFCSTYLEDITEM(#1313,(#262),$);
#1318=IFCCARTESIANPOINT((4.186863,12.113137,0.));
#1319=IFCDIRECTION((0.,0.,1.));
#1320=IFCDIRECTION((-0.707107,0.707107,0.));
#1321=IFCAXIS2PLACEMENT3D(#1318,#1319,#1320);
#1322=IFCLOCALPLACEMENT(#26,#1321);
#1323=IFCCARTESIANPOINT((0.45,0.));
#1324=IFCAXIS2PLACEMENT2D(#1323,$);
#1325=IFCRECTANGLEPROFILEDEF(.AREA.,$,#1324,0.9,0.09);
#1326=IFCCARTESIANPOINT((0.,0.,0.));
#1327=IFCAXIS2PLACEMENT3D(#1326,$,$);
#1328=IFCDIRECTION((0.,0.,1.));
#1329=IFCEXTRUDEDAREASOLID(#1325,#1327,#1328,2.1);
#1330=IFCSHAPEREPRESENTATION(#12,'Body','SweptSolid',(#1329));
#1331=IFCPRODUCTDEFINITIONSHAPE($,$,(#1330));
#1332=IFCOPENINGELEMENT('3PPIa_CvywgfGkV4e6AllE',#5,'Opening (door)',$,$,#1322,#1331,$,.OPENING.);
#1333=IFCRELVOIDSELEMENT('1MXoOjStkPzI78u4SaSYMF',#5,$,$,#1316,#1332);
#1334=IFCCARTESIANPOINT((4.186863,12.113137,0.));
#1335=IFCDIRECTION((0.,0.,1.));
#1336=IFCDIRECTION((-0.707107,0.707107,0.));
#1337=IFCAXIS2PLACEMENT3D(#1334,#1335,#1336);
#1338=IFCLOCALPLACEMENT(#26,#1337);
#1339=IFCCARTESIANPOINT((0.0075,0.));
#1340=IFCAXIS2PLACEMENT2D(#1339,$);
#1341=IFCRECTANGLEPROFILEDEF(.AREA.,$,#1340,0.015,0.03);
#1342=IFCCARTESIANPOINT((0.,0.,0.));
#1343=IFCAXIS2PLACEMENT3D(#1342,$,$);
#1344=IFCDIRECTION((0.,0.,1.));
#1345=IFCEXTRUDEDAREASOLID(#1341,#1343,#1344,2.1);
#1346=IFCCARTESIANPOINT((0.8925,0.));
#1347=IFCAXIS2PLACEMENT2D(#1346,$);
#1348=IFCRECTANGLEPROFILEDEF(.AREA.,$,#1347,0.015,0.03);
#1349=IFCCARTESIANPOINT((0.,0.,0.));
#1350=IFCAXIS2PLACEMENT3D(#1349,$,$);
#1351=IFCDIRECTION((0.,0.,1.));
#1352=IFCEXTRUDEDAREASOLID(#1348,#1350,#1351,2.1);
#1353=IFCCARTESIANPOINT((0.45,0.));
#1354=IFCAXIS2PLACEMENT2D(#1353,$);
#1355=IFCRECTANGLEPROFILEDEF(.AREA.,$,#1354,0.87,0.03);
#1356=IFCCARTESIANPOINT((0.,0.,2.085));
#1357=IFCAXIS2PLACEMENT3D(#1356,$,$);
#1358=IFCDIRECTION((0.,0.,1.));
#1359=IFCEXTRUDEDAREASOLID(#1355,#1357,#1358,0.015);
#1360=IFCCARTESIANPOINT((0.45,0.));
#1361=IFCAXIS2PLACEMENT2D(#1360,$);
#1362=IFCRECTANGLEPROFILEDEF(.AREA.,$,#1361,0.87,0.012);
#1363=IFCCARTESIANPOINT((0.,0.,0.));
#1364=IFCAXIS2PLACEMENT3D(#1363,$,$);
#1365=IFCDIRECTION((0.,0.,1.));
#1366=IFCEXTRUDEDAREASOLID(#1362,#1364,#1365,2.085);
#1367=IFCCOLOURRGB($,0.541176,0.584314,0.592157);
#1368=IFCSURFACESTYLESHADING(#1367,0.);
#1369=IFCSURFACESTYLE('Frame',.BOTH.,(#1368));
#1370=IFCSTYLEDITEM(#1345,(#1369),$);
#1371=IFCSTYLEDITEM(#1352,(#1369),$);
#1372=IFCSTYLEDITEM(#1359,(#1369),$);
#1373=IFCSTYLEDITEM(#1366,(#262),$);
#1374=IFCSHAPEREPRESENTATION(#12,'Body','SweptSolid',(#1345,#1352,#1359,#1366));
#1375=IFCPRODUCTDEFINITIONSHAPE($,$,(#1374));
#1376=IFCDOOR('1Sy2ILHnbbhG1MaQwUMpzU',#5,'Door 10','Clear glass leaf',$,#1338,#1375,$,2.1,0.9,.DOOR.,.SINGLE_SWING_LEFT.,$);
#1377=IFCRELFILLSELEMENT('1cJkdwKDmOAyixBvr2NEIw',#5,$,$,#1332,#1376);
#1378=IFCCARTESIANPOINT((3.451472,12.848528,0.));
#1379=IFCDIRECTION((0.,0.,1.));
#1380=IFCDIRECTION((0.,1.,0.));
#1381=IFCAXIS2PLACEMENT3D(#1378,#1379,#1380);
#1382=IFCLOCALPLACEMENT(#26,#1381);
#1383=IFCCARTESIANPOINT((0.15,0.));
#1384=IFCAXIS2PLACEMENT2D(#1383,$);
#1385=IFCRECTANGLEPROFILEDEF(.AREA.,$,#1384,0.3,0.03);
#1386=IFCCARTESIANPOINT((0.,0.,0.));
#1387=IFCAXIS2PLACEMENT3D(#1386,$,$);
#1388=IFCDIRECTION((0.,0.,1.));
#1389=IFCEXTRUDEDAREASOLID(#1385,#1387,#1388,2.7);
#1390=IFCSHAPEREPRESENTATION(#12,'Body','SweptSolid',(#1389));
#1391=IFCPRODUCTDEFINITIONSHAPE($,$,(#1390));
#1392=IFCWALL('3UZrAekC96BU5kXpjF2Ndj',#5,'Wall 22',$,$,#1382,#1391,$,.STANDARD.);
#1393=IFCSTYLEDITEM(#1389,(#262),$);
#1394=IFCCARTESIANPOINT((0.,0.,-0.2));
#1395=IFCDIRECTION((0.,0.,1.));
#1396=IFCDIRECTION((1.,0.,0.));
#1397=IFCAXIS2PLACEMENT3D(#1394,#1395,#1396);
#1398=IFCLOCALPLACEMENT(#26,#1397);
#1399=IFCCARTESIANPOINT((0.001,3.602));
#1400=IFCCARTESIANPOINT((4.774727,3.602));
#1401=IFCCARTESIANPOINT((4.774727,4.902));
#1402=IFCCARTESIANPOINT((10.475595,4.902));
#1403=IFCCARTESIANPOINT((10.475595,19.602));
#1404=IFCCARTESIANPOINT((0.001,19.602));
#1405=IFCPOLYLINE((#1399,#1400,#1401,#1402,#1403,#1404,#1399));
#1406=IFCARBITRARYCLOSEDPROFILEDEF(.AREA.,$,#1405);
#1407=IFCCARTESIANPOINT((0.,0.,-0.000017));
#1408=IFCDIRECTION((-0.017452,0.,0.999848));
#1409=IFCDIRECTION((0.999848,0.,0.017452));
#1410=IFCAXIS2PLACEMENT3D(#1407,#1408,#1409);
#1411=IFCDIRECTION((0.,0.,1.));
#1412=IFCEXTRUDEDAREASOLID(#1406,#1410,#1411,0.2);
#1413=IFCSHAPEREPRESENTATION(#12,'Body','SweptSolid',(#1412));
#1414=IFCPRODUCTDEFINITIONSHAPE($,$,(#1413));
#1415=IFCSLAB('3IYsuTyWGLLUIDaR3bVnXN',#5,'Floor 1',$,$,#1398,#1414,$,.FLOOR.);
#1416=IFCPROPERTYSINGLEVALUE('Material',$,IFCTEXT('tile'),$);
#1417=IFCPROPERTYSINGLEVALUE('TilePattern',$,IFCTEXT('grid'),$);
#1418=IFCPROPERTYSINGLEVALUE('TileWidth',$,IFCTEXT('600 mm'),$);
#1419=IFCPROPERTYSINGLEVALUE('TileHeight',$,IFCTEXT('600 mm'),$);
#1420=IFCPROPERTYSINGLEVALUE('JointWidth',$,IFCTEXT('3 mm'),$);
#1421=IFCPROPERTYSINGLEVALUE('TileColour',$,IFCTEXT('#ECE5D8'),$);
#1422=IFCPROPERTYSINGLEVALUE('ReliefDepth',$,IFCTEXT('3 mm'),$);
#1423=IFCPROPERTYSET('30bqOO84wMiPSpJ4DlS3ar',#5,'Pset_SkannaFinish','Surface finish specification (Skanna)',(#1416,#1417,#1418,#1419,#1420,#1421,#1422));
#1424=IFCRELDEFINESBYPROPERTIES('0UiW_qWYHaTH2_fUvFUn9x',#5,$,$,(#1415),#1423);
#1425=IFCCARTESIANPOINT((0.,0.,-0.2));
#1426=IFCDIRECTION((0.,0.,1.));
#1427=IFCDIRECTION((1.,0.,0.));
#1428=IFCAXIS2PLACEMENT3D(#1425,#1426,#1427);
#1429=IFCLOCALPLACEMENT(#26,#1428);
#1430=IFCCARTESIANPOINT((0.005,3.677));
#1431=IFCCARTESIANPOINT((4.66,3.65));
#1432=IFCCARTESIANPOINT((4.66,4.91));
#1433=IFCCARTESIANPOINT((10.474,4.902));
#1434=IFCCARTESIANPOINT((10.474,5.75));
#1435=IFCCARTESIANPOINT((11.522,5.75));
#1436=IFCCARTESIANPOINT((11.522,1.15));
#1437=IFCCARTESIANPOINT((5.752,1.154));
#1438=IFCCARTESIANPOINT((5.752,0.054));
#1439=IFCCARTESIANPOINT((0.072,0.054));
#1440=IFCPOLYLINE((#1430,#1431,#1432,#1433,#1434,#1435,#1436,#1437,#1438,#1439,#1430));
#1441=IFCARBITRARYCLOSEDPROFILEDEF(.AREA.,$,#1440);
#1442=IFCCARTESIANPOINT((0.,0.,0.));
#1443=IFCAXIS2PLACEMENT3D(#1442,$,$);
#1444=IFCDIRECTION((0.,0.,1.));
#1445=IFCEXTRUDEDAREASOLID(#1441,#1443,#1444,0.2);
#1446=IFCSHAPEREPRESENTATION(#12,'Body','SweptSolid',(#1445));
#1447=IFCPRODUCTDEFINITIONSHAPE($,$,(#1446));
#1448=IFCSLAB('0F2VgxEKIzvCR0a1VNDQKl',#5,'Floor 2',$,$,#1429,#1447,$,.FLOOR.);
#1449=IFCCARTESIANPOINT((14.38,-14.02));
#1450=IFCCARTESIANPOINT((19.67,-14.02));
#1451=IFCCARTESIANPOINT((19.67,-10.45));
#1452=IFCCARTESIANPOINT((14.38,-10.45));
#1453=IFCPOLYLINE((#1449,#1450,#1451,#1452,#1449));
#1454=IFCARBITRARYCLOSEDPROFILEDEF(.AREA.,$,#1453);
#1455=IFCCARTESIANPOINT((0.,0.,0.));
#1456=IFCDIRECTION((0.,0.,1.));
#1457=IFCDIRECTION((0.,1.,0.));
#1458=IFCAXIS2PLACEMENT3D(#1455,#1456,#1457);
#1459=IFCDIRECTION((0.,0.,1.));
#1460=IFCEXTRUDEDAREASOLID(#1454,#1458,#1459,0.2);
#1461=IFCCOLOURRGB($,0.227451,0.247059,0.270588);
#1462=IFCSURFACESTYLESHADING(#1461,0.);
#1463=IFCSURFACESTYLE('Slate',.BOTH.,(#1462));
#1464=IFCSTYLEDITEM(#1460,(#1463),$);
#1465=IFCCARTESIANPOINT((0.,0.,2.7));
#1466=IFCDIRECTION((0.,0.,1.));
#1467=IFCDIRECTION((1.,0.,0.));
#1468=IFCAXIS2PLACEMENT3D(#1465,#1466,#1467);
#1469=IFCLOCALPLACEMENT(#26,#1468);
#1470=IFCSHAPEREPRESENTATION(#12,'Body','SweptSolid',(#1460));
#1471=IFCPRODUCTDEFINITIONSHAPE($,$,(#1470));
#1472=IFCROOF('1FxqcP0wzBUQcsuoE49g2y',#5,'Roof 1','Flat, 30° pitch, Slate',$,#1469,#1471,$,.FLAT_ROOF.);
#1473=IFCCARTESIANPOINT((14.9275,-11.1425));
#1474=IFCCARTESIANPOINT((14.9275,-13.3425));
#1475=IFCCARTESIANPOINT((19.1275,-13.3425));
#1476=IFCCARTESIANPOINT((19.1275,-11.1425));
#1477=IFCPOLYLINE((#1473,#1474,#1475,#1476,#1473));
#1478=IFCARBITRARYCLOSEDPROFILEDEF(.AREA.,$,#1477);
#1479=IFCCARTESIANPOINT((0.,0.,0.));
#1480=IFCDIRECTION((0.,0.,1.));
#1481=IFCDIRECTION((0.,1.,0.));
#1482=IFCAXIS2PLACEMENT3D(#1479,#1480,#1481);
#1483=IFCDIRECTION((0.,0.,1.));
#1484=IFCEXTRUDEDAREASOLID(#1478,#1482,#1483,0.04);
#1485=IFCCOLOURRGB($,0.047059,0.101961,0.180392);
#1486=IFCSURFACESTYLESHADING(#1485,0.);
#1487=IFCSURFACESTYLE('Solar panel',.BOTH.,(#1486));
#1488=IFCSTYLEDITEM(#1484,(#1487),$);
#1489=IFCCARTESIANPOINT((0.,0.,2.92));
#1490=IFCDIRECTION((0.,0.,1.));
#1491=IFCDIRECTION((1.,0.,0.));
#1492=IFCAXIS2PLACEMENT3D(#1489,#1490,#1491);
#1493=IFCLOCALPLACEMENT(#26,#1492);
#1494=IFCSHAPEREPRESENTATION(#12,'Body','SweptSolid',(#1484));
#1495=IFCPRODUCTDEFINITIONSHAPE($,$,(#1494));
#1496=IFCBUILDINGELEMENTPROXY('3ghZWhloG1Hr0px61sCE0B',#5,'Solar array 1','2×2 panels (4 total)',$,#1493,#1495,$,.NOTDEFINED.);
#1497=IFCCARTESIANPOINT((0.,0.,0.));
#1498=IFCDIRECTION((0.,0.,1.));
#1499=IFCDIRECTION((1.,0.,0.));
#1500=IFCAXIS2PLACEMENT3D(#1497,#1498,#1499);
#1501=IFCLOCALPLACEMENT(#26,#1500);
#1502=IFCCARTESIANPOINT((0.159,0.11));
#1503=IFCCARTESIANPOINT((0.159,3.6));
#1504=IFCCARTESIANPOINT((0.151,3.6));
#1505=IFCCARTESIANPOINT((0.151,0.11));
#1506=IFCPOLYLINE((#1502,#1503,#1504,#1505,#1502));
#1507=IFCARBITRARYCLOSEDPROFILEDEF(.AREA.,$,#1506);
#1508=IFCCARTESIANPOINT((0.,0.,0.));
#1509=IFCAXIS2PLACEMENT3D(#1508,$,$);
#1510=IFCDIRECTION((0.,0.,1.));
#1511=IFCEXTRUDEDAREASOLID(#1507,#1509,#1510,2.7);
#1512=IFCCOLOURRGB($,0.839216,0.72549,0.54902);
#1513=IFCSURFACESTYLESHADING(#1512,0.);
#1514=IFCSURFACESTYLE('stone',.BOTH.,(#1513));
#1515=IFCSTYLEDITEM(#1511,(#1514),$);
#1516=IFCSHAPEREPRESENTATION(#12,'Body','SweptSolid',(#1511));
#1517=IFCPRODUCTDEFINITIONSHAPE($,$,(#1516));
#1518=IFCCOVERING('3lMPv9j3doObEuUnb6v9QD',#5,'Wall finish 1 (stone)','stone, 8 mm',$,#1501,#1517,$,.CLADDING.);
#1519=IFCPROPERTYSINGLEVALUE('Material',$,IFCTEXT('stone'),$);
#1520=IFCPROPERTYSINGLEVALUE('StoneType',$,IFCTEXT('sandstone'),$);
#1521=IFCPROPERTYSINGLEVALUE('StonePattern',$,IFCTEXT('rubble'),$);
#1522=IFCPROPERTYSINGLEVALUE('JointWidth',$,IFCTEXT('50 mm'),$);
#1523=IFCPROPERTYSINGLEVALUE('ReliefDepth',$,IFCTEXT('6 mm'),$);
#1524=IFCPROPERTYSET('3vZ4u31aahOkH6Qhw6Cr97',#5,'Pset_SkannaFinish','Surface finish specification (Skanna)',(#1519,#1520,#1521,#1522,#1523));
#1525=IFCRELDEFINESBYPROPERTIES('2ucXrAraZ9gLdZZXvxqUx0',#5,$,$,(#1518),#1524);
#1526=IFCRELCOVERSBLDGELEMENTS('05rOf7K_RUX6nYS4IRyrF3',#5,$,$,#42,(#1518));
#1527=IFCCARTESIANPOINT((0.,0.,0.));
#1528=IFCDIRECTION((0.,0.,1.));
#1529=IFCDIRECTION((1.,0.,0.));
#1530=IFCAXIS2PLACEMENT3D(#1527,#1528,#1529);
#1531=IFCLOCALPLACEMENT(#26,#1530);
#1532=IFCCARTESIANPOINT((4.38,19.45));
#1533=IFCCARTESIANPOINT((4.38,17.06));
#1534=IFCCARTESIANPOINT((6.43,17.06));
#1535=IFCCARTESIANPOINT((6.43,19.45));
#1536=IFCPOLYLINE((#1532,#1533,#1534,#1535,#1532));
#1537=IFCARBITRARYCLOSEDPROFILEDEF(.AREA.,$,#1536);
#1538=IFCCARTESIANPOINT((0.,0.,0.));
#1539=IFCAXIS2PLACEMENT3D(#1538,$,$);
#1540=IFCDIRECTION((0.,0.,1.));
#1541=IFCEXTRUDEDAREASOLID(#1537,#1539,#1540,0.012);
#1542=IFCCOLOURRGB($,0.811765,0.784314,0.737255);
#1543=IFCSURFACESTYLESHADING(#1542,0.);
#1544=IFCSURFACESTYLE('tile',.BOTH.,(#1543));
#1545=IFCSTYLEDITEM(#1541,(#1544),$);
#1546=IFCSHAPEREPRESENTATION(#12,'Body','SweptSolid',(#1541));
#1547=IFCPRODUCTDEFINITIONSHAPE($,$,(#1546));
#1548=IFCCOVERING('0SxCytvfxP7om9YuGtPbyN',#5,'Floor finish 1 (tile)','#CFC8BC tile, 12 mm',$,#1531,#1547,$,.FLOORING.);
#1549=IFCPROPERTYSINGLEVALUE('Material',$,IFCTEXT('tile'),$);
#1550=IFCPROPERTYSINGLEVALUE('TilePattern',$,IFCTEXT('grid'),$);
#1551=IFCPROPERTYSINGLEVALUE('TileWidth',$,IFCTEXT('200 mm'),$);
#1552=IFCPROPERTYSINGLEVALUE('TileHeight',$,IFCTEXT('200 mm'),$);
#1553=IFCPROPERTYSINGLEVALUE('JointWidth',$,IFCTEXT('3 mm'),$);
#1554=IFCPROPERTYSINGLEVALUE('TileStone',$,IFCTEXT('slate'),$);
#1555=IFCPROPERTYSINGLEVALUE('TileColour',$,IFCTEXT('#CFC8BC'),$);
#1556=IFCPROPERTYSINGLEVALUE('ReliefDepth',$,IFCTEXT('3 mm'),$);
#1557=IFCPROPERTYSET('1esM7VJfW_KGl$dC57DFum',#5,'Pset_SkannaFinish','Surface finish specification (Skanna)',(#1549,#1550,#1551,#1552,#1553,#1554,#1555,#1556));
#1558=IFCRELDEFINESBYPROPERTIES('3i5nB4Vb1JgK2KWHJ7xx3T',#5,$,$,(#1548),#1557);
#1559=IFCCARTESIANPOINT((0.,0.,0.));
#1560=IFCDIRECTION((0.,0.,1.));
#1561=IFCDIRECTION((1.,0.,0.));
#1562=IFCAXIS2PLACEMENT3D(#1559,#1560,#1561);
#1563=IFCLOCALPLACEMENT(#26,#1562);
#1564=IFCCARTESIANPOINT((0.15,13.15));
#1565=IFCCARTESIANPOINT((4.62,13.15));
#1566=IFCCARTESIANPOINT((4.62,10.85));
#1567=IFCCARTESIANPOINT((0.15,10.85));
#1568=IFCPOLYLINE((#1564,#1565,#1566,#1567,#1564));
#1569=IFCARBITRARYCLOSEDPROFILEDEF(.AREA.,$,#1568);
#1570=IFCCARTESIANPOINT((0.,0.,0.));
#1571=IFCAXIS2PLACEMENT3D(#1570,$,$);
#1572=IFCDIRECTION((0.,0.,1.));
#1573=IFCEXTRUDEDAREASOLID(#1569,#1571,#1572,0.012);
#1574=IFCCOLOURRGB($,0.92549,0.917647,0.898039);
#1575=IFCSURFACESTYLESHADING(#1574,0.);
#1576=IFCSURFACESTYLE('tile',.BOTH.,(#1575));
#1577=IFCSTYLEDITEM(#1573,(#1576),$);
#1578=IFCSHAPEREPRESENTATION(#12,'Body','SweptSolid',(#1573));
#1579=IFCPRODUCTDEFINITIONSHAPE($,$,(#1578));
#1580=IFCCOVERING('2RkdsZjkpi5urmJl9$8DXk',#5,'Floor finish 2 (tile)','#ECEAE5 tile, 12 mm',$,#1563,#1579,$,.FLOORING.);
#1581=IFCPROPERTYSINGLEVALUE('Material',$,IFCTEXT('tile'),$);
#1582=IFCPROPERTYSINGLEVALUE('TilePattern',$,IFCTEXT('grid'),$);
#1583=IFCPROPERTYSINGLEVALUE('TileWidth',$,IFCTEXT('900 mm'),$);
#1584=IFCPROPERTYSINGLEVALUE('TileHeight',$,IFCTEXT('900 mm'),$);
#1585=IFCPROPERTYSINGLEVALUE('JointWidth',$,IFCTEXT('3 mm'),$);
#1586=IFCPROPERTYSINGLEVALUE('TileStone',$,IFCTEXT('statuario'),$);
#1587=IFCPROPERTYSINGLEVALUE('TileColour',$,IFCTEXT('#ECEAE5'),$);
#1588=IFCPROPERTYSINGLEVALUE('ReliefDepth',$,IFCTEXT('3 mm'),$);
#1589=IFCPROPERTYSET('0qjcFiNhhxYhCHd2kY3vWq',#5,'Pset_SkannaFinish','Surface finish specification (Skanna)',(#1581,#1582,#1583,#1584,#1585,#1586,#1587,#1588));
#1590=IFCRELDEFINESBYPROPERTIES('18k1fNhYlLc0dIxbM9tz7c',#5,$,$,(#1580),#1589);
#1591=IFCCARTESIANPOINT((0.,0.,0.));
#1592=IFCDIRECTION((0.,0.,1.));
#1593=IFCDIRECTION((1.,0.,0.));
#1594=IFCAXIS2PLACEMENT3D(#1591,#1592,#1593);
#1595=IFCLOCALPLACEMENT(#26,#1594);
#1596=IFCCARTESIANPOINT((0.155,13.144));
#1597=IFCCARTESIANPOINT((4.625,13.144));
#1598=IFCCARTESIANPOINT((4.625,13.152));
#1599=IFCCARTESIANPOINT((0.155,13.152));
#1600=IFCPOLYLINE((#1596,#1597,#1598,#1599,#1596));
#1601=IFCARBITRARYCLOSEDPROFILEDEF(.AREA.,$,#1600);
#1602=IFCCARTESIANPOINT((0.,0.,0.));
#1603=IFCAXIS2PLACEMENT3D(#1602,$,$);
#1604=IFCDIRECTION((0.,0.,1.));
#1605=IFCEXTRUDEDAREASOLID(#1601,#1603,#1604,2.7);
#1606=IFCCOLOURRGB($,0.909804,0.901961,0.878431);
#1607=IFCSURFACESTYLESHADING(#1606,0.);
#1608=IFCSURFACESTYLE('tile',.BOTH.,(#1607));
#1609=IFCSTYLEDITEM(#1605,(#1608),$);
#1610=IFCSHAPEREPRESENTATION(#12,'Body','SweptSolid',(#1605));
#1611=IFCPRODUCTDEFINITIONSHAPE($,$,(#1610));
#1612=IFCCOVERING('0ZejsC0pt2bMEen1GN0P1P',#5,'Wall finish 2 (tile)','tile, 8 mm',$,#1595,#1611,$,.CLADDING.);
#1613=IFCPROPERTYSINGLEVALUE('Material',$,IFCTEXT('tile'),$);
#1614=IFCPROPERTYSINGLEVALUE('TilePattern',$,IFCTEXT('grid'),$);
#1615=IFCPROPERTYSINGLEVALUE('TileWidth',$,IFCTEXT('200 mm'),$);
#1616=IFCPROPERTYSINGLEVALUE('TileHeight',$,IFCTEXT('200 mm'),$);
#1617=IFCPROPERTYSINGLEVALUE('JointWidth',$,IFCTEXT('3 mm'),$);
#1618=IFCPROPERTYSINGLEVALUE('ReliefDepth',$,IFCTEXT('3 mm'),$);
#1619=IFCPROPERTYSET('2NqBm6fXJboU5ghycPFMwJ',#5,'Pset_SkannaFinish','Surface finish specification (Skanna)',(#1613,#1614,#1615,#1616,#1617,#1618));
#1620=IFCRELDEFINESBYPROPERTIES('3EhggEj2zkCeQd5Cfiu1X4',#5,$,$,(#1612),#1619);
#1621=IFCRELCOVERSBLDGELEMENTS('0qYJiSzP0LaKoLEJfxsdKu',#5,$,$,#907,(#1612));
#1622=IFCCARTESIANPOINT((0.,0.,0.));
#1623=IFCDIRECTION((0.,0.,1.));
#1624=IFCDIRECTION((1.,0.,0.));
#1625=IFCAXIS2PLACEMENT3D(#1622,#1623,#1624);
#1626=IFCLOCALPLACEMENT(#26,#1625);
#1627=IFCCARTESIANPOINT((0.159,10.85));
#1628=IFCCARTESIANPOINT((0.159,13.14));
#1629=IFCCARTESIANPOINT((0.151,13.14));
#1630=IFCCARTESIANPOINT((0.151,10.85));
#1631=IFCPOLYLINE((#1627,#1628,#1629,#1630,#1627));
#1632=IFCARBITRARYCLOSEDPROFILEDEF(.AREA.,$,#1631);
#1633=IFCCARTESIANPOINT((0.,0.,0.));
#1634=IFCAXIS2PLACEMENT3D(#1633,$,$);
#1635=IFCDIRECTION((0.,0.,1.));
#1636=IFCEXTRUDEDAREASOLID(#1632,#1634,#1635,2.7);
#1637=IFCSTYLEDITEM(#1636,(#1608),$);
#1638=IFCSHAPEREPRESENTATION(#12,'Body','SweptSolid',(#1636));
#1639=IFCPRODUCTDEFINITIONSHAPE($,$,(#1638));
#1640=IFCCOVERING('0KvTtZOtg$NaXFEIlPaBqF',#5,'Wall finish 3 (tile)','tile, 8 mm',$,#1626,#1639,$,.CLADDING.);
#1641=IFCPROPERTYSINGLEVALUE('Material',$,IFCTEXT('tile'),$);
#1642=IFCPROPERTYSINGLEVALUE('TilePattern',$,IFCTEXT('grid'),$);
#1643=IFCPROPERTYSINGLEVALUE('TileWidth',$,IFCTEXT('200 mm'),$);
#1644=IFCPROPERTYSINGLEVALUE('TileHeight',$,IFCTEXT('200 mm'),$);
#1645=IFCPROPERTYSINGLEVALUE('JointWidth',$,IFCTEXT('3 mm'),$);
#1646=IFCPROPERTYSINGLEVALUE('ReliefDepth',$,IFCTEXT('3 mm'),$);
#1647=IFCPROPERTYSET('1mHOCc4RiBlF08uQUWG5rX',#5,'Pset_SkannaFinish','Surface finish specification (Skanna)',(#1641,#1642,#1643,#1644,#1645,#1646));
#1648=IFCRELDEFINESBYPROPERTIES('07Moe3AbHi$L9cUE5nV5cu',#5,$,$,(#1640),#1647);
#1649=IFCRELCOVERSBLDGELEMENTS('0p0$7J0r316chWOGNH_sR5',#5,$,$,#42,(#1640));
#1650=IFCCARTESIANPOINT((0.,0.,0.));
#1651=IFCDIRECTION((0.,0.,1.));
#1652=IFCDIRECTION((1.,0.,0.));
#1653=IFCAXIS2PLACEMENT3D(#1650,#1651,#1652);
#1654=IFCLOCALPLACEMENT(#26,#1653);
#1655=IFCCARTESIANPOINT((4.624,10.795));
#1656=IFCCARTESIANPOINT((4.624,13.095));
#1657=IFCCARTESIANPOINT((4.616,13.095));
#1658=IFCCARTESIANPOINT((4.616,10.795));
#1659=IFCPOLYLINE((#1655,#1656,#1657,#1658,#1655));
#1660=IFCARBITRARYCLOSEDPROFILEDEF(.AREA.,$,#1659);
#1661=IFCCARTESIANPOINT((0.,0.,0.));
#1662=IFCAXIS2PLACEMENT3D(#1661,$,$);
#1663=IFCDIRECTION((0.,0.,1.));
#1664=IFCEXTRUDEDAREASOLID(#1660,#1662,#1663,2.7);
#1665=IFCSTYLEDITEM(#1664,(#1608),$);
#1666=IFCSHAPEREPRESENTATION(#12,'Body','SweptSolid',(#1664));
#1667=IFCPRODUCTDEFINITIONSHAPE($,$,(#1666));
#1668=IFCCOVERING('37PtKDqkHkp32o$NowlYKK',#5,'Wall finish 4 (tile)','tile, 8 mm',$,#1654,#1667,$,.CLADDING.);
#1669=IFCPROPERTYSINGLEVALUE('Material',$,IFCTEXT('tile'),$);
#1670=IFCPROPERTYSINGLEVALUE('TilePattern',$,IFCTEXT('grid'),$);
#1671=IFCPROPERTYSINGLEVALUE('TileWidth',$,IFCTEXT('200 mm'),$);
#1672=IFCPROPERTYSINGLEVALUE('TileHeight',$,IFCTEXT('200 mm'),$);
#1673=IFCPROPERTYSINGLEVALUE('JointWidth',$,IFCTEXT('3 mm'),$);
#1674=IFCPROPERTYSINGLEVALUE('ReliefDepth',$,IFCTEXT('3 mm'),$);
#1675=IFCPROPERTYSET('3baOZh8fTMqPhf5$Talgqb',#5,'Pset_SkannaFinish','Surface finish specification (Skanna)',(#1669,#1670,#1671,#1672,#1673,#1674));
#1676=IFCRELDEFINESBYPROPERTIES('0FvRzSDI8mCSZyDE7tfAzJ',#5,$,$,(#1668),#1675);
#1677=IFCRELCOVERSBLDGELEMENTS('3AKhWYgt0TVju1vPNjLRZk',#5,$,$,#732,(#1668));
#1678=IFCCARTESIANPOINT((0.,0.,0.));
#1679=IFCDIRECTION((0.,0.,1.));
#1680=IFCDIRECTION((1.,0.,0.));
#1681=IFCAXIS2PLACEMENT3D(#1678,#1679,#1680);
#1682=IFCLOCALPLACEMENT(#26,#1681);
#1683=IFCCARTESIANPOINT((0.135,10.852));
#1684=IFCCARTESIANPOINT((1.845,10.852));
#1685=IFCCARTESIANPOINT((1.845,10.86));
#1686=IFCCARTESIANPOINT((0.135,10.86));
#1687=IFCPOLYLINE((#1683,#1684,#1685,#1686,#1683));
#1688=IFCARBITRARYCLOSEDPROFILEDEF(.AREA.,$,#1687);
#1689=IFCCARTESIANPOINT((0.,0.,0.));
#1690=IFCAXIS2PLACEMENT3D(#1689,$,$);
#1691=IFCDIRECTION((0.,0.,1.));
#1692=IFCEXTRUDEDAREASOLID(#1688,#1690,#1691,2.7);
#1693=IFCCARTESIANPOINT((2.685,10.852));
#1694=IFCCARTESIANPOINT((4.635,10.852));
#1695=IFCCARTESIANPOINT((4.635,10.86));
#1696=IFCCARTESIANPOINT((2.685,10.86));
#1697=IFCPOLYLINE((#1693,#1694,#1695,#1696,#1693));
#1698=IFCARBITRARYCLOSEDPROFILEDEF(.AREA.,$,#1697);
#1699=IFCCARTESIANPOINT((0.,0.,0.));
#1700=IFCAXIS2PLACEMENT3D(#1699,$,$);
#1701=IFCDIRECTION((0.,0.,1.));
#1702=IFCEXTRUDEDAREASOLID(#1698,#1700,#1701,2.7);
#1703=IFCCARTESIANPOINT((1.845,10.852));
#1704=IFCCARTESIANPOINT((2.685,10.852));
#1705=IFCCARTESIANPOINT((2.685,10.86));
#1706=IFCCARTESIANPOINT((1.845,10.86));
#1707=IFCPOLYLINE((#1703,#1704,#1705,#1706,#1703));
#1708=IFCARBITRARYCLOSEDPROFILEDEF(.AREA.,$,#1707);
#1709=IFCCARTESIANPOINT((0.,0.,2.2));
#1710=IFCAXIS2PLACEMENT3D(#1709,$,$);
#1711=IFCDIRECTION((0.,0.,1.));
#1712=IFCEXTRUDEDAREASOLID(#1708,#1710,#1711,0.5);
#1713=IFCSTYLEDITEM(#1692,(#1608),$);
#1714=IFCSTYLEDITEM(#1702,(#1608),$);
#1715=IFCSTYLEDITEM(#1712,(#1608),$);
#1716=IFCSHAPEREPRESENTATION(#12,'Body','SweptSolid',(#1692,#1702,#1712));
#1717=IFCPRODUCTDEFINITIONSHAPE($,$,(#1716));
#1718=IFCCOVERING('2olpvxgFyBWCuRnOmZAhWH',#5,'Wall finish 5 (tile)','tile, 8 mm',$,#1682,#1717,$,.CLADDING.);
#1719=IFCPROPERTYSINGLEVALUE('Material',$,IFCTEXT('tile'),$);
#1720=IFCPROPERTYSINGLEVALUE('TilePattern',$,IFCTEXT('grid'),$);
#1721=IFCPROPERTYSINGLEVALUE('TileWidth',$,IFCTEXT('200 mm'),$);
#1722=IFCPROPERTYSINGLEVALUE('TileHeight',$,IFCTEXT('200 mm'),$);
#1723=IFCPROPERTYSINGLEVALUE('JointWidth',$,IFCTEXT('3 mm'),$);
#1724=IFCPROPERTYSINGLEVALUE('ReliefDepth',$,IFCTEXT('3 mm'),$);
#1725=IFCPROPERTYSET('3MA$h8Dc0ZsykW4mk3zJmC',#5,'Pset_SkannaFinish','Surface finish specification (Skanna)',(#1719,#1720,#1721,#1722,#1723,#1724));
#1726=IFCRELDEFINESBYPROPERTIES('29dOlNSAObgBrTl9Oi1qc7',#5,$,$,(#1718),#1725);
#1727=IFCRELCOVERSBLDGELEMENTS('3CKlBqQcdpWXZX0i7R9a3R',#5,$,$,#835,(#1718));
#1728=IFCCARTESIANPOINT((0.,0.,0.));
#1729=IFCDIRECTION((0.,0.,1.));
#1730=IFCDIRECTION((1.,0.,0.));
#1731=IFCAXIS2PLACEMENT3D(#1728,#1729,#1730);
#1732=IFCLOCALPLACEMENT(#26,#1731);
#1733=IFCCARTESIANPOINT((10.324,5.965));
#1734=IFCCARTESIANPOINT((10.324,9.345));
#1735=IFCCARTESIANPOINT((10.316,9.345));
#1736=IFCCARTESIANPOINT((10.316,5.965));
#1737=IFCPOLYLINE((#1733,#1734,#1735,#1736,#1733));
#1738=IFCARBITRARYCLOSEDPROFILEDEF(.AREA.,$,#1737);
#1739=IFCCARTESIANPOINT((0.,0.,0.));
#1740=IFCAXIS2PLACEMENT3D(#1739,$,$);
#1741=IFCDIRECTION((0.,0.,1.));
#1742=IFCEXTRUDEDAREASOLID(#1738,#1740,#1741,2.7);
#1743=IFCCOLOURRGB($,0.94902,0.941176,0.921569);
#1744=IFCSURFACESTYLESHADING(#1743,0.);
#1745=IFCSURFACESTYLE('tile',.BOTH.,(#1744));
#1746=IFCSTYLEDITEM(#1742,(#1745),$);
#1747=IFCSHAPEREPRESENTATION(#12,'Body','SweptSolid',(#1742));
#1748=IFCPRODUCTDEFINITIONSHAPE($,$,(#1747));
#1749=IFCCOVERING('3yJYTneMsntg0sdfaid5kl',#5,'Wall finish 6 (tile)','#F2F0EB tile, 8 mm',$,#1732,#1748,$,.CLADDING.);
#1750=IFCPROPERTYSINGLEVALUE('Material',$,IFCTEXT('tile'),$);
#1751=IFCPROPERTYSINGLEVALUE('TilePattern',$,IFCTEXT('grid'),$);
#1752=IFCPROPERTYSINGLEVALUE('TileWidth',$,IFCTEXT('150 mm'),$);
#1753=IFCPROPERTYSINGLEVALUE('TileHeight',$,IFCTEXT('30 mm'),$);
#1754=IFCPROPERTYSINGLEVALUE('JointWidth',$,IFCTEXT('0 mm'),$);
#1755=IFCPROPERTYSINGLEVALUE('TileStone',$,IFCTEXT('onyx'),$);
#1756=IFCPROPERTYSINGLEVALUE('TileColour',$,IFCTEXT('#F2F0EB'),$);
#1757=IFCPROPERTYSINGLEVALUE('ReliefDepth',$,IFCTEXT('0.5 mm'),$);
#1758=IFCPROPERTYSET('2MCTDHAhypfkrguldp_Xox',#5,'Pset_SkannaFinish','Surface finish specification (Skanna)',(#1750,#1751,#1752,#1753,#1754,#1755,#1756,#1757));
#1759=IFCRELDEFINESBYPROPERTIES('2jPXYiBPtymaDOKfBdVnEC',#5,$,$,(#1749),#1758);
#1760=IFCRELCOVERSBLDGELEMENTS('3WpvWvuh8iFXfmRHb8f9hq',#5,$,$,#428,(#1749));
#1761=IFCCARTESIANPOINT((0.,0.,0.));
#1762=IFCDIRECTION((0.,0.,1.));
#1763=IFCDIRECTION((1.,0.,0.));
#1764=IFCAXIS2PLACEMENT3D(#1761,#1762,#1763);
#1765=IFCLOCALPLACEMENT(#26,#1764);
#1766=IFCCARTESIANPOINT((0.,0.,0.));
#1767=IFCDIRECTION((0.,0.,1.));
#1768=IFCDIRECTION((1.,0.,0.));
#1769=IFCAXIS2PLACEMENT3D(#1766,#1767,#1768);
#1770=IFCLOCALPLACEMENT(#26,#1769);
#1771=IFCCARTESIANPOINT((0.,0.,0.));
#1772=IFCDIRECTION((0.,0.,1.));
#1773=IFCDIRECTION((1.,0.,0.));
#1774=IFCAXIS2PLACEMENT3D(#1771,#1772,#1773);
#1775=IFCLOCALPLACEMENT(#26,#1774);
#1776=IFCCARTESIANPOINT((10.324,4.905));
#1777=IFCCARTESIANPOINT((10.324,19.6));
#1778=IFCCARTESIANPOINT((10.309,19.6));
#1779=IFCCARTESIANPOINT((10.309,4.905));
#1780=IFCPOLYLINE((#1776,#1777,#1778,#1779,#1776));
#1781=IFCARBITRARYCLOSEDPROFILEDEF(.AREA.,$,#1780);
#1782=IFCCARTESIANPOINT((0.,0.,0.));
#1783=IFCAXIS2PLACEMENT3D(#1782,$,$);
#1784=IFCDIRECTION((0.,0.,1.));
#1785=IFCEXTRUDEDAREASOLID(#1781,#1783,#1784,0.07);
#1786=IFCCARTESIANPOINT((10.489,4.905));
#1787=IFCCARTESIANPOINT((10.489,19.6));
#1788=IFCCARTESIANPOINT((10.474,19.6));
#1789=IFCCARTESIANPOINT((10.474,4.905));
#1790=IFCPOLYLINE((#1786,#1787,#1788,#1789,#1786));
#1791=IFCARBITRARYCLOSEDPROFILEDEF(.AREA.,$,#1790);
#1792=IFCCARTESIANPOINT((0.,0.,0.));
#1793=IFCAXIS2PLACEMENT3D(#1792,$,$);
#1794=IFCDIRECTION((0.,0.,1.));
#1795=IFCEXTRUDEDAREASOLID(#1791,#1793,#1794,0.07);
#1796=IFCSTYLEDITEM(#1785,(#109),$);
#1797=IFCSTYLEDITEM(#1795,(#109),$);
#1798=IFCSHAPEREPRESENTATION(#12,'Body','SweptSolid',(#1785,#1795));
#1799=IFCPRODUCTDEFINITIONSHAPE($,$,(#1798));
#1800=IFCCOVERING('3crDrVCAyAEzZ3SgwZynX0',#5,'Skirting 1','70 × 15 mm',$,#1775,#1799,$,.SKIRTINGBOARD.);
#1801=IFCRELCOVERSBLDGELEMENTS('1c51rJQWWNdYehVr5yDWC$',#5,$,$,#428,(#1800));
#1802=IFCCARTESIANPOINT((0.,0.,0.));
#1803=IFCDIRECTION((0.,0.,1.));
#1804=IFCDIRECTION((1.,0.,0.));
#1805=IFCAXIS2PLACEMENT3D(#1802,#1803,#1804);
#1806=IFCLOCALPLACEMENT(#26,#1805);
#1807=IFCCARTESIANPOINT((0.,0.,0.));
#1808=IFCDIRECTION((0.,0.,1.));
#1809=IFCDIRECTION((1.,0.,0.));
#1810=IFCAXIS2PLACEMENT3D(#1807,#1808,#1809);
#1811=IFCLOCALPLACEMENT(#26,#1810);
#1812=IFCCARTESIANPOINT((4.625,5.052));
#1813=IFCCARTESIANPOINT((5.485,5.052));
#1814=IFCCARTESIANPOINT((5.485,5.067));
#1815=IFCCARTESIANPOINT((4.625,5.067));
#1816=IFCPOLYLINE((#1812,#1813,#1814,#1815,#1812));
#1817=IFCARBITRARYCLOSEDPROFILEDEF(.AREA.,$,#1816);
#1818=IFCCARTESIANPOINT((0.,0.,0.));
#1819=IFCAXIS2PLACEMENT3D(#1818,$,$);
#1820=IFCDIRECTION((0.,0.,1.));
#1821=IFCEXTRUDEDAREASOLID(#1817,#1819,#1820,0.07);
#1822=IFCCARTESIANPOINT((9.525,5.052));
#1823=IFCCARTESIANPOINT((10.47,5.052));
#1824=IFCCARTESIANPOINT((10.47,5.067));
#1825=IFCCARTESIANPOINT((9.525,5.067));
#1826=IFCPOLYLINE((#1822,#1823,#1824,#1825,#1822));
#1827=IFCARBITRARYCLOSEDPROFILEDEF(.AREA.,$,#1826);
#1828=IFCCARTESIANPOINT((0.,0.,0.));
#1829=IFCAXIS2PLACEMENT3D(#1828,$,$);
#1830=IFCDIRECTION((0.,0.,1.));
#1831=IFCEXTRUDEDAREASOLID(#1827,#1829,#1830,0.07);
#1832=IFCCARTESIANPOINT((4.625,4.887));
#1833=IFCCARTESIANPOINT((5.485,4.887));
#1834=IFCCARTESIANPOINT((5.485,4.902));
#1835=IFCCARTESIANPOINT((4.625,4.902));
#1836=IFCPOLYLINE((#1832,#1833,#1834,#1835,#1832));
#1837=IFCARBITRARYCLOSEDPROFILEDEF(.AREA.,$,#1836);
#1838=IFCCARTESIANPOINT((0.,0.,0.));
#1839=IFCAXIS2PLACEMENT3D(#1838,$,$);
#1840=IFCDIRECTION((0.,0.,1.));
#1841=IFCEXTRUDEDAREASOLID(#1837,#1839,#1840,0.07);
#1842=IFCCARTESIANPOINT((9.525,4.887));
#1843=IFCCARTESIANPOINT((10.47,4.887));
#1844=IFCCARTESIANPOINT((10.47,4.902));
#1845=IFCCARTESIANPOINT((9.525,4.902));
#1846=IFCPOLYLINE((#1842,#1843,#1844,#1845,#1842));
#1847=IFCARBITRARYCLOSEDPROFILEDEF(.AREA.,$,#1846);
#1848=IFCCARTESIANPOINT((0.,0.,0.));
#1849=IFCAXIS2PLACEMENT3D(#1848,$,$);
#1850=IFCDIRECTION((0.,0.,1.));
#1851=IFCEXTRUDEDAREASOLID(#1847,#1849,#1850,0.07);
#1852=IFCSTYLEDITEM(#1821,(#109),$);
#1853=IFCSTYLEDITEM(#1831,(#109),$);
#1854=IFCSTYLEDITEM(#1841,(#109),$);
#1855=IFCSTYLEDITEM(#1851,(#109),$);
#1856=IFCSHAPEREPRESENTATION(#12,'Body','SweptSolid',(#1821,#1831,#1841,#1851));
#1857=IFCPRODUCTDEFINITIONSHAPE($,$,(#1856));
#1858=IFCCOVERING('28y1NM_uWzZFasCgEbyKDz',#5,'Skirting 2','70 × 15 mm',$,#1811,#1857,$,.SKIRTINGBOARD.);
#1859=IFCRELCOVERSBLDGELEMENTS('2yzZvrxmL9deUERdi$3w3V',#5,$,$,#660,(#1858));
#1860=IFCCARTESIANPOINT((0.,0.,0.));
#1861=IFCDIRECTION((0.,0.,1.));
#1862=IFCDIRECTION((1.,0.,0.));
#1863=IFCAXIS2PLACEMENT3D(#1860,#1861,#1862);
#1864=IFCLOCALPLACEMENT(#26,#1863);
#1865=IFCCARTESIANPOINT((4.624,3.555));
#1866=IFCCARTESIANPOINT((4.624,7.195));
#1867=IFCCARTESIANPOINT((4.609,7.195));
#1868=IFCCARTESIANPOINT((4.609,3.555));
#1869=IFCPOLYLINE((#1865,#1866,#1867,#1868,#1865));
#1870=IFCARBITRARYCLOSEDPROFILEDEF(.AREA.,$,#1869);
#1871=IFCCARTESIANPOINT((0.,0.,0.));
#1872=IFCAXIS2PLACEMENT3D(#1871,$,$);
#1873=IFCDIRECTION((0.,0.,1.));
#1874=IFCEXTRUDEDAREASOLID(#1870,#1872,#1873,0.07);
#1875=IFCCARTESIANPOINT((4.624,8.045));
#1876=IFCCARTESIANPOINT((4.624,13.72));
#1877=IFCCARTESIANPOINT((4.609,13.72));
#1878=IFCCARTESIANPOINT((4.609,8.045));
#1879=IFCPOLYLINE((#1875,#1876,#1877,#1878,#1875));
#1880=IFCARBITRARYCLOSEDPROFILEDEF(.AREA.,$,#1879);
#1881=IFCCARTESIANPOINT((0.,0.,0.));
#1882=IFCAXIS2PLACEMENT3D(#1881,$,$);
#1883=IFCDIRECTION((0.,0.,1.));
#1884=IFCEXTRUDEDAREASOLID(#1880,#1882,#1883,0.07);
#1885=IFCCARTESIANPOINT((4.739,3.555));
#1886=IFCCARTESIANPOINT((4.739,7.195));
#1887=IFCCARTESIANPOINT((4.724,7.195));
#1888=IFCCARTESIANPOINT((4.724,3.555));
#1889=IFCPOLYLINE((#1885,#1886,#1887,#1888,#1885));
#1890=IFCARBITRARYCLOSEDPROFILEDEF(.AREA.,$,#1889);
#1891=IFCCARTESIANPOINT((0.,0.,0.));
#1892=IFCAXIS2PLACEMENT3D(#1891,$,$);
#1893=IFCDIRECTION((0.,0.,1.));
#1894=IFCEXTRUDEDAREASOLID(#1890,#1892,#1893,0.07);
#1895=IFCCARTESIANPOINT((4.739,8.045));
#1896=IFCCARTESIANPOINT((4.739,13.72));
#1897=IFCCARTESIANPOINT((4.724,13.72));
#1898=IFCCARTESIANPOINT((4.724,8.045));
#1899=IFCPOLYLINE((#1895,#1896,#1897,#1898,#1895));
#1900=IFCARBITRARYCLOSEDPROFILEDEF(.AREA.,$,#1899);
#1901=IFCCARTESIANPOINT((0.,0.,0.));
#1902=IFCAXIS2PLACEMENT3D(#1901,$,$);
#1903=IFCDIRECTION((0.,0.,1.));
#1904=IFCEXTRUDEDAREASOLID(#1900,#1902,#1903,0.07);
#1905=IFCSTYLEDITEM(#1874,(#109),$);
#1906=IFCSTYLEDITEM(#1884,(#109),$);
#1907=IFCSTYLEDITEM(#1894,(#109),$);
#1908=IFCSTYLEDITEM(#1904,(#109),$);
#1909=IFCSHAPEREPRESENTATION(#12,'Body','SweptSolid',(#1874,#1884,#1894,#1904));
#1910=IFCPRODUCTDEFINITIONSHAPE($,$,(#1909));
#1911=IFCCOVERING('2VkwvDQ73$VDIt9N3HInqO',#5,'Skirting 3','70 × 15 mm',$,#1864,#1910,$,.SKIRTINGBOARD.);
#1912=IFCRELCOVERSBLDGELEMENTS('0ELP10o_Ye1VB1eWIVoGh7',#5,$,$,#732,(#1911));
#1913=IFCCARTESIANPOINT((0.,0.,0.));
#1914=IFCDIRECTION((0.,0.,1.));
#1915=IFCDIRECTION((1.,0.,0.));
#1916=IFCAXIS2PLACEMENT3D(#1913,#1914,#1915);
#1917=IFCLOCALPLACEMENT(#26,#1916);
#1918=IFCCARTESIANPOINT((0.,0.,0.));
#1919=IFCDIRECTION((0.,0.,1.));
#1920=IFCDIRECTION((1.,0.,0.));
#1921=IFCAXIS2PLACEMENT3D(#1918,#1919,#1920);
#1922=IFCLOCALPLACEMENT(#26,#1921);
#1923=IFCCARTESIANPOINT((0.,0.,0.));
#1924=IFCDIRECTION((0.,0.,1.));
#1925=IFCDIRECTION((1.,0.,0.));
#1926=IFCAXIS2PLACEMENT3D(#1923,#1924,#1925);
#1927=IFCLOCALPLACEMENT(#26,#1926);
#1928=IFCCARTESIANPOINT((0.,0.,0.));
#1929=IFCDIRECTION((0.,0.,1.));
#1930=IFCDIRECTION((1.,0.,0.));
#1931=IFCAXIS2PLACEMENT3D(#1928,#1929,#1930);
#1932=IFCLOCALPLACEMENT(#26,#1931);
#1933=IFCCARTESIANPOINT((0.,0.,0.));
#1934=IFCDIRECTION((0.,0.,1.));
#1935=IFCDIRECTION((1.,0.,0.));
#1936=IFCAXIS2PLACEMENT3D(#1933,#1934,#1935);
#1937=IFCLOCALPLACEMENT(#26,#1936);
#1938=IFCCARTESIANPOINT((0.,0.,0.));
#1939=IFCDIRECTION((0.,0.,1.));
#1940=IFCDIRECTION((1.,0.,0.));
#1941=IFCAXIS2PLACEMENT3D(#1938,#1939,#1940);
#1942=IFCLOCALPLACEMENT(#26,#1941);
#1943=IFCCARTESIANPOINT((4.624,15.155));
#1944=IFCCARTESIANPOINT((4.624,17.06));
#1945=IFCCARTESIANPOINT((4.609,17.06));
#1946=IFCCARTESIANPOINT((4.609,15.155));
#1947=IFCPOLYLINE((#1943,#1944,#1945,#1946,#1943));
#1948=IFCARBITRARYCLOSEDPROFILEDEF(.AREA.,$,#1947);
#1949=IFCCARTESIANPOINT((0.,0.,0.));
#1950=IFCAXIS2PLACEMENT3D(#1949,$,$);
#1951=IFCDIRECTION((0.,0.,1.));
#1952=IFCEXTRUDEDAREASOLID(#1948,#1950,#1951,0.07);
#1953=IFCCARTESIANPOINT((4.739,15.155));
#1954=IFCCARTESIANPOINT((4.739,17.06));
#1955=IFCCARTESIANPOINT((4.724,17.06));
#1956=IFCCARTESIANPOINT((4.724,15.155));
#1957=IFCPOLYLINE((#1953,#1954,#1955,#1956,#1953));
#1958=IFCARBITRARYCLOSEDPROFILEDEF(.AREA.,$,#1957);
#1959=IFCCARTESIANPOINT((0.,0.,0.));
#1960=IFCAXIS2PLACEMENT3D(#1959,$,$);
#1961=IFCDIRECTION((0.,0.,1.));
#1962=IFCEXTRUDEDAREASOLID(#1958,#1960,#1961,0.07);
#1963=IFCSTYLEDITEM(#1952,(#109),$);
#1964=IFCSTYLEDITEM(#1962,(#109),$);
#1965=IFCSHAPEREPRESENTATION(#12,'Body','SweptSolid',(#1952,#1962));
#1966=IFCPRODUCTDEFINITIONSHAPE($,$,(#1965));
#1967=IFCCOVERING('0rD3j$QO$ZEyBXyu5S9i2z',#5,'Skirting 4','70 × 15 mm',$,#1942,#1966,$,.SKIRTINGBOARD.);
#1968=IFCRELCOVERSBLDGELEMENTS('19vpfg4gUe_4K6b39a7$dz',#5,$,$,#1066,(#1967));
#1969=IFCCARTESIANPOINT((0.,0.,0.));
#1970=IFCDIRECTION((0.,0.,1.));
#1971=IFCDIRECTION((1.,0.,0.));
#1972=IFCAXIS2PLACEMENT3D(#1969,#1970,#1971);
#1973=IFCLOCALPLACEMENT(#26,#1972);
#1974=IFCCARTESIANPOINT((0.,0.,0.));
#1975=IFCDIRECTION((0.,0.,1.));
#1976=IFCDIRECTION((1.,0.,0.));
#1977=IFCAXIS2PLACEMENT3D(#1974,#1975,#1976);
#1978=IFCLOCALPLACEMENT(#26,#1977);
#1979=IFCCARTESIANPOINT((0.,0.,0.));
#1980=IFCDIRECTION((0.,0.,1.));
#1981=IFCDIRECTION((1.,0.,0.));
#1982=IFCAXIS2PLACEMENT3D(#1979,#1980,#1981);
#1983=IFCLOCALPLACEMENT(#26,#1982);
#1984=IFCCARTESIANPOINT((6.424,12.895));
#1985=IFCCARTESIANPOINT((6.424,13.94));
#1986=IFCCARTESIANPOINT((6.409,13.94));
#1987=IFCCARTESIANPOINT((6.409,12.895));
#1988=IFCPOLYLINE((#1984,#1985,#1986,#1987,#1984));
#1989=IFCARBITRARYCLOSEDPROFILEDEF(.AREA.,$,#1988);
#1990=IFCCARTESIANPOINT((0.,0.,0.));
#1991=IFCAXIS2PLACEMENT3D(#1990,$,$);
#1992=IFCDIRECTION((0.,0.,1.));
#1993=IFCEXTRUDEDAREASOLID(#1989,#1991,#1992,0.07);
#1994=IFCCARTESIANPOINT((6.424,14.8));
#1995=IFCCARTESIANPOINT((6.424,16.0555));
#1996=IFCCARTESIANPOINT((6.409,16.0555));
#1997=IFCCARTESIANPOINT((6.409,14.8));
#1998=IFCPOLYLINE((#1994,#1995,#1996,#1997,#1994));
#1999=IFCARBITRARYCLOSEDPROFILEDEF(.AREA.,$,#1998);
#2000=IFCCARTESIANPOINT((0.,0.,0.));
#2001=IFCAXIS2PLACEMENT3D(#2000,$,$);
#2002=IFCDIRECTION((0.,0.,1.));
#2003=IFCEXTRUDEDAREASOLID(#1999,#2001,#2002,0.07);
#2004=IFCCARTESIANPOINT((6.424,16.9205));
#2005=IFCCARTESIANPOINT((6.424,19.6));
#2006=IFCCARTESIANPOINT((6.409,19.6));
#2007=IFCCARTESIANPOINT((6.409,16.9205));
#2008=IFCPOLYLINE((#2004,#2005,#2006,#2007,#2004));
#2009=IFCARBITRARYCLOSEDPROFILEDEF(.AREA.,$,#2008);
#2010=IFCCARTESIANPOINT((0.,0.,0.));
#2011=IFCAXIS2PLACEMENT3D(#2010,$,$);
#2012=IFCDIRECTION((0.,0.,1.));
#2013=IFCEXTRUDEDAREASOLID(#2009,#2011,#2012,0.07);
#2014=IFCCARTESIANPOINT((6.539,12.895));
#2015=IFCCARTESIANPOINT((6.539,13.94));
#2016=IFCCARTESIANPOINT((6.524,13.94));
#2017=IFCCARTESIANPOINT((6.524,12.895));
#2018=IFCPOLYLINE((#2014,#2015,#2016,#2017,#2014));
#2019=IFCARBITRARYCLOSEDPROFILEDEF(.AREA.,$,#2018);
#2020=IFCCARTESIANPOINT((0.,0.,0.));
#2021=IFCAXIS2PLACEMENT3D(#2020,$,$);
#2022=IFCDIRECTION((0.,0.,1.));
#2023=IFCEXTRUDEDAREASOLID(#2019,#2021,#2022,0.07);
#2024=IFCCARTESIANPOINT((6.539,14.8));
#2025=IFCCARTESIANPOINT((6.539,16.0555));
#2026=IFCCARTESIANPOINT((6.524,16.0555));
#2027=IFCCARTESIANPOINT((6.524,14.8));
#2028=IFCPOLYLINE((#2024,#2025,#2026,#2027,#2024));
#2029=IFCARBITRARYCLOSEDPROFILEDEF(.AREA.,$,#2028);
#2030=IFCCARTESIANPOINT((0.,0.,0.));
#2031=IFCAXIS2PLACEMENT3D(#2030,$,$);
#2032=IFCDIRECTION((0.,0.,1.));
#2033=IFCEXTRUDEDAREASOLID(#2029,#2031,#2032,0.07);
#2034=IFCCARTESIANPOINT((6.539,16.9205));
#2035=IFCCARTESIANPOINT((6.539,19.6));
#2036=IFCCARTESIANPOINT((6.524,19.6));
#2037=IFCCARTESIANPOINT((6.524,16.9205));
#2038=IFCPOLYLINE((#2034,#2035,#2036,#2037,#2034));
#2039=IFCARBITRARYCLOSEDPROFILEDEF(.AREA.,$,#2038);
#2040=IFCCARTESIANPOINT((0.,0.,0.));
#2041=IFCAXIS2PLACEMENT3D(#2040,$,$);
#2042=IFCDIRECTION((0.,0.,1.));
#2043=IFCEXTRUDEDAREASOLID(#2039,#2041,#2042,0.07);
#2044=IFCSTYLEDITEM(#1993,(#109),$);
#2045=IFCSTYLEDITEM(#2003,(#109),$);
#2046=IFCSTYLEDITEM(#2013,(#109),$);
#2047=IFCSTYLEDITEM(#2023,(#109),$);
#2048=IFCSTYLEDITEM(#2033,(#109),$);
#2049=IFCSTYLEDITEM(#2043,(#109),$);
#2050=IFCSHAPEREPRESENTATION(#12,'Body','SweptSolid',(#1993,#2003,#2013,#2023,#2033,#2043));
#2051=IFCPRODUCTDEFINITIONSHAPE($,$,(#2050));
#2052=IFCCOVERING('1pYldABWrzRuPYwnNJ$s4r',#5,'Skirting 5','70 × 15 mm',$,#1983,#2051,$,.SKIRTINGBOARD.);
#2053=IFCRELCOVERSBLDGELEMENTS('1KjDBt04wYdJQ9W_A_ooOb',#5,$,$,#1111,(#2052));
#2054=IFCCARTESIANPOINT((0.,0.,0.));
#2055=IFCDIRECTION((0.,0.,1.));
#2056=IFCDIRECTION((1.,0.,0.));
#2057=IFCAXIS2PLACEMENT3D(#2054,#2055,#2056);
#2058=IFCLOCALPLACEMENT(#26,#2057);
#2059=IFCCARTESIANPOINT((0.,0.,0.));
#2060=IFCDIRECTION((0.,0.,1.));
#2061=IFCDIRECTION((1.,0.,0.));
#2062=IFCAXIS2PLACEMENT3D(#2059,#2060,#2061);
#2063=IFCLOCALPLACEMENT(#26,#2062);
#2064=IFCCARTESIANPOINT((0.,0.,0.));
#2065=IFCDIRECTION((0.,0.,1.));
#2066=IFCDIRECTION((1.,0.,0.));
#2067=IFCAXIS2PLACEMENT3D(#2064,#2065,#2066);
#2068=IFCLOCALPLACEMENT(#26,#2067);
#2069=IFCCARTESIANPOINT((0.,0.,0.));
#2070=IFCDIRECTION((0.,0.,1.));
#2071=IFCDIRECTION((1.,0.,0.));
#2072=IFCAXIS2PLACEMENT3D(#2069,#2070,#2071);
#2073=IFCLOCALPLACEMENT(#26,#2072);
#2074=IFCCARTESIANPOINT((0.,0.,0.));
#2075=IFCDIRECTION((0.,0.,1.));
#2076=IFCDIRECTION((1.,0.,0.));
#2077=IFCAXIS2PLACEMENT3D(#2074,#2075,#2076);
#2078=IFCLOCALPLACEMENT(#26,#2077);
#2079=IFCCARTESIANPOINT((0.,0.,0.));
#2080=IFCDIRECTION((0.,0.,1.));
#2081=IFCDIRECTION((1.,0.,0.));
#2082=IFCAXIS2PLACEMENT3D(#2079,#2080,#2081);
#2083=IFCLOCALPLACEMENT(#26,#2082);
#2084=IFCCARTESIANPOINT((0.,0.,0.));
#2085=IFCDIRECTION((0.,0.,1.));
#2086=IFCDIRECTION((1.,0.,0.));
#2087=IFCAXIS2PLACEMENT3D(#2084,#2085,#2086);
#2088=IFCLOCALPLACEMENT(#26,#2087);
#2089=IFCCARTESIANPOINT((5.25,0.6,0.));
#2090=IFCDIRECTION((0.,0.,1.));
#2091=IFCDIRECTION((1.,0.,0.));
#2092=IFCAXIS2PLACEMENT3D(#2089,#2090,#2091);
#2093=IFCLOCALPLACEMENT(#26,#2092);
#2094=IFCCARTESIANPOINT((0.,0.));
#2095=IFCAXIS2PLACEMENT2D(#2094,$);
#2096=IFCCIRCLEPROFILEDEF(.AREA.,$,#2095,0.2);
#2097=IFCCARTESIANPOINT((0.,0.,0.));
#2098=IFCAXIS2PLACEMENT3D(#2097,$,$);
#2099=IFCDIRECTION((0.,0.,1.));
#2100=IFCEXTRUDEDAREASOLID(#2096,#2098,#2099,2.7);
#2101=IFCSHAPEREPRESENTATION(#12,'Body','SweptSolid',(#2100));
#2102=IFCPRODUCTDEFINITIONSHAPE($,$,(#2101));
#2103=IFCCOLUMN('3Opz9zJgBQT_eoUEh44Mtk',#5,'Column 1','Round Ø400 mm',$,#2093,#2102,$,.COLUMN.);
#2104=IFCCARTESIANPOINT((11.,1.6,0.));
#2105=IFCDIRECTION((0.,0.,1.));
#2106=IFCDIRECTION((1.,0.,0.));
#2107=IFCAXIS2PLACEMENT3D(#2104,#2105,#2106);
#2108=IFCLOCALPLACEMENT(#26,#2107);
#2109=IFCCARTESIANPOINT((0.,0.));
#2110=IFCAXIS2PLACEMENT2D(#2109,$);
#2111=IFCCIRCLEPROFILEDEF(.AREA.,$,#2110,0.2);
#2112=IFCCARTESIANPOINT((0.,0.,0.));
#2113=IFCAXIS2PLACEMENT3D(#2112,$,$);
#2114=IFCDIRECTION((0.,0.,1.));
#2115=IFCEXTRUDEDAREASOLID(#2111,#2113,#2114,2.7);
#2116=IFCSHAPEREPRESENTATION(#12,'Body','SweptSolid',(#2115));
#2117=IFCPRODUCTDEFINITIONSHAPE($,$,(#2116));
#2118=IFCCOLUMN('3i8Fo1u8he2tltx9aZfHSA',#5,'Column 2','Round Ø400 mm',$,#2108,#2117,$,.COLUMN.);
#2119=IFCCARTESIANPOINT((10.474,5.75,0.));
#2120=IFCDIRECTION((0.,0.,1.));
#2121=IFCDIRECTION((1.,0.,0.));
#2122=IFCAXIS2PLACEMENT3D(#2119,#2120,#2121);
#2123=IFCLOCALPLACEMENT(#26,#2122);
#2124=IFCCARTESIANPOINT((0.,0.));
#2125=IFCAXIS2PLACEMENT2D(#2124,$);
#2126=IFCRECTANGLEPROFILEDEF(.AREA.,$,#2125,0.05,0.05);
#2127=IFCCARTESIANPOINT((0.,0.,0.));
#2128=IFCAXIS2PLACEMENT3D(#2127,$,$);
#2129=IFCDIRECTION((0.,0.,1.));
#2130=IFCEXTRUDEDAREASOLID(#2126,#2128,#2129,0.95);
#2131=IFCCARTESIANPOINT((1.048,0.));
#2132=IFCAXIS2PLACEMENT2D(#2131,$);
#2133=IFCRECTANGLEPROFILEDEF(.AREA.,$,#2132,0.05,0.05);
#2134=IFCCARTESIANPOINT((0.,0.,0.));
#2135=IFCAXIS2PLACEMENT3D(#2134,$,$);
#2136=IFCDIRECTION((0.,0.,1.));
#2137=IFCEXTRUDEDAREASOLID(#2133,#2135,#2136,0.95);
#2138=IFCCARTESIANPOINT((0.,0.95));
#2139=IFCCARTESIANPOINT((1.048,0.95));
#2140=IFCCARTESIANPOINT((1.048,1.));
#2141=IFCCARTESIANPOINT((0.,1.));
#2142=IFCPOLYLINE((#2138,#2139,#2140,#2141,#2138));
#2143=IFCARBITRARYCLOSEDPROFILEDEF(.AREA.,$,#2142);
#2144=IFCCARTESIANPOINT((0.,0.025,0.));
#2145=IFCDIRECTION((0.,-1.,0.));
#2146=IFCDIRECTION((1.,0.,0.));
#2147=IFCAXIS2PLACEMENT3D(#2144,#2145,#2146);
#2148=IFCDIRECTION((0.,0.,1.));
#2149=IFCEXTRUDEDAREASOLID(#2143,#2147,#2148,0.05);
#2150=IFCCARTESIANPOINT((0.,0.47));
#2151=IFCCARTESIANPOINT((1.048,0.47));
#2152=IFCCARTESIANPOINT((1.048,0.5));
#2153=IFCCARTESIANPOINT((0.,0.5));
#2154=IFCPOLYLINE((#2150,#2151,#2152,#2153,#2150));
#2155=IFCARBITRARYCLOSEDPROFILEDEF(.AREA.,$,#2154);
#2156=IFCCARTESIANPOINT((0.,0.015,0.));
#2157=IFCDIRECTION((0.,-1.,0.));
#2158=IFCDIRECTION((1.,0.,0.));
#2159=IFCAXIS2PLACEMENT3D(#2156,#2157,#2158);
#2160=IFCDIRECTION((0.,0.,1.));
#2161=IFCEXTRUDEDAREASOLID(#2155,#2159,#2160,0.03);
#2162=IFCCOLOURRGB($,0.647059,0.647059,0.647059);
#2163=IFCSURFACESTYLESHADING(#2162,0.);
#2164=IFCSURFACESTYLE('Metal',.BOTH.,(#2163));
#2165=IFCSTYLEDITEM(#2130,(#2164),$);
#2166=IFCSTYLEDITEM(#2137,(#2164),$);
#2167=IFCSTYLEDITEM(#2149,(#2164),$);
#2168=IFCSTYLEDITEM(#2161,(#2164),$);
#2169=IFCSHAPEREPRESENTATION(#12,'Body','SweptSolid',(#2130,#2137,#2149,#2161));
#2170=IFCPRODUCTDEFINITIONSHAPE($,$,(#2169));
#2171=IFCRAILING('1GDSniqlC3R2X5Qmzv6oUx',#5,'Railing 1',$,$,#2123,#2170,$,.GUARDRAIL.);
#2172=IFCCARTESIANPOINT((11.522,5.75,0.));
#2173=IFCDIRECTION((0.,0.,1.));
#2174=IFCDIRECTION((0.,-1.,0.));
#2175=IFCAXIS2PLACEMENT3D(#2172,#2173,#2174);
#2176=IFCLOCALPLACEMENT(#26,#2175);
#2177=IFCCARTESIANPOINT((0.,0.));
#2178=IFCAXIS2PLACEMENT2D(#2177,$);
#2179=IFCRECTANGLEPROFILEDEF(.AREA.,$,#2178,0.05,0.05);
#2180=IFCCARTESIANPOINT((0.,0.,0.));
#2181=IFCAXIS2PLACEMENT3D(#2180,$,$);
#2182=IFCDIRECTION((0.,0.,1.));
#2183=IFCEXTRUDEDAREASOLID(#2179,#2181,#2182,0.95);
#2184=IFCCARTESIANPOINT((1.15,0.));
#2185=IFCAXIS2PLACEMENT2D(#2184,$);
#2186=IFCRECTANGLEPROFILEDEF(.AREA.,$,#2185,0.05,0.05);
#2187=IFCCARTESIANPOINT((0.,0.,0.));
#2188=IFCAXIS2PLACEMENT3D(#2187,$,$);
#2189=IFCDIRECTION((0.,0.,1.));
#2190=IFCEXTRUDEDAREASOLID(#2186,#2188,#2189,0.95);
#2191=IFCCARTESIANPOINT((2.3,0.));
#2192=IFCAXIS2PLACEMENT2D(#2191,$);
#2193=IFCRECTANGLEPROFILEDEF(.AREA.,$,#2192,0.05,0.05);
#2194=IFCCARTESIANPOINT((0.,0.,0.));
#2195=IFCAXIS2PLACEMENT3D(#2194,$,$);
#2196=IFCDIRECTION((0.,0.,1.));
#2197=IFCEXTRUDEDAREASOLID(#2193,#2195,#2196,0.95);
#2198=IFCCARTESIANPOINT((3.45,0.));
#2199=IFCAXIS2PLACEMENT2D(#2198,$);
#2200=IFCRECTANGLEPROFILEDEF(.AREA.,$,#2199,0.05,0.05);
#2201=IFCCARTESIANPOINT((0.,0.,0.));
#2202=IFCAXIS2PLACEMENT3D(#2201,$,$);
#2203=IFCDIRECTION((0.,0.,1.));
#2204=IFCEXTRUDEDAREASOLID(#2200,#2202,#2203,0.95);
#2205=IFCCARTESIANPOINT((4.6,0.));
#2206=IFCAXIS2PLACEMENT2D(#2205,$);
#2207=IFCRECTANGLEPROFILEDEF(.AREA.,$,#2206,0.05,0.05);
#2208=IFCCARTESIANPOINT((0.,0.,0.));
#2209=IFCAXIS2PLACEMENT3D(#2208,$,$);
#2210=IFCDIRECTION((0.,0.,1.));
#2211=IFCEXTRUDEDAREASOLID(#2207,#2209,#2210,0.95);
#2212=IFCCARTESIANPOINT((0.,0.95));
#2213=IFCCARTESIANPOINT((4.6,0.95));
#2214=IFCCARTESIANPOINT((4.6,1.));
#2215=IFCCARTESIANPOINT((0.,1.));
#2216=IFCPOLYLINE((#2212,#2213,#2214,#2215,#2212));
#2217=IFCARBITRARYCLOSEDPROFILEDEF(.AREA.,$,#2216);
#2218=IFCCARTESIANPOINT((0.,0.025,0.));
#2219=IFCDIRECTION((0.,-1.,0.));
#2220=IFCDIRECTION((1.,0.,0.));
#2221=IFCAXIS2PLACEMENT3D(#2218,#2219,#2220);
#2222=IFCDIRECTION((0.,0.,1.));
#2223=IFCEXTRUDEDAREASOLID(#2217,#2221,#2222,0.05);
#2224=IFCCARTESIANPOINT((0.,0.47));
#2225=IFCCARTESIANPOINT((4.6,0.47));
#2226=IFCCARTESIANPOINT((4.6,0.5));
#2227=IFCCARTESIANPOINT((0.,0.5));
#2228=IFCPOLYLINE((#2224,#2225,#2226,#2227,#2224));
#2229=IFCARBITRARYCLOSEDPROFILEDEF(.AREA.,$,#2228);
#2230=IFCCARTESIANPOINT((0.,0.015,0.));
#2231=IFCDIRECTION((0.,-1.,0.));
#2232=IFCDIRECTION((1.,0.,0.));
#2233=IFCAXIS2PLACEMENT3D(#2230,#2231,#2232);
#2234=IFCDIRECTION((0.,0.,1.));
#2235=IFCEXTRUDEDAREASOLID(#2229,#2233,#2234,0.03);
#2236=IFCSTYLEDITEM(#2183,(#2164),$);
#2237=IFCSTYLEDITEM(#2190,(#2164),$);
#2238=IFCSTYLEDITEM(#2197,(#2164),$);
#2239=IFCSTYLEDITEM(#2204,(#2164),$);
#2240=IFCSTYLEDITEM(#2211,(#2164),$);
#2241=IFCSTYLEDITEM(#2223,(#2164),$);
#2242=IFCSTYLEDITEM(#2235,(#2164),$);
#2243=IFCSHAPEREPRESENTATION(#12,'Body','SweptSolid',(#2183,#2190,#2197,#2204,#2211,#2223,#2235));
#2244=IFCPRODUCTDEFINITIONSHAPE($,$,(#2243));
#2245=IFCRAILING('1akIQ69fwstMM$IbG8NBy4',#5,'Railing 2',$,$,#2176,#2244,$,.GUARDRAIL.);
#2246=IFCCARTESIANPOINT((11.522,1.15,0.));
#2247=IFCDIRECTION((0.,0.,1.));
#2248=IFCDIRECTION((-1.,0.000693,0.));
#2249=IFCAXIS2PLACEMENT3D(#2246,#2247,#2248);
#2250=IFCLOCALPLACEMENT(#26,#2249);
#2251=IFCCARTESIANPOINT((0.,0.));
#2252=IFCAXIS2PLACEMENT2D(#2251,$);
#2253=IFCRECTANGLEPROFILEDEF(.AREA.,$,#2252,0.05,0.05);
#2254=IFCCARTESIANPOINT((0.,0.,0.));
#2255=IFCAXIS2PLACEMENT3D(#2254,$,$);
#2256=IFCDIRECTION((0.,0.,1.));
#2257=IFCEXTRUDEDAREASOLID(#2253,#2255,#2256,0.95);
#2258=IFCCARTESIANPOINT((1.4425,0.));
#2259=IFCAXIS2PLACEMENT2D(#2258,$);
#2260=IFCRECTANGLEPROFILEDEF(.AREA.,$,#2259,0.05,0.05);
#2261=IFCCARTESIANPOINT((0.,0.,0.));
#2262=IFCAXIS2PLACEMENT3D(#2261,$,$);
#2263=IFCDIRECTION((0.,0.,1.));
#2264=IFCEXTRUDEDAREASOLID(#2260,#2262,#2263,0.95);
#2265=IFCCARTESIANPOINT((2.885001,0.));
#2266=IFCAXIS2PLACEMENT2D(#2265,$);
#2267=IFCRECTANGLEPROFILEDEF(.AREA.,$,#2266,0.05,0.05);
#2268=IFCCARTESIANPOINT((0.,0.,0.));
#2269=IFCAXIS2PLACEMENT3D(#2268,$,$);
#2270=IFCDIRECTION((0.,0.,1.));
#2271=IFCEXTRUDEDAREASOLID(#2267,#2269,#2270,0.95);
#2272=IFCCARTESIANPOINT((4.327501,0.));
#2273=IFCAXIS2PLACEMENT2D(#2272,$);
#2274=IFCRECTANGLEPROFILEDEF(.AREA.,$,#2273,0.05,0.05);
#2275=IFCCARTESIANPOINT((0.,0.,0.));
#2276=IFCAXIS2PLACEMENT3D(#2275,$,$);
#2277=IFCDIRECTION((0.,0.,1.));
#2278=IFCEXTRUDEDAREASOLID(#2274,#2276,#2277,0.95);
#2279=IFCCARTESIANPOINT((5.770001,0.));
#2280=IFCAXIS2PLACEMENT2D(#2279,$);
#2281=IFCRECTANGLEPROFILEDEF(.AREA.,$,#2280,0.05,0.05);
#2282=IFCCARTESIANPOINT((0.,0.,0.));
#2283=IFCAXIS2PLACEMENT3D(#2282,$,$);
#2284=IFCDIRECTION((0.,0.,1.));
#2285=IFCEXTRUDEDAREASOLID(#2281,#2283,#2284,0.95);
#2286=IFCCARTESIANPOINT((0.,0.95));
#2287=IFCCARTESIANPOINT((5.770001,0.95));
#2288=IFCCARTESIANPOINT((5.770001,1.));
#2289=IFCCARTESIANPOINT((0.,1.));
#2290=IFCPOLYLINE((#2286,#2287,#2288,#2289,#2286));
#2291=IFCARBITRARYCLOSEDPROFILEDEF(.AREA.,$,#2290);
#2292=IFCCARTESIANPOINT((0.,0.025,0.));
#2293=IFCDIRECTION((0.,-1.,0.));
#2294=IFCDIRECTION((1.,0.,0.));
#2295=IFCAXIS2PLACEMENT3D(#2292,#2293,#2294);
#2296=IFCDIRECTION((0.,0.,1.));
#2297=IFCEXTRUDEDAREASOLID(#2291,#2295,#2296,0.05);
#2298=IFCCARTESIANPOINT((0.,0.47));
#2299=IFCCARTESIANPOINT((5.770001,0.47));
#2300=IFCCARTESIANPOINT((5.770001,0.5));
#2301=IFCCARTESIANPOINT((0.,0.5));
#2302=IFCPOLYLINE((#2298,#2299,#2300,#2301,#2298));
#2303=IFCARBITRARYCLOSEDPROFILEDEF(.AREA.,$,#2302);
#2304=IFCCARTESIANPOINT((0.,0.015,0.));
#2305=IFCDIRECTION((0.,-1.,0.));
#2306=IFCDIRECTION((1.,0.,0.));
#2307=IFCAXIS2PLACEMENT3D(#2304,#2305,#2306);
#2308=IFCDIRECTION((0.,0.,1.));
#2309=IFCEXTRUDEDAREASOLID(#2303,#2307,#2308,0.03);
#2310=IFCSTYLEDITEM(#2257,(#2164),$);
#2311=IFCSTYLEDITEM(#2264,(#2164),$);
#2312=IFCSTYLEDITEM(#2271,(#2164),$);
#2313=IFCSTYLEDITEM(#2278,(#2164),$);
#2314=IFCSTYLEDITEM(#2285,(#2164),$);
#2315=IFCSTYLEDITEM(#2297,(#2164),$);
#2316=IFCSTYLEDITEM(#2309,(#2164),$);
#2317=IFCSHAPEREPRESENTATION(#12,'Body','SweptSolid',(#2257,#2264,#2271,#2278,#2285,#2297,#2309));
#2318=IFCPRODUCTDEFINITIONSHAPE($,$,(#2317));
#2319=IFCRAILING('2arYOlTgyTOgiYfWJMgqbF',#5,'Railing 3',$,$,#2250,#2318,$,.GUARDRAIL.);
#2320=IFCCARTESIANPOINT((5.752,1.154,0.));
#2321=IFCDIRECTION((0.,0.,1.));
#2322=IFCDIRECTION((0.,-1.,0.));
#2323=IFCAXIS2PLACEMENT3D(#2320,#2321,#2322);
#2324=IFCLOCALPLACEMENT(#26,#2323);
#2325=IFCCARTESIANPOINT((0.,0.));
#2326=IFCAXIS2PLACEMENT2D(#2325,$);
#2327=IFCRECTANGLEPROFILEDEF(.AREA.,$,#2326,0.05,0.05);
#2328=IFCCARTESIANPOINT((0.,0.,0.));
#2329=IFCAXIS2PLACEMENT3D(#2328,$,$);
#2330=IFCDIRECTION((0.,0.,1.));
#2331=IFCEXTRUDEDAREASOLID(#2327,#2329,#2330,0.95);
#2332=IFCCARTESIANPOINT((1.1,0.));
#2333=IFCAXIS2PLACEMENT2D(#2332,$);
#2334=IFCRECTANGLEPROFILEDEF(.AREA.,$,#2333,0.05,0.05);
#2335=IFCCARTESIANPOINT((0.,0.,0.));
#2336=IFCAXIS2PLACEMENT3D(#2335,$,$);
#2337=IFCDIRECTION((0.,0.,1.));
#2338=IFCEXTRUDEDAREASOLID(#2334,#2336,#2337,0.95);
#2339=IFCCARTESIANPOINT((0.,0.95));
#2340=IFCCARTESIANPOINT((1.1,0.95));
#2341=IFCCARTESIANPOINT((1.1,1.));
#2342=IFCCARTESIANPOINT((0.,1.));
#2343=IFCPOLYLINE((#2339,#2340,#2341,#2342,#2339));
#2344=IFCARBITRARYCLOSEDPROFILEDEF(.AREA.,$,#2343);
#2345=IFCCARTESIANPOINT((0.,0.025,0.));
#2346=IFCDIRECTION((0.,-1.,0.));
#2347=IFCDIRECTION((1.,0.,0.));
#2348=IFCAXIS2PLACEMENT3D(#2345,#2346,#2347);
#2349=IFCDIRECTION((0.,0.,1.));
#2350=IFCEXTRUDEDAREASOLID(#2344,#2348,#2349,0.05);
#2351=IFCCARTESIANPOINT((0.,0.47));
#2352=IFCCARTESIANPOINT((1.1,0.47));
#2353=IFCCARTESIANPOINT((1.1,0.5));
#2354=IFCCARTESIANPOINT((0.,0.5));
#2355=IFCPOLYLINE((#2351,#2352,#2353,#2354,#2351));
#2356=IFCARBITRARYCLOSEDPROFILEDEF(.AREA.,$,#2355);
#2357=IFCCARTESIANPOINT((0.,0.015,0.));
#2358=IFCDIRECTION((0.,-1.,0.));
#2359=IFCDIRECTION((1.,0.,0.));
#2360=IFCAXIS2PLACEMENT3D(#2357,#2358,#2359);
#2361=IFCDIRECTION((0.,0.,1.));
#2362=IFCEXTRUDEDAREASOLID(#2356,#2360,#2361,0.03);
#2363=IFCSTYLEDITEM(#2331,(#2164),$);
#2364=IFCSTYLEDITEM(#2338,(#2164),$);
#2365=IFCSTYLEDITEM(#2350,(#2164),$);
#2366=IFCSTYLEDITEM(#2362,(#2164),$);
#2367=IFCSHAPEREPRESENTATION(#12,'Body','SweptSolid',(#2331,#2338,#2350,#2362));
#2368=IFCPRODUCTDEFINITIONSHAPE($,$,(#2367));
#2369=IFCRAILING('3YP$b7Zl0nhACNd6cALX4j',#5,'Railing 4',$,$,#2324,#2368,$,.GUARDRAIL.);
#2370=IFCCARTESIANPOINT((5.752,0.054,0.));
#2371=IFCDIRECTION((0.,0.,1.));
#2372=IFCDIRECTION((-1.,0.,0.));
#2373=IFCAXIS2PLACEMENT3D(#2370,#2371,#2372);
#2374=IFCLOCALPLACEMENT(#26,#2373);
#2375=IFCCARTESIANPOINT((0.,0.));
#2376=IFCAXIS2PLACEMENT2D(#2375,$);
#2377=IFCRECTANGLEPROFILEDEF(.AREA.,$,#2376,0.05,0.05);
#2378=IFCCARTESIANPOINT((0.,0.,0.));
#2379=IFCAXIS2PLACEMENT3D(#2378,$,$);
#2380=IFCDIRECTION((0.,0.,1.));
#2381=IFCEXTRUDEDAREASOLID(#2377,#2379,#2380,0.95);
#2382=IFCCARTESIANPOINT((1.42,0.));
#2383=IFCAXIS2PLACEMENT2D(#2382,$);
#2384=IFCRECTANGLEPROFILEDEF(.AREA.,$,#2383,0.05,0.05);
#2385=IFCCARTESIANPOINT((0.,0.,0.));
#2386=IFCAXIS2PLACEMENT3D(#2385,$,$);
#2387=IFCDIRECTION((0.,0.,1.));
#2388=IFCEXTRUDEDAREASOLID(#2384,#2386,#2387,0.95);
#2389=IFCCARTESIANPOINT((2.84,0.));
#2390=IFCAXIS2PLACEMENT2D(#2389,$);
#2391=IFCRECTANGLEPROFILEDEF(.AREA.,$,#2390,0.05,0.05);
#2392=IFCCARTESIANPOINT((0.,0.,0.));
#2393=IFCAXIS2PLACEMENT3D(#2392,$,$);
#2394=IFCDIRECTION((0.,0.,1.));
#2395=IFCEXTRUDEDAREASOLID(#2391,#2393,#2394,0.95);
#2396=IFCCARTESIANPOINT((4.26,0.));
#2397=IFCAXIS2PLACEMENT2D(#2396,$);
#2398=IFCRECTANGLEPROFILEDEF(.AREA.,$,#2397,0.05,0.05);
#2399=IFCCARTESIANPOINT((0.,0.,0.));
#2400=IFCAXIS2PLACEMENT3D(#2399,$,$);
#2401=IFCDIRECTION((0.,0.,1.));
#2402=IFCEXTRUDEDAREASOLID(#2398,#2400,#2401,0.95);
#2403=IFCCARTESIANPOINT((5.68,0.));
#2404=IFCAXIS2PLACEMENT2D(#2403,$);
#2405=IFCRECTANGLEPROFILEDEF(.AREA.,$,#2404,0.05,0.05);
#2406=IFCCARTESIANPOINT((0.,0.,0.));
#2407=IFCAXIS2PLACEMENT3D(#2406,$,$);
#2408=IFCDIRECTION((0.,0.,1.));
#2409=IFCEXTRUDEDAREASOLID(#2405,#2407,#2408,0.95);
#2410=IFCCARTESIANPOINT((0.,0.95));
#2411=IFCCARTESIANPOINT((5.68,0.95));
#2412=IFCCARTESIANPOINT((5.68,1.));
#2413=IFCCARTESIANPOINT((0.,1.));
#2414=IFCPOLYLINE((#2410,#2411,#2412,#2413,#2410));
#2415=IFCARBITRARYCLOSEDPROFILEDEF(.AREA.,$,#2414);
#2416=IFCCARTESIANPOINT((0.,0.025,0.));
#2417=IFCDIRECTION((0.,-1.,0.));
#2418=IFCDIRECTION((1.,0.,0.));
#2419=IFCAXIS2PLACEMENT3D(#2416,#2417,#2418);
#2420=IFCDIRECTION((0.,0.,1.));
#2421=IFCEXTRUDEDAREASOLID(#2415,#2419,#2420,0.05);
#2422=IFCCARTESIANPOINT((0.,0.47));
#2423=IFCCARTESIANPOINT((5.68,0.47));
#2424=IFCCARTESIANPOINT((5.68,0.5));
#2425=IFCCARTESIANPOINT((0.,0.5));
#2426=IFCPOLYLINE((#2422,#2423,#2424,#2425,#2422));
#2427=IFCARBITRARYCLOSEDPROFILEDEF(.AREA.,$,#2426);
#2428=IFCCARTESIANPOINT((0.,0.015,0.));
#2429=IFCDIRECTION((0.,-1.,0.));
#2430=IFCDIRECTION((1.,0.,0.));
#2431=IFCAXIS2PLACEMENT3D(#2428,#2429,#2430);
#2432=IFCDIRECTION((0.,0.,1.));
#2433=IFCEXTRUDEDAREASOLID(#2427,#2431,#2432,0.03);
#2434=IFCSTYLEDITEM(#2381,(#2164),$);
#2435=IFCSTYLEDITEM(#2388,(#2164),$);
#2436=IFCSTYLEDITEM(#2395,(#2164),$);
#2437=IFCSTYLEDITEM(#2402,(#2164),$);
#2438=IFCSTYLEDITEM(#2409,(#2164),$);
#2439=IFCSTYLEDITEM(#2421,(#2164),$);
#2440=IFCSTYLEDITEM(#2433,(#2164),$);
#2441=IFCSHAPEREPRESENTATION(#12,'Body','SweptSolid',(#2381,#2388,#2395,#2402,#2409,#2421,#2433));
#2442=IFCPRODUCTDEFINITIONSHAPE($,$,(#2441));
#2443=IFCRAILING('3h38T8JZPawE5mXUw_LgZv',#5,'Railing 5',$,$,#2374,#2442,$,.GUARDRAIL.);
#2444=IFCCARTESIANPOINT((0.072,0.054,0.));
#2445=IFCDIRECTION((0.,0.,1.));
#2446=IFCDIRECTION((0.,1.,0.));
#2447=IFCAXIS2PLACEMENT3D(#2444,#2445,#2446);
#2448=IFCLOCALPLACEMENT(#26,#2447);
#2449=IFCCARTESIANPOINT((0.,0.));
#2450=IFCAXIS2PLACEMENT2D(#2449,$);
#2451=IFCRECTANGLEPROFILEDEF(.AREA.,$,#2450,0.05,0.05);
#2452=IFCCARTESIANPOINT((0.,0.,0.));
#2453=IFCAXIS2PLACEMENT3D(#2452,$,$);
#2454=IFCDIRECTION((0.,0.,1.));
#2455=IFCEXTRUDEDAREASOLID(#2451,#2453,#2454,0.95);
#2456=IFCCARTESIANPOINT((0.05,0.));
#2457=IFCAXIS2PLACEMENT2D(#2456,$);
#2458=IFCRECTANGLEPROFILEDEF(.AREA.,$,#2457,0.05,0.05);
#2459=IFCCARTESIANPOINT((0.,0.,0.));
#2460=IFCAXIS2PLACEMENT3D(#2459,$,$);
#2461=IFCDIRECTION((0.,0.,1.));
#2462=IFCEXTRUDEDAREASOLID(#2458,#2460,#2461,0.95);
#2463=IFCCARTESIANPOINT((0.,0.95));
#2464=IFCCARTESIANPOINT((0.05,0.95));
#2465=IFCCARTESIANPOINT((0.05,1.));
#2466=IFCCARTESIANPOINT((0.,1.));
#2467=IFCPOLYLINE((#2463,#2464,#2465,#2466,#2463));
#2468=IFCARBITRARYCLOSEDPROFILEDEF(.AREA.,$,#2467);
#2469=IFCCARTESIANPOINT((0.,0.025,0.));
#2470=IFCDIRECTION((0.,-1.,0.));
#2471=IFCDIRECTION((1.,0.,0.));
#2472=IFCAXIS2PLACEMENT3D(#2469,#2470,#2471);
#2473=IFCDIRECTION((0.,0.,1.));
#2474=IFCEXTRUDEDAREASOLID(#2468,#2472,#2473,0.05);
#2475=IFCCARTESIANPOINT((0.,0.47));
#2476=IFCCARTESIANPOINT((0.05,0.47));
#2477=IFCCARTESIANPOINT((0.05,0.5));
#2478=IFCCARTESIANPOINT((0.,0.5));
#2479=IFCPOLYLINE((#2475,#2476,#2477,#2478,#2475));
#2480=IFCARBITRARYCLOSEDPROFILEDEF(.AREA.,$,#2479);
#2481=IFCCARTESIANPOINT((0.,0.015,0.));
#2482=IFCDIRECTION((0.,-1.,0.));
#2483=IFCDIRECTION((1.,0.,0.));
#2484=IFCAXIS2PLACEMENT3D(#2481,#2482,#2483);
#2485=IFCDIRECTION((0.,0.,1.));
#2486=IFCEXTRUDEDAREASOLID(#2480,#2484,#2485,0.03);
#2487=IFCSTYLEDITEM(#2455,(#2164),$);
#2488=IFCSTYLEDITEM(#2462,(#2164),$);
#2489=IFCSTYLEDITEM(#2474,(#2164),$);
#2490=IFCSTYLEDITEM(#2486,(#2164),$);
#2491=IFCSHAPEREPRESENTATION(#12,'Body','SweptSolid',(#2455,#2462,#2474,#2486));
#2492=IFCPRODUCTDEFINITIONSHAPE($,$,(#2491));
#2493=IFCRAILING('1Foi7k41N$f4yVHQl7Xk6t',#5,'Railing 6',$,$,#2448,#2492,$,.GUARDRAIL.);
#2494=IFCCARTESIANPOINT((11.32,12.66,0.3));
#2495=IFCDIRECTION((-0.999959,-0.009051,0.));
#2496=IFCDIRECTION((0.,0.,1.));
#2497=IFCAXIS2PLACEMENT3D(#2494,#2495,#2496);
#2498=IFCLOCALPLACEMENT(#26,#2497);
#2499=IFCCARTESIANPOINT((0.,0.));
#2500=IFCAXIS2PLACEMENT2D(#2499,$);
#2501=IFCCIRCLEPROFILEDEF(.AREA.,$,#2500,0.011);
#2502=IFCCARTESIANPOINT((0.,0.,0.));
#2503=IFCAXIS2PLACEMENT3D(#2502,$,$);
#2504=IFCDIRECTION((0.,0.,1.));
#2505=IFCEXTRUDEDAREASOLID(#2501,#2503,#2504,0.921038);
#2506=IFCCOLOURRGB($,0.231373,0.509804,0.815686);
#2507=IFCSURFACESTYLESHADING(#2506,0.5);
#2508=IFCSURFACESTYLE('Water',.BOTH.,(#2507));
#2509=IFCSTYLEDITEM(#2505,(#2508),$);
#2510=IFCSHAPEREPRESENTATION(#12,'Body','SweptSolid',(#2505));
#2511=IFCPRODUCTDEFINITIONSHAPE($,$,(#2510));
#2512=IFCPIPESEGMENT('2nA1bab$ftAIB$LDiDyBXt',#5,'Water','Concealed',$,#2498,#2511,$,.RIGIDSEGMENT.);
#2513=IFCCARTESIANPOINT((10.399,12.651664,0.3));
#2514=IFCDIRECTION((0.,-1.,0.));
#2515=IFCDIRECTION((0.,0.,1.));
#2516=IFCAXIS2PLACEMENT3D(#2513,#2514,#2515);
#2517=IFCLOCALPLACEMENT(#26,#2516);
#2518=IFCCARTESIANPOINT((0.,0.));
#2519=IFCAXIS2PLACEMENT2D(#2518,$);
#2520=IFCCIRCLEPROFILEDEF(.AREA.,$,#2519,0.011);
#2521=IFCCARTESIANPOINT((0.,0.,0.));
#2522=IFCAXIS2PLACEMENT3D(#2521,$,$);
#2523=IFCDIRECTION((0.,0.,1.));
#2524=IFCEXTRUDEDAREASOLID(#2520,#2522,#2523,0.961546);
#2525=IFCSTYLEDITEM(#2524,(#2508),$);
#2526=IFCSHAPEREPRESENTATION(#12,'Body','SweptSolid',(#2524));
#2527=IFCPRODUCTDEFINITIONSHAPE($,$,(#2526));
#2528=IFCPIPESEGMENT('3ToSNY8O$PWCdREG$txGpH',#5,'Water','Concealed',$,#2517,#2527,$,.RIGIDSEGMENT.);
#2529=IFCCARTESIANPOINT((10.399,11.690117,0.3));
#2530=IFCDIRECTION((-0.996939,-0.078188,0.));
#2531=IFCDIRECTION((0.,0.,1.));
#2532=IFCAXIS2PLACEMENT3D(#2529,#2530,#2531);
#2533=IFCLOCALPLACEMENT(#26,#2532);
#2534=IFCCARTESIANPOINT((0.,0.));
#2535=IFCAXIS2PLACEMENT2D(#2534,$);
#2536=IFCCIRCLEPROFILEDEF(.AREA.,$,#2535,0.011);
#2537=IFCCARTESIANPOINT((0.,0.,0.));
#2538=IFCAXIS2PLACEMENT3D(#2537,$,$);
#2539=IFCDIRECTION((0.,0.,1.));
#2540=IFCEXTRUDEDAREASOLID(#2536,#2538,#2539,0.129396);
#2541=IFCSTYLEDITEM(#2540,(#2508),$);
#2542=IFCSHAPEREPRESENTATION(#12,'Body','SweptSolid',(#2540));
#2543=IFCPRODUCTDEFINITIONSHAPE($,$,(#2542));
#2544=IFCPIPESEGMENT('2aip_aEzBiuuzAYI11lMZR',#5,'Water','Concealed',$,#2533,#2543,$,.RIGIDSEGMENT.);
#2545=IFCCARTESIANPOINT((10.25,11.49,0.3));
#2546=IFCDIRECTION((0.999999,0.001659,0.));
#2547=IFCDIRECTION((0.,0.,1.));
#2548=IFCAXIS2PLACEMENT3D(#2545,#2546,#2547);
#2549=IFCLOCALPLACEMENT(#26,#2548);
#2550=IFCCARTESIANPOINT((0.,0.));
#2551=IFCAXIS2PLACEMENT2D(#2550,$);
#2552=IFCCIRCLEPROFILEDEF(.AREA.,$,#2551,0.011);
#2553=IFCCARTESIANPOINT((0.,0.,0.));
#2554=IFCAXIS2PLACEMENT3D(#2553,$,$);
#2555=IFCDIRECTION((0.,0.,1.));
#2556=IFCEXTRUDEDAREASOLID(#2552,#2554,#2555,0.149);
#2557=IFCSTYLEDITEM(#2556,(#2508),$);
#2558=IFCSHAPEREPRESENTATION(#12,'Body','SweptSolid',(#2556));
#2559=IFCPRODUCTDEFINITIONSHAPE($,$,(#2558));
#2560=IFCPIPESEGMENT('1U5oPAUdbnmsUFLUj$ZZXJ',#5,'Water','Concealed',$,#2549,#2559,$,.RIGIDSEGMENT.);
#2561=IFCCARTESIANPOINT((10.399,11.490247,0.3));
#2562=IFCDIRECTION((0.,1.,0.));
#2563=IFCDIRECTION((0.,0.,1.));
#2564=IFCAXIS2PLACEMENT3D(#2561,#2562,#2563);
#2565=IFCLOCALPLACEMENT(#26,#2564);
#2566=IFCCARTESIANPOINT((0.,0.));
#2567=IFCAXIS2PLACEMENT2D(#2566,$);
#2568=IFCCIRCLEPROFILEDEF(.AREA.,$,#2567,0.011);
#2569=IFCCARTESIANPOINT((0.,0.,0.));
#2570=IFCAXIS2PLACEMENT3D(#2569,$,$);
#2571=IFCDIRECTION((0.,0.,1.));
#2572=IFCEXTRUDEDAREASOLID(#2568,#2570,#2571,0.227544);
#2573=IFCSTYLEDITEM(#2572,(#2508),$);
#2574=IFCSHAPEREPRESENTATION(#12,'Body','SweptSolid',(#2572));
#2575=IFCPRODUCTDEFINITIONSHAPE($,$,(#2574));
#2576=IFCPIPESEGMENT('1RuZiA_1MpGqTC2NdazFwd',#5,'Water','Concealed',$,#2565,#2575,$,.RIGIDSEGMENT.);
#2577=IFCCARTESIANPOINT((10.399,11.212108,0.1));
#2578=IFCDIRECTION((1.,0.,0.));
#2579=IFCDIRECTION((0.,0.,1.));
#2580=IFCAXIS2PLACEMENT3D(#2577,#2578,#2579);
#2581=IFCLOCALPLACEMENT(#26,#2580);
#2582=IFCCARTESIANPOINT((0.,0.));
#2583=IFCAXIS2PLACEMENT2D(#2582,$);
#2584=IFCCIRCLEPROFILEDEF(.AREA.,$,#2583,0.025);
#2585=IFCCARTESIANPOINT((0.,0.,0.));
#2586=IFCAXIS2PLACEMENT3D(#2585,$,$);
#2587=IFCDIRECTION((0.,0.,1.));
#2588=IFCEXTRUDEDAREASOLID(#2584,#2586,#2587,0.34);
#2589=IFCCOLOURRGB($,0.356863,0.478431,0.54902);
#2590=IFCSURFACESTYLESHADING(#2589,0.5);
#2591=IFCSURFACESTYLE('Drain / waste',.BOTH.,(#2590));
#2592=IFCSTYLEDITEM(#2588,(#2591),$);
#2593=IFCSHAPEREPRESENTATION(#12,'Body','SweptSolid',(#2588));
#2594=IFCPRODUCTDEFINITIONSHAPE($,$,(#2593));
#2595=IFCPIPESEGMENT('1XtN$wY40p62UJ5ZbfDH3h',#5,'Drain / waste','Concealed',$,#2581,#2594,$,.RIGIDSEGMENT.);
#2596=IFCCARTESIANPOINT((10.739,11.212108,0.1));
#2597=IFCDIRECTION((0.,1.,0.));
#2598=IFCDIRECTION((0.,0.,1.));
#2599=IFCAXIS2PLACEMENT3D(#2596,#2597,#2598);
#2600=IFCLOCALPLACEMENT(#26,#2599);
#2601=IFCCARTESIANPOINT((0.,0.));
#2602=IFCAXIS2PLACEMENT2D(#2601,$);
#2603=IFCCIRCLEPROFILEDEF(.AREA.,$,#2602,0.025);
#2604=IFCCARTESIANPOINT((0.,0.,0.));
#2605=IFCAXIS2PLACEMENT3D(#2604,$,$);
#2606=IFCDIRECTION((0.,0.,1.));
#2607=IFCEXTRUDEDAREASOLID(#2603,#2605,#2606,0.38);
#2608=IFCSTYLEDITEM(#2607,(#2591),$);
#2609=IFCSHAPEREPRESENTATION(#12,'Body','SweptSolid',(#2607));
#2610=IFCPRODUCTDEFINITIONSHAPE($,$,(#2609));
#2611=IFCPIPESEGMENT('2uzfQ3YnXbA6gfR6rhhZbt',#5,'Drain / waste','Concealed',$,#2600,#2610,$,.RIGIDSEGMENT.);
#2612=IFCCARTESIANPOINT((10.57,5.65,0.1));
#2613=IFCDIRECTION((0.,1.,0.));
#2614=IFCDIRECTION((0.,0.,1.));
#2615=IFCAXIS2PLACEMENT3D(#2612,#2613,#2614);
#2616=IFCLOCALPLACEMENT(#26,#2615);
#2617=IFCCARTESIANPOINT((0.,0.));
#2618=IFCAXIS2PLACEMENT2D(#2617,$);
#2619=IFCCIRCLEPROFILEDEF(.AREA.,$,#2618,0.025);
#2620=IFCCARTESIANPOINT((0.,0.,0.));
#2621=IFCAXIS2PLACEMENT3D(#2620,$,$);
#2622=IFCDIRECTION((0.,0.,1.));
#2623=IFCEXTRUDEDAREASOLID(#2619,#2621,#2622,5.56);
#2624=IFCCOLOURRGB($,0.290196,0.615686,0.431373);
#2625=IFCSURFACESTYLESHADING(#2624,0.5);
#2626=IFCSURFACESTYLE('Ventilation',.BOTH.,(#2625));
#2627=IFCSTYLEDITEM(#2623,(#2626),$);
#2628=IFCSHAPEREPRESENTATION(#12,'Body','SweptSolid',(#2623));
#2629=IFCPRODUCTDEFINITIONSHAPE($,$,(#2628));
#2630=IFCDUCTSEGMENT('1RlnTMn03xAGFsZntr7lOu',#5,'Ventilation','Concealed',$,#2616,#2629,$,.RIGIDSEGMENT.);
#2631=IFCCARTESIANPOINT((-0.2,2.05,2.6));
#2632=IFCDIRECTION((0.,1.,0.));
#2633=IFCDIRECTION((0.,0.,1.));
#2634=IFCAXIS2PLACEMENT3D(#2631,#2632,#2633);
#2635=IFCLOCALPLACEMENT(#26,#2634);
#2636=IFCCARTESIANPOINT((0.,0.));
#2637=IFCAXIS2PLACEMENT2D(#2636,$);
#2638=IFCCIRCLEPROFILEDEF(.AREA.,$,#2637,0.1);
#2639=IFCCARTESIANPOINT((0.,0.,0.));
#2640=IFCAXIS2PLACEMENT3D(#2639,$,$);
#2641=IFCDIRECTION((0.,0.,1.));
#2642=IFCEXTRUDEDAREASOLID(#2638,#2640,#2641,10.85);
#2643=IFCSTYLEDITEM(#2642,(#2626),$);
#2644=IFCSHAPEREPRESENTATION(#12,'Body','SweptSolid',(#2642));
#2645=IFCPRODUCTDEFINITIONSHAPE($,$,(#2644));
#2646=IFCDUCTSEGMENT('2GEtwlPITOueD1gShXmZNZ',#5,'Ventilation','Concealed',$,#2635,#2645,$,.RIGIDSEGMENT.);
#2647=IFCCARTESIANPOINT((-0.2,12.89,2.6));
#2648=IFCDIRECTION((0.992877,-0.119145,0.));
#2649=IFCDIRECTION((0.,0.,1.));
#2650=IFCAXIS2PLACEMENT3D(#2647,#2648,#2649);
#2651=IFCLOCALPLACEMENT(#26,#2650);
#2652=IFCCARTESIANPOINT((0.,0.));
#2653=IFCAXIS2PLACEMENT2D(#2652,$);
#2654=IFCCIRCLEPROFILEDEF(.AREA.,$,#2653,0.1);
#2655=IFCCARTESIANPOINT((0.,0.,0.));
#2656=IFCAXIS2PLACEMENT3D(#2655,$,$);
#2657=IFCDIRECTION((0.,0.,1.));
#2658=IFCEXTRUDEDAREASOLID(#2654,#2656,#2657,0.755381);
#2659=IFCSTYLEDITEM(#2658,(#2626),$);
#2660=IFCSHAPEREPRESENTATION(#12,'Body','SweptSolid',(#2658));
#2661=IFCPRODUCTDEFINITIONSHAPE($,$,(#2660));
#2662=IFCDUCTSEGMENT('3K2IsEa67gK_o3mVYsz$eW',#5,'Ventilation','Concealed',$,#2651,#2661,$,.RIGIDSEGMENT.);
#2663=IFCCARTESIANPOINT((0.55,11.1,2.6));
#2664=IFCDIRECTION((-1.,0.,0.));
#2665=IFCDIRECTION((0.,0.,1.));
#2666=IFCAXIS2PLACEMENT3D(#2663,#2664,#2665);
#2667=IFCLOCALPLACEMENT(#26,#2666);
#2668=IFCCARTESIANPOINT((0.,0.));
#2669=IFCAXIS2PLACEMENT2D(#2668,$);
#2670=IFCCIRCLEPROFILEDEF(.AREA.,$,#2669,0.1);
#2671=IFCCARTESIANPOINT((0.,0.,0.));
#2672=IFCAXIS2PLACEMENT3D(#2671,$,$);
#2673=IFCDIRECTION((0.,0.,1.));
#2674=IFCEXTRUDEDAREASOLID(#2670,#2672,#2673,0.85);
#2675=IFCSTYLEDITEM(#2674,(#2626),$);
#2676=IFCSHAPEREPRESENTATION(#12,'Body','SweptSolid',(#2674));
#2677=IFCPRODUCTDEFINITIONSHAPE($,$,(#2676));
#2678=IFCDUCTSEGMENT('3A667m$FMJXlDSQr4YkOPh',#5,'Ventilation','Concealed',$,#2667,#2677,$,.RIGIDSEGMENT.);
#2679=IFCCARTESIANPOINT((0.35,6.13,2.6));
#2680=IFCDIRECTION((-1.,0.,0.));
#2681=IFCDIRECTION((0.,0.,1.));
#2682=IFCAXIS2PLACEMENT3D(#2679,#2680,#2681);
#2683=IFCLOCALPLACEMENT(#26,#2682);
#2684=IFCCARTESIANPOINT((0.,0.));
#2685=IFCAXIS2PLACEMENT2D(#2684,$);
#2686=IFCCIRCLEPROFILEDEF(.AREA.,$,#2685,0.1);
#2687=IFCCARTESIANPOINT((0.,0.,0.));
#2688=IFCAXIS2PLACEMENT3D(#2687,$,$);
#2689=IFCDIRECTION((0.,0.,1.));
#2690=IFCEXTRUDEDAREASOLID(#2686,#2688,#2689,0.6);
#2691=IFCSTYLEDITEM(#2690,(#2626),$);
#2692=IFCSHAPEREPRESENTATION(#12,'Body','SweptSolid',(#2690));
#2693=IFCPRODUCTDEFINITIONSHAPE($,$,(#2692));
#2694=IFCDUCTSEGMENT('1KnXNutXz3tx_2TITrCi6u',#5,'Ventilation','Concealed',$,#2683,#2693,$,.RIGIDSEGMENT.);
#2695=IFCCARTESIANPOINT((10.8,14.95,0.3));
#2696=IFCDIRECTION((-1.,0.000083,0.));
#2697=IFCDIRECTION((0.,0.,1.));
#2698=IFCAXIS2PLACEMENT3D(#2695,#2696,#2697);
#2699=IFCLOCALPLACEMENT(#26,#2698);
#2700=IFCCARTESIANPOINT((0.,0.));
#2701=IFCAXIS2PLACEMENT2D(#2700,$);
#2702=IFCCIRCLEPROFILEDEF(.AREA.,$,#2701,0.0125);
#2703=IFCCARTESIANPOINT((0.,0.,0.));
#2704=IFCAXIS2PLACEMENT3D(#2703,$,$);
#2705=IFCDIRECTION((0.,0.,1.));
#2706=IFCEXTRUDEDAREASOLID(#2702,#2704,#2705,0.401);
#2707=IFCCOLOURRGB($,0.878431,0.541176,0.235294);
#2708=IFCSURFACESTYLESHADING(#2707,0.5);
#2709=IFCSURFACESTYLE('Gas',.BOTH.,(#2708));
#2710=IFCSTYLEDITEM(#2706,(#2709),$);
#2711=IFCSHAPEREPRESENTATION(#12,'Body','SweptSolid',(#2706));
#2712=IFCPRODUCTDEFINITIONSHAPE($,$,(#2711));
#2713=IFCPIPESEGMENT('1oDqlx7gTjEVUGk$EQaJyc',#5,'Gas','Concealed',$,#2699,#2712,$,.RIGIDSEGMENT.);
#2714=IFCCARTESIANPOINT((10.399,14.950033,0.3));
#2715=IFCDIRECTION((0.,-1.,0.));
#2716=IFCDIRECTION((0.,0.,1.));
#2717=IFCAXIS2PLACEMENT3D(#2714,#2715,#2716);
#2718=IFCLOCALPLACEMENT(#26,#2717);
#2719=IFCCARTESIANPOINT((0.,0.));
#2720=IFCAXIS2PLACEMENT2D(#2719,$);
#2721=IFCCIRCLEPROFILEDEF(.AREA.,$,#2720,0.0125);
#2722=IFCCARTESIANPOINT((0.,0.,0.));
#2723=IFCAXIS2PLACEMENT3D(#2722,$,$);
#2724=IFCDIRECTION((0.,0.,1.));
#2725=IFCEXTRUDEDAREASOLID(#2721,#2723,#2724,1.191389);
#2726=IFCSTYLEDITEM(#2725,(#2709),$);
#2727=IFCSHAPEREPRESENTATION(#12,'Body','SweptSolid',(#2725));
#2728=IFCPRODUCTDEFINITIONSHAPE($,$,(#2727));
#2729=IFCPIPESEGMENT('14asdSy74aVuDszFqIWSKx',#5,'Gas','Concealed',$,#2718,#2728,$,.RIGIDSEGMENT.);
#2730=IFCCARTESIANPOINT((10.399,13.758644,0.3));
#2731=IFCDIRECTION((-0.999992,-0.003978,0.));
#2732=IFCDIRECTION((0.,0.,1.));
#2733=IFCAXIS2PLACEMENT3D(#2730,#2731,#2732);
#2734=IFCLOCALPLACEMENT(#26,#2733);
#2735=IFCCARTESIANPOINT((0.,0.));
#2736=IFCAXIS2PLACEMENT2D(#2735,$);
#2737=IFCCIRCLEPROFILEDEF(.AREA.,$,#2736,0.0125);
#2738=IFCCARTESIANPOINT((0.,0.,0.));
#2739=IFCAXIS2PLACEMENT3D(#2738,$,$);
#2740=IFCDIRECTION((0.,0.,1.));
#2741=IFCEXTRUDEDAREASOLID(#2737,#2739,#2740,1.670057);
#2742=IFCSTYLEDITEM(#2741,(#2709),$);
#2743=IFCSHAPEREPRESENTATION(#12,'Body','SweptSolid',(#2741));
#2744=IFCPRODUCTDEFINITIONSHAPE($,$,(#2743));
#2745=IFCPIPESEGMENT('3yJBBjHw$5SudW4xRxHILZ',#5,'Gas','Concealed',$,#2734,#2744,$,.RIGIDSEGMENT.);
#2746=IFCCARTESIANPOINT((8.728957,13.752,0.3));
#2747=IFCDIRECTION((0.036543,-0.999332,0.));
#2748=IFCDIRECTION((0.,0.,1.));
#2749=IFCAXIS2PLACEMENT3D(#2746,#2747,#2748);
#2750=IFCLOCALPLACEMENT(#26,#2749);
#2751=IFCCARTESIANPOINT((0.,0.));
#2752=IFCAXIS2PLACEMENT2D(#2751,$);
#2753=IFCCIRCLEPROFILEDEF(.AREA.,$,#2752,0.0125);
#2754=IFCCARTESIANPOINT((0.,0.,0.));
#2755=IFCAXIS2PLACEMENT3D(#2754,$,$);
#2756=IFCDIRECTION((0.,0.,1.));
#2757=IFCEXTRUDEDAREASOLID(#2753,#2755,#2756,0.302202);
#2758=IFCCOLOURRGB($,0.890196,0.701961,0.164706);
#2759=IFCSURFACESTYLESHADING(#2758,0.5);
#2760=IFCSURFACESTYLE('Electrical',.BOTH.,(#2759));
#2761=IFCSTYLEDITEM(#2757,(#2760),$);
#2762=IFCSHAPEREPRESENTATION(#12,'Body','SweptSolid',(#2757));
#2763=IFCPRODUCTDEFINITIONSHAPE($,$,(#2762));
#2764=IFCCABLECARRIERSEGMENT('3_vwDELRen3692FGcorZlm',#5,'Electrical','Concealed',$,#2750,#2763,$,.CABLELADDERSEGMENT.);
#2765=IFCCARTESIANPOINT((8.62,15.74,0.3));
#2766=IFCDIRECTION((-0.004408,0.99999,0.));
#2767=IFCDIRECTION((0.,0.,1.));
#2768=IFCAXIS2PLACEMENT3D(#2765,#2766,#2767);
#2769=IFCLOCALPLACEMENT(#26,#2768);
#2770=IFCCARTESIANPOINT((0.,0.));
#2771=IFCAXIS2PLACEMENT2D(#2770,$);
#2772=IFCCIRCLEPROFILEDEF(.AREA.,$,#2771,0.0125);
#2773=IFCCARTESIANPOINT((0.,0.,0.));
#2774=IFCAXIS2PLACEMENT3D(#2773,$,$);
#2775=IFCDIRECTION((0.,0.,1.));
#2776=IFCEXTRUDEDAREASOLID(#2772,#2774,#2775,0.112001);
#2777=IFCSTYLEDITEM(#2776,(#2709),$);
#2778=IFCSHAPEREPRESENTATION(#12,'Body','SweptSolid',(#2776));
#2779=IFCPRODUCTDEFINITIONSHAPE($,$,(#2778));
#2780=IFCPIPESEGMENT('0jAFQp937qslDG8vKSQxk$',#5,'Gas','Concealed',$,#2769,#2779,$,.RIGIDSEGMENT.);
#2781=IFCCARTESIANPOINT((8.619506,15.852,0.3));
#2782=IFCDIRECTION((1.,0.,0.));
#2783=IFCDIRECTION((0.,0.,1.));
#2784=IFCAXIS2PLACEMENT3D(#2781,#2782,#2783);
#2785=IFCLOCALPLACEMENT(#26,#2784);
#2786=IFCCARTESIANPOINT((0.,0.));
#2787=IFCAXIS2PLACEMENT2D(#2786,$);
#2788=IFCCIRCLEPROFILEDEF(.AREA.,$,#2787,0.0125);
#2789=IFCCARTESIANPOINT((0.,0.,0.));
#2790=IFCAXIS2PLACEMENT3D(#2789,$,$);
#2791=IFCDIRECTION((0.,0.,1.));
#2792=IFCEXTRUDEDAREASOLID(#2788,#2790,#2791,1.787178);
#2793=IFCSTYLEDITEM(#2792,(#2709),$);
#2794=IFCSHAPEREPRESENTATION(#12,'Body','SweptSolid',(#2792));
#2795=IFCPRODUCTDEFINITIONSHAPE($,$,(#2794));
#2796=IFCPIPESEGMENT('2Mev5VglaS4U20B7DFskg0',#5,'Gas','Concealed',$,#2785,#2795,$,.RIGIDSEGMENT.);
#2797=IFCCARTESIANPOINT((10.406684,15.852,0.3));
#2798=IFCDIRECTION((-0.030072,-0.999548,0.));
#2799=IFCDIRECTION((0.,0.,1.));
#2800=IFCAXIS2PLACEMENT3D(#2797,#2798,#2799);
#2801=IFCLOCALPLACEMENT(#26,#2800);
#2802=IFCCARTESIANPOINT((0.,0.));
#2803=IFCAXIS2PLACEMENT2D(#2802,$);
#2804=IFCCIRCLEPROFILEDEF(.AREA.,$,#2803,0.0125);
#2805=IFCCARTESIANPOINT((0.,0.,0.));
#2806=IFCAXIS2PLACEMENT3D(#2805,$,$);
#2807=IFCDIRECTION((0.,0.,1.));
#2808=IFCEXTRUDEDAREASOLID(#2804,#2806,#2807,0.255537);
#2809=IFCSTYLEDITEM(#2808,(#2709),$);
#2810=IFCSHAPEREPRESENTATION(#12,'Body','SweptSolid',(#2808));
#2811=IFCPRODUCTDEFINITIONSHAPE($,$,(#2810));
#2812=IFCPIPESEGMENT('2Efyotir24i69n_HhWB6me',#5,'Gas','Concealed',$,#2801,#2811,$,.RIGIDSEGMENT.);
#2813=IFCCARTESIANPOINT((10.399,15.596579,0.8));
#2814=IFCDIRECTION((0.999907,0.013629,0.));
#2815=IFCDIRECTION((0.,0.,1.));
#2816=IFCAXIS2PLACEMENT3D(#2813,#2814,#2815);
#2817=IFCLOCALPLACEMENT(#26,#2816);
#2818=IFCCARTESIANPOINT((0.,0.));
#2819=IFCAXIS2PLACEMENT2D(#2818,$);
#2820=IFCCIRCLEPROFILEDEF(.AREA.,$,#2819,0.0125);
#2821=IFCCARTESIANPOINT((0.,0.,0.));
#2822=IFCAXIS2PLACEMENT3D(#2821,$,$);
#2823=IFCDIRECTION((0.,0.,1.));
#2824=IFCEXTRUDEDAREASOLID(#2820,#2822,#2823,0.251023);
#2825=IFCSTYLEDITEM(#2824,(#2709),$);
#2826=IFCSHAPEREPRESENTATION(#12,'Body','SweptSolid',(#2824));
#2827=IFCPRODUCTDEFINITIONSHAPE($,$,(#2826));
#2828=IFCPIPESEGMENT('3k2En3QZy2Tgw1vq0V6rKJ',#5,'Gas','Concealed',$,#2817,#2827,$,.RIGIDSEGMENT.);
#2829=IFCCARTESIANPOINT((10.399,15.845203,0.3));
#2830=IFCDIRECTION((0.,0.758128,0.652106));
#2831=IFCDIRECTION((0.,-0.652106,0.758128));
#2832=IFCAXIS2PLACEMENT3D(#2829,#2830,#2831);
#2833=IFCLOCALPLACEMENT(#26,#2832);
#2834=IFCCARTESIANPOINT((0.,0.));
#2835=IFCAXIS2PLACEMENT2D(#2834,$);
#2836=IFCCIRCLEPROFILEDEF(.AREA.,$,#2835,0.007);
#2837=IFCCARTESIANPOINT((0.,0.,0.));
#2838=IFCAXIS2PLACEMENT3D(#2837,$,$);
#2839=IFCDIRECTION((0.,0.,1.));
#2840=IFCEXTRUDEDAREASOLID(#2836,#2838,#2839,3.680381);
#2841=IFCSTYLEDITEM(#2840,(#2760),$);
#2842=IFCSHAPEREPRESENTATION(#12,'Body','SweptSolid',(#2840));
#2843=IFCPRODUCTDEFINITIONSHAPE($,$,(#2842));
#2844=IFCCABLECARRIERSEGMENT('0bbqMKDLKqUgG7620svICN',#5,'Electrical','Concealed',$,#2833,#2843,$,.CABLELADDERSEGMENT.);
#2845=IFCCARTESIANPOINT((10.399,18.657842,2.7));
#2846=IFCDIRECTION((0.976187,0.,0.21693));
#2847=IFCDIRECTION((-0.21693,0.,0.976187));
#2848=IFCAXIS2PLACEMENT3D(#2845,#2846,#2847);
#2849=IFCLOCALPLACEMENT(#26,#2848);
#2850=IFCCARTESIANPOINT((0.,0.));
#2851=IFCAXIS2PLACEMENT2D(#2850,$);
#2852=IFCCIRCLEPROFILEDEF(.AREA.,$,#2851,0.007);
#2853=IFCCARTESIANPOINT((0.,0.,0.));
#2854=IFCAXIS2PLACEMENT3D(#2853,$,$);
#2855=IFCDIRECTION((0.,0.,1.));
#2856=IFCEXTRUDEDAREASOLID(#2852,#2854,#2855,0.921954);
#2857=IFCSTYLEDITEM(#2856,(#2760),$);
#2858=IFCSHAPEREPRESENTATION(#12,'Body','SweptSolid',(#2856));
#2859=IFCPRODUCTDEFINITIONSHAPE($,$,(#2858));
#2860=IFCCABLECARRIERSEGMENT('3IoeaXFzq8TcJvNgDBu2AO',#5,'Electrical','Concealed',$,#2849,#2859,$,.CABLELADDERSEGMENT.);
#2861=IFCCARTESIANPOINT((10.8,14.95,0.));
#2862=IFCDIRECTION((0.,0.,1.));
#2863=IFCDIRECTION((0.,1.,0.));
#2864=IFCAXIS2PLACEMENT3D(#2861,#2862,#2863);
#2865=IFCLOCALPLACEMENT(#26,#2864);
#2866=IFCCARTESIANPOINT((0.,0.));
#2867=IFCAXIS2PLACEMENT2D(#2866,$);
#2868=IFCCIRCLEPROFILEDEF(.AREA.,$,#2867,0.25);
#2869=IFCCARTESIANPOINT((0.,0.,0.));
#2870=IFCAXIS2PLACEMENT3D(#2869,$,$);
#2871=IFCDIRECTION((0.,0.,1.));
#2872=IFCEXTRUDEDAREASOLID(#2868,#2870,#2871,0.6);
#2873=IFCCOLOURRGB($,0.392157,0.141176,0.141176);
#2874=IFCSURFACESTYLESHADING(#2873,0.);
#2875=IFCSURFACESTYLE('#642424',.BOTH.,(#2874));
#2876=IFCSTYLEDITEM(#2872,(#2875),$);
#2877=IFCSHAPEREPRESENTATION(#12,'Body','SweptSolid',(#2872));
#2878=IFCPRODUCTDEFINITIONSHAPE($,$,(#2877));
#2879=IFCBUILDINGELEMENTPROXY('1MeorTitaM7jYxV2cba0q7',#5,'Gas tank','Skanna asset library',$,#2865,#2878,$,.NOTDEFINED.);
#2880=IFCPROPERTYSINGLEVALUE('Call for refill:',$,IFCTEXT('0909 tele'),$);
#2881=IFCPROPERTYSET('2$l$Ryz5Sk9Iv_$DWQoMuv',#5,'Skanna_Properties','Author properties (Skanna)',(#2880));
#2882=IFCRELDEFINESBYPROPERTIES('2bC87mhKvL5Pht0iYoQclq',#5,$,$,(#2879),#2881);
#2883=IFCCARTESIANPOINT((0.35,6.13,2.2));
#2884=IFCDIRECTION((0.,0.,1.));
#2885=IFCDIRECTION((0.,1.,0.));
#2886=IFCAXIS2PLACEMENT3D(#2883,#2884,#2885);
#2887=IFCLOCALPLACEMENT(#26,#2886);
#2888=IFCINDEXEDPOLYGONALFACE((1,2,3));
#2889=IFCINDEXEDPOLYGONALFACE((1,3,4));
#2890=IFCINDEXEDPOLYGONALFACE((2,5,6));
#2891=IFCINDEXEDPOLYGONALFACE((2,6,3));
#2892=IFCINDEXEDPOLYGONALFACE((5,7,8));
#2893=IFCINDEXEDPOLYGONALFACE((5,8,6));
#2894=IFCINDEXEDPOLYGONALFACE((7,9,10));
#2895=IFCINDEXEDPOLYGONALFACE((7,10,8));
#2896=IFCINDEXEDPOLYGONALFACE((9,11,12));
#2897=IFCINDEXEDPOLYGONALFACE((9,12,10));
#2898=IFCINDEXEDPOLYGONALFACE((11,13,14));
#2899=IFCINDEXEDPOLYGONALFACE((11,14,12));
#2900=IFCINDEXEDPOLYGONALFACE((13,15,16));
#2901=IFCINDEXEDPOLYGONALFACE((13,16,14));
#2902=IFCINDEXEDPOLYGONALFACE((15,17,18));
#2903=IFCINDEXEDPOLYGONALFACE((15,18,16));
#2904=IFCINDEXEDPOLYGONALFACE((17,19,20));
#2905=IFCINDEXEDPOLYGONALFACE((17,20,18));
#2906=IFCINDEXEDPOLYGONALFACE((19,21,22));
#2907=IFCINDEXEDPOLYGONALFACE((19,22,20));
#2908=IFCINDEXEDPOLYGONALFACE((21,23,24));
#2909=IFCINDEXEDPOLYGONALFACE((21,24,22));
#2910=IFCINDEXEDPOLYGONALFACE((23,25,26));
#2911=IFCINDEXEDPOLYGONALFACE((23,26,24));
#2912=IFCINDEXEDPOLYGONALFACE((25,27,28));
#2913=IFCINDEXEDPOLYGONALFACE((25,28,26));
#2914=IFCINDEXEDPOLYGONALFACE((27,29,30));
#2915=IFCINDEXEDPOLYGONALFACE((27,30,28));
#2916=IFCINDEXEDPOLYGONALFACE((29,31,32));
#2917=IFCINDEXEDPOLYGONALFACE((29,32,30));
#2918=IFCINDEXEDPOLYGONALFACE((31,1,4));
#2919=IFCINDEXEDPOLYGONALFACE((31,4,32));
#2920=IFCINDEXEDPOLYGONALFACE((1,5,2));
#2921=IFCINDEXEDPOLYGONALFACE((4,3,6));
#2922=IFCINDEXEDPOLYGONALFACE((1,7,5));
#2923=IFCINDEXEDPOLYGONALFACE((4,6,8));
#2924=IFCINDEXEDPOLYGONALFACE((1,9,7));
#2925=IFCINDEXEDPOLYGONALFACE((4,8,10));
#2926=IFCINDEXEDPOLYGONALFACE((1,11,9));
#2927=IFCINDEXEDPOLYGONALFACE((4,10,12));
#2928=IFCINDEXEDPOLYGONALFACE((1,13,11));
#2929=IFCINDEXEDPOLYGONALFACE((4,12,14));
#2930=IFCINDEXEDPOLYGONALFACE((1,15,13));
#2931=IFCINDEXEDPOLYGONALFACE((4,14,16));
#2932=IFCINDEXEDPOLYGONALFACE((1,17,15));
#2933=IFCINDEXEDPOLYGONALFACE((4,16,18));
#2934=IFCINDEXEDPOLYGONALFACE((1,19,17));
#2935=IFCINDEXEDPOLYGONALFACE((4,18,20));
#2936=IFCINDEXEDPOLYGONALFACE((1,21,19));
#2937=IFCINDEXEDPOLYGONALFACE((4,20,22));
#2938=IFCINDEXEDPOLYGONALFACE((1,23,21));
#2939=IFCINDEXEDPOLYGONALFACE((4,22,24));
#2940=IFCINDEXEDPOLYGONALFACE((1,25,23));
#2941=IFCINDEXEDPOLYGONALFACE((4,24,26));
#2942=IFCINDEXEDPOLYGONALFACE((1,27,25));
#2943=IFCINDEXEDPOLYGONALFACE((4,26,28));
#2944=IFCINDEXEDPOLYGONALFACE((1,29,27));
#2945=IFCINDEXEDPOLYGONALFACE((4,28,30));
#2946=IFCINDEXEDPOLYGONALFACE((1,31,29));
#2947=IFCINDEXEDPOLYGONALFACE((4,30,32));
#2948=IFCCARTESIANPOINTLIST3D(((0.44,-0.12,0.),(0.47,-0.111962,0.),(0.47,-0.103862,0.4),(0.44,-0.1119,0.4),(0.491962,-0.09,0.),(0.491962,-0.0819,0.4),(0.5,-0.06,0.),(0.5,-0.0519,0.4),(0.5,0.09,0.),(0.5,0.0819,0.4),(0.491962,0.12,0.),(0.491962,0.1119,0.4),(0.47,0.141962,0.),(0.47,0.133862,0.4),(0.44,0.15,0.),(0.44,0.1419,0.4),(-0.44,0.15,0.),(-0.44,0.1419,0.4),(-0.47,0.141962,0.),(-0.47,0.133862,0.4),(-0.491962,0.12,0.),(-0.491962,0.1119,0.4),(-0.5,0.09,0.),(-0.5,0.0819,0.4),(-0.5,-0.06,0.),(-0.5,-0.0519,0.4),(-0.491962,-0.09,0.),(-0.491962,-0.0819,0.4),(-0.47,-0.111962,0.),(-0.47,-0.103862,0.4),(-0.44,-0.12,0.),(-0.44,-0.1119,0.4)));
#2949=IFCPOLYGONALFACESET(#2948,.T.,(#2888,#2889,#2890,#2891,#2892,#2893,#2894,#2895,#2896,#2897,#2898,#2899,#2900,#2901,#2902,#2903,#2904,#2905,#2906,#2907,#2908,#2909,#2910,#2911,#2912,#2913,#2914,#2915,#2916,#2917,#2918,#2919,#2920,#2921,#2922,#2923,#2924,#2925,#2926,#2927,#2928,#2929,#2930,#2931,#2932,#2933,#2934,#2935,#2936,#2937,#2938,#2939,#2940,#2941,#2942,#2943,#2944,#2945,#2946,#2947),$);
#2950=IFCCOLOURRGB($,0.956863,0.956863,0.94902);
#2951=IFCSURFACESTYLESHADING(#2950,0.);
#2952=IFCSURFACESTYLE('#f4f4f2',.BOTH.,(#2951));
#2953=IFCSTYLEDITEM(#2949,(#2952),$);
#2954=IFCCARTESIANPOINT((0.,-0.126));
#2955=IFCAXIS2PLACEMENT2D(#2954,$);
#2956=IFCRECTANGLEPROFILEDEF(.AREA.,$,#2955,0.9,0.036);
#2957=IFCCARTESIANPOINT((0.,0.,0.032));
#2958=IFCAXIS2PLACEMENT3D(#2957,$,$);
#2959=IFCDIRECTION((0.,0.,1.));
#2960=IFCEXTRUDEDAREASOLID(#2956,#2958,#2959,0.08);
#2961=IFCCOLOURRGB($,0.87451,0.882353,0.878431);
#2962=IFCSURFACESTYLESHADING(#2961,0.);
#2963=IFCSURFACESTYLE('#dfe1e0',.BOTH.,(#2962));
#2964=IFCSTYLEDITEM(#2960,(#2963),$);
#2965=IFCSHAPEREPRESENTATION(#12,'Body','SolidModel',(#2949,#2960));
#2966=IFCPRODUCTDEFINITIONSHAPE($,$,(#2965));
#2967=IFCUNITARYEQUIPMENT('1NvMBE5oJ2Dnd5qBZTtC5T',#5,'Air conditioner (wall)','Skanna asset library',$,#2887,#2966,$,.AIRCONDITIONINGUNIT.);
#2968=IFCCARTESIANPOINT((6.7,7.43,0.));
#2969=IFCDIRECTION((0.,0.,1.));
#2970=IFCDIRECTION((0.,1.,0.));
#2971=IFCAXIS2PLACEMENT3D(#2968,#2969,#2970);
#2972=IFCLOCALPLACEMENT(#26,#2971);
#2973=IFCCARTESIANPOINT((0.,0.));
#2974=IFCAXIS2PLACEMENT2D(#2973,$);
#2975=IFCRECTANGLEPROFILEDEF(.AREA.,$,#2974,2.07,0.792);
#2976=IFCCARTESIANPOINT((0.,0.,0.));
#2977=IFCAXIS2PLACEMENT3D(#2976,$,$);
#2978=IFCDIRECTION((0.,0.,1.));
#2979=IFCEXTRUDEDAREASOLID(#2975,#2977,#2978,0.08);
#2980=IFCCOLOURRGB($,0.035294,0.035294,0.035294);
#2981=IFCSURFACESTYLESHADING(#2980,0.);
#2982=IFCSURFACESTYLE('#090909',.BOTH.,(#2981));
#2983=IFCSTYLEDITEM(#2979,(#2982),$);
#2984=IFCINDEXEDPOLYGONALFACE((1,2,3));
#2985=IFCINDEXEDPOLYGONALFACE((1,3,4));
#2986=IFCINDEXEDPOLYGONALFACE((2,5,6));
#2987=IFCINDEXEDPOLYGONALFACE((2,6,3));
#2988=IFCINDEXEDPOLYGONALFACE((5,7,8));
#2989=IFCINDEXEDPOLYGONALFACE((5,8,6));
#2990=IFCINDEXEDPOLYGONALFACE((7,9,10));
#2991=IFCINDEXEDPOLYGONALFACE((7,10,8));
#2992=IFCINDEXEDPOLYGONALFACE((9,11,12));
#2993=IFCINDEXEDPOLYGONALFACE((9,12,10));
#2994=IFCINDEXEDPOLYGONALFACE((11,13,14));
#2995=IFCINDEXEDPOLYGONALFACE((11,14,12));
#2996=IFCINDEXEDPOLYGONALFACE((13,15,16));
#2997=IFCINDEXEDPOLYGONALFACE((13,16,14));
#2998=IFCINDEXEDPOLYGONALFACE((15,17,18));
#2999=IFCINDEXEDPOLYGONALFACE((15,18,16));
#3000=IFCINDEXEDPOLYGONALFACE((17,19,20));
#3001=IFCINDEXEDPOLYGONALFACE((17,20,18));
#3002=IFCINDEXEDPOLYGONALFACE((19,21,22));
#3003=IFCINDEXEDPOLYGONALFACE((19,22,20));
#3004=IFCINDEXEDPOLYGONALFACE((21,23,24));
#3005=IFCINDEXEDPOLYGONALFACE((21,24,22));
#3006=IFCINDEXEDPOLYGONALFACE((23,25,26));
#3007=IFCINDEXEDPOLYGONALFACE((23,26,24));
#3008=IFCINDEXEDPOLYGONALFACE((25,27,28));
#3009=IFCINDEXEDPOLYGONALFACE((25,28,26));
#3010=IFCINDEXEDPOLYGONALFACE((27,29,30));
#3011=IFCINDEXEDPOLYGONALFACE((27,30,28));
#3012=IFCINDEXEDPOLYGONALFACE((29,31,32));
#3013=IFCINDEXEDPOLYGONALFACE((29,32,30));
#3014=IFCINDEXEDPOLYGONALFACE((31,1,4));
#3015=IFCINDEXEDPOLYGONALFACE((31,4,32));
#3016=IFCINDEXEDPOLYGONALFACE((1,5,2));
#3017=IFCINDEXEDPOLYGONALFACE((4,3,6));
#3018=IFCINDEXEDPOLYGONALFACE((1,7,5));
#3019=IFCINDEXEDPOLYGONALFACE((4,6,8));
#3020=IFCINDEXEDPOLYGONALFACE((1,9,7));
#3021=IFCINDEXEDPOLYGONALFACE((4,8,10));
#3022=IFCINDEXEDPOLYGONALFACE((1,11,9));
#3023=IFCINDEXEDPOLYGONALFACE((4,10,12));
#3024=IFCINDEXEDPOLYGONALFACE((1,13,11));
#3025=IFCINDEXEDPOLYGONALFACE((4,12,14));
#3026=IFCINDEXEDPOLYGONALFACE((1,15,13));
#3027=IFCINDEXEDPOLYGONALFACE((4,14,16));
#3028=IFCINDEXEDPOLYGONALFACE((1,17,15));
#3029=IFCINDEXEDPOLYGONALFACE((4,16,18));
#3030=IFCINDEXEDPOLYGONALFACE((1,19,17));
#3031=IFCINDEXEDPOLYGONALFACE((4,18,20));
#3032=IFCINDEXEDPOLYGONALFACE((1,21,19));
#3033=IFCINDEXEDPOLYGONALFACE((4,20,22));
#3034=IFCINDEXEDPOLYGONALFACE((1,23,21));
#3035=IFCINDEXEDPOLYGONALFACE((4,22,24));
#3036=IFCINDEXEDPOLYGONALFACE((1,25,23));
#3037=IFCINDEXEDPOLYGONALFACE((4,24,26));
#3038=IFCINDEXEDPOLYGONALFACE((1,27,25));
#3039=IFCINDEXEDPOLYGONALFACE((4,26,28));
#3040=IFCINDEXEDPOLYGONALFACE((1,29,27));
#3041=IFCINDEXEDPOLYGONALFACE((4,28,30));
#3042=IFCINDEXEDPOLYGONALFACE((1,31,29));
#3043=IFCINDEXEDPOLYGONALFACE((4,30,32));
#3044=IFCCARTESIANPOINTLIST3D(((1.1,-0.45,0.064),(1.125,-0.443301,0.064),(1.125,-0.443301,0.32),(1.1,-0.45,0.32),(1.143301,-0.425,0.064),(1.143301,-0.425,0.32),(1.15,-0.4,0.064),(1.15,-0.4,0.32),(1.15,0.4,0.064),(1.15,0.4,0.32),(1.143301,0.425,0.064),(1.143301,0.425,0.32),(1.125,0.443301,0.064),(1.125,0.443301,0.32),(1.1,0.45,0.064),(1.1,0.45,0.32),(-1.1,0.45,0.064),(-1.1,0.45,0.32),(-1.125,0.443301,0.064),(-1.125,0.443301,0.32),(-1.143301,0.425,0.064),(-1.143301,0.425,0.32),(-1.15,0.4,0.064),(-1.15,0.4,0.32),(-1.15,-0.4,0.064),(-1.15,-0.4,0.32),(-1.143301,-0.425,0.064),(-1.143301,-0.425,0.32),(-1.125,-0.443301,0.064),(-1.125,-0.443301,0.32),(-1.1,-0.45,0.064),(-1.1,-0.45,0.32)));
#3045=IFCPOLYGONALFACESET(#3044,.T.,(#2984,#2985,#2986,#2987,#2988,#2989,#2990,#2991,#2992,#2993,#2994,#2995,#2996,#2997,#2998,#2999,#3000,#3001,#3002,#3003,#3004,#3005,#3006,#3007,#3008,#3009,#3010,#3011,#3012,#3013,#3014,#3015,#3016,#3017,#3018,#3019,#3020,#3021,#3022,#3023,#3024,#3025,#3026,#3027,#3028,#3029,#3030,#3031,#3032,#3033,#3034,#3035,#3036,#3037,#3038,#3039,#3040,#3041,#3042,#3043),$);
#3046=IFCCOLOURRGB($,0.039216,0.039216,0.039216);
#3047=IFCSURFACESTYLESHADING(#3046,0.);
#3048=IFCSURFACESTYLE('#0A0A0A',.BOTH.,(#3047));
#3049=IFCSTYLEDITEM(#3045,(#3048),$);
#3050=IFCINDEXEDPOLYGONALFACE((1,2,3));
#3051=IFCINDEXEDPOLYGONALFACE((1,3,4));
#3052=IFCINDEXEDPOLYGONALFACE((2,5,6));
#3053=IFCINDEXEDPOLYGONALFACE((2,6,3));
#3054=IFCINDEXEDPOLYGONALFACE((5,7,8));
#3055=IFCINDEXEDPOLYGONALFACE((5,8,6));
#3056=IFCINDEXEDPOLYGONALFACE((7,9,10));
#3057=IFCINDEXEDPOLYGONALFACE((7,10,8));
#3058=IFCINDEXEDPOLYGONALFACE((9,11,12));
#3059=IFCINDEXEDPOLYGONALFACE((9,12,10));
#3060=IFCINDEXEDPOLYGONALFACE((11,13,14));
#3061=IFCINDEXEDPOLYGONALFACE((11,14,12));
#3062=IFCINDEXEDPOLYGONALFACE((13,15,16));
#3063=IFCINDEXEDPOLYGONALFACE((13,16,14));
#3064=IFCINDEXEDPOLYGONALFACE((15,17,18));
#3065=IFCINDEXEDPOLYGONALFACE((15,18,16));
#3066=IFCINDEXEDPOLYGONALFACE((17,19,20));
#3067=IFCINDEXEDPOLYGONALFACE((17,20,18));
#3068=IFCINDEXEDPOLYGONALFACE((19,21,22));
#3069=IFCINDEXEDPOLYGONALFACE((19,22,20));
#3070=IFCINDEXEDPOLYGONALFACE((21,23,24));
#3071=IFCINDEXEDPOLYGONALFACE((21,24,22));
#3072=IFCINDEXEDPOLYGONALFACE((23,25,26));
#3073=IFCINDEXEDPOLYGONALFACE((23,26,24));
#3074=IFCINDEXEDPOLYGONALFACE((25,27,28));
#3075=IFCINDEXEDPOLYGONALFACE((25,28,26));
#3076=IFCINDEXEDPOLYGONALFACE((27,29,30));
#3077=IFCINDEXEDPOLYGONALFACE((27,30,28));
#3078=IFCINDEXEDPOLYGONALFACE((29,31,32));
#3079=IFCINDEXEDPOLYGONALFACE((29,32,30));
#3080=IFCINDEXEDPOLYGONALFACE((31,1,4));
#3081=IFCINDEXEDPOLYGONALFACE((31,4,32));
#3082=IFCINDEXEDPOLYGONALFACE((1,5,2));
#3083=IFCINDEXEDPOLYGONALFACE((4,3,6));
#3084=IFCINDEXEDPOLYGONALFACE((1,7,5));
#3085=IFCINDEXEDPOLYGONALFACE((4,6,8));
#3086=IFCINDEXEDPOLYGONALFACE((1,9,7));
#3087=IFCINDEXEDPOLYGONALFACE((4,8,10));
#3088=IFCINDEXEDPOLYGONALFACE((1,11,9));
#3089=IFCINDEXEDPOLYGONALFACE((4,10,12));
#3090=IFCINDEXEDPOLYGONALFACE((1,13,11));
#3091=IFCINDEXEDPOLYGONALFACE((4,12,14));
#3092=IFCINDEXEDPOLYGONALFACE((1,15,13));
#3093=IFCINDEXEDPOLYGONALFACE((4,14,16));
#3094=IFCINDEXEDPOLYGONALFACE((1,17,15));
#3095=IFCINDEXEDPOLYGONALFACE((4,16,18));
#3096=IFCINDEXEDPOLYGONALFACE((1,19,17));
#3097=IFCINDEXEDPOLYGONALFACE((4,18,20));
#3098=IFCINDEXEDPOLYGONALFACE((1,21,19));
#3099=IFCINDEXEDPOLYGONALFACE((4,20,22));
#3100=IFCINDEXEDPOLYGONALFACE((1,23,21));
#3101=IFCINDEXEDPOLYGONALFACE((4,22,24));
#3102=IFCINDEXEDPOLYGONALFACE((1,25,23));
#3103=IFCINDEXEDPOLYGONALFACE((4,24,26));
#3104=IFCINDEXEDPOLYGONALFACE((1,27,25));
#3105=IFCINDEXEDPOLYGONALFACE((4,26,28));
#3106=IFCINDEXEDPOLYGONALFACE((1,29,27));
#3107=IFCINDEXEDPOLYGONALFACE((4,28,30));
#3108=IFCINDEXEDPOLYGONALFACE((1,31,29));
#3109=IFCINDEXEDPOLYGONALFACE((4,30,32));
#3110=IFCCARTESIANPOINTLIST3D(((1.1,0.199423,0.305522),(1.125,0.206056,0.30459),(1.125,0.277313,0.811607),(1.1,0.270679,0.812539),(1.143301,0.224179,0.302043),(1.143301,0.295436,0.80906),(1.15,0.248936,0.298563),(1.15,0.320193,0.805581),(1.15,0.363807,0.282419),(1.15,0.435064,0.789437),(1.143301,0.388564,0.27894),(1.143301,0.459821,0.785957),(1.125,0.406687,0.276393),(1.125,0.477944,0.78341),(1.1,0.413321,0.275461),(1.1,0.484577,0.782478),(-1.1,0.413321,0.275461),(-1.1,0.484577,0.782478),(-1.125,0.406687,0.276393),(-1.125,0.477944,0.78341),(-1.143301,0.388564,0.27894),(-1.143301,0.459821,0.785957),(-1.15,0.363807,0.282419),(-1.15,0.435064,0.789437),(-1.15,0.248936,0.298563),(-1.15,0.320193,0.805581),(-1.143301,0.224179,0.302043),(-1.143301,0.295436,0.80906),(-1.125,0.206056,0.30459),(-1.125,0.277313,0.811607),(-1.1,0.199423,0.305522),(-1.1,0.270679,0.812539)));
#3111=IFCPOLYGONALFACESET(#3110,.T.,(#3050,#3051,#3052,#3053,#3054,#3055,#3056,#3057,#3058,#3059,#3060,#3061,#3062,#3063,#3064,#3065,#3066,#3067,#3068,#3069,#3070,#3071,#3072,#3073,#3074,#3075,#3076,#3077,#3078,#3079,#3080,#3081,#3082,#3083,#3084,#3085,#3086,#3087,#3088,#3089,#3090,#3091,#3092,#3093,#3094,#3095,#3096,#3097,#3098,#3099,#3100,#3101,#3102,#3103,#3104,#3105,#3106,#3107,#3108,#3109),$);
#3112=IFCSTYLEDITEM(#3111,(#3048),$);
#3113=IFCINDEXEDPOLYGONALFACE((1,2,3));
#3114=IFCINDEXEDPOLYGONALFACE((1,3,4));
#3115=IFCINDEXEDPOLYGONALFACE((2,5,6));
#3116=IFCINDEXEDPOLYGONALFACE((2,6,3));
#3117=IFCINDEXEDPOLYGONALFACE((5,7,8));
#3118=IFCINDEXEDPOLYGONALFACE((5,8,6));
#3119=IFCINDEXEDPOLYGONALFACE((7,9,10));
#3120=IFCINDEXEDPOLYGONALFACE((7,10,8));
#3121=IFCINDEXEDPOLYGONALFACE((9,11,12));
#3122=IFCINDEXEDPOLYGONALFACE((9,12,10));
#3123=IFCINDEXEDPOLYGONALFACE((11,13,14));
#3124=IFCINDEXEDPOLYGONALFACE((11,14,12));
#3125=IFCINDEXEDPOLYGONALFACE((13,15,16));
#3126=IFCINDEXEDPOLYGONALFACE((13,16,14));
#3127=IFCINDEXEDPOLYGONALFACE((15,17,18));
#3128=IFCINDEXEDPOLYGONALFACE((15,18,16));
#3129=IFCINDEXEDPOLYGONALFACE((17,19,20));
#3130=IFCINDEXEDPOLYGONALFACE((17,20,18));
#3131=IFCINDEXEDPOLYGONALFACE((19,21,22));
#3132=IFCINDEXEDPOLYGONALFACE((19,22,20));
#3133=IFCINDEXEDPOLYGONALFACE((21,23,24));
#3134=IFCINDEXEDPOLYGONALFACE((21,24,22));
#3135=IFCINDEXEDPOLYGONALFACE((23,25,26));
#3136=IFCINDEXEDPOLYGONALFACE((23,26,24));
#3137=IFCINDEXEDPOLYGONALFACE((25,27,28));
#3138=IFCINDEXEDPOLYGONALFACE((25,28,26));
#3139=IFCINDEXEDPOLYGONALFACE((27,29,30));
#3140=IFCINDEXEDPOLYGONALFACE((27,30,28));
#3141=IFCINDEXEDPOLYGONALFACE((29,31,32));
#3142=IFCINDEXEDPOLYGONALFACE((29,32,30));
#3143=IFCINDEXEDPOLYGONALFACE((31,1,4));
#3144=IFCINDEXEDPOLYGONALFACE((31,4,32));
#3145=IFCINDEXEDPOLYGONALFACE((1,5,2));
#3146=IFCINDEXEDPOLYGONALFACE((4,3,6));
#3147=IFCINDEXEDPOLYGONALFACE((1,7,5));
#3148=IFCINDEXEDPOLYGONALFACE((4,6,8));
#3149=IFCINDEXEDPOLYGONALFACE((1,9,7));
#3150=IFCINDEXEDPOLYGONALFACE((4,8,10));
#3151=IFCINDEXEDPOLYGONALFACE((1,11,9));
#3152=IFCINDEXEDPOLYGONALFACE((4,10,12));
#3153=IFCINDEXEDPOLYGONALFACE((1,13,11));
#3154=IFCINDEXEDPOLYGONALFACE((4,12,14));
#3155=IFCINDEXEDPOLYGONALFACE((1,15,13));
#3156=IFCINDEXEDPOLYGONALFACE((4,14,16));
#3157=IFCINDEXEDPOLYGONALFACE((1,17,15));
#3158=IFCINDEXEDPOLYGONALFACE((4,16,18));
#3159=IFCINDEXEDPOLYGONALFACE((1,19,17));
#3160=IFCINDEXEDPOLYGONALFACE((4,18,20));
#3161=IFCINDEXEDPOLYGONALFACE((1,21,19));
#3162=IFCINDEXEDPOLYGONALFACE((4,20,22));
#3163=IFCINDEXEDPOLYGONALFACE((1,23,21));
#3164=IFCINDEXEDPOLYGONALFACE((4,22,24));
#3165=IFCINDEXEDPOLYGONALFACE((1,25,23));
#3166=IFCINDEXEDPOLYGONALFACE((4,24,26));
#3167=IFCINDEXEDPOLYGONALFACE((1,27,25));
#3168=IFCINDEXEDPOLYGONALFACE((4,26,28));
#3169=IFCINDEXEDPOLYGONALFACE((1,29,27));
#3170=IFCINDEXEDPOLYGONALFACE((4,28,30));
#3171=IFCINDEXEDPOLYGONALFACE((1,31,29));
#3172=IFCINDEXEDPOLYGONALFACE((4,30,32));
#3173=IFCCARTESIANPOINTLIST3D(((-0.924,-0.45,0.24),(-0.899,-0.443301,0.24),(-0.899,-0.443301,0.576),(-0.924,-0.45,0.576),(-0.880699,-0.425,0.24),(-0.880699,-0.425,0.576),(-0.874,-0.4,0.24),(-0.874,-0.4,0.576),(-0.874,0.364,0.24),(-0.874,0.364,0.576),(-0.880699,0.389,0.24),(-0.880699,0.389,0.576),(-0.899,0.407301,0.24),(-0.899,0.407301,0.576),(-0.924,0.414,0.24),(-0.924,0.414,0.576),(-1.1,0.414,0.24),(-1.1,0.414,0.576),(-1.125,0.407301,0.24),(-1.125,0.407301,0.576),(-1.143301,0.389,0.24),(-1.143301,0.389,0.576),(-1.15,0.364,0.24),(-1.15,0.364,0.576),(-1.15,-0.4,0.24),(-1.15,-0.4,0.576),(-1.143301,-0.425,0.24),(-1.143301,-0.425,0.576),(-1.125,-0.443301,0.24),(-1.125,-0.443301,0.576),(-1.1,-0.45,0.24),(-1.1,-0.45,0.576)));
#3174=IFCPOLYGONALFACESET(#3173,.T.,(#3113,#3114,#3115,#3116,#3117,#3118,#3119,#3120,#3121,#3122,#3123,#3124,#3125,#3126,#3127,#3128,#3129,#3130,#3131,#3132,#3133,#3134,#3135,#3136,#3137,#3138,#3139,#3140,#3141,#3142,#3143,#3144,#3145,#3146,#3147,#3148,#3149,#3150,#3151,#3152,#3153,#3154,#3155,#3156,#3157,#3158,#3159,#3160,#3161,#3162,#3163,#3164,#3165,#3166,#3167,#3168,#3169,#3170,#3171,#3172),$);
#3175=IFCSTYLEDITEM(#3174,(#3048),$);
#3176=IFCINDEXEDPOLYGONALFACE((1,2,3));
#3177=IFCINDEXEDPOLYGONALFACE((1,3,4));
#3178=IFCINDEXEDPOLYGONALFACE((2,5,6));
#3179=IFCINDEXEDPOLYGONALFACE((2,6,3));
#3180=IFCINDEXEDPOLYGONALFACE((5,7,8));
#3181=IFCINDEXEDPOLYGONALFACE((5,8,6));
#3182=IFCINDEXEDPOLYGONALFACE((7,9,10));
#3183=IFCINDEXEDPOLYGONALFACE((7,10,8));
#3184=IFCINDEXEDPOLYGONALFACE((9,11,12));
#3185=IFCINDEXEDPOLYGONALFACE((9,12,10));
#3186=IFCINDEXEDPOLYGONALFACE((11,13,14));
#3187=IFCINDEXEDPOLYGONALFACE((11,14,12));
#3188=IFCINDEXEDPOLYGONALFACE((13,15,16));
#3189=IFCINDEXEDPOLYGONALFACE((13,16,14));
#3190=IFCINDEXEDPOLYGONALFACE((15,17,18));
#3191=IFCINDEXEDPOLYGONALFACE((15,18,16));
#3192=IFCINDEXEDPOLYGONALFACE((17,19,20));
#3193=IFCINDEXEDPOLYGONALFACE((17,20,18));
#3194=IFCINDEXEDPOLYGONALFACE((19,21,22));
#3195=IFCINDEXEDPOLYGONALFACE((19,22,20));
#3196=IFCINDEXEDPOLYGONALFACE((21,23,24));
#3197=IFCINDEXEDPOLYGONALFACE((21,24,22));
#3198=IFCINDEXEDPOLYGONALFACE((23,25,26));
#3199=IFCINDEXEDPOLYGONALFACE((23,26,24));
#3200=IFCINDEXEDPOLYGONALFACE((25,27,28));
#3201=IFCINDEXEDPOLYGONALFACE((25,28,26));
#3202=IFCINDEXEDPOLYGONALFACE((27,29,30));
#3203=IFCINDEXEDPOLYGONALFACE((27,30,28));
#3204=IFCINDEXEDPOLYGONALFACE((29,31,32));
#3205=IFCINDEXEDPOLYGONALFACE((29,32,30));
#3206=IFCINDEXEDPOLYGONALFACE((31,1,4));
#3207=IFCINDEXEDPOLYGONALFACE((31,4,32));
#3208=IFCINDEXEDPOLYGONALFACE((1,5,2));
#3209=IFCINDEXEDPOLYGONALFACE((4,3,6));
#3210=IFCINDEXEDPOLYGONALFACE((1,7,5));
#3211=IFCINDEXEDPOLYGONALFACE((4,6,8));
#3212=IFCINDEXEDPOLYGONALFACE((1,9,7));
#3213=IFCINDEXEDPOLYGONALFACE((4,8,10));
#3214=IFCINDEXEDPOLYGONALFACE((1,11,9));
#3215=IFCINDEXEDPOLYGONALFACE((4,10,12));
#3216=IFCINDEXEDPOLYGONALFACE((1,13,11));
#3217=IFCINDEXEDPOLYGONALFACE((4,12,14));
#3218=IFCINDEXEDPOLYGONALFACE((1,15,13));
#3219=IFCINDEXEDPOLYGONALFACE((4,14,16));
#3220=IFCINDEXEDPOLYGONALFACE((1,17,15));
#3221=IFCINDEXEDPOLYGONALFACE((4,16,18));
#3222=IFCINDEXEDPOLYGONALFACE((1,19,17));
#3223=IFCINDEXEDPOLYGONALFACE((4,18,20));
#3224=IFCINDEXEDPOLYGONALFACE((1,21,19));
#3225=IFCINDEXEDPOLYGONALFACE((4,20,22));
#3226=IFCINDEXEDPOLYGONALFACE((1,23,21));
#3227=IFCINDEXEDPOLYGONALFACE((4,22,24));
#3228=IFCINDEXEDPOLYGONALFACE((1,25,23));
#3229=IFCINDEXEDPOLYGONALFACE((4,24,26));
#3230=IFCINDEXEDPOLYGONALFACE((1,27,25));
#3231=IFCINDEXEDPOLYGONALFACE((4,26,28));
#3232=IFCINDEXEDPOLYGONALFACE((1,29,27));
#3233=IFCINDEXEDPOLYGONALFACE((4,28,30));
#3234=IFCINDEXEDPOLYGONALFACE((1,31,29));
#3235=IFCINDEXEDPOLYGONALFACE((4,30,32));
#3236=IFCCARTESIANPOINTLIST3D(((1.1,-0.45,0.24),(1.125,-0.443301,0.24),(1.125,-0.443301,0.576),(1.1,-0.45,0.576),(1.143301,-0.425,0.24),(1.143301,-0.425,0.576),(1.15,-0.4,0.24),(1.15,-0.4,0.576),(1.15,0.364,0.24),(1.15,0.364,0.576),(1.143301,0.389,0.24),(1.143301,0.389,0.576),(1.125,0.407301,0.24),(1.125,0.407301,0.576),(1.1,0.414,0.24),(1.1,0.414,0.576),(0.924,0.414,0.24),(0.924,0.414,0.576),(0.899,0.407301,0.24),(0.899,0.407301,0.576),(0.880699,0.389,0.24),(0.880699,0.389,0.576),(0.874,0.364,0.24),(0.874,0.364,0.576),(0.874,-0.4,0.24),(0.874,-0.4,0.576),(0.880699,-0.425,0.24),(0.880699,-0.425,0.576),(0.899,-0.443301,0.24),(0.899,-0.443301,0.576),(0.924,-0.45,0.24),(0.924,-0.45,0.576)));
#3237=IFCPOLYGONALFACESET(#3236,.T.,(#3176,#3177,#3178,#3179,#3180,#3181,#3182,#3183,#3184,#3185,#3186,#3187,#3188,#3189,#3190,#3191,#3192,#3193,#3194,#3195,#3196,#3197,#3198,#3199,#3200,#3201,#3202,#3203,#3204,#3205,#3206,#3207,#3208,#3209,#3210,#3211,#3212,#3213,#3214,#3215,#3216,#3217,#3218,#3219,#3220,#3221,#3222,#3223,#3224,#3225,#3226,#3227,#3228,#3229,#3230,#3231,#3232,#3233,#3234,#3235),$);
#3238=IFCSTYLEDITEM(#3237,(#3048),$);
#3239=IFCINDEXEDPOLYGONALFACE((1,2,3));
#3240=IFCINDEXEDPOLYGONALFACE((1,3,4));
#3241=IFCINDEXEDPOLYGONALFACE((2,5,6));
#3242=IFCINDEXEDPOLYGONALFACE((2,6,3));
#3243=IFCINDEXEDPOLYGONALFACE((5,7,8));
#3244=IFCINDEXEDPOLYGONALFACE((5,8,6));
#3245=IFCINDEXEDPOLYGONALFACE((7,9,10));
#3246=IFCINDEXEDPOLYGONALFACE((7,10,8));
#3247=IFCINDEXEDPOLYGONALFACE((9,11,12));
#3248=IFCINDEXEDPOLYGONALFACE((9,12,10));
#3249=IFCINDEXEDPOLYGONALFACE((11,13,14));
#3250=IFCINDEXEDPOLYGONALFACE((11,14,12));
#3251=IFCINDEXEDPOLYGONALFACE((13,15,16));
#3252=IFCINDEXEDPOLYGONALFACE((13,16,14));
#3253=IFCINDEXEDPOLYGONALFACE((15,17,18));
#3254=IFCINDEXEDPOLYGONALFACE((15,18,16));
#3255=IFCINDEXEDPOLYGONALFACE((17,19,20));
#3256=IFCINDEXEDPOLYGONALFACE((17,20,18));
#3257=IFCINDEXEDPOLYGONALFACE((19,21,22));
#3258=IFCINDEXEDPOLYGONALFACE((19,22,20));
#3259=IFCINDEXEDPOLYGONALFACE((21,23,24));
#3260=IFCINDEXEDPOLYGONALFACE((21,24,22));
#3261=IFCINDEXEDPOLYGONALFACE((23,25,26));
#3262=IFCINDEXEDPOLYGONALFACE((23,26,24));
#3263=IFCINDEXEDPOLYGONALFACE((25,27,28));
#3264=IFCINDEXEDPOLYGONALFACE((25,28,26));
#3265=IFCINDEXEDPOLYGONALFACE((27,29,30));
#3266=IFCINDEXEDPOLYGONALFACE((27,30,28));
#3267=IFCINDEXEDPOLYGONALFACE((29,31,32));
#3268=IFCINDEXEDPOLYGONALFACE((29,32,30));
#3269=IFCINDEXEDPOLYGONALFACE((31,1,4));
#3270=IFCINDEXEDPOLYGONALFACE((31,4,32));
#3271=IFCINDEXEDPOLYGONALFACE((1,5,2));
#3272=IFCINDEXEDPOLYGONALFACE((4,3,6));
#3273=IFCINDEXEDPOLYGONALFACE((1,7,5));
#3274=IFCINDEXEDPOLYGONALFACE((4,6,8));
#3275=IFCINDEXEDPOLYGONALFACE((1,9,7));
#3276=IFCINDEXEDPOLYGONALFACE((4,8,10));
#3277=IFCINDEXEDPOLYGONALFACE((1,11,9));
#3278=IFCINDEXEDPOLYGONALFACE((4,10,12));
#3279=IFCINDEXEDPOLYGONALFACE((1,13,11));
#3280=IFCINDEXEDPOLYGONALFACE((4,12,14));
#3281=IFCINDEXEDPOLYGONALFACE((1,15,13));
#3282=IFCINDEXEDPOLYGONALFACE((4,14,16));
#3283=IFCINDEXEDPOLYGONALFACE((1,17,15));
#3284=IFCINDEXEDPOLYGONALFACE((4,16,18));
#3285=IFCINDEXEDPOLYGONALFACE((1,19,17));
#3286=IFCINDEXEDPOLYGONALFACE((4,18,20));
#3287=IFCINDEXEDPOLYGONALFACE((1,21,19));
#3288=IFCINDEXEDPOLYGONALFACE((4,20,22));
#3289=IFCINDEXEDPOLYGONALFACE((1,23,21));
#3290=IFCINDEXEDPOLYGONALFACE((4,22,24));
#3291=IFCINDEXEDPOLYGONALFACE((1,25,23));
#3292=IFCINDEXEDPOLYGONALFACE((4,24,26));
#3293=IFCINDEXEDPOLYGONALFACE((1,27,25));
#3294=IFCINDEXEDPOLYGONALFACE((4,26,28));
#3295=IFCINDEXEDPOLYGONALFACE((1,29,27));
#3296=IFCINDEXEDPOLYGONALFACE((4,28,30));
#3297=IFCINDEXEDPOLYGONALFACE((1,31,29));
#3298=IFCINDEXEDPOLYGONALFACE((4,30,32));
#3299=IFCCARTESIANPOINTLIST3D(((0.801,-0.405,0.304),(0.826,-0.398301,0.304),(0.826,-0.398301,0.44),(0.801,-0.405,0.44),(0.844301,-0.38,0.304),(0.844301,-0.38,0.44),(0.851,-0.355,0.304),(0.851,-0.355,0.44),(0.851,0.193,0.304),(0.851,0.193,0.44),(0.844301,0.218,0.304),(0.844301,0.218,0.44),(0.826,0.236301,0.304),(0.826,0.236301,0.44),(0.801,0.243,0.304),(0.801,0.243,0.44),(-0.801,0.243,0.304),(-0.801,0.243,0.44),(-0.826,0.236301,0.304),(-0.826,0.236301,0.44),(-0.844301,0.218,0.304),(-0.844301,0.218,0.44),(-0.851,0.193,0.304),(-0.851,0.193,0.44),(-0.851,-0.355,0.304),(-0.851,-0.355,0.44),(-0.844301,-0.38,0.304),(-0.844301,-0.38,0.44),(-0.826,-0.398301,0.304),(-0.826,-0.398301,0.44),(-0.801,-0.405,0.304),(-0.801,-0.405,0.44)));
#3300=IFCPOLYGONALFACESET(#3299,.T.,(#3239,#3240,#3241,#3242,#3243,#3244,#3245,#3246,#3247,#3248,#3249,#3250,#3251,#3252,#3253,#3254,#3255,#3256,#3257,#3258,#3259,#3260,#3261,#3262,#3263,#3264,#3265,#3266,#3267,#3268,#3269,#3270,#3271,#3272,#3273,#3274,#3275,#3276,#3277,#3278,#3279,#3280,#3281,#3282,#3283,#3284,#3285,#3286,#3287,#3288,#3289,#3290,#3291,#3292,#3293,#3294,#3295,#3296,#3297,#3298),$);
#3301=IFCCOLOURRGB($,0.137255,0.137255,0.137255);
#3302=IFCSURFACESTYLESHADING(#3301,0.);
#3303=IFCSURFACESTYLE('#232323',.BOTH.,(#3302));
#3304=IFCSTYLEDITEM(#3300,(#3303),$);
#3305=IFCINDEXEDPOLYGONALFACE((1,2,3));
#3306=IFCINDEXEDPOLYGONALFACE((1,3,4));
#3307=IFCINDEXEDPOLYGONALFACE((2,5,6));
#3308=IFCINDEXEDPOLYGONALFACE((2,6,3));
#3309=IFCINDEXEDPOLYGONALFACE((5,7,8));
#3310=IFCINDEXEDPOLYGONALFACE((5,8,6));
#3311=IFCINDEXEDPOLYGONALFACE((7,9,10));
#3312=IFCINDEXEDPOLYGONALFACE((7,10,8));
#3313=IFCINDEXEDPOLYGONALFACE((9,11,12));
#3314=IFCINDEXEDPOLYGONALFACE((9,12,10));
#3315=IFCINDEXEDPOLYGONALFACE((11,13,14));
#3316=IFCINDEXEDPOLYGONALFACE((11,14,12));
#3317=IFCINDEXEDPOLYGONALFACE((13,15,16));
#3318=IFCINDEXEDPOLYGONALFACE((13,16,14));
#3319=IFCINDEXEDPOLYGONALFACE((15,17,18));
#3320=IFCINDEXEDPOLYGONALFACE((15,18,16));
#3321=IFCINDEXEDPOLYGONALFACE((17,19,20));
#3322=IFCINDEXEDPOLYGONALFACE((17,20,18));
#3323=IFCINDEXEDPOLYGONALFACE((19,21,22));
#3324=IFCINDEXEDPOLYGONALFACE((19,22,20));
#3325=IFCINDEXEDPOLYGONALFACE((21,23,24));
#3326=IFCINDEXEDPOLYGONALFACE((21,24,22));
#3327=IFCINDEXEDPOLYGONALFACE((23,25,26));
#3328=IFCINDEXEDPOLYGONALFACE((23,26,24));
#3329=IFCINDEXEDPOLYGONALFACE((25,27,28));
#3330=IFCINDEXEDPOLYGONALFACE((25,28,26));
#3331=IFCINDEXEDPOLYGONALFACE((27,29,30));
#3332=IFCINDEXEDPOLYGONALFACE((27,30,28));
#3333=IFCINDEXEDPOLYGONALFACE((29,31,32));
#3334=IFCINDEXEDPOLYGONALFACE((29,32,30));
#3335=IFCINDEXEDPOLYGONALFACE((31,1,4));
#3336=IFCINDEXEDPOLYGONALFACE((31,4,32));
#3337=IFCINDEXEDPOLYGONALFACE((1,5,2));
#3338=IFCINDEXEDPOLYGONALFACE((4,3,6));
#3339=IFCINDEXEDPOLYGONALFACE((1,7,5));
#3340=IFCINDEXEDPOLYGONALFACE((4,6,8));
#3341=IFCINDEXEDPOLYGONALFACE((1,9,7));
#3342=IFCINDEXEDPOLYGONALFACE((4,8,10));
#3343=IFCINDEXEDPOLYGONALFACE((1,11,9));
#3344=IFCINDEXEDPOLYGONALFACE((4,10,12));
#3345=IFCINDEXEDPOLYGONALFACE((1,13,11));
#3346=IFCINDEXEDPOLYGONALFACE((4,12,14));
#3347=IFCINDEXEDPOLYGONALFACE((1,15,13));
#3348=IFCINDEXEDPOLYGONALFACE((4,14,16));
#3349=IFCINDEXEDPOLYGONALFACE((1,17,15));
#3350=IFCINDEXEDPOLYGONALFACE((4,16,18));
#3351=IFCINDEXEDPOLYGONALFACE((1,19,17));
#3352=IFCINDEXEDPOLYGONALFACE((4,18,20));
#3353=IFCINDEXEDPOLYGONALFACE((1,21,19));
#3354=IFCINDEXEDPOLYGONALFACE((4,20,22));
#3355=IFCINDEXEDPOLYGONALFACE((1,23,21));
#3356=IFCINDEXEDPOLYGONALFACE((4,22,24));
#3357=IFCINDEXEDPOLYGONALFACE((1,25,23));
#3358=IFCINDEXEDPOLYGONALFACE((4,24,26));
#3359=IFCINDEXEDPOLYGONALFACE((1,27,25));
#3360=IFCINDEXEDPOLYGONALFACE((4,26,28));
#3361=IFCINDEXEDPOLYGONALFACE((1,29,27));
#3362=IFCINDEXEDPOLYGONALFACE((4,28,30));
#3363=IFCINDEXEDPOLYGONALFACE((1,31,29));
#3364=IFCINDEXEDPOLYGONALFACE((4,30,32));
#3365=IFCCARTESIANPOINTLIST3D(((0.801,0.115784,0.413492),(0.826,0.122381,0.412329),(0.826,0.180727,0.743224),(0.801,0.17413,0.744388),(0.844301,0.140404,0.409151),(0.844301,0.19875,0.740046),(0.851,0.165025,0.40481),(0.851,0.22337,0.735705),(0.851,0.19063,0.400295),(0.851,0.248975,0.73119),(0.844301,0.21525,0.395954),(0.844301,0.273596,0.726849),(0.826,0.233273,0.392776),(0.826,0.291619,0.723671),(0.801,0.23987,0.391612),(0.801,0.298216,0.722508),(-0.801,0.23987,0.391612),(-0.801,0.298216,0.722508),(-0.826,0.233273,0.392776),(-0.826,0.291619,0.723671),(-0.844301,0.21525,0.395954),(-0.844301,0.273596,0.726849),(-0.851,0.19063,0.400295),(-0.851,0.248975,0.73119),(-0.851,0.165025,0.40481),(-0.851,0.22337,0.735705),(-0.844301,0.140404,0.409151),(-0.844301,0.19875,0.740046),(-0.826,0.122381,0.412329),(-0.826,0.180727,0.743224),(-0.801,0.115784,0.413492),(-0.801,0.17413,0.744388)));
#3366=IFCPOLYGONALFACESET(#3365,.T.,(#3305,#3306,#3307,#3308,#3309,#3310,#3311,#3312,#3313,#3314,#3315,#3316,#3317,#3318,#3319,#3320,#3321,#3322,#3323,#3324,#3325,#3326,#3327,#3328,#3329,#3330,#3331,#3332,#3333,#3334,#3335,#3336,#3337,#3338,#3339,#3340,#3341,#3342,#3343,#3344,#3345,#3346,#3347,#3348,#3349,#3350,#3351,#3352,#3353,#3354,#3355,#3356,#3357,#3358,#3359,#3360,#3361,#3362,#3363,#3364),$);
#3367=IFCSTYLEDITEM(#3366,(#3303),$);
#3368=IFCSHAPEREPRESENTATION(#12,'Body','SolidModel',(#2979,#3045,#3111,#3174,#3237,#3300,#3366));
#3369=IFCPRODUCTDEFINITIONSHAPE($,$,(#3368));
#3370=IFCFURNITURE('2$FkmVdP$YOf3ROV9kDf7z',#5,'Sofa','Skanna asset library',$,#2972,#3369,$,.SOFA.);
#3371=IFCCARTESIANPOINT((8.64,7.68,0.));
#3372=IFCDIRECTION((0.,0.,1.));
#3373=IFCDIRECTION((0.,-1.,0.));
#3374=IFCAXIS2PLACEMENT3D(#3371,#3372,#3373);
#3375=IFCLOCALPLACEMENT(#26,#3374);
#3376=IFCINDEXEDPOLYGONALFACE((1,2,3));
#3377=IFCINDEXEDPOLYGONALFACE((1,3,4));
#3378=IFCINDEXEDPOLYGONALFACE((2,5,6));
#3379=IFCINDEXEDPOLYGONALFACE((2,6,3));
#3380=IFCINDEXEDPOLYGONALFACE((5,7,8));
#3381=IFCINDEXEDPOLYGONALFACE((5,8,6));
#3382=IFCINDEXEDPOLYGONALFACE((7,9,10));
#3383=IFCINDEXEDPOLYGONALFACE((7,10,8));
#3384=IFCINDEXEDPOLYGONALFACE((9,11,12));
#3385=IFCINDEXEDPOLYGONALFACE((9,12,10));
#3386=IFCINDEXEDPOLYGONALFACE((11,13,14));
#3387=IFCINDEXEDPOLYGONALFACE((11,14,12));
#3388=IFCINDEXEDPOLYGONALFACE((13,15,16));
#3389=IFCINDEXEDPOLYGONALFACE((13,16,14));
#3390=IFCINDEXEDPOLYGONALFACE((15,17,18));
#3391=IFCINDEXEDPOLYGONALFACE((15,18,16));
#3392=IFCINDEXEDPOLYGONALFACE((17,19,20));
#3393=IFCINDEXEDPOLYGONALFACE((17,20,18));
#3394=IFCINDEXEDPOLYGONALFACE((19,21,22));
#3395=IFCINDEXEDPOLYGONALFACE((19,22,20));
#3396=IFCINDEXEDPOLYGONALFACE((21,23,24));
#3397=IFCINDEXEDPOLYGONALFACE((21,24,22));
#3398=IFCINDEXEDPOLYGONALFACE((23,25,26));
#3399=IFCINDEXEDPOLYGONALFACE((23,26,24));
#3400=IFCINDEXEDPOLYGONALFACE((25,27,28));
#3401=IFCINDEXEDPOLYGONALFACE((25,28,26));
#3402=IFCINDEXEDPOLYGONALFACE((27,29,30));
#3403=IFCINDEXEDPOLYGONALFACE((27,30,28));
#3404=IFCINDEXEDPOLYGONALFACE((29,31,32));
#3405=IFCINDEXEDPOLYGONALFACE((29,32,30));
#3406=IFCINDEXEDPOLYGONALFACE((31,1,4));
#3407=IFCINDEXEDPOLYGONALFACE((31,4,32));
#3408=IFCINDEXEDPOLYGONALFACE((1,5,2));
#3409=IFCINDEXEDPOLYGONALFACE((4,3,6));
#3410=IFCINDEXEDPOLYGONALFACE((1,7,5));
#3411=IFCINDEXEDPOLYGONALFACE((4,6,8));
#3412=IFCINDEXEDPOLYGONALFACE((1,9,7));
#3413=IFCINDEXEDPOLYGONALFACE((4,8,10));
#3414=IFCINDEXEDPOLYGONALFACE((1,11,9));
#3415=IFCINDEXEDPOLYGONALFACE((4,10,12));
#3416=IFCINDEXEDPOLYGONALFACE((1,13,11));
#3417=IFCINDEXEDPOLYGONALFACE((4,12,14));
#3418=IFCINDEXEDPOLYGONALFACE((1,15,13));
#3419=IFCINDEXEDPOLYGONALFACE((4,14,16));
#3420=IFCINDEXEDPOLYGONALFACE((1,17,15));
#3421=IFCINDEXEDPOLYGONALFACE((4,16,18));
#3422=IFCINDEXEDPOLYGONALFACE((1,19,17));
#3423=IFCINDEXEDPOLYGONALFACE((4,18,20));
#3424=IFCINDEXEDPOLYGONALFACE((1,21,19));
#3425=IFCINDEXEDPOLYGONALFACE((4,20,22));
#3426=IFCINDEXEDPOLYGONALFACE((1,23,21));
#3427=IFCINDEXEDPOLYGONALFACE((4,22,24));
#3428=IFCINDEXEDPOLYGONALFACE((1,25,23));
#3429=IFCINDEXEDPOLYGONALFACE((4,24,26));
#3430=IFCINDEXEDPOLYGONALFACE((1,27,25));
#3431=IFCINDEXEDPOLYGONALFACE((4,26,28));
#3432=IFCINDEXEDPOLYGONALFACE((1,29,27));
#3433=IFCINDEXEDPOLYGONALFACE((4,28,30));
#3434=IFCINDEXEDPOLYGONALFACE((1,31,29));
#3435=IFCINDEXEDPOLYGONALFACE((4,30,32));
#3436=IFCCARTESIANPOINTLIST3D(((0.59,-0.3,0.38),(0.595,-0.29866,0.38),(0.595,-0.29866,0.4),(0.59,-0.3,0.4),(0.59866,-0.295,0.38),(0.59866,-0.295,0.4),(0.6,-0.29,0.38),(0.6,-0.29,0.4),(0.6,0.29,0.38),(0.6,0.29,0.4),(0.59866,0.295,0.38),(0.59866,0.295,0.4),(0.595,0.29866,0.38),(0.595,0.29866,0.4),(0.59,0.3,0.38),(0.59,0.3,0.4),(-0.59,0.3,0.38),(-0.59,0.3,0.4),(-0.595,0.29866,0.38),(-0.595,0.29866,0.4),(-0.59866,0.295,0.38),(-0.59866,0.295,0.4),(-0.6,0.29,0.38),(-0.6,0.29,0.4),(-0.6,-0.29,0.38),(-0.6,-0.29,0.4),(-0.59866,-0.295,0.38),(-0.59866,-0.295,0.4),(-0.595,-0.29866,0.38),(-0.595,-0.29866,0.4),(-0.59,-0.3,0.38),(-0.59,-0.3,0.4)));
#3437=IFCPOLYGONALFACESET(#3436,.T.,(#3376,#3377,#3378,#3379,#3380,#3381,#3382,#3383,#3384,#3385,#3386,#3387,#3388,#3389,#3390,#3391,#3392,#3393,#3394,#3395,#3396,#3397,#3398,#3399,#3400,#3401,#3402,#3403,#3404,#3405,#3406,#3407,#3408,#3409,#3410,#3411,#3412,#3413,#3414,#3415,#3416,#3417,#3418,#3419,#3420,#3421,#3422,#3423,#3424,#3425,#3426,#3427,#3428,#3429,#3430,#3431,#3432,#3433,#3434,#3435),$);
#3438=IFCCOLOURRGB($,0.14902,0.156863,0.172549);
#3439=IFCSURFACESTYLESHADING(#3438,0.);
#3440=IFCSURFACESTYLE('#26282C',.BOTH.,(#3439));
#3441=IFCSTYLEDITEM(#3437,(#3440),$);
#3442=IFCINDEXEDPOLYGONALFACE((1,2,3));
#3443=IFCINDEXEDPOLYGONALFACE((1,3,4));
#3444=IFCINDEXEDPOLYGONALFACE((2,5,6));
#3445=IFCINDEXEDPOLYGONALFACE((2,6,3));
#3446=IFCINDEXEDPOLYGONALFACE((5,7,8));
#3447=IFCINDEXEDPOLYGONALFACE((5,8,6));
#3448=IFCINDEXEDPOLYGONALFACE((7,1,4));
#3449=IFCINDEXEDPOLYGONALFACE((7,4,8));
#3450=IFCINDEXEDPOLYGONALFACE((1,5,2));
#3451=IFCINDEXEDPOLYGONALFACE((4,3,6));
#3452=IFCINDEXEDPOLYGONALFACE((1,7,5));
#3453=IFCINDEXEDPOLYGONALFACE((4,6,8));
#3454=IFCCARTESIANPOINTLIST3D(((-0.549,-0.2565,0.),(-0.483,-0.2565,0.),(-0.4896,-0.2532,0.38),(-0.5424,-0.2532,0.38),(-0.483,-0.2235,0.),(-0.4896,-0.2268,0.38),(-0.549,-0.2235,0.),(-0.5424,-0.2268,0.38)));
#3455=IFCPOLYGONALFACESET(#3454,.T.,(#3442,#3443,#3444,#3445,#3446,#3447,#3448,#3449,#3450,#3451,#3452,#3453),$);
#3456=IFCSTYLEDITEM(#3455,(#3440),$);
#3457=IFCINDEXEDPOLYGONALFACE((1,2,3));
#3458=IFCINDEXEDPOLYGONALFACE((1,3,4));
#3459=IFCINDEXEDPOLYGONALFACE((2,5,6));
#3460=IFCINDEXEDPOLYGONALFACE((2,6,3));
#3461=IFCINDEXEDPOLYGONALFACE((5,7,8));
#3462=IFCINDEXEDPOLYGONALFACE((5,8,6));
#3463=IFCINDEXEDPOLYGONALFACE((7,1,4));
#3464=IFCINDEXEDPOLYGONALFACE((7,4,8));
#3465=IFCINDEXEDPOLYGONALFACE((1,5,2));
#3466=IFCINDEXEDPOLYGONALFACE((4,3,6));
#3467=IFCINDEXEDPOLYGONALFACE((1,7,5));
#3468=IFCINDEXEDPOLYGONALFACE((4,6,8));
#3469=IFCCARTESIANPOINTLIST3D(((0.483,-0.2565,0.),(0.549,-0.2565,0.),(0.5424,-0.2532,0.38),(0.4896,-0.2532,0.38),(0.549,-0.2235,0.),(0.5424,-0.2268,0.38),(0.483,-0.2235,0.),(0.4896,-0.2268,0.38)));
#3470=IFCPOLYGONALFACESET(#3469,.T.,(#3457,#3458,#3459,#3460,#3461,#3462,#3463,#3464,#3465,#3466,#3467,#3468),$);
#3471=IFCSTYLEDITEM(#3470,(#3440),$);
#3472=IFCINDEXEDPOLYGONALFACE((1,2,3));
#3473=IFCINDEXEDPOLYGONALFACE((1,3,4));
#3474=IFCINDEXEDPOLYGONALFACE((2,5,6));
#3475=IFCINDEXEDPOLYGONALFACE((2,6,3));
#3476=IFCINDEXEDPOLYGONALFACE((5,7,8));
#3477=IFCINDEXEDPOLYGONALFACE((5,8,6));
#3478=IFCINDEXEDPOLYGONALFACE((7,1,4));
#3479=IFCINDEXEDPOLYGONALFACE((7,4,8));
#3480=IFCINDEXEDPOLYGONALFACE((1,5,2));
#3481=IFCINDEXEDPOLYGONALFACE((4,3,6));
#3482=IFCINDEXEDPOLYGONALFACE((1,7,5));
#3483=IFCINDEXEDPOLYGONALFACE((4,6,8));
#3484=IFCCARTESIANPOINTLIST3D(((-0.549,0.2235,0.),(-0.483,0.2235,0.),(-0.4896,0.2268,0.38),(-0.5424,0.2268,0.38),(-0.483,0.2565,0.),(-0.4896,0.2532,0.38),(-0.549,0.2565,0.),(-0.5424,0.2532,0.38)));
#3485=IFCPOLYGONALFACESET(#3484,.T.,(#3472,#3473,#3474,#3475,#3476,#3477,#3478,#3479,#3480,#3481,#3482,#3483),$);
#3486=IFCSTYLEDITEM(#3485,(#3440),$);
#3487=IFCINDEXEDPOLYGONALFACE((1,2,3));
#3488=IFCINDEXEDPOLYGONALFACE((1,3,4));
#3489=IFCINDEXEDPOLYGONALFACE((2,5,6));
#3490=IFCINDEXEDPOLYGONALFACE((2,6,3));
#3491=IFCINDEXEDPOLYGONALFACE((5,7,8));
#3492=IFCINDEXEDPOLYGONALFACE((5,8,6));
#3493=IFCINDEXEDPOLYGONALFACE((7,1,4));
#3494=IFCINDEXEDPOLYGONALFACE((7,4,8));
#3495=IFCINDEXEDPOLYGONALFACE((1,5,2));
#3496=IFCINDEXEDPOLYGONALFACE((4,3,6));
#3497=IFCINDEXEDPOLYGONALFACE((1,7,5));
#3498=IFCINDEXEDPOLYGONALFACE((4,6,8));
#3499=IFCCARTESIANPOINTLIST3D(((0.483,0.2235,0.),(0.549,0.2235,0.),(0.5424,0.2268,0.38),(0.4896,0.2268,0.38),(0.549,0.2565,0.),(0.5424,0.2532,0.38),(0.483,0.2565,0.),(0.4896,0.2532,0.38)));
#3500=IFCPOLYGONALFACESET(#3499,.T.,(#3487,#3488,#3489,#3490,#3491,#3492,#3493,#3494,#3495,#3496,#3497,#3498),$);
#3501=IFCSTYLEDITEM(#3500,(#3440),$);
#3502=IFCSHAPEREPRESENTATION(#12,'Body','Tessellation',(#3437,#3455,#3470,#3485,#3500));
#3503=IFCPRODUCTDEFINITIONSHAPE($,$,(#3502));
#3504=IFCFURNITURE('2tqAoPciQGS$4n_7QQLFvl',#5,'Table','Skanna asset library',$,#3375,#3503,$,.TABLE.);
#3505=IFCCARTESIANPOINT((1.2,6.1,0.));
#3506=IFCDIRECTION((0.,0.,1.));
#3507=IFCDIRECTION((0.,1.,0.));
#3508=IFCAXIS2PLACEMENT3D(#3505,#3506,#3507);
#3509=IFCLOCALPLACEMENT(#26,#3508);
#3510=IFCCARTESIANPOINT((0.,0.));
#3511=IFCAXIS2PLACEMENT2D(#3510,$);
#3512=IFCRECTANGLEPROFILEDEF(.AREA.,$,#3511,1.692,1.92);
#3513=IFCCARTESIANPOINT((0.,0.,0.));
#3514=IFCAXIS2PLACEMENT3D(#3513,$,$);
#3515=IFCDIRECTION((0.,0.,1.));
#3516=IFCEXTRUDEDAREASOLID(#3512,#3514,#3515,0.14);
#3517=IFCCOLOURRGB($,0.811765,0.8,0.776471);
#3518=IFCSURFACESTYLESHADING(#3517,0.);
#3519=IFCSURFACESTYLE('#cfccc6',.BOTH.,(#3518));
#3520=IFCSTYLEDITEM(#3516,(#3519),$);
#3521=IFCINDEXEDPOLYGONALFACE((1,2,3));
#3522=IFCINDEXEDPOLYGONALFACE((1,3,4));
#3523=IFCINDEXEDPOLYGONALFACE((2,5,6));
#3524=IFCINDEXEDPOLYGONALFACE((2,6,3));
#3525=IFCINDEXEDPOLYGONALFACE((5,7,8));
#3526=IFCINDEXEDPOLYGONALFACE((5,8,6));
#3527=IFCINDEXEDPOLYGONALFACE((7,9,10));
#3528=IFCINDEXEDPOLYGONALFACE((7,10,8));
#3529=IFCINDEXEDPOLYGONALFACE((9,11,12));
#3530=IFCINDEXEDPOLYGONALFACE((9,12,10));
#3531=IFCINDEXEDPOLYGONALFACE((11,13,14));
#3532=IFCINDEXEDPOLYGONALFACE((11,14,12));
#3533=IFCINDEXEDPOLYGONALFACE((13,15,16));
#3534=IFCINDEXEDPOLYGONALFACE((13,16,14));
#3535=IFCINDEXEDPOLYGONALFACE((15,17,18));
#3536=IFCINDEXEDPOLYGONALFACE((15,18,16));
#3537=IFCINDEXEDPOLYGONALFACE((17,19,20));
#3538=IFCINDEXEDPOLYGONALFACE((17,20,18));
#3539=IFCINDEXEDPOLYGONALFACE((19,21,22));
#3540=IFCINDEXEDPOLYGONALFACE((19,22,20));
#3541=IFCINDEXEDPOLYGONALFACE((21,23,24));
#3542=IFCINDEXEDPOLYGONALFACE((21,24,22));
#3543=IFCINDEXEDPOLYGONALFACE((23,25,26));
#3544=IFCINDEXEDPOLYGONALFACE((23,26,24));
#3545=IFCINDEXEDPOLYGONALFACE((25,27,28));
#3546=IFCINDEXEDPOLYGONALFACE((25,28,26));
#3547=IFCINDEXEDPOLYGONALFACE((27,29,30));
#3548=IFCINDEXEDPOLYGONALFACE((27,30,28));
#3549=IFCINDEXEDPOLYGONALFACE((29,31,32));
#3550=IFCINDEXEDPOLYGONALFACE((29,32,30));
#3551=IFCINDEXEDPOLYGONALFACE((31,1,4));
#3552=IFCINDEXEDPOLYGONALFACE((31,4,32));
#3553=IFCINDEXEDPOLYGONALFACE((1,5,2));
#3554=IFCINDEXEDPOLYGONALFACE((4,3,6));
#3555=IFCINDEXEDPOLYGONALFACE((1,7,5));
#3556=IFCINDEXEDPOLYGONALFACE((4,6,8));
#3557=IFCINDEXEDPOLYGONALFACE((1,9,7));
#3558=IFCINDEXEDPOLYGONALFACE((4,8,10));
#3559=IFCINDEXEDPOLYGONALFACE((1,11,9));
#3560=IFCINDEXEDPOLYGONALFACE((4,10,12));
#3561=IFCINDEXEDPOLYGONALFACE((1,13,11));
#3562=IFCINDEXEDPOLYGONALFACE((4,12,14));
#3563=IFCINDEXEDPOLYGONALFACE((1,15,13));
#3564=IFCINDEXEDPOLYGONALFACE((4,14,16));
#3565=IFCINDEXEDPOLYGONALFACE((1,17,15));
#3566=IFCINDEXEDPOLYGONALFACE((4,16,18));
#3567=IFCINDEXEDPOLYGONALFACE((1,19,17));
#3568=IFCINDEXEDPOLYGONALFACE((4,18,20));
#3569=IFCINDEXEDPOLYGONALFACE((1,21,19));
#3570=IFCINDEXEDPOLYGONALFACE((4,20,22));
#3571=IFCINDEXEDPOLYGONALFACE((1,23,21));
#3572=IFCINDEXEDPOLYGONALFACE((4,22,24));
#3573=IFCINDEXEDPOLYGONALFACE((1,25,23));
#3574=IFCINDEXEDPOLYGONALFACE((4,24,26));
#3575=IFCINDEXEDPOLYGONALFACE((1,27,25));
#3576=IFCINDEXEDPOLYGONALFACE((4,26,28));
#3577=IFCINDEXEDPOLYGONALFACE((1,29,27));
#3578=IFCINDEXEDPOLYGONALFACE((4,28,30));
#3579=IFCINDEXEDPOLYGONALFACE((1,31,29));
#3580=IFCINDEXEDPOLYGONALFACE((4,30,32));
#3581=IFCCARTESIANPOINTLIST3D(((0.888,-1.,0.14),(0.894,-0.998392,0.14),(0.894,-0.998392,0.3),(0.888,-1.,0.3),(0.898392,-0.994,0.14),(0.898392,-0.994,0.3),(0.9,-0.988,0.14),(0.9,-0.988,0.3),(0.9,0.988,0.14),(0.9,0.988,0.3),(0.898392,0.994,0.14),(0.898392,0.994,0.3),(0.894,0.998392,0.14),(0.894,0.998392,0.3),(0.888,1.,0.14),(0.888,1.,0.3),(-0.888,1.,0.14),(-0.888,1.,0.3),(-0.894,0.998392,0.14),(-0.894,0.998392,0.3),(-0.898392,0.994,0.14),(-0.898392,0.994,0.3),(-0.9,0.988,0.14),(-0.9,0.988,0.3),(-0.9,-0.988,0.14),(-0.9,-0.988,0.3),(-0.898392,-0.994,0.14),(-0.898392,-0.994,0.3),(-0.894,-0.998392,0.14),(-0.894,-0.998392,0.3),(-0.888,-1.,0.14),(-0.888,-1.,0.3)));
#3582=IFCPOLYGONALFACESET(#3581,.T.,(#3521,#3522,#3523,#3524,#3525,#3526,#3527,#3528,#3529,#3530,#3531,#3532,#3533,#3534,#3535,#3536,#3537,#3538,#3539,#3540,#3541,#3542,#3543,#3544,#3545,#3546,#3547,#3548,#3549,#3550,#3551,#3552,#3553,#3554,#3555,#3556,#3557,#3558,#3559,#3560,#3561,#3562,#3563,#3564,#3565,#3566,#3567,#3568,#3569,#3570,#3571,#3572,#3573,#3574,#3575,#3576,#3577,#3578,#3579,#3580),$);
#3583=IFCCOLOURRGB($,0.945098,0.937255,0.92549);
#3584=IFCSURFACESTYLESHADING(#3583,0.);
#3585=IFCSURFACESTYLE('#f1efec',.BOTH.,(#3584));
#3586=IFCSTYLEDITEM(#3582,(#3585),$);
#3587=IFCINDEXEDPOLYGONALFACE((1,2,3));
#3588=IFCINDEXEDPOLYGONALFACE((1,3,4));
#3589=IFCINDEXEDPOLYGONALFACE((2,5,6));
#3590=IFCINDEXEDPOLYGONALFACE((2,6,3));
#3591=IFCINDEXEDPOLYGONALFACE((5,7,8));
#3592=IFCINDEXEDPOLYGONALFACE((5,8,6));
#3593=IFCINDEXEDPOLYGONALFACE((7,9,10));
#3594=IFCINDEXEDPOLYGONALFACE((7,10,8));
#3595=IFCINDEXEDPOLYGONALFACE((9,11,12));
#3596=IFCINDEXEDPOLYGONALFACE((9,12,10));
#3597=IFCINDEXEDPOLYGONALFACE((11,13,14));
#3598=IFCINDEXEDPOLYGONALFACE((11,14,12));
#3599=IFCINDEXEDPOLYGONALFACE((13,15,16));
#3600=IFCINDEXEDPOLYGONALFACE((13,16,14));
#3601=IFCINDEXEDPOLYGONALFACE((15,17,18));
#3602=IFCINDEXEDPOLYGONALFACE((15,18,16));
#3603=IFCINDEXEDPOLYGONALFACE((17,19,20));
#3604=IFCINDEXEDPOLYGONALFACE((17,20,18));
#3605=IFCINDEXEDPOLYGONALFACE((19,21,22));
#3606=IFCINDEXEDPOLYGONALFACE((19,22,20));
#3607=IFCINDEXEDPOLYGONALFACE((21,23,24));
#3608=IFCINDEXEDPOLYGONALFACE((21,24,22));
#3609=IFCINDEXEDPOLYGONALFACE((23,25,26));
#3610=IFCINDEXEDPOLYGONALFACE((23,26,24));
#3611=IFCINDEXEDPOLYGONALFACE((25,27,28));
#3612=IFCINDEXEDPOLYGONALFACE((25,28,26));
#3613=IFCINDEXEDPOLYGONALFACE((27,29,30));
#3614=IFCINDEXEDPOLYGONALFACE((27,30,28));
#3615=IFCINDEXEDPOLYGONALFACE((29,31,32));
#3616=IFCINDEXEDPOLYGONALFACE((29,32,30));
#3617=IFCINDEXEDPOLYGONALFACE((31,1,4));
#3618=IFCINDEXEDPOLYGONALFACE((31,4,32));
#3619=IFCINDEXEDPOLYGONALFACE((1,5,2));
#3620=IFCINDEXEDPOLYGONALFACE((4,3,6));
#3621=IFCINDEXEDPOLYGONALFACE((1,7,5));
#3622=IFCINDEXEDPOLYGONALFACE((4,6,8));
#3623=IFCINDEXEDPOLYGONALFACE((1,9,7));
#3624=IFCINDEXEDPOLYGONALFACE((4,8,10));
#3625=IFCINDEXEDPOLYGONALFACE((1,11,9));
#3626=IFCINDEXEDPOLYGONALFACE((4,10,12));
#3627=IFCINDEXEDPOLYGONALFACE((1,13,11));
#3628=IFCINDEXEDPOLYGONALFACE((4,12,14));
#3629=IFCINDEXEDPOLYGONALFACE((1,15,13));
#3630=IFCINDEXEDPOLYGONALFACE((4,14,16));
#3631=IFCINDEXEDPOLYGONALFACE((1,17,15));
#3632=IFCINDEXEDPOLYGONALFACE((4,16,18));
#3633=IFCINDEXEDPOLYGONALFACE((1,19,17));
#3634=IFCINDEXEDPOLYGONALFACE((4,18,20));
#3635=IFCINDEXEDPOLYGONALFACE((1,21,19));
#3636=IFCINDEXEDPOLYGONALFACE((4,20,22));
#3637=IFCINDEXEDPOLYGONALFACE((1,23,21));
#3638=IFCINDEXEDPOLYGONALFACE((4,22,24));
#3639=IFCINDEXEDPOLYGONALFACE((1,25,23));
#3640=IFCINDEXEDPOLYGONALFACE((4,24,26));
#3641=IFCINDEXEDPOLYGONALFACE((1,27,25));
#3642=IFCINDEXEDPOLYGONALFACE((4,26,28));
#3643=IFCINDEXEDPOLYGONALFACE((1,29,27));
#3644=IFCINDEXEDPOLYGONALFACE((4,28,30));
#3645=IFCINDEXEDPOLYGONALFACE((1,31,29));
#3646=IFCINDEXEDPOLYGONALFACE((4,30,32));
#3647=IFCCARTESIANPOINTLIST3D(((0.805,-0.98,0.3),(0.83,-0.973301,0.3),(0.83,-0.973301,0.52),(0.805,-0.98,0.52),(0.848301,-0.955,0.3),(0.848301,-0.955,0.52),(0.855,-0.93,0.3),(0.855,-0.93,0.52),(0.855,0.93,0.3),(0.855,0.93,0.52),(0.848301,0.955,0.3),(0.848301,0.955,0.52),(0.83,0.973301,0.3),(0.83,0.973301,0.52),(0.805,0.98,0.3),(0.805,0.98,0.52),(-0.805,0.98,0.3),(-0.805,0.98,0.52),(-0.83,0.973301,0.3),(-0.83,0.973301,0.52),(-0.848301,0.955,0.3),(-0.848301,0.955,0.52),(-0.855,0.93,0.3),(-0.855,0.93,0.52),(-0.855,-0.93,0.3),(-0.855,-0.93,0.52),(-0.848301,-0.955,0.3),(-0.848301,-0.955,0.52),(-0.83,-0.973301,0.3),(-0.83,-0.973301,0.52),(-0.805,-0.98,0.3),(-0.805,-0.98,0.52)));
#3648=IFCPOLYGONALFACESET(#3647,.T.,(#3587,#3588,#3589,#3590,#3591,#3592,#3593,#3594,#3595,#3596,#3597,#3598,#3599,#3600,#3601,#3602,#3603,#3604,#3605,#3606,#3607,#3608,#3609,#3610,#3611,#3612,#3613,#3614,#3615,#3616,#3617,#3618,#3619,#3620,#3621,#3622,#3623,#3624,#3625,#3626,#3627,#3628,#3629,#3630,#3631,#3632,#3633,#3634,#3635,#3636,#3637,#3638,#3639,#3640,#3641,#3642,#3643,#3644,#3645,#3646),$);
#3649=IFCCOLOURRGB($,0.937255,0.929412,0.909804);
#3650=IFCSURFACESTYLESHADING(#3649,0.);
#3651=IFCSURFACESTYLE('#efedE8',.BOTH.,(#3650));
#3652=IFCSTYLEDITEM(#3648,(#3651),$);
#3653=IFCINDEXEDPOLYGONALFACE((1,2,3));
#3654=IFCINDEXEDPOLYGONALFACE((1,3,4));
#3655=IFCINDEXEDPOLYGONALFACE((2,5,6));
#3656=IFCINDEXEDPOLYGONALFACE((2,6,3));
#3657=IFCINDEXEDPOLYGONALFACE((5,7,8));
#3658=IFCINDEXEDPOLYGONALFACE((5,8,6));
#3659=IFCINDEXEDPOLYGONALFACE((7,9,10));
#3660=IFCINDEXEDPOLYGONALFACE((7,10,8));
#3661=IFCINDEXEDPOLYGONALFACE((9,11,12));
#3662=IFCINDEXEDPOLYGONALFACE((9,12,10));
#3663=IFCINDEXEDPOLYGONALFACE((11,13,14));
#3664=IFCINDEXEDPOLYGONALFACE((11,14,12));
#3665=IFCINDEXEDPOLYGONALFACE((13,15,16));
#3666=IFCINDEXEDPOLYGONALFACE((13,16,14));
#3667=IFCINDEXEDPOLYGONALFACE((15,17,18));
#3668=IFCINDEXEDPOLYGONALFACE((15,18,16));
#3669=IFCINDEXEDPOLYGONALFACE((17,19,20));
#3670=IFCINDEXEDPOLYGONALFACE((17,20,18));
#3671=IFCINDEXEDPOLYGONALFACE((19,21,22));
#3672=IFCINDEXEDPOLYGONALFACE((19,22,20));
#3673=IFCINDEXEDPOLYGONALFACE((21,23,24));
#3674=IFCINDEXEDPOLYGONALFACE((21,24,22));
#3675=IFCINDEXEDPOLYGONALFACE((23,25,26));
#3676=IFCINDEXEDPOLYGONALFACE((23,26,24));
#3677=IFCINDEXEDPOLYGONALFACE((25,27,28));
#3678=IFCINDEXEDPOLYGONALFACE((25,28,26));
#3679=IFCINDEXEDPOLYGONALFACE((27,29,30));
#3680=IFCINDEXEDPOLYGONALFACE((27,30,28));
#3681=IFCINDEXEDPOLYGONALFACE((29,31,32));
#3682=IFCINDEXEDPOLYGONALFACE((29,32,30));
#3683=IFCINDEXEDPOLYGONALFACE((31,1,4));
#3684=IFCINDEXEDPOLYGONALFACE((31,4,32));
#3685=IFCINDEXEDPOLYGONALFACE((1,5,2));
#3686=IFCINDEXEDPOLYGONALFACE((4,3,6));
#3687=IFCINDEXEDPOLYGONALFACE((1,7,5));
#3688=IFCINDEXEDPOLYGONALFACE((4,6,8));
#3689=IFCINDEXEDPOLYGONALFACE((1,9,7));
#3690=IFCINDEXEDPOLYGONALFACE((4,8,10));
#3691=IFCINDEXEDPOLYGONALFACE((1,11,9));
#3692=IFCINDEXEDPOLYGONALFACE((4,10,12));
#3693=IFCINDEXEDPOLYGONALFACE((1,13,11));
#3694=IFCINDEXEDPOLYGONALFACE((4,12,14));
#3695=IFCINDEXEDPOLYGONALFACE((1,15,13));
#3696=IFCINDEXEDPOLYGONALFACE((4,14,16));
#3697=IFCINDEXEDPOLYGONALFACE((1,17,15));
#3698=IFCINDEXEDPOLYGONALFACE((4,16,18));
#3699=IFCINDEXEDPOLYGONALFACE((1,19,17));
#3700=IFCINDEXEDPOLYGONALFACE((4,18,20));
#3701=IFCINDEXEDPOLYGONALFACE((1,21,19));
#3702=IFCINDEXEDPOLYGONALFACE((4,20,22));
#3703=IFCINDEXEDPOLYGONALFACE((1,23,21));
#3704=IFCINDEXEDPOLYGONALFACE((4,22,24));
#3705=IFCINDEXEDPOLYGONALFACE((1,25,23));
#3706=IFCINDEXEDPOLYGONALFACE((4,24,26));
#3707=IFCINDEXEDPOLYGONALFACE((1,27,25));
#3708=IFCINDEXEDPOLYGONALFACE((4,26,28));
#3709=IFCINDEXEDPOLYGONALFACE((1,29,27));
#3710=IFCINDEXEDPOLYGONALFACE((4,28,30));
#3711=IFCINDEXEDPOLYGONALFACE((1,31,29));
#3712=IFCINDEXEDPOLYGONALFACE((4,30,32));
#3713=IFCCARTESIANPOINTLIST3D(((-0.118,0.51,0.5),(-0.0905,0.517369,0.5),(-0.1265,0.537369,0.575),(-0.154,0.53,0.575),(-0.070369,0.5375,0.5),(-0.106369,0.5575,0.575),(-0.063,0.565,0.5),(-0.099,0.585,0.575),(-0.063,0.855,0.5),(-0.099,0.835,0.575),(-0.070369,0.8825,0.5),(-0.106369,0.8625,0.575),(-0.0905,0.902631,0.5),(-0.1265,0.882631,0.575),(-0.118,0.91,0.5),(-0.154,0.89,0.575),(-0.728,0.91,0.5),(-0.692,0.89,0.575),(-0.7555,0.902631,0.5),(-0.7195,0.882631,0.575),(-0.775631,0.8825,0.5),(-0.739631,0.8625,0.575),(-0.783,0.855,0.5),(-0.747,0.835,0.575),(-0.783,0.565,0.5),(-0.747,0.585,0.575),(-0.775631,0.5375,0.5),(-0.739631,0.5575,0.575),(-0.7555,0.517369,0.5),(-0.7195,0.537369,0.575),(-0.728,0.51,0.5),(-0.692,0.53,0.575)));
#3714=IFCPOLYGONALFACESET(#3713,.T.,(#3653,#3654,#3655,#3656,#3657,#3658,#3659,#3660,#3661,#3662,#3663,#3664,#3665,#3666,#3667,#3668,#3669,#3670,#3671,#3672,#3673,#3674,#3675,#3676,#3677,#3678,#3679,#3680,#3681,#3682,#3683,#3684,#3685,#3686,#3687,#3688,#3689,#3690,#3691,#3692,#3693,#3694,#3695,#3696,#3697,#3698,#3699,#3700,#3701,#3702,#3703,#3704,#3705,#3706,#3707,#3708,#3709,#3710,#3711,#3712),$);
#3715=IFCCOLOURRGB($,0.988235,0.984314,0.976471);
#3716=IFCSURFACESTYLESHADING(#3715,0.);
#3717=IFCSURFACESTYLE('#fcfbf9',.BOTH.,(#3716));
#3718=IFCSTYLEDITEM(#3714,(#3717),$);
#3719=IFCINDEXEDPOLYGONALFACE((1,2,3));
#3720=IFCINDEXEDPOLYGONALFACE((1,3,4));
#3721=IFCINDEXEDPOLYGONALFACE((2,5,6));
#3722=IFCINDEXEDPOLYGONALFACE((2,6,3));
#3723=IFCINDEXEDPOLYGONALFACE((5,7,8));
#3724=IFCINDEXEDPOLYGONALFACE((5,8,6));
#3725=IFCINDEXEDPOLYGONALFACE((7,9,10));
#3726=IFCINDEXEDPOLYGONALFACE((7,10,8));
#3727=IFCINDEXEDPOLYGONALFACE((9,11,12));
#3728=IFCINDEXEDPOLYGONALFACE((9,12,10));
#3729=IFCINDEXEDPOLYGONALFACE((11,13,14));
#3730=IFCINDEXEDPOLYGONALFACE((11,14,12));
#3731=IFCINDEXEDPOLYGONALFACE((13,15,16));
#3732=IFCINDEXEDPOLYGONALFACE((13,16,14));
#3733=IFCINDEXEDPOLYGONALFACE((15,17,18));
#3734=IFCINDEXEDPOLYGONALFACE((15,18,16));
#3735=IFCINDEXEDPOLYGONALFACE((17,19,20));
#3736=IFCINDEXEDPOLYGONALFACE((17,20,18));
#3737=IFCINDEXEDPOLYGONALFACE((19,21,22));
#3738=IFCINDEXEDPOLYGONALFACE((19,22,20));
#3739=IFCINDEXEDPOLYGONALFACE((21,23,24));
#3740=IFCINDEXEDPOLYGONALFACE((21,24,22));
#3741=IFCINDEXEDPOLYGONALFACE((23,25,26));
#3742=IFCINDEXEDPOLYGONALFACE((23,26,24));
#3743=IFCINDEXEDPOLYGONALFACE((25,27,28));
#3744=IFCINDEXEDPOLYGONALFACE((25,28,26));
#3745=IFCINDEXEDPOLYGONALFACE((27,29,30));
#3746=IFCINDEXEDPOLYGONALFACE((27,30,28));
#3747=IFCINDEXEDPOLYGONALFACE((29,31,32));
#3748=IFCINDEXEDPOLYGONALFACE((29,32,30));
#3749=IFCINDEXEDPOLYGONALFACE((31,1,4));
#3750=IFCINDEXEDPOLYGONALFACE((31,4,32));
#3751=IFCINDEXEDPOLYGONALFACE((1,5,2));
#3752=IFCINDEXEDPOLYGONALFACE((4,3,6));
#3753=IFCINDEXEDPOLYGONALFACE((1,7,5));
#3754=IFCINDEXEDPOLYGONALFACE((4,6,8));
#3755=IFCINDEXEDPOLYGONALFACE((1,9,7));
#3756=IFCINDEXEDPOLYGONALFACE((4,8,10));
#3757=IFCINDEXEDPOLYGONALFACE((1,11,9));
#3758=IFCINDEXEDPOLYGONALFACE((4,10,12));
#3759=IFCINDEXEDPOLYGONALFACE((1,13,11));
#3760=IFCINDEXEDPOLYGONALFACE((4,12,14));
#3761=IFCINDEXEDPOLYGONALFACE((1,15,13));
#3762=IFCINDEXEDPOLYGONALFACE((4,14,16));
#3763=IFCINDEXEDPOLYGONALFACE((1,17,15));
#3764=IFCINDEXEDPOLYGONALFACE((4,16,18));
#3765=IFCINDEXEDPOLYGONALFACE((1,19,17));
#3766=IFCINDEXEDPOLYGONALFACE((4,18,20));
#3767=IFCINDEXEDPOLYGONALFACE((1,21,19));
#3768=IFCINDEXEDPOLYGONALFACE((4,20,22));
#3769=IFCINDEXEDPOLYGONALFACE((1,23,21));
#3770=IFCINDEXEDPOLYGONALFACE((4,22,24));
#3771=IFCINDEXEDPOLYGONALFACE((1,25,23));
#3772=IFCINDEXEDPOLYGONALFACE((4,24,26));
#3773=IFCINDEXEDPOLYGONALFACE((1,27,25));
#3774=IFCINDEXEDPOLYGONALFACE((4,26,28));
#3775=IFCINDEXEDPOLYGONALFACE((1,29,27));
#3776=IFCINDEXEDPOLYGONALFACE((4,28,30));
#3777=IFCINDEXEDPOLYGONALFACE((1,31,29));
#3778=IFCINDEXEDPOLYGONALFACE((4,30,32));
#3779=IFCCARTESIANPOINTLIST3D(((0.728,0.51,0.5),(0.7555,0.517369,0.5),(0.7195,0.537369,0.575),(0.692,0.53,0.575),(0.775631,0.5375,0.5),(0.739631,0.5575,0.575),(0.783,0.565,0.5),(0.747,0.585,0.575),(0.783,0.855,0.5),(0.747,0.835,0.575),(0.775631,0.8825,0.5),(0.739631,0.8625,0.575),(0.7555,0.902631,0.5),(0.7195,0.882631,0.575),(0.728,0.91,0.5),(0.692,0.89,0.575),(0.118,0.91,0.5),(0.154,0.89,0.575),(0.0905,0.902631,0.5),(0.1265,0.882631,0.575),(0.070369,0.8825,0.5),(0.106369,0.8625,0.575),(0.063,0.855,0.5),(0.099,0.835,0.575),(0.063,0.565,0.5),(0.099,0.585,0.575),(0.070369,0.5375,0.5),(0.106369,0.5575,0.575),(0.0905,0.517369,0.5),(0.1265,0.537369,0.575),(0.118,0.51,0.5),(0.154,0.53,0.575)));
#3780=IFCPOLYGONALFACESET(#3779,.T.,(#3719,#3720,#3721,#3722,#3723,#3724,#3725,#3726,#3727,#3728,#3729,#3730,#3731,#3732,#3733,#3734,#3735,#3736,#3737,#3738,#3739,#3740,#3741,#3742,#3743,#3744,#3745,#3746,#3747,#3748,#3749,#3750,#3751,#3752,#3753,#3754,#3755,#3756,#3757,#3758,#3759,#3760,#3761,#3762,#3763,#3764,#3765,#3766,#3767,#3768,#3769,#3770,#3771,#3772,#3773,#3774,#3775,#3776,#3777,#3778),$);
#3781=IFCSTYLEDITEM(#3780,(#3717),$);
#3782=IFCSHAPEREPRESENTATION(#12,'Body','SolidModel',(#3516,#3582,#3648,#3714,#3780));
#3783=IFCPRODUCTDEFINITIONSHAPE($,$,(#3782));
#3784=IFCFURNITURE('32lp3GHS0ErnnSab1$yNr7',#5,'Bed — king','Skanna asset library',$,#3509,#3783,$,.BED.);
#3785=IFCCARTESIANPOINT((4.26,11.27,0.));
#3786=IFCDIRECTION((0.,0.,1.));
#3787=IFCDIRECTION((0.,-1.,0.));
#3788=IFCAXIS2PLACEMENT3D(#3785,#3786,#3787);
#3789=IFCLOCALPLACEMENT(#26,#3788);
#3790=IFCINDEXEDPOLYGONALFACE((1,2,3));
#3791=IFCINDEXEDPOLYGONALFACE((1,3,4));
#3792=IFCINDEXEDPOLYGONALFACE((2,5,6));
#3793=IFCINDEXEDPOLYGONALFACE((2,6,3));
#3794=IFCINDEXEDPOLYGONALFACE((5,7,8));
#3795=IFCINDEXEDPOLYGONALFACE((5,8,6));
#3796=IFCINDEXEDPOLYGONALFACE((7,9,10));
#3797=IFCINDEXEDPOLYGONALFACE((7,10,8));
#3798=IFCINDEXEDPOLYGONALFACE((9,11,12));
#3799=IFCINDEXEDPOLYGONALFACE((9,12,10));
#3800=IFCINDEXEDPOLYGONALFACE((11,13,14));
#3801=IFCINDEXEDPOLYGONALFACE((11,14,12));
#3802=IFCINDEXEDPOLYGONALFACE((13,15,16));
#3803=IFCINDEXEDPOLYGONALFACE((13,16,14));
#3804=IFCINDEXEDPOLYGONALFACE((15,17,18));
#3805=IFCINDEXEDPOLYGONALFACE((15,18,16));
#3806=IFCINDEXEDPOLYGONALFACE((17,19,20));
#3807=IFCINDEXEDPOLYGONALFACE((17,20,18));
#3808=IFCINDEXEDPOLYGONALFACE((19,21,22));
#3809=IFCINDEXEDPOLYGONALFACE((19,22,20));
#3810=IFCINDEXEDPOLYGONALFACE((21,23,24));
#3811=IFCINDEXEDPOLYGONALFACE((21,24,22));
#3812=IFCINDEXEDPOLYGONALFACE((23,25,26));
#3813=IFCINDEXEDPOLYGONALFACE((23,26,24));
#3814=IFCINDEXEDPOLYGONALFACE((25,27,28));
#3815=IFCINDEXEDPOLYGONALFACE((25,28,26));
#3816=IFCINDEXEDPOLYGONALFACE((27,29,30));
#3817=IFCINDEXEDPOLYGONALFACE((27,30,28));
#3818=IFCINDEXEDPOLYGONALFACE((29,31,32));
#3819=IFCINDEXEDPOLYGONALFACE((29,32,30));
#3820=IFCINDEXEDPOLYGONALFACE((31,1,4));
#3821=IFCINDEXEDPOLYGONALFACE((31,4,32));
#3822=IFCINDEXEDPOLYGONALFACE((1,5,2));
#3823=IFCINDEXEDPOLYGONALFACE((4,3,6));
#3824=IFCINDEXEDPOLYGONALFACE((1,7,5));
#3825=IFCINDEXEDPOLYGONALFACE((4,6,8));
#3826=IFCINDEXEDPOLYGONALFACE((1,9,7));
#3827=IFCINDEXEDPOLYGONALFACE((4,8,10));
#3828=IFCINDEXEDPOLYGONALFACE((1,11,9));
#3829=IFCINDEXEDPOLYGONALFACE((4,10,12));
#3830=IFCINDEXEDPOLYGONALFACE((1,13,11));
#3831=IFCINDEXEDPOLYGONALFACE((4,12,14));
#3832=IFCINDEXEDPOLYGONALFACE((1,15,13));
#3833=IFCINDEXEDPOLYGONALFACE((4,14,16));
#3834=IFCINDEXEDPOLYGONALFACE((1,17,15));
#3835=IFCINDEXEDPOLYGONALFACE((4,16,18));
#3836=IFCINDEXEDPOLYGONALFACE((1,19,17));
#3837=IFCINDEXEDPOLYGONALFACE((4,18,20));
#3838=IFCINDEXEDPOLYGONALFACE((1,21,19));
#3839=IFCINDEXEDPOLYGONALFACE((4,20,22));
#3840=IFCINDEXEDPOLYGONALFACE((1,23,21));
#3841=IFCINDEXEDPOLYGONALFACE((4,22,24));
#3842=IFCINDEXEDPOLYGONALFACE((1,25,23));
#3843=IFCINDEXEDPOLYGONALFACE((4,24,26));
#3844=IFCINDEXEDPOLYGONALFACE((1,27,25));
#3845=IFCINDEXEDPOLYGONALFACE((4,26,28));
#3846=IFCINDEXEDPOLYGONALFACE((1,29,27));
#3847=IFCINDEXEDPOLYGONALFACE((4,28,30));
#3848=IFCINDEXEDPOLYGONALFACE((1,31,29));
#3849=IFCINDEXEDPOLYGONALFACE((4,30,32));
#3850=IFCCARTESIANPOINTLIST3D(((0.16,0.154,0.272),(0.175,0.158019,0.272),(0.175,0.158019,0.8),(0.16,0.154,0.8),(0.185981,0.169,0.272),(0.185981,0.169,0.8),(0.19,0.184,0.272),(0.19,0.184,0.8),(0.19,0.32,0.272),(0.19,0.32,0.8),(0.185981,0.335,0.272),(0.185981,0.335,0.8),(0.175,0.345981,0.272),(0.175,0.345981,0.8),(0.16,0.35,0.272),(0.16,0.35,0.8),(-0.16,0.35,0.272),(-0.16,0.35,0.8),(-0.175,0.345981,0.272),(-0.175,0.345981,0.8),(-0.185981,0.335,0.272),(-0.185981,0.335,0.8),(-0.19,0.32,0.272),(-0.19,0.32,0.8),(-0.19,0.184,0.272),(-0.19,0.184,0.8),(-0.185981,0.169,0.272),(-0.185981,0.169,0.8),(-0.175,0.158019,0.272),(-0.175,0.158019,0.8),(-0.16,0.154,0.272),(-0.16,0.154,0.8)));
#3851=IFCPOLYGONALFACESET(#3850,.T.,(#3790,#3791,#3792,#3793,#3794,#3795,#3796,#3797,#3798,#3799,#3800,#3801,#3802,#3803,#3804,#3805,#3806,#3807,#3808,#3809,#3810,#3811,#3812,#3813,#3814,#3815,#3816,#3817,#3818,#3819,#3820,#3821,#3822,#3823,#3824,#3825,#3826,#3827,#3828,#3829,#3830,#3831,#3832,#3833,#3834,#3835,#3836,#3837,#3838,#3839,#3840,#3841,#3842,#3843,#3844,#3845,#3846,#3847,#3848,#3849),$);
#3852=IFCSTYLEDITEM(#3851,(#2952),$);
#3853=IFCINDEXEDPOLYGONALFACE((1,2,3));
#3854=IFCINDEXEDPOLYGONALFACE((1,3,4));
#3855=IFCINDEXEDPOLYGONALFACE((2,5,6));
#3856=IFCINDEXEDPOLYGONALFACE((2,6,3));
#3857=IFCINDEXEDPOLYGONALFACE((5,7,8));
#3858=IFCINDEXEDPOLYGONALFACE((5,8,6));
#3859=IFCINDEXEDPOLYGONALFACE((7,9,10));
#3860=IFCINDEXEDPOLYGONALFACE((7,10,8));
#3861=IFCINDEXEDPOLYGONALFACE((9,11,12));
#3862=IFCINDEXEDPOLYGONALFACE((9,12,10));
#3863=IFCINDEXEDPOLYGONALFACE((11,13,14));
#3864=IFCINDEXEDPOLYGONALFACE((11,14,12));
#3865=IFCINDEXEDPOLYGONALFACE((13,15,16));
#3866=IFCINDEXEDPOLYGONALFACE((13,16,14));
#3867=IFCINDEXEDPOLYGONALFACE((15,17,18));
#3868=IFCINDEXEDPOLYGONALFACE((15,18,16));
#3869=IFCINDEXEDPOLYGONALFACE((17,19,20));
#3870=IFCINDEXEDPOLYGONALFACE((17,20,18));
#3871=IFCINDEXEDPOLYGONALFACE((19,21,22));
#3872=IFCINDEXEDPOLYGONALFACE((19,22,20));
#3873=IFCINDEXEDPOLYGONALFACE((21,23,24));
#3874=IFCINDEXEDPOLYGONALFACE((21,24,22));
#3875=IFCINDEXEDPOLYGONALFACE((23,25,26));
#3876=IFCINDEXEDPOLYGONALFACE((23,26,24));
#3877=IFCINDEXEDPOLYGONALFACE((25,27,28));
#3878=IFCINDEXEDPOLYGONALFACE((25,28,26));
#3879=IFCINDEXEDPOLYGONALFACE((27,29,30));
#3880=IFCINDEXEDPOLYGONALFACE((27,30,28));
#3881=IFCINDEXEDPOLYGONALFACE((29,31,32));
#3882=IFCINDEXEDPOLYGONALFACE((29,32,30));
#3883=IFCINDEXEDPOLYGONALFACE((31,1,4));
#3884=IFCINDEXEDPOLYGONALFACE((31,4,32));
#3885=IFCINDEXEDPOLYGONALFACE((1,5,2));
#3886=IFCINDEXEDPOLYGONALFACE((4,3,6));
#3887=IFCINDEXEDPOLYGONALFACE((1,7,5));
#3888=IFCINDEXEDPOLYGONALFACE((4,6,8));
#3889=IFCINDEXEDPOLYGONALFACE((1,9,7));
#3890=IFCINDEXEDPOLYGONALFACE((4,8,10));
#3891=IFCINDEXEDPOLYGONALFACE((1,11,9));
#3892=IFCINDEXEDPOLYGONALFACE((4,10,12));
#3893=IFCINDEXEDPOLYGONALFACE((1,13,11));
#3894=IFCINDEXEDPOLYGONALFACE((4,12,14));
#3895=IFCINDEXEDPOLYGONALFACE((1,15,13));
#3896=IFCINDEXEDPOLYGONALFACE((4,14,16));
#3897=IFCINDEXEDPOLYGONALFACE((1,17,15));
#3898=IFCINDEXEDPOLYGONALFACE((4,16,18));
#3899=IFCINDEXEDPOLYGONALFACE((1,19,17));
#3900=IFCINDEXEDPOLYGONALFACE((4,18,20));
#3901=IFCINDEXEDPOLYGONALFACE((1,21,19));
#3902=IFCINDEXEDPOLYGONALFACE((4,20,22));
#3903=IFCINDEXEDPOLYGONALFACE((1,23,21));
#3904=IFCINDEXEDPOLYGONALFACE((4,22,24));
#3905=IFCINDEXEDPOLYGONALFACE((1,25,23));
#3906=IFCINDEXEDPOLYGONALFACE((4,24,26));
#3907=IFCINDEXEDPOLYGONALFACE((1,27,25));
#3908=IFCINDEXEDPOLYGONALFACE((4,26,28));
#3909=IFCINDEXEDPOLYGONALFACE((1,29,27));
#3910=IFCINDEXEDPOLYGONALFACE((4,28,30));
#3911=IFCINDEXEDPOLYGONALFACE((1,31,29));
#3912=IFCINDEXEDPOLYGONALFACE((4,30,32));
#3913=IFCCARTESIANPOINTLIST3D(((0.065,0.196,0.784),(0.0725,0.19801,0.784),(0.0725,0.19801,0.808),(0.065,0.196,0.808),(0.07799,0.2035,0.784),(0.07799,0.2035,0.808),(0.08,0.211,0.784),(0.08,0.211,0.808),(0.08,0.293,0.784),(0.08,0.293,0.808),(0.07799,0.3005,0.784),(0.07799,0.3005,0.808),(0.0725,0.30599,0.784),(0.0725,0.30599,0.808),(0.065,0.308,0.784),(0.065,0.308,0.808),(-0.065,0.308,0.784),(-0.065,0.308,0.808),(-0.0725,0.30599,0.784),(-0.0725,0.30599,0.808),(-0.07799,0.3005,0.784),(-0.07799,0.3005,0.808),(-0.08,0.293,0.784),(-0.08,0.293,0.808),(-0.08,0.211,0.784),(-0.08,0.211,0.808),(-0.07799,0.2035,0.784),(-0.07799,0.2035,0.808),(-0.0725,0.19801,0.784),(-0.0725,0.19801,0.808),(-0.065,0.196,0.784),(-0.065,0.196,0.808)));
#3914=IFCPOLYGONALFACESET(#3913,.T.,(#3853,#3854,#3855,#3856,#3857,#3858,#3859,#3860,#3861,#3862,#3863,#3864,#3865,#3866,#3867,#3868,#3869,#3870,#3871,#3872,#3873,#3874,#3875,#3876,#3877,#3878,#3879,#3880,#3881,#3882,#3883,#3884,#3885,#3886,#3887,#3888,#3889,#3890,#3891,#3892,#3893,#3894,#3895,#3896,#3897,#3898,#3899,#3900,#3901,#3902,#3903,#3904,#3905,#3906,#3907,#3908,#3909,#3910,#3911,#3912),$);
#3915=IFCCOLOURRGB($,0.662745,0.682353,0.705882);
#3916=IFCSURFACESTYLESHADING(#3915,0.);
#3917=IFCSURFACESTYLE('#a9aeb4',.BOTH.,(#3916));
#3918=IFCSTYLEDITEM(#3914,(#3917),$);
#3919=IFCINDEXEDPOLYGONALFACE((1,2,3));
#3920=IFCINDEXEDPOLYGONALFACE((1,3,4));
#3921=IFCINDEXEDPOLYGONALFACE((2,5,6));
#3922=IFCINDEXEDPOLYGONALFACE((2,6,3));
#3923=IFCINDEXEDPOLYGONALFACE((5,7,8));
#3924=IFCINDEXEDPOLYGONALFACE((5,8,6));
#3925=IFCINDEXEDPOLYGONALFACE((7,9,10));
#3926=IFCINDEXEDPOLYGONALFACE((7,10,8));
#3927=IFCINDEXEDPOLYGONALFACE((9,11,12));
#3928=IFCINDEXEDPOLYGONALFACE((9,12,10));
#3929=IFCINDEXEDPOLYGONALFACE((11,13,14));
#3930=IFCINDEXEDPOLYGONALFACE((11,14,12));
#3931=IFCINDEXEDPOLYGONALFACE((13,15,16));
#3932=IFCINDEXEDPOLYGONALFACE((13,16,14));
#3933=IFCINDEXEDPOLYGONALFACE((15,17,18));
#3934=IFCINDEXEDPOLYGONALFACE((15,18,16));
#3935=IFCINDEXEDPOLYGONALFACE((17,19,20));
#3936=IFCINDEXEDPOLYGONALFACE((17,20,18));
#3937=IFCINDEXEDPOLYGONALFACE((19,21,22));
#3938=IFCINDEXEDPOLYGONALFACE((19,22,20));
#3939=IFCINDEXEDPOLYGONALFACE((21,23,24));
#3940=IFCINDEXEDPOLYGONALFACE((21,24,22));
#3941=IFCINDEXEDPOLYGONALFACE((23,25,26));
#3942=IFCINDEXEDPOLYGONALFACE((23,26,24));
#3943=IFCINDEXEDPOLYGONALFACE((25,27,28));
#3944=IFCINDEXEDPOLYGONALFACE((25,28,26));
#3945=IFCINDEXEDPOLYGONALFACE((27,29,30));
#3946=IFCINDEXEDPOLYGONALFACE((27,30,28));
#3947=IFCINDEXEDPOLYGONALFACE((29,31,32));
#3948=IFCINDEXEDPOLYGONALFACE((29,32,30));
#3949=IFCINDEXEDPOLYGONALFACE((31,33,34));
#3950=IFCINDEXEDPOLYGONALFACE((31,34,32));
#3951=IFCINDEXEDPOLYGONALFACE((33,35,36));
#3952=IFCINDEXEDPOLYGONALFACE((33,36,34));
#3953=IFCINDEXEDPOLYGONALFACE((35,37,38));
#3954=IFCINDEXEDPOLYGONALFACE((35,38,36));
#3955=IFCINDEXEDPOLYGONALFACE((37,39,40));
#3956=IFCINDEXEDPOLYGONALFACE((37,40,38));
#3957=IFCINDEXEDPOLYGONALFACE((39,41,42));
#3958=IFCINDEXEDPOLYGONALFACE((39,42,40));
#3959=IFCINDEXEDPOLYGONALFACE((41,43,44));
#3960=IFCINDEXEDPOLYGONALFACE((41,44,42));
#3961=IFCINDEXEDPOLYGONALFACE((43,45,46));
#3962=IFCINDEXEDPOLYGONALFACE((43,46,44));
#3963=IFCINDEXEDPOLYGONALFACE((45,47,48));
#3964=IFCINDEXEDPOLYGONALFACE((45,48,46));
#3965=IFCINDEXEDPOLYGONALFACE((47,49,50));
#3966=IFCINDEXEDPOLYGONALFACE((47,50,48));
#3967=IFCINDEXEDPOLYGONALFACE((49,51,52));
#3968=IFCINDEXEDPOLYGONALFACE((49,52,50));
#3969=IFCINDEXEDPOLYGONALFACE((51,53,54));
#3970=IFCINDEXEDPOLYGONALFACE((51,54,52));
#3971=IFCINDEXEDPOLYGONALFACE((53,55,56));
#3972=IFCINDEXEDPOLYGONALFACE((53,56,54));
#3973=IFCINDEXEDPOLYGONALFACE((55,57,58));
#3974=IFCINDEXEDPOLYGONALFACE((55,58,56));
#3975=IFCINDEXEDPOLYGONALFACE((57,59,60));
#3976=IFCINDEXEDPOLYGONALFACE((57,60,58));
#3977=IFCINDEXEDPOLYGONALFACE((59,61,62));
#3978=IFCINDEXEDPOLYGONALFACE((59,62,60));
#3979=IFCINDEXEDPOLYGONALFACE((61,63,64));
#3980=IFCINDEXEDPOLYGONALFACE((61,64,62));
#3981=IFCINDEXEDPOLYGONALFACE((63,1,4));
#3982=IFCINDEXEDPOLYGONALFACE((63,4,64));
#3983=IFCINDEXEDPOLYGONALFACE((1,5,2));
#3984=IFCINDEXEDPOLYGONALFACE((4,3,6));
#3985=IFCINDEXEDPOLYGONALFACE((1,7,5));
#3986=IFCINDEXEDPOLYGONALFACE((4,6,8));
#3987=IFCINDEXEDPOLYGONALFACE((1,9,7));
#3988=IFCINDEXEDPOLYGONALFACE((4,8,10));
#3989=IFCINDEXEDPOLYGONALFACE((1,11,9));
#3990=IFCINDEXEDPOLYGONALFACE((4,10,12));
#3991=IFCINDEXEDPOLYGONALFACE((1,13,11));
#3992=IFCINDEXEDPOLYGONALFACE((4,12,14));
#3993=IFCINDEXEDPOLYGONALFACE((1,15,13));
#3994=IFCINDEXEDPOLYGONALFACE((4,14,16));
#3995=IFCINDEXEDPOLYGONALFACE((1,17,15));
#3996=IFCINDEXEDPOLYGONALFACE((4,16,18));
#3997=IFCINDEXEDPOLYGONALFACE((1,19,17));
#3998=IFCINDEXEDPOLYGONALFACE((4,18,20));
#3999=IFCINDEXEDPOLYGONALFACE((1,21,19));
#4000=IFCINDEXEDPOLYGONALFACE((4,20,22));
#4001=IFCINDEXEDPOLYGONALFACE((1,23,21));
#4002=IFCINDEXEDPOLYGONALFACE((4,22,24));
#4003=IFCINDEXEDPOLYGONALFACE((1,25,23));
#4004=IFCINDEXEDPOLYGONALFACE((4,24,26));
#4005=IFCINDEXEDPOLYGONALFACE((1,27,25));
#4006=IFCINDEXEDPOLYGONALFACE((4,26,28));
#4007=IFCINDEXEDPOLYGONALFACE((1,29,27));
#4008=IFCINDEXEDPOLYGONALFACE((4,28,30));
#4009=IFCINDEXEDPOLYGONALFACE((1,31,29));
#4010=IFCINDEXEDPOLYGONALFACE((4,30,32));
#4011=IFCINDEXEDPOLYGONALFACE((1,33,31));
#4012=IFCINDEXEDPOLYGONALFACE((4,32,34));
#4013=IFCINDEXEDPOLYGONALFACE((1,35,33));
#4014=IFCINDEXEDPOLYGONALFACE((4,34,36));
#4015=IFCINDEXEDPOLYGONALFACE((1,37,35));
#4016=IFCINDEXEDPOLYGONALFACE((4,36,38));
#4017=IFCINDEXEDPOLYGONALFACE((1,39,37));
#4018=IFCINDEXEDPOLYGONALFACE((4,38,40));
#4019=IFCINDEXEDPOLYGONALFACE((1,41,39));
#4020=IFCINDEXEDPOLYGONALFACE((4,40,42));
#4021=IFCINDEXEDPOLYGONALFACE((1,43,41));
#4022=IFCINDEXEDPOLYGONALFACE((4,42,44));
#4023=IFCINDEXEDPOLYGONALFACE((1,45,43));
#4024=IFCINDEXEDPOLYGONALFACE((4,44,46));
#4025=IFCINDEXEDPOLYGONALFACE((1,47,45));
#4026=IFCINDEXEDPOLYGONALFACE((4,46,48));
#4027=IFCINDEXEDPOLYGONALFACE((1,49,47));
#4028=IFCINDEXEDPOLYGONALFACE((4,48,50));
#4029=IFCINDEXEDPOLYGONALFACE((1,51,49));
#4030=IFCINDEXEDPOLYGONALFACE((4,50,52));
#4031=IFCINDEXEDPOLYGONALFACE((1,53,51));
#4032=IFCINDEXEDPOLYGONALFACE((4,52,54));
#4033=IFCINDEXEDPOLYGONALFACE((1,55,53));
#4034=IFCINDEXEDPOLYGONALFACE((4,54,56));
#4035=IFCINDEXEDPOLYGONALFACE((1,57,55));
#4036=IFCINDEXEDPOLYGONALFACE((4,56,58));
#4037=IFCINDEXEDPOLYGONALFACE((1,59,57));
#4038=IFCINDEXEDPOLYGONALFACE((4,58,60));
#4039=IFCINDEXEDPOLYGONALFACE((1,61,59));
#4040=IFCINDEXEDPOLYGONALFACE((4,60,62));
#4041=IFCINDEXEDPOLYGONALFACE((1,63,61));
#4042=IFCINDEXEDPOLYGONALFACE((4,62,64));
#4043=IFCCARTESIANPOINTLIST3D(((0.124,-0.056,0.),(0.121617,-0.021859,0.),(0.164183,-0.00991,0.288),(0.1674,-0.056,0.288),(0.114561,0.01097,0.),(0.154657,0.034409,0.288),(0.103102,0.041225,0.),(0.139188,0.075253,0.288),(0.087681,0.067744,0.),(0.11837,0.111054,0.288),(0.068891,0.089507,0.),(0.093002,0.140435,0.288),(0.047453,0.105679,0.),(0.064061,0.162267,0.288),(0.024191,0.115637,0.),(0.032658,0.175711,0.288),(0.,0.119,0.),(0.,0.18025,0.288),(-0.024191,0.115637,0.),(-0.032658,0.175711,0.288),(-0.047453,0.105679,0.),(-0.064061,0.162267,0.288),(-0.068891,0.089507,0.),(-0.093002,0.140435,0.288),(-0.087681,0.067744,0.),(-0.11837,0.111054,0.288),(-0.103102,0.041225,0.),(-0.139188,0.075253,0.288),(-0.114561,0.01097,0.),(-0.154657,0.034409,0.288),(-0.121617,-0.021859,0.),(-0.164183,-0.00991,0.288),(-0.124,-0.056,0.),(-0.1674,-0.056,0.288),(-0.121617,-0.090141,0.),(-0.164183,-0.10209,0.288),(-0.114561,-0.12297,0.),(-0.154657,-0.146409,0.288),(-0.103102,-0.153225,0.),(-0.139188,-0.187253,0.288),(-0.087681,-0.179744,0.),(-0.11837,-0.223054,0.288),(-0.068891,-0.201507,0.),(-0.093002,-0.252435,0.288),(-0.047453,-0.217679,0.),(-0.064061,-0.274267,0.288),(-0.024191,-0.227637,0.),(-0.032658,-0.287711,0.288),(0.,-0.231,0.),(0.,-0.29225,0.288),(0.024191,-0.227637,0.),(0.032658,-0.287711,0.288),(0.047453,-0.217679,0.),(0.064061,-0.274267,0.288),(0.068891,-0.201507,0.),(0.093002,-0.252435,0.288),(0.087681,-0.179744,0.),(0.11837,-0.223054,0.288),(0.103102,-0.153225,0.),(0.139188,-0.187253,0.288),(0.114561,-0.12297,0.),(0.154657,-0.146409,0.288),(0.121617,-0.090141,0.),(0.164183,-0.10209,0.288)));
#4044=IFCPOLYGONALFACESET(#4043,.T.,(#3919,#3920,#3921,#3922,#3923,#3924,#3925,#3926,#3927,#3928,#3929,#3930,#3931,#3932,#3933,#3934,#3935,#3936,#3937,#3938,#3939,#3940,#3941,#3942,#3943,#3944,#3945,#3946,#3947,#3948,#3949,#3950,#3951,#3952,#3953,#3954,#3955,#3956,#3957,#3958,#3959,#3960,#3961,#3962,#3963,#3964,#3965,#3966,#3967,#3968,#3969,#3970,#3971,#3972,#3973,#3974,#3975,#3976,#3977,#3978,#3979,#3980,#3981,#3982,#3983,#3984,#3985,#3986,#3987,#3988,#3989,#3990,#3991,#3992,#3993,#3994,#3995,#3996,#3997,#3998,#3999,#4000,#4001,#4002,#4003,#4004,#4005,#4006,#4007,#4008,#4009,#4010,#4011,#4012,#4013,#4014,#4015,#4016,#4017,#4018,#4019,#4020,#4021,#4022,#4023,#4024,#4025,#4026,#4027,#4028,#4029,#4030,#4031,#4032,#4033,#4034,#4035,#4036,#4037,#4038,#4039,#4040,#4041,#4042),$);
#4045=IFCSTYLEDITEM(#4044,(#2952),$);
#4046=IFCCARTESIANPOINT((0.,-0.07));
#4047=IFCAXIS2PLACEMENT2D(#4046,$);
#4048=IFCELLIPSEPROFILEDEF(.AREA.,$,#4047,0.176,0.217);
#4049=IFCCARTESIANPOINT((0.,0.,0.272));
#4050=IFCAXIS2PLACEMENT3D(#4049,$,$);
#4051=IFCDIRECTION((0.,0.,1.));
#4052=IFCEXTRUDEDAREASOLID(#4048,#4050,#4051,0.192);
#4053=IFCSTYLEDITEM(#4052,(#2952),$);
#4054=IFCCARTESIANPOINT((0.,-0.077));
#4055=IFCAXIS2PLACEMENT2D(#4054,$);
#4056=IFCELLIPSEPROFILEDEF(.AREA.,$,#4055,0.2,0.245);
#4057=IFCCARTESIANPOINT((0.,0.,0.448));
#4058=IFCAXIS2PLACEMENT3D(#4057,$,$);
#4059=IFCDIRECTION((0.,0.,1.));
#4060=IFCEXTRUDEDAREASOLID(#4056,#4058,#4059,0.04);
#4061=IFCSTYLEDITEM(#4060,(#2952),$);
#4062=IFCCARTESIANPOINT((0.,-0.077));
#4063=IFCAXIS2PLACEMENT2D(#4062,$);
#4064=IFCELLIPSEPROFILEDEF(.AREA.,$,#4063,0.192,0.231);
#4065=IFCCARTESIANPOINT((0.,0.,0.488));
#4066=IFCAXIS2PLACEMENT3D(#4065,$,$);
#4067=IFCDIRECTION((0.,0.,1.));
#4068=IFCEXTRUDEDAREASOLID(#4064,#4066,#4067,0.024);
#4069=IFCSTYLEDITEM(#4068,(#2952),$);
#4070=IFCSHAPEREPRESENTATION(#12,'Body','SolidModel',(#3851,#3914,#4044,#4052,#4060,#4068));
#4071=IFCPRODUCTDEFINITIONSHAPE($,$,(#4070));
#4072=IFCSANITARYTERMINAL('37iPU$69sWAgfR92Ms5nHa',#5,'Toilet','Skanna asset library',$,#3789,#4071,$,.TOILETPAN.);
#4073=IFCCARTESIANPOINT((4.58,9.58,0.2));
#4074=IFCDIRECTION((0.,0.,1.));
#4075=IFCDIRECTION((0.,1.,0.));
#4076=IFCAXIS2PLACEMENT3D(#4073,#4074,#4075);
#4077=IFCLOCALPLACEMENT(#26,#4076);
#4078=IFCCARTESIANPOINT((0.,0.01));
#4079=IFCAXIS2PLACEMENT2D(#4078,$);
#4080=IFCRECTANGLEPROFILEDEF(.AREA.,$,#4079,0.8,0.02);
#4081=IFCCARTESIANPOINT((0.,0.,0.));
#4082=IFCAXIS2PLACEMENT3D(#4081,$,$);
#4083=IFCDIRECTION((0.,0.,1.));
#4084=IFCEXTRUDEDAREASOLID(#4080,#4082,#4083,2.);
#4085=IFCCOLOURRGB($,0.894118,0.882353,0.862745);
#4086=IFCSURFACESTYLESHADING(#4085,0.);
#4087=IFCSURFACESTYLE('#e4e1dc',.BOTH.,(#4086));
#4088=IFCSTYLEDITEM(#4084,(#4087),$);
#4089=IFCCARTESIANPOINT((0.,-0.012));
#4090=IFCAXIS2PLACEMENT2D(#4089,$);
#4091=IFCRECTANGLEPROFILEDEF(.AREA.,$,#4090,0.752,0.016);
#4092=IFCCARTESIANPOINT((0.,0.,0.04));
#4093=IFCAXIS2PLACEMENT3D(#4092,$,$);
#4094=IFCDIRECTION((0.,0.,1.));
#4095=IFCEXTRUDEDAREASOLID(#4091,#4093,#4094,1.92);
#4096=IFCCOLOURRGB($,0.827451,0.870588,0.882353);
#4097=IFCSURFACESTYLESHADING(#4096,0.);
#4098=IFCSURFACESTYLE('#d3dee1',.BOTH.,(#4097));
#4099=IFCSTYLEDITEM(#4095,(#4098),$);
#4100=IFCSHAPEREPRESENTATION(#12,'Body','SweptSolid',(#4084,#4095));
#4101=IFCPRODUCTDEFINITIONSHAPE($,$,(#4100));
#4102=IFCFURNITURE('1kg5o5w9EtsD5QJhRaBGJ9',#5,'Mirror','Skanna asset library',$,#4077,#4101,$,.NOTDEFINED.);
#4103=IFCCARTESIANPOINT((0.45,4.85,0.));
#4104=IFCDIRECTION((0.,0.,1.));
#4105=IFCDIRECTION((0.,1.,0.));
#4106=IFCAXIS2PLACEMENT3D(#4103,#4104,#4105);
#4107=IFCLOCALPLACEMENT(#26,#4106);
#4108=IFCCARTESIANPOINT((0.,0.008));
#4109=IFCAXIS2PLACEMENT2D(#4108,$);
#4110=IFCRECTANGLEPROFILEDEF(.AREA.,$,#4109,0.45,0.384);
#4111=IFCCARTESIANPOINT((0.,0.,0.088));
#4112=IFCAXIS2PLACEMENT3D(#4111,$,$);
#4113=IFCDIRECTION((0.,0.,1.));
#4114=IFCEXTRUDEDAREASOLID(#4110,#4112,#4113,0.462);
#4115=IFCSTYLEDITEM(#4114,(#3585),$);
#4116=IFCCARTESIANPOINT((0.,-0.192));
#4117=IFCAXIS2PLACEMENT2D(#4116,$);
#4118=IFCRECTANGLEPROFILEDEF(.AREA.,$,#4117,0.405,0.016);
#4119=IFCCARTESIANPOINT((0.,0.,0.121));
#4120=IFCAXIS2PLACEMENT3D(#4119,$,$);
#4121=IFCDIRECTION((0.,0.,1.));
#4122=IFCEXTRUDEDAREASOLID(#4118,#4120,#4121,0.187);
#4123=IFCSTYLEDITEM(#4122,(#4087),$);
#4124=IFCCARTESIANPOINT((0.,-0.192));
#4125=IFCAXIS2PLACEMENT2D(#4124,$);
#4126=IFCRECTANGLEPROFILEDEF(.AREA.,$,#4125,0.405,0.016);
#4127=IFCCARTESIANPOINT((0.,0.,0.33));
#4128=IFCAXIS2PLACEMENT3D(#4127,$,$);
#4129=IFCDIRECTION((0.,0.,1.));
#4130=IFCEXTRUDEDAREASOLID(#4126,#4128,#4129,0.187);
#4131=IFCSTYLEDITEM(#4130,(#4087),$);
#4132=IFCCARTESIANPOINT((-0.189,-0.168));
#4133=IFCAXIS2PLACEMENT2D(#4132,$);
#4134=IFCRECTANGLEPROFILEDEF(.AREA.,$,#4133,0.036,0.032);
#4135=IFCCARTESIANPOINT((0.,0.,0.));
#4136=IFCAXIS2PLACEMENT3D(#4135,$,$);
#4137=IFCDIRECTION((0.,0.,1.));
#4138=IFCEXTRUDEDAREASOLID(#4134,#4136,#4137,0.0935);
#4139=IFCSTYLEDITEM(#4138,(#3519),$);
#4140=IFCCARTESIANPOINT((0.189,-0.168));
#4141=IFCAXIS2PLACEMENT2D(#4140,$);
#4142=IFCRECTANGLEPROFILEDEF(.AREA.,$,#4141,0.036,0.032);
#4143=IFCCARTESIANPOINT((0.,0.,0.));
#4144=IFCAXIS2PLACEMENT3D(#4143,$,$);
#4145=IFCDIRECTION((0.,0.,1.));
#4146=IFCEXTRUDEDAREASOLID(#4142,#4144,#4145,0.0935);
#4147=IFCSTYLEDITEM(#4146,(#3519),$);
#4148=IFCCARTESIANPOINT((-0.189,0.168));
#4149=IFCAXIS2PLACEMENT2D(#4148,$);
#4150=IFCRECTANGLEPROFILEDEF(.AREA.,$,#4149,0.036,0.032);
#4151=IFCCARTESIANPOINT((0.,0.,0.));
#4152=IFCAXIS2PLACEMENT3D(#4151,$,$);
#4153=IFCDIRECTION((0.,0.,1.));
#4154=IFCEXTRUDEDAREASOLID(#4150,#4152,#4153,0.0935);
#4155=IFCSTYLEDITEM(#4154,(#3519),$);
#4156=IFCCARTESIANPOINT((0.189,0.168));
#4157=IFCAXIS2PLACEMENT2D(#4156,$);
#4158=IFCRECTANGLEPROFILEDEF(.AREA.,$,#4157,0.036,0.032);
#4159=IFCCARTESIANPOINT((0.,0.,0.));
#4160=IFCAXIS2PLACEMENT3D(#4159,$,$);
#4161=IFCDIRECTION((0.,0.,1.));
#4162=IFCEXTRUDEDAREASOLID(#4158,#4160,#4161,0.0935);
#4163=IFCSTYLEDITEM(#4162,(#3519),$);
#4164=IFCSHAPEREPRESENTATION(#12,'Body','SweptSolid',(#4114,#4122,#4130,#4138,#4146,#4154,#4162));
#4165=IFCPRODUCTDEFINITIONSHAPE($,$,(#4164));
#4166=IFCFURNITURE('2xf7CaBhBUSGpPpUa$sUPR',#5,'Nightstand','Skanna asset library',$,#4107,#4165,$,.NOTDEFINED.);
#4167=IFCCARTESIANPOINT((10.02,11.58,0.));
#4168=IFCDIRECTION((0.,0.,1.));
#4169=IFCDIRECTION((0.,-1.,0.));
#4170=IFCAXIS2PLACEMENT3D(#4167,#4168,#4169);
#4171=IFCLOCALPLACEMENT(#26,#4170);
#4172=IFCCARTESIANPOINT((0.,0.018));
#4173=IFCAXIS2PLACEMENT2D(#4172,$);
#4174=IFCRECTANGLEPROFILEDEF(.AREA.,$,#4173,0.552,0.516);
#4175=IFCCARTESIANPOINT((0.,0.,0.));
#4176=IFCAXIS2PLACEMENT3D(#4175,$,$);
#4177=IFCDIRECTION((0.,0.,1.));
#4178=IFCEXTRUDEDAREASOLID(#4174,#4176,#4177,0.099);
#4179=IFCSTYLEDITEM(#4178,(#3519),$);
#4180=IFCINDEXEDPOLYGONALFACE((1,2,3));
#4181=IFCINDEXEDPOLYGONALFACE((1,3,4));
#4182=IFCINDEXEDPOLYGONALFACE((2,5,6));
#4183=IFCINDEXEDPOLYGONALFACE((2,6,3));
#4184=IFCINDEXEDPOLYGONALFACE((5,7,8));
#4185=IFCINDEXEDPOLYGONALFACE((5,8,6));
#4186=IFCINDEXEDPOLYGONALFACE((7,9,10));
#4187=IFCINDEXEDPOLYGONALFACE((7,10,8));
#4188=IFCINDEXEDPOLYGONALFACE((9,11,12));
#4189=IFCINDEXEDPOLYGONALFACE((9,12,10));
#4190=IFCINDEXEDPOLYGONALFACE((11,13,14));
#4191=IFCINDEXEDPOLYGONALFACE((11,14,12));
#4192=IFCINDEXEDPOLYGONALFACE((13,15,16));
#4193=IFCINDEXEDPOLYGONALFACE((13,16,14));
#4194=IFCINDEXEDPOLYGONALFACE((15,17,18));
#4195=IFCINDEXEDPOLYGONALFACE((15,18,16));
#4196=IFCINDEXEDPOLYGONALFACE((17,19,20));
#4197=IFCINDEXEDPOLYGONALFACE((17,20,18));
#4198=IFCINDEXEDPOLYGONALFACE((19,21,22));
#4199=IFCINDEXEDPOLYGONALFACE((19,22,20));
#4200=IFCINDEXEDPOLYGONALFACE((21,23,24));
#4201=IFCINDEXEDPOLYGONALFACE((21,24,22));
#4202=IFCINDEXEDPOLYGONALFACE((23,25,26));
#4203=IFCINDEXEDPOLYGONALFACE((23,26,24));
#4204=IFCINDEXEDPOLYGONALFACE((25,27,28));
#4205=IFCINDEXEDPOLYGONALFACE((25,28,26));
#4206=IFCINDEXEDPOLYGONALFACE((27,29,30));
#4207=IFCINDEXEDPOLYGONALFACE((27,30,28));
#4208=IFCINDEXEDPOLYGONALFACE((29,31,32));
#4209=IFCINDEXEDPOLYGONALFACE((29,32,30));
#4210=IFCINDEXEDPOLYGONALFACE((31,1,4));
#4211=IFCINDEXEDPOLYGONALFACE((31,4,32));
#4212=IFCINDEXEDPOLYGONALFACE((1,5,2));
#4213=IFCINDEXEDPOLYGONALFACE((4,3,6));
#4214=IFCINDEXEDPOLYGONALFACE((1,7,5));
#4215=IFCINDEXEDPOLYGONALFACE((4,6,8));
#4216=IFCINDEXEDPOLYGONALFACE((1,9,7));
#4217=IFCINDEXEDPOLYGONALFACE((4,8,10));
#4218=IFCINDEXEDPOLYGONALFACE((1,11,9));
#4219=IFCINDEXEDPOLYGONALFACE((4,10,12));
#4220=IFCINDEXEDPOLYGONALFACE((1,13,11));
#4221=IFCINDEXEDPOLYGONALFACE((4,12,14));
#4222=IFCINDEXEDPOLYGONALFACE((1,15,13));
#4223=IFCINDEXEDPOLYGONALFACE((4,14,16));
#4224=IFCINDEXEDPOLYGONALFACE((1,17,15));
#4225=IFCINDEXEDPOLYGONALFACE((4,16,18));
#4226=IFCINDEXEDPOLYGONALFACE((1,19,17));
#4227=IFCINDEXEDPOLYGONALFACE((4,18,20));
#4228=IFCINDEXEDPOLYGONALFACE((1,21,19));
#4229=IFCINDEXEDPOLYGONALFACE((4,20,22));
#4230=IFCINDEXEDPOLYGONALFACE((1,23,21));
#4231=IFCINDEXEDPOLYGONALFACE((4,22,24));
#4232=IFCINDEXEDPOLYGONALFACE((1,25,23));
#4233=IFCINDEXEDPOLYGONALFACE((4,24,26));
#4234=IFCINDEXEDPOLYGONALFACE((1,27,25));
#4235=IFCINDEXEDPOLYGONALFACE((4,26,28));
#4236=IFCINDEXEDPOLYGONALFACE((1,29,27));
#4237=IFCINDEXEDPOLYGONALFACE((4,28,30));
#4238=IFCINDEXEDPOLYGONALFACE((1,31,29));
#4239=IFCINDEXEDPOLYGONALFACE((4,30,32));
#4240=IFCCARTESIANPOINTLIST3D(((0.288,-0.282,0.099),(0.294,-0.280392,0.099),(0.294,-0.280392,0.873),(0.288,-0.282,0.873),(0.298392,-0.276,0.099),(0.298392,-0.276,0.873),(0.3,-0.27,0.099),(0.3,-0.27,0.873),(0.3,0.288,0.099),(0.3,0.288,0.873),(0.298392,0.294,0.099),(0.298392,0.294,0.873),(0.294,0.298392,0.099),(0.294,0.298392,0.873),(0.288,0.3,0.099),(0.288,0.3,0.873),(-0.288,0.3,0.099),(-0.288,0.3,0.873),(-0.294,0.298392,0.099),(-0.294,0.298392,0.873),(-0.298392,0.294,0.099),(-0.298392,0.294,0.873),(-0.3,0.288,0.099),(-0.3,0.288,0.873),(-0.3,-0.27,0.099),(-0.3,-0.27,0.873),(-0.298392,-0.276,0.099),(-0.298392,-0.276,0.873),(-0.294,-0.280392,0.099),(-0.294,-0.280392,0.873),(-0.288,-0.282,0.099),(-0.288,-0.282,0.873)));
#4241=IFCPOLYGONALFACESET(#4240,.T.,(#4180,#4181,#4182,#4183,#4184,#4185,#4186,#4187,#4188,#4189,#4190,#4191,#4192,#4193,#4194,#4195,#4196,#4197,#4198,#4199,#4200,#4201,#4202,#4203,#4204,#4205,#4206,#4207,#4208,#4209,#4210,#4211,#4212,#4213,#4214,#4215,#4216,#4217,#4218,#4219,#4220,#4221,#4222,#4223,#4224,#4225,#4226,#4227,#4228,#4229,#4230,#4231,#4232,#4233,#4234,#4235,#4236,#4237,#4238,#4239),$);
#4242=IFCSTYLEDITEM(#4241,(#3585),$);
#4243=IFCINDEXEDPOLYGONALFACE((1,2,3));
#4244=IFCINDEXEDPOLYGONALFACE((1,3,4));
#4245=IFCINDEXEDPOLYGONALFACE((2,5,6));
#4246=IFCINDEXEDPOLYGONALFACE((2,6,3));
#4247=IFCINDEXEDPOLYGONALFACE((5,7,8));
#4248=IFCINDEXEDPOLYGONALFACE((5,8,6));
#4249=IFCINDEXEDPOLYGONALFACE((7,9,10));
#4250=IFCINDEXEDPOLYGONALFACE((7,10,8));
#4251=IFCINDEXEDPOLYGONALFACE((9,11,12));
#4252=IFCINDEXEDPOLYGONALFACE((9,12,10));
#4253=IFCINDEXEDPOLYGONALFACE((11,13,14));
#4254=IFCINDEXEDPOLYGONALFACE((11,14,12));
#4255=IFCINDEXEDPOLYGONALFACE((13,15,16));
#4256=IFCINDEXEDPOLYGONALFACE((13,16,14));
#4257=IFCINDEXEDPOLYGONALFACE((15,17,18));
#4258=IFCINDEXEDPOLYGONALFACE((15,18,16));
#4259=IFCINDEXEDPOLYGONALFACE((17,19,20));
#4260=IFCINDEXEDPOLYGONALFACE((17,20,18));
#4261=IFCINDEXEDPOLYGONALFACE((19,21,22));
#4262=IFCINDEXEDPOLYGONALFACE((19,22,20));
#4263=IFCINDEXEDPOLYGONALFACE((21,23,24));
#4264=IFCINDEXEDPOLYGONALFACE((21,24,22));
#4265=IFCINDEXEDPOLYGONALFACE((23,25,26));
#4266=IFCINDEXEDPOLYGONALFACE((23,26,24));
#4267=IFCINDEXEDPOLYGONALFACE((25,27,28));
#4268=IFCINDEXEDPOLYGONALFACE((25,28,26));
#4269=IFCINDEXEDPOLYGONALFACE((27,1,4));
#4270=IFCINDEXEDPOLYGONALFACE((27,4,28));
#4271=IFCINDEXEDPOLYGONALFACE((1,5,2));
#4272=IFCINDEXEDPOLYGONALFACE((4,3,6));
#4273=IFCINDEXEDPOLYGONALFACE((1,7,5));
#4274=IFCINDEXEDPOLYGONALFACE((4,6,8));
#4275=IFCINDEXEDPOLYGONALFACE((1,9,7));
#4276=IFCINDEXEDPOLYGONALFACE((4,8,10));
#4277=IFCINDEXEDPOLYGONALFACE((1,11,9));
#4278=IFCINDEXEDPOLYGONALFACE((4,10,12));
#4279=IFCINDEXEDPOLYGONALFACE((1,13,11));
#4280=IFCINDEXEDPOLYGONALFACE((4,12,14));
#4281=IFCINDEXEDPOLYGONALFACE((1,15,13));
#4282=IFCINDEXEDPOLYGONALFACE((4,14,16));
#4283=IFCINDEXEDPOLYGONALFACE((1,17,15));
#4284=IFCINDEXEDPOLYGONALFACE((4,16,18));
#4285=IFCINDEXEDPOLYGONALFACE((1,19,17));
#4286=IFCINDEXEDPOLYGONALFACE((4,18,20));
#4287=IFCINDEXEDPOLYGONALFACE((1,21,19));
#4288=IFCINDEXEDPOLYGONALFACE((4,20,22));
#4289=IFCINDEXEDPOLYGONALFACE((1,23,21));
#4290=IFCINDEXEDPOLYGONALFACE((4,22,24));
#4291=IFCINDEXEDPOLYGONALFACE((1,25,23));
#4292=IFCINDEXEDPOLYGONALFACE((4,24,26));
#4293=IFCINDEXEDPOLYGONALFACE((1,27,25));
#4294=IFCINDEXEDPOLYGONALFACE((4,26,28));
#4295=IFCCARTESIANPOINTLIST3D(((0.2817,-0.3,0.117),(0.2856,-0.298955,0.117),(0.2856,-0.298955,0.855),(0.2817,-0.3,0.855),(0.288455,-0.2961,0.117),(0.288455,-0.2961,0.855),(0.2895,-0.2922,0.117),(0.2895,-0.2922,0.855),(0.288455,-0.2883,0.117),(0.288455,-0.2883,0.855),(0.2856,-0.285445,0.117),(0.2856,-0.285445,0.855),(0.2817,-0.2844,0.117),(0.2817,-0.2844,0.855),(-0.2817,-0.2844,0.117),(-0.2817,-0.2844,0.855),(-0.2856,-0.285445,0.117),(-0.2856,-0.285445,0.855),(-0.288455,-0.2883,0.117),(-0.288455,-0.2883,0.855),(-0.2895,-0.2922,0.117),(-0.2895,-0.2922,0.855),(-0.288455,-0.2961,0.117),(-0.288455,-0.2961,0.855),(-0.2856,-0.298955,0.117),(-0.2856,-0.298955,0.855),(-0.2817,-0.3,0.117),(-0.2817,-0.3,0.855)));
#4296=IFCPOLYGONALFACESET(#4295,.T.,(#4243,#4244,#4245,#4246,#4247,#4248,#4249,#4250,#4251,#4252,#4253,#4254,#4255,#4256,#4257,#4258,#4259,#4260,#4261,#4262,#4263,#4264,#4265,#4266,#4267,#4268,#4269,#4270,#4271,#4272,#4273,#4274,#4275,#4276,#4277,#4278,#4279,#4280,#4281,#4282,#4283,#4284,#4285,#4286,#4287,#4288,#4289,#4290,#4291,#4292,#4293,#4294),$);
#4297=IFCSTYLEDITEM(#4296,(#109),$);
#4298=IFCCARTESIANPOINT((0.,-0.3));
#4299=IFCAXIS2PLACEMENT2D(#4298,$);
#4300=IFCRECTANGLEPROFILEDEF(.AREA.,$,#4299,0.432,0.012);
#4301=IFCCARTESIANPOINT((0.,0.,0.81));
#4302=IFCAXIS2PLACEMENT3D(#4301,$,$);
#4303=IFCDIRECTION((0.,0.,1.));
#4304=IFCEXTRUDEDAREASOLID(#4300,#4302,#4303,0.0315);
#4305=IFCSTYLEDITEM(#4304,(#3917),$);
#4306=IFCCARTESIANPOINT((0.,-0.024));
#4307=IFCAXIS2PLACEMENT2D(#4306,$);
#4308=IFCRECTANGLEPROFILEDEF(.AREA.,$,#4307,0.432,0.36);
#4309=IFCCARTESIANPOINT((0.,0.,0.8748));
#4310=IFCAXIS2PLACEMENT3D(#4309,$,$);
#4311=IFCDIRECTION((0.,0.,1.));
#4312=IFCEXTRUDEDAREASOLID(#4308,#4310,#4311,0.0279);
#4313=IFCSTYLEDITEM(#4312,(#2963),$);
#4314=IFCSHAPEREPRESENTATION(#12,'Body','SolidModel',(#4178,#4241,#4296,#4304,#4312));
#4315=IFCPRODUCTDEFINITIONSHAPE($,$,(#4314));
#4316=IFCSANITARYTERMINAL('3LzIjncFvDsCFOJlKNOUIV',#5,'Sink cabinet + sink','Skanna asset library',$,#4171,#4315,$,.SINK.);
#4317=IFCCARTESIANPOINT((8.74,13.4,0.));
#4318=IFCDIRECTION((0.,0.,1.));
#4319=IFCDIRECTION((1.,0.,0.));
#4320=IFCAXIS2PLACEMENT3D(#4317,#4318,#4319);
#4321=IFCLOCALPLACEMENT(#26,#4320);
#4322=IFCCARTESIANPOINT((0.,0.012));
#4323=IFCAXIS2PLACEMENT2D(#4322,$);
#4324=IFCRECTANGLEPROFILEDEF(.AREA.,$,#4323,0.6,0.576);
#4325=IFCCARTESIANPOINT((0.,0.,0.));
#4326=IFCAXIS2PLACEMENT3D(#4325,$,$);
#4327=IFCDIRECTION((0.,0.,1.));
#4328=IFCEXTRUDEDAREASOLID(#4324,#4326,#4327,0.873);
#4329=IFCCOLOURRGB($,0.164706,0.172549,0.184314);
#4330=IFCSURFACESTYLESHADING(#4329,0.);
#4331=IFCSURFACESTYLE('#2A2C2F',.BOTH.,(#4330));
#4332=IFCSTYLEDITEM(#4328,(#4331),$);
#4333=IFCCARTESIANPOINT((0.,0.));
#4334=IFCAXIS2PLACEMENT2D(#4333,$);
#4335=IFCRECTANGLEPROFILEDEF(.AREA.,$,#4334,0.6,0.6);
#4336=IFCCARTESIANPOINT((0.,0.,0.873));
#4337=IFCAXIS2PLACEMENT3D(#4336,$,$);
#4338=IFCDIRECTION((0.,0.,1.));
#4339=IFCEXTRUDEDAREASOLID(#4335,#4337,#4338,0.027);
#4340=IFCCOLOURRGB($,0.203922,0.215686,0.235294);
#4341=IFCSURFACESTYLESHADING(#4340,0.);
#4342=IFCSURFACESTYLE('#34373c',.BOTH.,(#4341));
#4343=IFCSTYLEDITEM(#4339,(#4342),$);
#4344=IFCCARTESIANPOINT((0.,-0.288));
#4345=IFCAXIS2PLACEMENT2D(#4344,$);
#4346=IFCRECTANGLEPROFILEDEF(.AREA.,$,#4345,0.48,0.024);
#4347=IFCCARTESIANPOINT((0.,0.,0.135));
#4348=IFCAXIS2PLACEMENT3D(#4347,$,$);
#4349=IFCDIRECTION((0.,0.,1.));
#4350=IFCEXTRUDEDAREASOLID(#4346,#4348,#4349,0.45);
#4351=IFCSTYLEDITEM(#4350,(#4342),$);
#4352=IFCCARTESIANPOINT((-0.138,-0.12));
#4353=IFCAXIS2PLACEMENT2D(#4352,$);
#4354=IFCCIRCLEPROFILEDEF(.AREA.,$,#4353,0.084);
#4355=IFCCARTESIANPOINT((0.,0.,0.891));
#4356=IFCAXIS2PLACEMENT3D(#4355,$,$);
#4357=IFCDIRECTION((0.,0.,1.));
#4358=IFCEXTRUDEDAREASOLID(#4354,#4356,#4357,0.0162);
#4359=IFCSTYLEDITEM(#4358,(#3917),$);
#4360=IFCCARTESIANPOINT((0.138,-0.12));
#4361=IFCAXIS2PLACEMENT2D(#4360,$);
#4362=IFCCIRCLEPROFILEDEF(.AREA.,$,#4361,0.084);
#4363=IFCCARTESIANPOINT((0.,0.,0.891));
#4364=IFCAXIS2PLACEMENT3D(#4363,$,$);
#4365=IFCDIRECTION((0.,0.,1.));
#4366=IFCEXTRUDEDAREASOLID(#4362,#4364,#4365,0.0162);
#4367=IFCSTYLEDITEM(#4366,(#3917),$);
#4368=IFCCARTESIANPOINT((-0.138,0.12));
#4369=IFCAXIS2PLACEMENT2D(#4368,$);
#4370=IFCCIRCLEPROFILEDEF(.AREA.,$,#4369,0.084);
#4371=IFCCARTESIANPOINT((0.,0.,0.891));
#4372=IFCAXIS2PLACEMENT3D(#4371,$,$);
#4373=IFCDIRECTION((0.,0.,1.));
#4374=IFCEXTRUDEDAREASOLID(#4370,#4372,#4373,0.0162);
#4375=IFCSTYLEDITEM(#4374,(#3917),$);
#4376=IFCCARTESIANPOINT((0.138,0.12));
#4377=IFCAXIS2PLACEMENT2D(#4376,$);
#4378=IFCCIRCLEPROFILEDEF(.AREA.,$,#4377,0.084);
#4379=IFCCARTESIANPOINT((0.,0.,0.891));
#4380=IFCAXIS2PLACEMENT3D(#4379,$,$);
#4381=IFCDIRECTION((0.,0.,1.));
#4382=IFCEXTRUDEDAREASOLID(#4378,#4380,#4381,0.0162);
#4383=IFCSTYLEDITEM(#4382,(#3917),$);
#4384=IFCSHAPEREPRESENTATION(#12,'Body','SweptSolid',(#4328,#4339,#4350,#4358,#4366,#4374,#4382));
#4385=IFCPRODUCTDEFINITIONSHAPE($,$,(#4384));
#4386=IFCELECTRICAPPLIANCE('2FTfFDOOhw0uAnWf5OgRbG',#5,'Oven with hob','Skanna asset library',$,#4321,#4385,$,.ELECTRICCOOKER.);
#4387=IFCCARTESIANPOINT((10.27,11.68,0.5));
#4388=IFCDIRECTION((0.,0.,1.));
#4389=IFCDIRECTION((0.,-1.,0.));
#4390=IFCAXIS2PLACEMENT3D(#4387,#4388,#4389);
#4391=IFCLOCALPLACEMENT(#26,#4390);
#4392=IFCINDEXEDPOLYGONALFACE((1,2,3));
#4393=IFCINDEXEDPOLYGONALFACE((1,3,4));
#4394=IFCINDEXEDPOLYGONALFACE((2,5,6));
#4395=IFCINDEXEDPOLYGONALFACE((2,6,3));
#4396=IFCINDEXEDPOLYGONALFACE((5,7,8));
#4397=IFCINDEXEDPOLYGONALFACE((5,8,6));
#4398=IFCINDEXEDPOLYGONALFACE((7,9,10));
#4399=IFCINDEXEDPOLYGONALFACE((7,10,8));
#4400=IFCINDEXEDPOLYGONALFACE((9,11,12));
#4401=IFCINDEXEDPOLYGONALFACE((9,12,10));
#4402=IFCINDEXEDPOLYGONALFACE((11,13,14));
#4403=IFCINDEXEDPOLYGONALFACE((11,14,12));
#4404=IFCINDEXEDPOLYGONALFACE((13,15,16));
#4405=IFCINDEXEDPOLYGONALFACE((13,16,14));
#4406=IFCINDEXEDPOLYGONALFACE((15,17,18));
#4407=IFCINDEXEDPOLYGONALFACE((15,18,16));
#4408=IFCINDEXEDPOLYGONALFACE((17,19,20));
#4409=IFCINDEXEDPOLYGONALFACE((17,20,18));
#4410=IFCINDEXEDPOLYGONALFACE((19,21,22));
#4411=IFCINDEXEDPOLYGONALFACE((19,22,20));
#4412=IFCINDEXEDPOLYGONALFACE((21,23,24));
#4413=IFCINDEXEDPOLYGONALFACE((21,24,22));
#4414=IFCINDEXEDPOLYGONALFACE((23,25,26));
#4415=IFCINDEXEDPOLYGONALFACE((23,26,24));
#4416=IFCINDEXEDPOLYGONALFACE((25,27,28));
#4417=IFCINDEXEDPOLYGONALFACE((25,28,26));
#4418=IFCINDEXEDPOLYGONALFACE((27,29,30));
#4419=IFCINDEXEDPOLYGONALFACE((27,30,28));
#4420=IFCINDEXEDPOLYGONALFACE((29,31,32));
#4421=IFCINDEXEDPOLYGONALFACE((29,32,30));
#4422=IFCINDEXEDPOLYGONALFACE((31,1,4));
#4423=IFCINDEXEDPOLYGONALFACE((31,4,32));
#4424=IFCINDEXEDPOLYGONALFACE((1,5,2));
#4425=IFCINDEXEDPOLYGONALFACE((4,3,6));
#4426=IFCINDEXEDPOLYGONALFACE((1,7,5));
#4427=IFCINDEXEDPOLYGONALFACE((4,6,8));
#4428=IFCINDEXEDPOLYGONALFACE((1,9,7));
#4429=IFCINDEXEDPOLYGONALFACE((4,8,10));
#4430=IFCINDEXEDPOLYGONALFACE((1,11,9));
#4431=IFCINDEXEDPOLYGONALFACE((4,10,12));
#4432=IFCINDEXEDPOLYGONALFACE((1,13,11));
#4433=IFCINDEXEDPOLYGONALFACE((4,12,14));
#4434=IFCINDEXEDPOLYGONALFACE((1,15,13));
#4435=IFCINDEXEDPOLYGONALFACE((4,14,16));
#4436=IFCINDEXEDPOLYGONALFACE((1,17,15));
#4437=IFCINDEXEDPOLYGONALFACE((4,16,18));
#4438=IFCINDEXEDPOLYGONALFACE((1,19,17));
#4439=IFCINDEXEDPOLYGONALFACE((4,18,20));
#4440=IFCINDEXEDPOLYGONALFACE((1,21,19));
#4441=IFCINDEXEDPOLYGONALFACE((4,20,22));
#4442=IFCINDEXEDPOLYGONALFACE((1,23,21));
#4443=IFCINDEXEDPOLYGONALFACE((4,22,24));
#4444=IFCINDEXEDPOLYGONALFACE((1,25,23));
#4445=IFCINDEXEDPOLYGONALFACE((4,24,26));
#4446=IFCINDEXEDPOLYGONALFACE((1,27,25));
#4447=IFCINDEXEDPOLYGONALFACE((4,26,28));
#4448=IFCINDEXEDPOLYGONALFACE((1,29,27));
#4449=IFCINDEXEDPOLYGONALFACE((4,28,30));
#4450=IFCINDEXEDPOLYGONALFACE((1,31,29));
#4451=IFCINDEXEDPOLYGONALFACE((4,30,32));
#4452=IFCCARTESIANPOINTLIST3D(((0.027,0.02,0.042),(0.031,0.021072,0.042),(0.031,0.021072,0.108),(0.027,0.02,0.108),(0.033928,0.024,0.042),(0.033928,0.024,0.108),(0.035,0.028,0.042),(0.035,0.028,0.108),(0.035,0.042,0.042),(0.035,0.042,0.108),(0.033928,0.046,0.042),(0.033928,0.046,0.108),(0.031,0.048928,0.042),(0.031,0.048928,0.108),(0.027,0.05,0.042),(0.027,0.05,0.108),(-0.027,0.05,0.042),(-0.027,0.05,0.108),(-0.031,0.048928,0.042),(-0.031,0.048928,0.108),(-0.033928,0.046,0.042),(-0.033928,0.046,0.108),(-0.035,0.042,0.042),(-0.035,0.042,0.108),(-0.035,0.028,0.042),(-0.035,0.028,0.108),(-0.033928,0.024,0.042),(-0.033928,0.024,0.108),(-0.031,0.021072,0.042),(-0.031,0.021072,0.108),(-0.027,0.02,0.042),(-0.027,0.02,0.108)));
#4453=IFCPOLYGONALFACESET(#4452,.T.,(#4392,#4393,#4394,#4395,#4396,#4397,#4398,#4399,#4400,#4401,#4402,#4403,#4404,#4405,#4406,#4407,#4408,#4409,#4410,#4411,#4412,#4413,#4414,#4415,#4416,#4417,#4418,#4419,#4420,#4421,#4422,#4423,#4424,#4425,#4426,#4427,#4428,#4429,#4430,#4431,#4432,#4433,#4434,#4435,#4436,#4437,#4438,#4439,#4440,#4441,#4442,#4443,#4444,#4445,#4446,#4447,#4448,#4449,#4450,#4451),$);
#4454=IFCCOLOURRGB($,0.768627,0.780392,0.796078);
#4455=IFCSURFACESTYLESHADING(#4454,0.);
#4456=IFCSURFACESTYLE('#c4c7cb',.BOTH.,(#4455));
#4457=IFCSTYLEDITEM(#4453,(#4456),$);
#4458=IFCINDEXEDPOLYGONALFACE((1,2,3));
#4459=IFCINDEXEDPOLYGONALFACE((1,3,4));
#4460=IFCINDEXEDPOLYGONALFACE((2,5,6));
#4461=IFCINDEXEDPOLYGONALFACE((2,6,3));
#4462=IFCINDEXEDPOLYGONALFACE((5,7,8));
#4463=IFCINDEXEDPOLYGONALFACE((5,8,6));
#4464=IFCINDEXEDPOLYGONALFACE((7,9,10));
#4465=IFCINDEXEDPOLYGONALFACE((7,10,8));
#4466=IFCINDEXEDPOLYGONALFACE((9,11,12));
#4467=IFCINDEXEDPOLYGONALFACE((9,12,10));
#4468=IFCINDEXEDPOLYGONALFACE((11,13,14));
#4469=IFCINDEXEDPOLYGONALFACE((11,14,12));
#4470=IFCINDEXEDPOLYGONALFACE((13,15,16));
#4471=IFCINDEXEDPOLYGONALFACE((13,16,14));
#4472=IFCINDEXEDPOLYGONALFACE((15,17,18));
#4473=IFCINDEXEDPOLYGONALFACE((15,18,16));
#4474=IFCINDEXEDPOLYGONALFACE((17,19,20));
#4475=IFCINDEXEDPOLYGONALFACE((17,20,18));
#4476=IFCINDEXEDPOLYGONALFACE((19,21,22));
#4477=IFCINDEXEDPOLYGONALFACE((19,22,20));
#4478=IFCINDEXEDPOLYGONALFACE((21,23,24));
#4479=IFCINDEXEDPOLYGONALFACE((21,24,22));
#4480=IFCINDEXEDPOLYGONALFACE((23,25,26));
#4481=IFCINDEXEDPOLYGONALFACE((23,26,24));
#4482=IFCINDEXEDPOLYGONALFACE((25,27,28));
#4483=IFCINDEXEDPOLYGONALFACE((25,28,26));
#4484=IFCINDEXEDPOLYGONALFACE((27,29,30));
#4485=IFCINDEXEDPOLYGONALFACE((27,30,28));
#4486=IFCINDEXEDPOLYGONALFACE((29,31,32));
#4487=IFCINDEXEDPOLYGONALFACE((29,32,30));
#4488=IFCINDEXEDPOLYGONALFACE((31,33,34));
#4489=IFCINDEXEDPOLYGONALFACE((31,34,32));
#4490=IFCINDEXEDPOLYGONALFACE((33,35,36));
#4491=IFCINDEXEDPOLYGONALFACE((33,36,34));
#4492=IFCINDEXEDPOLYGONALFACE((35,37,38));
#4493=IFCINDEXEDPOLYGONALFACE((35,38,36));
#4494=IFCINDEXEDPOLYGONALFACE((37,39,40));
#4495=IFCINDEXEDPOLYGONALFACE((37,40,38));
#4496=IFCINDEXEDPOLYGONALFACE((39,41,42));
#4497=IFCINDEXEDPOLYGONALFACE((39,42,40));
#4498=IFCINDEXEDPOLYGONALFACE((41,43,44));
#4499=IFCINDEXEDPOLYGONALFACE((41,44,42));
#4500=IFCINDEXEDPOLYGONALFACE((43,45,46));
#4501=IFCINDEXEDPOLYGONALFACE((43,46,44));
#4502=IFCINDEXEDPOLYGONALFACE((45,47,48));
#4503=IFCINDEXEDPOLYGONALFACE((45,48,46));
#4504=IFCINDEXEDPOLYGONALFACE((47,49,50));
#4505=IFCINDEXEDPOLYGONALFACE((47,50,48));
#4506=IFCINDEXEDPOLYGONALFACE((49,51,52));
#4507=IFCINDEXEDPOLYGONALFACE((49,52,50));
#4508=IFCINDEXEDPOLYGONALFACE((51,53,54));
#4509=IFCINDEXEDPOLYGONALFACE((51,54,52));
#4510=IFCINDEXEDPOLYGONALFACE((53,55,56));
#4511=IFCINDEXEDPOLYGONALFACE((53,56,54));
#4512=IFCINDEXEDPOLYGONALFACE((55,57,58));
#4513=IFCINDEXEDPOLYGONALFACE((55,58,56));
#4514=IFCINDEXEDPOLYGONALFACE((57,59,60));
#4515=IFCINDEXEDPOLYGONALFACE((57,60,58));
#4516=IFCINDEXEDPOLYGONALFACE((59,61,62));
#4517=IFCINDEXEDPOLYGONALFACE((59,62,60));
#4518=IFCINDEXEDPOLYGONALFACE((61,63,64));
#4519=IFCINDEXEDPOLYGONALFACE((61,64,62));
#4520=IFCINDEXEDPOLYGONALFACE((63,1,4));
#4521=IFCINDEXEDPOLYGONALFACE((63,4,64));
#4522=IFCINDEXEDPOLYGONALFACE((1,5,2));
#4523=IFCINDEXEDPOLYGONALFACE((4,3,6));
#4524=IFCINDEXEDPOLYGONALFACE((1,7,5));
#4525=IFCINDEXEDPOLYGONALFACE((4,6,8));
#4526=IFCINDEXEDPOLYGONALFACE((1,9,7));
#4527=IFCINDEXEDPOLYGONALFACE((4,8,10));
#4528=IFCINDEXEDPOLYGONALFACE((1,11,9));
#4529=IFCINDEXEDPOLYGONALFACE((4,10,12));
#4530=IFCINDEXEDPOLYGONALFACE((1,13,11));
#4531=IFCINDEXEDPOLYGONALFACE((4,12,14));
#4532=IFCINDEXEDPOLYGONALFACE((1,15,13));
#4533=IFCINDEXEDPOLYGONALFACE((4,14,16));
#4534=IFCINDEXEDPOLYGONALFACE((1,17,15));
#4535=IFCINDEXEDPOLYGONALFACE((4,16,18));
#4536=IFCINDEXEDPOLYGONALFACE((1,19,17));
#4537=IFCINDEXEDPOLYGONALFACE((4,18,20));
#4538=IFCINDEXEDPOLYGONALFACE((1,21,19));
#4539=IFCINDEXEDPOLYGONALFACE((4,20,22));
#4540=IFCINDEXEDPOLYGONALFACE((1,23,21));
#4541=IFCINDEXEDPOLYGONALFACE((4,22,24));
#4542=IFCINDEXEDPOLYGONALFACE((1,25,23));
#4543=IFCINDEXEDPOLYGONALFACE((4,24,26));
#4544=IFCINDEXEDPOLYGONALFACE((1,27,25));
#4545=IFCINDEXEDPOLYGONALFACE((4,26,28));
#4546=IFCINDEXEDPOLYGONALFACE((1,29,27));
#4547=IFCINDEXEDPOLYGONALFACE((4,28,30));
#4548=IFCINDEXEDPOLYGONALFACE((1,31,29));
#4549=IFCINDEXEDPOLYGONALFACE((4,30,32));
#4550=IFCINDEXEDPOLYGONALFACE((1,33,31));
#4551=IFCINDEXEDPOLYGONALFACE((4,32,34));
#4552=IFCINDEXEDPOLYGONALFACE((1,35,33));
#4553=IFCINDEXEDPOLYGONALFACE((4,34,36));
#4554=IFCINDEXEDPOLYGONALFACE((1,37,35));
#4555=IFCINDEXEDPOLYGONALFACE((4,36,38));
#4556=IFCINDEXEDPOLYGONALFACE((1,39,37));
#4557=IFCINDEXEDPOLYGONALFACE((4,38,40));
#4558=IFCINDEXEDPOLYGONALFACE((1,41,39));
#4559=IFCINDEXEDPOLYGONALFACE((4,40,42));
#4560=IFCINDEXEDPOLYGONALFACE((1,43,41));
#4561=IFCINDEXEDPOLYGONALFACE((4,42,44));
#4562=IFCINDEXEDPOLYGONALFACE((1,45,43));
#4563=IFCINDEXEDPOLYGONALFACE((4,44,46));
#4564=IFCINDEXEDPOLYGONALFACE((1,47,45));
#4565=IFCINDEXEDPOLYGONALFACE((4,46,48));
#4566=IFCINDEXEDPOLYGONALFACE((1,49,47));
#4567=IFCINDEXEDPOLYGONALFACE((4,48,50));
#4568=IFCINDEXEDPOLYGONALFACE((1,51,49));
#4569=IFCINDEXEDPOLYGONALFACE((4,50,52));
#4570=IFCINDEXEDPOLYGONALFACE((1,53,51));
#4571=IFCINDEXEDPOLYGONALFACE((4,52,54));
#4572=IFCINDEXEDPOLYGONALFACE((1,55,53));
#4573=IFCINDEXEDPOLYGONALFACE((4,54,56));
#4574=IFCINDEXEDPOLYGONALFACE((1,57,55));
#4575=IFCINDEXEDPOLYGONALFACE((4,56,58));
#4576=IFCINDEXEDPOLYGONALFACE((1,59,57));
#4577=IFCINDEXEDPOLYGONALFACE((4,58,60));
#4578=IFCINDEXEDPOLYGONALFACE((1,61,59));
#4579=IFCINDEXEDPOLYGONALFACE((4,60,62));
#4580=IFCINDEXEDPOLYGONALFACE((1,63,61));
#4581=IFCINDEXEDPOLYGONALFACE((4,62,64));
#4582=IFCCARTESIANPOINTLIST3D(((0.0225,0.,0.),(0.022068,0.004877,0.),(0.018758,0.004146,0.15),(0.019125,0.,0.15),(0.020787,0.009567,0.),(0.017669,0.008132,0.15),(0.018708,0.013889,0.),(0.015902,0.011806,0.15),(0.01591,0.017678,0.),(0.013523,0.015026,0.15),(0.0125,0.020787,0.),(0.010625,0.017669,0.15),(0.00861,0.023097,0.),(0.007319,0.019632,0.15),(0.00439,0.02452,0.),(0.003731,0.020842,0.15),(0.,0.025,0.),(0.,0.02125,0.15),(-0.00439,0.02452,0.),(-0.003731,0.020842,0.15),(-0.00861,0.023097,0.),(-0.007319,0.019632,0.15),(-0.0125,0.020787,0.),(-0.010625,0.017669,0.15),(-0.01591,0.017678,0.),(-0.013523,0.015026,0.15),(-0.018708,0.013889,0.),(-0.015902,0.011806,0.15),(-0.020787,0.009567,0.),(-0.017669,0.008132,0.15),(-0.022068,0.004877,0.),(-0.018758,0.004146,0.15),(-0.0225,0.,0.),(-0.019125,0.,0.15),(-0.022068,-0.004877,0.),(-0.018758,-0.004146,0.15),(-0.020787,-0.009567,0.),(-0.017669,-0.008132,0.15),(-0.018708,-0.013889,0.),(-0.015902,-0.011806,0.15),(-0.01591,-0.017678,0.),(-0.013523,-0.015026,0.15),(-0.0125,-0.020787,0.),(-0.010625,-0.017669,0.15),(-0.00861,-0.023097,0.),(-0.007319,-0.019632,0.15),(-0.00439,-0.02452,0.),(-0.003731,-0.020842,0.15),(0.,-0.025,0.),(0.,-0.02125,0.15),(0.00439,-0.02452,0.),(0.003731,-0.020842,0.15),(0.00861,-0.023097,0.),(0.007319,-0.019632,0.15),(0.0125,-0.020787,0.),(0.010625,-0.017669,0.15),(0.01591,-0.017678,0.),(0.013523,-0.015026,0.15),(0.018708,-0.013889,0.),(0.015902,-0.011806,0.15),(0.020787,-0.009567,0.),(0.017669,-0.008132,0.15),(0.022068,-0.004877,0.),(0.018758,-0.004146,0.15)));
#4583=IFCPOLYGONALFACESET(#4582,.T.,(#4458,#4459,#4460,#4461,#4462,#4463,#4464,#4465,#4466,#4467,#4468,#4469,#4470,#4471,#4472,#4473,#4474,#4475,#4476,#4477,#4478,#4479,#4480,#4481,#4482,#4483,#4484,#4485,#4486,#4487,#4488,#4489,#4490,#4491,#4492,#4493,#4494,#4495,#4496,#4497,#4498,#4499,#4500,#4501,#4502,#4503,#4504,#4505,#4506,#4507,#4508,#4509,#4510,#4511,#4512,#4513,#4514,#4515,#4516,#4517,#4518,#4519,#4520,#4521,#4522,#4523,#4524,#4525,#4526,#4527,#4528,#4529,#4530,#4531,#4532,#4533,#4534,#4535,#4536,#4537,#4538,#4539,#4540,#4541,#4542,#4543,#4544,#4545,#4546,#4547,#4548,#4549,#4550,#4551,#4552,#4553,#4554,#4555,#4556,#4557,#4558,#4559,#4560,#4561,#4562,#4563,#4564,#4565,#4566,#4567,#4568,#4569,#4570,#4571,#4572,#4573,#4574,#4575,#4576,#4577,#4578,#4579,#4580,#4581),$);
#4584=IFCSTYLEDITEM(#4583,(#4456),$);
#4585=IFCCARTESIANPOINT((0.,0.));
#4586=IFCAXIS2PLACEMENT2D(#4585,$);
#4587=IFCELLIPSEPROFILEDEF(.AREA.,$,#4586,0.029,0.031);
#4588=IFCCARTESIANPOINT((0.,0.,0.09));
#4589=IFCAXIS2PLACEMENT3D(#4588,$,$);
#4590=IFCDIRECTION((0.,0.,1.));
#4591=IFCEXTRUDEDAREASOLID(#4587,#4589,#4590,0.024);
#4592=IFCCOLOURRGB($,0.356863,0.560784,0.745098);
#4593=IFCSURFACESTYLESHADING(#4592,0.);
#4594=IFCSURFACESTYLE('#5b8fbe',.BOTH.,(#4593));
#4595=IFCSTYLEDITEM(#4591,(#4594),$);
#4596=IFCSHAPEREPRESENTATION(#12,'Body','SolidModel',(#4453,#4583,#4591));
#4597=IFCPRODUCTDEFINITIONSHAPE($,$,(#4596));
#4598=IFCVALVE('2_tCenb9sSqjWaVlo8YwYA',#5,'Water in','Skanna asset library',$,#4391,#4597,$,.STOPCOCK.);
#4599=IFCCARTESIANPOINT((10.25,11.49,0.));
#4600=IFCDIRECTION((0.,0.,1.));
#4601=IFCDIRECTION((0.,-1.,0.));
#4602=IFCAXIS2PLACEMENT3D(#4599,#4600,#4601);
#4603=IFCLOCALPLACEMENT(#26,#4602);
#4604=IFCCARTESIANPOINT((0.,0.));
#4605=IFCAXIS2PLACEMENT2D(#4604,$);
#4606=IFCCIRCLEPROFILEDEF(.AREA.,$,#4605,0.075);
#4607=IFCCARTESIANPOINT((0.,0.,0.));
#4608=IFCAXIS2PLACEMENT3D(#4607,$,$);
#4609=IFCDIRECTION((0.,0.,1.));
#4610=IFCEXTRUDEDAREASOLID(#4606,#4608,#4609,0.0375);
#4611=IFCSTYLEDITEM(#4610,(#4456),$);
#4612=IFCCARTESIANPOINT((0.,0.));
#4613=IFCAXIS2PLACEMENT2D(#4612,$);
#4614=IFCCIRCLEPROFILEDEF(.AREA.,$,#4613,0.054);
#4615=IFCCARTESIANPOINT((0.,0.,0.0375));
#4616=IFCAXIS2PLACEMENT3D(#4615,$,$);
#4617=IFCDIRECTION((0.,0.,1.));
#4618=IFCEXTRUDEDAREASOLID(#4614,#4616,#4617,0.013);
#4619=IFCCOLOURRGB($,0.239216,0.396078,0.517647);
#4620=IFCSURFACESTYLESHADING(#4619,0.);
#4621=IFCSURFACESTYLE('#3d6584',.BOTH.,(#4620));
#4622=IFCSTYLEDITEM(#4618,(#4621),$);
#4623=IFCSHAPEREPRESENTATION(#12,'Body','SweptSolid',(#4610,#4618));
#4624=IFCPRODUCTDEFINITIONSHAPE($,$,(#4623));
#4625=IFCWASTETERMINAL('12c2NpGnkP6lJ$OWarOapH',#5,'Water out','Skanna asset library',$,#4603,#4624,$,.FLOORTRAP.);
#4626=IFCCARTESIANPOINT((10.57,5.65,0.));
#4627=IFCDIRECTION((0.,0.,1.));
#4628=IFCDIRECTION((1.,0.,0.));
#4629=IFCAXIS2PLACEMENT3D(#4626,#4627,#4628);
#4630=IFCLOCALPLACEMENT(#26,#4629);
#4631=IFCCARTESIANPOINT((0.,0.));
#4632=IFCAXIS2PLACEMENT2D(#4631,$);
#4633=IFCCIRCLEPROFILEDEF(.AREA.,$,#4632,0.075);
#4634=IFCCARTESIANPOINT((0.,0.,0.));
#4635=IFCAXIS2PLACEMENT3D(#4634,$,$);
#4636=IFCDIRECTION((0.,0.,1.));
#4637=IFCEXTRUDEDAREASOLID(#4633,#4635,#4636,0.0375);
#4638=IFCSTYLEDITEM(#4637,(#4456),$);
#4639=IFCCARTESIANPOINT((0.,0.));
#4640=IFCAXIS2PLACEMENT2D(#4639,$);
#4641=IFCCIRCLEPROFILEDEF(.AREA.,$,#4640,0.054);
#4642=IFCCARTESIANPOINT((0.,0.,0.0375));
#4643=IFCAXIS2PLACEMENT3D(#4642,$,$);
#4644=IFCDIRECTION((0.,0.,1.));
#4645=IFCEXTRUDEDAREASOLID(#4641,#4643,#4644,0.013);
#4646=IFCSTYLEDITEM(#4645,(#4621),$);
#4647=IFCSHAPEREPRESENTATION(#12,'Body','SweptSolid',(#4637,#4645));
#4648=IFCPRODUCTDEFINITIONSHAPE($,$,(#4647));
#4649=IFCWASTETERMINAL('2zx4mPslGIjepl5cOMN4pC',#5,'Water out','Skanna asset library',$,#4630,#4648,$,.FLOORTRAP.);
#4650=IFCCARTESIANPOINT((10.309,9.15,0.3));
#4651=IFCDIRECTION((0.,0.,1.));
#4652=IFCDIRECTION((0.,-1.,0.));
#4653=IFCAXIS2PLACEMENT3D(#4650,#4651,#4652);
#4654=IFCLOCALPLACEMENT(#26,#4653);
#4655=IFCCARTESIANPOINT((0.,0.0075));
#4656=IFCAXIS2PLACEMENT2D(#4655,$);
#4657=IFCRECTANGLEPROFILEDEF(.AREA.,$,#4656,0.15,0.015);
#4658=IFCCARTESIANPOINT((0.,0.,0.));
#4659=IFCAXIS2PLACEMENT3D(#4658,$,$);
#4660=IFCDIRECTION((0.,0.,1.));
#4661=IFCEXTRUDEDAREASOLID(#4657,#4659,#4660,0.09);
#4662=IFCSTYLEDITEM(#4661,(#3585),$);
#4663=IFCCARTESIANPOINT((-0.0375,-0.012));
#4664=IFCAXIS2PLACEMENT2D(#4663,$);
#4665=IFCRECTANGLEPROFILEDEF(.AREA.,$,#4664,0.054,0.009);
#4666=IFCCARTESIANPOINT((0.,0.,0.018));
#4667=IFCAXIS2PLACEMENT3D(#4666,$,$);
#4668=IFCDIRECTION((0.,0.,1.));
#4669=IFCEXTRUDEDAREASOLID(#4665,#4667,#4668,0.054);
#4670=IFCSTYLEDITEM(#4669,(#4342),$);
#4671=IFCCARTESIANPOINT((0.0375,-0.012));
#4672=IFCAXIS2PLACEMENT2D(#4671,$);
#4673=IFCRECTANGLEPROFILEDEF(.AREA.,$,#4672,0.054,0.009);
#4674=IFCCARTESIANPOINT((0.,0.,0.018));
#4675=IFCAXIS2PLACEMENT3D(#4674,$,$);
#4676=IFCDIRECTION((0.,0.,1.));
#4677=IFCEXTRUDEDAREASOLID(#4673,#4675,#4676,0.054);
#4678=IFCSTYLEDITEM(#4677,(#4342),$);
#4679=IFCSHAPEREPRESENTATION(#12,'Body','SweptSolid',(#4661,#4669,#4677));
#4680=IFCPRODUCTDEFINITIONSHAPE($,$,(#4679));
#4681=IFCOUTLET('2$IwU_4Z_3bhyK7j6JqaNh',#5,'Electrical outlet','2× Power',$,#4654,#4680,$,.POWEROUTLET.);
#4682=IFCCARTESIANPOINT((6.415,12.96,1.));
#4683=IFCDIRECTION((0.,0.,1.));
#4684=IFCDIRECTION((0.,-1.,0.));
#4685=IFCAXIS2PLACEMENT3D(#4682,#4683,#4684);
#4686=IFCLOCALPLACEMENT(#26,#4685);
#4687=IFCINDEXEDPOLYGONALFACE((1,2,3));
#4688=IFCINDEXEDPOLYGONALFACE((1,3,4));
#4689=IFCINDEXEDPOLYGONALFACE((2,5,6));
#4690=IFCINDEXEDPOLYGONALFACE((2,6,3));
#4691=IFCINDEXEDPOLYGONALFACE((5,7,8));
#4692=IFCINDEXEDPOLYGONALFACE((5,8,6));
#4693=IFCINDEXEDPOLYGONALFACE((7,9,10));
#4694=IFCINDEXEDPOLYGONALFACE((7,10,8));
#4695=IFCINDEXEDPOLYGONALFACE((9,11,12));
#4696=IFCINDEXEDPOLYGONALFACE((9,12,10));
#4697=IFCINDEXEDPOLYGONALFACE((11,13,14));
#4698=IFCINDEXEDPOLYGONALFACE((11,14,12));
#4699=IFCINDEXEDPOLYGONALFACE((13,15,16));
#4700=IFCINDEXEDPOLYGONALFACE((13,16,14));
#4701=IFCINDEXEDPOLYGONALFACE((15,17,18));
#4702=IFCINDEXEDPOLYGONALFACE((15,18,16));
#4703=IFCINDEXEDPOLYGONALFACE((17,19,20));
#4704=IFCINDEXEDPOLYGONALFACE((17,20,18));
#4705=IFCINDEXEDPOLYGONALFACE((19,21,22));
#4706=IFCINDEXEDPOLYGONALFACE((19,22,20));
#4707=IFCINDEXEDPOLYGONALFACE((21,23,24));
#4708=IFCINDEXEDPOLYGONALFACE((21,24,22));
#4709=IFCINDEXEDPOLYGONALFACE((23,25,26));
#4710=IFCINDEXEDPOLYGONALFACE((23,26,24));
#4711=IFCINDEXEDPOLYGONALFACE((25,27,28));
#4712=IFCINDEXEDPOLYGONALFACE((25,28,26));
#4713=IFCINDEXEDPOLYGONALFACE((27,29,30));
#4714=IFCINDEXEDPOLYGONALFACE((27,30,28));
#4715=IFCINDEXEDPOLYGONALFACE((29,31,32));
#4716=IFCINDEXEDPOLYGONALFACE((29,32,30));
#4717=IFCINDEXEDPOLYGONALFACE((31,1,4));
#4718=IFCINDEXEDPOLYGONALFACE((31,4,32));
#4719=IFCINDEXEDPOLYGONALFACE((1,5,2));
#4720=IFCINDEXEDPOLYGONALFACE((4,3,6));
#4721=IFCINDEXEDPOLYGONALFACE((1,7,5));
#4722=IFCINDEXEDPOLYGONALFACE((4,6,8));
#4723=IFCINDEXEDPOLYGONALFACE((1,9,7));
#4724=IFCINDEXEDPOLYGONALFACE((4,8,10));
#4725=IFCINDEXEDPOLYGONALFACE((1,11,9));
#4726=IFCINDEXEDPOLYGONALFACE((4,10,12));
#4727=IFCINDEXEDPOLYGONALFACE((1,13,11));
#4728=IFCINDEXEDPOLYGONALFACE((4,12,14));
#4729=IFCINDEXEDPOLYGONALFACE((1,15,13));
#4730=IFCINDEXEDPOLYGONALFACE((4,14,16));
#4731=IFCINDEXEDPOLYGONALFACE((1,17,15));
#4732=IFCINDEXEDPOLYGONALFACE((4,16,18));
#4733=IFCINDEXEDPOLYGONALFACE((1,19,17));
#4734=IFCINDEXEDPOLYGONALFACE((4,18,20));
#4735=IFCINDEXEDPOLYGONALFACE((1,21,19));
#4736=IFCINDEXEDPOLYGONALFACE((4,20,22));
#4737=IFCINDEXEDPOLYGONALFACE((1,23,21));
#4738=IFCINDEXEDPOLYGONALFACE((4,22,24));
#4739=IFCINDEXEDPOLYGONALFACE((1,25,23));
#4740=IFCINDEXEDPOLYGONALFACE((4,24,26));
#4741=IFCINDEXEDPOLYGONALFACE((1,27,25));
#4742=IFCINDEXEDPOLYGONALFACE((4,26,28));
#4743=IFCINDEXEDPOLYGONALFACE((1,29,27));
#4744=IFCINDEXEDPOLYGONALFACE((4,28,30));
#4745=IFCINDEXEDPOLYGONALFACE((1,31,29));
#4746=IFCINDEXEDPOLYGONALFACE((4,30,32));
#4747=IFCCARTESIANPOINTLIST3D(((0.036,0.,0.),(0.038,0.000536,0.),(0.038,0.000536,0.08),(0.036,0.,0.08),(0.039464,0.002,0.),(0.039464,0.002,0.08),(0.04,0.004,0.),(0.04,0.004,0.08),(0.04,0.006,0.),(0.04,0.006,0.08),(0.039464,0.008,0.),(0.039464,0.008,0.08),(0.038,0.009464,0.),(0.038,0.009464,0.08),(0.036,0.01,0.),(0.036,0.01,0.08),(-0.036,0.01,0.),(-0.036,0.01,0.08),(-0.038,0.009464,0.),(-0.038,0.009464,0.08),(-0.039464,0.008,0.),(-0.039464,0.008,0.08),(-0.04,0.006,0.),(-0.04,0.006,0.08),(-0.04,0.004,0.),(-0.04,0.004,0.08),(-0.039464,0.002,0.),(-0.039464,0.002,0.08),(-0.038,0.000536,0.),(-0.038,0.000536,0.08),(-0.036,0.,0.),(-0.036,0.,0.08)));
#4748=IFCPOLYGONALFACESET(#4747,.T.,(#4687,#4688,#4689,#4690,#4691,#4692,#4693,#4694,#4695,#4696,#4697,#4698,#4699,#4700,#4701,#4702,#4703,#4704,#4705,#4706,#4707,#4708,#4709,#4710,#4711,#4712,#4713,#4714,#4715,#4716,#4717,#4718,#4719,#4720,#4721,#4722,#4723,#4724,#4725,#4726,#4727,#4728,#4729,#4730,#4731,#4732,#4733,#4734,#4735,#4736,#4737,#4738,#4739,#4740,#4741,#4742,#4743,#4744,#4745,#4746),$);
#4749=IFCSTYLEDITEM(#4748,(#3585),$);
#4750=IFCINDEXEDPOLYGONALFACE((1,2,3));
#4751=IFCINDEXEDPOLYGONALFACE((1,3,4));
#4752=IFCINDEXEDPOLYGONALFACE((2,5,6));
#4753=IFCINDEXEDPOLYGONALFACE((2,6,3));
#4754=IFCINDEXEDPOLYGONALFACE((5,7,8));
#4755=IFCINDEXEDPOLYGONALFACE((5,8,6));
#4756=IFCINDEXEDPOLYGONALFACE((7,9,10));
#4757=IFCINDEXEDPOLYGONALFACE((7,10,8));
#4758=IFCINDEXEDPOLYGONALFACE((9,11,12));
#4759=IFCINDEXEDPOLYGONALFACE((9,12,10));
#4760=IFCINDEXEDPOLYGONALFACE((11,13,14));
#4761=IFCINDEXEDPOLYGONALFACE((11,14,12));
#4762=IFCINDEXEDPOLYGONALFACE((13,15,16));
#4763=IFCINDEXEDPOLYGONALFACE((13,16,14));
#4764=IFCINDEXEDPOLYGONALFACE((15,17,18));
#4765=IFCINDEXEDPOLYGONALFACE((15,18,16));
#4766=IFCINDEXEDPOLYGONALFACE((17,19,20));
#4767=IFCINDEXEDPOLYGONALFACE((17,20,18));
#4768=IFCINDEXEDPOLYGONALFACE((19,21,22));
#4769=IFCINDEXEDPOLYGONALFACE((19,22,20));
#4770=IFCINDEXEDPOLYGONALFACE((21,23,24));
#4771=IFCINDEXEDPOLYGONALFACE((21,24,22));
#4772=IFCINDEXEDPOLYGONALFACE((23,25,26));
#4773=IFCINDEXEDPOLYGONALFACE((23,26,24));
#4774=IFCINDEXEDPOLYGONALFACE((25,27,28));
#4775=IFCINDEXEDPOLYGONALFACE((25,28,26));
#4776=IFCINDEXEDPOLYGONALFACE((27,29,30));
#4777=IFCINDEXEDPOLYGONALFACE((27,30,28));
#4778=IFCINDEXEDPOLYGONALFACE((29,31,32));
#4779=IFCINDEXEDPOLYGONALFACE((29,32,30));
#4780=IFCINDEXEDPOLYGONALFACE((31,1,4));
#4781=IFCINDEXEDPOLYGONALFACE((31,4,32));
#4782=IFCINDEXEDPOLYGONALFACE((1,5,2));
#4783=IFCINDEXEDPOLYGONALFACE((4,3,6));
#4784=IFCINDEXEDPOLYGONALFACE((1,7,5));
#4785=IFCINDEXEDPOLYGONALFACE((4,6,8));
#4786=IFCINDEXEDPOLYGONALFACE((1,9,7));
#4787=IFCINDEXEDPOLYGONALFACE((4,8,10));
#4788=IFCINDEXEDPOLYGONALFACE((1,11,9));
#4789=IFCINDEXEDPOLYGONALFACE((4,10,12));
#4790=IFCINDEXEDPOLYGONALFACE((1,13,11));
#4791=IFCINDEXEDPOLYGONALFACE((4,12,14));
#4792=IFCINDEXEDPOLYGONALFACE((1,15,13));
#4793=IFCINDEXEDPOLYGONALFACE((4,14,16));
#4794=IFCINDEXEDPOLYGONALFACE((1,17,15));
#4795=IFCINDEXEDPOLYGONALFACE((4,16,18));
#4796=IFCINDEXEDPOLYGONALFACE((1,19,17));
#4797=IFCINDEXEDPOLYGONALFACE((4,18,20));
#4798=IFCINDEXEDPOLYGONALFACE((1,21,19));
#4799=IFCINDEXEDPOLYGONALFACE((4,20,22));
#4800=IFCINDEXEDPOLYGONALFACE((1,23,21));
#4801=IFCINDEXEDPOLYGONALFACE((4,22,24));
#4802=IFCINDEXEDPOLYGONALFACE((1,25,23));
#4803=IFCINDEXEDPOLYGONALFACE((4,24,26));
#4804=IFCINDEXEDPOLYGONALFACE((1,27,25));
#4805=IFCINDEXEDPOLYGONALFACE((4,26,28));
#4806=IFCINDEXEDPOLYGONALFACE((1,29,27));
#4807=IFCINDEXEDPOLYGONALFACE((4,28,30));
#4808=IFCINDEXEDPOLYGONALFACE((1,31,29));
#4809=IFCINDEXEDPOLYGONALFACE((4,30,32));
#4810=IFCCARTESIANPOINTLIST3D(((0.0218,-0.0106,0.0128),(0.0233,-0.010198,0.0128),(0.0233,-0.010198,0.0672),(0.0218,-0.0106,0.0672),(0.024398,-0.0091,0.0128),(0.024398,-0.0091,0.0672),(0.0248,-0.0076,0.0128),(0.0248,-0.0076,0.0672),(0.0248,-0.0068,0.0128),(0.0248,-0.0068,0.0672),(0.024398,-0.0053,0.0128),(0.024398,-0.0053,0.0672),(0.0233,-0.004202,0.0128),(0.0233,-0.004202,0.0672),(0.0218,-0.0038,0.0128),(0.0218,-0.0038,0.0672),(-0.0218,-0.0038,0.0128),(-0.0218,-0.0038,0.0672),(-0.0233,-0.004202,0.0128),(-0.0233,-0.004202,0.0672),(-0.024398,-0.0053,0.0128),(-0.024398,-0.0053,0.0672),(-0.0248,-0.0068,0.0128),(-0.0248,-0.0068,0.0672),(-0.0248,-0.0076,0.0128),(-0.0248,-0.0076,0.0672),(-0.024398,-0.0091,0.0128),(-0.024398,-0.0091,0.0672),(-0.0233,-0.010198,0.0128),(-0.0233,-0.010198,0.0672),(-0.0218,-0.0106,0.0128),(-0.0218,-0.0106,0.0672)));
#4811=IFCPOLYGONALFACESET(#4810,.T.,(#4750,#4751,#4752,#4753,#4754,#4755,#4756,#4757,#4758,#4759,#4760,#4761,#4762,#4763,#4764,#4765,#4766,#4767,#4768,#4769,#4770,#4771,#4772,#4773,#4774,#4775,#4776,#4777,#4778,#4779,#4780,#4781,#4782,#4783,#4784,#4785,#4786,#4787,#4788,#4789,#4790,#4791,#4792,#4793,#4794,#4795,#4796,#4797,#4798,#4799,#4800,#4801,#4802,#4803,#4804,#4805,#4806,#4807,#4808,#4809),$);
#4812=IFCSTYLEDITEM(#4811,(#3585),$);
#4813=IFCSHAPEREPRESENTATION(#12,'Body','Tessellation',(#4748,#4811));
#4814=IFCPRODUCTDEFINITIONSHAPE($,$,(#4813));
#4815=IFCSWITCHINGDEVICE('0hbYPgmy1AFb4bsn6S_RWY',#5,'Light switch','Skanna asset library',$,#4686,#4814,$,.TOGGLESWITCH.);
#4816=IFCCARTESIANPOINT((5.52,0.29,2.65));
#4817=IFCDIRECTION((0.,0.,1.));
#4818=IFCDIRECTION((1.,0.,0.));
#4819=IFCAXIS2PLACEMENT3D(#4816,#4817,#4818);
#4820=IFCLOCALPLACEMENT(#26,#4819);
#4821=IFCINDEXEDPOLYGONALFACE((1,2,3));
#4822=IFCINDEXEDPOLYGONALFACE((1,3,4));
#4823=IFCINDEXEDPOLYGONALFACE((2,5,6));
#4824=IFCINDEXEDPOLYGONALFACE((2,6,3));
#4825=IFCINDEXEDPOLYGONALFACE((5,7,8));
#4826=IFCINDEXEDPOLYGONALFACE((5,8,6));
#4827=IFCINDEXEDPOLYGONALFACE((7,9,10));
#4828=IFCINDEXEDPOLYGONALFACE((7,10,8));
#4829=IFCINDEXEDPOLYGONALFACE((9,11,12));
#4830=IFCINDEXEDPOLYGONALFACE((9,12,10));
#4831=IFCINDEXEDPOLYGONALFACE((11,13,14));
#4832=IFCINDEXEDPOLYGONALFACE((11,14,12));
#4833=IFCINDEXEDPOLYGONALFACE((13,15,16));
#4834=IFCINDEXEDPOLYGONALFACE((13,16,14));
#4835=IFCINDEXEDPOLYGONALFACE((15,17,18));
#4836=IFCINDEXEDPOLYGONALFACE((15,18,16));
#4837=IFCINDEXEDPOLYGONALFACE((17,19,20));
#4838=IFCINDEXEDPOLYGONALFACE((17,20,18));
#4839=IFCINDEXEDPOLYGONALFACE((19,21,22));
#4840=IFCINDEXEDPOLYGONALFACE((19,22,20));
#4841=IFCINDEXEDPOLYGONALFACE((21,23,24));
#4842=IFCINDEXEDPOLYGONALFACE((21,24,22));
#4843=IFCINDEXEDPOLYGONALFACE((23,25,26));
#4844=IFCINDEXEDPOLYGONALFACE((23,26,24));
#4845=IFCINDEXEDPOLYGONALFACE((25,27,28));
#4846=IFCINDEXEDPOLYGONALFACE((25,28,26));
#4847=IFCINDEXEDPOLYGONALFACE((27,29,30));
#4848=IFCINDEXEDPOLYGONALFACE((27,30,28));
#4849=IFCINDEXEDPOLYGONALFACE((29,31,32));
#4850=IFCINDEXEDPOLYGONALFACE((29,32,30));
#4851=IFCINDEXEDPOLYGONALFACE((31,33,34));
#4852=IFCINDEXEDPOLYGONALFACE((31,34,32));
#4853=IFCINDEXEDPOLYGONALFACE((33,35,36));
#4854=IFCINDEXEDPOLYGONALFACE((33,36,34));
#4855=IFCINDEXEDPOLYGONALFACE((35,37,38));
#4856=IFCINDEXEDPOLYGONALFACE((35,38,36));
#4857=IFCINDEXEDPOLYGONALFACE((37,39,40));
#4858=IFCINDEXEDPOLYGONALFACE((37,40,38));
#4859=IFCINDEXEDPOLYGONALFACE((39,41,42));
#4860=IFCINDEXEDPOLYGONALFACE((39,42,40));
#4861=IFCINDEXEDPOLYGONALFACE((41,43,44));
#4862=IFCINDEXEDPOLYGONALFACE((41,44,42));
#4863=IFCINDEXEDPOLYGONALFACE((43,45,46));
#4864=IFCINDEXEDPOLYGONALFACE((43,46,44));
#4865=IFCINDEXEDPOLYGONALFACE((45,47,48));
#4866=IFCINDEXEDPOLYGONALFACE((45,48,46));
#4867=IFCINDEXEDPOLYGONALFACE((47,49,50));
#4868=IFCINDEXEDPOLYGONALFACE((47,50,48));
#4869=IFCINDEXEDPOLYGONALFACE((49,51,52));
#4870=IFCINDEXEDPOLYGONALFACE((49,52,50));
#4871=IFCINDEXEDPOLYGONALFACE((51,53,54));
#4872=IFCINDEXEDPOLYGONALFACE((51,54,52));
#4873=IFCINDEXEDPOLYGONALFACE((53,55,56));
#4874=IFCINDEXEDPOLYGONALFACE((53,56,54));
#4875=IFCINDEXEDPOLYGONALFACE((55,57,58));
#4876=IFCINDEXEDPOLYGONALFACE((55,58,56));
#4877=IFCINDEXEDPOLYGONALFACE((57,59,60));
#4878=IFCINDEXEDPOLYGONALFACE((57,60,58));
#4879=IFCINDEXEDPOLYGONALFACE((59,61,62));
#4880=IFCINDEXEDPOLYGONALFACE((59,62,60));
#4881=IFCINDEXEDPOLYGONALFACE((61,63,64));
#4882=IFCINDEXEDPOLYGONALFACE((61,64,62));
#4883=IFCINDEXEDPOLYGONALFACE((63,1,4));
#4884=IFCINDEXEDPOLYGONALFACE((63,4,64));
#4885=IFCINDEXEDPOLYGONALFACE((1,5,2));
#4886=IFCINDEXEDPOLYGONALFACE((4,3,6));
#4887=IFCINDEXEDPOLYGONALFACE((1,7,5));
#4888=IFCINDEXEDPOLYGONALFACE((4,6,8));
#4889=IFCINDEXEDPOLYGONALFACE((1,9,7));
#4890=IFCINDEXEDPOLYGONALFACE((4,8,10));
#4891=IFCINDEXEDPOLYGONALFACE((1,11,9));
#4892=IFCINDEXEDPOLYGONALFACE((4,10,12));
#4893=IFCINDEXEDPOLYGONALFACE((1,13,11));
#4894=IFCINDEXEDPOLYGONALFACE((4,12,14));
#4895=IFCINDEXEDPOLYGONALFACE((1,15,13));
#4896=IFCINDEXEDPOLYGONALFACE((4,14,16));
#4897=IFCINDEXEDPOLYGONALFACE((1,17,15));
#4898=IFCINDEXEDPOLYGONALFACE((4,16,18));
#4899=IFCINDEXEDPOLYGONALFACE((1,19,17));
#4900=IFCINDEXEDPOLYGONALFACE((4,18,20));
#4901=IFCINDEXEDPOLYGONALFACE((1,21,19));
#4902=IFCINDEXEDPOLYGONALFACE((4,20,22));
#4903=IFCINDEXEDPOLYGONALFACE((1,23,21));
#4904=IFCINDEXEDPOLYGONALFACE((4,22,24));
#4905=IFCINDEXEDPOLYGONALFACE((1,25,23));
#4906=IFCINDEXEDPOLYGONALFACE((4,24,26));
#4907=IFCINDEXEDPOLYGONALFACE((1,27,25));
#4908=IFCINDEXEDPOLYGONALFACE((4,26,28));
#4909=IFCINDEXEDPOLYGONALFACE((1,29,27));
#4910=IFCINDEXEDPOLYGONALFACE((4,28,30));
#4911=IFCINDEXEDPOLYGONALFACE((1,31,29));
#4912=IFCINDEXEDPOLYGONALFACE((4,30,32));
#4913=IFCINDEXEDPOLYGONALFACE((1,33,31));
#4914=IFCINDEXEDPOLYGONALFACE((4,32,34));
#4915=IFCINDEXEDPOLYGONALFACE((1,35,33));
#4916=IFCINDEXEDPOLYGONALFACE((4,34,36));
#4917=IFCINDEXEDPOLYGONALFACE((1,37,35));
#4918=IFCINDEXEDPOLYGONALFACE((4,36,38));
#4919=IFCINDEXEDPOLYGONALFACE((1,39,37));
#4920=IFCINDEXEDPOLYGONALFACE((4,38,40));
#4921=IFCINDEXEDPOLYGONALFACE((1,41,39));
#4922=IFCINDEXEDPOLYGONALFACE((4,40,42));
#4923=IFCINDEXEDPOLYGONALFACE((1,43,41));
#4924=IFCINDEXEDPOLYGONALFACE((4,42,44));
#4925=IFCINDEXEDPOLYGONALFACE((1,45,43));
#4926=IFCINDEXEDPOLYGONALFACE((4,44,46));
#4927=IFCINDEXEDPOLYGONALFACE((1,47,45));
#4928=IFCINDEXEDPOLYGONALFACE((4,46,48));
#4929=IFCINDEXEDPOLYGONALFACE((1,49,47));
#4930=IFCINDEXEDPOLYGONALFACE((4,48,50));
#4931=IFCINDEXEDPOLYGONALFACE((1,51,49));
#4932=IFCINDEXEDPOLYGONALFACE((4,50,52));
#4933=IFCINDEXEDPOLYGONALFACE((1,53,51));
#4934=IFCINDEXEDPOLYGONALFACE((4,52,54));
#4935=IFCINDEXEDPOLYGONALFACE((1,55,53));
#4936=IFCINDEXEDPOLYGONALFACE((4,54,56));
#4937=IFCINDEXEDPOLYGONALFACE((1,57,55));
#4938=IFCINDEXEDPOLYGONALFACE((4,56,58));
#4939=IFCINDEXEDPOLYGONALFACE((1,59,57));
#4940=IFCINDEXEDPOLYGONALFACE((4,58,60));
#4941=IFCINDEXEDPOLYGONALFACE((1,61,59));
#4942=IFCINDEXEDPOLYGONALFACE((4,60,62));
#4943=IFCINDEXEDPOLYGONALFACE((1,63,61));
#4944=IFCINDEXEDPOLYGONALFACE((4,62,64));
#4945=IFCCARTESIANPOINTLIST3D(((0.05,0.,0.014),(0.049039,0.009755,0.014),(0.040212,0.007999,0.05),(0.041,0.,0.05),(0.046194,0.019134,0.014),(0.037879,0.01569,0.05),(0.041573,0.027779,0.014),(0.03409,0.022778,0.05),(0.035355,0.035355,0.014),(0.028991,0.028991,0.05),(0.027779,0.041573,0.014),(0.022778,0.03409,0.05),(0.019134,0.046194,0.014),(0.01569,0.037879,0.05),(0.009755,0.049039,0.014),(0.007999,0.040212,0.05),(0.,0.05,0.014),(0.,0.041,0.05),(-0.009755,0.049039,0.014),(-0.007999,0.040212,0.05),(-0.019134,0.046194,0.014),(-0.01569,0.037879,0.05),(-0.027779,0.041573,0.014),(-0.022778,0.03409,0.05),(-0.035355,0.035355,0.014),(-0.028991,0.028991,0.05),(-0.041573,0.027779,0.014),(-0.03409,0.022778,0.05),(-0.046194,0.019134,0.014),(-0.037879,0.01569,0.05),(-0.049039,0.009755,0.014),(-0.040212,0.007999,0.05),(-0.05,0.,0.014),(-0.041,0.,0.05),(-0.049039,-0.009755,0.014),(-0.040212,-0.007999,0.05),(-0.046194,-0.019134,0.014),(-0.037879,-0.01569,0.05),(-0.041573,-0.027779,0.014),(-0.03409,-0.022778,0.05),(-0.035355,-0.035355,0.014),(-0.028991,-0.028991,0.05),(-0.027779,-0.041573,0.014),(-0.022778,-0.03409,0.05),(-0.019134,-0.046194,0.014),(-0.01569,-0.037879,0.05),(-0.009755,-0.049039,0.014),(-0.007999,-0.040212,0.05),(0.,-0.05,0.014),(0.,-0.041,0.05),(0.009755,-0.049039,0.014),(0.007999,-0.040212,0.05),(0.019134,-0.046194,0.014),(0.01569,-0.037879,0.05),(0.027779,-0.041573,0.014),(0.022778,-0.03409,0.05),(0.035355,-0.035355,0.014),(0.028991,-0.028991,0.05),(0.041573,-0.027779,0.014),(0.03409,-0.022778,0.05),(0.046194,-0.019134,0.014),(0.037879,-0.01569,0.05),(0.049039,-0.009755,0.014),(0.040212,-0.007999,0.05)));
#4946=IFCPOLYGONALFACESET(#4945,.T.,(#4821,#4822,#4823,#4824,#4825,#4826,#4827,#4828,#4829,#4830,#4831,#4832,#4833,#4834,#4835,#4836,#4837,#4838,#4839,#4840,#4841,#4842,#4843,#4844,#4845,#4846,#4847,#4848,#4849,#4850,#4851,#4852,#4853,#4854,#4855,#4856,#4857,#4858,#4859,#4860,#4861,#4862,#4863,#4864,#4865,#4866,#4867,#4868,#4869,#4870,#4871,#4872,#4873,#4874,#4875,#4876,#4877,#4878,#4879,#4880,#4881,#4882,#4883,#4884,#4885,#4886,#4887,#4888,#4889,#4890,#4891,#4892,#4893,#4894,#4895,#4896,#4897,#4898,#4899,#4900,#4901,#4902,#4903,#4904,#4905,#4906,#4907,#4908,#4909,#4910,#4911,#4912,#4913,#4914,#4915,#4916,#4917,#4918,#4919,#4920,#4921,#4922,#4923,#4924,#4925,#4926,#4927,#4928,#4929,#4930,#4931,#4932,#4933,#4934,#4935,#4936,#4937,#4938,#4939,#4940,#4941,#4942,#4943,#4944),$);
#4947=IFCSTYLEDITEM(#4946,(#3585),$);
#4948=IFCINDEXEDPOLYGONALFACE((1,2,3));
#4949=IFCINDEXEDPOLYGONALFACE((1,3,4));
#4950=IFCINDEXEDPOLYGONALFACE((2,5,6));
#4951=IFCINDEXEDPOLYGONALFACE((2,6,3));
#4952=IFCINDEXEDPOLYGONALFACE((5,7,8));
#4953=IFCINDEXEDPOLYGONALFACE((5,8,6));
#4954=IFCINDEXEDPOLYGONALFACE((7,9,10));
#4955=IFCINDEXEDPOLYGONALFACE((7,10,8));
#4956=IFCINDEXEDPOLYGONALFACE((9,11,12));
#4957=IFCINDEXEDPOLYGONALFACE((9,12,10));
#4958=IFCINDEXEDPOLYGONALFACE((11,13,14));
#4959=IFCINDEXEDPOLYGONALFACE((11,14,12));
#4960=IFCINDEXEDPOLYGONALFACE((13,15,16));
#4961=IFCINDEXEDPOLYGONALFACE((13,16,14));
#4962=IFCINDEXEDPOLYGONALFACE((15,17,18));
#4963=IFCINDEXEDPOLYGONALFACE((15,18,16));
#4964=IFCINDEXEDPOLYGONALFACE((17,19,20));
#4965=IFCINDEXEDPOLYGONALFACE((17,20,18));
#4966=IFCINDEXEDPOLYGONALFACE((19,21,22));
#4967=IFCINDEXEDPOLYGONALFACE((19,22,20));
#4968=IFCINDEXEDPOLYGONALFACE((21,23,24));
#4969=IFCINDEXEDPOLYGONALFACE((21,24,22));
#4970=IFCINDEXEDPOLYGONALFACE((23,25,26));
#4971=IFCINDEXEDPOLYGONALFACE((23,26,24));
#4972=IFCINDEXEDPOLYGONALFACE((25,27,28));
#4973=IFCINDEXEDPOLYGONALFACE((25,28,26));
#4974=IFCINDEXEDPOLYGONALFACE((27,29,30));
#4975=IFCINDEXEDPOLYGONALFACE((27,30,28));
#4976=IFCINDEXEDPOLYGONALFACE((29,31,32));
#4977=IFCINDEXEDPOLYGONALFACE((29,32,30));
#4978=IFCINDEXEDPOLYGONALFACE((31,33,34));
#4979=IFCINDEXEDPOLYGONALFACE((31,34,32));
#4980=IFCINDEXEDPOLYGONALFACE((33,35,36));
#4981=IFCINDEXEDPOLYGONALFACE((33,36,34));
#4982=IFCINDEXEDPOLYGONALFACE((35,37,38));
#4983=IFCINDEXEDPOLYGONALFACE((35,38,36));
#4984=IFCINDEXEDPOLYGONALFACE((37,39,40));
#4985=IFCINDEXEDPOLYGONALFACE((37,40,38));
#4986=IFCINDEXEDPOLYGONALFACE((39,41,42));
#4987=IFCINDEXEDPOLYGONALFACE((39,42,40));
#4988=IFCINDEXEDPOLYGONALFACE((41,43,44));
#4989=IFCINDEXEDPOLYGONALFACE((41,44,42));
#4990=IFCINDEXEDPOLYGONALFACE((43,45,46));
#4991=IFCINDEXEDPOLYGONALFACE((43,46,44));
#4992=IFCINDEXEDPOLYGONALFACE((45,47,48));
#4993=IFCINDEXEDPOLYGONALFACE((45,48,46));
#4994=IFCINDEXEDPOLYGONALFACE((47,49,50));
#4995=IFCINDEXEDPOLYGONALFACE((47,50,48));
#4996=IFCINDEXEDPOLYGONALFACE((49,51,52));
#4997=IFCINDEXEDPOLYGONALFACE((49,52,50));
#4998=IFCINDEXEDPOLYGONALFACE((51,53,54));
#4999=IFCINDEXEDPOLYGONALFACE((51,54,52));
#5000=IFCINDEXEDPOLYGONALFACE((53,55,56));
#5001=IFCINDEXEDPOLYGONALFACE((53,56,54));
#5002=IFCINDEXEDPOLYGONALFACE((55,57,58));
#5003=IFCINDEXEDPOLYGONALFACE((55,58,56));
#5004=IFCINDEXEDPOLYGONALFACE((57,59,60));
#5005=IFCINDEXEDPOLYGONALFACE((57,60,58));
#5006=IFCINDEXEDPOLYGONALFACE((59,61,62));
#5007=IFCINDEXEDPOLYGONALFACE((59,62,60));
#5008=IFCINDEXEDPOLYGONALFACE((61,63,64));
#5009=IFCINDEXEDPOLYGONALFACE((61,64,62));
#5010=IFCINDEXEDPOLYGONALFACE((63,1,4));
#5011=IFCINDEXEDPOLYGONALFACE((63,4,64));
#5012=IFCINDEXEDPOLYGONALFACE((1,5,2));
#5013=IFCINDEXEDPOLYGONALFACE((4,3,6));
#5014=IFCINDEXEDPOLYGONALFACE((1,7,5));
#5015=IFCINDEXEDPOLYGONALFACE((4,6,8));
#5016=IFCINDEXEDPOLYGONALFACE((1,9,7));
#5017=IFCINDEXEDPOLYGONALFACE((4,8,10));
#5018=IFCINDEXEDPOLYGONALFACE((1,11,9));
#5019=IFCINDEXEDPOLYGONALFACE((4,10,12));
#5020=IFCINDEXEDPOLYGONALFACE((1,13,11));
#5021=IFCINDEXEDPOLYGONALFACE((4,12,14));
#5022=IFCINDEXEDPOLYGONALFACE((1,15,13));
#5023=IFCINDEXEDPOLYGONALFACE((4,14,16));
#5024=IFCINDEXEDPOLYGONALFACE((1,17,15));
#5025=IFCINDEXEDPOLYGONALFACE((4,16,18));
#5026=IFCINDEXEDPOLYGONALFACE((1,19,17));
#5027=IFCINDEXEDPOLYGONALFACE((4,18,20));
#5028=IFCINDEXEDPOLYGONALFACE((1,21,19));
#5029=IFCINDEXEDPOLYGONALFACE((4,20,22));
#5030=IFCINDEXEDPOLYGONALFACE((1,23,21));
#5031=IFCINDEXEDPOLYGONALFACE((4,22,24));
#5032=IFCINDEXEDPOLYGONALFACE((1,25,23));
#5033=IFCINDEXEDPOLYGONALFACE((4,24,26));
#5034=IFCINDEXEDPOLYGONALFACE((1,27,25));
#5035=IFCINDEXEDPOLYGONALFACE((4,26,28));
#5036=IFCINDEXEDPOLYGONALFACE((1,29,27));
#5037=IFCINDEXEDPOLYGONALFACE((4,28,30));
#5038=IFCINDEXEDPOLYGONALFACE((1,31,29));
#5039=IFCINDEXEDPOLYGONALFACE((4,30,32));
#5040=IFCINDEXEDPOLYGONALFACE((1,33,31));
#5041=IFCINDEXEDPOLYGONALFACE((4,32,34));
#5042=IFCINDEXEDPOLYGONALFACE((1,35,33));
#5043=IFCINDEXEDPOLYGONALFACE((4,34,36));
#5044=IFCINDEXEDPOLYGONALFACE((1,37,35));
#5045=IFCINDEXEDPOLYGONALFACE((4,36,38));
#5046=IFCINDEXEDPOLYGONALFACE((1,39,37));
#5047=IFCINDEXEDPOLYGONALFACE((4,38,40));
#5048=IFCINDEXEDPOLYGONALFACE((1,41,39));
#5049=IFCINDEXEDPOLYGONALFACE((4,40,42));
#5050=IFCINDEXEDPOLYGONALFACE((1,43,41));
#5051=IFCINDEXEDPOLYGONALFACE((4,42,44));
#5052=IFCINDEXEDPOLYGONALFACE((1,45,43));
#5053=IFCINDEXEDPOLYGONALFACE((4,44,46));
#5054=IFCINDEXEDPOLYGONALFACE((1,47,45));
#5055=IFCINDEXEDPOLYGONALFACE((4,46,48));
#5056=IFCINDEXEDPOLYGONALFACE((1,49,47));
#5057=IFCINDEXEDPOLYGONALFACE((4,48,50));
#5058=IFCINDEXEDPOLYGONALFACE((1,51,49));
#5059=IFCINDEXEDPOLYGONALFACE((4,50,52));
#5060=IFCINDEXEDPOLYGONALFACE((1,53,51));
#5061=IFCINDEXEDPOLYGONALFACE((4,52,54));
#5062=IFCINDEXEDPOLYGONALFACE((1,55,53));
#5063=IFCINDEXEDPOLYGONALFACE((4,54,56));
#5064=IFCINDEXEDPOLYGONALFACE((1,57,55));
#5065=IFCINDEXEDPOLYGONALFACE((4,56,58));
#5066=IFCINDEXEDPOLYGONALFACE((1,59,57));
#5067=IFCINDEXEDPOLYGONALFACE((4,58,60));
#5068=IFCINDEXEDPOLYGONALFACE((1,61,59));
#5069=IFCINDEXEDPOLYGONALFACE((4,60,62));
#5070=IFCINDEXEDPOLYGONALFACE((1,63,61));
#5071=IFCINDEXEDPOLYGONALFACE((4,62,64));
#5072=IFCCARTESIANPOINTLIST3D(((0.037,0.,0.),(0.036289,0.007218,0.),(0.039918,0.00794,0.0145),(0.0407,0.,0.0145),(0.034184,0.014159,0.),(0.037602,0.015575,0.0145),(0.030764,0.020556,0.),(0.033841,0.022612,0.0145),(0.026163,0.026163,0.),(0.028779,0.028779,0.0145),(0.020556,0.030764,0.),(0.022612,0.033841,0.0145),(0.014159,0.034184,0.),(0.015575,0.037602,0.0145),(0.007218,0.036289,0.),(0.00794,0.039918,0.0145),(0.,0.037,0.),(0.,0.0407,0.0145),(-0.007218,0.036289,0.),(-0.00794,0.039918,0.0145),(-0.014159,0.034184,0.),(-0.015575,0.037602,0.0145),(-0.020556,0.030764,0.),(-0.022612,0.033841,0.0145),(-0.026163,0.026163,0.),(-0.028779,0.028779,0.0145),(-0.030764,0.020556,0.),(-0.033841,0.022612,0.0145),(-0.034184,0.014159,0.),(-0.037602,0.015575,0.0145),(-0.036289,0.007218,0.),(-0.039918,0.00794,0.0145),(-0.037,0.,0.),(-0.0407,0.,0.0145),(-0.036289,-0.007218,0.),(-0.039918,-0.00794,0.0145),(-0.034184,-0.014159,0.),(-0.037602,-0.015575,0.0145),(-0.030764,-0.020556,0.),(-0.033841,-0.022612,0.0145),(-0.026163,-0.026163,0.),(-0.028779,-0.028779,0.0145),(-0.020556,-0.030764,0.),(-0.022612,-0.033841,0.0145),(-0.014159,-0.034184,0.),(-0.015575,-0.037602,0.0145),(-0.007218,-0.036289,0.),(-0.00794,-0.039918,0.0145),(0.,-0.037,0.),(0.,-0.0407,0.0145),(0.007218,-0.036289,0.),(0.00794,-0.039918,0.0145),(0.014159,-0.034184,0.),(0.015575,-0.037602,0.0145),(0.020556,-0.030764,0.),(0.022612,-0.033841,0.0145),(0.026163,-0.026163,0.),(0.028779,-0.028779,0.0145),(0.030764,-0.020556,0.),(0.033841,-0.022612,0.0145),(0.034184,-0.014159,0.),(0.037602,-0.015575,0.0145),(0.036289,-0.007218,0.),(0.039918,-0.00794,0.0145)));
#5073=IFCPOLYGONALFACESET(#5072,.T.,(#4948,#4949,#4950,#4951,#4952,#4953,#4954,#4955,#4956,#4957,#4958,#4959,#4960,#4961,#4962,#4963,#4964,#4965,#4966,#4967,#4968,#4969,#4970,#4971,#4972,#4973,#4974,#4975,#4976,#4977,#4978,#4979,#4980,#4981,#4982,#4983,#4984,#4985,#4986,#4987,#4988,#4989,#4990,#4991,#4992,#4993,#4994,#4995,#4996,#4997,#4998,#4999,#5000,#5001,#5002,#5003,#5004,#5005,#5006,#5007,#5008,#5009,#5010,#5011,#5012,#5013,#5014,#5015,#5016,#5017,#5018,#5019,#5020,#5021,#5022,#5023,#5024,#5025,#5026,#5027,#5028,#5029,#5030,#5031,#5032,#5033,#5034,#5035,#5036,#5037,#5038,#5039,#5040,#5041,#5042,#5043,#5044,#5045,#5046,#5047,#5048,#5049,#5050,#5051,#5052,#5053,#5054,#5055,#5056,#5057,#5058,#5059,#5060,#5061,#5062,#5063,#5064,#5065,#5066,#5067,#5068,#5069,#5070,#5071),$);
#5074=IFCCOLOURRGB($,0.968627,0.901961,0.705882);
#5075=IFCSURFACESTYLESHADING(#5074,0.);
#5076=IFCSURFACESTYLE('#f7e6b4',.BOTH.,(#5075));
#5077=IFCSTYLEDITEM(#5073,(#5076),$);
#5078=IFCSHAPEREPRESENTATION(#12,'Body','Tessellation',(#4946,#5073));
#5079=IFCPRODUCTDEFINITIONSHAPE($,$,(#5078));
#5080=IFCLIGHTFIXTURE('0OOwZTO9iIY5cN8aKmcDuW',#5,'Spotlight','Skanna asset library',$,#4820,#5079,$,.POINTSOURCE.);
#5081=IFCCARTESIANPOINT((8.6,14.82,2.61));
#5082=IFCDIRECTION((0.,0.,1.));
#5083=IFCDIRECTION((1.,0.,0.));
#5084=IFCAXIS2PLACEMENT3D(#5081,#5082,#5083);
#5085=IFCLOCALPLACEMENT(#26,#5084);
#5086=IFCINDEXEDPOLYGONALFACE((1,2,3));
#5087=IFCINDEXEDPOLYGONALFACE((1,3,4));
#5088=IFCINDEXEDPOLYGONALFACE((2,5,6));
#5089=IFCINDEXEDPOLYGONALFACE((2,6,3));
#5090=IFCINDEXEDPOLYGONALFACE((5,7,8));
#5091=IFCINDEXEDPOLYGONALFACE((5,8,6));
#5092=IFCINDEXEDPOLYGONALFACE((7,9,10));
#5093=IFCINDEXEDPOLYGONALFACE((7,10,8));
#5094=IFCINDEXEDPOLYGONALFACE((9,11,12));
#5095=IFCINDEXEDPOLYGONALFACE((9,12,10));
#5096=IFCINDEXEDPOLYGONALFACE((11,13,14));
#5097=IFCINDEXEDPOLYGONALFACE((11,14,12));
#5098=IFCINDEXEDPOLYGONALFACE((13,15,16));
#5099=IFCINDEXEDPOLYGONALFACE((13,16,14));
#5100=IFCINDEXEDPOLYGONALFACE((15,17,18));
#5101=IFCINDEXEDPOLYGONALFACE((15,18,16));
#5102=IFCINDEXEDPOLYGONALFACE((17,19,20));
#5103=IFCINDEXEDPOLYGONALFACE((17,20,18));
#5104=IFCINDEXEDPOLYGONALFACE((19,21,22));
#5105=IFCINDEXEDPOLYGONALFACE((19,22,20));
#5106=IFCINDEXEDPOLYGONALFACE((21,23,24));
#5107=IFCINDEXEDPOLYGONALFACE((21,24,22));
#5108=IFCINDEXEDPOLYGONALFACE((23,25,26));
#5109=IFCINDEXEDPOLYGONALFACE((23,26,24));
#5110=IFCINDEXEDPOLYGONALFACE((25,27,28));
#5111=IFCINDEXEDPOLYGONALFACE((25,28,26));
#5112=IFCINDEXEDPOLYGONALFACE((27,29,30));
#5113=IFCINDEXEDPOLYGONALFACE((27,30,28));
#5114=IFCINDEXEDPOLYGONALFACE((29,31,32));
#5115=IFCINDEXEDPOLYGONALFACE((29,32,30));
#5116=IFCINDEXEDPOLYGONALFACE((31,33,34));
#5117=IFCINDEXEDPOLYGONALFACE((31,34,32));
#5118=IFCINDEXEDPOLYGONALFACE((33,35,36));
#5119=IFCINDEXEDPOLYGONALFACE((33,36,34));
#5120=IFCINDEXEDPOLYGONALFACE((35,37,38));
#5121=IFCINDEXEDPOLYGONALFACE((35,38,36));
#5122=IFCINDEXEDPOLYGONALFACE((37,39,40));
#5123=IFCINDEXEDPOLYGONALFACE((37,40,38));
#5124=IFCINDEXEDPOLYGONALFACE((39,41,42));
#5125=IFCINDEXEDPOLYGONALFACE((39,42,40));
#5126=IFCINDEXEDPOLYGONALFACE((41,43,44));
#5127=IFCINDEXEDPOLYGONALFACE((41,44,42));
#5128=IFCINDEXEDPOLYGONALFACE((43,45,46));
#5129=IFCINDEXEDPOLYGONALFACE((43,46,44));
#5130=IFCINDEXEDPOLYGONALFACE((45,47,48));
#5131=IFCINDEXEDPOLYGONALFACE((45,48,46));
#5132=IFCINDEXEDPOLYGONALFACE((47,49,50));
#5133=IFCINDEXEDPOLYGONALFACE((47,50,48));
#5134=IFCINDEXEDPOLYGONALFACE((49,51,52));
#5135=IFCINDEXEDPOLYGONALFACE((49,52,50));
#5136=IFCINDEXEDPOLYGONALFACE((51,53,54));
#5137=IFCINDEXEDPOLYGONALFACE((51,54,52));
#5138=IFCINDEXEDPOLYGONALFACE((53,55,56));
#5139=IFCINDEXEDPOLYGONALFACE((53,56,54));
#5140=IFCINDEXEDPOLYGONALFACE((55,57,58));
#5141=IFCINDEXEDPOLYGONALFACE((55,58,56));
#5142=IFCINDEXEDPOLYGONALFACE((57,59,60));
#5143=IFCINDEXEDPOLYGONALFACE((57,60,58));
#5144=IFCINDEXEDPOLYGONALFACE((59,61,62));
#5145=IFCINDEXEDPOLYGONALFACE((59,62,60));
#5146=IFCINDEXEDPOLYGONALFACE((61,63,64));
#5147=IFCINDEXEDPOLYGONALFACE((61,64,62));
#5148=IFCINDEXEDPOLYGONALFACE((63,1,4));
#5149=IFCINDEXEDPOLYGONALFACE((63,4,64));
#5150=IFCINDEXEDPOLYGONALFACE((1,5,2));
#5151=IFCINDEXEDPOLYGONALFACE((4,3,6));
#5152=IFCINDEXEDPOLYGONALFACE((1,7,5));
#5153=IFCINDEXEDPOLYGONALFACE((4,6,8));
#5154=IFCINDEXEDPOLYGONALFACE((1,9,7));
#5155=IFCINDEXEDPOLYGONALFACE((4,8,10));
#5156=IFCINDEXEDPOLYGONALFACE((1,11,9));
#5157=IFCINDEXEDPOLYGONALFACE((4,10,12));
#5158=IFCINDEXEDPOLYGONALFACE((1,13,11));
#5159=IFCINDEXEDPOLYGONALFACE((4,12,14));
#5160=IFCINDEXEDPOLYGONALFACE((1,15,13));
#5161=IFCINDEXEDPOLYGONALFACE((4,14,16));
#5162=IFCINDEXEDPOLYGONALFACE((1,17,15));
#5163=IFCINDEXEDPOLYGONALFACE((4,16,18));
#5164=IFCINDEXEDPOLYGONALFACE((1,19,17));
#5165=IFCINDEXEDPOLYGONALFACE((4,18,20));
#5166=IFCINDEXEDPOLYGONALFACE((1,21,19));
#5167=IFCINDEXEDPOLYGONALFACE((4,20,22));
#5168=IFCINDEXEDPOLYGONALFACE((1,23,21));
#5169=IFCINDEXEDPOLYGONALFACE((4,22,24));
#5170=IFCINDEXEDPOLYGONALFACE((1,25,23));
#5171=IFCINDEXEDPOLYGONALFACE((4,24,26));
#5172=IFCINDEXEDPOLYGONALFACE((1,27,25));
#5173=IFCINDEXEDPOLYGONALFACE((4,26,28));
#5174=IFCINDEXEDPOLYGONALFACE((1,29,27));
#5175=IFCINDEXEDPOLYGONALFACE((4,28,30));
#5176=IFCINDEXEDPOLYGONALFACE((1,31,29));
#5177=IFCINDEXEDPOLYGONALFACE((4,30,32));
#5178=IFCINDEXEDPOLYGONALFACE((1,33,31));
#5179=IFCINDEXEDPOLYGONALFACE((4,32,34));
#5180=IFCINDEXEDPOLYGONALFACE((1,35,33));
#5181=IFCINDEXEDPOLYGONALFACE((4,34,36));
#5182=IFCINDEXEDPOLYGONALFACE((1,37,35));
#5183=IFCINDEXEDPOLYGONALFACE((4,36,38));
#5184=IFCINDEXEDPOLYGONALFACE((1,39,37));
#5185=IFCINDEXEDPOLYGONALFACE((4,38,40));
#5186=IFCINDEXEDPOLYGONALFACE((1,41,39));
#5187=IFCINDEXEDPOLYGONALFACE((4,40,42));
#5188=IFCINDEXEDPOLYGONALFACE((1,43,41));
#5189=IFCINDEXEDPOLYGONALFACE((4,42,44));
#5190=IFCINDEXEDPOLYGONALFACE((1,45,43));
#5191=IFCINDEXEDPOLYGONALFACE((4,44,46));
#5192=IFCINDEXEDPOLYGONALFACE((1,47,45));
#5193=IFCINDEXEDPOLYGONALFACE((4,46,48));
#5194=IFCINDEXEDPOLYGONALFACE((1,49,47));
#5195=IFCINDEXEDPOLYGONALFACE((4,48,50));
#5196=IFCINDEXEDPOLYGONALFACE((1,51,49));
#5197=IFCINDEXEDPOLYGONALFACE((4,50,52));
#5198=IFCINDEXEDPOLYGONALFACE((1,53,51));
#5199=IFCINDEXEDPOLYGONALFACE((4,52,54));
#5200=IFCINDEXEDPOLYGONALFACE((1,55,53));
#5201=IFCINDEXEDPOLYGONALFACE((4,54,56));
#5202=IFCINDEXEDPOLYGONALFACE((1,57,55));
#5203=IFCINDEXEDPOLYGONALFACE((4,56,58));
#5204=IFCINDEXEDPOLYGONALFACE((1,59,57));
#5205=IFCINDEXEDPOLYGONALFACE((4,58,60));
#5206=IFCINDEXEDPOLYGONALFACE((1,61,59));
#5207=IFCINDEXEDPOLYGONALFACE((4,60,62));
#5208=IFCINDEXEDPOLYGONALFACE((1,63,61));
#5209=IFCINDEXEDPOLYGONALFACE((4,62,64));
#5210=IFCCARTESIANPOINTLIST3D(((0.17,0.,0.045),(0.166733,0.033165,0.045),(0.156729,0.031175,0.09),(0.1598,0.,0.09),(0.15706,0.065056,0.045),(0.147636,0.061153,0.09),(0.14135,0.094447,0.045),(0.132869,0.08878,0.09),(0.120208,0.120208,0.045),(0.112996,0.112996,0.09),(0.094447,0.14135,0.045),(0.08878,0.132869,0.09),(0.065056,0.15706,0.045),(0.061153,0.147636,0.09),(0.033165,0.166733,0.045),(0.031175,0.156729,0.09),(0.,0.17,0.045),(0.,0.1598,0.09),(-0.033165,0.166733,0.045),(-0.031175,0.156729,0.09),(-0.065056,0.15706,0.045),(-0.061153,0.147636,0.09),(-0.094447,0.14135,0.045),(-0.08878,0.132869,0.09),(-0.120208,0.120208,0.045),(-0.112996,0.112996,0.09),(-0.14135,0.094447,0.045),(-0.132869,0.08878,0.09),(-0.15706,0.065056,0.045),(-0.147636,0.061153,0.09),(-0.166733,0.033165,0.045),(-0.156729,0.031175,0.09),(-0.17,0.,0.045),(-0.1598,0.,0.09),(-0.166733,-0.033165,0.045),(-0.156729,-0.031175,0.09),(-0.15706,-0.065056,0.045),(-0.147636,-0.061153,0.09),(-0.14135,-0.094447,0.045),(-0.132869,-0.08878,0.09),(-0.120208,-0.120208,0.045),(-0.112996,-0.112996,0.09),(-0.094447,-0.14135,0.045),(-0.08878,-0.132869,0.09),(-0.065056,-0.15706,0.045),(-0.061153,-0.147636,0.09),(-0.033165,-0.166733,0.045),(-0.031175,-0.156729,0.09),(0.,-0.17,0.045),(0.,-0.1598,0.09),(0.033165,-0.166733,0.045),(0.031175,-0.156729,0.09),(0.065056,-0.15706,0.045),(0.061153,-0.147636,0.09),(0.094447,-0.14135,0.045),(0.08878,-0.132869,0.09),(0.120208,-0.120208,0.045),(0.112996,-0.112996,0.09),(0.14135,-0.094447,0.045),(0.132869,-0.08878,0.09),(0.15706,-0.065056,0.045),(0.147636,-0.061153,0.09),(0.166733,-0.033165,0.045),(0.156729,-0.031175,0.09)));
#5211=IFCPOLYGONALFACESET(#5210,.T.,(#5086,#5087,#5088,#5089,#5090,#5091,#5092,#5093,#5094,#5095,#5096,#5097,#5098,#5099,#5100,#5101,#5102,#5103,#5104,#5105,#5106,#5107,#5108,#5109,#5110,#5111,#5112,#5113,#5114,#5115,#5116,#5117,#5118,#5119,#5120,#5121,#5122,#5123,#5124,#5125,#5126,#5127,#5128,#5129,#5130,#5131,#5132,#5133,#5134,#5135,#5136,#5137,#5138,#5139,#5140,#5141,#5142,#5143,#5144,#5145,#5146,#5147,#5148,#5149,#5150,#5151,#5152,#5153,#5154,#5155,#5156,#5157,#5158,#5159,#5160,#5161,#5162,#5163,#5164,#5165,#5166,#5167,#5168,#5169,#5170,#5171,#5172,#5173,#5174,#5175,#5176,#5177,#5178,#5179,#5180,#5181,#5182,#5183,#5184,#5185,#5186,#5187,#5188,#5189,#5190,#5191,#5192,#5193,#5194,#5195,#5196,#5197,#5198,#5199,#5200,#5201,#5202,#5203,#5204,#5205,#5206,#5207,#5208,#5209),$);
#5212=IFCSTYLEDITEM(#5211,(#3585),$);
#5213=IFCINDEXEDPOLYGONALFACE((1,2,3));
#5214=IFCINDEXEDPOLYGONALFACE((1,3,4));
#5215=IFCINDEXEDPOLYGONALFACE((2,5,6));
#5216=IFCINDEXEDPOLYGONALFACE((2,6,3));
#5217=IFCINDEXEDPOLYGONALFACE((5,7,8));
#5218=IFCINDEXEDPOLYGONALFACE((5,8,6));
#5219=IFCINDEXEDPOLYGONALFACE((7,9,10));
#5220=IFCINDEXEDPOLYGONALFACE((7,10,8));
#5221=IFCINDEXEDPOLYGONALFACE((9,11,12));
#5222=IFCINDEXEDPOLYGONALFACE((9,12,10));
#5223=IFCINDEXEDPOLYGONALFACE((11,13,14));
#5224=IFCINDEXEDPOLYGONALFACE((11,14,12));
#5225=IFCINDEXEDPOLYGONALFACE((13,15,16));
#5226=IFCINDEXEDPOLYGONALFACE((13,16,14));
#5227=IFCINDEXEDPOLYGONALFACE((15,17,18));
#5228=IFCINDEXEDPOLYGONALFACE((15,18,16));
#5229=IFCINDEXEDPOLYGONALFACE((17,19,20));
#5230=IFCINDEXEDPOLYGONALFACE((17,20,18));
#5231=IFCINDEXEDPOLYGONALFACE((19,21,22));
#5232=IFCINDEXEDPOLYGONALFACE((19,22,20));
#5233=IFCINDEXEDPOLYGONALFACE((21,23,24));
#5234=IFCINDEXEDPOLYGONALFACE((21,24,22));
#5235=IFCINDEXEDPOLYGONALFACE((23,25,26));
#5236=IFCINDEXEDPOLYGONALFACE((23,26,24));
#5237=IFCINDEXEDPOLYGONALFACE((25,27,28));
#5238=IFCINDEXEDPOLYGONALFACE((25,28,26));
#5239=IFCINDEXEDPOLYGONALFACE((27,29,30));
#5240=IFCINDEXEDPOLYGONALFACE((27,30,28));
#5241=IFCINDEXEDPOLYGONALFACE((29,31,32));
#5242=IFCINDEXEDPOLYGONALFACE((29,32,30));
#5243=IFCINDEXEDPOLYGONALFACE((31,1,4));
#5244=IFCINDEXEDPOLYGONALFACE((31,4,32));
#5245=IFCINDEXEDPOLYGONALFACE((4,3,33));
#5246=IFCINDEXEDPOLYGONALFACE((4,33,34));
#5247=IFCINDEXEDPOLYGONALFACE((3,6,35));
#5248=IFCINDEXEDPOLYGONALFACE((3,35,33));
#5249=IFCINDEXEDPOLYGONALFACE((6,8,36));
#5250=IFCINDEXEDPOLYGONALFACE((6,36,35));
#5251=IFCINDEXEDPOLYGONALFACE((8,10,37));
#5252=IFCINDEXEDPOLYGONALFACE((8,37,36));
#5253=IFCINDEXEDPOLYGONALFACE((10,12,38));
#5254=IFCINDEXEDPOLYGONALFACE((10,38,37));
#5255=IFCINDEXEDPOLYGONALFACE((12,14,39));
#5256=IFCINDEXEDPOLYGONALFACE((12,39,38));
#5257=IFCINDEXEDPOLYGONALFACE((14,16,40));
#5258=IFCINDEXEDPOLYGONALFACE((14,40,39));
#5259=IFCINDEXEDPOLYGONALFACE((16,18,41));
#5260=IFCINDEXEDPOLYGONALFACE((16,41,40));
#5261=IFCINDEXEDPOLYGONALFACE((18,20,42));
#5262=IFCINDEXEDPOLYGONALFACE((18,42,41));
#5263=IFCINDEXEDPOLYGONALFACE((20,22,43));
#5264=IFCINDEXEDPOLYGONALFACE((20,43,42));
#5265=IFCINDEXEDPOLYGONALFACE((22,24,44));
#5266=IFCINDEXEDPOLYGONALFACE((22,44,43));
#5267=IFCINDEXEDPOLYGONALFACE((24,26,45));
#5268=IFCINDEXEDPOLYGONALFACE((24,45,44));
#5269=IFCINDEXEDPOLYGONALFACE((26,28,46));
#5270=IFCINDEXEDPOLYGONALFACE((26,46,45));
#5271=IFCINDEXEDPOLYGONALFACE((28,30,47));
#5272=IFCINDEXEDPOLYGONALFACE((28,47,46));
#5273=IFCINDEXEDPOLYGONALFACE((30,32,48));
#5274=IFCINDEXEDPOLYGONALFACE((30,48,47));
#5275=IFCINDEXEDPOLYGONALFACE((32,4,34));
#5276=IFCINDEXEDPOLYGONALFACE((32,34,48));
#5277=IFCINDEXEDPOLYGONALFACE((34,33,49));
#5278=IFCINDEXEDPOLYGONALFACE((34,49,50));
#5279=IFCINDEXEDPOLYGONALFACE((33,35,51));
#5280=IFCINDEXEDPOLYGONALFACE((33,51,49));
#5281=IFCINDEXEDPOLYGONALFACE((35,36,52));
#5282=IFCINDEXEDPOLYGONALFACE((35,52,51));
#5283=IFCINDEXEDPOLYGONALFACE((36,37,53));
#5284=IFCINDEXEDPOLYGONALFACE((36,53,52));
#5285=IFCINDEXEDPOLYGONALFACE((37,38,54));
#5286=IFCINDEXEDPOLYGONALFACE((37,54,53));
#5287=IFCINDEXEDPOLYGONALFACE((38,39,55));
#5288=IFCINDEXEDPOLYGONALFACE((38,55,54));
#5289=IFCINDEXEDPOLYGONALFACE((39,40,56));
#5290=IFCINDEXEDPOLYGONALFACE((39,56,55));
#5291=IFCINDEXEDPOLYGONALFACE((40,41,57));
#5292=IFCINDEXEDPOLYGONALFACE((40,57,56));
#5293=IFCINDEXEDPOLYGONALFACE((41,42,58));
#5294=IFCINDEXEDPOLYGONALFACE((41,58,57));
#5295=IFCINDEXEDPOLYGONALFACE((42,43,59));
#5296=IFCINDEXEDPOLYGONALFACE((42,59,58));
#5297=IFCINDEXEDPOLYGONALFACE((43,44,60));
#5298=IFCINDEXEDPOLYGONALFACE((43,60,59));
#5299=IFCINDEXEDPOLYGONALFACE((44,45,61));
#5300=IFCINDEXEDPOLYGONALFACE((44,61,60));
#5301=IFCINDEXEDPOLYGONALFACE((45,46,62));
#5302=IFCINDEXEDPOLYGONALFACE((45,62,61));
#5303=IFCINDEXEDPOLYGONALFACE((46,47,63));
#5304=IFCINDEXEDPOLYGONALFACE((46,63,62));
#5305=IFCINDEXEDPOLYGONALFACE((47,48,64));
#5306=IFCINDEXEDPOLYGONALFACE((47,64,63));
#5307=IFCINDEXEDPOLYGONALFACE((48,34,50));
#5308=IFCINDEXEDPOLYGONALFACE((48,50,64));
#5309=IFCINDEXEDPOLYGONALFACE((50,49,65));
#5310=IFCINDEXEDPOLYGONALFACE((50,65,66));
#5311=IFCINDEXEDPOLYGONALFACE((49,51,67));
#5312=IFCINDEXEDPOLYGONALFACE((49,67,65));
#5313=IFCINDEXEDPOLYGONALFACE((51,52,68));
#5314=IFCINDEXEDPOLYGONALFACE((51,68,67));
#5315=IFCINDEXEDPOLYGONALFACE((52,53,69));
#5316=IFCINDEXEDPOLYGONALFACE((52,69,68));
#5317=IFCINDEXEDPOLYGONALFACE((53,54,70));
#5318=IFCINDEXEDPOLYGONALFACE((53,70,69));
#5319=IFCINDEXEDPOLYGONALFACE((54,55,71));
#5320=IFCINDEXEDPOLYGONALFACE((54,71,70));
#5321=IFCINDEXEDPOLYGONALFACE((55,56,72));
#5322=IFCINDEXEDPOLYGONALFACE((55,72,71));
#5323=IFCINDEXEDPOLYGONALFACE((56,57,73));
#5324=IFCINDEXEDPOLYGONALFACE((56,73,72));
#5325=IFCINDEXEDPOLYGONALFACE((57,58,74));
#5326=IFCINDEXEDPOLYGONALFACE((57,74,73));
#5327=IFCINDEXEDPOLYGONALFACE((58,59,75));
#5328=IFCINDEXEDPOLYGONALFACE((58,75,74));
#5329=IFCINDEXEDPOLYGONALFACE((59,60,76));
#5330=IFCINDEXEDPOLYGONALFACE((59,76,75));
#5331=IFCINDEXEDPOLYGONALFACE((60,61,77));
#5332=IFCINDEXEDPOLYGONALFACE((60,77,76));
#5333=IFCINDEXEDPOLYGONALFACE((61,62,78));
#5334=IFCINDEXEDPOLYGONALFACE((61,78,77));
#5335=IFCINDEXEDPOLYGONALFACE((62,63,79));
#5336=IFCINDEXEDPOLYGONALFACE((62,79,78));
#5337=IFCINDEXEDPOLYGONALFACE((63,64,80));
#5338=IFCINDEXEDPOLYGONALFACE((63,80,79));
#5339=IFCINDEXEDPOLYGONALFACE((64,50,66));
#5340=IFCINDEXEDPOLYGONALFACE((64,66,80));
#5341=IFCINDEXEDPOLYGONALFACE((66,65,81));
#5342=IFCINDEXEDPOLYGONALFACE((66,81,82));
#5343=IFCINDEXEDPOLYGONALFACE((65,67,83));
#5344=IFCINDEXEDPOLYGONALFACE((65,83,81));
#5345=IFCINDEXEDPOLYGONALFACE((67,68,84));
#5346=IFCINDEXEDPOLYGONALFACE((67,84,83));
#5347=IFCINDEXEDPOLYGONALFACE((68,69,85));
#5348=IFCINDEXEDPOLYGONALFACE((68,85,84));
#5349=IFCINDEXEDPOLYGONALFACE((69,70,86));
#5350=IFCINDEXEDPOLYGONALFACE((69,86,85));
#5351=IFCINDEXEDPOLYGONALFACE((70,71,87));
#5352=IFCINDEXEDPOLYGONALFACE((70,87,86));
#5353=IFCINDEXEDPOLYGONALFACE((71,72,88));
#5354=IFCINDEXEDPOLYGONALFACE((71,88,87));
#5355=IFCINDEXEDPOLYGONALFACE((72,73,89));
#5356=IFCINDEXEDPOLYGONALFACE((72,89,88));
#5357=IFCINDEXEDPOLYGONALFACE((73,74,90));
#5358=IFCINDEXEDPOLYGONALFACE((73,90,89));
#5359=IFCINDEXEDPOLYGONALFACE((74,75,91));
#5360=IFCINDEXEDPOLYGONALFACE((74,91,90));
#5361=IFCINDEXEDPOLYGONALFACE((75,76,92));
#5362=IFCINDEXEDPOLYGONALFACE((75,92,91));
#5363=IFCINDEXEDPOLYGONALFACE((76,77,93));
#5364=IFCINDEXEDPOLYGONALFACE((76,93,92));
#5365=IFCINDEXEDPOLYGONALFACE((77,78,94));
#5366=IFCINDEXEDPOLYGONALFACE((77,94,93));
#5367=IFCINDEXEDPOLYGONALFACE((78,79,95));
#5368=IFCINDEXEDPOLYGONALFACE((78,95,94));
#5369=IFCINDEXEDPOLYGONALFACE((79,80,96));
#5370=IFCINDEXEDPOLYGONALFACE((79,96,95));
#5371=IFCINDEXEDPOLYGONALFACE((80,66,82));
#5372=IFCINDEXEDPOLYGONALFACE((80,82,96));
#5373=IFCINDEXEDPOLYGONALFACE((82,81,97));
#5374=IFCINDEXEDPOLYGONALFACE((82,97,98));
#5375=IFCINDEXEDPOLYGONALFACE((81,83,99));
#5376=IFCINDEXEDPOLYGONALFACE((81,99,97));
#5377=IFCINDEXEDPOLYGONALFACE((83,84,100));
#5378=IFCINDEXEDPOLYGONALFACE((83,100,99));
#5379=IFCINDEXEDPOLYGONALFACE((84,85,101));
#5380=IFCINDEXEDPOLYGONALFACE((84,101,100));
#5381=IFCINDEXEDPOLYGONALFACE((85,86,102));
#5382=IFCINDEXEDPOLYGONALFACE((85,102,101));
#5383=IFCINDEXEDPOLYGONALFACE((86,87,103));
#5384=IFCINDEXEDPOLYGONALFACE((86,103,102));
#5385=IFCINDEXEDPOLYGONALFACE((87,88,104));
#5386=IFCINDEXEDPOLYGONALFACE((87,104,103));
#5387=IFCINDEXEDPOLYGONALFACE((88,89,105));
#5388=IFCINDEXEDPOLYGONALFACE((88,105,104));
#5389=IFCINDEXEDPOLYGONALFACE((89,90,106));
#5390=IFCINDEXEDPOLYGONALFACE((89,106,105));
#5391=IFCINDEXEDPOLYGONALFACE((90,91,107));
#5392=IFCINDEXEDPOLYGONALFACE((90,107,106));
#5393=IFCINDEXEDPOLYGONALFACE((91,92,108));
#5394=IFCINDEXEDPOLYGONALFACE((91,108,107));
#5395=IFCINDEXEDPOLYGONALFACE((92,93,109));
#5396=IFCINDEXEDPOLYGONALFACE((92,109,108));
#5397=IFCINDEXEDPOLYGONALFACE((93,94,110));
#5398=IFCINDEXEDPOLYGONALFACE((93,110,109));
#5399=IFCINDEXEDPOLYGONALFACE((94,95,111));
#5400=IFCINDEXEDPOLYGONALFACE((94,111,110));
#5401=IFCINDEXEDPOLYGONALFACE((95,96,112));
#5402=IFCINDEXEDPOLYGONALFACE((95,112,111));
#5403=IFCINDEXEDPOLYGONALFACE((96,82,98));
#5404=IFCINDEXEDPOLYGONALFACE((96,98,112));
#5405=IFCINDEXEDPOLYGONALFACE((98,97,113));
#5406=IFCINDEXEDPOLYGONALFACE((98,113,114));
#5407=IFCINDEXEDPOLYGONALFACE((97,99,115));
#5408=IFCINDEXEDPOLYGONALFACE((97,115,113));
#5409=IFCINDEXEDPOLYGONALFACE((99,100,116));
#5410=IFCINDEXEDPOLYGONALFACE((99,116,115));
#5411=IFCINDEXEDPOLYGONALFACE((100,101,117));
#5412=IFCINDEXEDPOLYGONALFACE((100,117,116));
#5413=IFCINDEXEDPOLYGONALFACE((101,102,118));
#5414=IFCINDEXEDPOLYGONALFACE((101,118,117));
#5415=IFCINDEXEDPOLYGONALFACE((102,103,119));
#5416=IFCINDEXEDPOLYGONALFACE((102,119,118));
#5417=IFCINDEXEDPOLYGONALFACE((103,104,120));
#5418=IFCINDEXEDPOLYGONALFACE((103,120,119));
#5419=IFCINDEXEDPOLYGONALFACE((104,105,121));
#5420=IFCINDEXEDPOLYGONALFACE((104,121,120));
#5421=IFCINDEXEDPOLYGONALFACE((105,106,122));
#5422=IFCINDEXEDPOLYGONALFACE((105,122,121));
#5423=IFCINDEXEDPOLYGONALFACE((106,107,123));
#5424=IFCINDEXEDPOLYGONALFACE((106,123,122));
#5425=IFCINDEXEDPOLYGONALFACE((107,108,124));
#5426=IFCINDEXEDPOLYGONALFACE((107,124,123));
#5427=IFCINDEXEDPOLYGONALFACE((108,109,125));
#5428=IFCINDEXEDPOLYGONALFACE((108,125,124));
#5429=IFCINDEXEDPOLYGONALFACE((109,110,126));
#5430=IFCINDEXEDPOLYGONALFACE((109,126,125));
#5431=IFCINDEXEDPOLYGONALFACE((110,111,127));
#5432=IFCINDEXEDPOLYGONALFACE((110,127,126));
#5433=IFCINDEXEDPOLYGONALFACE((111,112,128));
#5434=IFCINDEXEDPOLYGONALFACE((111,128,127));
#5435=IFCINDEXEDPOLYGONALFACE((112,98,114));
#5436=IFCINDEXEDPOLYGONALFACE((112,114,128));
#5437=IFCINDEXEDPOLYGONALFACE((114,113,129));
#5438=IFCINDEXEDPOLYGONALFACE((114,129,130));
#5439=IFCINDEXEDPOLYGONALFACE((113,115,131));
#5440=IFCINDEXEDPOLYGONALFACE((113,131,129));
#5441=IFCINDEXEDPOLYGONALFACE((115,116,132));
#5442=IFCINDEXEDPOLYGONALFACE((115,132,131));
#5443=IFCINDEXEDPOLYGONALFACE((116,117,133));
#5444=IFCINDEXEDPOLYGONALFACE((116,133,132));
#5445=IFCINDEXEDPOLYGONALFACE((117,118,134));
#5446=IFCINDEXEDPOLYGONALFACE((117,134,133));
#5447=IFCINDEXEDPOLYGONALFACE((118,119,135));
#5448=IFCINDEXEDPOLYGONALFACE((118,135,134));
#5449=IFCINDEXEDPOLYGONALFACE((119,120,136));
#5450=IFCINDEXEDPOLYGONALFACE((119,136,135));
#5451=IFCINDEXEDPOLYGONALFACE((120,121,137));
#5452=IFCINDEXEDPOLYGONALFACE((120,137,136));
#5453=IFCINDEXEDPOLYGONALFACE((121,122,138));
#5454=IFCINDEXEDPOLYGONALFACE((121,138,137));
#5455=IFCINDEXEDPOLYGONALFACE((122,123,139));
#5456=IFCINDEXEDPOLYGONALFACE((122,139,138));
#5457=IFCINDEXEDPOLYGONALFACE((123,124,140));
#5458=IFCINDEXEDPOLYGONALFACE((123,140,139));
#5459=IFCINDEXEDPOLYGONALFACE((124,125,141));
#5460=IFCINDEXEDPOLYGONALFACE((124,141,140));
#5461=IFCINDEXEDPOLYGONALFACE((125,126,142));
#5462=IFCINDEXEDPOLYGONALFACE((125,142,141));
#5463=IFCINDEXEDPOLYGONALFACE((126,127,143));
#5464=IFCINDEXEDPOLYGONALFACE((126,143,142));
#5465=IFCINDEXEDPOLYGONALFACE((127,128,144));
#5466=IFCINDEXEDPOLYGONALFACE((127,144,143));
#5467=IFCINDEXEDPOLYGONALFACE((128,114,130));
#5468=IFCINDEXEDPOLYGONALFACE((128,130,144));
#5469=IFCINDEXEDPOLYGONALFACE((130,129,145));
#5470=IFCINDEXEDPOLYGONALFACE((130,145,146));
#5471=IFCINDEXEDPOLYGONALFACE((129,131,147));
#5472=IFCINDEXEDPOLYGONALFACE((129,147,145));
#5473=IFCINDEXEDPOLYGONALFACE((131,132,148));
#5474=IFCINDEXEDPOLYGONALFACE((131,148,147));
#5475=IFCINDEXEDPOLYGONALFACE((132,133,149));
#5476=IFCINDEXEDPOLYGONALFACE((132,149,148));
#5477=IFCINDEXEDPOLYGONALFACE((133,134,150));
#5478=IFCINDEXEDPOLYGONALFACE((133,150,149));
#5479=IFCINDEXEDPOLYGONALFACE((134,135,151));
#5480=IFCINDEXEDPOLYGONALFACE((134,151,150));
#5481=IFCINDEXEDPOLYGONALFACE((135,136,152));
#5482=IFCINDEXEDPOLYGONALFACE((135,152,151));
#5483=IFCINDEXEDPOLYGONALFACE((136,137,153));
#5484=IFCINDEXEDPOLYGONALFACE((136,153,152));
#5485=IFCINDEXEDPOLYGONALFACE((137,138,154));
#5486=IFCINDEXEDPOLYGONALFACE((137,154,153));
#5487=IFCINDEXEDPOLYGONALFACE((138,139,155));
#5488=IFCINDEXEDPOLYGONALFACE((138,155,154));
#5489=IFCINDEXEDPOLYGONALFACE((139,140,156));
#5490=IFCINDEXEDPOLYGONALFACE((139,156,155));
#5491=IFCINDEXEDPOLYGONALFACE((140,141,157));
#5492=IFCINDEXEDPOLYGONALFACE((140,157,156));
#5493=IFCINDEXEDPOLYGONALFACE((141,142,158));
#5494=IFCINDEXEDPOLYGONALFACE((141,158,157));
#5495=IFCINDEXEDPOLYGONALFACE((142,143,159));
#5496=IFCINDEXEDPOLYGONALFACE((142,159,158));
#5497=IFCINDEXEDPOLYGONALFACE((143,144,160));
#5498=IFCINDEXEDPOLYGONALFACE((143,160,159));
#5499=IFCINDEXEDPOLYGONALFACE((144,130,146));
#5500=IFCINDEXEDPOLYGONALFACE((144,146,160));
#5501=IFCINDEXEDPOLYGONALFACE((146,145,161));
#5502=IFCINDEXEDPOLYGONALFACE((146,161,162));
#5503=IFCINDEXEDPOLYGONALFACE((145,147,163));
#5504=IFCINDEXEDPOLYGONALFACE((145,163,161));
#5505=IFCINDEXEDPOLYGONALFACE((147,148,164));
#5506=IFCINDEXEDPOLYGONALFACE((147,164,163));
#5507=IFCINDEXEDPOLYGONALFACE((148,149,165));
#5508=IFCINDEXEDPOLYGONALFACE((148,165,164));
#5509=IFCINDEXEDPOLYGONALFACE((149,150,166));
#5510=IFCINDEXEDPOLYGONALFACE((149,166,165));
#5511=IFCINDEXEDPOLYGONALFACE((150,151,167));
#5512=IFCINDEXEDPOLYGONALFACE((150,167,166));
#5513=IFCINDEXEDPOLYGONALFACE((151,152,168));
#5514=IFCINDEXEDPOLYGONALFACE((151,168,167));
#5515=IFCINDEXEDPOLYGONALFACE((152,153,169));
#5516=IFCINDEXEDPOLYGONALFACE((152,169,168));
#5517=IFCINDEXEDPOLYGONALFACE((153,154,170));
#5518=IFCINDEXEDPOLYGONALFACE((153,170,169));
#5519=IFCINDEXEDPOLYGONALFACE((154,155,171));
#5520=IFCINDEXEDPOLYGONALFACE((154,171,170));
#5521=IFCINDEXEDPOLYGONALFACE((155,156,172));
#5522=IFCINDEXEDPOLYGONALFACE((155,172,171));
#5523=IFCINDEXEDPOLYGONALFACE((156,157,173));
#5524=IFCINDEXEDPOLYGONALFACE((156,173,172));
#5525=IFCINDEXEDPOLYGONALFACE((157,158,174));
#5526=IFCINDEXEDPOLYGONALFACE((157,174,173));
#5527=IFCINDEXEDPOLYGONALFACE((158,159,175));
#5528=IFCINDEXEDPOLYGONALFACE((158,175,174));
#5529=IFCINDEXEDPOLYGONALFACE((159,160,176));
#5530=IFCINDEXEDPOLYGONALFACE((159,176,175));
#5531=IFCINDEXEDPOLYGONALFACE((160,146,162));
#5532=IFCINDEXEDPOLYGONALFACE((160,162,176));
#5533=IFCINDEXEDPOLYGONALFACE((177,2,1));
#5534=IFCINDEXEDPOLYGONALFACE((178,162,161));
#5535=IFCINDEXEDPOLYGONALFACE((177,5,2));
#5536=IFCINDEXEDPOLYGONALFACE((178,161,163));
#5537=IFCINDEXEDPOLYGONALFACE((177,7,5));
#5538=IFCINDEXEDPOLYGONALFACE((178,163,164));
#5539=IFCINDEXEDPOLYGONALFACE((177,9,7));
#5540=IFCINDEXEDPOLYGONALFACE((178,164,165));
#5541=IFCINDEXEDPOLYGONALFACE((177,11,9));
#5542=IFCINDEXEDPOLYGONALFACE((178,165,166));
#5543=IFCINDEXEDPOLYGONALFACE((177,13,11));
#5544=IFCINDEXEDPOLYGONALFACE((178,166,167));
#5545=IFCINDEXEDPOLYGONALFACE((177,15,13));
#5546=IFCINDEXEDPOLYGONALFACE((178,167,168));
#5547=IFCINDEXEDPOLYGONALFACE((177,17,15));
#5548=IFCINDEXEDPOLYGONALFACE((178,168,169));
#5549=IFCINDEXEDPOLYGONALFACE((177,19,17));
#5550=IFCINDEXEDPOLYGONALFACE((178,169,170));
#5551=IFCINDEXEDPOLYGONALFACE((177,21,19));
#5552=IFCINDEXEDPOLYGONALFACE((178,170,171));
#5553=IFCINDEXEDPOLYGONALFACE((177,23,21));
#5554=IFCINDEXEDPOLYGONALFACE((178,171,172));
#5555=IFCINDEXEDPOLYGONALFACE((177,25,23));
#5556=IFCINDEXEDPOLYGONALFACE((178,172,173));
#5557=IFCINDEXEDPOLYGONALFACE((177,27,25));
#5558=IFCINDEXEDPOLYGONALFACE((178,173,174));
#5559=IFCINDEXEDPOLYGONALFACE((177,29,27));
#5560=IFCINDEXEDPOLYGONALFACE((178,174,175));
#5561=IFCINDEXEDPOLYGONALFACE((177,31,29));
#5562=IFCINDEXEDPOLYGONALFACE((178,175,176));
#5563=IFCINDEXEDPOLYGONALFACE((177,1,31));
#5564=IFCINDEXEDPOLYGONALFACE((178,176,162));
#5565=IFCCARTESIANPOINTLIST3D(((0.041359,0.,-0.028893),(0.038211,0.015828,-0.028893),(0.073818,0.030576,-0.021251),(0.0799,0.,-0.021251),(0.029245,0.029245,-0.028893),(0.056498,0.056498,-0.021251),(0.015828,0.038211,-0.028893),(0.030576,0.073818,-0.021251),(0.,0.041359,-0.028893),(0.,0.0799,-0.021251),(-0.015828,0.038211,-0.028893),(-0.030576,0.073818,-0.021251),(-0.029245,0.029245,-0.028893),(-0.056498,0.056498,-0.021251),(-0.038211,0.015828,-0.028893),(-0.073818,0.030576,-0.021251),(-0.041359,0.,-0.028893),(-0.0799,0.,-0.021251),(-0.038211,-0.015828,-0.028893),(-0.073818,-0.030576,-0.021251),(-0.029245,-0.029245,-0.028893),(-0.056498,-0.056498,-0.021251),(-0.015828,-0.038211,-0.028893),(-0.030576,-0.073818,-0.021251),(0.,-0.041359,-0.028893),(0.,-0.0799,-0.021251),(0.015828,-0.038211,-0.028893),(0.030576,-0.073818,-0.021251),(0.029245,-0.029245,-0.028893),(0.056498,-0.056498,-0.021251),(0.038211,-0.015828,-0.028893),(0.073818,-0.030576,-0.021251),(0.104394,0.043242,-0.009094),(0.112996,0.,-0.009094),(0.0799,0.0799,-0.009094),(0.043242,0.104394,-0.009094),(0.,0.112996,-0.009094),(-0.043242,0.104394,-0.009094),(-0.0799,0.0799,-0.009094),(-0.104394,0.043242,-0.009094),(-0.112996,0.,-0.009094),(-0.104394,-0.043242,-0.009094),(-0.0799,-0.0799,-0.009094),(-0.043242,-0.104394,-0.009094),(0.,-0.112996,-0.009094),(0.043242,-0.104394,-0.009094),(0.0799,-0.0799,-0.009094),(0.104394,-0.043242,-0.009094),(0.127856,0.05296,0.00675),(0.138391,0.,0.00675),(0.097857,0.097857,0.00675),(0.05296,0.127856,0.00675),(0.,0.138391,0.00675),(-0.05296,0.127856,0.00675),(-0.097857,0.097857,0.00675),(-0.127856,0.05296,0.00675),(-0.138391,0.,0.00675),(-0.127856,-0.05296,0.00675),(-0.097857,-0.097857,0.00675),(-0.05296,-0.127856,0.00675),(0.,-0.138391,0.00675),(0.05296,-0.127856,0.00675),(0.097857,-0.097857,0.00675),(0.127856,-0.05296,0.00675),(0.142605,0.059069,0.0252),(0.154355,0.,0.0252),(0.109145,0.109145,0.0252),(0.059069,0.142605,0.0252),(0.,0.154355,0.0252),(-0.059069,0.142605,0.0252),(-0.109145,0.109145,0.0252),(-0.142605,0.059069,0.0252),(-0.154355,0.,0.0252),(-0.142605,-0.059069,0.0252),(-0.109145,-0.109145,0.0252),(-0.059069,-0.142605,0.0252),(0.,-0.154355,0.0252),(0.059069,-0.142605,0.0252),(0.109145,-0.109145,0.0252),(0.142605,-0.059069,0.0252),(0.147636,0.061153,0.045),(0.1598,0.,0.045),(0.112996,0.112996,0.045),(0.061153,0.147636,0.045),(0.,0.1598,0.045),(-0.061153,0.147636,0.045),(-0.112996,0.112996,0.045),(-0.147636,0.061153,0.045),(-0.1598,0.,0.045),(-0.147636,-0.061153,0.045),(-0.112996,-0.112996,0.045),(-0.061153,-0.147636,0.045),(0.,-0.1598,0.045),(0.061153,-0.147636,0.045),(0.112996,-0.112996,0.045),(0.147636,-0.061153,0.045),(0.142605,0.059069,0.0648),(0.154355,0.,0.0648),(0.109145,0.109145,0.0648),(0.059069,0.142605,0.0648),(0.,0.154355,0.0648),(-0.059069,0.142605,0.0648),(-0.109145,0.109145,0.0648),(-0.142605,0.059069,0.0648),(-0.154355,0.,0.0648),(-0.142605,-0.059069,0.0648),(-0.109145,-0.109145,0.0648),(-0.059069,-0.142605,0.0648),(0.,-0.154355,0.0648),(0.059069,-0.142605,0.0648),(0.109145,-0.109145,0.0648),(0.142605,-0.059069,0.0648),(0.127856,0.05296,0.08325),(0.138391,0.,0.08325),(0.097857,0.097857,0.08325),(0.05296,0.127856,0.08325),(0.,0.138391,0.08325),(-0.05296,0.127856,0.08325),(-0.097857,0.097857,0.08325),(-0.127856,0.05296,0.08325),(-0.138391,0.,0.08325),(-0.127856,-0.05296,0.08325),(-0.097857,-0.097857,0.08325),(-0.05296,-0.127856,0.08325),(0.,-0.138391,0.08325),(0.05296,-0.127856,0.08325),(0.097857,-0.097857,0.08325),(0.127856,-0.05296,0.08325),(0.104394,0.043242,0.099094),(0.112996,0.,0.099094),(0.0799,0.0799,0.099094),(0.043242,0.104394,0.099094),(0.,0.112996,0.099094),(-0.043242,0.104394,0.099094),(-0.0799,0.0799,0.099094),(-0.104394,0.043242,0.099094),(-0.112996,0.,0.099094),(-0.104394,-0.043242,0.099094),(-0.0799,-0.0799,0.099094),(-0.043242,-0.104394,0.099094),(0.,-0.112996,0.099094),(0.043242,-0.104394,0.099094),(0.0799,-0.0799,0.099094),(0.104394,-0.043242,0.099094),(0.073818,0.030576,0.111251),(0.0799,0.,0.111251),(0.056498,0.056498,0.111251),(0.030576,0.073818,0.111251),(0.,0.0799,0.111251),(-0.030576,0.073818,0.111251),(-0.056498,0.056498,0.111251),(-0.073818,0.030576,0.111251),(-0.0799,0.,0.111251),(-0.073818,-0.030576,0.111251),(-0.056498,-0.056498,0.111251),(-0.030576,-0.073818,0.111251),(0.,-0.0799,0.111251),(0.030576,-0.073818,0.111251),(0.056498,-0.056498,0.111251),(0.073818,-0.030576,0.111251),(0.038211,0.015828,0.118893),(0.041359,0.,0.118893),(0.029245,0.029245,0.118893),(0.015828,0.038211,0.118893),(0.,0.041359,0.118893),(-0.015828,0.038211,0.118893),(-0.029245,0.029245,0.118893),(-0.038211,0.015828,0.118893),(-0.041359,0.,0.118893),(-0.038211,-0.015828,0.118893),(-0.029245,-0.029245,0.118893),(-0.015828,-0.038211,0.118893),(0.,-0.041359,0.118893),(0.015828,-0.038211,0.118893),(0.029245,-0.029245,0.118893),(0.038211,-0.015828,0.118893),(0.,0.,-0.0315),(0.,0.,0.1215)));
#5566=IFCPOLYGONALFACESET(#5565,.T.,(#5213,#5214,#5215,#5216,#5217,#5218,#5219,#5220,#5221,#5222,#5223,#5224,#5225,#5226,#5227,#5228,#5229,#5230,#5231,#5232,#5233,#5234,#5235,#5236,#5237,#5238,#5239,#5240,#5241,#5242,#5243,#5244,#5245,#5246,#5247,#5248,#5249,#5250,#5251,#5252,#5253,#5254,#5255,#5256,#5257,#5258,#5259,#5260,#5261,#5262,#5263,#5264,#5265,#5266,#5267,#5268,#5269,#5270,#5271,#5272,#5273,#5274,#5275,#5276,#5277,#5278,#5279,#5280,#5281,#5282,#5283,#5284,#5285,#5286,#5287,#5288,#5289,#5290,#5291,#5292,#5293,#5294,#5295,#5296,#5297,#5298,#5299,#5300,#5301,#5302,#5303,#5304,#5305,#5306,#5307,#5308,#5309,#5310,#5311,#5312,#5313,#5314,#5315,#5316,#5317,#5318,#5319,#5320,#5321,#5322,#5323,#5324,#5325,#5326,#5327,#5328,#5329,#5330,#5331,#5332,#5333,#5334,#5335,#5336,#5337,#5338,#5339,#5340,#5341,#5342,#5343,#5344,#5345,#5346,#5347,#5348,#5349,#5350,#5351,#5352,#5353,#5354,#5355,#5356,#5357,#5358,#5359,#5360,#5361,#5362,#5363,#5364,#5365,#5366,#5367,#5368,#5369,#5370,#5371,#5372,#5373,#5374,#5375,#5376,#5377,#5378,#5379,#5380,#5381,#5382,#5383,#5384,#5385,#5386,#5387,#5388,#5389,#5390,#5391,#5392,#5393,#5394,#5395,#5396,#5397,#5398,#5399,#5400,#5401,#5402,#5403,#5404,#5405,#5406,#5407,#5408,#5409,#5410,#5411,#5412,#5413,#5414,#5415,#5416,#5417,#5418,#5419,#5420,#5421,#5422,#5423,#5424,#5425,#5426,#5427,#5428,#5429,#5430,#5431,#5432,#5433,#5434,#5435,#5436,#5437,#5438,#5439,#5440,#5441,#5442,#5443,#5444,#5445,#5446,#5447,#5448,#5449,#5450,#5451,#5452,#5453,#5454,#5455,#5456,#5457,#5458,#5459,#5460,#5461,#5462,#5463,#5464,#5465,#5466,#5467,#5468,#5469,#5470,#5471,#5472,#5473,#5474,#5475,#5476,#5477,#5478,#5479,#5480,#5481,#5482,#5483,#5484,#5485,#5486,#5487,#5488,#5489,#5490,#5491,#5492,#5493,#5494,#5495,#5496,#5497,#5498,#5499,#5500,#5501,#5502,#5503,#5504,#5505,#5506,#5507,#5508,#5509,#5510,#5511,#5512,#5513,#5514,#5515,#5516,#5517,#5518,#5519,#5520,#5521,#5522,#5523,#5524,#5525,#5526,#5527,#5528,#5529,#5530,#5531,#5532,#5533,#5534,#5535,#5536,#5537,#5538,#5539,#5540,#5541,#5542,#5543,#5544,#5545,#5546,#5547,#5548,#5549,#5550,#5551,#5552,#5553,#5554,#5555,#5556,#5557,#5558,#5559,#5560,#5561,#5562,#5563,#5564),$);
#5567=IFCSTYLEDITEM(#5566,(#5076),$);
#5568=IFCSHAPEREPRESENTATION(#12,'Body','Tessellation',(#5211,#5566));
#5569=IFCPRODUCTDEFINITIONSHAPE($,$,(#5568));
#5570=IFCLIGHTFIXTURE('2E9poEupD4uMEHJKIBIVUs',#5,'Ceiling light','Skanna asset library',$,#5085,#5569,$,.POINTSOURCE.);
#5571=IFCCARTESIANPOINT((7.88,11.58,1.8));
#5572=IFCDIRECTION((0.,0.,1.));
#5573=IFCDIRECTION((1.,0.,0.));
#5574=IFCAXIS2PLACEMENT3D(#5571,#5572,#5573);
#5575=IFCLOCALPLACEMENT(#26,#5574);
#5576=IFCCARTESIANPOINT((0.,0.));
#5577=IFCAXIS2PLACEMENT2D(#5576,$);
#5578=IFCCIRCLEPROFILEDEF(.AREA.,$,#5577,0.0075);
#5579=IFCCARTESIANPOINT((0.,0.,0.306));
#5580=IFCAXIS2PLACEMENT3D(#5579,$,$);
#5581=IFCDIRECTION((0.,0.,1.));
#5582=IFCEXTRUDEDAREASOLID(#5578,#5580,#5581,0.594);
#5583=IFCSTYLEDITEM(#5582,(#3917),$);
#5584=IFCINDEXEDPOLYGONALFACE((1,2,3));
#5585=IFCINDEXEDPOLYGONALFACE((1,3,4));
#5586=IFCINDEXEDPOLYGONALFACE((2,5,6));
#5587=IFCINDEXEDPOLYGONALFACE((2,6,3));
#5588=IFCINDEXEDPOLYGONALFACE((5,7,8));
#5589=IFCINDEXEDPOLYGONALFACE((5,8,6));
#5590=IFCINDEXEDPOLYGONALFACE((7,9,10));
#5591=IFCINDEXEDPOLYGONALFACE((7,10,8));
#5592=IFCINDEXEDPOLYGONALFACE((9,11,12));
#5593=IFCINDEXEDPOLYGONALFACE((9,12,10));
#5594=IFCINDEXEDPOLYGONALFACE((11,13,14));
#5595=IFCINDEXEDPOLYGONALFACE((11,14,12));
#5596=IFCINDEXEDPOLYGONALFACE((13,15,16));
#5597=IFCINDEXEDPOLYGONALFACE((13,16,14));
#5598=IFCINDEXEDPOLYGONALFACE((15,17,18));
#5599=IFCINDEXEDPOLYGONALFACE((15,18,16));
#5600=IFCINDEXEDPOLYGONALFACE((17,19,20));
#5601=IFCINDEXEDPOLYGONALFACE((17,20,18));
#5602=IFCINDEXEDPOLYGONALFACE((19,21,22));
#5603=IFCINDEXEDPOLYGONALFACE((19,22,20));
#5604=IFCINDEXEDPOLYGONALFACE((21,23,24));
#5605=IFCINDEXEDPOLYGONALFACE((21,24,22));
#5606=IFCINDEXEDPOLYGONALFACE((23,25,26));
#5607=IFCINDEXEDPOLYGONALFACE((23,26,24));
#5608=IFCINDEXEDPOLYGONALFACE((25,27,28));
#5609=IFCINDEXEDPOLYGONALFACE((25,28,26));
#5610=IFCINDEXEDPOLYGONALFACE((27,29,30));
#5611=IFCINDEXEDPOLYGONALFACE((27,30,28));
#5612=IFCINDEXEDPOLYGONALFACE((29,31,32));
#5613=IFCINDEXEDPOLYGONALFACE((29,32,30));
#5614=IFCINDEXEDPOLYGONALFACE((31,33,34));
#5615=IFCINDEXEDPOLYGONALFACE((31,34,32));
#5616=IFCINDEXEDPOLYGONALFACE((33,35,36));
#5617=IFCINDEXEDPOLYGONALFACE((33,36,34));
#5618=IFCINDEXEDPOLYGONALFACE((35,37,38));
#5619=IFCINDEXEDPOLYGONALFACE((35,38,36));
#5620=IFCINDEXEDPOLYGONALFACE((37,39,40));
#5621=IFCINDEXEDPOLYGONALFACE((37,40,38));
#5622=IFCINDEXEDPOLYGONALFACE((39,41,42));
#5623=IFCINDEXEDPOLYGONALFACE((39,42,40));
#5624=IFCINDEXEDPOLYGONALFACE((41,43,44));
#5625=IFCINDEXEDPOLYGONALFACE((41,44,42));
#5626=IFCINDEXEDPOLYGONALFACE((43,45,46));
#5627=IFCINDEXEDPOLYGONALFACE((43,46,44));
#5628=IFCINDEXEDPOLYGONALFACE((45,47,48));
#5629=IFCINDEXEDPOLYGONALFACE((45,48,46));
#5630=IFCINDEXEDPOLYGONALFACE((47,49,50));
#5631=IFCINDEXEDPOLYGONALFACE((47,50,48));
#5632=IFCINDEXEDPOLYGONALFACE((49,51,52));
#5633=IFCINDEXEDPOLYGONALFACE((49,52,50));
#5634=IFCINDEXEDPOLYGONALFACE((51,53,54));
#5635=IFCINDEXEDPOLYGONALFACE((51,54,52));
#5636=IFCINDEXEDPOLYGONALFACE((53,55,56));
#5637=IFCINDEXEDPOLYGONALFACE((53,56,54));
#5638=IFCINDEXEDPOLYGONALFACE((55,57,58));
#5639=IFCINDEXEDPOLYGONALFACE((55,58,56));
#5640=IFCINDEXEDPOLYGONALFACE((57,59,60));
#5641=IFCINDEXEDPOLYGONALFACE((57,60,58));
#5642=IFCINDEXEDPOLYGONALFACE((59,61,62));
#5643=IFCINDEXEDPOLYGONALFACE((59,62,60));
#5644=IFCINDEXEDPOLYGONALFACE((61,63,64));
#5645=IFCINDEXEDPOLYGONALFACE((61,64,62));
#5646=IFCINDEXEDPOLYGONALFACE((63,1,4));
#5647=IFCINDEXEDPOLYGONALFACE((63,4,64));
#5648=IFCINDEXEDPOLYGONALFACE((1,5,2));
#5649=IFCINDEXEDPOLYGONALFACE((4,3,6));
#5650=IFCINDEXEDPOLYGONALFACE((1,7,5));
#5651=IFCINDEXEDPOLYGONALFACE((4,6,8));
#5652=IFCINDEXEDPOLYGONALFACE((1,9,7));
#5653=IFCINDEXEDPOLYGONALFACE((4,8,10));
#5654=IFCINDEXEDPOLYGONALFACE((1,11,9));
#5655=IFCINDEXEDPOLYGONALFACE((4,10,12));
#5656=IFCINDEXEDPOLYGONALFACE((1,13,11));
#5657=IFCINDEXEDPOLYGONALFACE((4,12,14));
#5658=IFCINDEXEDPOLYGONALFACE((1,15,13));
#5659=IFCINDEXEDPOLYGONALFACE((4,14,16));
#5660=IFCINDEXEDPOLYGONALFACE((1,17,15));
#5661=IFCINDEXEDPOLYGONALFACE((4,16,18));
#5662=IFCINDEXEDPOLYGONALFACE((1,19,17));
#5663=IFCINDEXEDPOLYGONALFACE((4,18,20));
#5664=IFCINDEXEDPOLYGONALFACE((1,21,19));
#5665=IFCINDEXEDPOLYGONALFACE((4,20,22));
#5666=IFCINDEXEDPOLYGONALFACE((1,23,21));
#5667=IFCINDEXEDPOLYGONALFACE((4,22,24));
#5668=IFCINDEXEDPOLYGONALFACE((1,25,23));
#5669=IFCINDEXEDPOLYGONALFACE((4,24,26));
#5670=IFCINDEXEDPOLYGONALFACE((1,27,25));
#5671=IFCINDEXEDPOLYGONALFACE((4,26,28));
#5672=IFCINDEXEDPOLYGONALFACE((1,29,27));
#5673=IFCINDEXEDPOLYGONALFACE((4,28,30));
#5674=IFCINDEXEDPOLYGONALFACE((1,31,29));
#5675=IFCINDEXEDPOLYGONALFACE((4,30,32));
#5676=IFCINDEXEDPOLYGONALFACE((1,33,31));
#5677=IFCINDEXEDPOLYGONALFACE((4,32,34));
#5678=IFCINDEXEDPOLYGONALFACE((1,35,33));
#5679=IFCINDEXEDPOLYGONALFACE((4,34,36));
#5680=IFCINDEXEDPOLYGONALFACE((1,37,35));
#5681=IFCINDEXEDPOLYGONALFACE((4,36,38));
#5682=IFCINDEXEDPOLYGONALFACE((1,39,37));
#5683=IFCINDEXEDPOLYGONALFACE((4,38,40));
#5684=IFCINDEXEDPOLYGONALFACE((1,41,39));
#5685=IFCINDEXEDPOLYGONALFACE((4,40,42));
#5686=IFCINDEXEDPOLYGONALFACE((1,43,41));
#5687=IFCINDEXEDPOLYGONALFACE((4,42,44));
#5688=IFCINDEXEDPOLYGONALFACE((1,45,43));
#5689=IFCINDEXEDPOLYGONALFACE((4,44,46));
#5690=IFCINDEXEDPOLYGONALFACE((1,47,45));
#5691=IFCINDEXEDPOLYGONALFACE((4,46,48));
#5692=IFCINDEXEDPOLYGONALFACE((1,49,47));
#5693=IFCINDEXEDPOLYGONALFACE((4,48,50));
#5694=IFCINDEXEDPOLYGONALFACE((1,51,49));
#5695=IFCINDEXEDPOLYGONALFACE((4,50,52));
#5696=IFCINDEXEDPOLYGONALFACE((1,53,51));
#5697=IFCINDEXEDPOLYGONALFACE((4,52,54));
#5698=IFCINDEXEDPOLYGONALFACE((1,55,53));
#5699=IFCINDEXEDPOLYGONALFACE((4,54,56));
#5700=IFCINDEXEDPOLYGONALFACE((1,57,55));
#5701=IFCINDEXEDPOLYGONALFACE((4,56,58));
#5702=IFCINDEXEDPOLYGONALFACE((1,59,57));
#5703=IFCINDEXEDPOLYGONALFACE((4,58,60));
#5704=IFCINDEXEDPOLYGONALFACE((1,61,59));
#5705=IFCINDEXEDPOLYGONALFACE((4,60,62));
#5706=IFCINDEXEDPOLYGONALFACE((1,63,61));
#5707=IFCINDEXEDPOLYGONALFACE((4,62,64));
#5708=IFCCARTESIANPOINTLIST3D(((0.15,0.,0.036),(0.147118,0.029264,0.036),(0.041193,0.008194,0.324),(0.042,0.,0.324),(0.138582,0.057403,0.036),(0.038803,0.016073,0.324),(0.12472,0.083336,0.036),(0.034922,0.023334,0.324),(0.106066,0.106066,0.036),(0.029698,0.029698,0.324),(0.083336,0.12472,0.036),(0.023334,0.034922,0.324),(0.057403,0.138582,0.036),(0.016073,0.038803,0.324),(0.029264,0.147118,0.036),(0.008194,0.041193,0.324),(0.,0.15,0.036),(0.,0.042,0.324),(-0.029264,0.147118,0.036),(-0.008194,0.041193,0.324),(-0.057403,0.138582,0.036),(-0.016073,0.038803,0.324),(-0.083336,0.12472,0.036),(-0.023334,0.034922,0.324),(-0.106066,0.106066,0.036),(-0.029698,0.029698,0.324),(-0.12472,0.083336,0.036),(-0.034922,0.023334,0.324),(-0.138582,0.057403,0.036),(-0.038803,0.016073,0.324),(-0.147118,0.029264,0.036),(-0.041193,0.008194,0.324),(-0.15,0.,0.036),(-0.042,0.,0.324),(-0.147118,-0.029264,0.036),(-0.041193,-0.008194,0.324),(-0.138582,-0.057403,0.036),(-0.038803,-0.016073,0.324),(-0.12472,-0.083336,0.036),(-0.034922,-0.023334,0.324),(-0.106066,-0.106066,0.036),(-0.029698,-0.029698,0.324),(-0.083336,-0.12472,0.036),(-0.023334,-0.034922,0.324),(-0.057403,-0.138582,0.036),(-0.016073,-0.038803,0.324),(-0.029264,-0.147118,0.036),(-0.008194,-0.041193,0.324),(0.,-0.15,0.036),(0.,-0.042,0.324),(0.029264,-0.147118,0.036),(0.008194,-0.041193,0.324),(0.057403,-0.138582,0.036),(0.016073,-0.038803,0.324),(0.083336,-0.12472,0.036),(0.023334,-0.034922,0.324),(0.106066,-0.106066,0.036),(0.029698,-0.029698,0.324),(0.12472,-0.083336,0.036),(0.034922,-0.023334,0.324),(0.138582,-0.057403,0.036),(0.038803,-0.016073,0.324),(0.147118,-0.029264,0.036),(0.041193,-0.008194,0.324)));
#5709=IFCPOLYGONALFACESET(#5708,.T.,(#5584,#5585,#5586,#5587,#5588,#5589,#5590,#5591,#5592,#5593,#5594,#5595,#5596,#5597,#5598,#5599,#5600,#5601,#5602,#5603,#5604,#5605,#5606,#5607,#5608,#5609,#5610,#5611,#5612,#5613,#5614,#5615,#5616,#5617,#5618,#5619,#5620,#5621,#5622,#5623,#5624,#5625,#5626,#5627,#5628,#5629,#5630,#5631,#5632,#5633,#5634,#5635,#5636,#5637,#5638,#5639,#5640,#5641,#5642,#5643,#5644,#5645,#5646,#5647,#5648,#5649,#5650,#5651,#5652,#5653,#5654,#5655,#5656,#5657,#5658,#5659,#5660,#5661,#5662,#5663,#5664,#5665,#5666,#5667,#5668,#5669,#5670,#5671,#5672,#5673,#5674,#5675,#5676,#5677,#5678,#5679,#5680,#5681,#5682,#5683,#5684,#5685,#5686,#5687,#5688,#5689,#5690,#5691,#5692,#5693,#5694,#5695,#5696,#5697,#5698,#5699,#5700,#5701,#5702,#5703,#5704,#5705,#5706,#5707),$);
#5710=IFCSTYLEDITEM(#5709,(#3585),$);
#5711=IFCCARTESIANPOINT((0.,0.));
#5712=IFCAXIS2PLACEMENT2D(#5711,$);
#5713=IFCCIRCLEPROFILEDEF(.AREA.,$,#5712,0.135);
#5714=IFCCARTESIANPOINT((0.,0.,0.018));
#5715=IFCAXIS2PLACEMENT3D(#5714,$,$);
#5716=IFCDIRECTION((0.,0.,1.));
#5717=IFCEXTRUDEDAREASOLID(#5713,#5715,#5716,0.045);
#5718=IFCSTYLEDITEM(#5717,(#5076),$);
#5719=IFCSHAPEREPRESENTATION(#12,'Body','SolidModel',(#5582,#5709,#5717));
#5720=IFCPRODUCTDEFINITIONSHAPE($,$,(#5719));
#5721=IFCLIGHTFIXTURE('3UwX25n9I70HSKtYuxOmMY',#5,'Pendant light','Skanna asset library',$,#5575,#5720,$,.POINTSOURCE.);
#5722=IFCCARTESIANPOINT((0.24,0.35,1.8));
#5723=IFCDIRECTION((0.,0.,1.));
#5724=IFCDIRECTION((0.,1.,0.));
#5725=IFCAXIS2PLACEMENT3D(#5722,#5723,#5724);
#5726=IFCLOCALPLACEMENT(#26,#5725);
#5727=IFCCARTESIANPOINT((0.,0.0588));
#5728=IFCAXIS2PLACEMENT2D(#5727,$);
#5729=IFCRECTANGLEPROFILEDEF(.AREA.,$,#5728,0.112,0.0224);
#5730=IFCCARTESIANPOINT((0.,0.,0.12));
#5731=IFCAXIS2PLACEMENT3D(#5730,$,$);
#5732=IFCDIRECTION((0.,0.,1.));
#5733=IFCEXTRUDEDAREASOLID(#5729,#5731,#5732,0.24);
#5734=IFCSTYLEDITEM(#5733,(#2952),$);
#5735=IFCCARTESIANPOINT((0.,0.));
#5736=IFCAXIS2PLACEMENT2D(#5735,$);
#5737=IFCELLIPSEPROFILEDEF(.AREA.,$,#5736,0.08,0.07);
#5738=IFCCARTESIANPOINT((0.,0.,0.0768));
#5739=IFCAXIS2PLACEMENT3D(#5738,$,$);
#5740=IFCDIRECTION((0.,0.,1.));
#5741=IFCEXTRUDEDAREASOLID(#5737,#5739,#5740,0.1392);
#5742=IFCSTYLEDITEM(#5741,(#2952),$);
#5743=IFCCARTESIANPOINT((0.,0.));
#5744=IFCAXIS2PLACEMENT2D(#5743,$);
#5745=IFCELLIPSEPROFILEDEF(.AREA.,$,#5744,0.0656,0.0574);
#5746=IFCCARTESIANPOINT((0.,0.,0.216));
#5747=IFCAXIS2PLACEMENT3D(#5746,$,$);
#5748=IFCDIRECTION((0.,0.,1.));
#5749=IFCEXTRUDEDAREASOLID(#5745,#5747,#5748,0.024);
#5750=IFCSTYLEDITEM(#5749,(#5076),$);
#5751=IFCSHAPEREPRESENTATION(#12,'Body','SweptSolid',(#5733,#5741,#5749));
#5752=IFCPRODUCTDEFINITIONSHAPE($,$,(#5751));
#5753=IFCLIGHTFIXTURE('2VLMWmIh5y23864GcTBpi3',#5,'Wall sconce','Skanna asset library',$,#5726,#5752,$,.DIRECTIONSOURCE.);
#5754=IFCCARTESIANPOINT((4.37,9.61,2.67));
#5755=IFCDIRECTION((0.,0.,1.));
#5756=IFCDIRECTION((0.,1.,0.));
#5757=IFCAXIS2PLACEMENT3D(#5754,#5755,#5756);
#5758=IFCLOCALPLACEMENT(#26,#5757);
#5759=IFCCARTESIANPOINT((0.,0.));
#5760=IFCAXIS2PLACEMENT2D(#5759,$);
#5761=IFCRECTANGLEPROFILEDEF(.AREA.,$,#5760,1.5,0.03);
#5762=IFCCARTESIANPOINT((0.,0.,0.0135));
#5763=IFCAXIS2PLACEMENT3D(#5762,$,$);
#5764=IFCDIRECTION((0.,0.,1.));
#5765=IFCEXTRUDEDAREASOLID(#5761,#5763,#5764,0.0165);
#5766=IFCSTYLEDITEM(#5765,(#3917),$);
#5767=IFCCARTESIANPOINT((0.,0.));
#5768=IFCAXIS2PLACEMENT2D(#5767,$);
#5769=IFCRECTANGLEPROFILEDEF(.AREA.,$,#5768,1.47,0.027);
#5770=IFCCARTESIANPOINT((0.,0.,0.));
#5771=IFCAXIS2PLACEMENT3D(#5770,$,$);
#5772=IFCDIRECTION((0.,0.,1.));
#5773=IFCEXTRUDEDAREASOLID(#5769,#5771,#5772,0.0138);
#5774=IFCSTYLEDITEM(#5773,(#5076),$);
#5775=IFCSHAPEREPRESENTATION(#12,'Body','SweptSolid',(#5765,#5773));
#5776=IFCPRODUCTDEFINITIONSHAPE($,$,(#5775));
#5777=IFCLIGHTFIXTURE('2KJQB$HqqgSdVdkgbQw1ce',#5,'LED strip','Skanna asset library',$,#5758,#5776,$,.SECURITYLIGHTING.);
#5778=IFCCARTESIANPOINT((0.55,12.8,2.65));
#5779=IFCDIRECTION((0.,0.,1.));
#5780=IFCDIRECTION((1.,0.,0.));
#5781=IFCAXIS2PLACEMENT3D(#5778,#5779,#5780);
#5782=IFCLOCALPLACEMENT(#26,#5781);
#5783=IFCCARTESIANPOINT((0.,0.));
#5784=IFCAXIS2PLACEMENT2D(#5783,$);
#5785=IFCRECTANGLEPROFILEDEF(.AREA.,$,#5784,0.3,0.3);
#5786=IFCCARTESIANPOINT((0.,0.,0.015));
#5787=IFCAXIS2PLACEMENT3D(#5786,$,$);
#5788=IFCDIRECTION((0.,0.,1.));
#5789=IFCEXTRUDEDAREASOLID(#5785,#5787,#5788,0.035);
#5790=IFCCOLOURRGB($,0.427451,0.658824,0.52549);
#5791=IFCSURFACESTYLESHADING(#5790,0.);
#5792=IFCSURFACESTYLE('#6da886',.BOTH.,(#5791));
#5793=IFCSTYLEDITEM(#5789,(#5792),$);
#5794=IFCCARTESIANPOINT((0.,0.));
#5795=IFCAXIS2PLACEMENT2D(#5794,$);
#5796=IFCRECTANGLEPROFILEDEF(.AREA.,$,#5795,0.21,0.21);
#5797=IFCCARTESIANPOINT((0.,0.,0.));
#5798=IFCAXIS2PLACEMENT3D(#5797,$,$);
#5799=IFCDIRECTION((0.,0.,1.));
#5800=IFCEXTRUDEDAREASOLID(#5796,#5798,#5799,0.0155);
#5801=IFCCOLOURRGB($,0.164706,0.34902,0.258824);
#5802=IFCSURFACESTYLESHADING(#5801,0.);
#5803=IFCSURFACESTYLE('#2a5942',.BOTH.,(#5802));
#5804=IFCSTYLEDITEM(#5800,(#5803),$);
#5805=IFCSHAPEREPRESENTATION(#12,'Body','SweptSolid',(#5789,#5800));
#5806=IFCPRODUCTDEFINITIONSHAPE($,$,(#5805));
#5807=IFCAIRTERMINAL('2m_OmfvVu0bz8Y3RuTrt2E',#5,'Ventilation in','Skanna asset library',$,#5782,#5806,$,.DIFFUSER.);
#5808=IFCCARTESIANPOINT((0.55,11.1,2.65));
#5809=IFCDIRECTION((0.,0.,1.));
#5810=IFCDIRECTION((1.,0.,0.));
#5811=IFCAXIS2PLACEMENT3D(#5808,#5809,#5810);
#5812=IFCLOCALPLACEMENT(#26,#5811);
#5813=IFCCARTESIANPOINT((0.,0.));
#5814=IFCAXIS2PLACEMENT2D(#5813,$);
#5815=IFCRECTANGLEPROFILEDEF(.AREA.,$,#5814,0.3,0.3);
#5816=IFCCARTESIANPOINT((0.,0.,0.015));
#5817=IFCAXIS2PLACEMENT3D(#5816,$,$);
#5818=IFCDIRECTION((0.,0.,1.));
#5819=IFCEXTRUDEDAREASOLID(#5815,#5817,#5818,0.035);
#5820=IFCCOLOURRGB($,0.290196,0.490196,0.388235);
#5821=IFCSURFACESTYLESHADING(#5820,0.);
#5822=IFCSURFACESTYLE('#4a7d63',.BOTH.,(#5821));
#5823=IFCSTYLEDITEM(#5819,(#5822),$);
#5824=IFCCARTESIANPOINT((0.,0.));
#5825=IFCAXIS2PLACEMENT2D(#5824,$);
#5826=IFCRECTANGLEPROFILEDEF(.AREA.,$,#5825,0.21,0.21);
#5827=IFCCARTESIANPOINT((0.,0.,0.));
#5828=IFCAXIS2PLACEMENT3D(#5827,$,$);
#5829=IFCDIRECTION((0.,0.,1.));
#5830=IFCEXTRUDEDAREASOLID(#5826,#5828,#5829,0.0155);
#5831=IFCCOLOURRGB($,0.090196,0.25098,0.180392);
#5832=IFCSURFACESTYLESHADING(#5831,0.);
#5833=IFCSURFACESTYLE('#17402e',.BOTH.,(#5832));
#5834=IFCSTYLEDITEM(#5830,(#5833),$);
#5835=IFCSHAPEREPRESENTATION(#12,'Body','SweptSolid',(#5819,#5830));
#5836=IFCPRODUCTDEFINITIONSHAPE($,$,(#5835));
#5837=IFCAIRTERMINAL('1qz5RBdkLQaf2LwaEBXKML',#5,'Ventilation out','Skanna asset library',$,#5812,#5836,$,.GRILLE.);
#5838=IFCCARTESIANPOINT((0.85,8.3,0.15));
#5839=IFCDIRECTION((0.,0.,1.));
#5840=IFCDIRECTION((1.,0.,0.));
#5841=IFCAXIS2PLACEMENT3D(#5838,#5839,#5840);
#5842=IFCLOCALPLACEMENT(#26,#5841);
#5843=IFCCARTESIANPOINT((0.,0.028));
#5844=IFCAXIS2PLACEMENT2D(#5843,$);
#5845=IFCRECTANGLEPROFILEDEF(.AREA.,$,#5844,1.,0.036);
#5846=IFCCARTESIANPOINT((0.,0.,0.));
#5847=IFCAXIS2PLACEMENT3D(#5846,$,$);
#5848=IFCDIRECTION((0.,0.,1.));
#5849=IFCEXTRUDEDAREASOLID(#5845,#5847,#5848,0.5);
#5850=IFCSTYLEDITEM(#5849,(#2952),$);
#5851=IFCCARTESIANPOINT((0.,-0.028));
#5852=IFCAXIS2PLACEMENT2D(#5851,$);
#5853=IFCRECTANGLEPROFILEDEF(.AREA.,$,#5852,1.,0.036);
#5854=IFCCARTESIANPOINT((0.,0.,0.));
#5855=IFCAXIS2PLACEMENT3D(#5854,$,$);
#5856=IFCDIRECTION((0.,0.,1.));
#5857=IFCEXTRUDEDAREASOLID(#5853,#5855,#5856,0.48);
#5858=IFCSTYLEDITEM(#5857,(#2952),$);
#5859=IFCCARTESIANPOINT((0.,0.));
#5860=IFCAXIS2PLACEMENT2D(#5859,$);
#5861=IFCRECTANGLEPROFILEDEF(.AREA.,$,#5860,0.96,0.085);
#5862=IFCCARTESIANPOINT((0.,0.,0.46));
#5863=IFCAXIS2PLACEMENT3D(#5862,$,$);
#5864=IFCDIRECTION((0.,0.,1.));
#5865=IFCEXTRUDEDAREASOLID(#5861,#5863,#5864,0.04);
#5866=IFCSTYLEDITEM(#5865,(#2963),$);
#5867=IFCCARTESIANPOINT((0.46,0.028));
#5868=IFCAXIS2PLACEMENT2D(#5867,$);
#5869=IFCCIRCLEPROFILEDEF(.AREA.,$,#5868,0.03);
#5870=IFCCARTESIANPOINT((0.,0.,0.5));
#5871=IFCAXIS2PLACEMENT3D(#5870,$,$);
#5872=IFCDIRECTION((0.,0.,1.));
#5873=IFCEXTRUDEDAREASOLID(#5869,#5871,#5872,0.06);
#5874=IFCSTYLEDITEM(#5873,(#3917),$);
#5875=IFCSHAPEREPRESENTATION(#12,'Body','SweptSolid',(#5849,#5857,#5865,#5873));
#5876=IFCPRODUCTDEFINITIONSHAPE($,$,(#5875));
#5877=IFCSPACEHEATER('3lNkgvL5yHoxNuU71tA8vo',#5,'Radiator','Skanna asset library',$,#5842,#5876,$,.RADIATOR.);
#5878=IFCCARTESIANPOINT((8.62,15.74,1.6));
#5879=IFCDIRECTION((0.,0.,1.));
#5880=IFCDIRECTION((1.,0.,0.));
#5881=IFCAXIS2PLACEMENT3D(#5878,#5879,#5880);
#5882=IFCLOCALPLACEMENT(#26,#5881);
#5883=IFCINDEXEDPOLYGONALFACE((1,2,3));
#5884=IFCINDEXEDPOLYGONALFACE((1,3,4));
#5885=IFCINDEXEDPOLYGONALFACE((2,5,6));
#5886=IFCINDEXEDPOLYGONALFACE((2,6,3));
#5887=IFCINDEXEDPOLYGONALFACE((5,7,8));
#5888=IFCINDEXEDPOLYGONALFACE((5,8,6));
#5889=IFCINDEXEDPOLYGONALFACE((7,9,10));
#5890=IFCINDEXEDPOLYGONALFACE((7,10,8));
#5891=IFCINDEXEDPOLYGONALFACE((9,11,12));
#5892=IFCINDEXEDPOLYGONALFACE((9,12,10));
#5893=IFCINDEXEDPOLYGONALFACE((11,13,14));
#5894=IFCINDEXEDPOLYGONALFACE((11,14,12));
#5895=IFCINDEXEDPOLYGONALFACE((13,15,16));
#5896=IFCINDEXEDPOLYGONALFACE((13,16,14));
#5897=IFCINDEXEDPOLYGONALFACE((15,17,18));
#5898=IFCINDEXEDPOLYGONALFACE((15,18,16));
#5899=IFCINDEXEDPOLYGONALFACE((17,19,20));
#5900=IFCINDEXEDPOLYGONALFACE((17,20,18));
#5901=IFCINDEXEDPOLYGONALFACE((19,21,22));
#5902=IFCINDEXEDPOLYGONALFACE((19,22,20));
#5903=IFCINDEXEDPOLYGONALFACE((21,23,24));
#5904=IFCINDEXEDPOLYGONALFACE((21,24,22));
#5905=IFCINDEXEDPOLYGONALFACE((23,25,26));
#5906=IFCINDEXEDPOLYGONALFACE((23,26,24));
#5907=IFCINDEXEDPOLYGONALFACE((25,27,28));
#5908=IFCINDEXEDPOLYGONALFACE((25,28,26));
#5909=IFCINDEXEDPOLYGONALFACE((27,29,30));
#5910=IFCINDEXEDPOLYGONALFACE((27,30,28));
#5911=IFCINDEXEDPOLYGONALFACE((29,31,32));
#5912=IFCINDEXEDPOLYGONALFACE((29,32,30));
#5913=IFCINDEXEDPOLYGONALFACE((31,1,4));
#5914=IFCINDEXEDPOLYGONALFACE((31,4,32));
#5915=IFCINDEXEDPOLYGONALFACE((1,5,2));
#5916=IFCINDEXEDPOLYGONALFACE((4,3,6));
#5917=IFCINDEXEDPOLYGONALFACE((1,7,5));
#5918=IFCINDEXEDPOLYGONALFACE((4,6,8));
#5919=IFCINDEXEDPOLYGONALFACE((1,9,7));
#5920=IFCINDEXEDPOLYGONALFACE((4,8,10));
#5921=IFCINDEXEDPOLYGONALFACE((1,11,9));
#5922=IFCINDEXEDPOLYGONALFACE((4,10,12));
#5923=IFCINDEXEDPOLYGONALFACE((1,13,11));
#5924=IFCINDEXEDPOLYGONALFACE((4,12,14));
#5925=IFCINDEXEDPOLYGONALFACE((1,15,13));
#5926=IFCINDEXEDPOLYGONALFACE((4,14,16));
#5927=IFCINDEXEDPOLYGONALFACE((1,17,15));
#5928=IFCINDEXEDPOLYGONALFACE((4,16,18));
#5929=IFCINDEXEDPOLYGONALFACE((1,19,17));
#5930=IFCINDEXEDPOLYGONALFACE((4,18,20));
#5931=IFCINDEXEDPOLYGONALFACE((1,21,19));
#5932=IFCINDEXEDPOLYGONALFACE((4,20,22));
#5933=IFCINDEXEDPOLYGONALFACE((1,23,21));
#5934=IFCINDEXEDPOLYGONALFACE((4,22,24));
#5935=IFCINDEXEDPOLYGONALFACE((1,25,23));
#5936=IFCINDEXEDPOLYGONALFACE((4,24,26));
#5937=IFCINDEXEDPOLYGONALFACE((1,27,25));
#5938=IFCINDEXEDPOLYGONALFACE((4,26,28));
#5939=IFCINDEXEDPOLYGONALFACE((1,29,27));
#5940=IFCINDEXEDPOLYGONALFACE((4,28,30));
#5941=IFCINDEXEDPOLYGONALFACE((1,31,29));
#5942=IFCINDEXEDPOLYGONALFACE((4,30,32));
#5943=IFCCARTESIANPOINTLIST3D(((0.185,-0.024,0.),(0.1925,-0.02199,0.),(0.1925,-0.02199,0.5),(0.185,-0.024,0.5),(0.19799,-0.0165,0.),(0.19799,-0.0165,0.5),(0.2,-0.009,0.),(0.2,-0.009,0.5),(0.2,0.045,0.),(0.2,0.045,0.5),(0.19799,0.0525,0.),(0.19799,0.0525,0.5),(0.1925,0.05799,0.),(0.1925,0.05799,0.5),(0.185,0.06,0.),(0.185,0.06,0.5),(-0.185,0.06,0.),(-0.185,0.06,0.5),(-0.1925,0.05799,0.),(-0.1925,0.05799,0.5),(-0.19799,0.0525,0.),(-0.19799,0.0525,0.5),(-0.2,0.045,0.),(-0.2,0.045,0.5),(-0.2,-0.009,0.),(-0.2,-0.009,0.5),(-0.19799,-0.0165,0.),(-0.19799,-0.0165,0.5),(-0.1925,-0.02199,0.),(-0.1925,-0.02199,0.5),(-0.185,-0.024,0.),(-0.185,-0.024,0.5)));
#5944=IFCPOLYGONALFACESET(#5943,.T.,(#5883,#5884,#5885,#5886,#5887,#5888,#5889,#5890,#5891,#5892,#5893,#5894,#5895,#5896,#5897,#5898,#5899,#5900,#5901,#5902,#5903,#5904,#5905,#5906,#5907,#5908,#5909,#5910,#5911,#5912,#5913,#5914,#5915,#5916,#5917,#5918,#5919,#5920,#5921,#5922,#5923,#5924,#5925,#5926,#5927,#5928,#5929,#5930,#5931,#5932,#5933,#5934,#5935,#5936,#5937,#5938,#5939,#5940,#5941,#5942),$);
#5945=IFCSTYLEDITEM(#5944,(#3585),$);
#5946=IFCCARTESIANPOINT((0.,-0.0408));
#5947=IFCAXIS2PLACEMENT2D(#5946,$);
#5948=IFCRECTANGLEPROFILEDEF(.AREA.,$,#5947,0.36,0.0384);
#5949=IFCCARTESIANPOINT((0.,0.,0.025));
#5950=IFCAXIS2PLACEMENT3D(#5949,$,$);
#5951=IFCDIRECTION((0.,0.,1.));
#5952=IFCEXTRUDEDAREASOLID(#5948,#5950,#5951,0.45);
#5953=IFCCOLOURRGB($,0.968627,0.968627,0.960784);
#5954=IFCSURFACESTYLESHADING(#5953,0.);
#5955=IFCSURFACESTYLE('#f7f7f5',.BOTH.,(#5954));
#5956=IFCSTYLEDITEM(#5952,(#5955),$);
#5957=IFCINDEXEDPOLYGONALFACE((1,2,3));
#5958=IFCINDEXEDPOLYGONALFACE((1,3,4));
#5959=IFCINDEXEDPOLYGONALFACE((2,5,6));
#5960=IFCINDEXEDPOLYGONALFACE((2,6,3));
#5961=IFCINDEXEDPOLYGONALFACE((5,7,8));
#5962=IFCINDEXEDPOLYGONALFACE((5,8,6));
#5963=IFCINDEXEDPOLYGONALFACE((7,9,10));
#5964=IFCINDEXEDPOLYGONALFACE((7,10,8));
#5965=IFCINDEXEDPOLYGONALFACE((9,11,12));
#5966=IFCINDEXEDPOLYGONALFACE((9,12,10));
#5967=IFCINDEXEDPOLYGONALFACE((11,13,14));
#5968=IFCINDEXEDPOLYGONALFACE((11,14,12));
#5969=IFCINDEXEDPOLYGONALFACE((13,15,16));
#5970=IFCINDEXEDPOLYGONALFACE((13,16,14));
#5971=IFCINDEXEDPOLYGONALFACE((15,17,18));
#5972=IFCINDEXEDPOLYGONALFACE((15,18,16));
#5973=IFCINDEXEDPOLYGONALFACE((17,19,20));
#5974=IFCINDEXEDPOLYGONALFACE((17,20,18));
#5975=IFCINDEXEDPOLYGONALFACE((19,21,22));
#5976=IFCINDEXEDPOLYGONALFACE((19,22,20));
#5977=IFCINDEXEDPOLYGONALFACE((21,23,24));
#5978=IFCINDEXEDPOLYGONALFACE((21,24,22));
#5979=IFCINDEXEDPOLYGONALFACE((23,25,26));
#5980=IFCINDEXEDPOLYGONALFACE((23,26,24));
#5981=IFCINDEXEDPOLYGONALFACE((25,27,28));
#5982=IFCINDEXEDPOLYGONALFACE((25,28,26));
#5983=IFCINDEXEDPOLYGONALFACE((27,29,30));
#5984=IFCINDEXEDPOLYGONALFACE((27,30,28));
#5985=IFCINDEXEDPOLYGONALFACE((29,31,32));
#5986=IFCINDEXEDPOLYGONALFACE((29,32,30));
#5987=IFCINDEXEDPOLYGONALFACE((31,1,4));
#5988=IFCINDEXEDPOLYGONALFACE((31,4,32));
#5989=IFCINDEXEDPOLYGONALFACE((1,5,2));
#5990=IFCINDEXEDPOLYGONALFACE((4,3,6));
#5991=IFCINDEXEDPOLYGONALFACE((1,7,5));
#5992=IFCINDEXEDPOLYGONALFACE((4,6,8));
#5993=IFCINDEXEDPOLYGONALFACE((1,9,7));
#5994=IFCINDEXEDPOLYGONALFACE((4,8,10));
#5995=IFCINDEXEDPOLYGONALFACE((1,11,9));
#5996=IFCINDEXEDPOLYGONALFACE((4,10,12));
#5997=IFCINDEXEDPOLYGONALFACE((1,13,11));
#5998=IFCINDEXEDPOLYGONALFACE((4,12,14));
#5999=IFCINDEXEDPOLYGONALFACE((1,15,13));
#6000=IFCINDEXEDPOLYGONALFACE((4,14,16));
#6001=IFCINDEXEDPOLYGONALFACE((1,17,15));
#6002=IFCINDEXEDPOLYGONALFACE((4,16,18));
#6003=IFCINDEXEDPOLYGONALFACE((1,19,17));
#6004=IFCINDEXEDPOLYGONALFACE((4,18,20));
#6005=IFCINDEXEDPOLYGONALFACE((1,21,19));
#6006=IFCINDEXEDPOLYGONALFACE((4,20,22));
#6007=IFCINDEXEDPOLYGONALFACE((1,23,21));
#6008=IFCINDEXEDPOLYGONALFACE((4,22,24));
#6009=IFCINDEXEDPOLYGONALFACE((1,25,23));
#6010=IFCINDEXEDPOLYGONALFACE((4,24,26));
#6011=IFCINDEXEDPOLYGONALFACE((1,27,25));
#6012=IFCINDEXEDPOLYGONALFACE((4,26,28));
#6013=IFCINDEXEDPOLYGONALFACE((1,29,27));
#6014=IFCINDEXEDPOLYGONALFACE((4,28,30));
#6015=IFCINDEXEDPOLYGONALFACE((1,31,29));
#6016=IFCINDEXEDPOLYGONALFACE((4,30,32));
#6017=IFCCARTESIANPOINTLIST3D(((0.148,-0.0612,0.2),(0.152,-0.060128,0.2),(0.152,-0.060128,0.3),(0.148,-0.0612,0.3),(0.154928,-0.0572,0.2),(0.154928,-0.0572,0.3),(0.156,-0.0532,0.2),(0.156,-0.0532,0.3),(0.156,-0.0524,0.2),(0.156,-0.0524,0.3),(0.154928,-0.0484,0.2),(0.154928,-0.0484,0.3),(0.152,-0.045472,0.2),(0.152,-0.045472,0.3),(0.148,-0.0444,0.2),(0.148,-0.0444,0.3),(-0.148,-0.0444,0.2),(-0.148,-0.0444,0.3),(-0.152,-0.045472,0.2),(-0.152,-0.045472,0.3),(-0.154928,-0.0484,0.2),(-0.154928,-0.0484,0.3),(-0.156,-0.0524,0.2),(-0.156,-0.0524,0.3),(-0.156,-0.0532,0.2),(-0.156,-0.0532,0.3),(-0.154928,-0.0572,0.2),(-0.154928,-0.0572,0.3),(-0.152,-0.060128,0.2),(-0.152,-0.060128,0.3),(-0.148,-0.0612,0.2),(-0.148,-0.0612,0.3)));
#6018=IFCPOLYGONALFACESET(#6017,.T.,(#5957,#5958,#5959,#5960,#5961,#5962,#5963,#5964,#5965,#5966,#5967,#5968,#5969,#5970,#5971,#5972,#5973,#5974,#5975,#5976,#5977,#5978,#5979,#5980,#5981,#5982,#5983,#5984,#5985,#5986,#5987,#5988,#5989,#5990,#5991,#5992,#5993,#5994,#5995,#5996,#5997,#5998,#5999,#6000,#6001,#6002,#6003,#6004,#6005,#6006,#6007,#6008,#6009,#6010,#6011,#6012,#6013,#6014,#6015,#6016),$);
#6019=IFCCOLOURRGB($,0.133333,0.145098,0.164706);
#6020=IFCSURFACESTYLESHADING(#6019,0.);
#6021=IFCSURFACESTYLE('#22252a',.BOTH.,(#6020));
#6022=IFCSTYLEDITEM(#6018,(#6021),$);
#6023=IFCCARTESIANPOINT((0.,-0.0588));
#6024=IFCAXIS2PLACEMENT2D(#6023,$);
#6025=IFCRECTANGLEPROFILEDEF(.AREA.,$,#6024,0.28,0.0072);
#6026=IFCCARTESIANPOINT((0.,0.,0.235));
#6027=IFCAXIS2PLACEMENT3D(#6026,$,$);
#6028=IFCDIRECTION((0.,0.,1.));
#6029=IFCEXTRUDEDAREASOLID(#6025,#6027,#6028,0.03);
#6030=IFCSTYLEDITEM(#6029,(#5955),$);
#6031=IFCSHAPEREPRESENTATION(#12,'Body','SolidModel',(#5944,#5952,#6018,#6029));
#6032=IFCPRODUCTDEFINITIONSHAPE($,$,(#6031));
#6033=IFCELECTRICDISTRIBUTIONBOARD('16$exsksFrPynfXYtLnukd',#5,'Distribution board','Skanna asset library',$,#5882,#6032,$,.CONSUMERUNIT.);
#6034=IFCPROPERTYSINGLEVALUE('Into text',$,IFCTEXT('123'),$);
#6035=IFCPROPERTYSET('2hms$Tf1TJJzyyBKkjk3GY',#5,'Skanna_Properties','Author properties (Skanna)',(#6034));
#6036=IFCRELDEFINESBYPROPERTIES('0RW0xuCsT2acHUPU9oHg5j',#5,$,$,(#6033),#6035);
#6037=IFCCARTESIANPOINT((8.74,13.45,1.5));
#6038=IFCDIRECTION((0.,0.,1.));
#6039=IFCDIRECTION((1.,0.,0.));
#6040=IFCAXIS2PLACEMENT3D(#6037,#6038,#6039);
#6041=IFCLOCALPLACEMENT(#26,#6040);
#6042=IFCCARTESIANPOINT((0.,0.));
#6043=IFCAXIS2PLACEMENT2D(#6042,$);
#6044=IFCRECTANGLEPROFILEDEF(.AREA.,$,#6043,0.54,0.45);
#6045=IFCCARTESIANPOINT((0.,0.,0.));
#6046=IFCAXIS2PLACEMENT3D(#6045,$,$);
#6047=IFCDIRECTION((0.,0.,1.));
#6048=IFCEXTRUDEDAREASOLID(#6044,#6046,#6047,0.021);
#6049=IFCSTYLEDITEM(#6048,(#4342),$);
#6050=IFCINDEXEDPOLYGONALFACE((1,2,3));
#6051=IFCINDEXEDPOLYGONALFACE((1,3,4));
#6052=IFCINDEXEDPOLYGONALFACE((2,5,6));
#6053=IFCINDEXEDPOLYGONALFACE((2,6,3));
#6054=IFCINDEXEDPOLYGONALFACE((5,7,8));
#6055=IFCINDEXEDPOLYGONALFACE((5,8,6));
#6056=IFCINDEXEDPOLYGONALFACE((7,9,10));
#6057=IFCINDEXEDPOLYGONALFACE((7,10,8));
#6058=IFCINDEXEDPOLYGONALFACE((9,11,12));
#6059=IFCINDEXEDPOLYGONALFACE((9,12,10));
#6060=IFCINDEXEDPOLYGONALFACE((11,13,14));
#6061=IFCINDEXEDPOLYGONALFACE((11,14,12));
#6062=IFCINDEXEDPOLYGONALFACE((13,15,16));
#6063=IFCINDEXEDPOLYGONALFACE((13,16,14));
#6064=IFCINDEXEDPOLYGONALFACE((15,17,18));
#6065=IFCINDEXEDPOLYGONALFACE((15,18,16));
#6066=IFCINDEXEDPOLYGONALFACE((17,19,20));
#6067=IFCINDEXEDPOLYGONALFACE((17,20,18));
#6068=IFCINDEXEDPOLYGONALFACE((19,21,22));
#6069=IFCINDEXEDPOLYGONALFACE((19,22,20));
#6070=IFCINDEXEDPOLYGONALFACE((21,23,24));
#6071=IFCINDEXEDPOLYGONALFACE((21,24,22));
#6072=IFCINDEXEDPOLYGONALFACE((23,25,26));
#6073=IFCINDEXEDPOLYGONALFACE((23,26,24));
#6074=IFCINDEXEDPOLYGONALFACE((25,27,28));
#6075=IFCINDEXEDPOLYGONALFACE((25,28,26));
#6076=IFCINDEXEDPOLYGONALFACE((27,29,30));
#6077=IFCINDEXEDPOLYGONALFACE((27,30,28));
#6078=IFCINDEXEDPOLYGONALFACE((29,31,32));
#6079=IFCINDEXEDPOLYGONALFACE((29,32,30));
#6080=IFCINDEXEDPOLYGONALFACE((31,1,4));
#6081=IFCINDEXEDPOLYGONALFACE((31,4,32));
#6082=IFCINDEXEDPOLYGONALFACE((1,5,2));
#6083=IFCINDEXEDPOLYGONALFACE((4,3,6));
#6084=IFCINDEXEDPOLYGONALFACE((1,7,5));
#6085=IFCINDEXEDPOLYGONALFACE((4,6,8));
#6086=IFCINDEXEDPOLYGONALFACE((1,9,7));
#6087=IFCINDEXEDPOLYGONALFACE((4,8,10));
#6088=IFCINDEXEDPOLYGONALFACE((1,11,9));
#6089=IFCINDEXEDPOLYGONALFACE((4,10,12));
#6090=IFCINDEXEDPOLYGONALFACE((1,13,11));
#6091=IFCINDEXEDPOLYGONALFACE((4,12,14));
#6092=IFCINDEXEDPOLYGONALFACE((1,15,13));
#6093=IFCINDEXEDPOLYGONALFACE((4,14,16));
#6094=IFCINDEXEDPOLYGONALFACE((1,17,15));
#6095=IFCINDEXEDPOLYGONALFACE((4,16,18));
#6096=IFCINDEXEDPOLYGONALFACE((1,19,17));
#6097=IFCINDEXEDPOLYGONALFACE((4,18,20));
#6098=IFCINDEXEDPOLYGONALFACE((1,21,19));
#6099=IFCINDEXEDPOLYGONALFACE((4,20,22));
#6100=IFCINDEXEDPOLYGONALFACE((1,23,21));
#6101=IFCINDEXEDPOLYGONALFACE((4,22,24));
#6102=IFCINDEXEDPOLYGONALFACE((1,25,23));
#6103=IFCINDEXEDPOLYGONALFACE((4,24,26));
#6104=IFCINDEXEDPOLYGONALFACE((1,27,25));
#6105=IFCINDEXEDPOLYGONALFACE((4,26,28));
#6106=IFCINDEXEDPOLYGONALFACE((1,29,27));
#6107=IFCINDEXEDPOLYGONALFACE((4,28,30));
#6108=IFCINDEXEDPOLYGONALFACE((1,31,29));
#6109=IFCINDEXEDPOLYGONALFACE((4,30,32));
#6110=IFCCARTESIANPOINTLIST3D(((0.29,-0.25,0.014),(0.295,-0.24866,0.014),(0.295,-0.24866,0.112),(0.29,-0.25,0.112),(0.29866,-0.245,0.014),(0.29866,-0.245,0.112),(0.3,-0.24,0.014),(0.3,-0.24,0.112),(0.3,0.24,0.014),(0.3,0.24,0.112),(0.29866,0.245,0.014),(0.29866,0.245,0.112),(0.295,0.24866,0.014),(0.295,0.24866,0.112),(0.29,0.25,0.014),(0.29,0.25,0.112),(-0.29,0.25,0.014),(-0.29,0.25,0.112),(-0.295,0.24866,0.014),(-0.295,0.24866,0.112),(-0.29866,0.245,0.014),(-0.29866,0.245,0.112),(-0.3,0.24,0.014),(-0.3,0.24,0.112),(-0.3,-0.24,0.014),(-0.3,-0.24,0.112),(-0.29866,-0.245,0.014),(-0.29866,-0.245,0.112),(-0.295,-0.24866,0.014),(-0.295,-0.24866,0.112),(-0.29,-0.25,0.014),(-0.29,-0.25,0.112)));
#6111=IFCPOLYGONALFACESET(#6110,.T.,(#6050,#6051,#6052,#6053,#6054,#6055,#6056,#6057,#6058,#6059,#6060,#6061,#6062,#6063,#6064,#6065,#6066,#6067,#6068,#6069,#6070,#6071,#6072,#6073,#6074,#6075,#6076,#6077,#6078,#6079,#6080,#6081,#6082,#6083,#6084,#6085,#6086,#6087,#6088,#6089,#6090,#6091,#6092,#6093,#6094,#6095,#6096,#6097,#6098,#6099,#6100,#6101,#6102,#6103,#6104,#6105,#6106,#6107,#6108,#6109),$);
#6112=IFCSTYLEDITEM(#6111,(#4331),$);
#6113=IFCINDEXEDPOLYGONALFACE((1,2,3));
#6114=IFCINDEXEDPOLYGONALFACE((1,3,4));
#6115=IFCINDEXEDPOLYGONALFACE((2,5,6));
#6116=IFCINDEXEDPOLYGONALFACE((2,6,3));
#6117=IFCINDEXEDPOLYGONALFACE((5,7,8));
#6118=IFCINDEXEDPOLYGONALFACE((5,8,6));
#6119=IFCINDEXEDPOLYGONALFACE((7,1,4));
#6120=IFCINDEXEDPOLYGONALFACE((7,4,8));
#6121=IFCINDEXEDPOLYGONALFACE((1,5,2));
#6122=IFCINDEXEDPOLYGONALFACE((4,3,6));
#6123=IFCINDEXEDPOLYGONALFACE((1,7,5));
#6124=IFCINDEXEDPOLYGONALFACE((4,6,8));
#6125=IFCCARTESIANPOINTLIST3D(((-0.3,-0.215,0.112),(0.3,-0.215,0.112),(0.126,-0.0827,0.28),(-0.126,-0.0827,0.28),(0.3,0.275,0.112),(0.126,0.1427,0.28),(-0.3,0.275,0.112),(-0.126,0.1427,0.28)));
#6126=IFCPOLYGONALFACESET(#6125,.T.,(#6113,#6114,#6115,#6116,#6117,#6118,#6119,#6120,#6121,#6122,#6123,#6124),$);
#6127=IFCSTYLEDITEM(#6126,(#4331),$);
#6128=IFCCARTESIANPOINT((0.,0.09));
#6129=IFCAXIS2PLACEMENT2D(#6128,$);
#6130=IFCRECTANGLEPROFILEDEF(.AREA.,$,#6129,0.252,0.225);
#6131=IFCCARTESIANPOINT((0.,0.,0.266));
#6132=IFCAXIS2PLACEMENT3D(#6131,$,$);
#6133=IFCDIRECTION((0.,0.,1.));
#6134=IFCEXTRUDEDAREASOLID(#6130,#6132,#6133,0.434);
#6135=IFCSTYLEDITEM(#6134,(#4331),$);
#6136=IFCSHAPEREPRESENTATION(#12,'Body','SolidModel',(#6048,#6111,#6126,#6134));
#6137=IFCPRODUCTDEFINITIONSHAPE($,$,(#6136));
#6138=IFCELECTRICAPPLIANCE('0bNS8zLAfPeFSmPfrQ5oWJ',#5,'Cooker hood / extractor','Skanna asset library',$,#6041,#6137,$,.NOTDEFINED.);
#6139=IFCCARTESIANPOINT((11.22,1.36,2.65));
#6140=IFCDIRECTION((0.,0.,1.));
#6141=IFCDIRECTION((1.,0.,0.));
#6142=IFCAXIS2PLACEMENT3D(#6139,#6140,#6141);
#6143=IFCLOCALPLACEMENT(#26,#6142);
#6144=IFCINDEXEDPOLYGONALFACE((1,2,3));
#6145=IFCINDEXEDPOLYGONALFACE((1,3,4));
#6146=IFCINDEXEDPOLYGONALFACE((2,5,6));
#6147=IFCINDEXEDPOLYGONALFACE((2,6,3));
#6148=IFCINDEXEDPOLYGONALFACE((5,7,8));
#6149=IFCINDEXEDPOLYGONALFACE((5,8,6));
#6150=IFCINDEXEDPOLYGONALFACE((7,9,10));
#6151=IFCINDEXEDPOLYGONALFACE((7,10,8));
#6152=IFCINDEXEDPOLYGONALFACE((9,11,12));
#6153=IFCINDEXEDPOLYGONALFACE((9,12,10));
#6154=IFCINDEXEDPOLYGONALFACE((11,13,14));
#6155=IFCINDEXEDPOLYGONALFACE((11,14,12));
#6156=IFCINDEXEDPOLYGONALFACE((13,15,16));
#6157=IFCINDEXEDPOLYGONALFACE((13,16,14));
#6158=IFCINDEXEDPOLYGONALFACE((15,17,18));
#6159=IFCINDEXEDPOLYGONALFACE((15,18,16));
#6160=IFCINDEXEDPOLYGONALFACE((17,19,20));
#6161=IFCINDEXEDPOLYGONALFACE((17,20,18));
#6162=IFCINDEXEDPOLYGONALFACE((19,21,22));
#6163=IFCINDEXEDPOLYGONALFACE((19,22,20));
#6164=IFCINDEXEDPOLYGONALFACE((21,23,24));
#6165=IFCINDEXEDPOLYGONALFACE((21,24,22));
#6166=IFCINDEXEDPOLYGONALFACE((23,25,26));
#6167=IFCINDEXEDPOLYGONALFACE((23,26,24));
#6168=IFCINDEXEDPOLYGONALFACE((25,27,28));
#6169=IFCINDEXEDPOLYGONALFACE((25,28,26));
#6170=IFCINDEXEDPOLYGONALFACE((27,29,30));
#6171=IFCINDEXEDPOLYGONALFACE((27,30,28));
#6172=IFCINDEXEDPOLYGONALFACE((29,31,32));
#6173=IFCINDEXEDPOLYGONALFACE((29,32,30));
#6174=IFCINDEXEDPOLYGONALFACE((31,33,34));
#6175=IFCINDEXEDPOLYGONALFACE((31,34,32));
#6176=IFCINDEXEDPOLYGONALFACE((33,35,36));
#6177=IFCINDEXEDPOLYGONALFACE((33,36,34));
#6178=IFCINDEXEDPOLYGONALFACE((35,37,38));
#6179=IFCINDEXEDPOLYGONALFACE((35,38,36));
#6180=IFCINDEXEDPOLYGONALFACE((37,39,40));
#6181=IFCINDEXEDPOLYGONALFACE((37,40,38));
#6182=IFCINDEXEDPOLYGONALFACE((39,41,42));
#6183=IFCINDEXEDPOLYGONALFACE((39,42,40));
#6184=IFCINDEXEDPOLYGONALFACE((41,43,44));
#6185=IFCINDEXEDPOLYGONALFACE((41,44,42));
#6186=IFCINDEXEDPOLYGONALFACE((43,45,46));
#6187=IFCINDEXEDPOLYGONALFACE((43,46,44));
#6188=IFCINDEXEDPOLYGONALFACE((45,47,48));
#6189=IFCINDEXEDPOLYGONALFACE((45,48,46));
#6190=IFCINDEXEDPOLYGONALFACE((47,49,50));
#6191=IFCINDEXEDPOLYGONALFACE((47,50,48));
#6192=IFCINDEXEDPOLYGONALFACE((49,51,52));
#6193=IFCINDEXEDPOLYGONALFACE((49,52,50));
#6194=IFCINDEXEDPOLYGONALFACE((51,53,54));
#6195=IFCINDEXEDPOLYGONALFACE((51,54,52));
#6196=IFCINDEXEDPOLYGONALFACE((53,55,56));
#6197=IFCINDEXEDPOLYGONALFACE((53,56,54));
#6198=IFCINDEXEDPOLYGONALFACE((55,57,58));
#6199=IFCINDEXEDPOLYGONALFACE((55,58,56));
#6200=IFCINDEXEDPOLYGONALFACE((57,59,60));
#6201=IFCINDEXEDPOLYGONALFACE((57,60,58));
#6202=IFCINDEXEDPOLYGONALFACE((59,61,62));
#6203=IFCINDEXEDPOLYGONALFACE((59,62,60));
#6204=IFCINDEXEDPOLYGONALFACE((61,63,64));
#6205=IFCINDEXEDPOLYGONALFACE((61,64,62));
#6206=IFCINDEXEDPOLYGONALFACE((63,1,4));
#6207=IFCINDEXEDPOLYGONALFACE((63,4,64));
#6208=IFCINDEXEDPOLYGONALFACE((1,5,2));
#6209=IFCINDEXEDPOLYGONALFACE((4,3,6));
#6210=IFCINDEXEDPOLYGONALFACE((1,7,5));
#6211=IFCINDEXEDPOLYGONALFACE((4,6,8));
#6212=IFCINDEXEDPOLYGONALFACE((1,9,7));
#6213=IFCINDEXEDPOLYGONALFACE((4,8,10));
#6214=IFCINDEXEDPOLYGONALFACE((1,11,9));
#6215=IFCINDEXEDPOLYGONALFACE((4,10,12));
#6216=IFCINDEXEDPOLYGONALFACE((1,13,11));
#6217=IFCINDEXEDPOLYGONALFACE((4,12,14));
#6218=IFCINDEXEDPOLYGONALFACE((1,15,13));
#6219=IFCINDEXEDPOLYGONALFACE((4,14,16));
#6220=IFCINDEXEDPOLYGONALFACE((1,17,15));
#6221=IFCINDEXEDPOLYGONALFACE((4,16,18));
#6222=IFCINDEXEDPOLYGONALFACE((1,19,17));
#6223=IFCINDEXEDPOLYGONALFACE((4,18,20));
#6224=IFCINDEXEDPOLYGONALFACE((1,21,19));
#6225=IFCINDEXEDPOLYGONALFACE((4,20,22));
#6226=IFCINDEXEDPOLYGONALFACE((1,23,21));
#6227=IFCINDEXEDPOLYGONALFACE((4,22,24));
#6228=IFCINDEXEDPOLYGONALFACE((1,25,23));
#6229=IFCINDEXEDPOLYGONALFACE((4,24,26));
#6230=IFCINDEXEDPOLYGONALFACE((1,27,25));
#6231=IFCINDEXEDPOLYGONALFACE((4,26,28));
#6232=IFCINDEXEDPOLYGONALFACE((1,29,27));
#6233=IFCINDEXEDPOLYGONALFACE((4,28,30));
#6234=IFCINDEXEDPOLYGONALFACE((1,31,29));
#6235=IFCINDEXEDPOLYGONALFACE((4,30,32));
#6236=IFCINDEXEDPOLYGONALFACE((1,33,31));
#6237=IFCINDEXEDPOLYGONALFACE((4,32,34));
#6238=IFCINDEXEDPOLYGONALFACE((1,35,33));
#6239=IFCINDEXEDPOLYGONALFACE((4,34,36));
#6240=IFCINDEXEDPOLYGONALFACE((1,37,35));
#6241=IFCINDEXEDPOLYGONALFACE((4,36,38));
#6242=IFCINDEXEDPOLYGONALFACE((1,39,37));
#6243=IFCINDEXEDPOLYGONALFACE((4,38,40));
#6244=IFCINDEXEDPOLYGONALFACE((1,41,39));
#6245=IFCINDEXEDPOLYGONALFACE((4,40,42));
#6246=IFCINDEXEDPOLYGONALFACE((1,43,41));
#6247=IFCINDEXEDPOLYGONALFACE((4,42,44));
#6248=IFCINDEXEDPOLYGONALFACE((1,45,43));
#6249=IFCINDEXEDPOLYGONALFACE((4,44,46));
#6250=IFCINDEXEDPOLYGONALFACE((1,47,45));
#6251=IFCINDEXEDPOLYGONALFACE((4,46,48));
#6252=IFCINDEXEDPOLYGONALFACE((1,49,47));
#6253=IFCINDEXEDPOLYGONALFACE((4,48,50));
#6254=IFCINDEXEDPOLYGONALFACE((1,51,49));
#6255=IFCINDEXEDPOLYGONALFACE((4,50,52));
#6256=IFCINDEXEDPOLYGONALFACE((1,53,51));
#6257=IFCINDEXEDPOLYGONALFACE((4,52,54));
#6258=IFCINDEXEDPOLYGONALFACE((1,55,53));
#6259=IFCINDEXEDPOLYGONALFACE((4,54,56));
#6260=IFCINDEXEDPOLYGONALFACE((1,57,55));
#6261=IFCINDEXEDPOLYGONALFACE((4,56,58));
#6262=IFCINDEXEDPOLYGONALFACE((1,59,57));
#6263=IFCINDEXEDPOLYGONALFACE((4,58,60));
#6264=IFCINDEXEDPOLYGONALFACE((1,61,59));
#6265=IFCINDEXEDPOLYGONALFACE((4,60,62));
#6266=IFCINDEXEDPOLYGONALFACE((1,63,61));
#6267=IFCINDEXEDPOLYGONALFACE((4,62,64));
#6268=IFCCARTESIANPOINTLIST3D(((0.05,0.,0.014),(0.049039,0.009755,0.014),(0.040212,0.007999,0.05),(0.041,0.,0.05),(0.046194,0.019134,0.014),(0.037879,0.01569,0.05),(0.041573,0.027779,0.014),(0.03409,0.022778,0.05),(0.035355,0.035355,0.014),(0.028991,0.028991,0.05),(0.027779,0.041573,0.014),(0.022778,0.03409,0.05),(0.019134,0.046194,0.014),(0.01569,0.037879,0.05),(0.009755,0.049039,0.014),(0.007999,0.040212,0.05),(0.,0.05,0.014),(0.,0.041,0.05),(-0.009755,0.049039,0.014),(-0.007999,0.040212,0.05),(-0.019134,0.046194,0.014),(-0.01569,0.037879,0.05),(-0.027779,0.041573,0.014),(-0.022778,0.03409,0.05),(-0.035355,0.035355,0.014),(-0.028991,0.028991,0.05),(-0.041573,0.027779,0.014),(-0.03409,0.022778,0.05),(-0.046194,0.019134,0.014),(-0.037879,0.01569,0.05),(-0.049039,0.009755,0.014),(-0.040212,0.007999,0.05),(-0.05,0.,0.014),(-0.041,0.,0.05),(-0.049039,-0.009755,0.014),(-0.040212,-0.007999,0.05),(-0.046194,-0.019134,0.014),(-0.037879,-0.01569,0.05),(-0.041573,-0.027779,0.014),(-0.03409,-0.022778,0.05),(-0.035355,-0.035355,0.014),(-0.028991,-0.028991,0.05),(-0.027779,-0.041573,0.014),(-0.022778,-0.03409,0.05),(-0.019134,-0.046194,0.014),(-0.01569,-0.037879,0.05),(-0.009755,-0.049039,0.014),(-0.007999,-0.040212,0.05),(0.,-0.05,0.014),(0.,-0.041,0.05),(0.009755,-0.049039,0.014),(0.007999,-0.040212,0.05),(0.019134,-0.046194,0.014),(0.01569,-0.037879,0.05),(0.027779,-0.041573,0.014),(0.022778,-0.03409,0.05),(0.035355,-0.035355,0.014),(0.028991,-0.028991,0.05),(0.041573,-0.027779,0.014),(0.03409,-0.022778,0.05),(0.046194,-0.019134,0.014),(0.037879,-0.01569,0.05),(0.049039,-0.009755,0.014),(0.040212,-0.007999,0.05)));
#6269=IFCPOLYGONALFACESET(#6268,.T.,(#6144,#6145,#6146,#6147,#6148,#6149,#6150,#6151,#6152,#6153,#6154,#6155,#6156,#6157,#6158,#6159,#6160,#6161,#6162,#6163,#6164,#6165,#6166,#6167,#6168,#6169,#6170,#6171,#6172,#6173,#6174,#6175,#6176,#6177,#6178,#6179,#6180,#6181,#6182,#6183,#6184,#6185,#6186,#6187,#6188,#6189,#6190,#6191,#6192,#6193,#6194,#6195,#6196,#6197,#6198,#6199,#6200,#6201,#6202,#6203,#6204,#6205,#6206,#6207,#6208,#6209,#6210,#6211,#6212,#6213,#6214,#6215,#6216,#6217,#6218,#6219,#6220,#6221,#6222,#6223,#6224,#6225,#6226,#6227,#6228,#6229,#6230,#6231,#6232,#6233,#6234,#6235,#6236,#6237,#6238,#6239,#6240,#6241,#6242,#6243,#6244,#6245,#6246,#6247,#6248,#6249,#6250,#6251,#6252,#6253,#6254,#6255,#6256,#6257,#6258,#6259,#6260,#6261,#6262,#6263,#6264,#6265,#6266,#6267),$);
#6270=IFCSTYLEDITEM(#6269,(#3585),$);
#6271=IFCINDEXEDPOLYGONALFACE((1,2,3));
#6272=IFCINDEXEDPOLYGONALFACE((1,3,4));
#6273=IFCINDEXEDPOLYGONALFACE((2,5,6));
#6274=IFCINDEXEDPOLYGONALFACE((2,6,3));
#6275=IFCINDEXEDPOLYGONALFACE((5,7,8));
#6276=IFCINDEXEDPOLYGONALFACE((5,8,6));
#6277=IFCINDEXEDPOLYGONALFACE((7,9,10));
#6278=IFCINDEXEDPOLYGONALFACE((7,10,8));
#6279=IFCINDEXEDPOLYGONALFACE((9,11,12));
#6280=IFCINDEXEDPOLYGONALFACE((9,12,10));
#6281=IFCINDEXEDPOLYGONALFACE((11,13,14));
#6282=IFCINDEXEDPOLYGONALFACE((11,14,12));
#6283=IFCINDEXEDPOLYGONALFACE((13,15,16));
#6284=IFCINDEXEDPOLYGONALFACE((13,16,14));
#6285=IFCINDEXEDPOLYGONALFACE((15,17,18));
#6286=IFCINDEXEDPOLYGONALFACE((15,18,16));
#6287=IFCINDEXEDPOLYGONALFACE((17,19,20));
#6288=IFCINDEXEDPOLYGONALFACE((17,20,18));
#6289=IFCINDEXEDPOLYGONALFACE((19,21,22));
#6290=IFCINDEXEDPOLYGONALFACE((19,22,20));
#6291=IFCINDEXEDPOLYGONALFACE((21,23,24));
#6292=IFCINDEXEDPOLYGONALFACE((21,24,22));
#6293=IFCINDEXEDPOLYGONALFACE((23,25,26));
#6294=IFCINDEXEDPOLYGONALFACE((23,26,24));
#6295=IFCINDEXEDPOLYGONALFACE((25,27,28));
#6296=IFCINDEXEDPOLYGONALFACE((25,28,26));
#6297=IFCINDEXEDPOLYGONALFACE((27,29,30));
#6298=IFCINDEXEDPOLYGONALFACE((27,30,28));
#6299=IFCINDEXEDPOLYGONALFACE((29,31,32));
#6300=IFCINDEXEDPOLYGONALFACE((29,32,30));
#6301=IFCINDEXEDPOLYGONALFACE((31,33,34));
#6302=IFCINDEXEDPOLYGONALFACE((31,34,32));
#6303=IFCINDEXEDPOLYGONALFACE((33,35,36));
#6304=IFCINDEXEDPOLYGONALFACE((33,36,34));
#6305=IFCINDEXEDPOLYGONALFACE((35,37,38));
#6306=IFCINDEXEDPOLYGONALFACE((35,38,36));
#6307=IFCINDEXEDPOLYGONALFACE((37,39,40));
#6308=IFCINDEXEDPOLYGONALFACE((37,40,38));
#6309=IFCINDEXEDPOLYGONALFACE((39,41,42));
#6310=IFCINDEXEDPOLYGONALFACE((39,42,40));
#6311=IFCINDEXEDPOLYGONALFACE((41,43,44));
#6312=IFCINDEXEDPOLYGONALFACE((41,44,42));
#6313=IFCINDEXEDPOLYGONALFACE((43,45,46));
#6314=IFCINDEXEDPOLYGONALFACE((43,46,44));
#6315=IFCINDEXEDPOLYGONALFACE((45,47,48));
#6316=IFCINDEXEDPOLYGONALFACE((45,48,46));
#6317=IFCINDEXEDPOLYGONALFACE((47,49,50));
#6318=IFCINDEXEDPOLYGONALFACE((47,50,48));
#6319=IFCINDEXEDPOLYGONALFACE((49,51,52));
#6320=IFCINDEXEDPOLYGONALFACE((49,52,50));
#6321=IFCINDEXEDPOLYGONALFACE((51,53,54));
#6322=IFCINDEXEDPOLYGONALFACE((51,54,52));
#6323=IFCINDEXEDPOLYGONALFACE((53,55,56));
#6324=IFCINDEXEDPOLYGONALFACE((53,56,54));
#6325=IFCINDEXEDPOLYGONALFACE((55,57,58));
#6326=IFCINDEXEDPOLYGONALFACE((55,58,56));
#6327=IFCINDEXEDPOLYGONALFACE((57,59,60));
#6328=IFCINDEXEDPOLYGONALFACE((57,60,58));
#6329=IFCINDEXEDPOLYGONALFACE((59,61,62));
#6330=IFCINDEXEDPOLYGONALFACE((59,62,60));
#6331=IFCINDEXEDPOLYGONALFACE((61,63,64));
#6332=IFCINDEXEDPOLYGONALFACE((61,64,62));
#6333=IFCINDEXEDPOLYGONALFACE((63,1,4));
#6334=IFCINDEXEDPOLYGONALFACE((63,4,64));
#6335=IFCINDEXEDPOLYGONALFACE((1,5,2));
#6336=IFCINDEXEDPOLYGONALFACE((4,3,6));
#6337=IFCINDEXEDPOLYGONALFACE((1,7,5));
#6338=IFCINDEXEDPOLYGONALFACE((4,6,8));
#6339=IFCINDEXEDPOLYGONALFACE((1,9,7));
#6340=IFCINDEXEDPOLYGONALFACE((4,8,10));
#6341=IFCINDEXEDPOLYGONALFACE((1,11,9));
#6342=IFCINDEXEDPOLYGONALFACE((4,10,12));
#6343=IFCINDEXEDPOLYGONALFACE((1,13,11));
#6344=IFCINDEXEDPOLYGONALFACE((4,12,14));
#6345=IFCINDEXEDPOLYGONALFACE((1,15,13));
#6346=IFCINDEXEDPOLYGONALFACE((4,14,16));
#6347=IFCINDEXEDPOLYGONALFACE((1,17,15));
#6348=IFCINDEXEDPOLYGONALFACE((4,16,18));
#6349=IFCINDEXEDPOLYGONALFACE((1,19,17));
#6350=IFCINDEXEDPOLYGONALFACE((4,18,20));
#6351=IFCINDEXEDPOLYGONALFACE((1,21,19));
#6352=IFCINDEXEDPOLYGONALFACE((4,20,22));
#6353=IFCINDEXEDPOLYGONALFACE((1,23,21));
#6354=IFCINDEXEDPOLYGONALFACE((4,22,24));
#6355=IFCINDEXEDPOLYGONALFACE((1,25,23));
#6356=IFCINDEXEDPOLYGONALFACE((4,24,26));
#6357=IFCINDEXEDPOLYGONALFACE((1,27,25));
#6358=IFCINDEXEDPOLYGONALFACE((4,26,28));
#6359=IFCINDEXEDPOLYGONALFACE((1,29,27));
#6360=IFCINDEXEDPOLYGONALFACE((4,28,30));
#6361=IFCINDEXEDPOLYGONALFACE((1,31,29));
#6362=IFCINDEXEDPOLYGONALFACE((4,30,32));
#6363=IFCINDEXEDPOLYGONALFACE((1,33,31));
#6364=IFCINDEXEDPOLYGONALFACE((4,32,34));
#6365=IFCINDEXEDPOLYGONALFACE((1,35,33));
#6366=IFCINDEXEDPOLYGONALFACE((4,34,36));
#6367=IFCINDEXEDPOLYGONALFACE((1,37,35));
#6368=IFCINDEXEDPOLYGONALFACE((4,36,38));
#6369=IFCINDEXEDPOLYGONALFACE((1,39,37));
#6370=IFCINDEXEDPOLYGONALFACE((4,38,40));
#6371=IFCINDEXEDPOLYGONALFACE((1,41,39));
#6372=IFCINDEXEDPOLYGONALFACE((4,40,42));
#6373=IFCINDEXEDPOLYGONALFACE((1,43,41));
#6374=IFCINDEXEDPOLYGONALFACE((4,42,44));
#6375=IFCINDEXEDPOLYGONALFACE((1,45,43));
#6376=IFCINDEXEDPOLYGONALFACE((4,44,46));
#6377=IFCINDEXEDPOLYGONALFACE((1,47,45));
#6378=IFCINDEXEDPOLYGONALFACE((4,46,48));
#6379=IFCINDEXEDPOLYGONALFACE((1,49,47));
#6380=IFCINDEXEDPOLYGONALFACE((4,48,50));
#6381=IFCINDEXEDPOLYGONALFACE((1,51,49));
#6382=IFCINDEXEDPOLYGONALFACE((4,50,52));
#6383=IFCINDEXEDPOLYGONALFACE((1,53,51));
#6384=IFCINDEXEDPOLYGONALFACE((4,52,54));
#6385=IFCINDEXEDPOLYGONALFACE((1,55,53));
#6386=IFCINDEXEDPOLYGONALFACE((4,54,56));
#6387=IFCINDEXEDPOLYGONALFACE((1,57,55));
#6388=IFCINDEXEDPOLYGONALFACE((4,56,58));
#6389=IFCINDEXEDPOLYGONALFACE((1,59,57));
#6390=IFCINDEXEDPOLYGONALFACE((4,58,60));
#6391=IFCINDEXEDPOLYGONALFACE((1,61,59));
#6392=IFCINDEXEDPOLYGONALFACE((4,60,62));
#6393=IFCINDEXEDPOLYGONALFACE((1,63,61));
#6394=IFCINDEXEDPOLYGONALFACE((4,62,64));
#6395=IFCCARTESIANPOINTLIST3D(((0.037,0.,0.),(0.036289,0.007218,0.),(0.039918,0.00794,0.0145),(0.0407,0.,0.0145),(0.034184,0.014159,0.),(0.037602,0.015575,0.0145),(0.030764,0.020556,0.),(0.033841,0.022612,0.0145),(0.026163,0.026163,0.),(0.028779,0.028779,0.0145),(0.020556,0.030764,0.),(0.022612,0.033841,0.0145),(0.014159,0.034184,0.),(0.015575,0.037602,0.0145),(0.007218,0.036289,0.),(0.00794,0.039918,0.0145),(0.,0.037,0.),(0.,0.0407,0.0145),(-0.007218,0.036289,0.),(-0.00794,0.039918,0.0145),(-0.014159,0.034184,0.),(-0.015575,0.037602,0.0145),(-0.020556,0.030764,0.),(-0.022612,0.033841,0.0145),(-0.026163,0.026163,0.),(-0.028779,0.028779,0.0145),(-0.030764,0.020556,0.),(-0.033841,0.022612,0.0145),(-0.034184,0.014159,0.),(-0.037602,0.015575,0.0145),(-0.036289,0.007218,0.),(-0.039918,0.00794,0.0145),(-0.037,0.,0.),(-0.0407,0.,0.0145),(-0.036289,-0.007218,0.),(-0.039918,-0.00794,0.0145),(-0.034184,-0.014159,0.),(-0.037602,-0.015575,0.0145),(-0.030764,-0.020556,0.),(-0.033841,-0.022612,0.0145),(-0.026163,-0.026163,0.),(-0.028779,-0.028779,0.0145),(-0.020556,-0.030764,0.),(-0.022612,-0.033841,0.0145),(-0.014159,-0.034184,0.),(-0.015575,-0.037602,0.0145),(-0.007218,-0.036289,0.),(-0.00794,-0.039918,0.0145),(0.,-0.037,0.),(0.,-0.0407,0.0145),(0.007218,-0.036289,0.),(0.00794,-0.039918,0.0145),(0.014159,-0.034184,0.),(0.015575,-0.037602,0.0145),(0.020556,-0.030764,0.),(0.022612,-0.033841,0.0145),(0.026163,-0.026163,0.),(0.028779,-0.028779,0.0145),(0.030764,-0.020556,0.),(0.033841,-0.022612,0.0145),(0.034184,-0.014159,0.),(0.037602,-0.015575,0.0145),(0.036289,-0.007218,0.),(0.039918,-0.00794,0.0145)));
#6396=IFCPOLYGONALFACESET(#6395,.T.,(#6271,#6272,#6273,#6274,#6275,#6276,#6277,#6278,#6279,#6280,#6281,#6282,#6283,#6284,#6285,#6286,#6287,#6288,#6289,#6290,#6291,#6292,#6293,#6294,#6295,#6296,#6297,#6298,#6299,#6300,#6301,#6302,#6303,#6304,#6305,#6306,#6307,#6308,#6309,#6310,#6311,#6312,#6313,#6314,#6315,#6316,#6317,#6318,#6319,#6320,#6321,#6322,#6323,#6324,#6325,#6326,#6327,#6328,#6329,#6330,#6331,#6332,#6333,#6334,#6335,#6336,#6337,#6338,#6339,#6340,#6341,#6342,#6343,#6344,#6345,#6346,#6347,#6348,#6349,#6350,#6351,#6352,#6353,#6354,#6355,#6356,#6357,#6358,#6359,#6360,#6361,#6362,#6363,#6364,#6365,#6366,#6367,#6368,#6369,#6370,#6371,#6372,#6373,#6374,#6375,#6376,#6377,#6378,#6379,#6380,#6381,#6382,#6383,#6384,#6385,#6386,#6387,#6388,#6389,#6390,#6391,#6392,#6393,#6394),$);
#6397=IFCSTYLEDITEM(#6396,(#5076),$);
#6398=IFCSHAPEREPRESENTATION(#12,'Body','Tessellation',(#6269,#6396));
#6399=IFCPRODUCTDEFINITIONSHAPE($,$,(#6398));
#6400=IFCLIGHTFIXTURE('2JemBA4rm5jQFmKVvzg3w$',#5,'Spotlight','Skanna asset library',$,#6143,#6399,$,.POINTSOURCE.);
#6401=IFCCARTESIANPOINT((0.37,9.61,2.67));
#6402=IFCDIRECTION((0.,0.,1.));
#6403=IFCDIRECTION((0.,1.,0.));
#6404=IFCAXIS2PLACEMENT3D(#6401,#6402,#6403);
#6405=IFCLOCALPLACEMENT(#26,#6404);
#6406=IFCCARTESIANPOINT((0.,0.));
#6407=IFCAXIS2PLACEMENT2D(#6406,$);
#6408=IFCRECTANGLEPROFILEDEF(.AREA.,$,#6407,1.5,0.03);
#6409=IFCCARTESIANPOINT((0.,0.,0.0135));
#6410=IFCAXIS2PLACEMENT3D(#6409,$,$);
#6411=IFCDIRECTION((0.,0.,1.));
#6412=IFCEXTRUDEDAREASOLID(#6408,#6410,#6411,0.0165);
#6413=IFCSTYLEDITEM(#6412,(#3917),$);
#6414=IFCCARTESIANPOINT((0.,0.));
#6415=IFCAXIS2PLACEMENT2D(#6414,$);
#6416=IFCRECTANGLEPROFILEDEF(.AREA.,$,#6415,1.47,0.027);
#6417=IFCCARTESIANPOINT((0.,0.,0.));
#6418=IFCAXIS2PLACEMENT3D(#6417,$,$);
#6419=IFCDIRECTION((0.,0.,1.));
#6420=IFCEXTRUDEDAREASOLID(#6416,#6418,#6419,0.0138);
#6421=IFCSTYLEDITEM(#6420,(#5076),$);
#6422=IFCSHAPEREPRESENTATION(#12,'Body','SweptSolid',(#6412,#6420));
#6423=IFCPRODUCTDEFINITIONSHAPE($,$,(#6422));
#6424=IFCLIGHTFIXTURE('1xRsUIswHM3ZvjwUtoBB2d',#5,'LED strip','Skanna asset library',$,#6405,#6423,$,.SECURITYLIGHTING.);
#6425=IFCCARTESIANPOINT((8.55,17.87,2.61));
#6426=IFCDIRECTION((0.,0.,1.));
#6427=IFCDIRECTION((1.,0.,0.));
#6428=IFCAXIS2PLACEMENT3D(#6425,#6426,#6427);
#6429=IFCLOCALPLACEMENT(#26,#6428);
#6430=IFCINDEXEDPOLYGONALFACE((1,2,3));
#6431=IFCINDEXEDPOLYGONALFACE((1,3,4));
#6432=IFCINDEXEDPOLYGONALFACE((2,5,6));
#6433=IFCINDEXEDPOLYGONALFACE((2,6,3));
#6434=IFCINDEXEDPOLYGONALFACE((5,7,8));
#6435=IFCINDEXEDPOLYGONALFACE((5,8,6));
#6436=IFCINDEXEDPOLYGONALFACE((7,9,10));
#6437=IFCINDEXEDPOLYGONALFACE((7,10,8));
#6438=IFCINDEXEDPOLYGONALFACE((9,11,12));
#6439=IFCINDEXEDPOLYGONALFACE((9,12,10));
#6440=IFCINDEXEDPOLYGONALFACE((11,13,14));
#6441=IFCINDEXEDPOLYGONALFACE((11,14,12));
#6442=IFCINDEXEDPOLYGONALFACE((13,15,16));
#6443=IFCINDEXEDPOLYGONALFACE((13,16,14));
#6444=IFCINDEXEDPOLYGONALFACE((15,17,18));
#6445=IFCINDEXEDPOLYGONALFACE((15,18,16));
#6446=IFCINDEXEDPOLYGONALFACE((17,19,20));
#6447=IFCINDEXEDPOLYGONALFACE((17,20,18));
#6448=IFCINDEXEDPOLYGONALFACE((19,21,22));
#6449=IFCINDEXEDPOLYGONALFACE((19,22,20));
#6450=IFCINDEXEDPOLYGONALFACE((21,23,24));
#6451=IFCINDEXEDPOLYGONALFACE((21,24,22));
#6452=IFCINDEXEDPOLYGONALFACE((23,25,26));
#6453=IFCINDEXEDPOLYGONALFACE((23,26,24));
#6454=IFCINDEXEDPOLYGONALFACE((25,27,28));
#6455=IFCINDEXEDPOLYGONALFACE((25,28,26));
#6456=IFCINDEXEDPOLYGONALFACE((27,29,30));
#6457=IFCINDEXEDPOLYGONALFACE((27,30,28));
#6458=IFCINDEXEDPOLYGONALFACE((29,31,32));
#6459=IFCINDEXEDPOLYGONALFACE((29,32,30));
#6460=IFCINDEXEDPOLYGONALFACE((31,33,34));
#6461=IFCINDEXEDPOLYGONALFACE((31,34,32));
#6462=IFCINDEXEDPOLYGONALFACE((33,35,36));
#6463=IFCINDEXEDPOLYGONALFACE((33,36,34));
#6464=IFCINDEXEDPOLYGONALFACE((35,37,38));
#6465=IFCINDEXEDPOLYGONALFACE((35,38,36));
#6466=IFCINDEXEDPOLYGONALFACE((37,39,40));
#6467=IFCINDEXEDPOLYGONALFACE((37,40,38));
#6468=IFCINDEXEDPOLYGONALFACE((39,41,42));
#6469=IFCINDEXEDPOLYGONALFACE((39,42,40));
#6470=IFCINDEXEDPOLYGONALFACE((41,43,44));
#6471=IFCINDEXEDPOLYGONALFACE((41,44,42));
#6472=IFCINDEXEDPOLYGONALFACE((43,45,46));
#6473=IFCINDEXEDPOLYGONALFACE((43,46,44));
#6474=IFCINDEXEDPOLYGONALFACE((45,47,48));
#6475=IFCINDEXEDPOLYGONALFACE((45,48,46));
#6476=IFCINDEXEDPOLYGONALFACE((47,49,50));
#6477=IFCINDEXEDPOLYGONALFACE((47,50,48));
#6478=IFCINDEXEDPOLYGONALFACE((49,51,52));
#6479=IFCINDEXEDPOLYGONALFACE((49,52,50));
#6480=IFCINDEXEDPOLYGONALFACE((51,53,54));
#6481=IFCINDEXEDPOLYGONALFACE((51,54,52));
#6482=IFCINDEXEDPOLYGONALFACE((53,55,56));
#6483=IFCINDEXEDPOLYGONALFACE((53,56,54));
#6484=IFCINDEXEDPOLYGONALFACE((55,57,58));
#6485=IFCINDEXEDPOLYGONALFACE((55,58,56));
#6486=IFCINDEXEDPOLYGONALFACE((57,59,60));
#6487=IFCINDEXEDPOLYGONALFACE((57,60,58));
#6488=IFCINDEXEDPOLYGONALFACE((59,61,62));
#6489=IFCINDEXEDPOLYGONALFACE((59,62,60));
#6490=IFCINDEXEDPOLYGONALFACE((61,63,64));
#6491=IFCINDEXEDPOLYGONALFACE((61,64,62));
#6492=IFCINDEXEDPOLYGONALFACE((63,1,4));
#6493=IFCINDEXEDPOLYGONALFACE((63,4,64));
#6494=IFCINDEXEDPOLYGONALFACE((1,5,2));
#6495=IFCINDEXEDPOLYGONALFACE((4,3,6));
#6496=IFCINDEXEDPOLYGONALFACE((1,7,5));
#6497=IFCINDEXEDPOLYGONALFACE((4,6,8));
#6498=IFCINDEXEDPOLYGONALFACE((1,9,7));
#6499=IFCINDEXEDPOLYGONALFACE((4,8,10));
#6500=IFCINDEXEDPOLYGONALFACE((1,11,9));
#6501=IFCINDEXEDPOLYGONALFACE((4,10,12));
#6502=IFCINDEXEDPOLYGONALFACE((1,13,11));
#6503=IFCINDEXEDPOLYGONALFACE((4,12,14));
#6504=IFCINDEXEDPOLYGONALFACE((1,15,13));
#6505=IFCINDEXEDPOLYGONALFACE((4,14,16));
#6506=IFCINDEXEDPOLYGONALFACE((1,17,15));
#6507=IFCINDEXEDPOLYGONALFACE((4,16,18));
#6508=IFCINDEXEDPOLYGONALFACE((1,19,17));
#6509=IFCINDEXEDPOLYGONALFACE((4,18,20));
#6510=IFCINDEXEDPOLYGONALFACE((1,21,19));
#6511=IFCINDEXEDPOLYGONALFACE((4,20,22));
#6512=IFCINDEXEDPOLYGONALFACE((1,23,21));
#6513=IFCINDEXEDPOLYGONALFACE((4,22,24));
#6514=IFCINDEXEDPOLYGONALFACE((1,25,23));
#6515=IFCINDEXEDPOLYGONALFACE((4,24,26));
#6516=IFCINDEXEDPOLYGONALFACE((1,27,25));
#6517=IFCINDEXEDPOLYGONALFACE((4,26,28));
#6518=IFCINDEXEDPOLYGONALFACE((1,29,27));
#6519=IFCINDEXEDPOLYGONALFACE((4,28,30));
#6520=IFCINDEXEDPOLYGONALFACE((1,31,29));
#6521=IFCINDEXEDPOLYGONALFACE((4,30,32));
#6522=IFCINDEXEDPOLYGONALFACE((1,33,31));
#6523=IFCINDEXEDPOLYGONALFACE((4,32,34));
#6524=IFCINDEXEDPOLYGONALFACE((1,35,33));
#6525=IFCINDEXEDPOLYGONALFACE((4,34,36));
#6526=IFCINDEXEDPOLYGONALFACE((1,37,35));
#6527=IFCINDEXEDPOLYGONALFACE((4,36,38));
#6528=IFCINDEXEDPOLYGONALFACE((1,39,37));
#6529=IFCINDEXEDPOLYGONALFACE((4,38,40));
#6530=IFCINDEXEDPOLYGONALFACE((1,41,39));
#6531=IFCINDEXEDPOLYGONALFACE((4,40,42));
#6532=IFCINDEXEDPOLYGONALFACE((1,43,41));
#6533=IFCINDEXEDPOLYGONALFACE((4,42,44));
#6534=IFCINDEXEDPOLYGONALFACE((1,45,43));
#6535=IFCINDEXEDPOLYGONALFACE((4,44,46));
#6536=IFCINDEXEDPOLYGONALFACE((1,47,45));
#6537=IFCINDEXEDPOLYGONALFACE((4,46,48));
#6538=IFCINDEXEDPOLYGONALFACE((1,49,47));
#6539=IFCINDEXEDPOLYGONALFACE((4,48,50));
#6540=IFCINDEXEDPOLYGONALFACE((1,51,49));
#6541=IFCINDEXEDPOLYGONALFACE((4,50,52));
#6542=IFCINDEXEDPOLYGONALFACE((1,53,51));
#6543=IFCINDEXEDPOLYGONALFACE((4,52,54));
#6544=IFCINDEXEDPOLYGONALFACE((1,55,53));
#6545=IFCINDEXEDPOLYGONALFACE((4,54,56));
#6546=IFCINDEXEDPOLYGONALFACE((1,57,55));
#6547=IFCINDEXEDPOLYGONALFACE((4,56,58));
#6548=IFCINDEXEDPOLYGONALFACE((1,59,57));
#6549=IFCINDEXEDPOLYGONALFACE((4,58,60));
#6550=IFCINDEXEDPOLYGONALFACE((1,61,59));
#6551=IFCINDEXEDPOLYGONALFACE((4,60,62));
#6552=IFCINDEXEDPOLYGONALFACE((1,63,61));
#6553=IFCINDEXEDPOLYGONALFACE((4,62,64));
#6554=IFCCARTESIANPOINTLIST3D(((0.17,0.,0.045),(0.166733,0.033165,0.045),(0.156729,0.031175,0.09),(0.1598,0.,0.09),(0.15706,0.065056,0.045),(0.147636,0.061153,0.09),(0.14135,0.094447,0.045),(0.132869,0.08878,0.09),(0.120208,0.120208,0.045),(0.112996,0.112996,0.09),(0.094447,0.14135,0.045),(0.08878,0.132869,0.09),(0.065056,0.15706,0.045),(0.061153,0.147636,0.09),(0.033165,0.166733,0.045),(0.031175,0.156729,0.09),(0.,0.17,0.045),(0.,0.1598,0.09),(-0.033165,0.166733,0.045),(-0.031175,0.156729,0.09),(-0.065056,0.15706,0.045),(-0.061153,0.147636,0.09),(-0.094447,0.14135,0.045),(-0.08878,0.132869,0.09),(-0.120208,0.120208,0.045),(-0.112996,0.112996,0.09),(-0.14135,0.094447,0.045),(-0.132869,0.08878,0.09),(-0.15706,0.065056,0.045),(-0.147636,0.061153,0.09),(-0.166733,0.033165,0.045),(-0.156729,0.031175,0.09),(-0.17,0.,0.045),(-0.1598,0.,0.09),(-0.166733,-0.033165,0.045),(-0.156729,-0.031175,0.09),(-0.15706,-0.065056,0.045),(-0.147636,-0.061153,0.09),(-0.14135,-0.094447,0.045),(-0.132869,-0.08878,0.09),(-0.120208,-0.120208,0.045),(-0.112996,-0.112996,0.09),(-0.094447,-0.14135,0.045),(-0.08878,-0.132869,0.09),(-0.065056,-0.15706,0.045),(-0.061153,-0.147636,0.09),(-0.033165,-0.166733,0.045),(-0.031175,-0.156729,0.09),(0.,-0.17,0.045),(0.,-0.1598,0.09),(0.033165,-0.166733,0.045),(0.031175,-0.156729,0.09),(0.065056,-0.15706,0.045),(0.061153,-0.147636,0.09),(0.094447,-0.14135,0.045),(0.08878,-0.132869,0.09),(0.120208,-0.120208,0.045),(0.112996,-0.112996,0.09),(0.14135,-0.094447,0.045),(0.132869,-0.08878,0.09),(0.15706,-0.065056,0.045),(0.147636,-0.061153,0.09),(0.166733,-0.033165,0.045),(0.156729,-0.031175,0.09)));
#6555=IFCPOLYGONALFACESET(#6554,.T.,(#6430,#6431,#6432,#6433,#6434,#6435,#6436,#6437,#6438,#6439,#6440,#6441,#6442,#6443,#6444,#6445,#6446,#6447,#6448,#6449,#6450,#6451,#6452,#6453,#6454,#6455,#6456,#6457,#6458,#6459,#6460,#6461,#6462,#6463,#6464,#6465,#6466,#6467,#6468,#6469,#6470,#6471,#6472,#6473,#6474,#6475,#6476,#6477,#6478,#6479,#6480,#6481,#6482,#6483,#6484,#6485,#6486,#6487,#6488,#6489,#6490,#6491,#6492,#6493,#6494,#6495,#6496,#6497,#6498,#6499,#6500,#6501,#6502,#6503,#6504,#6505,#6506,#6507,#6508,#6509,#6510,#6511,#6512,#6513,#6514,#6515,#6516,#6517,#6518,#6519,#6520,#6521,#6522,#6523,#6524,#6525,#6526,#6527,#6528,#6529,#6530,#6531,#6532,#6533,#6534,#6535,#6536,#6537,#6538,#6539,#6540,#6541,#6542,#6543,#6544,#6545,#6546,#6547,#6548,#6549,#6550,#6551,#6552,#6553),$);
#6556=IFCSTYLEDITEM(#6555,(#3585),$);
#6557=IFCINDEXEDPOLYGONALFACE((1,2,3));
#6558=IFCINDEXEDPOLYGONALFACE((1,3,4));
#6559=IFCINDEXEDPOLYGONALFACE((2,5,6));
#6560=IFCINDEXEDPOLYGONALFACE((2,6,3));
#6561=IFCINDEXEDPOLYGONALFACE((5,7,8));
#6562=IFCINDEXEDPOLYGONALFACE((5,8,6));
#6563=IFCINDEXEDPOLYGONALFACE((7,9,10));
#6564=IFCINDEXEDPOLYGONALFACE((7,10,8));
#6565=IFCINDEXEDPOLYGONALFACE((9,11,12));
#6566=IFCINDEXEDPOLYGONALFACE((9,12,10));
#6567=IFCINDEXEDPOLYGONALFACE((11,13,14));
#6568=IFCINDEXEDPOLYGONALFACE((11,14,12));
#6569=IFCINDEXEDPOLYGONALFACE((13,15,16));
#6570=IFCINDEXEDPOLYGONALFACE((13,16,14));
#6571=IFCINDEXEDPOLYGONALFACE((15,17,18));
#6572=IFCINDEXEDPOLYGONALFACE((15,18,16));
#6573=IFCINDEXEDPOLYGONALFACE((17,19,20));
#6574=IFCINDEXEDPOLYGONALFACE((17,20,18));
#6575=IFCINDEXEDPOLYGONALFACE((19,21,22));
#6576=IFCINDEXEDPOLYGONALFACE((19,22,20));
#6577=IFCINDEXEDPOLYGONALFACE((21,23,24));
#6578=IFCINDEXEDPOLYGONALFACE((21,24,22));
#6579=IFCINDEXEDPOLYGONALFACE((23,25,26));
#6580=IFCINDEXEDPOLYGONALFACE((23,26,24));
#6581=IFCINDEXEDPOLYGONALFACE((25,27,28));
#6582=IFCINDEXEDPOLYGONALFACE((25,28,26));
#6583=IFCINDEXEDPOLYGONALFACE((27,29,30));
#6584=IFCINDEXEDPOLYGONALFACE((27,30,28));
#6585=IFCINDEXEDPOLYGONALFACE((29,31,32));
#6586=IFCINDEXEDPOLYGONALFACE((29,32,30));
#6587=IFCINDEXEDPOLYGONALFACE((31,1,4));
#6588=IFCINDEXEDPOLYGONALFACE((31,4,32));
#6589=IFCINDEXEDPOLYGONALFACE((4,3,33));
#6590=IFCINDEXEDPOLYGONALFACE((4,33,34));
#6591=IFCINDEXEDPOLYGONALFACE((3,6,35));
#6592=IFCINDEXEDPOLYGONALFACE((3,35,33));
#6593=IFCINDEXEDPOLYGONALFACE((6,8,36));
#6594=IFCINDEXEDPOLYGONALFACE((6,36,35));
#6595=IFCINDEXEDPOLYGONALFACE((8,10,37));
#6596=IFCINDEXEDPOLYGONALFACE((8,37,36));
#6597=IFCINDEXEDPOLYGONALFACE((10,12,38));
#6598=IFCINDEXEDPOLYGONALFACE((10,38,37));
#6599=IFCINDEXEDPOLYGONALFACE((12,14,39));
#6600=IFCINDEXEDPOLYGONALFACE((12,39,38));
#6601=IFCINDEXEDPOLYGONALFACE((14,16,40));
#6602=IFCINDEXEDPOLYGONALFACE((14,40,39));
#6603=IFCINDEXEDPOLYGONALFACE((16,18,41));
#6604=IFCINDEXEDPOLYGONALFACE((16,41,40));
#6605=IFCINDEXEDPOLYGONALFACE((18,20,42));
#6606=IFCINDEXEDPOLYGONALFACE((18,42,41));
#6607=IFCINDEXEDPOLYGONALFACE((20,22,43));
#6608=IFCINDEXEDPOLYGONALFACE((20,43,42));
#6609=IFCINDEXEDPOLYGONALFACE((22,24,44));
#6610=IFCINDEXEDPOLYGONALFACE((22,44,43));
#6611=IFCINDEXEDPOLYGONALFACE((24,26,45));
#6612=IFCINDEXEDPOLYGONALFACE((24,45,44));
#6613=IFCINDEXEDPOLYGONALFACE((26,28,46));
#6614=IFCINDEXEDPOLYGONALFACE((26,46,45));
#6615=IFCINDEXEDPOLYGONALFACE((28,30,47));
#6616=IFCINDEXEDPOLYGONALFACE((28,47,46));
#6617=IFCINDEXEDPOLYGONALFACE((30,32,48));
#6618=IFCINDEXEDPOLYGONALFACE((30,48,47));
#6619=IFCINDEXEDPOLYGONALFACE((32,4,34));
#6620=IFCINDEXEDPOLYGONALFACE((32,34,48));
#6621=IFCINDEXEDPOLYGONALFACE((34,33,49));
#6622=IFCINDEXEDPOLYGONALFACE((34,49,50));
#6623=IFCINDEXEDPOLYGONALFACE((33,35,51));
#6624=IFCINDEXEDPOLYGONALFACE((33,51,49));
#6625=IFCINDEXEDPOLYGONALFACE((35,36,52));
#6626=IFCINDEXEDPOLYGONALFACE((35,52,51));
#6627=IFCINDEXEDPOLYGONALFACE((36,37,53));
#6628=IFCINDEXEDPOLYGONALFACE((36,53,52));
#6629=IFCINDEXEDPOLYGONALFACE((37,38,54));
#6630=IFCINDEXEDPOLYGONALFACE((37,54,53));
#6631=IFCINDEXEDPOLYGONALFACE((38,39,55));
#6632=IFCINDEXEDPOLYGONALFACE((38,55,54));
#6633=IFCINDEXEDPOLYGONALFACE((39,40,56));
#6634=IFCINDEXEDPOLYGONALFACE((39,56,55));
#6635=IFCINDEXEDPOLYGONALFACE((40,41,57));
#6636=IFCINDEXEDPOLYGONALFACE((40,57,56));
#6637=IFCINDEXEDPOLYGONALFACE((41,42,58));
#6638=IFCINDEXEDPOLYGONALFACE((41,58,57));
#6639=IFCINDEXEDPOLYGONALFACE((42,43,59));
#6640=IFCINDEXEDPOLYGONALFACE((42,59,58));
#6641=IFCINDEXEDPOLYGONALFACE((43,44,60));
#6642=IFCINDEXEDPOLYGONALFACE((43,60,59));
#6643=IFCINDEXEDPOLYGONALFACE((44,45,61));
#6644=IFCINDEXEDPOLYGONALFACE((44,61,60));
#6645=IFCINDEXEDPOLYGONALFACE((45,46,62));
#6646=IFCINDEXEDPOLYGONALFACE((45,62,61));
#6647=IFCINDEXEDPOLYGONALFACE((46,47,63));
#6648=IFCINDEXEDPOLYGONALFACE((46,63,62));
#6649=IFCINDEXEDPOLYGONALFACE((47,48,64));
#6650=IFCINDEXEDPOLYGONALFACE((47,64,63));
#6651=IFCINDEXEDPOLYGONALFACE((48,34,50));
#6652=IFCINDEXEDPOLYGONALFACE((48,50,64));
#6653=IFCINDEXEDPOLYGONALFACE((50,49,65));
#6654=IFCINDEXEDPOLYGONALFACE((50,65,66));
#6655=IFCINDEXEDPOLYGONALFACE((49,51,67));
#6656=IFCINDEXEDPOLYGONALFACE((49,67,65));
#6657=IFCINDEXEDPOLYGONALFACE((51,52,68));
#6658=IFCINDEXEDPOLYGONALFACE((51,68,67));
#6659=IFCINDEXEDPOLYGONALFACE((52,53,69));
#6660=IFCINDEXEDPOLYGONALFACE((52,69,68));
#6661=IFCINDEXEDPOLYGONALFACE((53,54,70));
#6662=IFCINDEXEDPOLYGONALFACE((53,70,69));
#6663=IFCINDEXEDPOLYGONALFACE((54,55,71));
#6664=IFCINDEXEDPOLYGONALFACE((54,71,70));
#6665=IFCINDEXEDPOLYGONALFACE((55,56,72));
#6666=IFCINDEXEDPOLYGONALFACE((55,72,71));
#6667=IFCINDEXEDPOLYGONALFACE((56,57,73));
#6668=IFCINDEXEDPOLYGONALFACE((56,73,72));
#6669=IFCINDEXEDPOLYGONALFACE((57,58,74));
#6670=IFCINDEXEDPOLYGONALFACE((57,74,73));
#6671=IFCINDEXEDPOLYGONALFACE((58,59,75));
#6672=IFCINDEXEDPOLYGONALFACE((58,75,74));
#6673=IFCINDEXEDPOLYGONALFACE((59,60,76));
#6674=IFCINDEXEDPOLYGONALFACE((59,76,75));
#6675=IFCINDEXEDPOLYGONALFACE((60,61,77));
#6676=IFCINDEXEDPOLYGONALFACE((60,77,76));
#6677=IFCINDEXEDPOLYGONALFACE((61,62,78));
#6678=IFCINDEXEDPOLYGONALFACE((61,78,77));
#6679=IFCINDEXEDPOLYGONALFACE((62,63,79));
#6680=IFCINDEXEDPOLYGONALFACE((62,79,78));
#6681=IFCINDEXEDPOLYGONALFACE((63,64,80));
#6682=IFCINDEXEDPOLYGONALFACE((63,80,79));
#6683=IFCINDEXEDPOLYGONALFACE((64,50,66));
#6684=IFCINDEXEDPOLYGONALFACE((64,66,80));
#6685=IFCINDEXEDPOLYGONALFACE((66,65,81));
#6686=IFCINDEXEDPOLYGONALFACE((66,81,82));
#6687=IFCINDEXEDPOLYGONALFACE((65,67,83));
#6688=IFCINDEXEDPOLYGONALFACE((65,83,81));
#6689=IFCINDEXEDPOLYGONALFACE((67,68,84));
#6690=IFCINDEXEDPOLYGONALFACE((67,84,83));
#6691=IFCINDEXEDPOLYGONALFACE((68,69,85));
#6692=IFCINDEXEDPOLYGONALFACE((68,85,84));
#6693=IFCINDEXEDPOLYGONALFACE((69,70,86));
#6694=IFCINDEXEDPOLYGONALFACE((69,86,85));
#6695=IFCINDEXEDPOLYGONALFACE((70,71,87));
#6696=IFCINDEXEDPOLYGONALFACE((70,87,86));
#6697=IFCINDEXEDPOLYGONALFACE((71,72,88));
#6698=IFCINDEXEDPOLYGONALFACE((71,88,87));
#6699=IFCINDEXEDPOLYGONALFACE((72,73,89));
#6700=IFCINDEXEDPOLYGONALFACE((72,89,88));
#6701=IFCINDEXEDPOLYGONALFACE((73,74,90));
#6702=IFCINDEXEDPOLYGONALFACE((73,90,89));
#6703=IFCINDEXEDPOLYGONALFACE((74,75,91));
#6704=IFCINDEXEDPOLYGONALFACE((74,91,90));
#6705=IFCINDEXEDPOLYGONALFACE((75,76,92));
#6706=IFCINDEXEDPOLYGONALFACE((75,92,91));
#6707=IFCINDEXEDPOLYGONALFACE((76,77,93));
#6708=IFCINDEXEDPOLYGONALFACE((76,93,92));
#6709=IFCINDEXEDPOLYGONALFACE((77,78,94));
#6710=IFCINDEXEDPOLYGONALFACE((77,94,93));
#6711=IFCINDEXEDPOLYGONALFACE((78,79,95));
#6712=IFCINDEXEDPOLYGONALFACE((78,95,94));
#6713=IFCINDEXEDPOLYGONALFACE((79,80,96));
#6714=IFCINDEXEDPOLYGONALFACE((79,96,95));
#6715=IFCINDEXEDPOLYGONALFACE((80,66,82));
#6716=IFCINDEXEDPOLYGONALFACE((80,82,96));
#6717=IFCINDEXEDPOLYGONALFACE((82,81,97));
#6718=IFCINDEXEDPOLYGONALFACE((82,97,98));
#6719=IFCINDEXEDPOLYGONALFACE((81,83,99));
#6720=IFCINDEXEDPOLYGONALFACE((81,99,97));
#6721=IFCINDEXEDPOLYGONALFACE((83,84,100));
#6722=IFCINDEXEDPOLYGONALFACE((83,100,99));
#6723=IFCINDEXEDPOLYGONALFACE((84,85,101));
#6724=IFCINDEXEDPOLYGONALFACE((84,101,100));
#6725=IFCINDEXEDPOLYGONALFACE((85,86,102));
#6726=IFCINDEXEDPOLYGONALFACE((85,102,101));
#6727=IFCINDEXEDPOLYGONALFACE((86,87,103));
#6728=IFCINDEXEDPOLYGONALFACE((86,103,102));
#6729=IFCINDEXEDPOLYGONALFACE((87,88,104));
#6730=IFCINDEXEDPOLYGONALFACE((87,104,103));
#6731=IFCINDEXEDPOLYGONALFACE((88,89,105));
#6732=IFCINDEXEDPOLYGONALFACE((88,105,104));
#6733=IFCINDEXEDPOLYGONALFACE((89,90,106));
#6734=IFCINDEXEDPOLYGONALFACE((89,106,105));
#6735=IFCINDEXEDPOLYGONALFACE((90,91,107));
#6736=IFCINDEXEDPOLYGONALFACE((90,107,106));
#6737=IFCINDEXEDPOLYGONALFACE((91,92,108));
#6738=IFCINDEXEDPOLYGONALFACE((91,108,107));
#6739=IFCINDEXEDPOLYGONALFACE((92,93,109));
#6740=IFCINDEXEDPOLYGONALFACE((92,109,108));
#6741=IFCINDEXEDPOLYGONALFACE((93,94,110));
#6742=IFCINDEXEDPOLYGONALFACE((93,110,109));
#6743=IFCINDEXEDPOLYGONALFACE((94,95,111));
#6744=IFCINDEXEDPOLYGONALFACE((94,111,110));
#6745=IFCINDEXEDPOLYGONALFACE((95,96,112));
#6746=IFCINDEXEDPOLYGONALFACE((95,112,111));
#6747=IFCINDEXEDPOLYGONALFACE((96,82,98));
#6748=IFCINDEXEDPOLYGONALFACE((96,98,112));
#6749=IFCINDEXEDPOLYGONALFACE((98,97,113));
#6750=IFCINDEXEDPOLYGONALFACE((98,113,114));
#6751=IFCINDEXEDPOLYGONALFACE((97,99,115));
#6752=IFCINDEXEDPOLYGONALFACE((97,115,113));
#6753=IFCINDEXEDPOLYGONALFACE((99,100,116));
#6754=IFCINDEXEDPOLYGONALFACE((99,116,115));
#6755=IFCINDEXEDPOLYGONALFACE((100,101,117));
#6756=IFCINDEXEDPOLYGONALFACE((100,117,116));
#6757=IFCINDEXEDPOLYGONALFACE((101,102,118));
#6758=IFCINDEXEDPOLYGONALFACE((101,118,117));
#6759=IFCINDEXEDPOLYGONALFACE((102,103,119));
#6760=IFCINDEXEDPOLYGONALFACE((102,119,118));
#6761=IFCINDEXEDPOLYGONALFACE((103,104,120));
#6762=IFCINDEXEDPOLYGONALFACE((103,120,119));
#6763=IFCINDEXEDPOLYGONALFACE((104,105,121));
#6764=IFCINDEXEDPOLYGONALFACE((104,121,120));
#6765=IFCINDEXEDPOLYGONALFACE((105,106,122));
#6766=IFCINDEXEDPOLYGONALFACE((105,122,121));
#6767=IFCINDEXEDPOLYGONALFACE((106,107,123));
#6768=IFCINDEXEDPOLYGONALFACE((106,123,122));
#6769=IFCINDEXEDPOLYGONALFACE((107,108,124));
#6770=IFCINDEXEDPOLYGONALFACE((107,124,123));
#6771=IFCINDEXEDPOLYGONALFACE((108,109,125));
#6772=IFCINDEXEDPOLYGONALFACE((108,125,124));
#6773=IFCINDEXEDPOLYGONALFACE((109,110,126));
#6774=IFCINDEXEDPOLYGONALFACE((109,126,125));
#6775=IFCINDEXEDPOLYGONALFACE((110,111,127));
#6776=IFCINDEXEDPOLYGONALFACE((110,127,126));
#6777=IFCINDEXEDPOLYGONALFACE((111,112,128));
#6778=IFCINDEXEDPOLYGONALFACE((111,128,127));
#6779=IFCINDEXEDPOLYGONALFACE((112,98,114));
#6780=IFCINDEXEDPOLYGONALFACE((112,114,128));
#6781=IFCINDEXEDPOLYGONALFACE((114,113,129));
#6782=IFCINDEXEDPOLYGONALFACE((114,129,130));
#6783=IFCINDEXEDPOLYGONALFACE((113,115,131));
#6784=IFCINDEXEDPOLYGONALFACE((113,131,129));
#6785=IFCINDEXEDPOLYGONALFACE((115,116,132));
#6786=IFCINDEXEDPOLYGONALFACE((115,132,131));
#6787=IFCINDEXEDPOLYGONALFACE((116,117,133));
#6788=IFCINDEXEDPOLYGONALFACE((116,133,132));
#6789=IFCINDEXEDPOLYGONALFACE((117,118,134));
#6790=IFCINDEXEDPOLYGONALFACE((117,134,133));
#6791=IFCINDEXEDPOLYGONALFACE((118,119,135));
#6792=IFCINDEXEDPOLYGONALFACE((118,135,134));
#6793=IFCINDEXEDPOLYGONALFACE((119,120,136));
#6794=IFCINDEXEDPOLYGONALFACE((119,136,135));
#6795=IFCINDEXEDPOLYGONALFACE((120,121,137));
#6796=IFCINDEXEDPOLYGONALFACE((120,137,136));
#6797=IFCINDEXEDPOLYGONALFACE((121,122,138));
#6798=IFCINDEXEDPOLYGONALFACE((121,138,137));
#6799=IFCINDEXEDPOLYGONALFACE((122,123,139));
#6800=IFCINDEXEDPOLYGONALFACE((122,139,138));
#6801=IFCINDEXEDPOLYGONALFACE((123,124,140));
#6802=IFCINDEXEDPOLYGONALFACE((123,140,139));
#6803=IFCINDEXEDPOLYGONALFACE((124,125,141));
#6804=IFCINDEXEDPOLYGONALFACE((124,141,140));
#6805=IFCINDEXEDPOLYGONALFACE((125,126,142));
#6806=IFCINDEXEDPOLYGONALFACE((125,142,141));
#6807=IFCINDEXEDPOLYGONALFACE((126,127,143));
#6808=IFCINDEXEDPOLYGONALFACE((126,143,142));
#6809=IFCINDEXEDPOLYGONALFACE((127,128,144));
#6810=IFCINDEXEDPOLYGONALFACE((127,144,143));
#6811=IFCINDEXEDPOLYGONALFACE((128,114,130));
#6812=IFCINDEXEDPOLYGONALFACE((128,130,144));
#6813=IFCINDEXEDPOLYGONALFACE((130,129,145));
#6814=IFCINDEXEDPOLYGONALFACE((130,145,146));
#6815=IFCINDEXEDPOLYGONALFACE((129,131,147));
#6816=IFCINDEXEDPOLYGONALFACE((129,147,145));
#6817=IFCINDEXEDPOLYGONALFACE((131,132,148));
#6818=IFCINDEXEDPOLYGONALFACE((131,148,147));
#6819=IFCINDEXEDPOLYGONALFACE((132,133,149));
#6820=IFCINDEXEDPOLYGONALFACE((132,149,148));
#6821=IFCINDEXEDPOLYGONALFACE((133,134,150));
#6822=IFCINDEXEDPOLYGONALFACE((133,150,149));
#6823=IFCINDEXEDPOLYGONALFACE((134,135,151));
#6824=IFCINDEXEDPOLYGONALFACE((134,151,150));
#6825=IFCINDEXEDPOLYGONALFACE((135,136,152));
#6826=IFCINDEXEDPOLYGONALFACE((135,152,151));
#6827=IFCINDEXEDPOLYGONALFACE((136,137,153));
#6828=IFCINDEXEDPOLYGONALFACE((136,153,152));
#6829=IFCINDEXEDPOLYGONALFACE((137,138,154));
#6830=IFCINDEXEDPOLYGONALFACE((137,154,153));
#6831=IFCINDEXEDPOLYGONALFACE((138,139,155));
#6832=IFCINDEXEDPOLYGONALFACE((138,155,154));
#6833=IFCINDEXEDPOLYGONALFACE((139,140,156));
#6834=IFCINDEXEDPOLYGONALFACE((139,156,155));
#6835=IFCINDEXEDPOLYGONALFACE((140,141,157));
#6836=IFCINDEXEDPOLYGONALFACE((140,157,156));
#6837=IFCINDEXEDPOLYGONALFACE((141,142,158));
#6838=IFCINDEXEDPOLYGONALFACE((141,158,157));
#6839=IFCINDEXEDPOLYGONALFACE((142,143,159));
#6840=IFCINDEXEDPOLYGONALFACE((142,159,158));
#6841=IFCINDEXEDPOLYGONALFACE((143,144,160));
#6842=IFCINDEXEDPOLYGONALFACE((143,160,159));
#6843=IFCINDEXEDPOLYGONALFACE((144,130,146));
#6844=IFCINDEXEDPOLYGONALFACE((144,146,160));
#6845=IFCINDEXEDPOLYGONALFACE((146,145,161));
#6846=IFCINDEXEDPOLYGONALFACE((146,161,162));
#6847=IFCINDEXEDPOLYGONALFACE((145,147,163));
#6848=IFCINDEXEDPOLYGONALFACE((145,163,161));
#6849=IFCINDEXEDPOLYGONALFACE((147,148,164));
#6850=IFCINDEXEDPOLYGONALFACE((147,164,163));
#6851=IFCINDEXEDPOLYGONALFACE((148,149,165));
#6852=IFCINDEXEDPOLYGONALFACE((148,165,164));
#6853=IFCINDEXEDPOLYGONALFACE((149,150,166));
#6854=IFCINDEXEDPOLYGONALFACE((149,166,165));
#6855=IFCINDEXEDPOLYGONALFACE((150,151,167));
#6856=IFCINDEXEDPOLYGONALFACE((150,167,166));
#6857=IFCINDEXEDPOLYGONALFACE((151,152,168));
#6858=IFCINDEXEDPOLYGONALFACE((151,168,167));
#6859=IFCINDEXEDPOLYGONALFACE((152,153,169));
#6860=IFCINDEXEDPOLYGONALFACE((152,169,168));
#6861=IFCINDEXEDPOLYGONALFACE((153,154,170));
#6862=IFCINDEXEDPOLYGONALFACE((153,170,169));
#6863=IFCINDEXEDPOLYGONALFACE((154,155,171));
#6864=IFCINDEXEDPOLYGONALFACE((154,171,170));
#6865=IFCINDEXEDPOLYGONALFACE((155,156,172));
#6866=IFCINDEXEDPOLYGONALFACE((155,172,171));
#6867=IFCINDEXEDPOLYGONALFACE((156,157,173));
#6868=IFCINDEXEDPOLYGONALFACE((156,173,172));
#6869=IFCINDEXEDPOLYGONALFACE((157,158,174));
#6870=IFCINDEXEDPOLYGONALFACE((157,174,173));
#6871=IFCINDEXEDPOLYGONALFACE((158,159,175));
#6872=IFCINDEXEDPOLYGONALFACE((158,175,174));
#6873=IFCINDEXEDPOLYGONALFACE((159,160,176));
#6874=IFCINDEXEDPOLYGONALFACE((159,176,175));
#6875=IFCINDEXEDPOLYGONALFACE((160,146,162));
#6876=IFCINDEXEDPOLYGONALFACE((160,162,176));
#6877=IFCINDEXEDPOLYGONALFACE((177,2,1));
#6878=IFCINDEXEDPOLYGONALFACE((178,162,161));
#6879=IFCINDEXEDPOLYGONALFACE((177,5,2));
#6880=IFCINDEXEDPOLYGONALFACE((178,161,163));
#6881=IFCINDEXEDPOLYGONALFACE((177,7,5));
#6882=IFCINDEXEDPOLYGONALFACE((178,163,164));
#6883=IFCINDEXEDPOLYGONALFACE((177,9,7));
#6884=IFCINDEXEDPOLYGONALFACE((178,164,165));
#6885=IFCINDEXEDPOLYGONALFACE((177,11,9));
#6886=IFCINDEXEDPOLYGONALFACE((178,165,166));
#6887=IFCINDEXEDPOLYGONALFACE((177,13,11));
#6888=IFCINDEXEDPOLYGONALFACE((178,166,167));
#6889=IFCINDEXEDPOLYGONALFACE((177,15,13));
#6890=IFCINDEXEDPOLYGONALFACE((178,167,168));
#6891=IFCINDEXEDPOLYGONALFACE((177,17,15));
#6892=IFCINDEXEDPOLYGONALFACE((178,168,169));
#6893=IFCINDEXEDPOLYGONALFACE((177,19,17));
#6894=IFCINDEXEDPOLYGONALFACE((178,169,170));
#6895=IFCINDEXEDPOLYGONALFACE((177,21,19));
#6896=IFCINDEXEDPOLYGONALFACE((178,170,171));
#6897=IFCINDEXEDPOLYGONALFACE((177,23,21));
#6898=IFCINDEXEDPOLYGONALFACE((178,171,172));
#6899=IFCINDEXEDPOLYGONALFACE((177,25,23));
#6900=IFCINDEXEDPOLYGONALFACE((178,172,173));
#6901=IFCINDEXEDPOLYGONALFACE((177,27,25));
#6902=IFCINDEXEDPOLYGONALFACE((178,173,174));
#6903=IFCINDEXEDPOLYGONALFACE((177,29,27));
#6904=IFCINDEXEDPOLYGONALFACE((178,174,175));
#6905=IFCINDEXEDPOLYGONALFACE((177,31,29));
#6906=IFCINDEXEDPOLYGONALFACE((178,175,176));
#6907=IFCINDEXEDPOLYGONALFACE((177,1,31));
#6908=IFCINDEXEDPOLYGONALFACE((178,176,162));
#6909=IFCCARTESIANPOINTLIST3D(((0.041359,0.,-0.028893),(0.038211,0.015828,-0.028893),(0.073818,0.030576,-0.021251),(0.0799,0.,-0.021251),(0.029245,0.029245,-0.028893),(0.056498,0.056498,-0.021251),(0.015828,0.038211,-0.028893),(0.030576,0.073818,-0.021251),(0.,0.041359,-0.028893),(0.,0.0799,-0.021251),(-0.015828,0.038211,-0.028893),(-0.030576,0.073818,-0.021251),(-0.029245,0.029245,-0.028893),(-0.056498,0.056498,-0.021251),(-0.038211,0.015828,-0.028893),(-0.073818,0.030576,-0.021251),(-0.041359,0.,-0.028893),(-0.0799,0.,-0.021251),(-0.038211,-0.015828,-0.028893),(-0.073818,-0.030576,-0.021251),(-0.029245,-0.029245,-0.028893),(-0.056498,-0.056498,-0.021251),(-0.015828,-0.038211,-0.028893),(-0.030576,-0.073818,-0.021251),(0.,-0.041359,-0.028893),(0.,-0.0799,-0.021251),(0.015828,-0.038211,-0.028893),(0.030576,-0.073818,-0.021251),(0.029245,-0.029245,-0.028893),(0.056498,-0.056498,-0.021251),(0.038211,-0.015828,-0.028893),(0.073818,-0.030576,-0.021251),(0.104394,0.043242,-0.009094),(0.112996,0.,-0.009094),(0.0799,0.0799,-0.009094),(0.043242,0.104394,-0.009094),(0.,0.112996,-0.009094),(-0.043242,0.104394,-0.009094),(-0.0799,0.0799,-0.009094),(-0.104394,0.043242,-0.009094),(-0.112996,0.,-0.009094),(-0.104394,-0.043242,-0.009094),(-0.0799,-0.0799,-0.009094),(-0.043242,-0.104394,-0.009094),(0.,-0.112996,-0.009094),(0.043242,-0.104394,-0.009094),(0.0799,-0.0799,-0.009094),(0.104394,-0.043242,-0.009094),(0.127856,0.05296,0.00675),(0.138391,0.,0.00675),(0.097857,0.097857,0.00675),(0.05296,0.127856,0.00675),(0.,0.138391,0.00675),(-0.05296,0.127856,0.00675),(-0.097857,0.097857,0.00675),(-0.127856,0.05296,0.00675),(-0.138391,0.,0.00675),(-0.127856,-0.05296,0.00675),(-0.097857,-0.097857,0.00675),(-0.05296,-0.127856,0.00675),(0.,-0.138391,0.00675),(0.05296,-0.127856,0.00675),(0.097857,-0.097857,0.00675),(0.127856,-0.05296,0.00675),(0.142605,0.059069,0.0252),(0.154355,0.,0.0252),(0.109145,0.109145,0.0252),(0.059069,0.142605,0.0252),(0.,0.154355,0.0252),(-0.059069,0.142605,0.0252),(-0.109145,0.109145,0.0252),(-0.142605,0.059069,0.0252),(-0.154355,0.,0.0252),(-0.142605,-0.059069,0.0252),(-0.109145,-0.109145,0.0252),(-0.059069,-0.142605,0.0252),(0.,-0.154355,0.0252),(0.059069,-0.142605,0.0252),(0.109145,-0.109145,0.0252),(0.142605,-0.059069,0.0252),(0.147636,0.061153,0.045),(0.1598,0.,0.045),(0.112996,0.112996,0.045),(0.061153,0.147636,0.045),(0.,0.1598,0.045),(-0.061153,0.147636,0.045),(-0.112996,0.112996,0.045),(-0.147636,0.061153,0.045),(-0.1598,0.,0.045),(-0.147636,-0.061153,0.045),(-0.112996,-0.112996,0.045),(-0.061153,-0.147636,0.045),(0.,-0.1598,0.045),(0.061153,-0.147636,0.045),(0.112996,-0.112996,0.045),(0.147636,-0.061153,0.045),(0.142605,0.059069,0.0648),(0.154355,0.,0.0648),(0.109145,0.109145,0.0648),(0.059069,0.142605,0.0648),(0.,0.154355,0.0648),(-0.059069,0.142605,0.0648),(-0.109145,0.109145,0.0648),(-0.142605,0.059069,0.0648),(-0.154355,0.,0.0648),(-0.142605,-0.059069,0.0648),(-0.109145,-0.109145,0.0648),(-0.059069,-0.142605,0.0648),(0.,-0.154355,0.0648),(0.059069,-0.142605,0.0648),(0.109145,-0.109145,0.0648),(0.142605,-0.059069,0.0648),(0.127856,0.05296,0.08325),(0.138391,0.,0.08325),(0.097857,0.097857,0.08325),(0.05296,0.127856,0.08325),(0.,0.138391,0.08325),(-0.05296,0.127856,0.08325),(-0.097857,0.097857,0.08325),(-0.127856,0.05296,0.08325),(-0.138391,0.,0.08325),(-0.127856,-0.05296,0.08325),(-0.097857,-0.097857,0.08325),(-0.05296,-0.127856,0.08325),(0.,-0.138391,0.08325),(0.05296,-0.127856,0.08325),(0.097857,-0.097857,0.08325),(0.127856,-0.05296,0.08325),(0.104394,0.043242,0.099094),(0.112996,0.,0.099094),(0.0799,0.0799,0.099094),(0.043242,0.104394,0.099094),(0.,0.112996,0.099094),(-0.043242,0.104394,0.099094),(-0.0799,0.0799,0.099094),(-0.104394,0.043242,0.099094),(-0.112996,0.,0.099094),(-0.104394,-0.043242,0.099094),(-0.0799,-0.0799,0.099094),(-0.043242,-0.104394,0.099094),(0.,-0.112996,0.099094),(0.043242,-0.104394,0.099094),(0.0799,-0.0799,0.099094),(0.104394,-0.043242,0.099094),(0.073818,0.030576,0.111251),(0.0799,0.,0.111251),(0.056498,0.056498,0.111251),(0.030576,0.073818,0.111251),(0.,0.0799,0.111251),(-0.030576,0.073818,0.111251),(-0.056498,0.056498,0.111251),(-0.073818,0.030576,0.111251),(-0.0799,0.,0.111251),(-0.073818,-0.030576,0.111251),(-0.056498,-0.056498,0.111251),(-0.030576,-0.073818,0.111251),(0.,-0.0799,0.111251),(0.030576,-0.073818,0.111251),(0.056498,-0.056498,0.111251),(0.073818,-0.030576,0.111251),(0.038211,0.015828,0.118893),(0.041359,0.,0.118893),(0.029245,0.029245,0.118893),(0.015828,0.038211,0.118893),(0.,0.041359,0.118893),(-0.015828,0.038211,0.118893),(-0.029245,0.029245,0.118893),(-0.038211,0.015828,0.118893),(-0.041359,0.,0.118893),(-0.038211,-0.015828,0.118893),(-0.029245,-0.029245,0.118893),(-0.015828,-0.038211,0.118893),(0.,-0.041359,0.118893),(0.015828,-0.038211,0.118893),(0.029245,-0.029245,0.118893),(0.038211,-0.015828,0.118893),(0.,0.,-0.0315),(0.,0.,0.1215)));
#6910=IFCPOLYGONALFACESET(#6909,.T.,(#6557,#6558,#6559,#6560,#6561,#6562,#6563,#6564,#6565,#6566,#6567,#6568,#6569,#6570,#6571,#6572,#6573,#6574,#6575,#6576,#6577,#6578,#6579,#6580,#6581,#6582,#6583,#6584,#6585,#6586,#6587,#6588,#6589,#6590,#6591,#6592,#6593,#6594,#6595,#6596,#6597,#6598,#6599,#6600,#6601,#6602,#6603,#6604,#6605,#6606,#6607,#6608,#6609,#6610,#6611,#6612,#6613,#6614,#6615,#6616,#6617,#6618,#6619,#6620,#6621,#6622,#6623,#6624,#6625,#6626,#6627,#6628,#6629,#6630,#6631,#6632,#6633,#6634,#6635,#6636,#6637,#6638,#6639,#6640,#6641,#6642,#6643,#6644,#6645,#6646,#6647,#6648,#6649,#6650,#6651,#6652,#6653,#6654,#6655,#6656,#6657,#6658,#6659,#6660,#6661,#6662,#6663,#6664,#6665,#6666,#6667,#6668,#6669,#6670,#6671,#6672,#6673,#6674,#6675,#6676,#6677,#6678,#6679,#6680,#6681,#6682,#6683,#6684,#6685,#6686,#6687,#6688,#6689,#6690,#6691,#6692,#6693,#6694,#6695,#6696,#6697,#6698,#6699,#6700,#6701,#6702,#6703,#6704,#6705,#6706,#6707,#6708,#6709,#6710,#6711,#6712,#6713,#6714,#6715,#6716,#6717,#6718,#6719,#6720,#6721,#6722,#6723,#6724,#6725,#6726,#6727,#6728,#6729,#6730,#6731,#6732,#6733,#6734,#6735,#6736,#6737,#6738,#6739,#6740,#6741,#6742,#6743,#6744,#6745,#6746,#6747,#6748,#6749,#6750,#6751,#6752,#6753,#6754,#6755,#6756,#6757,#6758,#6759,#6760,#6761,#6762,#6763,#6764,#6765,#6766,#6767,#6768,#6769,#6770,#6771,#6772,#6773,#6774,#6775,#6776,#6777,#6778,#6779,#6780,#6781,#6782,#6783,#6784,#6785,#6786,#6787,#6788,#6789,#6790,#6791,#6792,#6793,#6794,#6795,#6796,#6797,#6798,#6799,#6800,#6801,#6802,#6803,#6804,#6805,#6806,#6807,#6808,#6809,#6810,#6811,#6812,#6813,#6814,#6815,#6816,#6817,#6818,#6819,#6820,#6821,#6822,#6823,#6824,#6825,#6826,#6827,#6828,#6829,#6830,#6831,#6832,#6833,#6834,#6835,#6836,#6837,#6838,#6839,#6840,#6841,#6842,#6843,#6844,#6845,#6846,#6847,#6848,#6849,#6850,#6851,#6852,#6853,#6854,#6855,#6856,#6857,#6858,#6859,#6860,#6861,#6862,#6863,#6864,#6865,#6866,#6867,#6868,#6869,#6870,#6871,#6872,#6873,#6874,#6875,#6876,#6877,#6878,#6879,#6880,#6881,#6882,#6883,#6884,#6885,#6886,#6887,#6888,#6889,#6890,#6891,#6892,#6893,#6894,#6895,#6896,#6897,#6898,#6899,#6900,#6901,#6902,#6903,#6904,#6905,#6906,#6907,#6908),$);
#6911=IFCSTYLEDITEM(#6910,(#5076),$);
#6912=IFCSHAPEREPRESENTATION(#12,'Body','Tessellation',(#6555,#6910));
#6913=IFCPRODUCTDEFINITIONSHAPE($,$,(#6912));
#6914=IFCLIGHTFIXTURE('36e1rIyQIKgXOjtk5eXu7Z',#5,'Ceiling light','Skanna asset library',$,#6429,#6913,$,.POINTSOURCE.);
#6915=IFCCARTESIANPOINT((2.1,17.82,2.61));
#6916=IFCDIRECTION((0.,0.,1.));
#6917=IFCDIRECTION((1.,0.,0.));
#6918=IFCAXIS2PLACEMENT3D(#6915,#6916,#6917);
#6919=IFCLOCALPLACEMENT(#26,#6918);
#6920=IFCINDEXEDPOLYGONALFACE((1,2,3));
#6921=IFCINDEXEDPOLYGONALFACE((1,3,4));
#6922=IFCINDEXEDPOLYGONALFACE((2,5,6));
#6923=IFCINDEXEDPOLYGONALFACE((2,6,3));
#6924=IFCINDEXEDPOLYGONALFACE((5,7,8));
#6925=IFCINDEXEDPOLYGONALFACE((5,8,6));
#6926=IFCINDEXEDPOLYGONALFACE((7,9,10));
#6927=IFCINDEXEDPOLYGONALFACE((7,10,8));
#6928=IFCINDEXEDPOLYGONALFACE((9,11,12));
#6929=IFCINDEXEDPOLYGONALFACE((9,12,10));
#6930=IFCINDEXEDPOLYGONALFACE((11,13,14));
#6931=IFCINDEXEDPOLYGONALFACE((11,14,12));
#6932=IFCINDEXEDPOLYGONALFACE((13,15,16));
#6933=IFCINDEXEDPOLYGONALFACE((13,16,14));
#6934=IFCINDEXEDPOLYGONALFACE((15,17,18));
#6935=IFCINDEXEDPOLYGONALFACE((15,18,16));
#6936=IFCINDEXEDPOLYGONALFACE((17,19,20));
#6937=IFCINDEXEDPOLYGONALFACE((17,20,18));
#6938=IFCINDEXEDPOLYGONALFACE((19,21,22));
#6939=IFCINDEXEDPOLYGONALFACE((19,22,20));
#6940=IFCINDEXEDPOLYGONALFACE((21,23,24));
#6941=IFCINDEXEDPOLYGONALFACE((21,24,22));
#6942=IFCINDEXEDPOLYGONALFACE((23,25,26));
#6943=IFCINDEXEDPOLYGONALFACE((23,26,24));
#6944=IFCINDEXEDPOLYGONALFACE((25,27,28));
#6945=IFCINDEXEDPOLYGONALFACE((25,28,26));
#6946=IFCINDEXEDPOLYGONALFACE((27,29,30));
#6947=IFCINDEXEDPOLYGONALFACE((27,30,28));
#6948=IFCINDEXEDPOLYGONALFACE((29,31,32));
#6949=IFCINDEXEDPOLYGONALFACE((29,32,30));
#6950=IFCINDEXEDPOLYGONALFACE((31,33,34));
#6951=IFCINDEXEDPOLYGONALFACE((31,34,32));
#6952=IFCINDEXEDPOLYGONALFACE((33,35,36));
#6953=IFCINDEXEDPOLYGONALFACE((33,36,34));
#6954=IFCINDEXEDPOLYGONALFACE((35,37,38));
#6955=IFCINDEXEDPOLYGONALFACE((35,38,36));
#6956=IFCINDEXEDPOLYGONALFACE((37,39,40));
#6957=IFCINDEXEDPOLYGONALFACE((37,40,38));
#6958=IFCINDEXEDPOLYGONALFACE((39,41,42));
#6959=IFCINDEXEDPOLYGONALFACE((39,42,40));
#6960=IFCINDEXEDPOLYGONALFACE((41,43,44));
#6961=IFCINDEXEDPOLYGONALFACE((41,44,42));
#6962=IFCINDEXEDPOLYGONALFACE((43,45,46));
#6963=IFCINDEXEDPOLYGONALFACE((43,46,44));
#6964=IFCINDEXEDPOLYGONALFACE((45,47,48));
#6965=IFCINDEXEDPOLYGONALFACE((45,48,46));
#6966=IFCINDEXEDPOLYGONALFACE((47,49,50));
#6967=IFCINDEXEDPOLYGONALFACE((47,50,48));
#6968=IFCINDEXEDPOLYGONALFACE((49,51,52));
#6969=IFCINDEXEDPOLYGONALFACE((49,52,50));
#6970=IFCINDEXEDPOLYGONALFACE((51,53,54));
#6971=IFCINDEXEDPOLYGONALFACE((51,54,52));
#6972=IFCINDEXEDPOLYGONALFACE((53,55,56));
#6973=IFCINDEXEDPOLYGONALFACE((53,56,54));
#6974=IFCINDEXEDPOLYGONALFACE((55,57,58));
#6975=IFCINDEXEDPOLYGONALFACE((55,58,56));
#6976=IFCINDEXEDPOLYGONALFACE((57,59,60));
#6977=IFCINDEXEDPOLYGONALFACE((57,60,58));
#6978=IFCINDEXEDPOLYGONALFACE((59,61,62));
#6979=IFCINDEXEDPOLYGONALFACE((59,62,60));
#6980=IFCINDEXEDPOLYGONALFACE((61,63,64));
#6981=IFCINDEXEDPOLYGONALFACE((61,64,62));
#6982=IFCINDEXEDPOLYGONALFACE((63,1,4));
#6983=IFCINDEXEDPOLYGONALFACE((63,4,64));
#6984=IFCINDEXEDPOLYGONALFACE((1,5,2));
#6985=IFCINDEXEDPOLYGONALFACE((4,3,6));
#6986=IFCINDEXEDPOLYGONALFACE((1,7,5));
#6987=IFCINDEXEDPOLYGONALFACE((4,6,8));
#6988=IFCINDEXEDPOLYGONALFACE((1,9,7));
#6989=IFCINDEXEDPOLYGONALFACE((4,8,10));
#6990=IFCINDEXEDPOLYGONALFACE((1,11,9));
#6991=IFCINDEXEDPOLYGONALFACE((4,10,12));
#6992=IFCINDEXEDPOLYGONALFACE((1,13,11));
#6993=IFCINDEXEDPOLYGONALFACE((4,12,14));
#6994=IFCINDEXEDPOLYGONALFACE((1,15,13));
#6995=IFCINDEXEDPOLYGONALFACE((4,14,16));
#6996=IFCINDEXEDPOLYGONALFACE((1,17,15));
#6997=IFCINDEXEDPOLYGONALFACE((4,16,18));
#6998=IFCINDEXEDPOLYGONALFACE((1,19,17));
#6999=IFCINDEXEDPOLYGONALFACE((4,18,20));
#7000=IFCINDEXEDPOLYGONALFACE((1,21,19));
#7001=IFCINDEXEDPOLYGONALFACE((4,20,22));
#7002=IFCINDEXEDPOLYGONALFACE((1,23,21));
#7003=IFCINDEXEDPOLYGONALFACE((4,22,24));
#7004=IFCINDEXEDPOLYGONALFACE((1,25,23));
#7005=IFCINDEXEDPOLYGONALFACE((4,24,26));
#7006=IFCINDEXEDPOLYGONALFACE((1,27,25));
#7007=IFCINDEXEDPOLYGONALFACE((4,26,28));
#7008=IFCINDEXEDPOLYGONALFACE((1,29,27));
#7009=IFCINDEXEDPOLYGONALFACE((4,28,30));
#7010=IFCINDEXEDPOLYGONALFACE((1,31,29));
#7011=IFCINDEXEDPOLYGONALFACE((4,30,32));
#7012=IFCINDEXEDPOLYGONALFACE((1,33,31));
#7013=IFCINDEXEDPOLYGONALFACE((4,32,34));
#7014=IFCINDEXEDPOLYGONALFACE((1,35,33));
#7015=IFCINDEXEDPOLYGONALFACE((4,34,36));
#7016=IFCINDEXEDPOLYGONALFACE((1,37,35));
#7017=IFCINDEXEDPOLYGONALFACE((4,36,38));
#7018=IFCINDEXEDPOLYGONALFACE((1,39,37));
#7019=IFCINDEXEDPOLYGONALFACE((4,38,40));
#7020=IFCINDEXEDPOLYGONALFACE((1,41,39));
#7021=IFCINDEXEDPOLYGONALFACE((4,40,42));
#7022=IFCINDEXEDPOLYGONALFACE((1,43,41));
#7023=IFCINDEXEDPOLYGONALFACE((4,42,44));
#7024=IFCINDEXEDPOLYGONALFACE((1,45,43));
#7025=IFCINDEXEDPOLYGONALFACE((4,44,46));
#7026=IFCINDEXEDPOLYGONALFACE((1,47,45));
#7027=IFCINDEXEDPOLYGONALFACE((4,46,48));
#7028=IFCINDEXEDPOLYGONALFACE((1,49,47));
#7029=IFCINDEXEDPOLYGONALFACE((4,48,50));
#7030=IFCINDEXEDPOLYGONALFACE((1,51,49));
#7031=IFCINDEXEDPOLYGONALFACE((4,50,52));
#7032=IFCINDEXEDPOLYGONALFACE((1,53,51));
#7033=IFCINDEXEDPOLYGONALFACE((4,52,54));
#7034=IFCINDEXEDPOLYGONALFACE((1,55,53));
#7035=IFCINDEXEDPOLYGONALFACE((4,54,56));
#7036=IFCINDEXEDPOLYGONALFACE((1,57,55));
#7037=IFCINDEXEDPOLYGONALFACE((4,56,58));
#7038=IFCINDEXEDPOLYGONALFACE((1,59,57));
#7039=IFCINDEXEDPOLYGONALFACE((4,58,60));
#7040=IFCINDEXEDPOLYGONALFACE((1,61,59));
#7041=IFCINDEXEDPOLYGONALFACE((4,60,62));
#7042=IFCINDEXEDPOLYGONALFACE((1,63,61));
#7043=IFCINDEXEDPOLYGONALFACE((4,62,64));
#7044=IFCCARTESIANPOINTLIST3D(((0.17,0.,0.045),(0.166733,0.033165,0.045),(0.156729,0.031175,0.09),(0.1598,0.,0.09),(0.15706,0.065056,0.045),(0.147636,0.061153,0.09),(0.14135,0.094447,0.045),(0.132869,0.08878,0.09),(0.120208,0.120208,0.045),(0.112996,0.112996,0.09),(0.094447,0.14135,0.045),(0.08878,0.132869,0.09),(0.065056,0.15706,0.045),(0.061153,0.147636,0.09),(0.033165,0.166733,0.045),(0.031175,0.156729,0.09),(0.,0.17,0.045),(0.,0.1598,0.09),(-0.033165,0.166733,0.045),(-0.031175,0.156729,0.09),(-0.065056,0.15706,0.045),(-0.061153,0.147636,0.09),(-0.094447,0.14135,0.045),(-0.08878,0.132869,0.09),(-0.120208,0.120208,0.045),(-0.112996,0.112996,0.09),(-0.14135,0.094447,0.045),(-0.132869,0.08878,0.09),(-0.15706,0.065056,0.045),(-0.147636,0.061153,0.09),(-0.166733,0.033165,0.045),(-0.156729,0.031175,0.09),(-0.17,0.,0.045),(-0.1598,0.,0.09),(-0.166733,-0.033165,0.045),(-0.156729,-0.031175,0.09),(-0.15706,-0.065056,0.045),(-0.147636,-0.061153,0.09),(-0.14135,-0.094447,0.045),(-0.132869,-0.08878,0.09),(-0.120208,-0.120208,0.045),(-0.112996,-0.112996,0.09),(-0.094447,-0.14135,0.045),(-0.08878,-0.132869,0.09),(-0.065056,-0.15706,0.045),(-0.061153,-0.147636,0.09),(-0.033165,-0.166733,0.045),(-0.031175,-0.156729,0.09),(0.,-0.17,0.045),(0.,-0.1598,0.09),(0.033165,-0.166733,0.045),(0.031175,-0.156729,0.09),(0.065056,-0.15706,0.045),(0.061153,-0.147636,0.09),(0.094447,-0.14135,0.045),(0.08878,-0.132869,0.09),(0.120208,-0.120208,0.045),(0.112996,-0.112996,0.09),(0.14135,-0.094447,0.045),(0.132869,-0.08878,0.09),(0.15706,-0.065056,0.045),(0.147636,-0.061153,0.09),(0.166733,-0.033165,0.045),(0.156729,-0.031175,0.09)));
#7045=IFCPOLYGONALFACESET(#7044,.T.,(#6920,#6921,#6922,#6923,#6924,#6925,#6926,#6927,#6928,#6929,#6930,#6931,#6932,#6933,#6934,#6935,#6936,#6937,#6938,#6939,#6940,#6941,#6942,#6943,#6944,#6945,#6946,#6947,#6948,#6949,#6950,#6951,#6952,#6953,#6954,#6955,#6956,#6957,#6958,#6959,#6960,#6961,#6962,#6963,#6964,#6965,#6966,#6967,#6968,#6969,#6970,#6971,#6972,#6973,#6974,#6975,#6976,#6977,#6978,#6979,#6980,#6981,#6982,#6983,#6984,#6985,#6986,#6987,#6988,#6989,#6990,#6991,#6992,#6993,#6994,#6995,#6996,#6997,#6998,#6999,#7000,#7001,#7002,#7003,#7004,#7005,#7006,#7007,#7008,#7009,#7010,#7011,#7012,#7013,#7014,#7015,#7016,#7017,#7018,#7019,#7020,#7021,#7022,#7023,#7024,#7025,#7026,#7027,#7028,#7029,#7030,#7031,#7032,#7033,#7034,#7035,#7036,#7037,#7038,#7039,#7040,#7041,#7042,#7043),$);
#7046=IFCSTYLEDITEM(#7045,(#3585),$);
#7047=IFCINDEXEDPOLYGONALFACE((1,2,3));
#7048=IFCINDEXEDPOLYGONALFACE((1,3,4));
#7049=IFCINDEXEDPOLYGONALFACE((2,5,6));
#7050=IFCINDEXEDPOLYGONALFACE((2,6,3));
#7051=IFCINDEXEDPOLYGONALFACE((5,7,8));
#7052=IFCINDEXEDPOLYGONALFACE((5,8,6));
#7053=IFCINDEXEDPOLYGONALFACE((7,9,10));
#7054=IFCINDEXEDPOLYGONALFACE((7,10,8));
#7055=IFCINDEXEDPOLYGONALFACE((9,11,12));
#7056=IFCINDEXEDPOLYGONALFACE((9,12,10));
#7057=IFCINDEXEDPOLYGONALFACE((11,13,14));
#7058=IFCINDEXEDPOLYGONALFACE((11,14,12));
#7059=IFCINDEXEDPOLYGONALFACE((13,15,16));
#7060=IFCINDEXEDPOLYGONALFACE((13,16,14));
#7061=IFCINDEXEDPOLYGONALFACE((15,17,18));
#7062=IFCINDEXEDPOLYGONALFACE((15,18,16));
#7063=IFCINDEXEDPOLYGONALFACE((17,19,20));
#7064=IFCINDEXEDPOLYGONALFACE((17,20,18));
#7065=IFCINDEXEDPOLYGONALFACE((19,21,22));
#7066=IFCINDEXEDPOLYGONALFACE((19,22,20));
#7067=IFCINDEXEDPOLYGONALFACE((21,23,24));
#7068=IFCINDEXEDPOLYGONALFACE((21,24,22));
#7069=IFCINDEXEDPOLYGONALFACE((23,25,26));
#7070=IFCINDEXEDPOLYGONALFACE((23,26,24));
#7071=IFCINDEXEDPOLYGONALFACE((25,27,28));
#7072=IFCINDEXEDPOLYGONALFACE((25,28,26));
#7073=IFCINDEXEDPOLYGONALFACE((27,29,30));
#7074=IFCINDEXEDPOLYGONALFACE((27,30,28));
#7075=IFCINDEXEDPOLYGONALFACE((29,31,32));
#7076=IFCINDEXEDPOLYGONALFACE((29,32,30));
#7077=IFCINDEXEDPOLYGONALFACE((31,1,4));
#7078=IFCINDEXEDPOLYGONALFACE((31,4,32));
#7079=IFCINDEXEDPOLYGONALFACE((4,3,33));
#7080=IFCINDEXEDPOLYGONALFACE((4,33,34));
#7081=IFCINDEXEDPOLYGONALFACE((3,6,35));
#7082=IFCINDEXEDPOLYGONALFACE((3,35,33));
#7083=IFCINDEXEDPOLYGONALFACE((6,8,36));
#7084=IFCINDEXEDPOLYGONALFACE((6,36,35));
#7085=IFCINDEXEDPOLYGONALFACE((8,10,37));
#7086=IFCINDEXEDPOLYGONALFACE((8,37,36));
#7087=IFCINDEXEDPOLYGONALFACE((10,12,38));
#7088=IFCINDEXEDPOLYGONALFACE((10,38,37));
#7089=IFCINDEXEDPOLYGONALFACE((12,14,39));
#7090=IFCINDEXEDPOLYGONALFACE((12,39,38));
#7091=IFCINDEXEDPOLYGONALFACE((14,16,40));
#7092=IFCINDEXEDPOLYGONALFACE((14,40,39));
#7093=IFCINDEXEDPOLYGONALFACE((16,18,41));
#7094=IFCINDEXEDPOLYGONALFACE((16,41,40));
#7095=IFCINDEXEDPOLYGONALFACE((18,20,42));
#7096=IFCINDEXEDPOLYGONALFACE((18,42,41));
#7097=IFCINDEXEDPOLYGONALFACE((20,22,43));
#7098=IFCINDEXEDPOLYGONALFACE((20,43,42));
#7099=IFCINDEXEDPOLYGONALFACE((22,24,44));
#7100=IFCINDEXEDPOLYGONALFACE((22,44,43));
#7101=IFCINDEXEDPOLYGONALFACE((24,26,45));
#7102=IFCINDEXEDPOLYGONALFACE((24,45,44));
#7103=IFCINDEXEDPOLYGONALFACE((26,28,46));
#7104=IFCINDEXEDPOLYGONALFACE((26,46,45));
#7105=IFCINDEXEDPOLYGONALFACE((28,30,47));
#7106=IFCINDEXEDPOLYGONALFACE((28,47,46));
#7107=IFCINDEXEDPOLYGONALFACE((30,32,48));
#7108=IFCINDEXEDPOLYGONALFACE((30,48,47));
#7109=IFCINDEXEDPOLYGONALFACE((32,4,34));
#7110=IFCINDEXEDPOLYGONALFACE((32,34,48));
#7111=IFCINDEXEDPOLYGONALFACE((34,33,49));
#7112=IFCINDEXEDPOLYGONALFACE((34,49,50));
#7113=IFCINDEXEDPOLYGONALFACE((33,35,51));
#7114=IFCINDEXEDPOLYGONALFACE((33,51,49));
#7115=IFCINDEXEDPOLYGONALFACE((35,36,52));
#7116=IFCINDEXEDPOLYGONALFACE((35,52,51));
#7117=IFCINDEXEDPOLYGONALFACE((36,37,53));
#7118=IFCINDEXEDPOLYGONALFACE((36,53,52));
#7119=IFCINDEXEDPOLYGONALFACE((37,38,54));
#7120=IFCINDEXEDPOLYGONALFACE((37,54,53));
#7121=IFCINDEXEDPOLYGONALFACE((38,39,55));
#7122=IFCINDEXEDPOLYGONALFACE((38,55,54));
#7123=IFCINDEXEDPOLYGONALFACE((39,40,56));
#7124=IFCINDEXEDPOLYGONALFACE((39,56,55));
#7125=IFCINDEXEDPOLYGONALFACE((40,41,57));
#7126=IFCINDEXEDPOLYGONALFACE((40,57,56));
#7127=IFCINDEXEDPOLYGONALFACE((41,42,58));
#7128=IFCINDEXEDPOLYGONALFACE((41,58,57));
#7129=IFCINDEXEDPOLYGONALFACE((42,43,59));
#7130=IFCINDEXEDPOLYGONALFACE((42,59,58));
#7131=IFCINDEXEDPOLYGONALFACE((43,44,60));
#7132=IFCINDEXEDPOLYGONALFACE((43,60,59));
#7133=IFCINDEXEDPOLYGONALFACE((44,45,61));
#7134=IFCINDEXEDPOLYGONALFACE((44,61,60));
#7135=IFCINDEXEDPOLYGONALFACE((45,46,62));
#7136=IFCINDEXEDPOLYGONALFACE((45,62,61));
#7137=IFCINDEXEDPOLYGONALFACE((46,47,63));
#7138=IFCINDEXEDPOLYGONALFACE((46,63,62));
#7139=IFCINDEXEDPOLYGONALFACE((47,48,64));
#7140=IFCINDEXEDPOLYGONALFACE((47,64,63));
#7141=IFCINDEXEDPOLYGONALFACE((48,34,50));
#7142=IFCINDEXEDPOLYGONALFACE((48,50,64));
#7143=IFCINDEXEDPOLYGONALFACE((50,49,65));
#7144=IFCINDEXEDPOLYGONALFACE((50,65,66));
#7145=IFCINDEXEDPOLYGONALFACE((49,51,67));
#7146=IFCINDEXEDPOLYGONALFACE((49,67,65));
#7147=IFCINDEXEDPOLYGONALFACE((51,52,68));
#7148=IFCINDEXEDPOLYGONALFACE((51,68,67));
#7149=IFCINDEXEDPOLYGONALFACE((52,53,69));
#7150=IFCINDEXEDPOLYGONALFACE((52,69,68));
#7151=IFCINDEXEDPOLYGONALFACE((53,54,70));
#7152=IFCINDEXEDPOLYGONALFACE((53,70,69));
#7153=IFCINDEXEDPOLYGONALFACE((54,55,71));
#7154=IFCINDEXEDPOLYGONALFACE((54,71,70));
#7155=IFCINDEXEDPOLYGONALFACE((55,56,72));
#7156=IFCINDEXEDPOLYGONALFACE((55,72,71));
#7157=IFCINDEXEDPOLYGONALFACE((56,57,73));
#7158=IFCINDEXEDPOLYGONALFACE((56,73,72));
#7159=IFCINDEXEDPOLYGONALFACE((57,58,74));
#7160=IFCINDEXEDPOLYGONALFACE((57,74,73));
#7161=IFCINDEXEDPOLYGONALFACE((58,59,75));
#7162=IFCINDEXEDPOLYGONALFACE((58,75,74));
#7163=IFCINDEXEDPOLYGONALFACE((59,60,76));
#7164=IFCINDEXEDPOLYGONALFACE((59,76,75));
#7165=IFCINDEXEDPOLYGONALFACE((60,61,77));
#7166=IFCINDEXEDPOLYGONALFACE((60,77,76));
#7167=IFCINDEXEDPOLYGONALFACE((61,62,78));
#7168=IFCINDEXEDPOLYGONALFACE((61,78,77));
#7169=IFCINDEXEDPOLYGONALFACE((62,63,79));
#7170=IFCINDEXEDPOLYGONALFACE((62,79,78));
#7171=IFCINDEXEDPOLYGONALFACE((63,64,80));
#7172=IFCINDEXEDPOLYGONALFACE((63,80,79));
#7173=IFCINDEXEDPOLYGONALFACE((64,50,66));
#7174=IFCINDEXEDPOLYGONALFACE((64,66,80));
#7175=IFCINDEXEDPOLYGONALFACE((66,65,81));
#7176=IFCINDEXEDPOLYGONALFACE((66,81,82));
#7177=IFCINDEXEDPOLYGONALFACE((65,67,83));
#7178=IFCINDEXEDPOLYGONALFACE((65,83,81));
#7179=IFCINDEXEDPOLYGONALFACE((67,68,84));
#7180=IFCINDEXEDPOLYGONALFACE((67,84,83));
#7181=IFCINDEXEDPOLYGONALFACE((68,69,85));
#7182=IFCINDEXEDPOLYGONALFACE((68,85,84));
#7183=IFCINDEXEDPOLYGONALFACE((69,70,86));
#7184=IFCINDEXEDPOLYGONALFACE((69,86,85));
#7185=IFCINDEXEDPOLYGONALFACE((70,71,87));
#7186=IFCINDEXEDPOLYGONALFACE((70,87,86));
#7187=IFCINDEXEDPOLYGONALFACE((71,72,88));
#7188=IFCINDEXEDPOLYGONALFACE((71,88,87));
#7189=IFCINDEXEDPOLYGONALFACE((72,73,89));
#7190=IFCINDEXEDPOLYGONALFACE((72,89,88));
#7191=IFCINDEXEDPOLYGONALFACE((73,74,90));
#7192=IFCINDEXEDPOLYGONALFACE((73,90,89));
#7193=IFCINDEXEDPOLYGONALFACE((74,75,91));
#7194=IFCINDEXEDPOLYGONALFACE((74,91,90));
#7195=IFCINDEXEDPOLYGONALFACE((75,76,92));
#7196=IFCINDEXEDPOLYGONALFACE((75,92,91));
#7197=IFCINDEXEDPOLYGONALFACE((76,77,93));
#7198=IFCINDEXEDPOLYGONALFACE((76,93,92));
#7199=IFCINDEXEDPOLYGONALFACE((77,78,94));
#7200=IFCINDEXEDPOLYGONALFACE((77,94,93));
#7201=IFCINDEXEDPOLYGONALFACE((78,79,95));
#7202=IFCINDEXEDPOLYGONALFACE((78,95,94));
#7203=IFCINDEXEDPOLYGONALFACE((79,80,96));
#7204=IFCINDEXEDPOLYGONALFACE((79,96,95));
#7205=IFCINDEXEDPOLYGONALFACE((80,66,82));
#7206=IFCINDEXEDPOLYGONALFACE((80,82,96));
#7207=IFCINDEXEDPOLYGONALFACE((82,81,97));
#7208=IFCINDEXEDPOLYGONALFACE((82,97,98));
#7209=IFCINDEXEDPOLYGONALFACE((81,83,99));
#7210=IFCINDEXEDPOLYGONALFACE((81,99,97));
#7211=IFCINDEXEDPOLYGONALFACE((83,84,100));
#7212=IFCINDEXEDPOLYGONALFACE((83,100,99));
#7213=IFCINDEXEDPOLYGONALFACE((84,85,101));
#7214=IFCINDEXEDPOLYGONALFACE((84,101,100));
#7215=IFCINDEXEDPOLYGONALFACE((85,86,102));
#7216=IFCINDEXEDPOLYGONALFACE((85,102,101));
#7217=IFCINDEXEDPOLYGONALFACE((86,87,103));
#7218=IFCINDEXEDPOLYGONALFACE((86,103,102));
#7219=IFCINDEXEDPOLYGONALFACE((87,88,104));
#7220=IFCINDEXEDPOLYGONALFACE((87,104,103));
#7221=IFCINDEXEDPOLYGONALFACE((88,89,105));
#7222=IFCINDEXEDPOLYGONALFACE((88,105,104));
#7223=IFCINDEXEDPOLYGONALFACE((89,90,106));
#7224=IFCINDEXEDPOLYGONALFACE((89,106,105));
#7225=IFCINDEXEDPOLYGONALFACE((90,91,107));
#7226=IFCINDEXEDPOLYGONALFACE((90,107,106));
#7227=IFCINDEXEDPOLYGONALFACE((91,92,108));
#7228=IFCINDEXEDPOLYGONALFACE((91,108,107));
#7229=IFCINDEXEDPOLYGONALFACE((92,93,109));
#7230=IFCINDEXEDPOLYGONALFACE((92,109,108));
#7231=IFCINDEXEDPOLYGONALFACE((93,94,110));
#7232=IFCINDEXEDPOLYGONALFACE((93,110,109));
#7233=IFCINDEXEDPOLYGONALFACE((94,95,111));
#7234=IFCINDEXEDPOLYGONALFACE((94,111,110));
#7235=IFCINDEXEDPOLYGONALFACE((95,96,112));
#7236=IFCINDEXEDPOLYGONALFACE((95,112,111));
#7237=IFCINDEXEDPOLYGONALFACE((96,82,98));
#7238=IFCINDEXEDPOLYGONALFACE((96,98,112));
#7239=IFCINDEXEDPOLYGONALFACE((98,97,113));
#7240=IFCINDEXEDPOLYGONALFACE((98,113,114));
#7241=IFCINDEXEDPOLYGONALFACE((97,99,115));
#7242=IFCINDEXEDPOLYGONALFACE((97,115,113));
#7243=IFCINDEXEDPOLYGONALFACE((99,100,116));
#7244=IFCINDEXEDPOLYGONALFACE((99,116,115));
#7245=IFCINDEXEDPOLYGONALFACE((100,101,117));
#7246=IFCINDEXEDPOLYGONALFACE((100,117,116));
#7247=IFCINDEXEDPOLYGONALFACE((101,102,118));
#7248=IFCINDEXEDPOLYGONALFACE((101,118,117));
#7249=IFCINDEXEDPOLYGONALFACE((102,103,119));
#7250=IFCINDEXEDPOLYGONALFACE((102,119,118));
#7251=IFCINDEXEDPOLYGONALFACE((103,104,120));
#7252=IFCINDEXEDPOLYGONALFACE((103,120,119));
#7253=IFCINDEXEDPOLYGONALFACE((104,105,121));
#7254=IFCINDEXEDPOLYGONALFACE((104,121,120));
#7255=IFCINDEXEDPOLYGONALFACE((105,106,122));
#7256=IFCINDEXEDPOLYGONALFACE((105,122,121));
#7257=IFCINDEXEDPOLYGONALFACE((106,107,123));
#7258=IFCINDEXEDPOLYGONALFACE((106,123,122));
#7259=IFCINDEXEDPOLYGONALFACE((107,108,124));
#7260=IFCINDEXEDPOLYGONALFACE((107,124,123));
#7261=IFCINDEXEDPOLYGONALFACE((108,109,125));
#7262=IFCINDEXEDPOLYGONALFACE((108,125,124));
#7263=IFCINDEXEDPOLYGONALFACE((109,110,126));
#7264=IFCINDEXEDPOLYGONALFACE((109,126,125));
#7265=IFCINDEXEDPOLYGONALFACE((110,111,127));
#7266=IFCINDEXEDPOLYGONALFACE((110,127,126));
#7267=IFCINDEXEDPOLYGONALFACE((111,112,128));
#7268=IFCINDEXEDPOLYGONALFACE((111,128,127));
#7269=IFCINDEXEDPOLYGONALFACE((112,98,114));
#7270=IFCINDEXEDPOLYGONALFACE((112,114,128));
#7271=IFCINDEXEDPOLYGONALFACE((114,113,129));
#7272=IFCINDEXEDPOLYGONALFACE((114,129,130));
#7273=IFCINDEXEDPOLYGONALFACE((113,115,131));
#7274=IFCINDEXEDPOLYGONALFACE((113,131,129));
#7275=IFCINDEXEDPOLYGONALFACE((115,116,132));
#7276=IFCINDEXEDPOLYGONALFACE((115,132,131));
#7277=IFCINDEXEDPOLYGONALFACE((116,117,133));
#7278=IFCINDEXEDPOLYGONALFACE((116,133,132));
#7279=IFCINDEXEDPOLYGONALFACE((117,118,134));
#7280=IFCINDEXEDPOLYGONALFACE((117,134,133));
#7281=IFCINDEXEDPOLYGONALFACE((118,119,135));
#7282=IFCINDEXEDPOLYGONALFACE((118,135,134));
#7283=IFCINDEXEDPOLYGONALFACE((119,120,136));
#7284=IFCINDEXEDPOLYGONALFACE((119,136,135));
#7285=IFCINDEXEDPOLYGONALFACE((120,121,137));
#7286=IFCINDEXEDPOLYGONALFACE((120,137,136));
#7287=IFCINDEXEDPOLYGONALFACE((121,122,138));
#7288=IFCINDEXEDPOLYGONALFACE((121,138,137));
#7289=IFCINDEXEDPOLYGONALFACE((122,123,139));
#7290=IFCINDEXEDPOLYGONALFACE((122,139,138));
#7291=IFCINDEXEDPOLYGONALFACE((123,124,140));
#7292=IFCINDEXEDPOLYGONALFACE((123,140,139));
#7293=IFCINDEXEDPOLYGONALFACE((124,125,141));
#7294=IFCINDEXEDPOLYGONALFACE((124,141,140));
#7295=IFCINDEXEDPOLYGONALFACE((125,126,142));
#7296=IFCINDEXEDPOLYGONALFACE((125,142,141));
#7297=IFCINDEXEDPOLYGONALFACE((126,127,143));
#7298=IFCINDEXEDPOLYGONALFACE((126,143,142));
#7299=IFCINDEXEDPOLYGONALFACE((127,128,144));
#7300=IFCINDEXEDPOLYGONALFACE((127,144,143));
#7301=IFCINDEXEDPOLYGONALFACE((128,114,130));
#7302=IFCINDEXEDPOLYGONALFACE((128,130,144));
#7303=IFCINDEXEDPOLYGONALFACE((130,129,145));
#7304=IFCINDEXEDPOLYGONALFACE((130,145,146));
#7305=IFCINDEXEDPOLYGONALFACE((129,131,147));
#7306=IFCINDEXEDPOLYGONALFACE((129,147,145));
#7307=IFCINDEXEDPOLYGONALFACE((131,132,148));
#7308=IFCINDEXEDPOLYGONALFACE((131,148,147));
#7309=IFCINDEXEDPOLYGONALFACE((132,133,149));
#7310=IFCINDEXEDPOLYGONALFACE((132,149,148));
#7311=IFCINDEXEDPOLYGONALFACE((133,134,150));
#7312=IFCINDEXEDPOLYGONALFACE((133,150,149));
#7313=IFCINDEXEDPOLYGONALFACE((134,135,151));
#7314=IFCINDEXEDPOLYGONALFACE((134,151,150));
#7315=IFCINDEXEDPOLYGONALFACE((135,136,152));
#7316=IFCINDEXEDPOLYGONALFACE((135,152,151));
#7317=IFCINDEXEDPOLYGONALFACE((136,137,153));
#7318=IFCINDEXEDPOLYGONALFACE((136,153,152));
#7319=IFCINDEXEDPOLYGONALFACE((137,138,154));
#7320=IFCINDEXEDPOLYGONALFACE((137,154,153));
#7321=IFCINDEXEDPOLYGONALFACE((138,139,155));
#7322=IFCINDEXEDPOLYGONALFACE((138,155,154));
#7323=IFCINDEXEDPOLYGONALFACE((139,140,156));
#7324=IFCINDEXEDPOLYGONALFACE((139,156,155));
#7325=IFCINDEXEDPOLYGONALFACE((140,141,157));
#7326=IFCINDEXEDPOLYGONALFACE((140,157,156));
#7327=IFCINDEXEDPOLYGONALFACE((141,142,158));
#7328=IFCINDEXEDPOLYGONALFACE((141,158,157));
#7329=IFCINDEXEDPOLYGONALFACE((142,143,159));
#7330=IFCINDEXEDPOLYGONALFACE((142,159,158));
#7331=IFCINDEXEDPOLYGONALFACE((143,144,160));
#7332=IFCINDEXEDPOLYGONALFACE((143,160,159));
#7333=IFCINDEXEDPOLYGONALFACE((144,130,146));
#7334=IFCINDEXEDPOLYGONALFACE((144,146,160));
#7335=IFCINDEXEDPOLYGONALFACE((146,145,161));
#7336=IFCINDEXEDPOLYGONALFACE((146,161,162));
#7337=IFCINDEXEDPOLYGONALFACE((145,147,163));
#7338=IFCINDEXEDPOLYGONALFACE((145,163,161));
#7339=IFCINDEXEDPOLYGONALFACE((147,148,164));
#7340=IFCINDEXEDPOLYGONALFACE((147,164,163));
#7341=IFCINDEXEDPOLYGONALFACE((148,149,165));
#7342=IFCINDEXEDPOLYGONALFACE((148,165,164));
#7343=IFCINDEXEDPOLYGONALFACE((149,150,166));
#7344=IFCINDEXEDPOLYGONALFACE((149,166,165));
#7345=IFCINDEXEDPOLYGONALFACE((150,151,167));
#7346=IFCINDEXEDPOLYGONALFACE((150,167,166));
#7347=IFCINDEXEDPOLYGONALFACE((151,152,168));
#7348=IFCINDEXEDPOLYGONALFACE((151,168,167));
#7349=IFCINDEXEDPOLYGONALFACE((152,153,169));
#7350=IFCINDEXEDPOLYGONALFACE((152,169,168));
#7351=IFCINDEXEDPOLYGONALFACE((153,154,170));
#7352=IFCINDEXEDPOLYGONALFACE((153,170,169));
#7353=IFCINDEXEDPOLYGONALFACE((154,155,171));
#7354=IFCINDEXEDPOLYGONALFACE((154,171,170));
#7355=IFCINDEXEDPOLYGONALFACE((155,156,172));
#7356=IFCINDEXEDPOLYGONALFACE((155,172,171));
#7357=IFCINDEXEDPOLYGONALFACE((156,157,173));
#7358=IFCINDEXEDPOLYGONALFACE((156,173,172));
#7359=IFCINDEXEDPOLYGONALFACE((157,158,174));
#7360=IFCINDEXEDPOLYGONALFACE((157,174,173));
#7361=IFCINDEXEDPOLYGONALFACE((158,159,175));
#7362=IFCINDEXEDPOLYGONALFACE((158,175,174));
#7363=IFCINDEXEDPOLYGONALFACE((159,160,176));
#7364=IFCINDEXEDPOLYGONALFACE((159,176,175));
#7365=IFCINDEXEDPOLYGONALFACE((160,146,162));
#7366=IFCINDEXEDPOLYGONALFACE((160,162,176));
#7367=IFCINDEXEDPOLYGONALFACE((177,2,1));
#7368=IFCINDEXEDPOLYGONALFACE((178,162,161));
#7369=IFCINDEXEDPOLYGONALFACE((177,5,2));
#7370=IFCINDEXEDPOLYGONALFACE((178,161,163));
#7371=IFCINDEXEDPOLYGONALFACE((177,7,5));
#7372=IFCINDEXEDPOLYGONALFACE((178,163,164));
#7373=IFCINDEXEDPOLYGONALFACE((177,9,7));
#7374=IFCINDEXEDPOLYGONALFACE((178,164,165));
#7375=IFCINDEXEDPOLYGONALFACE((177,11,9));
#7376=IFCINDEXEDPOLYGONALFACE((178,165,166));
#7377=IFCINDEXEDPOLYGONALFACE((177,13,11));
#7378=IFCINDEXEDPOLYGONALFACE((178,166,167));
#7379=IFCINDEXEDPOLYGONALFACE((177,15,13));
#7380=IFCINDEXEDPOLYGONALFACE((178,167,168));
#7381=IFCINDEXEDPOLYGONALFACE((177,17,15));
#7382=IFCINDEXEDPOLYGONALFACE((178,168,169));
#7383=IFCINDEXEDPOLYGONALFACE((177,19,17));
#7384=IFCINDEXEDPOLYGONALFACE((178,169,170));
#7385=IFCINDEXEDPOLYGONALFACE((177,21,19));
#7386=IFCINDEXEDPOLYGONALFACE((178,170,171));
#7387=IFCINDEXEDPOLYGONALFACE((177,23,21));
#7388=IFCINDEXEDPOLYGONALFACE((178,171,172));
#7389=IFCINDEXEDPOLYGONALFACE((177,25,23));
#7390=IFCINDEXEDPOLYGONALFACE((178,172,173));
#7391=IFCINDEXEDPOLYGONALFACE((177,27,25));
#7392=IFCINDEXEDPOLYGONALFACE((178,173,174));
#7393=IFCINDEXEDPOLYGONALFACE((177,29,27));
#7394=IFCINDEXEDPOLYGONALFACE((178,174,175));
#7395=IFCINDEXEDPOLYGONALFACE((177,31,29));
#7396=IFCINDEXEDPOLYGONALFACE((178,175,176));
#7397=IFCINDEXEDPOLYGONALFACE((177,1,31));
#7398=IFCINDEXEDPOLYGONALFACE((178,176,162));
#7399=IFCCARTESIANPOINTLIST3D(((0.041359,0.,-0.028893),(0.038211,0.015828,-0.028893),(0.073818,0.030576,-0.021251),(0.0799,0.,-0.021251),(0.029245,0.029245,-0.028893),(0.056498,0.056498,-0.021251),(0.015828,0.038211,-0.028893),(0.030576,0.073818,-0.021251),(0.,0.041359,-0.028893),(0.,0.0799,-0.021251),(-0.015828,0.038211,-0.028893),(-0.030576,0.073818,-0.021251),(-0.029245,0.029245,-0.028893),(-0.056498,0.056498,-0.021251),(-0.038211,0.015828,-0.028893),(-0.073818,0.030576,-0.021251),(-0.041359,0.,-0.028893),(-0.0799,0.,-0.021251),(-0.038211,-0.015828,-0.028893),(-0.073818,-0.030576,-0.021251),(-0.029245,-0.029245,-0.028893),(-0.056498,-0.056498,-0.021251),(-0.015828,-0.038211,-0.028893),(-0.030576,-0.073818,-0.021251),(0.,-0.041359,-0.028893),(0.,-0.0799,-0.021251),(0.015828,-0.038211,-0.028893),(0.030576,-0.073818,-0.021251),(0.029245,-0.029245,-0.028893),(0.056498,-0.056498,-0.021251),(0.038211,-0.015828,-0.028893),(0.073818,-0.030576,-0.021251),(0.104394,0.043242,-0.009094),(0.112996,0.,-0.009094),(0.0799,0.0799,-0.009094),(0.043242,0.104394,-0.009094),(0.,0.112996,-0.009094),(-0.043242,0.104394,-0.009094),(-0.0799,0.0799,-0.009094),(-0.104394,0.043242,-0.009094),(-0.112996,0.,-0.009094),(-0.104394,-0.043242,-0.009094),(-0.0799,-0.0799,-0.009094),(-0.043242,-0.104394,-0.009094),(0.,-0.112996,-0.009094),(0.043242,-0.104394,-0.009094),(0.0799,-0.0799,-0.009094),(0.104394,-0.043242,-0.009094),(0.127856,0.05296,0.00675),(0.138391,0.,0.00675),(0.097857,0.097857,0.00675),(0.05296,0.127856,0.00675),(0.,0.138391,0.00675),(-0.05296,0.127856,0.00675),(-0.097857,0.097857,0.00675),(-0.127856,0.05296,0.00675),(-0.138391,0.,0.00675),(-0.127856,-0.05296,0.00675),(-0.097857,-0.097857,0.00675),(-0.05296,-0.127856,0.00675),(0.,-0.138391,0.00675),(0.05296,-0.127856,0.00675),(0.097857,-0.097857,0.00675),(0.127856,-0.05296,0.00675),(0.142605,0.059069,0.0252),(0.154355,0.,0.0252),(0.109145,0.109145,0.0252),(0.059069,0.142605,0.0252),(0.,0.154355,0.0252),(-0.059069,0.142605,0.0252),(-0.109145,0.109145,0.0252),(-0.142605,0.059069,0.0252),(-0.154355,0.,0.0252),(-0.142605,-0.059069,0.0252),(-0.109145,-0.109145,0.0252),(-0.059069,-0.142605,0.0252),(0.,-0.154355,0.0252),(0.059069,-0.142605,0.0252),(0.109145,-0.109145,0.0252),(0.142605,-0.059069,0.0252),(0.147636,0.061153,0.045),(0.1598,0.,0.045),(0.112996,0.112996,0.045),(0.061153,0.147636,0.045),(0.,0.1598,0.045),(-0.061153,0.147636,0.045),(-0.112996,0.112996,0.045),(-0.147636,0.061153,0.045),(-0.1598,0.,0.045),(-0.147636,-0.061153,0.045),(-0.112996,-0.112996,0.045),(-0.061153,-0.147636,0.045),(0.,-0.1598,0.045),(0.061153,-0.147636,0.045),(0.112996,-0.112996,0.045),(0.147636,-0.061153,0.045),(0.142605,0.059069,0.0648),(0.154355,0.,0.0648),(0.109145,0.109145,0.0648),(0.059069,0.142605,0.0648),(0.,0.154355,0.0648),(-0.059069,0.142605,0.0648),(-0.109145,0.109145,0.0648),(-0.142605,0.059069,0.0648),(-0.154355,0.,0.0648),(-0.142605,-0.059069,0.0648),(-0.109145,-0.109145,0.0648),(-0.059069,-0.142605,0.0648),(0.,-0.154355,0.0648),(0.059069,-0.142605,0.0648),(0.109145,-0.109145,0.0648),(0.142605,-0.059069,0.0648),(0.127856,0.05296,0.08325),(0.138391,0.,0.08325),(0.097857,0.097857,0.08325),(0.05296,0.127856,0.08325),(0.,0.138391,0.08325),(-0.05296,0.127856,0.08325),(-0.097857,0.097857,0.08325),(-0.127856,0.05296,0.08325),(-0.138391,0.,0.08325),(-0.127856,-0.05296,0.08325),(-0.097857,-0.097857,0.08325),(-0.05296,-0.127856,0.08325),(0.,-0.138391,0.08325),(0.05296,-0.127856,0.08325),(0.097857,-0.097857,0.08325),(0.127856,-0.05296,0.08325),(0.104394,0.043242,0.099094),(0.112996,0.,0.099094),(0.0799,0.0799,0.099094),(0.043242,0.104394,0.099094),(0.,0.112996,0.099094),(-0.043242,0.104394,0.099094),(-0.0799,0.0799,0.099094),(-0.104394,0.043242,0.099094),(-0.112996,0.,0.099094),(-0.104394,-0.043242,0.099094),(-0.0799,-0.0799,0.099094),(-0.043242,-0.104394,0.099094),(0.,-0.112996,0.099094),(0.043242,-0.104394,0.099094),(0.0799,-0.0799,0.099094),(0.104394,-0.043242,0.099094),(0.073818,0.030576,0.111251),(0.0799,0.,0.111251),(0.056498,0.056498,0.111251),(0.030576,0.073818,0.111251),(0.,0.0799,0.111251),(-0.030576,0.073818,0.111251),(-0.056498,0.056498,0.111251),(-0.073818,0.030576,0.111251),(-0.0799,0.,0.111251),(-0.073818,-0.030576,0.111251),(-0.056498,-0.056498,0.111251),(-0.030576,-0.073818,0.111251),(0.,-0.0799,0.111251),(0.030576,-0.073818,0.111251),(0.056498,-0.056498,0.111251),(0.073818,-0.030576,0.111251),(0.038211,0.015828,0.118893),(0.041359,0.,0.118893),(0.029245,0.029245,0.118893),(0.015828,0.038211,0.118893),(0.,0.041359,0.118893),(-0.015828,0.038211,0.118893),(-0.029245,0.029245,0.118893),(-0.038211,0.015828,0.118893),(-0.041359,0.,0.118893),(-0.038211,-0.015828,0.118893),(-0.029245,-0.029245,0.118893),(-0.015828,-0.038211,0.118893),(0.,-0.041359,0.118893),(0.015828,-0.038211,0.118893),(0.029245,-0.029245,0.118893),(0.038211,-0.015828,0.118893),(0.,0.,-0.0315),(0.,0.,0.1215)));
#7400=IFCPOLYGONALFACESET(#7399,.T.,(#7047,#7048,#7049,#7050,#7051,#7052,#7053,#7054,#7055,#7056,#7057,#7058,#7059,#7060,#7061,#7062,#7063,#7064,#7065,#7066,#7067,#7068,#7069,#7070,#7071,#7072,#7073,#7074,#7075,#7076,#7077,#7078,#7079,#7080,#7081,#7082,#7083,#7084,#7085,#7086,#7087,#7088,#7089,#7090,#7091,#7092,#7093,#7094,#7095,#7096,#7097,#7098,#7099,#7100,#7101,#7102,#7103,#7104,#7105,#7106,#7107,#7108,#7109,#7110,#7111,#7112,#7113,#7114,#7115,#7116,#7117,#7118,#7119,#7120,#7121,#7122,#7123,#7124,#7125,#7126,#7127,#7128,#7129,#7130,#7131,#7132,#7133,#7134,#7135,#7136,#7137,#7138,#7139,#7140,#7141,#7142,#7143,#7144,#7145,#7146,#7147,#7148,#7149,#7150,#7151,#7152,#7153,#7154,#7155,#7156,#7157,#7158,#7159,#7160,#7161,#7162,#7163,#7164,#7165,#7166,#7167,#7168,#7169,#7170,#7171,#7172,#7173,#7174,#7175,#7176,#7177,#7178,#7179,#7180,#7181,#7182,#7183,#7184,#7185,#7186,#7187,#7188,#7189,#7190,#7191,#7192,#7193,#7194,#7195,#7196,#7197,#7198,#7199,#7200,#7201,#7202,#7203,#7204,#7205,#7206,#7207,#7208,#7209,#7210,#7211,#7212,#7213,#7214,#7215,#7216,#7217,#7218,#7219,#7220,#7221,#7222,#7223,#7224,#7225,#7226,#7227,#7228,#7229,#7230,#7231,#7232,#7233,#7234,#7235,#7236,#7237,#7238,#7239,#7240,#7241,#7242,#7243,#7244,#7245,#7246,#7247,#7248,#7249,#7250,#7251,#7252,#7253,#7254,#7255,#7256,#7257,#7258,#7259,#7260,#7261,#7262,#7263,#7264,#7265,#7266,#7267,#7268,#7269,#7270,#7271,#7272,#7273,#7274,#7275,#7276,#7277,#7278,#7279,#7280,#7281,#7282,#7283,#7284,#7285,#7286,#7287,#7288,#7289,#7290,#7291,#7292,#7293,#7294,#7295,#7296,#7297,#7298,#7299,#7300,#7301,#7302,#7303,#7304,#7305,#7306,#7307,#7308,#7309,#7310,#7311,#7312,#7313,#7314,#7315,#7316,#7317,#7318,#7319,#7320,#7321,#7322,#7323,#7324,#7325,#7326,#7327,#7328,#7329,#7330,#7331,#7332,#7333,#7334,#7335,#7336,#7337,#7338,#7339,#7340,#7341,#7342,#7343,#7344,#7345,#7346,#7347,#7348,#7349,#7350,#7351,#7352,#7353,#7354,#7355,#7356,#7357,#7358,#7359,#7360,#7361,#7362,#7363,#7364,#7365,#7366,#7367,#7368,#7369,#7370,#7371,#7372,#7373,#7374,#7375,#7376,#7377,#7378,#7379,#7380,#7381,#7382,#7383,#7384,#7385,#7386,#7387,#7388,#7389,#7390,#7391,#7392,#7393,#7394,#7395,#7396,#7397,#7398),$);
#7401=IFCSTYLEDITEM(#7400,(#5076),$);
#7402=IFCSHAPEREPRESENTATION(#12,'Body','Tessellation',(#7045,#7400));
#7403=IFCPRODUCTDEFINITIONSHAPE($,$,(#7402));
#7404=IFCLIGHTFIXTURE('231vep0g__RvIWVCKi8J_U',#5,'Ceiling light','Skanna asset library',$,#6919,#7403,$,.POINTSOURCE.);
#7405=IFCCARTESIANPOINT((7.88,10.99,1.8));
#7406=IFCDIRECTION((0.,0.,1.));
#7407=IFCDIRECTION((1.,0.,0.));
#7408=IFCAXIS2PLACEMENT3D(#7405,#7406,#7407);
#7409=IFCLOCALPLACEMENT(#26,#7408);
#7410=IFCCARTESIANPOINT((0.,0.));
#7411=IFCAXIS2PLACEMENT2D(#7410,$);
#7412=IFCCIRCLEPROFILEDEF(.AREA.,$,#7411,0.0075);
#7413=IFCCARTESIANPOINT((0.,0.,0.306));
#7414=IFCAXIS2PLACEMENT3D(#7413,$,$);
#7415=IFCDIRECTION((0.,0.,1.));
#7416=IFCEXTRUDEDAREASOLID(#7412,#7414,#7415,0.594);
#7417=IFCSTYLEDITEM(#7416,(#3917),$);
#7418=IFCINDEXEDPOLYGONALFACE((1,2,3));
#7419=IFCINDEXEDPOLYGONALFACE((1,3,4));
#7420=IFCINDEXEDPOLYGONALFACE((2,5,6));
#7421=IFCINDEXEDPOLYGONALFACE((2,6,3));
#7422=IFCINDEXEDPOLYGONALFACE((5,7,8));
#7423=IFCINDEXEDPOLYGONALFACE((5,8,6));
#7424=IFCINDEXEDPOLYGONALFACE((7,9,10));
#7425=IFCINDEXEDPOLYGONALFACE((7,10,8));
#7426=IFCINDEXEDPOLYGONALFACE((9,11,12));
#7427=IFCINDEXEDPOLYGONALFACE((9,12,10));
#7428=IFCINDEXEDPOLYGONALFACE((11,13,14));
#7429=IFCINDEXEDPOLYGONALFACE((11,14,12));
#7430=IFCINDEXEDPOLYGONALFACE((13,15,16));
#7431=IFCINDEXEDPOLYGONALFACE((13,16,14));
#7432=IFCINDEXEDPOLYGONALFACE((15,17,18));
#7433=IFCINDEXEDPOLYGONALFACE((15,18,16));
#7434=IFCINDEXEDPOLYGONALFACE((17,19,20));
#7435=IFCINDEXEDPOLYGONALFACE((17,20,18));
#7436=IFCINDEXEDPOLYGONALFACE((19,21,22));
#7437=IFCINDEXEDPOLYGONALFACE((19,22,20));
#7438=IFCINDEXEDPOLYGONALFACE((21,23,24));
#7439=IFCINDEXEDPOLYGONALFACE((21,24,22));
#7440=IFCINDEXEDPOLYGONALFACE((23,25,26));
#7441=IFCINDEXEDPOLYGONALFACE((23,26,24));
#7442=IFCINDEXEDPOLYGONALFACE((25,27,28));
#7443=IFCINDEXEDPOLYGONALFACE((25,28,26));
#7444=IFCINDEXEDPOLYGONALFACE((27,29,30));
#7445=IFCINDEXEDPOLYGONALFACE((27,30,28));
#7446=IFCINDEXEDPOLYGONALFACE((29,31,32));
#7447=IFCINDEXEDPOLYGONALFACE((29,32,30));
#7448=IFCINDEXEDPOLYGONALFACE((31,33,34));
#7449=IFCINDEXEDPOLYGONALFACE((31,34,32));
#7450=IFCINDEXEDPOLYGONALFACE((33,35,36));
#7451=IFCINDEXEDPOLYGONALFACE((33,36,34));
#7452=IFCINDEXEDPOLYGONALFACE((35,37,38));
#7453=IFCINDEXEDPOLYGONALFACE((35,38,36));
#7454=IFCINDEXEDPOLYGONALFACE((37,39,40));
#7455=IFCINDEXEDPOLYGONALFACE((37,40,38));
#7456=IFCINDEXEDPOLYGONALFACE((39,41,42));
#7457=IFCINDEXEDPOLYGONALFACE((39,42,40));
#7458=IFCINDEXEDPOLYGONALFACE((41,43,44));
#7459=IFCINDEXEDPOLYGONALFACE((41,44,42));
#7460=IFCINDEXEDPOLYGONALFACE((43,45,46));
#7461=IFCINDEXEDPOLYGONALFACE((43,46,44));
#7462=IFCINDEXEDPOLYGONALFACE((45,47,48));
#7463=IFCINDEXEDPOLYGONALFACE((45,48,46));
#7464=IFCINDEXEDPOLYGONALFACE((47,49,50));
#7465=IFCINDEXEDPOLYGONALFACE((47,50,48));
#7466=IFCINDEXEDPOLYGONALFACE((49,51,52));
#7467=IFCINDEXEDPOLYGONALFACE((49,52,50));
#7468=IFCINDEXEDPOLYGONALFACE((51,53,54));
#7469=IFCINDEXEDPOLYGONALFACE((51,54,52));
#7470=IFCINDEXEDPOLYGONALFACE((53,55,56));
#7471=IFCINDEXEDPOLYGONALFACE((53,56,54));
#7472=IFCINDEXEDPOLYGONALFACE((55,57,58));
#7473=IFCINDEXEDPOLYGONALFACE((55,58,56));
#7474=IFCINDEXEDPOLYGONALFACE((57,59,60));
#7475=IFCINDEXEDPOLYGONALFACE((57,60,58));
#7476=IFCINDEXEDPOLYGONALFACE((59,61,62));
#7477=IFCINDEXEDPOLYGONALFACE((59,62,60));
#7478=IFCINDEXEDPOLYGONALFACE((61,63,64));
#7479=IFCINDEXEDPOLYGONALFACE((61,64,62));
#7480=IFCINDEXEDPOLYGONALFACE((63,1,4));
#7481=IFCINDEXEDPOLYGONALFACE((63,4,64));
#7482=IFCINDEXEDPOLYGONALFACE((1,5,2));
#7483=IFCINDEXEDPOLYGONALFACE((4,3,6));
#7484=IFCINDEXEDPOLYGONALFACE((1,7,5));
#7485=IFCINDEXEDPOLYGONALFACE((4,6,8));
#7486=IFCINDEXEDPOLYGONALFACE((1,9,7));
#7487=IFCINDEXEDPOLYGONALFACE((4,8,10));
#7488=IFCINDEXEDPOLYGONALFACE((1,11,9));
#7489=IFCINDEXEDPOLYGONALFACE((4,10,12));
#7490=IFCINDEXEDPOLYGONALFACE((1,13,11));
#7491=IFCINDEXEDPOLYGONALFACE((4,12,14));
#7492=IFCINDEXEDPOLYGONALFACE((1,15,13));
#7493=IFCINDEXEDPOLYGONALFACE((4,14,16));
#7494=IFCINDEXEDPOLYGONALFACE((1,17,15));
#7495=IFCINDEXEDPOLYGONALFACE((4,16,18));
#7496=IFCINDEXEDPOLYGONALFACE((1,19,17));
#7497=IFCINDEXEDPOLYGONALFACE((4,18,20));
#7498=IFCINDEXEDPOLYGONALFACE((1,21,19));
#7499=IFCINDEXEDPOLYGONALFACE((4,20,22));
#7500=IFCINDEXEDPOLYGONALFACE((1,23,21));
#7501=IFCINDEXEDPOLYGONALFACE((4,22,24));
#7502=IFCINDEXEDPOLYGONALFACE((1,25,23));
#7503=IFCINDEXEDPOLYGONALFACE((4,24,26));
#7504=IFCINDEXEDPOLYGONALFACE((1,27,25));
#7505=IFCINDEXEDPOLYGONALFACE((4,26,28));
#7506=IFCINDEXEDPOLYGONALFACE((1,29,27));
#7507=IFCINDEXEDPOLYGONALFACE((4,28,30));
#7508=IFCINDEXEDPOLYGONALFACE((1,31,29));
#7509=IFCINDEXEDPOLYGONALFACE((4,30,32));
#7510=IFCINDEXEDPOLYGONALFACE((1,33,31));
#7511=IFCINDEXEDPOLYGONALFACE((4,32,34));
#7512=IFCINDEXEDPOLYGONALFACE((1,35,33));
#7513=IFCINDEXEDPOLYGONALFACE((4,34,36));
#7514=IFCINDEXEDPOLYGONALFACE((1,37,35));
#7515=IFCINDEXEDPOLYGONALFACE((4,36,38));
#7516=IFCINDEXEDPOLYGONALFACE((1,39,37));
#7517=IFCINDEXEDPOLYGONALFACE((4,38,40));
#7518=IFCINDEXEDPOLYGONALFACE((1,41,39));
#7519=IFCINDEXEDPOLYGONALFACE((4,40,42));
#7520=IFCINDEXEDPOLYGONALFACE((1,43,41));
#7521=IFCINDEXEDPOLYGONALFACE((4,42,44));
#7522=IFCINDEXEDPOLYGONALFACE((1,45,43));
#7523=IFCINDEXEDPOLYGONALFACE((4,44,46));
#7524=IFCINDEXEDPOLYGONALFACE((1,47,45));
#7525=IFCINDEXEDPOLYGONALFACE((4,46,48));
#7526=IFCINDEXEDPOLYGONALFACE((1,49,47));
#7527=IFCINDEXEDPOLYGONALFACE((4,48,50));
#7528=IFCINDEXEDPOLYGONALFACE((1,51,49));
#7529=IFCINDEXEDPOLYGONALFACE((4,50,52));
#7530=IFCINDEXEDPOLYGONALFACE((1,53,51));
#7531=IFCINDEXEDPOLYGONALFACE((4,52,54));
#7532=IFCINDEXEDPOLYGONALFACE((1,55,53));
#7533=IFCINDEXEDPOLYGONALFACE((4,54,56));
#7534=IFCINDEXEDPOLYGONALFACE((1,57,55));
#7535=IFCINDEXEDPOLYGONALFACE((4,56,58));
#7536=IFCINDEXEDPOLYGONALFACE((1,59,57));
#7537=IFCINDEXEDPOLYGONALFACE((4,58,60));
#7538=IFCINDEXEDPOLYGONALFACE((1,61,59));
#7539=IFCINDEXEDPOLYGONALFACE((4,60,62));
#7540=IFCINDEXEDPOLYGONALFACE((1,63,61));
#7541=IFCINDEXEDPOLYGONALFACE((4,62,64));
#7542=IFCCARTESIANPOINTLIST3D(((0.15,0.,0.036),(0.147118,0.029264,0.036),(0.041193,0.008194,0.324),(0.042,0.,0.324),(0.138582,0.057403,0.036),(0.038803,0.016073,0.324),(0.12472,0.083336,0.036),(0.034922,0.023334,0.324),(0.106066,0.106066,0.036),(0.029698,0.029698,0.324),(0.083336,0.12472,0.036),(0.023334,0.034922,0.324),(0.057403,0.138582,0.036),(0.016073,0.038803,0.324),(0.029264,0.147118,0.036),(0.008194,0.041193,0.324),(0.,0.15,0.036),(0.,0.042,0.324),(-0.029264,0.147118,0.036),(-0.008194,0.041193,0.324),(-0.057403,0.138582,0.036),(-0.016073,0.038803,0.324),(-0.083336,0.12472,0.036),(-0.023334,0.034922,0.324),(-0.106066,0.106066,0.036),(-0.029698,0.029698,0.324),(-0.12472,0.083336,0.036),(-0.034922,0.023334,0.324),(-0.138582,0.057403,0.036),(-0.038803,0.016073,0.324),(-0.147118,0.029264,0.036),(-0.041193,0.008194,0.324),(-0.15,0.,0.036),(-0.042,0.,0.324),(-0.147118,-0.029264,0.036),(-0.041193,-0.008194,0.324),(-0.138582,-0.057403,0.036),(-0.038803,-0.016073,0.324),(-0.12472,-0.083336,0.036),(-0.034922,-0.023334,0.324),(-0.106066,-0.106066,0.036),(-0.029698,-0.029698,0.324),(-0.083336,-0.12472,0.036),(-0.023334,-0.034922,0.324),(-0.057403,-0.138582,0.036),(-0.016073,-0.038803,0.324),(-0.029264,-0.147118,0.036),(-0.008194,-0.041193,0.324),(0.,-0.15,0.036),(0.,-0.042,0.324),(0.029264,-0.147118,0.036),(0.008194,-0.041193,0.324),(0.057403,-0.138582,0.036),(0.016073,-0.038803,0.324),(0.083336,-0.12472,0.036),(0.023334,-0.034922,0.324),(0.106066,-0.106066,0.036),(0.029698,-0.029698,0.324),(0.12472,-0.083336,0.036),(0.034922,-0.023334,0.324),(0.138582,-0.057403,0.036),(0.038803,-0.016073,0.324),(0.147118,-0.029264,0.036),(0.041193,-0.008194,0.324)));
#7543=IFCPOLYGONALFACESET(#7542,.T.,(#7418,#7419,#7420,#7421,#7422,#7423,#7424,#7425,#7426,#7427,#7428,#7429,#7430,#7431,#7432,#7433,#7434,#7435,#7436,#7437,#7438,#7439,#7440,#7441,#7442,#7443,#7444,#7445,#7446,#7447,#7448,#7449,#7450,#7451,#7452,#7453,#7454,#7455,#7456,#7457,#7458,#7459,#7460,#7461,#7462,#7463,#7464,#7465,#7466,#7467,#7468,#7469,#7470,#7471,#7472,#7473,#7474,#7475,#7476,#7477,#7478,#7479,#7480,#7481,#7482,#7483,#7484,#7485,#7486,#7487,#7488,#7489,#7490,#7491,#7492,#7493,#7494,#7495,#7496,#7497,#7498,#7499,#7500,#7501,#7502,#7503,#7504,#7505,#7506,#7507,#7508,#7509,#7510,#7511,#7512,#7513,#7514,#7515,#7516,#7517,#7518,#7519,#7520,#7521,#7522,#7523,#7524,#7525,#7526,#7527,#7528,#7529,#7530,#7531,#7532,#7533,#7534,#7535,#7536,#7537,#7538,#7539,#7540,#7541),$);
#7544=IFCSTYLEDITEM(#7543,(#3585),$);
#7545=IFCCARTESIANPOINT((0.,0.));
#7546=IFCAXIS2PLACEMENT2D(#7545,$);
#7547=IFCCIRCLEPROFILEDEF(.AREA.,$,#7546,0.135);
#7548=IFCCARTESIANPOINT((0.,0.,0.018));
#7549=IFCAXIS2PLACEMENT3D(#7548,$,$);
#7550=IFCDIRECTION((0.,0.,1.));
#7551=IFCEXTRUDEDAREASOLID(#7547,#7549,#7550,0.045);
#7552=IFCSTYLEDITEM(#7551,(#5076),$);
#7553=IFCSHAPEREPRESENTATION(#12,'Body','SolidModel',(#7416,#7543,#7551));
#7554=IFCPRODUCTDEFINITIONSHAPE($,$,(#7553));
#7555=IFCLIGHTFIXTURE('0$SHgrGBkUVXZBXIYReiKQ',#5,'Pendant light','Skanna asset library',$,#7409,#7554,$,.POINTSOURCE.);
#7556=IFCCARTESIANPOINT((4.94,5.66,2.65));
#7557=IFCDIRECTION((0.,0.,1.));
#7558=IFCDIRECTION((0.,1.,0.));
#7559=IFCAXIS2PLACEMENT3D(#7556,#7557,#7558);
#7560=IFCLOCALPLACEMENT(#26,#7559);
#7561=IFCINDEXEDPOLYGONALFACE((1,2,3));
#7562=IFCINDEXEDPOLYGONALFACE((1,3,4));
#7563=IFCINDEXEDPOLYGONALFACE((2,5,6));
#7564=IFCINDEXEDPOLYGONALFACE((2,6,3));
#7565=IFCINDEXEDPOLYGONALFACE((5,7,8));
#7566=IFCINDEXEDPOLYGONALFACE((5,8,6));
#7567=IFCINDEXEDPOLYGONALFACE((7,9,10));
#7568=IFCINDEXEDPOLYGONALFACE((7,10,8));
#7569=IFCINDEXEDPOLYGONALFACE((9,11,12));
#7570=IFCINDEXEDPOLYGONALFACE((9,12,10));
#7571=IFCINDEXEDPOLYGONALFACE((11,13,14));
#7572=IFCINDEXEDPOLYGONALFACE((11,14,12));
#7573=IFCINDEXEDPOLYGONALFACE((13,15,16));
#7574=IFCINDEXEDPOLYGONALFACE((13,16,14));
#7575=IFCINDEXEDPOLYGONALFACE((15,17,18));
#7576=IFCINDEXEDPOLYGONALFACE((15,18,16));
#7577=IFCINDEXEDPOLYGONALFACE((17,19,20));
#7578=IFCINDEXEDPOLYGONALFACE((17,20,18));
#7579=IFCINDEXEDPOLYGONALFACE((19,21,22));
#7580=IFCINDEXEDPOLYGONALFACE((19,22,20));
#7581=IFCINDEXEDPOLYGONALFACE((21,23,24));
#7582=IFCINDEXEDPOLYGONALFACE((21,24,22));
#7583=IFCINDEXEDPOLYGONALFACE((23,25,26));
#7584=IFCINDEXEDPOLYGONALFACE((23,26,24));
#7585=IFCINDEXEDPOLYGONALFACE((25,27,28));
#7586=IFCINDEXEDPOLYGONALFACE((25,28,26));
#7587=IFCINDEXEDPOLYGONALFACE((27,29,30));
#7588=IFCINDEXEDPOLYGONALFACE((27,30,28));
#7589=IFCINDEXEDPOLYGONALFACE((29,31,32));
#7590=IFCINDEXEDPOLYGONALFACE((29,32,30));
#7591=IFCINDEXEDPOLYGONALFACE((31,33,34));
#7592=IFCINDEXEDPOLYGONALFACE((31,34,32));
#7593=IFCINDEXEDPOLYGONALFACE((33,35,36));
#7594=IFCINDEXEDPOLYGONALFACE((33,36,34));
#7595=IFCINDEXEDPOLYGONALFACE((35,37,38));
#7596=IFCINDEXEDPOLYGONALFACE((35,38,36));
#7597=IFCINDEXEDPOLYGONALFACE((37,39,40));
#7598=IFCINDEXEDPOLYGONALFACE((37,40,38));
#7599=IFCINDEXEDPOLYGONALFACE((39,41,42));
#7600=IFCINDEXEDPOLYGONALFACE((39,42,40));
#7601=IFCINDEXEDPOLYGONALFACE((41,43,44));
#7602=IFCINDEXEDPOLYGONALFACE((41,44,42));
#7603=IFCINDEXEDPOLYGONALFACE((43,45,46));
#7604=IFCINDEXEDPOLYGONALFACE((43,46,44));
#7605=IFCINDEXEDPOLYGONALFACE((45,47,48));
#7606=IFCINDEXEDPOLYGONALFACE((45,48,46));
#7607=IFCINDEXEDPOLYGONALFACE((47,49,50));
#7608=IFCINDEXEDPOLYGONALFACE((47,50,48));
#7609=IFCINDEXEDPOLYGONALFACE((49,51,52));
#7610=IFCINDEXEDPOLYGONALFACE((49,52,50));
#7611=IFCINDEXEDPOLYGONALFACE((51,53,54));
#7612=IFCINDEXEDPOLYGONALFACE((51,54,52));
#7613=IFCINDEXEDPOLYGONALFACE((53,55,56));
#7614=IFCINDEXEDPOLYGONALFACE((53,56,54));
#7615=IFCINDEXEDPOLYGONALFACE((55,57,58));
#7616=IFCINDEXEDPOLYGONALFACE((55,58,56));
#7617=IFCINDEXEDPOLYGONALFACE((57,59,60));
#7618=IFCINDEXEDPOLYGONALFACE((57,60,58));
#7619=IFCINDEXEDPOLYGONALFACE((59,61,62));
#7620=IFCINDEXEDPOLYGONALFACE((59,62,60));
#7621=IFCINDEXEDPOLYGONALFACE((61,63,64));
#7622=IFCINDEXEDPOLYGONALFACE((61,64,62));
#7623=IFCINDEXEDPOLYGONALFACE((63,1,4));
#7624=IFCINDEXEDPOLYGONALFACE((63,4,64));
#7625=IFCINDEXEDPOLYGONALFACE((1,5,2));
#7626=IFCINDEXEDPOLYGONALFACE((4,3,6));
#7627=IFCINDEXEDPOLYGONALFACE((1,7,5));
#7628=IFCINDEXEDPOLYGONALFACE((4,6,8));
#7629=IFCINDEXEDPOLYGONALFACE((1,9,7));
#7630=IFCINDEXEDPOLYGONALFACE((4,8,10));
#7631=IFCINDEXEDPOLYGONALFACE((1,11,9));
#7632=IFCINDEXEDPOLYGONALFACE((4,10,12));
#7633=IFCINDEXEDPOLYGONALFACE((1,13,11));
#7634=IFCINDEXEDPOLYGONALFACE((4,12,14));
#7635=IFCINDEXEDPOLYGONALFACE((1,15,13));
#7636=IFCINDEXEDPOLYGONALFACE((4,14,16));
#7637=IFCINDEXEDPOLYGONALFACE((1,17,15));
#7638=IFCINDEXEDPOLYGONALFACE((4,16,18));
#7639=IFCINDEXEDPOLYGONALFACE((1,19,17));
#7640=IFCINDEXEDPOLYGONALFACE((4,18,20));
#7641=IFCINDEXEDPOLYGONALFACE((1,21,19));
#7642=IFCINDEXEDPOLYGONALFACE((4,20,22));
#7643=IFCINDEXEDPOLYGONALFACE((1,23,21));
#7644=IFCINDEXEDPOLYGONALFACE((4,22,24));
#7645=IFCINDEXEDPOLYGONALFACE((1,25,23));
#7646=IFCINDEXEDPOLYGONALFACE((4,24,26));
#7647=IFCINDEXEDPOLYGONALFACE((1,27,25));
#7648=IFCINDEXEDPOLYGONALFACE((4,26,28));
#7649=IFCINDEXEDPOLYGONALFACE((1,29,27));
#7650=IFCINDEXEDPOLYGONALFACE((4,28,30));
#7651=IFCINDEXEDPOLYGONALFACE((1,31,29));
#7652=IFCINDEXEDPOLYGONALFACE((4,30,32));
#7653=IFCINDEXEDPOLYGONALFACE((1,33,31));
#7654=IFCINDEXEDPOLYGONALFACE((4,32,34));
#7655=IFCINDEXEDPOLYGONALFACE((1,35,33));
#7656=IFCINDEXEDPOLYGONALFACE((4,34,36));
#7657=IFCINDEXEDPOLYGONALFACE((1,37,35));
#7658=IFCINDEXEDPOLYGONALFACE((4,36,38));
#7659=IFCINDEXEDPOLYGONALFACE((1,39,37));
#7660=IFCINDEXEDPOLYGONALFACE((4,38,40));
#7661=IFCINDEXEDPOLYGONALFACE((1,41,39));
#7662=IFCINDEXEDPOLYGONALFACE((4,40,42));
#7663=IFCINDEXEDPOLYGONALFACE((1,43,41));
#7664=IFCINDEXEDPOLYGONALFACE((4,42,44));
#7665=IFCINDEXEDPOLYGONALFACE((1,45,43));
#7666=IFCINDEXEDPOLYGONALFACE((4,44,46));
#7667=IFCINDEXEDPOLYGONALFACE((1,47,45));
#7668=IFCINDEXEDPOLYGONALFACE((4,46,48));
#7669=IFCINDEXEDPOLYGONALFACE((1,49,47));
#7670=IFCINDEXEDPOLYGONALFACE((4,48,50));
#7671=IFCINDEXEDPOLYGONALFACE((1,51,49));
#7672=IFCINDEXEDPOLYGONALFACE((4,50,52));
#7673=IFCINDEXEDPOLYGONALFACE((1,53,51));
#7674=IFCINDEXEDPOLYGONALFACE((4,52,54));
#7675=IFCINDEXEDPOLYGONALFACE((1,55,53));
#7676=IFCINDEXEDPOLYGONALFACE((4,54,56));
#7677=IFCINDEXEDPOLYGONALFACE((1,57,55));
#7678=IFCINDEXEDPOLYGONALFACE((4,56,58));
#7679=IFCINDEXEDPOLYGONALFACE((1,59,57));
#7680=IFCINDEXEDPOLYGONALFACE((4,58,60));
#7681=IFCINDEXEDPOLYGONALFACE((1,61,59));
#7682=IFCINDEXEDPOLYGONALFACE((4,60,62));
#7683=IFCINDEXEDPOLYGONALFACE((1,63,61));
#7684=IFCINDEXEDPOLYGONALFACE((4,62,64));
#7685=IFCCARTESIANPOINTLIST3D(((0.05,0.,0.014),(0.049039,0.009755,0.014),(0.040212,0.007999,0.05),(0.041,0.,0.05),(0.046194,0.019134,0.014),(0.037879,0.01569,0.05),(0.041573,0.027779,0.014),(0.03409,0.022778,0.05),(0.035355,0.035355,0.014),(0.028991,0.028991,0.05),(0.027779,0.041573,0.014),(0.022778,0.03409,0.05),(0.019134,0.046194,0.014),(0.01569,0.037879,0.05),(0.009755,0.049039,0.014),(0.007999,0.040212,0.05),(0.,0.05,0.014),(0.,0.041,0.05),(-0.009755,0.049039,0.014),(-0.007999,0.040212,0.05),(-0.019134,0.046194,0.014),(-0.01569,0.037879,0.05),(-0.027779,0.041573,0.014),(-0.022778,0.03409,0.05),(-0.035355,0.035355,0.014),(-0.028991,0.028991,0.05),(-0.041573,0.027779,0.014),(-0.03409,0.022778,0.05),(-0.046194,0.019134,0.014),(-0.037879,0.01569,0.05),(-0.049039,0.009755,0.014),(-0.040212,0.007999,0.05),(-0.05,0.,0.014),(-0.041,0.,0.05),(-0.049039,-0.009755,0.014),(-0.040212,-0.007999,0.05),(-0.046194,-0.019134,0.014),(-0.037879,-0.01569,0.05),(-0.041573,-0.027779,0.014),(-0.03409,-0.022778,0.05),(-0.035355,-0.035355,0.014),(-0.028991,-0.028991,0.05),(-0.027779,-0.041573,0.014),(-0.022778,-0.03409,0.05),(-0.019134,-0.046194,0.014),(-0.01569,-0.037879,0.05),(-0.009755,-0.049039,0.014),(-0.007999,-0.040212,0.05),(0.,-0.05,0.014),(0.,-0.041,0.05),(0.009755,-0.049039,0.014),(0.007999,-0.040212,0.05),(0.019134,-0.046194,0.014),(0.01569,-0.037879,0.05),(0.027779,-0.041573,0.014),(0.022778,-0.03409,0.05),(0.035355,-0.035355,0.014),(0.028991,-0.028991,0.05),(0.041573,-0.027779,0.014),(0.03409,-0.022778,0.05),(0.046194,-0.019134,0.014),(0.037879,-0.01569,0.05),(0.049039,-0.009755,0.014),(0.040212,-0.007999,0.05)));
#7686=IFCPOLYGONALFACESET(#7685,.T.,(#7561,#7562,#7563,#7564,#7565,#7566,#7567,#7568,#7569,#7570,#7571,#7572,#7573,#7574,#7575,#7576,#7577,#7578,#7579,#7580,#7581,#7582,#7583,#7584,#7585,#7586,#7587,#7588,#7589,#7590,#7591,#7592,#7593,#7594,#7595,#7596,#7597,#7598,#7599,#7600,#7601,#7602,#7603,#7604,#7605,#7606,#7607,#7608,#7609,#7610,#7611,#7612,#7613,#7614,#7615,#7616,#7617,#7618,#7619,#7620,#7621,#7622,#7623,#7624,#7625,#7626,#7627,#7628,#7629,#7630,#7631,#7632,#7633,#7634,#7635,#7636,#7637,#7638,#7639,#7640,#7641,#7642,#7643,#7644,#7645,#7646,#7647,#7648,#7649,#7650,#7651,#7652,#7653,#7654,#7655,#7656,#7657,#7658,#7659,#7660,#7661,#7662,#7663,#7664,#7665,#7666,#7667,#7668,#7669,#7670,#7671,#7672,#7673,#7674,#7675,#7676,#7677,#7678,#7679,#7680,#7681,#7682,#7683,#7684),$);
#7687=IFCSTYLEDITEM(#7686,(#3585),$);
#7688=IFCINDEXEDPOLYGONALFACE((1,2,3));
#7689=IFCINDEXEDPOLYGONALFACE((1,3,4));
#7690=IFCINDEXEDPOLYGONALFACE((2,5,6));
#7691=IFCINDEXEDPOLYGONALFACE((2,6,3));
#7692=IFCINDEXEDPOLYGONALFACE((5,7,8));
#7693=IFCINDEXEDPOLYGONALFACE((5,8,6));
#7694=IFCINDEXEDPOLYGONALFACE((7,9,10));
#7695=IFCINDEXEDPOLYGONALFACE((7,10,8));
#7696=IFCINDEXEDPOLYGONALFACE((9,11,12));
#7697=IFCINDEXEDPOLYGONALFACE((9,12,10));
#7698=IFCINDEXEDPOLYGONALFACE((11,13,14));
#7699=IFCINDEXEDPOLYGONALFACE((11,14,12));
#7700=IFCINDEXEDPOLYGONALFACE((13,15,16));
#7701=IFCINDEXEDPOLYGONALFACE((13,16,14));
#7702=IFCINDEXEDPOLYGONALFACE((15,17,18));
#7703=IFCINDEXEDPOLYGONALFACE((15,18,16));
#7704=IFCINDEXEDPOLYGONALFACE((17,19,20));
#7705=IFCINDEXEDPOLYGONALFACE((17,20,18));
#7706=IFCINDEXEDPOLYGONALFACE((19,21,22));
#7707=IFCINDEXEDPOLYGONALFACE((19,22,20));
#7708=IFCINDEXEDPOLYGONALFACE((21,23,24));
#7709=IFCINDEXEDPOLYGONALFACE((21,24,22));
#7710=IFCINDEXEDPOLYGONALFACE((23,25,26));
#7711=IFCINDEXEDPOLYGONALFACE((23,26,24));
#7712=IFCINDEXEDPOLYGONALFACE((25,27,28));
#7713=IFCINDEXEDPOLYGONALFACE((25,28,26));
#7714=IFCINDEXEDPOLYGONALFACE((27,29,30));
#7715=IFCINDEXEDPOLYGONALFACE((27,30,28));
#7716=IFCINDEXEDPOLYGONALFACE((29,31,32));
#7717=IFCINDEXEDPOLYGONALFACE((29,32,30));
#7718=IFCINDEXEDPOLYGONALFACE((31,33,34));
#7719=IFCINDEXEDPOLYGONALFACE((31,34,32));
#7720=IFCINDEXEDPOLYGONALFACE((33,35,36));
#7721=IFCINDEXEDPOLYGONALFACE((33,36,34));
#7722=IFCINDEXEDPOLYGONALFACE((35,37,38));
#7723=IFCINDEXEDPOLYGONALFACE((35,38,36));
#7724=IFCINDEXEDPOLYGONALFACE((37,39,40));
#7725=IFCINDEXEDPOLYGONALFACE((37,40,38));
#7726=IFCINDEXEDPOLYGONALFACE((39,41,42));
#7727=IFCINDEXEDPOLYGONALFACE((39,42,40));
#7728=IFCINDEXEDPOLYGONALFACE((41,43,44));
#7729=IFCINDEXEDPOLYGONALFACE((41,44,42));
#7730=IFCINDEXEDPOLYGONALFACE((43,45,46));
#7731=IFCINDEXEDPOLYGONALFACE((43,46,44));
#7732=IFCINDEXEDPOLYGONALFACE((45,47,48));
#7733=IFCINDEXEDPOLYGONALFACE((45,48,46));
#7734=IFCINDEXEDPOLYGONALFACE((47,49,50));
#7735=IFCINDEXEDPOLYGONALFACE((47,50,48));
#7736=IFCINDEXEDPOLYGONALFACE((49,51,52));
#7737=IFCINDEXEDPOLYGONALFACE((49,52,50));
#7738=IFCINDEXEDPOLYGONALFACE((51,53,54));
#7739=IFCINDEXEDPOLYGONALFACE((51,54,52));
#7740=IFCINDEXEDPOLYGONALFACE((53,55,56));
#7741=IFCINDEXEDPOLYGONALFACE((53,56,54));
#7742=IFCINDEXEDPOLYGONALFACE((55,57,58));
#7743=IFCINDEXEDPOLYGONALFACE((55,58,56));
#7744=IFCINDEXEDPOLYGONALFACE((57,59,60));
#7745=IFCINDEXEDPOLYGONALFACE((57,60,58));
#7746=IFCINDEXEDPOLYGONALFACE((59,61,62));
#7747=IFCINDEXEDPOLYGONALFACE((59,62,60));
#7748=IFCINDEXEDPOLYGONALFACE((61,63,64));
#7749=IFCINDEXEDPOLYGONALFACE((61,64,62));
#7750=IFCINDEXEDPOLYGONALFACE((63,1,4));
#7751=IFCINDEXEDPOLYGONALFACE((63,4,64));
#7752=IFCINDEXEDPOLYGONALFACE((1,5,2));
#7753=IFCINDEXEDPOLYGONALFACE((4,3,6));
#7754=IFCINDEXEDPOLYGONALFACE((1,7,5));
#7755=IFCINDEXEDPOLYGONALFACE((4,6,8));
#7756=IFCINDEXEDPOLYGONALFACE((1,9,7));
#7757=IFCINDEXEDPOLYGONALFACE((4,8,10));
#7758=IFCINDEXEDPOLYGONALFACE((1,11,9));
#7759=IFCINDEXEDPOLYGONALFACE((4,10,12));
#7760=IFCINDEXEDPOLYGONALFACE((1,13,11));
#7761=IFCINDEXEDPOLYGONALFACE((4,12,14));
#7762=IFCINDEXEDPOLYGONALFACE((1,15,13));
#7763=IFCINDEXEDPOLYGONALFACE((4,14,16));
#7764=IFCINDEXEDPOLYGONALFACE((1,17,15));
#7765=IFCINDEXEDPOLYGONALFACE((4,16,18));
#7766=IFCINDEXEDPOLYGONALFACE((1,19,17));
#7767=IFCINDEXEDPOLYGONALFACE((4,18,20));
#7768=IFCINDEXEDPOLYGONALFACE((1,21,19));
#7769=IFCINDEXEDPOLYGONALFACE((4,20,22));
#7770=IFCINDEXEDPOLYGONALFACE((1,23,21));
#7771=IFCINDEXEDPOLYGONALFACE((4,22,24));
#7772=IFCINDEXEDPOLYGONALFACE((1,25,23));
#7773=IFCINDEXEDPOLYGONALFACE((4,24,26));
#7774=IFCINDEXEDPOLYGONALFACE((1,27,25));
#7775=IFCINDEXEDPOLYGONALFACE((4,26,28));
#7776=IFCINDEXEDPOLYGONALFACE((1,29,27));
#7777=IFCINDEXEDPOLYGONALFACE((4,28,30));
#7778=IFCINDEXEDPOLYGONALFACE((1,31,29));
#7779=IFCINDEXEDPOLYGONALFACE((4,30,32));
#7780=IFCINDEXEDPOLYGONALFACE((1,33,31));
#7781=IFCINDEXEDPOLYGONALFACE((4,32,34));
#7782=IFCINDEXEDPOLYGONALFACE((1,35,33));
#7783=IFCINDEXEDPOLYGONALFACE((4,34,36));
#7784=IFCINDEXEDPOLYGONALFACE((1,37,35));
#7785=IFCINDEXEDPOLYGONALFACE((4,36,38));
#7786=IFCINDEXEDPOLYGONALFACE((1,39,37));
#7787=IFCINDEXEDPOLYGONALFACE((4,38,40));
#7788=IFCINDEXEDPOLYGONALFACE((1,41,39));
#7789=IFCINDEXEDPOLYGONALFACE((4,40,42));
#7790=IFCINDEXEDPOLYGONALFACE((1,43,41));
#7791=IFCINDEXEDPOLYGONALFACE((4,42,44));
#7792=IFCINDEXEDPOLYGONALFACE((1,45,43));
#7793=IFCINDEXEDPOLYGONALFACE((4,44,46));
#7794=IFCINDEXEDPOLYGONALFACE((1,47,45));
#7795=IFCINDEXEDPOLYGONALFACE((4,46,48));
#7796=IFCINDEXEDPOLYGONALFACE((1,49,47));
#7797=IFCINDEXEDPOLYGONALFACE((4,48,50));
#7798=IFCINDEXEDPOLYGONALFACE((1,51,49));
#7799=IFCINDEXEDPOLYGONALFACE((4,50,52));
#7800=IFCINDEXEDPOLYGONALFACE((1,53,51));
#7801=IFCINDEXEDPOLYGONALFACE((4,52,54));
#7802=IFCINDEXEDPOLYGONALFACE((1,55,53));
#7803=IFCINDEXEDPOLYGONALFACE((4,54,56));
#7804=IFCINDEXEDPOLYGONALFACE((1,57,55));
#7805=IFCINDEXEDPOLYGONALFACE((4,56,58));
#7806=IFCINDEXEDPOLYGONALFACE((1,59,57));
#7807=IFCINDEXEDPOLYGONALFACE((4,58,60));
#7808=IFCINDEXEDPOLYGONALFACE((1,61,59));
#7809=IFCINDEXEDPOLYGONALFACE((4,60,62));
#7810=IFCINDEXEDPOLYGONALFACE((1,63,61));
#7811=IFCINDEXEDPOLYGONALFACE((4,62,64));
#7812=IFCCARTESIANPOINTLIST3D(((0.037,0.,0.),(0.036289,0.007218,0.),(0.039918,0.00794,0.0145),(0.0407,0.,0.0145),(0.034184,0.014159,0.),(0.037602,0.015575,0.0145),(0.030764,0.020556,0.),(0.033841,0.022612,0.0145),(0.026163,0.026163,0.),(0.028779,0.028779,0.0145),(0.020556,0.030764,0.),(0.022612,0.033841,0.0145),(0.014159,0.034184,0.),(0.015575,0.037602,0.0145),(0.007218,0.036289,0.),(0.00794,0.039918,0.0145),(0.,0.037,0.),(0.,0.0407,0.0145),(-0.007218,0.036289,0.),(-0.00794,0.039918,0.0145),(-0.014159,0.034184,0.),(-0.015575,0.037602,0.0145),(-0.020556,0.030764,0.),(-0.022612,0.033841,0.0145),(-0.026163,0.026163,0.),(-0.028779,0.028779,0.0145),(-0.030764,0.020556,0.),(-0.033841,0.022612,0.0145),(-0.034184,0.014159,0.),(-0.037602,0.015575,0.0145),(-0.036289,0.007218,0.),(-0.039918,0.00794,0.0145),(-0.037,0.,0.),(-0.0407,0.,0.0145),(-0.036289,-0.007218,0.),(-0.039918,-0.00794,0.0145),(-0.034184,-0.014159,0.),(-0.037602,-0.015575,0.0145),(-0.030764,-0.020556,0.),(-0.033841,-0.022612,0.0145),(-0.026163,-0.026163,0.),(-0.028779,-0.028779,0.0145),(-0.020556,-0.030764,0.),(-0.022612,-0.033841,0.0145),(-0.014159,-0.034184,0.),(-0.015575,-0.037602,0.0145),(-0.007218,-0.036289,0.),(-0.00794,-0.039918,0.0145),(0.,-0.037,0.),(0.,-0.0407,0.0145),(0.007218,-0.036289,0.),(0.00794,-0.039918,0.0145),(0.014159,-0.034184,0.),(0.015575,-0.037602,0.0145),(0.020556,-0.030764,0.),(0.022612,-0.033841,0.0145),(0.026163,-0.026163,0.),(0.028779,-0.028779,0.0145),(0.030764,-0.020556,0.),(0.033841,-0.022612,0.0145),(0.034184,-0.014159,0.),(0.037602,-0.015575,0.0145),(0.036289,-0.007218,0.),(0.039918,-0.00794,0.0145)));
#7813=IFCPOLYGONALFACESET(#7812,.T.,(#7688,#7689,#7690,#7691,#7692,#7693,#7694,#7695,#7696,#7697,#7698,#7699,#7700,#7701,#7702,#7703,#7704,#7705,#7706,#7707,#7708,#7709,#7710,#7711,#7712,#7713,#7714,#7715,#7716,#7717,#7718,#7719,#7720,#7721,#7722,#7723,#7724,#7725,#7726,#7727,#7728,#7729,#7730,#7731,#7732,#7733,#7734,#7735,#7736,#7737,#7738,#7739,#7740,#7741,#7742,#7743,#7744,#7745,#7746,#7747,#7748,#7749,#7750,#7751,#7752,#7753,#7754,#7755,#7756,#7757,#7758,#7759,#7760,#7761,#7762,#7763,#7764,#7765,#7766,#7767,#7768,#7769,#7770,#7771,#7772,#7773,#7774,#7775,#7776,#7777,#7778,#7779,#7780,#7781,#7782,#7783,#7784,#7785,#7786,#7787,#7788,#7789,#7790,#7791,#7792,#7793,#7794,#7795,#7796,#7797,#7798,#7799,#7800,#7801,#7802,#7803,#7804,#7805,#7806,#7807,#7808,#7809,#7810,#7811),$);
#7814=IFCSTYLEDITEM(#7813,(#5076),$);
#7815=IFCSHAPEREPRESENTATION(#12,'Body','Tessellation',(#7686,#7813));
#7816=IFCPRODUCTDEFINITIONSHAPE($,$,(#7815));
#7817=IFCLIGHTFIXTURE('3wZZl68qhCrRIf3$TRCVX5',#5,'Spotlight','Skanna asset library',$,#7560,#7816,$,.POINTSOURCE.);
#7818=IFCCARTESIANPOINT((4.94,6.59,2.65));
#7819=IFCDIRECTION((0.,0.,1.));
#7820=IFCDIRECTION((0.,1.,0.));
#7821=IFCAXIS2PLACEMENT3D(#7818,#7819,#7820);
#7822=IFCLOCALPLACEMENT(#26,#7821);
#7823=IFCINDEXEDPOLYGONALFACE((1,2,3));
#7824=IFCINDEXEDPOLYGONALFACE((1,3,4));
#7825=IFCINDEXEDPOLYGONALFACE((2,5,6));
#7826=IFCINDEXEDPOLYGONALFACE((2,6,3));
#7827=IFCINDEXEDPOLYGONALFACE((5,7,8));
#7828=IFCINDEXEDPOLYGONALFACE((5,8,6));
#7829=IFCINDEXEDPOLYGONALFACE((7,9,10));
#7830=IFCINDEXEDPOLYGONALFACE((7,10,8));
#7831=IFCINDEXEDPOLYGONALFACE((9,11,12));
#7832=IFCINDEXEDPOLYGONALFACE((9,12,10));
#7833=IFCINDEXEDPOLYGONALFACE((11,13,14));
#7834=IFCINDEXEDPOLYGONALFACE((11,14,12));
#7835=IFCINDEXEDPOLYGONALFACE((13,15,16));
#7836=IFCINDEXEDPOLYGONALFACE((13,16,14));
#7837=IFCINDEXEDPOLYGONALFACE((15,17,18));
#7838=IFCINDEXEDPOLYGONALFACE((15,18,16));
#7839=IFCINDEXEDPOLYGONALFACE((17,19,20));
#7840=IFCINDEXEDPOLYGONALFACE((17,20,18));
#7841=IFCINDEXEDPOLYGONALFACE((19,21,22));
#7842=IFCINDEXEDPOLYGONALFACE((19,22,20));
#7843=IFCINDEXEDPOLYGONALFACE((21,23,24));
#7844=IFCINDEXEDPOLYGONALFACE((21,24,22));
#7845=IFCINDEXEDPOLYGONALFACE((23,25,26));
#7846=IFCINDEXEDPOLYGONALFACE((23,26,24));
#7847=IFCINDEXEDPOLYGONALFACE((25,27,28));
#7848=IFCINDEXEDPOLYGONALFACE((25,28,26));
#7849=IFCINDEXEDPOLYGONALFACE((27,29,30));
#7850=IFCINDEXEDPOLYGONALFACE((27,30,28));
#7851=IFCINDEXEDPOLYGONALFACE((29,31,32));
#7852=IFCINDEXEDPOLYGONALFACE((29,32,30));
#7853=IFCINDEXEDPOLYGONALFACE((31,33,34));
#7854=IFCINDEXEDPOLYGONALFACE((31,34,32));
#7855=IFCINDEXEDPOLYGONALFACE((33,35,36));
#7856=IFCINDEXEDPOLYGONALFACE((33,36,34));
#7857=IFCINDEXEDPOLYGONALFACE((35,37,38));
#7858=IFCINDEXEDPOLYGONALFACE((35,38,36));
#7859=IFCINDEXEDPOLYGONALFACE((37,39,40));
#7860=IFCINDEXEDPOLYGONALFACE((37,40,38));
#7861=IFCINDEXEDPOLYGONALFACE((39,41,42));
#7862=IFCINDEXEDPOLYGONALFACE((39,42,40));
#7863=IFCINDEXEDPOLYGONALFACE((41,43,44));
#7864=IFCINDEXEDPOLYGONALFACE((41,44,42));
#7865=IFCINDEXEDPOLYGONALFACE((43,45,46));
#7866=IFCINDEXEDPOLYGONALFACE((43,46,44));
#7867=IFCINDEXEDPOLYGONALFACE((45,47,48));
#7868=IFCINDEXEDPOLYGONALFACE((45,48,46));
#7869=IFCINDEXEDPOLYGONALFACE((47,49,50));
#7870=IFCINDEXEDPOLYGONALFACE((47,50,48));
#7871=IFCINDEXEDPOLYGONALFACE((49,51,52));
#7872=IFCINDEXEDPOLYGONALFACE((49,52,50));
#7873=IFCINDEXEDPOLYGONALFACE((51,53,54));
#7874=IFCINDEXEDPOLYGONALFACE((51,54,52));
#7875=IFCINDEXEDPOLYGONALFACE((53,55,56));
#7876=IFCINDEXEDPOLYGONALFACE((53,56,54));
#7877=IFCINDEXEDPOLYGONALFACE((55,57,58));
#7878=IFCINDEXEDPOLYGONALFACE((55,58,56));
#7879=IFCINDEXEDPOLYGONALFACE((57,59,60));
#7880=IFCINDEXEDPOLYGONALFACE((57,60,58));
#7881=IFCINDEXEDPOLYGONALFACE((59,61,62));
#7882=IFCINDEXEDPOLYGONALFACE((59,62,60));
#7883=IFCINDEXEDPOLYGONALFACE((61,63,64));
#7884=IFCINDEXEDPOLYGONALFACE((61,64,62));
#7885=IFCINDEXEDPOLYGONALFACE((63,1,4));
#7886=IFCINDEXEDPOLYGONALFACE((63,4,64));
#7887=IFCINDEXEDPOLYGONALFACE((1,5,2));
#7888=IFCINDEXEDPOLYGONALFACE((4,3,6));
#7889=IFCINDEXEDPOLYGONALFACE((1,7,5));
#7890=IFCINDEXEDPOLYGONALFACE((4,6,8));
#7891=IFCINDEXEDPOLYGONALFACE((1,9,7));
#7892=IFCINDEXEDPOLYGONALFACE((4,8,10));
#7893=IFCINDEXEDPOLYGONALFACE((1,11,9));
#7894=IFCINDEXEDPOLYGONALFACE((4,10,12));
#7895=IFCINDEXEDPOLYGONALFACE((1,13,11));
#7896=IFCINDEXEDPOLYGONALFACE((4,12,14));
#7897=IFCINDEXEDPOLYGONALFACE((1,15,13));
#7898=IFCINDEXEDPOLYGONALFACE((4,14,16));
#7899=IFCINDEXEDPOLYGONALFACE((1,17,15));
#7900=IFCINDEXEDPOLYGONALFACE((4,16,18));
#7901=IFCINDEXEDPOLYGONALFACE((1,19,17));
#7902=IFCINDEXEDPOLYGONALFACE((4,18,20));
#7903=IFCINDEXEDPOLYGONALFACE((1,21,19));
#7904=IFCINDEXEDPOLYGONALFACE((4,20,22));
#7905=IFCINDEXEDPOLYGONALFACE((1,23,21));
#7906=IFCINDEXEDPOLYGONALFACE((4,22,24));
#7907=IFCINDEXEDPOLYGONALFACE((1,25,23));
#7908=IFCINDEXEDPOLYGONALFACE((4,24,26));
#7909=IFCINDEXEDPOLYGONALFACE((1,27,25));
#7910=IFCINDEXEDPOLYGONALFACE((4,26,28));
#7911=IFCINDEXEDPOLYGONALFACE((1,29,27));
#7912=IFCINDEXEDPOLYGONALFACE((4,28,30));
#7913=IFCINDEXEDPOLYGONALFACE((1,31,29));
#7914=IFCINDEXEDPOLYGONALFACE((4,30,32));
#7915=IFCINDEXEDPOLYGONALFACE((1,33,31));
#7916=IFCINDEXEDPOLYGONALFACE((4,32,34));
#7917=IFCINDEXEDPOLYGONALFACE((1,35,33));
#7918=IFCINDEXEDPOLYGONALFACE((4,34,36));
#7919=IFCINDEXEDPOLYGONALFACE((1,37,35));
#7920=IFCINDEXEDPOLYGONALFACE((4,36,38));
#7921=IFCINDEXEDPOLYGONALFACE((1,39,37));
#7922=IFCINDEXEDPOLYGONALFACE((4,38,40));
#7923=IFCINDEXEDPOLYGONALFACE((1,41,39));
#7924=IFCINDEXEDPOLYGONALFACE((4,40,42));
#7925=IFCINDEXEDPOLYGONALFACE((1,43,41));
#7926=IFCINDEXEDPOLYGONALFACE((4,42,44));
#7927=IFCINDEXEDPOLYGONALFACE((1,45,43));
#7928=IFCINDEXEDPOLYGONALFACE((4,44,46));
#7929=IFCINDEXEDPOLYGONALFACE((1,47,45));
#7930=IFCINDEXEDPOLYGONALFACE((4,46,48));
#7931=IFCINDEXEDPOLYGONALFACE((1,49,47));
#7932=IFCINDEXEDPOLYGONALFACE((4,48,50));
#7933=IFCINDEXEDPOLYGONALFACE((1,51,49));
#7934=IFCINDEXEDPOLYGONALFACE((4,50,52));
#7935=IFCINDEXEDPOLYGONALFACE((1,53,51));
#7936=IFCINDEXEDPOLYGONALFACE((4,52,54));
#7937=IFCINDEXEDPOLYGONALFACE((1,55,53));
#7938=IFCINDEXEDPOLYGONALFACE((4,54,56));
#7939=IFCINDEXEDPOLYGONALFACE((1,57,55));
#7940=IFCINDEXEDPOLYGONALFACE((4,56,58));
#7941=IFCINDEXEDPOLYGONALFACE((1,59,57));
#7942=IFCINDEXEDPOLYGONALFACE((4,58,60));
#7943=IFCINDEXEDPOLYGONALFACE((1,61,59));
#7944=IFCINDEXEDPOLYGONALFACE((4,60,62));
#7945=IFCINDEXEDPOLYGONALFACE((1,63,61));
#7946=IFCINDEXEDPOLYGONALFACE((4,62,64));
#7947=IFCCARTESIANPOINTLIST3D(((0.05,0.,0.014),(0.049039,0.009755,0.014),(0.040212,0.007999,0.05),(0.041,0.,0.05),(0.046194,0.019134,0.014),(0.037879,0.01569,0.05),(0.041573,0.027779,0.014),(0.03409,0.022778,0.05),(0.035355,0.035355,0.014),(0.028991,0.028991,0.05),(0.027779,0.041573,0.014),(0.022778,0.03409,0.05),(0.019134,0.046194,0.014),(0.01569,0.037879,0.05),(0.009755,0.049039,0.014),(0.007999,0.040212,0.05),(0.,0.05,0.014),(0.,0.041,0.05),(-0.009755,0.049039,0.014),(-0.007999,0.040212,0.05),(-0.019134,0.046194,0.014),(-0.01569,0.037879,0.05),(-0.027779,0.041573,0.014),(-0.022778,0.03409,0.05),(-0.035355,0.035355,0.014),(-0.028991,0.028991,0.05),(-0.041573,0.027779,0.014),(-0.03409,0.022778,0.05),(-0.046194,0.019134,0.014),(-0.037879,0.01569,0.05),(-0.049039,0.009755,0.014),(-0.040212,0.007999,0.05),(-0.05,0.,0.014),(-0.041,0.,0.05),(-0.049039,-0.009755,0.014),(-0.040212,-0.007999,0.05),(-0.046194,-0.019134,0.014),(-0.037879,-0.01569,0.05),(-0.041573,-0.027779,0.014),(-0.03409,-0.022778,0.05),(-0.035355,-0.035355,0.014),(-0.028991,-0.028991,0.05),(-0.027779,-0.041573,0.014),(-0.022778,-0.03409,0.05),(-0.019134,-0.046194,0.014),(-0.01569,-0.037879,0.05),(-0.009755,-0.049039,0.014),(-0.007999,-0.040212,0.05),(0.,-0.05,0.014),(0.,-0.041,0.05),(0.009755,-0.049039,0.014),(0.007999,-0.040212,0.05),(0.019134,-0.046194,0.014),(0.01569,-0.037879,0.05),(0.027779,-0.041573,0.014),(0.022778,-0.03409,0.05),(0.035355,-0.035355,0.014),(0.028991,-0.028991,0.05),(0.041573,-0.027779,0.014),(0.03409,-0.022778,0.05),(0.046194,-0.019134,0.014),(0.037879,-0.01569,0.05),(0.049039,-0.009755,0.014),(0.040212,-0.007999,0.05)));
#7948=IFCPOLYGONALFACESET(#7947,.T.,(#7823,#7824,#7825,#7826,#7827,#7828,#7829,#7830,#7831,#7832,#7833,#7834,#7835,#7836,#7837,#7838,#7839,#7840,#7841,#7842,#7843,#7844,#7845,#7846,#7847,#7848,#7849,#7850,#7851,#7852,#7853,#7854,#7855,#7856,#7857,#7858,#7859,#7860,#7861,#7862,#7863,#7864,#7865,#7866,#7867,#7868,#7869,#7870,#7871,#7872,#7873,#7874,#7875,#7876,#7877,#7878,#7879,#7880,#7881,#7882,#7883,#7884,#7885,#7886,#7887,#7888,#7889,#7890,#7891,#7892,#7893,#7894,#7895,#7896,#7897,#7898,#7899,#7900,#7901,#7902,#7903,#7904,#7905,#7906,#7907,#7908,#7909,#7910,#7911,#7912,#7913,#7914,#7915,#7916,#7917,#7918,#7919,#7920,#7921,#7922,#7923,#7924,#7925,#7926,#7927,#7928,#7929,#7930,#7931,#7932,#7933,#7934,#7935,#7936,#7937,#7938,#7939,#7940,#7941,#7942,#7943,#7944,#7945,#7946),$);
#7949=IFCSTYLEDITEM(#7948,(#3585),$);
#7950=IFCINDEXEDPOLYGONALFACE((1,2,3));
#7951=IFCINDEXEDPOLYGONALFACE((1,3,4));
#7952=IFCINDEXEDPOLYGONALFACE((2,5,6));
#7953=IFCINDEXEDPOLYGONALFACE((2,6,3));
#7954=IFCINDEXEDPOLYGONALFACE((5,7,8));
#7955=IFCINDEXEDPOLYGONALFACE((5,8,6));
#7956=IFCINDEXEDPOLYGONALFACE((7,9,10));
#7957=IFCINDEXEDPOLYGONALFACE((7,10,8));
#7958=IFCINDEXEDPOLYGONALFACE((9,11,12));
#7959=IFCINDEXEDPOLYGONALFACE((9,12,10));
#7960=IFCINDEXEDPOLYGONALFACE((11,13,14));
#7961=IFCINDEXEDPOLYGONALFACE((11,14,12));
#7962=IFCINDEXEDPOLYGONALFACE((13,15,16));
#7963=IFCINDEXEDPOLYGONALFACE((13,16,14));
#7964=IFCINDEXEDPOLYGONALFACE((15,17,18));
#7965=IFCINDEXEDPOLYGONALFACE((15,18,16));
#7966=IFCINDEXEDPOLYGONALFACE((17,19,20));
#7967=IFCINDEXEDPOLYGONALFACE((17,20,18));
#7968=IFCINDEXEDPOLYGONALFACE((19,21,22));
#7969=IFCINDEXEDPOLYGONALFACE((19,22,20));
#7970=IFCINDEXEDPOLYGONALFACE((21,23,24));
#7971=IFCINDEXEDPOLYGONALFACE((21,24,22));
#7972=IFCINDEXEDPOLYGONALFACE((23,25,26));
#7973=IFCINDEXEDPOLYGONALFACE((23,26,24));
#7974=IFCINDEXEDPOLYGONALFACE((25,27,28));
#7975=IFCINDEXEDPOLYGONALFACE((25,28,26));
#7976=IFCINDEXEDPOLYGONALFACE((27,29,30));
#7977=IFCINDEXEDPOLYGONALFACE((27,30,28));
#7978=IFCINDEXEDPOLYGONALFACE((29,31,32));
#7979=IFCINDEXEDPOLYGONALFACE((29,32,30));
#7980=IFCINDEXEDPOLYGONALFACE((31,33,34));
#7981=IFCINDEXEDPOLYGONALFACE((31,34,32));
#7982=IFCINDEXEDPOLYGONALFACE((33,35,36));
#7983=IFCINDEXEDPOLYGONALFACE((33,36,34));
#7984=IFCINDEXEDPOLYGONALFACE((35,37,38));
#7985=IFCINDEXEDPOLYGONALFACE((35,38,36));
#7986=IFCINDEXEDPOLYGONALFACE((37,39,40));
#7987=IFCINDEXEDPOLYGONALFACE((37,40,38));
#7988=IFCINDEXEDPOLYGONALFACE((39,41,42));
#7989=IFCINDEXEDPOLYGONALFACE((39,42,40));
#7990=IFCINDEXEDPOLYGONALFACE((41,43,44));
#7991=IFCINDEXEDPOLYGONALFACE((41,44,42));
#7992=IFCINDEXEDPOLYGONALFACE((43,45,46));
#7993=IFCINDEXEDPOLYGONALFACE((43,46,44));
#7994=IFCINDEXEDPOLYGONALFACE((45,47,48));
#7995=IFCINDEXEDPOLYGONALFACE((45,48,46));
#7996=IFCINDEXEDPOLYGONALFACE((47,49,50));
#7997=IFCINDEXEDPOLYGONALFACE((47,50,48));
#7998=IFCINDEXEDPOLYGONALFACE((49,51,52));
#7999=IFCINDEXEDPOLYGONALFACE((49,52,50));
#8000=IFCINDEXEDPOLYGONALFACE((51,53,54));
#8001=IFCINDEXEDPOLYGONALFACE((51,54,52));
#8002=IFCINDEXEDPOLYGONALFACE((53,55,56));
#8003=IFCINDEXEDPOLYGONALFACE((53,56,54));
#8004=IFCINDEXEDPOLYGONALFACE((55,57,58));
#8005=IFCINDEXEDPOLYGONALFACE((55,58,56));
#8006=IFCINDEXEDPOLYGONALFACE((57,59,60));
#8007=IFCINDEXEDPOLYGONALFACE((57,60,58));
#8008=IFCINDEXEDPOLYGONALFACE((59,61,62));
#8009=IFCINDEXEDPOLYGONALFACE((59,62,60));
#8010=IFCINDEXEDPOLYGONALFACE((61,63,64));
#8011=IFCINDEXEDPOLYGONALFACE((61,64,62));
#8012=IFCINDEXEDPOLYGONALFACE((63,1,4));
#8013=IFCINDEXEDPOLYGONALFACE((63,4,64));
#8014=IFCINDEXEDPOLYGONALFACE((1,5,2));
#8015=IFCINDEXEDPOLYGONALFACE((4,3,6));
#8016=IFCINDEXEDPOLYGONALFACE((1,7,5));
#8017=IFCINDEXEDPOLYGONALFACE((4,6,8));
#8018=IFCINDEXEDPOLYGONALFACE((1,9,7));
#8019=IFCINDEXEDPOLYGONALFACE((4,8,10));
#8020=IFCINDEXEDPOLYGONALFACE((1,11,9));
#8021=IFCINDEXEDPOLYGONALFACE((4,10,12));
#8022=IFCINDEXEDPOLYGONALFACE((1,13,11));
#8023=IFCINDEXEDPOLYGONALFACE((4,12,14));
#8024=IFCINDEXEDPOLYGONALFACE((1,15,13));
#8025=IFCINDEXEDPOLYGONALFACE((4,14,16));
#8026=IFCINDEXEDPOLYGONALFACE((1,17,15));
#8027=IFCINDEXEDPOLYGONALFACE((4,16,18));
#8028=IFCINDEXEDPOLYGONALFACE((1,19,17));
#8029=IFCINDEXEDPOLYGONALFACE((4,18,20));
#8030=IFCINDEXEDPOLYGONALFACE((1,21,19));
#8031=IFCINDEXEDPOLYGONALFACE((4,20,22));
#8032=IFCINDEXEDPOLYGONALFACE((1,23,21));
#8033=IFCINDEXEDPOLYGONALFACE((4,22,24));
#8034=IFCINDEXEDPOLYGONALFACE((1,25,23));
#8035=IFCINDEXEDPOLYGONALFACE((4,24,26));
#8036=IFCINDEXEDPOLYGONALFACE((1,27,25));
#8037=IFCINDEXEDPOLYGONALFACE((4,26,28));
#8038=IFCINDEXEDPOLYGONALFACE((1,29,27));
#8039=IFCINDEXEDPOLYGONALFACE((4,28,30));
#8040=IFCINDEXEDPOLYGONALFACE((1,31,29));
#8041=IFCINDEXEDPOLYGONALFACE((4,30,32));
#8042=IFCINDEXEDPOLYGONALFACE((1,33,31));
#8043=IFCINDEXEDPOLYGONALFACE((4,32,34));
#8044=IFCINDEXEDPOLYGONALFACE((1,35,33));
#8045=IFCINDEXEDPOLYGONALFACE((4,34,36));
#8046=IFCINDEXEDPOLYGONALFACE((1,37,35));
#8047=IFCINDEXEDPOLYGONALFACE((4,36,38));
#8048=IFCINDEXEDPOLYGONALFACE((1,39,37));
#8049=IFCINDEXEDPOLYGONALFACE((4,38,40));
#8050=IFCINDEXEDPOLYGONALFACE((1,41,39));
#8051=IFCINDEXEDPOLYGONALFACE((4,40,42));
#8052=IFCINDEXEDPOLYGONALFACE((1,43,41));
#8053=IFCINDEXEDPOLYGONALFACE((4,42,44));
#8054=IFCINDEXEDPOLYGONALFACE((1,45,43));
#8055=IFCINDEXEDPOLYGONALFACE((4,44,46));
#8056=IFCINDEXEDPOLYGONALFACE((1,47,45));
#8057=IFCINDEXEDPOLYGONALFACE((4,46,48));
#8058=IFCINDEXEDPOLYGONALFACE((1,49,47));
#8059=IFCINDEXEDPOLYGONALFACE((4,48,50));
#8060=IFCINDEXEDPOLYGONALFACE((1,51,49));
#8061=IFCINDEXEDPOLYGONALFACE((4,50,52));
#8062=IFCINDEXEDPOLYGONALFACE((1,53,51));
#8063=IFCINDEXEDPOLYGONALFACE((4,52,54));
#8064=IFCINDEXEDPOLYGONALFACE((1,55,53));
#8065=IFCINDEXEDPOLYGONALFACE((4,54,56));
#8066=IFCINDEXEDPOLYGONALFACE((1,57,55));
#8067=IFCINDEXEDPOLYGONALFACE((4,56,58));
#8068=IFCINDEXEDPOLYGONALFACE((1,59,57));
#8069=IFCINDEXEDPOLYGONALFACE((4,58,60));
#8070=IFCINDEXEDPOLYGONALFACE((1,61,59));
#8071=IFCINDEXEDPOLYGONALFACE((4,60,62));
#8072=IFCINDEXEDPOLYGONALFACE((1,63,61));
#8073=IFCINDEXEDPOLYGONALFACE((4,62,64));
#8074=IFCCARTESIANPOINTLIST3D(((0.037,0.,0.),(0.036289,0.007218,0.),(0.039918,0.00794,0.0145),(0.0407,0.,0.0145),(0.034184,0.014159,0.),(0.037602,0.015575,0.0145),(0.030764,0.020556,0.),(0.033841,0.022612,0.0145),(0.026163,0.026163,0.),(0.028779,0.028779,0.0145),(0.020556,0.030764,0.),(0.022612,0.033841,0.0145),(0.014159,0.034184,0.),(0.015575,0.037602,0.0145),(0.007218,0.036289,0.),(0.00794,0.039918,0.0145),(0.,0.037,0.),(0.,0.0407,0.0145),(-0.007218,0.036289,0.),(-0.00794,0.039918,0.0145),(-0.014159,0.034184,0.),(-0.015575,0.037602,0.0145),(-0.020556,0.030764,0.),(-0.022612,0.033841,0.0145),(-0.026163,0.026163,0.),(-0.028779,0.028779,0.0145),(-0.030764,0.020556,0.),(-0.033841,0.022612,0.0145),(-0.034184,0.014159,0.),(-0.037602,0.015575,0.0145),(-0.036289,0.007218,0.),(-0.039918,0.00794,0.0145),(-0.037,0.,0.),(-0.0407,0.,0.0145),(-0.036289,-0.007218,0.),(-0.039918,-0.00794,0.0145),(-0.034184,-0.014159,0.),(-0.037602,-0.015575,0.0145),(-0.030764,-0.020556,0.),(-0.033841,-0.022612,0.0145),(-0.026163,-0.026163,0.),(-0.028779,-0.028779,0.0145),(-0.020556,-0.030764,0.),(-0.022612,-0.033841,0.0145),(-0.014159,-0.034184,0.),(-0.015575,-0.037602,0.0145),(-0.007218,-0.036289,0.),(-0.00794,-0.039918,0.0145),(0.,-0.037,0.),(0.,-0.0407,0.0145),(0.007218,-0.036289,0.),(0.00794,-0.039918,0.0145),(0.014159,-0.034184,0.),(0.015575,-0.037602,0.0145),(0.020556,-0.030764,0.),(0.022612,-0.033841,0.0145),(0.026163,-0.026163,0.),(0.028779,-0.028779,0.0145),(0.030764,-0.020556,0.),(0.033841,-0.022612,0.0145),(0.034184,-0.014159,0.),(0.037602,-0.015575,0.0145),(0.036289,-0.007218,0.),(0.039918,-0.00794,0.0145)));
#8075=IFCPOLYGONALFACESET(#8074,.T.,(#7950,#7951,#7952,#7953,#7954,#7955,#7956,#7957,#7958,#7959,#7960,#7961,#7962,#7963,#7964,#7965,#7966,#7967,#7968,#7969,#7970,#7971,#7972,#7973,#7974,#7975,#7976,#7977,#7978,#7979,#7980,#7981,#7982,#7983,#7984,#7985,#7986,#7987,#7988,#7989,#7990,#7991,#7992,#7993,#7994,#7995,#7996,#7997,#7998,#7999,#8000,#8001,#8002,#8003,#8004,#8005,#8006,#8007,#8008,#8009,#8010,#8011,#8012,#8013,#8014,#8015,#8016,#8017,#8018,#8019,#8020,#8021,#8022,#8023,#8024,#8025,#8026,#8027,#8028,#8029,#8030,#8031,#8032,#8033,#8034,#8035,#8036,#8037,#8038,#8039,#8040,#8041,#8042,#8043,#8044,#8045,#8046,#8047,#8048,#8049,#8050,#8051,#8052,#8053,#8054,#8055,#8056,#8057,#8058,#8059,#8060,#8061,#8062,#8063,#8064,#8065,#8066,#8067,#8068,#8069,#8070,#8071,#8072,#8073),$);
#8076=IFCSTYLEDITEM(#8075,(#5076),$);
#8077=IFCSHAPEREPRESENTATION(#12,'Body','Tessellation',(#7948,#8075));
#8078=IFCPRODUCTDEFINITIONSHAPE($,$,(#8077));
#8079=IFCLIGHTFIXTURE('3rU9ZwYciEgHWVNGbFw_P3',#5,'Spotlight','Skanna asset library',$,#7822,#8078,$,.POINTSOURCE.);
#8080=IFCCARTESIANPOINT((2.47,7.29,2.65));
#8081=IFCDIRECTION((0.,0.,1.));
#8082=IFCDIRECTION((1.,0.,0.));
#8083=IFCAXIS2PLACEMENT3D(#8080,#8081,#8082);
#8084=IFCLOCALPLACEMENT(#26,#8083);
#8085=IFCINDEXEDPOLYGONALFACE((1,2,3));
#8086=IFCINDEXEDPOLYGONALFACE((1,3,4));
#8087=IFCINDEXEDPOLYGONALFACE((2,5,6));
#8088=IFCINDEXEDPOLYGONALFACE((2,6,3));
#8089=IFCINDEXEDPOLYGONALFACE((5,7,8));
#8090=IFCINDEXEDPOLYGONALFACE((5,8,6));
#8091=IFCINDEXEDPOLYGONALFACE((7,9,10));
#8092=IFCINDEXEDPOLYGONALFACE((7,10,8));
#8093=IFCINDEXEDPOLYGONALFACE((9,11,12));
#8094=IFCINDEXEDPOLYGONALFACE((9,12,10));
#8095=IFCINDEXEDPOLYGONALFACE((11,13,14));
#8096=IFCINDEXEDPOLYGONALFACE((11,14,12));
#8097=IFCINDEXEDPOLYGONALFACE((13,15,16));
#8098=IFCINDEXEDPOLYGONALFACE((13,16,14));
#8099=IFCINDEXEDPOLYGONALFACE((15,17,18));
#8100=IFCINDEXEDPOLYGONALFACE((15,18,16));
#8101=IFCINDEXEDPOLYGONALFACE((17,19,20));
#8102=IFCINDEXEDPOLYGONALFACE((17,20,18));
#8103=IFCINDEXEDPOLYGONALFACE((19,21,22));
#8104=IFCINDEXEDPOLYGONALFACE((19,22,20));
#8105=IFCINDEXEDPOLYGONALFACE((21,23,24));
#8106=IFCINDEXEDPOLYGONALFACE((21,24,22));
#8107=IFCINDEXEDPOLYGONALFACE((23,25,26));
#8108=IFCINDEXEDPOLYGONALFACE((23,26,24));
#8109=IFCINDEXEDPOLYGONALFACE((25,27,28));
#8110=IFCINDEXEDPOLYGONALFACE((25,28,26));
#8111=IFCINDEXEDPOLYGONALFACE((27,29,30));
#8112=IFCINDEXEDPOLYGONALFACE((27,30,28));
#8113=IFCINDEXEDPOLYGONALFACE((29,31,32));
#8114=IFCINDEXEDPOLYGONALFACE((29,32,30));
#8115=IFCINDEXEDPOLYGONALFACE((31,33,34));
#8116=IFCINDEXEDPOLYGONALFACE((31,34,32));
#8117=IFCINDEXEDPOLYGONALFACE((33,35,36));
#8118=IFCINDEXEDPOLYGONALFACE((33,36,34));
#8119=IFCINDEXEDPOLYGONALFACE((35,37,38));
#8120=IFCINDEXEDPOLYGONALFACE((35,38,36));
#8121=IFCINDEXEDPOLYGONALFACE((37,39,40));
#8122=IFCINDEXEDPOLYGONALFACE((37,40,38));
#8123=IFCINDEXEDPOLYGONALFACE((39,41,42));
#8124=IFCINDEXEDPOLYGONALFACE((39,42,40));
#8125=IFCINDEXEDPOLYGONALFACE((41,43,44));
#8126=IFCINDEXEDPOLYGONALFACE((41,44,42));
#8127=IFCINDEXEDPOLYGONALFACE((43,45,46));
#8128=IFCINDEXEDPOLYGONALFACE((43,46,44));
#8129=IFCINDEXEDPOLYGONALFACE((45,47,48));
#8130=IFCINDEXEDPOLYGONALFACE((45,48,46));
#8131=IFCINDEXEDPOLYGONALFACE((47,49,50));
#8132=IFCINDEXEDPOLYGONALFACE((47,50,48));
#8133=IFCINDEXEDPOLYGONALFACE((49,51,52));
#8134=IFCINDEXEDPOLYGONALFACE((49,52,50));
#8135=IFCINDEXEDPOLYGONALFACE((51,53,54));
#8136=IFCINDEXEDPOLYGONALFACE((51,54,52));
#8137=IFCINDEXEDPOLYGONALFACE((53,55,56));
#8138=IFCINDEXEDPOLYGONALFACE((53,56,54));
#8139=IFCINDEXEDPOLYGONALFACE((55,57,58));
#8140=IFCINDEXEDPOLYGONALFACE((55,58,56));
#8141=IFCINDEXEDPOLYGONALFACE((57,59,60));
#8142=IFCINDEXEDPOLYGONALFACE((57,60,58));
#8143=IFCINDEXEDPOLYGONALFACE((59,61,62));
#8144=IFCINDEXEDPOLYGONALFACE((59,62,60));
#8145=IFCINDEXEDPOLYGONALFACE((61,63,64));
#8146=IFCINDEXEDPOLYGONALFACE((61,64,62));
#8147=IFCINDEXEDPOLYGONALFACE((63,1,4));
#8148=IFCINDEXEDPOLYGONALFACE((63,4,64));
#8149=IFCINDEXEDPOLYGONALFACE((1,5,2));
#8150=IFCINDEXEDPOLYGONALFACE((4,3,6));
#8151=IFCINDEXEDPOLYGONALFACE((1,7,5));
#8152=IFCINDEXEDPOLYGONALFACE((4,6,8));
#8153=IFCINDEXEDPOLYGONALFACE((1,9,7));
#8154=IFCINDEXEDPOLYGONALFACE((4,8,10));
#8155=IFCINDEXEDPOLYGONALFACE((1,11,9));
#8156=IFCINDEXEDPOLYGONALFACE((4,10,12));
#8157=IFCINDEXEDPOLYGONALFACE((1,13,11));
#8158=IFCINDEXEDPOLYGONALFACE((4,12,14));
#8159=IFCINDEXEDPOLYGONALFACE((1,15,13));
#8160=IFCINDEXEDPOLYGONALFACE((4,14,16));
#8161=IFCINDEXEDPOLYGONALFACE((1,17,15));
#8162=IFCINDEXEDPOLYGONALFACE((4,16,18));
#8163=IFCINDEXEDPOLYGONALFACE((1,19,17));
#8164=IFCINDEXEDPOLYGONALFACE((4,18,20));
#8165=IFCINDEXEDPOLYGONALFACE((1,21,19));
#8166=IFCINDEXEDPOLYGONALFACE((4,20,22));
#8167=IFCINDEXEDPOLYGONALFACE((1,23,21));
#8168=IFCINDEXEDPOLYGONALFACE((4,22,24));
#8169=IFCINDEXEDPOLYGONALFACE((1,25,23));
#8170=IFCINDEXEDPOLYGONALFACE((4,24,26));
#8171=IFCINDEXEDPOLYGONALFACE((1,27,25));
#8172=IFCINDEXEDPOLYGONALFACE((4,26,28));
#8173=IFCINDEXEDPOLYGONALFACE((1,29,27));
#8174=IFCINDEXEDPOLYGONALFACE((4,28,30));
#8175=IFCINDEXEDPOLYGONALFACE((1,31,29));
#8176=IFCINDEXEDPOLYGONALFACE((4,30,32));
#8177=IFCINDEXEDPOLYGONALFACE((1,33,31));
#8178=IFCINDEXEDPOLYGONALFACE((4,32,34));
#8179=IFCINDEXEDPOLYGONALFACE((1,35,33));
#8180=IFCINDEXEDPOLYGONALFACE((4,34,36));
#8181=IFCINDEXEDPOLYGONALFACE((1,37,35));
#8182=IFCINDEXEDPOLYGONALFACE((4,36,38));
#8183=IFCINDEXEDPOLYGONALFACE((1,39,37));
#8184=IFCINDEXEDPOLYGONALFACE((4,38,40));
#8185=IFCINDEXEDPOLYGONALFACE((1,41,39));
#8186=IFCINDEXEDPOLYGONALFACE((4,40,42));
#8187=IFCINDEXEDPOLYGONALFACE((1,43,41));
#8188=IFCINDEXEDPOLYGONALFACE((4,42,44));
#8189=IFCINDEXEDPOLYGONALFACE((1,45,43));
#8190=IFCINDEXEDPOLYGONALFACE((4,44,46));
#8191=IFCINDEXEDPOLYGONALFACE((1,47,45));
#8192=IFCINDEXEDPOLYGONALFACE((4,46,48));
#8193=IFCINDEXEDPOLYGONALFACE((1,49,47));
#8194=IFCINDEXEDPOLYGONALFACE((4,48,50));
#8195=IFCINDEXEDPOLYGONALFACE((1,51,49));
#8196=IFCINDEXEDPOLYGONALFACE((4,50,52));
#8197=IFCINDEXEDPOLYGONALFACE((1,53,51));
#8198=IFCINDEXEDPOLYGONALFACE((4,52,54));
#8199=IFCINDEXEDPOLYGONALFACE((1,55,53));
#8200=IFCINDEXEDPOLYGONALFACE((4,54,56));
#8201=IFCINDEXEDPOLYGONALFACE((1,57,55));
#8202=IFCINDEXEDPOLYGONALFACE((4,56,58));
#8203=IFCINDEXEDPOLYGONALFACE((1,59,57));
#8204=IFCINDEXEDPOLYGONALFACE((4,58,60));
#8205=IFCINDEXEDPOLYGONALFACE((1,61,59));
#8206=IFCINDEXEDPOLYGONALFACE((4,60,62));
#8207=IFCINDEXEDPOLYGONALFACE((1,63,61));
#8208=IFCINDEXEDPOLYGONALFACE((4,62,64));
#8209=IFCCARTESIANPOINTLIST3D(((0.05,0.,0.014),(0.049039,0.009755,0.014),(0.040212,0.007999,0.05),(0.041,0.,0.05),(0.046194,0.019134,0.014),(0.037879,0.01569,0.05),(0.041573,0.027779,0.014),(0.03409,0.022778,0.05),(0.035355,0.035355,0.014),(0.028991,0.028991,0.05),(0.027779,0.041573,0.014),(0.022778,0.03409,0.05),(0.019134,0.046194,0.014),(0.01569,0.037879,0.05),(0.009755,0.049039,0.014),(0.007999,0.040212,0.05),(0.,0.05,0.014),(0.,0.041,0.05),(-0.009755,0.049039,0.014),(-0.007999,0.040212,0.05),(-0.019134,0.046194,0.014),(-0.01569,0.037879,0.05),(-0.027779,0.041573,0.014),(-0.022778,0.03409,0.05),(-0.035355,0.035355,0.014),(-0.028991,0.028991,0.05),(-0.041573,0.027779,0.014),(-0.03409,0.022778,0.05),(-0.046194,0.019134,0.014),(-0.037879,0.01569,0.05),(-0.049039,0.009755,0.014),(-0.040212,0.007999,0.05),(-0.05,0.,0.014),(-0.041,0.,0.05),(-0.049039,-0.009755,0.014),(-0.040212,-0.007999,0.05),(-0.046194,-0.019134,0.014),(-0.037879,-0.01569,0.05),(-0.041573,-0.027779,0.014),(-0.03409,-0.022778,0.05),(-0.035355,-0.035355,0.014),(-0.028991,-0.028991,0.05),(-0.027779,-0.041573,0.014),(-0.022778,-0.03409,0.05),(-0.019134,-0.046194,0.014),(-0.01569,-0.037879,0.05),(-0.009755,-0.049039,0.014),(-0.007999,-0.040212,0.05),(0.,-0.05,0.014),(0.,-0.041,0.05),(0.009755,-0.049039,0.014),(0.007999,-0.040212,0.05),(0.019134,-0.046194,0.014),(0.01569,-0.037879,0.05),(0.027779,-0.041573,0.014),(0.022778,-0.03409,0.05),(0.035355,-0.035355,0.014),(0.028991,-0.028991,0.05),(0.041573,-0.027779,0.014),(0.03409,-0.022778,0.05),(0.046194,-0.019134,0.014),(0.037879,-0.01569,0.05),(0.049039,-0.009755,0.014),(0.040212,-0.007999,0.05)));
#8210=IFCPOLYGONALFACESET(#8209,.T.,(#8085,#8086,#8087,#8088,#8089,#8090,#8091,#8092,#8093,#8094,#8095,#8096,#8097,#8098,#8099,#8100,#8101,#8102,#8103,#8104,#8105,#8106,#8107,#8108,#8109,#8110,#8111,#8112,#8113,#8114,#8115,#8116,#8117,#8118,#8119,#8120,#8121,#8122,#8123,#8124,#8125,#8126,#8127,#8128,#8129,#8130,#8131,#8132,#8133,#8134,#8135,#8136,#8137,#8138,#8139,#8140,#8141,#8142,#8143,#8144,#8145,#8146,#8147,#8148,#8149,#8150,#8151,#8152,#8153,#8154,#8155,#8156,#8157,#8158,#8159,#8160,#8161,#8162,#8163,#8164,#8165,#8166,#8167,#8168,#8169,#8170,#8171,#8172,#8173,#8174,#8175,#8176,#8177,#8178,#8179,#8180,#8181,#8182,#8183,#8184,#8185,#8186,#8187,#8188,#8189,#8190,#8191,#8192,#8193,#8194,#8195,#8196,#8197,#8198,#8199,#8200,#8201,#8202,#8203,#8204,#8205,#8206,#8207,#8208),$);
#8211=IFCSTYLEDITEM(#8210,(#3585),$);
#8212=IFCINDEXEDPOLYGONALFACE((1,2,3));
#8213=IFCINDEXEDPOLYGONALFACE((1,3,4));
#8214=IFCINDEXEDPOLYGONALFACE((2,5,6));
#8215=IFCINDEXEDPOLYGONALFACE((2,6,3));
#8216=IFCINDEXEDPOLYGONALFACE((5,7,8));
#8217=IFCINDEXEDPOLYGONALFACE((5,8,6));
#8218=IFCINDEXEDPOLYGONALFACE((7,9,10));
#8219=IFCINDEXEDPOLYGONALFACE((7,10,8));
#8220=IFCINDEXEDPOLYGONALFACE((9,11,12));
#8221=IFCINDEXEDPOLYGONALFACE((9,12,10));
#8222=IFCINDEXEDPOLYGONALFACE((11,13,14));
#8223=IFCINDEXEDPOLYGONALFACE((11,14,12));
#8224=IFCINDEXEDPOLYGONALFACE((13,15,16));
#8225=IFCINDEXEDPOLYGONALFACE((13,16,14));
#8226=IFCINDEXEDPOLYGONALFACE((15,17,18));
#8227=IFCINDEXEDPOLYGONALFACE((15,18,16));
#8228=IFCINDEXEDPOLYGONALFACE((17,19,20));
#8229=IFCINDEXEDPOLYGONALFACE((17,20,18));
#8230=IFCINDEXEDPOLYGONALFACE((19,21,22));
#8231=IFCINDEXEDPOLYGONALFACE((19,22,20));
#8232=IFCINDEXEDPOLYGONALFACE((21,23,24));
#8233=IFCINDEXEDPOLYGONALFACE((21,24,22));
#8234=IFCINDEXEDPOLYGONALFACE((23,25,26));
#8235=IFCINDEXEDPOLYGONALFACE((23,26,24));
#8236=IFCINDEXEDPOLYGONALFACE((25,27,28));
#8237=IFCINDEXEDPOLYGONALFACE((25,28,26));
#8238=IFCINDEXEDPOLYGONALFACE((27,29,30));
#8239=IFCINDEXEDPOLYGONALFACE((27,30,28));
#8240=IFCINDEXEDPOLYGONALFACE((29,31,32));
#8241=IFCINDEXEDPOLYGONALFACE((29,32,30));
#8242=IFCINDEXEDPOLYGONALFACE((31,33,34));
#8243=IFCINDEXEDPOLYGONALFACE((31,34,32));
#8244=IFCINDEXEDPOLYGONALFACE((33,35,36));
#8245=IFCINDEXEDPOLYGONALFACE((33,36,34));
#8246=IFCINDEXEDPOLYGONALFACE((35,37,38));
#8247=IFCINDEXEDPOLYGONALFACE((35,38,36));
#8248=IFCINDEXEDPOLYGONALFACE((37,39,40));
#8249=IFCINDEXEDPOLYGONALFACE((37,40,38));
#8250=IFCINDEXEDPOLYGONALFACE((39,41,42));
#8251=IFCINDEXEDPOLYGONALFACE((39,42,40));
#8252=IFCINDEXEDPOLYGONALFACE((41,43,44));
#8253=IFCINDEXEDPOLYGONALFACE((41,44,42));
#8254=IFCINDEXEDPOLYGONALFACE((43,45,46));
#8255=IFCINDEXEDPOLYGONALFACE((43,46,44));
#8256=IFCINDEXEDPOLYGONALFACE((45,47,48));
#8257=IFCINDEXEDPOLYGONALFACE((45,48,46));
#8258=IFCINDEXEDPOLYGONALFACE((47,49,50));
#8259=IFCINDEXEDPOLYGONALFACE((47,50,48));
#8260=IFCINDEXEDPOLYGONALFACE((49,51,52));
#8261=IFCINDEXEDPOLYGONALFACE((49,52,50));
#8262=IFCINDEXEDPOLYGONALFACE((51,53,54));
#8263=IFCINDEXEDPOLYGONALFACE((51,54,52));
#8264=IFCINDEXEDPOLYGONALFACE((53,55,56));
#8265=IFCINDEXEDPOLYGONALFACE((53,56,54));
#8266=IFCINDEXEDPOLYGONALFACE((55,57,58));
#8267=IFCINDEXEDPOLYGONALFACE((55,58,56));
#8268=IFCINDEXEDPOLYGONALFACE((57,59,60));
#8269=IFCINDEXEDPOLYGONALFACE((57,60,58));
#8270=IFCINDEXEDPOLYGONALFACE((59,61,62));
#8271=IFCINDEXEDPOLYGONALFACE((59,62,60));
#8272=IFCINDEXEDPOLYGONALFACE((61,63,64));
#8273=IFCINDEXEDPOLYGONALFACE((61,64,62));
#8274=IFCINDEXEDPOLYGONALFACE((63,1,4));
#8275=IFCINDEXEDPOLYGONALFACE((63,4,64));
#8276=IFCINDEXEDPOLYGONALFACE((1,5,2));
#8277=IFCINDEXEDPOLYGONALFACE((4,3,6));
#8278=IFCINDEXEDPOLYGONALFACE((1,7,5));
#8279=IFCINDEXEDPOLYGONALFACE((4,6,8));
#8280=IFCINDEXEDPOLYGONALFACE((1,9,7));
#8281=IFCINDEXEDPOLYGONALFACE((4,8,10));
#8282=IFCINDEXEDPOLYGONALFACE((1,11,9));
#8283=IFCINDEXEDPOLYGONALFACE((4,10,12));
#8284=IFCINDEXEDPOLYGONALFACE((1,13,11));
#8285=IFCINDEXEDPOLYGONALFACE((4,12,14));
#8286=IFCINDEXEDPOLYGONALFACE((1,15,13));
#8287=IFCINDEXEDPOLYGONALFACE((4,14,16));
#8288=IFCINDEXEDPOLYGONALFACE((1,17,15));
#8289=IFCINDEXEDPOLYGONALFACE((4,16,18));
#8290=IFCINDEXEDPOLYGONALFACE((1,19,17));
#8291=IFCINDEXEDPOLYGONALFACE((4,18,20));
#8292=IFCINDEXEDPOLYGONALFACE((1,21,19));
#8293=IFCINDEXEDPOLYGONALFACE((4,20,22));
#8294=IFCINDEXEDPOLYGONALFACE((1,23,21));
#8295=IFCINDEXEDPOLYGONALFACE((4,22,24));
#8296=IFCINDEXEDPOLYGONALFACE((1,25,23));
#8297=IFCINDEXEDPOLYGONALFACE((4,24,26));
#8298=IFCINDEXEDPOLYGONALFACE((1,27,25));
#8299=IFCINDEXEDPOLYGONALFACE((4,26,28));
#8300=IFCINDEXEDPOLYGONALFACE((1,29,27));
#8301=IFCINDEXEDPOLYGONALFACE((4,28,30));
#8302=IFCINDEXEDPOLYGONALFACE((1,31,29));
#8303=IFCINDEXEDPOLYGONALFACE((4,30,32));
#8304=IFCINDEXEDPOLYGONALFACE((1,33,31));
#8305=IFCINDEXEDPOLYGONALFACE((4,32,34));
#8306=IFCINDEXEDPOLYGONALFACE((1,35,33));
#8307=IFCINDEXEDPOLYGONALFACE((4,34,36));
#8308=IFCINDEXEDPOLYGONALFACE((1,37,35));
#8309=IFCINDEXEDPOLYGONALFACE((4,36,38));
#8310=IFCINDEXEDPOLYGONALFACE((1,39,37));
#8311=IFCINDEXEDPOLYGONALFACE((4,38,40));
#8312=IFCINDEXEDPOLYGONALFACE((1,41,39));
#8313=IFCINDEXEDPOLYGONALFACE((4,40,42));
#8314=IFCINDEXEDPOLYGONALFACE((1,43,41));
#8315=IFCINDEXEDPOLYGONALFACE((4,42,44));
#8316=IFCINDEXEDPOLYGONALFACE((1,45,43));
#8317=IFCINDEXEDPOLYGONALFACE((4,44,46));
#8318=IFCINDEXEDPOLYGONALFACE((1,47,45));
#8319=IFCINDEXEDPOLYGONALFACE((4,46,48));
#8320=IFCINDEXEDPOLYGONALFACE((1,49,47));
#8321=IFCINDEXEDPOLYGONALFACE((4,48,50));
#8322=IFCINDEXEDPOLYGONALFACE((1,51,49));
#8323=IFCINDEXEDPOLYGONALFACE((4,50,52));
#8324=IFCINDEXEDPOLYGONALFACE((1,53,51));
#8325=IFCINDEXEDPOLYGONALFACE((4,52,54));
#8326=IFCINDEXEDPOLYGONALFACE((1,55,53));
#8327=IFCINDEXEDPOLYGONALFACE((4,54,56));
#8328=IFCINDEXEDPOLYGONALFACE((1,57,55));
#8329=IFCINDEXEDPOLYGONALFACE((4,56,58));
#8330=IFCINDEXEDPOLYGONALFACE((1,59,57));
#8331=IFCINDEXEDPOLYGONALFACE((4,58,60));
#8332=IFCINDEXEDPOLYGONALFACE((1,61,59));
#8333=IFCINDEXEDPOLYGONALFACE((4,60,62));
#8334=IFCINDEXEDPOLYGONALFACE((1,63,61));
#8335=IFCINDEXEDPOLYGONALFACE((4,62,64));
#8336=IFCCARTESIANPOINTLIST3D(((0.037,0.,0.),(0.036289,0.007218,0.),(0.039918,0.00794,0.0145),(0.0407,0.,0.0145),(0.034184,0.014159,0.),(0.037602,0.015575,0.0145),(0.030764,0.020556,0.),(0.033841,0.022612,0.0145),(0.026163,0.026163,0.),(0.028779,0.028779,0.0145),(0.020556,0.030764,0.),(0.022612,0.033841,0.0145),(0.014159,0.034184,0.),(0.015575,0.037602,0.0145),(0.007218,0.036289,0.),(0.00794,0.039918,0.0145),(0.,0.037,0.),(0.,0.0407,0.0145),(-0.007218,0.036289,0.),(-0.00794,0.039918,0.0145),(-0.014159,0.034184,0.),(-0.015575,0.037602,0.0145),(-0.020556,0.030764,0.),(-0.022612,0.033841,0.0145),(-0.026163,0.026163,0.),(-0.028779,0.028779,0.0145),(-0.030764,0.020556,0.),(-0.033841,0.022612,0.0145),(-0.034184,0.014159,0.),(-0.037602,0.015575,0.0145),(-0.036289,0.007218,0.),(-0.039918,0.00794,0.0145),(-0.037,0.,0.),(-0.0407,0.,0.0145),(-0.036289,-0.007218,0.),(-0.039918,-0.00794,0.0145),(-0.034184,-0.014159,0.),(-0.037602,-0.015575,0.0145),(-0.030764,-0.020556,0.),(-0.033841,-0.022612,0.0145),(-0.026163,-0.026163,0.),(-0.028779,-0.028779,0.0145),(-0.020556,-0.030764,0.),(-0.022612,-0.033841,0.0145),(-0.014159,-0.034184,0.),(-0.015575,-0.037602,0.0145),(-0.007218,-0.036289,0.),(-0.00794,-0.039918,0.0145),(0.,-0.037,0.),(0.,-0.0407,0.0145),(0.007218,-0.036289,0.),(0.00794,-0.039918,0.0145),(0.014159,-0.034184,0.),(0.015575,-0.037602,0.0145),(0.020556,-0.030764,0.),(0.022612,-0.033841,0.0145),(0.026163,-0.026163,0.),(0.028779,-0.028779,0.0145),(0.030764,-0.020556,0.),(0.033841,-0.022612,0.0145),(0.034184,-0.014159,0.),(0.037602,-0.015575,0.0145),(0.036289,-0.007218,0.),(0.039918,-0.00794,0.0145)));
#8337=IFCPOLYGONALFACESET(#8336,.T.,(#8212,#8213,#8214,#8215,#8216,#8217,#8218,#8219,#8220,#8221,#8222,#8223,#8224,#8225,#8226,#8227,#8228,#8229,#8230,#8231,#8232,#8233,#8234,#8235,#8236,#8237,#8238,#8239,#8240,#8241,#8242,#8243,#8244,#8245,#8246,#8247,#8248,#8249,#8250,#8251,#8252,#8253,#8254,#8255,#8256,#8257,#8258,#8259,#8260,#8261,#8262,#8263,#8264,#8265,#8266,#8267,#8268,#8269,#8270,#8271,#8272,#8273,#8274,#8275,#8276,#8277,#8278,#8279,#8280,#8281,#8282,#8283,#8284,#8285,#8286,#8287,#8288,#8289,#8290,#8291,#8292,#8293,#8294,#8295,#8296,#8297,#8298,#8299,#8300,#8301,#8302,#8303,#8304,#8305,#8306,#8307,#8308,#8309,#8310,#8311,#8312,#8313,#8314,#8315,#8316,#8317,#8318,#8319,#8320,#8321,#8322,#8323,#8324,#8325,#8326,#8327,#8328,#8329,#8330,#8331,#8332,#8333,#8334,#8335),$);
#8338=IFCSTYLEDITEM(#8337,(#5076),$);
#8339=IFCSHAPEREPRESENTATION(#12,'Body','Tessellation',(#8210,#8337));
#8340=IFCPRODUCTDEFINITIONSHAPE($,$,(#8339));
#8341=IFCLIGHTFIXTURE('3OXva_0U5HgdxwBkOtNRWV',#5,'Spotlight','Skanna asset library',$,#8084,#8340,$,.POINTSOURCE.);
#8342=IFCCARTESIANPOINT((2.42,4.94,2.65));
#8343=IFCDIRECTION((0.,0.,1.));
#8344=IFCDIRECTION((1.,0.,0.));
#8345=IFCAXIS2PLACEMENT3D(#8342,#8343,#8344);
#8346=IFCLOCALPLACEMENT(#26,#8345);
#8347=IFCINDEXEDPOLYGONALFACE((1,2,3));
#8348=IFCINDEXEDPOLYGONALFACE((1,3,4));
#8349=IFCINDEXEDPOLYGONALFACE((2,5,6));
#8350=IFCINDEXEDPOLYGONALFACE((2,6,3));
#8351=IFCINDEXEDPOLYGONALFACE((5,7,8));
#8352=IFCINDEXEDPOLYGONALFACE((5,8,6));
#8353=IFCINDEXEDPOLYGONALFACE((7,9,10));
#8354=IFCINDEXEDPOLYGONALFACE((7,10,8));
#8355=IFCINDEXEDPOLYGONALFACE((9,11,12));
#8356=IFCINDEXEDPOLYGONALFACE((9,12,10));
#8357=IFCINDEXEDPOLYGONALFACE((11,13,14));
#8358=IFCINDEXEDPOLYGONALFACE((11,14,12));
#8359=IFCINDEXEDPOLYGONALFACE((13,15,16));
#8360=IFCINDEXEDPOLYGONALFACE((13,16,14));
#8361=IFCINDEXEDPOLYGONALFACE((15,17,18));
#8362=IFCINDEXEDPOLYGONALFACE((15,18,16));
#8363=IFCINDEXEDPOLYGONALFACE((17,19,20));
#8364=IFCINDEXEDPOLYGONALFACE((17,20,18));
#8365=IFCINDEXEDPOLYGONALFACE((19,21,22));
#8366=IFCINDEXEDPOLYGONALFACE((19,22,20));
#8367=IFCINDEXEDPOLYGONALFACE((21,23,24));
#8368=IFCINDEXEDPOLYGONALFACE((21,24,22));
#8369=IFCINDEXEDPOLYGONALFACE((23,25,26));
#8370=IFCINDEXEDPOLYGONALFACE((23,26,24));
#8371=IFCINDEXEDPOLYGONALFACE((25,27,28));
#8372=IFCINDEXEDPOLYGONALFACE((25,28,26));
#8373=IFCINDEXEDPOLYGONALFACE((27,29,30));
#8374=IFCINDEXEDPOLYGONALFACE((27,30,28));
#8375=IFCINDEXEDPOLYGONALFACE((29,31,32));
#8376=IFCINDEXEDPOLYGONALFACE((29,32,30));
#8377=IFCINDEXEDPOLYGONALFACE((31,33,34));
#8378=IFCINDEXEDPOLYGONALFACE((31,34,32));
#8379=IFCINDEXEDPOLYGONALFACE((33,35,36));
#8380=IFCINDEXEDPOLYGONALFACE((33,36,34));
#8381=IFCINDEXEDPOLYGONALFACE((35,37,38));
#8382=IFCINDEXEDPOLYGONALFACE((35,38,36));
#8383=IFCINDEXEDPOLYGONALFACE((37,39,40));
#8384=IFCINDEXEDPOLYGONALFACE((37,40,38));
#8385=IFCINDEXEDPOLYGONALFACE((39,41,42));
#8386=IFCINDEXEDPOLYGONALFACE((39,42,40));
#8387=IFCINDEXEDPOLYGONALFACE((41,43,44));
#8388=IFCINDEXEDPOLYGONALFACE((41,44,42));
#8389=IFCINDEXEDPOLYGONALFACE((43,45,46));
#8390=IFCINDEXEDPOLYGONALFACE((43,46,44));
#8391=IFCINDEXEDPOLYGONALFACE((45,47,48));
#8392=IFCINDEXEDPOLYGONALFACE((45,48,46));
#8393=IFCINDEXEDPOLYGONALFACE((47,49,50));
#8394=IFCINDEXEDPOLYGONALFACE((47,50,48));
#8395=IFCINDEXEDPOLYGONALFACE((49,51,52));
#8396=IFCINDEXEDPOLYGONALFACE((49,52,50));
#8397=IFCINDEXEDPOLYGONALFACE((51,53,54));
#8398=IFCINDEXEDPOLYGONALFACE((51,54,52));
#8399=IFCINDEXEDPOLYGONALFACE((53,55,56));
#8400=IFCINDEXEDPOLYGONALFACE((53,56,54));
#8401=IFCINDEXEDPOLYGONALFACE((55,57,58));
#8402=IFCINDEXEDPOLYGONALFACE((55,58,56));
#8403=IFCINDEXEDPOLYGONALFACE((57,59,60));
#8404=IFCINDEXEDPOLYGONALFACE((57,60,58));
#8405=IFCINDEXEDPOLYGONALFACE((59,61,62));
#8406=IFCINDEXEDPOLYGONALFACE((59,62,60));
#8407=IFCINDEXEDPOLYGONALFACE((61,63,64));
#8408=IFCINDEXEDPOLYGONALFACE((61,64,62));
#8409=IFCINDEXEDPOLYGONALFACE((63,1,4));
#8410=IFCINDEXEDPOLYGONALFACE((63,4,64));
#8411=IFCINDEXEDPOLYGONALFACE((1,5,2));
#8412=IFCINDEXEDPOLYGONALFACE((4,3,6));
#8413=IFCINDEXEDPOLYGONALFACE((1,7,5));
#8414=IFCINDEXEDPOLYGONALFACE((4,6,8));
#8415=IFCINDEXEDPOLYGONALFACE((1,9,7));
#8416=IFCINDEXEDPOLYGONALFACE((4,8,10));
#8417=IFCINDEXEDPOLYGONALFACE((1,11,9));
#8418=IFCINDEXEDPOLYGONALFACE((4,10,12));
#8419=IFCINDEXEDPOLYGONALFACE((1,13,11));
#8420=IFCINDEXEDPOLYGONALFACE((4,12,14));
#8421=IFCINDEXEDPOLYGONALFACE((1,15,13));
#8422=IFCINDEXEDPOLYGONALFACE((4,14,16));
#8423=IFCINDEXEDPOLYGONALFACE((1,17,15));
#8424=IFCINDEXEDPOLYGONALFACE((4,16,18));
#8425=IFCINDEXEDPOLYGONALFACE((1,19,17));
#8426=IFCINDEXEDPOLYGONALFACE((4,18,20));
#8427=IFCINDEXEDPOLYGONALFACE((1,21,19));
#8428=IFCINDEXEDPOLYGONALFACE((4,20,22));
#8429=IFCINDEXEDPOLYGONALFACE((1,23,21));
#8430=IFCINDEXEDPOLYGONALFACE((4,22,24));
#8431=IFCINDEXEDPOLYGONALFACE((1,25,23));
#8432=IFCINDEXEDPOLYGONALFACE((4,24,26));
#8433=IFCINDEXEDPOLYGONALFACE((1,27,25));
#8434=IFCINDEXEDPOLYGONALFACE((4,26,28));
#8435=IFCINDEXEDPOLYGONALFACE((1,29,27));
#8436=IFCINDEXEDPOLYGONALFACE((4,28,30));
#8437=IFCINDEXEDPOLYGONALFACE((1,31,29));
#8438=IFCINDEXEDPOLYGONALFACE((4,30,32));
#8439=IFCINDEXEDPOLYGONALFACE((1,33,31));
#8440=IFCINDEXEDPOLYGONALFACE((4,32,34));
#8441=IFCINDEXEDPOLYGONALFACE((1,35,33));
#8442=IFCINDEXEDPOLYGONALFACE((4,34,36));
#8443=IFCINDEXEDPOLYGONALFACE((1,37,35));
#8444=IFCINDEXEDPOLYGONALFACE((4,36,38));
#8445=IFCINDEXEDPOLYGONALFACE((1,39,37));
#8446=IFCINDEXEDPOLYGONALFACE((4,38,40));
#8447=IFCINDEXEDPOLYGONALFACE((1,41,39));
#8448=IFCINDEXEDPOLYGONALFACE((4,40,42));
#8449=IFCINDEXEDPOLYGONALFACE((1,43,41));
#8450=IFCINDEXEDPOLYGONALFACE((4,42,44));
#8451=IFCINDEXEDPOLYGONALFACE((1,45,43));
#8452=IFCINDEXEDPOLYGONALFACE((4,44,46));
#8453=IFCINDEXEDPOLYGONALFACE((1,47,45));
#8454=IFCINDEXEDPOLYGONALFACE((4,46,48));
#8455=IFCINDEXEDPOLYGONALFACE((1,49,47));
#8456=IFCINDEXEDPOLYGONALFACE((4,48,50));
#8457=IFCINDEXEDPOLYGONALFACE((1,51,49));
#8458=IFCINDEXEDPOLYGONALFACE((4,50,52));
#8459=IFCINDEXEDPOLYGONALFACE((1,53,51));
#8460=IFCINDEXEDPOLYGONALFACE((4,52,54));
#8461=IFCINDEXEDPOLYGONALFACE((1,55,53));
#8462=IFCINDEXEDPOLYGONALFACE((4,54,56));
#8463=IFCINDEXEDPOLYGONALFACE((1,57,55));
#8464=IFCINDEXEDPOLYGONALFACE((4,56,58));
#8465=IFCINDEXEDPOLYGONALFACE((1,59,57));
#8466=IFCINDEXEDPOLYGONALFACE((4,58,60));
#8467=IFCINDEXEDPOLYGONALFACE((1,61,59));
#8468=IFCINDEXEDPOLYGONALFACE((4,60,62));
#8469=IFCINDEXEDPOLYGONALFACE((1,63,61));
#8470=IFCINDEXEDPOLYGONALFACE((4,62,64));
#8471=IFCCARTESIANPOINTLIST3D(((0.05,0.,0.014),(0.049039,0.009755,0.014),(0.040212,0.007999,0.05),(0.041,0.,0.05),(0.046194,0.019134,0.014),(0.037879,0.01569,0.05),(0.041573,0.027779,0.014),(0.03409,0.022778,0.05),(0.035355,0.035355,0.014),(0.028991,0.028991,0.05),(0.027779,0.041573,0.014),(0.022778,0.03409,0.05),(0.019134,0.046194,0.014),(0.01569,0.037879,0.05),(0.009755,0.049039,0.014),(0.007999,0.040212,0.05),(0.,0.05,0.014),(0.,0.041,0.05),(-0.009755,0.049039,0.014),(-0.007999,0.040212,0.05),(-0.019134,0.046194,0.014),(-0.01569,0.037879,0.05),(-0.027779,0.041573,0.014),(-0.022778,0.03409,0.05),(-0.035355,0.035355,0.014),(-0.028991,0.028991,0.05),(-0.041573,0.027779,0.014),(-0.03409,0.022778,0.05),(-0.046194,0.019134,0.014),(-0.037879,0.01569,0.05),(-0.049039,0.009755,0.014),(-0.040212,0.007999,0.05),(-0.05,0.,0.014),(-0.041,0.,0.05),(-0.049039,-0.009755,0.014),(-0.040212,-0.007999,0.05),(-0.046194,-0.019134,0.014),(-0.037879,-0.01569,0.05),(-0.041573,-0.027779,0.014),(-0.03409,-0.022778,0.05),(-0.035355,-0.035355,0.014),(-0.028991,-0.028991,0.05),(-0.027779,-0.041573,0.014),(-0.022778,-0.03409,0.05),(-0.019134,-0.046194,0.014),(-0.01569,-0.037879,0.05),(-0.009755,-0.049039,0.014),(-0.007999,-0.040212,0.05),(0.,-0.05,0.014),(0.,-0.041,0.05),(0.009755,-0.049039,0.014),(0.007999,-0.040212,0.05),(0.019134,-0.046194,0.014),(0.01569,-0.037879,0.05),(0.027779,-0.041573,0.014),(0.022778,-0.03409,0.05),(0.035355,-0.035355,0.014),(0.028991,-0.028991,0.05),(0.041573,-0.027779,0.014),(0.03409,-0.022778,0.05),(0.046194,-0.019134,0.014),(0.037879,-0.01569,0.05),(0.049039,-0.009755,0.014),(0.040212,-0.007999,0.05)));
#8472=IFCPOLYGONALFACESET(#8471,.T.,(#8347,#8348,#8349,#8350,#8351,#8352,#8353,#8354,#8355,#8356,#8357,#8358,#8359,#8360,#8361,#8362,#8363,#8364,#8365,#8366,#8367,#8368,#8369,#8370,#8371,#8372,#8373,#8374,#8375,#8376,#8377,#8378,#8379,#8380,#8381,#8382,#8383,#8384,#8385,#8386,#8387,#8388,#8389,#8390,#8391,#8392,#8393,#8394,#8395,#8396,#8397,#8398,#8399,#8400,#8401,#8402,#8403,#8404,#8405,#8406,#8407,#8408,#8409,#8410,#8411,#8412,#8413,#8414,#8415,#8416,#8417,#8418,#8419,#8420,#8421,#8422,#8423,#8424,#8425,#8426,#8427,#8428,#8429,#8430,#8431,#8432,#8433,#8434,#8435,#8436,#8437,#8438,#8439,#8440,#8441,#8442,#8443,#8444,#8445,#8446,#8447,#8448,#8449,#8450,#8451,#8452,#8453,#8454,#8455,#8456,#8457,#8458,#8459,#8460,#8461,#8462,#8463,#8464,#8465,#8466,#8467,#8468,#8469,#8470),$);
#8473=IFCSTYLEDITEM(#8472,(#3585),$);
#8474=IFCINDEXEDPOLYGONALFACE((1,2,3));
#8475=IFCINDEXEDPOLYGONALFACE((1,3,4));
#8476=IFCINDEXEDPOLYGONALFACE((2,5,6));
#8477=IFCINDEXEDPOLYGONALFACE((2,6,3));
#8478=IFCINDEXEDPOLYGONALFACE((5,7,8));
#8479=IFCINDEXEDPOLYGONALFACE((5,8,6));
#8480=IFCINDEXEDPOLYGONALFACE((7,9,10));
#8481=IFCINDEXEDPOLYGONALFACE((7,10,8));
#8482=IFCINDEXEDPOLYGONALFACE((9,11,12));
#8483=IFCINDEXEDPOLYGONALFACE((9,12,10));
#8484=IFCINDEXEDPOLYGONALFACE((11,13,14));
#8485=IFCINDEXEDPOLYGONALFACE((11,14,12));
#8486=IFCINDEXEDPOLYGONALFACE((13,15,16));
#8487=IFCINDEXEDPOLYGONALFACE((13,16,14));
#8488=IFCINDEXEDPOLYGONALFACE((15,17,18));
#8489=IFCINDEXEDPOLYGONALFACE((15,18,16));
#8490=IFCINDEXEDPOLYGONALFACE((17,19,20));
#8491=IFCINDEXEDPOLYGONALFACE((17,20,18));
#8492=IFCINDEXEDPOLYGONALFACE((19,21,22));
#8493=IFCINDEXEDPOLYGONALFACE((19,22,20));
#8494=IFCINDEXEDPOLYGONALFACE((21,23,24));
#8495=IFCINDEXEDPOLYGONALFACE((21,24,22));
#8496=IFCINDEXEDPOLYGONALFACE((23,25,26));
#8497=IFCINDEXEDPOLYGONALFACE((23,26,24));
#8498=IFCINDEXEDPOLYGONALFACE((25,27,28));
#8499=IFCINDEXEDPOLYGONALFACE((25,28,26));
#8500=IFCINDEXEDPOLYGONALFACE((27,29,30));
#8501=IFCINDEXEDPOLYGONALFACE((27,30,28));
#8502=IFCINDEXEDPOLYGONALFACE((29,31,32));
#8503=IFCINDEXEDPOLYGONALFACE((29,32,30));
#8504=IFCINDEXEDPOLYGONALFACE((31,33,34));
#8505=IFCINDEXEDPOLYGONALFACE((31,34,32));
#8506=IFCINDEXEDPOLYGONALFACE((33,35,36));
#8507=IFCINDEXEDPOLYGONALFACE((33,36,34));
#8508=IFCINDEXEDPOLYGONALFACE((35,37,38));
#8509=IFCINDEXEDPOLYGONALFACE((35,38,36));
#8510=IFCINDEXEDPOLYGONALFACE((37,39,40));
#8511=IFCINDEXEDPOLYGONALFACE((37,40,38));
#8512=IFCINDEXEDPOLYGONALFACE((39,41,42));
#8513=IFCINDEXEDPOLYGONALFACE((39,42,40));
#8514=IFCINDEXEDPOLYGONALFACE((41,43,44));
#8515=IFCINDEXEDPOLYGONALFACE((41,44,42));
#8516=IFCINDEXEDPOLYGONALFACE((43,45,46));
#8517=IFCINDEXEDPOLYGONALFACE((43,46,44));
#8518=IFCINDEXEDPOLYGONALFACE((45,47,48));
#8519=IFCINDEXEDPOLYGONALFACE((45,48,46));
#8520=IFCINDEXEDPOLYGONALFACE((47,49,50));
#8521=IFCINDEXEDPOLYGONALFACE((47,50,48));
#8522=IFCINDEXEDPOLYGONALFACE((49,51,52));
#8523=IFCINDEXEDPOLYGONALFACE((49,52,50));
#8524=IFCINDEXEDPOLYGONALFACE((51,53,54));
#8525=IFCINDEXEDPOLYGONALFACE((51,54,52));
#8526=IFCINDEXEDPOLYGONALFACE((53,55,56));
#8527=IFCINDEXEDPOLYGONALFACE((53,56,54));
#8528=IFCINDEXEDPOLYGONALFACE((55,57,58));
#8529=IFCINDEXEDPOLYGONALFACE((55,58,56));
#8530=IFCINDEXEDPOLYGONALFACE((57,59,60));
#8531=IFCINDEXEDPOLYGONALFACE((57,60,58));
#8532=IFCINDEXEDPOLYGONALFACE((59,61,62));
#8533=IFCINDEXEDPOLYGONALFACE((59,62,60));
#8534=IFCINDEXEDPOLYGONALFACE((61,63,64));
#8535=IFCINDEXEDPOLYGONALFACE((61,64,62));
#8536=IFCINDEXEDPOLYGONALFACE((63,1,4));
#8537=IFCINDEXEDPOLYGONALFACE((63,4,64));
#8538=IFCINDEXEDPOLYGONALFACE((1,5,2));
#8539=IFCINDEXEDPOLYGONALFACE((4,3,6));
#8540=IFCINDEXEDPOLYGONALFACE((1,7,5));
#8541=IFCINDEXEDPOLYGONALFACE((4,6,8));
#8542=IFCINDEXEDPOLYGONALFACE((1,9,7));
#8543=IFCINDEXEDPOLYGONALFACE((4,8,10));
#8544=IFCINDEXEDPOLYGONALFACE((1,11,9));
#8545=IFCINDEXEDPOLYGONALFACE((4,10,12));
#8546=IFCINDEXEDPOLYGONALFACE((1,13,11));
#8547=IFCINDEXEDPOLYGONALFACE((4,12,14));
#8548=IFCINDEXEDPOLYGONALFACE((1,15,13));
#8549=IFCINDEXEDPOLYGONALFACE((4,14,16));
#8550=IFCINDEXEDPOLYGONALFACE((1,17,15));
#8551=IFCINDEXEDPOLYGONALFACE((4,16,18));
#8552=IFCINDEXEDPOLYGONALFACE((1,19,17));
#8553=IFCINDEXEDPOLYGONALFACE((4,18,20));
#8554=IFCINDEXEDPOLYGONALFACE((1,21,19));
#8555=IFCINDEXEDPOLYGONALFACE((4,20,22));
#8556=IFCINDEXEDPOLYGONALFACE((1,23,21));
#8557=IFCINDEXEDPOLYGONALFACE((4,22,24));
#8558=IFCINDEXEDPOLYGONALFACE((1,25,23));
#8559=IFCINDEXEDPOLYGONALFACE((4,24,26));
#8560=IFCINDEXEDPOLYGONALFACE((1,27,25));
#8561=IFCINDEXEDPOLYGONALFACE((4,26,28));
#8562=IFCINDEXEDPOLYGONALFACE((1,29,27));
#8563=IFCINDEXEDPOLYGONALFACE((4,28,30));
#8564=IFCINDEXEDPOLYGONALFACE((1,31,29));
#8565=IFCINDEXEDPOLYGONALFACE((4,30,32));
#8566=IFCINDEXEDPOLYGONALFACE((1,33,31));
#8567=IFCINDEXEDPOLYGONALFACE((4,32,34));
#8568=IFCINDEXEDPOLYGONALFACE((1,35,33));
#8569=IFCINDEXEDPOLYGONALFACE((4,34,36));
#8570=IFCINDEXEDPOLYGONALFACE((1,37,35));
#8571=IFCINDEXEDPOLYGONALFACE((4,36,38));
#8572=IFCINDEXEDPOLYGONALFACE((1,39,37));
#8573=IFCINDEXEDPOLYGONALFACE((4,38,40));
#8574=IFCINDEXEDPOLYGONALFACE((1,41,39));
#8575=IFCINDEXEDPOLYGONALFACE((4,40,42));
#8576=IFCINDEXEDPOLYGONALFACE((1,43,41));
#8577=IFCINDEXEDPOLYGONALFACE((4,42,44));
#8578=IFCINDEXEDPOLYGONALFACE((1,45,43));
#8579=IFCINDEXEDPOLYGONALFACE((4,44,46));
#8580=IFCINDEXEDPOLYGONALFACE((1,47,45));
#8581=IFCINDEXEDPOLYGONALFACE((4,46,48));
#8582=IFCINDEXEDPOLYGONALFACE((1,49,47));
#8583=IFCINDEXEDPOLYGONALFACE((4,48,50));
#8584=IFCINDEXEDPOLYGONALFACE((1,51,49));
#8585=IFCINDEXEDPOLYGONALFACE((4,50,52));
#8586=IFCINDEXEDPOLYGONALFACE((1,53,51));
#8587=IFCINDEXEDPOLYGONALFACE((4,52,54));
#8588=IFCINDEXEDPOLYGONALFACE((1,55,53));
#8589=IFCINDEXEDPOLYGONALFACE((4,54,56));
#8590=IFCINDEXEDPOLYGONALFACE((1,57,55));
#8591=IFCINDEXEDPOLYGONALFACE((4,56,58));
#8592=IFCINDEXEDPOLYGONALFACE((1,59,57));
#8593=IFCINDEXEDPOLYGONALFACE((4,58,60));
#8594=IFCINDEXEDPOLYGONALFACE((1,61,59));
#8595=IFCINDEXEDPOLYGONALFACE((4,60,62));
#8596=IFCINDEXEDPOLYGONALFACE((1,63,61));
#8597=IFCINDEXEDPOLYGONALFACE((4,62,64));
#8598=IFCCARTESIANPOINTLIST3D(((0.037,0.,0.),(0.036289,0.007218,0.),(0.039918,0.00794,0.0145),(0.0407,0.,0.0145),(0.034184,0.014159,0.),(0.037602,0.015575,0.0145),(0.030764,0.020556,0.),(0.033841,0.022612,0.0145),(0.026163,0.026163,0.),(0.028779,0.028779,0.0145),(0.020556,0.030764,0.),(0.022612,0.033841,0.0145),(0.014159,0.034184,0.),(0.015575,0.037602,0.0145),(0.007218,0.036289,0.),(0.00794,0.039918,0.0145),(0.,0.037,0.),(0.,0.0407,0.0145),(-0.007218,0.036289,0.),(-0.00794,0.039918,0.0145),(-0.014159,0.034184,0.),(-0.015575,0.037602,0.0145),(-0.020556,0.030764,0.),(-0.022612,0.033841,0.0145),(-0.026163,0.026163,0.),(-0.028779,0.028779,0.0145),(-0.030764,0.020556,0.),(-0.033841,0.022612,0.0145),(-0.034184,0.014159,0.),(-0.037602,0.015575,0.0145),(-0.036289,0.007218,0.),(-0.039918,0.00794,0.0145),(-0.037,0.,0.),(-0.0407,0.,0.0145),(-0.036289,-0.007218,0.),(-0.039918,-0.00794,0.0145),(-0.034184,-0.014159,0.),(-0.037602,-0.015575,0.0145),(-0.030764,-0.020556,0.),(-0.033841,-0.022612,0.0145),(-0.026163,-0.026163,0.),(-0.028779,-0.028779,0.0145),(-0.020556,-0.030764,0.),(-0.022612,-0.033841,0.0145),(-0.014159,-0.034184,0.),(-0.015575,-0.037602,0.0145),(-0.007218,-0.036289,0.),(-0.00794,-0.039918,0.0145),(0.,-0.037,0.),(0.,-0.0407,0.0145),(0.007218,-0.036289,0.),(0.00794,-0.039918,0.0145),(0.014159,-0.034184,0.),(0.015575,-0.037602,0.0145),(0.020556,-0.030764,0.),(0.022612,-0.033841,0.0145),(0.026163,-0.026163,0.),(0.028779,-0.028779,0.0145),(0.030764,-0.020556,0.),(0.033841,-0.022612,0.0145),(0.034184,-0.014159,0.),(0.037602,-0.015575,0.0145),(0.036289,-0.007218,0.),(0.039918,-0.00794,0.0145)));
#8599=IFCPOLYGONALFACESET(#8598,.T.,(#8474,#8475,#8476,#8477,#8478,#8479,#8480,#8481,#8482,#8483,#8484,#8485,#8486,#8487,#8488,#8489,#8490,#8491,#8492,#8493,#8494,#8495,#8496,#8497,#8498,#8499,#8500,#8501,#8502,#8503,#8504,#8505,#8506,#8507,#8508,#8509,#8510,#8511,#8512,#8513,#8514,#8515,#8516,#8517,#8518,#8519,#8520,#8521,#8522,#8523,#8524,#8525,#8526,#8527,#8528,#8529,#8530,#8531,#8532,#8533,#8534,#8535,#8536,#8537,#8538,#8539,#8540,#8541,#8542,#8543,#8544,#8545,#8546,#8547,#8548,#8549,#8550,#8551,#8552,#8553,#8554,#8555,#8556,#8557,#8558,#8559,#8560,#8561,#8562,#8563,#8564,#8565,#8566,#8567,#8568,#8569,#8570,#8571,#8572,#8573,#8574,#8575,#8576,#8577,#8578,#8579,#8580,#8581,#8582,#8583,#8584,#8585,#8586,#8587,#8588,#8589,#8590,#8591,#8592,#8593,#8594,#8595,#8596,#8597),$);
#8600=IFCSTYLEDITEM(#8599,(#5076),$);
#8601=IFCSHAPEREPRESENTATION(#12,'Body','Tessellation',(#8472,#8599));
#8602=IFCPRODUCTDEFINITIONSHAPE($,$,(#8601));
#8603=IFCLIGHTFIXTURE('3grV_erV$ck7$VsAT3VL18',#5,'Spotlight','Skanna asset library',$,#8346,#8602,$,.POINTSOURCE.);
#8604=IFCCARTESIANPOINT((0.45,7.35,0.));
#8605=IFCDIRECTION((0.,0.,1.));
#8606=IFCDIRECTION((0.,1.,0.));
#8607=IFCAXIS2PLACEMENT3D(#8604,#8605,#8606);
#8608=IFCLOCALPLACEMENT(#26,#8607);
#8609=IFCCARTESIANPOINT((0.,0.008));
#8610=IFCAXIS2PLACEMENT2D(#8609,$);
#8611=IFCRECTANGLEPROFILEDEF(.AREA.,$,#8610,0.45,0.384);
#8612=IFCCARTESIANPOINT((0.,0.,0.088));
#8613=IFCAXIS2PLACEMENT3D(#8612,$,$);
#8614=IFCDIRECTION((0.,0.,1.));
#8615=IFCEXTRUDEDAREASOLID(#8611,#8613,#8614,0.462);
#8616=IFCSTYLEDITEM(#8615,(#3585),$);
#8617=IFCCARTESIANPOINT((0.,-0.192));
#8618=IFCAXIS2PLACEMENT2D(#8617,$);
#8619=IFCRECTANGLEPROFILEDEF(.AREA.,$,#8618,0.405,0.016);
#8620=IFCCARTESIANPOINT((0.,0.,0.121));
#8621=IFCAXIS2PLACEMENT3D(#8620,$,$);
#8622=IFCDIRECTION((0.,0.,1.));
#8623=IFCEXTRUDEDAREASOLID(#8619,#8621,#8622,0.187);
#8624=IFCSTYLEDITEM(#8623,(#4087),$);
#8625=IFCCARTESIANPOINT((0.,-0.192));
#8626=IFCAXIS2PLACEMENT2D(#8625,$);
#8627=IFCRECTANGLEPROFILEDEF(.AREA.,$,#8626,0.405,0.016);
#8628=IFCCARTESIANPOINT((0.,0.,0.33));
#8629=IFCAXIS2PLACEMENT3D(#8628,$,$);
#8630=IFCDIRECTION((0.,0.,1.));
#8631=IFCEXTRUDEDAREASOLID(#8627,#8629,#8630,0.187);
#8632=IFCSTYLEDITEM(#8631,(#4087),$);
#8633=IFCCARTESIANPOINT((-0.189,-0.168));
#8634=IFCAXIS2PLACEMENT2D(#8633,$);
#8635=IFCRECTANGLEPROFILEDEF(.AREA.,$,#8634,0.036,0.032);
#8636=IFCCARTESIANPOINT((0.,0.,0.));
#8637=IFCAXIS2PLACEMENT3D(#8636,$,$);
#8638=IFCDIRECTION((0.,0.,1.));
#8639=IFCEXTRUDEDAREASOLID(#8635,#8637,#8638,0.0935);
#8640=IFCSTYLEDITEM(#8639,(#3519),$);
#8641=IFCCARTESIANPOINT((0.189,-0.168));
#8642=IFCAXIS2PLACEMENT2D(#8641,$);
#8643=IFCRECTANGLEPROFILEDEF(.AREA.,$,#8642,0.036,0.032);
#8644=IFCCARTESIANPOINT((0.,0.,0.));
#8645=IFCAXIS2PLACEMENT3D(#8644,$,$);
#8646=IFCDIRECTION((0.,0.,1.));
#8647=IFCEXTRUDEDAREASOLID(#8643,#8645,#8646,0.0935);
#8648=IFCSTYLEDITEM(#8647,(#3519),$);
#8649=IFCCARTESIANPOINT((-0.189,0.168));
#8650=IFCAXIS2PLACEMENT2D(#8649,$);
#8651=IFCRECTANGLEPROFILEDEF(.AREA.,$,#8650,0.036,0.032);
#8652=IFCCARTESIANPOINT((0.,0.,0.));
#8653=IFCAXIS2PLACEMENT3D(#8652,$,$);
#8654=IFCDIRECTION((0.,0.,1.));
#8655=IFCEXTRUDEDAREASOLID(#8651,#8653,#8654,0.0935);
#8656=IFCSTYLEDITEM(#8655,(#3519),$);
#8657=IFCCARTESIANPOINT((0.189,0.168));
#8658=IFCAXIS2PLACEMENT2D(#8657,$);
#8659=IFCRECTANGLEPROFILEDEF(.AREA.,$,#8658,0.036,0.032);
#8660=IFCCARTESIANPOINT((0.,0.,0.));
#8661=IFCAXIS2PLACEMENT3D(#8660,$,$);
#8662=IFCDIRECTION((0.,0.,1.));
#8663=IFCEXTRUDEDAREASOLID(#8659,#8661,#8662,0.0935);
#8664=IFCSTYLEDITEM(#8663,(#3519),$);
#8665=IFCSHAPEREPRESENTATION(#12,'Body','SweptSolid',(#8615,#8623,#8631,#8639,#8647,#8655,#8663));
#8666=IFCPRODUCTDEFINITIONSHAPE($,$,(#8665));
#8667=IFCFURNITURE('0ixVBAg2osGKLDclal7VP0',#5,'Nightstand','Skanna asset library',$,#8608,#8666,$,.NOTDEFINED.);
#8668=IFCCARTESIANPOINT((0.23,3.35,1.8));
#8669=IFCDIRECTION((0.,0.,1.));
#8670=IFCDIRECTION((0.,1.,0.));
#8671=IFCAXIS2PLACEMENT3D(#8668,#8669,#8670);
#8672=IFCLOCALPLACEMENT(#26,#8671);
#8673=IFCCARTESIANPOINT((0.,0.0588));
#8674=IFCAXIS2PLACEMENT2D(#8673,$);
#8675=IFCRECTANGLEPROFILEDEF(.AREA.,$,#8674,0.112,0.0224);
#8676=IFCCARTESIANPOINT((0.,0.,0.12));
#8677=IFCAXIS2PLACEMENT3D(#8676,$,$);
#8678=IFCDIRECTION((0.,0.,1.));
#8679=IFCEXTRUDEDAREASOLID(#8675,#8677,#8678,0.24);
#8680=IFCSTYLEDITEM(#8679,(#2952),$);
#8681=IFCCARTESIANPOINT((0.,0.));
#8682=IFCAXIS2PLACEMENT2D(#8681,$);
#8683=IFCELLIPSEPROFILEDEF(.AREA.,$,#8682,0.08,0.07);
#8684=IFCCARTESIANPOINT((0.,0.,0.0768));
#8685=IFCAXIS2PLACEMENT3D(#8684,$,$);
#8686=IFCDIRECTION((0.,0.,1.));
#8687=IFCEXTRUDEDAREASOLID(#8683,#8685,#8686,0.1392);
#8688=IFCSTYLEDITEM(#8687,(#2952),$);
#8689=IFCCARTESIANPOINT((0.,0.));
#8690=IFCAXIS2PLACEMENT2D(#8689,$);
#8691=IFCELLIPSEPROFILEDEF(.AREA.,$,#8690,0.0656,0.0574);
#8692=IFCCARTESIANPOINT((0.,0.,0.216));
#8693=IFCAXIS2PLACEMENT3D(#8692,$,$);
#8694=IFCDIRECTION((0.,0.,1.));
#8695=IFCEXTRUDEDAREASOLID(#8691,#8693,#8694,0.024);
#8696=IFCSTYLEDITEM(#8695,(#5076),$);
#8697=IFCSHAPEREPRESENTATION(#12,'Body','SweptSolid',(#8679,#8687,#8695));
#8698=IFCPRODUCTDEFINITIONSHAPE($,$,(#8697));
#8699=IFCLIGHTFIXTURE('22T5ejxwbLWp4t8_qVHvzw',#5,'Wall sconce','Skanna asset library',$,#8672,#8698,$,.DIRECTIONSOURCE.);
#8700=IFCCARTESIANPOINT((10.25,7.61,0.63));
#8701=IFCDIRECTION((0.,0.,1.));
#8702=IFCDIRECTION((0.,-1.,0.));
#8703=IFCAXIS2PLACEMENT3D(#8700,#8701,#8702);
#8704=IFCLOCALPLACEMENT(#26,#8703);
#8705=IFCINDEXEDPOLYGONALFACE((1,2,3));
#8706=IFCINDEXEDPOLYGONALFACE((1,3,4));
#8707=IFCINDEXEDPOLYGONALFACE((2,5,6));
#8708=IFCINDEXEDPOLYGONALFACE((2,6,3));
#8709=IFCINDEXEDPOLYGONALFACE((5,7,8));
#8710=IFCINDEXEDPOLYGONALFACE((5,8,6));
#8711=IFCINDEXEDPOLYGONALFACE((7,9,10));
#8712=IFCINDEXEDPOLYGONALFACE((7,10,8));
#8713=IFCINDEXEDPOLYGONALFACE((9,11,12));
#8714=IFCINDEXEDPOLYGONALFACE((9,12,10));
#8715=IFCINDEXEDPOLYGONALFACE((11,13,14));
#8716=IFCINDEXEDPOLYGONALFACE((11,14,12));
#8717=IFCINDEXEDPOLYGONALFACE((13,15,16));
#8718=IFCINDEXEDPOLYGONALFACE((13,16,14));
#8719=IFCINDEXEDPOLYGONALFACE((15,17,18));
#8720=IFCINDEXEDPOLYGONALFACE((15,18,16));
#8721=IFCINDEXEDPOLYGONALFACE((17,19,20));
#8722=IFCINDEXEDPOLYGONALFACE((17,20,18));
#8723=IFCINDEXEDPOLYGONALFACE((19,21,22));
#8724=IFCINDEXEDPOLYGONALFACE((19,22,20));
#8725=IFCINDEXEDPOLYGONALFACE((21,23,24));
#8726=IFCINDEXEDPOLYGONALFACE((21,24,22));
#8727=IFCINDEXEDPOLYGONALFACE((23,25,26));
#8728=IFCINDEXEDPOLYGONALFACE((23,26,24));
#8729=IFCINDEXEDPOLYGONALFACE((25,27,28));
#8730=IFCINDEXEDPOLYGONALFACE((25,28,26));
#8731=IFCINDEXEDPOLYGONALFACE((27,29,30));
#8732=IFCINDEXEDPOLYGONALFACE((27,30,28));
#8733=IFCINDEXEDPOLYGONALFACE((29,31,32));
#8734=IFCINDEXEDPOLYGONALFACE((29,32,30));
#8735=IFCINDEXEDPOLYGONALFACE((31,1,4));
#8736=IFCINDEXEDPOLYGONALFACE((31,4,32));
#8737=IFCINDEXEDPOLYGONALFACE((1,5,2));
#8738=IFCINDEXEDPOLYGONALFACE((4,3,6));
#8739=IFCINDEXEDPOLYGONALFACE((1,7,5));
#8740=IFCINDEXEDPOLYGONALFACE((4,6,8));
#8741=IFCINDEXEDPOLYGONALFACE((1,9,7));
#8742=IFCINDEXEDPOLYGONALFACE((4,8,10));
#8743=IFCINDEXEDPOLYGONALFACE((1,11,9));
#8744=IFCINDEXEDPOLYGONALFACE((4,10,12));
#8745=IFCINDEXEDPOLYGONALFACE((1,13,11));
#8746=IFCINDEXEDPOLYGONALFACE((4,12,14));
#8747=IFCINDEXEDPOLYGONALFACE((1,15,13));
#8748=IFCINDEXEDPOLYGONALFACE((4,14,16));
#8749=IFCINDEXEDPOLYGONALFACE((1,17,15));
#8750=IFCINDEXEDPOLYGONALFACE((4,16,18));
#8751=IFCINDEXEDPOLYGONALFACE((1,19,17));
#8752=IFCINDEXEDPOLYGONALFACE((4,18,20));
#8753=IFCINDEXEDPOLYGONALFACE((1,21,19));
#8754=IFCINDEXEDPOLYGONALFACE((4,20,22));
#8755=IFCINDEXEDPOLYGONALFACE((1,23,21));
#8756=IFCINDEXEDPOLYGONALFACE((4,22,24));
#8757=IFCINDEXEDPOLYGONALFACE((1,25,23));
#8758=IFCINDEXEDPOLYGONALFACE((4,24,26));
#8759=IFCINDEXEDPOLYGONALFACE((1,27,25));
#8760=IFCINDEXEDPOLYGONALFACE((4,26,28));
#8761=IFCINDEXEDPOLYGONALFACE((1,29,27));
#8762=IFCINDEXEDPOLYGONALFACE((4,28,30));
#8763=IFCINDEXEDPOLYGONALFACE((1,31,29));
#8764=IFCINDEXEDPOLYGONALFACE((4,30,32));
#8765=IFCCARTESIANPOINTLIST3D(((0.874,-0.005,0.),(0.877,-0.004196,0.),(0.877,-0.004196,0.96),(0.874,-0.005,0.96),(0.879196,-0.002,0.),(0.879196,-0.002,0.96),(0.88,0.001,0.),(0.88,0.001,0.96),(0.88,0.019,0.),(0.88,0.019,0.96),(0.879196,0.022,0.),(0.879196,0.022,0.96),(0.877,0.024196,0.),(0.877,0.024196,0.96),(0.874,0.025,0.),(0.874,0.025,0.96),(-0.874,0.025,0.),(-0.874,0.025,0.96),(-0.877,0.024196,0.),(-0.877,0.024196,0.96),(-0.879196,0.022,0.),(-0.879196,0.022,0.96),(-0.88,0.019,0.),(-0.88,0.019,0.96),(-0.88,0.001,0.),(-0.88,0.001,0.96),(-0.879196,-0.002,0.),(-0.879196,-0.002,0.96),(-0.877,-0.004196,0.),(-0.877,-0.004196,0.96),(-0.874,-0.005,0.),(-0.874,-0.005,0.96)));
#8766=IFCPOLYGONALFACESET(#8765,.T.,(#8705,#8706,#8707,#8708,#8709,#8710,#8711,#8712,#8713,#8714,#8715,#8716,#8717,#8718,#8719,#8720,#8721,#8722,#8723,#8724,#8725,#8726,#8727,#8728,#8729,#8730,#8731,#8732,#8733,#8734,#8735,#8736,#8737,#8738,#8739,#8740,#8741,#8742,#8743,#8744,#8745,#8746,#8747,#8748,#8749,#8750,#8751,#8752,#8753,#8754,#8755,#8756,#8757,#8758,#8759,#8760,#8761,#8762,#8763,#8764),$);
#8767=IFCSTYLEDITEM(#8766,(#6021),$);
#8768=IFCCARTESIANPOINT((0.,-0.017));
#8769=IFCAXIS2PLACEMENT2D(#8768,$);
#8770=IFCRECTANGLEPROFILEDEF(.AREA.,$,#8769,1.73184,0.014);
#8771=IFCCARTESIANPOINT((0.,0.,0.0576));
#8772=IFCAXIS2PLACEMENT3D(#8771,$,$);
#8773=IFCDIRECTION((0.,0.,1.));
#8774=IFCEXTRUDEDAREASOLID(#8770,#8772,#8773,0.888);
#8775=IFCCOLOURRGB($,0.129412,0.141176,0.160784);
#8776=IFCSURFACESTYLESHADING(#8775,0.);
#8777=IFCSURFACESTYLE('#212429',.BOTH.,(#8776));
#8778=IFCSTYLEDITEM(#8774,(#8777),$);
#8779=IFCSHAPEREPRESENTATION(#12,'Body','SolidModel',(#8766,#8774));
#8780=IFCPRODUCTDEFINITIONSHAPE($,$,(#8779));
#8781=IFCAUDIOVISUALAPPLIANCE('2dgTkjy4ubv1MJEIyc79Qt',#5,'TV / flat panel','Skanna asset library',$,#8704,#8780,$,.DISPLAY.);
#8782=IFCCARTESIANPOINT((0.18,9.68,0.2));
#8783=IFCDIRECTION((0.,0.,1.));
#8784=IFCDIRECTION((0.,-1.,0.));
#8785=IFCAXIS2PLACEMENT3D(#8782,#8783,#8784);
#8786=IFCLOCALPLACEMENT(#26,#8785);
#8787=IFCCARTESIANPOINT((0.,0.01));
#8788=IFCAXIS2PLACEMENT2D(#8787,$);
#8789=IFCRECTANGLEPROFILEDEF(.AREA.,$,#8788,0.8,0.02);
#8790=IFCCARTESIANPOINT((0.,0.,0.));
#8791=IFCAXIS2PLACEMENT3D(#8790,$,$);
#8792=IFCDIRECTION((0.,0.,1.));
#8793=IFCEXTRUDEDAREASOLID(#8789,#8791,#8792,2.);
#8794=IFCSTYLEDITEM(#8793,(#4087),$);
#8795=IFCCARTESIANPOINT((0.,-0.012));
#8796=IFCAXIS2PLACEMENT2D(#8795,$);
#8797=IFCRECTANGLEPROFILEDEF(.AREA.,$,#8796,0.752,0.016);
#8798=IFCCARTESIANPOINT((0.,0.,0.04));
#8799=IFCAXIS2PLACEMENT3D(#8798,$,$);
#8800=IFCDIRECTION((0.,0.,1.));
#8801=IFCEXTRUDEDAREASOLID(#8797,#8799,#8800,1.92);
#8802=IFCSTYLEDITEM(#8801,(#4098),$);
#8803=IFCSHAPEREPRESENTATION(#12,'Body','SweptSolid',(#8793,#8801));
#8804=IFCPRODUCTDEFINITIONSHAPE($,$,(#8803));
#8805=IFCFURNITURE('2mfzvz1_I2P_z9phiKhW6p',#5,'Mirror','Skanna asset library',$,#8786,#8804,$,.NOTDEFINED.);
#8806=IFCCARTESIANPOINT((10.65,15.6,0.6));
#8807=IFCDIRECTION((0.,0.,1.));
#8808=IFCDIRECTION((0.,1.,0.));
#8809=IFCAXIS2PLACEMENT3D(#8806,#8807,#8808);
#8810=IFCLOCALPLACEMENT(#26,#8809);
#8811=IFCCARTESIANPOINT((0.,0.));
#8812=IFCAXIS2PLACEMENT2D(#8811,$);
#8813=IFCRECTANGLEPROFILEDEF(.AREA.,$,#8812,0.4,0.3);
#8814=IFCCARTESIANPOINT((0.,0.,0.));
#8815=IFCAXIS2PLACEMENT3D(#8814,$,$);
#8816=IFCDIRECTION((0.,0.,1.));
#8817=IFCEXTRUDEDAREASOLID(#8813,#8815,#8816,0.5);
#8818=IFCCOLOURRGB($,0.709804,0.690196,0.654902);
#8819=IFCSURFACESTYLESHADING(#8818,0.);
#8820=IFCSURFACESTYLE('#b5b0a7',.BOTH.,(#8819));
#8821=IFCSTYLEDITEM(#8817,(#8820),$);
#8822=IFCSHAPEREPRESENTATION(#12,'Body','SweptSolid',(#8817));
#8823=IFCPRODUCTDEFINITIONSHAPE($,$,(#8822));
#8824=IFCBUILDINGELEMENTPROXY('0G9LGmiG5vzWdg0BiwJ41z',#5,'Solar battery','Skanna asset library',$,#8810,#8823,$,.NOTDEFINED.);
#8825=IFCPROPERTYSINGLEVALUE('Manufacturer',$,IFCTEXT('Brand info'),$);
#8826=IFCPROPERTYSINGLEVALUE('Capacity',$,IFCTEXT('Data 123'),$);
#8827=IFCPROPERTYSINGLEVALUE('Info',$,IFCTEXT('Add any info in the bim author tool'),$);
#8828=IFCPROPERTYSET('3SmdAYJexfsV5SDdhRdTCg',#5,'Skanna_Properties','Author properties (Skanna)',(#8825,#8826,#8827));
#8829=IFCRELDEFINESBYPROPERTIES('1Xoae8Yf1qVFjL4WtXRx4W',#5,$,$,(#8824),#8828);
#8830=IFCCARTESIANPOINT((4.95,9.1,2.65));
#8831=IFCDIRECTION((0.,0.,1.));
#8832=IFCDIRECTION((0.,1.,0.));
#8833=IFCAXIS2PLACEMENT3D(#8830,#8831,#8832);
#8834=IFCLOCALPLACEMENT(#26,#8833);
#8835=IFCINDEXEDPOLYGONALFACE((1,2,3));
#8836=IFCINDEXEDPOLYGONALFACE((1,3,4));
#8837=IFCINDEXEDPOLYGONALFACE((2,5,6));
#8838=IFCINDEXEDPOLYGONALFACE((2,6,3));
#8839=IFCINDEXEDPOLYGONALFACE((5,7,8));
#8840=IFCINDEXEDPOLYGONALFACE((5,8,6));
#8841=IFCINDEXEDPOLYGONALFACE((7,9,10));
#8842=IFCINDEXEDPOLYGONALFACE((7,10,8));
#8843=IFCINDEXEDPOLYGONALFACE((9,11,12));
#8844=IFCINDEXEDPOLYGONALFACE((9,12,10));
#8845=IFCINDEXEDPOLYGONALFACE((11,13,14));
#8846=IFCINDEXEDPOLYGONALFACE((11,14,12));
#8847=IFCINDEXEDPOLYGONALFACE((13,15,16));
#8848=IFCINDEXEDPOLYGONALFACE((13,16,14));
#8849=IFCINDEXEDPOLYGONALFACE((15,17,18));
#8850=IFCINDEXEDPOLYGONALFACE((15,18,16));
#8851=IFCINDEXEDPOLYGONALFACE((17,19,20));
#8852=IFCINDEXEDPOLYGONALFACE((17,20,18));
#8853=IFCINDEXEDPOLYGONALFACE((19,21,22));
#8854=IFCINDEXEDPOLYGONALFACE((19,22,20));
#8855=IFCINDEXEDPOLYGONALFACE((21,23,24));
#8856=IFCINDEXEDPOLYGONALFACE((21,24,22));
#8857=IFCINDEXEDPOLYGONALFACE((23,25,26));
#8858=IFCINDEXEDPOLYGONALFACE((23,26,24));
#8859=IFCINDEXEDPOLYGONALFACE((25,27,28));
#8860=IFCINDEXEDPOLYGONALFACE((25,28,26));
#8861=IFCINDEXEDPOLYGONALFACE((27,29,30));
#8862=IFCINDEXEDPOLYGONALFACE((27,30,28));
#8863=IFCINDEXEDPOLYGONALFACE((29,31,32));
#8864=IFCINDEXEDPOLYGONALFACE((29,32,30));
#8865=IFCINDEXEDPOLYGONALFACE((31,33,34));
#8866=IFCINDEXEDPOLYGONALFACE((31,34,32));
#8867=IFCINDEXEDPOLYGONALFACE((33,35,36));
#8868=IFCINDEXEDPOLYGONALFACE((33,36,34));
#8869=IFCINDEXEDPOLYGONALFACE((35,37,38));
#8870=IFCINDEXEDPOLYGONALFACE((35,38,36));
#8871=IFCINDEXEDPOLYGONALFACE((37,39,40));
#8872=IFCINDEXEDPOLYGONALFACE((37,40,38));
#8873=IFCINDEXEDPOLYGONALFACE((39,41,42));
#8874=IFCINDEXEDPOLYGONALFACE((39,42,40));
#8875=IFCINDEXEDPOLYGONALFACE((41,43,44));
#8876=IFCINDEXEDPOLYGONALFACE((41,44,42));
#8877=IFCINDEXEDPOLYGONALFACE((43,45,46));
#8878=IFCINDEXEDPOLYGONALFACE((43,46,44));
#8879=IFCINDEXEDPOLYGONALFACE((45,47,48));
#8880=IFCINDEXEDPOLYGONALFACE((45,48,46));
#8881=IFCINDEXEDPOLYGONALFACE((47,49,50));
#8882=IFCINDEXEDPOLYGONALFACE((47,50,48));
#8883=IFCINDEXEDPOLYGONALFACE((49,51,52));
#8884=IFCINDEXEDPOLYGONALFACE((49,52,50));
#8885=IFCINDEXEDPOLYGONALFACE((51,53,54));
#8886=IFCINDEXEDPOLYGONALFACE((51,54,52));
#8887=IFCINDEXEDPOLYGONALFACE((53,55,56));
#8888=IFCINDEXEDPOLYGONALFACE((53,56,54));
#8889=IFCINDEXEDPOLYGONALFACE((55,57,58));
#8890=IFCINDEXEDPOLYGONALFACE((55,58,56));
#8891=IFCINDEXEDPOLYGONALFACE((57,59,60));
#8892=IFCINDEXEDPOLYGONALFACE((57,60,58));
#8893=IFCINDEXEDPOLYGONALFACE((59,61,62));
#8894=IFCINDEXEDPOLYGONALFACE((59,62,60));
#8895=IFCINDEXEDPOLYGONALFACE((61,63,64));
#8896=IFCINDEXEDPOLYGONALFACE((61,64,62));
#8897=IFCINDEXEDPOLYGONALFACE((63,1,4));
#8898=IFCINDEXEDPOLYGONALFACE((63,4,64));
#8899=IFCINDEXEDPOLYGONALFACE((1,5,2));
#8900=IFCINDEXEDPOLYGONALFACE((4,3,6));
#8901=IFCINDEXEDPOLYGONALFACE((1,7,5));
#8902=IFCINDEXEDPOLYGONALFACE((4,6,8));
#8903=IFCINDEXEDPOLYGONALFACE((1,9,7));
#8904=IFCINDEXEDPOLYGONALFACE((4,8,10));
#8905=IFCINDEXEDPOLYGONALFACE((1,11,9));
#8906=IFCINDEXEDPOLYGONALFACE((4,10,12));
#8907=IFCINDEXEDPOLYGONALFACE((1,13,11));
#8908=IFCINDEXEDPOLYGONALFACE((4,12,14));
#8909=IFCINDEXEDPOLYGONALFACE((1,15,13));
#8910=IFCINDEXEDPOLYGONALFACE((4,14,16));
#8911=IFCINDEXEDPOLYGONALFACE((1,17,15));
#8912=IFCINDEXEDPOLYGONALFACE((4,16,18));
#8913=IFCINDEXEDPOLYGONALFACE((1,19,17));
#8914=IFCINDEXEDPOLYGONALFACE((4,18,20));
#8915=IFCINDEXEDPOLYGONALFACE((1,21,19));
#8916=IFCINDEXEDPOLYGONALFACE((4,20,22));
#8917=IFCINDEXEDPOLYGONALFACE((1,23,21));
#8918=IFCINDEXEDPOLYGONALFACE((4,22,24));
#8919=IFCINDEXEDPOLYGONALFACE((1,25,23));
#8920=IFCINDEXEDPOLYGONALFACE((4,24,26));
#8921=IFCINDEXEDPOLYGONALFACE((1,27,25));
#8922=IFCINDEXEDPOLYGONALFACE((4,26,28));
#8923=IFCINDEXEDPOLYGONALFACE((1,29,27));
#8924=IFCINDEXEDPOLYGONALFACE((4,28,30));
#8925=IFCINDEXEDPOLYGONALFACE((1,31,29));
#8926=IFCINDEXEDPOLYGONALFACE((4,30,32));
#8927=IFCINDEXEDPOLYGONALFACE((1,33,31));
#8928=IFCINDEXEDPOLYGONALFACE((4,32,34));
#8929=IFCINDEXEDPOLYGONALFACE((1,35,33));
#8930=IFCINDEXEDPOLYGONALFACE((4,34,36));
#8931=IFCINDEXEDPOLYGONALFACE((1,37,35));
#8932=IFCINDEXEDPOLYGONALFACE((4,36,38));
#8933=IFCINDEXEDPOLYGONALFACE((1,39,37));
#8934=IFCINDEXEDPOLYGONALFACE((4,38,40));
#8935=IFCINDEXEDPOLYGONALFACE((1,41,39));
#8936=IFCINDEXEDPOLYGONALFACE((4,40,42));
#8937=IFCINDEXEDPOLYGONALFACE((1,43,41));
#8938=IFCINDEXEDPOLYGONALFACE((4,42,44));
#8939=IFCINDEXEDPOLYGONALFACE((1,45,43));
#8940=IFCINDEXEDPOLYGONALFACE((4,44,46));
#8941=IFCINDEXEDPOLYGONALFACE((1,47,45));
#8942=IFCINDEXEDPOLYGONALFACE((4,46,48));
#8943=IFCINDEXEDPOLYGONALFACE((1,49,47));
#8944=IFCINDEXEDPOLYGONALFACE((4,48,50));
#8945=IFCINDEXEDPOLYGONALFACE((1,51,49));
#8946=IFCINDEXEDPOLYGONALFACE((4,50,52));
#8947=IFCINDEXEDPOLYGONALFACE((1,53,51));
#8948=IFCINDEXEDPOLYGONALFACE((4,52,54));
#8949=IFCINDEXEDPOLYGONALFACE((1,55,53));
#8950=IFCINDEXEDPOLYGONALFACE((4,54,56));
#8951=IFCINDEXEDPOLYGONALFACE((1,57,55));
#8952=IFCINDEXEDPOLYGONALFACE((4,56,58));
#8953=IFCINDEXEDPOLYGONALFACE((1,59,57));
#8954=IFCINDEXEDPOLYGONALFACE((4,58,60));
#8955=IFCINDEXEDPOLYGONALFACE((1,61,59));
#8956=IFCINDEXEDPOLYGONALFACE((4,60,62));
#8957=IFCINDEXEDPOLYGONALFACE((1,63,61));
#8958=IFCINDEXEDPOLYGONALFACE((4,62,64));
#8959=IFCCARTESIANPOINTLIST3D(((0.05,0.,0.014),(0.049039,0.009755,0.014),(0.040212,0.007999,0.05),(0.041,0.,0.05),(0.046194,0.019134,0.014),(0.037879,0.01569,0.05),(0.041573,0.027779,0.014),(0.03409,0.022778,0.05),(0.035355,0.035355,0.014),(0.028991,0.028991,0.05),(0.027779,0.041573,0.014),(0.022778,0.03409,0.05),(0.019134,0.046194,0.014),(0.01569,0.037879,0.05),(0.009755,0.049039,0.014),(0.007999,0.040212,0.05),(0.,0.05,0.014),(0.,0.041,0.05),(-0.009755,0.049039,0.014),(-0.007999,0.040212,0.05),(-0.019134,0.046194,0.014),(-0.01569,0.037879,0.05),(-0.027779,0.041573,0.014),(-0.022778,0.03409,0.05),(-0.035355,0.035355,0.014),(-0.028991,0.028991,0.05),(-0.041573,0.027779,0.014),(-0.03409,0.022778,0.05),(-0.046194,0.019134,0.014),(-0.037879,0.01569,0.05),(-0.049039,0.009755,0.014),(-0.040212,0.007999,0.05),(-0.05,0.,0.014),(-0.041,0.,0.05),(-0.049039,-0.009755,0.014),(-0.040212,-0.007999,0.05),(-0.046194,-0.019134,0.014),(-0.037879,-0.01569,0.05),(-0.041573,-0.027779,0.014),(-0.03409,-0.022778,0.05),(-0.035355,-0.035355,0.014),(-0.028991,-0.028991,0.05),(-0.027779,-0.041573,0.014),(-0.022778,-0.03409,0.05),(-0.019134,-0.046194,0.014),(-0.01569,-0.037879,0.05),(-0.009755,-0.049039,0.014),(-0.007999,-0.040212,0.05),(0.,-0.05,0.014),(0.,-0.041,0.05),(0.009755,-0.049039,0.014),(0.007999,-0.040212,0.05),(0.019134,-0.046194,0.014),(0.01569,-0.037879,0.05),(0.027779,-0.041573,0.014),(0.022778,-0.03409,0.05),(0.035355,-0.035355,0.014),(0.028991,-0.028991,0.05),(0.041573,-0.027779,0.014),(0.03409,-0.022778,0.05),(0.046194,-0.019134,0.014),(0.037879,-0.01569,0.05),(0.049039,-0.009755,0.014),(0.040212,-0.007999,0.05)));
#8960=IFCPOLYGONALFACESET(#8959,.T.,(#8835,#8836,#8837,#8838,#8839,#8840,#8841,#8842,#8843,#8844,#8845,#8846,#8847,#8848,#8849,#8850,#8851,#8852,#8853,#8854,#8855,#8856,#8857,#8858,#8859,#8860,#8861,#8862,#8863,#8864,#8865,#8866,#8867,#8868,#8869,#8870,#8871,#8872,#8873,#8874,#8875,#8876,#8877,#8878,#8879,#8880,#8881,#8882,#8883,#8884,#8885,#8886,#8887,#8888,#8889,#8890,#8891,#8892,#8893,#8894,#8895,#8896,#8897,#8898,#8899,#8900,#8901,#8902,#8903,#8904,#8905,#8906,#8907,#8908,#8909,#8910,#8911,#8912,#8913,#8914,#8915,#8916,#8917,#8918,#8919,#8920,#8921,#8922,#8923,#8924,#8925,#8926,#8927,#8928,#8929,#8930,#8931,#8932,#8933,#8934,#8935,#8936,#8937,#8938,#8939,#8940,#8941,#8942,#8943,#8944,#8945,#8946,#8947,#8948,#8949,#8950,#8951,#8952,#8953,#8954,#8955,#8956,#8957,#8958),$);
#8961=IFCSTYLEDITEM(#8960,(#3585),$);
#8962=IFCINDEXEDPOLYGONALFACE((1,2,3));
#8963=IFCINDEXEDPOLYGONALFACE((1,3,4));
#8964=IFCINDEXEDPOLYGONALFACE((2,5,6));
#8965=IFCINDEXEDPOLYGONALFACE((2,6,3));
#8966=IFCINDEXEDPOLYGONALFACE((5,7,8));
#8967=IFCINDEXEDPOLYGONALFACE((5,8,6));
#8968=IFCINDEXEDPOLYGONALFACE((7,9,10));
#8969=IFCINDEXEDPOLYGONALFACE((7,10,8));
#8970=IFCINDEXEDPOLYGONALFACE((9,11,12));
#8971=IFCINDEXEDPOLYGONALFACE((9,12,10));
#8972=IFCINDEXEDPOLYGONALFACE((11,13,14));
#8973=IFCINDEXEDPOLYGONALFACE((11,14,12));
#8974=IFCINDEXEDPOLYGONALFACE((13,15,16));
#8975=IFCINDEXEDPOLYGONALFACE((13,16,14));
#8976=IFCINDEXEDPOLYGONALFACE((15,17,18));
#8977=IFCINDEXEDPOLYGONALFACE((15,18,16));
#8978=IFCINDEXEDPOLYGONALFACE((17,19,20));
#8979=IFCINDEXEDPOLYGONALFACE((17,20,18));
#8980=IFCINDEXEDPOLYGONALFACE((19,21,22));
#8981=IFCINDEXEDPOLYGONALFACE((19,22,20));
#8982=IFCINDEXEDPOLYGONALFACE((21,23,24));
#8983=IFCINDEXEDPOLYGONALFACE((21,24,22));
#8984=IFCINDEXEDPOLYGONALFACE((23,25,26));
#8985=IFCINDEXEDPOLYGONALFACE((23,26,24));
#8986=IFCINDEXEDPOLYGONALFACE((25,27,28));
#8987=IFCINDEXEDPOLYGONALFACE((25,28,26));
#8988=IFCINDEXEDPOLYGONALFACE((27,29,30));
#8989=IFCINDEXEDPOLYGONALFACE((27,30,28));
#8990=IFCINDEXEDPOLYGONALFACE((29,31,32));
#8991=IFCINDEXEDPOLYGONALFACE((29,32,30));
#8992=IFCINDEXEDPOLYGONALFACE((31,33,34));
#8993=IFCINDEXEDPOLYGONALFACE((31,34,32));
#8994=IFCINDEXEDPOLYGONALFACE((33,35,36));
#8995=IFCINDEXEDPOLYGONALFACE((33,36,34));
#8996=IFCINDEXEDPOLYGONALFACE((35,37,38));
#8997=IFCINDEXEDPOLYGONALFACE((35,38,36));
#8998=IFCINDEXEDPOLYGONALFACE((37,39,40));
#8999=IFCINDEXEDPOLYGONALFACE((37,40,38));
#9000=IFCINDEXEDPOLYGONALFACE((39,41,42));
#9001=IFCINDEXEDPOLYGONALFACE((39,42,40));
#9002=IFCINDEXEDPOLYGONALFACE((41,43,44));
#9003=IFCINDEXEDPOLYGONALFACE((41,44,42));
#9004=IFCINDEXEDPOLYGONALFACE((43,45,46));
#9005=IFCINDEXEDPOLYGONALFACE((43,46,44));
#9006=IFCINDEXEDPOLYGONALFACE((45,47,48));
#9007=IFCINDEXEDPOLYGONALFACE((45,48,46));
#9008=IFCINDEXEDPOLYGONALFACE((47,49,50));
#9009=IFCINDEXEDPOLYGONALFACE((47,50,48));
#9010=IFCINDEXEDPOLYGONALFACE((49,51,52));
#9011=IFCINDEXEDPOLYGONALFACE((49,52,50));
#9012=IFCINDEXEDPOLYGONALFACE((51,53,54));
#9013=IFCINDEXEDPOLYGONALFACE((51,54,52));
#9014=IFCINDEXEDPOLYGONALFACE((53,55,56));
#9015=IFCINDEXEDPOLYGONALFACE((53,56,54));
#9016=IFCINDEXEDPOLYGONALFACE((55,57,58));
#9017=IFCINDEXEDPOLYGONALFACE((55,58,56));
#9018=IFCINDEXEDPOLYGONALFACE((57,59,60));
#9019=IFCINDEXEDPOLYGONALFACE((57,60,58));
#9020=IFCINDEXEDPOLYGONALFACE((59,61,62));
#9021=IFCINDEXEDPOLYGONALFACE((59,62,60));
#9022=IFCINDEXEDPOLYGONALFACE((61,63,64));
#9023=IFCINDEXEDPOLYGONALFACE((61,64,62));
#9024=IFCINDEXEDPOLYGONALFACE((63,1,4));
#9025=IFCINDEXEDPOLYGONALFACE((63,4,64));
#9026=IFCINDEXEDPOLYGONALFACE((1,5,2));
#9027=IFCINDEXEDPOLYGONALFACE((4,3,6));
#9028=IFCINDEXEDPOLYGONALFACE((1,7,5));
#9029=IFCINDEXEDPOLYGONALFACE((4,6,8));
#9030=IFCINDEXEDPOLYGONALFACE((1,9,7));
#9031=IFCINDEXEDPOLYGONALFACE((4,8,10));
#9032=IFCINDEXEDPOLYGONALFACE((1,11,9));
#9033=IFCINDEXEDPOLYGONALFACE((4,10,12));
#9034=IFCINDEXEDPOLYGONALFACE((1,13,11));
#9035=IFCINDEXEDPOLYGONALFACE((4,12,14));
#9036=IFCINDEXEDPOLYGONALFACE((1,15,13));
#9037=IFCINDEXEDPOLYGONALFACE((4,14,16));
#9038=IFCINDEXEDPOLYGONALFACE((1,17,15));
#9039=IFCINDEXEDPOLYGONALFACE((4,16,18));
#9040=IFCINDEXEDPOLYGONALFACE((1,19,17));
#9041=IFCINDEXEDPOLYGONALFACE((4,18,20));
#9042=IFCINDEXEDPOLYGONALFACE((1,21,19));
#9043=IFCINDEXEDPOLYGONALFACE((4,20,22));
#9044=IFCINDEXEDPOLYGONALFACE((1,23,21));
#9045=IFCINDEXEDPOLYGONALFACE((4,22,24));
#9046=IFCINDEXEDPOLYGONALFACE((1,25,23));
#9047=IFCINDEXEDPOLYGONALFACE((4,24,26));
#9048=IFCINDEXEDPOLYGONALFACE((1,27,25));
#9049=IFCINDEXEDPOLYGONALFACE((4,26,28));
#9050=IFCINDEXEDPOLYGONALFACE((1,29,27));
#9051=IFCINDEXEDPOLYGONALFACE((4,28,30));
#9052=IFCINDEXEDPOLYGONALFACE((1,31,29));
#9053=IFCINDEXEDPOLYGONALFACE((4,30,32));
#9054=IFCINDEXEDPOLYGONALFACE((1,33,31));
#9055=IFCINDEXEDPOLYGONALFACE((4,32,34));
#9056=IFCINDEXEDPOLYGONALFACE((1,35,33));
#9057=IFCINDEXEDPOLYGONALFACE((4,34,36));
#9058=IFCINDEXEDPOLYGONALFACE((1,37,35));
#9059=IFCINDEXEDPOLYGONALFACE((4,36,38));
#9060=IFCINDEXEDPOLYGONALFACE((1,39,37));
#9061=IFCINDEXEDPOLYGONALFACE((4,38,40));
#9062=IFCINDEXEDPOLYGONALFACE((1,41,39));
#9063=IFCINDEXEDPOLYGONALFACE((4,40,42));
#9064=IFCINDEXEDPOLYGONALFACE((1,43,41));
#9065=IFCINDEXEDPOLYGONALFACE((4,42,44));
#9066=IFCINDEXEDPOLYGONALFACE((1,45,43));
#9067=IFCINDEXEDPOLYGONALFACE((4,44,46));
#9068=IFCINDEXEDPOLYGONALFACE((1,47,45));
#9069=IFCINDEXEDPOLYGONALFACE((4,46,48));
#9070=IFCINDEXEDPOLYGONALFACE((1,49,47));
#9071=IFCINDEXEDPOLYGONALFACE((4,48,50));
#9072=IFCINDEXEDPOLYGONALFACE((1,51,49));
#9073=IFCINDEXEDPOLYGONALFACE((4,50,52));
#9074=IFCINDEXEDPOLYGONALFACE((1,53,51));
#9075=IFCINDEXEDPOLYGONALFACE((4,52,54));
#9076=IFCINDEXEDPOLYGONALFACE((1,55,53));
#9077=IFCINDEXEDPOLYGONALFACE((4,54,56));
#9078=IFCINDEXEDPOLYGONALFACE((1,57,55));
#9079=IFCINDEXEDPOLYGONALFACE((4,56,58));
#9080=IFCINDEXEDPOLYGONALFACE((1,59,57));
#9081=IFCINDEXEDPOLYGONALFACE((4,58,60));
#9082=IFCINDEXEDPOLYGONALFACE((1,61,59));
#9083=IFCINDEXEDPOLYGONALFACE((4,60,62));
#9084=IFCINDEXEDPOLYGONALFACE((1,63,61));
#9085=IFCINDEXEDPOLYGONALFACE((4,62,64));
#9086=IFCCARTESIANPOINTLIST3D(((0.037,0.,0.),(0.036289,0.007218,0.),(0.039918,0.00794,0.0145),(0.0407,0.,0.0145),(0.034184,0.014159,0.),(0.037602,0.015575,0.0145),(0.030764,0.020556,0.),(0.033841,0.022612,0.0145),(0.026163,0.026163,0.),(0.028779,0.028779,0.0145),(0.020556,0.030764,0.),(0.022612,0.033841,0.0145),(0.014159,0.034184,0.),(0.015575,0.037602,0.0145),(0.007218,0.036289,0.),(0.00794,0.039918,0.0145),(0.,0.037,0.),(0.,0.0407,0.0145),(-0.007218,0.036289,0.),(-0.00794,0.039918,0.0145),(-0.014159,0.034184,0.),(-0.015575,0.037602,0.0145),(-0.020556,0.030764,0.),(-0.022612,0.033841,0.0145),(-0.026163,0.026163,0.),(-0.028779,0.028779,0.0145),(-0.030764,0.020556,0.),(-0.033841,0.022612,0.0145),(-0.034184,0.014159,0.),(-0.037602,0.015575,0.0145),(-0.036289,0.007218,0.),(-0.039918,0.00794,0.0145),(-0.037,0.,0.),(-0.0407,0.,0.0145),(-0.036289,-0.007218,0.),(-0.039918,-0.00794,0.0145),(-0.034184,-0.014159,0.),(-0.037602,-0.015575,0.0145),(-0.030764,-0.020556,0.),(-0.033841,-0.022612,0.0145),(-0.026163,-0.026163,0.),(-0.028779,-0.028779,0.0145),(-0.020556,-0.030764,0.),(-0.022612,-0.033841,0.0145),(-0.014159,-0.034184,0.),(-0.015575,-0.037602,0.0145),(-0.007218,-0.036289,0.),(-0.00794,-0.039918,0.0145),(0.,-0.037,0.),(0.,-0.0407,0.0145),(0.007218,-0.036289,0.),(0.00794,-0.039918,0.0145),(0.014159,-0.034184,0.),(0.015575,-0.037602,0.0145),(0.020556,-0.030764,0.),(0.022612,-0.033841,0.0145),(0.026163,-0.026163,0.),(0.028779,-0.028779,0.0145),(0.030764,-0.020556,0.),(0.033841,-0.022612,0.0145),(0.034184,-0.014159,0.),(0.037602,-0.015575,0.0145),(0.036289,-0.007218,0.),(0.039918,-0.00794,0.0145)));
#9087=IFCPOLYGONALFACESET(#9086,.T.,(#8962,#8963,#8964,#8965,#8966,#8967,#8968,#8969,#8970,#8971,#8972,#8973,#8974,#8975,#8976,#8977,#8978,#8979,#8980,#8981,#8982,#8983,#8984,#8985,#8986,#8987,#8988,#8989,#8990,#8991,#8992,#8993,#8994,#8995,#8996,#8997,#8998,#8999,#9000,#9001,#9002,#9003,#9004,#9005,#9006,#9007,#9008,#9009,#9010,#9011,#9012,#9013,#9014,#9015,#9016,#9017,#9018,#9019,#9020,#9021,#9022,#9023,#9024,#9025,#9026,#9027,#9028,#9029,#9030,#9031,#9032,#9033,#9034,#9035,#9036,#9037,#9038,#9039,#9040,#9041,#9042,#9043,#9044,#9045,#9046,#9047,#9048,#9049,#9050,#9051,#9052,#9053,#9054,#9055,#9056,#9057,#9058,#9059,#9060,#9061,#9062,#9063,#9064,#9065,#9066,#9067,#9068,#9069,#9070,#9071,#9072,#9073,#9074,#9075,#9076,#9077,#9078,#9079,#9080,#9081,#9082,#9083,#9084,#9085),$);
#9088=IFCSTYLEDITEM(#9087,(#5076),$);
#9089=IFCSHAPEREPRESENTATION(#12,'Body','Tessellation',(#8960,#9087));
#9090=IFCPRODUCTDEFINITIONSHAPE($,$,(#9089));
#9091=IFCLIGHTFIXTURE('2nhgMqpDdn0wCAjhAB49kV',#5,'Spotlight','Skanna asset library',$,#8834,#9090,$,.POINTSOURCE.);
#9092=IFCCARTESIANPOINT((4.95,9.89,2.65));
#9093=IFCDIRECTION((0.,0.,1.));
#9094=IFCDIRECTION((0.,1.,0.));
#9095=IFCAXIS2PLACEMENT3D(#9092,#9093,#9094);
#9096=IFCLOCALPLACEMENT(#26,#9095);
#9097=IFCINDEXEDPOLYGONALFACE((1,2,3));
#9098=IFCINDEXEDPOLYGONALFACE((1,3,4));
#9099=IFCINDEXEDPOLYGONALFACE((2,5,6));
#9100=IFCINDEXEDPOLYGONALFACE((2,6,3));
#9101=IFCINDEXEDPOLYGONALFACE((5,7,8));
#9102=IFCINDEXEDPOLYGONALFACE((5,8,6));
#9103=IFCINDEXEDPOLYGONALFACE((7,9,10));
#9104=IFCINDEXEDPOLYGONALFACE((7,10,8));
#9105=IFCINDEXEDPOLYGONALFACE((9,11,12));
#9106=IFCINDEXEDPOLYGONALFACE((9,12,10));
#9107=IFCINDEXEDPOLYGONALFACE((11,13,14));
#9108=IFCINDEXEDPOLYGONALFACE((11,14,12));
#9109=IFCINDEXEDPOLYGONALFACE((13,15,16));
#9110=IFCINDEXEDPOLYGONALFACE((13,16,14));
#9111=IFCINDEXEDPOLYGONALFACE((15,17,18));
#9112=IFCINDEXEDPOLYGONALFACE((15,18,16));
#9113=IFCINDEXEDPOLYGONALFACE((17,19,20));
#9114=IFCINDEXEDPOLYGONALFACE((17,20,18));
#9115=IFCINDEXEDPOLYGONALFACE((19,21,22));
#9116=IFCINDEXEDPOLYGONALFACE((19,22,20));
#9117=IFCINDEXEDPOLYGONALFACE((21,23,24));
#9118=IFCINDEXEDPOLYGONALFACE((21,24,22));
#9119=IFCINDEXEDPOLYGONALFACE((23,25,26));
#9120=IFCINDEXEDPOLYGONALFACE((23,26,24));
#9121=IFCINDEXEDPOLYGONALFACE((25,27,28));
#9122=IFCINDEXEDPOLYGONALFACE((25,28,26));
#9123=IFCINDEXEDPOLYGONALFACE((27,29,30));
#9124=IFCINDEXEDPOLYGONALFACE((27,30,28));
#9125=IFCINDEXEDPOLYGONALFACE((29,31,32));
#9126=IFCINDEXEDPOLYGONALFACE((29,32,30));
#9127=IFCINDEXEDPOLYGONALFACE((31,33,34));
#9128=IFCINDEXEDPOLYGONALFACE((31,34,32));
#9129=IFCINDEXEDPOLYGONALFACE((33,35,36));
#9130=IFCINDEXEDPOLYGONALFACE((33,36,34));
#9131=IFCINDEXEDPOLYGONALFACE((35,37,38));
#9132=IFCINDEXEDPOLYGONALFACE((35,38,36));
#9133=IFCINDEXEDPOLYGONALFACE((37,39,40));
#9134=IFCINDEXEDPOLYGONALFACE((37,40,38));
#9135=IFCINDEXEDPOLYGONALFACE((39,41,42));
#9136=IFCINDEXEDPOLYGONALFACE((39,42,40));
#9137=IFCINDEXEDPOLYGONALFACE((41,43,44));
#9138=IFCINDEXEDPOLYGONALFACE((41,44,42));
#9139=IFCINDEXEDPOLYGONALFACE((43,45,46));
#9140=IFCINDEXEDPOLYGONALFACE((43,46,44));
#9141=IFCINDEXEDPOLYGONALFACE((45,47,48));
#9142=IFCINDEXEDPOLYGONALFACE((45,48,46));
#9143=IFCINDEXEDPOLYGONALFACE((47,49,50));
#9144=IFCINDEXEDPOLYGONALFACE((47,50,48));
#9145=IFCINDEXEDPOLYGONALFACE((49,51,52));
#9146=IFCINDEXEDPOLYGONALFACE((49,52,50));
#9147=IFCINDEXEDPOLYGONALFACE((51,53,54));
#9148=IFCINDEXEDPOLYGONALFACE((51,54,52));
#9149=IFCINDEXEDPOLYGONALFACE((53,55,56));
#9150=IFCINDEXEDPOLYGONALFACE((53,56,54));
#9151=IFCINDEXEDPOLYGONALFACE((55,57,58));
#9152=IFCINDEXEDPOLYGONALFACE((55,58,56));
#9153=IFCINDEXEDPOLYGONALFACE((57,59,60));
#9154=IFCINDEXEDPOLYGONALFACE((57,60,58));
#9155=IFCINDEXEDPOLYGONALFACE((59,61,62));
#9156=IFCINDEXEDPOLYGONALFACE((59,62,60));
#9157=IFCINDEXEDPOLYGONALFACE((61,63,64));
#9158=IFCINDEXEDPOLYGONALFACE((61,64,62));
#9159=IFCINDEXEDPOLYGONALFACE((63,1,4));
#9160=IFCINDEXEDPOLYGONALFACE((63,4,64));
#9161=IFCINDEXEDPOLYGONALFACE((1,5,2));
#9162=IFCINDEXEDPOLYGONALFACE((4,3,6));
#9163=IFCINDEXEDPOLYGONALFACE((1,7,5));
#9164=IFCINDEXEDPOLYGONALFACE((4,6,8));
#9165=IFCINDEXEDPOLYGONALFACE((1,9,7));
#9166=IFCINDEXEDPOLYGONALFACE((4,8,10));
#9167=IFCINDEXEDPOLYGONALFACE((1,11,9));
#9168=IFCINDEXEDPOLYGONALFACE((4,10,12));
#9169=IFCINDEXEDPOLYGONALFACE((1,13,11));
#9170=IFCINDEXEDPOLYGONALFACE((4,12,14));
#9171=IFCINDEXEDPOLYGONALFACE((1,15,13));
#9172=IFCINDEXEDPOLYGONALFACE((4,14,16));
#9173=IFCINDEXEDPOLYGONALFACE((1,17,15));
#9174=IFCINDEXEDPOLYGONALFACE((4,16,18));
#9175=IFCINDEXEDPOLYGONALFACE((1,19,17));
#9176=IFCINDEXEDPOLYGONALFACE((4,18,20));
#9177=IFCINDEXEDPOLYGONALFACE((1,21,19));
#9178=IFCINDEXEDPOLYGONALFACE((4,20,22));
#9179=IFCINDEXEDPOLYGONALFACE((1,23,21));
#9180=IFCINDEXEDPOLYGONALFACE((4,22,24));
#9181=IFCINDEXEDPOLYGONALFACE((1,25,23));
#9182=IFCINDEXEDPOLYGONALFACE((4,24,26));
#9183=IFCINDEXEDPOLYGONALFACE((1,27,25));
#9184=IFCINDEXEDPOLYGONALFACE((4,26,28));
#9185=IFCINDEXEDPOLYGONALFACE((1,29,27));
#9186=IFCINDEXEDPOLYGONALFACE((4,28,30));
#9187=IFCINDEXEDPOLYGONALFACE((1,31,29));
#9188=IFCINDEXEDPOLYGONALFACE((4,30,32));
#9189=IFCINDEXEDPOLYGONALFACE((1,33,31));
#9190=IFCINDEXEDPOLYGONALFACE((4,32,34));
#9191=IFCINDEXEDPOLYGONALFACE((1,35,33));
#9192=IFCINDEXEDPOLYGONALFACE((4,34,36));
#9193=IFCINDEXEDPOLYGONALFACE((1,37,35));
#9194=IFCINDEXEDPOLYGONALFACE((4,36,38));
#9195=IFCINDEXEDPOLYGONALFACE((1,39,37));
#9196=IFCINDEXEDPOLYGONALFACE((4,38,40));
#9197=IFCINDEXEDPOLYGONALFACE((1,41,39));
#9198=IFCINDEXEDPOLYGONALFACE((4,40,42));
#9199=IFCINDEXEDPOLYGONALFACE((1,43,41));
#9200=IFCINDEXEDPOLYGONALFACE((4,42,44));
#9201=IFCINDEXEDPOLYGONALFACE((1,45,43));
#9202=IFCINDEXEDPOLYGONALFACE((4,44,46));
#9203=IFCINDEXEDPOLYGONALFACE((1,47,45));
#9204=IFCINDEXEDPOLYGONALFACE((4,46,48));
#9205=IFCINDEXEDPOLYGONALFACE((1,49,47));
#9206=IFCINDEXEDPOLYGONALFACE((4,48,50));
#9207=IFCINDEXEDPOLYGONALFACE((1,51,49));
#9208=IFCINDEXEDPOLYGONALFACE((4,50,52));
#9209=IFCINDEXEDPOLYGONALFACE((1,53,51));
#9210=IFCINDEXEDPOLYGONALFACE((4,52,54));
#9211=IFCINDEXEDPOLYGONALFACE((1,55,53));
#9212=IFCINDEXEDPOLYGONALFACE((4,54,56));
#9213=IFCINDEXEDPOLYGONALFACE((1,57,55));
#9214=IFCINDEXEDPOLYGONALFACE((4,56,58));
#9215=IFCINDEXEDPOLYGONALFACE((1,59,57));
#9216=IFCINDEXEDPOLYGONALFACE((4,58,60));
#9217=IFCINDEXEDPOLYGONALFACE((1,61,59));
#9218=IFCINDEXEDPOLYGONALFACE((4,60,62));
#9219=IFCINDEXEDPOLYGONALFACE((1,63,61));
#9220=IFCINDEXEDPOLYGONALFACE((4,62,64));
#9221=IFCCARTESIANPOINTLIST3D(((0.05,0.,0.014),(0.049039,0.009755,0.014),(0.040212,0.007999,0.05),(0.041,0.,0.05),(0.046194,0.019134,0.014),(0.037879,0.01569,0.05),(0.041573,0.027779,0.014),(0.03409,0.022778,0.05),(0.035355,0.035355,0.014),(0.028991,0.028991,0.05),(0.027779,0.041573,0.014),(0.022778,0.03409,0.05),(0.019134,0.046194,0.014),(0.01569,0.037879,0.05),(0.009755,0.049039,0.014),(0.007999,0.040212,0.05),(0.,0.05,0.014),(0.,0.041,0.05),(-0.009755,0.049039,0.014),(-0.007999,0.040212,0.05),(-0.019134,0.046194,0.014),(-0.01569,0.037879,0.05),(-0.027779,0.041573,0.014),(-0.022778,0.03409,0.05),(-0.035355,0.035355,0.014),(-0.028991,0.028991,0.05),(-0.041573,0.027779,0.014),(-0.03409,0.022778,0.05),(-0.046194,0.019134,0.014),(-0.037879,0.01569,0.05),(-0.049039,0.009755,0.014),(-0.040212,0.007999,0.05),(-0.05,0.,0.014),(-0.041,0.,0.05),(-0.049039,-0.009755,0.014),(-0.040212,-0.007999,0.05),(-0.046194,-0.019134,0.014),(-0.037879,-0.01569,0.05),(-0.041573,-0.027779,0.014),(-0.03409,-0.022778,0.05),(-0.035355,-0.035355,0.014),(-0.028991,-0.028991,0.05),(-0.027779,-0.041573,0.014),(-0.022778,-0.03409,0.05),(-0.019134,-0.046194,0.014),(-0.01569,-0.037879,0.05),(-0.009755,-0.049039,0.014),(-0.007999,-0.040212,0.05),(0.,-0.05,0.014),(0.,-0.041,0.05),(0.009755,-0.049039,0.014),(0.007999,-0.040212,0.05),(0.019134,-0.046194,0.014),(0.01569,-0.037879,0.05),(0.027779,-0.041573,0.014),(0.022778,-0.03409,0.05),(0.035355,-0.035355,0.014),(0.028991,-0.028991,0.05),(0.041573,-0.027779,0.014),(0.03409,-0.022778,0.05),(0.046194,-0.019134,0.014),(0.037879,-0.01569,0.05),(0.049039,-0.009755,0.014),(0.040212,-0.007999,0.05)));
#9222=IFCPOLYGONALFACESET(#9221,.T.,(#9097,#9098,#9099,#9100,#9101,#9102,#9103,#9104,#9105,#9106,#9107,#9108,#9109,#9110,#9111,#9112,#9113,#9114,#9115,#9116,#9117,#9118,#9119,#9120,#9121,#9122,#9123,#9124,#9125,#9126,#9127,#9128,#9129,#9130,#9131,#9132,#9133,#9134,#9135,#9136,#9137,#9138,#9139,#9140,#9141,#9142,#9143,#9144,#9145,#9146,#9147,#9148,#9149,#9150,#9151,#9152,#9153,#9154,#9155,#9156,#9157,#9158,#9159,#9160,#9161,#9162,#9163,#9164,#9165,#9166,#9167,#9168,#9169,#9170,#9171,#9172,#9173,#9174,#9175,#9176,#9177,#9178,#9179,#9180,#9181,#9182,#9183,#9184,#9185,#9186,#9187,#9188,#9189,#9190,#9191,#9192,#9193,#9194,#9195,#9196,#9197,#9198,#9199,#9200,#9201,#9202,#9203,#9204,#9205,#9206,#9207,#9208,#9209,#9210,#9211,#9212,#9213,#9214,#9215,#9216,#9217,#9218,#9219,#9220),$);
#9223=IFCSTYLEDITEM(#9222,(#3585),$);
#9224=IFCINDEXEDPOLYGONALFACE((1,2,3));
#9225=IFCINDEXEDPOLYGONALFACE((1,3,4));
#9226=IFCINDEXEDPOLYGONALFACE((2,5,6));
#9227=IFCINDEXEDPOLYGONALFACE((2,6,3));
#9228=IFCINDEXEDPOLYGONALFACE((5,7,8));
#9229=IFCINDEXEDPOLYGONALFACE((5,8,6));
#9230=IFCINDEXEDPOLYGONALFACE((7,9,10));
#9231=IFCINDEXEDPOLYGONALFACE((7,10,8));
#9232=IFCINDEXEDPOLYGONALFACE((9,11,12));
#9233=IFCINDEXEDPOLYGONALFACE((9,12,10));
#9234=IFCINDEXEDPOLYGONALFACE((11,13,14));
#9235=IFCINDEXEDPOLYGONALFACE((11,14,12));
#9236=IFCINDEXEDPOLYGONALFACE((13,15,16));
#9237=IFCINDEXEDPOLYGONALFACE((13,16,14));
#9238=IFCINDEXEDPOLYGONALFACE((15,17,18));
#9239=IFCINDEXEDPOLYGONALFACE((15,18,16));
#9240=IFCINDEXEDPOLYGONALFACE((17,19,20));
#9241=IFCINDEXEDPOLYGONALFACE((17,20,18));
#9242=IFCINDEXEDPOLYGONALFACE((19,21,22));
#9243=IFCINDEXEDPOLYGONALFACE((19,22,20));
#9244=IFCINDEXEDPOLYGONALFACE((21,23,24));
#9245=IFCINDEXEDPOLYGONALFACE((21,24,22));
#9246=IFCINDEXEDPOLYGONALFACE((23,25,26));
#9247=IFCINDEXEDPOLYGONALFACE((23,26,24));
#9248=IFCINDEXEDPOLYGONALFACE((25,27,28));
#9249=IFCINDEXEDPOLYGONALFACE((25,28,26));
#9250=IFCINDEXEDPOLYGONALFACE((27,29,30));
#9251=IFCINDEXEDPOLYGONALFACE((27,30,28));
#9252=IFCINDEXEDPOLYGONALFACE((29,31,32));
#9253=IFCINDEXEDPOLYGONALFACE((29,32,30));
#9254=IFCINDEXEDPOLYGONALFACE((31,33,34));
#9255=IFCINDEXEDPOLYGONALFACE((31,34,32));
#9256=IFCINDEXEDPOLYGONALFACE((33,35,36));
#9257=IFCINDEXEDPOLYGONALFACE((33,36,34));
#9258=IFCINDEXEDPOLYGONALFACE((35,37,38));
#9259=IFCINDEXEDPOLYGONALFACE((35,38,36));
#9260=IFCINDEXEDPOLYGONALFACE((37,39,40));
#9261=IFCINDEXEDPOLYGONALFACE((37,40,38));
#9262=IFCINDEXEDPOLYGONALFACE((39,41,42));
#9263=IFCINDEXEDPOLYGONALFACE((39,42,40));
#9264=IFCINDEXEDPOLYGONALFACE((41,43,44));
#9265=IFCINDEXEDPOLYGONALFACE((41,44,42));
#9266=IFCINDEXEDPOLYGONALFACE((43,45,46));
#9267=IFCINDEXEDPOLYGONALFACE((43,46,44));
#9268=IFCINDEXEDPOLYGONALFACE((45,47,48));
#9269=IFCINDEXEDPOLYGONALFACE((45,48,46));
#9270=IFCINDEXEDPOLYGONALFACE((47,49,50));
#9271=IFCINDEXEDPOLYGONALFACE((47,50,48));
#9272=IFCINDEXEDPOLYGONALFACE((49,51,52));
#9273=IFCINDEXEDPOLYGONALFACE((49,52,50));
#9274=IFCINDEXEDPOLYGONALFACE((51,53,54));
#9275=IFCINDEXEDPOLYGONALFACE((51,54,52));
#9276=IFCINDEXEDPOLYGONALFACE((53,55,56));
#9277=IFCINDEXEDPOLYGONALFACE((53,56,54));
#9278=IFCINDEXEDPOLYGONALFACE((55,57,58));
#9279=IFCINDEXEDPOLYGONALFACE((55,58,56));
#9280=IFCINDEXEDPOLYGONALFACE((57,59,60));
#9281=IFCINDEXEDPOLYGONALFACE((57,60,58));
#9282=IFCINDEXEDPOLYGONALFACE((59,61,62));
#9283=IFCINDEXEDPOLYGONALFACE((59,62,60));
#9284=IFCINDEXEDPOLYGONALFACE((61,63,64));
#9285=IFCINDEXEDPOLYGONALFACE((61,64,62));
#9286=IFCINDEXEDPOLYGONALFACE((63,1,4));
#9287=IFCINDEXEDPOLYGONALFACE((63,4,64));
#9288=IFCINDEXEDPOLYGONALFACE((1,5,2));
#9289=IFCINDEXEDPOLYGONALFACE((4,3,6));
#9290=IFCINDEXEDPOLYGONALFACE((1,7,5));
#9291=IFCINDEXEDPOLYGONALFACE((4,6,8));
#9292=IFCINDEXEDPOLYGONALFACE((1,9,7));
#9293=IFCINDEXEDPOLYGONALFACE((4,8,10));
#9294=IFCINDEXEDPOLYGONALFACE((1,11,9));
#9295=IFCINDEXEDPOLYGONALFACE((4,10,12));
#9296=IFCINDEXEDPOLYGONALFACE((1,13,11));
#9297=IFCINDEXEDPOLYGONALFACE((4,12,14));
#9298=IFCINDEXEDPOLYGONALFACE((1,15,13));
#9299=IFCINDEXEDPOLYGONALFACE((4,14,16));
#9300=IFCINDEXEDPOLYGONALFACE((1,17,15));
#9301=IFCINDEXEDPOLYGONALFACE((4,16,18));
#9302=IFCINDEXEDPOLYGONALFACE((1,19,17));
#9303=IFCINDEXEDPOLYGONALFACE((4,18,20));
#9304=IFCINDEXEDPOLYGONALFACE((1,21,19));
#9305=IFCINDEXEDPOLYGONALFACE((4,20,22));
#9306=IFCINDEXEDPOLYGONALFACE((1,23,21));
#9307=IFCINDEXEDPOLYGONALFACE((4,22,24));
#9308=IFCINDEXEDPOLYGONALFACE((1,25,23));
#9309=IFCINDEXEDPOLYGONALFACE((4,24,26));
#9310=IFCINDEXEDPOLYGONALFACE((1,27,25));
#9311=IFCINDEXEDPOLYGONALFACE((4,26,28));
#9312=IFCINDEXEDPOLYGONALFACE((1,29,27));
#9313=IFCINDEXEDPOLYGONALFACE((4,28,30));
#9314=IFCINDEXEDPOLYGONALFACE((1,31,29));
#9315=IFCINDEXEDPOLYGONALFACE((4,30,32));
#9316=IFCINDEXEDPOLYGONALFACE((1,33,31));
#9317=IFCINDEXEDPOLYGONALFACE((4,32,34));
#9318=IFCINDEXEDPOLYGONALFACE((1,35,33));
#9319=IFCINDEXEDPOLYGONALFACE((4,34,36));
#9320=IFCINDEXEDPOLYGONALFACE((1,37,35));
#9321=IFCINDEXEDPOLYGONALFACE((4,36,38));
#9322=IFCINDEXEDPOLYGONALFACE((1,39,37));
#9323=IFCINDEXEDPOLYGONALFACE((4,38,40));
#9324=IFCINDEXEDPOLYGONALFACE((1,41,39));
#9325=IFCINDEXEDPOLYGONALFACE((4,40,42));
#9326=IFCINDEXEDPOLYGONALFACE((1,43,41));
#9327=IFCINDEXEDPOLYGONALFACE((4,42,44));
#9328=IFCINDEXEDPOLYGONALFACE((1,45,43));
#9329=IFCINDEXEDPOLYGONALFACE((4,44,46));
#9330=IFCINDEXEDPOLYGONALFACE((1,47,45));
#9331=IFCINDEXEDPOLYGONALFACE((4,46,48));
#9332=IFCINDEXEDPOLYGONALFACE((1,49,47));
#9333=IFCINDEXEDPOLYGONALFACE((4,48,50));
#9334=IFCINDEXEDPOLYGONALFACE((1,51,49));
#9335=IFCINDEXEDPOLYGONALFACE((4,50,52));
#9336=IFCINDEXEDPOLYGONALFACE((1,53,51));
#9337=IFCINDEXEDPOLYGONALFACE((4,52,54));
#9338=IFCINDEXEDPOLYGONALFACE((1,55,53));
#9339=IFCINDEXEDPOLYGONALFACE((4,54,56));
#9340=IFCINDEXEDPOLYGONALFACE((1,57,55));
#9341=IFCINDEXEDPOLYGONALFACE((4,56,58));
#9342=IFCINDEXEDPOLYGONALFACE((1,59,57));
#9343=IFCINDEXEDPOLYGONALFACE((4,58,60));
#9344=IFCINDEXEDPOLYGONALFACE((1,61,59));
#9345=IFCINDEXEDPOLYGONALFACE((4,60,62));
#9346=IFCINDEXEDPOLYGONALFACE((1,63,61));
#9347=IFCINDEXEDPOLYGONALFACE((4,62,64));
#9348=IFCCARTESIANPOINTLIST3D(((0.037,0.,0.),(0.036289,0.007218,0.),(0.039918,0.00794,0.0145),(0.0407,0.,0.0145),(0.034184,0.014159,0.),(0.037602,0.015575,0.0145),(0.030764,0.020556,0.),(0.033841,0.022612,0.0145),(0.026163,0.026163,0.),(0.028779,0.028779,0.0145),(0.020556,0.030764,0.),(0.022612,0.033841,0.0145),(0.014159,0.034184,0.),(0.015575,0.037602,0.0145),(0.007218,0.036289,0.),(0.00794,0.039918,0.0145),(0.,0.037,0.),(0.,0.0407,0.0145),(-0.007218,0.036289,0.),(-0.00794,0.039918,0.0145),(-0.014159,0.034184,0.),(-0.015575,0.037602,0.0145),(-0.020556,0.030764,0.),(-0.022612,0.033841,0.0145),(-0.026163,0.026163,0.),(-0.028779,0.028779,0.0145),(-0.030764,0.020556,0.),(-0.033841,0.022612,0.0145),(-0.034184,0.014159,0.),(-0.037602,0.015575,0.0145),(-0.036289,0.007218,0.),(-0.039918,0.00794,0.0145),(-0.037,0.,0.),(-0.0407,0.,0.0145),(-0.036289,-0.007218,0.),(-0.039918,-0.00794,0.0145),(-0.034184,-0.014159,0.),(-0.037602,-0.015575,0.0145),(-0.030764,-0.020556,0.),(-0.033841,-0.022612,0.0145),(-0.026163,-0.026163,0.),(-0.028779,-0.028779,0.0145),(-0.020556,-0.030764,0.),(-0.022612,-0.033841,0.0145),(-0.014159,-0.034184,0.),(-0.015575,-0.037602,0.0145),(-0.007218,-0.036289,0.),(-0.00794,-0.039918,0.0145),(0.,-0.037,0.),(0.,-0.0407,0.0145),(0.007218,-0.036289,0.),(0.00794,-0.039918,0.0145),(0.014159,-0.034184,0.),(0.015575,-0.037602,0.0145),(0.020556,-0.030764,0.),(0.022612,-0.033841,0.0145),(0.026163,-0.026163,0.),(0.028779,-0.028779,0.0145),(0.030764,-0.020556,0.),(0.033841,-0.022612,0.0145),(0.034184,-0.014159,0.),(0.037602,-0.015575,0.0145),(0.036289,-0.007218,0.),(0.039918,-0.00794,0.0145)));
#9349=IFCPOLYGONALFACESET(#9348,.T.,(#9224,#9225,#9226,#9227,#9228,#9229,#9230,#9231,#9232,#9233,#9234,#9235,#9236,#9237,#9238,#9239,#9240,#9241,#9242,#9243,#9244,#9245,#9246,#9247,#9248,#9249,#9250,#9251,#9252,#9253,#9254,#9255,#9256,#9257,#9258,#9259,#9260,#9261,#9262,#9263,#9264,#9265,#9266,#9267,#9268,#9269,#9270,#9271,#9272,#9273,#9274,#9275,#9276,#9277,#9278,#9279,#9280,#9281,#9282,#9283,#9284,#9285,#9286,#9287,#9288,#9289,#9290,#9291,#9292,#9293,#9294,#9295,#9296,#9297,#9298,#9299,#9300,#9301,#9302,#9303,#9304,#9305,#9306,#9307,#9308,#9309,#9310,#9311,#9312,#9313,#9314,#9315,#9316,#9317,#9318,#9319,#9320,#9321,#9322,#9323,#9324,#9325,#9326,#9327,#9328,#9329,#9330,#9331,#9332,#9333,#9334,#9335,#9336,#9337,#9338,#9339,#9340,#9341,#9342,#9343,#9344,#9345,#9346,#9347),$);
#9350=IFCSTYLEDITEM(#9349,(#5076),$);
#9351=IFCSHAPEREPRESENTATION(#12,'Body','Tessellation',(#9222,#9349));
#9352=IFCPRODUCTDEFINITIONSHAPE($,$,(#9351));
#9353=IFCLIGHTFIXTURE('0GjHbWUkFhL3rKXBD6ije4',#5,'Spotlight','Skanna asset library',$,#9096,#9352,$,.POINTSOURCE.);
#9354=IFCCARTESIANPOINT((4.95,10.7,2.65));
#9355=IFCDIRECTION((0.,0.,1.));
#9356=IFCDIRECTION((0.,1.,0.));
#9357=IFCAXIS2PLACEMENT3D(#9354,#9355,#9356);
#9358=IFCLOCALPLACEMENT(#26,#9357);
#9359=IFCINDEXEDPOLYGONALFACE((1,2,3));
#9360=IFCINDEXEDPOLYGONALFACE((1,3,4));
#9361=IFCINDEXEDPOLYGONALFACE((2,5,6));
#9362=IFCINDEXEDPOLYGONALFACE((2,6,3));
#9363=IFCINDEXEDPOLYGONALFACE((5,7,8));
#9364=IFCINDEXEDPOLYGONALFACE((5,8,6));
#9365=IFCINDEXEDPOLYGONALFACE((7,9,10));
#9366=IFCINDEXEDPOLYGONALFACE((7,10,8));
#9367=IFCINDEXEDPOLYGONALFACE((9,11,12));
#9368=IFCINDEXEDPOLYGONALFACE((9,12,10));
#9369=IFCINDEXEDPOLYGONALFACE((11,13,14));
#9370=IFCINDEXEDPOLYGONALFACE((11,14,12));
#9371=IFCINDEXEDPOLYGONALFACE((13,15,16));
#9372=IFCINDEXEDPOLYGONALFACE((13,16,14));
#9373=IFCINDEXEDPOLYGONALFACE((15,17,18));
#9374=IFCINDEXEDPOLYGONALFACE((15,18,16));
#9375=IFCINDEXEDPOLYGONALFACE((17,19,20));
#9376=IFCINDEXEDPOLYGONALFACE((17,20,18));
#9377=IFCINDEXEDPOLYGONALFACE((19,21,22));
#9378=IFCINDEXEDPOLYGONALFACE((19,22,20));
#9379=IFCINDEXEDPOLYGONALFACE((21,23,24));
#9380=IFCINDEXEDPOLYGONALFACE((21,24,22));
#9381=IFCINDEXEDPOLYGONALFACE((23,25,26));
#9382=IFCINDEXEDPOLYGONALFACE((23,26,24));
#9383=IFCINDEXEDPOLYGONALFACE((25,27,28));
#9384=IFCINDEXEDPOLYGONALFACE((25,28,26));
#9385=IFCINDEXEDPOLYGONALFACE((27,29,30));
#9386=IFCINDEXEDPOLYGONALFACE((27,30,28));
#9387=IFCINDEXEDPOLYGONALFACE((29,31,32));
#9388=IFCINDEXEDPOLYGONALFACE((29,32,30));
#9389=IFCINDEXEDPOLYGONALFACE((31,33,34));
#9390=IFCINDEXEDPOLYGONALFACE((31,34,32));
#9391=IFCINDEXEDPOLYGONALFACE((33,35,36));
#9392=IFCINDEXEDPOLYGONALFACE((33,36,34));
#9393=IFCINDEXEDPOLYGONALFACE((35,37,38));
#9394=IFCINDEXEDPOLYGONALFACE((35,38,36));
#9395=IFCINDEXEDPOLYGONALFACE((37,39,40));
#9396=IFCINDEXEDPOLYGONALFACE((37,40,38));
#9397=IFCINDEXEDPOLYGONALFACE((39,41,42));
#9398=IFCINDEXEDPOLYGONALFACE((39,42,40));
#9399=IFCINDEXEDPOLYGONALFACE((41,43,44));
#9400=IFCINDEXEDPOLYGONALFACE((41,44,42));
#9401=IFCINDEXEDPOLYGONALFACE((43,45,46));
#9402=IFCINDEXEDPOLYGONALFACE((43,46,44));
#9403=IFCINDEXEDPOLYGONALFACE((45,47,48));
#9404=IFCINDEXEDPOLYGONALFACE((45,48,46));
#9405=IFCINDEXEDPOLYGONALFACE((47,49,50));
#9406=IFCINDEXEDPOLYGONALFACE((47,50,48));
#9407=IFCINDEXEDPOLYGONALFACE((49,51,52));
#9408=IFCINDEXEDPOLYGONALFACE((49,52,50));
#9409=IFCINDEXEDPOLYGONALFACE((51,53,54));
#9410=IFCINDEXEDPOLYGONALFACE((51,54,52));
#9411=IFCINDEXEDPOLYGONALFACE((53,55,56));
#9412=IFCINDEXEDPOLYGONALFACE((53,56,54));
#9413=IFCINDEXEDPOLYGONALFACE((55,57,58));
#9414=IFCINDEXEDPOLYGONALFACE((55,58,56));
#9415=IFCINDEXEDPOLYGONALFACE((57,59,60));
#9416=IFCINDEXEDPOLYGONALFACE((57,60,58));
#9417=IFCINDEXEDPOLYGONALFACE((59,61,62));
#9418=IFCINDEXEDPOLYGONALFACE((59,62,60));
#9419=IFCINDEXEDPOLYGONALFACE((61,63,64));
#9420=IFCINDEXEDPOLYGONALFACE((61,64,62));
#9421=IFCINDEXEDPOLYGONALFACE((63,1,4));
#9422=IFCINDEXEDPOLYGONALFACE((63,4,64));
#9423=IFCINDEXEDPOLYGONALFACE((1,5,2));
#9424=IFCINDEXEDPOLYGONALFACE((4,3,6));
#9425=IFCINDEXEDPOLYGONALFACE((1,7,5));
#9426=IFCINDEXEDPOLYGONALFACE((4,6,8));
#9427=IFCINDEXEDPOLYGONALFACE((1,9,7));
#9428=IFCINDEXEDPOLYGONALFACE((4,8,10));
#9429=IFCINDEXEDPOLYGONALFACE((1,11,9));
#9430=IFCINDEXEDPOLYGONALFACE((4,10,12));
#9431=IFCINDEXEDPOLYGONALFACE((1,13,11));
#9432=IFCINDEXEDPOLYGONALFACE((4,12,14));
#9433=IFCINDEXEDPOLYGONALFACE((1,15,13));
#9434=IFCINDEXEDPOLYGONALFACE((4,14,16));
#9435=IFCINDEXEDPOLYGONALFACE((1,17,15));
#9436=IFCINDEXEDPOLYGONALFACE((4,16,18));
#9437=IFCINDEXEDPOLYGONALFACE((1,19,17));
#9438=IFCINDEXEDPOLYGONALFACE((4,18,20));
#9439=IFCINDEXEDPOLYGONALFACE((1,21,19));
#9440=IFCINDEXEDPOLYGONALFACE((4,20,22));
#9441=IFCINDEXEDPOLYGONALFACE((1,23,21));
#9442=IFCINDEXEDPOLYGONALFACE((4,22,24));
#9443=IFCINDEXEDPOLYGONALFACE((1,25,23));
#9444=IFCINDEXEDPOLYGONALFACE((4,24,26));
#9445=IFCINDEXEDPOLYGONALFACE((1,27,25));
#9446=IFCINDEXEDPOLYGONALFACE((4,26,28));
#9447=IFCINDEXEDPOLYGONALFACE((1,29,27));
#9448=IFCINDEXEDPOLYGONALFACE((4,28,30));
#9449=IFCINDEXEDPOLYGONALFACE((1,31,29));
#9450=IFCINDEXEDPOLYGONALFACE((4,30,32));
#9451=IFCINDEXEDPOLYGONALFACE((1,33,31));
#9452=IFCINDEXEDPOLYGONALFACE((4,32,34));
#9453=IFCINDEXEDPOLYGONALFACE((1,35,33));
#9454=IFCINDEXEDPOLYGONALFACE((4,34,36));
#9455=IFCINDEXEDPOLYGONALFACE((1,37,35));
#9456=IFCINDEXEDPOLYGONALFACE((4,36,38));
#9457=IFCINDEXEDPOLYGONALFACE((1,39,37));
#9458=IFCINDEXEDPOLYGONALFACE((4,38,40));
#9459=IFCINDEXEDPOLYGONALFACE((1,41,39));
#9460=IFCINDEXEDPOLYGONALFACE((4,40,42));
#9461=IFCINDEXEDPOLYGONALFACE((1,43,41));
#9462=IFCINDEXEDPOLYGONALFACE((4,42,44));
#9463=IFCINDEXEDPOLYGONALFACE((1,45,43));
#9464=IFCINDEXEDPOLYGONALFACE((4,44,46));
#9465=IFCINDEXEDPOLYGONALFACE((1,47,45));
#9466=IFCINDEXEDPOLYGONALFACE((4,46,48));
#9467=IFCINDEXEDPOLYGONALFACE((1,49,47));
#9468=IFCINDEXEDPOLYGONALFACE((4,48,50));
#9469=IFCINDEXEDPOLYGONALFACE((1,51,49));
#9470=IFCINDEXEDPOLYGONALFACE((4,50,52));
#9471=IFCINDEXEDPOLYGONALFACE((1,53,51));
#9472=IFCINDEXEDPOLYGONALFACE((4,52,54));
#9473=IFCINDEXEDPOLYGONALFACE((1,55,53));
#9474=IFCINDEXEDPOLYGONALFACE((4,54,56));
#9475=IFCINDEXEDPOLYGONALFACE((1,57,55));
#9476=IFCINDEXEDPOLYGONALFACE((4,56,58));
#9477=IFCINDEXEDPOLYGONALFACE((1,59,57));
#9478=IFCINDEXEDPOLYGONALFACE((4,58,60));
#9479=IFCINDEXEDPOLYGONALFACE((1,61,59));
#9480=IFCINDEXEDPOLYGONALFACE((4,60,62));
#9481=IFCINDEXEDPOLYGONALFACE((1,63,61));
#9482=IFCINDEXEDPOLYGONALFACE((4,62,64));
#9483=IFCCARTESIANPOINTLIST3D(((0.05,0.,0.014),(0.049039,0.009755,0.014),(0.040212,0.007999,0.05),(0.041,0.,0.05),(0.046194,0.019134,0.014),(0.037879,0.01569,0.05),(0.041573,0.027779,0.014),(0.03409,0.022778,0.05),(0.035355,0.035355,0.014),(0.028991,0.028991,0.05),(0.027779,0.041573,0.014),(0.022778,0.03409,0.05),(0.019134,0.046194,0.014),(0.01569,0.037879,0.05),(0.009755,0.049039,0.014),(0.007999,0.040212,0.05),(0.,0.05,0.014),(0.,0.041,0.05),(-0.009755,0.049039,0.014),(-0.007999,0.040212,0.05),(-0.019134,0.046194,0.014),(-0.01569,0.037879,0.05),(-0.027779,0.041573,0.014),(-0.022778,0.03409,0.05),(-0.035355,0.035355,0.014),(-0.028991,0.028991,0.05),(-0.041573,0.027779,0.014),(-0.03409,0.022778,0.05),(-0.046194,0.019134,0.014),(-0.037879,0.01569,0.05),(-0.049039,0.009755,0.014),(-0.040212,0.007999,0.05),(-0.05,0.,0.014),(-0.041,0.,0.05),(-0.049039,-0.009755,0.014),(-0.040212,-0.007999,0.05),(-0.046194,-0.019134,0.014),(-0.037879,-0.01569,0.05),(-0.041573,-0.027779,0.014),(-0.03409,-0.022778,0.05),(-0.035355,-0.035355,0.014),(-0.028991,-0.028991,0.05),(-0.027779,-0.041573,0.014),(-0.022778,-0.03409,0.05),(-0.019134,-0.046194,0.014),(-0.01569,-0.037879,0.05),(-0.009755,-0.049039,0.014),(-0.007999,-0.040212,0.05),(0.,-0.05,0.014),(0.,-0.041,0.05),(0.009755,-0.049039,0.014),(0.007999,-0.040212,0.05),(0.019134,-0.046194,0.014),(0.01569,-0.037879,0.05),(0.027779,-0.041573,0.014),(0.022778,-0.03409,0.05),(0.035355,-0.035355,0.014),(0.028991,-0.028991,0.05),(0.041573,-0.027779,0.014),(0.03409,-0.022778,0.05),(0.046194,-0.019134,0.014),(0.037879,-0.01569,0.05),(0.049039,-0.009755,0.014),(0.040212,-0.007999,0.05)));
#9484=IFCPOLYGONALFACESET(#9483,.T.,(#9359,#9360,#9361,#9362,#9363,#9364,#9365,#9366,#9367,#9368,#9369,#9370,#9371,#9372,#9373,#9374,#9375,#9376,#9377,#9378,#9379,#9380,#9381,#9382,#9383,#9384,#9385,#9386,#9387,#9388,#9389,#9390,#9391,#9392,#9393,#9394,#9395,#9396,#9397,#9398,#9399,#9400,#9401,#9402,#9403,#9404,#9405,#9406,#9407,#9408,#9409,#9410,#9411,#9412,#9413,#9414,#9415,#9416,#9417,#9418,#9419,#9420,#9421,#9422,#9423,#9424,#9425,#9426,#9427,#9428,#9429,#9430,#9431,#9432,#9433,#9434,#9435,#9436,#9437,#9438,#9439,#9440,#9441,#9442,#9443,#9444,#9445,#9446,#9447,#9448,#9449,#9450,#9451,#9452,#9453,#9454,#9455,#9456,#9457,#9458,#9459,#9460,#9461,#9462,#9463,#9464,#9465,#9466,#9467,#9468,#9469,#9470,#9471,#9472,#9473,#9474,#9475,#9476,#9477,#9478,#9479,#9480,#9481,#9482),$);
#9485=IFCSTYLEDITEM(#9484,(#3585),$);
#9486=IFCINDEXEDPOLYGONALFACE((1,2,3));
#9487=IFCINDEXEDPOLYGONALFACE((1,3,4));
#9488=IFCINDEXEDPOLYGONALFACE((2,5,6));
#9489=IFCINDEXEDPOLYGONALFACE((2,6,3));
#9490=IFCINDEXEDPOLYGONALFACE((5,7,8));
#9491=IFCINDEXEDPOLYGONALFACE((5,8,6));
#9492=IFCINDEXEDPOLYGONALFACE((7,9,10));
#9493=IFCINDEXEDPOLYGONALFACE((7,10,8));
#9494=IFCINDEXEDPOLYGONALFACE((9,11,12));
#9495=IFCINDEXEDPOLYGONALFACE((9,12,10));
#9496=IFCINDEXEDPOLYGONALFACE((11,13,14));
#9497=IFCINDEXEDPOLYGONALFACE((11,14,12));
#9498=IFCINDEXEDPOLYGONALFACE((13,15,16));
#9499=IFCINDEXEDPOLYGONALFACE((13,16,14));
#9500=IFCINDEXEDPOLYGONALFACE((15,17,18));
#9501=IFCINDEXEDPOLYGONALFACE((15,18,16));
#9502=IFCINDEXEDPOLYGONALFACE((17,19,20));
#9503=IFCINDEXEDPOLYGONALFACE((17,20,18));
#9504=IFCINDEXEDPOLYGONALFACE((19,21,22));
#9505=IFCINDEXEDPOLYGONALFACE((19,22,20));
#9506=IFCINDEXEDPOLYGONALFACE((21,23,24));
#9507=IFCINDEXEDPOLYGONALFACE((21,24,22));
#9508=IFCINDEXEDPOLYGONALFACE((23,25,26));
#9509=IFCINDEXEDPOLYGONALFACE((23,26,24));
#9510=IFCINDEXEDPOLYGONALFACE((25,27,28));
#9511=IFCINDEXEDPOLYGONALFACE((25,28,26));
#9512=IFCINDEXEDPOLYGONALFACE((27,29,30));
#9513=IFCINDEXEDPOLYGONALFACE((27,30,28));
#9514=IFCINDEXEDPOLYGONALFACE((29,31,32));
#9515=IFCINDEXEDPOLYGONALFACE((29,32,30));
#9516=IFCINDEXEDPOLYGONALFACE((31,33,34));
#9517=IFCINDEXEDPOLYGONALFACE((31,34,32));
#9518=IFCINDEXEDPOLYGONALFACE((33,35,36));
#9519=IFCINDEXEDPOLYGONALFACE((33,36,34));
#9520=IFCINDEXEDPOLYGONALFACE((35,37,38));
#9521=IFCINDEXEDPOLYGONALFACE((35,38,36));
#9522=IFCINDEXEDPOLYGONALFACE((37,39,40));
#9523=IFCINDEXEDPOLYGONALFACE((37,40,38));
#9524=IFCINDEXEDPOLYGONALFACE((39,41,42));
#9525=IFCINDEXEDPOLYGONALFACE((39,42,40));
#9526=IFCINDEXEDPOLYGONALFACE((41,43,44));
#9527=IFCINDEXEDPOLYGONALFACE((41,44,42));
#9528=IFCINDEXEDPOLYGONALFACE((43,45,46));
#9529=IFCINDEXEDPOLYGONALFACE((43,46,44));
#9530=IFCINDEXEDPOLYGONALFACE((45,47,48));
#9531=IFCINDEXEDPOLYGONALFACE((45,48,46));
#9532=IFCINDEXEDPOLYGONALFACE((47,49,50));
#9533=IFCINDEXEDPOLYGONALFACE((47,50,48));
#9534=IFCINDEXEDPOLYGONALFACE((49,51,52));
#9535=IFCINDEXEDPOLYGONALFACE((49,52,50));
#9536=IFCINDEXEDPOLYGONALFACE((51,53,54));
#9537=IFCINDEXEDPOLYGONALFACE((51,54,52));
#9538=IFCINDEXEDPOLYGONALFACE((53,55,56));
#9539=IFCINDEXEDPOLYGONALFACE((53,56,54));
#9540=IFCINDEXEDPOLYGONALFACE((55,57,58));
#9541=IFCINDEXEDPOLYGONALFACE((55,58,56));
#9542=IFCINDEXEDPOLYGONALFACE((57,59,60));
#9543=IFCINDEXEDPOLYGONALFACE((57,60,58));
#9544=IFCINDEXEDPOLYGONALFACE((59,61,62));
#9545=IFCINDEXEDPOLYGONALFACE((59,62,60));
#9546=IFCINDEXEDPOLYGONALFACE((61,63,64));
#9547=IFCINDEXEDPOLYGONALFACE((61,64,62));
#9548=IFCINDEXEDPOLYGONALFACE((63,1,4));
#9549=IFCINDEXEDPOLYGONALFACE((63,4,64));
#9550=IFCINDEXEDPOLYGONALFACE((1,5,2));
#9551=IFCINDEXEDPOLYGONALFACE((4,3,6));
#9552=IFCINDEXEDPOLYGONALFACE((1,7,5));
#9553=IFCINDEXEDPOLYGONALFACE((4,6,8));
#9554=IFCINDEXEDPOLYGONALFACE((1,9,7));
#9555=IFCINDEXEDPOLYGONALFACE((4,8,10));
#9556=IFCINDEXEDPOLYGONALFACE((1,11,9));
#9557=IFCINDEXEDPOLYGONALFACE((4,10,12));
#9558=IFCINDEXEDPOLYGONALFACE((1,13,11));
#9559=IFCINDEXEDPOLYGONALFACE((4,12,14));
#9560=IFCINDEXEDPOLYGONALFACE((1,15,13));
#9561=IFCINDEXEDPOLYGONALFACE((4,14,16));
#9562=IFCINDEXEDPOLYGONALFACE((1,17,15));
#9563=IFCINDEXEDPOLYGONALFACE((4,16,18));
#9564=IFCINDEXEDPOLYGONALFACE((1,19,17));
#9565=IFCINDEXEDPOLYGONALFACE((4,18,20));
#9566=IFCINDEXEDPOLYGONALFACE((1,21,19));
#9567=IFCINDEXEDPOLYGONALFACE((4,20,22));
#9568=IFCINDEXEDPOLYGONALFACE((1,23,21));
#9569=IFCINDEXEDPOLYGONALFACE((4,22,24));
#9570=IFCINDEXEDPOLYGONALFACE((1,25,23));
#9571=IFCINDEXEDPOLYGONALFACE((4,24,26));
#9572=IFCINDEXEDPOLYGONALFACE((1,27,25));
#9573=IFCINDEXEDPOLYGONALFACE((4,26,28));
#9574=IFCINDEXEDPOLYGONALFACE((1,29,27));
#9575=IFCINDEXEDPOLYGONALFACE((4,28,30));
#9576=IFCINDEXEDPOLYGONALFACE((1,31,29));
#9577=IFCINDEXEDPOLYGONALFACE((4,30,32));
#9578=IFCINDEXEDPOLYGONALFACE((1,33,31));
#9579=IFCINDEXEDPOLYGONALFACE((4,32,34));
#9580=IFCINDEXEDPOLYGONALFACE((1,35,33));
#9581=IFCINDEXEDPOLYGONALFACE((4,34,36));
#9582=IFCINDEXEDPOLYGONALFACE((1,37,35));
#9583=IFCINDEXEDPOLYGONALFACE((4,36,38));
#9584=IFCINDEXEDPOLYGONALFACE((1,39,37));
#9585=IFCINDEXEDPOLYGONALFACE((4,38,40));
#9586=IFCINDEXEDPOLYGONALFACE((1,41,39));
#9587=IFCINDEXEDPOLYGONALFACE((4,40,42));
#9588=IFCINDEXEDPOLYGONALFACE((1,43,41));
#9589=IFCINDEXEDPOLYGONALFACE((4,42,44));
#9590=IFCINDEXEDPOLYGONALFACE((1,45,43));
#9591=IFCINDEXEDPOLYGONALFACE((4,44,46));
#9592=IFCINDEXEDPOLYGONALFACE((1,47,45));
#9593=IFCINDEXEDPOLYGONALFACE((4,46,48));
#9594=IFCINDEXEDPOLYGONALFACE((1,49,47));
#9595=IFCINDEXEDPOLYGONALFACE((4,48,50));
#9596=IFCINDEXEDPOLYGONALFACE((1,51,49));
#9597=IFCINDEXEDPOLYGONALFACE((4,50,52));
#9598=IFCINDEXEDPOLYGONALFACE((1,53,51));
#9599=IFCINDEXEDPOLYGONALFACE((4,52,54));
#9600=IFCINDEXEDPOLYGONALFACE((1,55,53));
#9601=IFCINDEXEDPOLYGONALFACE((4,54,56));
#9602=IFCINDEXEDPOLYGONALFACE((1,57,55));
#9603=IFCINDEXEDPOLYGONALFACE((4,56,58));
#9604=IFCINDEXEDPOLYGONALFACE((1,59,57));
#9605=IFCINDEXEDPOLYGONALFACE((4,58,60));
#9606=IFCINDEXEDPOLYGONALFACE((1,61,59));
#9607=IFCINDEXEDPOLYGONALFACE((4,60,62));
#9608=IFCINDEXEDPOLYGONALFACE((1,63,61));
#9609=IFCINDEXEDPOLYGONALFACE((4,62,64));
#9610=IFCCARTESIANPOINTLIST3D(((0.037,0.,0.),(0.036289,0.007218,0.),(0.039918,0.00794,0.0145),(0.0407,0.,0.0145),(0.034184,0.014159,0.),(0.037602,0.015575,0.0145),(0.030764,0.020556,0.),(0.033841,0.022612,0.0145),(0.026163,0.026163,0.),(0.028779,0.028779,0.0145),(0.020556,0.030764,0.),(0.022612,0.033841,0.0145),(0.014159,0.034184,0.),(0.015575,0.037602,0.0145),(0.007218,0.036289,0.),(0.00794,0.039918,0.0145),(0.,0.037,0.),(0.,0.0407,0.0145),(-0.007218,0.036289,0.),(-0.00794,0.039918,0.0145),(-0.014159,0.034184,0.),(-0.015575,0.037602,0.0145),(-0.020556,0.030764,0.),(-0.022612,0.033841,0.0145),(-0.026163,0.026163,0.),(-0.028779,0.028779,0.0145),(-0.030764,0.020556,0.),(-0.033841,0.022612,0.0145),(-0.034184,0.014159,0.),(-0.037602,0.015575,0.0145),(-0.036289,0.007218,0.),(-0.039918,0.00794,0.0145),(-0.037,0.,0.),(-0.0407,0.,0.0145),(-0.036289,-0.007218,0.),(-0.039918,-0.00794,0.0145),(-0.034184,-0.014159,0.),(-0.037602,-0.015575,0.0145),(-0.030764,-0.020556,0.),(-0.033841,-0.022612,0.0145),(-0.026163,-0.026163,0.),(-0.028779,-0.028779,0.0145),(-0.020556,-0.030764,0.),(-0.022612,-0.033841,0.0145),(-0.014159,-0.034184,0.),(-0.015575,-0.037602,0.0145),(-0.007218,-0.036289,0.),(-0.00794,-0.039918,0.0145),(0.,-0.037,0.),(0.,-0.0407,0.0145),(0.007218,-0.036289,0.),(0.00794,-0.039918,0.0145),(0.014159,-0.034184,0.),(0.015575,-0.037602,0.0145),(0.020556,-0.030764,0.),(0.022612,-0.033841,0.0145),(0.026163,-0.026163,0.),(0.028779,-0.028779,0.0145),(0.030764,-0.020556,0.),(0.033841,-0.022612,0.0145),(0.034184,-0.014159,0.),(0.037602,-0.015575,0.0145),(0.036289,-0.007218,0.),(0.039918,-0.00794,0.0145)));
#9611=IFCPOLYGONALFACESET(#9610,.T.,(#9486,#9487,#9488,#9489,#9490,#9491,#9492,#9493,#9494,#9495,#9496,#9497,#9498,#9499,#9500,#9501,#9502,#9503,#9504,#9505,#9506,#9507,#9508,#9509,#9510,#9511,#9512,#9513,#9514,#9515,#9516,#9517,#9518,#9519,#9520,#9521,#9522,#9523,#9524,#9525,#9526,#9527,#9528,#9529,#9530,#9531,#9532,#9533,#9534,#9535,#9536,#9537,#9538,#9539,#9540,#9541,#9542,#9543,#9544,#9545,#9546,#9547,#9548,#9549,#9550,#9551,#9552,#9553,#9554,#9555,#9556,#9557,#9558,#9559,#9560,#9561,#9562,#9563,#9564,#9565,#9566,#9567,#9568,#9569,#9570,#9571,#9572,#9573,#9574,#9575,#9576,#9577,#9578,#9579,#9580,#9581,#9582,#9583,#9584,#9585,#9586,#9587,#9588,#9589,#9590,#9591,#9592,#9593,#9594,#9595,#9596,#9597,#9598,#9599,#9600,#9601,#9602,#9603,#9604,#9605,#9606,#9607,#9608,#9609),$);
#9612=IFCSTYLEDITEM(#9611,(#5076),$);
#9613=IFCSHAPEREPRESENTATION(#12,'Body','Tessellation',(#9484,#9611));
#9614=IFCPRODUCTDEFINITIONSHAPE($,$,(#9613));
#9615=IFCLIGHTFIXTURE('1zMGjs74BB7vzYOiPT6f88',#5,'Spotlight','Skanna asset library',$,#9358,#9614,$,.POINTSOURCE.);
#9616=IFCCARTESIANPOINT((4.95,11.49,2.65));
#9617=IFCDIRECTION((0.,0.,1.));
#9618=IFCDIRECTION((0.,1.,0.));
#9619=IFCAXIS2PLACEMENT3D(#9616,#9617,#9618);
#9620=IFCLOCALPLACEMENT(#26,#9619);
#9621=IFCINDEXEDPOLYGONALFACE((1,2,3));
#9622=IFCINDEXEDPOLYGONALFACE((1,3,4));
#9623=IFCINDEXEDPOLYGONALFACE((2,5,6));
#9624=IFCINDEXEDPOLYGONALFACE((2,6,3));
#9625=IFCINDEXEDPOLYGONALFACE((5,7,8));
#9626=IFCINDEXEDPOLYGONALFACE((5,8,6));
#9627=IFCINDEXEDPOLYGONALFACE((7,9,10));
#9628=IFCINDEXEDPOLYGONALFACE((7,10,8));
#9629=IFCINDEXEDPOLYGONALFACE((9,11,12));
#9630=IFCINDEXEDPOLYGONALFACE((9,12,10));
#9631=IFCINDEXEDPOLYGONALFACE((11,13,14));
#9632=IFCINDEXEDPOLYGONALFACE((11,14,12));
#9633=IFCINDEXEDPOLYGONALFACE((13,15,16));
#9634=IFCINDEXEDPOLYGONALFACE((13,16,14));
#9635=IFCINDEXEDPOLYGONALFACE((15,17,18));
#9636=IFCINDEXEDPOLYGONALFACE((15,18,16));
#9637=IFCINDEXEDPOLYGONALFACE((17,19,20));
#9638=IFCINDEXEDPOLYGONALFACE((17,20,18));
#9639=IFCINDEXEDPOLYGONALFACE((19,21,22));
#9640=IFCINDEXEDPOLYGONALFACE((19,22,20));
#9641=IFCINDEXEDPOLYGONALFACE((21,23,24));
#9642=IFCINDEXEDPOLYGONALFACE((21,24,22));
#9643=IFCINDEXEDPOLYGONALFACE((23,25,26));
#9644=IFCINDEXEDPOLYGONALFACE((23,26,24));
#9645=IFCINDEXEDPOLYGONALFACE((25,27,28));
#9646=IFCINDEXEDPOLYGONALFACE((25,28,26));
#9647=IFCINDEXEDPOLYGONALFACE((27,29,30));
#9648=IFCINDEXEDPOLYGONALFACE((27,30,28));
#9649=IFCINDEXEDPOLYGONALFACE((29,31,32));
#9650=IFCINDEXEDPOLYGONALFACE((29,32,30));
#9651=IFCINDEXEDPOLYGONALFACE((31,33,34));
#9652=IFCINDEXEDPOLYGONALFACE((31,34,32));
#9653=IFCINDEXEDPOLYGONALFACE((33,35,36));
#9654=IFCINDEXEDPOLYGONALFACE((33,36,34));
#9655=IFCINDEXEDPOLYGONALFACE((35,37,38));
#9656=IFCINDEXEDPOLYGONALFACE((35,38,36));
#9657=IFCINDEXEDPOLYGONALFACE((37,39,40));
#9658=IFCINDEXEDPOLYGONALFACE((37,40,38));
#9659=IFCINDEXEDPOLYGONALFACE((39,41,42));
#9660=IFCINDEXEDPOLYGONALFACE((39,42,40));
#9661=IFCINDEXEDPOLYGONALFACE((41,43,44));
#9662=IFCINDEXEDPOLYGONALFACE((41,44,42));
#9663=IFCINDEXEDPOLYGONALFACE((43,45,46));
#9664=IFCINDEXEDPOLYGONALFACE((43,46,44));
#9665=IFCINDEXEDPOLYGONALFACE((45,47,48));
#9666=IFCINDEXEDPOLYGONALFACE((45,48,46));
#9667=IFCINDEXEDPOLYGONALFACE((47,49,50));
#9668=IFCINDEXEDPOLYGONALFACE((47,50,48));
#9669=IFCINDEXEDPOLYGONALFACE((49,51,52));
#9670=IFCINDEXEDPOLYGONALFACE((49,52,50));
#9671=IFCINDEXEDPOLYGONALFACE((51,53,54));
#9672=IFCINDEXEDPOLYGONALFACE((51,54,52));
#9673=IFCINDEXEDPOLYGONALFACE((53,55,56));
#9674=IFCINDEXEDPOLYGONALFACE((53,56,54));
#9675=IFCINDEXEDPOLYGONALFACE((55,57,58));
#9676=IFCINDEXEDPOLYGONALFACE((55,58,56));
#9677=IFCINDEXEDPOLYGONALFACE((57,59,60));
#9678=IFCINDEXEDPOLYGONALFACE((57,60,58));
#9679=IFCINDEXEDPOLYGONALFACE((59,61,62));
#9680=IFCINDEXEDPOLYGONALFACE((59,62,60));
#9681=IFCINDEXEDPOLYGONALFACE((61,63,64));
#9682=IFCINDEXEDPOLYGONALFACE((61,64,62));
#9683=IFCINDEXEDPOLYGONALFACE((63,1,4));
#9684=IFCINDEXEDPOLYGONALFACE((63,4,64));
#9685=IFCINDEXEDPOLYGONALFACE((1,5,2));
#9686=IFCINDEXEDPOLYGONALFACE((4,3,6));
#9687=IFCINDEXEDPOLYGONALFACE((1,7,5));
#9688=IFCINDEXEDPOLYGONALFACE((4,6,8));
#9689=IFCINDEXEDPOLYGONALFACE((1,9,7));
#9690=IFCINDEXEDPOLYGONALFACE((4,8,10));
#9691=IFCINDEXEDPOLYGONALFACE((1,11,9));
#9692=IFCINDEXEDPOLYGONALFACE((4,10,12));
#9693=IFCINDEXEDPOLYGONALFACE((1,13,11));
#9694=IFCINDEXEDPOLYGONALFACE((4,12,14));
#9695=IFCINDEXEDPOLYGONALFACE((1,15,13));
#9696=IFCINDEXEDPOLYGONALFACE((4,14,16));
#9697=IFCINDEXEDPOLYGONALFACE((1,17,15));
#9698=IFCINDEXEDPOLYGONALFACE((4,16,18));
#9699=IFCINDEXEDPOLYGONALFACE((1,19,17));
#9700=IFCINDEXEDPOLYGONALFACE((4,18,20));
#9701=IFCINDEXEDPOLYGONALFACE((1,21,19));
#9702=IFCINDEXEDPOLYGONALFACE((4,20,22));
#9703=IFCINDEXEDPOLYGONALFACE((1,23,21));
#9704=IFCINDEXEDPOLYGONALFACE((4,22,24));
#9705=IFCINDEXEDPOLYGONALFACE((1,25,23));
#9706=IFCINDEXEDPOLYGONALFACE((4,24,26));
#9707=IFCINDEXEDPOLYGONALFACE((1,27,25));
#9708=IFCINDEXEDPOLYGONALFACE((4,26,28));
#9709=IFCINDEXEDPOLYGONALFACE((1,29,27));
#9710=IFCINDEXEDPOLYGONALFACE((4,28,30));
#9711=IFCINDEXEDPOLYGONALFACE((1,31,29));
#9712=IFCINDEXEDPOLYGONALFACE((4,30,32));
#9713=IFCINDEXEDPOLYGONALFACE((1,33,31));
#9714=IFCINDEXEDPOLYGONALFACE((4,32,34));
#9715=IFCINDEXEDPOLYGONALFACE((1,35,33));
#9716=IFCINDEXEDPOLYGONALFACE((4,34,36));
#9717=IFCINDEXEDPOLYGONALFACE((1,37,35));
#9718=IFCINDEXEDPOLYGONALFACE((4,36,38));
#9719=IFCINDEXEDPOLYGONALFACE((1,39,37));
#9720=IFCINDEXEDPOLYGONALFACE((4,38,40));
#9721=IFCINDEXEDPOLYGONALFACE((1,41,39));
#9722=IFCINDEXEDPOLYGONALFACE((4,40,42));
#9723=IFCINDEXEDPOLYGONALFACE((1,43,41));
#9724=IFCINDEXEDPOLYGONALFACE((4,42,44));
#9725=IFCINDEXEDPOLYGONALFACE((1,45,43));
#9726=IFCINDEXEDPOLYGONALFACE((4,44,46));
#9727=IFCINDEXEDPOLYGONALFACE((1,47,45));
#9728=IFCINDEXEDPOLYGONALFACE((4,46,48));
#9729=IFCINDEXEDPOLYGONALFACE((1,49,47));
#9730=IFCINDEXEDPOLYGONALFACE((4,48,50));
#9731=IFCINDEXEDPOLYGONALFACE((1,51,49));
#9732=IFCINDEXEDPOLYGONALFACE((4,50,52));
#9733=IFCINDEXEDPOLYGONALFACE((1,53,51));
#9734=IFCINDEXEDPOLYGONALFACE((4,52,54));
#9735=IFCINDEXEDPOLYGONALFACE((1,55,53));
#9736=IFCINDEXEDPOLYGONALFACE((4,54,56));
#9737=IFCINDEXEDPOLYGONALFACE((1,57,55));
#9738=IFCINDEXEDPOLYGONALFACE((4,56,58));
#9739=IFCINDEXEDPOLYGONALFACE((1,59,57));
#9740=IFCINDEXEDPOLYGONALFACE((4,58,60));
#9741=IFCINDEXEDPOLYGONALFACE((1,61,59));
#9742=IFCINDEXEDPOLYGONALFACE((4,60,62));
#9743=IFCINDEXEDPOLYGONALFACE((1,63,61));
#9744=IFCINDEXEDPOLYGONALFACE((4,62,64));
#9745=IFCCARTESIANPOINTLIST3D(((0.05,0.,0.014),(0.049039,0.009755,0.014),(0.040212,0.007999,0.05),(0.041,0.,0.05),(0.046194,0.019134,0.014),(0.037879,0.01569,0.05),(0.041573,0.027779,0.014),(0.03409,0.022778,0.05),(0.035355,0.035355,0.014),(0.028991,0.028991,0.05),(0.027779,0.041573,0.014),(0.022778,0.03409,0.05),(0.019134,0.046194,0.014),(0.01569,0.037879,0.05),(0.009755,0.049039,0.014),(0.007999,0.040212,0.05),(0.,0.05,0.014),(0.,0.041,0.05),(-0.009755,0.049039,0.014),(-0.007999,0.040212,0.05),(-0.019134,0.046194,0.014),(-0.01569,0.037879,0.05),(-0.027779,0.041573,0.014),(-0.022778,0.03409,0.05),(-0.035355,0.035355,0.014),(-0.028991,0.028991,0.05),(-0.041573,0.027779,0.014),(-0.03409,0.022778,0.05),(-0.046194,0.019134,0.014),(-0.037879,0.01569,0.05),(-0.049039,0.009755,0.014),(-0.040212,0.007999,0.05),(-0.05,0.,0.014),(-0.041,0.,0.05),(-0.049039,-0.009755,0.014),(-0.040212,-0.007999,0.05),(-0.046194,-0.019134,0.014),(-0.037879,-0.01569,0.05),(-0.041573,-0.027779,0.014),(-0.03409,-0.022778,0.05),(-0.035355,-0.035355,0.014),(-0.028991,-0.028991,0.05),(-0.027779,-0.041573,0.014),(-0.022778,-0.03409,0.05),(-0.019134,-0.046194,0.014),(-0.01569,-0.037879,0.05),(-0.009755,-0.049039,0.014),(-0.007999,-0.040212,0.05),(0.,-0.05,0.014),(0.,-0.041,0.05),(0.009755,-0.049039,0.014),(0.007999,-0.040212,0.05),(0.019134,-0.046194,0.014),(0.01569,-0.037879,0.05),(0.027779,-0.041573,0.014),(0.022778,-0.03409,0.05),(0.035355,-0.035355,0.014),(0.028991,-0.028991,0.05),(0.041573,-0.027779,0.014),(0.03409,-0.022778,0.05),(0.046194,-0.019134,0.014),(0.037879,-0.01569,0.05),(0.049039,-0.009755,0.014),(0.040212,-0.007999,0.05)));
#9746=IFCPOLYGONALFACESET(#9745,.T.,(#9621,#9622,#9623,#9624,#9625,#9626,#9627,#9628,#9629,#9630,#9631,#9632,#9633,#9634,#9635,#9636,#9637,#9638,#9639,#9640,#9641,#9642,#9643,#9644,#9645,#9646,#9647,#9648,#9649,#9650,#9651,#9652,#9653,#9654,#9655,#9656,#9657,#9658,#9659,#9660,#9661,#9662,#9663,#9664,#9665,#9666,#9667,#9668,#9669,#9670,#9671,#9672,#9673,#9674,#9675,#9676,#9677,#9678,#9679,#9680,#9681,#9682,#9683,#9684,#9685,#9686,#9687,#9688,#9689,#9690,#9691,#9692,#9693,#9694,#9695,#9696,#9697,#9698,#9699,#9700,#9701,#9702,#9703,#9704,#9705,#9706,#9707,#9708,#9709,#9710,#9711,#9712,#9713,#9714,#9715,#9716,#9717,#9718,#9719,#9720,#9721,#9722,#9723,#9724,#9725,#9726,#9727,#9728,#9729,#9730,#9731,#9732,#9733,#9734,#9735,#9736,#9737,#9738,#9739,#9740,#9741,#9742,#9743,#9744),$);
#9747=IFCSTYLEDITEM(#9746,(#3585),$);
#9748=IFCINDEXEDPOLYGONALFACE((1,2,3));
#9749=IFCINDEXEDPOLYGONALFACE((1,3,4));
#9750=IFCINDEXEDPOLYGONALFACE((2,5,6));
#9751=IFCINDEXEDPOLYGONALFACE((2,6,3));
#9752=IFCINDEXEDPOLYGONALFACE((5,7,8));
#9753=IFCINDEXEDPOLYGONALFACE((5,8,6));
#9754=IFCINDEXEDPOLYGONALFACE((7,9,10));
#9755=IFCINDEXEDPOLYGONALFACE((7,10,8));
#9756=IFCINDEXEDPOLYGONALFACE((9,11,12));
#9757=IFCINDEXEDPOLYGONALFACE((9,12,10));
#9758=IFCINDEXEDPOLYGONALFACE((11,13,14));
#9759=IFCINDEXEDPOLYGONALFACE((11,14,12));
#9760=IFCINDEXEDPOLYGONALFACE((13,15,16));
#9761=IFCINDEXEDPOLYGONALFACE((13,16,14));
#9762=IFCINDEXEDPOLYGONALFACE((15,17,18));
#9763=IFCINDEXEDPOLYGONALFACE((15,18,16));
#9764=IFCINDEXEDPOLYGONALFACE((17,19,20));
#9765=IFCINDEXEDPOLYGONALFACE((17,20,18));
#9766=IFCINDEXEDPOLYGONALFACE((19,21,22));
#9767=IFCINDEXEDPOLYGONALFACE((19,22,20));
#9768=IFCINDEXEDPOLYGONALFACE((21,23,24));
#9769=IFCINDEXEDPOLYGONALFACE((21,24,22));
#9770=IFCINDEXEDPOLYGONALFACE((23,25,26));
#9771=IFCINDEXEDPOLYGONALFACE((23,26,24));
#9772=IFCINDEXEDPOLYGONALFACE((25,27,28));
#9773=IFCINDEXEDPOLYGONALFACE((25,28,26));
#9774=IFCINDEXEDPOLYGONALFACE((27,29,30));
#9775=IFCINDEXEDPOLYGONALFACE((27,30,28));
#9776=IFCINDEXEDPOLYGONALFACE((29,31,32));
#9777=IFCINDEXEDPOLYGONALFACE((29,32,30));
#9778=IFCINDEXEDPOLYGONALFACE((31,33,34));
#9779=IFCINDEXEDPOLYGONALFACE((31,34,32));
#9780=IFCINDEXEDPOLYGONALFACE((33,35,36));
#9781=IFCINDEXEDPOLYGONALFACE((33,36,34));
#9782=IFCINDEXEDPOLYGONALFACE((35,37,38));
#9783=IFCINDEXEDPOLYGONALFACE((35,38,36));
#9784=IFCINDEXEDPOLYGONALFACE((37,39,40));
#9785=IFCINDEXEDPOLYGONALFACE((37,40,38));
#9786=IFCINDEXEDPOLYGONALFACE((39,41,42));
#9787=IFCINDEXEDPOLYGONALFACE((39,42,40));
#9788=IFCINDEXEDPOLYGONALFACE((41,43,44));
#9789=IFCINDEXEDPOLYGONALFACE((41,44,42));
#9790=IFCINDEXEDPOLYGONALFACE((43,45,46));
#9791=IFCINDEXEDPOLYGONALFACE((43,46,44));
#9792=IFCINDEXEDPOLYGONALFACE((45,47,48));
#9793=IFCINDEXEDPOLYGONALFACE((45,48,46));
#9794=IFCINDEXEDPOLYGONALFACE((47,49,50));
#9795=IFCINDEXEDPOLYGONALFACE((47,50,48));
#9796=IFCINDEXEDPOLYGONALFACE((49,51,52));
#9797=IFCINDEXEDPOLYGONALFACE((49,52,50));
#9798=IFCINDEXEDPOLYGONALFACE((51,53,54));
#9799=IFCINDEXEDPOLYGONALFACE((51,54,52));
#9800=IFCINDEXEDPOLYGONALFACE((53,55,56));
#9801=IFCINDEXEDPOLYGONALFACE((53,56,54));
#9802=IFCINDEXEDPOLYGONALFACE((55,57,58));
#9803=IFCINDEXEDPOLYGONALFACE((55,58,56));
#9804=IFCINDEXEDPOLYGONALFACE((57,59,60));
#9805=IFCINDEXEDPOLYGONALFACE((57,60,58));
#9806=IFCINDEXEDPOLYGONALFACE((59,61,62));
#9807=IFCINDEXEDPOLYGONALFACE((59,62,60));
#9808=IFCINDEXEDPOLYGONALFACE((61,63,64));
#9809=IFCINDEXEDPOLYGONALFACE((61,64,62));
#9810=IFCINDEXEDPOLYGONALFACE((63,1,4));
#9811=IFCINDEXEDPOLYGONALFACE((63,4,64));
#9812=IFCINDEXEDPOLYGONALFACE((1,5,2));
#9813=IFCINDEXEDPOLYGONALFACE((4,3,6));
#9814=IFCINDEXEDPOLYGONALFACE((1,7,5));
#9815=IFCINDEXEDPOLYGONALFACE((4,6,8));
#9816=IFCINDEXEDPOLYGONALFACE((1,9,7));
#9817=IFCINDEXEDPOLYGONALFACE((4,8,10));
#9818=IFCINDEXEDPOLYGONALFACE((1,11,9));
#9819=IFCINDEXEDPOLYGONALFACE((4,10,12));
#9820=IFCINDEXEDPOLYGONALFACE((1,13,11));
#9821=IFCINDEXEDPOLYGONALFACE((4,12,14));
#9822=IFCINDEXEDPOLYGONALFACE((1,15,13));
#9823=IFCINDEXEDPOLYGONALFACE((4,14,16));
#9824=IFCINDEXEDPOLYGONALFACE((1,17,15));
#9825=IFCINDEXEDPOLYGONALFACE((4,16,18));
#9826=IFCINDEXEDPOLYGONALFACE((1,19,17));
#9827=IFCINDEXEDPOLYGONALFACE((4,18,20));
#9828=IFCINDEXEDPOLYGONALFACE((1,21,19));
#9829=IFCINDEXEDPOLYGONALFACE((4,20,22));
#9830=IFCINDEXEDPOLYGONALFACE((1,23,21));
#9831=IFCINDEXEDPOLYGONALFACE((4,22,24));
#9832=IFCINDEXEDPOLYGONALFACE((1,25,23));
#9833=IFCINDEXEDPOLYGONALFACE((4,24,26));
#9834=IFCINDEXEDPOLYGONALFACE((1,27,25));
#9835=IFCINDEXEDPOLYGONALFACE((4,26,28));
#9836=IFCINDEXEDPOLYGONALFACE((1,29,27));
#9837=IFCINDEXEDPOLYGONALFACE((4,28,30));
#9838=IFCINDEXEDPOLYGONALFACE((1,31,29));
#9839=IFCINDEXEDPOLYGONALFACE((4,30,32));
#9840=IFCINDEXEDPOLYGONALFACE((1,33,31));
#9841=IFCINDEXEDPOLYGONALFACE((4,32,34));
#9842=IFCINDEXEDPOLYGONALFACE((1,35,33));
#9843=IFCINDEXEDPOLYGONALFACE((4,34,36));
#9844=IFCINDEXEDPOLYGONALFACE((1,37,35));
#9845=IFCINDEXEDPOLYGONALFACE((4,36,38));
#9846=IFCINDEXEDPOLYGONALFACE((1,39,37));
#9847=IFCINDEXEDPOLYGONALFACE((4,38,40));
#9848=IFCINDEXEDPOLYGONALFACE((1,41,39));
#9849=IFCINDEXEDPOLYGONALFACE((4,40,42));
#9850=IFCINDEXEDPOLYGONALFACE((1,43,41));
#9851=IFCINDEXEDPOLYGONALFACE((4,42,44));
#9852=IFCINDEXEDPOLYGONALFACE((1,45,43));
#9853=IFCINDEXEDPOLYGONALFACE((4,44,46));
#9854=IFCINDEXEDPOLYGONALFACE((1,47,45));
#9855=IFCINDEXEDPOLYGONALFACE((4,46,48));
#9856=IFCINDEXEDPOLYGONALFACE((1,49,47));
#9857=IFCINDEXEDPOLYGONALFACE((4,48,50));
#9858=IFCINDEXEDPOLYGONALFACE((1,51,49));
#9859=IFCINDEXEDPOLYGONALFACE((4,50,52));
#9860=IFCINDEXEDPOLYGONALFACE((1,53,51));
#9861=IFCINDEXEDPOLYGONALFACE((4,52,54));
#9862=IFCINDEXEDPOLYGONALFACE((1,55,53));
#9863=IFCINDEXEDPOLYGONALFACE((4,54,56));
#9864=IFCINDEXEDPOLYGONALFACE((1,57,55));
#9865=IFCINDEXEDPOLYGONALFACE((4,56,58));
#9866=IFCINDEXEDPOLYGONALFACE((1,59,57));
#9867=IFCINDEXEDPOLYGONALFACE((4,58,60));
#9868=IFCINDEXEDPOLYGONALFACE((1,61,59));
#9869=IFCINDEXEDPOLYGONALFACE((4,60,62));
#9870=IFCINDEXEDPOLYGONALFACE((1,63,61));
#9871=IFCINDEXEDPOLYGONALFACE((4,62,64));
#9872=IFCCARTESIANPOINTLIST3D(((0.037,0.,0.),(0.036289,0.007218,0.),(0.039918,0.00794,0.0145),(0.0407,0.,0.0145),(0.034184,0.014159,0.),(0.037602,0.015575,0.0145),(0.030764,0.020556,0.),(0.033841,0.022612,0.0145),(0.026163,0.026163,0.),(0.028779,0.028779,0.0145),(0.020556,0.030764,0.),(0.022612,0.033841,0.0145),(0.014159,0.034184,0.),(0.015575,0.037602,0.0145),(0.007218,0.036289,0.),(0.00794,0.039918,0.0145),(0.,0.037,0.),(0.,0.0407,0.0145),(-0.007218,0.036289,0.),(-0.00794,0.039918,0.0145),(-0.014159,0.034184,0.),(-0.015575,0.037602,0.0145),(-0.020556,0.030764,0.),(-0.022612,0.033841,0.0145),(-0.026163,0.026163,0.),(-0.028779,0.028779,0.0145),(-0.030764,0.020556,0.),(-0.033841,0.022612,0.0145),(-0.034184,0.014159,0.),(-0.037602,0.015575,0.0145),(-0.036289,0.007218,0.),(-0.039918,0.00794,0.0145),(-0.037,0.,0.),(-0.0407,0.,0.0145),(-0.036289,-0.007218,0.),(-0.039918,-0.00794,0.0145),(-0.034184,-0.014159,0.),(-0.037602,-0.015575,0.0145),(-0.030764,-0.020556,0.),(-0.033841,-0.022612,0.0145),(-0.026163,-0.026163,0.),(-0.028779,-0.028779,0.0145),(-0.020556,-0.030764,0.),(-0.022612,-0.033841,0.0145),(-0.014159,-0.034184,0.),(-0.015575,-0.037602,0.0145),(-0.007218,-0.036289,0.),(-0.00794,-0.039918,0.0145),(0.,-0.037,0.),(0.,-0.0407,0.0145),(0.007218,-0.036289,0.),(0.00794,-0.039918,0.0145),(0.014159,-0.034184,0.),(0.015575,-0.037602,0.0145),(0.020556,-0.030764,0.),(0.022612,-0.033841,0.0145),(0.026163,-0.026163,0.),(0.028779,-0.028779,0.0145),(0.030764,-0.020556,0.),(0.033841,-0.022612,0.0145),(0.034184,-0.014159,0.),(0.037602,-0.015575,0.0145),(0.036289,-0.007218,0.),(0.039918,-0.00794,0.0145)));
#9873=IFCPOLYGONALFACESET(#9872,.T.,(#9748,#9749,#9750,#9751,#9752,#9753,#9754,#9755,#9756,#9757,#9758,#9759,#9760,#9761,#9762,#9763,#9764,#9765,#9766,#9767,#9768,#9769,#9770,#9771,#9772,#9773,#9774,#9775,#9776,#9777,#9778,#9779,#9780,#9781,#9782,#9783,#9784,#9785,#9786,#9787,#9788,#9789,#9790,#9791,#9792,#9793,#9794,#9795,#9796,#9797,#9798,#9799,#9800,#9801,#9802,#9803,#9804,#9805,#9806,#9807,#9808,#9809,#9810,#9811,#9812,#9813,#9814,#9815,#9816,#9817,#9818,#9819,#9820,#9821,#9822,#9823,#9824,#9825,#9826,#9827,#9828,#9829,#9830,#9831,#9832,#9833,#9834,#9835,#9836,#9837,#9838,#9839,#9840,#9841,#9842,#9843,#9844,#9845,#9846,#9847,#9848,#9849,#9850,#9851,#9852,#9853,#9854,#9855,#9856,#9857,#9858,#9859,#9860,#9861,#9862,#9863,#9864,#9865,#9866,#9867,#9868,#9869,#9870,#9871),$);
#9874=IFCSTYLEDITEM(#9873,(#5076),$);
#9875=IFCSHAPEREPRESENTATION(#12,'Body','Tessellation',(#9746,#9873));
#9876=IFCPRODUCTDEFINITIONSHAPE($,$,(#9875));
#9877=IFCLIGHTFIXTURE('2UT3LMMpWGwkB1hyMLtrNe',#5,'Spotlight','Skanna asset library',$,#9620,#9876,$,.POINTSOURCE.);
#9878=IFCCARTESIANPOINT((4.95,12.29,2.65));
#9879=IFCDIRECTION((0.,0.,1.));
#9880=IFCDIRECTION((0.,1.,0.));
#9881=IFCAXIS2PLACEMENT3D(#9878,#9879,#9880);
#9882=IFCLOCALPLACEMENT(#26,#9881);
#9883=IFCINDEXEDPOLYGONALFACE((1,2,3));
#9884=IFCINDEXEDPOLYGONALFACE((1,3,4));
#9885=IFCINDEXEDPOLYGONALFACE((2,5,6));
#9886=IFCINDEXEDPOLYGONALFACE((2,6,3));
#9887=IFCINDEXEDPOLYGONALFACE((5,7,8));
#9888=IFCINDEXEDPOLYGONALFACE((5,8,6));
#9889=IFCINDEXEDPOLYGONALFACE((7,9,10));
#9890=IFCINDEXEDPOLYGONALFACE((7,10,8));
#9891=IFCINDEXEDPOLYGONALFACE((9,11,12));
#9892=IFCINDEXEDPOLYGONALFACE((9,12,10));
#9893=IFCINDEXEDPOLYGONALFACE((11,13,14));
#9894=IFCINDEXEDPOLYGONALFACE((11,14,12));
#9895=IFCINDEXEDPOLYGONALFACE((13,15,16));
#9896=IFCINDEXEDPOLYGONALFACE((13,16,14));
#9897=IFCINDEXEDPOLYGONALFACE((15,17,18));
#9898=IFCINDEXEDPOLYGONALFACE((15,18,16));
#9899=IFCINDEXEDPOLYGONALFACE((17,19,20));
#9900=IFCINDEXEDPOLYGONALFACE((17,20,18));
#9901=IFCINDEXEDPOLYGONALFACE((19,21,22));
#9902=IFCINDEXEDPOLYGONALFACE((19,22,20));
#9903=IFCINDEXEDPOLYGONALFACE((21,23,24));
#9904=IFCINDEXEDPOLYGONALFACE((21,24,22));
#9905=IFCINDEXEDPOLYGONALFACE((23,25,26));
#9906=IFCINDEXEDPOLYGONALFACE((23,26,24));
#9907=IFCINDEXEDPOLYGONALFACE((25,27,28));
#9908=IFCINDEXEDPOLYGONALFACE((25,28,26));
#9909=IFCINDEXEDPOLYGONALFACE((27,29,30));
#9910=IFCINDEXEDPOLYGONALFACE((27,30,28));
#9911=IFCINDEXEDPOLYGONALFACE((29,31,32));
#9912=IFCINDEXEDPOLYGONALFACE((29,32,30));
#9913=IFCINDEXEDPOLYGONALFACE((31,33,34));
#9914=IFCINDEXEDPOLYGONALFACE((31,34,32));
#9915=IFCINDEXEDPOLYGONALFACE((33,35,36));
#9916=IFCINDEXEDPOLYGONALFACE((33,36,34));
#9917=IFCINDEXEDPOLYGONALFACE((35,37,38));
#9918=IFCINDEXEDPOLYGONALFACE((35,38,36));
#9919=IFCINDEXEDPOLYGONALFACE((37,39,40));
#9920=IFCINDEXEDPOLYGONALFACE((37,40,38));
#9921=IFCINDEXEDPOLYGONALFACE((39,41,42));
#9922=IFCINDEXEDPOLYGONALFACE((39,42,40));
#9923=IFCINDEXEDPOLYGONALFACE((41,43,44));
#9924=IFCINDEXEDPOLYGONALFACE((41,44,42));
#9925=IFCINDEXEDPOLYGONALFACE((43,45,46));
#9926=IFCINDEXEDPOLYGONALFACE((43,46,44));
#9927=IFCINDEXEDPOLYGONALFACE((45,47,48));
#9928=IFCINDEXEDPOLYGONALFACE((45,48,46));
#9929=IFCINDEXEDPOLYGONALFACE((47,49,50));
#9930=IFCINDEXEDPOLYGONALFACE((47,50,48));
#9931=IFCINDEXEDPOLYGONALFACE((49,51,52));
#9932=IFCINDEXEDPOLYGONALFACE((49,52,50));
#9933=IFCINDEXEDPOLYGONALFACE((51,53,54));
#9934=IFCINDEXEDPOLYGONALFACE((51,54,52));
#9935=IFCINDEXEDPOLYGONALFACE((53,55,56));
#9936=IFCINDEXEDPOLYGONALFACE((53,56,54));
#9937=IFCINDEXEDPOLYGONALFACE((55,57,58));
#9938=IFCINDEXEDPOLYGONALFACE((55,58,56));
#9939=IFCINDEXEDPOLYGONALFACE((57,59,60));
#9940=IFCINDEXEDPOLYGONALFACE((57,60,58));
#9941=IFCINDEXEDPOLYGONALFACE((59,61,62));
#9942=IFCINDEXEDPOLYGONALFACE((59,62,60));
#9943=IFCINDEXEDPOLYGONALFACE((61,63,64));
#9944=IFCINDEXEDPOLYGONALFACE((61,64,62));
#9945=IFCINDEXEDPOLYGONALFACE((63,1,4));
#9946=IFCINDEXEDPOLYGONALFACE((63,4,64));
#9947=IFCINDEXEDPOLYGONALFACE((1,5,2));
#9948=IFCINDEXEDPOLYGONALFACE((4,3,6));
#9949=IFCINDEXEDPOLYGONALFACE((1,7,5));
#9950=IFCINDEXEDPOLYGONALFACE((4,6,8));
#9951=IFCINDEXEDPOLYGONALFACE((1,9,7));
#9952=IFCINDEXEDPOLYGONALFACE((4,8,10));
#9953=IFCINDEXEDPOLYGONALFACE((1,11,9));
#9954=IFCINDEXEDPOLYGONALFACE((4,10,12));
#9955=IFCINDEXEDPOLYGONALFACE((1,13,11));
#9956=IFCINDEXEDPOLYGONALFACE((4,12,14));
#9957=IFCINDEXEDPOLYGONALFACE((1,15,13));
#9958=IFCINDEXEDPOLYGONALFACE((4,14,16));
#9959=IFCINDEXEDPOLYGONALFACE((1,17,15));
#9960=IFCINDEXEDPOLYGONALFACE((4,16,18));
#9961=IFCINDEXEDPOLYGONALFACE((1,19,17));
#9962=IFCINDEXEDPOLYGONALFACE((4,18,20));
#9963=IFCINDEXEDPOLYGONALFACE((1,21,19));
#9964=IFCINDEXEDPOLYGONALFACE((4,20,22));
#9965=IFCINDEXEDPOLYGONALFACE((1,23,21));
#9966=IFCINDEXEDPOLYGONALFACE((4,22,24));
#9967=IFCINDEXEDPOLYGONALFACE((1,25,23));
#9968=IFCINDEXEDPOLYGONALFACE((4,24,26));
#9969=IFCINDEXEDPOLYGONALFACE((1,27,25));
#9970=IFCINDEXEDPOLYGONALFACE((4,26,28));
#9971=IFCINDEXEDPOLYGONALFACE((1,29,27));
#9972=IFCINDEXEDPOLYGONALFACE((4,28,30));
#9973=IFCINDEXEDPOLYGONALFACE((1,31,29));
#9974=IFCINDEXEDPOLYGONALFACE((4,30,32));
#9975=IFCINDEXEDPOLYGONALFACE((1,33,31));
#9976=IFCINDEXEDPOLYGONALFACE((4,32,34));
#9977=IFCINDEXEDPOLYGONALFACE((1,35,33));
#9978=IFCINDEXEDPOLYGONALFACE((4,34,36));
#9979=IFCINDEXEDPOLYGONALFACE((1,37,35));
#9980=IFCINDEXEDPOLYGONALFACE((4,36,38));
#9981=IFCINDEXEDPOLYGONALFACE((1,39,37));
#9982=IFCINDEXEDPOLYGONALFACE((4,38,40));
#9983=IFCINDEXEDPOLYGONALFACE((1,41,39));
#9984=IFCINDEXEDPOLYGONALFACE((4,40,42));
#9985=IFCINDEXEDPOLYGONALFACE((1,43,41));
#9986=IFCINDEXEDPOLYGONALFACE((4,42,44));
#9987=IFCINDEXEDPOLYGONALFACE((1,45,43));
#9988=IFCINDEXEDPOLYGONALFACE((4,44,46));
#9989=IFCINDEXEDPOLYGONALFACE((1,47,45));
#9990=IFCINDEXEDPOLYGONALFACE((4,46,48));
#9991=IFCINDEXEDPOLYGONALFACE((1,49,47));
#9992=IFCINDEXEDPOLYGONALFACE((4,48,50));
#9993=IFCINDEXEDPOLYGONALFACE((1,51,49));
#9994=IFCINDEXEDPOLYGONALFACE((4,50,52));
#9995=IFCINDEXEDPOLYGONALFACE((1,53,51));
#9996=IFCINDEXEDPOLYGONALFACE((4,52,54));
#9997=IFCINDEXEDPOLYGONALFACE((1,55,53));
#9998=IFCINDEXEDPOLYGONALFACE((4,54,56));
#9999=IFCINDEXEDPOLYGONALFACE((1,57,55));
#10000=IFCINDEXEDPOLYGONALFACE((4,56,58));
#10001=IFCINDEXEDPOLYGONALFACE((1,59,57));
#10002=IFCINDEXEDPOLYGONALFACE((4,58,60));
#10003=IFCINDEXEDPOLYGONALFACE((1,61,59));
#10004=IFCINDEXEDPOLYGONALFACE((4,60,62));
#10005=IFCINDEXEDPOLYGONALFACE((1,63,61));
#10006=IFCINDEXEDPOLYGONALFACE((4,62,64));
#10007=IFCCARTESIANPOINTLIST3D(((0.05,0.,0.014),(0.049039,0.009755,0.014),(0.040212,0.007999,0.05),(0.041,0.,0.05),(0.046194,0.019134,0.014),(0.037879,0.01569,0.05),(0.041573,0.027779,0.014),(0.03409,0.022778,0.05),(0.035355,0.035355,0.014),(0.028991,0.028991,0.05),(0.027779,0.041573,0.014),(0.022778,0.03409,0.05),(0.019134,0.046194,0.014),(0.01569,0.037879,0.05),(0.009755,0.049039,0.014),(0.007999,0.040212,0.05),(0.,0.05,0.014),(0.,0.041,0.05),(-0.009755,0.049039,0.014),(-0.007999,0.040212,0.05),(-0.019134,0.046194,0.014),(-0.01569,0.037879,0.05),(-0.027779,0.041573,0.014),(-0.022778,0.03409,0.05),(-0.035355,0.035355,0.014),(-0.028991,0.028991,0.05),(-0.041573,0.027779,0.014),(-0.03409,0.022778,0.05),(-0.046194,0.019134,0.014),(-0.037879,0.01569,0.05),(-0.049039,0.009755,0.014),(-0.040212,0.007999,0.05),(-0.05,0.,0.014),(-0.041,0.,0.05),(-0.049039,-0.009755,0.014),(-0.040212,-0.007999,0.05),(-0.046194,-0.019134,0.014),(-0.037879,-0.01569,0.05),(-0.041573,-0.027779,0.014),(-0.03409,-0.022778,0.05),(-0.035355,-0.035355,0.014),(-0.028991,-0.028991,0.05),(-0.027779,-0.041573,0.014),(-0.022778,-0.03409,0.05),(-0.019134,-0.046194,0.014),(-0.01569,-0.037879,0.05),(-0.009755,-0.049039,0.014),(-0.007999,-0.040212,0.05),(0.,-0.05,0.014),(0.,-0.041,0.05),(0.009755,-0.049039,0.014),(0.007999,-0.040212,0.05),(0.019134,-0.046194,0.014),(0.01569,-0.037879,0.05),(0.027779,-0.041573,0.014),(0.022778,-0.03409,0.05),(0.035355,-0.035355,0.014),(0.028991,-0.028991,0.05),(0.041573,-0.027779,0.014),(0.03409,-0.022778,0.05),(0.046194,-0.019134,0.014),(0.037879,-0.01569,0.05),(0.049039,-0.009755,0.014),(0.040212,-0.007999,0.05)));
#10008=IFCPOLYGONALFACESET(#10007,.T.,(#9883,#9884,#9885,#9886,#9887,#9888,#9889,#9890,#9891,#9892,#9893,#9894,#9895,#9896,#9897,#9898,#9899,#9900,#9901,#9902,#9903,#9904,#9905,#9906,#9907,#9908,#9909,#9910,#9911,#9912,#9913,#9914,#9915,#9916,#9917,#9918,#9919,#9920,#9921,#9922,#9923,#9924,#9925,#9926,#9927,#9928,#9929,#9930,#9931,#9932,#9933,#9934,#9935,#9936,#9937,#9938,#9939,#9940,#9941,#9942,#9943,#9944,#9945,#9946,#9947,#9948,#9949,#9950,#9951,#9952,#9953,#9954,#9955,#9956,#9957,#9958,#9959,#9960,#9961,#9962,#9963,#9964,#9965,#9966,#9967,#9968,#9969,#9970,#9971,#9972,#9973,#9974,#9975,#9976,#9977,#9978,#9979,#9980,#9981,#9982,#9983,#9984,#9985,#9986,#9987,#9988,#9989,#9990,#9991,#9992,#9993,#9994,#9995,#9996,#9997,#9998,#9999,#10000,#10001,#10002,#10003,#10004,#10005,#10006),$);
#10009=IFCSTYLEDITEM(#10008,(#3585),$);
#10010=IFCINDEXEDPOLYGONALFACE((1,2,3));
#10011=IFCINDEXEDPOLYGONALFACE((1,3,4));
#10012=IFCINDEXEDPOLYGONALFACE((2,5,6));
#10013=IFCINDEXEDPOLYGONALFACE((2,6,3));
#10014=IFCINDEXEDPOLYGONALFACE((5,7,8));
#10015=IFCINDEXEDPOLYGONALFACE((5,8,6));
#10016=IFCINDEXEDPOLYGONALFACE((7,9,10));
#10017=IFCINDEXEDPOLYGONALFACE((7,10,8));
#10018=IFCINDEXEDPOLYGONALFACE((9,11,12));
#10019=IFCINDEXEDPOLYGONALFACE((9,12,10));
#10020=IFCINDEXEDPOLYGONALFACE((11,13,14));
#10021=IFCINDEXEDPOLYGONALFACE((11,14,12));
#10022=IFCINDEXEDPOLYGONALFACE((13,15,16));
#10023=IFCINDEXEDPOLYGONALFACE((13,16,14));
#10024=IFCINDEXEDPOLYGONALFACE((15,17,18));
#10025=IFCINDEXEDPOLYGONALFACE((15,18,16));
#10026=IFCINDEXEDPOLYGONALFACE((17,19,20));
#10027=IFCINDEXEDPOLYGONALFACE((17,20,18));
#10028=IFCINDEXEDPOLYGONALFACE((19,21,22));
#10029=IFCINDEXEDPOLYGONALFACE((19,22,20));
#10030=IFCINDEXEDPOLYGONALFACE((21,23,24));
#10031=IFCINDEXEDPOLYGONALFACE((21,24,22));
#10032=IFCINDEXEDPOLYGONALFACE((23,25,26));
#10033=IFCINDEXEDPOLYGONALFACE((23,26,24));
#10034=IFCINDEXEDPOLYGONALFACE((25,27,28));
#10035=IFCINDEXEDPOLYGONALFACE((25,28,26));
#10036=IFCINDEXEDPOLYGONALFACE((27,29,30));
#10037=IFCINDEXEDPOLYGONALFACE((27,30,28));
#10038=IFCINDEXEDPOLYGONALFACE((29,31,32));
#10039=IFCINDEXEDPOLYGONALFACE((29,32,30));
#10040=IFCINDEXEDPOLYGONALFACE((31,33,34));
#10041=IFCINDEXEDPOLYGONALFACE((31,34,32));
#10042=IFCINDEXEDPOLYGONALFACE((33,35,36));
#10043=IFCINDEXEDPOLYGONALFACE((33,36,34));
#10044=IFCINDEXEDPOLYGONALFACE((35,37,38));
#10045=IFCINDEXEDPOLYGONALFACE((35,38,36));
#10046=IFCINDEXEDPOLYGONALFACE((37,39,40));
#10047=IFCINDEXEDPOLYGONALFACE((37,40,38));
#10048=IFCINDEXEDPOLYGONALFACE((39,41,42));
#10049=IFCINDEXEDPOLYGONALFACE((39,42,40));
#10050=IFCINDEXEDPOLYGONALFACE((41,43,44));
#10051=IFCINDEXEDPOLYGONALFACE((41,44,42));
#10052=IFCINDEXEDPOLYGONALFACE((43,45,46));
#10053=IFCINDEXEDPOLYGONALFACE((43,46,44));
#10054=IFCINDEXEDPOLYGONALFACE((45,47,48));
#10055=IFCINDEXEDPOLYGONALFACE((45,48,46));
#10056=IFCINDEXEDPOLYGONALFACE((47,49,50));
#10057=IFCINDEXEDPOLYGONALFACE((47,50,48));
#10058=IFCINDEXEDPOLYGONALFACE((49,51,52));
#10059=IFCINDEXEDPOLYGONALFACE((49,52,50));
#10060=IFCINDEXEDPOLYGONALFACE((51,53,54));
#10061=IFCINDEXEDPOLYGONALFACE((51,54,52));
#10062=IFCINDEXEDPOLYGONALFACE((53,55,56));
#10063=IFCINDEXEDPOLYGONALFACE((53,56,54));
#10064=IFCINDEXEDPOLYGONALFACE((55,57,58));
#10065=IFCINDEXEDPOLYGONALFACE((55,58,56));
#10066=IFCINDEXEDPOLYGONALFACE((57,59,60));
#10067=IFCINDEXEDPOLYGONALFACE((57,60,58));
#10068=IFCINDEXEDPOLYGONALFACE((59,61,62));
#10069=IFCINDEXEDPOLYGONALFACE((59,62,60));
#10070=IFCINDEXEDPOLYGONALFACE((61,63,64));
#10071=IFCINDEXEDPOLYGONALFACE((61,64,62));
#10072=IFCINDEXEDPOLYGONALFACE((63,1,4));
#10073=IFCINDEXEDPOLYGONALFACE((63,4,64));
#10074=IFCINDEXEDPOLYGONALFACE((1,5,2));
#10075=IFCINDEXEDPOLYGONALFACE((4,3,6));
#10076=IFCINDEXEDPOLYGONALFACE((1,7,5));
#10077=IFCINDEXEDPOLYGONALFACE((4,6,8));
#10078=IFCINDEXEDPOLYGONALFACE((1,9,7));
#10079=IFCINDEXEDPOLYGONALFACE((4,8,10));
#10080=IFCINDEXEDPOLYGONALFACE((1,11,9));
#10081=IFCINDEXEDPOLYGONALFACE((4,10,12));
#10082=IFCINDEXEDPOLYGONALFACE((1,13,11));
#10083=IFCINDEXEDPOLYGONALFACE((4,12,14));
#10084=IFCINDEXEDPOLYGONALFACE((1,15,13));
#10085=IFCINDEXEDPOLYGONALFACE((4,14,16));
#10086=IFCINDEXEDPOLYGONALFACE((1,17,15));
#10087=IFCINDEXEDPOLYGONALFACE((4,16,18));
#10088=IFCINDEXEDPOLYGONALFACE((1,19,17));
#10089=IFCINDEXEDPOLYGONALFACE((4,18,20));
#10090=IFCINDEXEDPOLYGONALFACE((1,21,19));
#10091=IFCINDEXEDPOLYGONALFACE((4,20,22));
#10092=IFCINDEXEDPOLYGONALFACE((1,23,21));
#10093=IFCINDEXEDPOLYGONALFACE((4,22,24));
#10094=IFCINDEXEDPOLYGONALFACE((1,25,23));
#10095=IFCINDEXEDPOLYGONALFACE((4,24,26));
#10096=IFCINDEXEDPOLYGONALFACE((1,27,25));
#10097=IFCINDEXEDPOLYGONALFACE((4,26,28));
#10098=IFCINDEXEDPOLYGONALFACE((1,29,27));
#10099=IFCINDEXEDPOLYGONALFACE((4,28,30));
#10100=IFCINDEXEDPOLYGONALFACE((1,31,29));
#10101=IFCINDEXEDPOLYGONALFACE((4,30,32));
#10102=IFCINDEXEDPOLYGONALFACE((1,33,31));
#10103=IFCINDEXEDPOLYGONALFACE((4,32,34));
#10104=IFCINDEXEDPOLYGONALFACE((1,35,33));
#10105=IFCINDEXEDPOLYGONALFACE((4,34,36));
#10106=IFCINDEXEDPOLYGONALFACE((1,37,35));
#10107=IFCINDEXEDPOLYGONALFACE((4,36,38));
#10108=IFCINDEXEDPOLYGONALFACE((1,39,37));
#10109=IFCINDEXEDPOLYGONALFACE((4,38,40));
#10110=IFCINDEXEDPOLYGONALFACE((1,41,39));
#10111=IFCINDEXEDPOLYGONALFACE((4,40,42));
#10112=IFCINDEXEDPOLYGONALFACE((1,43,41));
#10113=IFCINDEXEDPOLYGONALFACE((4,42,44));
#10114=IFCINDEXEDPOLYGONALFACE((1,45,43));
#10115=IFCINDEXEDPOLYGONALFACE((4,44,46));
#10116=IFCINDEXEDPOLYGONALFACE((1,47,45));
#10117=IFCINDEXEDPOLYGONALFACE((4,46,48));
#10118=IFCINDEXEDPOLYGONALFACE((1,49,47));
#10119=IFCINDEXEDPOLYGONALFACE((4,48,50));
#10120=IFCINDEXEDPOLYGONALFACE((1,51,49));
#10121=IFCINDEXEDPOLYGONALFACE((4,50,52));
#10122=IFCINDEXEDPOLYGONALFACE((1,53,51));
#10123=IFCINDEXEDPOLYGONALFACE((4,52,54));
#10124=IFCINDEXEDPOLYGONALFACE((1,55,53));
#10125=IFCINDEXEDPOLYGONALFACE((4,54,56));
#10126=IFCINDEXEDPOLYGONALFACE((1,57,55));
#10127=IFCINDEXEDPOLYGONALFACE((4,56,58));
#10128=IFCINDEXEDPOLYGONALFACE((1,59,57));
#10129=IFCINDEXEDPOLYGONALFACE((4,58,60));
#10130=IFCINDEXEDPOLYGONALFACE((1,61,59));
#10131=IFCINDEXEDPOLYGONALFACE((4,60,62));
#10132=IFCINDEXEDPOLYGONALFACE((1,63,61));
#10133=IFCINDEXEDPOLYGONALFACE((4,62,64));
#10134=IFCCARTESIANPOINTLIST3D(((0.037,0.,0.),(0.036289,0.007218,0.),(0.039918,0.00794,0.0145),(0.0407,0.,0.0145),(0.034184,0.014159,0.),(0.037602,0.015575,0.0145),(0.030764,0.020556,0.),(0.033841,0.022612,0.0145),(0.026163,0.026163,0.),(0.028779,0.028779,0.0145),(0.020556,0.030764,0.),(0.022612,0.033841,0.0145),(0.014159,0.034184,0.),(0.015575,0.037602,0.0145),(0.007218,0.036289,0.),(0.00794,0.039918,0.0145),(0.,0.037,0.),(0.,0.0407,0.0145),(-0.007218,0.036289,0.),(-0.00794,0.039918,0.0145),(-0.014159,0.034184,0.),(-0.015575,0.037602,0.0145),(-0.020556,0.030764,0.),(-0.022612,0.033841,0.0145),(-0.026163,0.026163,0.),(-0.028779,0.028779,0.0145),(-0.030764,0.020556,0.),(-0.033841,0.022612,0.0145),(-0.034184,0.014159,0.),(-0.037602,0.015575,0.0145),(-0.036289,0.007218,0.),(-0.039918,0.00794,0.0145),(-0.037,0.,0.),(-0.0407,0.,0.0145),(-0.036289,-0.007218,0.),(-0.039918,-0.00794,0.0145),(-0.034184,-0.014159,0.),(-0.037602,-0.015575,0.0145),(-0.030764,-0.020556,0.),(-0.033841,-0.022612,0.0145),(-0.026163,-0.026163,0.),(-0.028779,-0.028779,0.0145),(-0.020556,-0.030764,0.),(-0.022612,-0.033841,0.0145),(-0.014159,-0.034184,0.),(-0.015575,-0.037602,0.0145),(-0.007218,-0.036289,0.),(-0.00794,-0.039918,0.0145),(0.,-0.037,0.),(0.,-0.0407,0.0145),(0.007218,-0.036289,0.),(0.00794,-0.039918,0.0145),(0.014159,-0.034184,0.),(0.015575,-0.037602,0.0145),(0.020556,-0.030764,0.),(0.022612,-0.033841,0.0145),(0.026163,-0.026163,0.),(0.028779,-0.028779,0.0145),(0.030764,-0.020556,0.),(0.033841,-0.022612,0.0145),(0.034184,-0.014159,0.),(0.037602,-0.015575,0.0145),(0.036289,-0.007218,0.),(0.039918,-0.00794,0.0145)));
#10135=IFCPOLYGONALFACESET(#10134,.T.,(#10010,#10011,#10012,#10013,#10014,#10015,#10016,#10017,#10018,#10019,#10020,#10021,#10022,#10023,#10024,#10025,#10026,#10027,#10028,#10029,#10030,#10031,#10032,#10033,#10034,#10035,#10036,#10037,#10038,#10039,#10040,#10041,#10042,#10043,#10044,#10045,#10046,#10047,#10048,#10049,#10050,#10051,#10052,#10053,#10054,#10055,#10056,#10057,#10058,#10059,#10060,#10061,#10062,#10063,#10064,#10065,#10066,#10067,#10068,#10069,#10070,#10071,#10072,#10073,#10074,#10075,#10076,#10077,#10078,#10079,#10080,#10081,#10082,#10083,#10084,#10085,#10086,#10087,#10088,#10089,#10090,#10091,#10092,#10093,#10094,#10095,#10096,#10097,#10098,#10099,#10100,#10101,#10102,#10103,#10104,#10105,#10106,#10107,#10108,#10109,#10110,#10111,#10112,#10113,#10114,#10115,#10116,#10117,#10118,#10119,#10120,#10121,#10122,#10123,#10124,#10125,#10126,#10127,#10128,#10129,#10130,#10131,#10132,#10133),$);
#10136=IFCSTYLEDITEM(#10135,(#5076),$);
#10137=IFCSHAPEREPRESENTATION(#12,'Body','Tessellation',(#10008,#10135));
#10138=IFCPRODUCTDEFINITIONSHAPE($,$,(#10137));
#10139=IFCLIGHTFIXTURE('3ekjtK2v9gxk18Bky59VAz',#5,'Spotlight','Skanna asset library',$,#9882,#10138,$,.POINTSOURCE.);
#10140=IFCCARTESIANPOINT((4.76,10.96,0.5));
#10141=IFCDIRECTION((0.,0.,1.));
#10142=IFCDIRECTION((0.,1.,0.));
#10143=IFCAXIS2PLACEMENT3D(#10140,#10141,#10142);
#10144=IFCLOCALPLACEMENT(#26,#10143);
#10145=IFCCARTESIANPOINTLIST3D(((-1.,-0.025,0.),(1.,-0.025,0.),(1.,-0.025,1.),(-1.,-0.025,1.),(1.,0.025,0.),(-1.,0.025,0.),(-1.,0.025,1.),(1.,0.025,1.),(-1.,0.025,0.),(-1.,-0.025,0.),(-1.,-0.025,1.),(-1.,0.025,1.),(1.,-0.025,0.),(1.,0.025,0.),(1.,0.025,1.),(1.,-0.025,1.),(-1.,0.025,0.),(1.,0.025,0.),(1.,-0.025,0.),(-1.,-0.025,0.),(-1.,-0.025,1.),(1.,-0.025,1.),(1.,0.025,1.),(-1.,0.025,1.)));
#10146=IFCINDEXEDPOLYGONALFACE((1,2,3));
#10147=IFCINDEXEDPOLYGONALFACE((1,3,4));
#10148=IFCINDEXEDPOLYGONALFACE((5,6,7));
#10149=IFCINDEXEDPOLYGONALFACE((5,7,8));
#10150=IFCINDEXEDPOLYGONALFACE((9,10,11));
#10151=IFCINDEXEDPOLYGONALFACE((9,11,12));
#10152=IFCINDEXEDPOLYGONALFACE((13,14,15));
#10153=IFCINDEXEDPOLYGONALFACE((13,15,16));
#10154=IFCINDEXEDPOLYGONALFACE((17,18,19));
#10155=IFCINDEXEDPOLYGONALFACE((17,19,20));
#10156=IFCINDEXEDPOLYGONALFACE((21,22,23));
#10157=IFCINDEXEDPOLYGONALFACE((21,23,24));
#10158=IFCPOLYGONALFACESET(#10145,$,(#10146,#10147,#10148,#10149,#10150,#10151,#10152,#10153,#10154,#10155,#10156,#10157),$);
#10159=IFCSHAPEREPRESENTATION(#12,'Body','Tessellation',(#10158));
#10160=IFCPRODUCTDEFINITIONSHAPE($,$,(#10159));
#10161=IFCFURNITURE('0gd7chuTBfMzwsUBfnL157',#5,'What is a digital twin  painting 2x1m','Skanna asset library',$,#10144,#10160,$,.NOTDEFINED.);
#10162=IFCCARTESIANPOINT((0.21,1.87,0.8));
#10163=IFCDIRECTION((0.,0.,1.));
#10164=IFCDIRECTION((0.,1.,0.));
#10165=IFCAXIS2PLACEMENT3D(#10162,#10163,#10164);
#10166=IFCLOCALPLACEMENT(#26,#10165);
#10167=IFCCARTESIANPOINTLIST3D(((-1.,-0.025,0.),(1.,-0.025,0.),(1.,-0.025,1.),(-1.,-0.025,1.),(1.,0.025,0.),(-1.,0.025,0.),(-1.,0.025,1.),(1.,0.025,1.),(-1.,0.025,0.),(-1.,-0.025,0.),(-1.,-0.025,1.),(-1.,0.025,1.),(1.,-0.025,0.),(1.,0.025,0.),(1.,0.025,1.),(1.,-0.025,1.),(-1.,0.025,0.),(1.,0.025,0.),(1.,-0.025,0.),(-1.,-0.025,0.),(-1.,-0.025,1.),(1.,-0.025,1.),(1.,0.025,1.),(-1.,0.025,1.)));
#10168=IFCINDEXEDPOLYGONALFACE((1,2,3));
#10169=IFCINDEXEDPOLYGONALFACE((1,3,4));
#10170=IFCINDEXEDPOLYGONALFACE((5,6,7));
#10171=IFCINDEXEDPOLYGONALFACE((5,7,8));
#10172=IFCINDEXEDPOLYGONALFACE((9,10,11));
#10173=IFCINDEXEDPOLYGONALFACE((9,11,12));
#10174=IFCINDEXEDPOLYGONALFACE((13,14,15));
#10175=IFCINDEXEDPOLYGONALFACE((13,15,16));
#10176=IFCINDEXEDPOLYGONALFACE((17,18,19));
#10177=IFCINDEXEDPOLYGONALFACE((17,19,20));
#10178=IFCINDEXEDPOLYGONALFACE((21,22,23));
#10179=IFCINDEXEDPOLYGONALFACE((21,23,24));
#10180=IFCPOLYGONALFACESET(#10167,$,(#10168,#10169,#10170,#10171,#10172,#10173,#10174,#10175,#10176,#10177,#10178,#10179),$);
#10181=IFCSHAPEREPRESENTATION(#12,'Body','Tessellation',(#10180));
#10182=IFCPRODUCTDEFINITIONSHAPE($,$,(#10181));
#10183=IFCFURNITURE('2VyhLR$VqJLpiTjXJo8syH',#5,'Falcon Hill  Plot 502 painting 2x1m','Skanna asset library',$,#10166,#10182,$,.NOTDEFINED.);
#10184=IFCCARTESIANPOINT((10.02,11.58,0.873));
#10185=IFCDIRECTION((0.,0.,1.));
#10186=IFCDIRECTION((0.,-1.,0.));
#10187=IFCAXIS2PLACEMENT3D(#10184,#10185,#10186);
#10188=IFCLOCALPLACEMENT(#26,#10187);
#10189=IFCCARTESIANPOINT((0.,-0.0072));
#10190=IFCAXIS2PLACEMENT2D(#10189,$);
#10191=IFCRECTANGLEPROFILEDEF(.AREA.,$,#10190,0.6,0.612);
#10192=IFCCARTESIANPOINT((0.,0.,0.));
#10193=IFCAXIS2PLACEMENT3D(#10192,$,$);
#10194=IFCDIRECTION((0.,0.,1.));
#10195=IFCEXTRUDEDAREASOLID(#10191,#10193,#10194,0.027);
#10196=IFCSTYLEDITEM(#10195,(#3048),$);
#10197=IFCSHAPEREPRESENTATION(#12,'Body','SweptSolid',(#10195));
#10198=IFCPRODUCTDEFINITIONSHAPE($,$,(#10197));
#10199=IFCFURNITURE('2ZJEbQTmDSp2QXGPrUOFA1',#5,'Kitchen worktop 1','0.60 m run over 1 unit',$,#10188,#10198,$,.NOTDEFINED.);
#10200=IFCRELCONTAINEDINSPATIALSTRUCTURE('1pYwNUS_BulIz2_AheXucF',#5,$,$,(#42,#57,#119,#267,#412,#428,#572,#588,#644,#660,#716,#732,#788,#804,#835,#891,#907,#922,#978,#994,#1050,#1066,#1081,#1096,#1111,#1167,#1224,#1240,#1255,#1270,#1285,#1300,#1316,#1376,#1392,#1415,#1448,#1472,#1496,#1518,#1548,#1580,#1612,#1640,#1668,#1718,#1749,#1800,#1858,#1911,#1967,#2052,#2103,#2118,#2171,#2245,#2319,#2369,#2443,#2493,#2512,#2528,#2544,#2560,#2576,#2595,#2611,#2630,#2646,#2662,#2678,#2694,#2713,#2729,#2745,#2764,#2780,#2796,#2812,#2828,#2844,#2860,#2879,#2967,#3370,#3504,#3784,#4072,#4102,#4166,#4316,#4386,#4598,#4625,#4649,#4681,#4815,#5080,#5570,#5721,#5753,#5777,#5807,#5837,#5877,#6033,#6138,#6400,#6424,#6914,#7404,#7555,#7817,#8079,#8341,#8603,#8667,#8699,#8781,#8805,#8824,#9091,#9353,#9615,#9877,#10139,#10161,#10183,#10199),#27);
#10201=IFCRELAGGREGATES('1_Zl048mjdSXS2$cMbbuhi',#5,$,$,#21,(#27));
#10202=IFCDOORTYPE('3_k1KMaCuopIekK2XHvzch',#5,'Door — single swing',$,$,$,$,$,$,.DOOR.,.SINGLE_SWING_LEFT.,.F.,$);
#10203=IFCRELDEFINESBYTYPE('2zdmKMCw3SDUZpMQlMDq0h',#5,$,$,(#119,#891,#1167,#1224,#1376),#10202);
#10204=IFCDOORTYPE('3fUG8nwzyv89uIDQxwVRay',#5,'Door — double sliding',$,$,$,$,$,$,.DOOR.,.DOUBLE_DOOR_SLIDING.,.F.,$);
#10205=IFCRELDEFINESBYTYPE('1mx2eVMBDxEIYsWOOk93hu',#5,$,$,(#644,#716),#10204);
#10206=IFCDOORTYPE('0Ql__yrCvDsiy1BYNjl5o8',#5,'Door — single swing',$,$,$,$,$,$,.DOOR.,.SINGLE_SWING_RIGHT.,.F.,$);
#10207=IFCRELDEFINESBYTYPE('1L4VyKxZxs1TRQv87JU3TI',#5,$,$,(#788,#978,#1050),#10206);
#10208=IFCWINDOWTYPE('2PlRpd9dNNsF1Kn5mkC4Z4',#5,'Window — double panel',$,$,$,$,$,$,.WINDOW.,.DOUBLE_PANEL_VERTICAL.,.F.,$);
#10209=IFCRELDEFINESBYTYPE('3MNEzg6h3hpP6Q55RUDZqT',#5,$,$,(#267,#412,#572),#10208);
#10210=IFCMATERIAL('concrete',$,$);
#10211=IFCRELASSOCIATESMATERIAL('0xOsVIw$WezSiYANZHatLO',#5,'Material: concrete',$,(#42,#57,#428,#588,#660,#1270,#1285),#10210);
#10212=IFCMATERIAL('plaster',$,$);
#10213=IFCRELASSOCIATESMATERIAL('3oz$Or8uYDSxEAr36AyN37',#5,'Material: plaster',$,(#732,#804,#835,#907,#922,#994,#1066,#1081,#1096,#1111,#1240,#1255),#10212);
#10214=IFCMATERIAL('glass',$,$);
#10215=IFCRELASSOCIATESMATERIAL('1VjAbyQ17UYM9hcAEL4Rue',#5,'Material: glass',$,(#1300,#1316,#1392),#10214);
#10216=IFCMATERIAL('tile',$,$);
#10217=IFCRELASSOCIATESMATERIAL('174ne$CP5dpw7bUCB8UxAk',#5,'Material: tile',$,(#1415,#1548,#1580,#1612,#1640,#1668,#1718,#1749),#10216);
#10218=IFCMATERIAL('stone',$,$);
#10219=IFCRELASSOCIATESMATERIAL('0yeL$Y53c5onWglZe6fcVF',#5,'Material: stone',$,(#1518),#10218);
ENDSEC;
END-ISO-10303-21;
