ISO-10303-21;
HEADER;
FILE_DESCRIPTION((''),'2;1');
FILE_NAME('model.ifc','2026-09-03T01:13:03',('Skanna'),('Skanna'),'skanna-web bim 0.1','skanna-web bim 0.1','');
FILE_SCHEMA(('IFC4'));
ENDSEC;
DATA;
#1=IFCPERSON($,$,'Skanna',$,$,$,$,$);
#2=IFCORGANIZATION($,'Skanna',$,$,$);
#3=IFCPERSONANDORGANIZATION(#1,#2,$);
#4=IFCAPPLICATION(#2,'0.1','Skanna Web BIM Author','skanna-web');
#5=IFCOWNERHISTORY(#3,#4,$,.ADDED.,$,$,$,1788397983);
#6=IFCSIUNIT(*,.LENGTHUNIT.,$,.METRE.);
#7=IFCSIUNIT(*,.AREAUNIT.,$,.SQUARE_METRE.);
#8=IFCSIUNIT(*,.VOLUMEUNIT.,$,.CUBIC_METRE.);
#9=IFCUNITASSIGNMENT((#6,#7,#8));
#10=IFCCARTESIANPOINT((0.,0.,0.));
#11=IFCAXIS2PLACEMENT3D(#10,$,$);
#12=IFCGEOMETRICREPRESENTATIONCONTEXT($,'Model',3,1.E-05,#11,$);
#13=IFCPROJECT('1PsFO2Mxd1I2DtCnEO66nA',#5,'Skanna Demo','Authored in Skanna Web',$,$,$,(#12),#9);
#14=IFCCARTESIANPOINT((0.,0.,0.));
#15=IFCAXIS2PLACEMENT3D(#14,$,$);
#16=IFCLOCALPLACEMENT($,#15);
#17=IFCSITE('0jG4qEkqzxGprlHGP$FInr',#5,'Site',$,$,#16,$,$,.ELEMENT.,$,$,$,$,$);
#18=IFCCARTESIANPOINT((0.,0.,0.));
#19=IFCAXIS2PLACEMENT3D(#18,$,$);
#20=IFCLOCALPLACEMENT(#16,#19);
#21=IFCBUILDING('21b8djY60ts1yYCPa$sVYW',#5,'Building',$,$,#20,$,$,.ELEMENT.,$,$,$);
#22=IFCRELAGGREGATES('2NZJ3GSKVfBZjQ4Wk7_GSH',#5,$,$,#13,(#17));
#23=IFCRELAGGREGATES('1FWAIIBGh1dJHcOeRljyTJ',#5,$,$,#17,(#21));
#24=IFCCARTESIANPOINT((0.,0.,0.));
#25=IFCAXIS2PLACEMENT3D(#24,$,$);
#26=IFCLOCALPLACEMENT(#20,#25);
#27=IFCBUILDINGSTOREY('0XYuLXOFa0jk5y1EDuS6sc',#5,'Ground floor',$,$,#26,$,$,.ELEMENT.,0.);
#28=IFCCARTESIANPOINT((0.076,0.11,0.));
#29=IFCDIRECTION((0.,0.,1.));
#30=IFCDIRECTION((0.,1.,0.));
#31=IFCAXIS2PLACEMENT3D(#28,#29,#30);
#32=IFCLOCALPLACEMENT(#26,#31);
#33=IFCCARTESIANPOINT((9.745,0.));
#34=IFCAXIS2PLACEMENT2D(#33,$);
#35=IFCRECTANGLEPROFILEDEF(.AREA.,$,#34,19.49,0.15);
#36=IFCCARTESIANPOINT((0.,0.,0.));
#37=IFCAXIS2PLACEMENT3D(#36,$,$);
#38=IFCDIRECTION((0.,0.,1.));
#39=IFCEXTRUDEDAREASOLID(#35,#37,#38,2.7);
#40=IFCSHAPEREPRESENTATION(#12,'Body','SweptSolid',(#39));
#41=IFCPRODUCTDEFINITIONSHAPE($,$,(#40));
#42=IFCWALL('1Ua9tPf$LpkmPXNurKk98t',#5,'Wall 1',$,$,#32,#41,$,.STANDARD.);
#43=IFCCARTESIANPOINT((0.005,19.527,0.));
#44=IFCDIRECTION((0.,0.,1.));
#45=IFCDIRECTION((1.,0.,0.));
#46=IFCAXIS2PLACEMENT3D(#43,#44,#45);
#47=IFCLOCALPLACEMENT(#26,#46);
#48=IFCCARTESIANPOINT((5.2325,0.));
#49=IFCAXIS2PLACEMENT2D(#48,$);
#50=IFCRECTANGLEPROFILEDEF(.AREA.,$,#49,10.465,0.15);
#51=IFCCARTESIANPOINT((0.,0.,0.));
#52=IFCAXIS2PLACEMENT3D(#51,$,$);
#53=IFCDIRECTION((0.,0.,1.));
#54=IFCEXTRUDEDAREASOLID(#50,#52,#53,2.7);
#55=IFCSHAPEREPRESENTATION(#12,'Body','SweptSolid',(#54));
#56=IFCPRODUCTDEFINITIONSHAPE($,$,(#55));
#57=IFCWALL('2hEuBa_UgStCvhBQGo6ArM',#5,'Wall 2',$,$,#47,#56,$,.STANDARD.);
#58=IFCCARTESIANPOINT((5.1755,19.527,0.));
#59=IFCDIRECTION((0.,0.,1.));
#60=IFCDIRECTION((1.,0.,0.));
#61=IFCAXIS2PLACEMENT3D(#58,#59,#60);
#62=IFCLOCALPLACEMENT(#26,#61);
#63=IFCCARTESIANPOINT((0.4675,0.));
#64=IFCAXIS2PLACEMENT2D(#63,$);
#65=IFCRECTANGLEPROFILEDEF(.AREA.,$,#64,0.935,0.21);
#66=IFCCARTESIANPOINT((0.,0.,0.));
#67=IFCAXIS2PLACEMENT3D(#66,$,$);
#68=IFCDIRECTION((0.,0.,1.));
#69=IFCEXTRUDEDAREASOLID(#65,#67,#68,2.2);
#70=IFCSHAPEREPRESENTATION(#12,'Body','SweptSolid',(#69));
#71=IFCPRODUCTDEFINITIONSHAPE($,$,(#70));
#72=IFCOPENINGELEMENT('3Yt_OVKb4wgWkNpoAdXHYV',#5,'Opening (door)',$,$,#62,#71,$,.OPENING.);
#73=IFCRELVOIDSELEMENT('2rRnlmQu9zdN4Q89UWaDHU',#5,$,$,#57,#72);
#74=IFCCARTESIANPOINT((5.1755,19.527,0.));
#75=IFCDIRECTION((0.,0.,1.));
#76=IFCDIRECTION((1.,0.,0.));
#77=IFCAXIS2PLACEMENT3D(#74,#75,#76);
#78=IFCLOCALPLACEMENT(#26,#77);
#79=IFCCARTESIANPOINT((0.0275,0.));
#80=IFCAXIS2PLACEMENT2D(#79,$);
#81=IFCRECTANGLEPROFILEDEF(.AREA.,$,#80,0.055,0.08);
#82=IFCCARTESIANPOINT((0.,0.,0.));
#83=IFCAXIS2PLACEMENT3D(#82,$,$);
#84=IFCDIRECTION((0.,0.,1.));
#85=IFCEXTRUDEDAREASOLID(#81,#83,#84,2.2);
#86=IFCCARTESIANPOINT((0.9075,0.));
#87=IFCAXIS2PLACEMENT2D(#86,$);
#88=IFCRECTANGLEPROFILEDEF(.AREA.,$,#87,0.055,0.08);
#89=IFCCARTESIANPOINT((0.,0.,0.));
#90=IFCAXIS2PLACEMENT3D(#89,$,$);
#91=IFCDIRECTION((0.,0.,1.));
#92=IFCEXTRUDEDAREASOLID(#88,#90,#91,2.2);
#93=IFCCARTESIANPOINT((0.4675,0.));
#94=IFCAXIS2PLACEMENT2D(#93,$);
#95=IFCRECTANGLEPROFILEDEF(.AREA.,$,#94,0.825,0.08);
#96=IFCCARTESIANPOINT((0.,0.,2.145));
#97=IFCAXIS2PLACEMENT3D(#96,$,$);
#98=IFCDIRECTION((0.,0.,1.));
#99=IFCEXTRUDEDAREASOLID(#95,#97,#98,0.055);
#100=IFCCARTESIANPOINT((0.4675,0.));
#101=IFCAXIS2PLACEMENT2D(#100,$);
#102=IFCRECTANGLEPROFILEDEF(.AREA.,$,#101,0.825,0.06);
#103=IFCCARTESIANPOINT((0.,0.,0.));
#104=IFCAXIS2PLACEMENT3D(#103,$,$);
#105=IFCDIRECTION((0.,0.,1.));
#106=IFCEXTRUDEDAREASOLID(#102,#104,#105,2.145);
#107=IFCCOLOURRGB($,0.956863,0.94902,0.933333);
#108=IFCSURFACESTYLESHADING(#107,0.);
#109=IFCSURFACESTYLE('Frame',.BOTH.,(#108));
#110=IFCSTYLEDITEM(#85,(#109),$);
#111=IFCSTYLEDITEM(#92,(#109),$);
#112=IFCSTYLEDITEM(#99,(#109),$);
#113=IFCCOLOURRGB($,1.,1.,1.);
#114=IFCSURFACESTYLESHADING(#113,0.);
#115=IFCSURFACESTYLE('Door leaf',.BOTH.,(#114));
#116=IFCSTYLEDITEM(#106,(#115),$);
#117=IFCSHAPEREPRESENTATION(#12,'Body','SweptSolid',(#85,#92,#99,#106));
#118=IFCPRODUCTDEFINITIONSHAPE($,$,(#117));
#119=IFCDOOR('1rflvHpiRizPPQN2pZ11vM',#5,'Door 1',$,$,#78,#118,$,2.2,0.935,.DOOR.,.SINGLE_SWING_LEFT.,$);
#120=IFCRELFILLSELEMENT('2tAHqUyTGvg8ydZDBVGecw',#5,$,$,#72,#119);
#121=IFCCARTESIANPOINT((2.04,19.527,0.9));
#122=IFCDIRECTION((0.,0.,1.));
#123=IFCDIRECTION((1.,0.,0.));
#124=IFCAXIS2PLACEMENT3D(#121,#122,#123);
#125=IFCLOCALPLACEMENT(#26,#124);
#126=IFCCARTESIANPOINT((0.72,0.));
#127=IFCAXIS2PLACEMENT2D(#126,$);
#128=IFCRECTANGLEPROFILEDEF(.AREA.,$,#127,1.44,0.21);
#129=IFCCARTESIANPOINT((0.,0.,0.));
#130=IFCAXIS2PLACEMENT3D(#129,$,$);
#131=IFCDIRECTION((0.,0.,1.));
#132=IFCEXTRUDEDAREASOLID(#128,#130,#131,1.3);
#133=IFCSHAPEREPRESENTATION(#12,'Body','SweptSolid',(#132));
#134=IFCPRODUCTDEFINITIONSHAPE($,$,(#133));
#135=IFCOPENINGELEMENT('1451n1ZmBpBbbkZpro5W6k',#5,'Opening (window)',$,$,#125,#134,$,.OPENING.);
#136=IFCRELVOIDSELEMENT('1XaV8tbFhSCxLjWHPtVlBE',#5,$,$,#57,#135);
#137=IFCCARTESIANPOINT((2.04,19.527,0.9));
#138=IFCDIRECTION((0.,0.,1.));
#139=IFCDIRECTION((1.,0.,0.));
#140=IFCAXIS2PLACEMENT3D(#137,#138,#139);
#141=IFCLOCALPLACEMENT(#26,#140);
#142=IFCCARTESIANPOINT((0.0275,0.));
#143=IFCAXIS2PLACEMENT2D(#142,$);
#144=IFCRECTANGLEPROFILEDEF(.AREA.,$,#143,0.055,0.08);
#145=IFCCARTESIANPOINT((0.,0.,0.));
#146=IFCAXIS2PLACEMENT3D(#145,$,$);
#147=IFCDIRECTION((0.,0.,1.));
#148=IFCEXTRUDEDAREASOLID(#144,#146,#147,1.3);
#149=IFCCARTESIANPOINT((1.4125,0.));
#150=IFCAXIS2PLACEMENT2D(#149,$);
#151=IFCRECTANGLEPROFILEDEF(.AREA.,$,#150,0.055,0.08);
#152=IFCCARTESIANPOINT((0.,0.,0.));
#153=IFCAXIS2PLACEMENT3D(#152,$,$);
#154=IFCDIRECTION((0.,0.,1.));
#155=IFCEXTRUDEDAREASOLID(#151,#153,#154,1.3);
#156=IFCCARTESIANPOINT((0.72,0.));
#157=IFCAXIS2PLACEMENT2D(#156,$);
#158=IFCRECTANGLEPROFILEDEF(.AREA.,$,#157,1.33,0.08);
#159=IFCCARTESIANPOINT((0.,0.,1.245));
#160=IFCAXIS2PLACEMENT3D(#159,$,$);
#161=IFCDIRECTION((0.,0.,1.));
#162=IFCEXTRUDEDAREASOLID(#158,#160,#161,0.055);
#163=IFCCARTESIANPOINT((0.72,0.));
#164=IFCAXIS2PLACEMENT2D(#163,$);
#165=IFCRECTANGLEPROFILEDEF(.AREA.,$,#164,1.33,0.08);
#166=IFCCARTESIANPOINT((0.,0.,0.));
#167=IFCAXIS2PLACEMENT3D(#166,$,$);
#168=IFCDIRECTION((0.,0.,1.));
#169=IFCEXTRUDEDAREASOLID(#165,#167,#168,0.055);
#170=IFCCARTESIANPOINT((0.72,0.));
#171=IFCAXIS2PLACEMENT2D(#170,$);
#172=IFCRECTANGLEPROFILEDEF(.AREA.,$,#171,0.055,0.08);
#173=IFCCARTESIANPOINT((0.,0.,0.055));
#174=IFCAXIS2PLACEMENT3D(#173,$,$);
#175=IFCDIRECTION((0.,0.,1.));
#176=IFCEXTRUDEDAREASOLID(#172,#174,#175,1.19);
#177=IFCCARTESIANPOINT((0.074,0.));
#178=IFCAXIS2PLACEMENT2D(#177,$);
#179=IFCRECTANGLEPROFILEDEF(.AREA.,$,#178,0.038,0.08);
#180=IFCCARTESIANPOINT((0.,0.,0.055));
#181=IFCAXIS2PLACEMENT3D(#180,$,$);
#182=IFCDIRECTION((0.,0.,1.));
#183=IFCEXTRUDEDAREASOLID(#179,#181,#182,1.19);
#184=IFCCARTESIANPOINT((0.6735,0.));
#185=IFCAXIS2PLACEMENT2D(#184,$);
#186=IFCRECTANGLEPROFILEDEF(.AREA.,$,#185,0.038,0.08);
#187=IFCCARTESIANPOINT((0.,0.,0.055));
#188=IFCAXIS2PLACEMENT3D(#187,$,$);
#189=IFCDIRECTION((0.,0.,1.));
#190=IFCEXTRUDEDAREASOLID(#186,#188,#189,1.19);
#191=IFCCARTESIANPOINT((0.37375,0.));
#192=IFCAXIS2PLACEMENT2D(#191,$);
#193=IFCRECTANGLEPROFILEDEF(.AREA.,$,#192,0.5615,0.08);
#194=IFCCARTESIANPOINT((0.,0.,1.207));
#195=IFCAXIS2PLACEMENT3D(#194,$,$);
#196=IFCDIRECTION((0.,0.,1.));
#197=IFCEXTRUDEDAREASOLID(#193,#195,#196,0.038);
#198=IFCCARTESIANPOINT((0.37375,0.));
#199=IFCAXIS2PLACEMENT2D(#198,$);
#200=IFCRECTANGLEPROFILEDEF(.AREA.,$,#199,0.5615,0.08);
#201=IFCCARTESIANPOINT((0.,0.,0.055));
#202=IFCAXIS2PLACEMENT3D(#201,$,$);
#203=IFCDIRECTION((0.,0.,1.));
#204=IFCEXTRUDEDAREASOLID(#200,#202,#203,0.038);
#205=IFCCARTESIANPOINT((0.7665,0.));
#206=IFCAXIS2PLACEMENT2D(#205,$);
#207=IFCRECTANGLEPROFILEDEF(.AREA.,$,#206,0.038,0.08);
#208=IFCCARTESIANPOINT((0.,0.,0.055));
#209=IFCAXIS2PLACEMENT3D(#208,$,$);
#210=IFCDIRECTION((0.,0.,1.));
#211=IFCEXTRUDEDAREASOLID(#207,#209,#210,1.19);
#212=IFCCARTESIANPOINT((1.366,0.));
#213=IFCAXIS2PLACEMENT2D(#212,$);
#214=IFCRECTANGLEPROFILEDEF(.AREA.,$,#213,0.038,0.08);
#215=IFCCARTESIANPOINT((0.,0.,0.055));
#216=IFCAXIS2PLACEMENT3D(#215,$,$);
#217=IFCDIRECTION((0.,0.,1.));
#218=IFCEXTRUDEDAREASOLID(#214,#216,#217,1.19);
#219=IFCCARTESIANPOINT((1.06625,0.));
#220=IFCAXIS2PLACEMENT2D(#219,$);
#221=IFCRECTANGLEPROFILEDEF(.AREA.,$,#220,0.5615,0.08);
#222=IFCCARTESIANPOINT((0.,0.,1.207));
#223=IFCAXIS2PLACEMENT3D(#222,$,$);
#224=IFCDIRECTION((0.,0.,1.));
#225=IFCEXTRUDEDAREASOLID(#221,#223,#224,0.038);
#226=IFCCARTESIANPOINT((1.06625,0.));
#227=IFCAXIS2PLACEMENT2D(#226,$);
#228=IFCRECTANGLEPROFILEDEF(.AREA.,$,#227,0.5615,0.08);
#229=IFCCARTESIANPOINT((0.,0.,0.055));
#230=IFCAXIS2PLACEMENT3D(#229,$,$);
#231=IFCDIRECTION((0.,0.,1.));
#232=IFCEXTRUDEDAREASOLID(#228,#230,#231,0.038);
#233=IFCCARTESIANPOINT((0.37375,0.));
#234=IFCAXIS2PLACEMENT2D(#233,$);
#235=IFCRECTANGLEPROFILEDEF(.AREA.,$,#234,0.5615,0.06);
#236=IFCCARTESIANPOINT((0.,0.,0.093));
#237=IFCAXIS2PLACEMENT3D(#236,$,$);
#238=IFCDIRECTION((0.,0.,1.));
#239=IFCEXTRUDEDAREASOLID(#235,#237,#238,1.114);
#240=IFCCARTESIANPOINT((1.06625,0.));
#241=IFCAXIS2PLACEMENT2D(#240,$);
#242=IFCRECTANGLEPROFILEDEF(.AREA.,$,#241,0.5615,0.06);
#243=IFCCARTESIANPOINT((0.,0.,0.093));
#244=IFCAXIS2PLACEMENT3D(#243,$,$);
#245=IFCDIRECTION((0.,0.,1.));
#246=IFCEXTRUDEDAREASOLID(#242,#244,#245,1.114);
#247=IFCSTYLEDITEM(#148,(#109),$);
#248=IFCSTYLEDITEM(#155,(#109),$);
#249=IFCSTYLEDITEM(#162,(#109),$);
#250=IFCSTYLEDITEM(#169,(#109),$);
#251=IFCSTYLEDITEM(#176,(#109),$);
#252=IFCSTYLEDITEM(#183,(#109),$);
#253=IFCSTYLEDITEM(#190,(#109),$);
#254=IFCSTYLEDITEM(#197,(#109),$);
#255=IFCSTYLEDITEM(#204,(#109),$);
#256=IFCSTYLEDITEM(#211,(#109),$);
#257=IFCSTYLEDITEM(#218,(#109),$);
#258=IFCSTYLEDITEM(#225,(#109),$);
#259=IFCSTYLEDITEM(#232,(#109),$);
#260=IFCCOLOURRGB($,0.611765,0.768627,0.831373);
#261=IFCSURFACESTYLESHADING(#260,0.7);
#262=IFCSURFACESTYLE('Glass',.BOTH.,(#261));
#263=IFCSTYLEDITEM(#239,(#262),$);
#264=IFCSTYLEDITEM(#246,(#262),$);
#265=IFCSHAPEREPRESENTATION(#12,'Body','SweptSolid',(#148,#155,#162,#169,#176,#183,#190,#197,#204,#211,#218,#225,#232,#239,#246));
#266=IFCPRODUCTDEFINITIONSHAPE($,$,(#265));
#267=IFCWINDOW('1iud1bbbRJnaKRu9XEZzVd',#5,'Window 1','Clear glazing',$,#141,#266,$,1.3,1.44,.WINDOW.,.DOUBLE_PANEL_VERTICAL.,$);
#268=IFCRELFILLSELEMENT('3lrmBmYKSBP0wmIv4M43lz',#5,$,$,#135,#267);
#269=IFCCARTESIANPOINT((7.78,19.527,0.9));
#270=IFCDIRECTION((0.,0.,1.));
#271=IFCDIRECTION((1.,0.,0.));
#272=IFCAXIS2PLACEMENT3D(#269,#270,#271);
#273=IFCLOCALPLACEMENT(#26,#272);
#274=IFCCARTESIANPOINT((0.72,0.));
#275=IFCAXIS2PLACEMENT2D(#274,$);
#276=IFCRECTANGLEPROFILEDEF(.AREA.,$,#275,1.44,0.21);
#277=IFCCARTESIANPOINT((0.,0.,0.));
#278=IFCAXIS2PLACEMENT3D(#277,$,$);
#279=IFCDIRECTION((0.,0.,1.));
#280=IFCEXTRUDEDAREASOLID(#276,#278,#279,1.3);
#281=IFCSHAPEREPRESENTATION(#12,'Body','SweptSolid',(#280));
#282=IFCPRODUCTDEFINITIONSHAPE($,$,(#281));
#283=IFCOPENINGELEMENT('289pl7kcZBESg0TYjK0ec7',#5,'Opening (window)',$,$,#273,#282,$,.OPENING.);
#284=IFCRELVOIDSELEMENT('3QDWgduW9FZzEPhfS_xzzi',#5,$,$,#57,#283);
#285=IFCCARTESIANPOINT((7.78,19.527,0.9));
#286=IFCDIRECTION((0.,0.,1.));
#287=IFCDIRECTION((1.,0.,0.));
#288=IFCAXIS2PLACEMENT3D(#285,#286,#287);
#289=IFCLOCALPLACEMENT(#26,#288);
#290=IFCCARTESIANPOINT((0.0275,0.));
#291=IFCAXIS2PLACEMENT2D(#290,$);
#292=IFCRECTANGLEPROFILEDEF(.AREA.,$,#291,0.055,0.08);
#293=IFCCARTESIANPOINT((0.,0.,0.));
#294=IFCAXIS2PLACEMENT3D(#293,$,$);
#295=IFCDIRECTION((0.,0.,1.));
#296=IFCEXTRUDEDAREASOLID(#292,#294,#295,1.3);
#297=IFCCARTESIANPOINT((1.4125,0.));
#298=IFCAXIS2PLACEMENT2D(#297,$);
#299=IFCRECTANGLEPROFILEDEF(.AREA.,$,#298,0.055,0.08);
#300=IFCCARTESIANPOINT((0.,0.,0.));
#301=IFCAXIS2PLACEMENT3D(#300,$,$);
#302=IFCDIRECTION((0.,0.,1.));
#303=IFCEXTRUDEDAREASOLID(#299,#301,#302,1.3);
#304=IFCCARTESIANPOINT((0.72,0.));
#305=IFCAXIS2PLACEMENT2D(#304,$);
#306=IFCRECTANGLEPROFILEDEF(.AREA.,$,#305,1.33,0.08);
#307=IFCCARTESIANPOINT((0.,0.,1.245));
#308=IFCAXIS2PLACEMENT3D(#307,$,$);
#309=IFCDIRECTION((0.,0.,1.));
#310=IFCEXTRUDEDAREASOLID(#306,#308,#309,0.055);
#311=IFCCARTESIANPOINT((0.72,0.));
#312=IFCAXIS2PLACEMENT2D(#311,$);
#313=IFCRECTANGLEPROFILEDEF(.AREA.,$,#312,1.33,0.08);
#314=IFCCARTESIANPOINT((0.,0.,0.));
#315=IFCAXIS2PLACEMENT3D(#314,$,$);
#316=IFCDIRECTION((0.,0.,1.));
#317=IFCEXTRUDEDAREASOLID(#313,#315,#316,0.055);
#318=IFCCARTESIANPOINT((0.72,0.));
#319=IFCAXIS2PLACEMENT2D(#318,$);
#320=IFCRECTANGLEPROFILEDEF(.AREA.,$,#319,0.055,0.08);
#321=IFCCARTESIANPOINT((0.,0.,0.055));
#322=IFCAXIS2PLACEMENT3D(#321,$,$);
#323=IFCDIRECTION((0.,0.,1.));
#324=IFCEXTRUDEDAREASOLID(#320,#322,#323,1.19);
#325=IFCCARTESIANPOINT((0.074,0.));
#326=IFCAXIS2PLACEMENT2D(#325,$);
#327=IFCRECTANGLEPROFILEDEF(.AREA.,$,#326,0.038,0.08);
#328=IFCCARTESIANPOINT((0.,0.,0.055));
#329=IFCAXIS2PLACEMENT3D(#328,$,$);
#330=IFCDIRECTION((0.,0.,1.));
#331=IFCEXTRUDEDAREASOLID(#327,#329,#330,1.19);
#332=IFCCARTESIANPOINT((0.6735,0.));
#333=IFCAXIS2PLACEMENT2D(#332,$);
#334=IFCRECTANGLEPROFILEDEF(.AREA.,$,#333,0.038,0.08);
#335=IFCCARTESIANPOINT((0.,0.,0.055));
#336=IFCAXIS2PLACEMENT3D(#335,$,$);
#337=IFCDIRECTION((0.,0.,1.));
#338=IFCEXTRUDEDAREASOLID(#334,#336,#337,1.19);
#339=IFCCARTESIANPOINT((0.37375,0.));
#340=IFCAXIS2PLACEMENT2D(#339,$);
#341=IFCRECTANGLEPROFILEDEF(.AREA.,$,#340,0.5615,0.08);
#342=IFCCARTESIANPOINT((0.,0.,1.207));
#343=IFCAXIS2PLACEMENT3D(#342,$,$);
#344=IFCDIRECTION((0.,0.,1.));
#345=IFCEXTRUDEDAREASOLID(#341,#343,#344,0.038);
#346=IFCCARTESIANPOINT((0.37375,0.));
#347=IFCAXIS2PLACEMENT2D(#346,$);
#348=IFCRECTANGLEPROFILEDEF(.AREA.,$,#347,0.5615,0.08);
#349=IFCCARTESIANPOINT((0.,0.,0.055));
#350=IFCAXIS2PLACEMENT3D(#349,$,$);
#351=IFCDIRECTION((0.,0.,1.));
#352=IFCEXTRUDEDAREASOLID(#348,#350,#351,0.038);
#353=IFCCARTESIANPOINT((0.7665,0.));
#354=IFCAXIS2PLACEMENT2D(#353,$);
#355=IFCRECTANGLEPROFILEDEF(.AREA.,$,#354,0.038,0.08);
#356=IFCCARTESIANPOINT((0.,0.,0.055));
#357=IFCAXIS2PLACEMENT3D(#356,$,$);
#358=IFCDIRECTION((0.,0.,1.));
#359=IFCEXTRUDEDAREASOLID(#355,#357,#358,1.19);
#360=IFCCARTESIANPOINT((1.366,0.));
#361=IFCAXIS2PLACEMENT2D(#360,$);
#362=IFCRECTANGLEPROFILEDEF(.AREA.,$,#361,0.038,0.08);
#363=IFCCARTESIANPOINT((0.,0.,0.055));
#364=IFCAXIS2PLACEMENT3D(#363,$,$);
#365=IFCDIRECTION((0.,0.,1.));
#366=IFCEXTRUDEDAREASOLID(#362,#364,#365,1.19);
#367=IFCCARTESIANPOINT((1.06625,0.));
#368=IFCAXIS2PLACEMENT2D(#367,$);
#369=IFCRECTANGLEPROFILEDEF(.AREA.,$,#368,0.5615,0.08);
#370=IFCCARTESIANPOINT((0.,0.,1.207));
#371=IFCAXIS2PLACEMENT3D(#370,$,$);
#372=IFCDIRECTION((0.,0.,1.));
#373=IFCEXTRUDEDAREASOLID(#369,#371,#372,0.038);
#374=IFCCARTESIANPOINT((1.06625,0.));
#375=IFCAXIS2PLACEMENT2D(#374,$);
#376=IFCRECTANGLEPROFILEDEF(.AREA.,$,#375,0.5615,0.08);
#377=IFCCARTESIANPOINT((0.,0.,0.055));
#378=IFCAXIS2PLACEMENT3D(#377,$,$);
#379=IFCDIRECTION((0.,0.,1.));
#380=IFCEXTRUDEDAREASOLID(#376,#378,#379,0.038);
#381=IFCCARTESIANPOINT((0.37375,0.));
#382=IFCAXIS2PLACEMENT2D(#381,$);
#383=IFCRECTANGLEPROFILEDEF(.AREA.,$,#382,0.5615,0.06);
#384=IFCCARTESIANPOINT((0.,0.,0.093));
#385=IFCAXIS2PLACEMENT3D(#384,$,$);
#386=IFCDIRECTION((0.,0.,1.));
#387=IFCEXTRUDEDAREASOLID(#383,#385,#386,1.114);
#388=IFCCARTESIANPOINT((1.06625,0.));
#389=IFCAXIS2PLACEMENT2D(#388,$);
#390=IFCRECTANGLEPROFILEDEF(.AREA.,$,#389,0.5615,0.06);
#391=IFCCARTESIANPOINT((0.,0.,0.093));
#392=IFCAXIS2PLACEMENT3D(#391,$,$);
#393=IFCDIRECTION((0.,0.,1.));
#394=IFCEXTRUDEDAREASOLID(#390,#392,#393,1.114);
#395=IFCSTYLEDITEM(#296,(#109),$);
#396=IFCSTYLEDITEM(#303,(#109),$);
#397=IFCSTYLEDITEM(#310,(#109),$);
#398=IFCSTYLEDITEM(#317,(#109),$);
#399=IFCSTYLEDITEM(#324,(#109),$);
#400=IFCSTYLEDITEM(#331,(#109),$);
#401=IFCSTYLEDITEM(#338,(#109),$);
#402=IFCSTYLEDITEM(#345,(#109),$);
#403=IFCSTYLEDITEM(#352,(#109),$);
#404=IFCSTYLEDITEM(#359,(#109),$);
#405=IFCSTYLEDITEM(#366,(#109),$);
#406=IFCSTYLEDITEM(#373,(#109),$);
#407=IFCSTYLEDITEM(#380,(#109),$);
#408=IFCSTYLEDITEM(#387,(#262),$);
#409=IFCSTYLEDITEM(#394,(#262),$);
#410=IFCSHAPEREPRESENTATION(#12,'Body','SweptSolid',(#296,#303,#310,#317,#324,#331,#338,#345,#352,#359,#366,#373,#380,#387,#394));
#411=IFCPRODUCTDEFINITIONSHAPE($,$,(#410));
#412=IFCWINDOW('0LrSlU7DmMk_zFvsooj6o0',#5,'Window 2','Clear glazing',$,#289,#411,$,1.3,1.44,.WINDOW.,.DOUBLE_PANEL_VERTICAL.,$);
#413=IFCRELFILLSELEMENT('3a7AOW0SqXOOCC6$mJ7kph',#5,$,$,#283,#412);
#414=IFCCARTESIANPOINT((10.399,4.905,0.));
#415=IFCDIRECTION((0.,0.,1.));
#416=IFCDIRECTION((0.,1.,0.));
#417=IFCAXIS2PLACEMENT3D(#414,#415,#416);
#418=IFCLOCALPLACEMENT(#26,#417);
#419=IFCCARTESIANPOINT((7.3475,0.));
#420=IFCAXIS2PLACEMENT2D(#419,$);
#421=IFCRECTANGLEPROFILEDEF(.AREA.,$,#420,14.695,0.15);
#422=IFCCARTESIANPOINT((0.,0.,0.));
#423=IFCAXIS2PLACEMENT3D(#422,$,$);
#424=IFCDIRECTION((0.,0.,1.));
#425=IFCEXTRUDEDAREASOLID(#421,#423,#424,2.7);
#426=IFCSHAPEREPRESENTATION(#12,'Body','SweptSolid',(#425));
#427=IFCPRODUCTDEFINITIONSHAPE($,$,(#426));
#428=IFCWALL('3LzfQMBSRSYU_o3P444db$',#5,'Wall 3',$,$,#418,#427,$,.STANDARD.);
#429=IFCCARTESIANPOINT((10.399,10.294265,0.9));
#430=IFCDIRECTION((0.,0.,1.));
#431=IFCDIRECTION((0.,1.,0.));
#432=IFCAXIS2PLACEMENT3D(#429,#430,#431);
#433=IFCLOCALPLACEMENT(#26,#432);
#434=IFCCARTESIANPOINT((0.6925,0.));
#435=IFCAXIS2PLACEMENT2D(#434,$);
#436=IFCRECTANGLEPROFILEDEF(.AREA.,$,#435,1.385,0.21);
#437=IFCCARTESIANPOINT((0.,0.,0.));
#438=IFCAXIS2PLACEMENT3D(#437,$,$);
#439=IFCDIRECTION((0.,0.,1.));
#440=IFCEXTRUDEDAREASOLID(#436,#438,#439,1.3);
#441=IFCSHAPEREPRESENTATION(#12,'Body','SweptSolid',(#440));
#442=IFCPRODUCTDEFINITIONSHAPE($,$,(#441));
#443=IFCOPENINGELEMENT('1simaxfEuwyWYTy50TyTc5',#5,'Opening (window)',$,$,#433,#442,$,.OPENING.);
#444=IFCRELVOIDSELEMENT('1QK70XDxxppOZtMsRf1S78',#5,$,$,#428,#443);
#445=IFCCARTESIANPOINT((10.399,10.294265,0.9));
#446=IFCDIRECTION((0.,0.,1.));
#447=IFCDIRECTION((0.,1.,0.));
#448=IFCAXIS2PLACEMENT3D(#445,#446,#447);
#449=IFCLOCALPLACEMENT(#26,#448);
#450=IFCCARTESIANPOINT((0.0275,0.));
#451=IFCAXIS2PLACEMENT2D(#450,$);
#452=IFCRECTANGLEPROFILEDEF(.AREA.,$,#451,0.055,0.08);
#453=IFCCARTESIANPOINT((0.,0.,0.));
#454=IFCAXIS2PLACEMENT3D(#453,$,$);
#455=IFCDIRECTION((0.,0.,1.));
#456=IFCEXTRUDEDAREASOLID(#452,#454,#455,1.3);
#457=IFCCARTESIANPOINT((1.3575,0.));
#458=IFCAXIS2PLACEMENT2D(#457,$);
#459=IFCRECTANGLEPROFILEDEF(.AREA.,$,#458,0.055,0.08);
#460=IFCCARTESIANPOINT((0.,0.,0.));
#461=IFCAXIS2PLACEMENT3D(#460,$,$);
#462=IFCDIRECTION((0.,0.,1.));
#463=IFCEXTRUDEDAREASOLID(#459,#461,#462,1.3);
#464=IFCCARTESIANPOINT((0.6925,0.));
#465=IFCAXIS2PLACEMENT2D(#464,$);
#466=IFCRECTANGLEPROFILEDEF(.AREA.,$,#465,1.275,0.08);
#467=IFCCARTESIANPOINT((0.,0.,1.245));
#468=IFCAXIS2PLACEMENT3D(#467,$,$);
#469=IFCDIRECTION((0.,0.,1.));
#470=IFCEXTRUDEDAREASOLID(#466,#468,#469,0.055);
#471=IFCCARTESIANPOINT((0.6925,0.));
#472=IFCAXIS2PLACEMENT2D(#471,$);
#473=IFCRECTANGLEPROFILEDEF(.AREA.,$,#472,1.275,0.08);
#474=IFCCARTESIANPOINT((0.,0.,0.));
#475=IFCAXIS2PLACEMENT3D(#474,$,$);
#476=IFCDIRECTION((0.,0.,1.));
#477=IFCEXTRUDEDAREASOLID(#473,#475,#476,0.055);
#478=IFCCARTESIANPOINT((0.6925,0.));
#479=IFCAXIS2PLACEMENT2D(#478,$);
#480=IFCRECTANGLEPROFILEDEF(.AREA.,$,#479,0.055,0.08);
#481=IFCCARTESIANPOINT((0.,0.,0.055));
#482=IFCAXIS2PLACEMENT3D(#481,$,$);
#483=IFCDIRECTION((0.,0.,1.));
#484=IFCEXTRUDEDAREASOLID(#480,#482,#483,1.19);
#485=IFCCARTESIANPOINT((0.074,0.));
#486=IFCAXIS2PLACEMENT2D(#485,$);
#487=IFCRECTANGLEPROFILEDEF(.AREA.,$,#486,0.038,0.08);
#488=IFCCARTESIANPOINT((0.,0.,0.055));
#489=IFCAXIS2PLACEMENT3D(#488,$,$);
#490=IFCDIRECTION((0.,0.,1.));
#491=IFCEXTRUDEDAREASOLID(#487,#489,#490,1.19);
#492=IFCCARTESIANPOINT((0.646,0.));
#493=IFCAXIS2PLACEMENT2D(#492,$);
#494=IFCRECTANGLEPROFILEDEF(.AREA.,$,#493,0.038,0.08);
#495=IFCCARTESIANPOINT((0.,0.,0.055));
#496=IFCAXIS2PLACEMENT3D(#495,$,$);
#497=IFCDIRECTION((0.,0.,1.));
#498=IFCEXTRUDEDAREASOLID(#494,#496,#497,1.19);
#499=IFCCARTESIANPOINT((0.36,0.));
#500=IFCAXIS2PLACEMENT2D(#499,$);
#501=IFCRECTANGLEPROFILEDEF(.AREA.,$,#500,0.534,0.08);
#502=IFCCARTESIANPOINT((0.,0.,1.207));
#503=IFCAXIS2PLACEMENT3D(#502,$,$);
#504=IFCDIRECTION((0.,0.,1.));
#505=IFCEXTRUDEDAREASOLID(#501,#503,#504,0.038);
#506=IFCCARTESIANPOINT((0.36,0.));
#507=IFCAXIS2PLACEMENT2D(#506,$);
#508=IFCRECTANGLEPROFILEDEF(.AREA.,$,#507,0.534,0.08);
#509=IFCCARTESIANPOINT((0.,0.,0.055));
#510=IFCAXIS2PLACEMENT3D(#509,$,$);
#511=IFCDIRECTION((0.,0.,1.));
#512=IFCEXTRUDEDAREASOLID(#508,#510,#511,0.038);
#513=IFCCARTESIANPOINT((0.739,0.));
#514=IFCAXIS2PLACEMENT2D(#513,$);
#515=IFCRECTANGLEPROFILEDEF(.AREA.,$,#514,0.038,0.08);
#516=IFCCARTESIANPOINT((0.,0.,0.055));
#517=IFCAXIS2PLACEMENT3D(#516,$,$);
#518=IFCDIRECTION((0.,0.,1.));
#519=IFCEXTRUDEDAREASOLID(#515,#517,#518,1.19);
#520=IFCCARTESIANPOINT((1.311,0.));
#521=IFCAXIS2PLACEMENT2D(#520,$);
#522=IFCRECTANGLEPROFILEDEF(.AREA.,$,#521,0.038,0.08);
#523=IFCCARTESIANPOINT((0.,0.,0.055));
#524=IFCAXIS2PLACEMENT3D(#523,$,$);
#525=IFCDIRECTION((0.,0.,1.));
#526=IFCEXTRUDEDAREASOLID(#522,#524,#525,1.19);
#527=IFCCARTESIANPOINT((1.025,0.));
#528=IFCAXIS2PLACEMENT2D(#527,$);
#529=IFCRECTANGLEPROFILEDEF(.AREA.,$,#528,0.534,0.08);
#530=IFCCARTESIANPOINT((0.,0.,1.207));
#531=IFCAXIS2PLACEMENT3D(#530,$,$);
#532=IFCDIRECTION((0.,0.,1.));
#533=IFCEXTRUDEDAREASOLID(#529,#531,#532,0.038);
#534=IFCCARTESIANPOINT((1.025,0.));
#535=IFCAXIS2PLACEMENT2D(#534,$);
#536=IFCRECTANGLEPROFILEDEF(.AREA.,$,#535,0.534,0.08);
#537=IFCCARTESIANPOINT((0.,0.,0.055));
#538=IFCAXIS2PLACEMENT3D(#537,$,$);
#539=IFCDIRECTION((0.,0.,1.));
#540=IFCEXTRUDEDAREASOLID(#536,#538,#539,0.038);
#541=IFCCARTESIANPOINT((0.36,0.));
#542=IFCAXIS2PLACEMENT2D(#541,$);
#543=IFCRECTANGLEPROFILEDEF(.AREA.,$,#542,0.534,0.06);
#544=IFCCARTESIANPOINT((0.,0.,0.093));
#545=IFCAXIS2PLACEMENT3D(#544,$,$);
#546=IFCDIRECTION((0.,0.,1.));
#547=IFCEXTRUDEDAREASOLID(#543,#545,#546,1.114);
#548=IFCCARTESIANPOINT((1.025,0.));
#549=IFCAXIS2PLACEMENT2D(#548,$);
#550=IFCRECTANGLEPROFILEDEF(.AREA.,$,#549,0.534,0.06);
#551=IFCCARTESIANPOINT((0.,0.,0.093));
#552=IFCAXIS2PLACEMENT3D(#551,$,$);
#553=IFCDIRECTION((0.,0.,1.));
#554=IFCEXTRUDEDAREASOLID(#550,#552,#553,1.114);
#555=IFCSTYLEDITEM(#456,(#109),$);
#556=IFCSTYLEDITEM(#463,(#109),$);
#557=IFCSTYLEDITEM(#470,(#109),$);
#558=IFCSTYLEDITEM(#477,(#109),$);
#559=IFCSTYLEDITEM(#484,(#109),$);
#560=IFCSTYLEDITEM(#491,(#109),$);
#561=IFCSTYLEDITEM(#498,(#109),$);
#562=IFCSTYLEDITEM(#505,(#109),$);
#563=IFCSTYLEDITEM(#512,(#109),$);
#564=IFCSTYLEDITEM(#519,(#109),$);
#565=IFCSTYLEDITEM(#526,(#109),$);
#566=IFCSTYLEDITEM(#533,(#109),$);
#567=IFCSTYLEDITEM(#540,(#109),$);
#568=IFCSTYLEDITEM(#547,(#262),$);
#569=IFCSTYLEDITEM(#554,(#262),$);
#570=IFCSHAPEREPRESENTATION(#12,'Body','SweptSolid',(#456,#463,#470,#477,#484,#491,#498,#505,#512,#519,#526,#533,#540,#547,#554));
#571=IFCPRODUCTDEFINITIONSHAPE($,$,(#570));
#572=IFCWINDOW('3MvlDz3LD4Q71Sb9BynIZw',#5,'Window 3','Clear glazing',$,#449,#571,$,1.3,1.385,.WINDOW.,.DOUBLE_PANEL_VERTICAL.,$);
#573=IFCRELFILLSELEMENT('05i9jKWFrsrbwiR7PD5oqe',#5,$,$,#443,#572);
#574=IFCCARTESIANPOINT((0.005,3.677,0.));
#575=IFCDIRECTION((0.,0.,1.));
#576=IFCDIRECTION((1.,0.,0.));
#577=IFCAXIS2PLACEMENT3D(#574,#575,#576);
#578=IFCLOCALPLACEMENT(#26,#577);
#579=IFCCARTESIANPOINT((2.3825,0.));
#580=IFCAXIS2PLACEMENT2D(#579,$);
#581=IFCRECTANGLEPROFILEDEF(.AREA.,$,#580,4.765,0.15);
#582=IFCCARTESIANPOINT((0.,0.,0.));
#583=IFCAXIS2PLACEMENT3D(#582,$,$);
#584=IFCDIRECTION((0.,0.,1.));
#585=IFCEXTRUDEDAREASOLID(#581,#583,#584,2.7);
#586=IFCSHAPEREPRESENTATION(#12,'Body','SweptSolid',(#585));
#587=IFCPRODUCTDEFINITIONSHAPE($,$,(#586));
#588=IFCWALL('0FG7MRjOFgTqAj8_BJhmJa',#5,'Wall 4',$,$,#578,#587,$,.STANDARD.);
#589=IFCCARTESIANPOINT((0.4805,3.677,0.));
#590=IFCDIRECTION((0.,0.,1.));
#591=IFCDIRECTION((1.,0.,0.));
#592=IFCAXIS2PLACEMENT3D(#589,#590,#591);
#593=IFCLOCALPLACEMENT(#26,#592);
#594=IFCCARTESIANPOINT((1.9675,0.));
#595=IFCAXIS2PLACEMENT2D(#594,$);
#596=IFCRECTANGLEPROFILEDEF(.AREA.,$,#595,3.935,0.21);
#597=IFCCARTESIANPOINT((0.,0.,0.));
#598=IFCAXIS2PLACEMENT3D(#597,$,$);
#599=IFCDIRECTION((0.,0.,1.));
#600=IFCEXTRUDEDAREASOLID(#596,#598,#599,2.2);
#601=IFCSHAPEREPRESENTATION(#12,'Body','SweptSolid',(#600));
#602=IFCPRODUCTDEFINITIONSHAPE($,$,(#601));
#603=IFCOPENINGELEMENT('0_sqFImoAXwVpcR$vatyvL',#5,'Opening (door)',$,$,#593,#602,$,.OPENING.);
#604=IFCRELVOIDSELEMENT('1qRsnv3llEg5QUV3wWS7Sv',#5,$,$,#588,#603);
#605=IFCCARTESIANPOINT((0.4805,3.677,0.));
#606=IFCDIRECTION((0.,0.,1.));
#607=IFCDIRECTION((1.,0.,0.));
#608=IFCAXIS2PLACEMENT3D(#605,#606,#607);
#609=IFCLOCALPLACEMENT(#26,#608);
#610=IFCCARTESIANPOINT((0.0275,0.));
#611=IFCAXIS2PLACEMENT2D(#610,$);
#612=IFCRECTANGLEPROFILEDEF(.AREA.,$,#611,0.055,0.08);
#613=IFCCARTESIANPOINT((0.,0.,0.));
#614=IFCAXIS2PLACEMENT3D(#613,$,$);
#615=IFCDIRECTION((0.,0.,1.));
#616=IFCEXTRUDEDAREASOLID(#612,#614,#615,2.2);
#617=IFCCARTESIANPOINT((3.9075,0.));
#618=IFCAXIS2PLACEMENT2D(#617,$);
#619=IFCRECTANGLEPROFILEDEF(.AREA.,$,#618,0.055,0.08);
#620=IFCCARTESIANPOINT((0.,0.,0.));
#621=IFCAXIS2PLACEMENT3D(#620,$,$);
#622=IFCDIRECTION((0.,0.,1.));
#623=IFCEXTRUDEDAREASOLID(#619,#621,#622,2.2);
#624=IFCCARTESIANPOINT((1.9675,0.));
#625=IFCAXIS2PLACEMENT2D(#624,$);
#626=IFCRECTANGLEPROFILEDEF(.AREA.,$,#625,3.825,0.08);
#627=IFCCARTESIANPOINT((0.,0.,2.145));
#628=IFCAXIS2PLACEMENT3D(#627,$,$);
#629=IFCDIRECTION((0.,0.,1.));
#630=IFCEXTRUDEDAREASOLID(#626,#628,#629,0.055);
#631=IFCCARTESIANPOINT((1.9675,0.));
#632=IFCAXIS2PLACEMENT2D(#631,$);
#633=IFCRECTANGLEPROFILEDEF(.AREA.,$,#632,3.825,0.06);
#634=IFCCARTESIANPOINT((0.,0.,0.));
#635=IFCAXIS2PLACEMENT3D(#634,$,$);
#636=IFCDIRECTION((0.,0.,1.));
#637=IFCEXTRUDEDAREASOLID(#633,#635,#636,2.145);
#638=IFCSTYLEDITEM(#616,(#109),$);
#639=IFCSTYLEDITEM(#623,(#109),$);
#640=IFCSTYLEDITEM(#630,(#109),$);
#641=IFCSTYLEDITEM(#637,(#262),$);
#642=IFCSHAPEREPRESENTATION(#12,'Body','SweptSolid',(#616,#623,#630,#637));
#643=IFCPRODUCTDEFINITIONSHAPE($,$,(#642));
#644=IFCDOOR('35PDose1D2URx6r$jnxmlP',#5,'Door 2','Clear glass leaf',$,#609,#643,$,2.2,3.935,.DOOR.,.DOUBLE_DOOR_SLIDING.,$);
#645=IFCRELFILLSELEMENT('2XN3RbmNemDY9XyhnNks8n',#5,$,$,#603,#644);
#646=IFCCARTESIANPOINT((4.625,4.977,0.));
#647=IFCDIRECTION((0.,0.,1.));
#648=IFCDIRECTION((1.,0.,0.));
#649=IFCAXIS2PLACEMENT3D(#646,#647,#648);
#650=IFCLOCALPLACEMENT(#26,#649);
#651=IFCCARTESIANPOINT((2.9225,0.));
#652=IFCAXIS2PLACEMENT2D(#651,$);
#653=IFCRECTANGLEPROFILEDEF(.AREA.,$,#652,5.845,0.15);
#654=IFCCARTESIANPOINT((0.,0.,0.));
#655=IFCAXIS2PLACEMENT3D(#654,$,$);
#656=IFCDIRECTION((0.,0.,1.));
#657=IFCEXTRUDEDAREASOLID(#653,#655,#656,2.7);
#658=IFCSHAPEREPRESENTATION(#12,'Body','SweptSolid',(#657));
#659=IFCPRODUCTDEFINITIONSHAPE($,$,(#658));
#660=IFCWALL('3dfIm_qzATdlMiISl1Anix',#5,'Wall 5',$,$,#650,#659,$,.STANDARD.);
#661=IFCCARTESIANPOINT((5.485,4.977,0.));
#662=IFCDIRECTION((0.,0.,1.));
#663=IFCDIRECTION((1.,0.,0.));
#664=IFCAXIS2PLACEMENT3D(#661,#662,#663);
#665=IFCLOCALPLACEMENT(#26,#664);
#666=IFCCARTESIANPOINT((2.02,0.));
#667=IFCAXIS2PLACEMENT2D(#666,$);
#668=IFCRECTANGLEPROFILEDEF(.AREA.,$,#667,4.04,0.21);
#669=IFCCARTESIANPOINT((0.,0.,0.));
#670=IFCAXIS2PLACEMENT3D(#669,$,$);
#671=IFCDIRECTION((0.,0.,1.));
#672=IFCEXTRUDEDAREASOLID(#668,#670,#671,2.2);
#673=IFCSHAPEREPRESENTATION(#12,'Body','SweptSolid',(#672));
#674=IFCPRODUCTDEFINITIONSHAPE($,$,(#673));
#675=IFCOPENINGELEMENT('3dMwY0pmA7zOhNf28tdaqR',#5,'Opening (door)',$,$,#665,#674,$,.OPENING.);
#676=IFCRELVOIDSELEMENT('2QOSMIzw3$BdkgdwHDwd8x',#5,$,$,#660,#675);
#677=IFCCARTESIANPOINT((5.485,4.977,0.));
#678=IFCDIRECTION((0.,0.,1.));
#679=IFCDIRECTION((1.,0.,0.));
#680=IFCAXIS2PLACEMENT3D(#677,#678,#679);
#681=IFCLOCALPLACEMENT(#26,#680);
#682=IFCCARTESIANPOINT((0.0275,0.));
#683=IFCAXIS2PLACEMENT2D(#682,$);
#684=IFCRECTANGLEPROFILEDEF(.AREA.,$,#683,0.055,0.08);
#685=IFCCARTESIANPOINT((0.,0.,0.));
#686=IFCAXIS2PLACEMENT3D(#685,$,$);
#687=IFCDIRECTION((0.,0.,1.));
#688=IFCEXTRUDEDAREASOLID(#684,#686,#687,2.2);
#689=IFCCARTESIANPOINT((4.0125,0.));
#690=IFCAXIS2PLACEMENT2D(#689,$);
#691=IFCRECTANGLEPROFILEDEF(.AREA.,$,#690,0.055,0.08);
#692=IFCCARTESIANPOINT((0.,0.,0.));
#693=IFCAXIS2PLACEMENT3D(#692,$,$);
#694=IFCDIRECTION((0.,0.,1.));
#695=IFCEXTRUDEDAREASOLID(#691,#693,#694,2.2);
#696=IFCCARTESIANPOINT((2.02,0.));
#697=IFCAXIS2PLACEMENT2D(#696,$);
#698=IFCRECTANGLEPROFILEDEF(.AREA.,$,#697,3.93,0.08);
#699=IFCCARTESIANPOINT((0.,0.,2.145));
#700=IFCAXIS2PLACEMENT3D(#699,$,$);
#701=IFCDIRECTION((0.,0.,1.));
#702=IFCEXTRUDEDAREASOLID(#698,#700,#701,0.055);
#703=IFCCARTESIANPOINT((2.02,0.));
#704=IFCAXIS2PLACEMENT2D(#703,$);
#705=IFCRECTANGLEPROFILEDEF(.AREA.,$,#704,3.93,0.06);
#706=IFCCARTESIANPOINT((0.,0.,0.));
#707=IFCAXIS2PLACEMENT3D(#706,$,$);
#708=IFCDIRECTION((0.,0.,1.));
#709=IFCEXTRUDEDAREASOLID(#705,#707,#708,2.145);
#710=IFCSTYLEDITEM(#688,(#109),$);
#711=IFCSTYLEDITEM(#695,(#109),$);
#712=IFCSTYLEDITEM(#702,(#109),$);
#713=IFCSTYLEDITEM(#709,(#262),$);
#714=IFCSHAPEREPRESENTATION(#12,'Body','SweptSolid',(#688,#695,#702,#709));
#715=IFCPRODUCTDEFINITIONSHAPE($,$,(#714));
#716=IFCDOOR('33vfkXcRdxkpswvcZxw0Xv',#5,'Door 3','Clear glass leaf',$,#681,#715,$,2.2,4.04,.DOOR.,.DOUBLE_DOOR_SLIDING.,$);
#717=IFCRELFILLSELEMENT('3HnUBXJPoaC1YQpfVQNJMc',#5,$,$,#675,#716);
#718=IFCCARTESIANPOINT((4.66,3.75,0.));
#719=IFCDIRECTION((0.,0.,1.));
#720=IFCDIRECTION((0.001404,0.999999,0.));
#721=IFCAXIS2PLACEMENT3D(#718,#719,#720);
#722=IFCLOCALPLACEMENT(#26,#721);
#723=IFCCARTESIANPOINT((4.985005,0.));
#724=IFCAXIS2PLACEMENT2D(#723,$);
#725=IFCRECTANGLEPROFILEDEF(.AREA.,$,#724,9.97001,0.1);
#726=IFCCARTESIANPOINT((0.,0.,0.));
#727=IFCAXIS2PLACEMENT3D(#726,$,$);
#728=IFCDIRECTION((0.,0.,1.));
#729=IFCEXTRUDEDAREASOLID(#725,#727,#728,2.7);
#730=IFCSHAPEREPRESENTATION(#12,'Body','SweptSolid',(#729));
#731=IFCPRODUCTDEFINITIONSHAPE($,$,(#730));
#732=IFCWALL('3r$7c7IACOZQFfsrnfkNWG',#5,'Wall 6',$,$,#722,#731,$,.STANDARD.);
#733=IFCCARTESIANPOINT((4.665111,7.389996,0.));
#734=IFCDIRECTION((0.,0.,1.));
#735=IFCDIRECTION((0.001404,0.999999,0.));
#736=IFCAXIS2PLACEMENT3D(#733,#734,#735);
#737=IFCLOCALPLACEMENT(#26,#736);
#738=IFCCARTESIANPOINT((0.425,0.));
#739=IFCAXIS2PLACEMENT2D(#738,$);
#740=IFCRECTANGLEPROFILEDEF(.AREA.,$,#739,0.85,0.16);
#741=IFCCARTESIANPOINT((0.,0.,0.));
#742=IFCAXIS2PLACEMENT3D(#741,$,$);
#743=IFCDIRECTION((0.,0.,1.));
#744=IFCEXTRUDEDAREASOLID(#740,#742,#743,2.2);
#745=IFCSHAPEREPRESENTATION(#12,'Body','SweptSolid',(#744));
#746=IFCPRODUCTDEFINITIONSHAPE($,$,(#745));
#747=IFCOPENINGELEMENT('1apceWpCYw9klSzV96PbH_',#5,'Opening (door)',$,$,#737,#746,$,.OPENING.);
#748=IFCRELVOIDSELEMENT('0KS$xAmdUT67Tj5WnhGYk3',#5,$,$,#732,#747);
#749=IFCCARTESIANPOINT((4.665111,7.389996,0.));
#750=IFCDIRECTION((0.,0.,1.));
#751=IFCDIRECTION((0.001404,0.999999,0.));
#752=IFCAXIS2PLACEMENT3D(#749,#750,#751);
#753=IFCLOCALPLACEMENT(#26,#752);
#754=IFCCARTESIANPOINT((0.0275,0.));
#755=IFCAXIS2PLACEMENT2D(#754,$);
#756=IFCRECTANGLEPROFILEDEF(.AREA.,$,#755,0.055,0.08);
#757=IFCCARTESIANPOINT((0.,0.,0.));
#758=IFCAXIS2PLACEMENT3D(#757,$,$);
#759=IFCDIRECTION((0.,0.,1.));
#760=IFCEXTRUDEDAREASOLID(#756,#758,#759,2.2);
#761=IFCCARTESIANPOINT((0.8225,0.));
#762=IFCAXIS2PLACEMENT2D(#761,$);
#763=IFCRECTANGLEPROFILEDEF(.AREA.,$,#762,0.055,0.08);
#764=IFCCARTESIANPOINT((0.,0.,0.));
#765=IFCAXIS2PLACEMENT3D(#764,$,$);
#766=IFCDIRECTION((0.,0.,1.));
#767=IFCEXTRUDEDAREASOLID(#763,#765,#766,2.2);
#768=IFCCARTESIANPOINT((0.425,0.));
#769=IFCAXIS2PLACEMENT2D(#768,$);
#770=IFCRECTANGLEPROFILEDEF(.AREA.,$,#769,0.74,0.08);
#771=IFCCARTESIANPOINT((0.,0.,2.145));
#772=IFCAXIS2PLACEMENT3D(#771,$,$);
#773=IFCDIRECTION((0.,0.,1.));
#774=IFCEXTRUDEDAREASOLID(#770,#772,#773,0.055);
#775=IFCCARTESIANPOINT((0.425,0.));
#776=IFCAXIS2PLACEMENT2D(#775,$);
#777=IFCRECTANGLEPROFILEDEF(.AREA.,$,#776,0.74,0.04);
#778=IFCCARTESIANPOINT((0.,0.,0.));
#779=IFCAXIS2PLACEMENT3D(#778,$,$);
#780=IFCDIRECTION((0.,0.,1.));
#781=IFCEXTRUDEDAREASOLID(#777,#779,#780,2.145);
#782=IFCSTYLEDITEM(#760,(#109),$);
#783=IFCSTYLEDITEM(#767,(#109),$);
#784=IFCSTYLEDITEM(#774,(#109),$);
#785=IFCSTYLEDITEM(#781,(#115),$);
#786=IFCSHAPEREPRESENTATION(#12,'Body','SweptSolid',(#760,#767,#774,#781));
#787=IFCPRODUCTDEFINITIONSHAPE($,$,(#786));
#788=IFCDOOR('1kQd699KEluneI3Rrz64Tf',#5,'Door 4',$,$,#753,#787,$,2.2,0.85,.DOOR.,.SINGLE_SWING_RIGHT.,$);
#789=IFCRELFILLSELEMENT('2MZSb06tfkOdkQ1OW4ktyL',#5,$,$,#747,#788);
#790=IFCCARTESIANPOINT((0.005,8.402,0.));
#791=IFCDIRECTION((0.,0.,1.));
#792=IFCDIRECTION((1.,0.,0.));
#793=IFCAXIS2PLACEMENT3D(#790,#791,#792);
#794=IFCLOCALPLACEMENT(#26,#793);
#795=IFCCARTESIANPOINT((2.3575,0.));
#796=IFCAXIS2PLACEMENT2D(#795,$);
#797=IFCRECTANGLEPROFILEDEF(.AREA.,$,#796,4.715,0.1);
#798=IFCCARTESIANPOINT((0.,0.,0.));
#799=IFCAXIS2PLACEMENT3D(#798,$,$);
#800=IFCDIRECTION((0.,0.,1.));
#801=IFCEXTRUDEDAREASOLID(#797,#799,#800,2.7);
#802=IFCSHAPEREPRESENTATION(#12,'Body','SweptSolid',(#801));
#803=IFCPRODUCTDEFINITIONSHAPE($,$,(#802));
#804=IFCWALL('0rgkY9pJ1RJrDvWP_rgs5B',#5,'Wall 7',$,$,#794,#803,$,.STANDARD.);
#805=IFCCARTESIANPOINT((1.6755,8.402,0.));
#806=IFCDIRECTION((0.,0.,1.));
#807=IFCDIRECTION((1.,0.,0.));
#808=IFCAXIS2PLACEMENT3D(#805,#806,#807);
#809=IFCLOCALPLACEMENT(#26,#808);
#810=IFCCARTESIANPOINT((0.6025,0.));
#811=IFCAXIS2PLACEMENT2D(#810,$);
#812=IFCRECTANGLEPROFILEDEF(.AREA.,$,#811,1.205,0.16);
#813=IFCCARTESIANPOINT((0.,0.,0.));
#814=IFCAXIS2PLACEMENT3D(#813,$,$);
#815=IFCDIRECTION((0.,0.,1.));
#816=IFCEXTRUDEDAREASOLID(#812,#814,#815,2.2);
#817=IFCSHAPEREPRESENTATION(#12,'Body','SweptSolid',(#816));
#818=IFCPRODUCTDEFINITIONSHAPE($,$,(#817));
#819=IFCOPENINGELEMENT('2wIMB3H9svVqxrN8iY2ydV',#5,'Opening (opening)',$,$,#809,#818,$,.OPENING.);
#820=IFCRELVOIDSELEMENT('3Aq6dHD$vnJUe9RQxcpKik',#5,$,$,#804,#819);
#821=IFCCARTESIANPOINT((0.005,10.802,0.));
#822=IFCDIRECTION((0.,0.,1.));
#823=IFCDIRECTION((1.,0.,0.));
#824=IFCAXIS2PLACEMENT3D(#821,#822,#823);
#825=IFCLOCALPLACEMENT(#26,#824);
#826=IFCCARTESIANPOINT((2.3575,0.));
#827=IFCAXIS2PLACEMENT2D(#826,$);
#828=IFCRECTANGLEPROFILEDEF(.AREA.,$,#827,4.715,0.1);
#829=IFCCARTESIANPOINT((0.,0.,0.));
#830=IFCAXIS2PLACEMENT3D(#829,$,$);
#831=IFCDIRECTION((0.,0.,1.));
#832=IFCEXTRUDEDAREASOLID(#828,#830,#831,2.7);
#833=IFCSHAPEREPRESENTATION(#12,'Body','SweptSolid',(#832));
#834=IFCPRODUCTDEFINITIONSHAPE($,$,(#833));
#835=IFCWALL('2A4vmV3bEx3hzbJStgAh1D',#5,'Wall 8',$,$,#825,#834,$,.STANDARD.);
#836=IFCCARTESIANPOINT((1.845,10.802,0.));
#837=IFCDIRECTION((0.,0.,1.));
#838=IFCDIRECTION((1.,0.,0.));
#839=IFCAXIS2PLACEMENT3D(#836,#837,#838);
#840=IFCLOCALPLACEMENT(#26,#839);
#841=IFCCARTESIANPOINT((0.42,0.));
#842=IFCAXIS2PLACEMENT2D(#841,$);
#843=IFCRECTANGLEPROFILEDEF(.AREA.,$,#842,0.84,0.16);
#844=IFCCARTESIANPOINT((0.,0.,0.));
#845=IFCAXIS2PLACEMENT3D(#844,$,$);
#846=IFCDIRECTION((0.,0.,1.));
#847=IFCEXTRUDEDAREASOLID(#843,#845,#846,2.2);
#848=IFCSHAPEREPRESENTATION(#12,'Body','SweptSolid',(#847));
#849=IFCPRODUCTDEFINITIONSHAPE($,$,(#848));
#850=IFCOPENINGELEMENT('3ko1FhN$tzsjJo8GYKqib0',#5,'Opening (door)',$,$,#840,#849,$,.OPENING.);
#851=IFCRELVOIDSELEMENT('2Kna7TzQRjmVBtiXBrIp8V',#5,$,$,#835,#850);
#852=IFCCARTESIANPOINT((1.845,10.802,0.));
#853=IFCDIRECTION((0.,0.,1.));
#854=IFCDIRECTION((1.,0.,0.));
#855=IFCAXIS2PLACEMENT3D(#852,#853,#854);
#856=IFCLOCALPLACEMENT(#26,#855);
#857=IFCCARTESIANPOINT((0.0275,0.));
#858=IFCAXIS2PLACEMENT2D(#857,$);
#859=IFCRECTANGLEPROFILEDEF(.AREA.,$,#858,0.055,0.08);
#860=IFCCARTESIANPOINT((0.,0.,0.));
#861=IFCAXIS2PLACEMENT3D(#860,$,$);
#862=IFCDIRECTION((0.,0.,1.));
#863=IFCEXTRUDEDAREASOLID(#859,#861,#862,2.2);
#864=IFCCARTESIANPOINT((0.8125,0.));
#865=IFCAXIS2PLACEMENT2D(#864,$);
#866=IFCRECTANGLEPROFILEDEF(.AREA.,$,#865,0.055,0.08);
#867=IFCCARTESIANPOINT((0.,0.,0.));
#868=IFCAXIS2PLACEMENT3D(#867,$,$);
#869=IFCDIRECTION((0.,0.,1.));
#870=IFCEXTRUDEDAREASOLID(#866,#868,#869,2.2);
#871=IFCCARTESIANPOINT((0.42,0.));
#872=IFCAXIS2PLACEMENT2D(#871,$);
#873=IFCRECTANGLEPROFILEDEF(.AREA.,$,#872,0.73,0.08);
#874=IFCCARTESIANPOINT((0.,0.,2.145));
#875=IFCAXIS2PLACEMENT3D(#874,$,$);
#876=IFCDIRECTION((0.,0.,1.));
#877=IFCEXTRUDEDAREASOLID(#873,#875,#876,0.055);
#878=IFCCARTESIANPOINT((0.42,0.));
#879=IFCAXIS2PLACEMENT2D(#878,$);
#880=IFCRECTANGLEPROFILEDEF(.AREA.,$,#879,0.73,0.04);
#881=IFCCARTESIANPOINT((0.,0.,0.));
#882=IFCAXIS2PLACEMENT3D(#881,$,$);
#883=IFCDIRECTION((0.,0.,1.));
#884=IFCEXTRUDEDAREASOLID(#880,#882,#883,2.145);
#885=IFCSTYLEDITEM(#863,(#109),$);
#886=IFCSTYLEDITEM(#870,(#109),$);
#887=IFCSTYLEDITEM(#877,(#109),$);
#888=IFCSTYLEDITEM(#884,(#115),$);
#889=IFCSHAPEREPRESENTATION(#12,'Body','SweptSolid',(#863,#870,#877,#884));
#890=IFCPRODUCTDEFINITIONSHAPE($,$,(#889));
#891=IFCDOOR('0WE6Xvbh69CF6HzelRyGrE',#5,'Door 5',$,$,#856,#890,$,2.2,0.84,.DOOR.,.SINGLE_SWING_LEFT.,$);
#892=IFCRELFILLSELEMENT('3t7jEHyzvKyNKK34$iwxJT',#5,$,$,#850,#891);
#893=IFCCARTESIANPOINT((0.005,13.202,0.));
#894=IFCDIRECTION((0.,0.,1.));
#895=IFCDIRECTION((1.,0.,0.));
#896=IFCAXIS2PLACEMENT3D(#893,#894,#895);
#897=IFCLOCALPLACEMENT(#26,#896);
#898=IFCCARTESIANPOINT((2.3575,0.));
#899=IFCAXIS2PLACEMENT2D(#898,$);
#900=IFCRECTANGLEPROFILEDEF(.AREA.,$,#899,4.715,0.1);
#901=IFCCARTESIANPOINT((0.,0.,0.));
#902=IFCAXIS2PLACEMENT3D(#901,$,$);
#903=IFCDIRECTION((0.,0.,1.));
#904=IFCEXTRUDEDAREASOLID(#900,#902,#903,2.7);
#905=IFCSHAPEREPRESENTATION(#12,'Body','SweptSolid',(#904));
#906=IFCPRODUCTDEFINITIONSHAPE($,$,(#905));
#907=IFCWALL('1izFN02J3xuUYNVOptZc1h',#5,'Wall 9',$,$,#897,#906,$,.STANDARD.);
#908=IFCCARTESIANPOINT((0.005,15.202,0.));
#909=IFCDIRECTION((0.,0.,1.));
#910=IFCDIRECTION((1.,0.,0.));
#911=IFCAXIS2PLACEMENT3D(#908,#909,#910);
#912=IFCLOCALPLACEMENT(#26,#911);
#913=IFCCARTESIANPOINT((2.3575,0.));
#914=IFCAXIS2PLACEMENT2D(#913,$);
#915=IFCRECTANGLEPROFILEDEF(.AREA.,$,#914,4.715,0.1);
#916=IFCCARTESIANPOINT((0.,0.,0.));
#917=IFCAXIS2PLACEMENT3D(#916,$,$);
#918=IFCDIRECTION((0.,0.,1.));
#919=IFCEXTRUDEDAREASOLID(#915,#917,#918,2.7);
#920=IFCSHAPEREPRESENTATION(#12,'Body','SweptSolid',(#919));
#921=IFCPRODUCTDEFINITIONSHAPE($,$,(#920));
#922=IFCWALL('0UeC0gWop7YAov43CKQ6Cc',#5,'Wall 10',$,$,#912,#921,$,.STANDARD.);
#923=IFCCARTESIANPOINT((3.5505,15.202,0.));
#924=IFCDIRECTION((0.,0.,1.));
#925=IFCDIRECTION((1.,0.,0.));
#926=IFCAXIS2PLACEMENT3D(#923,#924,#925);
#927=IFCLOCALPLACEMENT(#26,#926);
#928=IFCCARTESIANPOINT((0.3875,0.));
#929=IFCAXIS2PLACEMENT2D(#928,$);
#930=IFCRECTANGLEPROFILEDEF(.AREA.,$,#929,0.775,0.16);
#931=IFCCARTESIANPOINT((0.,0.,0.));
#932=IFCAXIS2PLACEMENT3D(#931,$,$);
#933=IFCDIRECTION((0.,0.,1.));
#934=IFCEXTRUDEDAREASOLID(#930,#932,#933,2.2);
#935=IFCSHAPEREPRESENTATION(#12,'Body','SweptSolid',(#934));
#936=IFCPRODUCTDEFINITIONSHAPE($,$,(#935));
#937=IFCOPENINGELEMENT('2Ab5pZfttRmJytQVUsaOEj',#5,'Opening (door)',$,$,#927,#936,$,.OPENING.);
#938=IFCRELVOIDSELEMENT('18IMmalpLLeDZWNV7um1Zb',#5,$,$,#922,#937);
#939=IFCCARTESIANPOINT((3.5505,15.202,0.));
#940=IFCDIRECTION((0.,0.,1.));
#941=IFCDIRECTION((1.,0.,0.));
#942=IFCAXIS2PLACEMENT3D(#939,#940,#941);
#943=IFCLOCALPLACEMENT(#26,#942);
#944=IFCCARTESIANPOINT((0.0275,0.));
#945=IFCAXIS2PLACEMENT2D(#944,$);
#946=IFCRECTANGLEPROFILEDEF(.AREA.,$,#945,0.055,0.08);
#947=IFCCARTESIANPOINT((0.,0.,0.));
#948=IFCAXIS2PLACEMENT3D(#947,$,$);
#949=IFCDIRECTION((0.,0.,1.));
#950=IFCEXTRUDEDAREASOLID(#946,#948,#949,2.2);
#951=IFCCARTESIANPOINT((0.7475,0.));
#952=IFCAXIS2PLACEMENT2D(#951,$);
#953=IFCRECTANGLEPROFILEDEF(.AREA.,$,#952,0.055,0.08);
#954=IFCCARTESIANPOINT((0.,0.,0.));
#955=IFCAXIS2PLACEMENT3D(#954,$,$);
#956=IFCDIRECTION((0.,0.,1.));
#957=IFCEXTRUDEDAREASOLID(#953,#955,#956,2.2);
#958=IFCCARTESIANPOINT((0.3875,0.));
#959=IFCAXIS2PLACEMENT2D(#958,$);
#960=IFCRECTANGLEPROFILEDEF(.AREA.,$,#959,0.665,0.08);
#961=IFCCARTESIANPOINT((0.,0.,2.145));
#962=IFCAXIS2PLACEMENT3D(#961,$,$);
#963=IFCDIRECTION((0.,0.,1.));
#964=IFCEXTRUDEDAREASOLID(#960,#962,#963,0.055);
#965=IFCCARTESIANPOINT((0.3875,0.));
#966=IFCAXIS2PLACEMENT2D(#965,$);
#967=IFCRECTANGLEPROFILEDEF(.AREA.,$,#966,0.665,0.04);
#968=IFCCARTESIANPOINT((0.,0.,0.));
#969=IFCAXIS2PLACEMENT3D(#968,$,$);
#970=IFCDIRECTION((0.,0.,1.));
#971=IFCEXTRUDEDAREASOLID(#967,#969,#970,2.145);
#972=IFCSTYLEDITEM(#950,(#109),$);
#973=IFCSTYLEDITEM(#957,(#109),$);
#974=IFCSTYLEDITEM(#964,(#109),$);
#975=IFCSTYLEDITEM(#971,(#115),$);
#976=IFCSHAPEREPRESENTATION(#12,'Body','SweptSolid',(#950,#957,#964,#971));
#977=IFCPRODUCTDEFINITIONSHAPE($,$,(#976));
#978=IFCDOOR('39kuILoDmDV0mZckVCDUE0',#5,'Door 6',$,$,#943,#977,$,2.2,0.775,.DOOR.,.SINGLE_SWING_RIGHT.,$);
#979=IFCRELFILLSELEMENT('0W2IhzuzfbrYuwBzlia1gL',#5,$,$,#937,#978);
#980=IFCCARTESIANPOINT((3.247,13.155,0.));
#981=IFCDIRECTION((0.,0.,1.));
#982=IFCDIRECTION((0.,1.,0.));
#983=IFCAXIS2PLACEMENT3D(#980,#981,#982);
#984=IFCLOCALPLACEMENT(#26,#983);
#985=IFCCARTESIANPOINT((1.0475,0.));
#986=IFCAXIS2PLACEMENT2D(#985,$);
#987=IFCRECTANGLEPROFILEDEF(.AREA.,$,#986,2.095,0.098);
#988=IFCCARTESIANPOINT((0.,0.,0.));
#989=IFCAXIS2PLACEMENT3D(#988,$,$);
#990=IFCDIRECTION((0.,0.,1.));
#991=IFCEXTRUDEDAREASOLID(#987,#989,#990,2.7);
#992=IFCSHAPEREPRESENTATION(#12,'Body','SweptSolid',(#991));
#993=IFCPRODUCTDEFINITIONSHAPE($,$,(#992));
#994=IFCWALL('0_FxBkju28whLbRtvB9EAa',#5,'Wall 11',$,$,#984,#993,$,.STANDARD.);
#995=IFCCARTESIANPOINT((3.247,14.1155,0.));
#996=IFCDIRECTION((0.,0.,1.));
#997=IFCDIRECTION((0.,1.,0.));
#998=IFCAXIS2PLACEMENT3D(#995,#996,#997);
#999=IFCLOCALPLACEMENT(#26,#998);
#1000=IFCCARTESIANPOINT((0.4125,0.));
#1001=IFCAXIS2PLACEMENT2D(#1000,$);
#1002=IFCRECTANGLEPROFILEDEF(.AREA.,$,#1001,0.825,0.158);
#1003=IFCCARTESIANPOINT((0.,0.,0.));
#1004=IFCAXIS2PLACEMENT3D(#1003,$,$);
#1005=IFCDIRECTION((0.,0.,1.));
#1006=IFCEXTRUDEDAREASOLID(#1002,#1004,#1005,2.2);
#1007=IFCSHAPEREPRESENTATION(#12,'Body','SweptSolid',(#1006));
#1008=IFCPRODUCTDEFINITIONSHAPE($,$,(#1007));
#1009=IFCOPENINGELEMENT('059xn45UGJOHTUY9V0BZ7q',#5,'Opening (door)',$,$,#999,#1008,$,.OPENING.);
#1010=IFCRELVOIDSELEMENT('0QKV1M3QS0mI$l5crIRGao',#5,$,$,#994,#1009);
#1011=IFCCARTESIANPOINT((3.247,14.1155,0.));
#1012=IFCDIRECTION((0.,0.,1.));
#1013=IFCDIRECTION((0.,1.,0.));
#1014=IFCAXIS2PLACEMENT3D(#1011,#1012,#1013);
#1015=IFCLOCALPLACEMENT(#26,#1014);
#1016=IFCCARTESIANPOINT((0.0275,0.));
#1017=IFCAXIS2PLACEMENT2D(#1016,$);
#1018=IFCRECTANGLEPROFILEDEF(.AREA.,$,#1017,0.055,0.08);
#1019=IFCCARTESIANPOINT((0.,0.,0.));
#1020=IFCAXIS2PLACEMENT3D(#1019,$,$);
#1021=IFCDIRECTION((0.,0.,1.));
#1022=IFCEXTRUDEDAREASOLID(#1018,#1020,#1021,2.2);
#1023=IFCCARTESIANPOINT((0.7975,0.));
#1024=IFCAXIS2PLACEMENT2D(#1023,$);
#1025=IFCRECTANGLEPROFILEDEF(.AREA.,$,#1024,0.055,0.08);
#1026=IFCCARTESIANPOINT((0.,0.,0.));
#1027=IFCAXIS2PLACEMENT3D(#1026,$,$);
#1028=IFCDIRECTION((0.,0.,1.));
#1029=IFCEXTRUDEDAREASOLID(#1025,#1027,#1028,2.2);
#1030=IFCCARTESIANPOINT((0.4125,0.));
#1031=IFCAXIS2PLACEMENT2D(#1030,$);
#1032=IFCRECTANGLEPROFILEDEF(.AREA.,$,#1031,0.715,0.08);
#1033=IFCCARTESIANPOINT((0.,0.,2.145));
#1034=IFCAXIS2PLACEMENT3D(#1033,$,$);
#1035=IFCDIRECTION((0.,0.,1.));
#1036=IFCEXTRUDEDAREASOLID(#1032,#1034,#1035,0.055);
#1037=IFCCARTESIANPOINT((0.4125,0.));
#1038=IFCAXIS2PLACEMENT2D(#1037,$);
#1039=IFCRECTANGLEPROFILEDEF(.AREA.,$,#1038,0.715,0.0392);
#1040=IFCCARTESIANPOINT((0.,0.,0.));
#1041=IFCAXIS2PLACEMENT3D(#1040,$,$);
#1042=IFCDIRECTION((0.,0.,1.));
#1043=IFCEXTRUDEDAREASOLID(#1039,#1041,#1042,2.145);
#1044=IFCSTYLEDITEM(#1022,(#109),$);
#1045=IFCSTYLEDITEM(#1029,(#109),$);
#1046=IFCSTYLEDITEM(#1036,(#109),$);
#1047=IFCSTYLEDITEM(#1043,(#115),$);
#1048=IFCSHAPEREPRESENTATION(#12,'Body','SweptSolid',(#1022,#1029,#1036,#1043));
#1049=IFCPRODUCTDEFINITIONSHAPE($,$,(#1048));
#1050=IFCDOOR('2IqP_8Sq1K0XwpyifG6Gn4',#5,'Door 7',$,$,#1015,#1049,$,2.2,0.825,.DOOR.,.SINGLE_SWING_RIGHT.,$);
#1051=IFCRELFILLSELEMENT('0bA56cHShyTZx8mNW7WjqX',#5,$,$,#1009,#1050);
#1052=IFCCARTESIANPOINT((4.674,15.155,0.));
#1053=IFCDIRECTION((0.,0.,1.));
#1054=IFCDIRECTION((0.,1.,0.));
#1055=IFCAXIS2PLACEMENT3D(#1052,#1053,#1054);
#1056=IFCLOCALPLACEMENT(#26,#1055);
#1057=IFCCARTESIANPOINT((0.9525,0.));
#1058=IFCAXIS2PLACEMENT2D(#1057,$);
#1059=IFCRECTANGLEPROFILEDEF(.AREA.,$,#1058,1.905,0.1);
#1060=IFCCARTESIANPOINT((0.,0.,0.));
#1061=IFCAXIS2PLACEMENT3D(#1060,$,$);
#1062=IFCDIRECTION((0.,0.,1.));
#1063=IFCEXTRUDEDAREASOLID(#1059,#1061,#1062,2.7);
#1064=IFCSHAPEREPRESENTATION(#12,'Body','SweptSolid',(#1063));
#1065=IFCPRODUCTDEFINITIONSHAPE($,$,(#1064));
#1066=IFCWALL('3JlgujRwo43Upru1lLz86N',#5,'Wall 12',$,$,#1056,#1065,$,.STANDARD.);
#1067=IFCCARTESIANPOINT((4.285,17.012,0.));
#1068=IFCDIRECTION((0.,0.,1.));
#1069=IFCDIRECTION((1.,0.,0.));
#1070=IFCAXIS2PLACEMENT3D(#1067,#1068,#1069);
#1071=IFCLOCALPLACEMENT(#26,#1070);
#1072=IFCCARTESIANPOINT((0.2175,0.));
#1073=IFCAXIS2PLACEMENT2D(#1072,$);
#1074=IFCRECTANGLEPROFILEDEF(.AREA.,$,#1073,0.435,0.1);
#1075=IFCCARTESIANPOINT((0.,0.,0.));
#1076=IFCAXIS2PLACEMENT3D(#1075,$,$);
#1077=IFCDIRECTION((0.,0.,1.));
#1078=IFCEXTRUDEDAREASOLID(#1074,#1076,#1077,2.7);
#1079=IFCSHAPEREPRESENTATION(#12,'Body','SweptSolid',(#1078));
#1080=IFCPRODUCTDEFINITIONSHAPE($,$,(#1079));
#1081=IFCWALL('2bHKDxSNmRY6sRePeh_pCW',#5,'Wall 13',$,$,#1071,#1080,$,.STANDARD.);
#1082=IFCCARTESIANPOINT((4.331,16.965,0.));
#1083=IFCDIRECTION((0.,0.,1.));
#1084=IFCDIRECTION((0.,1.,0.));
#1085=IFCAXIS2PLACEMENT3D(#1082,#1083,#1084);
#1086=IFCLOCALPLACEMENT(#26,#1085);
#1087=IFCCARTESIANPOINT((1.3175,0.));
#1088=IFCAXIS2PLACEMENT2D(#1087,$);
#1089=IFCRECTANGLEPROFILEDEF(.AREA.,$,#1088,2.635,0.1);
#1090=IFCCARTESIANPOINT((0.,0.,0.));
#1091=IFCAXIS2PLACEMENT3D(#1090,$,$);
#1092=IFCDIRECTION((0.,0.,1.));
#1093=IFCEXTRUDEDAREASOLID(#1089,#1091,#1092,2.7);
#1094=IFCSHAPEREPRESENTATION(#12,'Body','SweptSolid',(#1093));
#1095=IFCPRODUCTDEFINITIONSHAPE($,$,(#1094));
#1096=IFCWALL('3ou4XmzttXWuTUQHtMV6Km',#5,'Wall 14',$,$,#1086,#1095,$,.STANDARD.);
#1097=IFCCARTESIANPOINT((6.474,12.895,0.));
#1098=IFCDIRECTION((0.,0.,1.));
#1099=IFCDIRECTION((0.,1.,0.));
#1100=IFCAXIS2PLACEMENT3D(#1097,#1098,#1099);
#1101=IFCLOCALPLACEMENT(#26,#1100);
#1102=IFCCARTESIANPOINT((3.3525,0.));
#1103=IFCAXIS2PLACEMENT2D(#1102,$);
#1104=IFCRECTANGLEPROFILEDEF(.AREA.,$,#1103,6.705,0.1);
#1105=IFCCARTESIANPOINT((0.,0.,0.));
#1106=IFCAXIS2PLACEMENT3D(#1105,$,$);
#1107=IFCDIRECTION((0.,0.,1.));
#1108=IFCEXTRUDEDAREASOLID(#1104,#1106,#1107,2.7);
#1109=IFCSHAPEREPRESENTATION(#12,'Body','SweptSolid',(#1108));
#1110=IFCPRODUCTDEFINITIONSHAPE($,$,(#1109));
#1111=IFCWALL('21Q3uyVZjuCCV8bmOKaB2N',#5,'Wall 15',$,$,#1101,#1110,$,.STANDARD.);
#1112=IFCCARTESIANPOINT((6.474,13.94,0.));
#1113=IFCDIRECTION((0.,0.,1.));
#1114=IFCDIRECTION((0.,1.,0.));
#1115=IFCAXIS2PLACEMENT3D(#1112,#1113,#1114);
#1116=IFCLOCALPLACEMENT(#26,#1115);
#1117=IFCCARTESIANPOINT((0.43,0.));
#1118=IFCAXIS2PLACEMENT2D(#1117,$);
#1119=IFCRECTANGLEPROFILEDEF(.AREA.,$,#1118,0.86,0.16);
#1120=IFCCARTESIANPOINT((0.,0.,0.));
#1121=IFCAXIS2PLACEMENT3D(#1120,$,$);
#1122=IFCDIRECTION((0.,0.,1.));
#1123=IFCEXTRUDEDAREASOLID(#1119,#1121,#1122,2.2);
#1124=IFCSHAPEREPRESENTATION(#12,'Body','SweptSolid',(#1123));
#1125=IFCPRODUCTDEFINITIONSHAPE($,$,(#1124));
#1126=IFCOPENINGELEMENT('3bPZG2nJR_1Uj0ChxKDc5V',#5,'Opening (door)',$,$,#1116,#1125,$,.OPENING.);
#1127=IFCRELVOIDSELEMENT('2EhhDXjAsjUCRwCRtia78G',#5,$,$,#1111,#1126);
#1128=IFCCARTESIANPOINT((6.474,13.94,0.));
#1129=IFCDIRECTION((0.,0.,1.));
#1130=IFCDIRECTION((0.,1.,0.));
#1131=IFCAXIS2PLACEMENT3D(#1128,#1129,#1130);
#1132=IFCLOCALPLACEMENT(#26,#1131);
#1133=IFCCARTESIANPOINT((0.0275,0.));
#1134=IFCAXIS2PLACEMENT2D(#1133,$);
#1135=IFCRECTANGLEPROFILEDEF(.AREA.,$,#1134,0.055,0.08);
#1136=IFCCARTESIANPOINT((0.,0.,0.));
#1137=IFCAXIS2PLACEMENT3D(#1136,$,$);
#1138=IFCDIRECTION((0.,0.,1.));
#1139=IFCEXTRUDEDAREASOLID(#1135,#1137,#1138,2.2);
#1140=IFCCARTESIANPOINT((0.8325,0.));
#1141=IFCAXIS2PLACEMENT2D(#1140,$);
#1142=IFCRECTANGLEPROFILEDEF(.AREA.,$,#1141,0.055,0.08);
#1143=IFCCARTESIANPOINT((0.,0.,0.));
#1144=IFCAXIS2PLACEMENT3D(#1143,$,$);
#1145=IFCDIRECTION((0.,0.,1.));
#1146=IFCEXTRUDEDAREASOLID(#1142,#1144,#1145,2.2);
#1147=IFCCARTESIANPOINT((0.43,0.));
#1148=IFCAXIS2PLACEMENT2D(#1147,$);
#1149=IFCRECTANGLEPROFILEDEF(.AREA.,$,#1148,0.75,0.08);
#1150=IFCCARTESIANPOINT((0.,0.,2.145));
#1151=IFCAXIS2PLACEMENT3D(#1150,$,$);
#1152=IFCDIRECTION((0.,0.,1.));
#1153=IFCEXTRUDEDAREASOLID(#1149,#1151,#1152,0.055);
#1154=IFCCARTESIANPOINT((0.43,0.));
#1155=IFCAXIS2PLACEMENT2D(#1154,$);
#1156=IFCRECTANGLEPROFILEDEF(.AREA.,$,#1155,0.75,0.04);
#1157=IFCCARTESIANPOINT((0.,0.,0.));
#1158=IFCAXIS2PLACEMENT3D(#1157,$,$);
#1159=IFCDIRECTION((0.,0.,1.));
#1160=IFCEXTRUDEDAREASOLID(#1156,#1158,#1159,2.145);
#1161=IFCSTYLEDITEM(#1139,(#109),$);
#1162=IFCSTYLEDITEM(#1146,(#109),$);
#1163=IFCSTYLEDITEM(#1153,(#109),$);
#1164=IFCSTYLEDITEM(#1160,(#115),$);
#1165=IFCSHAPEREPRESENTATION(#12,'Body','SweptSolid',(#1139,#1146,#1153,#1160));
#1166=IFCPRODUCTDEFINITIONSHAPE($,$,(#1165));
#1167=IFCDOOR('0Y_i77AjsTGRZDXpK2c74I',#5,'Door 8',$,$,#1132,#1166,$,2.2,0.86,.DOOR.,.SINGLE_SWING_LEFT.,$);
#1168=IFCRELFILLSELEMENT('1J_lCq8ajzt45vaFYWvJbP',#5,$,$,#1126,#1167);
#1169=IFCCARTESIANPOINT((6.474,16.0555,0.));
#1170=IFCDIRECTION((0.,0.,1.));
#1171=IFCDIRECTION((0.,1.,0.));
#1172=IFCAXIS2PLACEMENT3D(#1169,#1170,#1171);
#1173=IFCLOCALPLACEMENT(#26,#1172);
#1174=IFCCARTESIANPOINT((0.4325,0.));
#1175=IFCAXIS2PLACEMENT2D(#1174,$);
#1176=IFCRECTANGLEPROFILEDEF(.AREA.,$,#1175,0.865,0.16);
#1177=IFCCARTESIANPOINT((0.,0.,0.));
#1178=IFCAXIS2PLACEMENT3D(#1177,$,$);
#1179=IFCDIRECTION((0.,0.,1.));
#1180=IFCEXTRUDEDAREASOLID(#1176,#1178,#1179,2.2);
#1181=IFCSHAPEREPRESENTATION(#12,'Body','SweptSolid',(#1180));
#1182=IFCPRODUCTDEFINITIONSHAPE($,$,(#1181));
#1183=IFCOPENINGELEMENT('3m_q_jqAXGZrUoPvwRX5lV',#5,'Opening (door)',$,$,#1173,#1182,$,.OPENING.);
#1184=IFCRELVOIDSELEMENT('1tG8GcyMImnAX0dtfZrFsU',#5,$,$,#1111,#1183);
#1185=IFCCARTESIANPOINT((6.474,16.0555,0.));
#1186=IFCDIRECTION((0.,0.,1.));
#1187=IFCDIRECTION((0.,1.,0.));
#1188=IFCAXIS2PLACEMENT3D(#1185,#1186,#1187);
#1189=IFCLOCALPLACEMENT(#26,#1188);
#1190=IFCCARTESIANPOINT((0.0275,0.));
#1191=IFCAXIS2PLACEMENT2D(#1190,$);
#1192=IFCRECTANGLEPROFILEDEF(.AREA.,$,#1191,0.055,0.08);
#1193=IFCCARTESIANPOINT((0.,0.,0.));
#1194=IFCAXIS2PLACEMENT3D(#1193,$,$);
#1195=IFCDIRECTION((0.,0.,1.));
#1196=IFCEXTRUDEDAREASOLID(#1192,#1194,#1195,2.2);
#1197=IFCCARTESIANPOINT((0.8375,0.));
#1198=IFCAXIS2PLACEMENT2D(#1197,$);
#1199=IFCRECTANGLEPROFILEDEF(.AREA.,$,#1198,0.055,0.08);
#1200=IFCCARTESIANPOINT((0.,0.,0.));
#1201=IFCAXIS2PLACEMENT3D(#1200,$,$);
#1202=IFCDIRECTION((0.,0.,1.));
#1203=IFCEXTRUDEDAREASOLID(#1199,#1201,#1202,2.2);
#1204=IFCCARTESIANPOINT((0.4325,0.));
#1205=IFCAXIS2PLACEMENT2D(#1204,$);
#1206=IFCRECTANGLEPROFILEDEF(.AREA.,$,#1205,0.755,0.08);
#1207=IFCCARTESIANPOINT((0.,0.,2.145));
#1208=IFCAXIS2PLACEMENT3D(#1207,$,$);
#1209=IFCDIRECTION((0.,0.,1.));
#1210=IFCEXTRUDEDAREASOLID(#1206,#1208,#1209,0.055);
#1211=IFCCARTESIANPOINT((0.4325,0.));
#1212=IFCAXIS2PLACEMENT2D(#1211,$);
#1213=IFCRECTANGLEPROFILEDEF(.AREA.,$,#1212,0.755,0.04);
#1214=IFCCARTESIANPOINT((0.,0.,0.));
#1215=IFCAXIS2PLACEMENT3D(#1214,$,$);
#1216=IFCDIRECTION((0.,0.,1.));
#1217=IFCEXTRUDEDAREASOLID(#1213,#1215,#1216,2.145);
#1218=IFCSTYLEDITEM(#1196,(#109),$);
#1219=IFCSTYLEDITEM(#1203,(#109),$);
#1220=IFCSTYLEDITEM(#1210,(#109),$);
#1221=IFCSTYLEDITEM(#1217,(#115),$);
#1222=IFCSHAPEREPRESENTATION(#12,'Body','SweptSolid',(#1196,#1203,#1210,#1217));
#1223=IFCPRODUCTDEFINITIONSHAPE($,$,(#1222));
#1224=IFCDOOR('26RYwUj2qkD5pqeXyyA7dK',#5,'Door 9',$,$,#1189,#1223,$,2.2,0.865,.DOOR.,.SINGLE_SWING_LEFT.,$);
#1225=IFCRELFILLSELEMENT('3i7esE9W7e8rTwQ01Rt0Xy',#5,$,$,#1183,#1224);
#1226=IFCCARTESIANPOINT((6.425,13.752,0.));
#1227=IFCDIRECTION((0.,0.,1.));
#1228=IFCDIRECTION((1.,0.,0.));
#1229=IFCAXIS2PLACEMENT3D(#1226,#1227,#1228);
#1230=IFCLOCALPLACEMENT(#26,#1229);
#1231=IFCCARTESIANPOINT((2.0225,0.));
#1232=IFCAXIS2PLACEMENT2D(#1231,$);
#1233=IFCRECTANGLEPROFILEDEF(.AREA.,$,#1232,4.045,0.1);
#1234=IFCCARTESIANPOINT((0.,0.,0.));
#1235=IFCAXIS2PLACEMENT3D(#1234,$,$);
#1236=IFCDIRECTION((0.,0.,1.));
#1237=IFCEXTRUDEDAREASOLID(#1233,#1235,#1236,2.7);
#1238=IFCSHAPEREPRESENTATION(#12,'Body','SweptSolid',(#1237));
#1239=IFCPRODUCTDEFINITIONSHAPE($,$,(#1238));
#1240=IFCWALL('3kwtIwl96G$Jd8SoRUuBND',#5,'Wall 16',$,$,#1230,#1239,$,.STANDARD.);
#1241=IFCCARTESIANPOINT((6.425,15.852,0.));
#1242=IFCDIRECTION((0.,0.,1.));
#1243=IFCDIRECTION((1.,0.,0.));
#1244=IFCAXIS2PLACEMENT3D(#1241,#1242,#1243);
#1245=IFCLOCALPLACEMENT(#26,#1244);
#1246=IFCCARTESIANPOINT((2.0225,0.));
#1247=IFCAXIS2PLACEMENT2D(#1246,$);
#1248=IFCRECTANGLEPROFILEDEF(.AREA.,$,#1247,4.045,0.1);
#1249=IFCCARTESIANPOINT((0.,0.,0.));
#1250=IFCAXIS2PLACEMENT3D(#1249,$,$);
#1251=IFCDIRECTION((0.,0.,1.));
#1252=IFCEXTRUDEDAREASOLID(#1248,#1250,#1251,2.7);
#1253=IFCSHAPEREPRESENTATION(#12,'Body','SweptSolid',(#1252));
#1254=IFCPRODUCTDEFINITIONSHAPE($,$,(#1253));
#1255=IFCWALL('0cbGL82_8RU3nskfollO15',#5,'Wall 17',$,$,#1245,#1254,$,.STANDARD.);
#1256=IFCCARTESIANPOINT((13.899,14.455,0.));
#1257=IFCDIRECTION((0.,0.,1.));
#1258=IFCDIRECTION((0.,1.,0.));
#1259=IFCAXIS2PLACEMENT3D(#1256,#1257,#1258);
#1260=IFCLOCALPLACEMENT(#26,#1259);
#1261=IFCCARTESIANPOINT((2.5725,0.));
#1262=IFCAXIS2PLACEMENT2D(#1261,$);
#1263=IFCRECTANGLEPROFILEDEF(.AREA.,$,#1262,5.145,0.15);
#1264=IFCCARTESIANPOINT((0.,0.,0.));
#1265=IFCAXIS2PLACEMENT3D(#1264,$,$);
#1266=IFCDIRECTION((0.,0.,1.));
#1267=IFCEXTRUDEDAREASOLID(#1263,#1265,#1266,2.7);
#1268=IFCSHAPEREPRESENTATION(#12,'Body','SweptSolid',(#1267));
#1269=IFCPRODUCTDEFINITIONSHAPE($,$,(#1268));
#1270=IFCWALL('0TPqjYER$JwjK4DjkLq63T',#5,'Wall 18',$,$,#1260,#1269,$,.STANDARD.);
#1271=IFCCARTESIANPOINT((10.325,14.527,0.));
#1272=IFCDIRECTION((0.,0.,1.));
#1273=IFCDIRECTION((1.,0.,0.));
#1274=IFCAXIS2PLACEMENT3D(#1271,#1272,#1273);
#1275=IFCLOCALPLACEMENT(#26,#1274);
#1276=IFCCARTESIANPOINT((1.8225,0.));
#1277=IFCAXIS2PLACEMENT2D(#1276,$);
#1278=IFCRECTANGLEPROFILEDEF(.AREA.,$,#1277,3.645,0.15);
#1279=IFCCARTESIANPOINT((0.,0.,0.));
#1280=IFCAXIS2PLACEMENT3D(#1279,$,$);
#1281=IFCDIRECTION((0.,0.,1.));
#1282=IFCEXTRUDEDAREASOLID(#1278,#1280,#1281,2.7);
#1283=IFCSHAPEREPRESENTATION(#12,'Body','SweptSolid',(#1282));
#1284=IFCPRODUCTDEFINITIONSHAPE($,$,(#1283));
#1285=IFCWALL('0kPsYyJlqIWqlcntFeaBpk',#5,'Wall 19',$,$,#1275,#1284,$,.STANDARD.);
#1286=IFCCARTESIANPOINT((4.6,12.,0.));
#1287=IFCDIRECTION((0.,0.,1.));
#1288=IFCDIRECTION((-1.,0.,0.));
#1289=IFCAXIS2PLACEMENT3D(#1286,#1287,#1288);
#1290=IFCLOCALPLACEMENT(#26,#1289);
#1291=IFCCARTESIANPOINT((0.15,0.));
#1292=IFCAXIS2PLACEMENT2D(#1291,$);
#1293=IFCRECTANGLEPROFILEDEF(.AREA.,$,#1292,0.3,0.03);
#1294=IFCCARTESIANPOINT((0.,0.,0.));
#1295=IFCAXIS2PLACEMENT3D(#1294,$,$);
#1296=IFCDIRECTION((0.,0.,1.));
#1297=IFCEXTRUDEDAREASOLID(#1293,#1295,#1296,2.7);
#1298=IFCSHAPEREPRESENTATION(#12,'Body','SweptSolid',(#1297));
#1299=IFCPRODUCTDEFINITIONSHAPE($,$,(#1298));
#1300=IFCWALL('0PrN7K_8Vr2H9gyXt0mj8C',#5,'Wall 20',$,$,#1290,#1299,$,.STANDARD.);
#1301=IFCSTYLEDITEM(#1297,(#262),$);
#1302=IFCCARTESIANPOINT((4.3,12.,0.));
#1303=IFCDIRECTION((0.,0.,1.));
#1304=IFCDIRECTION((-0.707107,0.707107,0.));
#1305=IFCAXIS2PLACEMENT3D(#1302,#1303,#1304);
#1306=IFCLOCALPLACEMENT(#26,#1305);
#1307=IFCCARTESIANPOINT((0.6,0.));
#1308=IFCAXIS2PLACEMENT2D(#1307,$);
#1309=IFCRECTANGLEPROFILEDEF(.AREA.,$,#1308,1.2,0.03);
#1310=IFCCARTESIANPOINT((0.,0.,0.));
#1311=IFCAXIS2PLACEMENT3D(#1310,$,$);
#1312=IFCDIRECTION((0.,0.,1.));
#1313=IFCEXTRUDEDAREASOLID(#1309,#1311,#1312,2.7);
#1314=IFCSHAPEREPRESENTATION(#12,'Body','SweptSolid',(#1313));
#1315=IFCPRODUCTDEFINITIONSHAPE($,$,(#1314));
#1316=IFCWALL('2LMyjKDzqHvHUPfeSClNhx',#5,'Wall 21',$,$,#1306,#1315,$,.STANDARD.);
#1317=IFCSTYLEDITEM(#1313,(#262),$);
#1318=IFCCARTESIANPOINT((4.186863,12.113137,0.));
#1319=IFCDIRECTION((0.,0.,1.));
#1320=IFCDIRECTION((-0.707107,0.707107,0.));
#1321=IFCAXIS2PLACEMENT3D(#1318,#1319,#1320);
#1322=IFCLOCALPLACEMENT(#26,#1321);
#1323=IFCCARTESIANPOINT((0.45,0.));
#1324=IFCAXIS2PLACEMENT2D(#1323,$);
#1325=IFCRECTANGLEPROFILEDEF(.AREA.,$,#1324,0.9,0.09);
#1326=IFCCARTESIANPOINT((0.,0.,0.));
#1327=IFCAXIS2PLACEMENT3D(#1326,$,$);
#1328=IFCDIRECTION((0.,0.,1.));
#1329=IFCEXTRUDEDAREASOLID(#1325,#1327,#1328,2.1);
#1330=IFCSHAPEREPRESENTATION(#12,'Body','SweptSolid',(#1329));
#1331=IFCPRODUCTDEFINITIONSHAPE($,$,(#1330));
#1332=IFCOPENINGELEMENT('2EBijDCdGynvQE4XG$7c_q',#5,'Opening (door)',$,$,#1322,#1331,$,.OPENING.);
#1333=IFCRELVOIDSELEMENT('1113tPRnqoQkYwQ7OAFykp',#5,$,$,#1316,#1332);
#1334=IFCCARTESIANPOINT((4.186863,12.113137,0.));
#1335=IFCDIRECTION((0.,0.,1.));
#1336=IFCDIRECTION((-0.707107,0.707107,0.));
#1337=IFCAXIS2PLACEMENT3D(#1334,#1335,#1336);
#1338=IFCLOCALPLACEMENT(#26,#1337);
#1339=IFCCARTESIANPOINT((0.0075,0.));
#1340=IFCAXIS2PLACEMENT2D(#1339,$);
#1341=IFCRECTANGLEPROFILEDEF(.AREA.,$,#1340,0.015,0.03);
#1342=IFCCARTESIANPOINT((0.,0.,0.));
#1343=IFCAXIS2PLACEMENT3D(#1342,$,$);
#1344=IFCDIRECTION((0.,0.,1.));
#1345=IFCEXTRUDEDAREASOLID(#1341,#1343,#1344,2.1);
#1346=IFCCARTESIANPOINT((0.8925,0.));
#1347=IFCAXIS2PLACEMENT2D(#1346,$);
#1348=IFCRECTANGLEPROFILEDEF(.AREA.,$,#1347,0.015,0.03);
#1349=IFCCARTESIANPOINT((0.,0.,0.));
#1350=IFCAXIS2PLACEMENT3D(#1349,$,$);
#1351=IFCDIRECTION((0.,0.,1.));
#1352=IFCEXTRUDEDAREASOLID(#1348,#1350,#1351,2.1);
#1353=IFCCARTESIANPOINT((0.45,0.));
#1354=IFCAXIS2PLACEMENT2D(#1353,$);
#1355=IFCRECTANGLEPROFILEDEF(.AREA.,$,#1354,0.87,0.03);
#1356=IFCCARTESIANPOINT((0.,0.,2.085));
#1357=IFCAXIS2PLACEMENT3D(#1356,$,$);
#1358=IFCDIRECTION((0.,0.,1.));
#1359=IFCEXTRUDEDAREASOLID(#1355,#1357,#1358,0.015);
#1360=IFCCARTESIANPOINT((0.45,0.));
#1361=IFCAXIS2PLACEMENT2D(#1360,$);
#1362=IFCRECTANGLEPROFILEDEF(.AREA.,$,#1361,0.87,0.012);
#1363=IFCCARTESIANPOINT((0.,0.,0.));
#1364=IFCAXIS2PLACEMENT3D(#1363,$,$);
#1365=IFCDIRECTION((0.,0.,1.));
#1366=IFCEXTRUDEDAREASOLID(#1362,#1364,#1365,2.085);
#1367=IFCCOLOURRGB($,0.541176,0.584314,0.592157);
#1368=IFCSURFACESTYLESHADING(#1367,0.);
#1369=IFCSURFACESTYLE('Frame',.BOTH.,(#1368));
#1370=IFCSTYLEDITEM(#1345,(#1369),$);
#1371=IFCSTYLEDITEM(#1352,(#1369),$);
#1372=IFCSTYLEDITEM(#1359,(#1369),$);
#1373=IFCSTYLEDITEM(#1366,(#262),$);
#1374=IFCSHAPEREPRESENTATION(#12,'Body','SweptSolid',(#1345,#1352,#1359,#1366));
#1375=IFCPRODUCTDEFINITIONSHAPE($,$,(#1374));
#1376=IFCDOOR('0jSA6vQaAqJrGuO9OTqpaM',#5,'Door 10','Clear glass leaf',$,#1338,#1375,$,2.1,0.9,.DOOR.,.SINGLE_SWING_LEFT.,$);
#1377=IFCRELFILLSELEMENT('0IrU7JZ_X$EoSK7galkOBN',#5,$,$,#1332,#1376);
#1378=IFCCARTESIANPOINT((3.451472,12.848528,0.));
#1379=IFCDIRECTION((0.,0.,1.));
#1380=IFCDIRECTION((0.,1.,0.));
#1381=IFCAXIS2PLACEMENT3D(#1378,#1379,#1380);
#1382=IFCLOCALPLACEMENT(#26,#1381);
#1383=IFCCARTESIANPOINT((0.15,0.));
#1384=IFCAXIS2PLACEMENT2D(#1383,$);
#1385=IFCRECTANGLEPROFILEDEF(.AREA.,$,#1384,0.3,0.03);
#1386=IFCCARTESIANPOINT((0.,0.,0.));
#1387=IFCAXIS2PLACEMENT3D(#1386,$,$);
#1388=IFCDIRECTION((0.,0.,1.));
#1389=IFCEXTRUDEDAREASOLID(#1385,#1387,#1388,2.7);
#1390=IFCSHAPEREPRESENTATION(#12,'Body','SweptSolid',(#1389));
#1391=IFCPRODUCTDEFINITIONSHAPE($,$,(#1390));
#1392=IFCWALL('0jMB$JqGoWX2Z0XcRM6dQs',#5,'Wall 22',$,$,#1382,#1391,$,.STANDARD.);
#1393=IFCSTYLEDITEM(#1389,(#262),$);
#1394=IFCCARTESIANPOINT((0.,0.,-0.2));
#1395=IFCDIRECTION((0.,0.,1.));
#1396=IFCDIRECTION((1.,0.,0.));
#1397=IFCAXIS2PLACEMENT3D(#1394,#1395,#1396);
#1398=IFCLOCALPLACEMENT(#26,#1397);
#1399=IFCCARTESIANPOINT((0.001,3.602));
#1400=IFCCARTESIANPOINT((4.774727,3.602));
#1401=IFCCARTESIANPOINT((4.774727,4.902));
#1402=IFCCARTESIANPOINT((10.475595,4.902));
#1403=IFCCARTESIANPOINT((10.475595,19.602));
#1404=IFCCARTESIANPOINT((0.001,19.602));
#1405=IFCPOLYLINE((#1399,#1400,#1401,#1402,#1403,#1404,#1399));
#1406=IFCARBITRARYCLOSEDPROFILEDEF(.AREA.,$,#1405);
#1407=IFCCARTESIANPOINT((0.,0.,-0.000017));
#1408=IFCDIRECTION((-0.017452,0.,0.999848));
#1409=IFCDIRECTION((0.999848,0.,0.017452));
#1410=IFCAXIS2PLACEMENT3D(#1407,#1408,#1409);
#1411=IFCDIRECTION((0.,0.,1.));
#1412=IFCEXTRUDEDAREASOLID(#1406,#1410,#1411,0.2);
#1413=IFCSHAPEREPRESENTATION(#12,'Body','SweptSolid',(#1412));
#1414=IFCPRODUCTDEFINITIONSHAPE($,$,(#1413));
#1415=IFCSLAB('1USPQE_pQu9nO3_nyGQkLE',#5,'Floor 1',$,$,#1398,#1414,$,.FLOOR.);
#1416=IFCPROPERTYSINGLEVALUE('Material',$,IFCTEXT('tile'),$);
#1417=IFCPROPERTYSINGLEVALUE('TilePattern',$,IFCTEXT('grid'),$);
#1418=IFCPROPERTYSINGLEVALUE('TileWidth',$,IFCTEXT('600 mm'),$);
#1419=IFCPROPERTYSINGLEVALUE('TileHeight',$,IFCTEXT('600 mm'),$);
#1420=IFCPROPERTYSINGLEVALUE('JointWidth',$,IFCTEXT('3 mm'),$);
#1421=IFCPROPERTYSINGLEVALUE('TileColour',$,IFCTEXT('#CFC8BC'),$);
#1422=IFCPROPERTYSINGLEVALUE('ReliefDepth',$,IFCTEXT('3 mm'),$);
#1423=IFCPROPERTYSET('1uT1xJCf5t6JfjW2FZS4Os',#5,'Pset_SkannaFinish','Surface finish specification (Skanna)',(#1416,#1417,#1418,#1419,#1420,#1421,#1422));
#1424=IFCRELDEFINESBYPROPERTIES('0UjTPrybFik5EO3L3UnDa6',#5,$,$,(#1415),#1423);
#1425=IFCCARTESIANPOINT((0.,0.,-0.2));
#1426=IFCDIRECTION((0.,0.,1.));
#1427=IFCDIRECTION((1.,0.,0.));
#1428=IFCAXIS2PLACEMENT3D(#1425,#1426,#1427);
#1429=IFCLOCALPLACEMENT(#26,#1428);
#1430=IFCCARTESIANPOINT((0.005,3.677));
#1431=IFCCARTESIANPOINT((4.66,3.65));
#1432=IFCCARTESIANPOINT((4.66,4.91));
#1433=IFCCARTESIANPOINT((10.474,4.902));
#1434=IFCCARTESIANPOINT((10.474,5.75));
#1435=IFCCARTESIANPOINT((11.522,5.75));
#1436=IFCCARTESIANPOINT((11.522,1.15));
#1437=IFCCARTESIANPOINT((5.752,1.154));
#1438=IFCCARTESIANPOINT((5.752,0.054));
#1439=IFCCARTESIANPOINT((0.072,0.054));
#1440=IFCPOLYLINE((#1430,#1431,#1432,#1433,#1434,#1435,#1436,#1437,#1438,#1439,#1430));
#1441=IFCARBITRARYCLOSEDPROFILEDEF(.AREA.,$,#1440);
#1442=IFCCARTESIANPOINT((0.,0.,0.));
#1443=IFCAXIS2PLACEMENT3D(#1442,$,$);
#1444=IFCDIRECTION((0.,0.,1.));
#1445=IFCEXTRUDEDAREASOLID(#1441,#1443,#1444,0.2);
#1446=IFCSHAPEREPRESENTATION(#12,'Body','SweptSolid',(#1445));
#1447=IFCPRODUCTDEFINITIONSHAPE($,$,(#1446));
#1448=IFCSLAB('3etI5Lt__0d_IKtcFRrVzd',#5,'Floor 2',$,$,#1429,#1447,$,.FLOOR.);
#1449=IFCCARTESIANPOINT((14.38,-14.02));
#1450=IFCCARTESIANPOINT((19.67,-14.02));
#1451=IFCCARTESIANPOINT((19.67,-10.45));
#1452=IFCCARTESIANPOINT((14.38,-10.45));
#1453=IFCPOLYLINE((#1449,#1450,#1451,#1452,#1449));
#1454=IFCARBITRARYCLOSEDPROFILEDEF(.AREA.,$,#1453);
#1455=IFCCARTESIANPOINT((0.,0.,0.));
#1456=IFCDIRECTION((0.,0.,1.));
#1457=IFCDIRECTION((0.,1.,0.));
#1458=IFCAXIS2PLACEMENT3D(#1455,#1456,#1457);
#1459=IFCDIRECTION((0.,0.,1.));
#1460=IFCEXTRUDEDAREASOLID(#1454,#1458,#1459,0.2);
#1461=IFCCOLOURRGB($,0.227451,0.247059,0.270588);
#1462=IFCSURFACESTYLESHADING(#1461,0.);
#1463=IFCSURFACESTYLE('Slate',.BOTH.,(#1462));
#1464=IFCSTYLEDITEM(#1460,(#1463),$);
#1465=IFCCARTESIANPOINT((0.,0.,2.7));
#1466=IFCDIRECTION((0.,0.,1.));
#1467=IFCDIRECTION((1.,0.,0.));
#1468=IFCAXIS2PLACEMENT3D(#1465,#1466,#1467);
#1469=IFCLOCALPLACEMENT(#26,#1468);
#1470=IFCSHAPEREPRESENTATION(#12,'Body','SweptSolid',(#1460));
#1471=IFCPRODUCTDEFINITIONSHAPE($,$,(#1470));
#1472=IFCROOF('2sOuXzfViZJQZG9ko2owBs',#5,'Roof 1','Flat, 30° pitch, Slate',$,#1469,#1471,$,.FLAT_ROOF.);
#1473=IFCCARTESIANPOINT((14.9275,-11.1425));
#1474=IFCCARTESIANPOINT((14.9275,-13.3425));
#1475=IFCCARTESIANPOINT((19.1275,-13.3425));
#1476=IFCCARTESIANPOINT((19.1275,-11.1425));
#1477=IFCPOLYLINE((#1473,#1474,#1475,#1476,#1473));
#1478=IFCARBITRARYCLOSEDPROFILEDEF(.AREA.,$,#1477);
#1479=IFCCARTESIANPOINT((0.,0.,0.));
#1480=IFCDIRECTION((0.,0.,1.));
#1481=IFCDIRECTION((0.,1.,0.));
#1482=IFCAXIS2PLACEMENT3D(#1479,#1480,#1481);
#1483=IFCDIRECTION((0.,0.,1.));
#1484=IFCEXTRUDEDAREASOLID(#1478,#1482,#1483,0.04);
#1485=IFCCOLOURRGB($,0.047059,0.101961,0.180392);
#1486=IFCSURFACESTYLESHADING(#1485,0.);
#1487=IFCSURFACESTYLE('Solar panel',.BOTH.,(#1486));
#1488=IFCSTYLEDITEM(#1484,(#1487),$);
#1489=IFCCARTESIANPOINT((0.,0.,2.92));
#1490=IFCDIRECTION((0.,0.,1.));
#1491=IFCDIRECTION((1.,0.,0.));
#1492=IFCAXIS2PLACEMENT3D(#1489,#1490,#1491);
#1493=IFCLOCALPLACEMENT(#26,#1492);
#1494=IFCSHAPEREPRESENTATION(#12,'Body','SweptSolid',(#1484));
#1495=IFCPRODUCTDEFINITIONSHAPE($,$,(#1494));
#1496=IFCBUILDINGELEMENTPROXY('0m66$bZrJmYlWEZt3QEb4r',#5,'Solar array 1','2×2 panels (4 total)',$,#1493,#1495,$,.NOTDEFINED.);
#1497=IFCCARTESIANPOINT((0.,0.,0.));
#1498=IFCDIRECTION((0.,0.,1.));
#1499=IFCDIRECTION((1.,0.,0.));
#1500=IFCAXIS2PLACEMENT3D(#1497,#1498,#1499);
#1501=IFCLOCALPLACEMENT(#26,#1500);
#1502=IFCCARTESIANPOINT((0.159,0.11));
#1503=IFCCARTESIANPOINT((0.159,3.6));
#1504=IFCCARTESIANPOINT((0.151,3.6));
#1505=IFCCARTESIANPOINT((0.151,0.11));
#1506=IFCPOLYLINE((#1502,#1503,#1504,#1505,#1502));
#1507=IFCARBITRARYCLOSEDPROFILEDEF(.AREA.,$,#1506);
#1508=IFCCARTESIANPOINT((0.,0.,0.));
#1509=IFCAXIS2PLACEMENT3D(#1508,$,$);
#1510=IFCDIRECTION((0.,0.,1.));
#1511=IFCEXTRUDEDAREASOLID(#1507,#1509,#1510,2.7);
#1512=IFCCOLOURRGB($,0.839216,0.72549,0.54902);
#1513=IFCSURFACESTYLESHADING(#1512,0.);
#1514=IFCSURFACESTYLE('stone',.BOTH.,(#1513));
#1515=IFCSTYLEDITEM(#1511,(#1514),$);
#1516=IFCSHAPEREPRESENTATION(#12,'Body','SweptSolid',(#1511));
#1517=IFCPRODUCTDEFINITIONSHAPE($,$,(#1516));
#1518=IFCCOVERING('3OqNulbc6c6pHz6zxdTmfp',#5,'Wall finish 1 (stone)','stone, 8 mm',$,#1501,#1517,$,.CLADDING.);
#1519=IFCPROPERTYSINGLEVALUE('Material',$,IFCTEXT('stone'),$);
#1520=IFCPROPERTYSINGLEVALUE('StoneType',$,IFCTEXT('sandstone'),$);
#1521=IFCPROPERTYSINGLEVALUE('StonePattern',$,IFCTEXT('rubble'),$);
#1522=IFCPROPERTYSINGLEVALUE('JointWidth',$,IFCTEXT('50 mm'),$);
#1523=IFCPROPERTYSINGLEVALUE('ReliefDepth',$,IFCTEXT('6 mm'),$);
#1524=IFCPROPERTYSET('243JIhZpXca5HjcuF1oBB$',#5,'Pset_SkannaFinish','Surface finish specification (Skanna)',(#1519,#1520,#1521,#1522,#1523));
#1525=IFCRELDEFINESBYPROPERTIES('0foO20RieXiXBhU8bArMNb',#5,$,$,(#1518),#1524);
#1526=IFCRELCOVERSBLDGELEMENTS('0XpMXOQQ5UNFr7fgkmJzqK',#5,$,$,#42,(#1518));
#1527=IFCCARTESIANPOINT((0.,0.,0.));
#1528=IFCDIRECTION((0.,0.,1.));
#1529=IFCDIRECTION((1.,0.,0.));
#1530=IFCAXIS2PLACEMENT3D(#1527,#1528,#1529);
#1531=IFCLOCALPLACEMENT(#26,#1530);
#1532=IFCCARTESIANPOINT((4.38,19.45));
#1533=IFCCARTESIANPOINT((4.38,17.06));
#1534=IFCCARTESIANPOINT((6.43,17.06));
#1535=IFCCARTESIANPOINT((6.43,19.45));
#1536=IFCPOLYLINE((#1532,#1533,#1534,#1535,#1532));
#1537=IFCARBITRARYCLOSEDPROFILEDEF(.AREA.,$,#1536);
#1538=IFCCARTESIANPOINT((0.,0.,0.));
#1539=IFCAXIS2PLACEMENT3D(#1538,$,$);
#1540=IFCDIRECTION((0.,0.,1.));
#1541=IFCEXTRUDEDAREASOLID(#1537,#1539,#1540,0.012);
#1542=IFCCOLOURRGB($,0.811765,0.784314,0.737255);
#1543=IFCSURFACESTYLESHADING(#1542,0.);
#1544=IFCSURFACESTYLE('tile',.BOTH.,(#1543));
#1545=IFCSTYLEDITEM(#1541,(#1544),$);
#1546=IFCSHAPEREPRESENTATION(#12,'Body','SweptSolid',(#1541));
#1547=IFCPRODUCTDEFINITIONSHAPE($,$,(#1546));
#1548=IFCCOVERING('1jHdozkWjOv95Zla7EKNyu',#5,'Floor finish 1 (tile)','#CFC8BC tile, 12 mm',$,#1531,#1547,$,.FLOORING.);
#1549=IFCPROPERTYSINGLEVALUE('Material',$,IFCTEXT('tile'),$);
#1550=IFCPROPERTYSINGLEVALUE('TilePattern',$,IFCTEXT('grid'),$);
#1551=IFCPROPERTYSINGLEVALUE('TileWidth',$,IFCTEXT('200 mm'),$);
#1552=IFCPROPERTYSINGLEVALUE('TileHeight',$,IFCTEXT('200 mm'),$);
#1553=IFCPROPERTYSINGLEVALUE('JointWidth',$,IFCTEXT('3 mm'),$);
#1554=IFCPROPERTYSINGLEVALUE('TileStone',$,IFCTEXT('slate'),$);
#1555=IFCPROPERTYSINGLEVALUE('TileColour',$,IFCTEXT('#CFC8BC'),$);
#1556=IFCPROPERTYSINGLEVALUE('ReliefDepth',$,IFCTEXT('3 mm'),$);
#1557=IFCPROPERTYSET('2B1Dd9FdP3P3flQTp71MnG',#5,'Pset_SkannaFinish','Surface finish specification (Skanna)',(#1549,#1550,#1551,#1552,#1553,#1554,#1555,#1556));
#1558=IFCRELDEFINESBYPROPERTIES('3DMYlvtF51QI0G7Y7nisOQ',#5,$,$,(#1548),#1557);
#1559=IFCCARTESIANPOINT((0.,0.,0.));
#1560=IFCDIRECTION((0.,0.,1.));
#1561=IFCDIRECTION((1.,0.,0.));
#1562=IFCAXIS2PLACEMENT3D(#1559,#1560,#1561);
#1563=IFCLOCALPLACEMENT(#26,#1562);
#1564=IFCCARTESIANPOINT((0.15,13.15));
#1565=IFCCARTESIANPOINT((4.62,13.15));
#1566=IFCCARTESIANPOINT((4.62,10.85));
#1567=IFCCARTESIANPOINT((0.15,10.85));
#1568=IFCPOLYLINE((#1564,#1565,#1566,#1567,#1564));
#1569=IFCARBITRARYCLOSEDPROFILEDEF(.AREA.,$,#1568);
#1570=IFCCARTESIANPOINT((0.,0.,0.));
#1571=IFCAXIS2PLACEMENT3D(#1570,$,$);
#1572=IFCDIRECTION((0.,0.,1.));
#1573=IFCEXTRUDEDAREASOLID(#1569,#1571,#1572,0.012);
#1574=IFCCOLOURRGB($,0.92549,0.917647,0.898039);
#1575=IFCSURFACESTYLESHADING(#1574,0.);
#1576=IFCSURFACESTYLE('tile',.BOTH.,(#1575));
#1577=IFCSTYLEDITEM(#1573,(#1576),$);
#1578=IFCSHAPEREPRESENTATION(#12,'Body','SweptSolid',(#1573));
#1579=IFCPRODUCTDEFINITIONSHAPE($,$,(#1578));
#1580=IFCCOVERING('1pdP0Eg6mSs3Ik1IGmx6Ab',#5,'Floor finish 2 (tile)','#ECEAE5 tile, 12 mm',$,#1563,#1579,$,.FLOORING.);
#1581=IFCPROPERTYSINGLEVALUE('Material',$,IFCTEXT('tile'),$);
#1582=IFCPROPERTYSINGLEVALUE('TilePattern',$,IFCTEXT('grid'),$);
#1583=IFCPROPERTYSINGLEVALUE('TileWidth',$,IFCTEXT('900 mm'),$);
#1584=IFCPROPERTYSINGLEVALUE('TileHeight',$,IFCTEXT('900 mm'),$);
#1585=IFCPROPERTYSINGLEVALUE('JointWidth',$,IFCTEXT('3 mm'),$);
#1586=IFCPROPERTYSINGLEVALUE('TileStone',$,IFCTEXT('statuario'),$);
#1587=IFCPROPERTYSINGLEVALUE('TileColour',$,IFCTEXT('#ECEAE5'),$);
#1588=IFCPROPERTYSINGLEVALUE('ReliefDepth',$,IFCTEXT('3 mm'),$);
#1589=IFCPROPERTYSET('3RHvIfnSwUkbd5IM$szd_6',#5,'Pset_SkannaFinish','Surface finish specification (Skanna)',(#1581,#1582,#1583,#1584,#1585,#1586,#1587,#1588));
#1590=IFCRELDEFINESBYPROPERTIES('1_vlae0LjImLqxWJI5aMq0',#5,$,$,(#1580),#1589);
#1591=IFCCARTESIANPOINT((0.,0.,0.));
#1592=IFCDIRECTION((0.,0.,1.));
#1593=IFCDIRECTION((1.,0.,0.));
#1594=IFCAXIS2PLACEMENT3D(#1591,#1592,#1593);
#1595=IFCLOCALPLACEMENT(#26,#1594);
#1596=IFCCARTESIANPOINT((0.155,13.144));
#1597=IFCCARTESIANPOINT((4.625,13.144));
#1598=IFCCARTESIANPOINT((4.625,13.152));
#1599=IFCCARTESIANPOINT((0.155,13.152));
#1600=IFCPOLYLINE((#1596,#1597,#1598,#1599,#1596));
#1601=IFCARBITRARYCLOSEDPROFILEDEF(.AREA.,$,#1600);
#1602=IFCCARTESIANPOINT((0.,0.,0.));
#1603=IFCAXIS2PLACEMENT3D(#1602,$,$);
#1604=IFCDIRECTION((0.,0.,1.));
#1605=IFCEXTRUDEDAREASOLID(#1601,#1603,#1604,2.7);
#1606=IFCCOLOURRGB($,0.909804,0.901961,0.878431);
#1607=IFCSURFACESTYLESHADING(#1606,0.);
#1608=IFCSURFACESTYLE('tile',.BOTH.,(#1607));
#1609=IFCSTYLEDITEM(#1605,(#1608),$);
#1610=IFCSHAPEREPRESENTATION(#12,'Body','SweptSolid',(#1605));
#1611=IFCPRODUCTDEFINITIONSHAPE($,$,(#1610));
#1612=IFCCOVERING('21b116qtoQlAi7px8FOAJD',#5,'Wall finish 2 (tile)','tile, 8 mm',$,#1595,#1611,$,.CLADDING.);
#1613=IFCPROPERTYSINGLEVALUE('Material',$,IFCTEXT('tile'),$);
#1614=IFCPROPERTYSINGLEVALUE('TilePattern',$,IFCTEXT('grid'),$);
#1615=IFCPROPERTYSINGLEVALUE('TileWidth',$,IFCTEXT('200 mm'),$);
#1616=IFCPROPERTYSINGLEVALUE('TileHeight',$,IFCTEXT('200 mm'),$);
#1617=IFCPROPERTYSINGLEVALUE('JointWidth',$,IFCTEXT('3 mm'),$);
#1618=IFCPROPERTYSINGLEVALUE('ReliefDepth',$,IFCTEXT('3 mm'),$);
#1619=IFCPROPERTYSET('0wfhcA0N8chzjx6p_IBenb',#5,'Pset_SkannaFinish','Surface finish specification (Skanna)',(#1613,#1614,#1615,#1616,#1617,#1618));
#1620=IFCRELDEFINESBYPROPERTIES('1CC5A5CWA$mOFUILvsBO1Y',#5,$,$,(#1612),#1619);
#1621=IFCRELCOVERSBLDGELEMENTS('30KR7m6flatxcoqBp9OtMd',#5,$,$,#907,(#1612));
#1622=IFCCARTESIANPOINT((0.,0.,0.));
#1623=IFCDIRECTION((0.,0.,1.));
#1624=IFCDIRECTION((1.,0.,0.));
#1625=IFCAXIS2PLACEMENT3D(#1622,#1623,#1624);
#1626=IFCLOCALPLACEMENT(#26,#1625);
#1627=IFCCARTESIANPOINT((0.159,10.85));
#1628=IFCCARTESIANPOINT((0.159,13.14));
#1629=IFCCARTESIANPOINT((0.151,13.14));
#1630=IFCCARTESIANPOINT((0.151,10.85));
#1631=IFCPOLYLINE((#1627,#1628,#1629,#1630,#1627));
#1632=IFCARBITRARYCLOSEDPROFILEDEF(.AREA.,$,#1631);
#1633=IFCCARTESIANPOINT((0.,0.,0.));
#1634=IFCAXIS2PLACEMENT3D(#1633,$,$);
#1635=IFCDIRECTION((0.,0.,1.));
#1636=IFCEXTRUDEDAREASOLID(#1632,#1634,#1635,2.7);
#1637=IFCSTYLEDITEM(#1636,(#1608),$);
#1638=IFCSHAPEREPRESENTATION(#12,'Body','SweptSolid',(#1636));
#1639=IFCPRODUCTDEFINITIONSHAPE($,$,(#1638));
#1640=IFCCOVERING('26K9NV3onB0EDkn$xPha11',#5,'Wall finish 3 (tile)','tile, 8 mm',$,#1626,#1639,$,.CLADDING.);
#1641=IFCPROPERTYSINGLEVALUE('Material',$,IFCTEXT('tile'),$);
#1642=IFCPROPERTYSINGLEVALUE('TilePattern',$,IFCTEXT('grid'),$);
#1643=IFCPROPERTYSINGLEVALUE('TileWidth',$,IFCTEXT('200 mm'),$);
#1644=IFCPROPERTYSINGLEVALUE('TileHeight',$,IFCTEXT('200 mm'),$);
#1645=IFCPROPERTYSINGLEVALUE('JointWidth',$,IFCTEXT('3 mm'),$);
#1646=IFCPROPERTYSINGLEVALUE('ReliefDepth',$,IFCTEXT('3 mm'),$);
#1647=IFCPROPERTYSET('1jrO0ph4v7FOOMOtfDCgz_',#5,'Pset_SkannaFinish','Surface finish specification (Skanna)',(#1641,#1642,#1643,#1644,#1645,#1646));
#1648=IFCRELDEFINESBYPROPERTIES('1mcy78vSIIH2uETY2GVFgb',#5,$,$,(#1640),#1647);
#1649=IFCRELCOVERSBLDGELEMENTS('3svTBhfb99uWqpoku$NFdb',#5,$,$,#42,(#1640));
#1650=IFCCARTESIANPOINT((0.,0.,0.));
#1651=IFCDIRECTION((0.,0.,1.));
#1652=IFCDIRECTION((1.,0.,0.));
#1653=IFCAXIS2PLACEMENT3D(#1650,#1651,#1652);
#1654=IFCLOCALPLACEMENT(#26,#1653);
#1655=IFCCARTESIANPOINT((4.620167,10.990063));
#1656=IFCCARTESIANPOINT((4.623396,13.290061));
#1657=IFCCARTESIANPOINT((4.615396,13.290072));
#1658=IFCCARTESIANPOINT((4.612167,10.990074));
#1659=IFCPOLYLINE((#1655,#1656,#1657,#1658,#1655));
#1660=IFCARBITRARYCLOSEDPROFILEDEF(.AREA.,$,#1659);
#1661=IFCCARTESIANPOINT((0.,0.,0.));
#1662=IFCAXIS2PLACEMENT3D(#1661,$,$);
#1663=IFCDIRECTION((0.,0.,1.));
#1664=IFCEXTRUDEDAREASOLID(#1660,#1662,#1663,2.7);
#1665=IFCSTYLEDITEM(#1664,(#1608),$);
#1666=IFCSHAPEREPRESENTATION(#12,'Body','SweptSolid',(#1664));
#1667=IFCPRODUCTDEFINITIONSHAPE($,$,(#1666));
#1668=IFCCOVERING('1kHjsRmUxDvGtfsuLk3q2A',#5,'Wall finish 4 (tile)','tile, 8 mm',$,#1654,#1667,$,.CLADDING.);
#1669=IFCPROPERTYSINGLEVALUE('Material',$,IFCTEXT('tile'),$);
#1670=IFCPROPERTYSINGLEVALUE('TilePattern',$,IFCTEXT('grid'),$);
#1671=IFCPROPERTYSINGLEVALUE('TileWidth',$,IFCTEXT('200 mm'),$);
#1672=IFCPROPERTYSINGLEVALUE('TileHeight',$,IFCTEXT('200 mm'),$);
#1673=IFCPROPERTYSINGLEVALUE('JointWidth',$,IFCTEXT('3 mm'),$);
#1674=IFCPROPERTYSINGLEVALUE('ReliefDepth',$,IFCTEXT('3 mm'),$);
#1675=IFCPROPERTYSET('3gLkKeJFb8WUSfTtIAMytn',#5,'Pset_SkannaFinish','Surface finish specification (Skanna)',(#1669,#1670,#1671,#1672,#1673,#1674));
#1676=IFCRELDEFINESBYPROPERTIES('1WyPJJCl0RxUwkv$E9vwDM',#5,$,$,(#1668),#1675);
#1677=IFCRELCOVERSBLDGELEMENTS('1NSm4qdQsClOD1$GHfPiPD',#5,$,$,#732,(#1668));
#1678=IFCCARTESIANPOINT((0.,0.,0.));
#1679=IFCDIRECTION((0.,0.,1.));
#1680=IFCDIRECTION((1.,0.,0.));
#1681=IFCAXIS2PLACEMENT3D(#1678,#1679,#1680);
#1682=IFCLOCALPLACEMENT(#26,#1681);
#1683=IFCCARTESIANPOINT((0.135,10.852));
#1684=IFCCARTESIANPOINT((1.845,10.852));
#1685=IFCCARTESIANPOINT((1.845,10.86));
#1686=IFCCARTESIANPOINT((0.135,10.86));
#1687=IFCPOLYLINE((#1683,#1684,#1685,#1686,#1683));
#1688=IFCARBITRARYCLOSEDPROFILEDEF(.AREA.,$,#1687);
#1689=IFCCARTESIANPOINT((0.,0.,0.));
#1690=IFCAXIS2PLACEMENT3D(#1689,$,$);
#1691=IFCDIRECTION((0.,0.,1.));
#1692=IFCEXTRUDEDAREASOLID(#1688,#1690,#1691,2.7);
#1693=IFCCARTESIANPOINT((2.685,10.852));
#1694=IFCCARTESIANPOINT((4.635,10.852));
#1695=IFCCARTESIANPOINT((4.635,10.86));
#1696=IFCCARTESIANPOINT((2.685,10.86));
#1697=IFCPOLYLINE((#1693,#1694,#1695,#1696,#1693));
#1698=IFCARBITRARYCLOSEDPROFILEDEF(.AREA.,$,#1697);
#1699=IFCCARTESIANPOINT((0.,0.,0.));
#1700=IFCAXIS2PLACEMENT3D(#1699,$,$);
#1701=IFCDIRECTION((0.,0.,1.));
#1702=IFCEXTRUDEDAREASOLID(#1698,#1700,#1701,2.7);
#1703=IFCCARTESIANPOINT((1.845,10.852));
#1704=IFCCARTESIANPOINT((2.685,10.852));
#1705=IFCCARTESIANPOINT((2.685,10.86));
#1706=IFCCARTESIANPOINT((1.845,10.86));
#1707=IFCPOLYLINE((#1703,#1704,#1705,#1706,#1703));
#1708=IFCARBITRARYCLOSEDPROFILEDEF(.AREA.,$,#1707);
#1709=IFCCARTESIANPOINT((0.,0.,2.2));
#1710=IFCAXIS2PLACEMENT3D(#1709,$,$);
#1711=IFCDIRECTION((0.,0.,1.));
#1712=IFCEXTRUDEDAREASOLID(#1708,#1710,#1711,0.5);
#1713=IFCSTYLEDITEM(#1692,(#1608),$);
#1714=IFCSTYLEDITEM(#1702,(#1608),$);
#1715=IFCSTYLEDITEM(#1712,(#1608),$);
#1716=IFCSHAPEREPRESENTATION(#12,'Body','SweptSolid',(#1692,#1702,#1712));
#1717=IFCPRODUCTDEFINITIONSHAPE($,$,(#1716));
#1718=IFCCOVERING('09tCHc1Tghpy2E6JHGYlu$',#5,'Wall finish 5 (tile)','tile, 8 mm',$,#1682,#1717,$,.CLADDING.);
#1719=IFCPROPERTYSINGLEVALUE('Material',$,IFCTEXT('tile'),$);
#1720=IFCPROPERTYSINGLEVALUE('TilePattern',$,IFCTEXT('grid'),$);
#1721=IFCPROPERTYSINGLEVALUE('TileWidth',$,IFCTEXT('200 mm'),$);
#1722=IFCPROPERTYSINGLEVALUE('TileHeight',$,IFCTEXT('200 mm'),$);
#1723=IFCPROPERTYSINGLEVALUE('JointWidth',$,IFCTEXT('3 mm'),$);
#1724=IFCPROPERTYSINGLEVALUE('ReliefDepth',$,IFCTEXT('3 mm'),$);
#1725=IFCPROPERTYSET('2lq_OK3gRd9LizJXlYrxCS',#5,'Pset_SkannaFinish','Surface finish specification (Skanna)',(#1719,#1720,#1721,#1722,#1723,#1724));
#1726=IFCRELDEFINESBYPROPERTIES('0IaSM$ObU2GdgeLs2eo5x1',#5,$,$,(#1718),#1725);
#1727=IFCRELCOVERSBLDGELEMENTS('0vf$C0YHlplfBtqBwHI1Al',#5,$,$,#835,(#1718));
#1728=IFCCARTESIANPOINT((0.,0.,0.));
#1729=IFCDIRECTION((0.,0.,1.));
#1730=IFCDIRECTION((1.,0.,0.));
#1731=IFCAXIS2PLACEMENT3D(#1728,#1729,#1730);
#1732=IFCLOCALPLACEMENT(#26,#1731);
#1733=IFCCARTESIANPOINT((10.324,5.965));
#1734=IFCCARTESIANPOINT((10.324,9.345));
#1735=IFCCARTESIANPOINT((10.316,9.345));
#1736=IFCCARTESIANPOINT((10.316,5.965));
#1737=IFCPOLYLINE((#1733,#1734,#1735,#1736,#1733));
#1738=IFCARBITRARYCLOSEDPROFILEDEF(.AREA.,$,#1737);
#1739=IFCCARTESIANPOINT((0.,0.,0.));
#1740=IFCAXIS2PLACEMENT3D(#1739,$,$);
#1741=IFCDIRECTION((0.,0.,1.));
#1742=IFCEXTRUDEDAREASOLID(#1738,#1740,#1741,2.7);
#1743=IFCCOLOURRGB($,0.901961,0.823529,0.709804);
#1744=IFCSURFACESTYLESHADING(#1743,0.);
#1745=IFCSURFACESTYLE('tile',.BOTH.,(#1744));
#1746=IFCSTYLEDITEM(#1742,(#1745),$);
#1747=IFCSHAPEREPRESENTATION(#12,'Body','SweptSolid',(#1742));
#1748=IFCPRODUCTDEFINITIONSHAPE($,$,(#1747));
#1749=IFCCOVERING('2ImtaI5nUcySU$_LWFqu3m',#5,'Wall finish 6 (tile)','Light ivory tile, 8 mm',$,#1732,#1748,$,.CLADDING.);
#1750=IFCPROPERTYSINGLEVALUE('Material',$,IFCTEXT('tile'),$);
#1751=IFCPROPERTYSINGLEVALUE('TilePattern',$,IFCTEXT('grid'),$);
#1752=IFCPROPERTYSINGLEVALUE('TileWidth',$,IFCTEXT('150 mm'),$);
#1753=IFCPROPERTYSINGLEVALUE('TileHeight',$,IFCTEXT('30 mm'),$);
#1754=IFCPROPERTYSINGLEVALUE('JointWidth',$,IFCTEXT('0 mm'),$);
#1755=IFCPROPERTYSINGLEVALUE('TileColour',$,IFCTEXT('#E6D2B5'),$);
#1756=IFCPROPERTYSINGLEVALUE('ReliefDepth',$,IFCTEXT('0.5 mm'),$);
#1757=IFCPROPERTYSET('0zVD3gE21uuoELVH9s0xYj',#5,'Pset_SkannaFinish','Surface finish specification (Skanna)',(#1750,#1751,#1752,#1753,#1754,#1755,#1756));
#1758=IFCRELDEFINESBYPROPERTIES('1dvlRDKuYZHp8pBiDq3Fcy',#5,$,$,(#1749),#1757);
#1759=IFCRELCOVERSBLDGELEMENTS('1C5O9lWxXNOeHeSsCWQlRU',#5,$,$,#428,(#1749));
#1760=IFCCARTESIANPOINT((0.,0.,0.));
#1761=IFCDIRECTION((0.,0.,1.));
#1762=IFCDIRECTION((1.,0.,0.));
#1763=IFCAXIS2PLACEMENT3D(#1760,#1761,#1762);
#1764=IFCLOCALPLACEMENT(#26,#1763);
#1765=IFCCARTESIANPOINT((0.001,0.11));
#1766=IFCCARTESIANPOINT((0.001,19.6));
#1767=IFCCARTESIANPOINT((-0.014,19.6));
#1768=IFCCARTESIANPOINT((-0.014,0.11));
#1769=IFCPOLYLINE((#1765,#1766,#1767,#1768,#1765));
#1770=IFCARBITRARYCLOSEDPROFILEDEF(.AREA.,$,#1769);
#1771=IFCCARTESIANPOINT((0.,0.,0.));
#1772=IFCAXIS2PLACEMENT3D(#1771,$,$);
#1773=IFCDIRECTION((0.,0.,1.));
#1774=IFCEXTRUDEDAREASOLID(#1770,#1772,#1773,0.07);
#1775=IFCCARTESIANPOINT((0.166,0.11));
#1776=IFCCARTESIANPOINT((0.166,19.6));
#1777=IFCCARTESIANPOINT((0.151,19.6));
#1778=IFCCARTESIANPOINT((0.151,0.11));
#1779=IFCPOLYLINE((#1775,#1776,#1777,#1778,#1775));
#1780=IFCARBITRARYCLOSEDPROFILEDEF(.AREA.,$,#1779);
#1781=IFCCARTESIANPOINT((0.,0.,0.));
#1782=IFCAXIS2PLACEMENT3D(#1781,$,$);
#1783=IFCDIRECTION((0.,0.,1.));
#1784=IFCEXTRUDEDAREASOLID(#1780,#1782,#1783,0.07);
#1785=IFCSTYLEDITEM(#1774,(#109),$);
#1786=IFCSTYLEDITEM(#1784,(#109),$);
#1787=IFCSHAPEREPRESENTATION(#12,'Body','SweptSolid',(#1774,#1784));
#1788=IFCPRODUCTDEFINITIONSHAPE($,$,(#1787));
#1789=IFCCOVERING('0w2UBNaqToNHwyT0tIEsIw',#5,'Skirting 1','70 × 15 mm',$,#1764,#1788,$,.SKIRTINGBOARD.);
#1790=IFCRELCOVERSBLDGELEMENTS('2_qwetC2AHlZL8V6lBe3Ez',#5,$,$,#42,(#1789));
#1791=IFCCARTESIANPOINT((0.,0.,0.));
#1792=IFCDIRECTION((0.,0.,1.));
#1793=IFCDIRECTION((1.,0.,0.));
#1794=IFCAXIS2PLACEMENT3D(#1791,#1792,#1793);
#1795=IFCLOCALPLACEMENT(#26,#1794);
#1796=IFCCARTESIANPOINT((0.005,19.602));
#1797=IFCCARTESIANPOINT((5.1755,19.602));
#1798=IFCCARTESIANPOINT((5.1755,19.617));
#1799=IFCCARTESIANPOINT((0.005,19.617));
#1800=IFCPOLYLINE((#1796,#1797,#1798,#1799,#1796));
#1801=IFCARBITRARYCLOSEDPROFILEDEF(.AREA.,$,#1800);
#1802=IFCCARTESIANPOINT((0.,0.,0.));
#1803=IFCAXIS2PLACEMENT3D(#1802,$,$);
#1804=IFCDIRECTION((0.,0.,1.));
#1805=IFCEXTRUDEDAREASOLID(#1801,#1803,#1804,0.07);
#1806=IFCCARTESIANPOINT((6.1105,19.602));
#1807=IFCCARTESIANPOINT((10.47,19.602));
#1808=IFCCARTESIANPOINT((10.47,19.617));
#1809=IFCCARTESIANPOINT((6.1105,19.617));
#1810=IFCPOLYLINE((#1806,#1807,#1808,#1809,#1806));
#1811=IFCARBITRARYCLOSEDPROFILEDEF(.AREA.,$,#1810);
#1812=IFCCARTESIANPOINT((0.,0.,0.));
#1813=IFCAXIS2PLACEMENT3D(#1812,$,$);
#1814=IFCDIRECTION((0.,0.,1.));
#1815=IFCEXTRUDEDAREASOLID(#1811,#1813,#1814,0.07);
#1816=IFCCARTESIANPOINT((0.005,19.437));
#1817=IFCCARTESIANPOINT((5.1755,19.437));
#1818=IFCCARTESIANPOINT((5.1755,19.452));
#1819=IFCCARTESIANPOINT((0.005,19.452));
#1820=IFCPOLYLINE((#1816,#1817,#1818,#1819,#1816));
#1821=IFCARBITRARYCLOSEDPROFILEDEF(.AREA.,$,#1820);
#1822=IFCCARTESIANPOINT((0.,0.,0.));
#1823=IFCAXIS2PLACEMENT3D(#1822,$,$);
#1824=IFCDIRECTION((0.,0.,1.));
#1825=IFCEXTRUDEDAREASOLID(#1821,#1823,#1824,0.07);
#1826=IFCCARTESIANPOINT((6.1105,19.437));
#1827=IFCCARTESIANPOINT((10.47,19.437));
#1828=IFCCARTESIANPOINT((10.47,19.452));
#1829=IFCCARTESIANPOINT((6.1105,19.452));
#1830=IFCPOLYLINE((#1826,#1827,#1828,#1829,#1826));
#1831=IFCARBITRARYCLOSEDPROFILEDEF(.AREA.,$,#1830);
#1832=IFCCARTESIANPOINT((0.,0.,0.));
#1833=IFCAXIS2PLACEMENT3D(#1832,$,$);
#1834=IFCDIRECTION((0.,0.,1.));
#1835=IFCEXTRUDEDAREASOLID(#1831,#1833,#1834,0.07);
#1836=IFCSTYLEDITEM(#1805,(#109),$);
#1837=IFCSTYLEDITEM(#1815,(#109),$);
#1838=IFCSTYLEDITEM(#1825,(#109),$);
#1839=IFCSTYLEDITEM(#1835,(#109),$);
#1840=IFCSHAPEREPRESENTATION(#12,'Body','SweptSolid',(#1805,#1815,#1825,#1835));
#1841=IFCPRODUCTDEFINITIONSHAPE($,$,(#1840));
#1842=IFCCOVERING('1CTol5G$cpw9OONYdZhH93',#5,'Skirting 2','70 × 15 mm',$,#1795,#1841,$,.SKIRTINGBOARD.);
#1843=IFCRELCOVERSBLDGELEMENTS('3_0JILtqDYl5BBofnnV6mz',#5,$,$,#57,(#1842));
#1844=IFCCARTESIANPOINT((0.,0.,0.));
#1845=IFCDIRECTION((0.,0.,1.));
#1846=IFCDIRECTION((1.,0.,0.));
#1847=IFCAXIS2PLACEMENT3D(#1844,#1845,#1846);
#1848=IFCLOCALPLACEMENT(#26,#1847);
#1849=IFCCARTESIANPOINT((10.324,4.905));
#1850=IFCCARTESIANPOINT((10.324,19.6));
#1851=IFCCARTESIANPOINT((10.309,19.6));
#1852=IFCCARTESIANPOINT((10.309,4.905));
#1853=IFCPOLYLINE((#1849,#1850,#1851,#1852,#1849));
#1854=IFCARBITRARYCLOSEDPROFILEDEF(.AREA.,$,#1853);
#1855=IFCCARTESIANPOINT((0.,0.,0.));
#1856=IFCAXIS2PLACEMENT3D(#1855,$,$);
#1857=IFCDIRECTION((0.,0.,1.));
#1858=IFCEXTRUDEDAREASOLID(#1854,#1856,#1857,0.07);
#1859=IFCCARTESIANPOINT((10.489,4.905));
#1860=IFCCARTESIANPOINT((10.489,19.6));
#1861=IFCCARTESIANPOINT((10.474,19.6));
#1862=IFCCARTESIANPOINT((10.474,4.905));
#1863=IFCPOLYLINE((#1859,#1860,#1861,#1862,#1859));
#1864=IFCARBITRARYCLOSEDPROFILEDEF(.AREA.,$,#1863);
#1865=IFCCARTESIANPOINT((0.,0.,0.));
#1866=IFCAXIS2PLACEMENT3D(#1865,$,$);
#1867=IFCDIRECTION((0.,0.,1.));
#1868=IFCEXTRUDEDAREASOLID(#1864,#1866,#1867,0.07);
#1869=IFCSTYLEDITEM(#1858,(#109),$);
#1870=IFCSTYLEDITEM(#1868,(#109),$);
#1871=IFCSHAPEREPRESENTATION(#12,'Body','SweptSolid',(#1858,#1868));
#1872=IFCPRODUCTDEFINITIONSHAPE($,$,(#1871));
#1873=IFCCOVERING('0ZMCAyOYi6E3tnIGk$kUOn',#5,'Skirting 3','70 × 15 mm',$,#1848,#1872,$,.SKIRTINGBOARD.);
#1874=IFCRELCOVERSBLDGELEMENTS('2JEQn89PZiAs$$vdRyGmBu',#5,$,$,#428,(#1873));
#1875=IFCCARTESIANPOINT((0.,0.,0.));
#1876=IFCDIRECTION((0.,0.,1.));
#1877=IFCDIRECTION((1.,0.,0.));
#1878=IFCAXIS2PLACEMENT3D(#1875,#1876,#1877);
#1879=IFCLOCALPLACEMENT(#26,#1878);
#1880=IFCCARTESIANPOINT((0.005,3.752));
#1881=IFCCARTESIANPOINT((0.4805,3.752));
#1882=IFCCARTESIANPOINT((0.4805,3.767));
#1883=IFCCARTESIANPOINT((0.005,3.767));
#1884=IFCPOLYLINE((#1880,#1881,#1882,#1883,#1880));
#1885=IFCARBITRARYCLOSEDPROFILEDEF(.AREA.,$,#1884);
#1886=IFCCARTESIANPOINT((0.,0.,0.));
#1887=IFCAXIS2PLACEMENT3D(#1886,$,$);
#1888=IFCDIRECTION((0.,0.,1.));
#1889=IFCEXTRUDEDAREASOLID(#1885,#1887,#1888,0.07);
#1890=IFCCARTESIANPOINT((4.4155,3.752));
#1891=IFCCARTESIANPOINT((4.77,3.752));
#1892=IFCCARTESIANPOINT((4.77,3.767));
#1893=IFCCARTESIANPOINT((4.4155,3.767));
#1894=IFCPOLYLINE((#1890,#1891,#1892,#1893,#1890));
#1895=IFCARBITRARYCLOSEDPROFILEDEF(.AREA.,$,#1894);
#1896=IFCCARTESIANPOINT((0.,0.,0.));
#1897=IFCAXIS2PLACEMENT3D(#1896,$,$);
#1898=IFCDIRECTION((0.,0.,1.));
#1899=IFCEXTRUDEDAREASOLID(#1895,#1897,#1898,0.07);
#1900=IFCCARTESIANPOINT((0.005,3.587));
#1901=IFCCARTESIANPOINT((0.4805,3.587));
#1902=IFCCARTESIANPOINT((0.4805,3.602));
#1903=IFCCARTESIANPOINT((0.005,3.602));
#1904=IFCPOLYLINE((#1900,#1901,#1902,#1903,#1900));
#1905=IFCARBITRARYCLOSEDPROFILEDEF(.AREA.,$,#1904);
#1906=IFCCARTESIANPOINT((0.,0.,0.));
#1907=IFCAXIS2PLACEMENT3D(#1906,$,$);
#1908=IFCDIRECTION((0.,0.,1.));
#1909=IFCEXTRUDEDAREASOLID(#1905,#1907,#1908,0.07);
#1910=IFCCARTESIANPOINT((4.4155,3.587));
#1911=IFCCARTESIANPOINT((4.77,3.587));
#1912=IFCCARTESIANPOINT((4.77,3.602));
#1913=IFCCARTESIANPOINT((4.4155,3.602));
#1914=IFCPOLYLINE((#1910,#1911,#1912,#1913,#1910));
#1915=IFCARBITRARYCLOSEDPROFILEDEF(.AREA.,$,#1914);
#1916=IFCCARTESIANPOINT((0.,0.,0.));
#1917=IFCAXIS2PLACEMENT3D(#1916,$,$);
#1918=IFCDIRECTION((0.,0.,1.));
#1919=IFCEXTRUDEDAREASOLID(#1915,#1917,#1918,0.07);
#1920=IFCSTYLEDITEM(#1889,(#109),$);
#1921=IFCSTYLEDITEM(#1899,(#109),$);
#1922=IFCSTYLEDITEM(#1909,(#109),$);
#1923=IFCSTYLEDITEM(#1919,(#109),$);
#1924=IFCSHAPEREPRESENTATION(#12,'Body','SweptSolid',(#1889,#1899,#1909,#1919));
#1925=IFCPRODUCTDEFINITIONSHAPE($,$,(#1924));
#1926=IFCCOVERING('0OL6UXbtm09u7kA5dO01az',#5,'Skirting 4','70 × 15 mm',$,#1879,#1925,$,.SKIRTINGBOARD.);
#1927=IFCRELCOVERSBLDGELEMENTS('0C6Pldsjjp2fQEwyZXjjRF',#5,$,$,#588,(#1926));
#1928=IFCCARTESIANPOINT((0.,0.,0.));
#1929=IFCDIRECTION((0.,0.,1.));
#1930=IFCDIRECTION((1.,0.,0.));
#1931=IFCAXIS2PLACEMENT3D(#1928,#1929,#1930);
#1932=IFCLOCALPLACEMENT(#26,#1931);
#1933=IFCCARTESIANPOINT((4.625,5.052));
#1934=IFCCARTESIANPOINT((5.485,5.052));
#1935=IFCCARTESIANPOINT((5.485,5.067));
#1936=IFCCARTESIANPOINT((4.625,5.067));
#1937=IFCPOLYLINE((#1933,#1934,#1935,#1936,#1933));
#1938=IFCARBITRARYCLOSEDPROFILEDEF(.AREA.,$,#1937);
#1939=IFCCARTESIANPOINT((0.,0.,0.));
#1940=IFCAXIS2PLACEMENT3D(#1939,$,$);
#1941=IFCDIRECTION((0.,0.,1.));
#1942=IFCEXTRUDEDAREASOLID(#1938,#1940,#1941,0.07);
#1943=IFCCARTESIANPOINT((9.525,5.052));
#1944=IFCCARTESIANPOINT((10.47,5.052));
#1945=IFCCARTESIANPOINT((10.47,5.067));
#1946=IFCCARTESIANPOINT((9.525,5.067));
#1947=IFCPOLYLINE((#1943,#1944,#1945,#1946,#1943));
#1948=IFCARBITRARYCLOSEDPROFILEDEF(.AREA.,$,#1947);
#1949=IFCCARTESIANPOINT((0.,0.,0.));
#1950=IFCAXIS2PLACEMENT3D(#1949,$,$);
#1951=IFCDIRECTION((0.,0.,1.));
#1952=IFCEXTRUDEDAREASOLID(#1948,#1950,#1951,0.07);
#1953=IFCCARTESIANPOINT((4.625,4.887));
#1954=IFCCARTESIANPOINT((5.485,4.887));
#1955=IFCCARTESIANPOINT((5.485,4.902));
#1956=IFCCARTESIANPOINT((4.625,4.902));
#1957=IFCPOLYLINE((#1953,#1954,#1955,#1956,#1953));
#1958=IFCARBITRARYCLOSEDPROFILEDEF(.AREA.,$,#1957);
#1959=IFCCARTESIANPOINT((0.,0.,0.));
#1960=IFCAXIS2PLACEMENT3D(#1959,$,$);
#1961=IFCDIRECTION((0.,0.,1.));
#1962=IFCEXTRUDEDAREASOLID(#1958,#1960,#1961,0.07);
#1963=IFCCARTESIANPOINT((9.525,4.887));
#1964=IFCCARTESIANPOINT((10.47,4.887));
#1965=IFCCARTESIANPOINT((10.47,4.902));
#1966=IFCCARTESIANPOINT((9.525,4.902));
#1967=IFCPOLYLINE((#1963,#1964,#1965,#1966,#1963));
#1968=IFCARBITRARYCLOSEDPROFILEDEF(.AREA.,$,#1967);
#1969=IFCCARTESIANPOINT((0.,0.,0.));
#1970=IFCAXIS2PLACEMENT3D(#1969,$,$);
#1971=IFCDIRECTION((0.,0.,1.));
#1972=IFCEXTRUDEDAREASOLID(#1968,#1970,#1971,0.07);
#1973=IFCSTYLEDITEM(#1942,(#109),$);
#1974=IFCSTYLEDITEM(#1952,(#109),$);
#1975=IFCSTYLEDITEM(#1962,(#109),$);
#1976=IFCSTYLEDITEM(#1972,(#109),$);
#1977=IFCSHAPEREPRESENTATION(#12,'Body','SweptSolid',(#1942,#1952,#1962,#1972));
#1978=IFCPRODUCTDEFINITIONSHAPE($,$,(#1977));
#1979=IFCCOVERING('0KCkF0TxtYu8LPOPPQgfCR',#5,'Skirting 5','70 × 15 mm',$,#1932,#1978,$,.SKIRTINGBOARD.);
#1980=IFCRELCOVERSBLDGELEMENTS('3SL7WGoF73L4NJzeeRYS47',#5,$,$,#660,(#1979));
#1981=IFCCARTESIANPOINT((0.,0.,0.));
#1982=IFCDIRECTION((0.,0.,1.));
#1983=IFCDIRECTION((1.,0.,0.));
#1984=IFCAXIS2PLACEMENT3D(#1981,#1982,#1983);
#1985=IFCLOCALPLACEMENT(#26,#1984);
#1986=IFCCARTESIANPOINT((4.61,3.75007));
#1987=IFCCARTESIANPOINT((4.615111,7.390067));
#1988=IFCCARTESIANPOINT((4.600111,7.390088));
#1989=IFCCARTESIANPOINT((4.595,3.750091));
#1990=IFCPOLYLINE((#1986,#1987,#1988,#1989,#1986));
#1991=IFCARBITRARYCLOSEDPROFILEDEF(.AREA.,$,#1990);
#1992=IFCCARTESIANPOINT((0.,0.,0.));
#1993=IFCAXIS2PLACEMENT3D(#1992,$,$);
#1994=IFCDIRECTION((0.,0.,1.));
#1995=IFCEXTRUDEDAREASOLID(#1991,#1993,#1994,0.07);
#1996=IFCCARTESIANPOINT((4.616305,8.240066));
#1997=IFCCARTESIANPOINT((4.624,13.72007));
#1998=IFCCARTESIANPOINT((4.609,13.720091));
#1999=IFCCARTESIANPOINT((4.601305,8.240087));
#2000=IFCPOLYLINE((#1996,#1997,#1998,#1999,#1996));
#2001=IFCARBITRARYCLOSEDPROFILEDEF(.AREA.,$,#2000);
#2002=IFCCARTESIANPOINT((0.,0.,0.));
#2003=IFCAXIS2PLACEMENT3D(#2002,$,$);
#2004=IFCDIRECTION((0.,0.,1.));
#2005=IFCEXTRUDEDAREASOLID(#2001,#2003,#2004,0.07);
#2006=IFCCARTESIANPOINT((4.725,3.749909));
#2007=IFCCARTESIANPOINT((4.730111,7.389905));
#2008=IFCCARTESIANPOINT((4.715111,7.389926));
#2009=IFCCARTESIANPOINT((4.71,3.74993));
#2010=IFCPOLYLINE((#2006,#2007,#2008,#2009,#2006));
#2011=IFCARBITRARYCLOSEDPROFILEDEF(.AREA.,$,#2010);
#2012=IFCCARTESIANPOINT((0.,0.,0.));
#2013=IFCAXIS2PLACEMENT3D(#2012,$,$);
#2014=IFCDIRECTION((0.,0.,1.));
#2015=IFCEXTRUDEDAREASOLID(#2011,#2013,#2014,0.07);
#2016=IFCCARTESIANPOINT((4.731305,8.239904));
#2017=IFCCARTESIANPOINT((4.739,13.719909));
#2018=IFCCARTESIANPOINT((4.724,13.71993));
#2019=IFCCARTESIANPOINT((4.716305,8.239925));
#2020=IFCPOLYLINE((#2016,#2017,#2018,#2019,#2016));
#2021=IFCARBITRARYCLOSEDPROFILEDEF(.AREA.,$,#2020);
#2022=IFCCARTESIANPOINT((0.,0.,0.));
#2023=IFCAXIS2PLACEMENT3D(#2022,$,$);
#2024=IFCDIRECTION((0.,0.,1.));
#2025=IFCEXTRUDEDAREASOLID(#2021,#2023,#2024,0.07);
#2026=IFCSTYLEDITEM(#1995,(#109),$);
#2027=IFCSTYLEDITEM(#2005,(#109),$);
#2028=IFCSTYLEDITEM(#2015,(#109),$);
#2029=IFCSTYLEDITEM(#2025,(#109),$);
#2030=IFCSHAPEREPRESENTATION(#12,'Body','SweptSolid',(#1995,#2005,#2015,#2025));
#2031=IFCPRODUCTDEFINITIONSHAPE($,$,(#2030));
#2032=IFCCOVERING('1A39mXMKlMMOBAfM552mzK',#5,'Skirting 6','70 × 15 mm',$,#1985,#2031,$,.SKIRTINGBOARD.);
#2033=IFCRELCOVERSBLDGELEMENTS('1OuYuqFwkfMjPbG7oIBuOj',#5,$,$,#732,(#2032));
#2034=IFCCARTESIANPOINT((0.,0.,0.));
#2035=IFCDIRECTION((0.,0.,1.));
#2036=IFCDIRECTION((1.,0.,0.));
#2037=IFCAXIS2PLACEMENT3D(#2034,#2035,#2036);
#2038=IFCLOCALPLACEMENT(#26,#2037);
#2039=IFCCARTESIANPOINT((0.005,8.452));
#2040=IFCCARTESIANPOINT((1.6755,8.452));
#2041=IFCCARTESIANPOINT((1.6755,8.467));
#2042=IFCCARTESIANPOINT((0.005,8.467));
#2043=IFCPOLYLINE((#2039,#2040,#2041,#2042,#2039));
#2044=IFCARBITRARYCLOSEDPROFILEDEF(.AREA.,$,#2043);
#2045=IFCCARTESIANPOINT((0.,0.,0.));
#2046=IFCAXIS2PLACEMENT3D(#2045,$,$);
#2047=IFCDIRECTION((0.,0.,1.));
#2048=IFCEXTRUDEDAREASOLID(#2044,#2046,#2047,0.07);
#2049=IFCCARTESIANPOINT((2.8805,8.452));
#2050=IFCCARTESIANPOINT((4.72,8.452));
#2051=IFCCARTESIANPOINT((4.72,8.467));
#2052=IFCCARTESIANPOINT((2.8805,8.467));
#2053=IFCPOLYLINE((#2049,#2050,#2051,#2052,#2049));
#2054=IFCARBITRARYCLOSEDPROFILEDEF(.AREA.,$,#2053);
#2055=IFCCARTESIANPOINT((0.,0.,0.));
#2056=IFCAXIS2PLACEMENT3D(#2055,$,$);
#2057=IFCDIRECTION((0.,0.,1.));
#2058=IFCEXTRUDEDAREASOLID(#2054,#2056,#2057,0.07);
#2059=IFCCARTESIANPOINT((0.005,8.337));
#2060=IFCCARTESIANPOINT((1.6755,8.337));
#2061=IFCCARTESIANPOINT((1.6755,8.352));
#2062=IFCCARTESIANPOINT((0.005,8.352));
#2063=IFCPOLYLINE((#2059,#2060,#2061,#2062,#2059));
#2064=IFCARBITRARYCLOSEDPROFILEDEF(.AREA.,$,#2063);
#2065=IFCCARTESIANPOINT((0.,0.,0.));
#2066=IFCAXIS2PLACEMENT3D(#2065,$,$);
#2067=IFCDIRECTION((0.,0.,1.));
#2068=IFCEXTRUDEDAREASOLID(#2064,#2066,#2067,0.07);
#2069=IFCCARTESIANPOINT((2.8805,8.337));
#2070=IFCCARTESIANPOINT((4.72,8.337));
#2071=IFCCARTESIANPOINT((4.72,8.352));
#2072=IFCCARTESIANPOINT((2.8805,8.352));
#2073=IFCPOLYLINE((#2069,#2070,#2071,#2072,#2069));
#2074=IFCARBITRARYCLOSEDPROFILEDEF(.AREA.,$,#2073);
#2075=IFCCARTESIANPOINT((0.,0.,0.));
#2076=IFCAXIS2PLACEMENT3D(#2075,$,$);
#2077=IFCDIRECTION((0.,0.,1.));
#2078=IFCEXTRUDEDAREASOLID(#2074,#2076,#2077,0.07);
#2079=IFCSTYLEDITEM(#2048,(#109),$);
#2080=IFCSTYLEDITEM(#2058,(#109),$);
#2081=IFCSTYLEDITEM(#2068,(#109),$);
#2082=IFCSTYLEDITEM(#2078,(#109),$);
#2083=IFCSHAPEREPRESENTATION(#12,'Body','SweptSolid',(#2048,#2058,#2068,#2078));
#2084=IFCPRODUCTDEFINITIONSHAPE($,$,(#2083));
#2085=IFCCOVERING('21EfxNNaVBlHDKiyrwaZix',#5,'Skirting 7','70 × 15 mm',$,#2038,#2084,$,.SKIRTINGBOARD.);
#2086=IFCRELCOVERSBLDGELEMENTS('1sVZr0gXE6fBIXOWEDYgcG',#5,$,$,#804,(#2085));
#2087=IFCCARTESIANPOINT((0.,0.,0.));
#2088=IFCDIRECTION((0.,0.,1.));
#2089=IFCDIRECTION((1.,0.,0.));
#2090=IFCAXIS2PLACEMENT3D(#2087,#2088,#2089);
#2091=IFCLOCALPLACEMENT(#26,#2090);
#2092=IFCCARTESIANPOINT((0.,0.,0.));
#2093=IFCDIRECTION((0.,0.,1.));
#2094=IFCDIRECTION((1.,0.,0.));
#2095=IFCAXIS2PLACEMENT3D(#2092,#2093,#2094);
#2096=IFCLOCALPLACEMENT(#26,#2095);
#2097=IFCCARTESIANPOINT((0.,0.,0.));
#2098=IFCDIRECTION((0.,0.,1.));
#2099=IFCDIRECTION((1.,0.,0.));
#2100=IFCAXIS2PLACEMENT3D(#2097,#2098,#2099);
#2101=IFCLOCALPLACEMENT(#26,#2100);
#2102=IFCCARTESIANPOINT((0.,0.,0.));
#2103=IFCDIRECTION((0.,0.,1.));
#2104=IFCDIRECTION((1.,0.,0.));
#2105=IFCAXIS2PLACEMENT3D(#2102,#2103,#2104);
#2106=IFCLOCALPLACEMENT(#26,#2105);
#2107=IFCCARTESIANPOINT((0.,0.,0.));
#2108=IFCDIRECTION((0.,0.,1.));
#2109=IFCDIRECTION((1.,0.,0.));
#2110=IFCAXIS2PLACEMENT3D(#2107,#2108,#2109);
#2111=IFCLOCALPLACEMENT(#26,#2110);
#2112=IFCCARTESIANPOINT((4.624,15.155));
#2113=IFCCARTESIANPOINT((4.624,17.06));
#2114=IFCCARTESIANPOINT((4.609,17.06));
#2115=IFCCARTESIANPOINT((4.609,15.155));
#2116=IFCPOLYLINE((#2112,#2113,#2114,#2115,#2112));
#2117=IFCARBITRARYCLOSEDPROFILEDEF(.AREA.,$,#2116);
#2118=IFCCARTESIANPOINT((0.,0.,0.));
#2119=IFCAXIS2PLACEMENT3D(#2118,$,$);
#2120=IFCDIRECTION((0.,0.,1.));
#2121=IFCEXTRUDEDAREASOLID(#2117,#2119,#2120,0.07);
#2122=IFCCARTESIANPOINT((4.739,15.155));
#2123=IFCCARTESIANPOINT((4.739,17.06));
#2124=IFCCARTESIANPOINT((4.724,17.06));
#2125=IFCCARTESIANPOINT((4.724,15.155));
#2126=IFCPOLYLINE((#2122,#2123,#2124,#2125,#2122));
#2127=IFCARBITRARYCLOSEDPROFILEDEF(.AREA.,$,#2126);
#2128=IFCCARTESIANPOINT((0.,0.,0.));
#2129=IFCAXIS2PLACEMENT3D(#2128,$,$);
#2130=IFCDIRECTION((0.,0.,1.));
#2131=IFCEXTRUDEDAREASOLID(#2127,#2129,#2130,0.07);
#2132=IFCSTYLEDITEM(#2121,(#109),$);
#2133=IFCSTYLEDITEM(#2131,(#109),$);
#2134=IFCSHAPEREPRESENTATION(#12,'Body','SweptSolid',(#2121,#2131));
#2135=IFCPRODUCTDEFINITIONSHAPE($,$,(#2134));
#2136=IFCCOVERING('2Mvb_zSJTwKJ7ULa$1NUlg',#5,'Skirting 8','70 × 15 mm',$,#2111,#2135,$,.SKIRTINGBOARD.);
#2137=IFCRELCOVERSBLDGELEMENTS('1cfcEtsgC4RWNaMUbXIC2F',#5,$,$,#1066,(#2136));
#2138=IFCCARTESIANPOINT((0.,0.,0.));
#2139=IFCDIRECTION((0.,0.,1.));
#2140=IFCDIRECTION((1.,0.,0.));
#2141=IFCAXIS2PLACEMENT3D(#2138,#2139,#2140);
#2142=IFCLOCALPLACEMENT(#26,#2141);
#2143=IFCCARTESIANPOINT((4.285,17.062));
#2144=IFCCARTESIANPOINT((4.72,17.062));
#2145=IFCCARTESIANPOINT((4.72,17.077));
#2146=IFCCARTESIANPOINT((4.285,17.077));
#2147=IFCPOLYLINE((#2143,#2144,#2145,#2146,#2143));
#2148=IFCARBITRARYCLOSEDPROFILEDEF(.AREA.,$,#2147);
#2149=IFCCARTESIANPOINT((0.,0.,0.));
#2150=IFCAXIS2PLACEMENT3D(#2149,$,$);
#2151=IFCDIRECTION((0.,0.,1.));
#2152=IFCEXTRUDEDAREASOLID(#2148,#2150,#2151,0.07);
#2153=IFCCARTESIANPOINT((4.285,16.947));
#2154=IFCCARTESIANPOINT((4.72,16.947));
#2155=IFCCARTESIANPOINT((4.72,16.962));
#2156=IFCCARTESIANPOINT((4.285,16.962));
#2157=IFCPOLYLINE((#2153,#2154,#2155,#2156,#2153));
#2158=IFCARBITRARYCLOSEDPROFILEDEF(.AREA.,$,#2157);
#2159=IFCCARTESIANPOINT((0.,0.,0.));
#2160=IFCAXIS2PLACEMENT3D(#2159,$,$);
#2161=IFCDIRECTION((0.,0.,1.));
#2162=IFCEXTRUDEDAREASOLID(#2158,#2160,#2161,0.07);
#2163=IFCSTYLEDITEM(#2152,(#109),$);
#2164=IFCSTYLEDITEM(#2162,(#109),$);
#2165=IFCSHAPEREPRESENTATION(#12,'Body','SweptSolid',(#2152,#2162));
#2166=IFCPRODUCTDEFINITIONSHAPE($,$,(#2165));
#2167=IFCCOVERING('0BM3miSrKYPxIvxgJSQH$M',#5,'Skirting 9','70 × 15 mm',$,#2142,#2166,$,.SKIRTINGBOARD.);
#2168=IFCRELCOVERSBLDGELEMENTS('0mseGh2Cm6nNGW$vpM8xWB',#5,$,$,#1081,(#2167));
#2169=IFCCARTESIANPOINT((0.,0.,0.));
#2170=IFCDIRECTION((0.,0.,1.));
#2171=IFCDIRECTION((1.,0.,0.));
#2172=IFCAXIS2PLACEMENT3D(#2169,#2170,#2171);
#2173=IFCLOCALPLACEMENT(#26,#2172);
#2174=IFCCARTESIANPOINT((0.,0.,0.));
#2175=IFCDIRECTION((0.,0.,1.));
#2176=IFCDIRECTION((1.,0.,0.));
#2177=IFCAXIS2PLACEMENT3D(#2174,#2175,#2176);
#2178=IFCLOCALPLACEMENT(#26,#2177);
#2179=IFCCARTESIANPOINT((6.424,12.895));
#2180=IFCCARTESIANPOINT((6.424,13.94));
#2181=IFCCARTESIANPOINT((6.409,13.94));
#2182=IFCCARTESIANPOINT((6.409,12.895));
#2183=IFCPOLYLINE((#2179,#2180,#2181,#2182,#2179));
#2184=IFCARBITRARYCLOSEDPROFILEDEF(.AREA.,$,#2183);
#2185=IFCCARTESIANPOINT((0.,0.,0.));
#2186=IFCAXIS2PLACEMENT3D(#2185,$,$);
#2187=IFCDIRECTION((0.,0.,1.));
#2188=IFCEXTRUDEDAREASOLID(#2184,#2186,#2187,0.07);
#2189=IFCCARTESIANPOINT((6.424,14.8));
#2190=IFCCARTESIANPOINT((6.424,16.0555));
#2191=IFCCARTESIANPOINT((6.409,16.0555));
#2192=IFCCARTESIANPOINT((6.409,14.8));
#2193=IFCPOLYLINE((#2189,#2190,#2191,#2192,#2189));
#2194=IFCARBITRARYCLOSEDPROFILEDEF(.AREA.,$,#2193);
#2195=IFCCARTESIANPOINT((0.,0.,0.));
#2196=IFCAXIS2PLACEMENT3D(#2195,$,$);
#2197=IFCDIRECTION((0.,0.,1.));
#2198=IFCEXTRUDEDAREASOLID(#2194,#2196,#2197,0.07);
#2199=IFCCARTESIANPOINT((6.424,16.9205));
#2200=IFCCARTESIANPOINT((6.424,19.6));
#2201=IFCCARTESIANPOINT((6.409,19.6));
#2202=IFCCARTESIANPOINT((6.409,16.9205));
#2203=IFCPOLYLINE((#2199,#2200,#2201,#2202,#2199));
#2204=IFCARBITRARYCLOSEDPROFILEDEF(.AREA.,$,#2203);
#2205=IFCCARTESIANPOINT((0.,0.,0.));
#2206=IFCAXIS2PLACEMENT3D(#2205,$,$);
#2207=IFCDIRECTION((0.,0.,1.));
#2208=IFCEXTRUDEDAREASOLID(#2204,#2206,#2207,0.07);
#2209=IFCCARTESIANPOINT((6.539,12.895));
#2210=IFCCARTESIANPOINT((6.539,13.94));
#2211=IFCCARTESIANPOINT((6.524,13.94));
#2212=IFCCARTESIANPOINT((6.524,12.895));
#2213=IFCPOLYLINE((#2209,#2210,#2211,#2212,#2209));
#2214=IFCARBITRARYCLOSEDPROFILEDEF(.AREA.,$,#2213);
#2215=IFCCARTESIANPOINT((0.,0.,0.));
#2216=IFCAXIS2PLACEMENT3D(#2215,$,$);
#2217=IFCDIRECTION((0.,0.,1.));
#2218=IFCEXTRUDEDAREASOLID(#2214,#2216,#2217,0.07);
#2219=IFCCARTESIANPOINT((6.539,14.8));
#2220=IFCCARTESIANPOINT((6.539,16.0555));
#2221=IFCCARTESIANPOINT((6.524,16.0555));
#2222=IFCCARTESIANPOINT((6.524,14.8));
#2223=IFCPOLYLINE((#2219,#2220,#2221,#2222,#2219));
#2224=IFCARBITRARYCLOSEDPROFILEDEF(.AREA.,$,#2223);
#2225=IFCCARTESIANPOINT((0.,0.,0.));
#2226=IFCAXIS2PLACEMENT3D(#2225,$,$);
#2227=IFCDIRECTION((0.,0.,1.));
#2228=IFCEXTRUDEDAREASOLID(#2224,#2226,#2227,0.07);
#2229=IFCCARTESIANPOINT((6.539,16.9205));
#2230=IFCCARTESIANPOINT((6.539,19.6));
#2231=IFCCARTESIANPOINT((6.524,19.6));
#2232=IFCCARTESIANPOINT((6.524,16.9205));
#2233=IFCPOLYLINE((#2229,#2230,#2231,#2232,#2229));
#2234=IFCARBITRARYCLOSEDPROFILEDEF(.AREA.,$,#2233);
#2235=IFCCARTESIANPOINT((0.,0.,0.));
#2236=IFCAXIS2PLACEMENT3D(#2235,$,$);
#2237=IFCDIRECTION((0.,0.,1.));
#2238=IFCEXTRUDEDAREASOLID(#2234,#2236,#2237,0.07);
#2239=IFCSTYLEDITEM(#2188,(#109),$);
#2240=IFCSTYLEDITEM(#2198,(#109),$);
#2241=IFCSTYLEDITEM(#2208,(#109),$);
#2242=IFCSTYLEDITEM(#2218,(#109),$);
#2243=IFCSTYLEDITEM(#2228,(#109),$);
#2244=IFCSTYLEDITEM(#2238,(#109),$);
#2245=IFCSHAPEREPRESENTATION(#12,'Body','SweptSolid',(#2188,#2198,#2208,#2218,#2228,#2238));
#2246=IFCPRODUCTDEFINITIONSHAPE($,$,(#2245));
#2247=IFCCOVERING('1Nz6VNM2wvQEu5V0W5T$jE',#5,'Skirting 10','70 × 15 mm',$,#2178,#2246,$,.SKIRTINGBOARD.);
#2248=IFCRELCOVERSBLDGELEMENTS('3ow07J8eqKPqRq4pfxgBa4',#5,$,$,#1111,(#2247));
#2249=IFCCARTESIANPOINT((0.,0.,0.));
#2250=IFCDIRECTION((0.,0.,1.));
#2251=IFCDIRECTION((1.,0.,0.));
#2252=IFCAXIS2PLACEMENT3D(#2249,#2250,#2251);
#2253=IFCLOCALPLACEMENT(#26,#2252);
#2254=IFCCARTESIANPOINT((6.425,13.802));
#2255=IFCCARTESIANPOINT((10.47,13.802));
#2256=IFCCARTESIANPOINT((10.47,13.817));
#2257=IFCCARTESIANPOINT((6.425,13.817));
#2258=IFCPOLYLINE((#2254,#2255,#2256,#2257,#2254));
#2259=IFCARBITRARYCLOSEDPROFILEDEF(.AREA.,$,#2258);
#2260=IFCCARTESIANPOINT((0.,0.,0.));
#2261=IFCAXIS2PLACEMENT3D(#2260,$,$);
#2262=IFCDIRECTION((0.,0.,1.));
#2263=IFCEXTRUDEDAREASOLID(#2259,#2261,#2262,0.07);
#2264=IFCCARTESIANPOINT((6.425,13.687));
#2265=IFCCARTESIANPOINT((10.47,13.687));
#2266=IFCCARTESIANPOINT((10.47,13.702));
#2267=IFCCARTESIANPOINT((6.425,13.702));
#2268=IFCPOLYLINE((#2264,#2265,#2266,#2267,#2264));
#2269=IFCARBITRARYCLOSEDPROFILEDEF(.AREA.,$,#2268);
#2270=IFCCARTESIANPOINT((0.,0.,0.));
#2271=IFCAXIS2PLACEMENT3D(#2270,$,$);
#2272=IFCDIRECTION((0.,0.,1.));
#2273=IFCEXTRUDEDAREASOLID(#2269,#2271,#2272,0.07);
#2274=IFCSTYLEDITEM(#2263,(#109),$);
#2275=IFCSTYLEDITEM(#2273,(#109),$);
#2276=IFCSHAPEREPRESENTATION(#12,'Body','SweptSolid',(#2263,#2273));
#2277=IFCPRODUCTDEFINITIONSHAPE($,$,(#2276));
#2278=IFCCOVERING('2G_M7bro9dJ1cD8E3EBLaA',#5,'Skirting 11','70 × 15 mm',$,#2253,#2277,$,.SKIRTINGBOARD.);
#2279=IFCRELCOVERSBLDGELEMENTS('0HbfB$otPACg9EGLxCOjiB',#5,$,$,#1240,(#2278));
#2280=IFCCARTESIANPOINT((0.,0.,0.));
#2281=IFCDIRECTION((0.,0.,1.));
#2282=IFCDIRECTION((1.,0.,0.));
#2283=IFCAXIS2PLACEMENT3D(#2280,#2281,#2282);
#2284=IFCLOCALPLACEMENT(#26,#2283);
#2285=IFCCARTESIANPOINT((6.425,15.902));
#2286=IFCCARTESIANPOINT((10.47,15.902));
#2287=IFCCARTESIANPOINT((10.47,15.917));
#2288=IFCCARTESIANPOINT((6.425,15.917));
#2289=IFCPOLYLINE((#2285,#2286,#2287,#2288,#2285));
#2290=IFCARBITRARYCLOSEDPROFILEDEF(.AREA.,$,#2289);
#2291=IFCCARTESIANPOINT((0.,0.,0.));
#2292=IFCAXIS2PLACEMENT3D(#2291,$,$);
#2293=IFCDIRECTION((0.,0.,1.));
#2294=IFCEXTRUDEDAREASOLID(#2290,#2292,#2293,0.07);
#2295=IFCCARTESIANPOINT((6.425,15.787));
#2296=IFCCARTESIANPOINT((10.47,15.787));
#2297=IFCCARTESIANPOINT((10.47,15.802));
#2298=IFCCARTESIANPOINT((6.425,15.802));
#2299=IFCPOLYLINE((#2295,#2296,#2297,#2298,#2295));
#2300=IFCARBITRARYCLOSEDPROFILEDEF(.AREA.,$,#2299);
#2301=IFCCARTESIANPOINT((0.,0.,0.));
#2302=IFCAXIS2PLACEMENT3D(#2301,$,$);
#2303=IFCDIRECTION((0.,0.,1.));
#2304=IFCEXTRUDEDAREASOLID(#2300,#2302,#2303,0.07);
#2305=IFCSTYLEDITEM(#2294,(#109),$);
#2306=IFCSTYLEDITEM(#2304,(#109),$);
#2307=IFCSHAPEREPRESENTATION(#12,'Body','SweptSolid',(#2294,#2304));
#2308=IFCPRODUCTDEFINITIONSHAPE($,$,(#2307));
#2309=IFCCOVERING('20VurhI5ZYBsKKSa__aR2Z',#5,'Skirting 12','70 × 15 mm',$,#2284,#2308,$,.SKIRTINGBOARD.);
#2310=IFCRELCOVERSBLDGELEMENTS('2Z998RYw7XwRT83DhexS0i',#5,$,$,#1255,(#2309));
#2311=IFCCARTESIANPOINT((0.,0.,0.));
#2312=IFCDIRECTION((0.,0.,1.));
#2313=IFCDIRECTION((1.,0.,0.));
#2314=IFCAXIS2PLACEMENT3D(#2311,#2312,#2313);
#2315=IFCLOCALPLACEMENT(#26,#2314);
#2316=IFCCARTESIANPOINT((0.,0.,0.));
#2317=IFCDIRECTION((0.,0.,1.));
#2318=IFCDIRECTION((1.,0.,0.));
#2319=IFCAXIS2PLACEMENT3D(#2316,#2317,#2318);
#2320=IFCLOCALPLACEMENT(#26,#2319);
#2321=IFCCARTESIANPOINT((0.,0.,0.));
#2322=IFCDIRECTION((0.,0.,1.));
#2323=IFCDIRECTION((1.,0.,0.));
#2324=IFCAXIS2PLACEMENT3D(#2321,#2322,#2323);
#2325=IFCLOCALPLACEMENT(#26,#2324);
#2326=IFCCARTESIANPOINT((0.,0.,0.));
#2327=IFCDIRECTION((0.,0.,1.));
#2328=IFCDIRECTION((1.,0.,0.));
#2329=IFCAXIS2PLACEMENT3D(#2326,#2327,#2328);
#2330=IFCLOCALPLACEMENT(#26,#2329);
#2331=IFCCARTESIANPOINT((0.,0.,0.));
#2332=IFCDIRECTION((0.,0.,1.));
#2333=IFCDIRECTION((1.,0.,0.));
#2334=IFCAXIS2PLACEMENT3D(#2331,#2332,#2333);
#2335=IFCLOCALPLACEMENT(#26,#2334);
#2336=IFCCARTESIANPOINT((5.25,0.6,0.));
#2337=IFCDIRECTION((0.,0.,1.));
#2338=IFCDIRECTION((1.,0.,0.));
#2339=IFCAXIS2PLACEMENT3D(#2336,#2337,#2338);
#2340=IFCLOCALPLACEMENT(#26,#2339);
#2341=IFCCARTESIANPOINT((0.,0.));
#2342=IFCAXIS2PLACEMENT2D(#2341,$);
#2343=IFCCIRCLEPROFILEDEF(.AREA.,$,#2342,0.2);
#2344=IFCCARTESIANPOINT((0.,0.,0.));
#2345=IFCAXIS2PLACEMENT3D(#2344,$,$);
#2346=IFCDIRECTION((0.,0.,1.));
#2347=IFCEXTRUDEDAREASOLID(#2343,#2345,#2346,2.7);
#2348=IFCSHAPEREPRESENTATION(#12,'Body','SweptSolid',(#2347));
#2349=IFCPRODUCTDEFINITIONSHAPE($,$,(#2348));
#2350=IFCCOLUMN('3jNtr7FlsCkfpr_k4ZxawL',#5,'Column 1','Round Ø400 mm',$,#2340,#2349,$,.COLUMN.);
#2351=IFCCARTESIANPOINT((11.,1.6,0.));
#2352=IFCDIRECTION((0.,0.,1.));
#2353=IFCDIRECTION((1.,0.,0.));
#2354=IFCAXIS2PLACEMENT3D(#2351,#2352,#2353);
#2355=IFCLOCALPLACEMENT(#26,#2354);
#2356=IFCCARTESIANPOINT((0.,0.));
#2357=IFCAXIS2PLACEMENT2D(#2356,$);
#2358=IFCCIRCLEPROFILEDEF(.AREA.,$,#2357,0.2);
#2359=IFCCARTESIANPOINT((0.,0.,0.));
#2360=IFCAXIS2PLACEMENT3D(#2359,$,$);
#2361=IFCDIRECTION((0.,0.,1.));
#2362=IFCEXTRUDEDAREASOLID(#2358,#2360,#2361,2.7);
#2363=IFCSHAPEREPRESENTATION(#12,'Body','SweptSolid',(#2362));
#2364=IFCPRODUCTDEFINITIONSHAPE($,$,(#2363));
#2365=IFCCOLUMN('3MrFxzhqN3sqbaf1x$OQNQ',#5,'Column 2','Round Ø400 mm',$,#2355,#2364,$,.COLUMN.);
#2366=IFCCARTESIANPOINT((10.474,5.75,0.));
#2367=IFCDIRECTION((0.,0.,1.));
#2368=IFCDIRECTION((1.,0.,0.));
#2369=IFCAXIS2PLACEMENT3D(#2366,#2367,#2368);
#2370=IFCLOCALPLACEMENT(#26,#2369);
#2371=IFCCARTESIANPOINT((0.,0.));
#2372=IFCAXIS2PLACEMENT2D(#2371,$);
#2373=IFCRECTANGLEPROFILEDEF(.AREA.,$,#2372,0.05,0.05);
#2374=IFCCARTESIANPOINT((0.,0.,0.));
#2375=IFCAXIS2PLACEMENT3D(#2374,$,$);
#2376=IFCDIRECTION((0.,0.,1.));
#2377=IFCEXTRUDEDAREASOLID(#2373,#2375,#2376,0.95);
#2378=IFCCARTESIANPOINT((1.048,0.));
#2379=IFCAXIS2PLACEMENT2D(#2378,$);
#2380=IFCRECTANGLEPROFILEDEF(.AREA.,$,#2379,0.05,0.05);
#2381=IFCCARTESIANPOINT((0.,0.,0.));
#2382=IFCAXIS2PLACEMENT3D(#2381,$,$);
#2383=IFCDIRECTION((0.,0.,1.));
#2384=IFCEXTRUDEDAREASOLID(#2380,#2382,#2383,0.95);
#2385=IFCCARTESIANPOINT((0.,0.95));
#2386=IFCCARTESIANPOINT((1.048,0.95));
#2387=IFCCARTESIANPOINT((1.048,1.));
#2388=IFCCARTESIANPOINT((0.,1.));
#2389=IFCPOLYLINE((#2385,#2386,#2387,#2388,#2385));
#2390=IFCARBITRARYCLOSEDPROFILEDEF(.AREA.,$,#2389);
#2391=IFCCARTESIANPOINT((0.,0.025,0.));
#2392=IFCDIRECTION((0.,-1.,0.));
#2393=IFCDIRECTION((1.,0.,0.));
#2394=IFCAXIS2PLACEMENT3D(#2391,#2392,#2393);
#2395=IFCDIRECTION((0.,0.,1.));
#2396=IFCEXTRUDEDAREASOLID(#2390,#2394,#2395,0.05);
#2397=IFCCARTESIANPOINT((0.,0.47));
#2398=IFCCARTESIANPOINT((1.048,0.47));
#2399=IFCCARTESIANPOINT((1.048,0.5));
#2400=IFCCARTESIANPOINT((0.,0.5));
#2401=IFCPOLYLINE((#2397,#2398,#2399,#2400,#2397));
#2402=IFCARBITRARYCLOSEDPROFILEDEF(.AREA.,$,#2401);
#2403=IFCCARTESIANPOINT((0.,0.015,0.));
#2404=IFCDIRECTION((0.,-1.,0.));
#2405=IFCDIRECTION((1.,0.,0.));
#2406=IFCAXIS2PLACEMENT3D(#2403,#2404,#2405);
#2407=IFCDIRECTION((0.,0.,1.));
#2408=IFCEXTRUDEDAREASOLID(#2402,#2406,#2407,0.03);
#2409=IFCCOLOURRGB($,0.647059,0.647059,0.647059);
#2410=IFCSURFACESTYLESHADING(#2409,0.);
#2411=IFCSURFACESTYLE('Metal',.BOTH.,(#2410));
#2412=IFCSTYLEDITEM(#2377,(#2411),$);
#2413=IFCSTYLEDITEM(#2384,(#2411),$);
#2414=IFCSTYLEDITEM(#2396,(#2411),$);
#2415=IFCSTYLEDITEM(#2408,(#2411),$);
#2416=IFCSHAPEREPRESENTATION(#12,'Body','SweptSolid',(#2377,#2384,#2396,#2408));
#2417=IFCPRODUCTDEFINITIONSHAPE($,$,(#2416));
#2418=IFCRAILING('3fvtsb8N498vo71u4br07f',#5,'Railing 1',$,$,#2370,#2417,$,.GUARDRAIL.);
#2419=IFCCARTESIANPOINT((11.522,5.75,0.));
#2420=IFCDIRECTION((0.,0.,1.));
#2421=IFCDIRECTION((0.,-1.,0.));
#2422=IFCAXIS2PLACEMENT3D(#2419,#2420,#2421);
#2423=IFCLOCALPLACEMENT(#26,#2422);
#2424=IFCCARTESIANPOINT((0.,0.));
#2425=IFCAXIS2PLACEMENT2D(#2424,$);
#2426=IFCRECTANGLEPROFILEDEF(.AREA.,$,#2425,0.05,0.05);
#2427=IFCCARTESIANPOINT((0.,0.,0.));
#2428=IFCAXIS2PLACEMENT3D(#2427,$,$);
#2429=IFCDIRECTION((0.,0.,1.));
#2430=IFCEXTRUDEDAREASOLID(#2426,#2428,#2429,0.95);
#2431=IFCCARTESIANPOINT((1.15,0.));
#2432=IFCAXIS2PLACEMENT2D(#2431,$);
#2433=IFCRECTANGLEPROFILEDEF(.AREA.,$,#2432,0.05,0.05);
#2434=IFCCARTESIANPOINT((0.,0.,0.));
#2435=IFCAXIS2PLACEMENT3D(#2434,$,$);
#2436=IFCDIRECTION((0.,0.,1.));
#2437=IFCEXTRUDEDAREASOLID(#2433,#2435,#2436,0.95);
#2438=IFCCARTESIANPOINT((2.3,0.));
#2439=IFCAXIS2PLACEMENT2D(#2438,$);
#2440=IFCRECTANGLEPROFILEDEF(.AREA.,$,#2439,0.05,0.05);
#2441=IFCCARTESIANPOINT((0.,0.,0.));
#2442=IFCAXIS2PLACEMENT3D(#2441,$,$);
#2443=IFCDIRECTION((0.,0.,1.));
#2444=IFCEXTRUDEDAREASOLID(#2440,#2442,#2443,0.95);
#2445=IFCCARTESIANPOINT((3.45,0.));
#2446=IFCAXIS2PLACEMENT2D(#2445,$);
#2447=IFCRECTANGLEPROFILEDEF(.AREA.,$,#2446,0.05,0.05);
#2448=IFCCARTESIANPOINT((0.,0.,0.));
#2449=IFCAXIS2PLACEMENT3D(#2448,$,$);
#2450=IFCDIRECTION((0.,0.,1.));
#2451=IFCEXTRUDEDAREASOLID(#2447,#2449,#2450,0.95);
#2452=IFCCARTESIANPOINT((4.6,0.));
#2453=IFCAXIS2PLACEMENT2D(#2452,$);
#2454=IFCRECTANGLEPROFILEDEF(.AREA.,$,#2453,0.05,0.05);
#2455=IFCCARTESIANPOINT((0.,0.,0.));
#2456=IFCAXIS2PLACEMENT3D(#2455,$,$);
#2457=IFCDIRECTION((0.,0.,1.));
#2458=IFCEXTRUDEDAREASOLID(#2454,#2456,#2457,0.95);
#2459=IFCCARTESIANPOINT((0.,0.95));
#2460=IFCCARTESIANPOINT((4.6,0.95));
#2461=IFCCARTESIANPOINT((4.6,1.));
#2462=IFCCARTESIANPOINT((0.,1.));
#2463=IFCPOLYLINE((#2459,#2460,#2461,#2462,#2459));
#2464=IFCARBITRARYCLOSEDPROFILEDEF(.AREA.,$,#2463);
#2465=IFCCARTESIANPOINT((0.,0.025,0.));
#2466=IFCDIRECTION((0.,-1.,0.));
#2467=IFCDIRECTION((1.,0.,0.));
#2468=IFCAXIS2PLACEMENT3D(#2465,#2466,#2467);
#2469=IFCDIRECTION((0.,0.,1.));
#2470=IFCEXTRUDEDAREASOLID(#2464,#2468,#2469,0.05);
#2471=IFCCARTESIANPOINT((0.,0.47));
#2472=IFCCARTESIANPOINT((4.6,0.47));
#2473=IFCCARTESIANPOINT((4.6,0.5));
#2474=IFCCARTESIANPOINT((0.,0.5));
#2475=IFCPOLYLINE((#2471,#2472,#2473,#2474,#2471));
#2476=IFCARBITRARYCLOSEDPROFILEDEF(.AREA.,$,#2475);
#2477=IFCCARTESIANPOINT((0.,0.015,0.));
#2478=IFCDIRECTION((0.,-1.,0.));
#2479=IFCDIRECTION((1.,0.,0.));
#2480=IFCAXIS2PLACEMENT3D(#2477,#2478,#2479);
#2481=IFCDIRECTION((0.,0.,1.));
#2482=IFCEXTRUDEDAREASOLID(#2476,#2480,#2481,0.03);
#2483=IFCSTYLEDITEM(#2430,(#2411),$);
#2484=IFCSTYLEDITEM(#2437,(#2411),$);
#2485=IFCSTYLEDITEM(#2444,(#2411),$);
#2486=IFCSTYLEDITEM(#2451,(#2411),$);
#2487=IFCSTYLEDITEM(#2458,(#2411),$);
#2488=IFCSTYLEDITEM(#2470,(#2411),$);
#2489=IFCSTYLEDITEM(#2482,(#2411),$);
#2490=IFCSHAPEREPRESENTATION(#12,'Body','SweptSolid',(#2430,#2437,#2444,#2451,#2458,#2470,#2482));
#2491=IFCPRODUCTDEFINITIONSHAPE($,$,(#2490));
#2492=IFCRAILING('0qcVN0ZSQwYP9RNIMkLWFG',#5,'Railing 2',$,$,#2423,#2491,$,.GUARDRAIL.);
#2493=IFCCARTESIANPOINT((11.522,1.15,0.));
#2494=IFCDIRECTION((0.,0.,1.));
#2495=IFCDIRECTION((-1.,0.000693,0.));
#2496=IFCAXIS2PLACEMENT3D(#2493,#2494,#2495);
#2497=IFCLOCALPLACEMENT(#26,#2496);
#2498=IFCCARTESIANPOINT((0.,0.));
#2499=IFCAXIS2PLACEMENT2D(#2498,$);
#2500=IFCRECTANGLEPROFILEDEF(.AREA.,$,#2499,0.05,0.05);
#2501=IFCCARTESIANPOINT((0.,0.,0.));
#2502=IFCAXIS2PLACEMENT3D(#2501,$,$);
#2503=IFCDIRECTION((0.,0.,1.));
#2504=IFCEXTRUDEDAREASOLID(#2500,#2502,#2503,0.95);
#2505=IFCCARTESIANPOINT((1.4425,0.));
#2506=IFCAXIS2PLACEMENT2D(#2505,$);
#2507=IFCRECTANGLEPROFILEDEF(.AREA.,$,#2506,0.05,0.05);
#2508=IFCCARTESIANPOINT((0.,0.,0.));
#2509=IFCAXIS2PLACEMENT3D(#2508,$,$);
#2510=IFCDIRECTION((0.,0.,1.));
#2511=IFCEXTRUDEDAREASOLID(#2507,#2509,#2510,0.95);
#2512=IFCCARTESIANPOINT((2.885001,0.));
#2513=IFCAXIS2PLACEMENT2D(#2512,$);
#2514=IFCRECTANGLEPROFILEDEF(.AREA.,$,#2513,0.05,0.05);
#2515=IFCCARTESIANPOINT((0.,0.,0.));
#2516=IFCAXIS2PLACEMENT3D(#2515,$,$);
#2517=IFCDIRECTION((0.,0.,1.));
#2518=IFCEXTRUDEDAREASOLID(#2514,#2516,#2517,0.95);
#2519=IFCCARTESIANPOINT((4.327501,0.));
#2520=IFCAXIS2PLACEMENT2D(#2519,$);
#2521=IFCRECTANGLEPROFILEDEF(.AREA.,$,#2520,0.05,0.05);
#2522=IFCCARTESIANPOINT((0.,0.,0.));
#2523=IFCAXIS2PLACEMENT3D(#2522,$,$);
#2524=IFCDIRECTION((0.,0.,1.));
#2525=IFCEXTRUDEDAREASOLID(#2521,#2523,#2524,0.95);
#2526=IFCCARTESIANPOINT((5.770001,0.));
#2527=IFCAXIS2PLACEMENT2D(#2526,$);
#2528=IFCRECTANGLEPROFILEDEF(.AREA.,$,#2527,0.05,0.05);
#2529=IFCCARTESIANPOINT((0.,0.,0.));
#2530=IFCAXIS2PLACEMENT3D(#2529,$,$);
#2531=IFCDIRECTION((0.,0.,1.));
#2532=IFCEXTRUDEDAREASOLID(#2528,#2530,#2531,0.95);
#2533=IFCCARTESIANPOINT((0.,0.95));
#2534=IFCCARTESIANPOINT((5.770001,0.95));
#2535=IFCCARTESIANPOINT((5.770001,1.));
#2536=IFCCARTESIANPOINT((0.,1.));
#2537=IFCPOLYLINE((#2533,#2534,#2535,#2536,#2533));
#2538=IFCARBITRARYCLOSEDPROFILEDEF(.AREA.,$,#2537);
#2539=IFCCARTESIANPOINT((0.,0.025,0.));
#2540=IFCDIRECTION((0.,-1.,0.));
#2541=IFCDIRECTION((1.,0.,0.));
#2542=IFCAXIS2PLACEMENT3D(#2539,#2540,#2541);
#2543=IFCDIRECTION((0.,0.,1.));
#2544=IFCEXTRUDEDAREASOLID(#2538,#2542,#2543,0.05);
#2545=IFCCARTESIANPOINT((0.,0.47));
#2546=IFCCARTESIANPOINT((5.770001,0.47));
#2547=IFCCARTESIANPOINT((5.770001,0.5));
#2548=IFCCARTESIANPOINT((0.,0.5));
#2549=IFCPOLYLINE((#2545,#2546,#2547,#2548,#2545));
#2550=IFCARBITRARYCLOSEDPROFILEDEF(.AREA.,$,#2549);
#2551=IFCCARTESIANPOINT((0.,0.015,0.));
#2552=IFCDIRECTION((0.,-1.,0.));
#2553=IFCDIRECTION((1.,0.,0.));
#2554=IFCAXIS2PLACEMENT3D(#2551,#2552,#2553);
#2555=IFCDIRECTION((0.,0.,1.));
#2556=IFCEXTRUDEDAREASOLID(#2550,#2554,#2555,0.03);
#2557=IFCSTYLEDITEM(#2504,(#2411),$);
#2558=IFCSTYLEDITEM(#2511,(#2411),$);
#2559=IFCSTYLEDITEM(#2518,(#2411),$);
#2560=IFCSTYLEDITEM(#2525,(#2411),$);
#2561=IFCSTYLEDITEM(#2532,(#2411),$);
#2562=IFCSTYLEDITEM(#2544,(#2411),$);
#2563=IFCSTYLEDITEM(#2556,(#2411),$);
#2564=IFCSHAPEREPRESENTATION(#12,'Body','SweptSolid',(#2504,#2511,#2518,#2525,#2532,#2544,#2556));
#2565=IFCPRODUCTDEFINITIONSHAPE($,$,(#2564));
#2566=IFCRAILING('2cAKyYVz4cYmDjbCRmMgwe',#5,'Railing 3',$,$,#2497,#2565,$,.GUARDRAIL.);
#2567=IFCCARTESIANPOINT((5.752,1.154,0.));
#2568=IFCDIRECTION((0.,0.,1.));
#2569=IFCDIRECTION((0.,-1.,0.));
#2570=IFCAXIS2PLACEMENT3D(#2567,#2568,#2569);
#2571=IFCLOCALPLACEMENT(#26,#2570);
#2572=IFCCARTESIANPOINT((0.,0.));
#2573=IFCAXIS2PLACEMENT2D(#2572,$);
#2574=IFCRECTANGLEPROFILEDEF(.AREA.,$,#2573,0.05,0.05);
#2575=IFCCARTESIANPOINT((0.,0.,0.));
#2576=IFCAXIS2PLACEMENT3D(#2575,$,$);
#2577=IFCDIRECTION((0.,0.,1.));
#2578=IFCEXTRUDEDAREASOLID(#2574,#2576,#2577,0.95);
#2579=IFCCARTESIANPOINT((1.1,0.));
#2580=IFCAXIS2PLACEMENT2D(#2579,$);
#2581=IFCRECTANGLEPROFILEDEF(.AREA.,$,#2580,0.05,0.05);
#2582=IFCCARTESIANPOINT((0.,0.,0.));
#2583=IFCAXIS2PLACEMENT3D(#2582,$,$);
#2584=IFCDIRECTION((0.,0.,1.));
#2585=IFCEXTRUDEDAREASOLID(#2581,#2583,#2584,0.95);
#2586=IFCCARTESIANPOINT((0.,0.95));
#2587=IFCCARTESIANPOINT((1.1,0.95));
#2588=IFCCARTESIANPOINT((1.1,1.));
#2589=IFCCARTESIANPOINT((0.,1.));
#2590=IFCPOLYLINE((#2586,#2587,#2588,#2589,#2586));
#2591=IFCARBITRARYCLOSEDPROFILEDEF(.AREA.,$,#2590);
#2592=IFCCARTESIANPOINT((0.,0.025,0.));
#2593=IFCDIRECTION((0.,-1.,0.));
#2594=IFCDIRECTION((1.,0.,0.));
#2595=IFCAXIS2PLACEMENT3D(#2592,#2593,#2594);
#2596=IFCDIRECTION((0.,0.,1.));
#2597=IFCEXTRUDEDAREASOLID(#2591,#2595,#2596,0.05);
#2598=IFCCARTESIANPOINT((0.,0.47));
#2599=IFCCARTESIANPOINT((1.1,0.47));
#2600=IFCCARTESIANPOINT((1.1,0.5));
#2601=IFCCARTESIANPOINT((0.,0.5));
#2602=IFCPOLYLINE((#2598,#2599,#2600,#2601,#2598));
#2603=IFCARBITRARYCLOSEDPROFILEDEF(.AREA.,$,#2602);
#2604=IFCCARTESIANPOINT((0.,0.015,0.));
#2605=IFCDIRECTION((0.,-1.,0.));
#2606=IFCDIRECTION((1.,0.,0.));
#2607=IFCAXIS2PLACEMENT3D(#2604,#2605,#2606);
#2608=IFCDIRECTION((0.,0.,1.));
#2609=IFCEXTRUDEDAREASOLID(#2603,#2607,#2608,0.03);
#2610=IFCSTYLEDITEM(#2578,(#2411),$);
#2611=IFCSTYLEDITEM(#2585,(#2411),$);
#2612=IFCSTYLEDITEM(#2597,(#2411),$);
#2613=IFCSTYLEDITEM(#2609,(#2411),$);
#2614=IFCSHAPEREPRESENTATION(#12,'Body','SweptSolid',(#2578,#2585,#2597,#2609));
#2615=IFCPRODUCTDEFINITIONSHAPE($,$,(#2614));
#2616=IFCRAILING('13QQk3JHB3CZ7AvTT8kv7z',#5,'Railing 4',$,$,#2571,#2615,$,.GUARDRAIL.);
#2617=IFCCARTESIANPOINT((5.752,0.054,0.));
#2618=IFCDIRECTION((0.,0.,1.));
#2619=IFCDIRECTION((-1.,0.,0.));
#2620=IFCAXIS2PLACEMENT3D(#2617,#2618,#2619);
#2621=IFCLOCALPLACEMENT(#26,#2620);
#2622=IFCCARTESIANPOINT((0.,0.));
#2623=IFCAXIS2PLACEMENT2D(#2622,$);
#2624=IFCRECTANGLEPROFILEDEF(.AREA.,$,#2623,0.05,0.05);
#2625=IFCCARTESIANPOINT((0.,0.,0.));
#2626=IFCAXIS2PLACEMENT3D(#2625,$,$);
#2627=IFCDIRECTION((0.,0.,1.));
#2628=IFCEXTRUDEDAREASOLID(#2624,#2626,#2627,0.95);
#2629=IFCCARTESIANPOINT((1.42,0.));
#2630=IFCAXIS2PLACEMENT2D(#2629,$);
#2631=IFCRECTANGLEPROFILEDEF(.AREA.,$,#2630,0.05,0.05);
#2632=IFCCARTESIANPOINT((0.,0.,0.));
#2633=IFCAXIS2PLACEMENT3D(#2632,$,$);
#2634=IFCDIRECTION((0.,0.,1.));
#2635=IFCEXTRUDEDAREASOLID(#2631,#2633,#2634,0.95);
#2636=IFCCARTESIANPOINT((2.84,0.));
#2637=IFCAXIS2PLACEMENT2D(#2636,$);
#2638=IFCRECTANGLEPROFILEDEF(.AREA.,$,#2637,0.05,0.05);
#2639=IFCCARTESIANPOINT((0.,0.,0.));
#2640=IFCAXIS2PLACEMENT3D(#2639,$,$);
#2641=IFCDIRECTION((0.,0.,1.));
#2642=IFCEXTRUDEDAREASOLID(#2638,#2640,#2641,0.95);
#2643=IFCCARTESIANPOINT((4.26,0.));
#2644=IFCAXIS2PLACEMENT2D(#2643,$);
#2645=IFCRECTANGLEPROFILEDEF(.AREA.,$,#2644,0.05,0.05);
#2646=IFCCARTESIANPOINT((0.,0.,0.));
#2647=IFCAXIS2PLACEMENT3D(#2646,$,$);
#2648=IFCDIRECTION((0.,0.,1.));
#2649=IFCEXTRUDEDAREASOLID(#2645,#2647,#2648,0.95);
#2650=IFCCARTESIANPOINT((5.68,0.));
#2651=IFCAXIS2PLACEMENT2D(#2650,$);
#2652=IFCRECTANGLEPROFILEDEF(.AREA.,$,#2651,0.05,0.05);
#2653=IFCCARTESIANPOINT((0.,0.,0.));
#2654=IFCAXIS2PLACEMENT3D(#2653,$,$);
#2655=IFCDIRECTION((0.,0.,1.));
#2656=IFCEXTRUDEDAREASOLID(#2652,#2654,#2655,0.95);
#2657=IFCCARTESIANPOINT((0.,0.95));
#2658=IFCCARTESIANPOINT((5.68,0.95));
#2659=IFCCARTESIANPOINT((5.68,1.));
#2660=IFCCARTESIANPOINT((0.,1.));
#2661=IFCPOLYLINE((#2657,#2658,#2659,#2660,#2657));
#2662=IFCARBITRARYCLOSEDPROFILEDEF(.AREA.,$,#2661);
#2663=IFCCARTESIANPOINT((0.,0.025,0.));
#2664=IFCDIRECTION((0.,-1.,0.));
#2665=IFCDIRECTION((1.,0.,0.));
#2666=IFCAXIS2PLACEMENT3D(#2663,#2664,#2665);
#2667=IFCDIRECTION((0.,0.,1.));
#2668=IFCEXTRUDEDAREASOLID(#2662,#2666,#2667,0.05);
#2669=IFCCARTESIANPOINT((0.,0.47));
#2670=IFCCARTESIANPOINT((5.68,0.47));
#2671=IFCCARTESIANPOINT((5.68,0.5));
#2672=IFCCARTESIANPOINT((0.,0.5));
#2673=IFCPOLYLINE((#2669,#2670,#2671,#2672,#2669));
#2674=IFCARBITRARYCLOSEDPROFILEDEF(.AREA.,$,#2673);
#2675=IFCCARTESIANPOINT((0.,0.015,0.));
#2676=IFCDIRECTION((0.,-1.,0.));
#2677=IFCDIRECTION((1.,0.,0.));
#2678=IFCAXIS2PLACEMENT3D(#2675,#2676,#2677);
#2679=IFCDIRECTION((0.,0.,1.));
#2680=IFCEXTRUDEDAREASOLID(#2674,#2678,#2679,0.03);
#2681=IFCSTYLEDITEM(#2628,(#2411),$);
#2682=IFCSTYLEDITEM(#2635,(#2411),$);
#2683=IFCSTYLEDITEM(#2642,(#2411),$);
#2684=IFCSTYLEDITEM(#2649,(#2411),$);
#2685=IFCSTYLEDITEM(#2656,(#2411),$);
#2686=IFCSTYLEDITEM(#2668,(#2411),$);
#2687=IFCSTYLEDITEM(#2680,(#2411),$);
#2688=IFCSHAPEREPRESENTATION(#12,'Body','SweptSolid',(#2628,#2635,#2642,#2649,#2656,#2668,#2680));
#2689=IFCPRODUCTDEFINITIONSHAPE($,$,(#2688));
#2690=IFCRAILING('0T_OpEhNTK6NDS3qcF2pUh',#5,'Railing 5',$,$,#2621,#2689,$,.GUARDRAIL.);
#2691=IFCCARTESIANPOINT((0.072,0.054,0.));
#2692=IFCDIRECTION((0.,0.,1.));
#2693=IFCDIRECTION((0.,1.,0.));
#2694=IFCAXIS2PLACEMENT3D(#2691,#2692,#2693);
#2695=IFCLOCALPLACEMENT(#26,#2694);
#2696=IFCCARTESIANPOINT((0.,0.));
#2697=IFCAXIS2PLACEMENT2D(#2696,$);
#2698=IFCRECTANGLEPROFILEDEF(.AREA.,$,#2697,0.05,0.05);
#2699=IFCCARTESIANPOINT((0.,0.,0.));
#2700=IFCAXIS2PLACEMENT3D(#2699,$,$);
#2701=IFCDIRECTION((0.,0.,1.));
#2702=IFCEXTRUDEDAREASOLID(#2698,#2700,#2701,0.95);
#2703=IFCCARTESIANPOINT((0.05,0.));
#2704=IFCAXIS2PLACEMENT2D(#2703,$);
#2705=IFCRECTANGLEPROFILEDEF(.AREA.,$,#2704,0.05,0.05);
#2706=IFCCARTESIANPOINT((0.,0.,0.));
#2707=IFCAXIS2PLACEMENT3D(#2706,$,$);
#2708=IFCDIRECTION((0.,0.,1.));
#2709=IFCEXTRUDEDAREASOLID(#2705,#2707,#2708,0.95);
#2710=IFCCARTESIANPOINT((0.,0.95));
#2711=IFCCARTESIANPOINT((0.05,0.95));
#2712=IFCCARTESIANPOINT((0.05,1.));
#2713=IFCCARTESIANPOINT((0.,1.));
#2714=IFCPOLYLINE((#2710,#2711,#2712,#2713,#2710));
#2715=IFCARBITRARYCLOSEDPROFILEDEF(.AREA.,$,#2714);
#2716=IFCCARTESIANPOINT((0.,0.025,0.));
#2717=IFCDIRECTION((0.,-1.,0.));
#2718=IFCDIRECTION((1.,0.,0.));
#2719=IFCAXIS2PLACEMENT3D(#2716,#2717,#2718);
#2720=IFCDIRECTION((0.,0.,1.));
#2721=IFCEXTRUDEDAREASOLID(#2715,#2719,#2720,0.05);
#2722=IFCCARTESIANPOINT((0.,0.47));
#2723=IFCCARTESIANPOINT((0.05,0.47));
#2724=IFCCARTESIANPOINT((0.05,0.5));
#2725=IFCCARTESIANPOINT((0.,0.5));
#2726=IFCPOLYLINE((#2722,#2723,#2724,#2725,#2722));
#2727=IFCARBITRARYCLOSEDPROFILEDEF(.AREA.,$,#2726);
#2728=IFCCARTESIANPOINT((0.,0.015,0.));
#2729=IFCDIRECTION((0.,-1.,0.));
#2730=IFCDIRECTION((1.,0.,0.));
#2731=IFCAXIS2PLACEMENT3D(#2728,#2729,#2730);
#2732=IFCDIRECTION((0.,0.,1.));
#2733=IFCEXTRUDEDAREASOLID(#2727,#2731,#2732,0.03);
#2734=IFCSTYLEDITEM(#2702,(#2411),$);
#2735=IFCSTYLEDITEM(#2709,(#2411),$);
#2736=IFCSTYLEDITEM(#2721,(#2411),$);
#2737=IFCSTYLEDITEM(#2733,(#2411),$);
#2738=IFCSHAPEREPRESENTATION(#12,'Body','SweptSolid',(#2702,#2709,#2721,#2733));
#2739=IFCPRODUCTDEFINITIONSHAPE($,$,(#2738));
#2740=IFCRAILING('3vQYavfoiEsz_TNpKg5ALA',#5,'Railing 6',$,$,#2695,#2739,$,.GUARDRAIL.);
#2741=IFCCARTESIANPOINT((10.399,12.651664,0.3));
#2742=IFCDIRECTION((0.,-1.,0.));
#2743=IFCDIRECTION((0.,0.,1.));
#2744=IFCAXIS2PLACEMENT3D(#2741,#2742,#2743);
#2745=IFCLOCALPLACEMENT(#26,#2744);
#2746=IFCCARTESIANPOINT((0.,0.));
#2747=IFCAXIS2PLACEMENT2D(#2746,$);
#2748=IFCCIRCLEPROFILEDEF(.AREA.,$,#2747,0.011);
#2749=IFCCARTESIANPOINT((0.,0.,0.));
#2750=IFCAXIS2PLACEMENT3D(#2749,$,$);
#2751=IFCDIRECTION((0.,0.,1.));
#2752=IFCEXTRUDEDAREASOLID(#2748,#2750,#2751,0.961546);
#2753=IFCCOLOURRGB($,0.231373,0.509804,0.815686);
#2754=IFCSURFACESTYLESHADING(#2753,0.5);
#2755=IFCSURFACESTYLE('Water',.BOTH.,(#2754));
#2756=IFCSTYLEDITEM(#2752,(#2755),$);
#2757=IFCSHAPEREPRESENTATION(#12,'Body','SweptSolid',(#2752));
#2758=IFCPRODUCTDEFINITIONSHAPE($,$,(#2757));
#2759=IFCPIPESEGMENT('35QZfQk9105gGzAIK5yX4m',#5,'Water','Concealed',$,#2745,#2758,$,.RIGIDSEGMENT.);
#2760=IFCCARTESIANPOINT((10.399,11.690117,0.3));
#2761=IFCDIRECTION((-0.996939,-0.078188,0.));
#2762=IFCDIRECTION((0.,0.,1.));
#2763=IFCAXIS2PLACEMENT3D(#2760,#2761,#2762);
#2764=IFCLOCALPLACEMENT(#26,#2763);
#2765=IFCCARTESIANPOINT((0.,0.));
#2766=IFCAXIS2PLACEMENT2D(#2765,$);
#2767=IFCCIRCLEPROFILEDEF(.AREA.,$,#2766,0.011);
#2768=IFCCARTESIANPOINT((0.,0.,0.));
#2769=IFCAXIS2PLACEMENT3D(#2768,$,$);
#2770=IFCDIRECTION((0.,0.,1.));
#2771=IFCEXTRUDEDAREASOLID(#2767,#2769,#2770,0.129396);
#2772=IFCSTYLEDITEM(#2771,(#2755),$);
#2773=IFCSHAPEREPRESENTATION(#12,'Body','SweptSolid',(#2771));
#2774=IFCPRODUCTDEFINITIONSHAPE($,$,(#2773));
#2775=IFCPIPESEGMENT('0ehA1oh57l4jBJ3HL8QFbG',#5,'Water','Concealed',$,#2764,#2774,$,.RIGIDSEGMENT.);
#2776=IFCCARTESIANPOINT((10.25,11.49,0.3));
#2777=IFCDIRECTION((0.999999,0.001659,0.));
#2778=IFCDIRECTION((0.,0.,1.));
#2779=IFCAXIS2PLACEMENT3D(#2776,#2777,#2778);
#2780=IFCLOCALPLACEMENT(#26,#2779);
#2781=IFCCARTESIANPOINT((0.,0.));
#2782=IFCAXIS2PLACEMENT2D(#2781,$);
#2783=IFCCIRCLEPROFILEDEF(.AREA.,$,#2782,0.011);
#2784=IFCCARTESIANPOINT((0.,0.,0.));
#2785=IFCAXIS2PLACEMENT3D(#2784,$,$);
#2786=IFCDIRECTION((0.,0.,1.));
#2787=IFCEXTRUDEDAREASOLID(#2783,#2785,#2786,0.149);
#2788=IFCSTYLEDITEM(#2787,(#2755),$);
#2789=IFCSHAPEREPRESENTATION(#12,'Body','SweptSolid',(#2787));
#2790=IFCPRODUCTDEFINITIONSHAPE($,$,(#2789));
#2791=IFCPIPESEGMENT('3WF0klzbbJ7_3AjF6qVomd',#5,'Water','Concealed',$,#2780,#2790,$,.RIGIDSEGMENT.);
#2792=IFCCARTESIANPOINT((10.399,11.490247,0.3));
#2793=IFCDIRECTION((0.,1.,0.));
#2794=IFCDIRECTION((0.,0.,1.));
#2795=IFCAXIS2PLACEMENT3D(#2792,#2793,#2794);
#2796=IFCLOCALPLACEMENT(#26,#2795);
#2797=IFCCARTESIANPOINT((0.,0.));
#2798=IFCAXIS2PLACEMENT2D(#2797,$);
#2799=IFCCIRCLEPROFILEDEF(.AREA.,$,#2798,0.011);
#2800=IFCCARTESIANPOINT((0.,0.,0.));
#2801=IFCAXIS2PLACEMENT3D(#2800,$,$);
#2802=IFCDIRECTION((0.,0.,1.));
#2803=IFCEXTRUDEDAREASOLID(#2799,#2801,#2802,0.227544);
#2804=IFCSTYLEDITEM(#2803,(#2755),$);
#2805=IFCSHAPEREPRESENTATION(#12,'Body','SweptSolid',(#2803));
#2806=IFCPRODUCTDEFINITIONSHAPE($,$,(#2805));
#2807=IFCPIPESEGMENT('3vMsWtOZneCTRqEugc1mqd',#5,'Water','Concealed',$,#2796,#2806,$,.RIGIDSEGMENT.);
#2808=IFCCARTESIANPOINT((10.399,11.212108,0.1));
#2809=IFCDIRECTION((1.,0.,0.));
#2810=IFCDIRECTION((0.,0.,1.));
#2811=IFCAXIS2PLACEMENT3D(#2808,#2809,#2810);
#2812=IFCLOCALPLACEMENT(#26,#2811);
#2813=IFCCARTESIANPOINT((0.,0.));
#2814=IFCAXIS2PLACEMENT2D(#2813,$);
#2815=IFCCIRCLEPROFILEDEF(.AREA.,$,#2814,0.025);
#2816=IFCCARTESIANPOINT((0.,0.,0.));
#2817=IFCAXIS2PLACEMENT3D(#2816,$,$);
#2818=IFCDIRECTION((0.,0.,1.));
#2819=IFCEXTRUDEDAREASOLID(#2815,#2817,#2818,0.34);
#2820=IFCCOLOURRGB($,0.356863,0.478431,0.54902);
#2821=IFCSURFACESTYLESHADING(#2820,0.5);
#2822=IFCSURFACESTYLE('Drain / waste',.BOTH.,(#2821));
#2823=IFCSTYLEDITEM(#2819,(#2822),$);
#2824=IFCSHAPEREPRESENTATION(#12,'Body','SweptSolid',(#2819));
#2825=IFCPRODUCTDEFINITIONSHAPE($,$,(#2824));
#2826=IFCPIPESEGMENT('2CLgmUhb8ezo9GFqgDsT$K',#5,'Drain / waste','Concealed',$,#2812,#2825,$,.RIGIDSEGMENT.);
#2827=IFCCARTESIANPOINT((10.739,11.212108,0.1));
#2828=IFCDIRECTION((0.,1.,0.));
#2829=IFCDIRECTION((0.,0.,1.));
#2830=IFCAXIS2PLACEMENT3D(#2827,#2828,#2829);
#2831=IFCLOCALPLACEMENT(#26,#2830);
#2832=IFCCARTESIANPOINT((0.,0.));
#2833=IFCAXIS2PLACEMENT2D(#2832,$);
#2834=IFCCIRCLEPROFILEDEF(.AREA.,$,#2833,0.025);
#2835=IFCCARTESIANPOINT((0.,0.,0.));
#2836=IFCAXIS2PLACEMENT3D(#2835,$,$);
#2837=IFCDIRECTION((0.,0.,1.));
#2838=IFCEXTRUDEDAREASOLID(#2834,#2836,#2837,0.38);
#2839=IFCSTYLEDITEM(#2838,(#2822),$);
#2840=IFCSHAPEREPRESENTATION(#12,'Body','SweptSolid',(#2838));
#2841=IFCPRODUCTDEFINITIONSHAPE($,$,(#2840));
#2842=IFCPIPESEGMENT('3QCRkQb_1PBcE8Rvps0mIG',#5,'Drain / waste','Concealed',$,#2831,#2841,$,.RIGIDSEGMENT.);
#2843=IFCCARTESIANPOINT((10.57,5.65,0.1));
#2844=IFCDIRECTION((0.,1.,0.));
#2845=IFCDIRECTION((0.,0.,1.));
#2846=IFCAXIS2PLACEMENT3D(#2843,#2844,#2845);
#2847=IFCLOCALPLACEMENT(#26,#2846);
#2848=IFCCARTESIANPOINT((0.,0.));
#2849=IFCAXIS2PLACEMENT2D(#2848,$);
#2850=IFCCIRCLEPROFILEDEF(.AREA.,$,#2849,0.025);
#2851=IFCCARTESIANPOINT((0.,0.,0.));
#2852=IFCAXIS2PLACEMENT3D(#2851,$,$);
#2853=IFCDIRECTION((0.,0.,1.));
#2854=IFCEXTRUDEDAREASOLID(#2850,#2852,#2853,5.56);
#2855=IFCCOLOURRGB($,0.290196,0.615686,0.431373);
#2856=IFCSURFACESTYLESHADING(#2855,0.5);
#2857=IFCSURFACESTYLE('Ventilation',.BOTH.,(#2856));
#2858=IFCSTYLEDITEM(#2854,(#2857),$);
#2859=IFCSHAPEREPRESENTATION(#12,'Body','SweptSolid',(#2854));
#2860=IFCPRODUCTDEFINITIONSHAPE($,$,(#2859));
#2861=IFCDUCTSEGMENT('1M_ZsWREb4_4uyrGNnOu6g',#5,'Ventilation','Concealed',$,#2847,#2860,$,.RIGIDSEGMENT.);
#2862=IFCCARTESIANPOINT((-0.2,2.05,2.6));
#2863=IFCDIRECTION((0.,1.,0.));
#2864=IFCDIRECTION((0.,0.,1.));
#2865=IFCAXIS2PLACEMENT3D(#2862,#2863,#2864);
#2866=IFCLOCALPLACEMENT(#26,#2865);
#2867=IFCCARTESIANPOINT((0.,0.));
#2868=IFCAXIS2PLACEMENT2D(#2867,$);
#2869=IFCCIRCLEPROFILEDEF(.AREA.,$,#2868,0.1);
#2870=IFCCARTESIANPOINT((0.,0.,0.));
#2871=IFCAXIS2PLACEMENT3D(#2870,$,$);
#2872=IFCDIRECTION((0.,0.,1.));
#2873=IFCEXTRUDEDAREASOLID(#2869,#2871,#2872,10.85);
#2874=IFCSTYLEDITEM(#2873,(#2857),$);
#2875=IFCSHAPEREPRESENTATION(#12,'Body','SweptSolid',(#2873));
#2876=IFCPRODUCTDEFINITIONSHAPE($,$,(#2875));
#2877=IFCDUCTSEGMENT('2CYNMEWoBg3OmJvpdTZ_kL',#5,'Ventilation','Concealed',$,#2866,#2876,$,.RIGIDSEGMENT.);
#2878=IFCCARTESIANPOINT((-0.2,12.89,2.6));
#2879=IFCDIRECTION((0.992877,-0.119145,0.));
#2880=IFCDIRECTION((0.,0.,1.));
#2881=IFCAXIS2PLACEMENT3D(#2878,#2879,#2880);
#2882=IFCLOCALPLACEMENT(#26,#2881);
#2883=IFCCARTESIANPOINT((0.,0.));
#2884=IFCAXIS2PLACEMENT2D(#2883,$);
#2885=IFCCIRCLEPROFILEDEF(.AREA.,$,#2884,0.1);
#2886=IFCCARTESIANPOINT((0.,0.,0.));
#2887=IFCAXIS2PLACEMENT3D(#2886,$,$);
#2888=IFCDIRECTION((0.,0.,1.));
#2889=IFCEXTRUDEDAREASOLID(#2885,#2887,#2888,0.755381);
#2890=IFCSTYLEDITEM(#2889,(#2857),$);
#2891=IFCSHAPEREPRESENTATION(#12,'Body','SweptSolid',(#2889));
#2892=IFCPRODUCTDEFINITIONSHAPE($,$,(#2891));
#2893=IFCDUCTSEGMENT('246nobvzskmEgyRN1xt6KV',#5,'Ventilation','Concealed',$,#2882,#2892,$,.RIGIDSEGMENT.);
#2894=IFCCARTESIANPOINT((0.55,11.1,2.6));
#2895=IFCDIRECTION((-1.,0.,0.));
#2896=IFCDIRECTION((0.,0.,1.));
#2897=IFCAXIS2PLACEMENT3D(#2894,#2895,#2896);
#2898=IFCLOCALPLACEMENT(#26,#2897);
#2899=IFCCARTESIANPOINT((0.,0.));
#2900=IFCAXIS2PLACEMENT2D(#2899,$);
#2901=IFCCIRCLEPROFILEDEF(.AREA.,$,#2900,0.1);
#2902=IFCCARTESIANPOINT((0.,0.,0.));
#2903=IFCAXIS2PLACEMENT3D(#2902,$,$);
#2904=IFCDIRECTION((0.,0.,1.));
#2905=IFCEXTRUDEDAREASOLID(#2901,#2903,#2904,0.85);
#2906=IFCSTYLEDITEM(#2905,(#2857),$);
#2907=IFCSHAPEREPRESENTATION(#12,'Body','SweptSolid',(#2905));
#2908=IFCPRODUCTDEFINITIONSHAPE($,$,(#2907));
#2909=IFCDUCTSEGMENT('2qLQq1gAEKfpvo_hD1ASHL',#5,'Ventilation','Concealed',$,#2898,#2908,$,.RIGIDSEGMENT.);
#2910=IFCCARTESIANPOINT((0.35,6.13,2.6));
#2911=IFCDIRECTION((-1.,0.,0.));
#2912=IFCDIRECTION((0.,0.,1.));
#2913=IFCAXIS2PLACEMENT3D(#2910,#2911,#2912);
#2914=IFCLOCALPLACEMENT(#26,#2913);
#2915=IFCCARTESIANPOINT((0.,0.));
#2916=IFCAXIS2PLACEMENT2D(#2915,$);
#2917=IFCCIRCLEPROFILEDEF(.AREA.,$,#2916,0.1);
#2918=IFCCARTESIANPOINT((0.,0.,0.));
#2919=IFCAXIS2PLACEMENT3D(#2918,$,$);
#2920=IFCDIRECTION((0.,0.,1.));
#2921=IFCEXTRUDEDAREASOLID(#2917,#2919,#2920,0.6);
#2922=IFCSTYLEDITEM(#2921,(#2857),$);
#2923=IFCSHAPEREPRESENTATION(#12,'Body','SweptSolid',(#2921));
#2924=IFCPRODUCTDEFINITIONSHAPE($,$,(#2923));
#2925=IFCDUCTSEGMENT('0K51deNlrF85$9d471P5g8',#5,'Ventilation','Concealed',$,#2914,#2924,$,.RIGIDSEGMENT.);
#2926=IFCCARTESIANPOINT((10.8,14.95,0.3));
#2927=IFCDIRECTION((-1.,0.000083,0.));
#2928=IFCDIRECTION((0.,0.,1.));
#2929=IFCAXIS2PLACEMENT3D(#2926,#2927,#2928);
#2930=IFCLOCALPLACEMENT(#26,#2929);
#2931=IFCCARTESIANPOINT((0.,0.));
#2932=IFCAXIS2PLACEMENT2D(#2931,$);
#2933=IFCCIRCLEPROFILEDEF(.AREA.,$,#2932,0.0125);
#2934=IFCCARTESIANPOINT((0.,0.,0.));
#2935=IFCAXIS2PLACEMENT3D(#2934,$,$);
#2936=IFCDIRECTION((0.,0.,1.));
#2937=IFCEXTRUDEDAREASOLID(#2933,#2935,#2936,0.401);
#2938=IFCCOLOURRGB($,0.878431,0.541176,0.235294);
#2939=IFCSURFACESTYLESHADING(#2938,0.5);
#2940=IFCSURFACESTYLE('Gas',.BOTH.,(#2939));
#2941=IFCSTYLEDITEM(#2937,(#2940),$);
#2942=IFCSHAPEREPRESENTATION(#12,'Body','SweptSolid',(#2937));
#2943=IFCPRODUCTDEFINITIONSHAPE($,$,(#2942));
#2944=IFCPIPESEGMENT('1meNUnMJoUJc$N7jwVU7oi',#5,'Gas','Concealed',$,#2930,#2943,$,.RIGIDSEGMENT.);
#2945=IFCCARTESIANPOINT((10.399,14.950033,0.3));
#2946=IFCDIRECTION((0.,-1.,0.));
#2947=IFCDIRECTION((0.,0.,1.));
#2948=IFCAXIS2PLACEMENT3D(#2945,#2946,#2947);
#2949=IFCLOCALPLACEMENT(#26,#2948);
#2950=IFCCARTESIANPOINT((0.,0.));
#2951=IFCAXIS2PLACEMENT2D(#2950,$);
#2952=IFCCIRCLEPROFILEDEF(.AREA.,$,#2951,0.0125);
#2953=IFCCARTESIANPOINT((0.,0.,0.));
#2954=IFCAXIS2PLACEMENT3D(#2953,$,$);
#2955=IFCDIRECTION((0.,0.,1.));
#2956=IFCEXTRUDEDAREASOLID(#2952,#2954,#2955,1.191389);
#2957=IFCSTYLEDITEM(#2956,(#2940),$);
#2958=IFCSHAPEREPRESENTATION(#12,'Body','SweptSolid',(#2956));
#2959=IFCPRODUCTDEFINITIONSHAPE($,$,(#2958));
#2960=IFCPIPESEGMENT('2giU90058JP_6XZ06Z453A',#5,'Gas','Concealed',$,#2949,#2959,$,.RIGIDSEGMENT.);
#2961=IFCCARTESIANPOINT((10.399,13.758644,0.3));
#2962=IFCDIRECTION((-0.999992,-0.003978,0.));
#2963=IFCDIRECTION((0.,0.,1.));
#2964=IFCAXIS2PLACEMENT3D(#2961,#2962,#2963);
#2965=IFCLOCALPLACEMENT(#26,#2964);
#2966=IFCCARTESIANPOINT((0.,0.));
#2967=IFCAXIS2PLACEMENT2D(#2966,$);
#2968=IFCCIRCLEPROFILEDEF(.AREA.,$,#2967,0.0125);
#2969=IFCCARTESIANPOINT((0.,0.,0.));
#2970=IFCAXIS2PLACEMENT3D(#2969,$,$);
#2971=IFCDIRECTION((0.,0.,1.));
#2972=IFCEXTRUDEDAREASOLID(#2968,#2970,#2971,1.670057);
#2973=IFCSTYLEDITEM(#2972,(#2940),$);
#2974=IFCSHAPEREPRESENTATION(#12,'Body','SweptSolid',(#2972));
#2975=IFCPRODUCTDEFINITIONSHAPE($,$,(#2974));
#2976=IFCPIPESEGMENT('12lQHQpOeTT116HPpYfyRU',#5,'Gas','Concealed',$,#2965,#2975,$,.RIGIDSEGMENT.);
#2977=IFCCARTESIANPOINT((8.728957,13.752,0.3));
#2978=IFCDIRECTION((0.036543,-0.999332,0.));
#2979=IFCDIRECTION((0.,0.,1.));
#2980=IFCAXIS2PLACEMENT3D(#2977,#2978,#2979);
#2981=IFCLOCALPLACEMENT(#26,#2980);
#2982=IFCCARTESIANPOINT((0.,0.));
#2983=IFCAXIS2PLACEMENT2D(#2982,$);
#2984=IFCCIRCLEPROFILEDEF(.AREA.,$,#2983,0.0125);
#2985=IFCCARTESIANPOINT((0.,0.,0.));
#2986=IFCAXIS2PLACEMENT3D(#2985,$,$);
#2987=IFCDIRECTION((0.,0.,1.));
#2988=IFCEXTRUDEDAREASOLID(#2984,#2986,#2987,0.302202);
#2989=IFCCOLOURRGB($,0.890196,0.701961,0.164706);
#2990=IFCSURFACESTYLESHADING(#2989,0.5);
#2991=IFCSURFACESTYLE('Electrical',.BOTH.,(#2990));
#2992=IFCSTYLEDITEM(#2988,(#2991),$);
#2993=IFCSHAPEREPRESENTATION(#12,'Body','SweptSolid',(#2988));
#2994=IFCPRODUCTDEFINITIONSHAPE($,$,(#2993));
#2995=IFCCABLECARRIERSEGMENT('3L5Qsc3ZEtbPrkCLfhBON2',#5,'Electrical','Concealed',$,#2981,#2994,$,.CABLELADDERSEGMENT.);
#2996=IFCCARTESIANPOINT((8.62,15.74,0.3));
#2997=IFCDIRECTION((-0.004408,0.99999,0.));
#2998=IFCDIRECTION((0.,0.,1.));
#2999=IFCAXIS2PLACEMENT3D(#2996,#2997,#2998);
#3000=IFCLOCALPLACEMENT(#26,#2999);
#3001=IFCCARTESIANPOINT((0.,0.));
#3002=IFCAXIS2PLACEMENT2D(#3001,$);
#3003=IFCCIRCLEPROFILEDEF(.AREA.,$,#3002,0.0125);
#3004=IFCCARTESIANPOINT((0.,0.,0.));
#3005=IFCAXIS2PLACEMENT3D(#3004,$,$);
#3006=IFCDIRECTION((0.,0.,1.));
#3007=IFCEXTRUDEDAREASOLID(#3003,#3005,#3006,0.112001);
#3008=IFCSTYLEDITEM(#3007,(#2940),$);
#3009=IFCSHAPEREPRESENTATION(#12,'Body','SweptSolid',(#3007));
#3010=IFCPRODUCTDEFINITIONSHAPE($,$,(#3009));
#3011=IFCPIPESEGMENT('1o$KaP4NfmQMT_2kR6eJZn',#5,'Gas','Concealed',$,#3000,#3010,$,.RIGIDSEGMENT.);
#3012=IFCCARTESIANPOINT((8.619506,15.852,0.3));
#3013=IFCDIRECTION((1.,0.,0.));
#3014=IFCDIRECTION((0.,0.,1.));
#3015=IFCAXIS2PLACEMENT3D(#3012,#3013,#3014);
#3016=IFCLOCALPLACEMENT(#26,#3015);
#3017=IFCCARTESIANPOINT((0.,0.));
#3018=IFCAXIS2PLACEMENT2D(#3017,$);
#3019=IFCCIRCLEPROFILEDEF(.AREA.,$,#3018,0.0125);
#3020=IFCCARTESIANPOINT((0.,0.,0.));
#3021=IFCAXIS2PLACEMENT3D(#3020,$,$);
#3022=IFCDIRECTION((0.,0.,1.));
#3023=IFCEXTRUDEDAREASOLID(#3019,#3021,#3022,1.787178);
#3024=IFCSTYLEDITEM(#3023,(#2940),$);
#3025=IFCSHAPEREPRESENTATION(#12,'Body','SweptSolid',(#3023));
#3026=IFCPRODUCTDEFINITIONSHAPE($,$,(#3025));
#3027=IFCPIPESEGMENT('2kn3nzUoDrYwspxjVa3cB0',#5,'Gas','Concealed',$,#3016,#3026,$,.RIGIDSEGMENT.);
#3028=IFCCARTESIANPOINT((10.406684,15.852,0.3));
#3029=IFCDIRECTION((-0.030072,-0.999548,0.));
#3030=IFCDIRECTION((0.,0.,1.));
#3031=IFCAXIS2PLACEMENT3D(#3028,#3029,#3030);
#3032=IFCLOCALPLACEMENT(#26,#3031);
#3033=IFCCARTESIANPOINT((0.,0.));
#3034=IFCAXIS2PLACEMENT2D(#3033,$);
#3035=IFCCIRCLEPROFILEDEF(.AREA.,$,#3034,0.0125);
#3036=IFCCARTESIANPOINT((0.,0.,0.));
#3037=IFCAXIS2PLACEMENT3D(#3036,$,$);
#3038=IFCDIRECTION((0.,0.,1.));
#3039=IFCEXTRUDEDAREASOLID(#3035,#3037,#3038,0.255537);
#3040=IFCSTYLEDITEM(#3039,(#2940),$);
#3041=IFCSHAPEREPRESENTATION(#12,'Body','SweptSolid',(#3039));
#3042=IFCPRODUCTDEFINITIONSHAPE($,$,(#3041));
#3043=IFCPIPESEGMENT('3Nk8g8cEANoDobQcFInVq$',#5,'Gas','Concealed',$,#3032,#3042,$,.RIGIDSEGMENT.);
#3044=IFCCARTESIANPOINT((10.399,15.596579,0.8));
#3045=IFCDIRECTION((0.999907,0.013629,0.));
#3046=IFCDIRECTION((0.,0.,1.));
#3047=IFCAXIS2PLACEMENT3D(#3044,#3045,#3046);
#3048=IFCLOCALPLACEMENT(#26,#3047);
#3049=IFCCARTESIANPOINT((0.,0.));
#3050=IFCAXIS2PLACEMENT2D(#3049,$);
#3051=IFCCIRCLEPROFILEDEF(.AREA.,$,#3050,0.0125);
#3052=IFCCARTESIANPOINT((0.,0.,0.));
#3053=IFCAXIS2PLACEMENT3D(#3052,$,$);
#3054=IFCDIRECTION((0.,0.,1.));
#3055=IFCEXTRUDEDAREASOLID(#3051,#3053,#3054,0.251023);
#3056=IFCSTYLEDITEM(#3055,(#2940),$);
#3057=IFCSHAPEREPRESENTATION(#12,'Body','SweptSolid',(#3055));
#3058=IFCPRODUCTDEFINITIONSHAPE($,$,(#3057));
#3059=IFCPIPESEGMENT('2FKV6CzVnpydmNflZKM$o0',#5,'Gas','Concealed',$,#3048,#3058,$,.RIGIDSEGMENT.);
#3060=IFCCARTESIANPOINT((10.399,15.845203,0.3));
#3061=IFCDIRECTION((0.,0.758128,0.652106));
#3062=IFCDIRECTION((0.,-0.652106,0.758128));
#3063=IFCAXIS2PLACEMENT3D(#3060,#3061,#3062);
#3064=IFCLOCALPLACEMENT(#26,#3063);
#3065=IFCCARTESIANPOINT((0.,0.));
#3066=IFCAXIS2PLACEMENT2D(#3065,$);
#3067=IFCCIRCLEPROFILEDEF(.AREA.,$,#3066,0.007);
#3068=IFCCARTESIANPOINT((0.,0.,0.));
#3069=IFCAXIS2PLACEMENT3D(#3068,$,$);
#3070=IFCDIRECTION((0.,0.,1.));
#3071=IFCEXTRUDEDAREASOLID(#3067,#3069,#3070,3.680381);
#3072=IFCSTYLEDITEM(#3071,(#2991),$);
#3073=IFCSHAPEREPRESENTATION(#12,'Body','SweptSolid',(#3071));
#3074=IFCPRODUCTDEFINITIONSHAPE($,$,(#3073));
#3075=IFCCABLECARRIERSEGMENT('1XJvxpHD8HJ6vMplwVW6Pg',#5,'Electrical','Concealed',$,#3064,#3074,$,.CABLELADDERSEGMENT.);
#3076=IFCCARTESIANPOINT((10.399,18.657842,2.7));
#3077=IFCDIRECTION((0.976187,0.,0.21693));
#3078=IFCDIRECTION((-0.21693,0.,0.976187));
#3079=IFCAXIS2PLACEMENT3D(#3076,#3077,#3078);
#3080=IFCLOCALPLACEMENT(#26,#3079);
#3081=IFCCARTESIANPOINT((0.,0.));
#3082=IFCAXIS2PLACEMENT2D(#3081,$);
#3083=IFCCIRCLEPROFILEDEF(.AREA.,$,#3082,0.007);
#3084=IFCCARTESIANPOINT((0.,0.,0.));
#3085=IFCAXIS2PLACEMENT3D(#3084,$,$);
#3086=IFCDIRECTION((0.,0.,1.));
#3087=IFCEXTRUDEDAREASOLID(#3083,#3085,#3086,0.921954);
#3088=IFCSTYLEDITEM(#3087,(#2991),$);
#3089=IFCSHAPEREPRESENTATION(#12,'Body','SweptSolid',(#3087));
#3090=IFCPRODUCTDEFINITIONSHAPE($,$,(#3089));
#3091=IFCCABLECARRIERSEGMENT('1ijglE4g1tUflBWtgMJsyC',#5,'Electrical','Concealed',$,#3080,#3090,$,.CABLELADDERSEGMENT.);
#3092=IFCCARTESIANPOINT((10.8,14.95,0.));
#3093=IFCDIRECTION((0.,0.,1.));
#3094=IFCDIRECTION((0.,1.,0.));
#3095=IFCAXIS2PLACEMENT3D(#3092,#3093,#3094);
#3096=IFCLOCALPLACEMENT(#26,#3095);
#3097=IFCCARTESIANPOINT((0.,0.));
#3098=IFCAXIS2PLACEMENT2D(#3097,$);
#3099=IFCCIRCLEPROFILEDEF(.AREA.,$,#3098,0.25);
#3100=IFCCARTESIANPOINT((0.,0.,0.));
#3101=IFCAXIS2PLACEMENT3D(#3100,$,$);
#3102=IFCDIRECTION((0.,0.,1.));
#3103=IFCEXTRUDEDAREASOLID(#3099,#3101,#3102,0.6);
#3104=IFCCOLOURRGB($,0.392157,0.141176,0.141176);
#3105=IFCSURFACESTYLESHADING(#3104,0.);
#3106=IFCSURFACESTYLE('#642424',.BOTH.,(#3105));
#3107=IFCSTYLEDITEM(#3103,(#3106),$);
#3108=IFCSHAPEREPRESENTATION(#12,'Body','SweptSolid',(#3103));
#3109=IFCPRODUCTDEFINITIONSHAPE($,$,(#3108));
#3110=IFCBUILDINGELEMENTPROXY('0mCtIIS_V0F6rGZ72SHa4R',#5,'Gas tank','Skanna asset library',$,#3096,#3109,$,.NOTDEFINED.);
#3111=IFCPROPERTYSINGLEVALUE('Call for refill:',$,IFCTEXT('0909 tele'),$);
#3112=IFCPROPERTYSET('2_DkJvUqH1QI39XVmKoAtL',#5,'Skanna_Properties','Author properties (Skanna)',(#3111));
#3113=IFCRELDEFINESBYPROPERTIES('34BNNxjzQeczBwks7Mpm5n',#5,$,$,(#3110),#3112);
#3114=IFCCARTESIANPOINT((0.35,6.13,2.2));
#3115=IFCDIRECTION((0.,0.,1.));
#3116=IFCDIRECTION((0.,1.,0.));
#3117=IFCAXIS2PLACEMENT3D(#3114,#3115,#3116);
#3118=IFCLOCALPLACEMENT(#26,#3117);
#3119=IFCINDEXEDPOLYGONALFACE((1,2,3));
#3120=IFCINDEXEDPOLYGONALFACE((1,3,4));
#3121=IFCINDEXEDPOLYGONALFACE((2,5,6));
#3122=IFCINDEXEDPOLYGONALFACE((2,6,3));
#3123=IFCINDEXEDPOLYGONALFACE((5,7,8));
#3124=IFCINDEXEDPOLYGONALFACE((5,8,6));
#3125=IFCINDEXEDPOLYGONALFACE((7,9,10));
#3126=IFCINDEXEDPOLYGONALFACE((7,10,8));
#3127=IFCINDEXEDPOLYGONALFACE((9,11,12));
#3128=IFCINDEXEDPOLYGONALFACE((9,12,10));
#3129=IFCINDEXEDPOLYGONALFACE((11,13,14));
#3130=IFCINDEXEDPOLYGONALFACE((11,14,12));
#3131=IFCINDEXEDPOLYGONALFACE((13,15,16));
#3132=IFCINDEXEDPOLYGONALFACE((13,16,14));
#3133=IFCINDEXEDPOLYGONALFACE((15,17,18));
#3134=IFCINDEXEDPOLYGONALFACE((15,18,16));
#3135=IFCINDEXEDPOLYGONALFACE((17,19,20));
#3136=IFCINDEXEDPOLYGONALFACE((17,20,18));
#3137=IFCINDEXEDPOLYGONALFACE((19,21,22));
#3138=IFCINDEXEDPOLYGONALFACE((19,22,20));
#3139=IFCINDEXEDPOLYGONALFACE((21,23,24));
#3140=IFCINDEXEDPOLYGONALFACE((21,24,22));
#3141=IFCINDEXEDPOLYGONALFACE((23,25,26));
#3142=IFCINDEXEDPOLYGONALFACE((23,26,24));
#3143=IFCINDEXEDPOLYGONALFACE((25,27,28));
#3144=IFCINDEXEDPOLYGONALFACE((25,28,26));
#3145=IFCINDEXEDPOLYGONALFACE((27,29,30));
#3146=IFCINDEXEDPOLYGONALFACE((27,30,28));
#3147=IFCINDEXEDPOLYGONALFACE((29,31,32));
#3148=IFCINDEXEDPOLYGONALFACE((29,32,30));
#3149=IFCINDEXEDPOLYGONALFACE((31,1,4));
#3150=IFCINDEXEDPOLYGONALFACE((31,4,32));
#3151=IFCINDEXEDPOLYGONALFACE((1,5,2));
#3152=IFCINDEXEDPOLYGONALFACE((4,3,6));
#3153=IFCINDEXEDPOLYGONALFACE((1,7,5));
#3154=IFCINDEXEDPOLYGONALFACE((4,6,8));
#3155=IFCINDEXEDPOLYGONALFACE((1,9,7));
#3156=IFCINDEXEDPOLYGONALFACE((4,8,10));
#3157=IFCINDEXEDPOLYGONALFACE((1,11,9));
#3158=IFCINDEXEDPOLYGONALFACE((4,10,12));
#3159=IFCINDEXEDPOLYGONALFACE((1,13,11));
#3160=IFCINDEXEDPOLYGONALFACE((4,12,14));
#3161=IFCINDEXEDPOLYGONALFACE((1,15,13));
#3162=IFCINDEXEDPOLYGONALFACE((4,14,16));
#3163=IFCINDEXEDPOLYGONALFACE((1,17,15));
#3164=IFCINDEXEDPOLYGONALFACE((4,16,18));
#3165=IFCINDEXEDPOLYGONALFACE((1,19,17));
#3166=IFCINDEXEDPOLYGONALFACE((4,18,20));
#3167=IFCINDEXEDPOLYGONALFACE((1,21,19));
#3168=IFCINDEXEDPOLYGONALFACE((4,20,22));
#3169=IFCINDEXEDPOLYGONALFACE((1,23,21));
#3170=IFCINDEXEDPOLYGONALFACE((4,22,24));
#3171=IFCINDEXEDPOLYGONALFACE((1,25,23));
#3172=IFCINDEXEDPOLYGONALFACE((4,24,26));
#3173=IFCINDEXEDPOLYGONALFACE((1,27,25));
#3174=IFCINDEXEDPOLYGONALFACE((4,26,28));
#3175=IFCINDEXEDPOLYGONALFACE((1,29,27));
#3176=IFCINDEXEDPOLYGONALFACE((4,28,30));
#3177=IFCINDEXEDPOLYGONALFACE((1,31,29));
#3178=IFCINDEXEDPOLYGONALFACE((4,30,32));
#3179=IFCCARTESIANPOINTLIST3D(((0.44,-0.12,0.),(0.47,-0.111962,0.),(0.47,-0.103862,0.4),(0.44,-0.1119,0.4),(0.491962,-0.09,0.),(0.491962,-0.0819,0.4),(0.5,-0.06,0.),(0.5,-0.0519,0.4),(0.5,0.09,0.),(0.5,0.0819,0.4),(0.491962,0.12,0.),(0.491962,0.1119,0.4),(0.47,0.141962,0.),(0.47,0.133862,0.4),(0.44,0.15,0.),(0.44,0.1419,0.4),(-0.44,0.15,0.),(-0.44,0.1419,0.4),(-0.47,0.141962,0.),(-0.47,0.133862,0.4),(-0.491962,0.12,0.),(-0.491962,0.1119,0.4),(-0.5,0.09,0.),(-0.5,0.0819,0.4),(-0.5,-0.06,0.),(-0.5,-0.0519,0.4),(-0.491962,-0.09,0.),(-0.491962,-0.0819,0.4),(-0.47,-0.111962,0.),(-0.47,-0.103862,0.4),(-0.44,-0.12,0.),(-0.44,-0.1119,0.4)));
#3180=IFCPOLYGONALFACESET(#3179,.T.,(#3119,#3120,#3121,#3122,#3123,#3124,#3125,#3126,#3127,#3128,#3129,#3130,#3131,#3132,#3133,#3134,#3135,#3136,#3137,#3138,#3139,#3140,#3141,#3142,#3143,#3144,#3145,#3146,#3147,#3148,#3149,#3150,#3151,#3152,#3153,#3154,#3155,#3156,#3157,#3158,#3159,#3160,#3161,#3162,#3163,#3164,#3165,#3166,#3167,#3168,#3169,#3170,#3171,#3172,#3173,#3174,#3175,#3176,#3177,#3178),$);
#3181=IFCCOLOURRGB($,0.956863,0.956863,0.94902);
#3182=IFCSURFACESTYLESHADING(#3181,0.);
#3183=IFCSURFACESTYLE('#f4f4f2',.BOTH.,(#3182));
#3184=IFCSTYLEDITEM(#3180,(#3183),$);
#3185=IFCCARTESIANPOINT((0.,-0.126));
#3186=IFCAXIS2PLACEMENT2D(#3185,$);
#3187=IFCRECTANGLEPROFILEDEF(.AREA.,$,#3186,0.9,0.036);
#3188=IFCCARTESIANPOINT((0.,0.,0.032));
#3189=IFCAXIS2PLACEMENT3D(#3188,$,$);
#3190=IFCDIRECTION((0.,0.,1.));
#3191=IFCEXTRUDEDAREASOLID(#3187,#3189,#3190,0.08);
#3192=IFCCOLOURRGB($,0.87451,0.882353,0.878431);
#3193=IFCSURFACESTYLESHADING(#3192,0.);
#3194=IFCSURFACESTYLE('#dfe1e0',.BOTH.,(#3193));
#3195=IFCSTYLEDITEM(#3191,(#3194),$);
#3196=IFCSHAPEREPRESENTATION(#12,'Body','SolidModel',(#3180,#3191));
#3197=IFCPRODUCTDEFINITIONSHAPE($,$,(#3196));
#3198=IFCUNITARYEQUIPMENT('19nA5RSsCe89aVX1RpoUmy',#5,'Air conditioner (wall)','Skanna asset library',$,#3118,#3197,$,.AIRCONDITIONINGUNIT.);
#3199=IFCCARTESIANPOINT((6.7,7.43,0.));
#3200=IFCDIRECTION((0.,0.,1.));
#3201=IFCDIRECTION((0.,1.,0.));
#3202=IFCAXIS2PLACEMENT3D(#3199,#3200,#3201);
#3203=IFCLOCALPLACEMENT(#26,#3202);
#3204=IFCCARTESIANPOINT((0.,0.));
#3205=IFCAXIS2PLACEMENT2D(#3204,$);
#3206=IFCRECTANGLEPROFILEDEF(.AREA.,$,#3205,2.07,0.792);
#3207=IFCCARTESIANPOINT((0.,0.,0.));
#3208=IFCAXIS2PLACEMENT3D(#3207,$,$);
#3209=IFCDIRECTION((0.,0.,1.));
#3210=IFCEXTRUDEDAREASOLID(#3206,#3208,#3209,0.08);
#3211=IFCCOLOURRGB($,0.035294,0.035294,0.035294);
#3212=IFCSURFACESTYLESHADING(#3211,0.);
#3213=IFCSURFACESTYLE('#090909',.BOTH.,(#3212));
#3214=IFCSTYLEDITEM(#3210,(#3213),$);
#3215=IFCINDEXEDPOLYGONALFACE((1,2,3));
#3216=IFCINDEXEDPOLYGONALFACE((1,3,4));
#3217=IFCINDEXEDPOLYGONALFACE((2,5,6));
#3218=IFCINDEXEDPOLYGONALFACE((2,6,3));
#3219=IFCINDEXEDPOLYGONALFACE((5,7,8));
#3220=IFCINDEXEDPOLYGONALFACE((5,8,6));
#3221=IFCINDEXEDPOLYGONALFACE((7,9,10));
#3222=IFCINDEXEDPOLYGONALFACE((7,10,8));
#3223=IFCINDEXEDPOLYGONALFACE((9,11,12));
#3224=IFCINDEXEDPOLYGONALFACE((9,12,10));
#3225=IFCINDEXEDPOLYGONALFACE((11,13,14));
#3226=IFCINDEXEDPOLYGONALFACE((11,14,12));
#3227=IFCINDEXEDPOLYGONALFACE((13,15,16));
#3228=IFCINDEXEDPOLYGONALFACE((13,16,14));
#3229=IFCINDEXEDPOLYGONALFACE((15,17,18));
#3230=IFCINDEXEDPOLYGONALFACE((15,18,16));
#3231=IFCINDEXEDPOLYGONALFACE((17,19,20));
#3232=IFCINDEXEDPOLYGONALFACE((17,20,18));
#3233=IFCINDEXEDPOLYGONALFACE((19,21,22));
#3234=IFCINDEXEDPOLYGONALFACE((19,22,20));
#3235=IFCINDEXEDPOLYGONALFACE((21,23,24));
#3236=IFCINDEXEDPOLYGONALFACE((21,24,22));
#3237=IFCINDEXEDPOLYGONALFACE((23,25,26));
#3238=IFCINDEXEDPOLYGONALFACE((23,26,24));
#3239=IFCINDEXEDPOLYGONALFACE((25,27,28));
#3240=IFCINDEXEDPOLYGONALFACE((25,28,26));
#3241=IFCINDEXEDPOLYGONALFACE((27,29,30));
#3242=IFCINDEXEDPOLYGONALFACE((27,30,28));
#3243=IFCINDEXEDPOLYGONALFACE((29,31,32));
#3244=IFCINDEXEDPOLYGONALFACE((29,32,30));
#3245=IFCINDEXEDPOLYGONALFACE((31,1,4));
#3246=IFCINDEXEDPOLYGONALFACE((31,4,32));
#3247=IFCINDEXEDPOLYGONALFACE((1,5,2));
#3248=IFCINDEXEDPOLYGONALFACE((4,3,6));
#3249=IFCINDEXEDPOLYGONALFACE((1,7,5));
#3250=IFCINDEXEDPOLYGONALFACE((4,6,8));
#3251=IFCINDEXEDPOLYGONALFACE((1,9,7));
#3252=IFCINDEXEDPOLYGONALFACE((4,8,10));
#3253=IFCINDEXEDPOLYGONALFACE((1,11,9));
#3254=IFCINDEXEDPOLYGONALFACE((4,10,12));
#3255=IFCINDEXEDPOLYGONALFACE((1,13,11));
#3256=IFCINDEXEDPOLYGONALFACE((4,12,14));
#3257=IFCINDEXEDPOLYGONALFACE((1,15,13));
#3258=IFCINDEXEDPOLYGONALFACE((4,14,16));
#3259=IFCINDEXEDPOLYGONALFACE((1,17,15));
#3260=IFCINDEXEDPOLYGONALFACE((4,16,18));
#3261=IFCINDEXEDPOLYGONALFACE((1,19,17));
#3262=IFCINDEXEDPOLYGONALFACE((4,18,20));
#3263=IFCINDEXEDPOLYGONALFACE((1,21,19));
#3264=IFCINDEXEDPOLYGONALFACE((4,20,22));
#3265=IFCINDEXEDPOLYGONALFACE((1,23,21));
#3266=IFCINDEXEDPOLYGONALFACE((4,22,24));
#3267=IFCINDEXEDPOLYGONALFACE((1,25,23));
#3268=IFCINDEXEDPOLYGONALFACE((4,24,26));
#3269=IFCINDEXEDPOLYGONALFACE((1,27,25));
#3270=IFCINDEXEDPOLYGONALFACE((4,26,28));
#3271=IFCINDEXEDPOLYGONALFACE((1,29,27));
#3272=IFCINDEXEDPOLYGONALFACE((4,28,30));
#3273=IFCINDEXEDPOLYGONALFACE((1,31,29));
#3274=IFCINDEXEDPOLYGONALFACE((4,30,32));
#3275=IFCCARTESIANPOINTLIST3D(((1.1,-0.45,0.064),(1.125,-0.443301,0.064),(1.125,-0.443301,0.32),(1.1,-0.45,0.32),(1.143301,-0.425,0.064),(1.143301,-0.425,0.32),(1.15,-0.4,0.064),(1.15,-0.4,0.32),(1.15,0.4,0.064),(1.15,0.4,0.32),(1.143301,0.425,0.064),(1.143301,0.425,0.32),(1.125,0.443301,0.064),(1.125,0.443301,0.32),(1.1,0.45,0.064),(1.1,0.45,0.32),(-1.1,0.45,0.064),(-1.1,0.45,0.32),(-1.125,0.443301,0.064),(-1.125,0.443301,0.32),(-1.143301,0.425,0.064),(-1.143301,0.425,0.32),(-1.15,0.4,0.064),(-1.15,0.4,0.32),(-1.15,-0.4,0.064),(-1.15,-0.4,0.32),(-1.143301,-0.425,0.064),(-1.143301,-0.425,0.32),(-1.125,-0.443301,0.064),(-1.125,-0.443301,0.32),(-1.1,-0.45,0.064),(-1.1,-0.45,0.32)));
#3276=IFCPOLYGONALFACESET(#3275,.T.,(#3215,#3216,#3217,#3218,#3219,#3220,#3221,#3222,#3223,#3224,#3225,#3226,#3227,#3228,#3229,#3230,#3231,#3232,#3233,#3234,#3235,#3236,#3237,#3238,#3239,#3240,#3241,#3242,#3243,#3244,#3245,#3246,#3247,#3248,#3249,#3250,#3251,#3252,#3253,#3254,#3255,#3256,#3257,#3258,#3259,#3260,#3261,#3262,#3263,#3264,#3265,#3266,#3267,#3268,#3269,#3270,#3271,#3272,#3273,#3274),$);
#3277=IFCCOLOURRGB($,0.039216,0.039216,0.039216);
#3278=IFCSURFACESTYLESHADING(#3277,0.);
#3279=IFCSURFACESTYLE('#0A0A0A',.BOTH.,(#3278));
#3280=IFCSTYLEDITEM(#3276,(#3279),$);
#3281=IFCINDEXEDPOLYGONALFACE((1,2,3));
#3282=IFCINDEXEDPOLYGONALFACE((1,3,4));
#3283=IFCINDEXEDPOLYGONALFACE((2,5,6));
#3284=IFCINDEXEDPOLYGONALFACE((2,6,3));
#3285=IFCINDEXEDPOLYGONALFACE((5,7,8));
#3286=IFCINDEXEDPOLYGONALFACE((5,8,6));
#3287=IFCINDEXEDPOLYGONALFACE((7,9,10));
#3288=IFCINDEXEDPOLYGONALFACE((7,10,8));
#3289=IFCINDEXEDPOLYGONALFACE((9,11,12));
#3290=IFCINDEXEDPOLYGONALFACE((9,12,10));
#3291=IFCINDEXEDPOLYGONALFACE((11,13,14));
#3292=IFCINDEXEDPOLYGONALFACE((11,14,12));
#3293=IFCINDEXEDPOLYGONALFACE((13,15,16));
#3294=IFCINDEXEDPOLYGONALFACE((13,16,14));
#3295=IFCINDEXEDPOLYGONALFACE((15,17,18));
#3296=IFCINDEXEDPOLYGONALFACE((15,18,16));
#3297=IFCINDEXEDPOLYGONALFACE((17,19,20));
#3298=IFCINDEXEDPOLYGONALFACE((17,20,18));
#3299=IFCINDEXEDPOLYGONALFACE((19,21,22));
#3300=IFCINDEXEDPOLYGONALFACE((19,22,20));
#3301=IFCINDEXEDPOLYGONALFACE((21,23,24));
#3302=IFCINDEXEDPOLYGONALFACE((21,24,22));
#3303=IFCINDEXEDPOLYGONALFACE((23,25,26));
#3304=IFCINDEXEDPOLYGONALFACE((23,26,24));
#3305=IFCINDEXEDPOLYGONALFACE((25,27,28));
#3306=IFCINDEXEDPOLYGONALFACE((25,28,26));
#3307=IFCINDEXEDPOLYGONALFACE((27,29,30));
#3308=IFCINDEXEDPOLYGONALFACE((27,30,28));
#3309=IFCINDEXEDPOLYGONALFACE((29,31,32));
#3310=IFCINDEXEDPOLYGONALFACE((29,32,30));
#3311=IFCINDEXEDPOLYGONALFACE((31,1,4));
#3312=IFCINDEXEDPOLYGONALFACE((31,4,32));
#3313=IFCINDEXEDPOLYGONALFACE((1,5,2));
#3314=IFCINDEXEDPOLYGONALFACE((4,3,6));
#3315=IFCINDEXEDPOLYGONALFACE((1,7,5));
#3316=IFCINDEXEDPOLYGONALFACE((4,6,8));
#3317=IFCINDEXEDPOLYGONALFACE((1,9,7));
#3318=IFCINDEXEDPOLYGONALFACE((4,8,10));
#3319=IFCINDEXEDPOLYGONALFACE((1,11,9));
#3320=IFCINDEXEDPOLYGONALFACE((4,10,12));
#3321=IFCINDEXEDPOLYGONALFACE((1,13,11));
#3322=IFCINDEXEDPOLYGONALFACE((4,12,14));
#3323=IFCINDEXEDPOLYGONALFACE((1,15,13));
#3324=IFCINDEXEDPOLYGONALFACE((4,14,16));
#3325=IFCINDEXEDPOLYGONALFACE((1,17,15));
#3326=IFCINDEXEDPOLYGONALFACE((4,16,18));
#3327=IFCINDEXEDPOLYGONALFACE((1,19,17));
#3328=IFCINDEXEDPOLYGONALFACE((4,18,20));
#3329=IFCINDEXEDPOLYGONALFACE((1,21,19));
#3330=IFCINDEXEDPOLYGONALFACE((4,20,22));
#3331=IFCINDEXEDPOLYGONALFACE((1,23,21));
#3332=IFCINDEXEDPOLYGONALFACE((4,22,24));
#3333=IFCINDEXEDPOLYGONALFACE((1,25,23));
#3334=IFCINDEXEDPOLYGONALFACE((4,24,26));
#3335=IFCINDEXEDPOLYGONALFACE((1,27,25));
#3336=IFCINDEXEDPOLYGONALFACE((4,26,28));
#3337=IFCINDEXEDPOLYGONALFACE((1,29,27));
#3338=IFCINDEXEDPOLYGONALFACE((4,28,30));
#3339=IFCINDEXEDPOLYGONALFACE((1,31,29));
#3340=IFCINDEXEDPOLYGONALFACE((4,30,32));
#3341=IFCCARTESIANPOINTLIST3D(((1.1,0.199423,0.305522),(1.125,0.206056,0.30459),(1.125,0.277313,0.811607),(1.1,0.270679,0.812539),(1.143301,0.224179,0.302043),(1.143301,0.295436,0.80906),(1.15,0.248936,0.298563),(1.15,0.320193,0.805581),(1.15,0.363807,0.282419),(1.15,0.435064,0.789437),(1.143301,0.388564,0.27894),(1.143301,0.459821,0.785957),(1.125,0.406687,0.276393),(1.125,0.477944,0.78341),(1.1,0.413321,0.275461),(1.1,0.484577,0.782478),(-1.1,0.413321,0.275461),(-1.1,0.484577,0.782478),(-1.125,0.406687,0.276393),(-1.125,0.477944,0.78341),(-1.143301,0.388564,0.27894),(-1.143301,0.459821,0.785957),(-1.15,0.363807,0.282419),(-1.15,0.435064,0.789437),(-1.15,0.248936,0.298563),(-1.15,0.320193,0.805581),(-1.143301,0.224179,0.302043),(-1.143301,0.295436,0.80906),(-1.125,0.206056,0.30459),(-1.125,0.277313,0.811607),(-1.1,0.199423,0.305522),(-1.1,0.270679,0.812539)));
#3342=IFCPOLYGONALFACESET(#3341,.T.,(#3281,#3282,#3283,#3284,#3285,#3286,#3287,#3288,#3289,#3290,#3291,#3292,#3293,#3294,#3295,#3296,#3297,#3298,#3299,#3300,#3301,#3302,#3303,#3304,#3305,#3306,#3307,#3308,#3309,#3310,#3311,#3312,#3313,#3314,#3315,#3316,#3317,#3318,#3319,#3320,#3321,#3322,#3323,#3324,#3325,#3326,#3327,#3328,#3329,#3330,#3331,#3332,#3333,#3334,#3335,#3336,#3337,#3338,#3339,#3340),$);
#3343=IFCSTYLEDITEM(#3342,(#3279),$);
#3344=IFCINDEXEDPOLYGONALFACE((1,2,3));
#3345=IFCINDEXEDPOLYGONALFACE((1,3,4));
#3346=IFCINDEXEDPOLYGONALFACE((2,5,6));
#3347=IFCINDEXEDPOLYGONALFACE((2,6,3));
#3348=IFCINDEXEDPOLYGONALFACE((5,7,8));
#3349=IFCINDEXEDPOLYGONALFACE((5,8,6));
#3350=IFCINDEXEDPOLYGONALFACE((7,9,10));
#3351=IFCINDEXEDPOLYGONALFACE((7,10,8));
#3352=IFCINDEXEDPOLYGONALFACE((9,11,12));
#3353=IFCINDEXEDPOLYGONALFACE((9,12,10));
#3354=IFCINDEXEDPOLYGONALFACE((11,13,14));
#3355=IFCINDEXEDPOLYGONALFACE((11,14,12));
#3356=IFCINDEXEDPOLYGONALFACE((13,15,16));
#3357=IFCINDEXEDPOLYGONALFACE((13,16,14));
#3358=IFCINDEXEDPOLYGONALFACE((15,17,18));
#3359=IFCINDEXEDPOLYGONALFACE((15,18,16));
#3360=IFCINDEXEDPOLYGONALFACE((17,19,20));
#3361=IFCINDEXEDPOLYGONALFACE((17,20,18));
#3362=IFCINDEXEDPOLYGONALFACE((19,21,22));
#3363=IFCINDEXEDPOLYGONALFACE((19,22,20));
#3364=IFCINDEXEDPOLYGONALFACE((21,23,24));
#3365=IFCINDEXEDPOLYGONALFACE((21,24,22));
#3366=IFCINDEXEDPOLYGONALFACE((23,25,26));
#3367=IFCINDEXEDPOLYGONALFACE((23,26,24));
#3368=IFCINDEXEDPOLYGONALFACE((25,27,28));
#3369=IFCINDEXEDPOLYGONALFACE((25,28,26));
#3370=IFCINDEXEDPOLYGONALFACE((27,29,30));
#3371=IFCINDEXEDPOLYGONALFACE((27,30,28));
#3372=IFCINDEXEDPOLYGONALFACE((29,31,32));
#3373=IFCINDEXEDPOLYGONALFACE((29,32,30));
#3374=IFCINDEXEDPOLYGONALFACE((31,1,4));
#3375=IFCINDEXEDPOLYGONALFACE((31,4,32));
#3376=IFCINDEXEDPOLYGONALFACE((1,5,2));
#3377=IFCINDEXEDPOLYGONALFACE((4,3,6));
#3378=IFCINDEXEDPOLYGONALFACE((1,7,5));
#3379=IFCINDEXEDPOLYGONALFACE((4,6,8));
#3380=IFCINDEXEDPOLYGONALFACE((1,9,7));
#3381=IFCINDEXEDPOLYGONALFACE((4,8,10));
#3382=IFCINDEXEDPOLYGONALFACE((1,11,9));
#3383=IFCINDEXEDPOLYGONALFACE((4,10,12));
#3384=IFCINDEXEDPOLYGONALFACE((1,13,11));
#3385=IFCINDEXEDPOLYGONALFACE((4,12,14));
#3386=IFCINDEXEDPOLYGONALFACE((1,15,13));
#3387=IFCINDEXEDPOLYGONALFACE((4,14,16));
#3388=IFCINDEXEDPOLYGONALFACE((1,17,15));
#3389=IFCINDEXEDPOLYGONALFACE((4,16,18));
#3390=IFCINDEXEDPOLYGONALFACE((1,19,17));
#3391=IFCINDEXEDPOLYGONALFACE((4,18,20));
#3392=IFCINDEXEDPOLYGONALFACE((1,21,19));
#3393=IFCINDEXEDPOLYGONALFACE((4,20,22));
#3394=IFCINDEXEDPOLYGONALFACE((1,23,21));
#3395=IFCINDEXEDPOLYGONALFACE((4,22,24));
#3396=IFCINDEXEDPOLYGONALFACE((1,25,23));
#3397=IFCINDEXEDPOLYGONALFACE((4,24,26));
#3398=IFCINDEXEDPOLYGONALFACE((1,27,25));
#3399=IFCINDEXEDPOLYGONALFACE((4,26,28));
#3400=IFCINDEXEDPOLYGONALFACE((1,29,27));
#3401=IFCINDEXEDPOLYGONALFACE((4,28,30));
#3402=IFCINDEXEDPOLYGONALFACE((1,31,29));
#3403=IFCINDEXEDPOLYGONALFACE((4,30,32));
#3404=IFCCARTESIANPOINTLIST3D(((-0.924,-0.45,0.24),(-0.899,-0.443301,0.24),(-0.899,-0.443301,0.576),(-0.924,-0.45,0.576),(-0.880699,-0.425,0.24),(-0.880699,-0.425,0.576),(-0.874,-0.4,0.24),(-0.874,-0.4,0.576),(-0.874,0.364,0.24),(-0.874,0.364,0.576),(-0.880699,0.389,0.24),(-0.880699,0.389,0.576),(-0.899,0.407301,0.24),(-0.899,0.407301,0.576),(-0.924,0.414,0.24),(-0.924,0.414,0.576),(-1.1,0.414,0.24),(-1.1,0.414,0.576),(-1.125,0.407301,0.24),(-1.125,0.407301,0.576),(-1.143301,0.389,0.24),(-1.143301,0.389,0.576),(-1.15,0.364,0.24),(-1.15,0.364,0.576),(-1.15,-0.4,0.24),(-1.15,-0.4,0.576),(-1.143301,-0.425,0.24),(-1.143301,-0.425,0.576),(-1.125,-0.443301,0.24),(-1.125,-0.443301,0.576),(-1.1,-0.45,0.24),(-1.1,-0.45,0.576)));
#3405=IFCPOLYGONALFACESET(#3404,.T.,(#3344,#3345,#3346,#3347,#3348,#3349,#3350,#3351,#3352,#3353,#3354,#3355,#3356,#3357,#3358,#3359,#3360,#3361,#3362,#3363,#3364,#3365,#3366,#3367,#3368,#3369,#3370,#3371,#3372,#3373,#3374,#3375,#3376,#3377,#3378,#3379,#3380,#3381,#3382,#3383,#3384,#3385,#3386,#3387,#3388,#3389,#3390,#3391,#3392,#3393,#3394,#3395,#3396,#3397,#3398,#3399,#3400,#3401,#3402,#3403),$);
#3406=IFCSTYLEDITEM(#3405,(#3279),$);
#3407=IFCINDEXEDPOLYGONALFACE((1,2,3));
#3408=IFCINDEXEDPOLYGONALFACE((1,3,4));
#3409=IFCINDEXEDPOLYGONALFACE((2,5,6));
#3410=IFCINDEXEDPOLYGONALFACE((2,6,3));
#3411=IFCINDEXEDPOLYGONALFACE((5,7,8));
#3412=IFCINDEXEDPOLYGONALFACE((5,8,6));
#3413=IFCINDEXEDPOLYGONALFACE((7,9,10));
#3414=IFCINDEXEDPOLYGONALFACE((7,10,8));
#3415=IFCINDEXEDPOLYGONALFACE((9,11,12));
#3416=IFCINDEXEDPOLYGONALFACE((9,12,10));
#3417=IFCINDEXEDPOLYGONALFACE((11,13,14));
#3418=IFCINDEXEDPOLYGONALFACE((11,14,12));
#3419=IFCINDEXEDPOLYGONALFACE((13,15,16));
#3420=IFCINDEXEDPOLYGONALFACE((13,16,14));
#3421=IFCINDEXEDPOLYGONALFACE((15,17,18));
#3422=IFCINDEXEDPOLYGONALFACE((15,18,16));
#3423=IFCINDEXEDPOLYGONALFACE((17,19,20));
#3424=IFCINDEXEDPOLYGONALFACE((17,20,18));
#3425=IFCINDEXEDPOLYGONALFACE((19,21,22));
#3426=IFCINDEXEDPOLYGONALFACE((19,22,20));
#3427=IFCINDEXEDPOLYGONALFACE((21,23,24));
#3428=IFCINDEXEDPOLYGONALFACE((21,24,22));
#3429=IFCINDEXEDPOLYGONALFACE((23,25,26));
#3430=IFCINDEXEDPOLYGONALFACE((23,26,24));
#3431=IFCINDEXEDPOLYGONALFACE((25,27,28));
#3432=IFCINDEXEDPOLYGONALFACE((25,28,26));
#3433=IFCINDEXEDPOLYGONALFACE((27,29,30));
#3434=IFCINDEXEDPOLYGONALFACE((27,30,28));
#3435=IFCINDEXEDPOLYGONALFACE((29,31,32));
#3436=IFCINDEXEDPOLYGONALFACE((29,32,30));
#3437=IFCINDEXEDPOLYGONALFACE((31,1,4));
#3438=IFCINDEXEDPOLYGONALFACE((31,4,32));
#3439=IFCINDEXEDPOLYGONALFACE((1,5,2));
#3440=IFCINDEXEDPOLYGONALFACE((4,3,6));
#3441=IFCINDEXEDPOLYGONALFACE((1,7,5));
#3442=IFCINDEXEDPOLYGONALFACE((4,6,8));
#3443=IFCINDEXEDPOLYGONALFACE((1,9,7));
#3444=IFCINDEXEDPOLYGONALFACE((4,8,10));
#3445=IFCINDEXEDPOLYGONALFACE((1,11,9));
#3446=IFCINDEXEDPOLYGONALFACE((4,10,12));
#3447=IFCINDEXEDPOLYGONALFACE((1,13,11));
#3448=IFCINDEXEDPOLYGONALFACE((4,12,14));
#3449=IFCINDEXEDPOLYGONALFACE((1,15,13));
#3450=IFCINDEXEDPOLYGONALFACE((4,14,16));
#3451=IFCINDEXEDPOLYGONALFACE((1,17,15));
#3452=IFCINDEXEDPOLYGONALFACE((4,16,18));
#3453=IFCINDEXEDPOLYGONALFACE((1,19,17));
#3454=IFCINDEXEDPOLYGONALFACE((4,18,20));
#3455=IFCINDEXEDPOLYGONALFACE((1,21,19));
#3456=IFCINDEXEDPOLYGONALFACE((4,20,22));
#3457=IFCINDEXEDPOLYGONALFACE((1,23,21));
#3458=IFCINDEXEDPOLYGONALFACE((4,22,24));
#3459=IFCINDEXEDPOLYGONALFACE((1,25,23));
#3460=IFCINDEXEDPOLYGONALFACE((4,24,26));
#3461=IFCINDEXEDPOLYGONALFACE((1,27,25));
#3462=IFCINDEXEDPOLYGONALFACE((4,26,28));
#3463=IFCINDEXEDPOLYGONALFACE((1,29,27));
#3464=IFCINDEXEDPOLYGONALFACE((4,28,30));
#3465=IFCINDEXEDPOLYGONALFACE((1,31,29));
#3466=IFCINDEXEDPOLYGONALFACE((4,30,32));
#3467=IFCCARTESIANPOINTLIST3D(((1.1,-0.45,0.24),(1.125,-0.443301,0.24),(1.125,-0.443301,0.576),(1.1,-0.45,0.576),(1.143301,-0.425,0.24),(1.143301,-0.425,0.576),(1.15,-0.4,0.24),(1.15,-0.4,0.576),(1.15,0.364,0.24),(1.15,0.364,0.576),(1.143301,0.389,0.24),(1.143301,0.389,0.576),(1.125,0.407301,0.24),(1.125,0.407301,0.576),(1.1,0.414,0.24),(1.1,0.414,0.576),(0.924,0.414,0.24),(0.924,0.414,0.576),(0.899,0.407301,0.24),(0.899,0.407301,0.576),(0.880699,0.389,0.24),(0.880699,0.389,0.576),(0.874,0.364,0.24),(0.874,0.364,0.576),(0.874,-0.4,0.24),(0.874,-0.4,0.576),(0.880699,-0.425,0.24),(0.880699,-0.425,0.576),(0.899,-0.443301,0.24),(0.899,-0.443301,0.576),(0.924,-0.45,0.24),(0.924,-0.45,0.576)));
#3468=IFCPOLYGONALFACESET(#3467,.T.,(#3407,#3408,#3409,#3410,#3411,#3412,#3413,#3414,#3415,#3416,#3417,#3418,#3419,#3420,#3421,#3422,#3423,#3424,#3425,#3426,#3427,#3428,#3429,#3430,#3431,#3432,#3433,#3434,#3435,#3436,#3437,#3438,#3439,#3440,#3441,#3442,#3443,#3444,#3445,#3446,#3447,#3448,#3449,#3450,#3451,#3452,#3453,#3454,#3455,#3456,#3457,#3458,#3459,#3460,#3461,#3462,#3463,#3464,#3465,#3466),$);
#3469=IFCSTYLEDITEM(#3468,(#3279),$);
#3470=IFCINDEXEDPOLYGONALFACE((1,2,3));
#3471=IFCINDEXEDPOLYGONALFACE((1,3,4));
#3472=IFCINDEXEDPOLYGONALFACE((2,5,6));
#3473=IFCINDEXEDPOLYGONALFACE((2,6,3));
#3474=IFCINDEXEDPOLYGONALFACE((5,7,8));
#3475=IFCINDEXEDPOLYGONALFACE((5,8,6));
#3476=IFCINDEXEDPOLYGONALFACE((7,9,10));
#3477=IFCINDEXEDPOLYGONALFACE((7,10,8));
#3478=IFCINDEXEDPOLYGONALFACE((9,11,12));
#3479=IFCINDEXEDPOLYGONALFACE((9,12,10));
#3480=IFCINDEXEDPOLYGONALFACE((11,13,14));
#3481=IFCINDEXEDPOLYGONALFACE((11,14,12));
#3482=IFCINDEXEDPOLYGONALFACE((13,15,16));
#3483=IFCINDEXEDPOLYGONALFACE((13,16,14));
#3484=IFCINDEXEDPOLYGONALFACE((15,17,18));
#3485=IFCINDEXEDPOLYGONALFACE((15,18,16));
#3486=IFCINDEXEDPOLYGONALFACE((17,19,20));
#3487=IFCINDEXEDPOLYGONALFACE((17,20,18));
#3488=IFCINDEXEDPOLYGONALFACE((19,21,22));
#3489=IFCINDEXEDPOLYGONALFACE((19,22,20));
#3490=IFCINDEXEDPOLYGONALFACE((21,23,24));
#3491=IFCINDEXEDPOLYGONALFACE((21,24,22));
#3492=IFCINDEXEDPOLYGONALFACE((23,25,26));
#3493=IFCINDEXEDPOLYGONALFACE((23,26,24));
#3494=IFCINDEXEDPOLYGONALFACE((25,27,28));
#3495=IFCINDEXEDPOLYGONALFACE((25,28,26));
#3496=IFCINDEXEDPOLYGONALFACE((27,29,30));
#3497=IFCINDEXEDPOLYGONALFACE((27,30,28));
#3498=IFCINDEXEDPOLYGONALFACE((29,31,32));
#3499=IFCINDEXEDPOLYGONALFACE((29,32,30));
#3500=IFCINDEXEDPOLYGONALFACE((31,1,4));
#3501=IFCINDEXEDPOLYGONALFACE((31,4,32));
#3502=IFCINDEXEDPOLYGONALFACE((1,5,2));
#3503=IFCINDEXEDPOLYGONALFACE((4,3,6));
#3504=IFCINDEXEDPOLYGONALFACE((1,7,5));
#3505=IFCINDEXEDPOLYGONALFACE((4,6,8));
#3506=IFCINDEXEDPOLYGONALFACE((1,9,7));
#3507=IFCINDEXEDPOLYGONALFACE((4,8,10));
#3508=IFCINDEXEDPOLYGONALFACE((1,11,9));
#3509=IFCINDEXEDPOLYGONALFACE((4,10,12));
#3510=IFCINDEXEDPOLYGONALFACE((1,13,11));
#3511=IFCINDEXEDPOLYGONALFACE((4,12,14));
#3512=IFCINDEXEDPOLYGONALFACE((1,15,13));
#3513=IFCINDEXEDPOLYGONALFACE((4,14,16));
#3514=IFCINDEXEDPOLYGONALFACE((1,17,15));
#3515=IFCINDEXEDPOLYGONALFACE((4,16,18));
#3516=IFCINDEXEDPOLYGONALFACE((1,19,17));
#3517=IFCINDEXEDPOLYGONALFACE((4,18,20));
#3518=IFCINDEXEDPOLYGONALFACE((1,21,19));
#3519=IFCINDEXEDPOLYGONALFACE((4,20,22));
#3520=IFCINDEXEDPOLYGONALFACE((1,23,21));
#3521=IFCINDEXEDPOLYGONALFACE((4,22,24));
#3522=IFCINDEXEDPOLYGONALFACE((1,25,23));
#3523=IFCINDEXEDPOLYGONALFACE((4,24,26));
#3524=IFCINDEXEDPOLYGONALFACE((1,27,25));
#3525=IFCINDEXEDPOLYGONALFACE((4,26,28));
#3526=IFCINDEXEDPOLYGONALFACE((1,29,27));
#3527=IFCINDEXEDPOLYGONALFACE((4,28,30));
#3528=IFCINDEXEDPOLYGONALFACE((1,31,29));
#3529=IFCINDEXEDPOLYGONALFACE((4,30,32));
#3530=IFCCARTESIANPOINTLIST3D(((0.801,-0.405,0.304),(0.826,-0.398301,0.304),(0.826,-0.398301,0.44),(0.801,-0.405,0.44),(0.844301,-0.38,0.304),(0.844301,-0.38,0.44),(0.851,-0.355,0.304),(0.851,-0.355,0.44),(0.851,0.193,0.304),(0.851,0.193,0.44),(0.844301,0.218,0.304),(0.844301,0.218,0.44),(0.826,0.236301,0.304),(0.826,0.236301,0.44),(0.801,0.243,0.304),(0.801,0.243,0.44),(-0.801,0.243,0.304),(-0.801,0.243,0.44),(-0.826,0.236301,0.304),(-0.826,0.236301,0.44),(-0.844301,0.218,0.304),(-0.844301,0.218,0.44),(-0.851,0.193,0.304),(-0.851,0.193,0.44),(-0.851,-0.355,0.304),(-0.851,-0.355,0.44),(-0.844301,-0.38,0.304),(-0.844301,-0.38,0.44),(-0.826,-0.398301,0.304),(-0.826,-0.398301,0.44),(-0.801,-0.405,0.304),(-0.801,-0.405,0.44)));
#3531=IFCPOLYGONALFACESET(#3530,.T.,(#3470,#3471,#3472,#3473,#3474,#3475,#3476,#3477,#3478,#3479,#3480,#3481,#3482,#3483,#3484,#3485,#3486,#3487,#3488,#3489,#3490,#3491,#3492,#3493,#3494,#3495,#3496,#3497,#3498,#3499,#3500,#3501,#3502,#3503,#3504,#3505,#3506,#3507,#3508,#3509,#3510,#3511,#3512,#3513,#3514,#3515,#3516,#3517,#3518,#3519,#3520,#3521,#3522,#3523,#3524,#3525,#3526,#3527,#3528,#3529),$);
#3532=IFCCOLOURRGB($,0.137255,0.137255,0.137255);
#3533=IFCSURFACESTYLESHADING(#3532,0.);
#3534=IFCSURFACESTYLE('#232323',.BOTH.,(#3533));
#3535=IFCSTYLEDITEM(#3531,(#3534),$);
#3536=IFCINDEXEDPOLYGONALFACE((1,2,3));
#3537=IFCINDEXEDPOLYGONALFACE((1,3,4));
#3538=IFCINDEXEDPOLYGONALFACE((2,5,6));
#3539=IFCINDEXEDPOLYGONALFACE((2,6,3));
#3540=IFCINDEXEDPOLYGONALFACE((5,7,8));
#3541=IFCINDEXEDPOLYGONALFACE((5,8,6));
#3542=IFCINDEXEDPOLYGONALFACE((7,9,10));
#3543=IFCINDEXEDPOLYGONALFACE((7,10,8));
#3544=IFCINDEXEDPOLYGONALFACE((9,11,12));
#3545=IFCINDEXEDPOLYGONALFACE((9,12,10));
#3546=IFCINDEXEDPOLYGONALFACE((11,13,14));
#3547=IFCINDEXEDPOLYGONALFACE((11,14,12));
#3548=IFCINDEXEDPOLYGONALFACE((13,15,16));
#3549=IFCINDEXEDPOLYGONALFACE((13,16,14));
#3550=IFCINDEXEDPOLYGONALFACE((15,17,18));
#3551=IFCINDEXEDPOLYGONALFACE((15,18,16));
#3552=IFCINDEXEDPOLYGONALFACE((17,19,20));
#3553=IFCINDEXEDPOLYGONALFACE((17,20,18));
#3554=IFCINDEXEDPOLYGONALFACE((19,21,22));
#3555=IFCINDEXEDPOLYGONALFACE((19,22,20));
#3556=IFCINDEXEDPOLYGONALFACE((21,23,24));
#3557=IFCINDEXEDPOLYGONALFACE((21,24,22));
#3558=IFCINDEXEDPOLYGONALFACE((23,25,26));
#3559=IFCINDEXEDPOLYGONALFACE((23,26,24));
#3560=IFCINDEXEDPOLYGONALFACE((25,27,28));
#3561=IFCINDEXEDPOLYGONALFACE((25,28,26));
#3562=IFCINDEXEDPOLYGONALFACE((27,29,30));
#3563=IFCINDEXEDPOLYGONALFACE((27,30,28));
#3564=IFCINDEXEDPOLYGONALFACE((29,31,32));
#3565=IFCINDEXEDPOLYGONALFACE((29,32,30));
#3566=IFCINDEXEDPOLYGONALFACE((31,1,4));
#3567=IFCINDEXEDPOLYGONALFACE((31,4,32));
#3568=IFCINDEXEDPOLYGONALFACE((1,5,2));
#3569=IFCINDEXEDPOLYGONALFACE((4,3,6));
#3570=IFCINDEXEDPOLYGONALFACE((1,7,5));
#3571=IFCINDEXEDPOLYGONALFACE((4,6,8));
#3572=IFCINDEXEDPOLYGONALFACE((1,9,7));
#3573=IFCINDEXEDPOLYGONALFACE((4,8,10));
#3574=IFCINDEXEDPOLYGONALFACE((1,11,9));
#3575=IFCINDEXEDPOLYGONALFACE((4,10,12));
#3576=IFCINDEXEDPOLYGONALFACE((1,13,11));
#3577=IFCINDEXEDPOLYGONALFACE((4,12,14));
#3578=IFCINDEXEDPOLYGONALFACE((1,15,13));
#3579=IFCINDEXEDPOLYGONALFACE((4,14,16));
#3580=IFCINDEXEDPOLYGONALFACE((1,17,15));
#3581=IFCINDEXEDPOLYGONALFACE((4,16,18));
#3582=IFCINDEXEDPOLYGONALFACE((1,19,17));
#3583=IFCINDEXEDPOLYGONALFACE((4,18,20));
#3584=IFCINDEXEDPOLYGONALFACE((1,21,19));
#3585=IFCINDEXEDPOLYGONALFACE((4,20,22));
#3586=IFCINDEXEDPOLYGONALFACE((1,23,21));
#3587=IFCINDEXEDPOLYGONALFACE((4,22,24));
#3588=IFCINDEXEDPOLYGONALFACE((1,25,23));
#3589=IFCINDEXEDPOLYGONALFACE((4,24,26));
#3590=IFCINDEXEDPOLYGONALFACE((1,27,25));
#3591=IFCINDEXEDPOLYGONALFACE((4,26,28));
#3592=IFCINDEXEDPOLYGONALFACE((1,29,27));
#3593=IFCINDEXEDPOLYGONALFACE((4,28,30));
#3594=IFCINDEXEDPOLYGONALFACE((1,31,29));
#3595=IFCINDEXEDPOLYGONALFACE((4,30,32));
#3596=IFCCARTESIANPOINTLIST3D(((0.801,0.115784,0.413492),(0.826,0.122381,0.412329),(0.826,0.180727,0.743224),(0.801,0.17413,0.744388),(0.844301,0.140404,0.409151),(0.844301,0.19875,0.740046),(0.851,0.165025,0.40481),(0.851,0.22337,0.735705),(0.851,0.19063,0.400295),(0.851,0.248975,0.73119),(0.844301,0.21525,0.395954),(0.844301,0.273596,0.726849),(0.826,0.233273,0.392776),(0.826,0.291619,0.723671),(0.801,0.23987,0.391612),(0.801,0.298216,0.722508),(-0.801,0.23987,0.391612),(-0.801,0.298216,0.722508),(-0.826,0.233273,0.392776),(-0.826,0.291619,0.723671),(-0.844301,0.21525,0.395954),(-0.844301,0.273596,0.726849),(-0.851,0.19063,0.400295),(-0.851,0.248975,0.73119),(-0.851,0.165025,0.40481),(-0.851,0.22337,0.735705),(-0.844301,0.140404,0.409151),(-0.844301,0.19875,0.740046),(-0.826,0.122381,0.412329),(-0.826,0.180727,0.743224),(-0.801,0.115784,0.413492),(-0.801,0.17413,0.744388)));
#3597=IFCPOLYGONALFACESET(#3596,.T.,(#3536,#3537,#3538,#3539,#3540,#3541,#3542,#3543,#3544,#3545,#3546,#3547,#3548,#3549,#3550,#3551,#3552,#3553,#3554,#3555,#3556,#3557,#3558,#3559,#3560,#3561,#3562,#3563,#3564,#3565,#3566,#3567,#3568,#3569,#3570,#3571,#3572,#3573,#3574,#3575,#3576,#3577,#3578,#3579,#3580,#3581,#3582,#3583,#3584,#3585,#3586,#3587,#3588,#3589,#3590,#3591,#3592,#3593,#3594,#3595),$);
#3598=IFCSTYLEDITEM(#3597,(#3534),$);
#3599=IFCSHAPEREPRESENTATION(#12,'Body','SolidModel',(#3210,#3276,#3342,#3405,#3468,#3531,#3597));
#3600=IFCPRODUCTDEFINITIONSHAPE($,$,(#3599));
#3601=IFCFURNITURE('3vqqbHXKCUtGvp$Pg7zFq1',#5,'Sofa','Skanna asset library',$,#3203,#3600,$,.SOFA.);
#3602=IFCCARTESIANPOINT((8.64,7.68,0.));
#3603=IFCDIRECTION((0.,0.,1.));
#3604=IFCDIRECTION((0.,-1.,0.));
#3605=IFCAXIS2PLACEMENT3D(#3602,#3603,#3604);
#3606=IFCLOCALPLACEMENT(#26,#3605);
#3607=IFCINDEXEDPOLYGONALFACE((1,2,3));
#3608=IFCINDEXEDPOLYGONALFACE((1,3,4));
#3609=IFCINDEXEDPOLYGONALFACE((2,5,6));
#3610=IFCINDEXEDPOLYGONALFACE((2,6,3));
#3611=IFCINDEXEDPOLYGONALFACE((5,7,8));
#3612=IFCINDEXEDPOLYGONALFACE((5,8,6));
#3613=IFCINDEXEDPOLYGONALFACE((7,9,10));
#3614=IFCINDEXEDPOLYGONALFACE((7,10,8));
#3615=IFCINDEXEDPOLYGONALFACE((9,11,12));
#3616=IFCINDEXEDPOLYGONALFACE((9,12,10));
#3617=IFCINDEXEDPOLYGONALFACE((11,13,14));
#3618=IFCINDEXEDPOLYGONALFACE((11,14,12));
#3619=IFCINDEXEDPOLYGONALFACE((13,15,16));
#3620=IFCINDEXEDPOLYGONALFACE((13,16,14));
#3621=IFCINDEXEDPOLYGONALFACE((15,17,18));
#3622=IFCINDEXEDPOLYGONALFACE((15,18,16));
#3623=IFCINDEXEDPOLYGONALFACE((17,19,20));
#3624=IFCINDEXEDPOLYGONALFACE((17,20,18));
#3625=IFCINDEXEDPOLYGONALFACE((19,21,22));
#3626=IFCINDEXEDPOLYGONALFACE((19,22,20));
#3627=IFCINDEXEDPOLYGONALFACE((21,23,24));
#3628=IFCINDEXEDPOLYGONALFACE((21,24,22));
#3629=IFCINDEXEDPOLYGONALFACE((23,25,26));
#3630=IFCINDEXEDPOLYGONALFACE((23,26,24));
#3631=IFCINDEXEDPOLYGONALFACE((25,27,28));
#3632=IFCINDEXEDPOLYGONALFACE((25,28,26));
#3633=IFCINDEXEDPOLYGONALFACE((27,29,30));
#3634=IFCINDEXEDPOLYGONALFACE((27,30,28));
#3635=IFCINDEXEDPOLYGONALFACE((29,31,32));
#3636=IFCINDEXEDPOLYGONALFACE((29,32,30));
#3637=IFCINDEXEDPOLYGONALFACE((31,1,4));
#3638=IFCINDEXEDPOLYGONALFACE((31,4,32));
#3639=IFCINDEXEDPOLYGONALFACE((1,5,2));
#3640=IFCINDEXEDPOLYGONALFACE((4,3,6));
#3641=IFCINDEXEDPOLYGONALFACE((1,7,5));
#3642=IFCINDEXEDPOLYGONALFACE((4,6,8));
#3643=IFCINDEXEDPOLYGONALFACE((1,9,7));
#3644=IFCINDEXEDPOLYGONALFACE((4,8,10));
#3645=IFCINDEXEDPOLYGONALFACE((1,11,9));
#3646=IFCINDEXEDPOLYGONALFACE((4,10,12));
#3647=IFCINDEXEDPOLYGONALFACE((1,13,11));
#3648=IFCINDEXEDPOLYGONALFACE((4,12,14));
#3649=IFCINDEXEDPOLYGONALFACE((1,15,13));
#3650=IFCINDEXEDPOLYGONALFACE((4,14,16));
#3651=IFCINDEXEDPOLYGONALFACE((1,17,15));
#3652=IFCINDEXEDPOLYGONALFACE((4,16,18));
#3653=IFCINDEXEDPOLYGONALFACE((1,19,17));
#3654=IFCINDEXEDPOLYGONALFACE((4,18,20));
#3655=IFCINDEXEDPOLYGONALFACE((1,21,19));
#3656=IFCINDEXEDPOLYGONALFACE((4,20,22));
#3657=IFCINDEXEDPOLYGONALFACE((1,23,21));
#3658=IFCINDEXEDPOLYGONALFACE((4,22,24));
#3659=IFCINDEXEDPOLYGONALFACE((1,25,23));
#3660=IFCINDEXEDPOLYGONALFACE((4,24,26));
#3661=IFCINDEXEDPOLYGONALFACE((1,27,25));
#3662=IFCINDEXEDPOLYGONALFACE((4,26,28));
#3663=IFCINDEXEDPOLYGONALFACE((1,29,27));
#3664=IFCINDEXEDPOLYGONALFACE((4,28,30));
#3665=IFCINDEXEDPOLYGONALFACE((1,31,29));
#3666=IFCINDEXEDPOLYGONALFACE((4,30,32));
#3667=IFCCARTESIANPOINTLIST3D(((0.59,-0.3,0.38),(0.595,-0.29866,0.38),(0.595,-0.29866,0.4),(0.59,-0.3,0.4),(0.59866,-0.295,0.38),(0.59866,-0.295,0.4),(0.6,-0.29,0.38),(0.6,-0.29,0.4),(0.6,0.29,0.38),(0.6,0.29,0.4),(0.59866,0.295,0.38),(0.59866,0.295,0.4),(0.595,0.29866,0.38),(0.595,0.29866,0.4),(0.59,0.3,0.38),(0.59,0.3,0.4),(-0.59,0.3,0.38),(-0.59,0.3,0.4),(-0.595,0.29866,0.38),(-0.595,0.29866,0.4),(-0.59866,0.295,0.38),(-0.59866,0.295,0.4),(-0.6,0.29,0.38),(-0.6,0.29,0.4),(-0.6,-0.29,0.38),(-0.6,-0.29,0.4),(-0.59866,-0.295,0.38),(-0.59866,-0.295,0.4),(-0.595,-0.29866,0.38),(-0.595,-0.29866,0.4),(-0.59,-0.3,0.38),(-0.59,-0.3,0.4)));
#3668=IFCPOLYGONALFACESET(#3667,.T.,(#3607,#3608,#3609,#3610,#3611,#3612,#3613,#3614,#3615,#3616,#3617,#3618,#3619,#3620,#3621,#3622,#3623,#3624,#3625,#3626,#3627,#3628,#3629,#3630,#3631,#3632,#3633,#3634,#3635,#3636,#3637,#3638,#3639,#3640,#3641,#3642,#3643,#3644,#3645,#3646,#3647,#3648,#3649,#3650,#3651,#3652,#3653,#3654,#3655,#3656,#3657,#3658,#3659,#3660,#3661,#3662,#3663,#3664,#3665,#3666),$);
#3669=IFCCOLOURRGB($,0.14902,0.156863,0.172549);
#3670=IFCSURFACESTYLESHADING(#3669,0.);
#3671=IFCSURFACESTYLE('#26282C',.BOTH.,(#3670));
#3672=IFCSTYLEDITEM(#3668,(#3671),$);
#3673=IFCINDEXEDPOLYGONALFACE((1,2,3));
#3674=IFCINDEXEDPOLYGONALFACE((1,3,4));
#3675=IFCINDEXEDPOLYGONALFACE((2,5,6));
#3676=IFCINDEXEDPOLYGONALFACE((2,6,3));
#3677=IFCINDEXEDPOLYGONALFACE((5,7,8));
#3678=IFCINDEXEDPOLYGONALFACE((5,8,6));
#3679=IFCINDEXEDPOLYGONALFACE((7,1,4));
#3680=IFCINDEXEDPOLYGONALFACE((7,4,8));
#3681=IFCINDEXEDPOLYGONALFACE((1,5,2));
#3682=IFCINDEXEDPOLYGONALFACE((4,3,6));
#3683=IFCINDEXEDPOLYGONALFACE((1,7,5));
#3684=IFCINDEXEDPOLYGONALFACE((4,6,8));
#3685=IFCCARTESIANPOINTLIST3D(((-0.549,-0.2565,0.),(-0.483,-0.2565,0.),(-0.4896,-0.2532,0.38),(-0.5424,-0.2532,0.38),(-0.483,-0.2235,0.),(-0.4896,-0.2268,0.38),(-0.549,-0.2235,0.),(-0.5424,-0.2268,0.38)));
#3686=IFCPOLYGONALFACESET(#3685,.T.,(#3673,#3674,#3675,#3676,#3677,#3678,#3679,#3680,#3681,#3682,#3683,#3684),$);
#3687=IFCSTYLEDITEM(#3686,(#3671),$);
#3688=IFCINDEXEDPOLYGONALFACE((1,2,3));
#3689=IFCINDEXEDPOLYGONALFACE((1,3,4));
#3690=IFCINDEXEDPOLYGONALFACE((2,5,6));
#3691=IFCINDEXEDPOLYGONALFACE((2,6,3));
#3692=IFCINDEXEDPOLYGONALFACE((5,7,8));
#3693=IFCINDEXEDPOLYGONALFACE((5,8,6));
#3694=IFCINDEXEDPOLYGONALFACE((7,1,4));
#3695=IFCINDEXEDPOLYGONALFACE((7,4,8));
#3696=IFCINDEXEDPOLYGONALFACE((1,5,2));
#3697=IFCINDEXEDPOLYGONALFACE((4,3,6));
#3698=IFCINDEXEDPOLYGONALFACE((1,7,5));
#3699=IFCINDEXEDPOLYGONALFACE((4,6,8));
#3700=IFCCARTESIANPOINTLIST3D(((0.483,-0.2565,0.),(0.549,-0.2565,0.),(0.5424,-0.2532,0.38),(0.4896,-0.2532,0.38),(0.549,-0.2235,0.),(0.5424,-0.2268,0.38),(0.483,-0.2235,0.),(0.4896,-0.2268,0.38)));
#3701=IFCPOLYGONALFACESET(#3700,.T.,(#3688,#3689,#3690,#3691,#3692,#3693,#3694,#3695,#3696,#3697,#3698,#3699),$);
#3702=IFCSTYLEDITEM(#3701,(#3671),$);
#3703=IFCINDEXEDPOLYGONALFACE((1,2,3));
#3704=IFCINDEXEDPOLYGONALFACE((1,3,4));
#3705=IFCINDEXEDPOLYGONALFACE((2,5,6));
#3706=IFCINDEXEDPOLYGONALFACE((2,6,3));
#3707=IFCINDEXEDPOLYGONALFACE((5,7,8));
#3708=IFCINDEXEDPOLYGONALFACE((5,8,6));
#3709=IFCINDEXEDPOLYGONALFACE((7,1,4));
#3710=IFCINDEXEDPOLYGONALFACE((7,4,8));
#3711=IFCINDEXEDPOLYGONALFACE((1,5,2));
#3712=IFCINDEXEDPOLYGONALFACE((4,3,6));
#3713=IFCINDEXEDPOLYGONALFACE((1,7,5));
#3714=IFCINDEXEDPOLYGONALFACE((4,6,8));
#3715=IFCCARTESIANPOINTLIST3D(((-0.549,0.2235,0.),(-0.483,0.2235,0.),(-0.4896,0.2268,0.38),(-0.5424,0.2268,0.38),(-0.483,0.2565,0.),(-0.4896,0.2532,0.38),(-0.549,0.2565,0.),(-0.5424,0.2532,0.38)));
#3716=IFCPOLYGONALFACESET(#3715,.T.,(#3703,#3704,#3705,#3706,#3707,#3708,#3709,#3710,#3711,#3712,#3713,#3714),$);
#3717=IFCSTYLEDITEM(#3716,(#3671),$);
#3718=IFCINDEXEDPOLYGONALFACE((1,2,3));
#3719=IFCINDEXEDPOLYGONALFACE((1,3,4));
#3720=IFCINDEXEDPOLYGONALFACE((2,5,6));
#3721=IFCINDEXEDPOLYGONALFACE((2,6,3));
#3722=IFCINDEXEDPOLYGONALFACE((5,7,8));
#3723=IFCINDEXEDPOLYGONALFACE((5,8,6));
#3724=IFCINDEXEDPOLYGONALFACE((7,1,4));
#3725=IFCINDEXEDPOLYGONALFACE((7,4,8));
#3726=IFCINDEXEDPOLYGONALFACE((1,5,2));
#3727=IFCINDEXEDPOLYGONALFACE((4,3,6));
#3728=IFCINDEXEDPOLYGONALFACE((1,7,5));
#3729=IFCINDEXEDPOLYGONALFACE((4,6,8));
#3730=IFCCARTESIANPOINTLIST3D(((0.483,0.2235,0.),(0.549,0.2235,0.),(0.5424,0.2268,0.38),(0.4896,0.2268,0.38),(0.549,0.2565,0.),(0.5424,0.2532,0.38),(0.483,0.2565,0.),(0.4896,0.2532,0.38)));
#3731=IFCPOLYGONALFACESET(#3730,.T.,(#3718,#3719,#3720,#3721,#3722,#3723,#3724,#3725,#3726,#3727,#3728,#3729),$);
#3732=IFCSTYLEDITEM(#3731,(#3671),$);
#3733=IFCSHAPEREPRESENTATION(#12,'Body','Tessellation',(#3668,#3686,#3701,#3716,#3731));
#3734=IFCPRODUCTDEFINITIONSHAPE($,$,(#3733));
#3735=IFCFURNITURE('08v2brB9S1FPzhF25LR4cw',#5,'Table','Skanna asset library',$,#3606,#3734,$,.TABLE.);
#3736=IFCCARTESIANPOINT((1.2,6.1,0.));
#3737=IFCDIRECTION((0.,0.,1.));
#3738=IFCDIRECTION((0.,1.,0.));
#3739=IFCAXIS2PLACEMENT3D(#3736,#3737,#3738);
#3740=IFCLOCALPLACEMENT(#26,#3739);
#3741=IFCCARTESIANPOINT((0.,0.));
#3742=IFCAXIS2PLACEMENT2D(#3741,$);
#3743=IFCRECTANGLEPROFILEDEF(.AREA.,$,#3742,1.692,1.92);
#3744=IFCCARTESIANPOINT((0.,0.,0.));
#3745=IFCAXIS2PLACEMENT3D(#3744,$,$);
#3746=IFCDIRECTION((0.,0.,1.));
#3747=IFCEXTRUDEDAREASOLID(#3743,#3745,#3746,0.14);
#3748=IFCCOLOURRGB($,0.811765,0.8,0.776471);
#3749=IFCSURFACESTYLESHADING(#3748,0.);
#3750=IFCSURFACESTYLE('#cfccc6',.BOTH.,(#3749));
#3751=IFCSTYLEDITEM(#3747,(#3750),$);
#3752=IFCINDEXEDPOLYGONALFACE((1,2,3));
#3753=IFCINDEXEDPOLYGONALFACE((1,3,4));
#3754=IFCINDEXEDPOLYGONALFACE((2,5,6));
#3755=IFCINDEXEDPOLYGONALFACE((2,6,3));
#3756=IFCINDEXEDPOLYGONALFACE((5,7,8));
#3757=IFCINDEXEDPOLYGONALFACE((5,8,6));
#3758=IFCINDEXEDPOLYGONALFACE((7,9,10));
#3759=IFCINDEXEDPOLYGONALFACE((7,10,8));
#3760=IFCINDEXEDPOLYGONALFACE((9,11,12));
#3761=IFCINDEXEDPOLYGONALFACE((9,12,10));
#3762=IFCINDEXEDPOLYGONALFACE((11,13,14));
#3763=IFCINDEXEDPOLYGONALFACE((11,14,12));
#3764=IFCINDEXEDPOLYGONALFACE((13,15,16));
#3765=IFCINDEXEDPOLYGONALFACE((13,16,14));
#3766=IFCINDEXEDPOLYGONALFACE((15,17,18));
#3767=IFCINDEXEDPOLYGONALFACE((15,18,16));
#3768=IFCINDEXEDPOLYGONALFACE((17,19,20));
#3769=IFCINDEXEDPOLYGONALFACE((17,20,18));
#3770=IFCINDEXEDPOLYGONALFACE((19,21,22));
#3771=IFCINDEXEDPOLYGONALFACE((19,22,20));
#3772=IFCINDEXEDPOLYGONALFACE((21,23,24));
#3773=IFCINDEXEDPOLYGONALFACE((21,24,22));
#3774=IFCINDEXEDPOLYGONALFACE((23,25,26));
#3775=IFCINDEXEDPOLYGONALFACE((23,26,24));
#3776=IFCINDEXEDPOLYGONALFACE((25,27,28));
#3777=IFCINDEXEDPOLYGONALFACE((25,28,26));
#3778=IFCINDEXEDPOLYGONALFACE((27,29,30));
#3779=IFCINDEXEDPOLYGONALFACE((27,30,28));
#3780=IFCINDEXEDPOLYGONALFACE((29,31,32));
#3781=IFCINDEXEDPOLYGONALFACE((29,32,30));
#3782=IFCINDEXEDPOLYGONALFACE((31,1,4));
#3783=IFCINDEXEDPOLYGONALFACE((31,4,32));
#3784=IFCINDEXEDPOLYGONALFACE((1,5,2));
#3785=IFCINDEXEDPOLYGONALFACE((4,3,6));
#3786=IFCINDEXEDPOLYGONALFACE((1,7,5));
#3787=IFCINDEXEDPOLYGONALFACE((4,6,8));
#3788=IFCINDEXEDPOLYGONALFACE((1,9,7));
#3789=IFCINDEXEDPOLYGONALFACE((4,8,10));
#3790=IFCINDEXEDPOLYGONALFACE((1,11,9));
#3791=IFCINDEXEDPOLYGONALFACE((4,10,12));
#3792=IFCINDEXEDPOLYGONALFACE((1,13,11));
#3793=IFCINDEXEDPOLYGONALFACE((4,12,14));
#3794=IFCINDEXEDPOLYGONALFACE((1,15,13));
#3795=IFCINDEXEDPOLYGONALFACE((4,14,16));
#3796=IFCINDEXEDPOLYGONALFACE((1,17,15));
#3797=IFCINDEXEDPOLYGONALFACE((4,16,18));
#3798=IFCINDEXEDPOLYGONALFACE((1,19,17));
#3799=IFCINDEXEDPOLYGONALFACE((4,18,20));
#3800=IFCINDEXEDPOLYGONALFACE((1,21,19));
#3801=IFCINDEXEDPOLYGONALFACE((4,20,22));
#3802=IFCINDEXEDPOLYGONALFACE((1,23,21));
#3803=IFCINDEXEDPOLYGONALFACE((4,22,24));
#3804=IFCINDEXEDPOLYGONALFACE((1,25,23));
#3805=IFCINDEXEDPOLYGONALFACE((4,24,26));
#3806=IFCINDEXEDPOLYGONALFACE((1,27,25));
#3807=IFCINDEXEDPOLYGONALFACE((4,26,28));
#3808=IFCINDEXEDPOLYGONALFACE((1,29,27));
#3809=IFCINDEXEDPOLYGONALFACE((4,28,30));
#3810=IFCINDEXEDPOLYGONALFACE((1,31,29));
#3811=IFCINDEXEDPOLYGONALFACE((4,30,32));
#3812=IFCCARTESIANPOINTLIST3D(((0.888,-1.,0.14),(0.894,-0.998392,0.14),(0.894,-0.998392,0.3),(0.888,-1.,0.3),(0.898392,-0.994,0.14),(0.898392,-0.994,0.3),(0.9,-0.988,0.14),(0.9,-0.988,0.3),(0.9,0.988,0.14),(0.9,0.988,0.3),(0.898392,0.994,0.14),(0.898392,0.994,0.3),(0.894,0.998392,0.14),(0.894,0.998392,0.3),(0.888,1.,0.14),(0.888,1.,0.3),(-0.888,1.,0.14),(-0.888,1.,0.3),(-0.894,0.998392,0.14),(-0.894,0.998392,0.3),(-0.898392,0.994,0.14),(-0.898392,0.994,0.3),(-0.9,0.988,0.14),(-0.9,0.988,0.3),(-0.9,-0.988,0.14),(-0.9,-0.988,0.3),(-0.898392,-0.994,0.14),(-0.898392,-0.994,0.3),(-0.894,-0.998392,0.14),(-0.894,-0.998392,0.3),(-0.888,-1.,0.14),(-0.888,-1.,0.3)));
#3813=IFCPOLYGONALFACESET(#3812,.T.,(#3752,#3753,#3754,#3755,#3756,#3757,#3758,#3759,#3760,#3761,#3762,#3763,#3764,#3765,#3766,#3767,#3768,#3769,#3770,#3771,#3772,#3773,#3774,#3775,#3776,#3777,#3778,#3779,#3780,#3781,#3782,#3783,#3784,#3785,#3786,#3787,#3788,#3789,#3790,#3791,#3792,#3793,#3794,#3795,#3796,#3797,#3798,#3799,#3800,#3801,#3802,#3803,#3804,#3805,#3806,#3807,#3808,#3809,#3810,#3811),$);
#3814=IFCCOLOURRGB($,0.945098,0.937255,0.92549);
#3815=IFCSURFACESTYLESHADING(#3814,0.);
#3816=IFCSURFACESTYLE('#f1efec',.BOTH.,(#3815));
#3817=IFCSTYLEDITEM(#3813,(#3816),$);
#3818=IFCINDEXEDPOLYGONALFACE((1,2,3));
#3819=IFCINDEXEDPOLYGONALFACE((1,3,4));
#3820=IFCINDEXEDPOLYGONALFACE((2,5,6));
#3821=IFCINDEXEDPOLYGONALFACE((2,6,3));
#3822=IFCINDEXEDPOLYGONALFACE((5,7,8));
#3823=IFCINDEXEDPOLYGONALFACE((5,8,6));
#3824=IFCINDEXEDPOLYGONALFACE((7,9,10));
#3825=IFCINDEXEDPOLYGONALFACE((7,10,8));
#3826=IFCINDEXEDPOLYGONALFACE((9,11,12));
#3827=IFCINDEXEDPOLYGONALFACE((9,12,10));
#3828=IFCINDEXEDPOLYGONALFACE((11,13,14));
#3829=IFCINDEXEDPOLYGONALFACE((11,14,12));
#3830=IFCINDEXEDPOLYGONALFACE((13,15,16));
#3831=IFCINDEXEDPOLYGONALFACE((13,16,14));
#3832=IFCINDEXEDPOLYGONALFACE((15,17,18));
#3833=IFCINDEXEDPOLYGONALFACE((15,18,16));
#3834=IFCINDEXEDPOLYGONALFACE((17,19,20));
#3835=IFCINDEXEDPOLYGONALFACE((17,20,18));
#3836=IFCINDEXEDPOLYGONALFACE((19,21,22));
#3837=IFCINDEXEDPOLYGONALFACE((19,22,20));
#3838=IFCINDEXEDPOLYGONALFACE((21,23,24));
#3839=IFCINDEXEDPOLYGONALFACE((21,24,22));
#3840=IFCINDEXEDPOLYGONALFACE((23,25,26));
#3841=IFCINDEXEDPOLYGONALFACE((23,26,24));
#3842=IFCINDEXEDPOLYGONALFACE((25,27,28));
#3843=IFCINDEXEDPOLYGONALFACE((25,28,26));
#3844=IFCINDEXEDPOLYGONALFACE((27,29,30));
#3845=IFCINDEXEDPOLYGONALFACE((27,30,28));
#3846=IFCINDEXEDPOLYGONALFACE((29,31,32));
#3847=IFCINDEXEDPOLYGONALFACE((29,32,30));
#3848=IFCINDEXEDPOLYGONALFACE((31,1,4));
#3849=IFCINDEXEDPOLYGONALFACE((31,4,32));
#3850=IFCINDEXEDPOLYGONALFACE((1,5,2));
#3851=IFCINDEXEDPOLYGONALFACE((4,3,6));
#3852=IFCINDEXEDPOLYGONALFACE((1,7,5));
#3853=IFCINDEXEDPOLYGONALFACE((4,6,8));
#3854=IFCINDEXEDPOLYGONALFACE((1,9,7));
#3855=IFCINDEXEDPOLYGONALFACE((4,8,10));
#3856=IFCINDEXEDPOLYGONALFACE((1,11,9));
#3857=IFCINDEXEDPOLYGONALFACE((4,10,12));
#3858=IFCINDEXEDPOLYGONALFACE((1,13,11));
#3859=IFCINDEXEDPOLYGONALFACE((4,12,14));
#3860=IFCINDEXEDPOLYGONALFACE((1,15,13));
#3861=IFCINDEXEDPOLYGONALFACE((4,14,16));
#3862=IFCINDEXEDPOLYGONALFACE((1,17,15));
#3863=IFCINDEXEDPOLYGONALFACE((4,16,18));
#3864=IFCINDEXEDPOLYGONALFACE((1,19,17));
#3865=IFCINDEXEDPOLYGONALFACE((4,18,20));
#3866=IFCINDEXEDPOLYGONALFACE((1,21,19));
#3867=IFCINDEXEDPOLYGONALFACE((4,20,22));
#3868=IFCINDEXEDPOLYGONALFACE((1,23,21));
#3869=IFCINDEXEDPOLYGONALFACE((4,22,24));
#3870=IFCINDEXEDPOLYGONALFACE((1,25,23));
#3871=IFCINDEXEDPOLYGONALFACE((4,24,26));
#3872=IFCINDEXEDPOLYGONALFACE((1,27,25));
#3873=IFCINDEXEDPOLYGONALFACE((4,26,28));
#3874=IFCINDEXEDPOLYGONALFACE((1,29,27));
#3875=IFCINDEXEDPOLYGONALFACE((4,28,30));
#3876=IFCINDEXEDPOLYGONALFACE((1,31,29));
#3877=IFCINDEXEDPOLYGONALFACE((4,30,32));
#3878=IFCCARTESIANPOINTLIST3D(((0.805,-0.98,0.3),(0.83,-0.973301,0.3),(0.83,-0.973301,0.52),(0.805,-0.98,0.52),(0.848301,-0.955,0.3),(0.848301,-0.955,0.52),(0.855,-0.93,0.3),(0.855,-0.93,0.52),(0.855,0.93,0.3),(0.855,0.93,0.52),(0.848301,0.955,0.3),(0.848301,0.955,0.52),(0.83,0.973301,0.3),(0.83,0.973301,0.52),(0.805,0.98,0.3),(0.805,0.98,0.52),(-0.805,0.98,0.3),(-0.805,0.98,0.52),(-0.83,0.973301,0.3),(-0.83,0.973301,0.52),(-0.848301,0.955,0.3),(-0.848301,0.955,0.52),(-0.855,0.93,0.3),(-0.855,0.93,0.52),(-0.855,-0.93,0.3),(-0.855,-0.93,0.52),(-0.848301,-0.955,0.3),(-0.848301,-0.955,0.52),(-0.83,-0.973301,0.3),(-0.83,-0.973301,0.52),(-0.805,-0.98,0.3),(-0.805,-0.98,0.52)));
#3879=IFCPOLYGONALFACESET(#3878,.T.,(#3818,#3819,#3820,#3821,#3822,#3823,#3824,#3825,#3826,#3827,#3828,#3829,#3830,#3831,#3832,#3833,#3834,#3835,#3836,#3837,#3838,#3839,#3840,#3841,#3842,#3843,#3844,#3845,#3846,#3847,#3848,#3849,#3850,#3851,#3852,#3853,#3854,#3855,#3856,#3857,#3858,#3859,#3860,#3861,#3862,#3863,#3864,#3865,#3866,#3867,#3868,#3869,#3870,#3871,#3872,#3873,#3874,#3875,#3876,#3877),$);
#3880=IFCCOLOURRGB($,0.937255,0.929412,0.909804);
#3881=IFCSURFACESTYLESHADING(#3880,0.);
#3882=IFCSURFACESTYLE('#efedE8',.BOTH.,(#3881));
#3883=IFCSTYLEDITEM(#3879,(#3882),$);
#3884=IFCINDEXEDPOLYGONALFACE((1,2,3));
#3885=IFCINDEXEDPOLYGONALFACE((1,3,4));
#3886=IFCINDEXEDPOLYGONALFACE((2,5,6));
#3887=IFCINDEXEDPOLYGONALFACE((2,6,3));
#3888=IFCINDEXEDPOLYGONALFACE((5,7,8));
#3889=IFCINDEXEDPOLYGONALFACE((5,8,6));
#3890=IFCINDEXEDPOLYGONALFACE((7,9,10));
#3891=IFCINDEXEDPOLYGONALFACE((7,10,8));
#3892=IFCINDEXEDPOLYGONALFACE((9,11,12));
#3893=IFCINDEXEDPOLYGONALFACE((9,12,10));
#3894=IFCINDEXEDPOLYGONALFACE((11,13,14));
#3895=IFCINDEXEDPOLYGONALFACE((11,14,12));
#3896=IFCINDEXEDPOLYGONALFACE((13,15,16));
#3897=IFCINDEXEDPOLYGONALFACE((13,16,14));
#3898=IFCINDEXEDPOLYGONALFACE((15,17,18));
#3899=IFCINDEXEDPOLYGONALFACE((15,18,16));
#3900=IFCINDEXEDPOLYGONALFACE((17,19,20));
#3901=IFCINDEXEDPOLYGONALFACE((17,20,18));
#3902=IFCINDEXEDPOLYGONALFACE((19,21,22));
#3903=IFCINDEXEDPOLYGONALFACE((19,22,20));
#3904=IFCINDEXEDPOLYGONALFACE((21,23,24));
#3905=IFCINDEXEDPOLYGONALFACE((21,24,22));
#3906=IFCINDEXEDPOLYGONALFACE((23,25,26));
#3907=IFCINDEXEDPOLYGONALFACE((23,26,24));
#3908=IFCINDEXEDPOLYGONALFACE((25,27,28));
#3909=IFCINDEXEDPOLYGONALFACE((25,28,26));
#3910=IFCINDEXEDPOLYGONALFACE((27,29,30));
#3911=IFCINDEXEDPOLYGONALFACE((27,30,28));
#3912=IFCINDEXEDPOLYGONALFACE((29,31,32));
#3913=IFCINDEXEDPOLYGONALFACE((29,32,30));
#3914=IFCINDEXEDPOLYGONALFACE((31,1,4));
#3915=IFCINDEXEDPOLYGONALFACE((31,4,32));
#3916=IFCINDEXEDPOLYGONALFACE((1,5,2));
#3917=IFCINDEXEDPOLYGONALFACE((4,3,6));
#3918=IFCINDEXEDPOLYGONALFACE((1,7,5));
#3919=IFCINDEXEDPOLYGONALFACE((4,6,8));
#3920=IFCINDEXEDPOLYGONALFACE((1,9,7));
#3921=IFCINDEXEDPOLYGONALFACE((4,8,10));
#3922=IFCINDEXEDPOLYGONALFACE((1,11,9));
#3923=IFCINDEXEDPOLYGONALFACE((4,10,12));
#3924=IFCINDEXEDPOLYGONALFACE((1,13,11));
#3925=IFCINDEXEDPOLYGONALFACE((4,12,14));
#3926=IFCINDEXEDPOLYGONALFACE((1,15,13));
#3927=IFCINDEXEDPOLYGONALFACE((4,14,16));
#3928=IFCINDEXEDPOLYGONALFACE((1,17,15));
#3929=IFCINDEXEDPOLYGONALFACE((4,16,18));
#3930=IFCINDEXEDPOLYGONALFACE((1,19,17));
#3931=IFCINDEXEDPOLYGONALFACE((4,18,20));
#3932=IFCINDEXEDPOLYGONALFACE((1,21,19));
#3933=IFCINDEXEDPOLYGONALFACE((4,20,22));
#3934=IFCINDEXEDPOLYGONALFACE((1,23,21));
#3935=IFCINDEXEDPOLYGONALFACE((4,22,24));
#3936=IFCINDEXEDPOLYGONALFACE((1,25,23));
#3937=IFCINDEXEDPOLYGONALFACE((4,24,26));
#3938=IFCINDEXEDPOLYGONALFACE((1,27,25));
#3939=IFCINDEXEDPOLYGONALFACE((4,26,28));
#3940=IFCINDEXEDPOLYGONALFACE((1,29,27));
#3941=IFCINDEXEDPOLYGONALFACE((4,28,30));
#3942=IFCINDEXEDPOLYGONALFACE((1,31,29));
#3943=IFCINDEXEDPOLYGONALFACE((4,30,32));
#3944=IFCCARTESIANPOINTLIST3D(((-0.118,0.51,0.5),(-0.0905,0.517369,0.5),(-0.1265,0.537369,0.575),(-0.154,0.53,0.575),(-0.070369,0.5375,0.5),(-0.106369,0.5575,0.575),(-0.063,0.565,0.5),(-0.099,0.585,0.575),(-0.063,0.855,0.5),(-0.099,0.835,0.575),(-0.070369,0.8825,0.5),(-0.106369,0.8625,0.575),(-0.0905,0.902631,0.5),(-0.1265,0.882631,0.575),(-0.118,0.91,0.5),(-0.154,0.89,0.575),(-0.728,0.91,0.5),(-0.692,0.89,0.575),(-0.7555,0.902631,0.5),(-0.7195,0.882631,0.575),(-0.775631,0.8825,0.5),(-0.739631,0.8625,0.575),(-0.783,0.855,0.5),(-0.747,0.835,0.575),(-0.783,0.565,0.5),(-0.747,0.585,0.575),(-0.775631,0.5375,0.5),(-0.739631,0.5575,0.575),(-0.7555,0.517369,0.5),(-0.7195,0.537369,0.575),(-0.728,0.51,0.5),(-0.692,0.53,0.575)));
#3945=IFCPOLYGONALFACESET(#3944,.T.,(#3884,#3885,#3886,#3887,#3888,#3889,#3890,#3891,#3892,#3893,#3894,#3895,#3896,#3897,#3898,#3899,#3900,#3901,#3902,#3903,#3904,#3905,#3906,#3907,#3908,#3909,#3910,#3911,#3912,#3913,#3914,#3915,#3916,#3917,#3918,#3919,#3920,#3921,#3922,#3923,#3924,#3925,#3926,#3927,#3928,#3929,#3930,#3931,#3932,#3933,#3934,#3935,#3936,#3937,#3938,#3939,#3940,#3941,#3942,#3943),$);
#3946=IFCCOLOURRGB($,0.988235,0.984314,0.976471);
#3947=IFCSURFACESTYLESHADING(#3946,0.);
#3948=IFCSURFACESTYLE('#fcfbf9',.BOTH.,(#3947));
#3949=IFCSTYLEDITEM(#3945,(#3948),$);
#3950=IFCINDEXEDPOLYGONALFACE((1,2,3));
#3951=IFCINDEXEDPOLYGONALFACE((1,3,4));
#3952=IFCINDEXEDPOLYGONALFACE((2,5,6));
#3953=IFCINDEXEDPOLYGONALFACE((2,6,3));
#3954=IFCINDEXEDPOLYGONALFACE((5,7,8));
#3955=IFCINDEXEDPOLYGONALFACE((5,8,6));
#3956=IFCINDEXEDPOLYGONALFACE((7,9,10));
#3957=IFCINDEXEDPOLYGONALFACE((7,10,8));
#3958=IFCINDEXEDPOLYGONALFACE((9,11,12));
#3959=IFCINDEXEDPOLYGONALFACE((9,12,10));
#3960=IFCINDEXEDPOLYGONALFACE((11,13,14));
#3961=IFCINDEXEDPOLYGONALFACE((11,14,12));
#3962=IFCINDEXEDPOLYGONALFACE((13,15,16));
#3963=IFCINDEXEDPOLYGONALFACE((13,16,14));
#3964=IFCINDEXEDPOLYGONALFACE((15,17,18));
#3965=IFCINDEXEDPOLYGONALFACE((15,18,16));
#3966=IFCINDEXEDPOLYGONALFACE((17,19,20));
#3967=IFCINDEXEDPOLYGONALFACE((17,20,18));
#3968=IFCINDEXEDPOLYGONALFACE((19,21,22));
#3969=IFCINDEXEDPOLYGONALFACE((19,22,20));
#3970=IFCINDEXEDPOLYGONALFACE((21,23,24));
#3971=IFCINDEXEDPOLYGONALFACE((21,24,22));
#3972=IFCINDEXEDPOLYGONALFACE((23,25,26));
#3973=IFCINDEXEDPOLYGONALFACE((23,26,24));
#3974=IFCINDEXEDPOLYGONALFACE((25,27,28));
#3975=IFCINDEXEDPOLYGONALFACE((25,28,26));
#3976=IFCINDEXEDPOLYGONALFACE((27,29,30));
#3977=IFCINDEXEDPOLYGONALFACE((27,30,28));
#3978=IFCINDEXEDPOLYGONALFACE((29,31,32));
#3979=IFCINDEXEDPOLYGONALFACE((29,32,30));
#3980=IFCINDEXEDPOLYGONALFACE((31,1,4));
#3981=IFCINDEXEDPOLYGONALFACE((31,4,32));
#3982=IFCINDEXEDPOLYGONALFACE((1,5,2));
#3983=IFCINDEXEDPOLYGONALFACE((4,3,6));
#3984=IFCINDEXEDPOLYGONALFACE((1,7,5));
#3985=IFCINDEXEDPOLYGONALFACE((4,6,8));
#3986=IFCINDEXEDPOLYGONALFACE((1,9,7));
#3987=IFCINDEXEDPOLYGONALFACE((4,8,10));
#3988=IFCINDEXEDPOLYGONALFACE((1,11,9));
#3989=IFCINDEXEDPOLYGONALFACE((4,10,12));
#3990=IFCINDEXEDPOLYGONALFACE((1,13,11));
#3991=IFCINDEXEDPOLYGONALFACE((4,12,14));
#3992=IFCINDEXEDPOLYGONALFACE((1,15,13));
#3993=IFCINDEXEDPOLYGONALFACE((4,14,16));
#3994=IFCINDEXEDPOLYGONALFACE((1,17,15));
#3995=IFCINDEXEDPOLYGONALFACE((4,16,18));
#3996=IFCINDEXEDPOLYGONALFACE((1,19,17));
#3997=IFCINDEXEDPOLYGONALFACE((4,18,20));
#3998=IFCINDEXEDPOLYGONALFACE((1,21,19));
#3999=IFCINDEXEDPOLYGONALFACE((4,20,22));
#4000=IFCINDEXEDPOLYGONALFACE((1,23,21));
#4001=IFCINDEXEDPOLYGONALFACE((4,22,24));
#4002=IFCINDEXEDPOLYGONALFACE((1,25,23));
#4003=IFCINDEXEDPOLYGONALFACE((4,24,26));
#4004=IFCINDEXEDPOLYGONALFACE((1,27,25));
#4005=IFCINDEXEDPOLYGONALFACE((4,26,28));
#4006=IFCINDEXEDPOLYGONALFACE((1,29,27));
#4007=IFCINDEXEDPOLYGONALFACE((4,28,30));
#4008=IFCINDEXEDPOLYGONALFACE((1,31,29));
#4009=IFCINDEXEDPOLYGONALFACE((4,30,32));
#4010=IFCCARTESIANPOINTLIST3D(((0.728,0.51,0.5),(0.7555,0.517369,0.5),(0.7195,0.537369,0.575),(0.692,0.53,0.575),(0.775631,0.5375,0.5),(0.739631,0.5575,0.575),(0.783,0.565,0.5),(0.747,0.585,0.575),(0.783,0.855,0.5),(0.747,0.835,0.575),(0.775631,0.8825,0.5),(0.739631,0.8625,0.575),(0.7555,0.902631,0.5),(0.7195,0.882631,0.575),(0.728,0.91,0.5),(0.692,0.89,0.575),(0.118,0.91,0.5),(0.154,0.89,0.575),(0.0905,0.902631,0.5),(0.1265,0.882631,0.575),(0.070369,0.8825,0.5),(0.106369,0.8625,0.575),(0.063,0.855,0.5),(0.099,0.835,0.575),(0.063,0.565,0.5),(0.099,0.585,0.575),(0.070369,0.5375,0.5),(0.106369,0.5575,0.575),(0.0905,0.517369,0.5),(0.1265,0.537369,0.575),(0.118,0.51,0.5),(0.154,0.53,0.575)));
#4011=IFCPOLYGONALFACESET(#4010,.T.,(#3950,#3951,#3952,#3953,#3954,#3955,#3956,#3957,#3958,#3959,#3960,#3961,#3962,#3963,#3964,#3965,#3966,#3967,#3968,#3969,#3970,#3971,#3972,#3973,#3974,#3975,#3976,#3977,#3978,#3979,#3980,#3981,#3982,#3983,#3984,#3985,#3986,#3987,#3988,#3989,#3990,#3991,#3992,#3993,#3994,#3995,#3996,#3997,#3998,#3999,#4000,#4001,#4002,#4003,#4004,#4005,#4006,#4007,#4008,#4009),$);
#4012=IFCSTYLEDITEM(#4011,(#3948),$);
#4013=IFCSHAPEREPRESENTATION(#12,'Body','SolidModel',(#3747,#3813,#3879,#3945,#4011));
#4014=IFCPRODUCTDEFINITIONSHAPE($,$,(#4013));
#4015=IFCFURNITURE('2L9_DgMiZRZBWaSP5GNDMa',#5,'Bed — king','Skanna asset library',$,#3740,#4014,$,.BED.);
#4016=IFCCARTESIANPOINT((4.26,11.27,0.));
#4017=IFCDIRECTION((0.,0.,1.));
#4018=IFCDIRECTION((0.,-1.,0.));
#4019=IFCAXIS2PLACEMENT3D(#4016,#4017,#4018);
#4020=IFCLOCALPLACEMENT(#26,#4019);
#4021=IFCINDEXEDPOLYGONALFACE((1,2,3));
#4022=IFCINDEXEDPOLYGONALFACE((1,3,4));
#4023=IFCINDEXEDPOLYGONALFACE((2,5,6));
#4024=IFCINDEXEDPOLYGONALFACE((2,6,3));
#4025=IFCINDEXEDPOLYGONALFACE((5,7,8));
#4026=IFCINDEXEDPOLYGONALFACE((5,8,6));
#4027=IFCINDEXEDPOLYGONALFACE((7,9,10));
#4028=IFCINDEXEDPOLYGONALFACE((7,10,8));
#4029=IFCINDEXEDPOLYGONALFACE((9,11,12));
#4030=IFCINDEXEDPOLYGONALFACE((9,12,10));
#4031=IFCINDEXEDPOLYGONALFACE((11,13,14));
#4032=IFCINDEXEDPOLYGONALFACE((11,14,12));
#4033=IFCINDEXEDPOLYGONALFACE((13,15,16));
#4034=IFCINDEXEDPOLYGONALFACE((13,16,14));
#4035=IFCINDEXEDPOLYGONALFACE((15,17,18));
#4036=IFCINDEXEDPOLYGONALFACE((15,18,16));
#4037=IFCINDEXEDPOLYGONALFACE((17,19,20));
#4038=IFCINDEXEDPOLYGONALFACE((17,20,18));
#4039=IFCINDEXEDPOLYGONALFACE((19,21,22));
#4040=IFCINDEXEDPOLYGONALFACE((19,22,20));
#4041=IFCINDEXEDPOLYGONALFACE((21,23,24));
#4042=IFCINDEXEDPOLYGONALFACE((21,24,22));
#4043=IFCINDEXEDPOLYGONALFACE((23,25,26));
#4044=IFCINDEXEDPOLYGONALFACE((23,26,24));
#4045=IFCINDEXEDPOLYGONALFACE((25,27,28));
#4046=IFCINDEXEDPOLYGONALFACE((25,28,26));
#4047=IFCINDEXEDPOLYGONALFACE((27,29,30));
#4048=IFCINDEXEDPOLYGONALFACE((27,30,28));
#4049=IFCINDEXEDPOLYGONALFACE((29,31,32));
#4050=IFCINDEXEDPOLYGONALFACE((29,32,30));
#4051=IFCINDEXEDPOLYGONALFACE((31,1,4));
#4052=IFCINDEXEDPOLYGONALFACE((31,4,32));
#4053=IFCINDEXEDPOLYGONALFACE((1,5,2));
#4054=IFCINDEXEDPOLYGONALFACE((4,3,6));
#4055=IFCINDEXEDPOLYGONALFACE((1,7,5));
#4056=IFCINDEXEDPOLYGONALFACE((4,6,8));
#4057=IFCINDEXEDPOLYGONALFACE((1,9,7));
#4058=IFCINDEXEDPOLYGONALFACE((4,8,10));
#4059=IFCINDEXEDPOLYGONALFACE((1,11,9));
#4060=IFCINDEXEDPOLYGONALFACE((4,10,12));
#4061=IFCINDEXEDPOLYGONALFACE((1,13,11));
#4062=IFCINDEXEDPOLYGONALFACE((4,12,14));
#4063=IFCINDEXEDPOLYGONALFACE((1,15,13));
#4064=IFCINDEXEDPOLYGONALFACE((4,14,16));
#4065=IFCINDEXEDPOLYGONALFACE((1,17,15));
#4066=IFCINDEXEDPOLYGONALFACE((4,16,18));
#4067=IFCINDEXEDPOLYGONALFACE((1,19,17));
#4068=IFCINDEXEDPOLYGONALFACE((4,18,20));
#4069=IFCINDEXEDPOLYGONALFACE((1,21,19));
#4070=IFCINDEXEDPOLYGONALFACE((4,20,22));
#4071=IFCINDEXEDPOLYGONALFACE((1,23,21));
#4072=IFCINDEXEDPOLYGONALFACE((4,22,24));
#4073=IFCINDEXEDPOLYGONALFACE((1,25,23));
#4074=IFCINDEXEDPOLYGONALFACE((4,24,26));
#4075=IFCINDEXEDPOLYGONALFACE((1,27,25));
#4076=IFCINDEXEDPOLYGONALFACE((4,26,28));
#4077=IFCINDEXEDPOLYGONALFACE((1,29,27));
#4078=IFCINDEXEDPOLYGONALFACE((4,28,30));
#4079=IFCINDEXEDPOLYGONALFACE((1,31,29));
#4080=IFCINDEXEDPOLYGONALFACE((4,30,32));
#4081=IFCCARTESIANPOINTLIST3D(((0.16,0.154,0.272),(0.175,0.158019,0.272),(0.175,0.158019,0.8),(0.16,0.154,0.8),(0.185981,0.169,0.272),(0.185981,0.169,0.8),(0.19,0.184,0.272),(0.19,0.184,0.8),(0.19,0.32,0.272),(0.19,0.32,0.8),(0.185981,0.335,0.272),(0.185981,0.335,0.8),(0.175,0.345981,0.272),(0.175,0.345981,0.8),(0.16,0.35,0.272),(0.16,0.35,0.8),(-0.16,0.35,0.272),(-0.16,0.35,0.8),(-0.175,0.345981,0.272),(-0.175,0.345981,0.8),(-0.185981,0.335,0.272),(-0.185981,0.335,0.8),(-0.19,0.32,0.272),(-0.19,0.32,0.8),(-0.19,0.184,0.272),(-0.19,0.184,0.8),(-0.185981,0.169,0.272),(-0.185981,0.169,0.8),(-0.175,0.158019,0.272),(-0.175,0.158019,0.8),(-0.16,0.154,0.272),(-0.16,0.154,0.8)));
#4082=IFCPOLYGONALFACESET(#4081,.T.,(#4021,#4022,#4023,#4024,#4025,#4026,#4027,#4028,#4029,#4030,#4031,#4032,#4033,#4034,#4035,#4036,#4037,#4038,#4039,#4040,#4041,#4042,#4043,#4044,#4045,#4046,#4047,#4048,#4049,#4050,#4051,#4052,#4053,#4054,#4055,#4056,#4057,#4058,#4059,#4060,#4061,#4062,#4063,#4064,#4065,#4066,#4067,#4068,#4069,#4070,#4071,#4072,#4073,#4074,#4075,#4076,#4077,#4078,#4079,#4080),$);
#4083=IFCSTYLEDITEM(#4082,(#3183),$);
#4084=IFCINDEXEDPOLYGONALFACE((1,2,3));
#4085=IFCINDEXEDPOLYGONALFACE((1,3,4));
#4086=IFCINDEXEDPOLYGONALFACE((2,5,6));
#4087=IFCINDEXEDPOLYGONALFACE((2,6,3));
#4088=IFCINDEXEDPOLYGONALFACE((5,7,8));
#4089=IFCINDEXEDPOLYGONALFACE((5,8,6));
#4090=IFCINDEXEDPOLYGONALFACE((7,9,10));
#4091=IFCINDEXEDPOLYGONALFACE((7,10,8));
#4092=IFCINDEXEDPOLYGONALFACE((9,11,12));
#4093=IFCINDEXEDPOLYGONALFACE((9,12,10));
#4094=IFCINDEXEDPOLYGONALFACE((11,13,14));
#4095=IFCINDEXEDPOLYGONALFACE((11,14,12));
#4096=IFCINDEXEDPOLYGONALFACE((13,15,16));
#4097=IFCINDEXEDPOLYGONALFACE((13,16,14));
#4098=IFCINDEXEDPOLYGONALFACE((15,17,18));
#4099=IFCINDEXEDPOLYGONALFACE((15,18,16));
#4100=IFCINDEXEDPOLYGONALFACE((17,19,20));
#4101=IFCINDEXEDPOLYGONALFACE((17,20,18));
#4102=IFCINDEXEDPOLYGONALFACE((19,21,22));
#4103=IFCINDEXEDPOLYGONALFACE((19,22,20));
#4104=IFCINDEXEDPOLYGONALFACE((21,23,24));
#4105=IFCINDEXEDPOLYGONALFACE((21,24,22));
#4106=IFCINDEXEDPOLYGONALFACE((23,25,26));
#4107=IFCINDEXEDPOLYGONALFACE((23,26,24));
#4108=IFCINDEXEDPOLYGONALFACE((25,27,28));
#4109=IFCINDEXEDPOLYGONALFACE((25,28,26));
#4110=IFCINDEXEDPOLYGONALFACE((27,29,30));
#4111=IFCINDEXEDPOLYGONALFACE((27,30,28));
#4112=IFCINDEXEDPOLYGONALFACE((29,31,32));
#4113=IFCINDEXEDPOLYGONALFACE((29,32,30));
#4114=IFCINDEXEDPOLYGONALFACE((31,1,4));
#4115=IFCINDEXEDPOLYGONALFACE((31,4,32));
#4116=IFCINDEXEDPOLYGONALFACE((1,5,2));
#4117=IFCINDEXEDPOLYGONALFACE((4,3,6));
#4118=IFCINDEXEDPOLYGONALFACE((1,7,5));
#4119=IFCINDEXEDPOLYGONALFACE((4,6,8));
#4120=IFCINDEXEDPOLYGONALFACE((1,9,7));
#4121=IFCINDEXEDPOLYGONALFACE((4,8,10));
#4122=IFCINDEXEDPOLYGONALFACE((1,11,9));
#4123=IFCINDEXEDPOLYGONALFACE((4,10,12));
#4124=IFCINDEXEDPOLYGONALFACE((1,13,11));
#4125=IFCINDEXEDPOLYGONALFACE((4,12,14));
#4126=IFCINDEXEDPOLYGONALFACE((1,15,13));
#4127=IFCINDEXEDPOLYGONALFACE((4,14,16));
#4128=IFCINDEXEDPOLYGONALFACE((1,17,15));
#4129=IFCINDEXEDPOLYGONALFACE((4,16,18));
#4130=IFCINDEXEDPOLYGONALFACE((1,19,17));
#4131=IFCINDEXEDPOLYGONALFACE((4,18,20));
#4132=IFCINDEXEDPOLYGONALFACE((1,21,19));
#4133=IFCINDEXEDPOLYGONALFACE((4,20,22));
#4134=IFCINDEXEDPOLYGONALFACE((1,23,21));
#4135=IFCINDEXEDPOLYGONALFACE((4,22,24));
#4136=IFCINDEXEDPOLYGONALFACE((1,25,23));
#4137=IFCINDEXEDPOLYGONALFACE((4,24,26));
#4138=IFCINDEXEDPOLYGONALFACE((1,27,25));
#4139=IFCINDEXEDPOLYGONALFACE((4,26,28));
#4140=IFCINDEXEDPOLYGONALFACE((1,29,27));
#4141=IFCINDEXEDPOLYGONALFACE((4,28,30));
#4142=IFCINDEXEDPOLYGONALFACE((1,31,29));
#4143=IFCINDEXEDPOLYGONALFACE((4,30,32));
#4144=IFCCARTESIANPOINTLIST3D(((0.065,0.196,0.784),(0.0725,0.19801,0.784),(0.0725,0.19801,0.808),(0.065,0.196,0.808),(0.07799,0.2035,0.784),(0.07799,0.2035,0.808),(0.08,0.211,0.784),(0.08,0.211,0.808),(0.08,0.293,0.784),(0.08,0.293,0.808),(0.07799,0.3005,0.784),(0.07799,0.3005,0.808),(0.0725,0.30599,0.784),(0.0725,0.30599,0.808),(0.065,0.308,0.784),(0.065,0.308,0.808),(-0.065,0.308,0.784),(-0.065,0.308,0.808),(-0.0725,0.30599,0.784),(-0.0725,0.30599,0.808),(-0.07799,0.3005,0.784),(-0.07799,0.3005,0.808),(-0.08,0.293,0.784),(-0.08,0.293,0.808),(-0.08,0.211,0.784),(-0.08,0.211,0.808),(-0.07799,0.2035,0.784),(-0.07799,0.2035,0.808),(-0.0725,0.19801,0.784),(-0.0725,0.19801,0.808),(-0.065,0.196,0.784),(-0.065,0.196,0.808)));
#4145=IFCPOLYGONALFACESET(#4144,.T.,(#4084,#4085,#4086,#4087,#4088,#4089,#4090,#4091,#4092,#4093,#4094,#4095,#4096,#4097,#4098,#4099,#4100,#4101,#4102,#4103,#4104,#4105,#4106,#4107,#4108,#4109,#4110,#4111,#4112,#4113,#4114,#4115,#4116,#4117,#4118,#4119,#4120,#4121,#4122,#4123,#4124,#4125,#4126,#4127,#4128,#4129,#4130,#4131,#4132,#4133,#4134,#4135,#4136,#4137,#4138,#4139,#4140,#4141,#4142,#4143),$);
#4146=IFCCOLOURRGB($,0.662745,0.682353,0.705882);
#4147=IFCSURFACESTYLESHADING(#4146,0.);
#4148=IFCSURFACESTYLE('#a9aeb4',.BOTH.,(#4147));
#4149=IFCSTYLEDITEM(#4145,(#4148),$);
#4150=IFCINDEXEDPOLYGONALFACE((1,2,3));
#4151=IFCINDEXEDPOLYGONALFACE((1,3,4));
#4152=IFCINDEXEDPOLYGONALFACE((2,5,6));
#4153=IFCINDEXEDPOLYGONALFACE((2,6,3));
#4154=IFCINDEXEDPOLYGONALFACE((5,7,8));
#4155=IFCINDEXEDPOLYGONALFACE((5,8,6));
#4156=IFCINDEXEDPOLYGONALFACE((7,9,10));
#4157=IFCINDEXEDPOLYGONALFACE((7,10,8));
#4158=IFCINDEXEDPOLYGONALFACE((9,11,12));
#4159=IFCINDEXEDPOLYGONALFACE((9,12,10));
#4160=IFCINDEXEDPOLYGONALFACE((11,13,14));
#4161=IFCINDEXEDPOLYGONALFACE((11,14,12));
#4162=IFCINDEXEDPOLYGONALFACE((13,15,16));
#4163=IFCINDEXEDPOLYGONALFACE((13,16,14));
#4164=IFCINDEXEDPOLYGONALFACE((15,17,18));
#4165=IFCINDEXEDPOLYGONALFACE((15,18,16));
#4166=IFCINDEXEDPOLYGONALFACE((17,19,20));
#4167=IFCINDEXEDPOLYGONALFACE((17,20,18));
#4168=IFCINDEXEDPOLYGONALFACE((19,21,22));
#4169=IFCINDEXEDPOLYGONALFACE((19,22,20));
#4170=IFCINDEXEDPOLYGONALFACE((21,23,24));
#4171=IFCINDEXEDPOLYGONALFACE((21,24,22));
#4172=IFCINDEXEDPOLYGONALFACE((23,25,26));
#4173=IFCINDEXEDPOLYGONALFACE((23,26,24));
#4174=IFCINDEXEDPOLYGONALFACE((25,27,28));
#4175=IFCINDEXEDPOLYGONALFACE((25,28,26));
#4176=IFCINDEXEDPOLYGONALFACE((27,29,30));
#4177=IFCINDEXEDPOLYGONALFACE((27,30,28));
#4178=IFCINDEXEDPOLYGONALFACE((29,31,32));
#4179=IFCINDEXEDPOLYGONALFACE((29,32,30));
#4180=IFCINDEXEDPOLYGONALFACE((31,33,34));
#4181=IFCINDEXEDPOLYGONALFACE((31,34,32));
#4182=IFCINDEXEDPOLYGONALFACE((33,35,36));
#4183=IFCINDEXEDPOLYGONALFACE((33,36,34));
#4184=IFCINDEXEDPOLYGONALFACE((35,37,38));
#4185=IFCINDEXEDPOLYGONALFACE((35,38,36));
#4186=IFCINDEXEDPOLYGONALFACE((37,39,40));
#4187=IFCINDEXEDPOLYGONALFACE((37,40,38));
#4188=IFCINDEXEDPOLYGONALFACE((39,41,42));
#4189=IFCINDEXEDPOLYGONALFACE((39,42,40));
#4190=IFCINDEXEDPOLYGONALFACE((41,43,44));
#4191=IFCINDEXEDPOLYGONALFACE((41,44,42));
#4192=IFCINDEXEDPOLYGONALFACE((43,45,46));
#4193=IFCINDEXEDPOLYGONALFACE((43,46,44));
#4194=IFCINDEXEDPOLYGONALFACE((45,47,48));
#4195=IFCINDEXEDPOLYGONALFACE((45,48,46));
#4196=IFCINDEXEDPOLYGONALFACE((47,49,50));
#4197=IFCINDEXEDPOLYGONALFACE((47,50,48));
#4198=IFCINDEXEDPOLYGONALFACE((49,51,52));
#4199=IFCINDEXEDPOLYGONALFACE((49,52,50));
#4200=IFCINDEXEDPOLYGONALFACE((51,53,54));
#4201=IFCINDEXEDPOLYGONALFACE((51,54,52));
#4202=IFCINDEXEDPOLYGONALFACE((53,55,56));
#4203=IFCINDEXEDPOLYGONALFACE((53,56,54));
#4204=IFCINDEXEDPOLYGONALFACE((55,57,58));
#4205=IFCINDEXEDPOLYGONALFACE((55,58,56));
#4206=IFCINDEXEDPOLYGONALFACE((57,59,60));
#4207=IFCINDEXEDPOLYGONALFACE((57,60,58));
#4208=IFCINDEXEDPOLYGONALFACE((59,61,62));
#4209=IFCINDEXEDPOLYGONALFACE((59,62,60));
#4210=IFCINDEXEDPOLYGONALFACE((61,63,64));
#4211=IFCINDEXEDPOLYGONALFACE((61,64,62));
#4212=IFCINDEXEDPOLYGONALFACE((63,1,4));
#4213=IFCINDEXEDPOLYGONALFACE((63,4,64));
#4214=IFCINDEXEDPOLYGONALFACE((1,5,2));
#4215=IFCINDEXEDPOLYGONALFACE((4,3,6));
#4216=IFCINDEXEDPOLYGONALFACE((1,7,5));
#4217=IFCINDEXEDPOLYGONALFACE((4,6,8));
#4218=IFCINDEXEDPOLYGONALFACE((1,9,7));
#4219=IFCINDEXEDPOLYGONALFACE((4,8,10));
#4220=IFCINDEXEDPOLYGONALFACE((1,11,9));
#4221=IFCINDEXEDPOLYGONALFACE((4,10,12));
#4222=IFCINDEXEDPOLYGONALFACE((1,13,11));
#4223=IFCINDEXEDPOLYGONALFACE((4,12,14));
#4224=IFCINDEXEDPOLYGONALFACE((1,15,13));
#4225=IFCINDEXEDPOLYGONALFACE((4,14,16));
#4226=IFCINDEXEDPOLYGONALFACE((1,17,15));
#4227=IFCINDEXEDPOLYGONALFACE((4,16,18));
#4228=IFCINDEXEDPOLYGONALFACE((1,19,17));
#4229=IFCINDEXEDPOLYGONALFACE((4,18,20));
#4230=IFCINDEXEDPOLYGONALFACE((1,21,19));
#4231=IFCINDEXEDPOLYGONALFACE((4,20,22));
#4232=IFCINDEXEDPOLYGONALFACE((1,23,21));
#4233=IFCINDEXEDPOLYGONALFACE((4,22,24));
#4234=IFCINDEXEDPOLYGONALFACE((1,25,23));
#4235=IFCINDEXEDPOLYGONALFACE((4,24,26));
#4236=IFCINDEXEDPOLYGONALFACE((1,27,25));
#4237=IFCINDEXEDPOLYGONALFACE((4,26,28));
#4238=IFCINDEXEDPOLYGONALFACE((1,29,27));
#4239=IFCINDEXEDPOLYGONALFACE((4,28,30));
#4240=IFCINDEXEDPOLYGONALFACE((1,31,29));
#4241=IFCINDEXEDPOLYGONALFACE((4,30,32));
#4242=IFCINDEXEDPOLYGONALFACE((1,33,31));
#4243=IFCINDEXEDPOLYGONALFACE((4,32,34));
#4244=IFCINDEXEDPOLYGONALFACE((1,35,33));
#4245=IFCINDEXEDPOLYGONALFACE((4,34,36));
#4246=IFCINDEXEDPOLYGONALFACE((1,37,35));
#4247=IFCINDEXEDPOLYGONALFACE((4,36,38));
#4248=IFCINDEXEDPOLYGONALFACE((1,39,37));
#4249=IFCINDEXEDPOLYGONALFACE((4,38,40));
#4250=IFCINDEXEDPOLYGONALFACE((1,41,39));
#4251=IFCINDEXEDPOLYGONALFACE((4,40,42));
#4252=IFCINDEXEDPOLYGONALFACE((1,43,41));
#4253=IFCINDEXEDPOLYGONALFACE((4,42,44));
#4254=IFCINDEXEDPOLYGONALFACE((1,45,43));
#4255=IFCINDEXEDPOLYGONALFACE((4,44,46));
#4256=IFCINDEXEDPOLYGONALFACE((1,47,45));
#4257=IFCINDEXEDPOLYGONALFACE((4,46,48));
#4258=IFCINDEXEDPOLYGONALFACE((1,49,47));
#4259=IFCINDEXEDPOLYGONALFACE((4,48,50));
#4260=IFCINDEXEDPOLYGONALFACE((1,51,49));
#4261=IFCINDEXEDPOLYGONALFACE((4,50,52));
#4262=IFCINDEXEDPOLYGONALFACE((1,53,51));
#4263=IFCINDEXEDPOLYGONALFACE((4,52,54));
#4264=IFCINDEXEDPOLYGONALFACE((1,55,53));
#4265=IFCINDEXEDPOLYGONALFACE((4,54,56));
#4266=IFCINDEXEDPOLYGONALFACE((1,57,55));
#4267=IFCINDEXEDPOLYGONALFACE((4,56,58));
#4268=IFCINDEXEDPOLYGONALFACE((1,59,57));
#4269=IFCINDEXEDPOLYGONALFACE((4,58,60));
#4270=IFCINDEXEDPOLYGONALFACE((1,61,59));
#4271=IFCINDEXEDPOLYGONALFACE((4,60,62));
#4272=IFCINDEXEDPOLYGONALFACE((1,63,61));
#4273=IFCINDEXEDPOLYGONALFACE((4,62,64));
#4274=IFCCARTESIANPOINTLIST3D(((0.124,-0.056,0.),(0.121617,-0.021859,0.),(0.164183,-0.00991,0.288),(0.1674,-0.056,0.288),(0.114561,0.01097,0.),(0.154657,0.034409,0.288),(0.103102,0.041225,0.),(0.139188,0.075253,0.288),(0.087681,0.067744,0.),(0.11837,0.111054,0.288),(0.068891,0.089507,0.),(0.093002,0.140435,0.288),(0.047453,0.105679,0.),(0.064061,0.162267,0.288),(0.024191,0.115637,0.),(0.032658,0.175711,0.288),(0.,0.119,0.),(0.,0.18025,0.288),(-0.024191,0.115637,0.),(-0.032658,0.175711,0.288),(-0.047453,0.105679,0.),(-0.064061,0.162267,0.288),(-0.068891,0.089507,0.),(-0.093002,0.140435,0.288),(-0.087681,0.067744,0.),(-0.11837,0.111054,0.288),(-0.103102,0.041225,0.),(-0.139188,0.075253,0.288),(-0.114561,0.01097,0.),(-0.154657,0.034409,0.288),(-0.121617,-0.021859,0.),(-0.164183,-0.00991,0.288),(-0.124,-0.056,0.),(-0.1674,-0.056,0.288),(-0.121617,-0.090141,0.),(-0.164183,-0.10209,0.288),(-0.114561,-0.12297,0.),(-0.154657,-0.146409,0.288),(-0.103102,-0.153225,0.),(-0.139188,-0.187253,0.288),(-0.087681,-0.179744,0.),(-0.11837,-0.223054,0.288),(-0.068891,-0.201507,0.),(-0.093002,-0.252435,0.288),(-0.047453,-0.217679,0.),(-0.064061,-0.274267,0.288),(-0.024191,-0.227637,0.),(-0.032658,-0.287711,0.288),(0.,-0.231,0.),(0.,-0.29225,0.288),(0.024191,-0.227637,0.),(0.032658,-0.287711,0.288),(0.047453,-0.217679,0.),(0.064061,-0.274267,0.288),(0.068891,-0.201507,0.),(0.093002,-0.252435,0.288),(0.087681,-0.179744,0.),(0.11837,-0.223054,0.288),(0.103102,-0.153225,0.),(0.139188,-0.187253,0.288),(0.114561,-0.12297,0.),(0.154657,-0.146409,0.288),(0.121617,-0.090141,0.),(0.164183,-0.10209,0.288)));
#4275=IFCPOLYGONALFACESET(#4274,.T.,(#4150,#4151,#4152,#4153,#4154,#4155,#4156,#4157,#4158,#4159,#4160,#4161,#4162,#4163,#4164,#4165,#4166,#4167,#4168,#4169,#4170,#4171,#4172,#4173,#4174,#4175,#4176,#4177,#4178,#4179,#4180,#4181,#4182,#4183,#4184,#4185,#4186,#4187,#4188,#4189,#4190,#4191,#4192,#4193,#4194,#4195,#4196,#4197,#4198,#4199,#4200,#4201,#4202,#4203,#4204,#4205,#4206,#4207,#4208,#4209,#4210,#4211,#4212,#4213,#4214,#4215,#4216,#4217,#4218,#4219,#4220,#4221,#4222,#4223,#4224,#4225,#4226,#4227,#4228,#4229,#4230,#4231,#4232,#4233,#4234,#4235,#4236,#4237,#4238,#4239,#4240,#4241,#4242,#4243,#4244,#4245,#4246,#4247,#4248,#4249,#4250,#4251,#4252,#4253,#4254,#4255,#4256,#4257,#4258,#4259,#4260,#4261,#4262,#4263,#4264,#4265,#4266,#4267,#4268,#4269,#4270,#4271,#4272,#4273),$);
#4276=IFCSTYLEDITEM(#4275,(#3183),$);
#4277=IFCCARTESIANPOINT((0.,-0.07));
#4278=IFCAXIS2PLACEMENT2D(#4277,$);
#4279=IFCELLIPSEPROFILEDEF(.AREA.,$,#4278,0.176,0.217);
#4280=IFCCARTESIANPOINT((0.,0.,0.272));
#4281=IFCAXIS2PLACEMENT3D(#4280,$,$);
#4282=IFCDIRECTION((0.,0.,1.));
#4283=IFCEXTRUDEDAREASOLID(#4279,#4281,#4282,0.192);
#4284=IFCSTYLEDITEM(#4283,(#3183),$);
#4285=IFCCARTESIANPOINT((0.,-0.077));
#4286=IFCAXIS2PLACEMENT2D(#4285,$);
#4287=IFCELLIPSEPROFILEDEF(.AREA.,$,#4286,0.2,0.245);
#4288=IFCCARTESIANPOINT((0.,0.,0.448));
#4289=IFCAXIS2PLACEMENT3D(#4288,$,$);
#4290=IFCDIRECTION((0.,0.,1.));
#4291=IFCEXTRUDEDAREASOLID(#4287,#4289,#4290,0.04);
#4292=IFCSTYLEDITEM(#4291,(#3183),$);
#4293=IFCCARTESIANPOINT((0.,-0.077));
#4294=IFCAXIS2PLACEMENT2D(#4293,$);
#4295=IFCELLIPSEPROFILEDEF(.AREA.,$,#4294,0.192,0.231);
#4296=IFCCARTESIANPOINT((0.,0.,0.488));
#4297=IFCAXIS2PLACEMENT3D(#4296,$,$);
#4298=IFCDIRECTION((0.,0.,1.));
#4299=IFCEXTRUDEDAREASOLID(#4295,#4297,#4298,0.024);
#4300=IFCSTYLEDITEM(#4299,(#3183),$);
#4301=IFCSHAPEREPRESENTATION(#12,'Body','SolidModel',(#4082,#4145,#4275,#4283,#4291,#4299));
#4302=IFCPRODUCTDEFINITIONSHAPE($,$,(#4301));
#4303=IFCSANITARYTERMINAL('2GaKQIsUDN8uD1ykKqRqQO',#5,'Toilet','Skanna asset library',$,#4020,#4302,$,.TOILETPAN.);
#4304=IFCCARTESIANPOINT((4.58,9.58,0.2));
#4305=IFCDIRECTION((0.,0.,1.));
#4306=IFCDIRECTION((0.,1.,0.));
#4307=IFCAXIS2PLACEMENT3D(#4304,#4305,#4306);
#4308=IFCLOCALPLACEMENT(#26,#4307);
#4309=IFCCARTESIANPOINT((0.,0.01));
#4310=IFCAXIS2PLACEMENT2D(#4309,$);
#4311=IFCRECTANGLEPROFILEDEF(.AREA.,$,#4310,0.8,0.02);
#4312=IFCCARTESIANPOINT((0.,0.,0.));
#4313=IFCAXIS2PLACEMENT3D(#4312,$,$);
#4314=IFCDIRECTION((0.,0.,1.));
#4315=IFCEXTRUDEDAREASOLID(#4311,#4313,#4314,2.);
#4316=IFCCOLOURRGB($,0.894118,0.882353,0.862745);
#4317=IFCSURFACESTYLESHADING(#4316,0.);
#4318=IFCSURFACESTYLE('#e4e1dc',.BOTH.,(#4317));
#4319=IFCSTYLEDITEM(#4315,(#4318),$);
#4320=IFCCARTESIANPOINT((0.,-0.012));
#4321=IFCAXIS2PLACEMENT2D(#4320,$);
#4322=IFCRECTANGLEPROFILEDEF(.AREA.,$,#4321,0.752,0.016);
#4323=IFCCARTESIANPOINT((0.,0.,0.04));
#4324=IFCAXIS2PLACEMENT3D(#4323,$,$);
#4325=IFCDIRECTION((0.,0.,1.));
#4326=IFCEXTRUDEDAREASOLID(#4322,#4324,#4325,1.92);
#4327=IFCCOLOURRGB($,0.827451,0.870588,0.882353);
#4328=IFCSURFACESTYLESHADING(#4327,0.);
#4329=IFCSURFACESTYLE('#d3dee1',.BOTH.,(#4328));
#4330=IFCSTYLEDITEM(#4326,(#4329),$);
#4331=IFCSHAPEREPRESENTATION(#12,'Body','SweptSolid',(#4315,#4326));
#4332=IFCPRODUCTDEFINITIONSHAPE($,$,(#4331));
#4333=IFCFURNITURE('1jgBhgeZ6XTEESPBY9ZMTr',#5,'Mirror','Skanna asset library',$,#4308,#4332,$,.NOTDEFINED.);
#4334=IFCCARTESIANPOINT((0.45,4.85,0.));
#4335=IFCDIRECTION((0.,0.,1.));
#4336=IFCDIRECTION((0.,1.,0.));
#4337=IFCAXIS2PLACEMENT3D(#4334,#4335,#4336);
#4338=IFCLOCALPLACEMENT(#26,#4337);
#4339=IFCCARTESIANPOINT((0.,0.008));
#4340=IFCAXIS2PLACEMENT2D(#4339,$);
#4341=IFCRECTANGLEPROFILEDEF(.AREA.,$,#4340,0.45,0.384);
#4342=IFCCARTESIANPOINT((0.,0.,0.088));
#4343=IFCAXIS2PLACEMENT3D(#4342,$,$);
#4344=IFCDIRECTION((0.,0.,1.));
#4345=IFCEXTRUDEDAREASOLID(#4341,#4343,#4344,0.462);
#4346=IFCSTYLEDITEM(#4345,(#3816),$);
#4347=IFCCARTESIANPOINT((0.,-0.192));
#4348=IFCAXIS2PLACEMENT2D(#4347,$);
#4349=IFCRECTANGLEPROFILEDEF(.AREA.,$,#4348,0.405,0.016);
#4350=IFCCARTESIANPOINT((0.,0.,0.121));
#4351=IFCAXIS2PLACEMENT3D(#4350,$,$);
#4352=IFCDIRECTION((0.,0.,1.));
#4353=IFCEXTRUDEDAREASOLID(#4349,#4351,#4352,0.187);
#4354=IFCSTYLEDITEM(#4353,(#4318),$);
#4355=IFCCARTESIANPOINT((0.,-0.192));
#4356=IFCAXIS2PLACEMENT2D(#4355,$);
#4357=IFCRECTANGLEPROFILEDEF(.AREA.,$,#4356,0.405,0.016);
#4358=IFCCARTESIANPOINT((0.,0.,0.33));
#4359=IFCAXIS2PLACEMENT3D(#4358,$,$);
#4360=IFCDIRECTION((0.,0.,1.));
#4361=IFCEXTRUDEDAREASOLID(#4357,#4359,#4360,0.187);
#4362=IFCSTYLEDITEM(#4361,(#4318),$);
#4363=IFCCARTESIANPOINT((-0.189,-0.168));
#4364=IFCAXIS2PLACEMENT2D(#4363,$);
#4365=IFCRECTANGLEPROFILEDEF(.AREA.,$,#4364,0.036,0.032);
#4366=IFCCARTESIANPOINT((0.,0.,0.));
#4367=IFCAXIS2PLACEMENT3D(#4366,$,$);
#4368=IFCDIRECTION((0.,0.,1.));
#4369=IFCEXTRUDEDAREASOLID(#4365,#4367,#4368,0.0935);
#4370=IFCSTYLEDITEM(#4369,(#3750),$);
#4371=IFCCARTESIANPOINT((0.189,-0.168));
#4372=IFCAXIS2PLACEMENT2D(#4371,$);
#4373=IFCRECTANGLEPROFILEDEF(.AREA.,$,#4372,0.036,0.032);
#4374=IFCCARTESIANPOINT((0.,0.,0.));
#4375=IFCAXIS2PLACEMENT3D(#4374,$,$);
#4376=IFCDIRECTION((0.,0.,1.));
#4377=IFCEXTRUDEDAREASOLID(#4373,#4375,#4376,0.0935);
#4378=IFCSTYLEDITEM(#4377,(#3750),$);
#4379=IFCCARTESIANPOINT((-0.189,0.168));
#4380=IFCAXIS2PLACEMENT2D(#4379,$);
#4381=IFCRECTANGLEPROFILEDEF(.AREA.,$,#4380,0.036,0.032);
#4382=IFCCARTESIANPOINT((0.,0.,0.));
#4383=IFCAXIS2PLACEMENT3D(#4382,$,$);
#4384=IFCDIRECTION((0.,0.,1.));
#4385=IFCEXTRUDEDAREASOLID(#4381,#4383,#4384,0.0935);
#4386=IFCSTYLEDITEM(#4385,(#3750),$);
#4387=IFCCARTESIANPOINT((0.189,0.168));
#4388=IFCAXIS2PLACEMENT2D(#4387,$);
#4389=IFCRECTANGLEPROFILEDEF(.AREA.,$,#4388,0.036,0.032);
#4390=IFCCARTESIANPOINT((0.,0.,0.));
#4391=IFCAXIS2PLACEMENT3D(#4390,$,$);
#4392=IFCDIRECTION((0.,0.,1.));
#4393=IFCEXTRUDEDAREASOLID(#4389,#4391,#4392,0.0935);
#4394=IFCSTYLEDITEM(#4393,(#3750),$);
#4395=IFCSHAPEREPRESENTATION(#12,'Body','SweptSolid',(#4345,#4353,#4361,#4369,#4377,#4385,#4393));
#4396=IFCPRODUCTDEFINITIONSHAPE($,$,(#4395));
#4397=IFCFURNITURE('3y8OC1W0cJGgKwJICNZnYG',#5,'Nightstand','Skanna asset library',$,#4338,#4396,$,.NOTDEFINED.);
#4398=IFCCARTESIANPOINT((10.02,11.8,0.));
#4399=IFCDIRECTION((0.,0.,1.));
#4400=IFCDIRECTION((0.,-1.,0.));
#4401=IFCAXIS2PLACEMENT3D(#4398,#4399,#4400);
#4402=IFCLOCALPLACEMENT(#26,#4401);
#4403=IFCCARTESIANPOINT((0.,0.018));
#4404=IFCAXIS2PLACEMENT2D(#4403,$);
#4405=IFCRECTANGLEPROFILEDEF(.AREA.,$,#4404,0.552,0.516);
#4406=IFCCARTESIANPOINT((0.,0.,0.));
#4407=IFCAXIS2PLACEMENT3D(#4406,$,$);
#4408=IFCDIRECTION((0.,0.,1.));
#4409=IFCEXTRUDEDAREASOLID(#4405,#4407,#4408,0.099);
#4410=IFCSTYLEDITEM(#4409,(#3750),$);
#4411=IFCINDEXEDPOLYGONALFACE((1,2,3));
#4412=IFCINDEXEDPOLYGONALFACE((1,3,4));
#4413=IFCINDEXEDPOLYGONALFACE((2,5,6));
#4414=IFCINDEXEDPOLYGONALFACE((2,6,3));
#4415=IFCINDEXEDPOLYGONALFACE((5,7,8));
#4416=IFCINDEXEDPOLYGONALFACE((5,8,6));
#4417=IFCINDEXEDPOLYGONALFACE((7,9,10));
#4418=IFCINDEXEDPOLYGONALFACE((7,10,8));
#4419=IFCINDEXEDPOLYGONALFACE((9,11,12));
#4420=IFCINDEXEDPOLYGONALFACE((9,12,10));
#4421=IFCINDEXEDPOLYGONALFACE((11,13,14));
#4422=IFCINDEXEDPOLYGONALFACE((11,14,12));
#4423=IFCINDEXEDPOLYGONALFACE((13,15,16));
#4424=IFCINDEXEDPOLYGONALFACE((13,16,14));
#4425=IFCINDEXEDPOLYGONALFACE((15,17,18));
#4426=IFCINDEXEDPOLYGONALFACE((15,18,16));
#4427=IFCINDEXEDPOLYGONALFACE((17,19,20));
#4428=IFCINDEXEDPOLYGONALFACE((17,20,18));
#4429=IFCINDEXEDPOLYGONALFACE((19,21,22));
#4430=IFCINDEXEDPOLYGONALFACE((19,22,20));
#4431=IFCINDEXEDPOLYGONALFACE((21,23,24));
#4432=IFCINDEXEDPOLYGONALFACE((21,24,22));
#4433=IFCINDEXEDPOLYGONALFACE((23,25,26));
#4434=IFCINDEXEDPOLYGONALFACE((23,26,24));
#4435=IFCINDEXEDPOLYGONALFACE((25,27,28));
#4436=IFCINDEXEDPOLYGONALFACE((25,28,26));
#4437=IFCINDEXEDPOLYGONALFACE((27,29,30));
#4438=IFCINDEXEDPOLYGONALFACE((27,30,28));
#4439=IFCINDEXEDPOLYGONALFACE((29,31,32));
#4440=IFCINDEXEDPOLYGONALFACE((29,32,30));
#4441=IFCINDEXEDPOLYGONALFACE((31,1,4));
#4442=IFCINDEXEDPOLYGONALFACE((31,4,32));
#4443=IFCINDEXEDPOLYGONALFACE((1,5,2));
#4444=IFCINDEXEDPOLYGONALFACE((4,3,6));
#4445=IFCINDEXEDPOLYGONALFACE((1,7,5));
#4446=IFCINDEXEDPOLYGONALFACE((4,6,8));
#4447=IFCINDEXEDPOLYGONALFACE((1,9,7));
#4448=IFCINDEXEDPOLYGONALFACE((4,8,10));
#4449=IFCINDEXEDPOLYGONALFACE((1,11,9));
#4450=IFCINDEXEDPOLYGONALFACE((4,10,12));
#4451=IFCINDEXEDPOLYGONALFACE((1,13,11));
#4452=IFCINDEXEDPOLYGONALFACE((4,12,14));
#4453=IFCINDEXEDPOLYGONALFACE((1,15,13));
#4454=IFCINDEXEDPOLYGONALFACE((4,14,16));
#4455=IFCINDEXEDPOLYGONALFACE((1,17,15));
#4456=IFCINDEXEDPOLYGONALFACE((4,16,18));
#4457=IFCINDEXEDPOLYGONALFACE((1,19,17));
#4458=IFCINDEXEDPOLYGONALFACE((4,18,20));
#4459=IFCINDEXEDPOLYGONALFACE((1,21,19));
#4460=IFCINDEXEDPOLYGONALFACE((4,20,22));
#4461=IFCINDEXEDPOLYGONALFACE((1,23,21));
#4462=IFCINDEXEDPOLYGONALFACE((4,22,24));
#4463=IFCINDEXEDPOLYGONALFACE((1,25,23));
#4464=IFCINDEXEDPOLYGONALFACE((4,24,26));
#4465=IFCINDEXEDPOLYGONALFACE((1,27,25));
#4466=IFCINDEXEDPOLYGONALFACE((4,26,28));
#4467=IFCINDEXEDPOLYGONALFACE((1,29,27));
#4468=IFCINDEXEDPOLYGONALFACE((4,28,30));
#4469=IFCINDEXEDPOLYGONALFACE((1,31,29));
#4470=IFCINDEXEDPOLYGONALFACE((4,30,32));
#4471=IFCCARTESIANPOINTLIST3D(((0.288,-0.282,0.099),(0.294,-0.280392,0.099),(0.294,-0.280392,0.873),(0.288,-0.282,0.873),(0.298392,-0.276,0.099),(0.298392,-0.276,0.873),(0.3,-0.27,0.099),(0.3,-0.27,0.873),(0.3,0.288,0.099),(0.3,0.288,0.873),(0.298392,0.294,0.099),(0.298392,0.294,0.873),(0.294,0.298392,0.099),(0.294,0.298392,0.873),(0.288,0.3,0.099),(0.288,0.3,0.873),(-0.288,0.3,0.099),(-0.288,0.3,0.873),(-0.294,0.298392,0.099),(-0.294,0.298392,0.873),(-0.298392,0.294,0.099),(-0.298392,0.294,0.873),(-0.3,0.288,0.099),(-0.3,0.288,0.873),(-0.3,-0.27,0.099),(-0.3,-0.27,0.873),(-0.298392,-0.276,0.099),(-0.298392,-0.276,0.873),(-0.294,-0.280392,0.099),(-0.294,-0.280392,0.873),(-0.288,-0.282,0.099),(-0.288,-0.282,0.873)));
#4472=IFCPOLYGONALFACESET(#4471,.T.,(#4411,#4412,#4413,#4414,#4415,#4416,#4417,#4418,#4419,#4420,#4421,#4422,#4423,#4424,#4425,#4426,#4427,#4428,#4429,#4430,#4431,#4432,#4433,#4434,#4435,#4436,#4437,#4438,#4439,#4440,#4441,#4442,#4443,#4444,#4445,#4446,#4447,#4448,#4449,#4450,#4451,#4452,#4453,#4454,#4455,#4456,#4457,#4458,#4459,#4460,#4461,#4462,#4463,#4464,#4465,#4466,#4467,#4468,#4469,#4470),$);
#4473=IFCSTYLEDITEM(#4472,(#3816),$);
#4474=IFCINDEXEDPOLYGONALFACE((1,2,3));
#4475=IFCINDEXEDPOLYGONALFACE((1,3,4));
#4476=IFCINDEXEDPOLYGONALFACE((2,5,6));
#4477=IFCINDEXEDPOLYGONALFACE((2,6,3));
#4478=IFCINDEXEDPOLYGONALFACE((5,7,8));
#4479=IFCINDEXEDPOLYGONALFACE((5,8,6));
#4480=IFCINDEXEDPOLYGONALFACE((7,9,10));
#4481=IFCINDEXEDPOLYGONALFACE((7,10,8));
#4482=IFCINDEXEDPOLYGONALFACE((9,11,12));
#4483=IFCINDEXEDPOLYGONALFACE((9,12,10));
#4484=IFCINDEXEDPOLYGONALFACE((11,13,14));
#4485=IFCINDEXEDPOLYGONALFACE((11,14,12));
#4486=IFCINDEXEDPOLYGONALFACE((13,15,16));
#4487=IFCINDEXEDPOLYGONALFACE((13,16,14));
#4488=IFCINDEXEDPOLYGONALFACE((15,17,18));
#4489=IFCINDEXEDPOLYGONALFACE((15,18,16));
#4490=IFCINDEXEDPOLYGONALFACE((17,19,20));
#4491=IFCINDEXEDPOLYGONALFACE((17,20,18));
#4492=IFCINDEXEDPOLYGONALFACE((19,21,22));
#4493=IFCINDEXEDPOLYGONALFACE((19,22,20));
#4494=IFCINDEXEDPOLYGONALFACE((21,23,24));
#4495=IFCINDEXEDPOLYGONALFACE((21,24,22));
#4496=IFCINDEXEDPOLYGONALFACE((23,25,26));
#4497=IFCINDEXEDPOLYGONALFACE((23,26,24));
#4498=IFCINDEXEDPOLYGONALFACE((25,27,28));
#4499=IFCINDEXEDPOLYGONALFACE((25,28,26));
#4500=IFCINDEXEDPOLYGONALFACE((27,1,4));
#4501=IFCINDEXEDPOLYGONALFACE((27,4,28));
#4502=IFCINDEXEDPOLYGONALFACE((1,5,2));
#4503=IFCINDEXEDPOLYGONALFACE((4,3,6));
#4504=IFCINDEXEDPOLYGONALFACE((1,7,5));
#4505=IFCINDEXEDPOLYGONALFACE((4,6,8));
#4506=IFCINDEXEDPOLYGONALFACE((1,9,7));
#4507=IFCINDEXEDPOLYGONALFACE((4,8,10));
#4508=IFCINDEXEDPOLYGONALFACE((1,11,9));
#4509=IFCINDEXEDPOLYGONALFACE((4,10,12));
#4510=IFCINDEXEDPOLYGONALFACE((1,13,11));
#4511=IFCINDEXEDPOLYGONALFACE((4,12,14));
#4512=IFCINDEXEDPOLYGONALFACE((1,15,13));
#4513=IFCINDEXEDPOLYGONALFACE((4,14,16));
#4514=IFCINDEXEDPOLYGONALFACE((1,17,15));
#4515=IFCINDEXEDPOLYGONALFACE((4,16,18));
#4516=IFCINDEXEDPOLYGONALFACE((1,19,17));
#4517=IFCINDEXEDPOLYGONALFACE((4,18,20));
#4518=IFCINDEXEDPOLYGONALFACE((1,21,19));
#4519=IFCINDEXEDPOLYGONALFACE((4,20,22));
#4520=IFCINDEXEDPOLYGONALFACE((1,23,21));
#4521=IFCINDEXEDPOLYGONALFACE((4,22,24));
#4522=IFCINDEXEDPOLYGONALFACE((1,25,23));
#4523=IFCINDEXEDPOLYGONALFACE((4,24,26));
#4524=IFCINDEXEDPOLYGONALFACE((1,27,25));
#4525=IFCINDEXEDPOLYGONALFACE((4,26,28));
#4526=IFCCARTESIANPOINTLIST3D(((0.2817,-0.3,0.117),(0.2856,-0.298955,0.117),(0.2856,-0.298955,0.855),(0.2817,-0.3,0.855),(0.288455,-0.2961,0.117),(0.288455,-0.2961,0.855),(0.2895,-0.2922,0.117),(0.2895,-0.2922,0.855),(0.288455,-0.2883,0.117),(0.288455,-0.2883,0.855),(0.2856,-0.285445,0.117),(0.2856,-0.285445,0.855),(0.2817,-0.2844,0.117),(0.2817,-0.2844,0.855),(-0.2817,-0.2844,0.117),(-0.2817,-0.2844,0.855),(-0.2856,-0.285445,0.117),(-0.2856,-0.285445,0.855),(-0.288455,-0.2883,0.117),(-0.288455,-0.2883,0.855),(-0.2895,-0.2922,0.117),(-0.2895,-0.2922,0.855),(-0.288455,-0.2961,0.117),(-0.288455,-0.2961,0.855),(-0.2856,-0.298955,0.117),(-0.2856,-0.298955,0.855),(-0.2817,-0.3,0.117),(-0.2817,-0.3,0.855)));
#4527=IFCPOLYGONALFACESET(#4526,.T.,(#4474,#4475,#4476,#4477,#4478,#4479,#4480,#4481,#4482,#4483,#4484,#4485,#4486,#4487,#4488,#4489,#4490,#4491,#4492,#4493,#4494,#4495,#4496,#4497,#4498,#4499,#4500,#4501,#4502,#4503,#4504,#4505,#4506,#4507,#4508,#4509,#4510,#4511,#4512,#4513,#4514,#4515,#4516,#4517,#4518,#4519,#4520,#4521,#4522,#4523,#4524,#4525),$);
#4528=IFCSTYLEDITEM(#4527,(#109),$);
#4529=IFCCARTESIANPOINT((0.,-0.3));
#4530=IFCAXIS2PLACEMENT2D(#4529,$);
#4531=IFCRECTANGLEPROFILEDEF(.AREA.,$,#4530,0.432,0.012);
#4532=IFCCARTESIANPOINT((0.,0.,0.81));
#4533=IFCAXIS2PLACEMENT3D(#4532,$,$);
#4534=IFCDIRECTION((0.,0.,1.));
#4535=IFCEXTRUDEDAREASOLID(#4531,#4533,#4534,0.0315);
#4536=IFCSTYLEDITEM(#4535,(#4148),$);
#4537=IFCCARTESIANPOINT((0.,-0.024));
#4538=IFCAXIS2PLACEMENT2D(#4537,$);
#4539=IFCRECTANGLEPROFILEDEF(.AREA.,$,#4538,0.432,0.36);
#4540=IFCCARTESIANPOINT((0.,0.,0.8748));
#4541=IFCAXIS2PLACEMENT3D(#4540,$,$);
#4542=IFCDIRECTION((0.,0.,1.));
#4543=IFCEXTRUDEDAREASOLID(#4539,#4541,#4542,0.0279);
#4544=IFCSTYLEDITEM(#4543,(#3194),$);
#4545=IFCSHAPEREPRESENTATION(#12,'Body','SolidModel',(#4409,#4472,#4527,#4535,#4543));
#4546=IFCPRODUCTDEFINITIONSHAPE($,$,(#4545));
#4547=IFCSANITARYTERMINAL('089kWB$LWdFlUrUCujkr$k',#5,'Sink cabinet + sink','Skanna asset library',$,#4402,#4546,$,.SINK.);
#4548=IFCCARTESIANPOINT((10.27,11.68,0.5));
#4549=IFCDIRECTION((0.,0.,1.));
#4550=IFCDIRECTION((0.,-1.,0.));
#4551=IFCAXIS2PLACEMENT3D(#4548,#4549,#4550);
#4552=IFCLOCALPLACEMENT(#26,#4551);
#4553=IFCINDEXEDPOLYGONALFACE((1,2,3));
#4554=IFCINDEXEDPOLYGONALFACE((1,3,4));
#4555=IFCINDEXEDPOLYGONALFACE((2,5,6));
#4556=IFCINDEXEDPOLYGONALFACE((2,6,3));
#4557=IFCINDEXEDPOLYGONALFACE((5,7,8));
#4558=IFCINDEXEDPOLYGONALFACE((5,8,6));
#4559=IFCINDEXEDPOLYGONALFACE((7,9,10));
#4560=IFCINDEXEDPOLYGONALFACE((7,10,8));
#4561=IFCINDEXEDPOLYGONALFACE((9,11,12));
#4562=IFCINDEXEDPOLYGONALFACE((9,12,10));
#4563=IFCINDEXEDPOLYGONALFACE((11,13,14));
#4564=IFCINDEXEDPOLYGONALFACE((11,14,12));
#4565=IFCINDEXEDPOLYGONALFACE((13,15,16));
#4566=IFCINDEXEDPOLYGONALFACE((13,16,14));
#4567=IFCINDEXEDPOLYGONALFACE((15,17,18));
#4568=IFCINDEXEDPOLYGONALFACE((15,18,16));
#4569=IFCINDEXEDPOLYGONALFACE((17,19,20));
#4570=IFCINDEXEDPOLYGONALFACE((17,20,18));
#4571=IFCINDEXEDPOLYGONALFACE((19,21,22));
#4572=IFCINDEXEDPOLYGONALFACE((19,22,20));
#4573=IFCINDEXEDPOLYGONALFACE((21,23,24));
#4574=IFCINDEXEDPOLYGONALFACE((21,24,22));
#4575=IFCINDEXEDPOLYGONALFACE((23,25,26));
#4576=IFCINDEXEDPOLYGONALFACE((23,26,24));
#4577=IFCINDEXEDPOLYGONALFACE((25,27,28));
#4578=IFCINDEXEDPOLYGONALFACE((25,28,26));
#4579=IFCINDEXEDPOLYGONALFACE((27,29,30));
#4580=IFCINDEXEDPOLYGONALFACE((27,30,28));
#4581=IFCINDEXEDPOLYGONALFACE((29,31,32));
#4582=IFCINDEXEDPOLYGONALFACE((29,32,30));
#4583=IFCINDEXEDPOLYGONALFACE((31,1,4));
#4584=IFCINDEXEDPOLYGONALFACE((31,4,32));
#4585=IFCINDEXEDPOLYGONALFACE((1,5,2));
#4586=IFCINDEXEDPOLYGONALFACE((4,3,6));
#4587=IFCINDEXEDPOLYGONALFACE((1,7,5));
#4588=IFCINDEXEDPOLYGONALFACE((4,6,8));
#4589=IFCINDEXEDPOLYGONALFACE((1,9,7));
#4590=IFCINDEXEDPOLYGONALFACE((4,8,10));
#4591=IFCINDEXEDPOLYGONALFACE((1,11,9));
#4592=IFCINDEXEDPOLYGONALFACE((4,10,12));
#4593=IFCINDEXEDPOLYGONALFACE((1,13,11));
#4594=IFCINDEXEDPOLYGONALFACE((4,12,14));
#4595=IFCINDEXEDPOLYGONALFACE((1,15,13));
#4596=IFCINDEXEDPOLYGONALFACE((4,14,16));
#4597=IFCINDEXEDPOLYGONALFACE((1,17,15));
#4598=IFCINDEXEDPOLYGONALFACE((4,16,18));
#4599=IFCINDEXEDPOLYGONALFACE((1,19,17));
#4600=IFCINDEXEDPOLYGONALFACE((4,18,20));
#4601=IFCINDEXEDPOLYGONALFACE((1,21,19));
#4602=IFCINDEXEDPOLYGONALFACE((4,20,22));
#4603=IFCINDEXEDPOLYGONALFACE((1,23,21));
#4604=IFCINDEXEDPOLYGONALFACE((4,22,24));
#4605=IFCINDEXEDPOLYGONALFACE((1,25,23));
#4606=IFCINDEXEDPOLYGONALFACE((4,24,26));
#4607=IFCINDEXEDPOLYGONALFACE((1,27,25));
#4608=IFCINDEXEDPOLYGONALFACE((4,26,28));
#4609=IFCINDEXEDPOLYGONALFACE((1,29,27));
#4610=IFCINDEXEDPOLYGONALFACE((4,28,30));
#4611=IFCINDEXEDPOLYGONALFACE((1,31,29));
#4612=IFCINDEXEDPOLYGONALFACE((4,30,32));
#4613=IFCCARTESIANPOINTLIST3D(((0.027,0.02,0.042),(0.031,0.021072,0.042),(0.031,0.021072,0.108),(0.027,0.02,0.108),(0.033928,0.024,0.042),(0.033928,0.024,0.108),(0.035,0.028,0.042),(0.035,0.028,0.108),(0.035,0.042,0.042),(0.035,0.042,0.108),(0.033928,0.046,0.042),(0.033928,0.046,0.108),(0.031,0.048928,0.042),(0.031,0.048928,0.108),(0.027,0.05,0.042),(0.027,0.05,0.108),(-0.027,0.05,0.042),(-0.027,0.05,0.108),(-0.031,0.048928,0.042),(-0.031,0.048928,0.108),(-0.033928,0.046,0.042),(-0.033928,0.046,0.108),(-0.035,0.042,0.042),(-0.035,0.042,0.108),(-0.035,0.028,0.042),(-0.035,0.028,0.108),(-0.033928,0.024,0.042),(-0.033928,0.024,0.108),(-0.031,0.021072,0.042),(-0.031,0.021072,0.108),(-0.027,0.02,0.042),(-0.027,0.02,0.108)));
#4614=IFCPOLYGONALFACESET(#4613,.T.,(#4553,#4554,#4555,#4556,#4557,#4558,#4559,#4560,#4561,#4562,#4563,#4564,#4565,#4566,#4567,#4568,#4569,#4570,#4571,#4572,#4573,#4574,#4575,#4576,#4577,#4578,#4579,#4580,#4581,#4582,#4583,#4584,#4585,#4586,#4587,#4588,#4589,#4590,#4591,#4592,#4593,#4594,#4595,#4596,#4597,#4598,#4599,#4600,#4601,#4602,#4603,#4604,#4605,#4606,#4607,#4608,#4609,#4610,#4611,#4612),$);
#4615=IFCCOLOURRGB($,0.768627,0.780392,0.796078);
#4616=IFCSURFACESTYLESHADING(#4615,0.);
#4617=IFCSURFACESTYLE('#c4c7cb',.BOTH.,(#4616));
#4618=IFCSTYLEDITEM(#4614,(#4617),$);
#4619=IFCINDEXEDPOLYGONALFACE((1,2,3));
#4620=IFCINDEXEDPOLYGONALFACE((1,3,4));
#4621=IFCINDEXEDPOLYGONALFACE((2,5,6));
#4622=IFCINDEXEDPOLYGONALFACE((2,6,3));
#4623=IFCINDEXEDPOLYGONALFACE((5,7,8));
#4624=IFCINDEXEDPOLYGONALFACE((5,8,6));
#4625=IFCINDEXEDPOLYGONALFACE((7,9,10));
#4626=IFCINDEXEDPOLYGONALFACE((7,10,8));
#4627=IFCINDEXEDPOLYGONALFACE((9,11,12));
#4628=IFCINDEXEDPOLYGONALFACE((9,12,10));
#4629=IFCINDEXEDPOLYGONALFACE((11,13,14));
#4630=IFCINDEXEDPOLYGONALFACE((11,14,12));
#4631=IFCINDEXEDPOLYGONALFACE((13,15,16));
#4632=IFCINDEXEDPOLYGONALFACE((13,16,14));
#4633=IFCINDEXEDPOLYGONALFACE((15,17,18));
#4634=IFCINDEXEDPOLYGONALFACE((15,18,16));
#4635=IFCINDEXEDPOLYGONALFACE((17,19,20));
#4636=IFCINDEXEDPOLYGONALFACE((17,20,18));
#4637=IFCINDEXEDPOLYGONALFACE((19,21,22));
#4638=IFCINDEXEDPOLYGONALFACE((19,22,20));
#4639=IFCINDEXEDPOLYGONALFACE((21,23,24));
#4640=IFCINDEXEDPOLYGONALFACE((21,24,22));
#4641=IFCINDEXEDPOLYGONALFACE((23,25,26));
#4642=IFCINDEXEDPOLYGONALFACE((23,26,24));
#4643=IFCINDEXEDPOLYGONALFACE((25,27,28));
#4644=IFCINDEXEDPOLYGONALFACE((25,28,26));
#4645=IFCINDEXEDPOLYGONALFACE((27,29,30));
#4646=IFCINDEXEDPOLYGONALFACE((27,30,28));
#4647=IFCINDEXEDPOLYGONALFACE((29,31,32));
#4648=IFCINDEXEDPOLYGONALFACE((29,32,30));
#4649=IFCINDEXEDPOLYGONALFACE((31,33,34));
#4650=IFCINDEXEDPOLYGONALFACE((31,34,32));
#4651=IFCINDEXEDPOLYGONALFACE((33,35,36));
#4652=IFCINDEXEDPOLYGONALFACE((33,36,34));
#4653=IFCINDEXEDPOLYGONALFACE((35,37,38));
#4654=IFCINDEXEDPOLYGONALFACE((35,38,36));
#4655=IFCINDEXEDPOLYGONALFACE((37,39,40));
#4656=IFCINDEXEDPOLYGONALFACE((37,40,38));
#4657=IFCINDEXEDPOLYGONALFACE((39,41,42));
#4658=IFCINDEXEDPOLYGONALFACE((39,42,40));
#4659=IFCINDEXEDPOLYGONALFACE((41,43,44));
#4660=IFCINDEXEDPOLYGONALFACE((41,44,42));
#4661=IFCINDEXEDPOLYGONALFACE((43,45,46));
#4662=IFCINDEXEDPOLYGONALFACE((43,46,44));
#4663=IFCINDEXEDPOLYGONALFACE((45,47,48));
#4664=IFCINDEXEDPOLYGONALFACE((45,48,46));
#4665=IFCINDEXEDPOLYGONALFACE((47,49,50));
#4666=IFCINDEXEDPOLYGONALFACE((47,50,48));
#4667=IFCINDEXEDPOLYGONALFACE((49,51,52));
#4668=IFCINDEXEDPOLYGONALFACE((49,52,50));
#4669=IFCINDEXEDPOLYGONALFACE((51,53,54));
#4670=IFCINDEXEDPOLYGONALFACE((51,54,52));
#4671=IFCINDEXEDPOLYGONALFACE((53,55,56));
#4672=IFCINDEXEDPOLYGONALFACE((53,56,54));
#4673=IFCINDEXEDPOLYGONALFACE((55,57,58));
#4674=IFCINDEXEDPOLYGONALFACE((55,58,56));
#4675=IFCINDEXEDPOLYGONALFACE((57,59,60));
#4676=IFCINDEXEDPOLYGONALFACE((57,60,58));
#4677=IFCINDEXEDPOLYGONALFACE((59,61,62));
#4678=IFCINDEXEDPOLYGONALFACE((59,62,60));
#4679=IFCINDEXEDPOLYGONALFACE((61,63,64));
#4680=IFCINDEXEDPOLYGONALFACE((61,64,62));
#4681=IFCINDEXEDPOLYGONALFACE((63,1,4));
#4682=IFCINDEXEDPOLYGONALFACE((63,4,64));
#4683=IFCINDEXEDPOLYGONALFACE((1,5,2));
#4684=IFCINDEXEDPOLYGONALFACE((4,3,6));
#4685=IFCINDEXEDPOLYGONALFACE((1,7,5));
#4686=IFCINDEXEDPOLYGONALFACE((4,6,8));
#4687=IFCINDEXEDPOLYGONALFACE((1,9,7));
#4688=IFCINDEXEDPOLYGONALFACE((4,8,10));
#4689=IFCINDEXEDPOLYGONALFACE((1,11,9));
#4690=IFCINDEXEDPOLYGONALFACE((4,10,12));
#4691=IFCINDEXEDPOLYGONALFACE((1,13,11));
#4692=IFCINDEXEDPOLYGONALFACE((4,12,14));
#4693=IFCINDEXEDPOLYGONALFACE((1,15,13));
#4694=IFCINDEXEDPOLYGONALFACE((4,14,16));
#4695=IFCINDEXEDPOLYGONALFACE((1,17,15));
#4696=IFCINDEXEDPOLYGONALFACE((4,16,18));
#4697=IFCINDEXEDPOLYGONALFACE((1,19,17));
#4698=IFCINDEXEDPOLYGONALFACE((4,18,20));
#4699=IFCINDEXEDPOLYGONALFACE((1,21,19));
#4700=IFCINDEXEDPOLYGONALFACE((4,20,22));
#4701=IFCINDEXEDPOLYGONALFACE((1,23,21));
#4702=IFCINDEXEDPOLYGONALFACE((4,22,24));
#4703=IFCINDEXEDPOLYGONALFACE((1,25,23));
#4704=IFCINDEXEDPOLYGONALFACE((4,24,26));
#4705=IFCINDEXEDPOLYGONALFACE((1,27,25));
#4706=IFCINDEXEDPOLYGONALFACE((4,26,28));
#4707=IFCINDEXEDPOLYGONALFACE((1,29,27));
#4708=IFCINDEXEDPOLYGONALFACE((4,28,30));
#4709=IFCINDEXEDPOLYGONALFACE((1,31,29));
#4710=IFCINDEXEDPOLYGONALFACE((4,30,32));
#4711=IFCINDEXEDPOLYGONALFACE((1,33,31));
#4712=IFCINDEXEDPOLYGONALFACE((4,32,34));
#4713=IFCINDEXEDPOLYGONALFACE((1,35,33));
#4714=IFCINDEXEDPOLYGONALFACE((4,34,36));
#4715=IFCINDEXEDPOLYGONALFACE((1,37,35));
#4716=IFCINDEXEDPOLYGONALFACE((4,36,38));
#4717=IFCINDEXEDPOLYGONALFACE((1,39,37));
#4718=IFCINDEXEDPOLYGONALFACE((4,38,40));
#4719=IFCINDEXEDPOLYGONALFACE((1,41,39));
#4720=IFCINDEXEDPOLYGONALFACE((4,40,42));
#4721=IFCINDEXEDPOLYGONALFACE((1,43,41));
#4722=IFCINDEXEDPOLYGONALFACE((4,42,44));
#4723=IFCINDEXEDPOLYGONALFACE((1,45,43));
#4724=IFCINDEXEDPOLYGONALFACE((4,44,46));
#4725=IFCINDEXEDPOLYGONALFACE((1,47,45));
#4726=IFCINDEXEDPOLYGONALFACE((4,46,48));
#4727=IFCINDEXEDPOLYGONALFACE((1,49,47));
#4728=IFCINDEXEDPOLYGONALFACE((4,48,50));
#4729=IFCINDEXEDPOLYGONALFACE((1,51,49));
#4730=IFCINDEXEDPOLYGONALFACE((4,50,52));
#4731=IFCINDEXEDPOLYGONALFACE((1,53,51));
#4732=IFCINDEXEDPOLYGONALFACE((4,52,54));
#4733=IFCINDEXEDPOLYGONALFACE((1,55,53));
#4734=IFCINDEXEDPOLYGONALFACE((4,54,56));
#4735=IFCINDEXEDPOLYGONALFACE((1,57,55));
#4736=IFCINDEXEDPOLYGONALFACE((4,56,58));
#4737=IFCINDEXEDPOLYGONALFACE((1,59,57));
#4738=IFCINDEXEDPOLYGONALFACE((4,58,60));
#4739=IFCINDEXEDPOLYGONALFACE((1,61,59));
#4740=IFCINDEXEDPOLYGONALFACE((4,60,62));
#4741=IFCINDEXEDPOLYGONALFACE((1,63,61));
#4742=IFCINDEXEDPOLYGONALFACE((4,62,64));
#4743=IFCCARTESIANPOINTLIST3D(((0.0225,0.,0.),(0.022068,0.004877,0.),(0.018758,0.004146,0.15),(0.019125,0.,0.15),(0.020787,0.009567,0.),(0.017669,0.008132,0.15),(0.018708,0.013889,0.),(0.015902,0.011806,0.15),(0.01591,0.017678,0.),(0.013523,0.015026,0.15),(0.0125,0.020787,0.),(0.010625,0.017669,0.15),(0.00861,0.023097,0.),(0.007319,0.019632,0.15),(0.00439,0.02452,0.),(0.003731,0.020842,0.15),(0.,0.025,0.),(0.,0.02125,0.15),(-0.00439,0.02452,0.),(-0.003731,0.020842,0.15),(-0.00861,0.023097,0.),(-0.007319,0.019632,0.15),(-0.0125,0.020787,0.),(-0.010625,0.017669,0.15),(-0.01591,0.017678,0.),(-0.013523,0.015026,0.15),(-0.018708,0.013889,0.),(-0.015902,0.011806,0.15),(-0.020787,0.009567,0.),(-0.017669,0.008132,0.15),(-0.022068,0.004877,0.),(-0.018758,0.004146,0.15),(-0.0225,0.,0.),(-0.019125,0.,0.15),(-0.022068,-0.004877,0.),(-0.018758,-0.004146,0.15),(-0.020787,-0.009567,0.),(-0.017669,-0.008132,0.15),(-0.018708,-0.013889,0.),(-0.015902,-0.011806,0.15),(-0.01591,-0.017678,0.),(-0.013523,-0.015026,0.15),(-0.0125,-0.020787,0.),(-0.010625,-0.017669,0.15),(-0.00861,-0.023097,0.),(-0.007319,-0.019632,0.15),(-0.00439,-0.02452,0.),(-0.003731,-0.020842,0.15),(0.,-0.025,0.),(0.,-0.02125,0.15),(0.00439,-0.02452,0.),(0.003731,-0.020842,0.15),(0.00861,-0.023097,0.),(0.007319,-0.019632,0.15),(0.0125,-0.020787,0.),(0.010625,-0.017669,0.15),(0.01591,-0.017678,0.),(0.013523,-0.015026,0.15),(0.018708,-0.013889,0.),(0.015902,-0.011806,0.15),(0.020787,-0.009567,0.),(0.017669,-0.008132,0.15),(0.022068,-0.004877,0.),(0.018758,-0.004146,0.15)));
#4744=IFCPOLYGONALFACESET(#4743,.T.,(#4619,#4620,#4621,#4622,#4623,#4624,#4625,#4626,#4627,#4628,#4629,#4630,#4631,#4632,#4633,#4634,#4635,#4636,#4637,#4638,#4639,#4640,#4641,#4642,#4643,#4644,#4645,#4646,#4647,#4648,#4649,#4650,#4651,#4652,#4653,#4654,#4655,#4656,#4657,#4658,#4659,#4660,#4661,#4662,#4663,#4664,#4665,#4666,#4667,#4668,#4669,#4670,#4671,#4672,#4673,#4674,#4675,#4676,#4677,#4678,#4679,#4680,#4681,#4682,#4683,#4684,#4685,#4686,#4687,#4688,#4689,#4690,#4691,#4692,#4693,#4694,#4695,#4696,#4697,#4698,#4699,#4700,#4701,#4702,#4703,#4704,#4705,#4706,#4707,#4708,#4709,#4710,#4711,#4712,#4713,#4714,#4715,#4716,#4717,#4718,#4719,#4720,#4721,#4722,#4723,#4724,#4725,#4726,#4727,#4728,#4729,#4730,#4731,#4732,#4733,#4734,#4735,#4736,#4737,#4738,#4739,#4740,#4741,#4742),$);
#4745=IFCSTYLEDITEM(#4744,(#4617),$);
#4746=IFCCARTESIANPOINT((0.,0.));
#4747=IFCAXIS2PLACEMENT2D(#4746,$);
#4748=IFCELLIPSEPROFILEDEF(.AREA.,$,#4747,0.029,0.031);
#4749=IFCCARTESIANPOINT((0.,0.,0.09));
#4750=IFCAXIS2PLACEMENT3D(#4749,$,$);
#4751=IFCDIRECTION((0.,0.,1.));
#4752=IFCEXTRUDEDAREASOLID(#4748,#4750,#4751,0.024);
#4753=IFCCOLOURRGB($,0.356863,0.560784,0.745098);
#4754=IFCSURFACESTYLESHADING(#4753,0.);
#4755=IFCSURFACESTYLE('#5b8fbe',.BOTH.,(#4754));
#4756=IFCSTYLEDITEM(#4752,(#4755),$);
#4757=IFCSHAPEREPRESENTATION(#12,'Body','SolidModel',(#4614,#4744,#4752));
#4758=IFCPRODUCTDEFINITIONSHAPE($,$,(#4757));
#4759=IFCVALVE('3ETgla1Ck9In$PDQdpnJ7w',#5,'Water in','Skanna asset library',$,#4552,#4758,$,.STOPCOCK.);
#4760=IFCCARTESIANPOINT((10.25,11.49,0.));
#4761=IFCDIRECTION((0.,0.,1.));
#4762=IFCDIRECTION((0.,-1.,0.));
#4763=IFCAXIS2PLACEMENT3D(#4760,#4761,#4762);
#4764=IFCLOCALPLACEMENT(#26,#4763);
#4765=IFCCARTESIANPOINT((0.,0.));
#4766=IFCAXIS2PLACEMENT2D(#4765,$);
#4767=IFCCIRCLEPROFILEDEF(.AREA.,$,#4766,0.075);
#4768=IFCCARTESIANPOINT((0.,0.,0.));
#4769=IFCAXIS2PLACEMENT3D(#4768,$,$);
#4770=IFCDIRECTION((0.,0.,1.));
#4771=IFCEXTRUDEDAREASOLID(#4767,#4769,#4770,0.0375);
#4772=IFCSTYLEDITEM(#4771,(#4617),$);
#4773=IFCCARTESIANPOINT((0.,0.));
#4774=IFCAXIS2PLACEMENT2D(#4773,$);
#4775=IFCCIRCLEPROFILEDEF(.AREA.,$,#4774,0.054);
#4776=IFCCARTESIANPOINT((0.,0.,0.0375));
#4777=IFCAXIS2PLACEMENT3D(#4776,$,$);
#4778=IFCDIRECTION((0.,0.,1.));
#4779=IFCEXTRUDEDAREASOLID(#4775,#4777,#4778,0.013);
#4780=IFCCOLOURRGB($,0.239216,0.396078,0.517647);
#4781=IFCSURFACESTYLESHADING(#4780,0.);
#4782=IFCSURFACESTYLE('#3d6584',.BOTH.,(#4781));
#4783=IFCSTYLEDITEM(#4779,(#4782),$);
#4784=IFCSHAPEREPRESENTATION(#12,'Body','SweptSolid',(#4771,#4779));
#4785=IFCPRODUCTDEFINITIONSHAPE($,$,(#4784));
#4786=IFCWASTETERMINAL('3XcMWIiXv5zdjKMQ3YXsHX',#5,'Water out','Skanna asset library',$,#4764,#4785,$,.FLOORTRAP.);
#4787=IFCCARTESIANPOINT((10.57,5.65,0.));
#4788=IFCDIRECTION((0.,0.,1.));
#4789=IFCDIRECTION((1.,0.,0.));
#4790=IFCAXIS2PLACEMENT3D(#4787,#4788,#4789);
#4791=IFCLOCALPLACEMENT(#26,#4790);
#4792=IFCCARTESIANPOINT((0.,0.));
#4793=IFCAXIS2PLACEMENT2D(#4792,$);
#4794=IFCCIRCLEPROFILEDEF(.AREA.,$,#4793,0.075);
#4795=IFCCARTESIANPOINT((0.,0.,0.));
#4796=IFCAXIS2PLACEMENT3D(#4795,$,$);
#4797=IFCDIRECTION((0.,0.,1.));
#4798=IFCEXTRUDEDAREASOLID(#4794,#4796,#4797,0.0375);
#4799=IFCSTYLEDITEM(#4798,(#4617),$);
#4800=IFCCARTESIANPOINT((0.,0.));
#4801=IFCAXIS2PLACEMENT2D(#4800,$);
#4802=IFCCIRCLEPROFILEDEF(.AREA.,$,#4801,0.054);
#4803=IFCCARTESIANPOINT((0.,0.,0.0375));
#4804=IFCAXIS2PLACEMENT3D(#4803,$,$);
#4805=IFCDIRECTION((0.,0.,1.));
#4806=IFCEXTRUDEDAREASOLID(#4802,#4804,#4805,0.013);
#4807=IFCSTYLEDITEM(#4806,(#4782),$);
#4808=IFCSHAPEREPRESENTATION(#12,'Body','SweptSolid',(#4798,#4806));
#4809=IFCPRODUCTDEFINITIONSHAPE($,$,(#4808));
#4810=IFCWASTETERMINAL('0q8737o967Dp1dY8AxP6IB',#5,'Water out','Skanna asset library',$,#4791,#4809,$,.FLOORTRAP.);
#4811=IFCCARTESIANPOINT((10.309,9.15,0.3));
#4812=IFCDIRECTION((0.,0.,1.));
#4813=IFCDIRECTION((0.,-1.,0.));
#4814=IFCAXIS2PLACEMENT3D(#4811,#4812,#4813);
#4815=IFCLOCALPLACEMENT(#26,#4814);
#4816=IFCCARTESIANPOINT((0.,0.0075));
#4817=IFCAXIS2PLACEMENT2D(#4816,$);
#4818=IFCRECTANGLEPROFILEDEF(.AREA.,$,#4817,0.15,0.015);
#4819=IFCCARTESIANPOINT((0.,0.,0.));
#4820=IFCAXIS2PLACEMENT3D(#4819,$,$);
#4821=IFCDIRECTION((0.,0.,1.));
#4822=IFCEXTRUDEDAREASOLID(#4818,#4820,#4821,0.09);
#4823=IFCSTYLEDITEM(#4822,(#3816),$);
#4824=IFCCARTESIANPOINT((-0.0375,-0.012));
#4825=IFCAXIS2PLACEMENT2D(#4824,$);
#4826=IFCRECTANGLEPROFILEDEF(.AREA.,$,#4825,0.054,0.009);
#4827=IFCCARTESIANPOINT((0.,0.,0.018));
#4828=IFCAXIS2PLACEMENT3D(#4827,$,$);
#4829=IFCDIRECTION((0.,0.,1.));
#4830=IFCEXTRUDEDAREASOLID(#4826,#4828,#4829,0.054);
#4831=IFCCOLOURRGB($,0.203922,0.215686,0.235294);
#4832=IFCSURFACESTYLESHADING(#4831,0.);
#4833=IFCSURFACESTYLE('#34373c',.BOTH.,(#4832));
#4834=IFCSTYLEDITEM(#4830,(#4833),$);
#4835=IFCCARTESIANPOINT((0.0375,-0.012));
#4836=IFCAXIS2PLACEMENT2D(#4835,$);
#4837=IFCRECTANGLEPROFILEDEF(.AREA.,$,#4836,0.054,0.009);
#4838=IFCCARTESIANPOINT((0.,0.,0.018));
#4839=IFCAXIS2PLACEMENT3D(#4838,$,$);
#4840=IFCDIRECTION((0.,0.,1.));
#4841=IFCEXTRUDEDAREASOLID(#4837,#4839,#4840,0.054);
#4842=IFCSTYLEDITEM(#4841,(#4833),$);
#4843=IFCSHAPEREPRESENTATION(#12,'Body','SweptSolid',(#4822,#4830,#4841));
#4844=IFCPRODUCTDEFINITIONSHAPE($,$,(#4843));
#4845=IFCOUTLET('0ouyCoNNB8tCnQ2nIVlN7m',#5,'Electrical outlet','2× Power',$,#4815,#4844,$,.POWEROUTLET.);
#4846=IFCCARTESIANPOINT((6.415,12.96,1.));
#4847=IFCDIRECTION((0.,0.,1.));
#4848=IFCDIRECTION((0.,-1.,0.));
#4849=IFCAXIS2PLACEMENT3D(#4846,#4847,#4848);
#4850=IFCLOCALPLACEMENT(#26,#4849);
#4851=IFCINDEXEDPOLYGONALFACE((1,2,3));
#4852=IFCINDEXEDPOLYGONALFACE((1,3,4));
#4853=IFCINDEXEDPOLYGONALFACE((2,5,6));
#4854=IFCINDEXEDPOLYGONALFACE((2,6,3));
#4855=IFCINDEXEDPOLYGONALFACE((5,7,8));
#4856=IFCINDEXEDPOLYGONALFACE((5,8,6));
#4857=IFCINDEXEDPOLYGONALFACE((7,9,10));
#4858=IFCINDEXEDPOLYGONALFACE((7,10,8));
#4859=IFCINDEXEDPOLYGONALFACE((9,11,12));
#4860=IFCINDEXEDPOLYGONALFACE((9,12,10));
#4861=IFCINDEXEDPOLYGONALFACE((11,13,14));
#4862=IFCINDEXEDPOLYGONALFACE((11,14,12));
#4863=IFCINDEXEDPOLYGONALFACE((13,15,16));
#4864=IFCINDEXEDPOLYGONALFACE((13,16,14));
#4865=IFCINDEXEDPOLYGONALFACE((15,17,18));
#4866=IFCINDEXEDPOLYGONALFACE((15,18,16));
#4867=IFCINDEXEDPOLYGONALFACE((17,19,20));
#4868=IFCINDEXEDPOLYGONALFACE((17,20,18));
#4869=IFCINDEXEDPOLYGONALFACE((19,21,22));
#4870=IFCINDEXEDPOLYGONALFACE((19,22,20));
#4871=IFCINDEXEDPOLYGONALFACE((21,23,24));
#4872=IFCINDEXEDPOLYGONALFACE((21,24,22));
#4873=IFCINDEXEDPOLYGONALFACE((23,25,26));
#4874=IFCINDEXEDPOLYGONALFACE((23,26,24));
#4875=IFCINDEXEDPOLYGONALFACE((25,27,28));
#4876=IFCINDEXEDPOLYGONALFACE((25,28,26));
#4877=IFCINDEXEDPOLYGONALFACE((27,29,30));
#4878=IFCINDEXEDPOLYGONALFACE((27,30,28));
#4879=IFCINDEXEDPOLYGONALFACE((29,31,32));
#4880=IFCINDEXEDPOLYGONALFACE((29,32,30));
#4881=IFCINDEXEDPOLYGONALFACE((31,1,4));
#4882=IFCINDEXEDPOLYGONALFACE((31,4,32));
#4883=IFCINDEXEDPOLYGONALFACE((1,5,2));
#4884=IFCINDEXEDPOLYGONALFACE((4,3,6));
#4885=IFCINDEXEDPOLYGONALFACE((1,7,5));
#4886=IFCINDEXEDPOLYGONALFACE((4,6,8));
#4887=IFCINDEXEDPOLYGONALFACE((1,9,7));
#4888=IFCINDEXEDPOLYGONALFACE((4,8,10));
#4889=IFCINDEXEDPOLYGONALFACE((1,11,9));
#4890=IFCINDEXEDPOLYGONALFACE((4,10,12));
#4891=IFCINDEXEDPOLYGONALFACE((1,13,11));
#4892=IFCINDEXEDPOLYGONALFACE((4,12,14));
#4893=IFCINDEXEDPOLYGONALFACE((1,15,13));
#4894=IFCINDEXEDPOLYGONALFACE((4,14,16));
#4895=IFCINDEXEDPOLYGONALFACE((1,17,15));
#4896=IFCINDEXEDPOLYGONALFACE((4,16,18));
#4897=IFCINDEXEDPOLYGONALFACE((1,19,17));
#4898=IFCINDEXEDPOLYGONALFACE((4,18,20));
#4899=IFCINDEXEDPOLYGONALFACE((1,21,19));
#4900=IFCINDEXEDPOLYGONALFACE((4,20,22));
#4901=IFCINDEXEDPOLYGONALFACE((1,23,21));
#4902=IFCINDEXEDPOLYGONALFACE((4,22,24));
#4903=IFCINDEXEDPOLYGONALFACE((1,25,23));
#4904=IFCINDEXEDPOLYGONALFACE((4,24,26));
#4905=IFCINDEXEDPOLYGONALFACE((1,27,25));
#4906=IFCINDEXEDPOLYGONALFACE((4,26,28));
#4907=IFCINDEXEDPOLYGONALFACE((1,29,27));
#4908=IFCINDEXEDPOLYGONALFACE((4,28,30));
#4909=IFCINDEXEDPOLYGONALFACE((1,31,29));
#4910=IFCINDEXEDPOLYGONALFACE((4,30,32));
#4911=IFCCARTESIANPOINTLIST3D(((0.036,0.,0.),(0.038,0.000536,0.),(0.038,0.000536,0.08),(0.036,0.,0.08),(0.039464,0.002,0.),(0.039464,0.002,0.08),(0.04,0.004,0.),(0.04,0.004,0.08),(0.04,0.006,0.),(0.04,0.006,0.08),(0.039464,0.008,0.),(0.039464,0.008,0.08),(0.038,0.009464,0.),(0.038,0.009464,0.08),(0.036,0.01,0.),(0.036,0.01,0.08),(-0.036,0.01,0.),(-0.036,0.01,0.08),(-0.038,0.009464,0.),(-0.038,0.009464,0.08),(-0.039464,0.008,0.),(-0.039464,0.008,0.08),(-0.04,0.006,0.),(-0.04,0.006,0.08),(-0.04,0.004,0.),(-0.04,0.004,0.08),(-0.039464,0.002,0.),(-0.039464,0.002,0.08),(-0.038,0.000536,0.),(-0.038,0.000536,0.08),(-0.036,0.,0.),(-0.036,0.,0.08)));
#4912=IFCPOLYGONALFACESET(#4911,.T.,(#4851,#4852,#4853,#4854,#4855,#4856,#4857,#4858,#4859,#4860,#4861,#4862,#4863,#4864,#4865,#4866,#4867,#4868,#4869,#4870,#4871,#4872,#4873,#4874,#4875,#4876,#4877,#4878,#4879,#4880,#4881,#4882,#4883,#4884,#4885,#4886,#4887,#4888,#4889,#4890,#4891,#4892,#4893,#4894,#4895,#4896,#4897,#4898,#4899,#4900,#4901,#4902,#4903,#4904,#4905,#4906,#4907,#4908,#4909,#4910),$);
#4913=IFCSTYLEDITEM(#4912,(#3816),$);
#4914=IFCINDEXEDPOLYGONALFACE((1,2,3));
#4915=IFCINDEXEDPOLYGONALFACE((1,3,4));
#4916=IFCINDEXEDPOLYGONALFACE((2,5,6));
#4917=IFCINDEXEDPOLYGONALFACE((2,6,3));
#4918=IFCINDEXEDPOLYGONALFACE((5,7,8));
#4919=IFCINDEXEDPOLYGONALFACE((5,8,6));
#4920=IFCINDEXEDPOLYGONALFACE((7,9,10));
#4921=IFCINDEXEDPOLYGONALFACE((7,10,8));
#4922=IFCINDEXEDPOLYGONALFACE((9,11,12));
#4923=IFCINDEXEDPOLYGONALFACE((9,12,10));
#4924=IFCINDEXEDPOLYGONALFACE((11,13,14));
#4925=IFCINDEXEDPOLYGONALFACE((11,14,12));
#4926=IFCINDEXEDPOLYGONALFACE((13,15,16));
#4927=IFCINDEXEDPOLYGONALFACE((13,16,14));
#4928=IFCINDEXEDPOLYGONALFACE((15,17,18));
#4929=IFCINDEXEDPOLYGONALFACE((15,18,16));
#4930=IFCINDEXEDPOLYGONALFACE((17,19,20));
#4931=IFCINDEXEDPOLYGONALFACE((17,20,18));
#4932=IFCINDEXEDPOLYGONALFACE((19,21,22));
#4933=IFCINDEXEDPOLYGONALFACE((19,22,20));
#4934=IFCINDEXEDPOLYGONALFACE((21,23,24));
#4935=IFCINDEXEDPOLYGONALFACE((21,24,22));
#4936=IFCINDEXEDPOLYGONALFACE((23,25,26));
#4937=IFCINDEXEDPOLYGONALFACE((23,26,24));
#4938=IFCINDEXEDPOLYGONALFACE((25,27,28));
#4939=IFCINDEXEDPOLYGONALFACE((25,28,26));
#4940=IFCINDEXEDPOLYGONALFACE((27,29,30));
#4941=IFCINDEXEDPOLYGONALFACE((27,30,28));
#4942=IFCINDEXEDPOLYGONALFACE((29,31,32));
#4943=IFCINDEXEDPOLYGONALFACE((29,32,30));
#4944=IFCINDEXEDPOLYGONALFACE((31,1,4));
#4945=IFCINDEXEDPOLYGONALFACE((31,4,32));
#4946=IFCINDEXEDPOLYGONALFACE((1,5,2));
#4947=IFCINDEXEDPOLYGONALFACE((4,3,6));
#4948=IFCINDEXEDPOLYGONALFACE((1,7,5));
#4949=IFCINDEXEDPOLYGONALFACE((4,6,8));
#4950=IFCINDEXEDPOLYGONALFACE((1,9,7));
#4951=IFCINDEXEDPOLYGONALFACE((4,8,10));
#4952=IFCINDEXEDPOLYGONALFACE((1,11,9));
#4953=IFCINDEXEDPOLYGONALFACE((4,10,12));
#4954=IFCINDEXEDPOLYGONALFACE((1,13,11));
#4955=IFCINDEXEDPOLYGONALFACE((4,12,14));
#4956=IFCINDEXEDPOLYGONALFACE((1,15,13));
#4957=IFCINDEXEDPOLYGONALFACE((4,14,16));
#4958=IFCINDEXEDPOLYGONALFACE((1,17,15));
#4959=IFCINDEXEDPOLYGONALFACE((4,16,18));
#4960=IFCINDEXEDPOLYGONALFACE((1,19,17));
#4961=IFCINDEXEDPOLYGONALFACE((4,18,20));
#4962=IFCINDEXEDPOLYGONALFACE((1,21,19));
#4963=IFCINDEXEDPOLYGONALFACE((4,20,22));
#4964=IFCINDEXEDPOLYGONALFACE((1,23,21));
#4965=IFCINDEXEDPOLYGONALFACE((4,22,24));
#4966=IFCINDEXEDPOLYGONALFACE((1,25,23));
#4967=IFCINDEXEDPOLYGONALFACE((4,24,26));
#4968=IFCINDEXEDPOLYGONALFACE((1,27,25));
#4969=IFCINDEXEDPOLYGONALFACE((4,26,28));
#4970=IFCINDEXEDPOLYGONALFACE((1,29,27));
#4971=IFCINDEXEDPOLYGONALFACE((4,28,30));
#4972=IFCINDEXEDPOLYGONALFACE((1,31,29));
#4973=IFCINDEXEDPOLYGONALFACE((4,30,32));
#4974=IFCCARTESIANPOINTLIST3D(((0.0218,-0.0106,0.0128),(0.0233,-0.010198,0.0128),(0.0233,-0.010198,0.0672),(0.0218,-0.0106,0.0672),(0.024398,-0.0091,0.0128),(0.024398,-0.0091,0.0672),(0.0248,-0.0076,0.0128),(0.0248,-0.0076,0.0672),(0.0248,-0.0068,0.0128),(0.0248,-0.0068,0.0672),(0.024398,-0.0053,0.0128),(0.024398,-0.0053,0.0672),(0.0233,-0.004202,0.0128),(0.0233,-0.004202,0.0672),(0.0218,-0.0038,0.0128),(0.0218,-0.0038,0.0672),(-0.0218,-0.0038,0.0128),(-0.0218,-0.0038,0.0672),(-0.0233,-0.004202,0.0128),(-0.0233,-0.004202,0.0672),(-0.024398,-0.0053,0.0128),(-0.024398,-0.0053,0.0672),(-0.0248,-0.0068,0.0128),(-0.0248,-0.0068,0.0672),(-0.0248,-0.0076,0.0128),(-0.0248,-0.0076,0.0672),(-0.024398,-0.0091,0.0128),(-0.024398,-0.0091,0.0672),(-0.0233,-0.010198,0.0128),(-0.0233,-0.010198,0.0672),(-0.0218,-0.0106,0.0128),(-0.0218,-0.0106,0.0672)));
#4975=IFCPOLYGONALFACESET(#4974,.T.,(#4914,#4915,#4916,#4917,#4918,#4919,#4920,#4921,#4922,#4923,#4924,#4925,#4926,#4927,#4928,#4929,#4930,#4931,#4932,#4933,#4934,#4935,#4936,#4937,#4938,#4939,#4940,#4941,#4942,#4943,#4944,#4945,#4946,#4947,#4948,#4949,#4950,#4951,#4952,#4953,#4954,#4955,#4956,#4957,#4958,#4959,#4960,#4961,#4962,#4963,#4964,#4965,#4966,#4967,#4968,#4969,#4970,#4971,#4972,#4973),$);
#4976=IFCSTYLEDITEM(#4975,(#3816),$);
#4977=IFCSHAPEREPRESENTATION(#12,'Body','Tessellation',(#4912,#4975));
#4978=IFCPRODUCTDEFINITIONSHAPE($,$,(#4977));
#4979=IFCSWITCHINGDEVICE('2w142YwwIawjaPV4$zWD7u',#5,'Light switch','Skanna asset library',$,#4850,#4978,$,.TOGGLESWITCH.);
#4980=IFCCARTESIANPOINT((5.52,0.29,2.65));
#4981=IFCDIRECTION((0.,0.,1.));
#4982=IFCDIRECTION((1.,0.,0.));
#4983=IFCAXIS2PLACEMENT3D(#4980,#4981,#4982);
#4984=IFCLOCALPLACEMENT(#26,#4983);
#4985=IFCINDEXEDPOLYGONALFACE((1,2,3));
#4986=IFCINDEXEDPOLYGONALFACE((1,3,4));
#4987=IFCINDEXEDPOLYGONALFACE((2,5,6));
#4988=IFCINDEXEDPOLYGONALFACE((2,6,3));
#4989=IFCINDEXEDPOLYGONALFACE((5,7,8));
#4990=IFCINDEXEDPOLYGONALFACE((5,8,6));
#4991=IFCINDEXEDPOLYGONALFACE((7,9,10));
#4992=IFCINDEXEDPOLYGONALFACE((7,10,8));
#4993=IFCINDEXEDPOLYGONALFACE((9,11,12));
#4994=IFCINDEXEDPOLYGONALFACE((9,12,10));
#4995=IFCINDEXEDPOLYGONALFACE((11,13,14));
#4996=IFCINDEXEDPOLYGONALFACE((11,14,12));
#4997=IFCINDEXEDPOLYGONALFACE((13,15,16));
#4998=IFCINDEXEDPOLYGONALFACE((13,16,14));
#4999=IFCINDEXEDPOLYGONALFACE((15,17,18));
#5000=IFCINDEXEDPOLYGONALFACE((15,18,16));
#5001=IFCINDEXEDPOLYGONALFACE((17,19,20));
#5002=IFCINDEXEDPOLYGONALFACE((17,20,18));
#5003=IFCINDEXEDPOLYGONALFACE((19,21,22));
#5004=IFCINDEXEDPOLYGONALFACE((19,22,20));
#5005=IFCINDEXEDPOLYGONALFACE((21,23,24));
#5006=IFCINDEXEDPOLYGONALFACE((21,24,22));
#5007=IFCINDEXEDPOLYGONALFACE((23,25,26));
#5008=IFCINDEXEDPOLYGONALFACE((23,26,24));
#5009=IFCINDEXEDPOLYGONALFACE((25,27,28));
#5010=IFCINDEXEDPOLYGONALFACE((25,28,26));
#5011=IFCINDEXEDPOLYGONALFACE((27,29,30));
#5012=IFCINDEXEDPOLYGONALFACE((27,30,28));
#5013=IFCINDEXEDPOLYGONALFACE((29,31,32));
#5014=IFCINDEXEDPOLYGONALFACE((29,32,30));
#5015=IFCINDEXEDPOLYGONALFACE((31,33,34));
#5016=IFCINDEXEDPOLYGONALFACE((31,34,32));
#5017=IFCINDEXEDPOLYGONALFACE((33,35,36));
#5018=IFCINDEXEDPOLYGONALFACE((33,36,34));
#5019=IFCINDEXEDPOLYGONALFACE((35,37,38));
#5020=IFCINDEXEDPOLYGONALFACE((35,38,36));
#5021=IFCINDEXEDPOLYGONALFACE((37,39,40));
#5022=IFCINDEXEDPOLYGONALFACE((37,40,38));
#5023=IFCINDEXEDPOLYGONALFACE((39,41,42));
#5024=IFCINDEXEDPOLYGONALFACE((39,42,40));
#5025=IFCINDEXEDPOLYGONALFACE((41,43,44));
#5026=IFCINDEXEDPOLYGONALFACE((41,44,42));
#5027=IFCINDEXEDPOLYGONALFACE((43,45,46));
#5028=IFCINDEXEDPOLYGONALFACE((43,46,44));
#5029=IFCINDEXEDPOLYGONALFACE((45,47,48));
#5030=IFCINDEXEDPOLYGONALFACE((45,48,46));
#5031=IFCINDEXEDPOLYGONALFACE((47,49,50));
#5032=IFCINDEXEDPOLYGONALFACE((47,50,48));
#5033=IFCINDEXEDPOLYGONALFACE((49,51,52));
#5034=IFCINDEXEDPOLYGONALFACE((49,52,50));
#5035=IFCINDEXEDPOLYGONALFACE((51,53,54));
#5036=IFCINDEXEDPOLYGONALFACE((51,54,52));
#5037=IFCINDEXEDPOLYGONALFACE((53,55,56));
#5038=IFCINDEXEDPOLYGONALFACE((53,56,54));
#5039=IFCINDEXEDPOLYGONALFACE((55,57,58));
#5040=IFCINDEXEDPOLYGONALFACE((55,58,56));
#5041=IFCINDEXEDPOLYGONALFACE((57,59,60));
#5042=IFCINDEXEDPOLYGONALFACE((57,60,58));
#5043=IFCINDEXEDPOLYGONALFACE((59,61,62));
#5044=IFCINDEXEDPOLYGONALFACE((59,62,60));
#5045=IFCINDEXEDPOLYGONALFACE((61,63,64));
#5046=IFCINDEXEDPOLYGONALFACE((61,64,62));
#5047=IFCINDEXEDPOLYGONALFACE((63,1,4));
#5048=IFCINDEXEDPOLYGONALFACE((63,4,64));
#5049=IFCINDEXEDPOLYGONALFACE((1,5,2));
#5050=IFCINDEXEDPOLYGONALFACE((4,3,6));
#5051=IFCINDEXEDPOLYGONALFACE((1,7,5));
#5052=IFCINDEXEDPOLYGONALFACE((4,6,8));
#5053=IFCINDEXEDPOLYGONALFACE((1,9,7));
#5054=IFCINDEXEDPOLYGONALFACE((4,8,10));
#5055=IFCINDEXEDPOLYGONALFACE((1,11,9));
#5056=IFCINDEXEDPOLYGONALFACE((4,10,12));
#5057=IFCINDEXEDPOLYGONALFACE((1,13,11));
#5058=IFCINDEXEDPOLYGONALFACE((4,12,14));
#5059=IFCINDEXEDPOLYGONALFACE((1,15,13));
#5060=IFCINDEXEDPOLYGONALFACE((4,14,16));
#5061=IFCINDEXEDPOLYGONALFACE((1,17,15));
#5062=IFCINDEXEDPOLYGONALFACE((4,16,18));
#5063=IFCINDEXEDPOLYGONALFACE((1,19,17));
#5064=IFCINDEXEDPOLYGONALFACE((4,18,20));
#5065=IFCINDEXEDPOLYGONALFACE((1,21,19));
#5066=IFCINDEXEDPOLYGONALFACE((4,20,22));
#5067=IFCINDEXEDPOLYGONALFACE((1,23,21));
#5068=IFCINDEXEDPOLYGONALFACE((4,22,24));
#5069=IFCINDEXEDPOLYGONALFACE((1,25,23));
#5070=IFCINDEXEDPOLYGONALFACE((4,24,26));
#5071=IFCINDEXEDPOLYGONALFACE((1,27,25));
#5072=IFCINDEXEDPOLYGONALFACE((4,26,28));
#5073=IFCINDEXEDPOLYGONALFACE((1,29,27));
#5074=IFCINDEXEDPOLYGONALFACE((4,28,30));
#5075=IFCINDEXEDPOLYGONALFACE((1,31,29));
#5076=IFCINDEXEDPOLYGONALFACE((4,30,32));
#5077=IFCINDEXEDPOLYGONALFACE((1,33,31));
#5078=IFCINDEXEDPOLYGONALFACE((4,32,34));
#5079=IFCINDEXEDPOLYGONALFACE((1,35,33));
#5080=IFCINDEXEDPOLYGONALFACE((4,34,36));
#5081=IFCINDEXEDPOLYGONALFACE((1,37,35));
#5082=IFCINDEXEDPOLYGONALFACE((4,36,38));
#5083=IFCINDEXEDPOLYGONALFACE((1,39,37));
#5084=IFCINDEXEDPOLYGONALFACE((4,38,40));
#5085=IFCINDEXEDPOLYGONALFACE((1,41,39));
#5086=IFCINDEXEDPOLYGONALFACE((4,40,42));
#5087=IFCINDEXEDPOLYGONALFACE((1,43,41));
#5088=IFCINDEXEDPOLYGONALFACE((4,42,44));
#5089=IFCINDEXEDPOLYGONALFACE((1,45,43));
#5090=IFCINDEXEDPOLYGONALFACE((4,44,46));
#5091=IFCINDEXEDPOLYGONALFACE((1,47,45));
#5092=IFCINDEXEDPOLYGONALFACE((4,46,48));
#5093=IFCINDEXEDPOLYGONALFACE((1,49,47));
#5094=IFCINDEXEDPOLYGONALFACE((4,48,50));
#5095=IFCINDEXEDPOLYGONALFACE((1,51,49));
#5096=IFCINDEXEDPOLYGONALFACE((4,50,52));
#5097=IFCINDEXEDPOLYGONALFACE((1,53,51));
#5098=IFCINDEXEDPOLYGONALFACE((4,52,54));
#5099=IFCINDEXEDPOLYGONALFACE((1,55,53));
#5100=IFCINDEXEDPOLYGONALFACE((4,54,56));
#5101=IFCINDEXEDPOLYGONALFACE((1,57,55));
#5102=IFCINDEXEDPOLYGONALFACE((4,56,58));
#5103=IFCINDEXEDPOLYGONALFACE((1,59,57));
#5104=IFCINDEXEDPOLYGONALFACE((4,58,60));
#5105=IFCINDEXEDPOLYGONALFACE((1,61,59));
#5106=IFCINDEXEDPOLYGONALFACE((4,60,62));
#5107=IFCINDEXEDPOLYGONALFACE((1,63,61));
#5108=IFCINDEXEDPOLYGONALFACE((4,62,64));
#5109=IFCCARTESIANPOINTLIST3D(((0.05,0.,0.014),(0.049039,0.009755,0.014),(0.040212,0.007999,0.05),(0.041,0.,0.05),(0.046194,0.019134,0.014),(0.037879,0.01569,0.05),(0.041573,0.027779,0.014),(0.03409,0.022778,0.05),(0.035355,0.035355,0.014),(0.028991,0.028991,0.05),(0.027779,0.041573,0.014),(0.022778,0.03409,0.05),(0.019134,0.046194,0.014),(0.01569,0.037879,0.05),(0.009755,0.049039,0.014),(0.007999,0.040212,0.05),(0.,0.05,0.014),(0.,0.041,0.05),(-0.009755,0.049039,0.014),(-0.007999,0.040212,0.05),(-0.019134,0.046194,0.014),(-0.01569,0.037879,0.05),(-0.027779,0.041573,0.014),(-0.022778,0.03409,0.05),(-0.035355,0.035355,0.014),(-0.028991,0.028991,0.05),(-0.041573,0.027779,0.014),(-0.03409,0.022778,0.05),(-0.046194,0.019134,0.014),(-0.037879,0.01569,0.05),(-0.049039,0.009755,0.014),(-0.040212,0.007999,0.05),(-0.05,0.,0.014),(-0.041,0.,0.05),(-0.049039,-0.009755,0.014),(-0.040212,-0.007999,0.05),(-0.046194,-0.019134,0.014),(-0.037879,-0.01569,0.05),(-0.041573,-0.027779,0.014),(-0.03409,-0.022778,0.05),(-0.035355,-0.035355,0.014),(-0.028991,-0.028991,0.05),(-0.027779,-0.041573,0.014),(-0.022778,-0.03409,0.05),(-0.019134,-0.046194,0.014),(-0.01569,-0.037879,0.05),(-0.009755,-0.049039,0.014),(-0.007999,-0.040212,0.05),(0.,-0.05,0.014),(0.,-0.041,0.05),(0.009755,-0.049039,0.014),(0.007999,-0.040212,0.05),(0.019134,-0.046194,0.014),(0.01569,-0.037879,0.05),(0.027779,-0.041573,0.014),(0.022778,-0.03409,0.05),(0.035355,-0.035355,0.014),(0.028991,-0.028991,0.05),(0.041573,-0.027779,0.014),(0.03409,-0.022778,0.05),(0.046194,-0.019134,0.014),(0.037879,-0.01569,0.05),(0.049039,-0.009755,0.014),(0.040212,-0.007999,0.05)));
#5110=IFCPOLYGONALFACESET(#5109,.T.,(#4985,#4986,#4987,#4988,#4989,#4990,#4991,#4992,#4993,#4994,#4995,#4996,#4997,#4998,#4999,#5000,#5001,#5002,#5003,#5004,#5005,#5006,#5007,#5008,#5009,#5010,#5011,#5012,#5013,#5014,#5015,#5016,#5017,#5018,#5019,#5020,#5021,#5022,#5023,#5024,#5025,#5026,#5027,#5028,#5029,#5030,#5031,#5032,#5033,#5034,#5035,#5036,#5037,#5038,#5039,#5040,#5041,#5042,#5043,#5044,#5045,#5046,#5047,#5048,#5049,#5050,#5051,#5052,#5053,#5054,#5055,#5056,#5057,#5058,#5059,#5060,#5061,#5062,#5063,#5064,#5065,#5066,#5067,#5068,#5069,#5070,#5071,#5072,#5073,#5074,#5075,#5076,#5077,#5078,#5079,#5080,#5081,#5082,#5083,#5084,#5085,#5086,#5087,#5088,#5089,#5090,#5091,#5092,#5093,#5094,#5095,#5096,#5097,#5098,#5099,#5100,#5101,#5102,#5103,#5104,#5105,#5106,#5107,#5108),$);
#5111=IFCSTYLEDITEM(#5110,(#3816),$);
#5112=IFCINDEXEDPOLYGONALFACE((1,2,3));
#5113=IFCINDEXEDPOLYGONALFACE((1,3,4));
#5114=IFCINDEXEDPOLYGONALFACE((2,5,6));
#5115=IFCINDEXEDPOLYGONALFACE((2,6,3));
#5116=IFCINDEXEDPOLYGONALFACE((5,7,8));
#5117=IFCINDEXEDPOLYGONALFACE((5,8,6));
#5118=IFCINDEXEDPOLYGONALFACE((7,9,10));
#5119=IFCINDEXEDPOLYGONALFACE((7,10,8));
#5120=IFCINDEXEDPOLYGONALFACE((9,11,12));
#5121=IFCINDEXEDPOLYGONALFACE((9,12,10));
#5122=IFCINDEXEDPOLYGONALFACE((11,13,14));
#5123=IFCINDEXEDPOLYGONALFACE((11,14,12));
#5124=IFCINDEXEDPOLYGONALFACE((13,15,16));
#5125=IFCINDEXEDPOLYGONALFACE((13,16,14));
#5126=IFCINDEXEDPOLYGONALFACE((15,17,18));
#5127=IFCINDEXEDPOLYGONALFACE((15,18,16));
#5128=IFCINDEXEDPOLYGONALFACE((17,19,20));
#5129=IFCINDEXEDPOLYGONALFACE((17,20,18));
#5130=IFCINDEXEDPOLYGONALFACE((19,21,22));
#5131=IFCINDEXEDPOLYGONALFACE((19,22,20));
#5132=IFCINDEXEDPOLYGONALFACE((21,23,24));
#5133=IFCINDEXEDPOLYGONALFACE((21,24,22));
#5134=IFCINDEXEDPOLYGONALFACE((23,25,26));
#5135=IFCINDEXEDPOLYGONALFACE((23,26,24));
#5136=IFCINDEXEDPOLYGONALFACE((25,27,28));
#5137=IFCINDEXEDPOLYGONALFACE((25,28,26));
#5138=IFCINDEXEDPOLYGONALFACE((27,29,30));
#5139=IFCINDEXEDPOLYGONALFACE((27,30,28));
#5140=IFCINDEXEDPOLYGONALFACE((29,31,32));
#5141=IFCINDEXEDPOLYGONALFACE((29,32,30));
#5142=IFCINDEXEDPOLYGONALFACE((31,33,34));
#5143=IFCINDEXEDPOLYGONALFACE((31,34,32));
#5144=IFCINDEXEDPOLYGONALFACE((33,35,36));
#5145=IFCINDEXEDPOLYGONALFACE((33,36,34));
#5146=IFCINDEXEDPOLYGONALFACE((35,37,38));
#5147=IFCINDEXEDPOLYGONALFACE((35,38,36));
#5148=IFCINDEXEDPOLYGONALFACE((37,39,40));
#5149=IFCINDEXEDPOLYGONALFACE((37,40,38));
#5150=IFCINDEXEDPOLYGONALFACE((39,41,42));
#5151=IFCINDEXEDPOLYGONALFACE((39,42,40));
#5152=IFCINDEXEDPOLYGONALFACE((41,43,44));
#5153=IFCINDEXEDPOLYGONALFACE((41,44,42));
#5154=IFCINDEXEDPOLYGONALFACE((43,45,46));
#5155=IFCINDEXEDPOLYGONALFACE((43,46,44));
#5156=IFCINDEXEDPOLYGONALFACE((45,47,48));
#5157=IFCINDEXEDPOLYGONALFACE((45,48,46));
#5158=IFCINDEXEDPOLYGONALFACE((47,49,50));
#5159=IFCINDEXEDPOLYGONALFACE((47,50,48));
#5160=IFCINDEXEDPOLYGONALFACE((49,51,52));
#5161=IFCINDEXEDPOLYGONALFACE((49,52,50));
#5162=IFCINDEXEDPOLYGONALFACE((51,53,54));
#5163=IFCINDEXEDPOLYGONALFACE((51,54,52));
#5164=IFCINDEXEDPOLYGONALFACE((53,55,56));
#5165=IFCINDEXEDPOLYGONALFACE((53,56,54));
#5166=IFCINDEXEDPOLYGONALFACE((55,57,58));
#5167=IFCINDEXEDPOLYGONALFACE((55,58,56));
#5168=IFCINDEXEDPOLYGONALFACE((57,59,60));
#5169=IFCINDEXEDPOLYGONALFACE((57,60,58));
#5170=IFCINDEXEDPOLYGONALFACE((59,61,62));
#5171=IFCINDEXEDPOLYGONALFACE((59,62,60));
#5172=IFCINDEXEDPOLYGONALFACE((61,63,64));
#5173=IFCINDEXEDPOLYGONALFACE((61,64,62));
#5174=IFCINDEXEDPOLYGONALFACE((63,1,4));
#5175=IFCINDEXEDPOLYGONALFACE((63,4,64));
#5176=IFCINDEXEDPOLYGONALFACE((1,5,2));
#5177=IFCINDEXEDPOLYGONALFACE((4,3,6));
#5178=IFCINDEXEDPOLYGONALFACE((1,7,5));
#5179=IFCINDEXEDPOLYGONALFACE((4,6,8));
#5180=IFCINDEXEDPOLYGONALFACE((1,9,7));
#5181=IFCINDEXEDPOLYGONALFACE((4,8,10));
#5182=IFCINDEXEDPOLYGONALFACE((1,11,9));
#5183=IFCINDEXEDPOLYGONALFACE((4,10,12));
#5184=IFCINDEXEDPOLYGONALFACE((1,13,11));
#5185=IFCINDEXEDPOLYGONALFACE((4,12,14));
#5186=IFCINDEXEDPOLYGONALFACE((1,15,13));
#5187=IFCINDEXEDPOLYGONALFACE((4,14,16));
#5188=IFCINDEXEDPOLYGONALFACE((1,17,15));
#5189=IFCINDEXEDPOLYGONALFACE((4,16,18));
#5190=IFCINDEXEDPOLYGONALFACE((1,19,17));
#5191=IFCINDEXEDPOLYGONALFACE((4,18,20));
#5192=IFCINDEXEDPOLYGONALFACE((1,21,19));
#5193=IFCINDEXEDPOLYGONALFACE((4,20,22));
#5194=IFCINDEXEDPOLYGONALFACE((1,23,21));
#5195=IFCINDEXEDPOLYGONALFACE((4,22,24));
#5196=IFCINDEXEDPOLYGONALFACE((1,25,23));
#5197=IFCINDEXEDPOLYGONALFACE((4,24,26));
#5198=IFCINDEXEDPOLYGONALFACE((1,27,25));
#5199=IFCINDEXEDPOLYGONALFACE((4,26,28));
#5200=IFCINDEXEDPOLYGONALFACE((1,29,27));
#5201=IFCINDEXEDPOLYGONALFACE((4,28,30));
#5202=IFCINDEXEDPOLYGONALFACE((1,31,29));
#5203=IFCINDEXEDPOLYGONALFACE((4,30,32));
#5204=IFCINDEXEDPOLYGONALFACE((1,33,31));
#5205=IFCINDEXEDPOLYGONALFACE((4,32,34));
#5206=IFCINDEXEDPOLYGONALFACE((1,35,33));
#5207=IFCINDEXEDPOLYGONALFACE((4,34,36));
#5208=IFCINDEXEDPOLYGONALFACE((1,37,35));
#5209=IFCINDEXEDPOLYGONALFACE((4,36,38));
#5210=IFCINDEXEDPOLYGONALFACE((1,39,37));
#5211=IFCINDEXEDPOLYGONALFACE((4,38,40));
#5212=IFCINDEXEDPOLYGONALFACE((1,41,39));
#5213=IFCINDEXEDPOLYGONALFACE((4,40,42));
#5214=IFCINDEXEDPOLYGONALFACE((1,43,41));
#5215=IFCINDEXEDPOLYGONALFACE((4,42,44));
#5216=IFCINDEXEDPOLYGONALFACE((1,45,43));
#5217=IFCINDEXEDPOLYGONALFACE((4,44,46));
#5218=IFCINDEXEDPOLYGONALFACE((1,47,45));
#5219=IFCINDEXEDPOLYGONALFACE((4,46,48));
#5220=IFCINDEXEDPOLYGONALFACE((1,49,47));
#5221=IFCINDEXEDPOLYGONALFACE((4,48,50));
#5222=IFCINDEXEDPOLYGONALFACE((1,51,49));
#5223=IFCINDEXEDPOLYGONALFACE((4,50,52));
#5224=IFCINDEXEDPOLYGONALFACE((1,53,51));
#5225=IFCINDEXEDPOLYGONALFACE((4,52,54));
#5226=IFCINDEXEDPOLYGONALFACE((1,55,53));
#5227=IFCINDEXEDPOLYGONALFACE((4,54,56));
#5228=IFCINDEXEDPOLYGONALFACE((1,57,55));
#5229=IFCINDEXEDPOLYGONALFACE((4,56,58));
#5230=IFCINDEXEDPOLYGONALFACE((1,59,57));
#5231=IFCINDEXEDPOLYGONALFACE((4,58,60));
#5232=IFCINDEXEDPOLYGONALFACE((1,61,59));
#5233=IFCINDEXEDPOLYGONALFACE((4,60,62));
#5234=IFCINDEXEDPOLYGONALFACE((1,63,61));
#5235=IFCINDEXEDPOLYGONALFACE((4,62,64));
#5236=IFCCARTESIANPOINTLIST3D(((0.037,0.,0.),(0.036289,0.007218,0.),(0.039918,0.00794,0.0145),(0.0407,0.,0.0145),(0.034184,0.014159,0.),(0.037602,0.015575,0.0145),(0.030764,0.020556,0.),(0.033841,0.022612,0.0145),(0.026163,0.026163,0.),(0.028779,0.028779,0.0145),(0.020556,0.030764,0.),(0.022612,0.033841,0.0145),(0.014159,0.034184,0.),(0.015575,0.037602,0.0145),(0.007218,0.036289,0.),(0.00794,0.039918,0.0145),(0.,0.037,0.),(0.,0.0407,0.0145),(-0.007218,0.036289,0.),(-0.00794,0.039918,0.0145),(-0.014159,0.034184,0.),(-0.015575,0.037602,0.0145),(-0.020556,0.030764,0.),(-0.022612,0.033841,0.0145),(-0.026163,0.026163,0.),(-0.028779,0.028779,0.0145),(-0.030764,0.020556,0.),(-0.033841,0.022612,0.0145),(-0.034184,0.014159,0.),(-0.037602,0.015575,0.0145),(-0.036289,0.007218,0.),(-0.039918,0.00794,0.0145),(-0.037,0.,0.),(-0.0407,0.,0.0145),(-0.036289,-0.007218,0.),(-0.039918,-0.00794,0.0145),(-0.034184,-0.014159,0.),(-0.037602,-0.015575,0.0145),(-0.030764,-0.020556,0.),(-0.033841,-0.022612,0.0145),(-0.026163,-0.026163,0.),(-0.028779,-0.028779,0.0145),(-0.020556,-0.030764,0.),(-0.022612,-0.033841,0.0145),(-0.014159,-0.034184,0.),(-0.015575,-0.037602,0.0145),(-0.007218,-0.036289,0.),(-0.00794,-0.039918,0.0145),(0.,-0.037,0.),(0.,-0.0407,0.0145),(0.007218,-0.036289,0.),(0.00794,-0.039918,0.0145),(0.014159,-0.034184,0.),(0.015575,-0.037602,0.0145),(0.020556,-0.030764,0.),(0.022612,-0.033841,0.0145),(0.026163,-0.026163,0.),(0.028779,-0.028779,0.0145),(0.030764,-0.020556,0.),(0.033841,-0.022612,0.0145),(0.034184,-0.014159,0.),(0.037602,-0.015575,0.0145),(0.036289,-0.007218,0.),(0.039918,-0.00794,0.0145)));
#5237=IFCPOLYGONALFACESET(#5236,.T.,(#5112,#5113,#5114,#5115,#5116,#5117,#5118,#5119,#5120,#5121,#5122,#5123,#5124,#5125,#5126,#5127,#5128,#5129,#5130,#5131,#5132,#5133,#5134,#5135,#5136,#5137,#5138,#5139,#5140,#5141,#5142,#5143,#5144,#5145,#5146,#5147,#5148,#5149,#5150,#5151,#5152,#5153,#5154,#5155,#5156,#5157,#5158,#5159,#5160,#5161,#5162,#5163,#5164,#5165,#5166,#5167,#5168,#5169,#5170,#5171,#5172,#5173,#5174,#5175,#5176,#5177,#5178,#5179,#5180,#5181,#5182,#5183,#5184,#5185,#5186,#5187,#5188,#5189,#5190,#5191,#5192,#5193,#5194,#5195,#5196,#5197,#5198,#5199,#5200,#5201,#5202,#5203,#5204,#5205,#5206,#5207,#5208,#5209,#5210,#5211,#5212,#5213,#5214,#5215,#5216,#5217,#5218,#5219,#5220,#5221,#5222,#5223,#5224,#5225,#5226,#5227,#5228,#5229,#5230,#5231,#5232,#5233,#5234,#5235),$);
#5238=IFCCOLOURRGB($,0.968627,0.901961,0.705882);
#5239=IFCSURFACESTYLESHADING(#5238,0.);
#5240=IFCSURFACESTYLE('#f7e6b4',.BOTH.,(#5239));
#5241=IFCSTYLEDITEM(#5237,(#5240),$);
#5242=IFCSHAPEREPRESENTATION(#12,'Body','Tessellation',(#5110,#5237));
#5243=IFCPRODUCTDEFINITIONSHAPE($,$,(#5242));
#5244=IFCLIGHTFIXTURE('28AIQ2G50WSMW6mTqagAcd',#5,'Spotlight','Skanna asset library',$,#4984,#5243,$,.POINTSOURCE.);
#5245=IFCCARTESIANPOINT((8.6,14.82,2.61));
#5246=IFCDIRECTION((0.,0.,1.));
#5247=IFCDIRECTION((1.,0.,0.));
#5248=IFCAXIS2PLACEMENT3D(#5245,#5246,#5247);
#5249=IFCLOCALPLACEMENT(#26,#5248);
#5250=IFCINDEXEDPOLYGONALFACE((1,2,3));
#5251=IFCINDEXEDPOLYGONALFACE((1,3,4));
#5252=IFCINDEXEDPOLYGONALFACE((2,5,6));
#5253=IFCINDEXEDPOLYGONALFACE((2,6,3));
#5254=IFCINDEXEDPOLYGONALFACE((5,7,8));
#5255=IFCINDEXEDPOLYGONALFACE((5,8,6));
#5256=IFCINDEXEDPOLYGONALFACE((7,9,10));
#5257=IFCINDEXEDPOLYGONALFACE((7,10,8));
#5258=IFCINDEXEDPOLYGONALFACE((9,11,12));
#5259=IFCINDEXEDPOLYGONALFACE((9,12,10));
#5260=IFCINDEXEDPOLYGONALFACE((11,13,14));
#5261=IFCINDEXEDPOLYGONALFACE((11,14,12));
#5262=IFCINDEXEDPOLYGONALFACE((13,15,16));
#5263=IFCINDEXEDPOLYGONALFACE((13,16,14));
#5264=IFCINDEXEDPOLYGONALFACE((15,17,18));
#5265=IFCINDEXEDPOLYGONALFACE((15,18,16));
#5266=IFCINDEXEDPOLYGONALFACE((17,19,20));
#5267=IFCINDEXEDPOLYGONALFACE((17,20,18));
#5268=IFCINDEXEDPOLYGONALFACE((19,21,22));
#5269=IFCINDEXEDPOLYGONALFACE((19,22,20));
#5270=IFCINDEXEDPOLYGONALFACE((21,23,24));
#5271=IFCINDEXEDPOLYGONALFACE((21,24,22));
#5272=IFCINDEXEDPOLYGONALFACE((23,25,26));
#5273=IFCINDEXEDPOLYGONALFACE((23,26,24));
#5274=IFCINDEXEDPOLYGONALFACE((25,27,28));
#5275=IFCINDEXEDPOLYGONALFACE((25,28,26));
#5276=IFCINDEXEDPOLYGONALFACE((27,29,30));
#5277=IFCINDEXEDPOLYGONALFACE((27,30,28));
#5278=IFCINDEXEDPOLYGONALFACE((29,31,32));
#5279=IFCINDEXEDPOLYGONALFACE((29,32,30));
#5280=IFCINDEXEDPOLYGONALFACE((31,33,34));
#5281=IFCINDEXEDPOLYGONALFACE((31,34,32));
#5282=IFCINDEXEDPOLYGONALFACE((33,35,36));
#5283=IFCINDEXEDPOLYGONALFACE((33,36,34));
#5284=IFCINDEXEDPOLYGONALFACE((35,37,38));
#5285=IFCINDEXEDPOLYGONALFACE((35,38,36));
#5286=IFCINDEXEDPOLYGONALFACE((37,39,40));
#5287=IFCINDEXEDPOLYGONALFACE((37,40,38));
#5288=IFCINDEXEDPOLYGONALFACE((39,41,42));
#5289=IFCINDEXEDPOLYGONALFACE((39,42,40));
#5290=IFCINDEXEDPOLYGONALFACE((41,43,44));
#5291=IFCINDEXEDPOLYGONALFACE((41,44,42));
#5292=IFCINDEXEDPOLYGONALFACE((43,45,46));
#5293=IFCINDEXEDPOLYGONALFACE((43,46,44));
#5294=IFCINDEXEDPOLYGONALFACE((45,47,48));
#5295=IFCINDEXEDPOLYGONALFACE((45,48,46));
#5296=IFCINDEXEDPOLYGONALFACE((47,49,50));
#5297=IFCINDEXEDPOLYGONALFACE((47,50,48));
#5298=IFCINDEXEDPOLYGONALFACE((49,51,52));
#5299=IFCINDEXEDPOLYGONALFACE((49,52,50));
#5300=IFCINDEXEDPOLYGONALFACE((51,53,54));
#5301=IFCINDEXEDPOLYGONALFACE((51,54,52));
#5302=IFCINDEXEDPOLYGONALFACE((53,55,56));
#5303=IFCINDEXEDPOLYGONALFACE((53,56,54));
#5304=IFCINDEXEDPOLYGONALFACE((55,57,58));
#5305=IFCINDEXEDPOLYGONALFACE((55,58,56));
#5306=IFCINDEXEDPOLYGONALFACE((57,59,60));
#5307=IFCINDEXEDPOLYGONALFACE((57,60,58));
#5308=IFCINDEXEDPOLYGONALFACE((59,61,62));
#5309=IFCINDEXEDPOLYGONALFACE((59,62,60));
#5310=IFCINDEXEDPOLYGONALFACE((61,63,64));
#5311=IFCINDEXEDPOLYGONALFACE((61,64,62));
#5312=IFCINDEXEDPOLYGONALFACE((63,1,4));
#5313=IFCINDEXEDPOLYGONALFACE((63,4,64));
#5314=IFCINDEXEDPOLYGONALFACE((1,5,2));
#5315=IFCINDEXEDPOLYGONALFACE((4,3,6));
#5316=IFCINDEXEDPOLYGONALFACE((1,7,5));
#5317=IFCINDEXEDPOLYGONALFACE((4,6,8));
#5318=IFCINDEXEDPOLYGONALFACE((1,9,7));
#5319=IFCINDEXEDPOLYGONALFACE((4,8,10));
#5320=IFCINDEXEDPOLYGONALFACE((1,11,9));
#5321=IFCINDEXEDPOLYGONALFACE((4,10,12));
#5322=IFCINDEXEDPOLYGONALFACE((1,13,11));
#5323=IFCINDEXEDPOLYGONALFACE((4,12,14));
#5324=IFCINDEXEDPOLYGONALFACE((1,15,13));
#5325=IFCINDEXEDPOLYGONALFACE((4,14,16));
#5326=IFCINDEXEDPOLYGONALFACE((1,17,15));
#5327=IFCINDEXEDPOLYGONALFACE((4,16,18));
#5328=IFCINDEXEDPOLYGONALFACE((1,19,17));
#5329=IFCINDEXEDPOLYGONALFACE((4,18,20));
#5330=IFCINDEXEDPOLYGONALFACE((1,21,19));
#5331=IFCINDEXEDPOLYGONALFACE((4,20,22));
#5332=IFCINDEXEDPOLYGONALFACE((1,23,21));
#5333=IFCINDEXEDPOLYGONALFACE((4,22,24));
#5334=IFCINDEXEDPOLYGONALFACE((1,25,23));
#5335=IFCINDEXEDPOLYGONALFACE((4,24,26));
#5336=IFCINDEXEDPOLYGONALFACE((1,27,25));
#5337=IFCINDEXEDPOLYGONALFACE((4,26,28));
#5338=IFCINDEXEDPOLYGONALFACE((1,29,27));
#5339=IFCINDEXEDPOLYGONALFACE((4,28,30));
#5340=IFCINDEXEDPOLYGONALFACE((1,31,29));
#5341=IFCINDEXEDPOLYGONALFACE((4,30,32));
#5342=IFCINDEXEDPOLYGONALFACE((1,33,31));
#5343=IFCINDEXEDPOLYGONALFACE((4,32,34));
#5344=IFCINDEXEDPOLYGONALFACE((1,35,33));
#5345=IFCINDEXEDPOLYGONALFACE((4,34,36));
#5346=IFCINDEXEDPOLYGONALFACE((1,37,35));
#5347=IFCINDEXEDPOLYGONALFACE((4,36,38));
#5348=IFCINDEXEDPOLYGONALFACE((1,39,37));
#5349=IFCINDEXEDPOLYGONALFACE((4,38,40));
#5350=IFCINDEXEDPOLYGONALFACE((1,41,39));
#5351=IFCINDEXEDPOLYGONALFACE((4,40,42));
#5352=IFCINDEXEDPOLYGONALFACE((1,43,41));
#5353=IFCINDEXEDPOLYGONALFACE((4,42,44));
#5354=IFCINDEXEDPOLYGONALFACE((1,45,43));
#5355=IFCINDEXEDPOLYGONALFACE((4,44,46));
#5356=IFCINDEXEDPOLYGONALFACE((1,47,45));
#5357=IFCINDEXEDPOLYGONALFACE((4,46,48));
#5358=IFCINDEXEDPOLYGONALFACE((1,49,47));
#5359=IFCINDEXEDPOLYGONALFACE((4,48,50));
#5360=IFCINDEXEDPOLYGONALFACE((1,51,49));
#5361=IFCINDEXEDPOLYGONALFACE((4,50,52));
#5362=IFCINDEXEDPOLYGONALFACE((1,53,51));
#5363=IFCINDEXEDPOLYGONALFACE((4,52,54));
#5364=IFCINDEXEDPOLYGONALFACE((1,55,53));
#5365=IFCINDEXEDPOLYGONALFACE((4,54,56));
#5366=IFCINDEXEDPOLYGONALFACE((1,57,55));
#5367=IFCINDEXEDPOLYGONALFACE((4,56,58));
#5368=IFCINDEXEDPOLYGONALFACE((1,59,57));
#5369=IFCINDEXEDPOLYGONALFACE((4,58,60));
#5370=IFCINDEXEDPOLYGONALFACE((1,61,59));
#5371=IFCINDEXEDPOLYGONALFACE((4,60,62));
#5372=IFCINDEXEDPOLYGONALFACE((1,63,61));
#5373=IFCINDEXEDPOLYGONALFACE((4,62,64));
#5374=IFCCARTESIANPOINTLIST3D(((0.17,0.,0.045),(0.166733,0.033165,0.045),(0.156729,0.031175,0.09),(0.1598,0.,0.09),(0.15706,0.065056,0.045),(0.147636,0.061153,0.09),(0.14135,0.094447,0.045),(0.132869,0.08878,0.09),(0.120208,0.120208,0.045),(0.112996,0.112996,0.09),(0.094447,0.14135,0.045),(0.08878,0.132869,0.09),(0.065056,0.15706,0.045),(0.061153,0.147636,0.09),(0.033165,0.166733,0.045),(0.031175,0.156729,0.09),(0.,0.17,0.045),(0.,0.1598,0.09),(-0.033165,0.166733,0.045),(-0.031175,0.156729,0.09),(-0.065056,0.15706,0.045),(-0.061153,0.147636,0.09),(-0.094447,0.14135,0.045),(-0.08878,0.132869,0.09),(-0.120208,0.120208,0.045),(-0.112996,0.112996,0.09),(-0.14135,0.094447,0.045),(-0.132869,0.08878,0.09),(-0.15706,0.065056,0.045),(-0.147636,0.061153,0.09),(-0.166733,0.033165,0.045),(-0.156729,0.031175,0.09),(-0.17,0.,0.045),(-0.1598,0.,0.09),(-0.166733,-0.033165,0.045),(-0.156729,-0.031175,0.09),(-0.15706,-0.065056,0.045),(-0.147636,-0.061153,0.09),(-0.14135,-0.094447,0.045),(-0.132869,-0.08878,0.09),(-0.120208,-0.120208,0.045),(-0.112996,-0.112996,0.09),(-0.094447,-0.14135,0.045),(-0.08878,-0.132869,0.09),(-0.065056,-0.15706,0.045),(-0.061153,-0.147636,0.09),(-0.033165,-0.166733,0.045),(-0.031175,-0.156729,0.09),(0.,-0.17,0.045),(0.,-0.1598,0.09),(0.033165,-0.166733,0.045),(0.031175,-0.156729,0.09),(0.065056,-0.15706,0.045),(0.061153,-0.147636,0.09),(0.094447,-0.14135,0.045),(0.08878,-0.132869,0.09),(0.120208,-0.120208,0.045),(0.112996,-0.112996,0.09),(0.14135,-0.094447,0.045),(0.132869,-0.08878,0.09),(0.15706,-0.065056,0.045),(0.147636,-0.061153,0.09),(0.166733,-0.033165,0.045),(0.156729,-0.031175,0.09)));
#5375=IFCPOLYGONALFACESET(#5374,.T.,(#5250,#5251,#5252,#5253,#5254,#5255,#5256,#5257,#5258,#5259,#5260,#5261,#5262,#5263,#5264,#5265,#5266,#5267,#5268,#5269,#5270,#5271,#5272,#5273,#5274,#5275,#5276,#5277,#5278,#5279,#5280,#5281,#5282,#5283,#5284,#5285,#5286,#5287,#5288,#5289,#5290,#5291,#5292,#5293,#5294,#5295,#5296,#5297,#5298,#5299,#5300,#5301,#5302,#5303,#5304,#5305,#5306,#5307,#5308,#5309,#5310,#5311,#5312,#5313,#5314,#5315,#5316,#5317,#5318,#5319,#5320,#5321,#5322,#5323,#5324,#5325,#5326,#5327,#5328,#5329,#5330,#5331,#5332,#5333,#5334,#5335,#5336,#5337,#5338,#5339,#5340,#5341,#5342,#5343,#5344,#5345,#5346,#5347,#5348,#5349,#5350,#5351,#5352,#5353,#5354,#5355,#5356,#5357,#5358,#5359,#5360,#5361,#5362,#5363,#5364,#5365,#5366,#5367,#5368,#5369,#5370,#5371,#5372,#5373),$);
#5376=IFCSTYLEDITEM(#5375,(#3816),$);
#5377=IFCINDEXEDPOLYGONALFACE((1,2,3));
#5378=IFCINDEXEDPOLYGONALFACE((1,3,4));
#5379=IFCINDEXEDPOLYGONALFACE((2,5,6));
#5380=IFCINDEXEDPOLYGONALFACE((2,6,3));
#5381=IFCINDEXEDPOLYGONALFACE((5,7,8));
#5382=IFCINDEXEDPOLYGONALFACE((5,8,6));
#5383=IFCINDEXEDPOLYGONALFACE((7,9,10));
#5384=IFCINDEXEDPOLYGONALFACE((7,10,8));
#5385=IFCINDEXEDPOLYGONALFACE((9,11,12));
#5386=IFCINDEXEDPOLYGONALFACE((9,12,10));
#5387=IFCINDEXEDPOLYGONALFACE((11,13,14));
#5388=IFCINDEXEDPOLYGONALFACE((11,14,12));
#5389=IFCINDEXEDPOLYGONALFACE((13,15,16));
#5390=IFCINDEXEDPOLYGONALFACE((13,16,14));
#5391=IFCINDEXEDPOLYGONALFACE((15,17,18));
#5392=IFCINDEXEDPOLYGONALFACE((15,18,16));
#5393=IFCINDEXEDPOLYGONALFACE((17,19,20));
#5394=IFCINDEXEDPOLYGONALFACE((17,20,18));
#5395=IFCINDEXEDPOLYGONALFACE((19,21,22));
#5396=IFCINDEXEDPOLYGONALFACE((19,22,20));
#5397=IFCINDEXEDPOLYGONALFACE((21,23,24));
#5398=IFCINDEXEDPOLYGONALFACE((21,24,22));
#5399=IFCINDEXEDPOLYGONALFACE((23,25,26));
#5400=IFCINDEXEDPOLYGONALFACE((23,26,24));
#5401=IFCINDEXEDPOLYGONALFACE((25,27,28));
#5402=IFCINDEXEDPOLYGONALFACE((25,28,26));
#5403=IFCINDEXEDPOLYGONALFACE((27,29,30));
#5404=IFCINDEXEDPOLYGONALFACE((27,30,28));
#5405=IFCINDEXEDPOLYGONALFACE((29,31,32));
#5406=IFCINDEXEDPOLYGONALFACE((29,32,30));
#5407=IFCINDEXEDPOLYGONALFACE((31,1,4));
#5408=IFCINDEXEDPOLYGONALFACE((31,4,32));
#5409=IFCINDEXEDPOLYGONALFACE((4,3,33));
#5410=IFCINDEXEDPOLYGONALFACE((4,33,34));
#5411=IFCINDEXEDPOLYGONALFACE((3,6,35));
#5412=IFCINDEXEDPOLYGONALFACE((3,35,33));
#5413=IFCINDEXEDPOLYGONALFACE((6,8,36));
#5414=IFCINDEXEDPOLYGONALFACE((6,36,35));
#5415=IFCINDEXEDPOLYGONALFACE((8,10,37));
#5416=IFCINDEXEDPOLYGONALFACE((8,37,36));
#5417=IFCINDEXEDPOLYGONALFACE((10,12,38));
#5418=IFCINDEXEDPOLYGONALFACE((10,38,37));
#5419=IFCINDEXEDPOLYGONALFACE((12,14,39));
#5420=IFCINDEXEDPOLYGONALFACE((12,39,38));
#5421=IFCINDEXEDPOLYGONALFACE((14,16,40));
#5422=IFCINDEXEDPOLYGONALFACE((14,40,39));
#5423=IFCINDEXEDPOLYGONALFACE((16,18,41));
#5424=IFCINDEXEDPOLYGONALFACE((16,41,40));
#5425=IFCINDEXEDPOLYGONALFACE((18,20,42));
#5426=IFCINDEXEDPOLYGONALFACE((18,42,41));
#5427=IFCINDEXEDPOLYGONALFACE((20,22,43));
#5428=IFCINDEXEDPOLYGONALFACE((20,43,42));
#5429=IFCINDEXEDPOLYGONALFACE((22,24,44));
#5430=IFCINDEXEDPOLYGONALFACE((22,44,43));
#5431=IFCINDEXEDPOLYGONALFACE((24,26,45));
#5432=IFCINDEXEDPOLYGONALFACE((24,45,44));
#5433=IFCINDEXEDPOLYGONALFACE((26,28,46));
#5434=IFCINDEXEDPOLYGONALFACE((26,46,45));
#5435=IFCINDEXEDPOLYGONALFACE((28,30,47));
#5436=IFCINDEXEDPOLYGONALFACE((28,47,46));
#5437=IFCINDEXEDPOLYGONALFACE((30,32,48));
#5438=IFCINDEXEDPOLYGONALFACE((30,48,47));
#5439=IFCINDEXEDPOLYGONALFACE((32,4,34));
#5440=IFCINDEXEDPOLYGONALFACE((32,34,48));
#5441=IFCINDEXEDPOLYGONALFACE((34,33,49));
#5442=IFCINDEXEDPOLYGONALFACE((34,49,50));
#5443=IFCINDEXEDPOLYGONALFACE((33,35,51));
#5444=IFCINDEXEDPOLYGONALFACE((33,51,49));
#5445=IFCINDEXEDPOLYGONALFACE((35,36,52));
#5446=IFCINDEXEDPOLYGONALFACE((35,52,51));
#5447=IFCINDEXEDPOLYGONALFACE((36,37,53));
#5448=IFCINDEXEDPOLYGONALFACE((36,53,52));
#5449=IFCINDEXEDPOLYGONALFACE((37,38,54));
#5450=IFCINDEXEDPOLYGONALFACE((37,54,53));
#5451=IFCINDEXEDPOLYGONALFACE((38,39,55));
#5452=IFCINDEXEDPOLYGONALFACE((38,55,54));
#5453=IFCINDEXEDPOLYGONALFACE((39,40,56));
#5454=IFCINDEXEDPOLYGONALFACE((39,56,55));
#5455=IFCINDEXEDPOLYGONALFACE((40,41,57));
#5456=IFCINDEXEDPOLYGONALFACE((40,57,56));
#5457=IFCINDEXEDPOLYGONALFACE((41,42,58));
#5458=IFCINDEXEDPOLYGONALFACE((41,58,57));
#5459=IFCINDEXEDPOLYGONALFACE((42,43,59));
#5460=IFCINDEXEDPOLYGONALFACE((42,59,58));
#5461=IFCINDEXEDPOLYGONALFACE((43,44,60));
#5462=IFCINDEXEDPOLYGONALFACE((43,60,59));
#5463=IFCINDEXEDPOLYGONALFACE((44,45,61));
#5464=IFCINDEXEDPOLYGONALFACE((44,61,60));
#5465=IFCINDEXEDPOLYGONALFACE((45,46,62));
#5466=IFCINDEXEDPOLYGONALFACE((45,62,61));
#5467=IFCINDEXEDPOLYGONALFACE((46,47,63));
#5468=IFCINDEXEDPOLYGONALFACE((46,63,62));
#5469=IFCINDEXEDPOLYGONALFACE((47,48,64));
#5470=IFCINDEXEDPOLYGONALFACE((47,64,63));
#5471=IFCINDEXEDPOLYGONALFACE((48,34,50));
#5472=IFCINDEXEDPOLYGONALFACE((48,50,64));
#5473=IFCINDEXEDPOLYGONALFACE((50,49,65));
#5474=IFCINDEXEDPOLYGONALFACE((50,65,66));
#5475=IFCINDEXEDPOLYGONALFACE((49,51,67));
#5476=IFCINDEXEDPOLYGONALFACE((49,67,65));
#5477=IFCINDEXEDPOLYGONALFACE((51,52,68));
#5478=IFCINDEXEDPOLYGONALFACE((51,68,67));
#5479=IFCINDEXEDPOLYGONALFACE((52,53,69));
#5480=IFCINDEXEDPOLYGONALFACE((52,69,68));
#5481=IFCINDEXEDPOLYGONALFACE((53,54,70));
#5482=IFCINDEXEDPOLYGONALFACE((53,70,69));
#5483=IFCINDEXEDPOLYGONALFACE((54,55,71));
#5484=IFCINDEXEDPOLYGONALFACE((54,71,70));
#5485=IFCINDEXEDPOLYGONALFACE((55,56,72));
#5486=IFCINDEXEDPOLYGONALFACE((55,72,71));
#5487=IFCINDEXEDPOLYGONALFACE((56,57,73));
#5488=IFCINDEXEDPOLYGONALFACE((56,73,72));
#5489=IFCINDEXEDPOLYGONALFACE((57,58,74));
#5490=IFCINDEXEDPOLYGONALFACE((57,74,73));
#5491=IFCINDEXEDPOLYGONALFACE((58,59,75));
#5492=IFCINDEXEDPOLYGONALFACE((58,75,74));
#5493=IFCINDEXEDPOLYGONALFACE((59,60,76));
#5494=IFCINDEXEDPOLYGONALFACE((59,76,75));
#5495=IFCINDEXEDPOLYGONALFACE((60,61,77));
#5496=IFCINDEXEDPOLYGONALFACE((60,77,76));
#5497=IFCINDEXEDPOLYGONALFACE((61,62,78));
#5498=IFCINDEXEDPOLYGONALFACE((61,78,77));
#5499=IFCINDEXEDPOLYGONALFACE((62,63,79));
#5500=IFCINDEXEDPOLYGONALFACE((62,79,78));
#5501=IFCINDEXEDPOLYGONALFACE((63,64,80));
#5502=IFCINDEXEDPOLYGONALFACE((63,80,79));
#5503=IFCINDEXEDPOLYGONALFACE((64,50,66));
#5504=IFCINDEXEDPOLYGONALFACE((64,66,80));
#5505=IFCINDEXEDPOLYGONALFACE((66,65,81));
#5506=IFCINDEXEDPOLYGONALFACE((66,81,82));
#5507=IFCINDEXEDPOLYGONALFACE((65,67,83));
#5508=IFCINDEXEDPOLYGONALFACE((65,83,81));
#5509=IFCINDEXEDPOLYGONALFACE((67,68,84));
#5510=IFCINDEXEDPOLYGONALFACE((67,84,83));
#5511=IFCINDEXEDPOLYGONALFACE((68,69,85));
#5512=IFCINDEXEDPOLYGONALFACE((68,85,84));
#5513=IFCINDEXEDPOLYGONALFACE((69,70,86));
#5514=IFCINDEXEDPOLYGONALFACE((69,86,85));
#5515=IFCINDEXEDPOLYGONALFACE((70,71,87));
#5516=IFCINDEXEDPOLYGONALFACE((70,87,86));
#5517=IFCINDEXEDPOLYGONALFACE((71,72,88));
#5518=IFCINDEXEDPOLYGONALFACE((71,88,87));
#5519=IFCINDEXEDPOLYGONALFACE((72,73,89));
#5520=IFCINDEXEDPOLYGONALFACE((72,89,88));
#5521=IFCINDEXEDPOLYGONALFACE((73,74,90));
#5522=IFCINDEXEDPOLYGONALFACE((73,90,89));
#5523=IFCINDEXEDPOLYGONALFACE((74,75,91));
#5524=IFCINDEXEDPOLYGONALFACE((74,91,90));
#5525=IFCINDEXEDPOLYGONALFACE((75,76,92));
#5526=IFCINDEXEDPOLYGONALFACE((75,92,91));
#5527=IFCINDEXEDPOLYGONALFACE((76,77,93));
#5528=IFCINDEXEDPOLYGONALFACE((76,93,92));
#5529=IFCINDEXEDPOLYGONALFACE((77,78,94));
#5530=IFCINDEXEDPOLYGONALFACE((77,94,93));
#5531=IFCINDEXEDPOLYGONALFACE((78,79,95));
#5532=IFCINDEXEDPOLYGONALFACE((78,95,94));
#5533=IFCINDEXEDPOLYGONALFACE((79,80,96));
#5534=IFCINDEXEDPOLYGONALFACE((79,96,95));
#5535=IFCINDEXEDPOLYGONALFACE((80,66,82));
#5536=IFCINDEXEDPOLYGONALFACE((80,82,96));
#5537=IFCINDEXEDPOLYGONALFACE((82,81,97));
#5538=IFCINDEXEDPOLYGONALFACE((82,97,98));
#5539=IFCINDEXEDPOLYGONALFACE((81,83,99));
#5540=IFCINDEXEDPOLYGONALFACE((81,99,97));
#5541=IFCINDEXEDPOLYGONALFACE((83,84,100));
#5542=IFCINDEXEDPOLYGONALFACE((83,100,99));
#5543=IFCINDEXEDPOLYGONALFACE((84,85,101));
#5544=IFCINDEXEDPOLYGONALFACE((84,101,100));
#5545=IFCINDEXEDPOLYGONALFACE((85,86,102));
#5546=IFCINDEXEDPOLYGONALFACE((85,102,101));
#5547=IFCINDEXEDPOLYGONALFACE((86,87,103));
#5548=IFCINDEXEDPOLYGONALFACE((86,103,102));
#5549=IFCINDEXEDPOLYGONALFACE((87,88,104));
#5550=IFCINDEXEDPOLYGONALFACE((87,104,103));
#5551=IFCINDEXEDPOLYGONALFACE((88,89,105));
#5552=IFCINDEXEDPOLYGONALFACE((88,105,104));
#5553=IFCINDEXEDPOLYGONALFACE((89,90,106));
#5554=IFCINDEXEDPOLYGONALFACE((89,106,105));
#5555=IFCINDEXEDPOLYGONALFACE((90,91,107));
#5556=IFCINDEXEDPOLYGONALFACE((90,107,106));
#5557=IFCINDEXEDPOLYGONALFACE((91,92,108));
#5558=IFCINDEXEDPOLYGONALFACE((91,108,107));
#5559=IFCINDEXEDPOLYGONALFACE((92,93,109));
#5560=IFCINDEXEDPOLYGONALFACE((92,109,108));
#5561=IFCINDEXEDPOLYGONALFACE((93,94,110));
#5562=IFCINDEXEDPOLYGONALFACE((93,110,109));
#5563=IFCINDEXEDPOLYGONALFACE((94,95,111));
#5564=IFCINDEXEDPOLYGONALFACE((94,111,110));
#5565=IFCINDEXEDPOLYGONALFACE((95,96,112));
#5566=IFCINDEXEDPOLYGONALFACE((95,112,111));
#5567=IFCINDEXEDPOLYGONALFACE((96,82,98));
#5568=IFCINDEXEDPOLYGONALFACE((96,98,112));
#5569=IFCINDEXEDPOLYGONALFACE((98,97,113));
#5570=IFCINDEXEDPOLYGONALFACE((98,113,114));
#5571=IFCINDEXEDPOLYGONALFACE((97,99,115));
#5572=IFCINDEXEDPOLYGONALFACE((97,115,113));
#5573=IFCINDEXEDPOLYGONALFACE((99,100,116));
#5574=IFCINDEXEDPOLYGONALFACE((99,116,115));
#5575=IFCINDEXEDPOLYGONALFACE((100,101,117));
#5576=IFCINDEXEDPOLYGONALFACE((100,117,116));
#5577=IFCINDEXEDPOLYGONALFACE((101,102,118));
#5578=IFCINDEXEDPOLYGONALFACE((101,118,117));
#5579=IFCINDEXEDPOLYGONALFACE((102,103,119));
#5580=IFCINDEXEDPOLYGONALFACE((102,119,118));
#5581=IFCINDEXEDPOLYGONALFACE((103,104,120));
#5582=IFCINDEXEDPOLYGONALFACE((103,120,119));
#5583=IFCINDEXEDPOLYGONALFACE((104,105,121));
#5584=IFCINDEXEDPOLYGONALFACE((104,121,120));
#5585=IFCINDEXEDPOLYGONALFACE((105,106,122));
#5586=IFCINDEXEDPOLYGONALFACE((105,122,121));
#5587=IFCINDEXEDPOLYGONALFACE((106,107,123));
#5588=IFCINDEXEDPOLYGONALFACE((106,123,122));
#5589=IFCINDEXEDPOLYGONALFACE((107,108,124));
#5590=IFCINDEXEDPOLYGONALFACE((107,124,123));
#5591=IFCINDEXEDPOLYGONALFACE((108,109,125));
#5592=IFCINDEXEDPOLYGONALFACE((108,125,124));
#5593=IFCINDEXEDPOLYGONALFACE((109,110,126));
#5594=IFCINDEXEDPOLYGONALFACE((109,126,125));
#5595=IFCINDEXEDPOLYGONALFACE((110,111,127));
#5596=IFCINDEXEDPOLYGONALFACE((110,127,126));
#5597=IFCINDEXEDPOLYGONALFACE((111,112,128));
#5598=IFCINDEXEDPOLYGONALFACE((111,128,127));
#5599=IFCINDEXEDPOLYGONALFACE((112,98,114));
#5600=IFCINDEXEDPOLYGONALFACE((112,114,128));
#5601=IFCINDEXEDPOLYGONALFACE((114,113,129));
#5602=IFCINDEXEDPOLYGONALFACE((114,129,130));
#5603=IFCINDEXEDPOLYGONALFACE((113,115,131));
#5604=IFCINDEXEDPOLYGONALFACE((113,131,129));
#5605=IFCINDEXEDPOLYGONALFACE((115,116,132));
#5606=IFCINDEXEDPOLYGONALFACE((115,132,131));
#5607=IFCINDEXEDPOLYGONALFACE((116,117,133));
#5608=IFCINDEXEDPOLYGONALFACE((116,133,132));
#5609=IFCINDEXEDPOLYGONALFACE((117,118,134));
#5610=IFCINDEXEDPOLYGONALFACE((117,134,133));
#5611=IFCINDEXEDPOLYGONALFACE((118,119,135));
#5612=IFCINDEXEDPOLYGONALFACE((118,135,134));
#5613=IFCINDEXEDPOLYGONALFACE((119,120,136));
#5614=IFCINDEXEDPOLYGONALFACE((119,136,135));
#5615=IFCINDEXEDPOLYGONALFACE((120,121,137));
#5616=IFCINDEXEDPOLYGONALFACE((120,137,136));
#5617=IFCINDEXEDPOLYGONALFACE((121,122,138));
#5618=IFCINDEXEDPOLYGONALFACE((121,138,137));
#5619=IFCINDEXEDPOLYGONALFACE((122,123,139));
#5620=IFCINDEXEDPOLYGONALFACE((122,139,138));
#5621=IFCINDEXEDPOLYGONALFACE((123,124,140));
#5622=IFCINDEXEDPOLYGONALFACE((123,140,139));
#5623=IFCINDEXEDPOLYGONALFACE((124,125,141));
#5624=IFCINDEXEDPOLYGONALFACE((124,141,140));
#5625=IFCINDEXEDPOLYGONALFACE((125,126,142));
#5626=IFCINDEXEDPOLYGONALFACE((125,142,141));
#5627=IFCINDEXEDPOLYGONALFACE((126,127,143));
#5628=IFCINDEXEDPOLYGONALFACE((126,143,142));
#5629=IFCINDEXEDPOLYGONALFACE((127,128,144));
#5630=IFCINDEXEDPOLYGONALFACE((127,144,143));
#5631=IFCINDEXEDPOLYGONALFACE((128,114,130));
#5632=IFCINDEXEDPOLYGONALFACE((128,130,144));
#5633=IFCINDEXEDPOLYGONALFACE((130,129,145));
#5634=IFCINDEXEDPOLYGONALFACE((130,145,146));
#5635=IFCINDEXEDPOLYGONALFACE((129,131,147));
#5636=IFCINDEXEDPOLYGONALFACE((129,147,145));
#5637=IFCINDEXEDPOLYGONALFACE((131,132,148));
#5638=IFCINDEXEDPOLYGONALFACE((131,148,147));
#5639=IFCINDEXEDPOLYGONALFACE((132,133,149));
#5640=IFCINDEXEDPOLYGONALFACE((132,149,148));
#5641=IFCINDEXEDPOLYGONALFACE((133,134,150));
#5642=IFCINDEXEDPOLYGONALFACE((133,150,149));
#5643=IFCINDEXEDPOLYGONALFACE((134,135,151));
#5644=IFCINDEXEDPOLYGONALFACE((134,151,150));
#5645=IFCINDEXEDPOLYGONALFACE((135,136,152));
#5646=IFCINDEXEDPOLYGONALFACE((135,152,151));
#5647=IFCINDEXEDPOLYGONALFACE((136,137,153));
#5648=IFCINDEXEDPOLYGONALFACE((136,153,152));
#5649=IFCINDEXEDPOLYGONALFACE((137,138,154));
#5650=IFCINDEXEDPOLYGONALFACE((137,154,153));
#5651=IFCINDEXEDPOLYGONALFACE((138,139,155));
#5652=IFCINDEXEDPOLYGONALFACE((138,155,154));
#5653=IFCINDEXEDPOLYGONALFACE((139,140,156));
#5654=IFCINDEXEDPOLYGONALFACE((139,156,155));
#5655=IFCINDEXEDPOLYGONALFACE((140,141,157));
#5656=IFCINDEXEDPOLYGONALFACE((140,157,156));
#5657=IFCINDEXEDPOLYGONALFACE((141,142,158));
#5658=IFCINDEXEDPOLYGONALFACE((141,158,157));
#5659=IFCINDEXEDPOLYGONALFACE((142,143,159));
#5660=IFCINDEXEDPOLYGONALFACE((142,159,158));
#5661=IFCINDEXEDPOLYGONALFACE((143,144,160));
#5662=IFCINDEXEDPOLYGONALFACE((143,160,159));
#5663=IFCINDEXEDPOLYGONALFACE((144,130,146));
#5664=IFCINDEXEDPOLYGONALFACE((144,146,160));
#5665=IFCINDEXEDPOLYGONALFACE((146,145,161));
#5666=IFCINDEXEDPOLYGONALFACE((146,161,162));
#5667=IFCINDEXEDPOLYGONALFACE((145,147,163));
#5668=IFCINDEXEDPOLYGONALFACE((145,163,161));
#5669=IFCINDEXEDPOLYGONALFACE((147,148,164));
#5670=IFCINDEXEDPOLYGONALFACE((147,164,163));
#5671=IFCINDEXEDPOLYGONALFACE((148,149,165));
#5672=IFCINDEXEDPOLYGONALFACE((148,165,164));
#5673=IFCINDEXEDPOLYGONALFACE((149,150,166));
#5674=IFCINDEXEDPOLYGONALFACE((149,166,165));
#5675=IFCINDEXEDPOLYGONALFACE((150,151,167));
#5676=IFCINDEXEDPOLYGONALFACE((150,167,166));
#5677=IFCINDEXEDPOLYGONALFACE((151,152,168));
#5678=IFCINDEXEDPOLYGONALFACE((151,168,167));
#5679=IFCINDEXEDPOLYGONALFACE((152,153,169));
#5680=IFCINDEXEDPOLYGONALFACE((152,169,168));
#5681=IFCINDEXEDPOLYGONALFACE((153,154,170));
#5682=IFCINDEXEDPOLYGONALFACE((153,170,169));
#5683=IFCINDEXEDPOLYGONALFACE((154,155,171));
#5684=IFCINDEXEDPOLYGONALFACE((154,171,170));
#5685=IFCINDEXEDPOLYGONALFACE((155,156,172));
#5686=IFCINDEXEDPOLYGONALFACE((155,172,171));
#5687=IFCINDEXEDPOLYGONALFACE((156,157,173));
#5688=IFCINDEXEDPOLYGONALFACE((156,173,172));
#5689=IFCINDEXEDPOLYGONALFACE((157,158,174));
#5690=IFCINDEXEDPOLYGONALFACE((157,174,173));
#5691=IFCINDEXEDPOLYGONALFACE((158,159,175));
#5692=IFCINDEXEDPOLYGONALFACE((158,175,174));
#5693=IFCINDEXEDPOLYGONALFACE((159,160,176));
#5694=IFCINDEXEDPOLYGONALFACE((159,176,175));
#5695=IFCINDEXEDPOLYGONALFACE((160,146,162));
#5696=IFCINDEXEDPOLYGONALFACE((160,162,176));
#5697=IFCINDEXEDPOLYGONALFACE((177,2,1));
#5698=IFCINDEXEDPOLYGONALFACE((178,162,161));
#5699=IFCINDEXEDPOLYGONALFACE((177,5,2));
#5700=IFCINDEXEDPOLYGONALFACE((178,161,163));
#5701=IFCINDEXEDPOLYGONALFACE((177,7,5));
#5702=IFCINDEXEDPOLYGONALFACE((178,163,164));
#5703=IFCINDEXEDPOLYGONALFACE((177,9,7));
#5704=IFCINDEXEDPOLYGONALFACE((178,164,165));
#5705=IFCINDEXEDPOLYGONALFACE((177,11,9));
#5706=IFCINDEXEDPOLYGONALFACE((178,165,166));
#5707=IFCINDEXEDPOLYGONALFACE((177,13,11));
#5708=IFCINDEXEDPOLYGONALFACE((178,166,167));
#5709=IFCINDEXEDPOLYGONALFACE((177,15,13));
#5710=IFCINDEXEDPOLYGONALFACE((178,167,168));
#5711=IFCINDEXEDPOLYGONALFACE((177,17,15));
#5712=IFCINDEXEDPOLYGONALFACE((178,168,169));
#5713=IFCINDEXEDPOLYGONALFACE((177,19,17));
#5714=IFCINDEXEDPOLYGONALFACE((178,169,170));
#5715=IFCINDEXEDPOLYGONALFACE((177,21,19));
#5716=IFCINDEXEDPOLYGONALFACE((178,170,171));
#5717=IFCINDEXEDPOLYGONALFACE((177,23,21));
#5718=IFCINDEXEDPOLYGONALFACE((178,171,172));
#5719=IFCINDEXEDPOLYGONALFACE((177,25,23));
#5720=IFCINDEXEDPOLYGONALFACE((178,172,173));
#5721=IFCINDEXEDPOLYGONALFACE((177,27,25));
#5722=IFCINDEXEDPOLYGONALFACE((178,173,174));
#5723=IFCINDEXEDPOLYGONALFACE((177,29,27));
#5724=IFCINDEXEDPOLYGONALFACE((178,174,175));
#5725=IFCINDEXEDPOLYGONALFACE((177,31,29));
#5726=IFCINDEXEDPOLYGONALFACE((178,175,176));
#5727=IFCINDEXEDPOLYGONALFACE((177,1,31));
#5728=IFCINDEXEDPOLYGONALFACE((178,176,162));
#5729=IFCCARTESIANPOINTLIST3D(((0.041359,0.,-0.028893),(0.038211,0.015828,-0.028893),(0.073818,0.030576,-0.021251),(0.0799,0.,-0.021251),(0.029245,0.029245,-0.028893),(0.056498,0.056498,-0.021251),(0.015828,0.038211,-0.028893),(0.030576,0.073818,-0.021251),(0.,0.041359,-0.028893),(0.,0.0799,-0.021251),(-0.015828,0.038211,-0.028893),(-0.030576,0.073818,-0.021251),(-0.029245,0.029245,-0.028893),(-0.056498,0.056498,-0.021251),(-0.038211,0.015828,-0.028893),(-0.073818,0.030576,-0.021251),(-0.041359,0.,-0.028893),(-0.0799,0.,-0.021251),(-0.038211,-0.015828,-0.028893),(-0.073818,-0.030576,-0.021251),(-0.029245,-0.029245,-0.028893),(-0.056498,-0.056498,-0.021251),(-0.015828,-0.038211,-0.028893),(-0.030576,-0.073818,-0.021251),(0.,-0.041359,-0.028893),(0.,-0.0799,-0.021251),(0.015828,-0.038211,-0.028893),(0.030576,-0.073818,-0.021251),(0.029245,-0.029245,-0.028893),(0.056498,-0.056498,-0.021251),(0.038211,-0.015828,-0.028893),(0.073818,-0.030576,-0.021251),(0.104394,0.043242,-0.009094),(0.112996,0.,-0.009094),(0.0799,0.0799,-0.009094),(0.043242,0.104394,-0.009094),(0.,0.112996,-0.009094),(-0.043242,0.104394,-0.009094),(-0.0799,0.0799,-0.009094),(-0.104394,0.043242,-0.009094),(-0.112996,0.,-0.009094),(-0.104394,-0.043242,-0.009094),(-0.0799,-0.0799,-0.009094),(-0.043242,-0.104394,-0.009094),(0.,-0.112996,-0.009094),(0.043242,-0.104394,-0.009094),(0.0799,-0.0799,-0.009094),(0.104394,-0.043242,-0.009094),(0.127856,0.05296,0.00675),(0.138391,0.,0.00675),(0.097857,0.097857,0.00675),(0.05296,0.127856,0.00675),(0.,0.138391,0.00675),(-0.05296,0.127856,0.00675),(-0.097857,0.097857,0.00675),(-0.127856,0.05296,0.00675),(-0.138391,0.,0.00675),(-0.127856,-0.05296,0.00675),(-0.097857,-0.097857,0.00675),(-0.05296,-0.127856,0.00675),(0.,-0.138391,0.00675),(0.05296,-0.127856,0.00675),(0.097857,-0.097857,0.00675),(0.127856,-0.05296,0.00675),(0.142605,0.059069,0.0252),(0.154355,0.,0.0252),(0.109145,0.109145,0.0252),(0.059069,0.142605,0.0252),(0.,0.154355,0.0252),(-0.059069,0.142605,0.0252),(-0.109145,0.109145,0.0252),(-0.142605,0.059069,0.0252),(-0.154355,0.,0.0252),(-0.142605,-0.059069,0.0252),(-0.109145,-0.109145,0.0252),(-0.059069,-0.142605,0.0252),(0.,-0.154355,0.0252),(0.059069,-0.142605,0.0252),(0.109145,-0.109145,0.0252),(0.142605,-0.059069,0.0252),(0.147636,0.061153,0.045),(0.1598,0.,0.045),(0.112996,0.112996,0.045),(0.061153,0.147636,0.045),(0.,0.1598,0.045),(-0.061153,0.147636,0.045),(-0.112996,0.112996,0.045),(-0.147636,0.061153,0.045),(-0.1598,0.,0.045),(-0.147636,-0.061153,0.045),(-0.112996,-0.112996,0.045),(-0.061153,-0.147636,0.045),(0.,-0.1598,0.045),(0.061153,-0.147636,0.045),(0.112996,-0.112996,0.045),(0.147636,-0.061153,0.045),(0.142605,0.059069,0.0648),(0.154355,0.,0.0648),(0.109145,0.109145,0.0648),(0.059069,0.142605,0.0648),(0.,0.154355,0.0648),(-0.059069,0.142605,0.0648),(-0.109145,0.109145,0.0648),(-0.142605,0.059069,0.0648),(-0.154355,0.,0.0648),(-0.142605,-0.059069,0.0648),(-0.109145,-0.109145,0.0648),(-0.059069,-0.142605,0.0648),(0.,-0.154355,0.0648),(0.059069,-0.142605,0.0648),(0.109145,-0.109145,0.0648),(0.142605,-0.059069,0.0648),(0.127856,0.05296,0.08325),(0.138391,0.,0.08325),(0.097857,0.097857,0.08325),(0.05296,0.127856,0.08325),(0.,0.138391,0.08325),(-0.05296,0.127856,0.08325),(-0.097857,0.097857,0.08325),(-0.127856,0.05296,0.08325),(-0.138391,0.,0.08325),(-0.127856,-0.05296,0.08325),(-0.097857,-0.097857,0.08325),(-0.05296,-0.127856,0.08325),(0.,-0.138391,0.08325),(0.05296,-0.127856,0.08325),(0.097857,-0.097857,0.08325),(0.127856,-0.05296,0.08325),(0.104394,0.043242,0.099094),(0.112996,0.,0.099094),(0.0799,0.0799,0.099094),(0.043242,0.104394,0.099094),(0.,0.112996,0.099094),(-0.043242,0.104394,0.099094),(-0.0799,0.0799,0.099094),(-0.104394,0.043242,0.099094),(-0.112996,0.,0.099094),(-0.104394,-0.043242,0.099094),(-0.0799,-0.0799,0.099094),(-0.043242,-0.104394,0.099094),(0.,-0.112996,0.099094),(0.043242,-0.104394,0.099094),(0.0799,-0.0799,0.099094),(0.104394,-0.043242,0.099094),(0.073818,0.030576,0.111251),(0.0799,0.,0.111251),(0.056498,0.056498,0.111251),(0.030576,0.073818,0.111251),(0.,0.0799,0.111251),(-0.030576,0.073818,0.111251),(-0.056498,0.056498,0.111251),(-0.073818,0.030576,0.111251),(-0.0799,0.,0.111251),(-0.073818,-0.030576,0.111251),(-0.056498,-0.056498,0.111251),(-0.030576,-0.073818,0.111251),(0.,-0.0799,0.111251),(0.030576,-0.073818,0.111251),(0.056498,-0.056498,0.111251),(0.073818,-0.030576,0.111251),(0.038211,0.015828,0.118893),(0.041359,0.,0.118893),(0.029245,0.029245,0.118893),(0.015828,0.038211,0.118893),(0.,0.041359,0.118893),(-0.015828,0.038211,0.118893),(-0.029245,0.029245,0.118893),(-0.038211,0.015828,0.118893),(-0.041359,0.,0.118893),(-0.038211,-0.015828,0.118893),(-0.029245,-0.029245,0.118893),(-0.015828,-0.038211,0.118893),(0.,-0.041359,0.118893),(0.015828,-0.038211,0.118893),(0.029245,-0.029245,0.118893),(0.038211,-0.015828,0.118893),(0.,0.,-0.0315),(0.,0.,0.1215)));
#5730=IFCPOLYGONALFACESET(#5729,.T.,(#5377,#5378,#5379,#5380,#5381,#5382,#5383,#5384,#5385,#5386,#5387,#5388,#5389,#5390,#5391,#5392,#5393,#5394,#5395,#5396,#5397,#5398,#5399,#5400,#5401,#5402,#5403,#5404,#5405,#5406,#5407,#5408,#5409,#5410,#5411,#5412,#5413,#5414,#5415,#5416,#5417,#5418,#5419,#5420,#5421,#5422,#5423,#5424,#5425,#5426,#5427,#5428,#5429,#5430,#5431,#5432,#5433,#5434,#5435,#5436,#5437,#5438,#5439,#5440,#5441,#5442,#5443,#5444,#5445,#5446,#5447,#5448,#5449,#5450,#5451,#5452,#5453,#5454,#5455,#5456,#5457,#5458,#5459,#5460,#5461,#5462,#5463,#5464,#5465,#5466,#5467,#5468,#5469,#5470,#5471,#5472,#5473,#5474,#5475,#5476,#5477,#5478,#5479,#5480,#5481,#5482,#5483,#5484,#5485,#5486,#5487,#5488,#5489,#5490,#5491,#5492,#5493,#5494,#5495,#5496,#5497,#5498,#5499,#5500,#5501,#5502,#5503,#5504,#5505,#5506,#5507,#5508,#5509,#5510,#5511,#5512,#5513,#5514,#5515,#5516,#5517,#5518,#5519,#5520,#5521,#5522,#5523,#5524,#5525,#5526,#5527,#5528,#5529,#5530,#5531,#5532,#5533,#5534,#5535,#5536,#5537,#5538,#5539,#5540,#5541,#5542,#5543,#5544,#5545,#5546,#5547,#5548,#5549,#5550,#5551,#5552,#5553,#5554,#5555,#5556,#5557,#5558,#5559,#5560,#5561,#5562,#5563,#5564,#5565,#5566,#5567,#5568,#5569,#5570,#5571,#5572,#5573,#5574,#5575,#5576,#5577,#5578,#5579,#5580,#5581,#5582,#5583,#5584,#5585,#5586,#5587,#5588,#5589,#5590,#5591,#5592,#5593,#5594,#5595,#5596,#5597,#5598,#5599,#5600,#5601,#5602,#5603,#5604,#5605,#5606,#5607,#5608,#5609,#5610,#5611,#5612,#5613,#5614,#5615,#5616,#5617,#5618,#5619,#5620,#5621,#5622,#5623,#5624,#5625,#5626,#5627,#5628,#5629,#5630,#5631,#5632,#5633,#5634,#5635,#5636,#5637,#5638,#5639,#5640,#5641,#5642,#5643,#5644,#5645,#5646,#5647,#5648,#5649,#5650,#5651,#5652,#5653,#5654,#5655,#5656,#5657,#5658,#5659,#5660,#5661,#5662,#5663,#5664,#5665,#5666,#5667,#5668,#5669,#5670,#5671,#5672,#5673,#5674,#5675,#5676,#5677,#5678,#5679,#5680,#5681,#5682,#5683,#5684,#5685,#5686,#5687,#5688,#5689,#5690,#5691,#5692,#5693,#5694,#5695,#5696,#5697,#5698,#5699,#5700,#5701,#5702,#5703,#5704,#5705,#5706,#5707,#5708,#5709,#5710,#5711,#5712,#5713,#5714,#5715,#5716,#5717,#5718,#5719,#5720,#5721,#5722,#5723,#5724,#5725,#5726,#5727,#5728),$);
#5731=IFCSTYLEDITEM(#5730,(#5240),$);
#5732=IFCSHAPEREPRESENTATION(#12,'Body','Tessellation',(#5375,#5730));
#5733=IFCPRODUCTDEFINITIONSHAPE($,$,(#5732));
#5734=IFCLIGHTFIXTURE('37M8qhbbX1WOtNYfLZP38l',#5,'Ceiling light','Skanna asset library',$,#5249,#5733,$,.POINTSOURCE.);
#5735=IFCCARTESIANPOINT((7.88,11.58,1.8));
#5736=IFCDIRECTION((0.,0.,1.));
#5737=IFCDIRECTION((1.,0.,0.));
#5738=IFCAXIS2PLACEMENT3D(#5735,#5736,#5737);
#5739=IFCLOCALPLACEMENT(#26,#5738);
#5740=IFCCARTESIANPOINT((0.,0.));
#5741=IFCAXIS2PLACEMENT2D(#5740,$);
#5742=IFCCIRCLEPROFILEDEF(.AREA.,$,#5741,0.0075);
#5743=IFCCARTESIANPOINT((0.,0.,0.306));
#5744=IFCAXIS2PLACEMENT3D(#5743,$,$);
#5745=IFCDIRECTION((0.,0.,1.));
#5746=IFCEXTRUDEDAREASOLID(#5742,#5744,#5745,0.594);
#5747=IFCSTYLEDITEM(#5746,(#4148),$);
#5748=IFCINDEXEDPOLYGONALFACE((1,2,3));
#5749=IFCINDEXEDPOLYGONALFACE((1,3,4));
#5750=IFCINDEXEDPOLYGONALFACE((2,5,6));
#5751=IFCINDEXEDPOLYGONALFACE((2,6,3));
#5752=IFCINDEXEDPOLYGONALFACE((5,7,8));
#5753=IFCINDEXEDPOLYGONALFACE((5,8,6));
#5754=IFCINDEXEDPOLYGONALFACE((7,9,10));
#5755=IFCINDEXEDPOLYGONALFACE((7,10,8));
#5756=IFCINDEXEDPOLYGONALFACE((9,11,12));
#5757=IFCINDEXEDPOLYGONALFACE((9,12,10));
#5758=IFCINDEXEDPOLYGONALFACE((11,13,14));
#5759=IFCINDEXEDPOLYGONALFACE((11,14,12));
#5760=IFCINDEXEDPOLYGONALFACE((13,15,16));
#5761=IFCINDEXEDPOLYGONALFACE((13,16,14));
#5762=IFCINDEXEDPOLYGONALFACE((15,17,18));
#5763=IFCINDEXEDPOLYGONALFACE((15,18,16));
#5764=IFCINDEXEDPOLYGONALFACE((17,19,20));
#5765=IFCINDEXEDPOLYGONALFACE((17,20,18));
#5766=IFCINDEXEDPOLYGONALFACE((19,21,22));
#5767=IFCINDEXEDPOLYGONALFACE((19,22,20));
#5768=IFCINDEXEDPOLYGONALFACE((21,23,24));
#5769=IFCINDEXEDPOLYGONALFACE((21,24,22));
#5770=IFCINDEXEDPOLYGONALFACE((23,25,26));
#5771=IFCINDEXEDPOLYGONALFACE((23,26,24));
#5772=IFCINDEXEDPOLYGONALFACE((25,27,28));
#5773=IFCINDEXEDPOLYGONALFACE((25,28,26));
#5774=IFCINDEXEDPOLYGONALFACE((27,29,30));
#5775=IFCINDEXEDPOLYGONALFACE((27,30,28));
#5776=IFCINDEXEDPOLYGONALFACE((29,31,32));
#5777=IFCINDEXEDPOLYGONALFACE((29,32,30));
#5778=IFCINDEXEDPOLYGONALFACE((31,33,34));
#5779=IFCINDEXEDPOLYGONALFACE((31,34,32));
#5780=IFCINDEXEDPOLYGONALFACE((33,35,36));
#5781=IFCINDEXEDPOLYGONALFACE((33,36,34));
#5782=IFCINDEXEDPOLYGONALFACE((35,37,38));
#5783=IFCINDEXEDPOLYGONALFACE((35,38,36));
#5784=IFCINDEXEDPOLYGONALFACE((37,39,40));
#5785=IFCINDEXEDPOLYGONALFACE((37,40,38));
#5786=IFCINDEXEDPOLYGONALFACE((39,41,42));
#5787=IFCINDEXEDPOLYGONALFACE((39,42,40));
#5788=IFCINDEXEDPOLYGONALFACE((41,43,44));
#5789=IFCINDEXEDPOLYGONALFACE((41,44,42));
#5790=IFCINDEXEDPOLYGONALFACE((43,45,46));
#5791=IFCINDEXEDPOLYGONALFACE((43,46,44));
#5792=IFCINDEXEDPOLYGONALFACE((45,47,48));
#5793=IFCINDEXEDPOLYGONALFACE((45,48,46));
#5794=IFCINDEXEDPOLYGONALFACE((47,49,50));
#5795=IFCINDEXEDPOLYGONALFACE((47,50,48));
#5796=IFCINDEXEDPOLYGONALFACE((49,51,52));
#5797=IFCINDEXEDPOLYGONALFACE((49,52,50));
#5798=IFCINDEXEDPOLYGONALFACE((51,53,54));
#5799=IFCINDEXEDPOLYGONALFACE((51,54,52));
#5800=IFCINDEXEDPOLYGONALFACE((53,55,56));
#5801=IFCINDEXEDPOLYGONALFACE((53,56,54));
#5802=IFCINDEXEDPOLYGONALFACE((55,57,58));
#5803=IFCINDEXEDPOLYGONALFACE((55,58,56));
#5804=IFCINDEXEDPOLYGONALFACE((57,59,60));
#5805=IFCINDEXEDPOLYGONALFACE((57,60,58));
#5806=IFCINDEXEDPOLYGONALFACE((59,61,62));
#5807=IFCINDEXEDPOLYGONALFACE((59,62,60));
#5808=IFCINDEXEDPOLYGONALFACE((61,63,64));
#5809=IFCINDEXEDPOLYGONALFACE((61,64,62));
#5810=IFCINDEXEDPOLYGONALFACE((63,1,4));
#5811=IFCINDEXEDPOLYGONALFACE((63,4,64));
#5812=IFCINDEXEDPOLYGONALFACE((1,5,2));
#5813=IFCINDEXEDPOLYGONALFACE((4,3,6));
#5814=IFCINDEXEDPOLYGONALFACE((1,7,5));
#5815=IFCINDEXEDPOLYGONALFACE((4,6,8));
#5816=IFCINDEXEDPOLYGONALFACE((1,9,7));
#5817=IFCINDEXEDPOLYGONALFACE((4,8,10));
#5818=IFCINDEXEDPOLYGONALFACE((1,11,9));
#5819=IFCINDEXEDPOLYGONALFACE((4,10,12));
#5820=IFCINDEXEDPOLYGONALFACE((1,13,11));
#5821=IFCINDEXEDPOLYGONALFACE((4,12,14));
#5822=IFCINDEXEDPOLYGONALFACE((1,15,13));
#5823=IFCINDEXEDPOLYGONALFACE((4,14,16));
#5824=IFCINDEXEDPOLYGONALFACE((1,17,15));
#5825=IFCINDEXEDPOLYGONALFACE((4,16,18));
#5826=IFCINDEXEDPOLYGONALFACE((1,19,17));
#5827=IFCINDEXEDPOLYGONALFACE((4,18,20));
#5828=IFCINDEXEDPOLYGONALFACE((1,21,19));
#5829=IFCINDEXEDPOLYGONALFACE((4,20,22));
#5830=IFCINDEXEDPOLYGONALFACE((1,23,21));
#5831=IFCINDEXEDPOLYGONALFACE((4,22,24));
#5832=IFCINDEXEDPOLYGONALFACE((1,25,23));
#5833=IFCINDEXEDPOLYGONALFACE((4,24,26));
#5834=IFCINDEXEDPOLYGONALFACE((1,27,25));
#5835=IFCINDEXEDPOLYGONALFACE((4,26,28));
#5836=IFCINDEXEDPOLYGONALFACE((1,29,27));
#5837=IFCINDEXEDPOLYGONALFACE((4,28,30));
#5838=IFCINDEXEDPOLYGONALFACE((1,31,29));
#5839=IFCINDEXEDPOLYGONALFACE((4,30,32));
#5840=IFCINDEXEDPOLYGONALFACE((1,33,31));
#5841=IFCINDEXEDPOLYGONALFACE((4,32,34));
#5842=IFCINDEXEDPOLYGONALFACE((1,35,33));
#5843=IFCINDEXEDPOLYGONALFACE((4,34,36));
#5844=IFCINDEXEDPOLYGONALFACE((1,37,35));
#5845=IFCINDEXEDPOLYGONALFACE((4,36,38));
#5846=IFCINDEXEDPOLYGONALFACE((1,39,37));
#5847=IFCINDEXEDPOLYGONALFACE((4,38,40));
#5848=IFCINDEXEDPOLYGONALFACE((1,41,39));
#5849=IFCINDEXEDPOLYGONALFACE((4,40,42));
#5850=IFCINDEXEDPOLYGONALFACE((1,43,41));
#5851=IFCINDEXEDPOLYGONALFACE((4,42,44));
#5852=IFCINDEXEDPOLYGONALFACE((1,45,43));
#5853=IFCINDEXEDPOLYGONALFACE((4,44,46));
#5854=IFCINDEXEDPOLYGONALFACE((1,47,45));
#5855=IFCINDEXEDPOLYGONALFACE((4,46,48));
#5856=IFCINDEXEDPOLYGONALFACE((1,49,47));
#5857=IFCINDEXEDPOLYGONALFACE((4,48,50));
#5858=IFCINDEXEDPOLYGONALFACE((1,51,49));
#5859=IFCINDEXEDPOLYGONALFACE((4,50,52));
#5860=IFCINDEXEDPOLYGONALFACE((1,53,51));
#5861=IFCINDEXEDPOLYGONALFACE((4,52,54));
#5862=IFCINDEXEDPOLYGONALFACE((1,55,53));
#5863=IFCINDEXEDPOLYGONALFACE((4,54,56));
#5864=IFCINDEXEDPOLYGONALFACE((1,57,55));
#5865=IFCINDEXEDPOLYGONALFACE((4,56,58));
#5866=IFCINDEXEDPOLYGONALFACE((1,59,57));
#5867=IFCINDEXEDPOLYGONALFACE((4,58,60));
#5868=IFCINDEXEDPOLYGONALFACE((1,61,59));
#5869=IFCINDEXEDPOLYGONALFACE((4,60,62));
#5870=IFCINDEXEDPOLYGONALFACE((1,63,61));
#5871=IFCINDEXEDPOLYGONALFACE((4,62,64));
#5872=IFCCARTESIANPOINTLIST3D(((0.15,0.,0.036),(0.147118,0.029264,0.036),(0.041193,0.008194,0.324),(0.042,0.,0.324),(0.138582,0.057403,0.036),(0.038803,0.016073,0.324),(0.12472,0.083336,0.036),(0.034922,0.023334,0.324),(0.106066,0.106066,0.036),(0.029698,0.029698,0.324),(0.083336,0.12472,0.036),(0.023334,0.034922,0.324),(0.057403,0.138582,0.036),(0.016073,0.038803,0.324),(0.029264,0.147118,0.036),(0.008194,0.041193,0.324),(0.,0.15,0.036),(0.,0.042,0.324),(-0.029264,0.147118,0.036),(-0.008194,0.041193,0.324),(-0.057403,0.138582,0.036),(-0.016073,0.038803,0.324),(-0.083336,0.12472,0.036),(-0.023334,0.034922,0.324),(-0.106066,0.106066,0.036),(-0.029698,0.029698,0.324),(-0.12472,0.083336,0.036),(-0.034922,0.023334,0.324),(-0.138582,0.057403,0.036),(-0.038803,0.016073,0.324),(-0.147118,0.029264,0.036),(-0.041193,0.008194,0.324),(-0.15,0.,0.036),(-0.042,0.,0.324),(-0.147118,-0.029264,0.036),(-0.041193,-0.008194,0.324),(-0.138582,-0.057403,0.036),(-0.038803,-0.016073,0.324),(-0.12472,-0.083336,0.036),(-0.034922,-0.023334,0.324),(-0.106066,-0.106066,0.036),(-0.029698,-0.029698,0.324),(-0.083336,-0.12472,0.036),(-0.023334,-0.034922,0.324),(-0.057403,-0.138582,0.036),(-0.016073,-0.038803,0.324),(-0.029264,-0.147118,0.036),(-0.008194,-0.041193,0.324),(0.,-0.15,0.036),(0.,-0.042,0.324),(0.029264,-0.147118,0.036),(0.008194,-0.041193,0.324),(0.057403,-0.138582,0.036),(0.016073,-0.038803,0.324),(0.083336,-0.12472,0.036),(0.023334,-0.034922,0.324),(0.106066,-0.106066,0.036),(0.029698,-0.029698,0.324),(0.12472,-0.083336,0.036),(0.034922,-0.023334,0.324),(0.138582,-0.057403,0.036),(0.038803,-0.016073,0.324),(0.147118,-0.029264,0.036),(0.041193,-0.008194,0.324)));
#5873=IFCPOLYGONALFACESET(#5872,.T.,(#5748,#5749,#5750,#5751,#5752,#5753,#5754,#5755,#5756,#5757,#5758,#5759,#5760,#5761,#5762,#5763,#5764,#5765,#5766,#5767,#5768,#5769,#5770,#5771,#5772,#5773,#5774,#5775,#5776,#5777,#5778,#5779,#5780,#5781,#5782,#5783,#5784,#5785,#5786,#5787,#5788,#5789,#5790,#5791,#5792,#5793,#5794,#5795,#5796,#5797,#5798,#5799,#5800,#5801,#5802,#5803,#5804,#5805,#5806,#5807,#5808,#5809,#5810,#5811,#5812,#5813,#5814,#5815,#5816,#5817,#5818,#5819,#5820,#5821,#5822,#5823,#5824,#5825,#5826,#5827,#5828,#5829,#5830,#5831,#5832,#5833,#5834,#5835,#5836,#5837,#5838,#5839,#5840,#5841,#5842,#5843,#5844,#5845,#5846,#5847,#5848,#5849,#5850,#5851,#5852,#5853,#5854,#5855,#5856,#5857,#5858,#5859,#5860,#5861,#5862,#5863,#5864,#5865,#5866,#5867,#5868,#5869,#5870,#5871),$);
#5874=IFCSTYLEDITEM(#5873,(#3816),$);
#5875=IFCCARTESIANPOINT((0.,0.));
#5876=IFCAXIS2PLACEMENT2D(#5875,$);
#5877=IFCCIRCLEPROFILEDEF(.AREA.,$,#5876,0.135);
#5878=IFCCARTESIANPOINT((0.,0.,0.018));
#5879=IFCAXIS2PLACEMENT3D(#5878,$,$);
#5880=IFCDIRECTION((0.,0.,1.));
#5881=IFCEXTRUDEDAREASOLID(#5877,#5879,#5880,0.045);
#5882=IFCSTYLEDITEM(#5881,(#5240),$);
#5883=IFCSHAPEREPRESENTATION(#12,'Body','SolidModel',(#5746,#5873,#5881));
#5884=IFCPRODUCTDEFINITIONSHAPE($,$,(#5883));
#5885=IFCLIGHTFIXTURE('286dvYpgMsTP2JqEhr0TDN',#5,'Pendant light','Skanna asset library',$,#5739,#5884,$,.POINTSOURCE.);
#5886=IFCCARTESIANPOINT((0.24,0.35,1.8));
#5887=IFCDIRECTION((0.,0.,1.));
#5888=IFCDIRECTION((0.,1.,0.));
#5889=IFCAXIS2PLACEMENT3D(#5886,#5887,#5888);
#5890=IFCLOCALPLACEMENT(#26,#5889);
#5891=IFCCARTESIANPOINT((0.,0.0588));
#5892=IFCAXIS2PLACEMENT2D(#5891,$);
#5893=IFCRECTANGLEPROFILEDEF(.AREA.,$,#5892,0.112,0.0224);
#5894=IFCCARTESIANPOINT((0.,0.,0.12));
#5895=IFCAXIS2PLACEMENT3D(#5894,$,$);
#5896=IFCDIRECTION((0.,0.,1.));
#5897=IFCEXTRUDEDAREASOLID(#5893,#5895,#5896,0.24);
#5898=IFCSTYLEDITEM(#5897,(#3183),$);
#5899=IFCCARTESIANPOINT((0.,0.));
#5900=IFCAXIS2PLACEMENT2D(#5899,$);
#5901=IFCELLIPSEPROFILEDEF(.AREA.,$,#5900,0.08,0.07);
#5902=IFCCARTESIANPOINT((0.,0.,0.0768));
#5903=IFCAXIS2PLACEMENT3D(#5902,$,$);
#5904=IFCDIRECTION((0.,0.,1.));
#5905=IFCEXTRUDEDAREASOLID(#5901,#5903,#5904,0.1392);
#5906=IFCSTYLEDITEM(#5905,(#3183),$);
#5907=IFCCARTESIANPOINT((0.,0.));
#5908=IFCAXIS2PLACEMENT2D(#5907,$);
#5909=IFCELLIPSEPROFILEDEF(.AREA.,$,#5908,0.0656,0.0574);
#5910=IFCCARTESIANPOINT((0.,0.,0.216));
#5911=IFCAXIS2PLACEMENT3D(#5910,$,$);
#5912=IFCDIRECTION((0.,0.,1.));
#5913=IFCEXTRUDEDAREASOLID(#5909,#5911,#5912,0.024);
#5914=IFCSTYLEDITEM(#5913,(#5240),$);
#5915=IFCSHAPEREPRESENTATION(#12,'Body','SweptSolid',(#5897,#5905,#5913));
#5916=IFCPRODUCTDEFINITIONSHAPE($,$,(#5915));
#5917=IFCLIGHTFIXTURE('1Kva8hCtC6IEvHttciNAFg',#5,'Wall sconce','Skanna asset library',$,#5890,#5916,$,.DIRECTIONSOURCE.);
#5918=IFCCARTESIANPOINT((4.37,9.61,2.67));
#5919=IFCDIRECTION((0.,0.,1.));
#5920=IFCDIRECTION((0.,1.,0.));
#5921=IFCAXIS2PLACEMENT3D(#5918,#5919,#5920);
#5922=IFCLOCALPLACEMENT(#26,#5921);
#5923=IFCCARTESIANPOINT((0.,0.));
#5924=IFCAXIS2PLACEMENT2D(#5923,$);
#5925=IFCRECTANGLEPROFILEDEF(.AREA.,$,#5924,1.5,0.03);
#5926=IFCCARTESIANPOINT((0.,0.,0.0135));
#5927=IFCAXIS2PLACEMENT3D(#5926,$,$);
#5928=IFCDIRECTION((0.,0.,1.));
#5929=IFCEXTRUDEDAREASOLID(#5925,#5927,#5928,0.0165);
#5930=IFCSTYLEDITEM(#5929,(#4148),$);
#5931=IFCCARTESIANPOINT((0.,0.));
#5932=IFCAXIS2PLACEMENT2D(#5931,$);
#5933=IFCRECTANGLEPROFILEDEF(.AREA.,$,#5932,1.47,0.027);
#5934=IFCCARTESIANPOINT((0.,0.,0.));
#5935=IFCAXIS2PLACEMENT3D(#5934,$,$);
#5936=IFCDIRECTION((0.,0.,1.));
#5937=IFCEXTRUDEDAREASOLID(#5933,#5935,#5936,0.0138);
#5938=IFCSTYLEDITEM(#5937,(#5240),$);
#5939=IFCSHAPEREPRESENTATION(#12,'Body','SweptSolid',(#5929,#5937));
#5940=IFCPRODUCTDEFINITIONSHAPE($,$,(#5939));
#5941=IFCLIGHTFIXTURE('0xDt6bDSJhoBXUtQn7hTYa',#5,'LED strip','Skanna asset library',$,#5922,#5940,$,.SECURITYLIGHTING.);
#5942=IFCCARTESIANPOINT((0.55,12.8,2.65));
#5943=IFCDIRECTION((0.,0.,1.));
#5944=IFCDIRECTION((1.,0.,0.));
#5945=IFCAXIS2PLACEMENT3D(#5942,#5943,#5944);
#5946=IFCLOCALPLACEMENT(#26,#5945);
#5947=IFCCARTESIANPOINT((0.,0.));
#5948=IFCAXIS2PLACEMENT2D(#5947,$);
#5949=IFCRECTANGLEPROFILEDEF(.AREA.,$,#5948,0.3,0.3);
#5950=IFCCARTESIANPOINT((0.,0.,0.015));
#5951=IFCAXIS2PLACEMENT3D(#5950,$,$);
#5952=IFCDIRECTION((0.,0.,1.));
#5953=IFCEXTRUDEDAREASOLID(#5949,#5951,#5952,0.035);
#5954=IFCCOLOURRGB($,0.427451,0.658824,0.52549);
#5955=IFCSURFACESTYLESHADING(#5954,0.);
#5956=IFCSURFACESTYLE('#6da886',.BOTH.,(#5955));
#5957=IFCSTYLEDITEM(#5953,(#5956),$);
#5958=IFCCARTESIANPOINT((0.,0.));
#5959=IFCAXIS2PLACEMENT2D(#5958,$);
#5960=IFCRECTANGLEPROFILEDEF(.AREA.,$,#5959,0.21,0.21);
#5961=IFCCARTESIANPOINT((0.,0.,0.));
#5962=IFCAXIS2PLACEMENT3D(#5961,$,$);
#5963=IFCDIRECTION((0.,0.,1.));
#5964=IFCEXTRUDEDAREASOLID(#5960,#5962,#5963,0.0155);
#5965=IFCCOLOURRGB($,0.164706,0.34902,0.258824);
#5966=IFCSURFACESTYLESHADING(#5965,0.);
#5967=IFCSURFACESTYLE('#2a5942',.BOTH.,(#5966));
#5968=IFCSTYLEDITEM(#5964,(#5967),$);
#5969=IFCSHAPEREPRESENTATION(#12,'Body','SweptSolid',(#5953,#5964));
#5970=IFCPRODUCTDEFINITIONSHAPE($,$,(#5969));
#5971=IFCAIRTERMINAL('0B4XfQ_OpPiGRVG16eUSIT',#5,'Ventilation in','Skanna asset library',$,#5946,#5970,$,.DIFFUSER.);
#5972=IFCCARTESIANPOINT((0.55,11.1,2.65));
#5973=IFCDIRECTION((0.,0.,1.));
#5974=IFCDIRECTION((1.,0.,0.));
#5975=IFCAXIS2PLACEMENT3D(#5972,#5973,#5974);
#5976=IFCLOCALPLACEMENT(#26,#5975);
#5977=IFCCARTESIANPOINT((0.,0.));
#5978=IFCAXIS2PLACEMENT2D(#5977,$);
#5979=IFCRECTANGLEPROFILEDEF(.AREA.,$,#5978,0.3,0.3);
#5980=IFCCARTESIANPOINT((0.,0.,0.015));
#5981=IFCAXIS2PLACEMENT3D(#5980,$,$);
#5982=IFCDIRECTION((0.,0.,1.));
#5983=IFCEXTRUDEDAREASOLID(#5979,#5981,#5982,0.035);
#5984=IFCCOLOURRGB($,0.290196,0.490196,0.388235);
#5985=IFCSURFACESTYLESHADING(#5984,0.);
#5986=IFCSURFACESTYLE('#4a7d63',.BOTH.,(#5985));
#5987=IFCSTYLEDITEM(#5983,(#5986),$);
#5988=IFCCARTESIANPOINT((0.,0.));
#5989=IFCAXIS2PLACEMENT2D(#5988,$);
#5990=IFCRECTANGLEPROFILEDEF(.AREA.,$,#5989,0.21,0.21);
#5991=IFCCARTESIANPOINT((0.,0.,0.));
#5992=IFCAXIS2PLACEMENT3D(#5991,$,$);
#5993=IFCDIRECTION((0.,0.,1.));
#5994=IFCEXTRUDEDAREASOLID(#5990,#5992,#5993,0.0155);
#5995=IFCCOLOURRGB($,0.090196,0.25098,0.180392);
#5996=IFCSURFACESTYLESHADING(#5995,0.);
#5997=IFCSURFACESTYLE('#17402e',.BOTH.,(#5996));
#5998=IFCSTYLEDITEM(#5994,(#5997),$);
#5999=IFCSHAPEREPRESENTATION(#12,'Body','SweptSolid',(#5983,#5994));
#6000=IFCPRODUCTDEFINITIONSHAPE($,$,(#5999));
#6001=IFCAIRTERMINAL('1l44y_xUVkXO249DZAEr4H',#5,'Ventilation out','Skanna asset library',$,#5976,#6000,$,.GRILLE.);
#6002=IFCCARTESIANPOINT((0.85,8.3,0.15));
#6003=IFCDIRECTION((0.,0.,1.));
#6004=IFCDIRECTION((1.,0.,0.));
#6005=IFCAXIS2PLACEMENT3D(#6002,#6003,#6004);
#6006=IFCLOCALPLACEMENT(#26,#6005);
#6007=IFCCARTESIANPOINT((0.,0.028));
#6008=IFCAXIS2PLACEMENT2D(#6007,$);
#6009=IFCRECTANGLEPROFILEDEF(.AREA.,$,#6008,1.,0.036);
#6010=IFCCARTESIANPOINT((0.,0.,0.));
#6011=IFCAXIS2PLACEMENT3D(#6010,$,$);
#6012=IFCDIRECTION((0.,0.,1.));
#6013=IFCEXTRUDEDAREASOLID(#6009,#6011,#6012,0.5);
#6014=IFCSTYLEDITEM(#6013,(#3183),$);
#6015=IFCCARTESIANPOINT((0.,-0.028));
#6016=IFCAXIS2PLACEMENT2D(#6015,$);
#6017=IFCRECTANGLEPROFILEDEF(.AREA.,$,#6016,1.,0.036);
#6018=IFCCARTESIANPOINT((0.,0.,0.));
#6019=IFCAXIS2PLACEMENT3D(#6018,$,$);
#6020=IFCDIRECTION((0.,0.,1.));
#6021=IFCEXTRUDEDAREASOLID(#6017,#6019,#6020,0.48);
#6022=IFCSTYLEDITEM(#6021,(#3183),$);
#6023=IFCCARTESIANPOINT((0.,0.));
#6024=IFCAXIS2PLACEMENT2D(#6023,$);
#6025=IFCRECTANGLEPROFILEDEF(.AREA.,$,#6024,0.96,0.085);
#6026=IFCCARTESIANPOINT((0.,0.,0.46));
#6027=IFCAXIS2PLACEMENT3D(#6026,$,$);
#6028=IFCDIRECTION((0.,0.,1.));
#6029=IFCEXTRUDEDAREASOLID(#6025,#6027,#6028,0.04);
#6030=IFCSTYLEDITEM(#6029,(#3194),$);
#6031=IFCCARTESIANPOINT((0.46,0.028));
#6032=IFCAXIS2PLACEMENT2D(#6031,$);
#6033=IFCCIRCLEPROFILEDEF(.AREA.,$,#6032,0.03);
#6034=IFCCARTESIANPOINT((0.,0.,0.5));
#6035=IFCAXIS2PLACEMENT3D(#6034,$,$);
#6036=IFCDIRECTION((0.,0.,1.));
#6037=IFCEXTRUDEDAREASOLID(#6033,#6035,#6036,0.06);
#6038=IFCSTYLEDITEM(#6037,(#4148),$);
#6039=IFCSHAPEREPRESENTATION(#12,'Body','SweptSolid',(#6013,#6021,#6029,#6037));
#6040=IFCPRODUCTDEFINITIONSHAPE($,$,(#6039));
#6041=IFCSPACEHEATER('3PYnNlAeUDRnwEInEDubG9',#5,'Radiator','Skanna asset library',$,#6006,#6040,$,.RADIATOR.);
#6042=IFCCARTESIANPOINT((8.62,15.74,1.6));
#6043=IFCDIRECTION((0.,0.,1.));
#6044=IFCDIRECTION((1.,0.,0.));
#6045=IFCAXIS2PLACEMENT3D(#6042,#6043,#6044);
#6046=IFCLOCALPLACEMENT(#26,#6045);
#6047=IFCINDEXEDPOLYGONALFACE((1,2,3));
#6048=IFCINDEXEDPOLYGONALFACE((1,3,4));
#6049=IFCINDEXEDPOLYGONALFACE((2,5,6));
#6050=IFCINDEXEDPOLYGONALFACE((2,6,3));
#6051=IFCINDEXEDPOLYGONALFACE((5,7,8));
#6052=IFCINDEXEDPOLYGONALFACE((5,8,6));
#6053=IFCINDEXEDPOLYGONALFACE((7,9,10));
#6054=IFCINDEXEDPOLYGONALFACE((7,10,8));
#6055=IFCINDEXEDPOLYGONALFACE((9,11,12));
#6056=IFCINDEXEDPOLYGONALFACE((9,12,10));
#6057=IFCINDEXEDPOLYGONALFACE((11,13,14));
#6058=IFCINDEXEDPOLYGONALFACE((11,14,12));
#6059=IFCINDEXEDPOLYGONALFACE((13,15,16));
#6060=IFCINDEXEDPOLYGONALFACE((13,16,14));
#6061=IFCINDEXEDPOLYGONALFACE((15,17,18));
#6062=IFCINDEXEDPOLYGONALFACE((15,18,16));
#6063=IFCINDEXEDPOLYGONALFACE((17,19,20));
#6064=IFCINDEXEDPOLYGONALFACE((17,20,18));
#6065=IFCINDEXEDPOLYGONALFACE((19,21,22));
#6066=IFCINDEXEDPOLYGONALFACE((19,22,20));
#6067=IFCINDEXEDPOLYGONALFACE((21,23,24));
#6068=IFCINDEXEDPOLYGONALFACE((21,24,22));
#6069=IFCINDEXEDPOLYGONALFACE((23,25,26));
#6070=IFCINDEXEDPOLYGONALFACE((23,26,24));
#6071=IFCINDEXEDPOLYGONALFACE((25,27,28));
#6072=IFCINDEXEDPOLYGONALFACE((25,28,26));
#6073=IFCINDEXEDPOLYGONALFACE((27,29,30));
#6074=IFCINDEXEDPOLYGONALFACE((27,30,28));
#6075=IFCINDEXEDPOLYGONALFACE((29,31,32));
#6076=IFCINDEXEDPOLYGONALFACE((29,32,30));
#6077=IFCINDEXEDPOLYGONALFACE((31,1,4));
#6078=IFCINDEXEDPOLYGONALFACE((31,4,32));
#6079=IFCINDEXEDPOLYGONALFACE((1,5,2));
#6080=IFCINDEXEDPOLYGONALFACE((4,3,6));
#6081=IFCINDEXEDPOLYGONALFACE((1,7,5));
#6082=IFCINDEXEDPOLYGONALFACE((4,6,8));
#6083=IFCINDEXEDPOLYGONALFACE((1,9,7));
#6084=IFCINDEXEDPOLYGONALFACE((4,8,10));
#6085=IFCINDEXEDPOLYGONALFACE((1,11,9));
#6086=IFCINDEXEDPOLYGONALFACE((4,10,12));
#6087=IFCINDEXEDPOLYGONALFACE((1,13,11));
#6088=IFCINDEXEDPOLYGONALFACE((4,12,14));
#6089=IFCINDEXEDPOLYGONALFACE((1,15,13));
#6090=IFCINDEXEDPOLYGONALFACE((4,14,16));
#6091=IFCINDEXEDPOLYGONALFACE((1,17,15));
#6092=IFCINDEXEDPOLYGONALFACE((4,16,18));
#6093=IFCINDEXEDPOLYGONALFACE((1,19,17));
#6094=IFCINDEXEDPOLYGONALFACE((4,18,20));
#6095=IFCINDEXEDPOLYGONALFACE((1,21,19));
#6096=IFCINDEXEDPOLYGONALFACE((4,20,22));
#6097=IFCINDEXEDPOLYGONALFACE((1,23,21));
#6098=IFCINDEXEDPOLYGONALFACE((4,22,24));
#6099=IFCINDEXEDPOLYGONALFACE((1,25,23));
#6100=IFCINDEXEDPOLYGONALFACE((4,24,26));
#6101=IFCINDEXEDPOLYGONALFACE((1,27,25));
#6102=IFCINDEXEDPOLYGONALFACE((4,26,28));
#6103=IFCINDEXEDPOLYGONALFACE((1,29,27));
#6104=IFCINDEXEDPOLYGONALFACE((4,28,30));
#6105=IFCINDEXEDPOLYGONALFACE((1,31,29));
#6106=IFCINDEXEDPOLYGONALFACE((4,30,32));
#6107=IFCCARTESIANPOINTLIST3D(((0.185,-0.024,0.),(0.1925,-0.02199,0.),(0.1925,-0.02199,0.5),(0.185,-0.024,0.5),(0.19799,-0.0165,0.),(0.19799,-0.0165,0.5),(0.2,-0.009,0.),(0.2,-0.009,0.5),(0.2,0.045,0.),(0.2,0.045,0.5),(0.19799,0.0525,0.),(0.19799,0.0525,0.5),(0.1925,0.05799,0.),(0.1925,0.05799,0.5),(0.185,0.06,0.),(0.185,0.06,0.5),(-0.185,0.06,0.),(-0.185,0.06,0.5),(-0.1925,0.05799,0.),(-0.1925,0.05799,0.5),(-0.19799,0.0525,0.),(-0.19799,0.0525,0.5),(-0.2,0.045,0.),(-0.2,0.045,0.5),(-0.2,-0.009,0.),(-0.2,-0.009,0.5),(-0.19799,-0.0165,0.),(-0.19799,-0.0165,0.5),(-0.1925,-0.02199,0.),(-0.1925,-0.02199,0.5),(-0.185,-0.024,0.),(-0.185,-0.024,0.5)));
#6108=IFCPOLYGONALFACESET(#6107,.T.,(#6047,#6048,#6049,#6050,#6051,#6052,#6053,#6054,#6055,#6056,#6057,#6058,#6059,#6060,#6061,#6062,#6063,#6064,#6065,#6066,#6067,#6068,#6069,#6070,#6071,#6072,#6073,#6074,#6075,#6076,#6077,#6078,#6079,#6080,#6081,#6082,#6083,#6084,#6085,#6086,#6087,#6088,#6089,#6090,#6091,#6092,#6093,#6094,#6095,#6096,#6097,#6098,#6099,#6100,#6101,#6102,#6103,#6104,#6105,#6106),$);
#6109=IFCSTYLEDITEM(#6108,(#3816),$);
#6110=IFCCARTESIANPOINT((0.,-0.0408));
#6111=IFCAXIS2PLACEMENT2D(#6110,$);
#6112=IFCRECTANGLEPROFILEDEF(.AREA.,$,#6111,0.36,0.0384);
#6113=IFCCARTESIANPOINT((0.,0.,0.025));
#6114=IFCAXIS2PLACEMENT3D(#6113,$,$);
#6115=IFCDIRECTION((0.,0.,1.));
#6116=IFCEXTRUDEDAREASOLID(#6112,#6114,#6115,0.45);
#6117=IFCCOLOURRGB($,0.968627,0.968627,0.960784);
#6118=IFCSURFACESTYLESHADING(#6117,0.);
#6119=IFCSURFACESTYLE('#f7f7f5',.BOTH.,(#6118));
#6120=IFCSTYLEDITEM(#6116,(#6119),$);
#6121=IFCINDEXEDPOLYGONALFACE((1,2,3));
#6122=IFCINDEXEDPOLYGONALFACE((1,3,4));
#6123=IFCINDEXEDPOLYGONALFACE((2,5,6));
#6124=IFCINDEXEDPOLYGONALFACE((2,6,3));
#6125=IFCINDEXEDPOLYGONALFACE((5,7,8));
#6126=IFCINDEXEDPOLYGONALFACE((5,8,6));
#6127=IFCINDEXEDPOLYGONALFACE((7,9,10));
#6128=IFCINDEXEDPOLYGONALFACE((7,10,8));
#6129=IFCINDEXEDPOLYGONALFACE((9,11,12));
#6130=IFCINDEXEDPOLYGONALFACE((9,12,10));
#6131=IFCINDEXEDPOLYGONALFACE((11,13,14));
#6132=IFCINDEXEDPOLYGONALFACE((11,14,12));
#6133=IFCINDEXEDPOLYGONALFACE((13,15,16));
#6134=IFCINDEXEDPOLYGONALFACE((13,16,14));
#6135=IFCINDEXEDPOLYGONALFACE((15,17,18));
#6136=IFCINDEXEDPOLYGONALFACE((15,18,16));
#6137=IFCINDEXEDPOLYGONALFACE((17,19,20));
#6138=IFCINDEXEDPOLYGONALFACE((17,20,18));
#6139=IFCINDEXEDPOLYGONALFACE((19,21,22));
#6140=IFCINDEXEDPOLYGONALFACE((19,22,20));
#6141=IFCINDEXEDPOLYGONALFACE((21,23,24));
#6142=IFCINDEXEDPOLYGONALFACE((21,24,22));
#6143=IFCINDEXEDPOLYGONALFACE((23,25,26));
#6144=IFCINDEXEDPOLYGONALFACE((23,26,24));
#6145=IFCINDEXEDPOLYGONALFACE((25,27,28));
#6146=IFCINDEXEDPOLYGONALFACE((25,28,26));
#6147=IFCINDEXEDPOLYGONALFACE((27,29,30));
#6148=IFCINDEXEDPOLYGONALFACE((27,30,28));
#6149=IFCINDEXEDPOLYGONALFACE((29,31,32));
#6150=IFCINDEXEDPOLYGONALFACE((29,32,30));
#6151=IFCINDEXEDPOLYGONALFACE((31,1,4));
#6152=IFCINDEXEDPOLYGONALFACE((31,4,32));
#6153=IFCINDEXEDPOLYGONALFACE((1,5,2));
#6154=IFCINDEXEDPOLYGONALFACE((4,3,6));
#6155=IFCINDEXEDPOLYGONALFACE((1,7,5));
#6156=IFCINDEXEDPOLYGONALFACE((4,6,8));
#6157=IFCINDEXEDPOLYGONALFACE((1,9,7));
#6158=IFCINDEXEDPOLYGONALFACE((4,8,10));
#6159=IFCINDEXEDPOLYGONALFACE((1,11,9));
#6160=IFCINDEXEDPOLYGONALFACE((4,10,12));
#6161=IFCINDEXEDPOLYGONALFACE((1,13,11));
#6162=IFCINDEXEDPOLYGONALFACE((4,12,14));
#6163=IFCINDEXEDPOLYGONALFACE((1,15,13));
#6164=IFCINDEXEDPOLYGONALFACE((4,14,16));
#6165=IFCINDEXEDPOLYGONALFACE((1,17,15));
#6166=IFCINDEXEDPOLYGONALFACE((4,16,18));
#6167=IFCINDEXEDPOLYGONALFACE((1,19,17));
#6168=IFCINDEXEDPOLYGONALFACE((4,18,20));
#6169=IFCINDEXEDPOLYGONALFACE((1,21,19));
#6170=IFCINDEXEDPOLYGONALFACE((4,20,22));
#6171=IFCINDEXEDPOLYGONALFACE((1,23,21));
#6172=IFCINDEXEDPOLYGONALFACE((4,22,24));
#6173=IFCINDEXEDPOLYGONALFACE((1,25,23));
#6174=IFCINDEXEDPOLYGONALFACE((4,24,26));
#6175=IFCINDEXEDPOLYGONALFACE((1,27,25));
#6176=IFCINDEXEDPOLYGONALFACE((4,26,28));
#6177=IFCINDEXEDPOLYGONALFACE((1,29,27));
#6178=IFCINDEXEDPOLYGONALFACE((4,28,30));
#6179=IFCINDEXEDPOLYGONALFACE((1,31,29));
#6180=IFCINDEXEDPOLYGONALFACE((4,30,32));
#6181=IFCCARTESIANPOINTLIST3D(((0.148,-0.0612,0.2),(0.152,-0.060128,0.2),(0.152,-0.060128,0.3),(0.148,-0.0612,0.3),(0.154928,-0.0572,0.2),(0.154928,-0.0572,0.3),(0.156,-0.0532,0.2),(0.156,-0.0532,0.3),(0.156,-0.0524,0.2),(0.156,-0.0524,0.3),(0.154928,-0.0484,0.2),(0.154928,-0.0484,0.3),(0.152,-0.045472,0.2),(0.152,-0.045472,0.3),(0.148,-0.0444,0.2),(0.148,-0.0444,0.3),(-0.148,-0.0444,0.2),(-0.148,-0.0444,0.3),(-0.152,-0.045472,0.2),(-0.152,-0.045472,0.3),(-0.154928,-0.0484,0.2),(-0.154928,-0.0484,0.3),(-0.156,-0.0524,0.2),(-0.156,-0.0524,0.3),(-0.156,-0.0532,0.2),(-0.156,-0.0532,0.3),(-0.154928,-0.0572,0.2),(-0.154928,-0.0572,0.3),(-0.152,-0.060128,0.2),(-0.152,-0.060128,0.3),(-0.148,-0.0612,0.2),(-0.148,-0.0612,0.3)));
#6182=IFCPOLYGONALFACESET(#6181,.T.,(#6121,#6122,#6123,#6124,#6125,#6126,#6127,#6128,#6129,#6130,#6131,#6132,#6133,#6134,#6135,#6136,#6137,#6138,#6139,#6140,#6141,#6142,#6143,#6144,#6145,#6146,#6147,#6148,#6149,#6150,#6151,#6152,#6153,#6154,#6155,#6156,#6157,#6158,#6159,#6160,#6161,#6162,#6163,#6164,#6165,#6166,#6167,#6168,#6169,#6170,#6171,#6172,#6173,#6174,#6175,#6176,#6177,#6178,#6179,#6180),$);
#6183=IFCCOLOURRGB($,0.133333,0.145098,0.164706);
#6184=IFCSURFACESTYLESHADING(#6183,0.);
#6185=IFCSURFACESTYLE('#22252a',.BOTH.,(#6184));
#6186=IFCSTYLEDITEM(#6182,(#6185),$);
#6187=IFCCARTESIANPOINT((0.,-0.0588));
#6188=IFCAXIS2PLACEMENT2D(#6187,$);
#6189=IFCRECTANGLEPROFILEDEF(.AREA.,$,#6188,0.28,0.0072);
#6190=IFCCARTESIANPOINT((0.,0.,0.235));
#6191=IFCAXIS2PLACEMENT3D(#6190,$,$);
#6192=IFCDIRECTION((0.,0.,1.));
#6193=IFCEXTRUDEDAREASOLID(#6189,#6191,#6192,0.03);
#6194=IFCSTYLEDITEM(#6193,(#6119),$);
#6195=IFCSHAPEREPRESENTATION(#12,'Body','SolidModel',(#6108,#6116,#6182,#6193));
#6196=IFCPRODUCTDEFINITIONSHAPE($,$,(#6195));
#6197=IFCELECTRICDISTRIBUTIONBOARD('2H7MEJvTDFfZAvKmHFbaMK',#5,'Distribution board','Skanna asset library',$,#6046,#6196,$,.CONSUMERUNIT.);
#6198=IFCPROPERTYSINGLEVALUE('Into text',$,IFCTEXT('123'),$);
#6199=IFCPROPERTYSET('3zbzYv5h94O4t7_NPmFzhl',#5,'Skanna_Properties','Author properties (Skanna)',(#6198));
#6200=IFCRELDEFINESBYPROPERTIES('35URLSnzd2QckL7zvpGs0J',#5,$,$,(#6197),#6199);
#6201=IFCCARTESIANPOINT((8.74,13.45,1.5));
#6202=IFCDIRECTION((0.,0.,1.));
#6203=IFCDIRECTION((1.,0.,0.));
#6204=IFCAXIS2PLACEMENT3D(#6201,#6202,#6203);
#6205=IFCLOCALPLACEMENT(#26,#6204);
#6206=IFCCARTESIANPOINT((0.,0.));
#6207=IFCAXIS2PLACEMENT2D(#6206,$);
#6208=IFCRECTANGLEPROFILEDEF(.AREA.,$,#6207,0.54,0.45);
#6209=IFCCARTESIANPOINT((0.,0.,0.));
#6210=IFCAXIS2PLACEMENT3D(#6209,$,$);
#6211=IFCDIRECTION((0.,0.,1.));
#6212=IFCEXTRUDEDAREASOLID(#6208,#6210,#6211,0.021);
#6213=IFCSTYLEDITEM(#6212,(#4833),$);
#6214=IFCINDEXEDPOLYGONALFACE((1,2,3));
#6215=IFCINDEXEDPOLYGONALFACE((1,3,4));
#6216=IFCINDEXEDPOLYGONALFACE((2,5,6));
#6217=IFCINDEXEDPOLYGONALFACE((2,6,3));
#6218=IFCINDEXEDPOLYGONALFACE((5,7,8));
#6219=IFCINDEXEDPOLYGONALFACE((5,8,6));
#6220=IFCINDEXEDPOLYGONALFACE((7,9,10));
#6221=IFCINDEXEDPOLYGONALFACE((7,10,8));
#6222=IFCINDEXEDPOLYGONALFACE((9,11,12));
#6223=IFCINDEXEDPOLYGONALFACE((9,12,10));
#6224=IFCINDEXEDPOLYGONALFACE((11,13,14));
#6225=IFCINDEXEDPOLYGONALFACE((11,14,12));
#6226=IFCINDEXEDPOLYGONALFACE((13,15,16));
#6227=IFCINDEXEDPOLYGONALFACE((13,16,14));
#6228=IFCINDEXEDPOLYGONALFACE((15,17,18));
#6229=IFCINDEXEDPOLYGONALFACE((15,18,16));
#6230=IFCINDEXEDPOLYGONALFACE((17,19,20));
#6231=IFCINDEXEDPOLYGONALFACE((17,20,18));
#6232=IFCINDEXEDPOLYGONALFACE((19,21,22));
#6233=IFCINDEXEDPOLYGONALFACE((19,22,20));
#6234=IFCINDEXEDPOLYGONALFACE((21,23,24));
#6235=IFCINDEXEDPOLYGONALFACE((21,24,22));
#6236=IFCINDEXEDPOLYGONALFACE((23,25,26));
#6237=IFCINDEXEDPOLYGONALFACE((23,26,24));
#6238=IFCINDEXEDPOLYGONALFACE((25,27,28));
#6239=IFCINDEXEDPOLYGONALFACE((25,28,26));
#6240=IFCINDEXEDPOLYGONALFACE((27,29,30));
#6241=IFCINDEXEDPOLYGONALFACE((27,30,28));
#6242=IFCINDEXEDPOLYGONALFACE((29,31,32));
#6243=IFCINDEXEDPOLYGONALFACE((29,32,30));
#6244=IFCINDEXEDPOLYGONALFACE((31,1,4));
#6245=IFCINDEXEDPOLYGONALFACE((31,4,32));
#6246=IFCINDEXEDPOLYGONALFACE((1,5,2));
#6247=IFCINDEXEDPOLYGONALFACE((4,3,6));
#6248=IFCINDEXEDPOLYGONALFACE((1,7,5));
#6249=IFCINDEXEDPOLYGONALFACE((4,6,8));
#6250=IFCINDEXEDPOLYGONALFACE((1,9,7));
#6251=IFCINDEXEDPOLYGONALFACE((4,8,10));
#6252=IFCINDEXEDPOLYGONALFACE((1,11,9));
#6253=IFCINDEXEDPOLYGONALFACE((4,10,12));
#6254=IFCINDEXEDPOLYGONALFACE((1,13,11));
#6255=IFCINDEXEDPOLYGONALFACE((4,12,14));
#6256=IFCINDEXEDPOLYGONALFACE((1,15,13));
#6257=IFCINDEXEDPOLYGONALFACE((4,14,16));
#6258=IFCINDEXEDPOLYGONALFACE((1,17,15));
#6259=IFCINDEXEDPOLYGONALFACE((4,16,18));
#6260=IFCINDEXEDPOLYGONALFACE((1,19,17));
#6261=IFCINDEXEDPOLYGONALFACE((4,18,20));
#6262=IFCINDEXEDPOLYGONALFACE((1,21,19));
#6263=IFCINDEXEDPOLYGONALFACE((4,20,22));
#6264=IFCINDEXEDPOLYGONALFACE((1,23,21));
#6265=IFCINDEXEDPOLYGONALFACE((4,22,24));
#6266=IFCINDEXEDPOLYGONALFACE((1,25,23));
#6267=IFCINDEXEDPOLYGONALFACE((4,24,26));
#6268=IFCINDEXEDPOLYGONALFACE((1,27,25));
#6269=IFCINDEXEDPOLYGONALFACE((4,26,28));
#6270=IFCINDEXEDPOLYGONALFACE((1,29,27));
#6271=IFCINDEXEDPOLYGONALFACE((4,28,30));
#6272=IFCINDEXEDPOLYGONALFACE((1,31,29));
#6273=IFCINDEXEDPOLYGONALFACE((4,30,32));
#6274=IFCCARTESIANPOINTLIST3D(((0.29,-0.25,0.014),(0.295,-0.24866,0.014),(0.295,-0.24866,0.112),(0.29,-0.25,0.112),(0.29866,-0.245,0.014),(0.29866,-0.245,0.112),(0.3,-0.24,0.014),(0.3,-0.24,0.112),(0.3,0.24,0.014),(0.3,0.24,0.112),(0.29866,0.245,0.014),(0.29866,0.245,0.112),(0.295,0.24866,0.014),(0.295,0.24866,0.112),(0.29,0.25,0.014),(0.29,0.25,0.112),(-0.29,0.25,0.014),(-0.29,0.25,0.112),(-0.295,0.24866,0.014),(-0.295,0.24866,0.112),(-0.29866,0.245,0.014),(-0.29866,0.245,0.112),(-0.3,0.24,0.014),(-0.3,0.24,0.112),(-0.3,-0.24,0.014),(-0.3,-0.24,0.112),(-0.29866,-0.245,0.014),(-0.29866,-0.245,0.112),(-0.295,-0.24866,0.014),(-0.295,-0.24866,0.112),(-0.29,-0.25,0.014),(-0.29,-0.25,0.112)));
#6275=IFCPOLYGONALFACESET(#6274,.T.,(#6214,#6215,#6216,#6217,#6218,#6219,#6220,#6221,#6222,#6223,#6224,#6225,#6226,#6227,#6228,#6229,#6230,#6231,#6232,#6233,#6234,#6235,#6236,#6237,#6238,#6239,#6240,#6241,#6242,#6243,#6244,#6245,#6246,#6247,#6248,#6249,#6250,#6251,#6252,#6253,#6254,#6255,#6256,#6257,#6258,#6259,#6260,#6261,#6262,#6263,#6264,#6265,#6266,#6267,#6268,#6269,#6270,#6271,#6272,#6273),$);
#6276=IFCCOLOURRGB($,0.164706,0.172549,0.184314);
#6277=IFCSURFACESTYLESHADING(#6276,0.);
#6278=IFCSURFACESTYLE('#2A2C2F',.BOTH.,(#6277));
#6279=IFCSTYLEDITEM(#6275,(#6278),$);
#6280=IFCINDEXEDPOLYGONALFACE((1,2,3));
#6281=IFCINDEXEDPOLYGONALFACE((1,3,4));
#6282=IFCINDEXEDPOLYGONALFACE((2,5,6));
#6283=IFCINDEXEDPOLYGONALFACE((2,6,3));
#6284=IFCINDEXEDPOLYGONALFACE((5,7,8));
#6285=IFCINDEXEDPOLYGONALFACE((5,8,6));
#6286=IFCINDEXEDPOLYGONALFACE((7,1,4));
#6287=IFCINDEXEDPOLYGONALFACE((7,4,8));
#6288=IFCINDEXEDPOLYGONALFACE((1,5,2));
#6289=IFCINDEXEDPOLYGONALFACE((4,3,6));
#6290=IFCINDEXEDPOLYGONALFACE((1,7,5));
#6291=IFCINDEXEDPOLYGONALFACE((4,6,8));
#6292=IFCCARTESIANPOINTLIST3D(((-0.3,-0.215,0.112),(0.3,-0.215,0.112),(0.126,-0.0827,0.28),(-0.126,-0.0827,0.28),(0.3,0.275,0.112),(0.126,0.1427,0.28),(-0.3,0.275,0.112),(-0.126,0.1427,0.28)));
#6293=IFCPOLYGONALFACESET(#6292,.T.,(#6280,#6281,#6282,#6283,#6284,#6285,#6286,#6287,#6288,#6289,#6290,#6291),$);
#6294=IFCSTYLEDITEM(#6293,(#6278),$);
#6295=IFCCARTESIANPOINT((0.,0.09));
#6296=IFCAXIS2PLACEMENT2D(#6295,$);
#6297=IFCRECTANGLEPROFILEDEF(.AREA.,$,#6296,0.252,0.225);
#6298=IFCCARTESIANPOINT((0.,0.,0.266));
#6299=IFCAXIS2PLACEMENT3D(#6298,$,$);
#6300=IFCDIRECTION((0.,0.,1.));
#6301=IFCEXTRUDEDAREASOLID(#6297,#6299,#6300,0.434);
#6302=IFCSTYLEDITEM(#6301,(#6278),$);
#6303=IFCSHAPEREPRESENTATION(#12,'Body','SolidModel',(#6212,#6275,#6293,#6301));
#6304=IFCPRODUCTDEFINITIONSHAPE($,$,(#6303));
#6305=IFCELECTRICAPPLIANCE('1_rIBnv53$4aJKjDOiIydY',#5,'Cooker hood / extractor','Skanna asset library',$,#6205,#6304,$,.NOTDEFINED.);
#6306=IFCCARTESIANPOINT((11.22,1.36,2.65));
#6307=IFCDIRECTION((0.,0.,1.));
#6308=IFCDIRECTION((1.,0.,0.));
#6309=IFCAXIS2PLACEMENT3D(#6306,#6307,#6308);
#6310=IFCLOCALPLACEMENT(#26,#6309);
#6311=IFCINDEXEDPOLYGONALFACE((1,2,3));
#6312=IFCINDEXEDPOLYGONALFACE((1,3,4));
#6313=IFCINDEXEDPOLYGONALFACE((2,5,6));
#6314=IFCINDEXEDPOLYGONALFACE((2,6,3));
#6315=IFCINDEXEDPOLYGONALFACE((5,7,8));
#6316=IFCINDEXEDPOLYGONALFACE((5,8,6));
#6317=IFCINDEXEDPOLYGONALFACE((7,9,10));
#6318=IFCINDEXEDPOLYGONALFACE((7,10,8));
#6319=IFCINDEXEDPOLYGONALFACE((9,11,12));
#6320=IFCINDEXEDPOLYGONALFACE((9,12,10));
#6321=IFCINDEXEDPOLYGONALFACE((11,13,14));
#6322=IFCINDEXEDPOLYGONALFACE((11,14,12));
#6323=IFCINDEXEDPOLYGONALFACE((13,15,16));
#6324=IFCINDEXEDPOLYGONALFACE((13,16,14));
#6325=IFCINDEXEDPOLYGONALFACE((15,17,18));
#6326=IFCINDEXEDPOLYGONALFACE((15,18,16));
#6327=IFCINDEXEDPOLYGONALFACE((17,19,20));
#6328=IFCINDEXEDPOLYGONALFACE((17,20,18));
#6329=IFCINDEXEDPOLYGONALFACE((19,21,22));
#6330=IFCINDEXEDPOLYGONALFACE((19,22,20));
#6331=IFCINDEXEDPOLYGONALFACE((21,23,24));
#6332=IFCINDEXEDPOLYGONALFACE((21,24,22));
#6333=IFCINDEXEDPOLYGONALFACE((23,25,26));
#6334=IFCINDEXEDPOLYGONALFACE((23,26,24));
#6335=IFCINDEXEDPOLYGONALFACE((25,27,28));
#6336=IFCINDEXEDPOLYGONALFACE((25,28,26));
#6337=IFCINDEXEDPOLYGONALFACE((27,29,30));
#6338=IFCINDEXEDPOLYGONALFACE((27,30,28));
#6339=IFCINDEXEDPOLYGONALFACE((29,31,32));
#6340=IFCINDEXEDPOLYGONALFACE((29,32,30));
#6341=IFCINDEXEDPOLYGONALFACE((31,33,34));
#6342=IFCINDEXEDPOLYGONALFACE((31,34,32));
#6343=IFCINDEXEDPOLYGONALFACE((33,35,36));
#6344=IFCINDEXEDPOLYGONALFACE((33,36,34));
#6345=IFCINDEXEDPOLYGONALFACE((35,37,38));
#6346=IFCINDEXEDPOLYGONALFACE((35,38,36));
#6347=IFCINDEXEDPOLYGONALFACE((37,39,40));
#6348=IFCINDEXEDPOLYGONALFACE((37,40,38));
#6349=IFCINDEXEDPOLYGONALFACE((39,41,42));
#6350=IFCINDEXEDPOLYGONALFACE((39,42,40));
#6351=IFCINDEXEDPOLYGONALFACE((41,43,44));
#6352=IFCINDEXEDPOLYGONALFACE((41,44,42));
#6353=IFCINDEXEDPOLYGONALFACE((43,45,46));
#6354=IFCINDEXEDPOLYGONALFACE((43,46,44));
#6355=IFCINDEXEDPOLYGONALFACE((45,47,48));
#6356=IFCINDEXEDPOLYGONALFACE((45,48,46));
#6357=IFCINDEXEDPOLYGONALFACE((47,49,50));
#6358=IFCINDEXEDPOLYGONALFACE((47,50,48));
#6359=IFCINDEXEDPOLYGONALFACE((49,51,52));
#6360=IFCINDEXEDPOLYGONALFACE((49,52,50));
#6361=IFCINDEXEDPOLYGONALFACE((51,53,54));
#6362=IFCINDEXEDPOLYGONALFACE((51,54,52));
#6363=IFCINDEXEDPOLYGONALFACE((53,55,56));
#6364=IFCINDEXEDPOLYGONALFACE((53,56,54));
#6365=IFCINDEXEDPOLYGONALFACE((55,57,58));
#6366=IFCINDEXEDPOLYGONALFACE((55,58,56));
#6367=IFCINDEXEDPOLYGONALFACE((57,59,60));
#6368=IFCINDEXEDPOLYGONALFACE((57,60,58));
#6369=IFCINDEXEDPOLYGONALFACE((59,61,62));
#6370=IFCINDEXEDPOLYGONALFACE((59,62,60));
#6371=IFCINDEXEDPOLYGONALFACE((61,63,64));
#6372=IFCINDEXEDPOLYGONALFACE((61,64,62));
#6373=IFCINDEXEDPOLYGONALFACE((63,1,4));
#6374=IFCINDEXEDPOLYGONALFACE((63,4,64));
#6375=IFCINDEXEDPOLYGONALFACE((1,5,2));
#6376=IFCINDEXEDPOLYGONALFACE((4,3,6));
#6377=IFCINDEXEDPOLYGONALFACE((1,7,5));
#6378=IFCINDEXEDPOLYGONALFACE((4,6,8));
#6379=IFCINDEXEDPOLYGONALFACE((1,9,7));
#6380=IFCINDEXEDPOLYGONALFACE((4,8,10));
#6381=IFCINDEXEDPOLYGONALFACE((1,11,9));
#6382=IFCINDEXEDPOLYGONALFACE((4,10,12));
#6383=IFCINDEXEDPOLYGONALFACE((1,13,11));
#6384=IFCINDEXEDPOLYGONALFACE((4,12,14));
#6385=IFCINDEXEDPOLYGONALFACE((1,15,13));
#6386=IFCINDEXEDPOLYGONALFACE((4,14,16));
#6387=IFCINDEXEDPOLYGONALFACE((1,17,15));
#6388=IFCINDEXEDPOLYGONALFACE((4,16,18));
#6389=IFCINDEXEDPOLYGONALFACE((1,19,17));
#6390=IFCINDEXEDPOLYGONALFACE((4,18,20));
#6391=IFCINDEXEDPOLYGONALFACE((1,21,19));
#6392=IFCINDEXEDPOLYGONALFACE((4,20,22));
#6393=IFCINDEXEDPOLYGONALFACE((1,23,21));
#6394=IFCINDEXEDPOLYGONALFACE((4,22,24));
#6395=IFCINDEXEDPOLYGONALFACE((1,25,23));
#6396=IFCINDEXEDPOLYGONALFACE((4,24,26));
#6397=IFCINDEXEDPOLYGONALFACE((1,27,25));
#6398=IFCINDEXEDPOLYGONALFACE((4,26,28));
#6399=IFCINDEXEDPOLYGONALFACE((1,29,27));
#6400=IFCINDEXEDPOLYGONALFACE((4,28,30));
#6401=IFCINDEXEDPOLYGONALFACE((1,31,29));
#6402=IFCINDEXEDPOLYGONALFACE((4,30,32));
#6403=IFCINDEXEDPOLYGONALFACE((1,33,31));
#6404=IFCINDEXEDPOLYGONALFACE((4,32,34));
#6405=IFCINDEXEDPOLYGONALFACE((1,35,33));
#6406=IFCINDEXEDPOLYGONALFACE((4,34,36));
#6407=IFCINDEXEDPOLYGONALFACE((1,37,35));
#6408=IFCINDEXEDPOLYGONALFACE((4,36,38));
#6409=IFCINDEXEDPOLYGONALFACE((1,39,37));
#6410=IFCINDEXEDPOLYGONALFACE((4,38,40));
#6411=IFCINDEXEDPOLYGONALFACE((1,41,39));
#6412=IFCINDEXEDPOLYGONALFACE((4,40,42));
#6413=IFCINDEXEDPOLYGONALFACE((1,43,41));
#6414=IFCINDEXEDPOLYGONALFACE((4,42,44));
#6415=IFCINDEXEDPOLYGONALFACE((1,45,43));
#6416=IFCINDEXEDPOLYGONALFACE((4,44,46));
#6417=IFCINDEXEDPOLYGONALFACE((1,47,45));
#6418=IFCINDEXEDPOLYGONALFACE((4,46,48));
#6419=IFCINDEXEDPOLYGONALFACE((1,49,47));
#6420=IFCINDEXEDPOLYGONALFACE((4,48,50));
#6421=IFCINDEXEDPOLYGONALFACE((1,51,49));
#6422=IFCINDEXEDPOLYGONALFACE((4,50,52));
#6423=IFCINDEXEDPOLYGONALFACE((1,53,51));
#6424=IFCINDEXEDPOLYGONALFACE((4,52,54));
#6425=IFCINDEXEDPOLYGONALFACE((1,55,53));
#6426=IFCINDEXEDPOLYGONALFACE((4,54,56));
#6427=IFCINDEXEDPOLYGONALFACE((1,57,55));
#6428=IFCINDEXEDPOLYGONALFACE((4,56,58));
#6429=IFCINDEXEDPOLYGONALFACE((1,59,57));
#6430=IFCINDEXEDPOLYGONALFACE((4,58,60));
#6431=IFCINDEXEDPOLYGONALFACE((1,61,59));
#6432=IFCINDEXEDPOLYGONALFACE((4,60,62));
#6433=IFCINDEXEDPOLYGONALFACE((1,63,61));
#6434=IFCINDEXEDPOLYGONALFACE((4,62,64));
#6435=IFCCARTESIANPOINTLIST3D(((0.05,0.,0.014),(0.049039,0.009755,0.014),(0.040212,0.007999,0.05),(0.041,0.,0.05),(0.046194,0.019134,0.014),(0.037879,0.01569,0.05),(0.041573,0.027779,0.014),(0.03409,0.022778,0.05),(0.035355,0.035355,0.014),(0.028991,0.028991,0.05),(0.027779,0.041573,0.014),(0.022778,0.03409,0.05),(0.019134,0.046194,0.014),(0.01569,0.037879,0.05),(0.009755,0.049039,0.014),(0.007999,0.040212,0.05),(0.,0.05,0.014),(0.,0.041,0.05),(-0.009755,0.049039,0.014),(-0.007999,0.040212,0.05),(-0.019134,0.046194,0.014),(-0.01569,0.037879,0.05),(-0.027779,0.041573,0.014),(-0.022778,0.03409,0.05),(-0.035355,0.035355,0.014),(-0.028991,0.028991,0.05),(-0.041573,0.027779,0.014),(-0.03409,0.022778,0.05),(-0.046194,0.019134,0.014),(-0.037879,0.01569,0.05),(-0.049039,0.009755,0.014),(-0.040212,0.007999,0.05),(-0.05,0.,0.014),(-0.041,0.,0.05),(-0.049039,-0.009755,0.014),(-0.040212,-0.007999,0.05),(-0.046194,-0.019134,0.014),(-0.037879,-0.01569,0.05),(-0.041573,-0.027779,0.014),(-0.03409,-0.022778,0.05),(-0.035355,-0.035355,0.014),(-0.028991,-0.028991,0.05),(-0.027779,-0.041573,0.014),(-0.022778,-0.03409,0.05),(-0.019134,-0.046194,0.014),(-0.01569,-0.037879,0.05),(-0.009755,-0.049039,0.014),(-0.007999,-0.040212,0.05),(0.,-0.05,0.014),(0.,-0.041,0.05),(0.009755,-0.049039,0.014),(0.007999,-0.040212,0.05),(0.019134,-0.046194,0.014),(0.01569,-0.037879,0.05),(0.027779,-0.041573,0.014),(0.022778,-0.03409,0.05),(0.035355,-0.035355,0.014),(0.028991,-0.028991,0.05),(0.041573,-0.027779,0.014),(0.03409,-0.022778,0.05),(0.046194,-0.019134,0.014),(0.037879,-0.01569,0.05),(0.049039,-0.009755,0.014),(0.040212,-0.007999,0.05)));
#6436=IFCPOLYGONALFACESET(#6435,.T.,(#6311,#6312,#6313,#6314,#6315,#6316,#6317,#6318,#6319,#6320,#6321,#6322,#6323,#6324,#6325,#6326,#6327,#6328,#6329,#6330,#6331,#6332,#6333,#6334,#6335,#6336,#6337,#6338,#6339,#6340,#6341,#6342,#6343,#6344,#6345,#6346,#6347,#6348,#6349,#6350,#6351,#6352,#6353,#6354,#6355,#6356,#6357,#6358,#6359,#6360,#6361,#6362,#6363,#6364,#6365,#6366,#6367,#6368,#6369,#6370,#6371,#6372,#6373,#6374,#6375,#6376,#6377,#6378,#6379,#6380,#6381,#6382,#6383,#6384,#6385,#6386,#6387,#6388,#6389,#6390,#6391,#6392,#6393,#6394,#6395,#6396,#6397,#6398,#6399,#6400,#6401,#6402,#6403,#6404,#6405,#6406,#6407,#6408,#6409,#6410,#6411,#6412,#6413,#6414,#6415,#6416,#6417,#6418,#6419,#6420,#6421,#6422,#6423,#6424,#6425,#6426,#6427,#6428,#6429,#6430,#6431,#6432,#6433,#6434),$);
#6437=IFCSTYLEDITEM(#6436,(#3816),$);
#6438=IFCINDEXEDPOLYGONALFACE((1,2,3));
#6439=IFCINDEXEDPOLYGONALFACE((1,3,4));
#6440=IFCINDEXEDPOLYGONALFACE((2,5,6));
#6441=IFCINDEXEDPOLYGONALFACE((2,6,3));
#6442=IFCINDEXEDPOLYGONALFACE((5,7,8));
#6443=IFCINDEXEDPOLYGONALFACE((5,8,6));
#6444=IFCINDEXEDPOLYGONALFACE((7,9,10));
#6445=IFCINDEXEDPOLYGONALFACE((7,10,8));
#6446=IFCINDEXEDPOLYGONALFACE((9,11,12));
#6447=IFCINDEXEDPOLYGONALFACE((9,12,10));
#6448=IFCINDEXEDPOLYGONALFACE((11,13,14));
#6449=IFCINDEXEDPOLYGONALFACE((11,14,12));
#6450=IFCINDEXEDPOLYGONALFACE((13,15,16));
#6451=IFCINDEXEDPOLYGONALFACE((13,16,14));
#6452=IFCINDEXEDPOLYGONALFACE((15,17,18));
#6453=IFCINDEXEDPOLYGONALFACE((15,18,16));
#6454=IFCINDEXEDPOLYGONALFACE((17,19,20));
#6455=IFCINDEXEDPOLYGONALFACE((17,20,18));
#6456=IFCINDEXEDPOLYGONALFACE((19,21,22));
#6457=IFCINDEXEDPOLYGONALFACE((19,22,20));
#6458=IFCINDEXEDPOLYGONALFACE((21,23,24));
#6459=IFCINDEXEDPOLYGONALFACE((21,24,22));
#6460=IFCINDEXEDPOLYGONALFACE((23,25,26));
#6461=IFCINDEXEDPOLYGONALFACE((23,26,24));
#6462=IFCINDEXEDPOLYGONALFACE((25,27,28));
#6463=IFCINDEXEDPOLYGONALFACE((25,28,26));
#6464=IFCINDEXEDPOLYGONALFACE((27,29,30));
#6465=IFCINDEXEDPOLYGONALFACE((27,30,28));
#6466=IFCINDEXEDPOLYGONALFACE((29,31,32));
#6467=IFCINDEXEDPOLYGONALFACE((29,32,30));
#6468=IFCINDEXEDPOLYGONALFACE((31,33,34));
#6469=IFCINDEXEDPOLYGONALFACE((31,34,32));
#6470=IFCINDEXEDPOLYGONALFACE((33,35,36));
#6471=IFCINDEXEDPOLYGONALFACE((33,36,34));
#6472=IFCINDEXEDPOLYGONALFACE((35,37,38));
#6473=IFCINDEXEDPOLYGONALFACE((35,38,36));
#6474=IFCINDEXEDPOLYGONALFACE((37,39,40));
#6475=IFCINDEXEDPOLYGONALFACE((37,40,38));
#6476=IFCINDEXEDPOLYGONALFACE((39,41,42));
#6477=IFCINDEXEDPOLYGONALFACE((39,42,40));
#6478=IFCINDEXEDPOLYGONALFACE((41,43,44));
#6479=IFCINDEXEDPOLYGONALFACE((41,44,42));
#6480=IFCINDEXEDPOLYGONALFACE((43,45,46));
#6481=IFCINDEXEDPOLYGONALFACE((43,46,44));
#6482=IFCINDEXEDPOLYGONALFACE((45,47,48));
#6483=IFCINDEXEDPOLYGONALFACE((45,48,46));
#6484=IFCINDEXEDPOLYGONALFACE((47,49,50));
#6485=IFCINDEXEDPOLYGONALFACE((47,50,48));
#6486=IFCINDEXEDPOLYGONALFACE((49,51,52));
#6487=IFCINDEXEDPOLYGONALFACE((49,52,50));
#6488=IFCINDEXEDPOLYGONALFACE((51,53,54));
#6489=IFCINDEXEDPOLYGONALFACE((51,54,52));
#6490=IFCINDEXEDPOLYGONALFACE((53,55,56));
#6491=IFCINDEXEDPOLYGONALFACE((53,56,54));
#6492=IFCINDEXEDPOLYGONALFACE((55,57,58));
#6493=IFCINDEXEDPOLYGONALFACE((55,58,56));
#6494=IFCINDEXEDPOLYGONALFACE((57,59,60));
#6495=IFCINDEXEDPOLYGONALFACE((57,60,58));
#6496=IFCINDEXEDPOLYGONALFACE((59,61,62));
#6497=IFCINDEXEDPOLYGONALFACE((59,62,60));
#6498=IFCINDEXEDPOLYGONALFACE((61,63,64));
#6499=IFCINDEXEDPOLYGONALFACE((61,64,62));
#6500=IFCINDEXEDPOLYGONALFACE((63,1,4));
#6501=IFCINDEXEDPOLYGONALFACE((63,4,64));
#6502=IFCINDEXEDPOLYGONALFACE((1,5,2));
#6503=IFCINDEXEDPOLYGONALFACE((4,3,6));
#6504=IFCINDEXEDPOLYGONALFACE((1,7,5));
#6505=IFCINDEXEDPOLYGONALFACE((4,6,8));
#6506=IFCINDEXEDPOLYGONALFACE((1,9,7));
#6507=IFCINDEXEDPOLYGONALFACE((4,8,10));
#6508=IFCINDEXEDPOLYGONALFACE((1,11,9));
#6509=IFCINDEXEDPOLYGONALFACE((4,10,12));
#6510=IFCINDEXEDPOLYGONALFACE((1,13,11));
#6511=IFCINDEXEDPOLYGONALFACE((4,12,14));
#6512=IFCINDEXEDPOLYGONALFACE((1,15,13));
#6513=IFCINDEXEDPOLYGONALFACE((4,14,16));
#6514=IFCINDEXEDPOLYGONALFACE((1,17,15));
#6515=IFCINDEXEDPOLYGONALFACE((4,16,18));
#6516=IFCINDEXEDPOLYGONALFACE((1,19,17));
#6517=IFCINDEXEDPOLYGONALFACE((4,18,20));
#6518=IFCINDEXEDPOLYGONALFACE((1,21,19));
#6519=IFCINDEXEDPOLYGONALFACE((4,20,22));
#6520=IFCINDEXEDPOLYGONALFACE((1,23,21));
#6521=IFCINDEXEDPOLYGONALFACE((4,22,24));
#6522=IFCINDEXEDPOLYGONALFACE((1,25,23));
#6523=IFCINDEXEDPOLYGONALFACE((4,24,26));
#6524=IFCINDEXEDPOLYGONALFACE((1,27,25));
#6525=IFCINDEXEDPOLYGONALFACE((4,26,28));
#6526=IFCINDEXEDPOLYGONALFACE((1,29,27));
#6527=IFCINDEXEDPOLYGONALFACE((4,28,30));
#6528=IFCINDEXEDPOLYGONALFACE((1,31,29));
#6529=IFCINDEXEDPOLYGONALFACE((4,30,32));
#6530=IFCINDEXEDPOLYGONALFACE((1,33,31));
#6531=IFCINDEXEDPOLYGONALFACE((4,32,34));
#6532=IFCINDEXEDPOLYGONALFACE((1,35,33));
#6533=IFCINDEXEDPOLYGONALFACE((4,34,36));
#6534=IFCINDEXEDPOLYGONALFACE((1,37,35));
#6535=IFCINDEXEDPOLYGONALFACE((4,36,38));
#6536=IFCINDEXEDPOLYGONALFACE((1,39,37));
#6537=IFCINDEXEDPOLYGONALFACE((4,38,40));
#6538=IFCINDEXEDPOLYGONALFACE((1,41,39));
#6539=IFCINDEXEDPOLYGONALFACE((4,40,42));
#6540=IFCINDEXEDPOLYGONALFACE((1,43,41));
#6541=IFCINDEXEDPOLYGONALFACE((4,42,44));
#6542=IFCINDEXEDPOLYGONALFACE((1,45,43));
#6543=IFCINDEXEDPOLYGONALFACE((4,44,46));
#6544=IFCINDEXEDPOLYGONALFACE((1,47,45));
#6545=IFCINDEXEDPOLYGONALFACE((4,46,48));
#6546=IFCINDEXEDPOLYGONALFACE((1,49,47));
#6547=IFCINDEXEDPOLYGONALFACE((4,48,50));
#6548=IFCINDEXEDPOLYGONALFACE((1,51,49));
#6549=IFCINDEXEDPOLYGONALFACE((4,50,52));
#6550=IFCINDEXEDPOLYGONALFACE((1,53,51));
#6551=IFCINDEXEDPOLYGONALFACE((4,52,54));
#6552=IFCINDEXEDPOLYGONALFACE((1,55,53));
#6553=IFCINDEXEDPOLYGONALFACE((4,54,56));
#6554=IFCINDEXEDPOLYGONALFACE((1,57,55));
#6555=IFCINDEXEDPOLYGONALFACE((4,56,58));
#6556=IFCINDEXEDPOLYGONALFACE((1,59,57));
#6557=IFCINDEXEDPOLYGONALFACE((4,58,60));
#6558=IFCINDEXEDPOLYGONALFACE((1,61,59));
#6559=IFCINDEXEDPOLYGONALFACE((4,60,62));
#6560=IFCINDEXEDPOLYGONALFACE((1,63,61));
#6561=IFCINDEXEDPOLYGONALFACE((4,62,64));
#6562=IFCCARTESIANPOINTLIST3D(((0.037,0.,0.),(0.036289,0.007218,0.),(0.039918,0.00794,0.0145),(0.0407,0.,0.0145),(0.034184,0.014159,0.),(0.037602,0.015575,0.0145),(0.030764,0.020556,0.),(0.033841,0.022612,0.0145),(0.026163,0.026163,0.),(0.028779,0.028779,0.0145),(0.020556,0.030764,0.),(0.022612,0.033841,0.0145),(0.014159,0.034184,0.),(0.015575,0.037602,0.0145),(0.007218,0.036289,0.),(0.00794,0.039918,0.0145),(0.,0.037,0.),(0.,0.0407,0.0145),(-0.007218,0.036289,0.),(-0.00794,0.039918,0.0145),(-0.014159,0.034184,0.),(-0.015575,0.037602,0.0145),(-0.020556,0.030764,0.),(-0.022612,0.033841,0.0145),(-0.026163,0.026163,0.),(-0.028779,0.028779,0.0145),(-0.030764,0.020556,0.),(-0.033841,0.022612,0.0145),(-0.034184,0.014159,0.),(-0.037602,0.015575,0.0145),(-0.036289,0.007218,0.),(-0.039918,0.00794,0.0145),(-0.037,0.,0.),(-0.0407,0.,0.0145),(-0.036289,-0.007218,0.),(-0.039918,-0.00794,0.0145),(-0.034184,-0.014159,0.),(-0.037602,-0.015575,0.0145),(-0.030764,-0.020556,0.),(-0.033841,-0.022612,0.0145),(-0.026163,-0.026163,0.),(-0.028779,-0.028779,0.0145),(-0.020556,-0.030764,0.),(-0.022612,-0.033841,0.0145),(-0.014159,-0.034184,0.),(-0.015575,-0.037602,0.0145),(-0.007218,-0.036289,0.),(-0.00794,-0.039918,0.0145),(0.,-0.037,0.),(0.,-0.0407,0.0145),(0.007218,-0.036289,0.),(0.00794,-0.039918,0.0145),(0.014159,-0.034184,0.),(0.015575,-0.037602,0.0145),(0.020556,-0.030764,0.),(0.022612,-0.033841,0.0145),(0.026163,-0.026163,0.),(0.028779,-0.028779,0.0145),(0.030764,-0.020556,0.),(0.033841,-0.022612,0.0145),(0.034184,-0.014159,0.),(0.037602,-0.015575,0.0145),(0.036289,-0.007218,0.),(0.039918,-0.00794,0.0145)));
#6563=IFCPOLYGONALFACESET(#6562,.T.,(#6438,#6439,#6440,#6441,#6442,#6443,#6444,#6445,#6446,#6447,#6448,#6449,#6450,#6451,#6452,#6453,#6454,#6455,#6456,#6457,#6458,#6459,#6460,#6461,#6462,#6463,#6464,#6465,#6466,#6467,#6468,#6469,#6470,#6471,#6472,#6473,#6474,#6475,#6476,#6477,#6478,#6479,#6480,#6481,#6482,#6483,#6484,#6485,#6486,#6487,#6488,#6489,#6490,#6491,#6492,#6493,#6494,#6495,#6496,#6497,#6498,#6499,#6500,#6501,#6502,#6503,#6504,#6505,#6506,#6507,#6508,#6509,#6510,#6511,#6512,#6513,#6514,#6515,#6516,#6517,#6518,#6519,#6520,#6521,#6522,#6523,#6524,#6525,#6526,#6527,#6528,#6529,#6530,#6531,#6532,#6533,#6534,#6535,#6536,#6537,#6538,#6539,#6540,#6541,#6542,#6543,#6544,#6545,#6546,#6547,#6548,#6549,#6550,#6551,#6552,#6553,#6554,#6555,#6556,#6557,#6558,#6559,#6560,#6561),$);
#6564=IFCSTYLEDITEM(#6563,(#5240),$);
#6565=IFCSHAPEREPRESENTATION(#12,'Body','Tessellation',(#6436,#6563));
#6566=IFCPRODUCTDEFINITIONSHAPE($,$,(#6565));
#6567=IFCLIGHTFIXTURE('3KFh6GG_S3h0l28Wn7vDXa',#5,'Spotlight','Skanna asset library',$,#6310,#6566,$,.POINTSOURCE.);
#6568=IFCCARTESIANPOINT((0.37,9.61,2.67));
#6569=IFCDIRECTION((0.,0.,1.));
#6570=IFCDIRECTION((0.,1.,0.));
#6571=IFCAXIS2PLACEMENT3D(#6568,#6569,#6570);
#6572=IFCLOCALPLACEMENT(#26,#6571);
#6573=IFCCARTESIANPOINT((0.,0.));
#6574=IFCAXIS2PLACEMENT2D(#6573,$);
#6575=IFCRECTANGLEPROFILEDEF(.AREA.,$,#6574,1.5,0.03);
#6576=IFCCARTESIANPOINT((0.,0.,0.0135));
#6577=IFCAXIS2PLACEMENT3D(#6576,$,$);
#6578=IFCDIRECTION((0.,0.,1.));
#6579=IFCEXTRUDEDAREASOLID(#6575,#6577,#6578,0.0165);
#6580=IFCSTYLEDITEM(#6579,(#4148),$);
#6581=IFCCARTESIANPOINT((0.,0.));
#6582=IFCAXIS2PLACEMENT2D(#6581,$);
#6583=IFCRECTANGLEPROFILEDEF(.AREA.,$,#6582,1.47,0.027);
#6584=IFCCARTESIANPOINT((0.,0.,0.));
#6585=IFCAXIS2PLACEMENT3D(#6584,$,$);
#6586=IFCDIRECTION((0.,0.,1.));
#6587=IFCEXTRUDEDAREASOLID(#6583,#6585,#6586,0.0138);
#6588=IFCSTYLEDITEM(#6587,(#5240),$);
#6589=IFCSHAPEREPRESENTATION(#12,'Body','SweptSolid',(#6579,#6587));
#6590=IFCPRODUCTDEFINITIONSHAPE($,$,(#6589));
#6591=IFCLIGHTFIXTURE('1WMsb1nEfOCim90KaGodaM',#5,'LED strip','Skanna asset library',$,#6572,#6590,$,.SECURITYLIGHTING.);
#6592=IFCCARTESIANPOINT((8.55,17.87,2.61));
#6593=IFCDIRECTION((0.,0.,1.));
#6594=IFCDIRECTION((1.,0.,0.));
#6595=IFCAXIS2PLACEMENT3D(#6592,#6593,#6594);
#6596=IFCLOCALPLACEMENT(#26,#6595);
#6597=IFCINDEXEDPOLYGONALFACE((1,2,3));
#6598=IFCINDEXEDPOLYGONALFACE((1,3,4));
#6599=IFCINDEXEDPOLYGONALFACE((2,5,6));
#6600=IFCINDEXEDPOLYGONALFACE((2,6,3));
#6601=IFCINDEXEDPOLYGONALFACE((5,7,8));
#6602=IFCINDEXEDPOLYGONALFACE((5,8,6));
#6603=IFCINDEXEDPOLYGONALFACE((7,9,10));
#6604=IFCINDEXEDPOLYGONALFACE((7,10,8));
#6605=IFCINDEXEDPOLYGONALFACE((9,11,12));
#6606=IFCINDEXEDPOLYGONALFACE((9,12,10));
#6607=IFCINDEXEDPOLYGONALFACE((11,13,14));
#6608=IFCINDEXEDPOLYGONALFACE((11,14,12));
#6609=IFCINDEXEDPOLYGONALFACE((13,15,16));
#6610=IFCINDEXEDPOLYGONALFACE((13,16,14));
#6611=IFCINDEXEDPOLYGONALFACE((15,17,18));
#6612=IFCINDEXEDPOLYGONALFACE((15,18,16));
#6613=IFCINDEXEDPOLYGONALFACE((17,19,20));
#6614=IFCINDEXEDPOLYGONALFACE((17,20,18));
#6615=IFCINDEXEDPOLYGONALFACE((19,21,22));
#6616=IFCINDEXEDPOLYGONALFACE((19,22,20));
#6617=IFCINDEXEDPOLYGONALFACE((21,23,24));
#6618=IFCINDEXEDPOLYGONALFACE((21,24,22));
#6619=IFCINDEXEDPOLYGONALFACE((23,25,26));
#6620=IFCINDEXEDPOLYGONALFACE((23,26,24));
#6621=IFCINDEXEDPOLYGONALFACE((25,27,28));
#6622=IFCINDEXEDPOLYGONALFACE((25,28,26));
#6623=IFCINDEXEDPOLYGONALFACE((27,29,30));
#6624=IFCINDEXEDPOLYGONALFACE((27,30,28));
#6625=IFCINDEXEDPOLYGONALFACE((29,31,32));
#6626=IFCINDEXEDPOLYGONALFACE((29,32,30));
#6627=IFCINDEXEDPOLYGONALFACE((31,33,34));
#6628=IFCINDEXEDPOLYGONALFACE((31,34,32));
#6629=IFCINDEXEDPOLYGONALFACE((33,35,36));
#6630=IFCINDEXEDPOLYGONALFACE((33,36,34));
#6631=IFCINDEXEDPOLYGONALFACE((35,37,38));
#6632=IFCINDEXEDPOLYGONALFACE((35,38,36));
#6633=IFCINDEXEDPOLYGONALFACE((37,39,40));
#6634=IFCINDEXEDPOLYGONALFACE((37,40,38));
#6635=IFCINDEXEDPOLYGONALFACE((39,41,42));
#6636=IFCINDEXEDPOLYGONALFACE((39,42,40));
#6637=IFCINDEXEDPOLYGONALFACE((41,43,44));
#6638=IFCINDEXEDPOLYGONALFACE((41,44,42));
#6639=IFCINDEXEDPOLYGONALFACE((43,45,46));
#6640=IFCINDEXEDPOLYGONALFACE((43,46,44));
#6641=IFCINDEXEDPOLYGONALFACE((45,47,48));
#6642=IFCINDEXEDPOLYGONALFACE((45,48,46));
#6643=IFCINDEXEDPOLYGONALFACE((47,49,50));
#6644=IFCINDEXEDPOLYGONALFACE((47,50,48));
#6645=IFCINDEXEDPOLYGONALFACE((49,51,52));
#6646=IFCINDEXEDPOLYGONALFACE((49,52,50));
#6647=IFCINDEXEDPOLYGONALFACE((51,53,54));
#6648=IFCINDEXEDPOLYGONALFACE((51,54,52));
#6649=IFCINDEXEDPOLYGONALFACE((53,55,56));
#6650=IFCINDEXEDPOLYGONALFACE((53,56,54));
#6651=IFCINDEXEDPOLYGONALFACE((55,57,58));
#6652=IFCINDEXEDPOLYGONALFACE((55,58,56));
#6653=IFCINDEXEDPOLYGONALFACE((57,59,60));
#6654=IFCINDEXEDPOLYGONALFACE((57,60,58));
#6655=IFCINDEXEDPOLYGONALFACE((59,61,62));
#6656=IFCINDEXEDPOLYGONALFACE((59,62,60));
#6657=IFCINDEXEDPOLYGONALFACE((61,63,64));
#6658=IFCINDEXEDPOLYGONALFACE((61,64,62));
#6659=IFCINDEXEDPOLYGONALFACE((63,1,4));
#6660=IFCINDEXEDPOLYGONALFACE((63,4,64));
#6661=IFCINDEXEDPOLYGONALFACE((1,5,2));
#6662=IFCINDEXEDPOLYGONALFACE((4,3,6));
#6663=IFCINDEXEDPOLYGONALFACE((1,7,5));
#6664=IFCINDEXEDPOLYGONALFACE((4,6,8));
#6665=IFCINDEXEDPOLYGONALFACE((1,9,7));
#6666=IFCINDEXEDPOLYGONALFACE((4,8,10));
#6667=IFCINDEXEDPOLYGONALFACE((1,11,9));
#6668=IFCINDEXEDPOLYGONALFACE((4,10,12));
#6669=IFCINDEXEDPOLYGONALFACE((1,13,11));
#6670=IFCINDEXEDPOLYGONALFACE((4,12,14));
#6671=IFCINDEXEDPOLYGONALFACE((1,15,13));
#6672=IFCINDEXEDPOLYGONALFACE((4,14,16));
#6673=IFCINDEXEDPOLYGONALFACE((1,17,15));
#6674=IFCINDEXEDPOLYGONALFACE((4,16,18));
#6675=IFCINDEXEDPOLYGONALFACE((1,19,17));
#6676=IFCINDEXEDPOLYGONALFACE((4,18,20));
#6677=IFCINDEXEDPOLYGONALFACE((1,21,19));
#6678=IFCINDEXEDPOLYGONALFACE((4,20,22));
#6679=IFCINDEXEDPOLYGONALFACE((1,23,21));
#6680=IFCINDEXEDPOLYGONALFACE((4,22,24));
#6681=IFCINDEXEDPOLYGONALFACE((1,25,23));
#6682=IFCINDEXEDPOLYGONALFACE((4,24,26));
#6683=IFCINDEXEDPOLYGONALFACE((1,27,25));
#6684=IFCINDEXEDPOLYGONALFACE((4,26,28));
#6685=IFCINDEXEDPOLYGONALFACE((1,29,27));
#6686=IFCINDEXEDPOLYGONALFACE((4,28,30));
#6687=IFCINDEXEDPOLYGONALFACE((1,31,29));
#6688=IFCINDEXEDPOLYGONALFACE((4,30,32));
#6689=IFCINDEXEDPOLYGONALFACE((1,33,31));
#6690=IFCINDEXEDPOLYGONALFACE((4,32,34));
#6691=IFCINDEXEDPOLYGONALFACE((1,35,33));
#6692=IFCINDEXEDPOLYGONALFACE((4,34,36));
#6693=IFCINDEXEDPOLYGONALFACE((1,37,35));
#6694=IFCINDEXEDPOLYGONALFACE((4,36,38));
#6695=IFCINDEXEDPOLYGONALFACE((1,39,37));
#6696=IFCINDEXEDPOLYGONALFACE((4,38,40));
#6697=IFCINDEXEDPOLYGONALFACE((1,41,39));
#6698=IFCINDEXEDPOLYGONALFACE((4,40,42));
#6699=IFCINDEXEDPOLYGONALFACE((1,43,41));
#6700=IFCINDEXEDPOLYGONALFACE((4,42,44));
#6701=IFCINDEXEDPOLYGONALFACE((1,45,43));
#6702=IFCINDEXEDPOLYGONALFACE((4,44,46));
#6703=IFCINDEXEDPOLYGONALFACE((1,47,45));
#6704=IFCINDEXEDPOLYGONALFACE((4,46,48));
#6705=IFCINDEXEDPOLYGONALFACE((1,49,47));
#6706=IFCINDEXEDPOLYGONALFACE((4,48,50));
#6707=IFCINDEXEDPOLYGONALFACE((1,51,49));
#6708=IFCINDEXEDPOLYGONALFACE((4,50,52));
#6709=IFCINDEXEDPOLYGONALFACE((1,53,51));
#6710=IFCINDEXEDPOLYGONALFACE((4,52,54));
#6711=IFCINDEXEDPOLYGONALFACE((1,55,53));
#6712=IFCINDEXEDPOLYGONALFACE((4,54,56));
#6713=IFCINDEXEDPOLYGONALFACE((1,57,55));
#6714=IFCINDEXEDPOLYGONALFACE((4,56,58));
#6715=IFCINDEXEDPOLYGONALFACE((1,59,57));
#6716=IFCINDEXEDPOLYGONALFACE((4,58,60));
#6717=IFCINDEXEDPOLYGONALFACE((1,61,59));
#6718=IFCINDEXEDPOLYGONALFACE((4,60,62));
#6719=IFCINDEXEDPOLYGONALFACE((1,63,61));
#6720=IFCINDEXEDPOLYGONALFACE((4,62,64));
#6721=IFCCARTESIANPOINTLIST3D(((0.17,0.,0.045),(0.166733,0.033165,0.045),(0.156729,0.031175,0.09),(0.1598,0.,0.09),(0.15706,0.065056,0.045),(0.147636,0.061153,0.09),(0.14135,0.094447,0.045),(0.132869,0.08878,0.09),(0.120208,0.120208,0.045),(0.112996,0.112996,0.09),(0.094447,0.14135,0.045),(0.08878,0.132869,0.09),(0.065056,0.15706,0.045),(0.061153,0.147636,0.09),(0.033165,0.166733,0.045),(0.031175,0.156729,0.09),(0.,0.17,0.045),(0.,0.1598,0.09),(-0.033165,0.166733,0.045),(-0.031175,0.156729,0.09),(-0.065056,0.15706,0.045),(-0.061153,0.147636,0.09),(-0.094447,0.14135,0.045),(-0.08878,0.132869,0.09),(-0.120208,0.120208,0.045),(-0.112996,0.112996,0.09),(-0.14135,0.094447,0.045),(-0.132869,0.08878,0.09),(-0.15706,0.065056,0.045),(-0.147636,0.061153,0.09),(-0.166733,0.033165,0.045),(-0.156729,0.031175,0.09),(-0.17,0.,0.045),(-0.1598,0.,0.09),(-0.166733,-0.033165,0.045),(-0.156729,-0.031175,0.09),(-0.15706,-0.065056,0.045),(-0.147636,-0.061153,0.09),(-0.14135,-0.094447,0.045),(-0.132869,-0.08878,0.09),(-0.120208,-0.120208,0.045),(-0.112996,-0.112996,0.09),(-0.094447,-0.14135,0.045),(-0.08878,-0.132869,0.09),(-0.065056,-0.15706,0.045),(-0.061153,-0.147636,0.09),(-0.033165,-0.166733,0.045),(-0.031175,-0.156729,0.09),(0.,-0.17,0.045),(0.,-0.1598,0.09),(0.033165,-0.166733,0.045),(0.031175,-0.156729,0.09),(0.065056,-0.15706,0.045),(0.061153,-0.147636,0.09),(0.094447,-0.14135,0.045),(0.08878,-0.132869,0.09),(0.120208,-0.120208,0.045),(0.112996,-0.112996,0.09),(0.14135,-0.094447,0.045),(0.132869,-0.08878,0.09),(0.15706,-0.065056,0.045),(0.147636,-0.061153,0.09),(0.166733,-0.033165,0.045),(0.156729,-0.031175,0.09)));
#6722=IFCPOLYGONALFACESET(#6721,.T.,(#6597,#6598,#6599,#6600,#6601,#6602,#6603,#6604,#6605,#6606,#6607,#6608,#6609,#6610,#6611,#6612,#6613,#6614,#6615,#6616,#6617,#6618,#6619,#6620,#6621,#6622,#6623,#6624,#6625,#6626,#6627,#6628,#6629,#6630,#6631,#6632,#6633,#6634,#6635,#6636,#6637,#6638,#6639,#6640,#6641,#6642,#6643,#6644,#6645,#6646,#6647,#6648,#6649,#6650,#6651,#6652,#6653,#6654,#6655,#6656,#6657,#6658,#6659,#6660,#6661,#6662,#6663,#6664,#6665,#6666,#6667,#6668,#6669,#6670,#6671,#6672,#6673,#6674,#6675,#6676,#6677,#6678,#6679,#6680,#6681,#6682,#6683,#6684,#6685,#6686,#6687,#6688,#6689,#6690,#6691,#6692,#6693,#6694,#6695,#6696,#6697,#6698,#6699,#6700,#6701,#6702,#6703,#6704,#6705,#6706,#6707,#6708,#6709,#6710,#6711,#6712,#6713,#6714,#6715,#6716,#6717,#6718,#6719,#6720),$);
#6723=IFCSTYLEDITEM(#6722,(#3816),$);
#6724=IFCINDEXEDPOLYGONALFACE((1,2,3));
#6725=IFCINDEXEDPOLYGONALFACE((1,3,4));
#6726=IFCINDEXEDPOLYGONALFACE((2,5,6));
#6727=IFCINDEXEDPOLYGONALFACE((2,6,3));
#6728=IFCINDEXEDPOLYGONALFACE((5,7,8));
#6729=IFCINDEXEDPOLYGONALFACE((5,8,6));
#6730=IFCINDEXEDPOLYGONALFACE((7,9,10));
#6731=IFCINDEXEDPOLYGONALFACE((7,10,8));
#6732=IFCINDEXEDPOLYGONALFACE((9,11,12));
#6733=IFCINDEXEDPOLYGONALFACE((9,12,10));
#6734=IFCINDEXEDPOLYGONALFACE((11,13,14));
#6735=IFCINDEXEDPOLYGONALFACE((11,14,12));
#6736=IFCINDEXEDPOLYGONALFACE((13,15,16));
#6737=IFCINDEXEDPOLYGONALFACE((13,16,14));
#6738=IFCINDEXEDPOLYGONALFACE((15,17,18));
#6739=IFCINDEXEDPOLYGONALFACE((15,18,16));
#6740=IFCINDEXEDPOLYGONALFACE((17,19,20));
#6741=IFCINDEXEDPOLYGONALFACE((17,20,18));
#6742=IFCINDEXEDPOLYGONALFACE((19,21,22));
#6743=IFCINDEXEDPOLYGONALFACE((19,22,20));
#6744=IFCINDEXEDPOLYGONALFACE((21,23,24));
#6745=IFCINDEXEDPOLYGONALFACE((21,24,22));
#6746=IFCINDEXEDPOLYGONALFACE((23,25,26));
#6747=IFCINDEXEDPOLYGONALFACE((23,26,24));
#6748=IFCINDEXEDPOLYGONALFACE((25,27,28));
#6749=IFCINDEXEDPOLYGONALFACE((25,28,26));
#6750=IFCINDEXEDPOLYGONALFACE((27,29,30));
#6751=IFCINDEXEDPOLYGONALFACE((27,30,28));
#6752=IFCINDEXEDPOLYGONALFACE((29,31,32));
#6753=IFCINDEXEDPOLYGONALFACE((29,32,30));
#6754=IFCINDEXEDPOLYGONALFACE((31,1,4));
#6755=IFCINDEXEDPOLYGONALFACE((31,4,32));
#6756=IFCINDEXEDPOLYGONALFACE((4,3,33));
#6757=IFCINDEXEDPOLYGONALFACE((4,33,34));
#6758=IFCINDEXEDPOLYGONALFACE((3,6,35));
#6759=IFCINDEXEDPOLYGONALFACE((3,35,33));
#6760=IFCINDEXEDPOLYGONALFACE((6,8,36));
#6761=IFCINDEXEDPOLYGONALFACE((6,36,35));
#6762=IFCINDEXEDPOLYGONALFACE((8,10,37));
#6763=IFCINDEXEDPOLYGONALFACE((8,37,36));
#6764=IFCINDEXEDPOLYGONALFACE((10,12,38));
#6765=IFCINDEXEDPOLYGONALFACE((10,38,37));
#6766=IFCINDEXEDPOLYGONALFACE((12,14,39));
#6767=IFCINDEXEDPOLYGONALFACE((12,39,38));
#6768=IFCINDEXEDPOLYGONALFACE((14,16,40));
#6769=IFCINDEXEDPOLYGONALFACE((14,40,39));
#6770=IFCINDEXEDPOLYGONALFACE((16,18,41));
#6771=IFCINDEXEDPOLYGONALFACE((16,41,40));
#6772=IFCINDEXEDPOLYGONALFACE((18,20,42));
#6773=IFCINDEXEDPOLYGONALFACE((18,42,41));
#6774=IFCINDEXEDPOLYGONALFACE((20,22,43));
#6775=IFCINDEXEDPOLYGONALFACE((20,43,42));
#6776=IFCINDEXEDPOLYGONALFACE((22,24,44));
#6777=IFCINDEXEDPOLYGONALFACE((22,44,43));
#6778=IFCINDEXEDPOLYGONALFACE((24,26,45));
#6779=IFCINDEXEDPOLYGONALFACE((24,45,44));
#6780=IFCINDEXEDPOLYGONALFACE((26,28,46));
#6781=IFCINDEXEDPOLYGONALFACE((26,46,45));
#6782=IFCINDEXEDPOLYGONALFACE((28,30,47));
#6783=IFCINDEXEDPOLYGONALFACE((28,47,46));
#6784=IFCINDEXEDPOLYGONALFACE((30,32,48));
#6785=IFCINDEXEDPOLYGONALFACE((30,48,47));
#6786=IFCINDEXEDPOLYGONALFACE((32,4,34));
#6787=IFCINDEXEDPOLYGONALFACE((32,34,48));
#6788=IFCINDEXEDPOLYGONALFACE((34,33,49));
#6789=IFCINDEXEDPOLYGONALFACE((34,49,50));
#6790=IFCINDEXEDPOLYGONALFACE((33,35,51));
#6791=IFCINDEXEDPOLYGONALFACE((33,51,49));
#6792=IFCINDEXEDPOLYGONALFACE((35,36,52));
#6793=IFCINDEXEDPOLYGONALFACE((35,52,51));
#6794=IFCINDEXEDPOLYGONALFACE((36,37,53));
#6795=IFCINDEXEDPOLYGONALFACE((36,53,52));
#6796=IFCINDEXEDPOLYGONALFACE((37,38,54));
#6797=IFCINDEXEDPOLYGONALFACE((37,54,53));
#6798=IFCINDEXEDPOLYGONALFACE((38,39,55));
#6799=IFCINDEXEDPOLYGONALFACE((38,55,54));
#6800=IFCINDEXEDPOLYGONALFACE((39,40,56));
#6801=IFCINDEXEDPOLYGONALFACE((39,56,55));
#6802=IFCINDEXEDPOLYGONALFACE((40,41,57));
#6803=IFCINDEXEDPOLYGONALFACE((40,57,56));
#6804=IFCINDEXEDPOLYGONALFACE((41,42,58));
#6805=IFCINDEXEDPOLYGONALFACE((41,58,57));
#6806=IFCINDEXEDPOLYGONALFACE((42,43,59));
#6807=IFCINDEXEDPOLYGONALFACE((42,59,58));
#6808=IFCINDEXEDPOLYGONALFACE((43,44,60));
#6809=IFCINDEXEDPOLYGONALFACE((43,60,59));
#6810=IFCINDEXEDPOLYGONALFACE((44,45,61));
#6811=IFCINDEXEDPOLYGONALFACE((44,61,60));
#6812=IFCINDEXEDPOLYGONALFACE((45,46,62));
#6813=IFCINDEXEDPOLYGONALFACE((45,62,61));
#6814=IFCINDEXEDPOLYGONALFACE((46,47,63));
#6815=IFCINDEXEDPOLYGONALFACE((46,63,62));
#6816=IFCINDEXEDPOLYGONALFACE((47,48,64));
#6817=IFCINDEXEDPOLYGONALFACE((47,64,63));
#6818=IFCINDEXEDPOLYGONALFACE((48,34,50));
#6819=IFCINDEXEDPOLYGONALFACE((48,50,64));
#6820=IFCINDEXEDPOLYGONALFACE((50,49,65));
#6821=IFCINDEXEDPOLYGONALFACE((50,65,66));
#6822=IFCINDEXEDPOLYGONALFACE((49,51,67));
#6823=IFCINDEXEDPOLYGONALFACE((49,67,65));
#6824=IFCINDEXEDPOLYGONALFACE((51,52,68));
#6825=IFCINDEXEDPOLYGONALFACE((51,68,67));
#6826=IFCINDEXEDPOLYGONALFACE((52,53,69));
#6827=IFCINDEXEDPOLYGONALFACE((52,69,68));
#6828=IFCINDEXEDPOLYGONALFACE((53,54,70));
#6829=IFCINDEXEDPOLYGONALFACE((53,70,69));
#6830=IFCINDEXEDPOLYGONALFACE((54,55,71));
#6831=IFCINDEXEDPOLYGONALFACE((54,71,70));
#6832=IFCINDEXEDPOLYGONALFACE((55,56,72));
#6833=IFCINDEXEDPOLYGONALFACE((55,72,71));
#6834=IFCINDEXEDPOLYGONALFACE((56,57,73));
#6835=IFCINDEXEDPOLYGONALFACE((56,73,72));
#6836=IFCINDEXEDPOLYGONALFACE((57,58,74));
#6837=IFCINDEXEDPOLYGONALFACE((57,74,73));
#6838=IFCINDEXEDPOLYGONALFACE((58,59,75));
#6839=IFCINDEXEDPOLYGONALFACE((58,75,74));
#6840=IFCINDEXEDPOLYGONALFACE((59,60,76));
#6841=IFCINDEXEDPOLYGONALFACE((59,76,75));
#6842=IFCINDEXEDPOLYGONALFACE((60,61,77));
#6843=IFCINDEXEDPOLYGONALFACE((60,77,76));
#6844=IFCINDEXEDPOLYGONALFACE((61,62,78));
#6845=IFCINDEXEDPOLYGONALFACE((61,78,77));
#6846=IFCINDEXEDPOLYGONALFACE((62,63,79));
#6847=IFCINDEXEDPOLYGONALFACE((62,79,78));
#6848=IFCINDEXEDPOLYGONALFACE((63,64,80));
#6849=IFCINDEXEDPOLYGONALFACE((63,80,79));
#6850=IFCINDEXEDPOLYGONALFACE((64,50,66));
#6851=IFCINDEXEDPOLYGONALFACE((64,66,80));
#6852=IFCINDEXEDPOLYGONALFACE((66,65,81));
#6853=IFCINDEXEDPOLYGONALFACE((66,81,82));
#6854=IFCINDEXEDPOLYGONALFACE((65,67,83));
#6855=IFCINDEXEDPOLYGONALFACE((65,83,81));
#6856=IFCINDEXEDPOLYGONALFACE((67,68,84));
#6857=IFCINDEXEDPOLYGONALFACE((67,84,83));
#6858=IFCINDEXEDPOLYGONALFACE((68,69,85));
#6859=IFCINDEXEDPOLYGONALFACE((68,85,84));
#6860=IFCINDEXEDPOLYGONALFACE((69,70,86));
#6861=IFCINDEXEDPOLYGONALFACE((69,86,85));
#6862=IFCINDEXEDPOLYGONALFACE((70,71,87));
#6863=IFCINDEXEDPOLYGONALFACE((70,87,86));
#6864=IFCINDEXEDPOLYGONALFACE((71,72,88));
#6865=IFCINDEXEDPOLYGONALFACE((71,88,87));
#6866=IFCINDEXEDPOLYGONALFACE((72,73,89));
#6867=IFCINDEXEDPOLYGONALFACE((72,89,88));
#6868=IFCINDEXEDPOLYGONALFACE((73,74,90));
#6869=IFCINDEXEDPOLYGONALFACE((73,90,89));
#6870=IFCINDEXEDPOLYGONALFACE((74,75,91));
#6871=IFCINDEXEDPOLYGONALFACE((74,91,90));
#6872=IFCINDEXEDPOLYGONALFACE((75,76,92));
#6873=IFCINDEXEDPOLYGONALFACE((75,92,91));
#6874=IFCINDEXEDPOLYGONALFACE((76,77,93));
#6875=IFCINDEXEDPOLYGONALFACE((76,93,92));
#6876=IFCINDEXEDPOLYGONALFACE((77,78,94));
#6877=IFCINDEXEDPOLYGONALFACE((77,94,93));
#6878=IFCINDEXEDPOLYGONALFACE((78,79,95));
#6879=IFCINDEXEDPOLYGONALFACE((78,95,94));
#6880=IFCINDEXEDPOLYGONALFACE((79,80,96));
#6881=IFCINDEXEDPOLYGONALFACE((79,96,95));
#6882=IFCINDEXEDPOLYGONALFACE((80,66,82));
#6883=IFCINDEXEDPOLYGONALFACE((80,82,96));
#6884=IFCINDEXEDPOLYGONALFACE((82,81,97));
#6885=IFCINDEXEDPOLYGONALFACE((82,97,98));
#6886=IFCINDEXEDPOLYGONALFACE((81,83,99));
#6887=IFCINDEXEDPOLYGONALFACE((81,99,97));
#6888=IFCINDEXEDPOLYGONALFACE((83,84,100));
#6889=IFCINDEXEDPOLYGONALFACE((83,100,99));
#6890=IFCINDEXEDPOLYGONALFACE((84,85,101));
#6891=IFCINDEXEDPOLYGONALFACE((84,101,100));
#6892=IFCINDEXEDPOLYGONALFACE((85,86,102));
#6893=IFCINDEXEDPOLYGONALFACE((85,102,101));
#6894=IFCINDEXEDPOLYGONALFACE((86,87,103));
#6895=IFCINDEXEDPOLYGONALFACE((86,103,102));
#6896=IFCINDEXEDPOLYGONALFACE((87,88,104));
#6897=IFCINDEXEDPOLYGONALFACE((87,104,103));
#6898=IFCINDEXEDPOLYGONALFACE((88,89,105));
#6899=IFCINDEXEDPOLYGONALFACE((88,105,104));
#6900=IFCINDEXEDPOLYGONALFACE((89,90,106));
#6901=IFCINDEXEDPOLYGONALFACE((89,106,105));
#6902=IFCINDEXEDPOLYGONALFACE((90,91,107));
#6903=IFCINDEXEDPOLYGONALFACE((90,107,106));
#6904=IFCINDEXEDPOLYGONALFACE((91,92,108));
#6905=IFCINDEXEDPOLYGONALFACE((91,108,107));
#6906=IFCINDEXEDPOLYGONALFACE((92,93,109));
#6907=IFCINDEXEDPOLYGONALFACE((92,109,108));
#6908=IFCINDEXEDPOLYGONALFACE((93,94,110));
#6909=IFCINDEXEDPOLYGONALFACE((93,110,109));
#6910=IFCINDEXEDPOLYGONALFACE((94,95,111));
#6911=IFCINDEXEDPOLYGONALFACE((94,111,110));
#6912=IFCINDEXEDPOLYGONALFACE((95,96,112));
#6913=IFCINDEXEDPOLYGONALFACE((95,112,111));
#6914=IFCINDEXEDPOLYGONALFACE((96,82,98));
#6915=IFCINDEXEDPOLYGONALFACE((96,98,112));
#6916=IFCINDEXEDPOLYGONALFACE((98,97,113));
#6917=IFCINDEXEDPOLYGONALFACE((98,113,114));
#6918=IFCINDEXEDPOLYGONALFACE((97,99,115));
#6919=IFCINDEXEDPOLYGONALFACE((97,115,113));
#6920=IFCINDEXEDPOLYGONALFACE((99,100,116));
#6921=IFCINDEXEDPOLYGONALFACE((99,116,115));
#6922=IFCINDEXEDPOLYGONALFACE((100,101,117));
#6923=IFCINDEXEDPOLYGONALFACE((100,117,116));
#6924=IFCINDEXEDPOLYGONALFACE((101,102,118));
#6925=IFCINDEXEDPOLYGONALFACE((101,118,117));
#6926=IFCINDEXEDPOLYGONALFACE((102,103,119));
#6927=IFCINDEXEDPOLYGONALFACE((102,119,118));
#6928=IFCINDEXEDPOLYGONALFACE((103,104,120));
#6929=IFCINDEXEDPOLYGONALFACE((103,120,119));
#6930=IFCINDEXEDPOLYGONALFACE((104,105,121));
#6931=IFCINDEXEDPOLYGONALFACE((104,121,120));
#6932=IFCINDEXEDPOLYGONALFACE((105,106,122));
#6933=IFCINDEXEDPOLYGONALFACE((105,122,121));
#6934=IFCINDEXEDPOLYGONALFACE((106,107,123));
#6935=IFCINDEXEDPOLYGONALFACE((106,123,122));
#6936=IFCINDEXEDPOLYGONALFACE((107,108,124));
#6937=IFCINDEXEDPOLYGONALFACE((107,124,123));
#6938=IFCINDEXEDPOLYGONALFACE((108,109,125));
#6939=IFCINDEXEDPOLYGONALFACE((108,125,124));
#6940=IFCINDEXEDPOLYGONALFACE((109,110,126));
#6941=IFCINDEXEDPOLYGONALFACE((109,126,125));
#6942=IFCINDEXEDPOLYGONALFACE((110,111,127));
#6943=IFCINDEXEDPOLYGONALFACE((110,127,126));
#6944=IFCINDEXEDPOLYGONALFACE((111,112,128));
#6945=IFCINDEXEDPOLYGONALFACE((111,128,127));
#6946=IFCINDEXEDPOLYGONALFACE((112,98,114));
#6947=IFCINDEXEDPOLYGONALFACE((112,114,128));
#6948=IFCINDEXEDPOLYGONALFACE((114,113,129));
#6949=IFCINDEXEDPOLYGONALFACE((114,129,130));
#6950=IFCINDEXEDPOLYGONALFACE((113,115,131));
#6951=IFCINDEXEDPOLYGONALFACE((113,131,129));
#6952=IFCINDEXEDPOLYGONALFACE((115,116,132));
#6953=IFCINDEXEDPOLYGONALFACE((115,132,131));
#6954=IFCINDEXEDPOLYGONALFACE((116,117,133));
#6955=IFCINDEXEDPOLYGONALFACE((116,133,132));
#6956=IFCINDEXEDPOLYGONALFACE((117,118,134));
#6957=IFCINDEXEDPOLYGONALFACE((117,134,133));
#6958=IFCINDEXEDPOLYGONALFACE((118,119,135));
#6959=IFCINDEXEDPOLYGONALFACE((118,135,134));
#6960=IFCINDEXEDPOLYGONALFACE((119,120,136));
#6961=IFCINDEXEDPOLYGONALFACE((119,136,135));
#6962=IFCINDEXEDPOLYGONALFACE((120,121,137));
#6963=IFCINDEXEDPOLYGONALFACE((120,137,136));
#6964=IFCINDEXEDPOLYGONALFACE((121,122,138));
#6965=IFCINDEXEDPOLYGONALFACE((121,138,137));
#6966=IFCINDEXEDPOLYGONALFACE((122,123,139));
#6967=IFCINDEXEDPOLYGONALFACE((122,139,138));
#6968=IFCINDEXEDPOLYGONALFACE((123,124,140));
#6969=IFCINDEXEDPOLYGONALFACE((123,140,139));
#6970=IFCINDEXEDPOLYGONALFACE((124,125,141));
#6971=IFCINDEXEDPOLYGONALFACE((124,141,140));
#6972=IFCINDEXEDPOLYGONALFACE((125,126,142));
#6973=IFCINDEXEDPOLYGONALFACE((125,142,141));
#6974=IFCINDEXEDPOLYGONALFACE((126,127,143));
#6975=IFCINDEXEDPOLYGONALFACE((126,143,142));
#6976=IFCINDEXEDPOLYGONALFACE((127,128,144));
#6977=IFCINDEXEDPOLYGONALFACE((127,144,143));
#6978=IFCINDEXEDPOLYGONALFACE((128,114,130));
#6979=IFCINDEXEDPOLYGONALFACE((128,130,144));
#6980=IFCINDEXEDPOLYGONALFACE((130,129,145));
#6981=IFCINDEXEDPOLYGONALFACE((130,145,146));
#6982=IFCINDEXEDPOLYGONALFACE((129,131,147));
#6983=IFCINDEXEDPOLYGONALFACE((129,147,145));
#6984=IFCINDEXEDPOLYGONALFACE((131,132,148));
#6985=IFCINDEXEDPOLYGONALFACE((131,148,147));
#6986=IFCINDEXEDPOLYGONALFACE((132,133,149));
#6987=IFCINDEXEDPOLYGONALFACE((132,149,148));
#6988=IFCINDEXEDPOLYGONALFACE((133,134,150));
#6989=IFCINDEXEDPOLYGONALFACE((133,150,149));
#6990=IFCINDEXEDPOLYGONALFACE((134,135,151));
#6991=IFCINDEXEDPOLYGONALFACE((134,151,150));
#6992=IFCINDEXEDPOLYGONALFACE((135,136,152));
#6993=IFCINDEXEDPOLYGONALFACE((135,152,151));
#6994=IFCINDEXEDPOLYGONALFACE((136,137,153));
#6995=IFCINDEXEDPOLYGONALFACE((136,153,152));
#6996=IFCINDEXEDPOLYGONALFACE((137,138,154));
#6997=IFCINDEXEDPOLYGONALFACE((137,154,153));
#6998=IFCINDEXEDPOLYGONALFACE((138,139,155));
#6999=IFCINDEXEDPOLYGONALFACE((138,155,154));
#7000=IFCINDEXEDPOLYGONALFACE((139,140,156));
#7001=IFCINDEXEDPOLYGONALFACE((139,156,155));
#7002=IFCINDEXEDPOLYGONALFACE((140,141,157));
#7003=IFCINDEXEDPOLYGONALFACE((140,157,156));
#7004=IFCINDEXEDPOLYGONALFACE((141,142,158));
#7005=IFCINDEXEDPOLYGONALFACE((141,158,157));
#7006=IFCINDEXEDPOLYGONALFACE((142,143,159));
#7007=IFCINDEXEDPOLYGONALFACE((142,159,158));
#7008=IFCINDEXEDPOLYGONALFACE((143,144,160));
#7009=IFCINDEXEDPOLYGONALFACE((143,160,159));
#7010=IFCINDEXEDPOLYGONALFACE((144,130,146));
#7011=IFCINDEXEDPOLYGONALFACE((144,146,160));
#7012=IFCINDEXEDPOLYGONALFACE((146,145,161));
#7013=IFCINDEXEDPOLYGONALFACE((146,161,162));
#7014=IFCINDEXEDPOLYGONALFACE((145,147,163));
#7015=IFCINDEXEDPOLYGONALFACE((145,163,161));
#7016=IFCINDEXEDPOLYGONALFACE((147,148,164));
#7017=IFCINDEXEDPOLYGONALFACE((147,164,163));
#7018=IFCINDEXEDPOLYGONALFACE((148,149,165));
#7019=IFCINDEXEDPOLYGONALFACE((148,165,164));
#7020=IFCINDEXEDPOLYGONALFACE((149,150,166));
#7021=IFCINDEXEDPOLYGONALFACE((149,166,165));
#7022=IFCINDEXEDPOLYGONALFACE((150,151,167));
#7023=IFCINDEXEDPOLYGONALFACE((150,167,166));
#7024=IFCINDEXEDPOLYGONALFACE((151,152,168));
#7025=IFCINDEXEDPOLYGONALFACE((151,168,167));
#7026=IFCINDEXEDPOLYGONALFACE((152,153,169));
#7027=IFCINDEXEDPOLYGONALFACE((152,169,168));
#7028=IFCINDEXEDPOLYGONALFACE((153,154,170));
#7029=IFCINDEXEDPOLYGONALFACE((153,170,169));
#7030=IFCINDEXEDPOLYGONALFACE((154,155,171));
#7031=IFCINDEXEDPOLYGONALFACE((154,171,170));
#7032=IFCINDEXEDPOLYGONALFACE((155,156,172));
#7033=IFCINDEXEDPOLYGONALFACE((155,172,171));
#7034=IFCINDEXEDPOLYGONALFACE((156,157,173));
#7035=IFCINDEXEDPOLYGONALFACE((156,173,172));
#7036=IFCINDEXEDPOLYGONALFACE((157,158,174));
#7037=IFCINDEXEDPOLYGONALFACE((157,174,173));
#7038=IFCINDEXEDPOLYGONALFACE((158,159,175));
#7039=IFCINDEXEDPOLYGONALFACE((158,175,174));
#7040=IFCINDEXEDPOLYGONALFACE((159,160,176));
#7041=IFCINDEXEDPOLYGONALFACE((159,176,175));
#7042=IFCINDEXEDPOLYGONALFACE((160,146,162));
#7043=IFCINDEXEDPOLYGONALFACE((160,162,176));
#7044=IFCINDEXEDPOLYGONALFACE((177,2,1));
#7045=IFCINDEXEDPOLYGONALFACE((178,162,161));
#7046=IFCINDEXEDPOLYGONALFACE((177,5,2));
#7047=IFCINDEXEDPOLYGONALFACE((178,161,163));
#7048=IFCINDEXEDPOLYGONALFACE((177,7,5));
#7049=IFCINDEXEDPOLYGONALFACE((178,163,164));
#7050=IFCINDEXEDPOLYGONALFACE((177,9,7));
#7051=IFCINDEXEDPOLYGONALFACE((178,164,165));
#7052=IFCINDEXEDPOLYGONALFACE((177,11,9));
#7053=IFCINDEXEDPOLYGONALFACE((178,165,166));
#7054=IFCINDEXEDPOLYGONALFACE((177,13,11));
#7055=IFCINDEXEDPOLYGONALFACE((178,166,167));
#7056=IFCINDEXEDPOLYGONALFACE((177,15,13));
#7057=IFCINDEXEDPOLYGONALFACE((178,167,168));
#7058=IFCINDEXEDPOLYGONALFACE((177,17,15));
#7059=IFCINDEXEDPOLYGONALFACE((178,168,169));
#7060=IFCINDEXEDPOLYGONALFACE((177,19,17));
#7061=IFCINDEXEDPOLYGONALFACE((178,169,170));
#7062=IFCINDEXEDPOLYGONALFACE((177,21,19));
#7063=IFCINDEXEDPOLYGONALFACE((178,170,171));
#7064=IFCINDEXEDPOLYGONALFACE((177,23,21));
#7065=IFCINDEXEDPOLYGONALFACE((178,171,172));
#7066=IFCINDEXEDPOLYGONALFACE((177,25,23));
#7067=IFCINDEXEDPOLYGONALFACE((178,172,173));
#7068=IFCINDEXEDPOLYGONALFACE((177,27,25));
#7069=IFCINDEXEDPOLYGONALFACE((178,173,174));
#7070=IFCINDEXEDPOLYGONALFACE((177,29,27));
#7071=IFCINDEXEDPOLYGONALFACE((178,174,175));
#7072=IFCINDEXEDPOLYGONALFACE((177,31,29));
#7073=IFCINDEXEDPOLYGONALFACE((178,175,176));
#7074=IFCINDEXEDPOLYGONALFACE((177,1,31));
#7075=IFCINDEXEDPOLYGONALFACE((178,176,162));
#7076=IFCCARTESIANPOINTLIST3D(((0.041359,0.,-0.028893),(0.038211,0.015828,-0.028893),(0.073818,0.030576,-0.021251),(0.0799,0.,-0.021251),(0.029245,0.029245,-0.028893),(0.056498,0.056498,-0.021251),(0.015828,0.038211,-0.028893),(0.030576,0.073818,-0.021251),(0.,0.041359,-0.028893),(0.,0.0799,-0.021251),(-0.015828,0.038211,-0.028893),(-0.030576,0.073818,-0.021251),(-0.029245,0.029245,-0.028893),(-0.056498,0.056498,-0.021251),(-0.038211,0.015828,-0.028893),(-0.073818,0.030576,-0.021251),(-0.041359,0.,-0.028893),(-0.0799,0.,-0.021251),(-0.038211,-0.015828,-0.028893),(-0.073818,-0.030576,-0.021251),(-0.029245,-0.029245,-0.028893),(-0.056498,-0.056498,-0.021251),(-0.015828,-0.038211,-0.028893),(-0.030576,-0.073818,-0.021251),(0.,-0.041359,-0.028893),(0.,-0.0799,-0.021251),(0.015828,-0.038211,-0.028893),(0.030576,-0.073818,-0.021251),(0.029245,-0.029245,-0.028893),(0.056498,-0.056498,-0.021251),(0.038211,-0.015828,-0.028893),(0.073818,-0.030576,-0.021251),(0.104394,0.043242,-0.009094),(0.112996,0.,-0.009094),(0.0799,0.0799,-0.009094),(0.043242,0.104394,-0.009094),(0.,0.112996,-0.009094),(-0.043242,0.104394,-0.009094),(-0.0799,0.0799,-0.009094),(-0.104394,0.043242,-0.009094),(-0.112996,0.,-0.009094),(-0.104394,-0.043242,-0.009094),(-0.0799,-0.0799,-0.009094),(-0.043242,-0.104394,-0.009094),(0.,-0.112996,-0.009094),(0.043242,-0.104394,-0.009094),(0.0799,-0.0799,-0.009094),(0.104394,-0.043242,-0.009094),(0.127856,0.05296,0.00675),(0.138391,0.,0.00675),(0.097857,0.097857,0.00675),(0.05296,0.127856,0.00675),(0.,0.138391,0.00675),(-0.05296,0.127856,0.00675),(-0.097857,0.097857,0.00675),(-0.127856,0.05296,0.00675),(-0.138391,0.,0.00675),(-0.127856,-0.05296,0.00675),(-0.097857,-0.097857,0.00675),(-0.05296,-0.127856,0.00675),(0.,-0.138391,0.00675),(0.05296,-0.127856,0.00675),(0.097857,-0.097857,0.00675),(0.127856,-0.05296,0.00675),(0.142605,0.059069,0.0252),(0.154355,0.,0.0252),(0.109145,0.109145,0.0252),(0.059069,0.142605,0.0252),(0.,0.154355,0.0252),(-0.059069,0.142605,0.0252),(-0.109145,0.109145,0.0252),(-0.142605,0.059069,0.0252),(-0.154355,0.,0.0252),(-0.142605,-0.059069,0.0252),(-0.109145,-0.109145,0.0252),(-0.059069,-0.142605,0.0252),(0.,-0.154355,0.0252),(0.059069,-0.142605,0.0252),(0.109145,-0.109145,0.0252),(0.142605,-0.059069,0.0252),(0.147636,0.061153,0.045),(0.1598,0.,0.045),(0.112996,0.112996,0.045),(0.061153,0.147636,0.045),(0.,0.1598,0.045),(-0.061153,0.147636,0.045),(-0.112996,0.112996,0.045),(-0.147636,0.061153,0.045),(-0.1598,0.,0.045),(-0.147636,-0.061153,0.045),(-0.112996,-0.112996,0.045),(-0.061153,-0.147636,0.045),(0.,-0.1598,0.045),(0.061153,-0.147636,0.045),(0.112996,-0.112996,0.045),(0.147636,-0.061153,0.045),(0.142605,0.059069,0.0648),(0.154355,0.,0.0648),(0.109145,0.109145,0.0648),(0.059069,0.142605,0.0648),(0.,0.154355,0.0648),(-0.059069,0.142605,0.0648),(-0.109145,0.109145,0.0648),(-0.142605,0.059069,0.0648),(-0.154355,0.,0.0648),(-0.142605,-0.059069,0.0648),(-0.109145,-0.109145,0.0648),(-0.059069,-0.142605,0.0648),(0.,-0.154355,0.0648),(0.059069,-0.142605,0.0648),(0.109145,-0.109145,0.0648),(0.142605,-0.059069,0.0648),(0.127856,0.05296,0.08325),(0.138391,0.,0.08325),(0.097857,0.097857,0.08325),(0.05296,0.127856,0.08325),(0.,0.138391,0.08325),(-0.05296,0.127856,0.08325),(-0.097857,0.097857,0.08325),(-0.127856,0.05296,0.08325),(-0.138391,0.,0.08325),(-0.127856,-0.05296,0.08325),(-0.097857,-0.097857,0.08325),(-0.05296,-0.127856,0.08325),(0.,-0.138391,0.08325),(0.05296,-0.127856,0.08325),(0.097857,-0.097857,0.08325),(0.127856,-0.05296,0.08325),(0.104394,0.043242,0.099094),(0.112996,0.,0.099094),(0.0799,0.0799,0.099094),(0.043242,0.104394,0.099094),(0.,0.112996,0.099094),(-0.043242,0.104394,0.099094),(-0.0799,0.0799,0.099094),(-0.104394,0.043242,0.099094),(-0.112996,0.,0.099094),(-0.104394,-0.043242,0.099094),(-0.0799,-0.0799,0.099094),(-0.043242,-0.104394,0.099094),(0.,-0.112996,0.099094),(0.043242,-0.104394,0.099094),(0.0799,-0.0799,0.099094),(0.104394,-0.043242,0.099094),(0.073818,0.030576,0.111251),(0.0799,0.,0.111251),(0.056498,0.056498,0.111251),(0.030576,0.073818,0.111251),(0.,0.0799,0.111251),(-0.030576,0.073818,0.111251),(-0.056498,0.056498,0.111251),(-0.073818,0.030576,0.111251),(-0.0799,0.,0.111251),(-0.073818,-0.030576,0.111251),(-0.056498,-0.056498,0.111251),(-0.030576,-0.073818,0.111251),(0.,-0.0799,0.111251),(0.030576,-0.073818,0.111251),(0.056498,-0.056498,0.111251),(0.073818,-0.030576,0.111251),(0.038211,0.015828,0.118893),(0.041359,0.,0.118893),(0.029245,0.029245,0.118893),(0.015828,0.038211,0.118893),(0.,0.041359,0.118893),(-0.015828,0.038211,0.118893),(-0.029245,0.029245,0.118893),(-0.038211,0.015828,0.118893),(-0.041359,0.,0.118893),(-0.038211,-0.015828,0.118893),(-0.029245,-0.029245,0.118893),(-0.015828,-0.038211,0.118893),(0.,-0.041359,0.118893),(0.015828,-0.038211,0.118893),(0.029245,-0.029245,0.118893),(0.038211,-0.015828,0.118893),(0.,0.,-0.0315),(0.,0.,0.1215)));
#7077=IFCPOLYGONALFACESET(#7076,.T.,(#6724,#6725,#6726,#6727,#6728,#6729,#6730,#6731,#6732,#6733,#6734,#6735,#6736,#6737,#6738,#6739,#6740,#6741,#6742,#6743,#6744,#6745,#6746,#6747,#6748,#6749,#6750,#6751,#6752,#6753,#6754,#6755,#6756,#6757,#6758,#6759,#6760,#6761,#6762,#6763,#6764,#6765,#6766,#6767,#6768,#6769,#6770,#6771,#6772,#6773,#6774,#6775,#6776,#6777,#6778,#6779,#6780,#6781,#6782,#6783,#6784,#6785,#6786,#6787,#6788,#6789,#6790,#6791,#6792,#6793,#6794,#6795,#6796,#6797,#6798,#6799,#6800,#6801,#6802,#6803,#6804,#6805,#6806,#6807,#6808,#6809,#6810,#6811,#6812,#6813,#6814,#6815,#6816,#6817,#6818,#6819,#6820,#6821,#6822,#6823,#6824,#6825,#6826,#6827,#6828,#6829,#6830,#6831,#6832,#6833,#6834,#6835,#6836,#6837,#6838,#6839,#6840,#6841,#6842,#6843,#6844,#6845,#6846,#6847,#6848,#6849,#6850,#6851,#6852,#6853,#6854,#6855,#6856,#6857,#6858,#6859,#6860,#6861,#6862,#6863,#6864,#6865,#6866,#6867,#6868,#6869,#6870,#6871,#6872,#6873,#6874,#6875,#6876,#6877,#6878,#6879,#6880,#6881,#6882,#6883,#6884,#6885,#6886,#6887,#6888,#6889,#6890,#6891,#6892,#6893,#6894,#6895,#6896,#6897,#6898,#6899,#6900,#6901,#6902,#6903,#6904,#6905,#6906,#6907,#6908,#6909,#6910,#6911,#6912,#6913,#6914,#6915,#6916,#6917,#6918,#6919,#6920,#6921,#6922,#6923,#6924,#6925,#6926,#6927,#6928,#6929,#6930,#6931,#6932,#6933,#6934,#6935,#6936,#6937,#6938,#6939,#6940,#6941,#6942,#6943,#6944,#6945,#6946,#6947,#6948,#6949,#6950,#6951,#6952,#6953,#6954,#6955,#6956,#6957,#6958,#6959,#6960,#6961,#6962,#6963,#6964,#6965,#6966,#6967,#6968,#6969,#6970,#6971,#6972,#6973,#6974,#6975,#6976,#6977,#6978,#6979,#6980,#6981,#6982,#6983,#6984,#6985,#6986,#6987,#6988,#6989,#6990,#6991,#6992,#6993,#6994,#6995,#6996,#6997,#6998,#6999,#7000,#7001,#7002,#7003,#7004,#7005,#7006,#7007,#7008,#7009,#7010,#7011,#7012,#7013,#7014,#7015,#7016,#7017,#7018,#7019,#7020,#7021,#7022,#7023,#7024,#7025,#7026,#7027,#7028,#7029,#7030,#7031,#7032,#7033,#7034,#7035,#7036,#7037,#7038,#7039,#7040,#7041,#7042,#7043,#7044,#7045,#7046,#7047,#7048,#7049,#7050,#7051,#7052,#7053,#7054,#7055,#7056,#7057,#7058,#7059,#7060,#7061,#7062,#7063,#7064,#7065,#7066,#7067,#7068,#7069,#7070,#7071,#7072,#7073,#7074,#7075),$);
#7078=IFCSTYLEDITEM(#7077,(#5240),$);
#7079=IFCSHAPEREPRESENTATION(#12,'Body','Tessellation',(#6722,#7077));
#7080=IFCPRODUCTDEFINITIONSHAPE($,$,(#7079));
#7081=IFCLIGHTFIXTURE('2mGhw6zcfVRJeMAoeOnhPE',#5,'Ceiling light','Skanna asset library',$,#6596,#7080,$,.POINTSOURCE.);
#7082=IFCCARTESIANPOINT((2.1,17.82,2.61));
#7083=IFCDIRECTION((0.,0.,1.));
#7084=IFCDIRECTION((1.,0.,0.));
#7085=IFCAXIS2PLACEMENT3D(#7082,#7083,#7084);
#7086=IFCLOCALPLACEMENT(#26,#7085);
#7087=IFCINDEXEDPOLYGONALFACE((1,2,3));
#7088=IFCINDEXEDPOLYGONALFACE((1,3,4));
#7089=IFCINDEXEDPOLYGONALFACE((2,5,6));
#7090=IFCINDEXEDPOLYGONALFACE((2,6,3));
#7091=IFCINDEXEDPOLYGONALFACE((5,7,8));
#7092=IFCINDEXEDPOLYGONALFACE((5,8,6));
#7093=IFCINDEXEDPOLYGONALFACE((7,9,10));
#7094=IFCINDEXEDPOLYGONALFACE((7,10,8));
#7095=IFCINDEXEDPOLYGONALFACE((9,11,12));
#7096=IFCINDEXEDPOLYGONALFACE((9,12,10));
#7097=IFCINDEXEDPOLYGONALFACE((11,13,14));
#7098=IFCINDEXEDPOLYGONALFACE((11,14,12));
#7099=IFCINDEXEDPOLYGONALFACE((13,15,16));
#7100=IFCINDEXEDPOLYGONALFACE((13,16,14));
#7101=IFCINDEXEDPOLYGONALFACE((15,17,18));
#7102=IFCINDEXEDPOLYGONALFACE((15,18,16));
#7103=IFCINDEXEDPOLYGONALFACE((17,19,20));
#7104=IFCINDEXEDPOLYGONALFACE((17,20,18));
#7105=IFCINDEXEDPOLYGONALFACE((19,21,22));
#7106=IFCINDEXEDPOLYGONALFACE((19,22,20));
#7107=IFCINDEXEDPOLYGONALFACE((21,23,24));
#7108=IFCINDEXEDPOLYGONALFACE((21,24,22));
#7109=IFCINDEXEDPOLYGONALFACE((23,25,26));
#7110=IFCINDEXEDPOLYGONALFACE((23,26,24));
#7111=IFCINDEXEDPOLYGONALFACE((25,27,28));
#7112=IFCINDEXEDPOLYGONALFACE((25,28,26));
#7113=IFCINDEXEDPOLYGONALFACE((27,29,30));
#7114=IFCINDEXEDPOLYGONALFACE((27,30,28));
#7115=IFCINDEXEDPOLYGONALFACE((29,31,32));
#7116=IFCINDEXEDPOLYGONALFACE((29,32,30));
#7117=IFCINDEXEDPOLYGONALFACE((31,33,34));
#7118=IFCINDEXEDPOLYGONALFACE((31,34,32));
#7119=IFCINDEXEDPOLYGONALFACE((33,35,36));
#7120=IFCINDEXEDPOLYGONALFACE((33,36,34));
#7121=IFCINDEXEDPOLYGONALFACE((35,37,38));
#7122=IFCINDEXEDPOLYGONALFACE((35,38,36));
#7123=IFCINDEXEDPOLYGONALFACE((37,39,40));
#7124=IFCINDEXEDPOLYGONALFACE((37,40,38));
#7125=IFCINDEXEDPOLYGONALFACE((39,41,42));
#7126=IFCINDEXEDPOLYGONALFACE((39,42,40));
#7127=IFCINDEXEDPOLYGONALFACE((41,43,44));
#7128=IFCINDEXEDPOLYGONALFACE((41,44,42));
#7129=IFCINDEXEDPOLYGONALFACE((43,45,46));
#7130=IFCINDEXEDPOLYGONALFACE((43,46,44));
#7131=IFCINDEXEDPOLYGONALFACE((45,47,48));
#7132=IFCINDEXEDPOLYGONALFACE((45,48,46));
#7133=IFCINDEXEDPOLYGONALFACE((47,49,50));
#7134=IFCINDEXEDPOLYGONALFACE((47,50,48));
#7135=IFCINDEXEDPOLYGONALFACE((49,51,52));
#7136=IFCINDEXEDPOLYGONALFACE((49,52,50));
#7137=IFCINDEXEDPOLYGONALFACE((51,53,54));
#7138=IFCINDEXEDPOLYGONALFACE((51,54,52));
#7139=IFCINDEXEDPOLYGONALFACE((53,55,56));
#7140=IFCINDEXEDPOLYGONALFACE((53,56,54));
#7141=IFCINDEXEDPOLYGONALFACE((55,57,58));
#7142=IFCINDEXEDPOLYGONALFACE((55,58,56));
#7143=IFCINDEXEDPOLYGONALFACE((57,59,60));
#7144=IFCINDEXEDPOLYGONALFACE((57,60,58));
#7145=IFCINDEXEDPOLYGONALFACE((59,61,62));
#7146=IFCINDEXEDPOLYGONALFACE((59,62,60));
#7147=IFCINDEXEDPOLYGONALFACE((61,63,64));
#7148=IFCINDEXEDPOLYGONALFACE((61,64,62));
#7149=IFCINDEXEDPOLYGONALFACE((63,1,4));
#7150=IFCINDEXEDPOLYGONALFACE((63,4,64));
#7151=IFCINDEXEDPOLYGONALFACE((1,5,2));
#7152=IFCINDEXEDPOLYGONALFACE((4,3,6));
#7153=IFCINDEXEDPOLYGONALFACE((1,7,5));
#7154=IFCINDEXEDPOLYGONALFACE((4,6,8));
#7155=IFCINDEXEDPOLYGONALFACE((1,9,7));
#7156=IFCINDEXEDPOLYGONALFACE((4,8,10));
#7157=IFCINDEXEDPOLYGONALFACE((1,11,9));
#7158=IFCINDEXEDPOLYGONALFACE((4,10,12));
#7159=IFCINDEXEDPOLYGONALFACE((1,13,11));
#7160=IFCINDEXEDPOLYGONALFACE((4,12,14));
#7161=IFCINDEXEDPOLYGONALFACE((1,15,13));
#7162=IFCINDEXEDPOLYGONALFACE((4,14,16));
#7163=IFCINDEXEDPOLYGONALFACE((1,17,15));
#7164=IFCINDEXEDPOLYGONALFACE((4,16,18));
#7165=IFCINDEXEDPOLYGONALFACE((1,19,17));
#7166=IFCINDEXEDPOLYGONALFACE((4,18,20));
#7167=IFCINDEXEDPOLYGONALFACE((1,21,19));
#7168=IFCINDEXEDPOLYGONALFACE((4,20,22));
#7169=IFCINDEXEDPOLYGONALFACE((1,23,21));
#7170=IFCINDEXEDPOLYGONALFACE((4,22,24));
#7171=IFCINDEXEDPOLYGONALFACE((1,25,23));
#7172=IFCINDEXEDPOLYGONALFACE((4,24,26));
#7173=IFCINDEXEDPOLYGONALFACE((1,27,25));
#7174=IFCINDEXEDPOLYGONALFACE((4,26,28));
#7175=IFCINDEXEDPOLYGONALFACE((1,29,27));
#7176=IFCINDEXEDPOLYGONALFACE((4,28,30));
#7177=IFCINDEXEDPOLYGONALFACE((1,31,29));
#7178=IFCINDEXEDPOLYGONALFACE((4,30,32));
#7179=IFCINDEXEDPOLYGONALFACE((1,33,31));
#7180=IFCINDEXEDPOLYGONALFACE((4,32,34));
#7181=IFCINDEXEDPOLYGONALFACE((1,35,33));
#7182=IFCINDEXEDPOLYGONALFACE((4,34,36));
#7183=IFCINDEXEDPOLYGONALFACE((1,37,35));
#7184=IFCINDEXEDPOLYGONALFACE((4,36,38));
#7185=IFCINDEXEDPOLYGONALFACE((1,39,37));
#7186=IFCINDEXEDPOLYGONALFACE((4,38,40));
#7187=IFCINDEXEDPOLYGONALFACE((1,41,39));
#7188=IFCINDEXEDPOLYGONALFACE((4,40,42));
#7189=IFCINDEXEDPOLYGONALFACE((1,43,41));
#7190=IFCINDEXEDPOLYGONALFACE((4,42,44));
#7191=IFCINDEXEDPOLYGONALFACE((1,45,43));
#7192=IFCINDEXEDPOLYGONALFACE((4,44,46));
#7193=IFCINDEXEDPOLYGONALFACE((1,47,45));
#7194=IFCINDEXEDPOLYGONALFACE((4,46,48));
#7195=IFCINDEXEDPOLYGONALFACE((1,49,47));
#7196=IFCINDEXEDPOLYGONALFACE((4,48,50));
#7197=IFCINDEXEDPOLYGONALFACE((1,51,49));
#7198=IFCINDEXEDPOLYGONALFACE((4,50,52));
#7199=IFCINDEXEDPOLYGONALFACE((1,53,51));
#7200=IFCINDEXEDPOLYGONALFACE((4,52,54));
#7201=IFCINDEXEDPOLYGONALFACE((1,55,53));
#7202=IFCINDEXEDPOLYGONALFACE((4,54,56));
#7203=IFCINDEXEDPOLYGONALFACE((1,57,55));
#7204=IFCINDEXEDPOLYGONALFACE((4,56,58));
#7205=IFCINDEXEDPOLYGONALFACE((1,59,57));
#7206=IFCINDEXEDPOLYGONALFACE((4,58,60));
#7207=IFCINDEXEDPOLYGONALFACE((1,61,59));
#7208=IFCINDEXEDPOLYGONALFACE((4,60,62));
#7209=IFCINDEXEDPOLYGONALFACE((1,63,61));
#7210=IFCINDEXEDPOLYGONALFACE((4,62,64));
#7211=IFCCARTESIANPOINTLIST3D(((0.17,0.,0.045),(0.166733,0.033165,0.045),(0.156729,0.031175,0.09),(0.1598,0.,0.09),(0.15706,0.065056,0.045),(0.147636,0.061153,0.09),(0.14135,0.094447,0.045),(0.132869,0.08878,0.09),(0.120208,0.120208,0.045),(0.112996,0.112996,0.09),(0.094447,0.14135,0.045),(0.08878,0.132869,0.09),(0.065056,0.15706,0.045),(0.061153,0.147636,0.09),(0.033165,0.166733,0.045),(0.031175,0.156729,0.09),(0.,0.17,0.045),(0.,0.1598,0.09),(-0.033165,0.166733,0.045),(-0.031175,0.156729,0.09),(-0.065056,0.15706,0.045),(-0.061153,0.147636,0.09),(-0.094447,0.14135,0.045),(-0.08878,0.132869,0.09),(-0.120208,0.120208,0.045),(-0.112996,0.112996,0.09),(-0.14135,0.094447,0.045),(-0.132869,0.08878,0.09),(-0.15706,0.065056,0.045),(-0.147636,0.061153,0.09),(-0.166733,0.033165,0.045),(-0.156729,0.031175,0.09),(-0.17,0.,0.045),(-0.1598,0.,0.09),(-0.166733,-0.033165,0.045),(-0.156729,-0.031175,0.09),(-0.15706,-0.065056,0.045),(-0.147636,-0.061153,0.09),(-0.14135,-0.094447,0.045),(-0.132869,-0.08878,0.09),(-0.120208,-0.120208,0.045),(-0.112996,-0.112996,0.09),(-0.094447,-0.14135,0.045),(-0.08878,-0.132869,0.09),(-0.065056,-0.15706,0.045),(-0.061153,-0.147636,0.09),(-0.033165,-0.166733,0.045),(-0.031175,-0.156729,0.09),(0.,-0.17,0.045),(0.,-0.1598,0.09),(0.033165,-0.166733,0.045),(0.031175,-0.156729,0.09),(0.065056,-0.15706,0.045),(0.061153,-0.147636,0.09),(0.094447,-0.14135,0.045),(0.08878,-0.132869,0.09),(0.120208,-0.120208,0.045),(0.112996,-0.112996,0.09),(0.14135,-0.094447,0.045),(0.132869,-0.08878,0.09),(0.15706,-0.065056,0.045),(0.147636,-0.061153,0.09),(0.166733,-0.033165,0.045),(0.156729,-0.031175,0.09)));
#7212=IFCPOLYGONALFACESET(#7211,.T.,(#7087,#7088,#7089,#7090,#7091,#7092,#7093,#7094,#7095,#7096,#7097,#7098,#7099,#7100,#7101,#7102,#7103,#7104,#7105,#7106,#7107,#7108,#7109,#7110,#7111,#7112,#7113,#7114,#7115,#7116,#7117,#7118,#7119,#7120,#7121,#7122,#7123,#7124,#7125,#7126,#7127,#7128,#7129,#7130,#7131,#7132,#7133,#7134,#7135,#7136,#7137,#7138,#7139,#7140,#7141,#7142,#7143,#7144,#7145,#7146,#7147,#7148,#7149,#7150,#7151,#7152,#7153,#7154,#7155,#7156,#7157,#7158,#7159,#7160,#7161,#7162,#7163,#7164,#7165,#7166,#7167,#7168,#7169,#7170,#7171,#7172,#7173,#7174,#7175,#7176,#7177,#7178,#7179,#7180,#7181,#7182,#7183,#7184,#7185,#7186,#7187,#7188,#7189,#7190,#7191,#7192,#7193,#7194,#7195,#7196,#7197,#7198,#7199,#7200,#7201,#7202,#7203,#7204,#7205,#7206,#7207,#7208,#7209,#7210),$);
#7213=IFCSTYLEDITEM(#7212,(#3816),$);
#7214=IFCINDEXEDPOLYGONALFACE((1,2,3));
#7215=IFCINDEXEDPOLYGONALFACE((1,3,4));
#7216=IFCINDEXEDPOLYGONALFACE((2,5,6));
#7217=IFCINDEXEDPOLYGONALFACE((2,6,3));
#7218=IFCINDEXEDPOLYGONALFACE((5,7,8));
#7219=IFCINDEXEDPOLYGONALFACE((5,8,6));
#7220=IFCINDEXEDPOLYGONALFACE((7,9,10));
#7221=IFCINDEXEDPOLYGONALFACE((7,10,8));
#7222=IFCINDEXEDPOLYGONALFACE((9,11,12));
#7223=IFCINDEXEDPOLYGONALFACE((9,12,10));
#7224=IFCINDEXEDPOLYGONALFACE((11,13,14));
#7225=IFCINDEXEDPOLYGONALFACE((11,14,12));
#7226=IFCINDEXEDPOLYGONALFACE((13,15,16));
#7227=IFCINDEXEDPOLYGONALFACE((13,16,14));
#7228=IFCINDEXEDPOLYGONALFACE((15,17,18));
#7229=IFCINDEXEDPOLYGONALFACE((15,18,16));
#7230=IFCINDEXEDPOLYGONALFACE((17,19,20));
#7231=IFCINDEXEDPOLYGONALFACE((17,20,18));
#7232=IFCINDEXEDPOLYGONALFACE((19,21,22));
#7233=IFCINDEXEDPOLYGONALFACE((19,22,20));
#7234=IFCINDEXEDPOLYGONALFACE((21,23,24));
#7235=IFCINDEXEDPOLYGONALFACE((21,24,22));
#7236=IFCINDEXEDPOLYGONALFACE((23,25,26));
#7237=IFCINDEXEDPOLYGONALFACE((23,26,24));
#7238=IFCINDEXEDPOLYGONALFACE((25,27,28));
#7239=IFCINDEXEDPOLYGONALFACE((25,28,26));
#7240=IFCINDEXEDPOLYGONALFACE((27,29,30));
#7241=IFCINDEXEDPOLYGONALFACE((27,30,28));
#7242=IFCINDEXEDPOLYGONALFACE((29,31,32));
#7243=IFCINDEXEDPOLYGONALFACE((29,32,30));
#7244=IFCINDEXEDPOLYGONALFACE((31,1,4));
#7245=IFCINDEXEDPOLYGONALFACE((31,4,32));
#7246=IFCINDEXEDPOLYGONALFACE((4,3,33));
#7247=IFCINDEXEDPOLYGONALFACE((4,33,34));
#7248=IFCINDEXEDPOLYGONALFACE((3,6,35));
#7249=IFCINDEXEDPOLYGONALFACE((3,35,33));
#7250=IFCINDEXEDPOLYGONALFACE((6,8,36));
#7251=IFCINDEXEDPOLYGONALFACE((6,36,35));
#7252=IFCINDEXEDPOLYGONALFACE((8,10,37));
#7253=IFCINDEXEDPOLYGONALFACE((8,37,36));
#7254=IFCINDEXEDPOLYGONALFACE((10,12,38));
#7255=IFCINDEXEDPOLYGONALFACE((10,38,37));
#7256=IFCINDEXEDPOLYGONALFACE((12,14,39));
#7257=IFCINDEXEDPOLYGONALFACE((12,39,38));
#7258=IFCINDEXEDPOLYGONALFACE((14,16,40));
#7259=IFCINDEXEDPOLYGONALFACE((14,40,39));
#7260=IFCINDEXEDPOLYGONALFACE((16,18,41));
#7261=IFCINDEXEDPOLYGONALFACE((16,41,40));
#7262=IFCINDEXEDPOLYGONALFACE((18,20,42));
#7263=IFCINDEXEDPOLYGONALFACE((18,42,41));
#7264=IFCINDEXEDPOLYGONALFACE((20,22,43));
#7265=IFCINDEXEDPOLYGONALFACE((20,43,42));
#7266=IFCINDEXEDPOLYGONALFACE((22,24,44));
#7267=IFCINDEXEDPOLYGONALFACE((22,44,43));
#7268=IFCINDEXEDPOLYGONALFACE((24,26,45));
#7269=IFCINDEXEDPOLYGONALFACE((24,45,44));
#7270=IFCINDEXEDPOLYGONALFACE((26,28,46));
#7271=IFCINDEXEDPOLYGONALFACE((26,46,45));
#7272=IFCINDEXEDPOLYGONALFACE((28,30,47));
#7273=IFCINDEXEDPOLYGONALFACE((28,47,46));
#7274=IFCINDEXEDPOLYGONALFACE((30,32,48));
#7275=IFCINDEXEDPOLYGONALFACE((30,48,47));
#7276=IFCINDEXEDPOLYGONALFACE((32,4,34));
#7277=IFCINDEXEDPOLYGONALFACE((32,34,48));
#7278=IFCINDEXEDPOLYGONALFACE((34,33,49));
#7279=IFCINDEXEDPOLYGONALFACE((34,49,50));
#7280=IFCINDEXEDPOLYGONALFACE((33,35,51));
#7281=IFCINDEXEDPOLYGONALFACE((33,51,49));
#7282=IFCINDEXEDPOLYGONALFACE((35,36,52));
#7283=IFCINDEXEDPOLYGONALFACE((35,52,51));
#7284=IFCINDEXEDPOLYGONALFACE((36,37,53));
#7285=IFCINDEXEDPOLYGONALFACE((36,53,52));
#7286=IFCINDEXEDPOLYGONALFACE((37,38,54));
#7287=IFCINDEXEDPOLYGONALFACE((37,54,53));
#7288=IFCINDEXEDPOLYGONALFACE((38,39,55));
#7289=IFCINDEXEDPOLYGONALFACE((38,55,54));
#7290=IFCINDEXEDPOLYGONALFACE((39,40,56));
#7291=IFCINDEXEDPOLYGONALFACE((39,56,55));
#7292=IFCINDEXEDPOLYGONALFACE((40,41,57));
#7293=IFCINDEXEDPOLYGONALFACE((40,57,56));
#7294=IFCINDEXEDPOLYGONALFACE((41,42,58));
#7295=IFCINDEXEDPOLYGONALFACE((41,58,57));
#7296=IFCINDEXEDPOLYGONALFACE((42,43,59));
#7297=IFCINDEXEDPOLYGONALFACE((42,59,58));
#7298=IFCINDEXEDPOLYGONALFACE((43,44,60));
#7299=IFCINDEXEDPOLYGONALFACE((43,60,59));
#7300=IFCINDEXEDPOLYGONALFACE((44,45,61));
#7301=IFCINDEXEDPOLYGONALFACE((44,61,60));
#7302=IFCINDEXEDPOLYGONALFACE((45,46,62));
#7303=IFCINDEXEDPOLYGONALFACE((45,62,61));
#7304=IFCINDEXEDPOLYGONALFACE((46,47,63));
#7305=IFCINDEXEDPOLYGONALFACE((46,63,62));
#7306=IFCINDEXEDPOLYGONALFACE((47,48,64));
#7307=IFCINDEXEDPOLYGONALFACE((47,64,63));
#7308=IFCINDEXEDPOLYGONALFACE((48,34,50));
#7309=IFCINDEXEDPOLYGONALFACE((48,50,64));
#7310=IFCINDEXEDPOLYGONALFACE((50,49,65));
#7311=IFCINDEXEDPOLYGONALFACE((50,65,66));
#7312=IFCINDEXEDPOLYGONALFACE((49,51,67));
#7313=IFCINDEXEDPOLYGONALFACE((49,67,65));
#7314=IFCINDEXEDPOLYGONALFACE((51,52,68));
#7315=IFCINDEXEDPOLYGONALFACE((51,68,67));
#7316=IFCINDEXEDPOLYGONALFACE((52,53,69));
#7317=IFCINDEXEDPOLYGONALFACE((52,69,68));
#7318=IFCINDEXEDPOLYGONALFACE((53,54,70));
#7319=IFCINDEXEDPOLYGONALFACE((53,70,69));
#7320=IFCINDEXEDPOLYGONALFACE((54,55,71));
#7321=IFCINDEXEDPOLYGONALFACE((54,71,70));
#7322=IFCINDEXEDPOLYGONALFACE((55,56,72));
#7323=IFCINDEXEDPOLYGONALFACE((55,72,71));
#7324=IFCINDEXEDPOLYGONALFACE((56,57,73));
#7325=IFCINDEXEDPOLYGONALFACE((56,73,72));
#7326=IFCINDEXEDPOLYGONALFACE((57,58,74));
#7327=IFCINDEXEDPOLYGONALFACE((57,74,73));
#7328=IFCINDEXEDPOLYGONALFACE((58,59,75));
#7329=IFCINDEXEDPOLYGONALFACE((58,75,74));
#7330=IFCINDEXEDPOLYGONALFACE((59,60,76));
#7331=IFCINDEXEDPOLYGONALFACE((59,76,75));
#7332=IFCINDEXEDPOLYGONALFACE((60,61,77));
#7333=IFCINDEXEDPOLYGONALFACE((60,77,76));
#7334=IFCINDEXEDPOLYGONALFACE((61,62,78));
#7335=IFCINDEXEDPOLYGONALFACE((61,78,77));
#7336=IFCINDEXEDPOLYGONALFACE((62,63,79));
#7337=IFCINDEXEDPOLYGONALFACE((62,79,78));
#7338=IFCINDEXEDPOLYGONALFACE((63,64,80));
#7339=IFCINDEXEDPOLYGONALFACE((63,80,79));
#7340=IFCINDEXEDPOLYGONALFACE((64,50,66));
#7341=IFCINDEXEDPOLYGONALFACE((64,66,80));
#7342=IFCINDEXEDPOLYGONALFACE((66,65,81));
#7343=IFCINDEXEDPOLYGONALFACE((66,81,82));
#7344=IFCINDEXEDPOLYGONALFACE((65,67,83));
#7345=IFCINDEXEDPOLYGONALFACE((65,83,81));
#7346=IFCINDEXEDPOLYGONALFACE((67,68,84));
#7347=IFCINDEXEDPOLYGONALFACE((67,84,83));
#7348=IFCINDEXEDPOLYGONALFACE((68,69,85));
#7349=IFCINDEXEDPOLYGONALFACE((68,85,84));
#7350=IFCINDEXEDPOLYGONALFACE((69,70,86));
#7351=IFCINDEXEDPOLYGONALFACE((69,86,85));
#7352=IFCINDEXEDPOLYGONALFACE((70,71,87));
#7353=IFCINDEXEDPOLYGONALFACE((70,87,86));
#7354=IFCINDEXEDPOLYGONALFACE((71,72,88));
#7355=IFCINDEXEDPOLYGONALFACE((71,88,87));
#7356=IFCINDEXEDPOLYGONALFACE((72,73,89));
#7357=IFCINDEXEDPOLYGONALFACE((72,89,88));
#7358=IFCINDEXEDPOLYGONALFACE((73,74,90));
#7359=IFCINDEXEDPOLYGONALFACE((73,90,89));
#7360=IFCINDEXEDPOLYGONALFACE((74,75,91));
#7361=IFCINDEXEDPOLYGONALFACE((74,91,90));
#7362=IFCINDEXEDPOLYGONALFACE((75,76,92));
#7363=IFCINDEXEDPOLYGONALFACE((75,92,91));
#7364=IFCINDEXEDPOLYGONALFACE((76,77,93));
#7365=IFCINDEXEDPOLYGONALFACE((76,93,92));
#7366=IFCINDEXEDPOLYGONALFACE((77,78,94));
#7367=IFCINDEXEDPOLYGONALFACE((77,94,93));
#7368=IFCINDEXEDPOLYGONALFACE((78,79,95));
#7369=IFCINDEXEDPOLYGONALFACE((78,95,94));
#7370=IFCINDEXEDPOLYGONALFACE((79,80,96));
#7371=IFCINDEXEDPOLYGONALFACE((79,96,95));
#7372=IFCINDEXEDPOLYGONALFACE((80,66,82));
#7373=IFCINDEXEDPOLYGONALFACE((80,82,96));
#7374=IFCINDEXEDPOLYGONALFACE((82,81,97));
#7375=IFCINDEXEDPOLYGONALFACE((82,97,98));
#7376=IFCINDEXEDPOLYGONALFACE((81,83,99));
#7377=IFCINDEXEDPOLYGONALFACE((81,99,97));
#7378=IFCINDEXEDPOLYGONALFACE((83,84,100));
#7379=IFCINDEXEDPOLYGONALFACE((83,100,99));
#7380=IFCINDEXEDPOLYGONALFACE((84,85,101));
#7381=IFCINDEXEDPOLYGONALFACE((84,101,100));
#7382=IFCINDEXEDPOLYGONALFACE((85,86,102));
#7383=IFCINDEXEDPOLYGONALFACE((85,102,101));
#7384=IFCINDEXEDPOLYGONALFACE((86,87,103));
#7385=IFCINDEXEDPOLYGONALFACE((86,103,102));
#7386=IFCINDEXEDPOLYGONALFACE((87,88,104));
#7387=IFCINDEXEDPOLYGONALFACE((87,104,103));
#7388=IFCINDEXEDPOLYGONALFACE((88,89,105));
#7389=IFCINDEXEDPOLYGONALFACE((88,105,104));
#7390=IFCINDEXEDPOLYGONALFACE((89,90,106));
#7391=IFCINDEXEDPOLYGONALFACE((89,106,105));
#7392=IFCINDEXEDPOLYGONALFACE((90,91,107));
#7393=IFCINDEXEDPOLYGONALFACE((90,107,106));
#7394=IFCINDEXEDPOLYGONALFACE((91,92,108));
#7395=IFCINDEXEDPOLYGONALFACE((91,108,107));
#7396=IFCINDEXEDPOLYGONALFACE((92,93,109));
#7397=IFCINDEXEDPOLYGONALFACE((92,109,108));
#7398=IFCINDEXEDPOLYGONALFACE((93,94,110));
#7399=IFCINDEXEDPOLYGONALFACE((93,110,109));
#7400=IFCINDEXEDPOLYGONALFACE((94,95,111));
#7401=IFCINDEXEDPOLYGONALFACE((94,111,110));
#7402=IFCINDEXEDPOLYGONALFACE((95,96,112));
#7403=IFCINDEXEDPOLYGONALFACE((95,112,111));
#7404=IFCINDEXEDPOLYGONALFACE((96,82,98));
#7405=IFCINDEXEDPOLYGONALFACE((96,98,112));
#7406=IFCINDEXEDPOLYGONALFACE((98,97,113));
#7407=IFCINDEXEDPOLYGONALFACE((98,113,114));
#7408=IFCINDEXEDPOLYGONALFACE((97,99,115));
#7409=IFCINDEXEDPOLYGONALFACE((97,115,113));
#7410=IFCINDEXEDPOLYGONALFACE((99,100,116));
#7411=IFCINDEXEDPOLYGONALFACE((99,116,115));
#7412=IFCINDEXEDPOLYGONALFACE((100,101,117));
#7413=IFCINDEXEDPOLYGONALFACE((100,117,116));
#7414=IFCINDEXEDPOLYGONALFACE((101,102,118));
#7415=IFCINDEXEDPOLYGONALFACE((101,118,117));
#7416=IFCINDEXEDPOLYGONALFACE((102,103,119));
#7417=IFCINDEXEDPOLYGONALFACE((102,119,118));
#7418=IFCINDEXEDPOLYGONALFACE((103,104,120));
#7419=IFCINDEXEDPOLYGONALFACE((103,120,119));
#7420=IFCINDEXEDPOLYGONALFACE((104,105,121));
#7421=IFCINDEXEDPOLYGONALFACE((104,121,120));
#7422=IFCINDEXEDPOLYGONALFACE((105,106,122));
#7423=IFCINDEXEDPOLYGONALFACE((105,122,121));
#7424=IFCINDEXEDPOLYGONALFACE((106,107,123));
#7425=IFCINDEXEDPOLYGONALFACE((106,123,122));
#7426=IFCINDEXEDPOLYGONALFACE((107,108,124));
#7427=IFCINDEXEDPOLYGONALFACE((107,124,123));
#7428=IFCINDEXEDPOLYGONALFACE((108,109,125));
#7429=IFCINDEXEDPOLYGONALFACE((108,125,124));
#7430=IFCINDEXEDPOLYGONALFACE((109,110,126));
#7431=IFCINDEXEDPOLYGONALFACE((109,126,125));
#7432=IFCINDEXEDPOLYGONALFACE((110,111,127));
#7433=IFCINDEXEDPOLYGONALFACE((110,127,126));
#7434=IFCINDEXEDPOLYGONALFACE((111,112,128));
#7435=IFCINDEXEDPOLYGONALFACE((111,128,127));
#7436=IFCINDEXEDPOLYGONALFACE((112,98,114));
#7437=IFCINDEXEDPOLYGONALFACE((112,114,128));
#7438=IFCINDEXEDPOLYGONALFACE((114,113,129));
#7439=IFCINDEXEDPOLYGONALFACE((114,129,130));
#7440=IFCINDEXEDPOLYGONALFACE((113,115,131));
#7441=IFCINDEXEDPOLYGONALFACE((113,131,129));
#7442=IFCINDEXEDPOLYGONALFACE((115,116,132));
#7443=IFCINDEXEDPOLYGONALFACE((115,132,131));
#7444=IFCINDEXEDPOLYGONALFACE((116,117,133));
#7445=IFCINDEXEDPOLYGONALFACE((116,133,132));
#7446=IFCINDEXEDPOLYGONALFACE((117,118,134));
#7447=IFCINDEXEDPOLYGONALFACE((117,134,133));
#7448=IFCINDEXEDPOLYGONALFACE((118,119,135));
#7449=IFCINDEXEDPOLYGONALFACE((118,135,134));
#7450=IFCINDEXEDPOLYGONALFACE((119,120,136));
#7451=IFCINDEXEDPOLYGONALFACE((119,136,135));
#7452=IFCINDEXEDPOLYGONALFACE((120,121,137));
#7453=IFCINDEXEDPOLYGONALFACE((120,137,136));
#7454=IFCINDEXEDPOLYGONALFACE((121,122,138));
#7455=IFCINDEXEDPOLYGONALFACE((121,138,137));
#7456=IFCINDEXEDPOLYGONALFACE((122,123,139));
#7457=IFCINDEXEDPOLYGONALFACE((122,139,138));
#7458=IFCINDEXEDPOLYGONALFACE((123,124,140));
#7459=IFCINDEXEDPOLYGONALFACE((123,140,139));
#7460=IFCINDEXEDPOLYGONALFACE((124,125,141));
#7461=IFCINDEXEDPOLYGONALFACE((124,141,140));
#7462=IFCINDEXEDPOLYGONALFACE((125,126,142));
#7463=IFCINDEXEDPOLYGONALFACE((125,142,141));
#7464=IFCINDEXEDPOLYGONALFACE((126,127,143));
#7465=IFCINDEXEDPOLYGONALFACE((126,143,142));
#7466=IFCINDEXEDPOLYGONALFACE((127,128,144));
#7467=IFCINDEXEDPOLYGONALFACE((127,144,143));
#7468=IFCINDEXEDPOLYGONALFACE((128,114,130));
#7469=IFCINDEXEDPOLYGONALFACE((128,130,144));
#7470=IFCINDEXEDPOLYGONALFACE((130,129,145));
#7471=IFCINDEXEDPOLYGONALFACE((130,145,146));
#7472=IFCINDEXEDPOLYGONALFACE((129,131,147));
#7473=IFCINDEXEDPOLYGONALFACE((129,147,145));
#7474=IFCINDEXEDPOLYGONALFACE((131,132,148));
#7475=IFCINDEXEDPOLYGONALFACE((131,148,147));
#7476=IFCINDEXEDPOLYGONALFACE((132,133,149));
#7477=IFCINDEXEDPOLYGONALFACE((132,149,148));
#7478=IFCINDEXEDPOLYGONALFACE((133,134,150));
#7479=IFCINDEXEDPOLYGONALFACE((133,150,149));
#7480=IFCINDEXEDPOLYGONALFACE((134,135,151));
#7481=IFCINDEXEDPOLYGONALFACE((134,151,150));
#7482=IFCINDEXEDPOLYGONALFACE((135,136,152));
#7483=IFCINDEXEDPOLYGONALFACE((135,152,151));
#7484=IFCINDEXEDPOLYGONALFACE((136,137,153));
#7485=IFCINDEXEDPOLYGONALFACE((136,153,152));
#7486=IFCINDEXEDPOLYGONALFACE((137,138,154));
#7487=IFCINDEXEDPOLYGONALFACE((137,154,153));
#7488=IFCINDEXEDPOLYGONALFACE((138,139,155));
#7489=IFCINDEXEDPOLYGONALFACE((138,155,154));
#7490=IFCINDEXEDPOLYGONALFACE((139,140,156));
#7491=IFCINDEXEDPOLYGONALFACE((139,156,155));
#7492=IFCINDEXEDPOLYGONALFACE((140,141,157));
#7493=IFCINDEXEDPOLYGONALFACE((140,157,156));
#7494=IFCINDEXEDPOLYGONALFACE((141,142,158));
#7495=IFCINDEXEDPOLYGONALFACE((141,158,157));
#7496=IFCINDEXEDPOLYGONALFACE((142,143,159));
#7497=IFCINDEXEDPOLYGONALFACE((142,159,158));
#7498=IFCINDEXEDPOLYGONALFACE((143,144,160));
#7499=IFCINDEXEDPOLYGONALFACE((143,160,159));
#7500=IFCINDEXEDPOLYGONALFACE((144,130,146));
#7501=IFCINDEXEDPOLYGONALFACE((144,146,160));
#7502=IFCINDEXEDPOLYGONALFACE((146,145,161));
#7503=IFCINDEXEDPOLYGONALFACE((146,161,162));
#7504=IFCINDEXEDPOLYGONALFACE((145,147,163));
#7505=IFCINDEXEDPOLYGONALFACE((145,163,161));
#7506=IFCINDEXEDPOLYGONALFACE((147,148,164));
#7507=IFCINDEXEDPOLYGONALFACE((147,164,163));
#7508=IFCINDEXEDPOLYGONALFACE((148,149,165));
#7509=IFCINDEXEDPOLYGONALFACE((148,165,164));
#7510=IFCINDEXEDPOLYGONALFACE((149,150,166));
#7511=IFCINDEXEDPOLYGONALFACE((149,166,165));
#7512=IFCINDEXEDPOLYGONALFACE((150,151,167));
#7513=IFCINDEXEDPOLYGONALFACE((150,167,166));
#7514=IFCINDEXEDPOLYGONALFACE((151,152,168));
#7515=IFCINDEXEDPOLYGONALFACE((151,168,167));
#7516=IFCINDEXEDPOLYGONALFACE((152,153,169));
#7517=IFCINDEXEDPOLYGONALFACE((152,169,168));
#7518=IFCINDEXEDPOLYGONALFACE((153,154,170));
#7519=IFCINDEXEDPOLYGONALFACE((153,170,169));
#7520=IFCINDEXEDPOLYGONALFACE((154,155,171));
#7521=IFCINDEXEDPOLYGONALFACE((154,171,170));
#7522=IFCINDEXEDPOLYGONALFACE((155,156,172));
#7523=IFCINDEXEDPOLYGONALFACE((155,172,171));
#7524=IFCINDEXEDPOLYGONALFACE((156,157,173));
#7525=IFCINDEXEDPOLYGONALFACE((156,173,172));
#7526=IFCINDEXEDPOLYGONALFACE((157,158,174));
#7527=IFCINDEXEDPOLYGONALFACE((157,174,173));
#7528=IFCINDEXEDPOLYGONALFACE((158,159,175));
#7529=IFCINDEXEDPOLYGONALFACE((158,175,174));
#7530=IFCINDEXEDPOLYGONALFACE((159,160,176));
#7531=IFCINDEXEDPOLYGONALFACE((159,176,175));
#7532=IFCINDEXEDPOLYGONALFACE((160,146,162));
#7533=IFCINDEXEDPOLYGONALFACE((160,162,176));
#7534=IFCINDEXEDPOLYGONALFACE((177,2,1));
#7535=IFCINDEXEDPOLYGONALFACE((178,162,161));
#7536=IFCINDEXEDPOLYGONALFACE((177,5,2));
#7537=IFCINDEXEDPOLYGONALFACE((178,161,163));
#7538=IFCINDEXEDPOLYGONALFACE((177,7,5));
#7539=IFCINDEXEDPOLYGONALFACE((178,163,164));
#7540=IFCINDEXEDPOLYGONALFACE((177,9,7));
#7541=IFCINDEXEDPOLYGONALFACE((178,164,165));
#7542=IFCINDEXEDPOLYGONALFACE((177,11,9));
#7543=IFCINDEXEDPOLYGONALFACE((178,165,166));
#7544=IFCINDEXEDPOLYGONALFACE((177,13,11));
#7545=IFCINDEXEDPOLYGONALFACE((178,166,167));
#7546=IFCINDEXEDPOLYGONALFACE((177,15,13));
#7547=IFCINDEXEDPOLYGONALFACE((178,167,168));
#7548=IFCINDEXEDPOLYGONALFACE((177,17,15));
#7549=IFCINDEXEDPOLYGONALFACE((178,168,169));
#7550=IFCINDEXEDPOLYGONALFACE((177,19,17));
#7551=IFCINDEXEDPOLYGONALFACE((178,169,170));
#7552=IFCINDEXEDPOLYGONALFACE((177,21,19));
#7553=IFCINDEXEDPOLYGONALFACE((178,170,171));
#7554=IFCINDEXEDPOLYGONALFACE((177,23,21));
#7555=IFCINDEXEDPOLYGONALFACE((178,171,172));
#7556=IFCINDEXEDPOLYGONALFACE((177,25,23));
#7557=IFCINDEXEDPOLYGONALFACE((178,172,173));
#7558=IFCINDEXEDPOLYGONALFACE((177,27,25));
#7559=IFCINDEXEDPOLYGONALFACE((178,173,174));
#7560=IFCINDEXEDPOLYGONALFACE((177,29,27));
#7561=IFCINDEXEDPOLYGONALFACE((178,174,175));
#7562=IFCINDEXEDPOLYGONALFACE((177,31,29));
#7563=IFCINDEXEDPOLYGONALFACE((178,175,176));
#7564=IFCINDEXEDPOLYGONALFACE((177,1,31));
#7565=IFCINDEXEDPOLYGONALFACE((178,176,162));
#7566=IFCCARTESIANPOINTLIST3D(((0.041359,0.,-0.028893),(0.038211,0.015828,-0.028893),(0.073818,0.030576,-0.021251),(0.0799,0.,-0.021251),(0.029245,0.029245,-0.028893),(0.056498,0.056498,-0.021251),(0.015828,0.038211,-0.028893),(0.030576,0.073818,-0.021251),(0.,0.041359,-0.028893),(0.,0.0799,-0.021251),(-0.015828,0.038211,-0.028893),(-0.030576,0.073818,-0.021251),(-0.029245,0.029245,-0.028893),(-0.056498,0.056498,-0.021251),(-0.038211,0.015828,-0.028893),(-0.073818,0.030576,-0.021251),(-0.041359,0.,-0.028893),(-0.0799,0.,-0.021251),(-0.038211,-0.015828,-0.028893),(-0.073818,-0.030576,-0.021251),(-0.029245,-0.029245,-0.028893),(-0.056498,-0.056498,-0.021251),(-0.015828,-0.038211,-0.028893),(-0.030576,-0.073818,-0.021251),(0.,-0.041359,-0.028893),(0.,-0.0799,-0.021251),(0.015828,-0.038211,-0.028893),(0.030576,-0.073818,-0.021251),(0.029245,-0.029245,-0.028893),(0.056498,-0.056498,-0.021251),(0.038211,-0.015828,-0.028893),(0.073818,-0.030576,-0.021251),(0.104394,0.043242,-0.009094),(0.112996,0.,-0.009094),(0.0799,0.0799,-0.009094),(0.043242,0.104394,-0.009094),(0.,0.112996,-0.009094),(-0.043242,0.104394,-0.009094),(-0.0799,0.0799,-0.009094),(-0.104394,0.043242,-0.009094),(-0.112996,0.,-0.009094),(-0.104394,-0.043242,-0.009094),(-0.0799,-0.0799,-0.009094),(-0.043242,-0.104394,-0.009094),(0.,-0.112996,-0.009094),(0.043242,-0.104394,-0.009094),(0.0799,-0.0799,-0.009094),(0.104394,-0.043242,-0.009094),(0.127856,0.05296,0.00675),(0.138391,0.,0.00675),(0.097857,0.097857,0.00675),(0.05296,0.127856,0.00675),(0.,0.138391,0.00675),(-0.05296,0.127856,0.00675),(-0.097857,0.097857,0.00675),(-0.127856,0.05296,0.00675),(-0.138391,0.,0.00675),(-0.127856,-0.05296,0.00675),(-0.097857,-0.097857,0.00675),(-0.05296,-0.127856,0.00675),(0.,-0.138391,0.00675),(0.05296,-0.127856,0.00675),(0.097857,-0.097857,0.00675),(0.127856,-0.05296,0.00675),(0.142605,0.059069,0.0252),(0.154355,0.,0.0252),(0.109145,0.109145,0.0252),(0.059069,0.142605,0.0252),(0.,0.154355,0.0252),(-0.059069,0.142605,0.0252),(-0.109145,0.109145,0.0252),(-0.142605,0.059069,0.0252),(-0.154355,0.,0.0252),(-0.142605,-0.059069,0.0252),(-0.109145,-0.109145,0.0252),(-0.059069,-0.142605,0.0252),(0.,-0.154355,0.0252),(0.059069,-0.142605,0.0252),(0.109145,-0.109145,0.0252),(0.142605,-0.059069,0.0252),(0.147636,0.061153,0.045),(0.1598,0.,0.045),(0.112996,0.112996,0.045),(0.061153,0.147636,0.045),(0.,0.1598,0.045),(-0.061153,0.147636,0.045),(-0.112996,0.112996,0.045),(-0.147636,0.061153,0.045),(-0.1598,0.,0.045),(-0.147636,-0.061153,0.045),(-0.112996,-0.112996,0.045),(-0.061153,-0.147636,0.045),(0.,-0.1598,0.045),(0.061153,-0.147636,0.045),(0.112996,-0.112996,0.045),(0.147636,-0.061153,0.045),(0.142605,0.059069,0.0648),(0.154355,0.,0.0648),(0.109145,0.109145,0.0648),(0.059069,0.142605,0.0648),(0.,0.154355,0.0648),(-0.059069,0.142605,0.0648),(-0.109145,0.109145,0.0648),(-0.142605,0.059069,0.0648),(-0.154355,0.,0.0648),(-0.142605,-0.059069,0.0648),(-0.109145,-0.109145,0.0648),(-0.059069,-0.142605,0.0648),(0.,-0.154355,0.0648),(0.059069,-0.142605,0.0648),(0.109145,-0.109145,0.0648),(0.142605,-0.059069,0.0648),(0.127856,0.05296,0.08325),(0.138391,0.,0.08325),(0.097857,0.097857,0.08325),(0.05296,0.127856,0.08325),(0.,0.138391,0.08325),(-0.05296,0.127856,0.08325),(-0.097857,0.097857,0.08325),(-0.127856,0.05296,0.08325),(-0.138391,0.,0.08325),(-0.127856,-0.05296,0.08325),(-0.097857,-0.097857,0.08325),(-0.05296,-0.127856,0.08325),(0.,-0.138391,0.08325),(0.05296,-0.127856,0.08325),(0.097857,-0.097857,0.08325),(0.127856,-0.05296,0.08325),(0.104394,0.043242,0.099094),(0.112996,0.,0.099094),(0.0799,0.0799,0.099094),(0.043242,0.104394,0.099094),(0.,0.112996,0.099094),(-0.043242,0.104394,0.099094),(-0.0799,0.0799,0.099094),(-0.104394,0.043242,0.099094),(-0.112996,0.,0.099094),(-0.104394,-0.043242,0.099094),(-0.0799,-0.0799,0.099094),(-0.043242,-0.104394,0.099094),(0.,-0.112996,0.099094),(0.043242,-0.104394,0.099094),(0.0799,-0.0799,0.099094),(0.104394,-0.043242,0.099094),(0.073818,0.030576,0.111251),(0.0799,0.,0.111251),(0.056498,0.056498,0.111251),(0.030576,0.073818,0.111251),(0.,0.0799,0.111251),(-0.030576,0.073818,0.111251),(-0.056498,0.056498,0.111251),(-0.073818,0.030576,0.111251),(-0.0799,0.,0.111251),(-0.073818,-0.030576,0.111251),(-0.056498,-0.056498,0.111251),(-0.030576,-0.073818,0.111251),(0.,-0.0799,0.111251),(0.030576,-0.073818,0.111251),(0.056498,-0.056498,0.111251),(0.073818,-0.030576,0.111251),(0.038211,0.015828,0.118893),(0.041359,0.,0.118893),(0.029245,0.029245,0.118893),(0.015828,0.038211,0.118893),(0.,0.041359,0.118893),(-0.015828,0.038211,0.118893),(-0.029245,0.029245,0.118893),(-0.038211,0.015828,0.118893),(-0.041359,0.,0.118893),(-0.038211,-0.015828,0.118893),(-0.029245,-0.029245,0.118893),(-0.015828,-0.038211,0.118893),(0.,-0.041359,0.118893),(0.015828,-0.038211,0.118893),(0.029245,-0.029245,0.118893),(0.038211,-0.015828,0.118893),(0.,0.,-0.0315),(0.,0.,0.1215)));
#7567=IFCPOLYGONALFACESET(#7566,.T.,(#7214,#7215,#7216,#7217,#7218,#7219,#7220,#7221,#7222,#7223,#7224,#7225,#7226,#7227,#7228,#7229,#7230,#7231,#7232,#7233,#7234,#7235,#7236,#7237,#7238,#7239,#7240,#7241,#7242,#7243,#7244,#7245,#7246,#7247,#7248,#7249,#7250,#7251,#7252,#7253,#7254,#7255,#7256,#7257,#7258,#7259,#7260,#7261,#7262,#7263,#7264,#7265,#7266,#7267,#7268,#7269,#7270,#7271,#7272,#7273,#7274,#7275,#7276,#7277,#7278,#7279,#7280,#7281,#7282,#7283,#7284,#7285,#7286,#7287,#7288,#7289,#7290,#7291,#7292,#7293,#7294,#7295,#7296,#7297,#7298,#7299,#7300,#7301,#7302,#7303,#7304,#7305,#7306,#7307,#7308,#7309,#7310,#7311,#7312,#7313,#7314,#7315,#7316,#7317,#7318,#7319,#7320,#7321,#7322,#7323,#7324,#7325,#7326,#7327,#7328,#7329,#7330,#7331,#7332,#7333,#7334,#7335,#7336,#7337,#7338,#7339,#7340,#7341,#7342,#7343,#7344,#7345,#7346,#7347,#7348,#7349,#7350,#7351,#7352,#7353,#7354,#7355,#7356,#7357,#7358,#7359,#7360,#7361,#7362,#7363,#7364,#7365,#7366,#7367,#7368,#7369,#7370,#7371,#7372,#7373,#7374,#7375,#7376,#7377,#7378,#7379,#7380,#7381,#7382,#7383,#7384,#7385,#7386,#7387,#7388,#7389,#7390,#7391,#7392,#7393,#7394,#7395,#7396,#7397,#7398,#7399,#7400,#7401,#7402,#7403,#7404,#7405,#7406,#7407,#7408,#7409,#7410,#7411,#7412,#7413,#7414,#7415,#7416,#7417,#7418,#7419,#7420,#7421,#7422,#7423,#7424,#7425,#7426,#7427,#7428,#7429,#7430,#7431,#7432,#7433,#7434,#7435,#7436,#7437,#7438,#7439,#7440,#7441,#7442,#7443,#7444,#7445,#7446,#7447,#7448,#7449,#7450,#7451,#7452,#7453,#7454,#7455,#7456,#7457,#7458,#7459,#7460,#7461,#7462,#7463,#7464,#7465,#7466,#7467,#7468,#7469,#7470,#7471,#7472,#7473,#7474,#7475,#7476,#7477,#7478,#7479,#7480,#7481,#7482,#7483,#7484,#7485,#7486,#7487,#7488,#7489,#7490,#7491,#7492,#7493,#7494,#7495,#7496,#7497,#7498,#7499,#7500,#7501,#7502,#7503,#7504,#7505,#7506,#7507,#7508,#7509,#7510,#7511,#7512,#7513,#7514,#7515,#7516,#7517,#7518,#7519,#7520,#7521,#7522,#7523,#7524,#7525,#7526,#7527,#7528,#7529,#7530,#7531,#7532,#7533,#7534,#7535,#7536,#7537,#7538,#7539,#7540,#7541,#7542,#7543,#7544,#7545,#7546,#7547,#7548,#7549,#7550,#7551,#7552,#7553,#7554,#7555,#7556,#7557,#7558,#7559,#7560,#7561,#7562,#7563,#7564,#7565),$);
#7568=IFCSTYLEDITEM(#7567,(#5240),$);
#7569=IFCSHAPEREPRESENTATION(#12,'Body','Tessellation',(#7212,#7567));
#7570=IFCPRODUCTDEFINITIONSHAPE($,$,(#7569));
#7571=IFCLIGHTFIXTURE('0VBRwCztvITuWnIj9$yaE8',#5,'Ceiling light','Skanna asset library',$,#7086,#7570,$,.POINTSOURCE.);
#7572=IFCCARTESIANPOINT((7.88,10.99,1.8));
#7573=IFCDIRECTION((0.,0.,1.));
#7574=IFCDIRECTION((1.,0.,0.));
#7575=IFCAXIS2PLACEMENT3D(#7572,#7573,#7574);
#7576=IFCLOCALPLACEMENT(#26,#7575);
#7577=IFCCARTESIANPOINT((0.,0.));
#7578=IFCAXIS2PLACEMENT2D(#7577,$);
#7579=IFCCIRCLEPROFILEDEF(.AREA.,$,#7578,0.0075);
#7580=IFCCARTESIANPOINT((0.,0.,0.306));
#7581=IFCAXIS2PLACEMENT3D(#7580,$,$);
#7582=IFCDIRECTION((0.,0.,1.));
#7583=IFCEXTRUDEDAREASOLID(#7579,#7581,#7582,0.594);
#7584=IFCSTYLEDITEM(#7583,(#4148),$);
#7585=IFCINDEXEDPOLYGONALFACE((1,2,3));
#7586=IFCINDEXEDPOLYGONALFACE((1,3,4));
#7587=IFCINDEXEDPOLYGONALFACE((2,5,6));
#7588=IFCINDEXEDPOLYGONALFACE((2,6,3));
#7589=IFCINDEXEDPOLYGONALFACE((5,7,8));
#7590=IFCINDEXEDPOLYGONALFACE((5,8,6));
#7591=IFCINDEXEDPOLYGONALFACE((7,9,10));
#7592=IFCINDEXEDPOLYGONALFACE((7,10,8));
#7593=IFCINDEXEDPOLYGONALFACE((9,11,12));
#7594=IFCINDEXEDPOLYGONALFACE((9,12,10));
#7595=IFCINDEXEDPOLYGONALFACE((11,13,14));
#7596=IFCINDEXEDPOLYGONALFACE((11,14,12));
#7597=IFCINDEXEDPOLYGONALFACE((13,15,16));
#7598=IFCINDEXEDPOLYGONALFACE((13,16,14));
#7599=IFCINDEXEDPOLYGONALFACE((15,17,18));
#7600=IFCINDEXEDPOLYGONALFACE((15,18,16));
#7601=IFCINDEXEDPOLYGONALFACE((17,19,20));
#7602=IFCINDEXEDPOLYGONALFACE((17,20,18));
#7603=IFCINDEXEDPOLYGONALFACE((19,21,22));
#7604=IFCINDEXEDPOLYGONALFACE((19,22,20));
#7605=IFCINDEXEDPOLYGONALFACE((21,23,24));
#7606=IFCINDEXEDPOLYGONALFACE((21,24,22));
#7607=IFCINDEXEDPOLYGONALFACE((23,25,26));
#7608=IFCINDEXEDPOLYGONALFACE((23,26,24));
#7609=IFCINDEXEDPOLYGONALFACE((25,27,28));
#7610=IFCINDEXEDPOLYGONALFACE((25,28,26));
#7611=IFCINDEXEDPOLYGONALFACE((27,29,30));
#7612=IFCINDEXEDPOLYGONALFACE((27,30,28));
#7613=IFCINDEXEDPOLYGONALFACE((29,31,32));
#7614=IFCINDEXEDPOLYGONALFACE((29,32,30));
#7615=IFCINDEXEDPOLYGONALFACE((31,33,34));
#7616=IFCINDEXEDPOLYGONALFACE((31,34,32));
#7617=IFCINDEXEDPOLYGONALFACE((33,35,36));
#7618=IFCINDEXEDPOLYGONALFACE((33,36,34));
#7619=IFCINDEXEDPOLYGONALFACE((35,37,38));
#7620=IFCINDEXEDPOLYGONALFACE((35,38,36));
#7621=IFCINDEXEDPOLYGONALFACE((37,39,40));
#7622=IFCINDEXEDPOLYGONALFACE((37,40,38));
#7623=IFCINDEXEDPOLYGONALFACE((39,41,42));
#7624=IFCINDEXEDPOLYGONALFACE((39,42,40));
#7625=IFCINDEXEDPOLYGONALFACE((41,43,44));
#7626=IFCINDEXEDPOLYGONALFACE((41,44,42));
#7627=IFCINDEXEDPOLYGONALFACE((43,45,46));
#7628=IFCINDEXEDPOLYGONALFACE((43,46,44));
#7629=IFCINDEXEDPOLYGONALFACE((45,47,48));
#7630=IFCINDEXEDPOLYGONALFACE((45,48,46));
#7631=IFCINDEXEDPOLYGONALFACE((47,49,50));
#7632=IFCINDEXEDPOLYGONALFACE((47,50,48));
#7633=IFCINDEXEDPOLYGONALFACE((49,51,52));
#7634=IFCINDEXEDPOLYGONALFACE((49,52,50));
#7635=IFCINDEXEDPOLYGONALFACE((51,53,54));
#7636=IFCINDEXEDPOLYGONALFACE((51,54,52));
#7637=IFCINDEXEDPOLYGONALFACE((53,55,56));
#7638=IFCINDEXEDPOLYGONALFACE((53,56,54));
#7639=IFCINDEXEDPOLYGONALFACE((55,57,58));
#7640=IFCINDEXEDPOLYGONALFACE((55,58,56));
#7641=IFCINDEXEDPOLYGONALFACE((57,59,60));
#7642=IFCINDEXEDPOLYGONALFACE((57,60,58));
#7643=IFCINDEXEDPOLYGONALFACE((59,61,62));
#7644=IFCINDEXEDPOLYGONALFACE((59,62,60));
#7645=IFCINDEXEDPOLYGONALFACE((61,63,64));
#7646=IFCINDEXEDPOLYGONALFACE((61,64,62));
#7647=IFCINDEXEDPOLYGONALFACE((63,1,4));
#7648=IFCINDEXEDPOLYGONALFACE((63,4,64));
#7649=IFCINDEXEDPOLYGONALFACE((1,5,2));
#7650=IFCINDEXEDPOLYGONALFACE((4,3,6));
#7651=IFCINDEXEDPOLYGONALFACE((1,7,5));
#7652=IFCINDEXEDPOLYGONALFACE((4,6,8));
#7653=IFCINDEXEDPOLYGONALFACE((1,9,7));
#7654=IFCINDEXEDPOLYGONALFACE((4,8,10));
#7655=IFCINDEXEDPOLYGONALFACE((1,11,9));
#7656=IFCINDEXEDPOLYGONALFACE((4,10,12));
#7657=IFCINDEXEDPOLYGONALFACE((1,13,11));
#7658=IFCINDEXEDPOLYGONALFACE((4,12,14));
#7659=IFCINDEXEDPOLYGONALFACE((1,15,13));
#7660=IFCINDEXEDPOLYGONALFACE((4,14,16));
#7661=IFCINDEXEDPOLYGONALFACE((1,17,15));
#7662=IFCINDEXEDPOLYGONALFACE((4,16,18));
#7663=IFCINDEXEDPOLYGONALFACE((1,19,17));
#7664=IFCINDEXEDPOLYGONALFACE((4,18,20));
#7665=IFCINDEXEDPOLYGONALFACE((1,21,19));
#7666=IFCINDEXEDPOLYGONALFACE((4,20,22));
#7667=IFCINDEXEDPOLYGONALFACE((1,23,21));
#7668=IFCINDEXEDPOLYGONALFACE((4,22,24));
#7669=IFCINDEXEDPOLYGONALFACE((1,25,23));
#7670=IFCINDEXEDPOLYGONALFACE((4,24,26));
#7671=IFCINDEXEDPOLYGONALFACE((1,27,25));
#7672=IFCINDEXEDPOLYGONALFACE((4,26,28));
#7673=IFCINDEXEDPOLYGONALFACE((1,29,27));
#7674=IFCINDEXEDPOLYGONALFACE((4,28,30));
#7675=IFCINDEXEDPOLYGONALFACE((1,31,29));
#7676=IFCINDEXEDPOLYGONALFACE((4,30,32));
#7677=IFCINDEXEDPOLYGONALFACE((1,33,31));
#7678=IFCINDEXEDPOLYGONALFACE((4,32,34));
#7679=IFCINDEXEDPOLYGONALFACE((1,35,33));
#7680=IFCINDEXEDPOLYGONALFACE((4,34,36));
#7681=IFCINDEXEDPOLYGONALFACE((1,37,35));
#7682=IFCINDEXEDPOLYGONALFACE((4,36,38));
#7683=IFCINDEXEDPOLYGONALFACE((1,39,37));
#7684=IFCINDEXEDPOLYGONALFACE((4,38,40));
#7685=IFCINDEXEDPOLYGONALFACE((1,41,39));
#7686=IFCINDEXEDPOLYGONALFACE((4,40,42));
#7687=IFCINDEXEDPOLYGONALFACE((1,43,41));
#7688=IFCINDEXEDPOLYGONALFACE((4,42,44));
#7689=IFCINDEXEDPOLYGONALFACE((1,45,43));
#7690=IFCINDEXEDPOLYGONALFACE((4,44,46));
#7691=IFCINDEXEDPOLYGONALFACE((1,47,45));
#7692=IFCINDEXEDPOLYGONALFACE((4,46,48));
#7693=IFCINDEXEDPOLYGONALFACE((1,49,47));
#7694=IFCINDEXEDPOLYGONALFACE((4,48,50));
#7695=IFCINDEXEDPOLYGONALFACE((1,51,49));
#7696=IFCINDEXEDPOLYGONALFACE((4,50,52));
#7697=IFCINDEXEDPOLYGONALFACE((1,53,51));
#7698=IFCINDEXEDPOLYGONALFACE((4,52,54));
#7699=IFCINDEXEDPOLYGONALFACE((1,55,53));
#7700=IFCINDEXEDPOLYGONALFACE((4,54,56));
#7701=IFCINDEXEDPOLYGONALFACE((1,57,55));
#7702=IFCINDEXEDPOLYGONALFACE((4,56,58));
#7703=IFCINDEXEDPOLYGONALFACE((1,59,57));
#7704=IFCINDEXEDPOLYGONALFACE((4,58,60));
#7705=IFCINDEXEDPOLYGONALFACE((1,61,59));
#7706=IFCINDEXEDPOLYGONALFACE((4,60,62));
#7707=IFCINDEXEDPOLYGONALFACE((1,63,61));
#7708=IFCINDEXEDPOLYGONALFACE((4,62,64));
#7709=IFCCARTESIANPOINTLIST3D(((0.15,0.,0.036),(0.147118,0.029264,0.036),(0.041193,0.008194,0.324),(0.042,0.,0.324),(0.138582,0.057403,0.036),(0.038803,0.016073,0.324),(0.12472,0.083336,0.036),(0.034922,0.023334,0.324),(0.106066,0.106066,0.036),(0.029698,0.029698,0.324),(0.083336,0.12472,0.036),(0.023334,0.034922,0.324),(0.057403,0.138582,0.036),(0.016073,0.038803,0.324),(0.029264,0.147118,0.036),(0.008194,0.041193,0.324),(0.,0.15,0.036),(0.,0.042,0.324),(-0.029264,0.147118,0.036),(-0.008194,0.041193,0.324),(-0.057403,0.138582,0.036),(-0.016073,0.038803,0.324),(-0.083336,0.12472,0.036),(-0.023334,0.034922,0.324),(-0.106066,0.106066,0.036),(-0.029698,0.029698,0.324),(-0.12472,0.083336,0.036),(-0.034922,0.023334,0.324),(-0.138582,0.057403,0.036),(-0.038803,0.016073,0.324),(-0.147118,0.029264,0.036),(-0.041193,0.008194,0.324),(-0.15,0.,0.036),(-0.042,0.,0.324),(-0.147118,-0.029264,0.036),(-0.041193,-0.008194,0.324),(-0.138582,-0.057403,0.036),(-0.038803,-0.016073,0.324),(-0.12472,-0.083336,0.036),(-0.034922,-0.023334,0.324),(-0.106066,-0.106066,0.036),(-0.029698,-0.029698,0.324),(-0.083336,-0.12472,0.036),(-0.023334,-0.034922,0.324),(-0.057403,-0.138582,0.036),(-0.016073,-0.038803,0.324),(-0.029264,-0.147118,0.036),(-0.008194,-0.041193,0.324),(0.,-0.15,0.036),(0.,-0.042,0.324),(0.029264,-0.147118,0.036),(0.008194,-0.041193,0.324),(0.057403,-0.138582,0.036),(0.016073,-0.038803,0.324),(0.083336,-0.12472,0.036),(0.023334,-0.034922,0.324),(0.106066,-0.106066,0.036),(0.029698,-0.029698,0.324),(0.12472,-0.083336,0.036),(0.034922,-0.023334,0.324),(0.138582,-0.057403,0.036),(0.038803,-0.016073,0.324),(0.147118,-0.029264,0.036),(0.041193,-0.008194,0.324)));
#7710=IFCPOLYGONALFACESET(#7709,.T.,(#7585,#7586,#7587,#7588,#7589,#7590,#7591,#7592,#7593,#7594,#7595,#7596,#7597,#7598,#7599,#7600,#7601,#7602,#7603,#7604,#7605,#7606,#7607,#7608,#7609,#7610,#7611,#7612,#7613,#7614,#7615,#7616,#7617,#7618,#7619,#7620,#7621,#7622,#7623,#7624,#7625,#7626,#7627,#7628,#7629,#7630,#7631,#7632,#7633,#7634,#7635,#7636,#7637,#7638,#7639,#7640,#7641,#7642,#7643,#7644,#7645,#7646,#7647,#7648,#7649,#7650,#7651,#7652,#7653,#7654,#7655,#7656,#7657,#7658,#7659,#7660,#7661,#7662,#7663,#7664,#7665,#7666,#7667,#7668,#7669,#7670,#7671,#7672,#7673,#7674,#7675,#7676,#7677,#7678,#7679,#7680,#7681,#7682,#7683,#7684,#7685,#7686,#7687,#7688,#7689,#7690,#7691,#7692,#7693,#7694,#7695,#7696,#7697,#7698,#7699,#7700,#7701,#7702,#7703,#7704,#7705,#7706,#7707,#7708),$);
#7711=IFCSTYLEDITEM(#7710,(#3816),$);
#7712=IFCCARTESIANPOINT((0.,0.));
#7713=IFCAXIS2PLACEMENT2D(#7712,$);
#7714=IFCCIRCLEPROFILEDEF(.AREA.,$,#7713,0.135);
#7715=IFCCARTESIANPOINT((0.,0.,0.018));
#7716=IFCAXIS2PLACEMENT3D(#7715,$,$);
#7717=IFCDIRECTION((0.,0.,1.));
#7718=IFCEXTRUDEDAREASOLID(#7714,#7716,#7717,0.045);
#7719=IFCSTYLEDITEM(#7718,(#5240),$);
#7720=IFCSHAPEREPRESENTATION(#12,'Body','SolidModel',(#7583,#7710,#7718));
#7721=IFCPRODUCTDEFINITIONSHAPE($,$,(#7720));
#7722=IFCLIGHTFIXTURE('1klKMeKie3fYfwhDAHOjfd',#5,'Pendant light','Skanna asset library',$,#7576,#7721,$,.POINTSOURCE.);
#7723=IFCCARTESIANPOINT((4.94,5.66,2.65));
#7724=IFCDIRECTION((0.,0.,1.));
#7725=IFCDIRECTION((0.,1.,0.));
#7726=IFCAXIS2PLACEMENT3D(#7723,#7724,#7725);
#7727=IFCLOCALPLACEMENT(#26,#7726);
#7728=IFCINDEXEDPOLYGONALFACE((1,2,3));
#7729=IFCINDEXEDPOLYGONALFACE((1,3,4));
#7730=IFCINDEXEDPOLYGONALFACE((2,5,6));
#7731=IFCINDEXEDPOLYGONALFACE((2,6,3));
#7732=IFCINDEXEDPOLYGONALFACE((5,7,8));
#7733=IFCINDEXEDPOLYGONALFACE((5,8,6));
#7734=IFCINDEXEDPOLYGONALFACE((7,9,10));
#7735=IFCINDEXEDPOLYGONALFACE((7,10,8));
#7736=IFCINDEXEDPOLYGONALFACE((9,11,12));
#7737=IFCINDEXEDPOLYGONALFACE((9,12,10));
#7738=IFCINDEXEDPOLYGONALFACE((11,13,14));
#7739=IFCINDEXEDPOLYGONALFACE((11,14,12));
#7740=IFCINDEXEDPOLYGONALFACE((13,15,16));
#7741=IFCINDEXEDPOLYGONALFACE((13,16,14));
#7742=IFCINDEXEDPOLYGONALFACE((15,17,18));
#7743=IFCINDEXEDPOLYGONALFACE((15,18,16));
#7744=IFCINDEXEDPOLYGONALFACE((17,19,20));
#7745=IFCINDEXEDPOLYGONALFACE((17,20,18));
#7746=IFCINDEXEDPOLYGONALFACE((19,21,22));
#7747=IFCINDEXEDPOLYGONALFACE((19,22,20));
#7748=IFCINDEXEDPOLYGONALFACE((21,23,24));
#7749=IFCINDEXEDPOLYGONALFACE((21,24,22));
#7750=IFCINDEXEDPOLYGONALFACE((23,25,26));
#7751=IFCINDEXEDPOLYGONALFACE((23,26,24));
#7752=IFCINDEXEDPOLYGONALFACE((25,27,28));
#7753=IFCINDEXEDPOLYGONALFACE((25,28,26));
#7754=IFCINDEXEDPOLYGONALFACE((27,29,30));
#7755=IFCINDEXEDPOLYGONALFACE((27,30,28));
#7756=IFCINDEXEDPOLYGONALFACE((29,31,32));
#7757=IFCINDEXEDPOLYGONALFACE((29,32,30));
#7758=IFCINDEXEDPOLYGONALFACE((31,33,34));
#7759=IFCINDEXEDPOLYGONALFACE((31,34,32));
#7760=IFCINDEXEDPOLYGONALFACE((33,35,36));
#7761=IFCINDEXEDPOLYGONALFACE((33,36,34));
#7762=IFCINDEXEDPOLYGONALFACE((35,37,38));
#7763=IFCINDEXEDPOLYGONALFACE((35,38,36));
#7764=IFCINDEXEDPOLYGONALFACE((37,39,40));
#7765=IFCINDEXEDPOLYGONALFACE((37,40,38));
#7766=IFCINDEXEDPOLYGONALFACE((39,41,42));
#7767=IFCINDEXEDPOLYGONALFACE((39,42,40));
#7768=IFCINDEXEDPOLYGONALFACE((41,43,44));
#7769=IFCINDEXEDPOLYGONALFACE((41,44,42));
#7770=IFCINDEXEDPOLYGONALFACE((43,45,46));
#7771=IFCINDEXEDPOLYGONALFACE((43,46,44));
#7772=IFCINDEXEDPOLYGONALFACE((45,47,48));
#7773=IFCINDEXEDPOLYGONALFACE((45,48,46));
#7774=IFCINDEXEDPOLYGONALFACE((47,49,50));
#7775=IFCINDEXEDPOLYGONALFACE((47,50,48));
#7776=IFCINDEXEDPOLYGONALFACE((49,51,52));
#7777=IFCINDEXEDPOLYGONALFACE((49,52,50));
#7778=IFCINDEXEDPOLYGONALFACE((51,53,54));
#7779=IFCINDEXEDPOLYGONALFACE((51,54,52));
#7780=IFCINDEXEDPOLYGONALFACE((53,55,56));
#7781=IFCINDEXEDPOLYGONALFACE((53,56,54));
#7782=IFCINDEXEDPOLYGONALFACE((55,57,58));
#7783=IFCINDEXEDPOLYGONALFACE((55,58,56));
#7784=IFCINDEXEDPOLYGONALFACE((57,59,60));
#7785=IFCINDEXEDPOLYGONALFACE((57,60,58));
#7786=IFCINDEXEDPOLYGONALFACE((59,61,62));
#7787=IFCINDEXEDPOLYGONALFACE((59,62,60));
#7788=IFCINDEXEDPOLYGONALFACE((61,63,64));
#7789=IFCINDEXEDPOLYGONALFACE((61,64,62));
#7790=IFCINDEXEDPOLYGONALFACE((63,1,4));
#7791=IFCINDEXEDPOLYGONALFACE((63,4,64));
#7792=IFCINDEXEDPOLYGONALFACE((1,5,2));
#7793=IFCINDEXEDPOLYGONALFACE((4,3,6));
#7794=IFCINDEXEDPOLYGONALFACE((1,7,5));
#7795=IFCINDEXEDPOLYGONALFACE((4,6,8));
#7796=IFCINDEXEDPOLYGONALFACE((1,9,7));
#7797=IFCINDEXEDPOLYGONALFACE((4,8,10));
#7798=IFCINDEXEDPOLYGONALFACE((1,11,9));
#7799=IFCINDEXEDPOLYGONALFACE((4,10,12));
#7800=IFCINDEXEDPOLYGONALFACE((1,13,11));
#7801=IFCINDEXEDPOLYGONALFACE((4,12,14));
#7802=IFCINDEXEDPOLYGONALFACE((1,15,13));
#7803=IFCINDEXEDPOLYGONALFACE((4,14,16));
#7804=IFCINDEXEDPOLYGONALFACE((1,17,15));
#7805=IFCINDEXEDPOLYGONALFACE((4,16,18));
#7806=IFCINDEXEDPOLYGONALFACE((1,19,17));
#7807=IFCINDEXEDPOLYGONALFACE((4,18,20));
#7808=IFCINDEXEDPOLYGONALFACE((1,21,19));
#7809=IFCINDEXEDPOLYGONALFACE((4,20,22));
#7810=IFCINDEXEDPOLYGONALFACE((1,23,21));
#7811=IFCINDEXEDPOLYGONALFACE((4,22,24));
#7812=IFCINDEXEDPOLYGONALFACE((1,25,23));
#7813=IFCINDEXEDPOLYGONALFACE((4,24,26));
#7814=IFCINDEXEDPOLYGONALFACE((1,27,25));
#7815=IFCINDEXEDPOLYGONALFACE((4,26,28));
#7816=IFCINDEXEDPOLYGONALFACE((1,29,27));
#7817=IFCINDEXEDPOLYGONALFACE((4,28,30));
#7818=IFCINDEXEDPOLYGONALFACE((1,31,29));
#7819=IFCINDEXEDPOLYGONALFACE((4,30,32));
#7820=IFCINDEXEDPOLYGONALFACE((1,33,31));
#7821=IFCINDEXEDPOLYGONALFACE((4,32,34));
#7822=IFCINDEXEDPOLYGONALFACE((1,35,33));
#7823=IFCINDEXEDPOLYGONALFACE((4,34,36));
#7824=IFCINDEXEDPOLYGONALFACE((1,37,35));
#7825=IFCINDEXEDPOLYGONALFACE((4,36,38));
#7826=IFCINDEXEDPOLYGONALFACE((1,39,37));
#7827=IFCINDEXEDPOLYGONALFACE((4,38,40));
#7828=IFCINDEXEDPOLYGONALFACE((1,41,39));
#7829=IFCINDEXEDPOLYGONALFACE((4,40,42));
#7830=IFCINDEXEDPOLYGONALFACE((1,43,41));
#7831=IFCINDEXEDPOLYGONALFACE((4,42,44));
#7832=IFCINDEXEDPOLYGONALFACE((1,45,43));
#7833=IFCINDEXEDPOLYGONALFACE((4,44,46));
#7834=IFCINDEXEDPOLYGONALFACE((1,47,45));
#7835=IFCINDEXEDPOLYGONALFACE((4,46,48));
#7836=IFCINDEXEDPOLYGONALFACE((1,49,47));
#7837=IFCINDEXEDPOLYGONALFACE((4,48,50));
#7838=IFCINDEXEDPOLYGONALFACE((1,51,49));
#7839=IFCINDEXEDPOLYGONALFACE((4,50,52));
#7840=IFCINDEXEDPOLYGONALFACE((1,53,51));
#7841=IFCINDEXEDPOLYGONALFACE((4,52,54));
#7842=IFCINDEXEDPOLYGONALFACE((1,55,53));
#7843=IFCINDEXEDPOLYGONALFACE((4,54,56));
#7844=IFCINDEXEDPOLYGONALFACE((1,57,55));
#7845=IFCINDEXEDPOLYGONALFACE((4,56,58));
#7846=IFCINDEXEDPOLYGONALFACE((1,59,57));
#7847=IFCINDEXEDPOLYGONALFACE((4,58,60));
#7848=IFCINDEXEDPOLYGONALFACE((1,61,59));
#7849=IFCINDEXEDPOLYGONALFACE((4,60,62));
#7850=IFCINDEXEDPOLYGONALFACE((1,63,61));
#7851=IFCINDEXEDPOLYGONALFACE((4,62,64));
#7852=IFCCARTESIANPOINTLIST3D(((0.05,0.,0.014),(0.049039,0.009755,0.014),(0.040212,0.007999,0.05),(0.041,0.,0.05),(0.046194,0.019134,0.014),(0.037879,0.01569,0.05),(0.041573,0.027779,0.014),(0.03409,0.022778,0.05),(0.035355,0.035355,0.014),(0.028991,0.028991,0.05),(0.027779,0.041573,0.014),(0.022778,0.03409,0.05),(0.019134,0.046194,0.014),(0.01569,0.037879,0.05),(0.009755,0.049039,0.014),(0.007999,0.040212,0.05),(0.,0.05,0.014),(0.,0.041,0.05),(-0.009755,0.049039,0.014),(-0.007999,0.040212,0.05),(-0.019134,0.046194,0.014),(-0.01569,0.037879,0.05),(-0.027779,0.041573,0.014),(-0.022778,0.03409,0.05),(-0.035355,0.035355,0.014),(-0.028991,0.028991,0.05),(-0.041573,0.027779,0.014),(-0.03409,0.022778,0.05),(-0.046194,0.019134,0.014),(-0.037879,0.01569,0.05),(-0.049039,0.009755,0.014),(-0.040212,0.007999,0.05),(-0.05,0.,0.014),(-0.041,0.,0.05),(-0.049039,-0.009755,0.014),(-0.040212,-0.007999,0.05),(-0.046194,-0.019134,0.014),(-0.037879,-0.01569,0.05),(-0.041573,-0.027779,0.014),(-0.03409,-0.022778,0.05),(-0.035355,-0.035355,0.014),(-0.028991,-0.028991,0.05),(-0.027779,-0.041573,0.014),(-0.022778,-0.03409,0.05),(-0.019134,-0.046194,0.014),(-0.01569,-0.037879,0.05),(-0.009755,-0.049039,0.014),(-0.007999,-0.040212,0.05),(0.,-0.05,0.014),(0.,-0.041,0.05),(0.009755,-0.049039,0.014),(0.007999,-0.040212,0.05),(0.019134,-0.046194,0.014),(0.01569,-0.037879,0.05),(0.027779,-0.041573,0.014),(0.022778,-0.03409,0.05),(0.035355,-0.035355,0.014),(0.028991,-0.028991,0.05),(0.041573,-0.027779,0.014),(0.03409,-0.022778,0.05),(0.046194,-0.019134,0.014),(0.037879,-0.01569,0.05),(0.049039,-0.009755,0.014),(0.040212,-0.007999,0.05)));
#7853=IFCPOLYGONALFACESET(#7852,.T.,(#7728,#7729,#7730,#7731,#7732,#7733,#7734,#7735,#7736,#7737,#7738,#7739,#7740,#7741,#7742,#7743,#7744,#7745,#7746,#7747,#7748,#7749,#7750,#7751,#7752,#7753,#7754,#7755,#7756,#7757,#7758,#7759,#7760,#7761,#7762,#7763,#7764,#7765,#7766,#7767,#7768,#7769,#7770,#7771,#7772,#7773,#7774,#7775,#7776,#7777,#7778,#7779,#7780,#7781,#7782,#7783,#7784,#7785,#7786,#7787,#7788,#7789,#7790,#7791,#7792,#7793,#7794,#7795,#7796,#7797,#7798,#7799,#7800,#7801,#7802,#7803,#7804,#7805,#7806,#7807,#7808,#7809,#7810,#7811,#7812,#7813,#7814,#7815,#7816,#7817,#7818,#7819,#7820,#7821,#7822,#7823,#7824,#7825,#7826,#7827,#7828,#7829,#7830,#7831,#7832,#7833,#7834,#7835,#7836,#7837,#7838,#7839,#7840,#7841,#7842,#7843,#7844,#7845,#7846,#7847,#7848,#7849,#7850,#7851),$);
#7854=IFCSTYLEDITEM(#7853,(#3816),$);
#7855=IFCINDEXEDPOLYGONALFACE((1,2,3));
#7856=IFCINDEXEDPOLYGONALFACE((1,3,4));
#7857=IFCINDEXEDPOLYGONALFACE((2,5,6));
#7858=IFCINDEXEDPOLYGONALFACE((2,6,3));
#7859=IFCINDEXEDPOLYGONALFACE((5,7,8));
#7860=IFCINDEXEDPOLYGONALFACE((5,8,6));
#7861=IFCINDEXEDPOLYGONALFACE((7,9,10));
#7862=IFCINDEXEDPOLYGONALFACE((7,10,8));
#7863=IFCINDEXEDPOLYGONALFACE((9,11,12));
#7864=IFCINDEXEDPOLYGONALFACE((9,12,10));
#7865=IFCINDEXEDPOLYGONALFACE((11,13,14));
#7866=IFCINDEXEDPOLYGONALFACE((11,14,12));
#7867=IFCINDEXEDPOLYGONALFACE((13,15,16));
#7868=IFCINDEXEDPOLYGONALFACE((13,16,14));
#7869=IFCINDEXEDPOLYGONALFACE((15,17,18));
#7870=IFCINDEXEDPOLYGONALFACE((15,18,16));
#7871=IFCINDEXEDPOLYGONALFACE((17,19,20));
#7872=IFCINDEXEDPOLYGONALFACE((17,20,18));
#7873=IFCINDEXEDPOLYGONALFACE((19,21,22));
#7874=IFCINDEXEDPOLYGONALFACE((19,22,20));
#7875=IFCINDEXEDPOLYGONALFACE((21,23,24));
#7876=IFCINDEXEDPOLYGONALFACE((21,24,22));
#7877=IFCINDEXEDPOLYGONALFACE((23,25,26));
#7878=IFCINDEXEDPOLYGONALFACE((23,26,24));
#7879=IFCINDEXEDPOLYGONALFACE((25,27,28));
#7880=IFCINDEXEDPOLYGONALFACE((25,28,26));
#7881=IFCINDEXEDPOLYGONALFACE((27,29,30));
#7882=IFCINDEXEDPOLYGONALFACE((27,30,28));
#7883=IFCINDEXEDPOLYGONALFACE((29,31,32));
#7884=IFCINDEXEDPOLYGONALFACE((29,32,30));
#7885=IFCINDEXEDPOLYGONALFACE((31,33,34));
#7886=IFCINDEXEDPOLYGONALFACE((31,34,32));
#7887=IFCINDEXEDPOLYGONALFACE((33,35,36));
#7888=IFCINDEXEDPOLYGONALFACE((33,36,34));
#7889=IFCINDEXEDPOLYGONALFACE((35,37,38));
#7890=IFCINDEXEDPOLYGONALFACE((35,38,36));
#7891=IFCINDEXEDPOLYGONALFACE((37,39,40));
#7892=IFCINDEXEDPOLYGONALFACE((37,40,38));
#7893=IFCINDEXEDPOLYGONALFACE((39,41,42));
#7894=IFCINDEXEDPOLYGONALFACE((39,42,40));
#7895=IFCINDEXEDPOLYGONALFACE((41,43,44));
#7896=IFCINDEXEDPOLYGONALFACE((41,44,42));
#7897=IFCINDEXEDPOLYGONALFACE((43,45,46));
#7898=IFCINDEXEDPOLYGONALFACE((43,46,44));
#7899=IFCINDEXEDPOLYGONALFACE((45,47,48));
#7900=IFCINDEXEDPOLYGONALFACE((45,48,46));
#7901=IFCINDEXEDPOLYGONALFACE((47,49,50));
#7902=IFCINDEXEDPOLYGONALFACE((47,50,48));
#7903=IFCINDEXEDPOLYGONALFACE((49,51,52));
#7904=IFCINDEXEDPOLYGONALFACE((49,52,50));
#7905=IFCINDEXEDPOLYGONALFACE((51,53,54));
#7906=IFCINDEXEDPOLYGONALFACE((51,54,52));
#7907=IFCINDEXEDPOLYGONALFACE((53,55,56));
#7908=IFCINDEXEDPOLYGONALFACE((53,56,54));
#7909=IFCINDEXEDPOLYGONALFACE((55,57,58));
#7910=IFCINDEXEDPOLYGONALFACE((55,58,56));
#7911=IFCINDEXEDPOLYGONALFACE((57,59,60));
#7912=IFCINDEXEDPOLYGONALFACE((57,60,58));
#7913=IFCINDEXEDPOLYGONALFACE((59,61,62));
#7914=IFCINDEXEDPOLYGONALFACE((59,62,60));
#7915=IFCINDEXEDPOLYGONALFACE((61,63,64));
#7916=IFCINDEXEDPOLYGONALFACE((61,64,62));
#7917=IFCINDEXEDPOLYGONALFACE((63,1,4));
#7918=IFCINDEXEDPOLYGONALFACE((63,4,64));
#7919=IFCINDEXEDPOLYGONALFACE((1,5,2));
#7920=IFCINDEXEDPOLYGONALFACE((4,3,6));
#7921=IFCINDEXEDPOLYGONALFACE((1,7,5));
#7922=IFCINDEXEDPOLYGONALFACE((4,6,8));
#7923=IFCINDEXEDPOLYGONALFACE((1,9,7));
#7924=IFCINDEXEDPOLYGONALFACE((4,8,10));
#7925=IFCINDEXEDPOLYGONALFACE((1,11,9));
#7926=IFCINDEXEDPOLYGONALFACE((4,10,12));
#7927=IFCINDEXEDPOLYGONALFACE((1,13,11));
#7928=IFCINDEXEDPOLYGONALFACE((4,12,14));
#7929=IFCINDEXEDPOLYGONALFACE((1,15,13));
#7930=IFCINDEXEDPOLYGONALFACE((4,14,16));
#7931=IFCINDEXEDPOLYGONALFACE((1,17,15));
#7932=IFCINDEXEDPOLYGONALFACE((4,16,18));
#7933=IFCINDEXEDPOLYGONALFACE((1,19,17));
#7934=IFCINDEXEDPOLYGONALFACE((4,18,20));
#7935=IFCINDEXEDPOLYGONALFACE((1,21,19));
#7936=IFCINDEXEDPOLYGONALFACE((4,20,22));
#7937=IFCINDEXEDPOLYGONALFACE((1,23,21));
#7938=IFCINDEXEDPOLYGONALFACE((4,22,24));
#7939=IFCINDEXEDPOLYGONALFACE((1,25,23));
#7940=IFCINDEXEDPOLYGONALFACE((4,24,26));
#7941=IFCINDEXEDPOLYGONALFACE((1,27,25));
#7942=IFCINDEXEDPOLYGONALFACE((4,26,28));
#7943=IFCINDEXEDPOLYGONALFACE((1,29,27));
#7944=IFCINDEXEDPOLYGONALFACE((4,28,30));
#7945=IFCINDEXEDPOLYGONALFACE((1,31,29));
#7946=IFCINDEXEDPOLYGONALFACE((4,30,32));
#7947=IFCINDEXEDPOLYGONALFACE((1,33,31));
#7948=IFCINDEXEDPOLYGONALFACE((4,32,34));
#7949=IFCINDEXEDPOLYGONALFACE((1,35,33));
#7950=IFCINDEXEDPOLYGONALFACE((4,34,36));
#7951=IFCINDEXEDPOLYGONALFACE((1,37,35));
#7952=IFCINDEXEDPOLYGONALFACE((4,36,38));
#7953=IFCINDEXEDPOLYGONALFACE((1,39,37));
#7954=IFCINDEXEDPOLYGONALFACE((4,38,40));
#7955=IFCINDEXEDPOLYGONALFACE((1,41,39));
#7956=IFCINDEXEDPOLYGONALFACE((4,40,42));
#7957=IFCINDEXEDPOLYGONALFACE((1,43,41));
#7958=IFCINDEXEDPOLYGONALFACE((4,42,44));
#7959=IFCINDEXEDPOLYGONALFACE((1,45,43));
#7960=IFCINDEXEDPOLYGONALFACE((4,44,46));
#7961=IFCINDEXEDPOLYGONALFACE((1,47,45));
#7962=IFCINDEXEDPOLYGONALFACE((4,46,48));
#7963=IFCINDEXEDPOLYGONALFACE((1,49,47));
#7964=IFCINDEXEDPOLYGONALFACE((4,48,50));
#7965=IFCINDEXEDPOLYGONALFACE((1,51,49));
#7966=IFCINDEXEDPOLYGONALFACE((4,50,52));
#7967=IFCINDEXEDPOLYGONALFACE((1,53,51));
#7968=IFCINDEXEDPOLYGONALFACE((4,52,54));
#7969=IFCINDEXEDPOLYGONALFACE((1,55,53));
#7970=IFCINDEXEDPOLYGONALFACE((4,54,56));
#7971=IFCINDEXEDPOLYGONALFACE((1,57,55));
#7972=IFCINDEXEDPOLYGONALFACE((4,56,58));
#7973=IFCINDEXEDPOLYGONALFACE((1,59,57));
#7974=IFCINDEXEDPOLYGONALFACE((4,58,60));
#7975=IFCINDEXEDPOLYGONALFACE((1,61,59));
#7976=IFCINDEXEDPOLYGONALFACE((4,60,62));
#7977=IFCINDEXEDPOLYGONALFACE((1,63,61));
#7978=IFCINDEXEDPOLYGONALFACE((4,62,64));
#7979=IFCCARTESIANPOINTLIST3D(((0.037,0.,0.),(0.036289,0.007218,0.),(0.039918,0.00794,0.0145),(0.0407,0.,0.0145),(0.034184,0.014159,0.),(0.037602,0.015575,0.0145),(0.030764,0.020556,0.),(0.033841,0.022612,0.0145),(0.026163,0.026163,0.),(0.028779,0.028779,0.0145),(0.020556,0.030764,0.),(0.022612,0.033841,0.0145),(0.014159,0.034184,0.),(0.015575,0.037602,0.0145),(0.007218,0.036289,0.),(0.00794,0.039918,0.0145),(0.,0.037,0.),(0.,0.0407,0.0145),(-0.007218,0.036289,0.),(-0.00794,0.039918,0.0145),(-0.014159,0.034184,0.),(-0.015575,0.037602,0.0145),(-0.020556,0.030764,0.),(-0.022612,0.033841,0.0145),(-0.026163,0.026163,0.),(-0.028779,0.028779,0.0145),(-0.030764,0.020556,0.),(-0.033841,0.022612,0.0145),(-0.034184,0.014159,0.),(-0.037602,0.015575,0.0145),(-0.036289,0.007218,0.),(-0.039918,0.00794,0.0145),(-0.037,0.,0.),(-0.0407,0.,0.0145),(-0.036289,-0.007218,0.),(-0.039918,-0.00794,0.0145),(-0.034184,-0.014159,0.),(-0.037602,-0.015575,0.0145),(-0.030764,-0.020556,0.),(-0.033841,-0.022612,0.0145),(-0.026163,-0.026163,0.),(-0.028779,-0.028779,0.0145),(-0.020556,-0.030764,0.),(-0.022612,-0.033841,0.0145),(-0.014159,-0.034184,0.),(-0.015575,-0.037602,0.0145),(-0.007218,-0.036289,0.),(-0.00794,-0.039918,0.0145),(0.,-0.037,0.),(0.,-0.0407,0.0145),(0.007218,-0.036289,0.),(0.00794,-0.039918,0.0145),(0.014159,-0.034184,0.),(0.015575,-0.037602,0.0145),(0.020556,-0.030764,0.),(0.022612,-0.033841,0.0145),(0.026163,-0.026163,0.),(0.028779,-0.028779,0.0145),(0.030764,-0.020556,0.),(0.033841,-0.022612,0.0145),(0.034184,-0.014159,0.),(0.037602,-0.015575,0.0145),(0.036289,-0.007218,0.),(0.039918,-0.00794,0.0145)));
#7980=IFCPOLYGONALFACESET(#7979,.T.,(#7855,#7856,#7857,#7858,#7859,#7860,#7861,#7862,#7863,#7864,#7865,#7866,#7867,#7868,#7869,#7870,#7871,#7872,#7873,#7874,#7875,#7876,#7877,#7878,#7879,#7880,#7881,#7882,#7883,#7884,#7885,#7886,#7887,#7888,#7889,#7890,#7891,#7892,#7893,#7894,#7895,#7896,#7897,#7898,#7899,#7900,#7901,#7902,#7903,#7904,#7905,#7906,#7907,#7908,#7909,#7910,#7911,#7912,#7913,#7914,#7915,#7916,#7917,#7918,#7919,#7920,#7921,#7922,#7923,#7924,#7925,#7926,#7927,#7928,#7929,#7930,#7931,#7932,#7933,#7934,#7935,#7936,#7937,#7938,#7939,#7940,#7941,#7942,#7943,#7944,#7945,#7946,#7947,#7948,#7949,#7950,#7951,#7952,#7953,#7954,#7955,#7956,#7957,#7958,#7959,#7960,#7961,#7962,#7963,#7964,#7965,#7966,#7967,#7968,#7969,#7970,#7971,#7972,#7973,#7974,#7975,#7976,#7977,#7978),$);
#7981=IFCSTYLEDITEM(#7980,(#5240),$);
#7982=IFCSHAPEREPRESENTATION(#12,'Body','Tessellation',(#7853,#7980));
#7983=IFCPRODUCTDEFINITIONSHAPE($,$,(#7982));
#7984=IFCLIGHTFIXTURE('0n0s6UtEe4BoWucNzNyDis',#5,'Spotlight','Skanna asset library',$,#7727,#7983,$,.POINTSOURCE.);
#7985=IFCCARTESIANPOINT((4.94,6.59,2.65));
#7986=IFCDIRECTION((0.,0.,1.));
#7987=IFCDIRECTION((0.,1.,0.));
#7988=IFCAXIS2PLACEMENT3D(#7985,#7986,#7987);
#7989=IFCLOCALPLACEMENT(#26,#7988);
#7990=IFCINDEXEDPOLYGONALFACE((1,2,3));
#7991=IFCINDEXEDPOLYGONALFACE((1,3,4));
#7992=IFCINDEXEDPOLYGONALFACE((2,5,6));
#7993=IFCINDEXEDPOLYGONALFACE((2,6,3));
#7994=IFCINDEXEDPOLYGONALFACE((5,7,8));
#7995=IFCINDEXEDPOLYGONALFACE((5,8,6));
#7996=IFCINDEXEDPOLYGONALFACE((7,9,10));
#7997=IFCINDEXEDPOLYGONALFACE((7,10,8));
#7998=IFCINDEXEDPOLYGONALFACE((9,11,12));
#7999=IFCINDEXEDPOLYGONALFACE((9,12,10));
#8000=IFCINDEXEDPOLYGONALFACE((11,13,14));
#8001=IFCINDEXEDPOLYGONALFACE((11,14,12));
#8002=IFCINDEXEDPOLYGONALFACE((13,15,16));
#8003=IFCINDEXEDPOLYGONALFACE((13,16,14));
#8004=IFCINDEXEDPOLYGONALFACE((15,17,18));
#8005=IFCINDEXEDPOLYGONALFACE((15,18,16));
#8006=IFCINDEXEDPOLYGONALFACE((17,19,20));
#8007=IFCINDEXEDPOLYGONALFACE((17,20,18));
#8008=IFCINDEXEDPOLYGONALFACE((19,21,22));
#8009=IFCINDEXEDPOLYGONALFACE((19,22,20));
#8010=IFCINDEXEDPOLYGONALFACE((21,23,24));
#8011=IFCINDEXEDPOLYGONALFACE((21,24,22));
#8012=IFCINDEXEDPOLYGONALFACE((23,25,26));
#8013=IFCINDEXEDPOLYGONALFACE((23,26,24));
#8014=IFCINDEXEDPOLYGONALFACE((25,27,28));
#8015=IFCINDEXEDPOLYGONALFACE((25,28,26));
#8016=IFCINDEXEDPOLYGONALFACE((27,29,30));
#8017=IFCINDEXEDPOLYGONALFACE((27,30,28));
#8018=IFCINDEXEDPOLYGONALFACE((29,31,32));
#8019=IFCINDEXEDPOLYGONALFACE((29,32,30));
#8020=IFCINDEXEDPOLYGONALFACE((31,33,34));
#8021=IFCINDEXEDPOLYGONALFACE((31,34,32));
#8022=IFCINDEXEDPOLYGONALFACE((33,35,36));
#8023=IFCINDEXEDPOLYGONALFACE((33,36,34));
#8024=IFCINDEXEDPOLYGONALFACE((35,37,38));
#8025=IFCINDEXEDPOLYGONALFACE((35,38,36));
#8026=IFCINDEXEDPOLYGONALFACE((37,39,40));
#8027=IFCINDEXEDPOLYGONALFACE((37,40,38));
#8028=IFCINDEXEDPOLYGONALFACE((39,41,42));
#8029=IFCINDEXEDPOLYGONALFACE((39,42,40));
#8030=IFCINDEXEDPOLYGONALFACE((41,43,44));
#8031=IFCINDEXEDPOLYGONALFACE((41,44,42));
#8032=IFCINDEXEDPOLYGONALFACE((43,45,46));
#8033=IFCINDEXEDPOLYGONALFACE((43,46,44));
#8034=IFCINDEXEDPOLYGONALFACE((45,47,48));
#8035=IFCINDEXEDPOLYGONALFACE((45,48,46));
#8036=IFCINDEXEDPOLYGONALFACE((47,49,50));
#8037=IFCINDEXEDPOLYGONALFACE((47,50,48));
#8038=IFCINDEXEDPOLYGONALFACE((49,51,52));
#8039=IFCINDEXEDPOLYGONALFACE((49,52,50));
#8040=IFCINDEXEDPOLYGONALFACE((51,53,54));
#8041=IFCINDEXEDPOLYGONALFACE((51,54,52));
#8042=IFCINDEXEDPOLYGONALFACE((53,55,56));
#8043=IFCINDEXEDPOLYGONALFACE((53,56,54));
#8044=IFCINDEXEDPOLYGONALFACE((55,57,58));
#8045=IFCINDEXEDPOLYGONALFACE((55,58,56));
#8046=IFCINDEXEDPOLYGONALFACE((57,59,60));
#8047=IFCINDEXEDPOLYGONALFACE((57,60,58));
#8048=IFCINDEXEDPOLYGONALFACE((59,61,62));
#8049=IFCINDEXEDPOLYGONALFACE((59,62,60));
#8050=IFCINDEXEDPOLYGONALFACE((61,63,64));
#8051=IFCINDEXEDPOLYGONALFACE((61,64,62));
#8052=IFCINDEXEDPOLYGONALFACE((63,1,4));
#8053=IFCINDEXEDPOLYGONALFACE((63,4,64));
#8054=IFCINDEXEDPOLYGONALFACE((1,5,2));
#8055=IFCINDEXEDPOLYGONALFACE((4,3,6));
#8056=IFCINDEXEDPOLYGONALFACE((1,7,5));
#8057=IFCINDEXEDPOLYGONALFACE((4,6,8));
#8058=IFCINDEXEDPOLYGONALFACE((1,9,7));
#8059=IFCINDEXEDPOLYGONALFACE((4,8,10));
#8060=IFCINDEXEDPOLYGONALFACE((1,11,9));
#8061=IFCINDEXEDPOLYGONALFACE((4,10,12));
#8062=IFCINDEXEDPOLYGONALFACE((1,13,11));
#8063=IFCINDEXEDPOLYGONALFACE((4,12,14));
#8064=IFCINDEXEDPOLYGONALFACE((1,15,13));
#8065=IFCINDEXEDPOLYGONALFACE((4,14,16));
#8066=IFCINDEXEDPOLYGONALFACE((1,17,15));
#8067=IFCINDEXEDPOLYGONALFACE((4,16,18));
#8068=IFCINDEXEDPOLYGONALFACE((1,19,17));
#8069=IFCINDEXEDPOLYGONALFACE((4,18,20));
#8070=IFCINDEXEDPOLYGONALFACE((1,21,19));
#8071=IFCINDEXEDPOLYGONALFACE((4,20,22));
#8072=IFCINDEXEDPOLYGONALFACE((1,23,21));
#8073=IFCINDEXEDPOLYGONALFACE((4,22,24));
#8074=IFCINDEXEDPOLYGONALFACE((1,25,23));
#8075=IFCINDEXEDPOLYGONALFACE((4,24,26));
#8076=IFCINDEXEDPOLYGONALFACE((1,27,25));
#8077=IFCINDEXEDPOLYGONALFACE((4,26,28));
#8078=IFCINDEXEDPOLYGONALFACE((1,29,27));
#8079=IFCINDEXEDPOLYGONALFACE((4,28,30));
#8080=IFCINDEXEDPOLYGONALFACE((1,31,29));
#8081=IFCINDEXEDPOLYGONALFACE((4,30,32));
#8082=IFCINDEXEDPOLYGONALFACE((1,33,31));
#8083=IFCINDEXEDPOLYGONALFACE((4,32,34));
#8084=IFCINDEXEDPOLYGONALFACE((1,35,33));
#8085=IFCINDEXEDPOLYGONALFACE((4,34,36));
#8086=IFCINDEXEDPOLYGONALFACE((1,37,35));
#8087=IFCINDEXEDPOLYGONALFACE((4,36,38));
#8088=IFCINDEXEDPOLYGONALFACE((1,39,37));
#8089=IFCINDEXEDPOLYGONALFACE((4,38,40));
#8090=IFCINDEXEDPOLYGONALFACE((1,41,39));
#8091=IFCINDEXEDPOLYGONALFACE((4,40,42));
#8092=IFCINDEXEDPOLYGONALFACE((1,43,41));
#8093=IFCINDEXEDPOLYGONALFACE((4,42,44));
#8094=IFCINDEXEDPOLYGONALFACE((1,45,43));
#8095=IFCINDEXEDPOLYGONALFACE((4,44,46));
#8096=IFCINDEXEDPOLYGONALFACE((1,47,45));
#8097=IFCINDEXEDPOLYGONALFACE((4,46,48));
#8098=IFCINDEXEDPOLYGONALFACE((1,49,47));
#8099=IFCINDEXEDPOLYGONALFACE((4,48,50));
#8100=IFCINDEXEDPOLYGONALFACE((1,51,49));
#8101=IFCINDEXEDPOLYGONALFACE((4,50,52));
#8102=IFCINDEXEDPOLYGONALFACE((1,53,51));
#8103=IFCINDEXEDPOLYGONALFACE((4,52,54));
#8104=IFCINDEXEDPOLYGONALFACE((1,55,53));
#8105=IFCINDEXEDPOLYGONALFACE((4,54,56));
#8106=IFCINDEXEDPOLYGONALFACE((1,57,55));
#8107=IFCINDEXEDPOLYGONALFACE((4,56,58));
#8108=IFCINDEXEDPOLYGONALFACE((1,59,57));
#8109=IFCINDEXEDPOLYGONALFACE((4,58,60));
#8110=IFCINDEXEDPOLYGONALFACE((1,61,59));
#8111=IFCINDEXEDPOLYGONALFACE((4,60,62));
#8112=IFCINDEXEDPOLYGONALFACE((1,63,61));
#8113=IFCINDEXEDPOLYGONALFACE((4,62,64));
#8114=IFCCARTESIANPOINTLIST3D(((0.05,0.,0.014),(0.049039,0.009755,0.014),(0.040212,0.007999,0.05),(0.041,0.,0.05),(0.046194,0.019134,0.014),(0.037879,0.01569,0.05),(0.041573,0.027779,0.014),(0.03409,0.022778,0.05),(0.035355,0.035355,0.014),(0.028991,0.028991,0.05),(0.027779,0.041573,0.014),(0.022778,0.03409,0.05),(0.019134,0.046194,0.014),(0.01569,0.037879,0.05),(0.009755,0.049039,0.014),(0.007999,0.040212,0.05),(0.,0.05,0.014),(0.,0.041,0.05),(-0.009755,0.049039,0.014),(-0.007999,0.040212,0.05),(-0.019134,0.046194,0.014),(-0.01569,0.037879,0.05),(-0.027779,0.041573,0.014),(-0.022778,0.03409,0.05),(-0.035355,0.035355,0.014),(-0.028991,0.028991,0.05),(-0.041573,0.027779,0.014),(-0.03409,0.022778,0.05),(-0.046194,0.019134,0.014),(-0.037879,0.01569,0.05),(-0.049039,0.009755,0.014),(-0.040212,0.007999,0.05),(-0.05,0.,0.014),(-0.041,0.,0.05),(-0.049039,-0.009755,0.014),(-0.040212,-0.007999,0.05),(-0.046194,-0.019134,0.014),(-0.037879,-0.01569,0.05),(-0.041573,-0.027779,0.014),(-0.03409,-0.022778,0.05),(-0.035355,-0.035355,0.014),(-0.028991,-0.028991,0.05),(-0.027779,-0.041573,0.014),(-0.022778,-0.03409,0.05),(-0.019134,-0.046194,0.014),(-0.01569,-0.037879,0.05),(-0.009755,-0.049039,0.014),(-0.007999,-0.040212,0.05),(0.,-0.05,0.014),(0.,-0.041,0.05),(0.009755,-0.049039,0.014),(0.007999,-0.040212,0.05),(0.019134,-0.046194,0.014),(0.01569,-0.037879,0.05),(0.027779,-0.041573,0.014),(0.022778,-0.03409,0.05),(0.035355,-0.035355,0.014),(0.028991,-0.028991,0.05),(0.041573,-0.027779,0.014),(0.03409,-0.022778,0.05),(0.046194,-0.019134,0.014),(0.037879,-0.01569,0.05),(0.049039,-0.009755,0.014),(0.040212,-0.007999,0.05)));
#8115=IFCPOLYGONALFACESET(#8114,.T.,(#7990,#7991,#7992,#7993,#7994,#7995,#7996,#7997,#7998,#7999,#8000,#8001,#8002,#8003,#8004,#8005,#8006,#8007,#8008,#8009,#8010,#8011,#8012,#8013,#8014,#8015,#8016,#8017,#8018,#8019,#8020,#8021,#8022,#8023,#8024,#8025,#8026,#8027,#8028,#8029,#8030,#8031,#8032,#8033,#8034,#8035,#8036,#8037,#8038,#8039,#8040,#8041,#8042,#8043,#8044,#8045,#8046,#8047,#8048,#8049,#8050,#8051,#8052,#8053,#8054,#8055,#8056,#8057,#8058,#8059,#8060,#8061,#8062,#8063,#8064,#8065,#8066,#8067,#8068,#8069,#8070,#8071,#8072,#8073,#8074,#8075,#8076,#8077,#8078,#8079,#8080,#8081,#8082,#8083,#8084,#8085,#8086,#8087,#8088,#8089,#8090,#8091,#8092,#8093,#8094,#8095,#8096,#8097,#8098,#8099,#8100,#8101,#8102,#8103,#8104,#8105,#8106,#8107,#8108,#8109,#8110,#8111,#8112,#8113),$);
#8116=IFCSTYLEDITEM(#8115,(#3816),$);
#8117=IFCINDEXEDPOLYGONALFACE((1,2,3));
#8118=IFCINDEXEDPOLYGONALFACE((1,3,4));
#8119=IFCINDEXEDPOLYGONALFACE((2,5,6));
#8120=IFCINDEXEDPOLYGONALFACE((2,6,3));
#8121=IFCINDEXEDPOLYGONALFACE((5,7,8));
#8122=IFCINDEXEDPOLYGONALFACE((5,8,6));
#8123=IFCINDEXEDPOLYGONALFACE((7,9,10));
#8124=IFCINDEXEDPOLYGONALFACE((7,10,8));
#8125=IFCINDEXEDPOLYGONALFACE((9,11,12));
#8126=IFCINDEXEDPOLYGONALFACE((9,12,10));
#8127=IFCINDEXEDPOLYGONALFACE((11,13,14));
#8128=IFCINDEXEDPOLYGONALFACE((11,14,12));
#8129=IFCINDEXEDPOLYGONALFACE((13,15,16));
#8130=IFCINDEXEDPOLYGONALFACE((13,16,14));
#8131=IFCINDEXEDPOLYGONALFACE((15,17,18));
#8132=IFCINDEXEDPOLYGONALFACE((15,18,16));
#8133=IFCINDEXEDPOLYGONALFACE((17,19,20));
#8134=IFCINDEXEDPOLYGONALFACE((17,20,18));
#8135=IFCINDEXEDPOLYGONALFACE((19,21,22));
#8136=IFCINDEXEDPOLYGONALFACE((19,22,20));
#8137=IFCINDEXEDPOLYGONALFACE((21,23,24));
#8138=IFCINDEXEDPOLYGONALFACE((21,24,22));
#8139=IFCINDEXEDPOLYGONALFACE((23,25,26));
#8140=IFCINDEXEDPOLYGONALFACE((23,26,24));
#8141=IFCINDEXEDPOLYGONALFACE((25,27,28));
#8142=IFCINDEXEDPOLYGONALFACE((25,28,26));
#8143=IFCINDEXEDPOLYGONALFACE((27,29,30));
#8144=IFCINDEXEDPOLYGONALFACE((27,30,28));
#8145=IFCINDEXEDPOLYGONALFACE((29,31,32));
#8146=IFCINDEXEDPOLYGONALFACE((29,32,30));
#8147=IFCINDEXEDPOLYGONALFACE((31,33,34));
#8148=IFCINDEXEDPOLYGONALFACE((31,34,32));
#8149=IFCINDEXEDPOLYGONALFACE((33,35,36));
#8150=IFCINDEXEDPOLYGONALFACE((33,36,34));
#8151=IFCINDEXEDPOLYGONALFACE((35,37,38));
#8152=IFCINDEXEDPOLYGONALFACE((35,38,36));
#8153=IFCINDEXEDPOLYGONALFACE((37,39,40));
#8154=IFCINDEXEDPOLYGONALFACE((37,40,38));
#8155=IFCINDEXEDPOLYGONALFACE((39,41,42));
#8156=IFCINDEXEDPOLYGONALFACE((39,42,40));
#8157=IFCINDEXEDPOLYGONALFACE((41,43,44));
#8158=IFCINDEXEDPOLYGONALFACE((41,44,42));
#8159=IFCINDEXEDPOLYGONALFACE((43,45,46));
#8160=IFCINDEXEDPOLYGONALFACE((43,46,44));
#8161=IFCINDEXEDPOLYGONALFACE((45,47,48));
#8162=IFCINDEXEDPOLYGONALFACE((45,48,46));
#8163=IFCINDEXEDPOLYGONALFACE((47,49,50));
#8164=IFCINDEXEDPOLYGONALFACE((47,50,48));
#8165=IFCINDEXEDPOLYGONALFACE((49,51,52));
#8166=IFCINDEXEDPOLYGONALFACE((49,52,50));
#8167=IFCINDEXEDPOLYGONALFACE((51,53,54));
#8168=IFCINDEXEDPOLYGONALFACE((51,54,52));
#8169=IFCINDEXEDPOLYGONALFACE((53,55,56));
#8170=IFCINDEXEDPOLYGONALFACE((53,56,54));
#8171=IFCINDEXEDPOLYGONALFACE((55,57,58));
#8172=IFCINDEXEDPOLYGONALFACE((55,58,56));
#8173=IFCINDEXEDPOLYGONALFACE((57,59,60));
#8174=IFCINDEXEDPOLYGONALFACE((57,60,58));
#8175=IFCINDEXEDPOLYGONALFACE((59,61,62));
#8176=IFCINDEXEDPOLYGONALFACE((59,62,60));
#8177=IFCINDEXEDPOLYGONALFACE((61,63,64));
#8178=IFCINDEXEDPOLYGONALFACE((61,64,62));
#8179=IFCINDEXEDPOLYGONALFACE((63,1,4));
#8180=IFCINDEXEDPOLYGONALFACE((63,4,64));
#8181=IFCINDEXEDPOLYGONALFACE((1,5,2));
#8182=IFCINDEXEDPOLYGONALFACE((4,3,6));
#8183=IFCINDEXEDPOLYGONALFACE((1,7,5));
#8184=IFCINDEXEDPOLYGONALFACE((4,6,8));
#8185=IFCINDEXEDPOLYGONALFACE((1,9,7));
#8186=IFCINDEXEDPOLYGONALFACE((4,8,10));
#8187=IFCINDEXEDPOLYGONALFACE((1,11,9));
#8188=IFCINDEXEDPOLYGONALFACE((4,10,12));
#8189=IFCINDEXEDPOLYGONALFACE((1,13,11));
#8190=IFCINDEXEDPOLYGONALFACE((4,12,14));
#8191=IFCINDEXEDPOLYGONALFACE((1,15,13));
#8192=IFCINDEXEDPOLYGONALFACE((4,14,16));
#8193=IFCINDEXEDPOLYGONALFACE((1,17,15));
#8194=IFCINDEXEDPOLYGONALFACE((4,16,18));
#8195=IFCINDEXEDPOLYGONALFACE((1,19,17));
#8196=IFCINDEXEDPOLYGONALFACE((4,18,20));
#8197=IFCINDEXEDPOLYGONALFACE((1,21,19));
#8198=IFCINDEXEDPOLYGONALFACE((4,20,22));
#8199=IFCINDEXEDPOLYGONALFACE((1,23,21));
#8200=IFCINDEXEDPOLYGONALFACE((4,22,24));
#8201=IFCINDEXEDPOLYGONALFACE((1,25,23));
#8202=IFCINDEXEDPOLYGONALFACE((4,24,26));
#8203=IFCINDEXEDPOLYGONALFACE((1,27,25));
#8204=IFCINDEXEDPOLYGONALFACE((4,26,28));
#8205=IFCINDEXEDPOLYGONALFACE((1,29,27));
#8206=IFCINDEXEDPOLYGONALFACE((4,28,30));
#8207=IFCINDEXEDPOLYGONALFACE((1,31,29));
#8208=IFCINDEXEDPOLYGONALFACE((4,30,32));
#8209=IFCINDEXEDPOLYGONALFACE((1,33,31));
#8210=IFCINDEXEDPOLYGONALFACE((4,32,34));
#8211=IFCINDEXEDPOLYGONALFACE((1,35,33));
#8212=IFCINDEXEDPOLYGONALFACE((4,34,36));
#8213=IFCINDEXEDPOLYGONALFACE((1,37,35));
#8214=IFCINDEXEDPOLYGONALFACE((4,36,38));
#8215=IFCINDEXEDPOLYGONALFACE((1,39,37));
#8216=IFCINDEXEDPOLYGONALFACE((4,38,40));
#8217=IFCINDEXEDPOLYGONALFACE((1,41,39));
#8218=IFCINDEXEDPOLYGONALFACE((4,40,42));
#8219=IFCINDEXEDPOLYGONALFACE((1,43,41));
#8220=IFCINDEXEDPOLYGONALFACE((4,42,44));
#8221=IFCINDEXEDPOLYGONALFACE((1,45,43));
#8222=IFCINDEXEDPOLYGONALFACE((4,44,46));
#8223=IFCINDEXEDPOLYGONALFACE((1,47,45));
#8224=IFCINDEXEDPOLYGONALFACE((4,46,48));
#8225=IFCINDEXEDPOLYGONALFACE((1,49,47));
#8226=IFCINDEXEDPOLYGONALFACE((4,48,50));
#8227=IFCINDEXEDPOLYGONALFACE((1,51,49));
#8228=IFCINDEXEDPOLYGONALFACE((4,50,52));
#8229=IFCINDEXEDPOLYGONALFACE((1,53,51));
#8230=IFCINDEXEDPOLYGONALFACE((4,52,54));
#8231=IFCINDEXEDPOLYGONALFACE((1,55,53));
#8232=IFCINDEXEDPOLYGONALFACE((4,54,56));
#8233=IFCINDEXEDPOLYGONALFACE((1,57,55));
#8234=IFCINDEXEDPOLYGONALFACE((4,56,58));
#8235=IFCINDEXEDPOLYGONALFACE((1,59,57));
#8236=IFCINDEXEDPOLYGONALFACE((4,58,60));
#8237=IFCINDEXEDPOLYGONALFACE((1,61,59));
#8238=IFCINDEXEDPOLYGONALFACE((4,60,62));
#8239=IFCINDEXEDPOLYGONALFACE((1,63,61));
#8240=IFCINDEXEDPOLYGONALFACE((4,62,64));
#8241=IFCCARTESIANPOINTLIST3D(((0.037,0.,0.),(0.036289,0.007218,0.),(0.039918,0.00794,0.0145),(0.0407,0.,0.0145),(0.034184,0.014159,0.),(0.037602,0.015575,0.0145),(0.030764,0.020556,0.),(0.033841,0.022612,0.0145),(0.026163,0.026163,0.),(0.028779,0.028779,0.0145),(0.020556,0.030764,0.),(0.022612,0.033841,0.0145),(0.014159,0.034184,0.),(0.015575,0.037602,0.0145),(0.007218,0.036289,0.),(0.00794,0.039918,0.0145),(0.,0.037,0.),(0.,0.0407,0.0145),(-0.007218,0.036289,0.),(-0.00794,0.039918,0.0145),(-0.014159,0.034184,0.),(-0.015575,0.037602,0.0145),(-0.020556,0.030764,0.),(-0.022612,0.033841,0.0145),(-0.026163,0.026163,0.),(-0.028779,0.028779,0.0145),(-0.030764,0.020556,0.),(-0.033841,0.022612,0.0145),(-0.034184,0.014159,0.),(-0.037602,0.015575,0.0145),(-0.036289,0.007218,0.),(-0.039918,0.00794,0.0145),(-0.037,0.,0.),(-0.0407,0.,0.0145),(-0.036289,-0.007218,0.),(-0.039918,-0.00794,0.0145),(-0.034184,-0.014159,0.),(-0.037602,-0.015575,0.0145),(-0.030764,-0.020556,0.),(-0.033841,-0.022612,0.0145),(-0.026163,-0.026163,0.),(-0.028779,-0.028779,0.0145),(-0.020556,-0.030764,0.),(-0.022612,-0.033841,0.0145),(-0.014159,-0.034184,0.),(-0.015575,-0.037602,0.0145),(-0.007218,-0.036289,0.),(-0.00794,-0.039918,0.0145),(0.,-0.037,0.),(0.,-0.0407,0.0145),(0.007218,-0.036289,0.),(0.00794,-0.039918,0.0145),(0.014159,-0.034184,0.),(0.015575,-0.037602,0.0145),(0.020556,-0.030764,0.),(0.022612,-0.033841,0.0145),(0.026163,-0.026163,0.),(0.028779,-0.028779,0.0145),(0.030764,-0.020556,0.),(0.033841,-0.022612,0.0145),(0.034184,-0.014159,0.),(0.037602,-0.015575,0.0145),(0.036289,-0.007218,0.),(0.039918,-0.00794,0.0145)));
#8242=IFCPOLYGONALFACESET(#8241,.T.,(#8117,#8118,#8119,#8120,#8121,#8122,#8123,#8124,#8125,#8126,#8127,#8128,#8129,#8130,#8131,#8132,#8133,#8134,#8135,#8136,#8137,#8138,#8139,#8140,#8141,#8142,#8143,#8144,#8145,#8146,#8147,#8148,#8149,#8150,#8151,#8152,#8153,#8154,#8155,#8156,#8157,#8158,#8159,#8160,#8161,#8162,#8163,#8164,#8165,#8166,#8167,#8168,#8169,#8170,#8171,#8172,#8173,#8174,#8175,#8176,#8177,#8178,#8179,#8180,#8181,#8182,#8183,#8184,#8185,#8186,#8187,#8188,#8189,#8190,#8191,#8192,#8193,#8194,#8195,#8196,#8197,#8198,#8199,#8200,#8201,#8202,#8203,#8204,#8205,#8206,#8207,#8208,#8209,#8210,#8211,#8212,#8213,#8214,#8215,#8216,#8217,#8218,#8219,#8220,#8221,#8222,#8223,#8224,#8225,#8226,#8227,#8228,#8229,#8230,#8231,#8232,#8233,#8234,#8235,#8236,#8237,#8238,#8239,#8240),$);
#8243=IFCSTYLEDITEM(#8242,(#5240),$);
#8244=IFCSHAPEREPRESENTATION(#12,'Body','Tessellation',(#8115,#8242));
#8245=IFCPRODUCTDEFINITIONSHAPE($,$,(#8244));
#8246=IFCLIGHTFIXTURE('3EHtTfYIZamIS7_e$V0DPC',#5,'Spotlight','Skanna asset library',$,#7989,#8245,$,.POINTSOURCE.);
#8247=IFCCARTESIANPOINT((2.47,7.29,2.65));
#8248=IFCDIRECTION((0.,0.,1.));
#8249=IFCDIRECTION((1.,0.,0.));
#8250=IFCAXIS2PLACEMENT3D(#8247,#8248,#8249);
#8251=IFCLOCALPLACEMENT(#26,#8250);
#8252=IFCINDEXEDPOLYGONALFACE((1,2,3));
#8253=IFCINDEXEDPOLYGONALFACE((1,3,4));
#8254=IFCINDEXEDPOLYGONALFACE((2,5,6));
#8255=IFCINDEXEDPOLYGONALFACE((2,6,3));
#8256=IFCINDEXEDPOLYGONALFACE((5,7,8));
#8257=IFCINDEXEDPOLYGONALFACE((5,8,6));
#8258=IFCINDEXEDPOLYGONALFACE((7,9,10));
#8259=IFCINDEXEDPOLYGONALFACE((7,10,8));
#8260=IFCINDEXEDPOLYGONALFACE((9,11,12));
#8261=IFCINDEXEDPOLYGONALFACE((9,12,10));
#8262=IFCINDEXEDPOLYGONALFACE((11,13,14));
#8263=IFCINDEXEDPOLYGONALFACE((11,14,12));
#8264=IFCINDEXEDPOLYGONALFACE((13,15,16));
#8265=IFCINDEXEDPOLYGONALFACE((13,16,14));
#8266=IFCINDEXEDPOLYGONALFACE((15,17,18));
#8267=IFCINDEXEDPOLYGONALFACE((15,18,16));
#8268=IFCINDEXEDPOLYGONALFACE((17,19,20));
#8269=IFCINDEXEDPOLYGONALFACE((17,20,18));
#8270=IFCINDEXEDPOLYGONALFACE((19,21,22));
#8271=IFCINDEXEDPOLYGONALFACE((19,22,20));
#8272=IFCINDEXEDPOLYGONALFACE((21,23,24));
#8273=IFCINDEXEDPOLYGONALFACE((21,24,22));
#8274=IFCINDEXEDPOLYGONALFACE((23,25,26));
#8275=IFCINDEXEDPOLYGONALFACE((23,26,24));
#8276=IFCINDEXEDPOLYGONALFACE((25,27,28));
#8277=IFCINDEXEDPOLYGONALFACE((25,28,26));
#8278=IFCINDEXEDPOLYGONALFACE((27,29,30));
#8279=IFCINDEXEDPOLYGONALFACE((27,30,28));
#8280=IFCINDEXEDPOLYGONALFACE((29,31,32));
#8281=IFCINDEXEDPOLYGONALFACE((29,32,30));
#8282=IFCINDEXEDPOLYGONALFACE((31,33,34));
#8283=IFCINDEXEDPOLYGONALFACE((31,34,32));
#8284=IFCINDEXEDPOLYGONALFACE((33,35,36));
#8285=IFCINDEXEDPOLYGONALFACE((33,36,34));
#8286=IFCINDEXEDPOLYGONALFACE((35,37,38));
#8287=IFCINDEXEDPOLYGONALFACE((35,38,36));
#8288=IFCINDEXEDPOLYGONALFACE((37,39,40));
#8289=IFCINDEXEDPOLYGONALFACE((37,40,38));
#8290=IFCINDEXEDPOLYGONALFACE((39,41,42));
#8291=IFCINDEXEDPOLYGONALFACE((39,42,40));
#8292=IFCINDEXEDPOLYGONALFACE((41,43,44));
#8293=IFCINDEXEDPOLYGONALFACE((41,44,42));
#8294=IFCINDEXEDPOLYGONALFACE((43,45,46));
#8295=IFCINDEXEDPOLYGONALFACE((43,46,44));
#8296=IFCINDEXEDPOLYGONALFACE((45,47,48));
#8297=IFCINDEXEDPOLYGONALFACE((45,48,46));
#8298=IFCINDEXEDPOLYGONALFACE((47,49,50));
#8299=IFCINDEXEDPOLYGONALFACE((47,50,48));
#8300=IFCINDEXEDPOLYGONALFACE((49,51,52));
#8301=IFCINDEXEDPOLYGONALFACE((49,52,50));
#8302=IFCINDEXEDPOLYGONALFACE((51,53,54));
#8303=IFCINDEXEDPOLYGONALFACE((51,54,52));
#8304=IFCINDEXEDPOLYGONALFACE((53,55,56));
#8305=IFCINDEXEDPOLYGONALFACE((53,56,54));
#8306=IFCINDEXEDPOLYGONALFACE((55,57,58));
#8307=IFCINDEXEDPOLYGONALFACE((55,58,56));
#8308=IFCINDEXEDPOLYGONALFACE((57,59,60));
#8309=IFCINDEXEDPOLYGONALFACE((57,60,58));
#8310=IFCINDEXEDPOLYGONALFACE((59,61,62));
#8311=IFCINDEXEDPOLYGONALFACE((59,62,60));
#8312=IFCINDEXEDPOLYGONALFACE((61,63,64));
#8313=IFCINDEXEDPOLYGONALFACE((61,64,62));
#8314=IFCINDEXEDPOLYGONALFACE((63,1,4));
#8315=IFCINDEXEDPOLYGONALFACE((63,4,64));
#8316=IFCINDEXEDPOLYGONALFACE((1,5,2));
#8317=IFCINDEXEDPOLYGONALFACE((4,3,6));
#8318=IFCINDEXEDPOLYGONALFACE((1,7,5));
#8319=IFCINDEXEDPOLYGONALFACE((4,6,8));
#8320=IFCINDEXEDPOLYGONALFACE((1,9,7));
#8321=IFCINDEXEDPOLYGONALFACE((4,8,10));
#8322=IFCINDEXEDPOLYGONALFACE((1,11,9));
#8323=IFCINDEXEDPOLYGONALFACE((4,10,12));
#8324=IFCINDEXEDPOLYGONALFACE((1,13,11));
#8325=IFCINDEXEDPOLYGONALFACE((4,12,14));
#8326=IFCINDEXEDPOLYGONALFACE((1,15,13));
#8327=IFCINDEXEDPOLYGONALFACE((4,14,16));
#8328=IFCINDEXEDPOLYGONALFACE((1,17,15));
#8329=IFCINDEXEDPOLYGONALFACE((4,16,18));
#8330=IFCINDEXEDPOLYGONALFACE((1,19,17));
#8331=IFCINDEXEDPOLYGONALFACE((4,18,20));
#8332=IFCINDEXEDPOLYGONALFACE((1,21,19));
#8333=IFCINDEXEDPOLYGONALFACE((4,20,22));
#8334=IFCINDEXEDPOLYGONALFACE((1,23,21));
#8335=IFCINDEXEDPOLYGONALFACE((4,22,24));
#8336=IFCINDEXEDPOLYGONALFACE((1,25,23));
#8337=IFCINDEXEDPOLYGONALFACE((4,24,26));
#8338=IFCINDEXEDPOLYGONALFACE((1,27,25));
#8339=IFCINDEXEDPOLYGONALFACE((4,26,28));
#8340=IFCINDEXEDPOLYGONALFACE((1,29,27));
#8341=IFCINDEXEDPOLYGONALFACE((4,28,30));
#8342=IFCINDEXEDPOLYGONALFACE((1,31,29));
#8343=IFCINDEXEDPOLYGONALFACE((4,30,32));
#8344=IFCINDEXEDPOLYGONALFACE((1,33,31));
#8345=IFCINDEXEDPOLYGONALFACE((4,32,34));
#8346=IFCINDEXEDPOLYGONALFACE((1,35,33));
#8347=IFCINDEXEDPOLYGONALFACE((4,34,36));
#8348=IFCINDEXEDPOLYGONALFACE((1,37,35));
#8349=IFCINDEXEDPOLYGONALFACE((4,36,38));
#8350=IFCINDEXEDPOLYGONALFACE((1,39,37));
#8351=IFCINDEXEDPOLYGONALFACE((4,38,40));
#8352=IFCINDEXEDPOLYGONALFACE((1,41,39));
#8353=IFCINDEXEDPOLYGONALFACE((4,40,42));
#8354=IFCINDEXEDPOLYGONALFACE((1,43,41));
#8355=IFCINDEXEDPOLYGONALFACE((4,42,44));
#8356=IFCINDEXEDPOLYGONALFACE((1,45,43));
#8357=IFCINDEXEDPOLYGONALFACE((4,44,46));
#8358=IFCINDEXEDPOLYGONALFACE((1,47,45));
#8359=IFCINDEXEDPOLYGONALFACE((4,46,48));
#8360=IFCINDEXEDPOLYGONALFACE((1,49,47));
#8361=IFCINDEXEDPOLYGONALFACE((4,48,50));
#8362=IFCINDEXEDPOLYGONALFACE((1,51,49));
#8363=IFCINDEXEDPOLYGONALFACE((4,50,52));
#8364=IFCINDEXEDPOLYGONALFACE((1,53,51));
#8365=IFCINDEXEDPOLYGONALFACE((4,52,54));
#8366=IFCINDEXEDPOLYGONALFACE((1,55,53));
#8367=IFCINDEXEDPOLYGONALFACE((4,54,56));
#8368=IFCINDEXEDPOLYGONALFACE((1,57,55));
#8369=IFCINDEXEDPOLYGONALFACE((4,56,58));
#8370=IFCINDEXEDPOLYGONALFACE((1,59,57));
#8371=IFCINDEXEDPOLYGONALFACE((4,58,60));
#8372=IFCINDEXEDPOLYGONALFACE((1,61,59));
#8373=IFCINDEXEDPOLYGONALFACE((4,60,62));
#8374=IFCINDEXEDPOLYGONALFACE((1,63,61));
#8375=IFCINDEXEDPOLYGONALFACE((4,62,64));
#8376=IFCCARTESIANPOINTLIST3D(((0.05,0.,0.014),(0.049039,0.009755,0.014),(0.040212,0.007999,0.05),(0.041,0.,0.05),(0.046194,0.019134,0.014),(0.037879,0.01569,0.05),(0.041573,0.027779,0.014),(0.03409,0.022778,0.05),(0.035355,0.035355,0.014),(0.028991,0.028991,0.05),(0.027779,0.041573,0.014),(0.022778,0.03409,0.05),(0.019134,0.046194,0.014),(0.01569,0.037879,0.05),(0.009755,0.049039,0.014),(0.007999,0.040212,0.05),(0.,0.05,0.014),(0.,0.041,0.05),(-0.009755,0.049039,0.014),(-0.007999,0.040212,0.05),(-0.019134,0.046194,0.014),(-0.01569,0.037879,0.05),(-0.027779,0.041573,0.014),(-0.022778,0.03409,0.05),(-0.035355,0.035355,0.014),(-0.028991,0.028991,0.05),(-0.041573,0.027779,0.014),(-0.03409,0.022778,0.05),(-0.046194,0.019134,0.014),(-0.037879,0.01569,0.05),(-0.049039,0.009755,0.014),(-0.040212,0.007999,0.05),(-0.05,0.,0.014),(-0.041,0.,0.05),(-0.049039,-0.009755,0.014),(-0.040212,-0.007999,0.05),(-0.046194,-0.019134,0.014),(-0.037879,-0.01569,0.05),(-0.041573,-0.027779,0.014),(-0.03409,-0.022778,0.05),(-0.035355,-0.035355,0.014),(-0.028991,-0.028991,0.05),(-0.027779,-0.041573,0.014),(-0.022778,-0.03409,0.05),(-0.019134,-0.046194,0.014),(-0.01569,-0.037879,0.05),(-0.009755,-0.049039,0.014),(-0.007999,-0.040212,0.05),(0.,-0.05,0.014),(0.,-0.041,0.05),(0.009755,-0.049039,0.014),(0.007999,-0.040212,0.05),(0.019134,-0.046194,0.014),(0.01569,-0.037879,0.05),(0.027779,-0.041573,0.014),(0.022778,-0.03409,0.05),(0.035355,-0.035355,0.014),(0.028991,-0.028991,0.05),(0.041573,-0.027779,0.014),(0.03409,-0.022778,0.05),(0.046194,-0.019134,0.014),(0.037879,-0.01569,0.05),(0.049039,-0.009755,0.014),(0.040212,-0.007999,0.05)));
#8377=IFCPOLYGONALFACESET(#8376,.T.,(#8252,#8253,#8254,#8255,#8256,#8257,#8258,#8259,#8260,#8261,#8262,#8263,#8264,#8265,#8266,#8267,#8268,#8269,#8270,#8271,#8272,#8273,#8274,#8275,#8276,#8277,#8278,#8279,#8280,#8281,#8282,#8283,#8284,#8285,#8286,#8287,#8288,#8289,#8290,#8291,#8292,#8293,#8294,#8295,#8296,#8297,#8298,#8299,#8300,#8301,#8302,#8303,#8304,#8305,#8306,#8307,#8308,#8309,#8310,#8311,#8312,#8313,#8314,#8315,#8316,#8317,#8318,#8319,#8320,#8321,#8322,#8323,#8324,#8325,#8326,#8327,#8328,#8329,#8330,#8331,#8332,#8333,#8334,#8335,#8336,#8337,#8338,#8339,#8340,#8341,#8342,#8343,#8344,#8345,#8346,#8347,#8348,#8349,#8350,#8351,#8352,#8353,#8354,#8355,#8356,#8357,#8358,#8359,#8360,#8361,#8362,#8363,#8364,#8365,#8366,#8367,#8368,#8369,#8370,#8371,#8372,#8373,#8374,#8375),$);
#8378=IFCSTYLEDITEM(#8377,(#3816),$);
#8379=IFCINDEXEDPOLYGONALFACE((1,2,3));
#8380=IFCINDEXEDPOLYGONALFACE((1,3,4));
#8381=IFCINDEXEDPOLYGONALFACE((2,5,6));
#8382=IFCINDEXEDPOLYGONALFACE((2,6,3));
#8383=IFCINDEXEDPOLYGONALFACE((5,7,8));
#8384=IFCINDEXEDPOLYGONALFACE((5,8,6));
#8385=IFCINDEXEDPOLYGONALFACE((7,9,10));
#8386=IFCINDEXEDPOLYGONALFACE((7,10,8));
#8387=IFCINDEXEDPOLYGONALFACE((9,11,12));
#8388=IFCINDEXEDPOLYGONALFACE((9,12,10));
#8389=IFCINDEXEDPOLYGONALFACE((11,13,14));
#8390=IFCINDEXEDPOLYGONALFACE((11,14,12));
#8391=IFCINDEXEDPOLYGONALFACE((13,15,16));
#8392=IFCINDEXEDPOLYGONALFACE((13,16,14));
#8393=IFCINDEXEDPOLYGONALFACE((15,17,18));
#8394=IFCINDEXEDPOLYGONALFACE((15,18,16));
#8395=IFCINDEXEDPOLYGONALFACE((17,19,20));
#8396=IFCINDEXEDPOLYGONALFACE((17,20,18));
#8397=IFCINDEXEDPOLYGONALFACE((19,21,22));
#8398=IFCINDEXEDPOLYGONALFACE((19,22,20));
#8399=IFCINDEXEDPOLYGONALFACE((21,23,24));
#8400=IFCINDEXEDPOLYGONALFACE((21,24,22));
#8401=IFCINDEXEDPOLYGONALFACE((23,25,26));
#8402=IFCINDEXEDPOLYGONALFACE((23,26,24));
#8403=IFCINDEXEDPOLYGONALFACE((25,27,28));
#8404=IFCINDEXEDPOLYGONALFACE((25,28,26));
#8405=IFCINDEXEDPOLYGONALFACE((27,29,30));
#8406=IFCINDEXEDPOLYGONALFACE((27,30,28));
#8407=IFCINDEXEDPOLYGONALFACE((29,31,32));
#8408=IFCINDEXEDPOLYGONALFACE((29,32,30));
#8409=IFCINDEXEDPOLYGONALFACE((31,33,34));
#8410=IFCINDEXEDPOLYGONALFACE((31,34,32));
#8411=IFCINDEXEDPOLYGONALFACE((33,35,36));
#8412=IFCINDEXEDPOLYGONALFACE((33,36,34));
#8413=IFCINDEXEDPOLYGONALFACE((35,37,38));
#8414=IFCINDEXEDPOLYGONALFACE((35,38,36));
#8415=IFCINDEXEDPOLYGONALFACE((37,39,40));
#8416=IFCINDEXEDPOLYGONALFACE((37,40,38));
#8417=IFCINDEXEDPOLYGONALFACE((39,41,42));
#8418=IFCINDEXEDPOLYGONALFACE((39,42,40));
#8419=IFCINDEXEDPOLYGONALFACE((41,43,44));
#8420=IFCINDEXEDPOLYGONALFACE((41,44,42));
#8421=IFCINDEXEDPOLYGONALFACE((43,45,46));
#8422=IFCINDEXEDPOLYGONALFACE((43,46,44));
#8423=IFCINDEXEDPOLYGONALFACE((45,47,48));
#8424=IFCINDEXEDPOLYGONALFACE((45,48,46));
#8425=IFCINDEXEDPOLYGONALFACE((47,49,50));
#8426=IFCINDEXEDPOLYGONALFACE((47,50,48));
#8427=IFCINDEXEDPOLYGONALFACE((49,51,52));
#8428=IFCINDEXEDPOLYGONALFACE((49,52,50));
#8429=IFCINDEXEDPOLYGONALFACE((51,53,54));
#8430=IFCINDEXEDPOLYGONALFACE((51,54,52));
#8431=IFCINDEXEDPOLYGONALFACE((53,55,56));
#8432=IFCINDEXEDPOLYGONALFACE((53,56,54));
#8433=IFCINDEXEDPOLYGONALFACE((55,57,58));
#8434=IFCINDEXEDPOLYGONALFACE((55,58,56));
#8435=IFCINDEXEDPOLYGONALFACE((57,59,60));
#8436=IFCINDEXEDPOLYGONALFACE((57,60,58));
#8437=IFCINDEXEDPOLYGONALFACE((59,61,62));
#8438=IFCINDEXEDPOLYGONALFACE((59,62,60));
#8439=IFCINDEXEDPOLYGONALFACE((61,63,64));
#8440=IFCINDEXEDPOLYGONALFACE((61,64,62));
#8441=IFCINDEXEDPOLYGONALFACE((63,1,4));
#8442=IFCINDEXEDPOLYGONALFACE((63,4,64));
#8443=IFCINDEXEDPOLYGONALFACE((1,5,2));
#8444=IFCINDEXEDPOLYGONALFACE((4,3,6));
#8445=IFCINDEXEDPOLYGONALFACE((1,7,5));
#8446=IFCINDEXEDPOLYGONALFACE((4,6,8));
#8447=IFCINDEXEDPOLYGONALFACE((1,9,7));
#8448=IFCINDEXEDPOLYGONALFACE((4,8,10));
#8449=IFCINDEXEDPOLYGONALFACE((1,11,9));
#8450=IFCINDEXEDPOLYGONALFACE((4,10,12));
#8451=IFCINDEXEDPOLYGONALFACE((1,13,11));
#8452=IFCINDEXEDPOLYGONALFACE((4,12,14));
#8453=IFCINDEXEDPOLYGONALFACE((1,15,13));
#8454=IFCINDEXEDPOLYGONALFACE((4,14,16));
#8455=IFCINDEXEDPOLYGONALFACE((1,17,15));
#8456=IFCINDEXEDPOLYGONALFACE((4,16,18));
#8457=IFCINDEXEDPOLYGONALFACE((1,19,17));
#8458=IFCINDEXEDPOLYGONALFACE((4,18,20));
#8459=IFCINDEXEDPOLYGONALFACE((1,21,19));
#8460=IFCINDEXEDPOLYGONALFACE((4,20,22));
#8461=IFCINDEXEDPOLYGONALFACE((1,23,21));
#8462=IFCINDEXEDPOLYGONALFACE((4,22,24));
#8463=IFCINDEXEDPOLYGONALFACE((1,25,23));
#8464=IFCINDEXEDPOLYGONALFACE((4,24,26));
#8465=IFCINDEXEDPOLYGONALFACE((1,27,25));
#8466=IFCINDEXEDPOLYGONALFACE((4,26,28));
#8467=IFCINDEXEDPOLYGONALFACE((1,29,27));
#8468=IFCINDEXEDPOLYGONALFACE((4,28,30));
#8469=IFCINDEXEDPOLYGONALFACE((1,31,29));
#8470=IFCINDEXEDPOLYGONALFACE((4,30,32));
#8471=IFCINDEXEDPOLYGONALFACE((1,33,31));
#8472=IFCINDEXEDPOLYGONALFACE((4,32,34));
#8473=IFCINDEXEDPOLYGONALFACE((1,35,33));
#8474=IFCINDEXEDPOLYGONALFACE((4,34,36));
#8475=IFCINDEXEDPOLYGONALFACE((1,37,35));
#8476=IFCINDEXEDPOLYGONALFACE((4,36,38));
#8477=IFCINDEXEDPOLYGONALFACE((1,39,37));
#8478=IFCINDEXEDPOLYGONALFACE((4,38,40));
#8479=IFCINDEXEDPOLYGONALFACE((1,41,39));
#8480=IFCINDEXEDPOLYGONALFACE((4,40,42));
#8481=IFCINDEXEDPOLYGONALFACE((1,43,41));
#8482=IFCINDEXEDPOLYGONALFACE((4,42,44));
#8483=IFCINDEXEDPOLYGONALFACE((1,45,43));
#8484=IFCINDEXEDPOLYGONALFACE((4,44,46));
#8485=IFCINDEXEDPOLYGONALFACE((1,47,45));
#8486=IFCINDEXEDPOLYGONALFACE((4,46,48));
#8487=IFCINDEXEDPOLYGONALFACE((1,49,47));
#8488=IFCINDEXEDPOLYGONALFACE((4,48,50));
#8489=IFCINDEXEDPOLYGONALFACE((1,51,49));
#8490=IFCINDEXEDPOLYGONALFACE((4,50,52));
#8491=IFCINDEXEDPOLYGONALFACE((1,53,51));
#8492=IFCINDEXEDPOLYGONALFACE((4,52,54));
#8493=IFCINDEXEDPOLYGONALFACE((1,55,53));
#8494=IFCINDEXEDPOLYGONALFACE((4,54,56));
#8495=IFCINDEXEDPOLYGONALFACE((1,57,55));
#8496=IFCINDEXEDPOLYGONALFACE((4,56,58));
#8497=IFCINDEXEDPOLYGONALFACE((1,59,57));
#8498=IFCINDEXEDPOLYGONALFACE((4,58,60));
#8499=IFCINDEXEDPOLYGONALFACE((1,61,59));
#8500=IFCINDEXEDPOLYGONALFACE((4,60,62));
#8501=IFCINDEXEDPOLYGONALFACE((1,63,61));
#8502=IFCINDEXEDPOLYGONALFACE((4,62,64));
#8503=IFCCARTESIANPOINTLIST3D(((0.037,0.,0.),(0.036289,0.007218,0.),(0.039918,0.00794,0.0145),(0.0407,0.,0.0145),(0.034184,0.014159,0.),(0.037602,0.015575,0.0145),(0.030764,0.020556,0.),(0.033841,0.022612,0.0145),(0.026163,0.026163,0.),(0.028779,0.028779,0.0145),(0.020556,0.030764,0.),(0.022612,0.033841,0.0145),(0.014159,0.034184,0.),(0.015575,0.037602,0.0145),(0.007218,0.036289,0.),(0.00794,0.039918,0.0145),(0.,0.037,0.),(0.,0.0407,0.0145),(-0.007218,0.036289,0.),(-0.00794,0.039918,0.0145),(-0.014159,0.034184,0.),(-0.015575,0.037602,0.0145),(-0.020556,0.030764,0.),(-0.022612,0.033841,0.0145),(-0.026163,0.026163,0.),(-0.028779,0.028779,0.0145),(-0.030764,0.020556,0.),(-0.033841,0.022612,0.0145),(-0.034184,0.014159,0.),(-0.037602,0.015575,0.0145),(-0.036289,0.007218,0.),(-0.039918,0.00794,0.0145),(-0.037,0.,0.),(-0.0407,0.,0.0145),(-0.036289,-0.007218,0.),(-0.039918,-0.00794,0.0145),(-0.034184,-0.014159,0.),(-0.037602,-0.015575,0.0145),(-0.030764,-0.020556,0.),(-0.033841,-0.022612,0.0145),(-0.026163,-0.026163,0.),(-0.028779,-0.028779,0.0145),(-0.020556,-0.030764,0.),(-0.022612,-0.033841,0.0145),(-0.014159,-0.034184,0.),(-0.015575,-0.037602,0.0145),(-0.007218,-0.036289,0.),(-0.00794,-0.039918,0.0145),(0.,-0.037,0.),(0.,-0.0407,0.0145),(0.007218,-0.036289,0.),(0.00794,-0.039918,0.0145),(0.014159,-0.034184,0.),(0.015575,-0.037602,0.0145),(0.020556,-0.030764,0.),(0.022612,-0.033841,0.0145),(0.026163,-0.026163,0.),(0.028779,-0.028779,0.0145),(0.030764,-0.020556,0.),(0.033841,-0.022612,0.0145),(0.034184,-0.014159,0.),(0.037602,-0.015575,0.0145),(0.036289,-0.007218,0.),(0.039918,-0.00794,0.0145)));
#8504=IFCPOLYGONALFACESET(#8503,.T.,(#8379,#8380,#8381,#8382,#8383,#8384,#8385,#8386,#8387,#8388,#8389,#8390,#8391,#8392,#8393,#8394,#8395,#8396,#8397,#8398,#8399,#8400,#8401,#8402,#8403,#8404,#8405,#8406,#8407,#8408,#8409,#8410,#8411,#8412,#8413,#8414,#8415,#8416,#8417,#8418,#8419,#8420,#8421,#8422,#8423,#8424,#8425,#8426,#8427,#8428,#8429,#8430,#8431,#8432,#8433,#8434,#8435,#8436,#8437,#8438,#8439,#8440,#8441,#8442,#8443,#8444,#8445,#8446,#8447,#8448,#8449,#8450,#8451,#8452,#8453,#8454,#8455,#8456,#8457,#8458,#8459,#8460,#8461,#8462,#8463,#8464,#8465,#8466,#8467,#8468,#8469,#8470,#8471,#8472,#8473,#8474,#8475,#8476,#8477,#8478,#8479,#8480,#8481,#8482,#8483,#8484,#8485,#8486,#8487,#8488,#8489,#8490,#8491,#8492,#8493,#8494,#8495,#8496,#8497,#8498,#8499,#8500,#8501,#8502),$);
#8505=IFCSTYLEDITEM(#8504,(#5240),$);
#8506=IFCSHAPEREPRESENTATION(#12,'Body','Tessellation',(#8377,#8504));
#8507=IFCPRODUCTDEFINITIONSHAPE($,$,(#8506));
#8508=IFCLIGHTFIXTURE('1FowFHS95gduI98BfgUyT5',#5,'Spotlight','Skanna asset library',$,#8251,#8507,$,.POINTSOURCE.);
#8509=IFCCARTESIANPOINT((2.42,4.94,2.65));
#8510=IFCDIRECTION((0.,0.,1.));
#8511=IFCDIRECTION((1.,0.,0.));
#8512=IFCAXIS2PLACEMENT3D(#8509,#8510,#8511);
#8513=IFCLOCALPLACEMENT(#26,#8512);
#8514=IFCINDEXEDPOLYGONALFACE((1,2,3));
#8515=IFCINDEXEDPOLYGONALFACE((1,3,4));
#8516=IFCINDEXEDPOLYGONALFACE((2,5,6));
#8517=IFCINDEXEDPOLYGONALFACE((2,6,3));
#8518=IFCINDEXEDPOLYGONALFACE((5,7,8));
#8519=IFCINDEXEDPOLYGONALFACE((5,8,6));
#8520=IFCINDEXEDPOLYGONALFACE((7,9,10));
#8521=IFCINDEXEDPOLYGONALFACE((7,10,8));
#8522=IFCINDEXEDPOLYGONALFACE((9,11,12));
#8523=IFCINDEXEDPOLYGONALFACE((9,12,10));
#8524=IFCINDEXEDPOLYGONALFACE((11,13,14));
#8525=IFCINDEXEDPOLYGONALFACE((11,14,12));
#8526=IFCINDEXEDPOLYGONALFACE((13,15,16));
#8527=IFCINDEXEDPOLYGONALFACE((13,16,14));
#8528=IFCINDEXEDPOLYGONALFACE((15,17,18));
#8529=IFCINDEXEDPOLYGONALFACE((15,18,16));
#8530=IFCINDEXEDPOLYGONALFACE((17,19,20));
#8531=IFCINDEXEDPOLYGONALFACE((17,20,18));
#8532=IFCINDEXEDPOLYGONALFACE((19,21,22));
#8533=IFCINDEXEDPOLYGONALFACE((19,22,20));
#8534=IFCINDEXEDPOLYGONALFACE((21,23,24));
#8535=IFCINDEXEDPOLYGONALFACE((21,24,22));
#8536=IFCINDEXEDPOLYGONALFACE((23,25,26));
#8537=IFCINDEXEDPOLYGONALFACE((23,26,24));
#8538=IFCINDEXEDPOLYGONALFACE((25,27,28));
#8539=IFCINDEXEDPOLYGONALFACE((25,28,26));
#8540=IFCINDEXEDPOLYGONALFACE((27,29,30));
#8541=IFCINDEXEDPOLYGONALFACE((27,30,28));
#8542=IFCINDEXEDPOLYGONALFACE((29,31,32));
#8543=IFCINDEXEDPOLYGONALFACE((29,32,30));
#8544=IFCINDEXEDPOLYGONALFACE((31,33,34));
#8545=IFCINDEXEDPOLYGONALFACE((31,34,32));
#8546=IFCINDEXEDPOLYGONALFACE((33,35,36));
#8547=IFCINDEXEDPOLYGONALFACE((33,36,34));
#8548=IFCINDEXEDPOLYGONALFACE((35,37,38));
#8549=IFCINDEXEDPOLYGONALFACE((35,38,36));
#8550=IFCINDEXEDPOLYGONALFACE((37,39,40));
#8551=IFCINDEXEDPOLYGONALFACE((37,40,38));
#8552=IFCINDEXEDPOLYGONALFACE((39,41,42));
#8553=IFCINDEXEDPOLYGONALFACE((39,42,40));
#8554=IFCINDEXEDPOLYGONALFACE((41,43,44));
#8555=IFCINDEXEDPOLYGONALFACE((41,44,42));
#8556=IFCINDEXEDPOLYGONALFACE((43,45,46));
#8557=IFCINDEXEDPOLYGONALFACE((43,46,44));
#8558=IFCINDEXEDPOLYGONALFACE((45,47,48));
#8559=IFCINDEXEDPOLYGONALFACE((45,48,46));
#8560=IFCINDEXEDPOLYGONALFACE((47,49,50));
#8561=IFCINDEXEDPOLYGONALFACE((47,50,48));
#8562=IFCINDEXEDPOLYGONALFACE((49,51,52));
#8563=IFCINDEXEDPOLYGONALFACE((49,52,50));
#8564=IFCINDEXEDPOLYGONALFACE((51,53,54));
#8565=IFCINDEXEDPOLYGONALFACE((51,54,52));
#8566=IFCINDEXEDPOLYGONALFACE((53,55,56));
#8567=IFCINDEXEDPOLYGONALFACE((53,56,54));
#8568=IFCINDEXEDPOLYGONALFACE((55,57,58));
#8569=IFCINDEXEDPOLYGONALFACE((55,58,56));
#8570=IFCINDEXEDPOLYGONALFACE((57,59,60));
#8571=IFCINDEXEDPOLYGONALFACE((57,60,58));
#8572=IFCINDEXEDPOLYGONALFACE((59,61,62));
#8573=IFCINDEXEDPOLYGONALFACE((59,62,60));
#8574=IFCINDEXEDPOLYGONALFACE((61,63,64));
#8575=IFCINDEXEDPOLYGONALFACE((61,64,62));
#8576=IFCINDEXEDPOLYGONALFACE((63,1,4));
#8577=IFCINDEXEDPOLYGONALFACE((63,4,64));
#8578=IFCINDEXEDPOLYGONALFACE((1,5,2));
#8579=IFCINDEXEDPOLYGONALFACE((4,3,6));
#8580=IFCINDEXEDPOLYGONALFACE((1,7,5));
#8581=IFCINDEXEDPOLYGONALFACE((4,6,8));
#8582=IFCINDEXEDPOLYGONALFACE((1,9,7));
#8583=IFCINDEXEDPOLYGONALFACE((4,8,10));
#8584=IFCINDEXEDPOLYGONALFACE((1,11,9));
#8585=IFCINDEXEDPOLYGONALFACE((4,10,12));
#8586=IFCINDEXEDPOLYGONALFACE((1,13,11));
#8587=IFCINDEXEDPOLYGONALFACE((4,12,14));
#8588=IFCINDEXEDPOLYGONALFACE((1,15,13));
#8589=IFCINDEXEDPOLYGONALFACE((4,14,16));
#8590=IFCINDEXEDPOLYGONALFACE((1,17,15));
#8591=IFCINDEXEDPOLYGONALFACE((4,16,18));
#8592=IFCINDEXEDPOLYGONALFACE((1,19,17));
#8593=IFCINDEXEDPOLYGONALFACE((4,18,20));
#8594=IFCINDEXEDPOLYGONALFACE((1,21,19));
#8595=IFCINDEXEDPOLYGONALFACE((4,20,22));
#8596=IFCINDEXEDPOLYGONALFACE((1,23,21));
#8597=IFCINDEXEDPOLYGONALFACE((4,22,24));
#8598=IFCINDEXEDPOLYGONALFACE((1,25,23));
#8599=IFCINDEXEDPOLYGONALFACE((4,24,26));
#8600=IFCINDEXEDPOLYGONALFACE((1,27,25));
#8601=IFCINDEXEDPOLYGONALFACE((4,26,28));
#8602=IFCINDEXEDPOLYGONALFACE((1,29,27));
#8603=IFCINDEXEDPOLYGONALFACE((4,28,30));
#8604=IFCINDEXEDPOLYGONALFACE((1,31,29));
#8605=IFCINDEXEDPOLYGONALFACE((4,30,32));
#8606=IFCINDEXEDPOLYGONALFACE((1,33,31));
#8607=IFCINDEXEDPOLYGONALFACE((4,32,34));
#8608=IFCINDEXEDPOLYGONALFACE((1,35,33));
#8609=IFCINDEXEDPOLYGONALFACE((4,34,36));
#8610=IFCINDEXEDPOLYGONALFACE((1,37,35));
#8611=IFCINDEXEDPOLYGONALFACE((4,36,38));
#8612=IFCINDEXEDPOLYGONALFACE((1,39,37));
#8613=IFCINDEXEDPOLYGONALFACE((4,38,40));
#8614=IFCINDEXEDPOLYGONALFACE((1,41,39));
#8615=IFCINDEXEDPOLYGONALFACE((4,40,42));
#8616=IFCINDEXEDPOLYGONALFACE((1,43,41));
#8617=IFCINDEXEDPOLYGONALFACE((4,42,44));
#8618=IFCINDEXEDPOLYGONALFACE((1,45,43));
#8619=IFCINDEXEDPOLYGONALFACE((4,44,46));
#8620=IFCINDEXEDPOLYGONALFACE((1,47,45));
#8621=IFCINDEXEDPOLYGONALFACE((4,46,48));
#8622=IFCINDEXEDPOLYGONALFACE((1,49,47));
#8623=IFCINDEXEDPOLYGONALFACE((4,48,50));
#8624=IFCINDEXEDPOLYGONALFACE((1,51,49));
#8625=IFCINDEXEDPOLYGONALFACE((4,50,52));
#8626=IFCINDEXEDPOLYGONALFACE((1,53,51));
#8627=IFCINDEXEDPOLYGONALFACE((4,52,54));
#8628=IFCINDEXEDPOLYGONALFACE((1,55,53));
#8629=IFCINDEXEDPOLYGONALFACE((4,54,56));
#8630=IFCINDEXEDPOLYGONALFACE((1,57,55));
#8631=IFCINDEXEDPOLYGONALFACE((4,56,58));
#8632=IFCINDEXEDPOLYGONALFACE((1,59,57));
#8633=IFCINDEXEDPOLYGONALFACE((4,58,60));
#8634=IFCINDEXEDPOLYGONALFACE((1,61,59));
#8635=IFCINDEXEDPOLYGONALFACE((4,60,62));
#8636=IFCINDEXEDPOLYGONALFACE((1,63,61));
#8637=IFCINDEXEDPOLYGONALFACE((4,62,64));
#8638=IFCCARTESIANPOINTLIST3D(((0.05,0.,0.014),(0.049039,0.009755,0.014),(0.040212,0.007999,0.05),(0.041,0.,0.05),(0.046194,0.019134,0.014),(0.037879,0.01569,0.05),(0.041573,0.027779,0.014),(0.03409,0.022778,0.05),(0.035355,0.035355,0.014),(0.028991,0.028991,0.05),(0.027779,0.041573,0.014),(0.022778,0.03409,0.05),(0.019134,0.046194,0.014),(0.01569,0.037879,0.05),(0.009755,0.049039,0.014),(0.007999,0.040212,0.05),(0.,0.05,0.014),(0.,0.041,0.05),(-0.009755,0.049039,0.014),(-0.007999,0.040212,0.05),(-0.019134,0.046194,0.014),(-0.01569,0.037879,0.05),(-0.027779,0.041573,0.014),(-0.022778,0.03409,0.05),(-0.035355,0.035355,0.014),(-0.028991,0.028991,0.05),(-0.041573,0.027779,0.014),(-0.03409,0.022778,0.05),(-0.046194,0.019134,0.014),(-0.037879,0.01569,0.05),(-0.049039,0.009755,0.014),(-0.040212,0.007999,0.05),(-0.05,0.,0.014),(-0.041,0.,0.05),(-0.049039,-0.009755,0.014),(-0.040212,-0.007999,0.05),(-0.046194,-0.019134,0.014),(-0.037879,-0.01569,0.05),(-0.041573,-0.027779,0.014),(-0.03409,-0.022778,0.05),(-0.035355,-0.035355,0.014),(-0.028991,-0.028991,0.05),(-0.027779,-0.041573,0.014),(-0.022778,-0.03409,0.05),(-0.019134,-0.046194,0.014),(-0.01569,-0.037879,0.05),(-0.009755,-0.049039,0.014),(-0.007999,-0.040212,0.05),(0.,-0.05,0.014),(0.,-0.041,0.05),(0.009755,-0.049039,0.014),(0.007999,-0.040212,0.05),(0.019134,-0.046194,0.014),(0.01569,-0.037879,0.05),(0.027779,-0.041573,0.014),(0.022778,-0.03409,0.05),(0.035355,-0.035355,0.014),(0.028991,-0.028991,0.05),(0.041573,-0.027779,0.014),(0.03409,-0.022778,0.05),(0.046194,-0.019134,0.014),(0.037879,-0.01569,0.05),(0.049039,-0.009755,0.014),(0.040212,-0.007999,0.05)));
#8639=IFCPOLYGONALFACESET(#8638,.T.,(#8514,#8515,#8516,#8517,#8518,#8519,#8520,#8521,#8522,#8523,#8524,#8525,#8526,#8527,#8528,#8529,#8530,#8531,#8532,#8533,#8534,#8535,#8536,#8537,#8538,#8539,#8540,#8541,#8542,#8543,#8544,#8545,#8546,#8547,#8548,#8549,#8550,#8551,#8552,#8553,#8554,#8555,#8556,#8557,#8558,#8559,#8560,#8561,#8562,#8563,#8564,#8565,#8566,#8567,#8568,#8569,#8570,#8571,#8572,#8573,#8574,#8575,#8576,#8577,#8578,#8579,#8580,#8581,#8582,#8583,#8584,#8585,#8586,#8587,#8588,#8589,#8590,#8591,#8592,#8593,#8594,#8595,#8596,#8597,#8598,#8599,#8600,#8601,#8602,#8603,#8604,#8605,#8606,#8607,#8608,#8609,#8610,#8611,#8612,#8613,#8614,#8615,#8616,#8617,#8618,#8619,#8620,#8621,#8622,#8623,#8624,#8625,#8626,#8627,#8628,#8629,#8630,#8631,#8632,#8633,#8634,#8635,#8636,#8637),$);
#8640=IFCSTYLEDITEM(#8639,(#3816),$);
#8641=IFCINDEXEDPOLYGONALFACE((1,2,3));
#8642=IFCINDEXEDPOLYGONALFACE((1,3,4));
#8643=IFCINDEXEDPOLYGONALFACE((2,5,6));
#8644=IFCINDEXEDPOLYGONALFACE((2,6,3));
#8645=IFCINDEXEDPOLYGONALFACE((5,7,8));
#8646=IFCINDEXEDPOLYGONALFACE((5,8,6));
#8647=IFCINDEXEDPOLYGONALFACE((7,9,10));
#8648=IFCINDEXEDPOLYGONALFACE((7,10,8));
#8649=IFCINDEXEDPOLYGONALFACE((9,11,12));
#8650=IFCINDEXEDPOLYGONALFACE((9,12,10));
#8651=IFCINDEXEDPOLYGONALFACE((11,13,14));
#8652=IFCINDEXEDPOLYGONALFACE((11,14,12));
#8653=IFCINDEXEDPOLYGONALFACE((13,15,16));
#8654=IFCINDEXEDPOLYGONALFACE((13,16,14));
#8655=IFCINDEXEDPOLYGONALFACE((15,17,18));
#8656=IFCINDEXEDPOLYGONALFACE((15,18,16));
#8657=IFCINDEXEDPOLYGONALFACE((17,19,20));
#8658=IFCINDEXEDPOLYGONALFACE((17,20,18));
#8659=IFCINDEXEDPOLYGONALFACE((19,21,22));
#8660=IFCINDEXEDPOLYGONALFACE((19,22,20));
#8661=IFCINDEXEDPOLYGONALFACE((21,23,24));
#8662=IFCINDEXEDPOLYGONALFACE((21,24,22));
#8663=IFCINDEXEDPOLYGONALFACE((23,25,26));
#8664=IFCINDEXEDPOLYGONALFACE((23,26,24));
#8665=IFCINDEXEDPOLYGONALFACE((25,27,28));
#8666=IFCINDEXEDPOLYGONALFACE((25,28,26));
#8667=IFCINDEXEDPOLYGONALFACE((27,29,30));
#8668=IFCINDEXEDPOLYGONALFACE((27,30,28));
#8669=IFCINDEXEDPOLYGONALFACE((29,31,32));
#8670=IFCINDEXEDPOLYGONALFACE((29,32,30));
#8671=IFCINDEXEDPOLYGONALFACE((31,33,34));
#8672=IFCINDEXEDPOLYGONALFACE((31,34,32));
#8673=IFCINDEXEDPOLYGONALFACE((33,35,36));
#8674=IFCINDEXEDPOLYGONALFACE((33,36,34));
#8675=IFCINDEXEDPOLYGONALFACE((35,37,38));
#8676=IFCINDEXEDPOLYGONALFACE((35,38,36));
#8677=IFCINDEXEDPOLYGONALFACE((37,39,40));
#8678=IFCINDEXEDPOLYGONALFACE((37,40,38));
#8679=IFCINDEXEDPOLYGONALFACE((39,41,42));
#8680=IFCINDEXEDPOLYGONALFACE((39,42,40));
#8681=IFCINDEXEDPOLYGONALFACE((41,43,44));
#8682=IFCINDEXEDPOLYGONALFACE((41,44,42));
#8683=IFCINDEXEDPOLYGONALFACE((43,45,46));
#8684=IFCINDEXEDPOLYGONALFACE((43,46,44));
#8685=IFCINDEXEDPOLYGONALFACE((45,47,48));
#8686=IFCINDEXEDPOLYGONALFACE((45,48,46));
#8687=IFCINDEXEDPOLYGONALFACE((47,49,50));
#8688=IFCINDEXEDPOLYGONALFACE((47,50,48));
#8689=IFCINDEXEDPOLYGONALFACE((49,51,52));
#8690=IFCINDEXEDPOLYGONALFACE((49,52,50));
#8691=IFCINDEXEDPOLYGONALFACE((51,53,54));
#8692=IFCINDEXEDPOLYGONALFACE((51,54,52));
#8693=IFCINDEXEDPOLYGONALFACE((53,55,56));
#8694=IFCINDEXEDPOLYGONALFACE((53,56,54));
#8695=IFCINDEXEDPOLYGONALFACE((55,57,58));
#8696=IFCINDEXEDPOLYGONALFACE((55,58,56));
#8697=IFCINDEXEDPOLYGONALFACE((57,59,60));
#8698=IFCINDEXEDPOLYGONALFACE((57,60,58));
#8699=IFCINDEXEDPOLYGONALFACE((59,61,62));
#8700=IFCINDEXEDPOLYGONALFACE((59,62,60));
#8701=IFCINDEXEDPOLYGONALFACE((61,63,64));
#8702=IFCINDEXEDPOLYGONALFACE((61,64,62));
#8703=IFCINDEXEDPOLYGONALFACE((63,1,4));
#8704=IFCINDEXEDPOLYGONALFACE((63,4,64));
#8705=IFCINDEXEDPOLYGONALFACE((1,5,2));
#8706=IFCINDEXEDPOLYGONALFACE((4,3,6));
#8707=IFCINDEXEDPOLYGONALFACE((1,7,5));
#8708=IFCINDEXEDPOLYGONALFACE((4,6,8));
#8709=IFCINDEXEDPOLYGONALFACE((1,9,7));
#8710=IFCINDEXEDPOLYGONALFACE((4,8,10));
#8711=IFCINDEXEDPOLYGONALFACE((1,11,9));
#8712=IFCINDEXEDPOLYGONALFACE((4,10,12));
#8713=IFCINDEXEDPOLYGONALFACE((1,13,11));
#8714=IFCINDEXEDPOLYGONALFACE((4,12,14));
#8715=IFCINDEXEDPOLYGONALFACE((1,15,13));
#8716=IFCINDEXEDPOLYGONALFACE((4,14,16));
#8717=IFCINDEXEDPOLYGONALFACE((1,17,15));
#8718=IFCINDEXEDPOLYGONALFACE((4,16,18));
#8719=IFCINDEXEDPOLYGONALFACE((1,19,17));
#8720=IFCINDEXEDPOLYGONALFACE((4,18,20));
#8721=IFCINDEXEDPOLYGONALFACE((1,21,19));
#8722=IFCINDEXEDPOLYGONALFACE((4,20,22));
#8723=IFCINDEXEDPOLYGONALFACE((1,23,21));
#8724=IFCINDEXEDPOLYGONALFACE((4,22,24));
#8725=IFCINDEXEDPOLYGONALFACE((1,25,23));
#8726=IFCINDEXEDPOLYGONALFACE((4,24,26));
#8727=IFCINDEXEDPOLYGONALFACE((1,27,25));
#8728=IFCINDEXEDPOLYGONALFACE((4,26,28));
#8729=IFCINDEXEDPOLYGONALFACE((1,29,27));
#8730=IFCINDEXEDPOLYGONALFACE((4,28,30));
#8731=IFCINDEXEDPOLYGONALFACE((1,31,29));
#8732=IFCINDEXEDPOLYGONALFACE((4,30,32));
#8733=IFCINDEXEDPOLYGONALFACE((1,33,31));
#8734=IFCINDEXEDPOLYGONALFACE((4,32,34));
#8735=IFCINDEXEDPOLYGONALFACE((1,35,33));
#8736=IFCINDEXEDPOLYGONALFACE((4,34,36));
#8737=IFCINDEXEDPOLYGONALFACE((1,37,35));
#8738=IFCINDEXEDPOLYGONALFACE((4,36,38));
#8739=IFCINDEXEDPOLYGONALFACE((1,39,37));
#8740=IFCINDEXEDPOLYGONALFACE((4,38,40));
#8741=IFCINDEXEDPOLYGONALFACE((1,41,39));
#8742=IFCINDEXEDPOLYGONALFACE((4,40,42));
#8743=IFCINDEXEDPOLYGONALFACE((1,43,41));
#8744=IFCINDEXEDPOLYGONALFACE((4,42,44));
#8745=IFCINDEXEDPOLYGONALFACE((1,45,43));
#8746=IFCINDEXEDPOLYGONALFACE((4,44,46));
#8747=IFCINDEXEDPOLYGONALFACE((1,47,45));
#8748=IFCINDEXEDPOLYGONALFACE((4,46,48));
#8749=IFCINDEXEDPOLYGONALFACE((1,49,47));
#8750=IFCINDEXEDPOLYGONALFACE((4,48,50));
#8751=IFCINDEXEDPOLYGONALFACE((1,51,49));
#8752=IFCINDEXEDPOLYGONALFACE((4,50,52));
#8753=IFCINDEXEDPOLYGONALFACE((1,53,51));
#8754=IFCINDEXEDPOLYGONALFACE((4,52,54));
#8755=IFCINDEXEDPOLYGONALFACE((1,55,53));
#8756=IFCINDEXEDPOLYGONALFACE((4,54,56));
#8757=IFCINDEXEDPOLYGONALFACE((1,57,55));
#8758=IFCINDEXEDPOLYGONALFACE((4,56,58));
#8759=IFCINDEXEDPOLYGONALFACE((1,59,57));
#8760=IFCINDEXEDPOLYGONALFACE((4,58,60));
#8761=IFCINDEXEDPOLYGONALFACE((1,61,59));
#8762=IFCINDEXEDPOLYGONALFACE((4,60,62));
#8763=IFCINDEXEDPOLYGONALFACE((1,63,61));
#8764=IFCINDEXEDPOLYGONALFACE((4,62,64));
#8765=IFCCARTESIANPOINTLIST3D(((0.037,0.,0.),(0.036289,0.007218,0.),(0.039918,0.00794,0.0145),(0.0407,0.,0.0145),(0.034184,0.014159,0.),(0.037602,0.015575,0.0145),(0.030764,0.020556,0.),(0.033841,0.022612,0.0145),(0.026163,0.026163,0.),(0.028779,0.028779,0.0145),(0.020556,0.030764,0.),(0.022612,0.033841,0.0145),(0.014159,0.034184,0.),(0.015575,0.037602,0.0145),(0.007218,0.036289,0.),(0.00794,0.039918,0.0145),(0.,0.037,0.),(0.,0.0407,0.0145),(-0.007218,0.036289,0.),(-0.00794,0.039918,0.0145),(-0.014159,0.034184,0.),(-0.015575,0.037602,0.0145),(-0.020556,0.030764,0.),(-0.022612,0.033841,0.0145),(-0.026163,0.026163,0.),(-0.028779,0.028779,0.0145),(-0.030764,0.020556,0.),(-0.033841,0.022612,0.0145),(-0.034184,0.014159,0.),(-0.037602,0.015575,0.0145),(-0.036289,0.007218,0.),(-0.039918,0.00794,0.0145),(-0.037,0.,0.),(-0.0407,0.,0.0145),(-0.036289,-0.007218,0.),(-0.039918,-0.00794,0.0145),(-0.034184,-0.014159,0.),(-0.037602,-0.015575,0.0145),(-0.030764,-0.020556,0.),(-0.033841,-0.022612,0.0145),(-0.026163,-0.026163,0.),(-0.028779,-0.028779,0.0145),(-0.020556,-0.030764,0.),(-0.022612,-0.033841,0.0145),(-0.014159,-0.034184,0.),(-0.015575,-0.037602,0.0145),(-0.007218,-0.036289,0.),(-0.00794,-0.039918,0.0145),(0.,-0.037,0.),(0.,-0.0407,0.0145),(0.007218,-0.036289,0.),(0.00794,-0.039918,0.0145),(0.014159,-0.034184,0.),(0.015575,-0.037602,0.0145),(0.020556,-0.030764,0.),(0.022612,-0.033841,0.0145),(0.026163,-0.026163,0.),(0.028779,-0.028779,0.0145),(0.030764,-0.020556,0.),(0.033841,-0.022612,0.0145),(0.034184,-0.014159,0.),(0.037602,-0.015575,0.0145),(0.036289,-0.007218,0.),(0.039918,-0.00794,0.0145)));
#8766=IFCPOLYGONALFACESET(#8765,.T.,(#8641,#8642,#8643,#8644,#8645,#8646,#8647,#8648,#8649,#8650,#8651,#8652,#8653,#8654,#8655,#8656,#8657,#8658,#8659,#8660,#8661,#8662,#8663,#8664,#8665,#8666,#8667,#8668,#8669,#8670,#8671,#8672,#8673,#8674,#8675,#8676,#8677,#8678,#8679,#8680,#8681,#8682,#8683,#8684,#8685,#8686,#8687,#8688,#8689,#8690,#8691,#8692,#8693,#8694,#8695,#8696,#8697,#8698,#8699,#8700,#8701,#8702,#8703,#8704,#8705,#8706,#8707,#8708,#8709,#8710,#8711,#8712,#8713,#8714,#8715,#8716,#8717,#8718,#8719,#8720,#8721,#8722,#8723,#8724,#8725,#8726,#8727,#8728,#8729,#8730,#8731,#8732,#8733,#8734,#8735,#8736,#8737,#8738,#8739,#8740,#8741,#8742,#8743,#8744,#8745,#8746,#8747,#8748,#8749,#8750,#8751,#8752,#8753,#8754,#8755,#8756,#8757,#8758,#8759,#8760,#8761,#8762,#8763,#8764),$);
#8767=IFCSTYLEDITEM(#8766,(#5240),$);
#8768=IFCSHAPEREPRESENTATION(#12,'Body','Tessellation',(#8639,#8766));
#8769=IFCPRODUCTDEFINITIONSHAPE($,$,(#8768));
#8770=IFCLIGHTFIXTURE('1NcR_f2vUdgVYnfhtTqQ1o',#5,'Spotlight','Skanna asset library',$,#8513,#8769,$,.POINTSOURCE.);
#8771=IFCCARTESIANPOINT((0.45,7.35,0.));
#8772=IFCDIRECTION((0.,0.,1.));
#8773=IFCDIRECTION((0.,1.,0.));
#8774=IFCAXIS2PLACEMENT3D(#8771,#8772,#8773);
#8775=IFCLOCALPLACEMENT(#26,#8774);
#8776=IFCCARTESIANPOINT((0.,0.008));
#8777=IFCAXIS2PLACEMENT2D(#8776,$);
#8778=IFCRECTANGLEPROFILEDEF(.AREA.,$,#8777,0.45,0.384);
#8779=IFCCARTESIANPOINT((0.,0.,0.088));
#8780=IFCAXIS2PLACEMENT3D(#8779,$,$);
#8781=IFCDIRECTION((0.,0.,1.));
#8782=IFCEXTRUDEDAREASOLID(#8778,#8780,#8781,0.462);
#8783=IFCSTYLEDITEM(#8782,(#3816),$);
#8784=IFCCARTESIANPOINT((0.,-0.192));
#8785=IFCAXIS2PLACEMENT2D(#8784,$);
#8786=IFCRECTANGLEPROFILEDEF(.AREA.,$,#8785,0.405,0.016);
#8787=IFCCARTESIANPOINT((0.,0.,0.121));
#8788=IFCAXIS2PLACEMENT3D(#8787,$,$);
#8789=IFCDIRECTION((0.,0.,1.));
#8790=IFCEXTRUDEDAREASOLID(#8786,#8788,#8789,0.187);
#8791=IFCSTYLEDITEM(#8790,(#4318),$);
#8792=IFCCARTESIANPOINT((0.,-0.192));
#8793=IFCAXIS2PLACEMENT2D(#8792,$);
#8794=IFCRECTANGLEPROFILEDEF(.AREA.,$,#8793,0.405,0.016);
#8795=IFCCARTESIANPOINT((0.,0.,0.33));
#8796=IFCAXIS2PLACEMENT3D(#8795,$,$);
#8797=IFCDIRECTION((0.,0.,1.));
#8798=IFCEXTRUDEDAREASOLID(#8794,#8796,#8797,0.187);
#8799=IFCSTYLEDITEM(#8798,(#4318),$);
#8800=IFCCARTESIANPOINT((-0.189,-0.168));
#8801=IFCAXIS2PLACEMENT2D(#8800,$);
#8802=IFCRECTANGLEPROFILEDEF(.AREA.,$,#8801,0.036,0.032);
#8803=IFCCARTESIANPOINT((0.,0.,0.));
#8804=IFCAXIS2PLACEMENT3D(#8803,$,$);
#8805=IFCDIRECTION((0.,0.,1.));
#8806=IFCEXTRUDEDAREASOLID(#8802,#8804,#8805,0.0935);
#8807=IFCSTYLEDITEM(#8806,(#3750),$);
#8808=IFCCARTESIANPOINT((0.189,-0.168));
#8809=IFCAXIS2PLACEMENT2D(#8808,$);
#8810=IFCRECTANGLEPROFILEDEF(.AREA.,$,#8809,0.036,0.032);
#8811=IFCCARTESIANPOINT((0.,0.,0.));
#8812=IFCAXIS2PLACEMENT3D(#8811,$,$);
#8813=IFCDIRECTION((0.,0.,1.));
#8814=IFCEXTRUDEDAREASOLID(#8810,#8812,#8813,0.0935);
#8815=IFCSTYLEDITEM(#8814,(#3750),$);
#8816=IFCCARTESIANPOINT((-0.189,0.168));
#8817=IFCAXIS2PLACEMENT2D(#8816,$);
#8818=IFCRECTANGLEPROFILEDEF(.AREA.,$,#8817,0.036,0.032);
#8819=IFCCARTESIANPOINT((0.,0.,0.));
#8820=IFCAXIS2PLACEMENT3D(#8819,$,$);
#8821=IFCDIRECTION((0.,0.,1.));
#8822=IFCEXTRUDEDAREASOLID(#8818,#8820,#8821,0.0935);
#8823=IFCSTYLEDITEM(#8822,(#3750),$);
#8824=IFCCARTESIANPOINT((0.189,0.168));
#8825=IFCAXIS2PLACEMENT2D(#8824,$);
#8826=IFCRECTANGLEPROFILEDEF(.AREA.,$,#8825,0.036,0.032);
#8827=IFCCARTESIANPOINT((0.,0.,0.));
#8828=IFCAXIS2PLACEMENT3D(#8827,$,$);
#8829=IFCDIRECTION((0.,0.,1.));
#8830=IFCEXTRUDEDAREASOLID(#8826,#8828,#8829,0.0935);
#8831=IFCSTYLEDITEM(#8830,(#3750),$);
#8832=IFCSHAPEREPRESENTATION(#12,'Body','SweptSolid',(#8782,#8790,#8798,#8806,#8814,#8822,#8830));
#8833=IFCPRODUCTDEFINITIONSHAPE($,$,(#8832));
#8834=IFCFURNITURE('3dkRdmBUiysh9ibM5BtxgM',#5,'Nightstand','Skanna asset library',$,#8775,#8833,$,.NOTDEFINED.);
#8835=IFCCARTESIANPOINT((0.23,3.35,1.8));
#8836=IFCDIRECTION((0.,0.,1.));
#8837=IFCDIRECTION((0.,1.,0.));
#8838=IFCAXIS2PLACEMENT3D(#8835,#8836,#8837);
#8839=IFCLOCALPLACEMENT(#26,#8838);
#8840=IFCCARTESIANPOINT((0.,0.0588));
#8841=IFCAXIS2PLACEMENT2D(#8840,$);
#8842=IFCRECTANGLEPROFILEDEF(.AREA.,$,#8841,0.112,0.0224);
#8843=IFCCARTESIANPOINT((0.,0.,0.12));
#8844=IFCAXIS2PLACEMENT3D(#8843,$,$);
#8845=IFCDIRECTION((0.,0.,1.));
#8846=IFCEXTRUDEDAREASOLID(#8842,#8844,#8845,0.24);
#8847=IFCSTYLEDITEM(#8846,(#3183),$);
#8848=IFCCARTESIANPOINT((0.,0.));
#8849=IFCAXIS2PLACEMENT2D(#8848,$);
#8850=IFCELLIPSEPROFILEDEF(.AREA.,$,#8849,0.08,0.07);
#8851=IFCCARTESIANPOINT((0.,0.,0.0768));
#8852=IFCAXIS2PLACEMENT3D(#8851,$,$);
#8853=IFCDIRECTION((0.,0.,1.));
#8854=IFCEXTRUDEDAREASOLID(#8850,#8852,#8853,0.1392);
#8855=IFCSTYLEDITEM(#8854,(#3183),$);
#8856=IFCCARTESIANPOINT((0.,0.));
#8857=IFCAXIS2PLACEMENT2D(#8856,$);
#8858=IFCELLIPSEPROFILEDEF(.AREA.,$,#8857,0.0656,0.0574);
#8859=IFCCARTESIANPOINT((0.,0.,0.216));
#8860=IFCAXIS2PLACEMENT3D(#8859,$,$);
#8861=IFCDIRECTION((0.,0.,1.));
#8862=IFCEXTRUDEDAREASOLID(#8858,#8860,#8861,0.024);
#8863=IFCSTYLEDITEM(#8862,(#5240),$);
#8864=IFCSHAPEREPRESENTATION(#12,'Body','SweptSolid',(#8846,#8854,#8862));
#8865=IFCPRODUCTDEFINITIONSHAPE($,$,(#8864));
#8866=IFCLIGHTFIXTURE('3eCKWfZFrYB9teo$zG3K73',#5,'Wall sconce','Skanna asset library',$,#8839,#8865,$,.DIRECTIONSOURCE.);
#8867=IFCCARTESIANPOINT((10.28,7.61,0.63));
#8868=IFCDIRECTION((0.,0.,1.));
#8869=IFCDIRECTION((0.,-1.,0.));
#8870=IFCAXIS2PLACEMENT3D(#8867,#8868,#8869);
#8871=IFCLOCALPLACEMENT(#26,#8870);
#8872=IFCINDEXEDPOLYGONALFACE((1,2,3));
#8873=IFCINDEXEDPOLYGONALFACE((1,3,4));
#8874=IFCINDEXEDPOLYGONALFACE((2,5,6));
#8875=IFCINDEXEDPOLYGONALFACE((2,6,3));
#8876=IFCINDEXEDPOLYGONALFACE((5,7,8));
#8877=IFCINDEXEDPOLYGONALFACE((5,8,6));
#8878=IFCINDEXEDPOLYGONALFACE((7,9,10));
#8879=IFCINDEXEDPOLYGONALFACE((7,10,8));
#8880=IFCINDEXEDPOLYGONALFACE((9,11,12));
#8881=IFCINDEXEDPOLYGONALFACE((9,12,10));
#8882=IFCINDEXEDPOLYGONALFACE((11,13,14));
#8883=IFCINDEXEDPOLYGONALFACE((11,14,12));
#8884=IFCINDEXEDPOLYGONALFACE((13,15,16));
#8885=IFCINDEXEDPOLYGONALFACE((13,16,14));
#8886=IFCINDEXEDPOLYGONALFACE((15,17,18));
#8887=IFCINDEXEDPOLYGONALFACE((15,18,16));
#8888=IFCINDEXEDPOLYGONALFACE((17,19,20));
#8889=IFCINDEXEDPOLYGONALFACE((17,20,18));
#8890=IFCINDEXEDPOLYGONALFACE((19,21,22));
#8891=IFCINDEXEDPOLYGONALFACE((19,22,20));
#8892=IFCINDEXEDPOLYGONALFACE((21,23,24));
#8893=IFCINDEXEDPOLYGONALFACE((21,24,22));
#8894=IFCINDEXEDPOLYGONALFACE((23,25,26));
#8895=IFCINDEXEDPOLYGONALFACE((23,26,24));
#8896=IFCINDEXEDPOLYGONALFACE((25,27,28));
#8897=IFCINDEXEDPOLYGONALFACE((25,28,26));
#8898=IFCINDEXEDPOLYGONALFACE((27,29,30));
#8899=IFCINDEXEDPOLYGONALFACE((27,30,28));
#8900=IFCINDEXEDPOLYGONALFACE((29,31,32));
#8901=IFCINDEXEDPOLYGONALFACE((29,32,30));
#8902=IFCINDEXEDPOLYGONALFACE((31,1,4));
#8903=IFCINDEXEDPOLYGONALFACE((31,4,32));
#8904=IFCINDEXEDPOLYGONALFACE((1,5,2));
#8905=IFCINDEXEDPOLYGONALFACE((4,3,6));
#8906=IFCINDEXEDPOLYGONALFACE((1,7,5));
#8907=IFCINDEXEDPOLYGONALFACE((4,6,8));
#8908=IFCINDEXEDPOLYGONALFACE((1,9,7));
#8909=IFCINDEXEDPOLYGONALFACE((4,8,10));
#8910=IFCINDEXEDPOLYGONALFACE((1,11,9));
#8911=IFCINDEXEDPOLYGONALFACE((4,10,12));
#8912=IFCINDEXEDPOLYGONALFACE((1,13,11));
#8913=IFCINDEXEDPOLYGONALFACE((4,12,14));
#8914=IFCINDEXEDPOLYGONALFACE((1,15,13));
#8915=IFCINDEXEDPOLYGONALFACE((4,14,16));
#8916=IFCINDEXEDPOLYGONALFACE((1,17,15));
#8917=IFCINDEXEDPOLYGONALFACE((4,16,18));
#8918=IFCINDEXEDPOLYGONALFACE((1,19,17));
#8919=IFCINDEXEDPOLYGONALFACE((4,18,20));
#8920=IFCINDEXEDPOLYGONALFACE((1,21,19));
#8921=IFCINDEXEDPOLYGONALFACE((4,20,22));
#8922=IFCINDEXEDPOLYGONALFACE((1,23,21));
#8923=IFCINDEXEDPOLYGONALFACE((4,22,24));
#8924=IFCINDEXEDPOLYGONALFACE((1,25,23));
#8925=IFCINDEXEDPOLYGONALFACE((4,24,26));
#8926=IFCINDEXEDPOLYGONALFACE((1,27,25));
#8927=IFCINDEXEDPOLYGONALFACE((4,26,28));
#8928=IFCINDEXEDPOLYGONALFACE((1,29,27));
#8929=IFCINDEXEDPOLYGONALFACE((4,28,30));
#8930=IFCINDEXEDPOLYGONALFACE((1,31,29));
#8931=IFCINDEXEDPOLYGONALFACE((4,30,32));
#8932=IFCCARTESIANPOINTLIST3D(((0.874,-0.005,0.),(0.877,-0.004196,0.),(0.877,-0.004196,0.96),(0.874,-0.005,0.96),(0.879196,-0.002,0.),(0.879196,-0.002,0.96),(0.88,0.001,0.),(0.88,0.001,0.96),(0.88,0.019,0.),(0.88,0.019,0.96),(0.879196,0.022,0.),(0.879196,0.022,0.96),(0.877,0.024196,0.),(0.877,0.024196,0.96),(0.874,0.025,0.),(0.874,0.025,0.96),(-0.874,0.025,0.),(-0.874,0.025,0.96),(-0.877,0.024196,0.),(-0.877,0.024196,0.96),(-0.879196,0.022,0.),(-0.879196,0.022,0.96),(-0.88,0.019,0.),(-0.88,0.019,0.96),(-0.88,0.001,0.),(-0.88,0.001,0.96),(-0.879196,-0.002,0.),(-0.879196,-0.002,0.96),(-0.877,-0.004196,0.),(-0.877,-0.004196,0.96),(-0.874,-0.005,0.),(-0.874,-0.005,0.96)));
#8933=IFCPOLYGONALFACESET(#8932,.T.,(#8872,#8873,#8874,#8875,#8876,#8877,#8878,#8879,#8880,#8881,#8882,#8883,#8884,#8885,#8886,#8887,#8888,#8889,#8890,#8891,#8892,#8893,#8894,#8895,#8896,#8897,#8898,#8899,#8900,#8901,#8902,#8903,#8904,#8905,#8906,#8907,#8908,#8909,#8910,#8911,#8912,#8913,#8914,#8915,#8916,#8917,#8918,#8919,#8920,#8921,#8922,#8923,#8924,#8925,#8926,#8927,#8928,#8929,#8930,#8931),$);
#8934=IFCSTYLEDITEM(#8933,(#6185),$);
#8935=IFCCARTESIANPOINT((0.,-0.017));
#8936=IFCAXIS2PLACEMENT2D(#8935,$);
#8937=IFCRECTANGLEPROFILEDEF(.AREA.,$,#8936,1.73184,0.014);
#8938=IFCCARTESIANPOINT((0.,0.,0.0576));
#8939=IFCAXIS2PLACEMENT3D(#8938,$,$);
#8940=IFCDIRECTION((0.,0.,1.));
#8941=IFCEXTRUDEDAREASOLID(#8937,#8939,#8940,0.888);
#8942=IFCCOLOURRGB($,0.129412,0.141176,0.160784);
#8943=IFCSURFACESTYLESHADING(#8942,0.);
#8944=IFCSURFACESTYLE('#212429',.BOTH.,(#8943));
#8945=IFCSTYLEDITEM(#8941,(#8944),$);
#8946=IFCSHAPEREPRESENTATION(#12,'Body','SolidModel',(#8933,#8941));
#8947=IFCPRODUCTDEFINITIONSHAPE($,$,(#8946));
#8948=IFCAUDIOVISUALAPPLIANCE('3Pqj8_2ng5AgRqXwfccTDi',#5,'TV / flat panel','Skanna asset library',$,#8871,#8947,$,.DISPLAY.);
#8949=IFCCARTESIANPOINT((0.18,9.68,0.2));
#8950=IFCDIRECTION((0.,0.,1.));
#8951=IFCDIRECTION((0.,-1.,0.));
#8952=IFCAXIS2PLACEMENT3D(#8949,#8950,#8951);
#8953=IFCLOCALPLACEMENT(#26,#8952);
#8954=IFCCARTESIANPOINT((0.,0.01));
#8955=IFCAXIS2PLACEMENT2D(#8954,$);
#8956=IFCRECTANGLEPROFILEDEF(.AREA.,$,#8955,0.8,0.02);
#8957=IFCCARTESIANPOINT((0.,0.,0.));
#8958=IFCAXIS2PLACEMENT3D(#8957,$,$);
#8959=IFCDIRECTION((0.,0.,1.));
#8960=IFCEXTRUDEDAREASOLID(#8956,#8958,#8959,2.);
#8961=IFCSTYLEDITEM(#8960,(#4318),$);
#8962=IFCCARTESIANPOINT((0.,-0.012));
#8963=IFCAXIS2PLACEMENT2D(#8962,$);
#8964=IFCRECTANGLEPROFILEDEF(.AREA.,$,#8963,0.752,0.016);
#8965=IFCCARTESIANPOINT((0.,0.,0.04));
#8966=IFCAXIS2PLACEMENT3D(#8965,$,$);
#8967=IFCDIRECTION((0.,0.,1.));
#8968=IFCEXTRUDEDAREASOLID(#8964,#8966,#8967,1.92);
#8969=IFCSTYLEDITEM(#8968,(#4329),$);
#8970=IFCSHAPEREPRESENTATION(#12,'Body','SweptSolid',(#8960,#8968));
#8971=IFCPRODUCTDEFINITIONSHAPE($,$,(#8970));
#8972=IFCFURNITURE('373dh8Ptl2BimbZLloqvDU',#5,'Mirror','Skanna asset library',$,#8953,#8971,$,.NOTDEFINED.);
#8973=IFCCARTESIANPOINT((10.65,15.6,0.6));
#8974=IFCDIRECTION((0.,0.,1.));
#8975=IFCDIRECTION((0.,1.,0.));
#8976=IFCAXIS2PLACEMENT3D(#8973,#8974,#8975);
#8977=IFCLOCALPLACEMENT(#26,#8976);
#8978=IFCCARTESIANPOINT((0.,0.));
#8979=IFCAXIS2PLACEMENT2D(#8978,$);
#8980=IFCRECTANGLEPROFILEDEF(.AREA.,$,#8979,0.4,0.3);
#8981=IFCCARTESIANPOINT((0.,0.,0.));
#8982=IFCAXIS2PLACEMENT3D(#8981,$,$);
#8983=IFCDIRECTION((0.,0.,1.));
#8984=IFCEXTRUDEDAREASOLID(#8980,#8982,#8983,0.5);
#8985=IFCCOLOURRGB($,0.709804,0.690196,0.654902);
#8986=IFCSURFACESTYLESHADING(#8985,0.);
#8987=IFCSURFACESTYLE('#b5b0a7',.BOTH.,(#8986));
#8988=IFCSTYLEDITEM(#8984,(#8987),$);
#8989=IFCSHAPEREPRESENTATION(#12,'Body','SweptSolid',(#8984));
#8990=IFCPRODUCTDEFINITIONSHAPE($,$,(#8989));
#8991=IFCBUILDINGELEMENTPROXY('0PJ9nRxtGVVGytnkW_npT$',#5,'Solar battery','Skanna asset library',$,#8977,#8990,$,.NOTDEFINED.);
#8992=IFCPROPERTYSINGLEVALUE('Manufacturer',$,IFCTEXT('Brand info'),$);
#8993=IFCPROPERTYSINGLEVALUE('Capacity',$,IFCTEXT('Data 123'),$);
#8994=IFCPROPERTYSINGLEVALUE('Info',$,IFCTEXT('Add any info in the bim author tool'),$);
#8995=IFCPROPERTYSET('2aXTNS_B9qDZXzqkWIMBHe',#5,'Skanna_Properties','Author properties (Skanna)',(#8992,#8993,#8994));
#8996=IFCRELDEFINESBYPROPERTIES('1G2HeNCeAoj2dyYTkATt2Y',#5,$,$,(#8991),#8995);
#8997=IFCCARTESIANPOINT((4.95,9.1,2.65));
#8998=IFCDIRECTION((0.,0.,1.));
#8999=IFCDIRECTION((0.,1.,0.));
#9000=IFCAXIS2PLACEMENT3D(#8997,#8998,#8999);
#9001=IFCLOCALPLACEMENT(#26,#9000);
#9002=IFCINDEXEDPOLYGONALFACE((1,2,3));
#9003=IFCINDEXEDPOLYGONALFACE((1,3,4));
#9004=IFCINDEXEDPOLYGONALFACE((2,5,6));
#9005=IFCINDEXEDPOLYGONALFACE((2,6,3));
#9006=IFCINDEXEDPOLYGONALFACE((5,7,8));
#9007=IFCINDEXEDPOLYGONALFACE((5,8,6));
#9008=IFCINDEXEDPOLYGONALFACE((7,9,10));
#9009=IFCINDEXEDPOLYGONALFACE((7,10,8));
#9010=IFCINDEXEDPOLYGONALFACE((9,11,12));
#9011=IFCINDEXEDPOLYGONALFACE((9,12,10));
#9012=IFCINDEXEDPOLYGONALFACE((11,13,14));
#9013=IFCINDEXEDPOLYGONALFACE((11,14,12));
#9014=IFCINDEXEDPOLYGONALFACE((13,15,16));
#9015=IFCINDEXEDPOLYGONALFACE((13,16,14));
#9016=IFCINDEXEDPOLYGONALFACE((15,17,18));
#9017=IFCINDEXEDPOLYGONALFACE((15,18,16));
#9018=IFCINDEXEDPOLYGONALFACE((17,19,20));
#9019=IFCINDEXEDPOLYGONALFACE((17,20,18));
#9020=IFCINDEXEDPOLYGONALFACE((19,21,22));
#9021=IFCINDEXEDPOLYGONALFACE((19,22,20));
#9022=IFCINDEXEDPOLYGONALFACE((21,23,24));
#9023=IFCINDEXEDPOLYGONALFACE((21,24,22));
#9024=IFCINDEXEDPOLYGONALFACE((23,25,26));
#9025=IFCINDEXEDPOLYGONALFACE((23,26,24));
#9026=IFCINDEXEDPOLYGONALFACE((25,27,28));
#9027=IFCINDEXEDPOLYGONALFACE((25,28,26));
#9028=IFCINDEXEDPOLYGONALFACE((27,29,30));
#9029=IFCINDEXEDPOLYGONALFACE((27,30,28));
#9030=IFCINDEXEDPOLYGONALFACE((29,31,32));
#9031=IFCINDEXEDPOLYGONALFACE((29,32,30));
#9032=IFCINDEXEDPOLYGONALFACE((31,33,34));
#9033=IFCINDEXEDPOLYGONALFACE((31,34,32));
#9034=IFCINDEXEDPOLYGONALFACE((33,35,36));
#9035=IFCINDEXEDPOLYGONALFACE((33,36,34));
#9036=IFCINDEXEDPOLYGONALFACE((35,37,38));
#9037=IFCINDEXEDPOLYGONALFACE((35,38,36));
#9038=IFCINDEXEDPOLYGONALFACE((37,39,40));
#9039=IFCINDEXEDPOLYGONALFACE((37,40,38));
#9040=IFCINDEXEDPOLYGONALFACE((39,41,42));
#9041=IFCINDEXEDPOLYGONALFACE((39,42,40));
#9042=IFCINDEXEDPOLYGONALFACE((41,43,44));
#9043=IFCINDEXEDPOLYGONALFACE((41,44,42));
#9044=IFCINDEXEDPOLYGONALFACE((43,45,46));
#9045=IFCINDEXEDPOLYGONALFACE((43,46,44));
#9046=IFCINDEXEDPOLYGONALFACE((45,47,48));
#9047=IFCINDEXEDPOLYGONALFACE((45,48,46));
#9048=IFCINDEXEDPOLYGONALFACE((47,49,50));
#9049=IFCINDEXEDPOLYGONALFACE((47,50,48));
#9050=IFCINDEXEDPOLYGONALFACE((49,51,52));
#9051=IFCINDEXEDPOLYGONALFACE((49,52,50));
#9052=IFCINDEXEDPOLYGONALFACE((51,53,54));
#9053=IFCINDEXEDPOLYGONALFACE((51,54,52));
#9054=IFCINDEXEDPOLYGONALFACE((53,55,56));
#9055=IFCINDEXEDPOLYGONALFACE((53,56,54));
#9056=IFCINDEXEDPOLYGONALFACE((55,57,58));
#9057=IFCINDEXEDPOLYGONALFACE((55,58,56));
#9058=IFCINDEXEDPOLYGONALFACE((57,59,60));
#9059=IFCINDEXEDPOLYGONALFACE((57,60,58));
#9060=IFCINDEXEDPOLYGONALFACE((59,61,62));
#9061=IFCINDEXEDPOLYGONALFACE((59,62,60));
#9062=IFCINDEXEDPOLYGONALFACE((61,63,64));
#9063=IFCINDEXEDPOLYGONALFACE((61,64,62));
#9064=IFCINDEXEDPOLYGONALFACE((63,1,4));
#9065=IFCINDEXEDPOLYGONALFACE((63,4,64));
#9066=IFCINDEXEDPOLYGONALFACE((1,5,2));
#9067=IFCINDEXEDPOLYGONALFACE((4,3,6));
#9068=IFCINDEXEDPOLYGONALFACE((1,7,5));
#9069=IFCINDEXEDPOLYGONALFACE((4,6,8));
#9070=IFCINDEXEDPOLYGONALFACE((1,9,7));
#9071=IFCINDEXEDPOLYGONALFACE((4,8,10));
#9072=IFCINDEXEDPOLYGONALFACE((1,11,9));
#9073=IFCINDEXEDPOLYGONALFACE((4,10,12));
#9074=IFCINDEXEDPOLYGONALFACE((1,13,11));
#9075=IFCINDEXEDPOLYGONALFACE((4,12,14));
#9076=IFCINDEXEDPOLYGONALFACE((1,15,13));
#9077=IFCINDEXEDPOLYGONALFACE((4,14,16));
#9078=IFCINDEXEDPOLYGONALFACE((1,17,15));
#9079=IFCINDEXEDPOLYGONALFACE((4,16,18));
#9080=IFCINDEXEDPOLYGONALFACE((1,19,17));
#9081=IFCINDEXEDPOLYGONALFACE((4,18,20));
#9082=IFCINDEXEDPOLYGONALFACE((1,21,19));
#9083=IFCINDEXEDPOLYGONALFACE((4,20,22));
#9084=IFCINDEXEDPOLYGONALFACE((1,23,21));
#9085=IFCINDEXEDPOLYGONALFACE((4,22,24));
#9086=IFCINDEXEDPOLYGONALFACE((1,25,23));
#9087=IFCINDEXEDPOLYGONALFACE((4,24,26));
#9088=IFCINDEXEDPOLYGONALFACE((1,27,25));
#9089=IFCINDEXEDPOLYGONALFACE((4,26,28));
#9090=IFCINDEXEDPOLYGONALFACE((1,29,27));
#9091=IFCINDEXEDPOLYGONALFACE((4,28,30));
#9092=IFCINDEXEDPOLYGONALFACE((1,31,29));
#9093=IFCINDEXEDPOLYGONALFACE((4,30,32));
#9094=IFCINDEXEDPOLYGONALFACE((1,33,31));
#9095=IFCINDEXEDPOLYGONALFACE((4,32,34));
#9096=IFCINDEXEDPOLYGONALFACE((1,35,33));
#9097=IFCINDEXEDPOLYGONALFACE((4,34,36));
#9098=IFCINDEXEDPOLYGONALFACE((1,37,35));
#9099=IFCINDEXEDPOLYGONALFACE((4,36,38));
#9100=IFCINDEXEDPOLYGONALFACE((1,39,37));
#9101=IFCINDEXEDPOLYGONALFACE((4,38,40));
#9102=IFCINDEXEDPOLYGONALFACE((1,41,39));
#9103=IFCINDEXEDPOLYGONALFACE((4,40,42));
#9104=IFCINDEXEDPOLYGONALFACE((1,43,41));
#9105=IFCINDEXEDPOLYGONALFACE((4,42,44));
#9106=IFCINDEXEDPOLYGONALFACE((1,45,43));
#9107=IFCINDEXEDPOLYGONALFACE((4,44,46));
#9108=IFCINDEXEDPOLYGONALFACE((1,47,45));
#9109=IFCINDEXEDPOLYGONALFACE((4,46,48));
#9110=IFCINDEXEDPOLYGONALFACE((1,49,47));
#9111=IFCINDEXEDPOLYGONALFACE((4,48,50));
#9112=IFCINDEXEDPOLYGONALFACE((1,51,49));
#9113=IFCINDEXEDPOLYGONALFACE((4,50,52));
#9114=IFCINDEXEDPOLYGONALFACE((1,53,51));
#9115=IFCINDEXEDPOLYGONALFACE((4,52,54));
#9116=IFCINDEXEDPOLYGONALFACE((1,55,53));
#9117=IFCINDEXEDPOLYGONALFACE((4,54,56));
#9118=IFCINDEXEDPOLYGONALFACE((1,57,55));
#9119=IFCINDEXEDPOLYGONALFACE((4,56,58));
#9120=IFCINDEXEDPOLYGONALFACE((1,59,57));
#9121=IFCINDEXEDPOLYGONALFACE((4,58,60));
#9122=IFCINDEXEDPOLYGONALFACE((1,61,59));
#9123=IFCINDEXEDPOLYGONALFACE((4,60,62));
#9124=IFCINDEXEDPOLYGONALFACE((1,63,61));
#9125=IFCINDEXEDPOLYGONALFACE((4,62,64));
#9126=IFCCARTESIANPOINTLIST3D(((0.05,0.,0.014),(0.049039,0.009755,0.014),(0.040212,0.007999,0.05),(0.041,0.,0.05),(0.046194,0.019134,0.014),(0.037879,0.01569,0.05),(0.041573,0.027779,0.014),(0.03409,0.022778,0.05),(0.035355,0.035355,0.014),(0.028991,0.028991,0.05),(0.027779,0.041573,0.014),(0.022778,0.03409,0.05),(0.019134,0.046194,0.014),(0.01569,0.037879,0.05),(0.009755,0.049039,0.014),(0.007999,0.040212,0.05),(0.,0.05,0.014),(0.,0.041,0.05),(-0.009755,0.049039,0.014),(-0.007999,0.040212,0.05),(-0.019134,0.046194,0.014),(-0.01569,0.037879,0.05),(-0.027779,0.041573,0.014),(-0.022778,0.03409,0.05),(-0.035355,0.035355,0.014),(-0.028991,0.028991,0.05),(-0.041573,0.027779,0.014),(-0.03409,0.022778,0.05),(-0.046194,0.019134,0.014),(-0.037879,0.01569,0.05),(-0.049039,0.009755,0.014),(-0.040212,0.007999,0.05),(-0.05,0.,0.014),(-0.041,0.,0.05),(-0.049039,-0.009755,0.014),(-0.040212,-0.007999,0.05),(-0.046194,-0.019134,0.014),(-0.037879,-0.01569,0.05),(-0.041573,-0.027779,0.014),(-0.03409,-0.022778,0.05),(-0.035355,-0.035355,0.014),(-0.028991,-0.028991,0.05),(-0.027779,-0.041573,0.014),(-0.022778,-0.03409,0.05),(-0.019134,-0.046194,0.014),(-0.01569,-0.037879,0.05),(-0.009755,-0.049039,0.014),(-0.007999,-0.040212,0.05),(0.,-0.05,0.014),(0.,-0.041,0.05),(0.009755,-0.049039,0.014),(0.007999,-0.040212,0.05),(0.019134,-0.046194,0.014),(0.01569,-0.037879,0.05),(0.027779,-0.041573,0.014),(0.022778,-0.03409,0.05),(0.035355,-0.035355,0.014),(0.028991,-0.028991,0.05),(0.041573,-0.027779,0.014),(0.03409,-0.022778,0.05),(0.046194,-0.019134,0.014),(0.037879,-0.01569,0.05),(0.049039,-0.009755,0.014),(0.040212,-0.007999,0.05)));
#9127=IFCPOLYGONALFACESET(#9126,.T.,(#9002,#9003,#9004,#9005,#9006,#9007,#9008,#9009,#9010,#9011,#9012,#9013,#9014,#9015,#9016,#9017,#9018,#9019,#9020,#9021,#9022,#9023,#9024,#9025,#9026,#9027,#9028,#9029,#9030,#9031,#9032,#9033,#9034,#9035,#9036,#9037,#9038,#9039,#9040,#9041,#9042,#9043,#9044,#9045,#9046,#9047,#9048,#9049,#9050,#9051,#9052,#9053,#9054,#9055,#9056,#9057,#9058,#9059,#9060,#9061,#9062,#9063,#9064,#9065,#9066,#9067,#9068,#9069,#9070,#9071,#9072,#9073,#9074,#9075,#9076,#9077,#9078,#9079,#9080,#9081,#9082,#9083,#9084,#9085,#9086,#9087,#9088,#9089,#9090,#9091,#9092,#9093,#9094,#9095,#9096,#9097,#9098,#9099,#9100,#9101,#9102,#9103,#9104,#9105,#9106,#9107,#9108,#9109,#9110,#9111,#9112,#9113,#9114,#9115,#9116,#9117,#9118,#9119,#9120,#9121,#9122,#9123,#9124,#9125),$);
#9128=IFCSTYLEDITEM(#9127,(#3816),$);
#9129=IFCINDEXEDPOLYGONALFACE((1,2,3));
#9130=IFCINDEXEDPOLYGONALFACE((1,3,4));
#9131=IFCINDEXEDPOLYGONALFACE((2,5,6));
#9132=IFCINDEXEDPOLYGONALFACE((2,6,3));
#9133=IFCINDEXEDPOLYGONALFACE((5,7,8));
#9134=IFCINDEXEDPOLYGONALFACE((5,8,6));
#9135=IFCINDEXEDPOLYGONALFACE((7,9,10));
#9136=IFCINDEXEDPOLYGONALFACE((7,10,8));
#9137=IFCINDEXEDPOLYGONALFACE((9,11,12));
#9138=IFCINDEXEDPOLYGONALFACE((9,12,10));
#9139=IFCINDEXEDPOLYGONALFACE((11,13,14));
#9140=IFCINDEXEDPOLYGONALFACE((11,14,12));
#9141=IFCINDEXEDPOLYGONALFACE((13,15,16));
#9142=IFCINDEXEDPOLYGONALFACE((13,16,14));
#9143=IFCINDEXEDPOLYGONALFACE((15,17,18));
#9144=IFCINDEXEDPOLYGONALFACE((15,18,16));
#9145=IFCINDEXEDPOLYGONALFACE((17,19,20));
#9146=IFCINDEXEDPOLYGONALFACE((17,20,18));
#9147=IFCINDEXEDPOLYGONALFACE((19,21,22));
#9148=IFCINDEXEDPOLYGONALFACE((19,22,20));
#9149=IFCINDEXEDPOLYGONALFACE((21,23,24));
#9150=IFCINDEXEDPOLYGONALFACE((21,24,22));
#9151=IFCINDEXEDPOLYGONALFACE((23,25,26));
#9152=IFCINDEXEDPOLYGONALFACE((23,26,24));
#9153=IFCINDEXEDPOLYGONALFACE((25,27,28));
#9154=IFCINDEXEDPOLYGONALFACE((25,28,26));
#9155=IFCINDEXEDPOLYGONALFACE((27,29,30));
#9156=IFCINDEXEDPOLYGONALFACE((27,30,28));
#9157=IFCINDEXEDPOLYGONALFACE((29,31,32));
#9158=IFCINDEXEDPOLYGONALFACE((29,32,30));
#9159=IFCINDEXEDPOLYGONALFACE((31,33,34));
#9160=IFCINDEXEDPOLYGONALFACE((31,34,32));
#9161=IFCINDEXEDPOLYGONALFACE((33,35,36));
#9162=IFCINDEXEDPOLYGONALFACE((33,36,34));
#9163=IFCINDEXEDPOLYGONALFACE((35,37,38));
#9164=IFCINDEXEDPOLYGONALFACE((35,38,36));
#9165=IFCINDEXEDPOLYGONALFACE((37,39,40));
#9166=IFCINDEXEDPOLYGONALFACE((37,40,38));
#9167=IFCINDEXEDPOLYGONALFACE((39,41,42));
#9168=IFCINDEXEDPOLYGONALFACE((39,42,40));
#9169=IFCINDEXEDPOLYGONALFACE((41,43,44));
#9170=IFCINDEXEDPOLYGONALFACE((41,44,42));
#9171=IFCINDEXEDPOLYGONALFACE((43,45,46));
#9172=IFCINDEXEDPOLYGONALFACE((43,46,44));
#9173=IFCINDEXEDPOLYGONALFACE((45,47,48));
#9174=IFCINDEXEDPOLYGONALFACE((45,48,46));
#9175=IFCINDEXEDPOLYGONALFACE((47,49,50));
#9176=IFCINDEXEDPOLYGONALFACE((47,50,48));
#9177=IFCINDEXEDPOLYGONALFACE((49,51,52));
#9178=IFCINDEXEDPOLYGONALFACE((49,52,50));
#9179=IFCINDEXEDPOLYGONALFACE((51,53,54));
#9180=IFCINDEXEDPOLYGONALFACE((51,54,52));
#9181=IFCINDEXEDPOLYGONALFACE((53,55,56));
#9182=IFCINDEXEDPOLYGONALFACE((53,56,54));
#9183=IFCINDEXEDPOLYGONALFACE((55,57,58));
#9184=IFCINDEXEDPOLYGONALFACE((55,58,56));
#9185=IFCINDEXEDPOLYGONALFACE((57,59,60));
#9186=IFCINDEXEDPOLYGONALFACE((57,60,58));
#9187=IFCINDEXEDPOLYGONALFACE((59,61,62));
#9188=IFCINDEXEDPOLYGONALFACE((59,62,60));
#9189=IFCINDEXEDPOLYGONALFACE((61,63,64));
#9190=IFCINDEXEDPOLYGONALFACE((61,64,62));
#9191=IFCINDEXEDPOLYGONALFACE((63,1,4));
#9192=IFCINDEXEDPOLYGONALFACE((63,4,64));
#9193=IFCINDEXEDPOLYGONALFACE((1,5,2));
#9194=IFCINDEXEDPOLYGONALFACE((4,3,6));
#9195=IFCINDEXEDPOLYGONALFACE((1,7,5));
#9196=IFCINDEXEDPOLYGONALFACE((4,6,8));
#9197=IFCINDEXEDPOLYGONALFACE((1,9,7));
#9198=IFCINDEXEDPOLYGONALFACE((4,8,10));
#9199=IFCINDEXEDPOLYGONALFACE((1,11,9));
#9200=IFCINDEXEDPOLYGONALFACE((4,10,12));
#9201=IFCINDEXEDPOLYGONALFACE((1,13,11));
#9202=IFCINDEXEDPOLYGONALFACE((4,12,14));
#9203=IFCINDEXEDPOLYGONALFACE((1,15,13));
#9204=IFCINDEXEDPOLYGONALFACE((4,14,16));
#9205=IFCINDEXEDPOLYGONALFACE((1,17,15));
#9206=IFCINDEXEDPOLYGONALFACE((4,16,18));
#9207=IFCINDEXEDPOLYGONALFACE((1,19,17));
#9208=IFCINDEXEDPOLYGONALFACE((4,18,20));
#9209=IFCINDEXEDPOLYGONALFACE((1,21,19));
#9210=IFCINDEXEDPOLYGONALFACE((4,20,22));
#9211=IFCINDEXEDPOLYGONALFACE((1,23,21));
#9212=IFCINDEXEDPOLYGONALFACE((4,22,24));
#9213=IFCINDEXEDPOLYGONALFACE((1,25,23));
#9214=IFCINDEXEDPOLYGONALFACE((4,24,26));
#9215=IFCINDEXEDPOLYGONALFACE((1,27,25));
#9216=IFCINDEXEDPOLYGONALFACE((4,26,28));
#9217=IFCINDEXEDPOLYGONALFACE((1,29,27));
#9218=IFCINDEXEDPOLYGONALFACE((4,28,30));
#9219=IFCINDEXEDPOLYGONALFACE((1,31,29));
#9220=IFCINDEXEDPOLYGONALFACE((4,30,32));
#9221=IFCINDEXEDPOLYGONALFACE((1,33,31));
#9222=IFCINDEXEDPOLYGONALFACE((4,32,34));
#9223=IFCINDEXEDPOLYGONALFACE((1,35,33));
#9224=IFCINDEXEDPOLYGONALFACE((4,34,36));
#9225=IFCINDEXEDPOLYGONALFACE((1,37,35));
#9226=IFCINDEXEDPOLYGONALFACE((4,36,38));
#9227=IFCINDEXEDPOLYGONALFACE((1,39,37));
#9228=IFCINDEXEDPOLYGONALFACE((4,38,40));
#9229=IFCINDEXEDPOLYGONALFACE((1,41,39));
#9230=IFCINDEXEDPOLYGONALFACE((4,40,42));
#9231=IFCINDEXEDPOLYGONALFACE((1,43,41));
#9232=IFCINDEXEDPOLYGONALFACE((4,42,44));
#9233=IFCINDEXEDPOLYGONALFACE((1,45,43));
#9234=IFCINDEXEDPOLYGONALFACE((4,44,46));
#9235=IFCINDEXEDPOLYGONALFACE((1,47,45));
#9236=IFCINDEXEDPOLYGONALFACE((4,46,48));
#9237=IFCINDEXEDPOLYGONALFACE((1,49,47));
#9238=IFCINDEXEDPOLYGONALFACE((4,48,50));
#9239=IFCINDEXEDPOLYGONALFACE((1,51,49));
#9240=IFCINDEXEDPOLYGONALFACE((4,50,52));
#9241=IFCINDEXEDPOLYGONALFACE((1,53,51));
#9242=IFCINDEXEDPOLYGONALFACE((4,52,54));
#9243=IFCINDEXEDPOLYGONALFACE((1,55,53));
#9244=IFCINDEXEDPOLYGONALFACE((4,54,56));
#9245=IFCINDEXEDPOLYGONALFACE((1,57,55));
#9246=IFCINDEXEDPOLYGONALFACE((4,56,58));
#9247=IFCINDEXEDPOLYGONALFACE((1,59,57));
#9248=IFCINDEXEDPOLYGONALFACE((4,58,60));
#9249=IFCINDEXEDPOLYGONALFACE((1,61,59));
#9250=IFCINDEXEDPOLYGONALFACE((4,60,62));
#9251=IFCINDEXEDPOLYGONALFACE((1,63,61));
#9252=IFCINDEXEDPOLYGONALFACE((4,62,64));
#9253=IFCCARTESIANPOINTLIST3D(((0.037,0.,0.),(0.036289,0.007218,0.),(0.039918,0.00794,0.0145),(0.0407,0.,0.0145),(0.034184,0.014159,0.),(0.037602,0.015575,0.0145),(0.030764,0.020556,0.),(0.033841,0.022612,0.0145),(0.026163,0.026163,0.),(0.028779,0.028779,0.0145),(0.020556,0.030764,0.),(0.022612,0.033841,0.0145),(0.014159,0.034184,0.),(0.015575,0.037602,0.0145),(0.007218,0.036289,0.),(0.00794,0.039918,0.0145),(0.,0.037,0.),(0.,0.0407,0.0145),(-0.007218,0.036289,0.),(-0.00794,0.039918,0.0145),(-0.014159,0.034184,0.),(-0.015575,0.037602,0.0145),(-0.020556,0.030764,0.),(-0.022612,0.033841,0.0145),(-0.026163,0.026163,0.),(-0.028779,0.028779,0.0145),(-0.030764,0.020556,0.),(-0.033841,0.022612,0.0145),(-0.034184,0.014159,0.),(-0.037602,0.015575,0.0145),(-0.036289,0.007218,0.),(-0.039918,0.00794,0.0145),(-0.037,0.,0.),(-0.0407,0.,0.0145),(-0.036289,-0.007218,0.),(-0.039918,-0.00794,0.0145),(-0.034184,-0.014159,0.),(-0.037602,-0.015575,0.0145),(-0.030764,-0.020556,0.),(-0.033841,-0.022612,0.0145),(-0.026163,-0.026163,0.),(-0.028779,-0.028779,0.0145),(-0.020556,-0.030764,0.),(-0.022612,-0.033841,0.0145),(-0.014159,-0.034184,0.),(-0.015575,-0.037602,0.0145),(-0.007218,-0.036289,0.),(-0.00794,-0.039918,0.0145),(0.,-0.037,0.),(0.,-0.0407,0.0145),(0.007218,-0.036289,0.),(0.00794,-0.039918,0.0145),(0.014159,-0.034184,0.),(0.015575,-0.037602,0.0145),(0.020556,-0.030764,0.),(0.022612,-0.033841,0.0145),(0.026163,-0.026163,0.),(0.028779,-0.028779,0.0145),(0.030764,-0.020556,0.),(0.033841,-0.022612,0.0145),(0.034184,-0.014159,0.),(0.037602,-0.015575,0.0145),(0.036289,-0.007218,0.),(0.039918,-0.00794,0.0145)));
#9254=IFCPOLYGONALFACESET(#9253,.T.,(#9129,#9130,#9131,#9132,#9133,#9134,#9135,#9136,#9137,#9138,#9139,#9140,#9141,#9142,#9143,#9144,#9145,#9146,#9147,#9148,#9149,#9150,#9151,#9152,#9153,#9154,#9155,#9156,#9157,#9158,#9159,#9160,#9161,#9162,#9163,#9164,#9165,#9166,#9167,#9168,#9169,#9170,#9171,#9172,#9173,#9174,#9175,#9176,#9177,#9178,#9179,#9180,#9181,#9182,#9183,#9184,#9185,#9186,#9187,#9188,#9189,#9190,#9191,#9192,#9193,#9194,#9195,#9196,#9197,#9198,#9199,#9200,#9201,#9202,#9203,#9204,#9205,#9206,#9207,#9208,#9209,#9210,#9211,#9212,#9213,#9214,#9215,#9216,#9217,#9218,#9219,#9220,#9221,#9222,#9223,#9224,#9225,#9226,#9227,#9228,#9229,#9230,#9231,#9232,#9233,#9234,#9235,#9236,#9237,#9238,#9239,#9240,#9241,#9242,#9243,#9244,#9245,#9246,#9247,#9248,#9249,#9250,#9251,#9252),$);
#9255=IFCSTYLEDITEM(#9254,(#5240),$);
#9256=IFCSHAPEREPRESENTATION(#12,'Body','Tessellation',(#9127,#9254));
#9257=IFCPRODUCTDEFINITIONSHAPE($,$,(#9256));
#9258=IFCLIGHTFIXTURE('2YR480igZL$_Rv4TNCDi0k',#5,'Spotlight','Skanna asset library',$,#9001,#9257,$,.POINTSOURCE.);
#9259=IFCCARTESIANPOINT((4.95,9.89,2.65));
#9260=IFCDIRECTION((0.,0.,1.));
#9261=IFCDIRECTION((0.,1.,0.));
#9262=IFCAXIS2PLACEMENT3D(#9259,#9260,#9261);
#9263=IFCLOCALPLACEMENT(#26,#9262);
#9264=IFCINDEXEDPOLYGONALFACE((1,2,3));
#9265=IFCINDEXEDPOLYGONALFACE((1,3,4));
#9266=IFCINDEXEDPOLYGONALFACE((2,5,6));
#9267=IFCINDEXEDPOLYGONALFACE((2,6,3));
#9268=IFCINDEXEDPOLYGONALFACE((5,7,8));
#9269=IFCINDEXEDPOLYGONALFACE((5,8,6));
#9270=IFCINDEXEDPOLYGONALFACE((7,9,10));
#9271=IFCINDEXEDPOLYGONALFACE((7,10,8));
#9272=IFCINDEXEDPOLYGONALFACE((9,11,12));
#9273=IFCINDEXEDPOLYGONALFACE((9,12,10));
#9274=IFCINDEXEDPOLYGONALFACE((11,13,14));
#9275=IFCINDEXEDPOLYGONALFACE((11,14,12));
#9276=IFCINDEXEDPOLYGONALFACE((13,15,16));
#9277=IFCINDEXEDPOLYGONALFACE((13,16,14));
#9278=IFCINDEXEDPOLYGONALFACE((15,17,18));
#9279=IFCINDEXEDPOLYGONALFACE((15,18,16));
#9280=IFCINDEXEDPOLYGONALFACE((17,19,20));
#9281=IFCINDEXEDPOLYGONALFACE((17,20,18));
#9282=IFCINDEXEDPOLYGONALFACE((19,21,22));
#9283=IFCINDEXEDPOLYGONALFACE((19,22,20));
#9284=IFCINDEXEDPOLYGONALFACE((21,23,24));
#9285=IFCINDEXEDPOLYGONALFACE((21,24,22));
#9286=IFCINDEXEDPOLYGONALFACE((23,25,26));
#9287=IFCINDEXEDPOLYGONALFACE((23,26,24));
#9288=IFCINDEXEDPOLYGONALFACE((25,27,28));
#9289=IFCINDEXEDPOLYGONALFACE((25,28,26));
#9290=IFCINDEXEDPOLYGONALFACE((27,29,30));
#9291=IFCINDEXEDPOLYGONALFACE((27,30,28));
#9292=IFCINDEXEDPOLYGONALFACE((29,31,32));
#9293=IFCINDEXEDPOLYGONALFACE((29,32,30));
#9294=IFCINDEXEDPOLYGONALFACE((31,33,34));
#9295=IFCINDEXEDPOLYGONALFACE((31,34,32));
#9296=IFCINDEXEDPOLYGONALFACE((33,35,36));
#9297=IFCINDEXEDPOLYGONALFACE((33,36,34));
#9298=IFCINDEXEDPOLYGONALFACE((35,37,38));
#9299=IFCINDEXEDPOLYGONALFACE((35,38,36));
#9300=IFCINDEXEDPOLYGONALFACE((37,39,40));
#9301=IFCINDEXEDPOLYGONALFACE((37,40,38));
#9302=IFCINDEXEDPOLYGONALFACE((39,41,42));
#9303=IFCINDEXEDPOLYGONALFACE((39,42,40));
#9304=IFCINDEXEDPOLYGONALFACE((41,43,44));
#9305=IFCINDEXEDPOLYGONALFACE((41,44,42));
#9306=IFCINDEXEDPOLYGONALFACE((43,45,46));
#9307=IFCINDEXEDPOLYGONALFACE((43,46,44));
#9308=IFCINDEXEDPOLYGONALFACE((45,47,48));
#9309=IFCINDEXEDPOLYGONALFACE((45,48,46));
#9310=IFCINDEXEDPOLYGONALFACE((47,49,50));
#9311=IFCINDEXEDPOLYGONALFACE((47,50,48));
#9312=IFCINDEXEDPOLYGONALFACE((49,51,52));
#9313=IFCINDEXEDPOLYGONALFACE((49,52,50));
#9314=IFCINDEXEDPOLYGONALFACE((51,53,54));
#9315=IFCINDEXEDPOLYGONALFACE((51,54,52));
#9316=IFCINDEXEDPOLYGONALFACE((53,55,56));
#9317=IFCINDEXEDPOLYGONALFACE((53,56,54));
#9318=IFCINDEXEDPOLYGONALFACE((55,57,58));
#9319=IFCINDEXEDPOLYGONALFACE((55,58,56));
#9320=IFCINDEXEDPOLYGONALFACE((57,59,60));
#9321=IFCINDEXEDPOLYGONALFACE((57,60,58));
#9322=IFCINDEXEDPOLYGONALFACE((59,61,62));
#9323=IFCINDEXEDPOLYGONALFACE((59,62,60));
#9324=IFCINDEXEDPOLYGONALFACE((61,63,64));
#9325=IFCINDEXEDPOLYGONALFACE((61,64,62));
#9326=IFCINDEXEDPOLYGONALFACE((63,1,4));
#9327=IFCINDEXEDPOLYGONALFACE((63,4,64));
#9328=IFCINDEXEDPOLYGONALFACE((1,5,2));
#9329=IFCINDEXEDPOLYGONALFACE((4,3,6));
#9330=IFCINDEXEDPOLYGONALFACE((1,7,5));
#9331=IFCINDEXEDPOLYGONALFACE((4,6,8));
#9332=IFCINDEXEDPOLYGONALFACE((1,9,7));
#9333=IFCINDEXEDPOLYGONALFACE((4,8,10));
#9334=IFCINDEXEDPOLYGONALFACE((1,11,9));
#9335=IFCINDEXEDPOLYGONALFACE((4,10,12));
#9336=IFCINDEXEDPOLYGONALFACE((1,13,11));
#9337=IFCINDEXEDPOLYGONALFACE((4,12,14));
#9338=IFCINDEXEDPOLYGONALFACE((1,15,13));
#9339=IFCINDEXEDPOLYGONALFACE((4,14,16));
#9340=IFCINDEXEDPOLYGONALFACE((1,17,15));
#9341=IFCINDEXEDPOLYGONALFACE((4,16,18));
#9342=IFCINDEXEDPOLYGONALFACE((1,19,17));
#9343=IFCINDEXEDPOLYGONALFACE((4,18,20));
#9344=IFCINDEXEDPOLYGONALFACE((1,21,19));
#9345=IFCINDEXEDPOLYGONALFACE((4,20,22));
#9346=IFCINDEXEDPOLYGONALFACE((1,23,21));
#9347=IFCINDEXEDPOLYGONALFACE((4,22,24));
#9348=IFCINDEXEDPOLYGONALFACE((1,25,23));
#9349=IFCINDEXEDPOLYGONALFACE((4,24,26));
#9350=IFCINDEXEDPOLYGONALFACE((1,27,25));
#9351=IFCINDEXEDPOLYGONALFACE((4,26,28));
#9352=IFCINDEXEDPOLYGONALFACE((1,29,27));
#9353=IFCINDEXEDPOLYGONALFACE((4,28,30));
#9354=IFCINDEXEDPOLYGONALFACE((1,31,29));
#9355=IFCINDEXEDPOLYGONALFACE((4,30,32));
#9356=IFCINDEXEDPOLYGONALFACE((1,33,31));
#9357=IFCINDEXEDPOLYGONALFACE((4,32,34));
#9358=IFCINDEXEDPOLYGONALFACE((1,35,33));
#9359=IFCINDEXEDPOLYGONALFACE((4,34,36));
#9360=IFCINDEXEDPOLYGONALFACE((1,37,35));
#9361=IFCINDEXEDPOLYGONALFACE((4,36,38));
#9362=IFCINDEXEDPOLYGONALFACE((1,39,37));
#9363=IFCINDEXEDPOLYGONALFACE((4,38,40));
#9364=IFCINDEXEDPOLYGONALFACE((1,41,39));
#9365=IFCINDEXEDPOLYGONALFACE((4,40,42));
#9366=IFCINDEXEDPOLYGONALFACE((1,43,41));
#9367=IFCINDEXEDPOLYGONALFACE((4,42,44));
#9368=IFCINDEXEDPOLYGONALFACE((1,45,43));
#9369=IFCINDEXEDPOLYGONALFACE((4,44,46));
#9370=IFCINDEXEDPOLYGONALFACE((1,47,45));
#9371=IFCINDEXEDPOLYGONALFACE((4,46,48));
#9372=IFCINDEXEDPOLYGONALFACE((1,49,47));
#9373=IFCINDEXEDPOLYGONALFACE((4,48,50));
#9374=IFCINDEXEDPOLYGONALFACE((1,51,49));
#9375=IFCINDEXEDPOLYGONALFACE((4,50,52));
#9376=IFCINDEXEDPOLYGONALFACE((1,53,51));
#9377=IFCINDEXEDPOLYGONALFACE((4,52,54));
#9378=IFCINDEXEDPOLYGONALFACE((1,55,53));
#9379=IFCINDEXEDPOLYGONALFACE((4,54,56));
#9380=IFCINDEXEDPOLYGONALFACE((1,57,55));
#9381=IFCINDEXEDPOLYGONALFACE((4,56,58));
#9382=IFCINDEXEDPOLYGONALFACE((1,59,57));
#9383=IFCINDEXEDPOLYGONALFACE((4,58,60));
#9384=IFCINDEXEDPOLYGONALFACE((1,61,59));
#9385=IFCINDEXEDPOLYGONALFACE((4,60,62));
#9386=IFCINDEXEDPOLYGONALFACE((1,63,61));
#9387=IFCINDEXEDPOLYGONALFACE((4,62,64));
#9388=IFCCARTESIANPOINTLIST3D(((0.05,0.,0.014),(0.049039,0.009755,0.014),(0.040212,0.007999,0.05),(0.041,0.,0.05),(0.046194,0.019134,0.014),(0.037879,0.01569,0.05),(0.041573,0.027779,0.014),(0.03409,0.022778,0.05),(0.035355,0.035355,0.014),(0.028991,0.028991,0.05),(0.027779,0.041573,0.014),(0.022778,0.03409,0.05),(0.019134,0.046194,0.014),(0.01569,0.037879,0.05),(0.009755,0.049039,0.014),(0.007999,0.040212,0.05),(0.,0.05,0.014),(0.,0.041,0.05),(-0.009755,0.049039,0.014),(-0.007999,0.040212,0.05),(-0.019134,0.046194,0.014),(-0.01569,0.037879,0.05),(-0.027779,0.041573,0.014),(-0.022778,0.03409,0.05),(-0.035355,0.035355,0.014),(-0.028991,0.028991,0.05),(-0.041573,0.027779,0.014),(-0.03409,0.022778,0.05),(-0.046194,0.019134,0.014),(-0.037879,0.01569,0.05),(-0.049039,0.009755,0.014),(-0.040212,0.007999,0.05),(-0.05,0.,0.014),(-0.041,0.,0.05),(-0.049039,-0.009755,0.014),(-0.040212,-0.007999,0.05),(-0.046194,-0.019134,0.014),(-0.037879,-0.01569,0.05),(-0.041573,-0.027779,0.014),(-0.03409,-0.022778,0.05),(-0.035355,-0.035355,0.014),(-0.028991,-0.028991,0.05),(-0.027779,-0.041573,0.014),(-0.022778,-0.03409,0.05),(-0.019134,-0.046194,0.014),(-0.01569,-0.037879,0.05),(-0.009755,-0.049039,0.014),(-0.007999,-0.040212,0.05),(0.,-0.05,0.014),(0.,-0.041,0.05),(0.009755,-0.049039,0.014),(0.007999,-0.040212,0.05),(0.019134,-0.046194,0.014),(0.01569,-0.037879,0.05),(0.027779,-0.041573,0.014),(0.022778,-0.03409,0.05),(0.035355,-0.035355,0.014),(0.028991,-0.028991,0.05),(0.041573,-0.027779,0.014),(0.03409,-0.022778,0.05),(0.046194,-0.019134,0.014),(0.037879,-0.01569,0.05),(0.049039,-0.009755,0.014),(0.040212,-0.007999,0.05)));
#9389=IFCPOLYGONALFACESET(#9388,.T.,(#9264,#9265,#9266,#9267,#9268,#9269,#9270,#9271,#9272,#9273,#9274,#9275,#9276,#9277,#9278,#9279,#9280,#9281,#9282,#9283,#9284,#9285,#9286,#9287,#9288,#9289,#9290,#9291,#9292,#9293,#9294,#9295,#9296,#9297,#9298,#9299,#9300,#9301,#9302,#9303,#9304,#9305,#9306,#9307,#9308,#9309,#9310,#9311,#9312,#9313,#9314,#9315,#9316,#9317,#9318,#9319,#9320,#9321,#9322,#9323,#9324,#9325,#9326,#9327,#9328,#9329,#9330,#9331,#9332,#9333,#9334,#9335,#9336,#9337,#9338,#9339,#9340,#9341,#9342,#9343,#9344,#9345,#9346,#9347,#9348,#9349,#9350,#9351,#9352,#9353,#9354,#9355,#9356,#9357,#9358,#9359,#9360,#9361,#9362,#9363,#9364,#9365,#9366,#9367,#9368,#9369,#9370,#9371,#9372,#9373,#9374,#9375,#9376,#9377,#9378,#9379,#9380,#9381,#9382,#9383,#9384,#9385,#9386,#9387),$);
#9390=IFCSTYLEDITEM(#9389,(#3816),$);
#9391=IFCINDEXEDPOLYGONALFACE((1,2,3));
#9392=IFCINDEXEDPOLYGONALFACE((1,3,4));
#9393=IFCINDEXEDPOLYGONALFACE((2,5,6));
#9394=IFCINDEXEDPOLYGONALFACE((2,6,3));
#9395=IFCINDEXEDPOLYGONALFACE((5,7,8));
#9396=IFCINDEXEDPOLYGONALFACE((5,8,6));
#9397=IFCINDEXEDPOLYGONALFACE((7,9,10));
#9398=IFCINDEXEDPOLYGONALFACE((7,10,8));
#9399=IFCINDEXEDPOLYGONALFACE((9,11,12));
#9400=IFCINDEXEDPOLYGONALFACE((9,12,10));
#9401=IFCINDEXEDPOLYGONALFACE((11,13,14));
#9402=IFCINDEXEDPOLYGONALFACE((11,14,12));
#9403=IFCINDEXEDPOLYGONALFACE((13,15,16));
#9404=IFCINDEXEDPOLYGONALFACE((13,16,14));
#9405=IFCINDEXEDPOLYGONALFACE((15,17,18));
#9406=IFCINDEXEDPOLYGONALFACE((15,18,16));
#9407=IFCINDEXEDPOLYGONALFACE((17,19,20));
#9408=IFCINDEXEDPOLYGONALFACE((17,20,18));
#9409=IFCINDEXEDPOLYGONALFACE((19,21,22));
#9410=IFCINDEXEDPOLYGONALFACE((19,22,20));
#9411=IFCINDEXEDPOLYGONALFACE((21,23,24));
#9412=IFCINDEXEDPOLYGONALFACE((21,24,22));
#9413=IFCINDEXEDPOLYGONALFACE((23,25,26));
#9414=IFCINDEXEDPOLYGONALFACE((23,26,24));
#9415=IFCINDEXEDPOLYGONALFACE((25,27,28));
#9416=IFCINDEXEDPOLYGONALFACE((25,28,26));
#9417=IFCINDEXEDPOLYGONALFACE((27,29,30));
#9418=IFCINDEXEDPOLYGONALFACE((27,30,28));
#9419=IFCINDEXEDPOLYGONALFACE((29,31,32));
#9420=IFCINDEXEDPOLYGONALFACE((29,32,30));
#9421=IFCINDEXEDPOLYGONALFACE((31,33,34));
#9422=IFCINDEXEDPOLYGONALFACE((31,34,32));
#9423=IFCINDEXEDPOLYGONALFACE((33,35,36));
#9424=IFCINDEXEDPOLYGONALFACE((33,36,34));
#9425=IFCINDEXEDPOLYGONALFACE((35,37,38));
#9426=IFCINDEXEDPOLYGONALFACE((35,38,36));
#9427=IFCINDEXEDPOLYGONALFACE((37,39,40));
#9428=IFCINDEXEDPOLYGONALFACE((37,40,38));
#9429=IFCINDEXEDPOLYGONALFACE((39,41,42));
#9430=IFCINDEXEDPOLYGONALFACE((39,42,40));
#9431=IFCINDEXEDPOLYGONALFACE((41,43,44));
#9432=IFCINDEXEDPOLYGONALFACE((41,44,42));
#9433=IFCINDEXEDPOLYGONALFACE((43,45,46));
#9434=IFCINDEXEDPOLYGONALFACE((43,46,44));
#9435=IFCINDEXEDPOLYGONALFACE((45,47,48));
#9436=IFCINDEXEDPOLYGONALFACE((45,48,46));
#9437=IFCINDEXEDPOLYGONALFACE((47,49,50));
#9438=IFCINDEXEDPOLYGONALFACE((47,50,48));
#9439=IFCINDEXEDPOLYGONALFACE((49,51,52));
#9440=IFCINDEXEDPOLYGONALFACE((49,52,50));
#9441=IFCINDEXEDPOLYGONALFACE((51,53,54));
#9442=IFCINDEXEDPOLYGONALFACE((51,54,52));
#9443=IFCINDEXEDPOLYGONALFACE((53,55,56));
#9444=IFCINDEXEDPOLYGONALFACE((53,56,54));
#9445=IFCINDEXEDPOLYGONALFACE((55,57,58));
#9446=IFCINDEXEDPOLYGONALFACE((55,58,56));
#9447=IFCINDEXEDPOLYGONALFACE((57,59,60));
#9448=IFCINDEXEDPOLYGONALFACE((57,60,58));
#9449=IFCINDEXEDPOLYGONALFACE((59,61,62));
#9450=IFCINDEXEDPOLYGONALFACE((59,62,60));
#9451=IFCINDEXEDPOLYGONALFACE((61,63,64));
#9452=IFCINDEXEDPOLYGONALFACE((61,64,62));
#9453=IFCINDEXEDPOLYGONALFACE((63,1,4));
#9454=IFCINDEXEDPOLYGONALFACE((63,4,64));
#9455=IFCINDEXEDPOLYGONALFACE((1,5,2));
#9456=IFCINDEXEDPOLYGONALFACE((4,3,6));
#9457=IFCINDEXEDPOLYGONALFACE((1,7,5));
#9458=IFCINDEXEDPOLYGONALFACE((4,6,8));
#9459=IFCINDEXEDPOLYGONALFACE((1,9,7));
#9460=IFCINDEXEDPOLYGONALFACE((4,8,10));
#9461=IFCINDEXEDPOLYGONALFACE((1,11,9));
#9462=IFCINDEXEDPOLYGONALFACE((4,10,12));
#9463=IFCINDEXEDPOLYGONALFACE((1,13,11));
#9464=IFCINDEXEDPOLYGONALFACE((4,12,14));
#9465=IFCINDEXEDPOLYGONALFACE((1,15,13));
#9466=IFCINDEXEDPOLYGONALFACE((4,14,16));
#9467=IFCINDEXEDPOLYGONALFACE((1,17,15));
#9468=IFCINDEXEDPOLYGONALFACE((4,16,18));
#9469=IFCINDEXEDPOLYGONALFACE((1,19,17));
#9470=IFCINDEXEDPOLYGONALFACE((4,18,20));
#9471=IFCINDEXEDPOLYGONALFACE((1,21,19));
#9472=IFCINDEXEDPOLYGONALFACE((4,20,22));
#9473=IFCINDEXEDPOLYGONALFACE((1,23,21));
#9474=IFCINDEXEDPOLYGONALFACE((4,22,24));
#9475=IFCINDEXEDPOLYGONALFACE((1,25,23));
#9476=IFCINDEXEDPOLYGONALFACE((4,24,26));
#9477=IFCINDEXEDPOLYGONALFACE((1,27,25));
#9478=IFCINDEXEDPOLYGONALFACE((4,26,28));
#9479=IFCINDEXEDPOLYGONALFACE((1,29,27));
#9480=IFCINDEXEDPOLYGONALFACE((4,28,30));
#9481=IFCINDEXEDPOLYGONALFACE((1,31,29));
#9482=IFCINDEXEDPOLYGONALFACE((4,30,32));
#9483=IFCINDEXEDPOLYGONALFACE((1,33,31));
#9484=IFCINDEXEDPOLYGONALFACE((4,32,34));
#9485=IFCINDEXEDPOLYGONALFACE((1,35,33));
#9486=IFCINDEXEDPOLYGONALFACE((4,34,36));
#9487=IFCINDEXEDPOLYGONALFACE((1,37,35));
#9488=IFCINDEXEDPOLYGONALFACE((4,36,38));
#9489=IFCINDEXEDPOLYGONALFACE((1,39,37));
#9490=IFCINDEXEDPOLYGONALFACE((4,38,40));
#9491=IFCINDEXEDPOLYGONALFACE((1,41,39));
#9492=IFCINDEXEDPOLYGONALFACE((4,40,42));
#9493=IFCINDEXEDPOLYGONALFACE((1,43,41));
#9494=IFCINDEXEDPOLYGONALFACE((4,42,44));
#9495=IFCINDEXEDPOLYGONALFACE((1,45,43));
#9496=IFCINDEXEDPOLYGONALFACE((4,44,46));
#9497=IFCINDEXEDPOLYGONALFACE((1,47,45));
#9498=IFCINDEXEDPOLYGONALFACE((4,46,48));
#9499=IFCINDEXEDPOLYGONALFACE((1,49,47));
#9500=IFCINDEXEDPOLYGONALFACE((4,48,50));
#9501=IFCINDEXEDPOLYGONALFACE((1,51,49));
#9502=IFCINDEXEDPOLYGONALFACE((4,50,52));
#9503=IFCINDEXEDPOLYGONALFACE((1,53,51));
#9504=IFCINDEXEDPOLYGONALFACE((4,52,54));
#9505=IFCINDEXEDPOLYGONALFACE((1,55,53));
#9506=IFCINDEXEDPOLYGONALFACE((4,54,56));
#9507=IFCINDEXEDPOLYGONALFACE((1,57,55));
#9508=IFCINDEXEDPOLYGONALFACE((4,56,58));
#9509=IFCINDEXEDPOLYGONALFACE((1,59,57));
#9510=IFCINDEXEDPOLYGONALFACE((4,58,60));
#9511=IFCINDEXEDPOLYGONALFACE((1,61,59));
#9512=IFCINDEXEDPOLYGONALFACE((4,60,62));
#9513=IFCINDEXEDPOLYGONALFACE((1,63,61));
#9514=IFCINDEXEDPOLYGONALFACE((4,62,64));
#9515=IFCCARTESIANPOINTLIST3D(((0.037,0.,0.),(0.036289,0.007218,0.),(0.039918,0.00794,0.0145),(0.0407,0.,0.0145),(0.034184,0.014159,0.),(0.037602,0.015575,0.0145),(0.030764,0.020556,0.),(0.033841,0.022612,0.0145),(0.026163,0.026163,0.),(0.028779,0.028779,0.0145),(0.020556,0.030764,0.),(0.022612,0.033841,0.0145),(0.014159,0.034184,0.),(0.015575,0.037602,0.0145),(0.007218,0.036289,0.),(0.00794,0.039918,0.0145),(0.,0.037,0.),(0.,0.0407,0.0145),(-0.007218,0.036289,0.),(-0.00794,0.039918,0.0145),(-0.014159,0.034184,0.),(-0.015575,0.037602,0.0145),(-0.020556,0.030764,0.),(-0.022612,0.033841,0.0145),(-0.026163,0.026163,0.),(-0.028779,0.028779,0.0145),(-0.030764,0.020556,0.),(-0.033841,0.022612,0.0145),(-0.034184,0.014159,0.),(-0.037602,0.015575,0.0145),(-0.036289,0.007218,0.),(-0.039918,0.00794,0.0145),(-0.037,0.,0.),(-0.0407,0.,0.0145),(-0.036289,-0.007218,0.),(-0.039918,-0.00794,0.0145),(-0.034184,-0.014159,0.),(-0.037602,-0.015575,0.0145),(-0.030764,-0.020556,0.),(-0.033841,-0.022612,0.0145),(-0.026163,-0.026163,0.),(-0.028779,-0.028779,0.0145),(-0.020556,-0.030764,0.),(-0.022612,-0.033841,0.0145),(-0.014159,-0.034184,0.),(-0.015575,-0.037602,0.0145),(-0.007218,-0.036289,0.),(-0.00794,-0.039918,0.0145),(0.,-0.037,0.),(0.,-0.0407,0.0145),(0.007218,-0.036289,0.),(0.00794,-0.039918,0.0145),(0.014159,-0.034184,0.),(0.015575,-0.037602,0.0145),(0.020556,-0.030764,0.),(0.022612,-0.033841,0.0145),(0.026163,-0.026163,0.),(0.028779,-0.028779,0.0145),(0.030764,-0.020556,0.),(0.033841,-0.022612,0.0145),(0.034184,-0.014159,0.),(0.037602,-0.015575,0.0145),(0.036289,-0.007218,0.),(0.039918,-0.00794,0.0145)));
#9516=IFCPOLYGONALFACESET(#9515,.T.,(#9391,#9392,#9393,#9394,#9395,#9396,#9397,#9398,#9399,#9400,#9401,#9402,#9403,#9404,#9405,#9406,#9407,#9408,#9409,#9410,#9411,#9412,#9413,#9414,#9415,#9416,#9417,#9418,#9419,#9420,#9421,#9422,#9423,#9424,#9425,#9426,#9427,#9428,#9429,#9430,#9431,#9432,#9433,#9434,#9435,#9436,#9437,#9438,#9439,#9440,#9441,#9442,#9443,#9444,#9445,#9446,#9447,#9448,#9449,#9450,#9451,#9452,#9453,#9454,#9455,#9456,#9457,#9458,#9459,#9460,#9461,#9462,#9463,#9464,#9465,#9466,#9467,#9468,#9469,#9470,#9471,#9472,#9473,#9474,#9475,#9476,#9477,#9478,#9479,#9480,#9481,#9482,#9483,#9484,#9485,#9486,#9487,#9488,#9489,#9490,#9491,#9492,#9493,#9494,#9495,#9496,#9497,#9498,#9499,#9500,#9501,#9502,#9503,#9504,#9505,#9506,#9507,#9508,#9509,#9510,#9511,#9512,#9513,#9514),$);
#9517=IFCSTYLEDITEM(#9516,(#5240),$);
#9518=IFCSHAPEREPRESENTATION(#12,'Body','Tessellation',(#9389,#9516));
#9519=IFCPRODUCTDEFINITIONSHAPE($,$,(#9518));
#9520=IFCLIGHTFIXTURE('3bvpinLtYxa7XxQ6_zrWGl',#5,'Spotlight','Skanna asset library',$,#9263,#9519,$,.POINTSOURCE.);
#9521=IFCCARTESIANPOINT((4.95,10.7,2.65));
#9522=IFCDIRECTION((0.,0.,1.));
#9523=IFCDIRECTION((0.,1.,0.));
#9524=IFCAXIS2PLACEMENT3D(#9521,#9522,#9523);
#9525=IFCLOCALPLACEMENT(#26,#9524);
#9526=IFCINDEXEDPOLYGONALFACE((1,2,3));
#9527=IFCINDEXEDPOLYGONALFACE((1,3,4));
#9528=IFCINDEXEDPOLYGONALFACE((2,5,6));
#9529=IFCINDEXEDPOLYGONALFACE((2,6,3));
#9530=IFCINDEXEDPOLYGONALFACE((5,7,8));
#9531=IFCINDEXEDPOLYGONALFACE((5,8,6));
#9532=IFCINDEXEDPOLYGONALFACE((7,9,10));
#9533=IFCINDEXEDPOLYGONALFACE((7,10,8));
#9534=IFCINDEXEDPOLYGONALFACE((9,11,12));
#9535=IFCINDEXEDPOLYGONALFACE((9,12,10));
#9536=IFCINDEXEDPOLYGONALFACE((11,13,14));
#9537=IFCINDEXEDPOLYGONALFACE((11,14,12));
#9538=IFCINDEXEDPOLYGONALFACE((13,15,16));
#9539=IFCINDEXEDPOLYGONALFACE((13,16,14));
#9540=IFCINDEXEDPOLYGONALFACE((15,17,18));
#9541=IFCINDEXEDPOLYGONALFACE((15,18,16));
#9542=IFCINDEXEDPOLYGONALFACE((17,19,20));
#9543=IFCINDEXEDPOLYGONALFACE((17,20,18));
#9544=IFCINDEXEDPOLYGONALFACE((19,21,22));
#9545=IFCINDEXEDPOLYGONALFACE((19,22,20));
#9546=IFCINDEXEDPOLYGONALFACE((21,23,24));
#9547=IFCINDEXEDPOLYGONALFACE((21,24,22));
#9548=IFCINDEXEDPOLYGONALFACE((23,25,26));
#9549=IFCINDEXEDPOLYGONALFACE((23,26,24));
#9550=IFCINDEXEDPOLYGONALFACE((25,27,28));
#9551=IFCINDEXEDPOLYGONALFACE((25,28,26));
#9552=IFCINDEXEDPOLYGONALFACE((27,29,30));
#9553=IFCINDEXEDPOLYGONALFACE((27,30,28));
#9554=IFCINDEXEDPOLYGONALFACE((29,31,32));
#9555=IFCINDEXEDPOLYGONALFACE((29,32,30));
#9556=IFCINDEXEDPOLYGONALFACE((31,33,34));
#9557=IFCINDEXEDPOLYGONALFACE((31,34,32));
#9558=IFCINDEXEDPOLYGONALFACE((33,35,36));
#9559=IFCINDEXEDPOLYGONALFACE((33,36,34));
#9560=IFCINDEXEDPOLYGONALFACE((35,37,38));
#9561=IFCINDEXEDPOLYGONALFACE((35,38,36));
#9562=IFCINDEXEDPOLYGONALFACE((37,39,40));
#9563=IFCINDEXEDPOLYGONALFACE((37,40,38));
#9564=IFCINDEXEDPOLYGONALFACE((39,41,42));
#9565=IFCINDEXEDPOLYGONALFACE((39,42,40));
#9566=IFCINDEXEDPOLYGONALFACE((41,43,44));
#9567=IFCINDEXEDPOLYGONALFACE((41,44,42));
#9568=IFCINDEXEDPOLYGONALFACE((43,45,46));
#9569=IFCINDEXEDPOLYGONALFACE((43,46,44));
#9570=IFCINDEXEDPOLYGONALFACE((45,47,48));
#9571=IFCINDEXEDPOLYGONALFACE((45,48,46));
#9572=IFCINDEXEDPOLYGONALFACE((47,49,50));
#9573=IFCINDEXEDPOLYGONALFACE((47,50,48));
#9574=IFCINDEXEDPOLYGONALFACE((49,51,52));
#9575=IFCINDEXEDPOLYGONALFACE((49,52,50));
#9576=IFCINDEXEDPOLYGONALFACE((51,53,54));
#9577=IFCINDEXEDPOLYGONALFACE((51,54,52));
#9578=IFCINDEXEDPOLYGONALFACE((53,55,56));
#9579=IFCINDEXEDPOLYGONALFACE((53,56,54));
#9580=IFCINDEXEDPOLYGONALFACE((55,57,58));
#9581=IFCINDEXEDPOLYGONALFACE((55,58,56));
#9582=IFCINDEXEDPOLYGONALFACE((57,59,60));
#9583=IFCINDEXEDPOLYGONALFACE((57,60,58));
#9584=IFCINDEXEDPOLYGONALFACE((59,61,62));
#9585=IFCINDEXEDPOLYGONALFACE((59,62,60));
#9586=IFCINDEXEDPOLYGONALFACE((61,63,64));
#9587=IFCINDEXEDPOLYGONALFACE((61,64,62));
#9588=IFCINDEXEDPOLYGONALFACE((63,1,4));
#9589=IFCINDEXEDPOLYGONALFACE((63,4,64));
#9590=IFCINDEXEDPOLYGONALFACE((1,5,2));
#9591=IFCINDEXEDPOLYGONALFACE((4,3,6));
#9592=IFCINDEXEDPOLYGONALFACE((1,7,5));
#9593=IFCINDEXEDPOLYGONALFACE((4,6,8));
#9594=IFCINDEXEDPOLYGONALFACE((1,9,7));
#9595=IFCINDEXEDPOLYGONALFACE((4,8,10));
#9596=IFCINDEXEDPOLYGONALFACE((1,11,9));
#9597=IFCINDEXEDPOLYGONALFACE((4,10,12));
#9598=IFCINDEXEDPOLYGONALFACE((1,13,11));
#9599=IFCINDEXEDPOLYGONALFACE((4,12,14));
#9600=IFCINDEXEDPOLYGONALFACE((1,15,13));
#9601=IFCINDEXEDPOLYGONALFACE((4,14,16));
#9602=IFCINDEXEDPOLYGONALFACE((1,17,15));
#9603=IFCINDEXEDPOLYGONALFACE((4,16,18));
#9604=IFCINDEXEDPOLYGONALFACE((1,19,17));
#9605=IFCINDEXEDPOLYGONALFACE((4,18,20));
#9606=IFCINDEXEDPOLYGONALFACE((1,21,19));
#9607=IFCINDEXEDPOLYGONALFACE((4,20,22));
#9608=IFCINDEXEDPOLYGONALFACE((1,23,21));
#9609=IFCINDEXEDPOLYGONALFACE((4,22,24));
#9610=IFCINDEXEDPOLYGONALFACE((1,25,23));
#9611=IFCINDEXEDPOLYGONALFACE((4,24,26));
#9612=IFCINDEXEDPOLYGONALFACE((1,27,25));
#9613=IFCINDEXEDPOLYGONALFACE((4,26,28));
#9614=IFCINDEXEDPOLYGONALFACE((1,29,27));
#9615=IFCINDEXEDPOLYGONALFACE((4,28,30));
#9616=IFCINDEXEDPOLYGONALFACE((1,31,29));
#9617=IFCINDEXEDPOLYGONALFACE((4,30,32));
#9618=IFCINDEXEDPOLYGONALFACE((1,33,31));
#9619=IFCINDEXEDPOLYGONALFACE((4,32,34));
#9620=IFCINDEXEDPOLYGONALFACE((1,35,33));
#9621=IFCINDEXEDPOLYGONALFACE((4,34,36));
#9622=IFCINDEXEDPOLYGONALFACE((1,37,35));
#9623=IFCINDEXEDPOLYGONALFACE((4,36,38));
#9624=IFCINDEXEDPOLYGONALFACE((1,39,37));
#9625=IFCINDEXEDPOLYGONALFACE((4,38,40));
#9626=IFCINDEXEDPOLYGONALFACE((1,41,39));
#9627=IFCINDEXEDPOLYGONALFACE((4,40,42));
#9628=IFCINDEXEDPOLYGONALFACE((1,43,41));
#9629=IFCINDEXEDPOLYGONALFACE((4,42,44));
#9630=IFCINDEXEDPOLYGONALFACE((1,45,43));
#9631=IFCINDEXEDPOLYGONALFACE((4,44,46));
#9632=IFCINDEXEDPOLYGONALFACE((1,47,45));
#9633=IFCINDEXEDPOLYGONALFACE((4,46,48));
#9634=IFCINDEXEDPOLYGONALFACE((1,49,47));
#9635=IFCINDEXEDPOLYGONALFACE((4,48,50));
#9636=IFCINDEXEDPOLYGONALFACE((1,51,49));
#9637=IFCINDEXEDPOLYGONALFACE((4,50,52));
#9638=IFCINDEXEDPOLYGONALFACE((1,53,51));
#9639=IFCINDEXEDPOLYGONALFACE((4,52,54));
#9640=IFCINDEXEDPOLYGONALFACE((1,55,53));
#9641=IFCINDEXEDPOLYGONALFACE((4,54,56));
#9642=IFCINDEXEDPOLYGONALFACE((1,57,55));
#9643=IFCINDEXEDPOLYGONALFACE((4,56,58));
#9644=IFCINDEXEDPOLYGONALFACE((1,59,57));
#9645=IFCINDEXEDPOLYGONALFACE((4,58,60));
#9646=IFCINDEXEDPOLYGONALFACE((1,61,59));
#9647=IFCINDEXEDPOLYGONALFACE((4,60,62));
#9648=IFCINDEXEDPOLYGONALFACE((1,63,61));
#9649=IFCINDEXEDPOLYGONALFACE((4,62,64));
#9650=IFCCARTESIANPOINTLIST3D(((0.05,0.,0.014),(0.049039,0.009755,0.014),(0.040212,0.007999,0.05),(0.041,0.,0.05),(0.046194,0.019134,0.014),(0.037879,0.01569,0.05),(0.041573,0.027779,0.014),(0.03409,0.022778,0.05),(0.035355,0.035355,0.014),(0.028991,0.028991,0.05),(0.027779,0.041573,0.014),(0.022778,0.03409,0.05),(0.019134,0.046194,0.014),(0.01569,0.037879,0.05),(0.009755,0.049039,0.014),(0.007999,0.040212,0.05),(0.,0.05,0.014),(0.,0.041,0.05),(-0.009755,0.049039,0.014),(-0.007999,0.040212,0.05),(-0.019134,0.046194,0.014),(-0.01569,0.037879,0.05),(-0.027779,0.041573,0.014),(-0.022778,0.03409,0.05),(-0.035355,0.035355,0.014),(-0.028991,0.028991,0.05),(-0.041573,0.027779,0.014),(-0.03409,0.022778,0.05),(-0.046194,0.019134,0.014),(-0.037879,0.01569,0.05),(-0.049039,0.009755,0.014),(-0.040212,0.007999,0.05),(-0.05,0.,0.014),(-0.041,0.,0.05),(-0.049039,-0.009755,0.014),(-0.040212,-0.007999,0.05),(-0.046194,-0.019134,0.014),(-0.037879,-0.01569,0.05),(-0.041573,-0.027779,0.014),(-0.03409,-0.022778,0.05),(-0.035355,-0.035355,0.014),(-0.028991,-0.028991,0.05),(-0.027779,-0.041573,0.014),(-0.022778,-0.03409,0.05),(-0.019134,-0.046194,0.014),(-0.01569,-0.037879,0.05),(-0.009755,-0.049039,0.014),(-0.007999,-0.040212,0.05),(0.,-0.05,0.014),(0.,-0.041,0.05),(0.009755,-0.049039,0.014),(0.007999,-0.040212,0.05),(0.019134,-0.046194,0.014),(0.01569,-0.037879,0.05),(0.027779,-0.041573,0.014),(0.022778,-0.03409,0.05),(0.035355,-0.035355,0.014),(0.028991,-0.028991,0.05),(0.041573,-0.027779,0.014),(0.03409,-0.022778,0.05),(0.046194,-0.019134,0.014),(0.037879,-0.01569,0.05),(0.049039,-0.009755,0.014),(0.040212,-0.007999,0.05)));
#9651=IFCPOLYGONALFACESET(#9650,.T.,(#9526,#9527,#9528,#9529,#9530,#9531,#9532,#9533,#9534,#9535,#9536,#9537,#9538,#9539,#9540,#9541,#9542,#9543,#9544,#9545,#9546,#9547,#9548,#9549,#9550,#9551,#9552,#9553,#9554,#9555,#9556,#9557,#9558,#9559,#9560,#9561,#9562,#9563,#9564,#9565,#9566,#9567,#9568,#9569,#9570,#9571,#9572,#9573,#9574,#9575,#9576,#9577,#9578,#9579,#9580,#9581,#9582,#9583,#9584,#9585,#9586,#9587,#9588,#9589,#9590,#9591,#9592,#9593,#9594,#9595,#9596,#9597,#9598,#9599,#9600,#9601,#9602,#9603,#9604,#9605,#9606,#9607,#9608,#9609,#9610,#9611,#9612,#9613,#9614,#9615,#9616,#9617,#9618,#9619,#9620,#9621,#9622,#9623,#9624,#9625,#9626,#9627,#9628,#9629,#9630,#9631,#9632,#9633,#9634,#9635,#9636,#9637,#9638,#9639,#9640,#9641,#9642,#9643,#9644,#9645,#9646,#9647,#9648,#9649),$);
#9652=IFCSTYLEDITEM(#9651,(#3816),$);
#9653=IFCINDEXEDPOLYGONALFACE((1,2,3));
#9654=IFCINDEXEDPOLYGONALFACE((1,3,4));
#9655=IFCINDEXEDPOLYGONALFACE((2,5,6));
#9656=IFCINDEXEDPOLYGONALFACE((2,6,3));
#9657=IFCINDEXEDPOLYGONALFACE((5,7,8));
#9658=IFCINDEXEDPOLYGONALFACE((5,8,6));
#9659=IFCINDEXEDPOLYGONALFACE((7,9,10));
#9660=IFCINDEXEDPOLYGONALFACE((7,10,8));
#9661=IFCINDEXEDPOLYGONALFACE((9,11,12));
#9662=IFCINDEXEDPOLYGONALFACE((9,12,10));
#9663=IFCINDEXEDPOLYGONALFACE((11,13,14));
#9664=IFCINDEXEDPOLYGONALFACE((11,14,12));
#9665=IFCINDEXEDPOLYGONALFACE((13,15,16));
#9666=IFCINDEXEDPOLYGONALFACE((13,16,14));
#9667=IFCINDEXEDPOLYGONALFACE((15,17,18));
#9668=IFCINDEXEDPOLYGONALFACE((15,18,16));
#9669=IFCINDEXEDPOLYGONALFACE((17,19,20));
#9670=IFCINDEXEDPOLYGONALFACE((17,20,18));
#9671=IFCINDEXEDPOLYGONALFACE((19,21,22));
#9672=IFCINDEXEDPOLYGONALFACE((19,22,20));
#9673=IFCINDEXEDPOLYGONALFACE((21,23,24));
#9674=IFCINDEXEDPOLYGONALFACE((21,24,22));
#9675=IFCINDEXEDPOLYGONALFACE((23,25,26));
#9676=IFCINDEXEDPOLYGONALFACE((23,26,24));
#9677=IFCINDEXEDPOLYGONALFACE((25,27,28));
#9678=IFCINDEXEDPOLYGONALFACE((25,28,26));
#9679=IFCINDEXEDPOLYGONALFACE((27,29,30));
#9680=IFCINDEXEDPOLYGONALFACE((27,30,28));
#9681=IFCINDEXEDPOLYGONALFACE((29,31,32));
#9682=IFCINDEXEDPOLYGONALFACE((29,32,30));
#9683=IFCINDEXEDPOLYGONALFACE((31,33,34));
#9684=IFCINDEXEDPOLYGONALFACE((31,34,32));
#9685=IFCINDEXEDPOLYGONALFACE((33,35,36));
#9686=IFCINDEXEDPOLYGONALFACE((33,36,34));
#9687=IFCINDEXEDPOLYGONALFACE((35,37,38));
#9688=IFCINDEXEDPOLYGONALFACE((35,38,36));
#9689=IFCINDEXEDPOLYGONALFACE((37,39,40));
#9690=IFCINDEXEDPOLYGONALFACE((37,40,38));
#9691=IFCINDEXEDPOLYGONALFACE((39,41,42));
#9692=IFCINDEXEDPOLYGONALFACE((39,42,40));
#9693=IFCINDEXEDPOLYGONALFACE((41,43,44));
#9694=IFCINDEXEDPOLYGONALFACE((41,44,42));
#9695=IFCINDEXEDPOLYGONALFACE((43,45,46));
#9696=IFCINDEXEDPOLYGONALFACE((43,46,44));
#9697=IFCINDEXEDPOLYGONALFACE((45,47,48));
#9698=IFCINDEXEDPOLYGONALFACE((45,48,46));
#9699=IFCINDEXEDPOLYGONALFACE((47,49,50));
#9700=IFCINDEXEDPOLYGONALFACE((47,50,48));
#9701=IFCINDEXEDPOLYGONALFACE((49,51,52));
#9702=IFCINDEXEDPOLYGONALFACE((49,52,50));
#9703=IFCINDEXEDPOLYGONALFACE((51,53,54));
#9704=IFCINDEXEDPOLYGONALFACE((51,54,52));
#9705=IFCINDEXEDPOLYGONALFACE((53,55,56));
#9706=IFCINDEXEDPOLYGONALFACE((53,56,54));
#9707=IFCINDEXEDPOLYGONALFACE((55,57,58));
#9708=IFCINDEXEDPOLYGONALFACE((55,58,56));
#9709=IFCINDEXEDPOLYGONALFACE((57,59,60));
#9710=IFCINDEXEDPOLYGONALFACE((57,60,58));
#9711=IFCINDEXEDPOLYGONALFACE((59,61,62));
#9712=IFCINDEXEDPOLYGONALFACE((59,62,60));
#9713=IFCINDEXEDPOLYGONALFACE((61,63,64));
#9714=IFCINDEXEDPOLYGONALFACE((61,64,62));
#9715=IFCINDEXEDPOLYGONALFACE((63,1,4));
#9716=IFCINDEXEDPOLYGONALFACE((63,4,64));
#9717=IFCINDEXEDPOLYGONALFACE((1,5,2));
#9718=IFCINDEXEDPOLYGONALFACE((4,3,6));
#9719=IFCINDEXEDPOLYGONALFACE((1,7,5));
#9720=IFCINDEXEDPOLYGONALFACE((4,6,8));
#9721=IFCINDEXEDPOLYGONALFACE((1,9,7));
#9722=IFCINDEXEDPOLYGONALFACE((4,8,10));
#9723=IFCINDEXEDPOLYGONALFACE((1,11,9));
#9724=IFCINDEXEDPOLYGONALFACE((4,10,12));
#9725=IFCINDEXEDPOLYGONALFACE((1,13,11));
#9726=IFCINDEXEDPOLYGONALFACE((4,12,14));
#9727=IFCINDEXEDPOLYGONALFACE((1,15,13));
#9728=IFCINDEXEDPOLYGONALFACE((4,14,16));
#9729=IFCINDEXEDPOLYGONALFACE((1,17,15));
#9730=IFCINDEXEDPOLYGONALFACE((4,16,18));
#9731=IFCINDEXEDPOLYGONALFACE((1,19,17));
#9732=IFCINDEXEDPOLYGONALFACE((4,18,20));
#9733=IFCINDEXEDPOLYGONALFACE((1,21,19));
#9734=IFCINDEXEDPOLYGONALFACE((4,20,22));
#9735=IFCINDEXEDPOLYGONALFACE((1,23,21));
#9736=IFCINDEXEDPOLYGONALFACE((4,22,24));
#9737=IFCINDEXEDPOLYGONALFACE((1,25,23));
#9738=IFCINDEXEDPOLYGONALFACE((4,24,26));
#9739=IFCINDEXEDPOLYGONALFACE((1,27,25));
#9740=IFCINDEXEDPOLYGONALFACE((4,26,28));
#9741=IFCINDEXEDPOLYGONALFACE((1,29,27));
#9742=IFCINDEXEDPOLYGONALFACE((4,28,30));
#9743=IFCINDEXEDPOLYGONALFACE((1,31,29));
#9744=IFCINDEXEDPOLYGONALFACE((4,30,32));
#9745=IFCINDEXEDPOLYGONALFACE((1,33,31));
#9746=IFCINDEXEDPOLYGONALFACE((4,32,34));
#9747=IFCINDEXEDPOLYGONALFACE((1,35,33));
#9748=IFCINDEXEDPOLYGONALFACE((4,34,36));
#9749=IFCINDEXEDPOLYGONALFACE((1,37,35));
#9750=IFCINDEXEDPOLYGONALFACE((4,36,38));
#9751=IFCINDEXEDPOLYGONALFACE((1,39,37));
#9752=IFCINDEXEDPOLYGONALFACE((4,38,40));
#9753=IFCINDEXEDPOLYGONALFACE((1,41,39));
#9754=IFCINDEXEDPOLYGONALFACE((4,40,42));
#9755=IFCINDEXEDPOLYGONALFACE((1,43,41));
#9756=IFCINDEXEDPOLYGONALFACE((4,42,44));
#9757=IFCINDEXEDPOLYGONALFACE((1,45,43));
#9758=IFCINDEXEDPOLYGONALFACE((4,44,46));
#9759=IFCINDEXEDPOLYGONALFACE((1,47,45));
#9760=IFCINDEXEDPOLYGONALFACE((4,46,48));
#9761=IFCINDEXEDPOLYGONALFACE((1,49,47));
#9762=IFCINDEXEDPOLYGONALFACE((4,48,50));
#9763=IFCINDEXEDPOLYGONALFACE((1,51,49));
#9764=IFCINDEXEDPOLYGONALFACE((4,50,52));
#9765=IFCINDEXEDPOLYGONALFACE((1,53,51));
#9766=IFCINDEXEDPOLYGONALFACE((4,52,54));
#9767=IFCINDEXEDPOLYGONALFACE((1,55,53));
#9768=IFCINDEXEDPOLYGONALFACE((4,54,56));
#9769=IFCINDEXEDPOLYGONALFACE((1,57,55));
#9770=IFCINDEXEDPOLYGONALFACE((4,56,58));
#9771=IFCINDEXEDPOLYGONALFACE((1,59,57));
#9772=IFCINDEXEDPOLYGONALFACE((4,58,60));
#9773=IFCINDEXEDPOLYGONALFACE((1,61,59));
#9774=IFCINDEXEDPOLYGONALFACE((4,60,62));
#9775=IFCINDEXEDPOLYGONALFACE((1,63,61));
#9776=IFCINDEXEDPOLYGONALFACE((4,62,64));
#9777=IFCCARTESIANPOINTLIST3D(((0.037,0.,0.),(0.036289,0.007218,0.),(0.039918,0.00794,0.0145),(0.0407,0.,0.0145),(0.034184,0.014159,0.),(0.037602,0.015575,0.0145),(0.030764,0.020556,0.),(0.033841,0.022612,0.0145),(0.026163,0.026163,0.),(0.028779,0.028779,0.0145),(0.020556,0.030764,0.),(0.022612,0.033841,0.0145),(0.014159,0.034184,0.),(0.015575,0.037602,0.0145),(0.007218,0.036289,0.),(0.00794,0.039918,0.0145),(0.,0.037,0.),(0.,0.0407,0.0145),(-0.007218,0.036289,0.),(-0.00794,0.039918,0.0145),(-0.014159,0.034184,0.),(-0.015575,0.037602,0.0145),(-0.020556,0.030764,0.),(-0.022612,0.033841,0.0145),(-0.026163,0.026163,0.),(-0.028779,0.028779,0.0145),(-0.030764,0.020556,0.),(-0.033841,0.022612,0.0145),(-0.034184,0.014159,0.),(-0.037602,0.015575,0.0145),(-0.036289,0.007218,0.),(-0.039918,0.00794,0.0145),(-0.037,0.,0.),(-0.0407,0.,0.0145),(-0.036289,-0.007218,0.),(-0.039918,-0.00794,0.0145),(-0.034184,-0.014159,0.),(-0.037602,-0.015575,0.0145),(-0.030764,-0.020556,0.),(-0.033841,-0.022612,0.0145),(-0.026163,-0.026163,0.),(-0.028779,-0.028779,0.0145),(-0.020556,-0.030764,0.),(-0.022612,-0.033841,0.0145),(-0.014159,-0.034184,0.),(-0.015575,-0.037602,0.0145),(-0.007218,-0.036289,0.),(-0.00794,-0.039918,0.0145),(0.,-0.037,0.),(0.,-0.0407,0.0145),(0.007218,-0.036289,0.),(0.00794,-0.039918,0.0145),(0.014159,-0.034184,0.),(0.015575,-0.037602,0.0145),(0.020556,-0.030764,0.),(0.022612,-0.033841,0.0145),(0.026163,-0.026163,0.),(0.028779,-0.028779,0.0145),(0.030764,-0.020556,0.),(0.033841,-0.022612,0.0145),(0.034184,-0.014159,0.),(0.037602,-0.015575,0.0145),(0.036289,-0.007218,0.),(0.039918,-0.00794,0.0145)));
#9778=IFCPOLYGONALFACESET(#9777,.T.,(#9653,#9654,#9655,#9656,#9657,#9658,#9659,#9660,#9661,#9662,#9663,#9664,#9665,#9666,#9667,#9668,#9669,#9670,#9671,#9672,#9673,#9674,#9675,#9676,#9677,#9678,#9679,#9680,#9681,#9682,#9683,#9684,#9685,#9686,#9687,#9688,#9689,#9690,#9691,#9692,#9693,#9694,#9695,#9696,#9697,#9698,#9699,#9700,#9701,#9702,#9703,#9704,#9705,#9706,#9707,#9708,#9709,#9710,#9711,#9712,#9713,#9714,#9715,#9716,#9717,#9718,#9719,#9720,#9721,#9722,#9723,#9724,#9725,#9726,#9727,#9728,#9729,#9730,#9731,#9732,#9733,#9734,#9735,#9736,#9737,#9738,#9739,#9740,#9741,#9742,#9743,#9744,#9745,#9746,#9747,#9748,#9749,#9750,#9751,#9752,#9753,#9754,#9755,#9756,#9757,#9758,#9759,#9760,#9761,#9762,#9763,#9764,#9765,#9766,#9767,#9768,#9769,#9770,#9771,#9772,#9773,#9774,#9775,#9776),$);
#9779=IFCSTYLEDITEM(#9778,(#5240),$);
#9780=IFCSHAPEREPRESENTATION(#12,'Body','Tessellation',(#9651,#9778));
#9781=IFCPRODUCTDEFINITIONSHAPE($,$,(#9780));
#9782=IFCLIGHTFIXTURE('15DoYX2UhyDB6FcNUVMMr_',#5,'Spotlight','Skanna asset library',$,#9525,#9781,$,.POINTSOURCE.);
#9783=IFCCARTESIANPOINT((4.95,11.49,2.65));
#9784=IFCDIRECTION((0.,0.,1.));
#9785=IFCDIRECTION((0.,1.,0.));
#9786=IFCAXIS2PLACEMENT3D(#9783,#9784,#9785);
#9787=IFCLOCALPLACEMENT(#26,#9786);
#9788=IFCINDEXEDPOLYGONALFACE((1,2,3));
#9789=IFCINDEXEDPOLYGONALFACE((1,3,4));
#9790=IFCINDEXEDPOLYGONALFACE((2,5,6));
#9791=IFCINDEXEDPOLYGONALFACE((2,6,3));
#9792=IFCINDEXEDPOLYGONALFACE((5,7,8));
#9793=IFCINDEXEDPOLYGONALFACE((5,8,6));
#9794=IFCINDEXEDPOLYGONALFACE((7,9,10));
#9795=IFCINDEXEDPOLYGONALFACE((7,10,8));
#9796=IFCINDEXEDPOLYGONALFACE((9,11,12));
#9797=IFCINDEXEDPOLYGONALFACE((9,12,10));
#9798=IFCINDEXEDPOLYGONALFACE((11,13,14));
#9799=IFCINDEXEDPOLYGONALFACE((11,14,12));
#9800=IFCINDEXEDPOLYGONALFACE((13,15,16));
#9801=IFCINDEXEDPOLYGONALFACE((13,16,14));
#9802=IFCINDEXEDPOLYGONALFACE((15,17,18));
#9803=IFCINDEXEDPOLYGONALFACE((15,18,16));
#9804=IFCINDEXEDPOLYGONALFACE((17,19,20));
#9805=IFCINDEXEDPOLYGONALFACE((17,20,18));
#9806=IFCINDEXEDPOLYGONALFACE((19,21,22));
#9807=IFCINDEXEDPOLYGONALFACE((19,22,20));
#9808=IFCINDEXEDPOLYGONALFACE((21,23,24));
#9809=IFCINDEXEDPOLYGONALFACE((21,24,22));
#9810=IFCINDEXEDPOLYGONALFACE((23,25,26));
#9811=IFCINDEXEDPOLYGONALFACE((23,26,24));
#9812=IFCINDEXEDPOLYGONALFACE((25,27,28));
#9813=IFCINDEXEDPOLYGONALFACE((25,28,26));
#9814=IFCINDEXEDPOLYGONALFACE((27,29,30));
#9815=IFCINDEXEDPOLYGONALFACE((27,30,28));
#9816=IFCINDEXEDPOLYGONALFACE((29,31,32));
#9817=IFCINDEXEDPOLYGONALFACE((29,32,30));
#9818=IFCINDEXEDPOLYGONALFACE((31,33,34));
#9819=IFCINDEXEDPOLYGONALFACE((31,34,32));
#9820=IFCINDEXEDPOLYGONALFACE((33,35,36));
#9821=IFCINDEXEDPOLYGONALFACE((33,36,34));
#9822=IFCINDEXEDPOLYGONALFACE((35,37,38));
#9823=IFCINDEXEDPOLYGONALFACE((35,38,36));
#9824=IFCINDEXEDPOLYGONALFACE((37,39,40));
#9825=IFCINDEXEDPOLYGONALFACE((37,40,38));
#9826=IFCINDEXEDPOLYGONALFACE((39,41,42));
#9827=IFCINDEXEDPOLYGONALFACE((39,42,40));
#9828=IFCINDEXEDPOLYGONALFACE((41,43,44));
#9829=IFCINDEXEDPOLYGONALFACE((41,44,42));
#9830=IFCINDEXEDPOLYGONALFACE((43,45,46));
#9831=IFCINDEXEDPOLYGONALFACE((43,46,44));
#9832=IFCINDEXEDPOLYGONALFACE((45,47,48));
#9833=IFCINDEXEDPOLYGONALFACE((45,48,46));
#9834=IFCINDEXEDPOLYGONALFACE((47,49,50));
#9835=IFCINDEXEDPOLYGONALFACE((47,50,48));
#9836=IFCINDEXEDPOLYGONALFACE((49,51,52));
#9837=IFCINDEXEDPOLYGONALFACE((49,52,50));
#9838=IFCINDEXEDPOLYGONALFACE((51,53,54));
#9839=IFCINDEXEDPOLYGONALFACE((51,54,52));
#9840=IFCINDEXEDPOLYGONALFACE((53,55,56));
#9841=IFCINDEXEDPOLYGONALFACE((53,56,54));
#9842=IFCINDEXEDPOLYGONALFACE((55,57,58));
#9843=IFCINDEXEDPOLYGONALFACE((55,58,56));
#9844=IFCINDEXEDPOLYGONALFACE((57,59,60));
#9845=IFCINDEXEDPOLYGONALFACE((57,60,58));
#9846=IFCINDEXEDPOLYGONALFACE((59,61,62));
#9847=IFCINDEXEDPOLYGONALFACE((59,62,60));
#9848=IFCINDEXEDPOLYGONALFACE((61,63,64));
#9849=IFCINDEXEDPOLYGONALFACE((61,64,62));
#9850=IFCINDEXEDPOLYGONALFACE((63,1,4));
#9851=IFCINDEXEDPOLYGONALFACE((63,4,64));
#9852=IFCINDEXEDPOLYGONALFACE((1,5,2));
#9853=IFCINDEXEDPOLYGONALFACE((4,3,6));
#9854=IFCINDEXEDPOLYGONALFACE((1,7,5));
#9855=IFCINDEXEDPOLYGONALFACE((4,6,8));
#9856=IFCINDEXEDPOLYGONALFACE((1,9,7));
#9857=IFCINDEXEDPOLYGONALFACE((4,8,10));
#9858=IFCINDEXEDPOLYGONALFACE((1,11,9));
#9859=IFCINDEXEDPOLYGONALFACE((4,10,12));
#9860=IFCINDEXEDPOLYGONALFACE((1,13,11));
#9861=IFCINDEXEDPOLYGONALFACE((4,12,14));
#9862=IFCINDEXEDPOLYGONALFACE((1,15,13));
#9863=IFCINDEXEDPOLYGONALFACE((4,14,16));
#9864=IFCINDEXEDPOLYGONALFACE((1,17,15));
#9865=IFCINDEXEDPOLYGONALFACE((4,16,18));
#9866=IFCINDEXEDPOLYGONALFACE((1,19,17));
#9867=IFCINDEXEDPOLYGONALFACE((4,18,20));
#9868=IFCINDEXEDPOLYGONALFACE((1,21,19));
#9869=IFCINDEXEDPOLYGONALFACE((4,20,22));
#9870=IFCINDEXEDPOLYGONALFACE((1,23,21));
#9871=IFCINDEXEDPOLYGONALFACE((4,22,24));
#9872=IFCINDEXEDPOLYGONALFACE((1,25,23));
#9873=IFCINDEXEDPOLYGONALFACE((4,24,26));
#9874=IFCINDEXEDPOLYGONALFACE((1,27,25));
#9875=IFCINDEXEDPOLYGONALFACE((4,26,28));
#9876=IFCINDEXEDPOLYGONALFACE((1,29,27));
#9877=IFCINDEXEDPOLYGONALFACE((4,28,30));
#9878=IFCINDEXEDPOLYGONALFACE((1,31,29));
#9879=IFCINDEXEDPOLYGONALFACE((4,30,32));
#9880=IFCINDEXEDPOLYGONALFACE((1,33,31));
#9881=IFCINDEXEDPOLYGONALFACE((4,32,34));
#9882=IFCINDEXEDPOLYGONALFACE((1,35,33));
#9883=IFCINDEXEDPOLYGONALFACE((4,34,36));
#9884=IFCINDEXEDPOLYGONALFACE((1,37,35));
#9885=IFCINDEXEDPOLYGONALFACE((4,36,38));
#9886=IFCINDEXEDPOLYGONALFACE((1,39,37));
#9887=IFCINDEXEDPOLYGONALFACE((4,38,40));
#9888=IFCINDEXEDPOLYGONALFACE((1,41,39));
#9889=IFCINDEXEDPOLYGONALFACE((4,40,42));
#9890=IFCINDEXEDPOLYGONALFACE((1,43,41));
#9891=IFCINDEXEDPOLYGONALFACE((4,42,44));
#9892=IFCINDEXEDPOLYGONALFACE((1,45,43));
#9893=IFCINDEXEDPOLYGONALFACE((4,44,46));
#9894=IFCINDEXEDPOLYGONALFACE((1,47,45));
#9895=IFCINDEXEDPOLYGONALFACE((4,46,48));
#9896=IFCINDEXEDPOLYGONALFACE((1,49,47));
#9897=IFCINDEXEDPOLYGONALFACE((4,48,50));
#9898=IFCINDEXEDPOLYGONALFACE((1,51,49));
#9899=IFCINDEXEDPOLYGONALFACE((4,50,52));
#9900=IFCINDEXEDPOLYGONALFACE((1,53,51));
#9901=IFCINDEXEDPOLYGONALFACE((4,52,54));
#9902=IFCINDEXEDPOLYGONALFACE((1,55,53));
#9903=IFCINDEXEDPOLYGONALFACE((4,54,56));
#9904=IFCINDEXEDPOLYGONALFACE((1,57,55));
#9905=IFCINDEXEDPOLYGONALFACE((4,56,58));
#9906=IFCINDEXEDPOLYGONALFACE((1,59,57));
#9907=IFCINDEXEDPOLYGONALFACE((4,58,60));
#9908=IFCINDEXEDPOLYGONALFACE((1,61,59));
#9909=IFCINDEXEDPOLYGONALFACE((4,60,62));
#9910=IFCINDEXEDPOLYGONALFACE((1,63,61));
#9911=IFCINDEXEDPOLYGONALFACE((4,62,64));
#9912=IFCCARTESIANPOINTLIST3D(((0.05,0.,0.014),(0.049039,0.009755,0.014),(0.040212,0.007999,0.05),(0.041,0.,0.05),(0.046194,0.019134,0.014),(0.037879,0.01569,0.05),(0.041573,0.027779,0.014),(0.03409,0.022778,0.05),(0.035355,0.035355,0.014),(0.028991,0.028991,0.05),(0.027779,0.041573,0.014),(0.022778,0.03409,0.05),(0.019134,0.046194,0.014),(0.01569,0.037879,0.05),(0.009755,0.049039,0.014),(0.007999,0.040212,0.05),(0.,0.05,0.014),(0.,0.041,0.05),(-0.009755,0.049039,0.014),(-0.007999,0.040212,0.05),(-0.019134,0.046194,0.014),(-0.01569,0.037879,0.05),(-0.027779,0.041573,0.014),(-0.022778,0.03409,0.05),(-0.035355,0.035355,0.014),(-0.028991,0.028991,0.05),(-0.041573,0.027779,0.014),(-0.03409,0.022778,0.05),(-0.046194,0.019134,0.014),(-0.037879,0.01569,0.05),(-0.049039,0.009755,0.014),(-0.040212,0.007999,0.05),(-0.05,0.,0.014),(-0.041,0.,0.05),(-0.049039,-0.009755,0.014),(-0.040212,-0.007999,0.05),(-0.046194,-0.019134,0.014),(-0.037879,-0.01569,0.05),(-0.041573,-0.027779,0.014),(-0.03409,-0.022778,0.05),(-0.035355,-0.035355,0.014),(-0.028991,-0.028991,0.05),(-0.027779,-0.041573,0.014),(-0.022778,-0.03409,0.05),(-0.019134,-0.046194,0.014),(-0.01569,-0.037879,0.05),(-0.009755,-0.049039,0.014),(-0.007999,-0.040212,0.05),(0.,-0.05,0.014),(0.,-0.041,0.05),(0.009755,-0.049039,0.014),(0.007999,-0.040212,0.05),(0.019134,-0.046194,0.014),(0.01569,-0.037879,0.05),(0.027779,-0.041573,0.014),(0.022778,-0.03409,0.05),(0.035355,-0.035355,0.014),(0.028991,-0.028991,0.05),(0.041573,-0.027779,0.014),(0.03409,-0.022778,0.05),(0.046194,-0.019134,0.014),(0.037879,-0.01569,0.05),(0.049039,-0.009755,0.014),(0.040212,-0.007999,0.05)));
#9913=IFCPOLYGONALFACESET(#9912,.T.,(#9788,#9789,#9790,#9791,#9792,#9793,#9794,#9795,#9796,#9797,#9798,#9799,#9800,#9801,#9802,#9803,#9804,#9805,#9806,#9807,#9808,#9809,#9810,#9811,#9812,#9813,#9814,#9815,#9816,#9817,#9818,#9819,#9820,#9821,#9822,#9823,#9824,#9825,#9826,#9827,#9828,#9829,#9830,#9831,#9832,#9833,#9834,#9835,#9836,#9837,#9838,#9839,#9840,#9841,#9842,#9843,#9844,#9845,#9846,#9847,#9848,#9849,#9850,#9851,#9852,#9853,#9854,#9855,#9856,#9857,#9858,#9859,#9860,#9861,#9862,#9863,#9864,#9865,#9866,#9867,#9868,#9869,#9870,#9871,#9872,#9873,#9874,#9875,#9876,#9877,#9878,#9879,#9880,#9881,#9882,#9883,#9884,#9885,#9886,#9887,#9888,#9889,#9890,#9891,#9892,#9893,#9894,#9895,#9896,#9897,#9898,#9899,#9900,#9901,#9902,#9903,#9904,#9905,#9906,#9907,#9908,#9909,#9910,#9911),$);
#9914=IFCSTYLEDITEM(#9913,(#3816),$);
#9915=IFCINDEXEDPOLYGONALFACE((1,2,3));
#9916=IFCINDEXEDPOLYGONALFACE((1,3,4));
#9917=IFCINDEXEDPOLYGONALFACE((2,5,6));
#9918=IFCINDEXEDPOLYGONALFACE((2,6,3));
#9919=IFCINDEXEDPOLYGONALFACE((5,7,8));
#9920=IFCINDEXEDPOLYGONALFACE((5,8,6));
#9921=IFCINDEXEDPOLYGONALFACE((7,9,10));
#9922=IFCINDEXEDPOLYGONALFACE((7,10,8));
#9923=IFCINDEXEDPOLYGONALFACE((9,11,12));
#9924=IFCINDEXEDPOLYGONALFACE((9,12,10));
#9925=IFCINDEXEDPOLYGONALFACE((11,13,14));
#9926=IFCINDEXEDPOLYGONALFACE((11,14,12));
#9927=IFCINDEXEDPOLYGONALFACE((13,15,16));
#9928=IFCINDEXEDPOLYGONALFACE((13,16,14));
#9929=IFCINDEXEDPOLYGONALFACE((15,17,18));
#9930=IFCINDEXEDPOLYGONALFACE((15,18,16));
#9931=IFCINDEXEDPOLYGONALFACE((17,19,20));
#9932=IFCINDEXEDPOLYGONALFACE((17,20,18));
#9933=IFCINDEXEDPOLYGONALFACE((19,21,22));
#9934=IFCINDEXEDPOLYGONALFACE((19,22,20));
#9935=IFCINDEXEDPOLYGONALFACE((21,23,24));
#9936=IFCINDEXEDPOLYGONALFACE((21,24,22));
#9937=IFCINDEXEDPOLYGONALFACE((23,25,26));
#9938=IFCINDEXEDPOLYGONALFACE((23,26,24));
#9939=IFCINDEXEDPOLYGONALFACE((25,27,28));
#9940=IFCINDEXEDPOLYGONALFACE((25,28,26));
#9941=IFCINDEXEDPOLYGONALFACE((27,29,30));
#9942=IFCINDEXEDPOLYGONALFACE((27,30,28));
#9943=IFCINDEXEDPOLYGONALFACE((29,31,32));
#9944=IFCINDEXEDPOLYGONALFACE((29,32,30));
#9945=IFCINDEXEDPOLYGONALFACE((31,33,34));
#9946=IFCINDEXEDPOLYGONALFACE((31,34,32));
#9947=IFCINDEXEDPOLYGONALFACE((33,35,36));
#9948=IFCINDEXEDPOLYGONALFACE((33,36,34));
#9949=IFCINDEXEDPOLYGONALFACE((35,37,38));
#9950=IFCINDEXEDPOLYGONALFACE((35,38,36));
#9951=IFCINDEXEDPOLYGONALFACE((37,39,40));
#9952=IFCINDEXEDPOLYGONALFACE((37,40,38));
#9953=IFCINDEXEDPOLYGONALFACE((39,41,42));
#9954=IFCINDEXEDPOLYGONALFACE((39,42,40));
#9955=IFCINDEXEDPOLYGONALFACE((41,43,44));
#9956=IFCINDEXEDPOLYGONALFACE((41,44,42));
#9957=IFCINDEXEDPOLYGONALFACE((43,45,46));
#9958=IFCINDEXEDPOLYGONALFACE((43,46,44));
#9959=IFCINDEXEDPOLYGONALFACE((45,47,48));
#9960=IFCINDEXEDPOLYGONALFACE((45,48,46));
#9961=IFCINDEXEDPOLYGONALFACE((47,49,50));
#9962=IFCINDEXEDPOLYGONALFACE((47,50,48));
#9963=IFCINDEXEDPOLYGONALFACE((49,51,52));
#9964=IFCINDEXEDPOLYGONALFACE((49,52,50));
#9965=IFCINDEXEDPOLYGONALFACE((51,53,54));
#9966=IFCINDEXEDPOLYGONALFACE((51,54,52));
#9967=IFCINDEXEDPOLYGONALFACE((53,55,56));
#9968=IFCINDEXEDPOLYGONALFACE((53,56,54));
#9969=IFCINDEXEDPOLYGONALFACE((55,57,58));
#9970=IFCINDEXEDPOLYGONALFACE((55,58,56));
#9971=IFCINDEXEDPOLYGONALFACE((57,59,60));
#9972=IFCINDEXEDPOLYGONALFACE((57,60,58));
#9973=IFCINDEXEDPOLYGONALFACE((59,61,62));
#9974=IFCINDEXEDPOLYGONALFACE((59,62,60));
#9975=IFCINDEXEDPOLYGONALFACE((61,63,64));
#9976=IFCINDEXEDPOLYGONALFACE((61,64,62));
#9977=IFCINDEXEDPOLYGONALFACE((63,1,4));
#9978=IFCINDEXEDPOLYGONALFACE((63,4,64));
#9979=IFCINDEXEDPOLYGONALFACE((1,5,2));
#9980=IFCINDEXEDPOLYGONALFACE((4,3,6));
#9981=IFCINDEXEDPOLYGONALFACE((1,7,5));
#9982=IFCINDEXEDPOLYGONALFACE((4,6,8));
#9983=IFCINDEXEDPOLYGONALFACE((1,9,7));
#9984=IFCINDEXEDPOLYGONALFACE((4,8,10));
#9985=IFCINDEXEDPOLYGONALFACE((1,11,9));
#9986=IFCINDEXEDPOLYGONALFACE((4,10,12));
#9987=IFCINDEXEDPOLYGONALFACE((1,13,11));
#9988=IFCINDEXEDPOLYGONALFACE((4,12,14));
#9989=IFCINDEXEDPOLYGONALFACE((1,15,13));
#9990=IFCINDEXEDPOLYGONALFACE((4,14,16));
#9991=IFCINDEXEDPOLYGONALFACE((1,17,15));
#9992=IFCINDEXEDPOLYGONALFACE((4,16,18));
#9993=IFCINDEXEDPOLYGONALFACE((1,19,17));
#9994=IFCINDEXEDPOLYGONALFACE((4,18,20));
#9995=IFCINDEXEDPOLYGONALFACE((1,21,19));
#9996=IFCINDEXEDPOLYGONALFACE((4,20,22));
#9997=IFCINDEXEDPOLYGONALFACE((1,23,21));
#9998=IFCINDEXEDPOLYGONALFACE((4,22,24));
#9999=IFCINDEXEDPOLYGONALFACE((1,25,23));
#10000=IFCINDEXEDPOLYGONALFACE((4,24,26));
#10001=IFCINDEXEDPOLYGONALFACE((1,27,25));
#10002=IFCINDEXEDPOLYGONALFACE((4,26,28));
#10003=IFCINDEXEDPOLYGONALFACE((1,29,27));
#10004=IFCINDEXEDPOLYGONALFACE((4,28,30));
#10005=IFCINDEXEDPOLYGONALFACE((1,31,29));
#10006=IFCINDEXEDPOLYGONALFACE((4,30,32));
#10007=IFCINDEXEDPOLYGONALFACE((1,33,31));
#10008=IFCINDEXEDPOLYGONALFACE((4,32,34));
#10009=IFCINDEXEDPOLYGONALFACE((1,35,33));
#10010=IFCINDEXEDPOLYGONALFACE((4,34,36));
#10011=IFCINDEXEDPOLYGONALFACE((1,37,35));
#10012=IFCINDEXEDPOLYGONALFACE((4,36,38));
#10013=IFCINDEXEDPOLYGONALFACE((1,39,37));
#10014=IFCINDEXEDPOLYGONALFACE((4,38,40));
#10015=IFCINDEXEDPOLYGONALFACE((1,41,39));
#10016=IFCINDEXEDPOLYGONALFACE((4,40,42));
#10017=IFCINDEXEDPOLYGONALFACE((1,43,41));
#10018=IFCINDEXEDPOLYGONALFACE((4,42,44));
#10019=IFCINDEXEDPOLYGONALFACE((1,45,43));
#10020=IFCINDEXEDPOLYGONALFACE((4,44,46));
#10021=IFCINDEXEDPOLYGONALFACE((1,47,45));
#10022=IFCINDEXEDPOLYGONALFACE((4,46,48));
#10023=IFCINDEXEDPOLYGONALFACE((1,49,47));
#10024=IFCINDEXEDPOLYGONALFACE((4,48,50));
#10025=IFCINDEXEDPOLYGONALFACE((1,51,49));
#10026=IFCINDEXEDPOLYGONALFACE((4,50,52));
#10027=IFCINDEXEDPOLYGONALFACE((1,53,51));
#10028=IFCINDEXEDPOLYGONALFACE((4,52,54));
#10029=IFCINDEXEDPOLYGONALFACE((1,55,53));
#10030=IFCINDEXEDPOLYGONALFACE((4,54,56));
#10031=IFCINDEXEDPOLYGONALFACE((1,57,55));
#10032=IFCINDEXEDPOLYGONALFACE((4,56,58));
#10033=IFCINDEXEDPOLYGONALFACE((1,59,57));
#10034=IFCINDEXEDPOLYGONALFACE((4,58,60));
#10035=IFCINDEXEDPOLYGONALFACE((1,61,59));
#10036=IFCINDEXEDPOLYGONALFACE((4,60,62));
#10037=IFCINDEXEDPOLYGONALFACE((1,63,61));
#10038=IFCINDEXEDPOLYGONALFACE((4,62,64));
#10039=IFCCARTESIANPOINTLIST3D(((0.037,0.,0.),(0.036289,0.007218,0.),(0.039918,0.00794,0.0145),(0.0407,0.,0.0145),(0.034184,0.014159,0.),(0.037602,0.015575,0.0145),(0.030764,0.020556,0.),(0.033841,0.022612,0.0145),(0.026163,0.026163,0.),(0.028779,0.028779,0.0145),(0.020556,0.030764,0.),(0.022612,0.033841,0.0145),(0.014159,0.034184,0.),(0.015575,0.037602,0.0145),(0.007218,0.036289,0.),(0.00794,0.039918,0.0145),(0.,0.037,0.),(0.,0.0407,0.0145),(-0.007218,0.036289,0.),(-0.00794,0.039918,0.0145),(-0.014159,0.034184,0.),(-0.015575,0.037602,0.0145),(-0.020556,0.030764,0.),(-0.022612,0.033841,0.0145),(-0.026163,0.026163,0.),(-0.028779,0.028779,0.0145),(-0.030764,0.020556,0.),(-0.033841,0.022612,0.0145),(-0.034184,0.014159,0.),(-0.037602,0.015575,0.0145),(-0.036289,0.007218,0.),(-0.039918,0.00794,0.0145),(-0.037,0.,0.),(-0.0407,0.,0.0145),(-0.036289,-0.007218,0.),(-0.039918,-0.00794,0.0145),(-0.034184,-0.014159,0.),(-0.037602,-0.015575,0.0145),(-0.030764,-0.020556,0.),(-0.033841,-0.022612,0.0145),(-0.026163,-0.026163,0.),(-0.028779,-0.028779,0.0145),(-0.020556,-0.030764,0.),(-0.022612,-0.033841,0.0145),(-0.014159,-0.034184,0.),(-0.015575,-0.037602,0.0145),(-0.007218,-0.036289,0.),(-0.00794,-0.039918,0.0145),(0.,-0.037,0.),(0.,-0.0407,0.0145),(0.007218,-0.036289,0.),(0.00794,-0.039918,0.0145),(0.014159,-0.034184,0.),(0.015575,-0.037602,0.0145),(0.020556,-0.030764,0.),(0.022612,-0.033841,0.0145),(0.026163,-0.026163,0.),(0.028779,-0.028779,0.0145),(0.030764,-0.020556,0.),(0.033841,-0.022612,0.0145),(0.034184,-0.014159,0.),(0.037602,-0.015575,0.0145),(0.036289,-0.007218,0.),(0.039918,-0.00794,0.0145)));
#10040=IFCPOLYGONALFACESET(#10039,.T.,(#9915,#9916,#9917,#9918,#9919,#9920,#9921,#9922,#9923,#9924,#9925,#9926,#9927,#9928,#9929,#9930,#9931,#9932,#9933,#9934,#9935,#9936,#9937,#9938,#9939,#9940,#9941,#9942,#9943,#9944,#9945,#9946,#9947,#9948,#9949,#9950,#9951,#9952,#9953,#9954,#9955,#9956,#9957,#9958,#9959,#9960,#9961,#9962,#9963,#9964,#9965,#9966,#9967,#9968,#9969,#9970,#9971,#9972,#9973,#9974,#9975,#9976,#9977,#9978,#9979,#9980,#9981,#9982,#9983,#9984,#9985,#9986,#9987,#9988,#9989,#9990,#9991,#9992,#9993,#9994,#9995,#9996,#9997,#9998,#9999,#10000,#10001,#10002,#10003,#10004,#10005,#10006,#10007,#10008,#10009,#10010,#10011,#10012,#10013,#10014,#10015,#10016,#10017,#10018,#10019,#10020,#10021,#10022,#10023,#10024,#10025,#10026,#10027,#10028,#10029,#10030,#10031,#10032,#10033,#10034,#10035,#10036,#10037,#10038),$);
#10041=IFCSTYLEDITEM(#10040,(#5240),$);
#10042=IFCSHAPEREPRESENTATION(#12,'Body','Tessellation',(#9913,#10040));
#10043=IFCPRODUCTDEFINITIONSHAPE($,$,(#10042));
#10044=IFCLIGHTFIXTURE('09nV1KS3PbYlHh6Boj_P4G',#5,'Spotlight','Skanna asset library',$,#9787,#10043,$,.POINTSOURCE.);
#10045=IFCCARTESIANPOINT((4.95,12.29,2.65));
#10046=IFCDIRECTION((0.,0.,1.));
#10047=IFCDIRECTION((0.,1.,0.));
#10048=IFCAXIS2PLACEMENT3D(#10045,#10046,#10047);
#10049=IFCLOCALPLACEMENT(#26,#10048);
#10050=IFCINDEXEDPOLYGONALFACE((1,2,3));
#10051=IFCINDEXEDPOLYGONALFACE((1,3,4));
#10052=IFCINDEXEDPOLYGONALFACE((2,5,6));
#10053=IFCINDEXEDPOLYGONALFACE((2,6,3));
#10054=IFCINDEXEDPOLYGONALFACE((5,7,8));
#10055=IFCINDEXEDPOLYGONALFACE((5,8,6));
#10056=IFCINDEXEDPOLYGONALFACE((7,9,10));
#10057=IFCINDEXEDPOLYGONALFACE((7,10,8));
#10058=IFCINDEXEDPOLYGONALFACE((9,11,12));
#10059=IFCINDEXEDPOLYGONALFACE((9,12,10));
#10060=IFCINDEXEDPOLYGONALFACE((11,13,14));
#10061=IFCINDEXEDPOLYGONALFACE((11,14,12));
#10062=IFCINDEXEDPOLYGONALFACE((13,15,16));
#10063=IFCINDEXEDPOLYGONALFACE((13,16,14));
#10064=IFCINDEXEDPOLYGONALFACE((15,17,18));
#10065=IFCINDEXEDPOLYGONALFACE((15,18,16));
#10066=IFCINDEXEDPOLYGONALFACE((17,19,20));
#10067=IFCINDEXEDPOLYGONALFACE((17,20,18));
#10068=IFCINDEXEDPOLYGONALFACE((19,21,22));
#10069=IFCINDEXEDPOLYGONALFACE((19,22,20));
#10070=IFCINDEXEDPOLYGONALFACE((21,23,24));
#10071=IFCINDEXEDPOLYGONALFACE((21,24,22));
#10072=IFCINDEXEDPOLYGONALFACE((23,25,26));
#10073=IFCINDEXEDPOLYGONALFACE((23,26,24));
#10074=IFCINDEXEDPOLYGONALFACE((25,27,28));
#10075=IFCINDEXEDPOLYGONALFACE((25,28,26));
#10076=IFCINDEXEDPOLYGONALFACE((27,29,30));
#10077=IFCINDEXEDPOLYGONALFACE((27,30,28));
#10078=IFCINDEXEDPOLYGONALFACE((29,31,32));
#10079=IFCINDEXEDPOLYGONALFACE((29,32,30));
#10080=IFCINDEXEDPOLYGONALFACE((31,33,34));
#10081=IFCINDEXEDPOLYGONALFACE((31,34,32));
#10082=IFCINDEXEDPOLYGONALFACE((33,35,36));
#10083=IFCINDEXEDPOLYGONALFACE((33,36,34));
#10084=IFCINDEXEDPOLYGONALFACE((35,37,38));
#10085=IFCINDEXEDPOLYGONALFACE((35,38,36));
#10086=IFCINDEXEDPOLYGONALFACE((37,39,40));
#10087=IFCINDEXEDPOLYGONALFACE((37,40,38));
#10088=IFCINDEXEDPOLYGONALFACE((39,41,42));
#10089=IFCINDEXEDPOLYGONALFACE((39,42,40));
#10090=IFCINDEXEDPOLYGONALFACE((41,43,44));
#10091=IFCINDEXEDPOLYGONALFACE((41,44,42));
#10092=IFCINDEXEDPOLYGONALFACE((43,45,46));
#10093=IFCINDEXEDPOLYGONALFACE((43,46,44));
#10094=IFCINDEXEDPOLYGONALFACE((45,47,48));
#10095=IFCINDEXEDPOLYGONALFACE((45,48,46));
#10096=IFCINDEXEDPOLYGONALFACE((47,49,50));
#10097=IFCINDEXEDPOLYGONALFACE((47,50,48));
#10098=IFCINDEXEDPOLYGONALFACE((49,51,52));
#10099=IFCINDEXEDPOLYGONALFACE((49,52,50));
#10100=IFCINDEXEDPOLYGONALFACE((51,53,54));
#10101=IFCINDEXEDPOLYGONALFACE((51,54,52));
#10102=IFCINDEXEDPOLYGONALFACE((53,55,56));
#10103=IFCINDEXEDPOLYGONALFACE((53,56,54));
#10104=IFCINDEXEDPOLYGONALFACE((55,57,58));
#10105=IFCINDEXEDPOLYGONALFACE((55,58,56));
#10106=IFCINDEXEDPOLYGONALFACE((57,59,60));
#10107=IFCINDEXEDPOLYGONALFACE((57,60,58));
#10108=IFCINDEXEDPOLYGONALFACE((59,61,62));
#10109=IFCINDEXEDPOLYGONALFACE((59,62,60));
#10110=IFCINDEXEDPOLYGONALFACE((61,63,64));
#10111=IFCINDEXEDPOLYGONALFACE((61,64,62));
#10112=IFCINDEXEDPOLYGONALFACE((63,1,4));
#10113=IFCINDEXEDPOLYGONALFACE((63,4,64));
#10114=IFCINDEXEDPOLYGONALFACE((1,5,2));
#10115=IFCINDEXEDPOLYGONALFACE((4,3,6));
#10116=IFCINDEXEDPOLYGONALFACE((1,7,5));
#10117=IFCINDEXEDPOLYGONALFACE((4,6,8));
#10118=IFCINDEXEDPOLYGONALFACE((1,9,7));
#10119=IFCINDEXEDPOLYGONALFACE((4,8,10));
#10120=IFCINDEXEDPOLYGONALFACE((1,11,9));
#10121=IFCINDEXEDPOLYGONALFACE((4,10,12));
#10122=IFCINDEXEDPOLYGONALFACE((1,13,11));
#10123=IFCINDEXEDPOLYGONALFACE((4,12,14));
#10124=IFCINDEXEDPOLYGONALFACE((1,15,13));
#10125=IFCINDEXEDPOLYGONALFACE((4,14,16));
#10126=IFCINDEXEDPOLYGONALFACE((1,17,15));
#10127=IFCINDEXEDPOLYGONALFACE((4,16,18));
#10128=IFCINDEXEDPOLYGONALFACE((1,19,17));
#10129=IFCINDEXEDPOLYGONALFACE((4,18,20));
#10130=IFCINDEXEDPOLYGONALFACE((1,21,19));
#10131=IFCINDEXEDPOLYGONALFACE((4,20,22));
#10132=IFCINDEXEDPOLYGONALFACE((1,23,21));
#10133=IFCINDEXEDPOLYGONALFACE((4,22,24));
#10134=IFCINDEXEDPOLYGONALFACE((1,25,23));
#10135=IFCINDEXEDPOLYGONALFACE((4,24,26));
#10136=IFCINDEXEDPOLYGONALFACE((1,27,25));
#10137=IFCINDEXEDPOLYGONALFACE((4,26,28));
#10138=IFCINDEXEDPOLYGONALFACE((1,29,27));
#10139=IFCINDEXEDPOLYGONALFACE((4,28,30));
#10140=IFCINDEXEDPOLYGONALFACE((1,31,29));
#10141=IFCINDEXEDPOLYGONALFACE((4,30,32));
#10142=IFCINDEXEDPOLYGONALFACE((1,33,31));
#10143=IFCINDEXEDPOLYGONALFACE((4,32,34));
#10144=IFCINDEXEDPOLYGONALFACE((1,35,33));
#10145=IFCINDEXEDPOLYGONALFACE((4,34,36));
#10146=IFCINDEXEDPOLYGONALFACE((1,37,35));
#10147=IFCINDEXEDPOLYGONALFACE((4,36,38));
#10148=IFCINDEXEDPOLYGONALFACE((1,39,37));
#10149=IFCINDEXEDPOLYGONALFACE((4,38,40));
#10150=IFCINDEXEDPOLYGONALFACE((1,41,39));
#10151=IFCINDEXEDPOLYGONALFACE((4,40,42));
#10152=IFCINDEXEDPOLYGONALFACE((1,43,41));
#10153=IFCINDEXEDPOLYGONALFACE((4,42,44));
#10154=IFCINDEXEDPOLYGONALFACE((1,45,43));
#10155=IFCINDEXEDPOLYGONALFACE((4,44,46));
#10156=IFCINDEXEDPOLYGONALFACE((1,47,45));
#10157=IFCINDEXEDPOLYGONALFACE((4,46,48));
#10158=IFCINDEXEDPOLYGONALFACE((1,49,47));
#10159=IFCINDEXEDPOLYGONALFACE((4,48,50));
#10160=IFCINDEXEDPOLYGONALFACE((1,51,49));
#10161=IFCINDEXEDPOLYGONALFACE((4,50,52));
#10162=IFCINDEXEDPOLYGONALFACE((1,53,51));
#10163=IFCINDEXEDPOLYGONALFACE((4,52,54));
#10164=IFCINDEXEDPOLYGONALFACE((1,55,53));
#10165=IFCINDEXEDPOLYGONALFACE((4,54,56));
#10166=IFCINDEXEDPOLYGONALFACE((1,57,55));
#10167=IFCINDEXEDPOLYGONALFACE((4,56,58));
#10168=IFCINDEXEDPOLYGONALFACE((1,59,57));
#10169=IFCINDEXEDPOLYGONALFACE((4,58,60));
#10170=IFCINDEXEDPOLYGONALFACE((1,61,59));
#10171=IFCINDEXEDPOLYGONALFACE((4,60,62));
#10172=IFCINDEXEDPOLYGONALFACE((1,63,61));
#10173=IFCINDEXEDPOLYGONALFACE((4,62,64));
#10174=IFCCARTESIANPOINTLIST3D(((0.05,0.,0.014),(0.049039,0.009755,0.014),(0.040212,0.007999,0.05),(0.041,0.,0.05),(0.046194,0.019134,0.014),(0.037879,0.01569,0.05),(0.041573,0.027779,0.014),(0.03409,0.022778,0.05),(0.035355,0.035355,0.014),(0.028991,0.028991,0.05),(0.027779,0.041573,0.014),(0.022778,0.03409,0.05),(0.019134,0.046194,0.014),(0.01569,0.037879,0.05),(0.009755,0.049039,0.014),(0.007999,0.040212,0.05),(0.,0.05,0.014),(0.,0.041,0.05),(-0.009755,0.049039,0.014),(-0.007999,0.040212,0.05),(-0.019134,0.046194,0.014),(-0.01569,0.037879,0.05),(-0.027779,0.041573,0.014),(-0.022778,0.03409,0.05),(-0.035355,0.035355,0.014),(-0.028991,0.028991,0.05),(-0.041573,0.027779,0.014),(-0.03409,0.022778,0.05),(-0.046194,0.019134,0.014),(-0.037879,0.01569,0.05),(-0.049039,0.009755,0.014),(-0.040212,0.007999,0.05),(-0.05,0.,0.014),(-0.041,0.,0.05),(-0.049039,-0.009755,0.014),(-0.040212,-0.007999,0.05),(-0.046194,-0.019134,0.014),(-0.037879,-0.01569,0.05),(-0.041573,-0.027779,0.014),(-0.03409,-0.022778,0.05),(-0.035355,-0.035355,0.014),(-0.028991,-0.028991,0.05),(-0.027779,-0.041573,0.014),(-0.022778,-0.03409,0.05),(-0.019134,-0.046194,0.014),(-0.01569,-0.037879,0.05),(-0.009755,-0.049039,0.014),(-0.007999,-0.040212,0.05),(0.,-0.05,0.014),(0.,-0.041,0.05),(0.009755,-0.049039,0.014),(0.007999,-0.040212,0.05),(0.019134,-0.046194,0.014),(0.01569,-0.037879,0.05),(0.027779,-0.041573,0.014),(0.022778,-0.03409,0.05),(0.035355,-0.035355,0.014),(0.028991,-0.028991,0.05),(0.041573,-0.027779,0.014),(0.03409,-0.022778,0.05),(0.046194,-0.019134,0.014),(0.037879,-0.01569,0.05),(0.049039,-0.009755,0.014),(0.040212,-0.007999,0.05)));
#10175=IFCPOLYGONALFACESET(#10174,.T.,(#10050,#10051,#10052,#10053,#10054,#10055,#10056,#10057,#10058,#10059,#10060,#10061,#10062,#10063,#10064,#10065,#10066,#10067,#10068,#10069,#10070,#10071,#10072,#10073,#10074,#10075,#10076,#10077,#10078,#10079,#10080,#10081,#10082,#10083,#10084,#10085,#10086,#10087,#10088,#10089,#10090,#10091,#10092,#10093,#10094,#10095,#10096,#10097,#10098,#10099,#10100,#10101,#10102,#10103,#10104,#10105,#10106,#10107,#10108,#10109,#10110,#10111,#10112,#10113,#10114,#10115,#10116,#10117,#10118,#10119,#10120,#10121,#10122,#10123,#10124,#10125,#10126,#10127,#10128,#10129,#10130,#10131,#10132,#10133,#10134,#10135,#10136,#10137,#10138,#10139,#10140,#10141,#10142,#10143,#10144,#10145,#10146,#10147,#10148,#10149,#10150,#10151,#10152,#10153,#10154,#10155,#10156,#10157,#10158,#10159,#10160,#10161,#10162,#10163,#10164,#10165,#10166,#10167,#10168,#10169,#10170,#10171,#10172,#10173),$);
#10176=IFCSTYLEDITEM(#10175,(#3816),$);
#10177=IFCINDEXEDPOLYGONALFACE((1,2,3));
#10178=IFCINDEXEDPOLYGONALFACE((1,3,4));
#10179=IFCINDEXEDPOLYGONALFACE((2,5,6));
#10180=IFCINDEXEDPOLYGONALFACE((2,6,3));
#10181=IFCINDEXEDPOLYGONALFACE((5,7,8));
#10182=IFCINDEXEDPOLYGONALFACE((5,8,6));
#10183=IFCINDEXEDPOLYGONALFACE((7,9,10));
#10184=IFCINDEXEDPOLYGONALFACE((7,10,8));
#10185=IFCINDEXEDPOLYGONALFACE((9,11,12));
#10186=IFCINDEXEDPOLYGONALFACE((9,12,10));
#10187=IFCINDEXEDPOLYGONALFACE((11,13,14));
#10188=IFCINDEXEDPOLYGONALFACE((11,14,12));
#10189=IFCINDEXEDPOLYGONALFACE((13,15,16));
#10190=IFCINDEXEDPOLYGONALFACE((13,16,14));
#10191=IFCINDEXEDPOLYGONALFACE((15,17,18));
#10192=IFCINDEXEDPOLYGONALFACE((15,18,16));
#10193=IFCINDEXEDPOLYGONALFACE((17,19,20));
#10194=IFCINDEXEDPOLYGONALFACE((17,20,18));
#10195=IFCINDEXEDPOLYGONALFACE((19,21,22));
#10196=IFCINDEXEDPOLYGONALFACE((19,22,20));
#10197=IFCINDEXEDPOLYGONALFACE((21,23,24));
#10198=IFCINDEXEDPOLYGONALFACE((21,24,22));
#10199=IFCINDEXEDPOLYGONALFACE((23,25,26));
#10200=IFCINDEXEDPOLYGONALFACE((23,26,24));
#10201=IFCINDEXEDPOLYGONALFACE((25,27,28));
#10202=IFCINDEXEDPOLYGONALFACE((25,28,26));
#10203=IFCINDEXEDPOLYGONALFACE((27,29,30));
#10204=IFCINDEXEDPOLYGONALFACE((27,30,28));
#10205=IFCINDEXEDPOLYGONALFACE((29,31,32));
#10206=IFCINDEXEDPOLYGONALFACE((29,32,30));
#10207=IFCINDEXEDPOLYGONALFACE((31,33,34));
#10208=IFCINDEXEDPOLYGONALFACE((31,34,32));
#10209=IFCINDEXEDPOLYGONALFACE((33,35,36));
#10210=IFCINDEXEDPOLYGONALFACE((33,36,34));
#10211=IFCINDEXEDPOLYGONALFACE((35,37,38));
#10212=IFCINDEXEDPOLYGONALFACE((35,38,36));
#10213=IFCINDEXEDPOLYGONALFACE((37,39,40));
#10214=IFCINDEXEDPOLYGONALFACE((37,40,38));
#10215=IFCINDEXEDPOLYGONALFACE((39,41,42));
#10216=IFCINDEXEDPOLYGONALFACE((39,42,40));
#10217=IFCINDEXEDPOLYGONALFACE((41,43,44));
#10218=IFCINDEXEDPOLYGONALFACE((41,44,42));
#10219=IFCINDEXEDPOLYGONALFACE((43,45,46));
#10220=IFCINDEXEDPOLYGONALFACE((43,46,44));
#10221=IFCINDEXEDPOLYGONALFACE((45,47,48));
#10222=IFCINDEXEDPOLYGONALFACE((45,48,46));
#10223=IFCINDEXEDPOLYGONALFACE((47,49,50));
#10224=IFCINDEXEDPOLYGONALFACE((47,50,48));
#10225=IFCINDEXEDPOLYGONALFACE((49,51,52));
#10226=IFCINDEXEDPOLYGONALFACE((49,52,50));
#10227=IFCINDEXEDPOLYGONALFACE((51,53,54));
#10228=IFCINDEXEDPOLYGONALFACE((51,54,52));
#10229=IFCINDEXEDPOLYGONALFACE((53,55,56));
#10230=IFCINDEXEDPOLYGONALFACE((53,56,54));
#10231=IFCINDEXEDPOLYGONALFACE((55,57,58));
#10232=IFCINDEXEDPOLYGONALFACE((55,58,56));
#10233=IFCINDEXEDPOLYGONALFACE((57,59,60));
#10234=IFCINDEXEDPOLYGONALFACE((57,60,58));
#10235=IFCINDEXEDPOLYGONALFACE((59,61,62));
#10236=IFCINDEXEDPOLYGONALFACE((59,62,60));
#10237=IFCINDEXEDPOLYGONALFACE((61,63,64));
#10238=IFCINDEXEDPOLYGONALFACE((61,64,62));
#10239=IFCINDEXEDPOLYGONALFACE((63,1,4));
#10240=IFCINDEXEDPOLYGONALFACE((63,4,64));
#10241=IFCINDEXEDPOLYGONALFACE((1,5,2));
#10242=IFCINDEXEDPOLYGONALFACE((4,3,6));
#10243=IFCINDEXEDPOLYGONALFACE((1,7,5));
#10244=IFCINDEXEDPOLYGONALFACE((4,6,8));
#10245=IFCINDEXEDPOLYGONALFACE((1,9,7));
#10246=IFCINDEXEDPOLYGONALFACE((4,8,10));
#10247=IFCINDEXEDPOLYGONALFACE((1,11,9));
#10248=IFCINDEXEDPOLYGONALFACE((4,10,12));
#10249=IFCINDEXEDPOLYGONALFACE((1,13,11));
#10250=IFCINDEXEDPOLYGONALFACE((4,12,14));
#10251=IFCINDEXEDPOLYGONALFACE((1,15,13));
#10252=IFCINDEXEDPOLYGONALFACE((4,14,16));
#10253=IFCINDEXEDPOLYGONALFACE((1,17,15));
#10254=IFCINDEXEDPOLYGONALFACE((4,16,18));
#10255=IFCINDEXEDPOLYGONALFACE((1,19,17));
#10256=IFCINDEXEDPOLYGONALFACE((4,18,20));
#10257=IFCINDEXEDPOLYGONALFACE((1,21,19));
#10258=IFCINDEXEDPOLYGONALFACE((4,20,22));
#10259=IFCINDEXEDPOLYGONALFACE((1,23,21));
#10260=IFCINDEXEDPOLYGONALFACE((4,22,24));
#10261=IFCINDEXEDPOLYGONALFACE((1,25,23));
#10262=IFCINDEXEDPOLYGONALFACE((4,24,26));
#10263=IFCINDEXEDPOLYGONALFACE((1,27,25));
#10264=IFCINDEXEDPOLYGONALFACE((4,26,28));
#10265=IFCINDEXEDPOLYGONALFACE((1,29,27));
#10266=IFCINDEXEDPOLYGONALFACE((4,28,30));
#10267=IFCINDEXEDPOLYGONALFACE((1,31,29));
#10268=IFCINDEXEDPOLYGONALFACE((4,30,32));
#10269=IFCINDEXEDPOLYGONALFACE((1,33,31));
#10270=IFCINDEXEDPOLYGONALFACE((4,32,34));
#10271=IFCINDEXEDPOLYGONALFACE((1,35,33));
#10272=IFCINDEXEDPOLYGONALFACE((4,34,36));
#10273=IFCINDEXEDPOLYGONALFACE((1,37,35));
#10274=IFCINDEXEDPOLYGONALFACE((4,36,38));
#10275=IFCINDEXEDPOLYGONALFACE((1,39,37));
#10276=IFCINDEXEDPOLYGONALFACE((4,38,40));
#10277=IFCINDEXEDPOLYGONALFACE((1,41,39));
#10278=IFCINDEXEDPOLYGONALFACE((4,40,42));
#10279=IFCINDEXEDPOLYGONALFACE((1,43,41));
#10280=IFCINDEXEDPOLYGONALFACE((4,42,44));
#10281=IFCINDEXEDPOLYGONALFACE((1,45,43));
#10282=IFCINDEXEDPOLYGONALFACE((4,44,46));
#10283=IFCINDEXEDPOLYGONALFACE((1,47,45));
#10284=IFCINDEXEDPOLYGONALFACE((4,46,48));
#10285=IFCINDEXEDPOLYGONALFACE((1,49,47));
#10286=IFCINDEXEDPOLYGONALFACE((4,48,50));
#10287=IFCINDEXEDPOLYGONALFACE((1,51,49));
#10288=IFCINDEXEDPOLYGONALFACE((4,50,52));
#10289=IFCINDEXEDPOLYGONALFACE((1,53,51));
#10290=IFCINDEXEDPOLYGONALFACE((4,52,54));
#10291=IFCINDEXEDPOLYGONALFACE((1,55,53));
#10292=IFCINDEXEDPOLYGONALFACE((4,54,56));
#10293=IFCINDEXEDPOLYGONALFACE((1,57,55));
#10294=IFCINDEXEDPOLYGONALFACE((4,56,58));
#10295=IFCINDEXEDPOLYGONALFACE((1,59,57));
#10296=IFCINDEXEDPOLYGONALFACE((4,58,60));
#10297=IFCINDEXEDPOLYGONALFACE((1,61,59));
#10298=IFCINDEXEDPOLYGONALFACE((4,60,62));
#10299=IFCINDEXEDPOLYGONALFACE((1,63,61));
#10300=IFCINDEXEDPOLYGONALFACE((4,62,64));
#10301=IFCCARTESIANPOINTLIST3D(((0.037,0.,0.),(0.036289,0.007218,0.),(0.039918,0.00794,0.0145),(0.0407,0.,0.0145),(0.034184,0.014159,0.),(0.037602,0.015575,0.0145),(0.030764,0.020556,0.),(0.033841,0.022612,0.0145),(0.026163,0.026163,0.),(0.028779,0.028779,0.0145),(0.020556,0.030764,0.),(0.022612,0.033841,0.0145),(0.014159,0.034184,0.),(0.015575,0.037602,0.0145),(0.007218,0.036289,0.),(0.00794,0.039918,0.0145),(0.,0.037,0.),(0.,0.0407,0.0145),(-0.007218,0.036289,0.),(-0.00794,0.039918,0.0145),(-0.014159,0.034184,0.),(-0.015575,0.037602,0.0145),(-0.020556,0.030764,0.),(-0.022612,0.033841,0.0145),(-0.026163,0.026163,0.),(-0.028779,0.028779,0.0145),(-0.030764,0.020556,0.),(-0.033841,0.022612,0.0145),(-0.034184,0.014159,0.),(-0.037602,0.015575,0.0145),(-0.036289,0.007218,0.),(-0.039918,0.00794,0.0145),(-0.037,0.,0.),(-0.0407,0.,0.0145),(-0.036289,-0.007218,0.),(-0.039918,-0.00794,0.0145),(-0.034184,-0.014159,0.),(-0.037602,-0.015575,0.0145),(-0.030764,-0.020556,0.),(-0.033841,-0.022612,0.0145),(-0.026163,-0.026163,0.),(-0.028779,-0.028779,0.0145),(-0.020556,-0.030764,0.),(-0.022612,-0.033841,0.0145),(-0.014159,-0.034184,0.),(-0.015575,-0.037602,0.0145),(-0.007218,-0.036289,0.),(-0.00794,-0.039918,0.0145),(0.,-0.037,0.),(0.,-0.0407,0.0145),(0.007218,-0.036289,0.),(0.00794,-0.039918,0.0145),(0.014159,-0.034184,0.),(0.015575,-0.037602,0.0145),(0.020556,-0.030764,0.),(0.022612,-0.033841,0.0145),(0.026163,-0.026163,0.),(0.028779,-0.028779,0.0145),(0.030764,-0.020556,0.),(0.033841,-0.022612,0.0145),(0.034184,-0.014159,0.),(0.037602,-0.015575,0.0145),(0.036289,-0.007218,0.),(0.039918,-0.00794,0.0145)));
#10302=IFCPOLYGONALFACESET(#10301,.T.,(#10177,#10178,#10179,#10180,#10181,#10182,#10183,#10184,#10185,#10186,#10187,#10188,#10189,#10190,#10191,#10192,#10193,#10194,#10195,#10196,#10197,#10198,#10199,#10200,#10201,#10202,#10203,#10204,#10205,#10206,#10207,#10208,#10209,#10210,#10211,#10212,#10213,#10214,#10215,#10216,#10217,#10218,#10219,#10220,#10221,#10222,#10223,#10224,#10225,#10226,#10227,#10228,#10229,#10230,#10231,#10232,#10233,#10234,#10235,#10236,#10237,#10238,#10239,#10240,#10241,#10242,#10243,#10244,#10245,#10246,#10247,#10248,#10249,#10250,#10251,#10252,#10253,#10254,#10255,#10256,#10257,#10258,#10259,#10260,#10261,#10262,#10263,#10264,#10265,#10266,#10267,#10268,#10269,#10270,#10271,#10272,#10273,#10274,#10275,#10276,#10277,#10278,#10279,#10280,#10281,#10282,#10283,#10284,#10285,#10286,#10287,#10288,#10289,#10290,#10291,#10292,#10293,#10294,#10295,#10296,#10297,#10298,#10299,#10300),$);
#10303=IFCSTYLEDITEM(#10302,(#5240),$);
#10304=IFCSHAPEREPRESENTATION(#12,'Body','Tessellation',(#10175,#10302));
#10305=IFCPRODUCTDEFINITIONSHAPE($,$,(#10304));
#10306=IFCLIGHTFIXTURE('0OGb0_ZHSuS$oVgZVA1J$X',#5,'Spotlight','Skanna asset library',$,#10049,#10305,$,.POINTSOURCE.);
#10307=IFCCARTESIANPOINT((4.745,6.185,1.2));
#10308=IFCDIRECTION((0.,0.,1.));
#10309=IFCDIRECTION((0.,1.,0.));
#10310=IFCAXIS2PLACEMENT3D(#10307,#10308,#10309);
#10311=IFCLOCALPLACEMENT(#26,#10310);
#10312=IFCCARTESIANPOINTLIST3D(((-1.,-0.025,0.),(1.,-0.025,0.),(1.,-0.025,1.),(-1.,-0.025,1.),(1.,0.025,0.),(-1.,0.025,0.),(-1.,0.025,1.),(1.,0.025,1.),(-1.,0.025,0.),(-1.,-0.025,0.),(-1.,-0.025,1.),(-1.,0.025,1.),(1.,-0.025,0.),(1.,0.025,0.),(1.,0.025,1.),(1.,-0.025,1.),(-1.,0.025,0.),(1.,0.025,0.),(1.,-0.025,0.),(-1.,-0.025,0.),(-1.,-0.025,1.),(1.,-0.025,1.),(1.,0.025,1.),(-1.,0.025,1.)));
#10313=IFCINDEXEDPOLYGONALFACE((1,2,3));
#10314=IFCINDEXEDPOLYGONALFACE((1,3,4));
#10315=IFCINDEXEDPOLYGONALFACE((5,6,7));
#10316=IFCINDEXEDPOLYGONALFACE((5,7,8));
#10317=IFCINDEXEDPOLYGONALFACE((9,10,11));
#10318=IFCINDEXEDPOLYGONALFACE((9,11,12));
#10319=IFCINDEXEDPOLYGONALFACE((13,14,15));
#10320=IFCINDEXEDPOLYGONALFACE((13,15,16));
#10321=IFCINDEXEDPOLYGONALFACE((17,18,19));
#10322=IFCINDEXEDPOLYGONALFACE((17,19,20));
#10323=IFCINDEXEDPOLYGONALFACE((21,22,23));
#10324=IFCINDEXEDPOLYGONALFACE((21,23,24));
#10325=IFCPOLYGONALFACESET(#10312,$,(#10313,#10314,#10315,#10316,#10317,#10318,#10319,#10320,#10321,#10322,#10323,#10324),$);
#10326=IFCSHAPEREPRESENTATION(#12,'Body','Tessellation',(#10325));
#10327=IFCPRODUCTDEFINITIONSHAPE($,$,(#10326));
#10328=IFCFURNITURE('0fOS5H$zMQzL$LQ5opvhhs',#5,'What is a digital twin  painting 2x1m','Skanna asset library',$,#10311,#10327,$,.NOTDEFINED.);
#10329=IFCCARTESIANPOINT((6.99,13.38,0.));
#10330=IFCDIRECTION((0.,0.,1.));
#10331=IFCDIRECTION((1.,0.,0.));
#10332=IFCAXIS2PLACEMENT3D(#10329,#10330,#10331);
#10333=IFCLOCALPLACEMENT(#26,#10332);
#10334=IFCCARTESIANPOINT((0.,0.013));
#10335=IFCAXIS2PLACEMENT2D(#10334,$);
#10336=IFCRECTANGLEPROFILEDEF(.AREA.,$,#10335,0.9,0.624);
#10337=IFCCARTESIANPOINT((0.,0.,0.));
#10338=IFCAXIS2PLACEMENT3D(#10337,$,$);
#10339=IFCDIRECTION((0.,0.,1.));
#10340=IFCEXTRUDEDAREASOLID(#10336,#10338,#10339,1.8);
#10341=IFCSTYLEDITEM(#10340,(#6278),$);
#10342=IFCCARTESIANPOINT((0.,-0.312));
#10343=IFCAXIS2PLACEMENT2D(#10342,$);
#10344=IFCRECTANGLEPROFILEDEF(.AREA.,$,#10343,0.864,0.026);
#10345=IFCCARTESIANPOINT((0.,0.,0.054));
#10346=IFCAXIS2PLACEMENT3D(#10345,$,$);
#10347=IFCDIRECTION((0.,0.,1.));
#10348=IFCEXTRUDEDAREASOLID(#10344,#10346,#10347,0.576);
#10349=IFCSTYLEDITEM(#10348,(#6278),$);
#10350=IFCCARTESIANPOINT((0.,-0.312));
#10351=IFCAXIS2PLACEMENT2D(#10350,$);
#10352=IFCRECTANGLEPROFILEDEF(.AREA.,$,#10351,0.864,0.026);
#10353=IFCCARTESIANPOINT((0.,0.,0.684));
#10354=IFCAXIS2PLACEMENT3D(#10353,$,$);
#10355=IFCDIRECTION((0.,0.,1.));
#10356=IFCEXTRUDEDAREASOLID(#10352,#10354,#10355,1.08);
#10357=IFCSTYLEDITEM(#10356,(#6278),$);
#10358=IFCSHAPEREPRESENTATION(#12,'Body','SweptSolid',(#10340,#10348,#10356));
#10359=IFCPRODUCTDEFINITIONSHAPE($,$,(#10358));
#10360=IFCELECTRICAPPLIANCE('1hardFsRwCAWpydkhZ$kEj',#5,'Fridge/freezer','Skanna asset library',$,#10333,#10359,$,.FRIDGE_FREEZER.);
#10361=IFCCARTESIANPOINT((7.74,13.4,0.));
#10362=IFCDIRECTION((0.,0.,1.));
#10363=IFCDIRECTION((1.,0.,0.));
#10364=IFCAXIS2PLACEMENT3D(#10361,#10362,#10363);
#10365=IFCLOCALPLACEMENT(#26,#10364);
#10366=IFCCARTESIANPOINT((0.,0.018));
#10367=IFCAXIS2PLACEMENT2D(#10366,$);
#10368=IFCRECTANGLEPROFILEDEF(.AREA.,$,#10367,0.552,0.528);
#10369=IFCCARTESIANPOINT((0.,0.,0.));
#10370=IFCAXIS2PLACEMENT3D(#10369,$,$);
#10371=IFCDIRECTION((0.,0.,1.));
#10372=IFCEXTRUDEDAREASOLID(#10368,#10370,#10371,0.1);
#10373=IFCSTYLEDITEM(#10372,(#3750),$);
#10374=IFCINDEXEDPOLYGONALFACE((1,2,3));
#10375=IFCINDEXEDPOLYGONALFACE((1,3,4));
#10376=IFCINDEXEDPOLYGONALFACE((2,5,6));
#10377=IFCINDEXEDPOLYGONALFACE((2,6,3));
#10378=IFCINDEXEDPOLYGONALFACE((5,7,8));
#10379=IFCINDEXEDPOLYGONALFACE((5,8,6));
#10380=IFCINDEXEDPOLYGONALFACE((7,9,10));
#10381=IFCINDEXEDPOLYGONALFACE((7,10,8));
#10382=IFCINDEXEDPOLYGONALFACE((9,11,12));
#10383=IFCINDEXEDPOLYGONALFACE((9,12,10));
#10384=IFCINDEXEDPOLYGONALFACE((11,13,14));
#10385=IFCINDEXEDPOLYGONALFACE((11,14,12));
#10386=IFCINDEXEDPOLYGONALFACE((13,15,16));
#10387=IFCINDEXEDPOLYGONALFACE((13,16,14));
#10388=IFCINDEXEDPOLYGONALFACE((15,17,18));
#10389=IFCINDEXEDPOLYGONALFACE((15,18,16));
#10390=IFCINDEXEDPOLYGONALFACE((17,19,20));
#10391=IFCINDEXEDPOLYGONALFACE((17,20,18));
#10392=IFCINDEXEDPOLYGONALFACE((19,21,22));
#10393=IFCINDEXEDPOLYGONALFACE((19,22,20));
#10394=IFCINDEXEDPOLYGONALFACE((21,23,24));
#10395=IFCINDEXEDPOLYGONALFACE((21,24,22));
#10396=IFCINDEXEDPOLYGONALFACE((23,25,26));
#10397=IFCINDEXEDPOLYGONALFACE((23,26,24));
#10398=IFCINDEXEDPOLYGONALFACE((25,27,28));
#10399=IFCINDEXEDPOLYGONALFACE((25,28,26));
#10400=IFCINDEXEDPOLYGONALFACE((27,29,30));
#10401=IFCINDEXEDPOLYGONALFACE((27,30,28));
#10402=IFCINDEXEDPOLYGONALFACE((29,31,32));
#10403=IFCINDEXEDPOLYGONALFACE((29,32,30));
#10404=IFCINDEXEDPOLYGONALFACE((31,1,4));
#10405=IFCINDEXEDPOLYGONALFACE((31,4,32));
#10406=IFCINDEXEDPOLYGONALFACE((1,5,2));
#10407=IFCINDEXEDPOLYGONALFACE((4,3,6));
#10408=IFCINDEXEDPOLYGONALFACE((1,7,5));
#10409=IFCINDEXEDPOLYGONALFACE((4,6,8));
#10410=IFCINDEXEDPOLYGONALFACE((1,9,7));
#10411=IFCINDEXEDPOLYGONALFACE((4,8,10));
#10412=IFCINDEXEDPOLYGONALFACE((1,11,9));
#10413=IFCINDEXEDPOLYGONALFACE((4,10,12));
#10414=IFCINDEXEDPOLYGONALFACE((1,13,11));
#10415=IFCINDEXEDPOLYGONALFACE((4,12,14));
#10416=IFCINDEXEDPOLYGONALFACE((1,15,13));
#10417=IFCINDEXEDPOLYGONALFACE((4,14,16));
#10418=IFCINDEXEDPOLYGONALFACE((1,17,15));
#10419=IFCINDEXEDPOLYGONALFACE((4,16,18));
#10420=IFCINDEXEDPOLYGONALFACE((1,19,17));
#10421=IFCINDEXEDPOLYGONALFACE((4,18,20));
#10422=IFCINDEXEDPOLYGONALFACE((1,21,19));
#10423=IFCINDEXEDPOLYGONALFACE((4,20,22));
#10424=IFCINDEXEDPOLYGONALFACE((1,23,21));
#10425=IFCINDEXEDPOLYGONALFACE((4,22,24));
#10426=IFCINDEXEDPOLYGONALFACE((1,25,23));
#10427=IFCINDEXEDPOLYGONALFACE((4,24,26));
#10428=IFCINDEXEDPOLYGONALFACE((1,27,25));
#10429=IFCINDEXEDPOLYGONALFACE((4,26,28));
#10430=IFCINDEXEDPOLYGONALFACE((1,29,27));
#10431=IFCINDEXEDPOLYGONALFACE((4,28,30));
#10432=IFCINDEXEDPOLYGONALFACE((1,31,29));
#10433=IFCINDEXEDPOLYGONALFACE((4,30,32));
#10434=IFCCARTESIANPOINTLIST3D(((0.288,-0.282,0.1),(0.294,-0.280392,0.1),(0.294,-0.280392,2.),(0.288,-0.282,2.),(0.298392,-0.276,0.1),(0.298392,-0.276,2.),(0.3,-0.27,0.1),(0.3,-0.27,2.),(0.3,0.288,0.1),(0.3,0.288,2.),(0.298392,0.294,0.1),(0.298392,0.294,2.),(0.294,0.298392,0.1),(0.294,0.298392,2.),(0.288,0.3,0.1),(0.288,0.3,2.),(-0.288,0.3,0.1),(-0.288,0.3,2.),(-0.294,0.298392,0.1),(-0.294,0.298392,2.),(-0.298392,0.294,0.1),(-0.298392,0.294,2.),(-0.3,0.288,0.1),(-0.3,0.288,2.),(-0.3,-0.27,0.1),(-0.3,-0.27,2.),(-0.298392,-0.276,0.1),(-0.298392,-0.276,2.),(-0.294,-0.280392,0.1),(-0.294,-0.280392,2.),(-0.288,-0.282,0.1),(-0.288,-0.282,2.)));
#10435=IFCPOLYGONALFACESET(#10434,.T.,(#10374,#10375,#10376,#10377,#10378,#10379,#10380,#10381,#10382,#10383,#10384,#10385,#10386,#10387,#10388,#10389,#10390,#10391,#10392,#10393,#10394,#10395,#10396,#10397,#10398,#10399,#10400,#10401,#10402,#10403,#10404,#10405,#10406,#10407,#10408,#10409,#10410,#10411,#10412,#10413,#10414,#10415,#10416,#10417,#10418,#10419,#10420,#10421,#10422,#10423,#10424,#10425,#10426,#10427,#10428,#10429,#10430,#10431,#10432,#10433),$);
#10436=IFCSTYLEDITEM(#10435,(#3816),$);
#10437=IFCINDEXEDPOLYGONALFACE((1,2,3));
#10438=IFCINDEXEDPOLYGONALFACE((1,3,4));
#10439=IFCINDEXEDPOLYGONALFACE((2,5,6));
#10440=IFCINDEXEDPOLYGONALFACE((2,6,3));
#10441=IFCINDEXEDPOLYGONALFACE((5,7,8));
#10442=IFCINDEXEDPOLYGONALFACE((5,8,6));
#10443=IFCINDEXEDPOLYGONALFACE((7,9,10));
#10444=IFCINDEXEDPOLYGONALFACE((7,10,8));
#10445=IFCINDEXEDPOLYGONALFACE((9,11,12));
#10446=IFCINDEXEDPOLYGONALFACE((9,12,10));
#10447=IFCINDEXEDPOLYGONALFACE((11,13,14));
#10448=IFCINDEXEDPOLYGONALFACE((11,14,12));
#10449=IFCINDEXEDPOLYGONALFACE((13,15,16));
#10450=IFCINDEXEDPOLYGONALFACE((13,16,14));
#10451=IFCINDEXEDPOLYGONALFACE((15,17,18));
#10452=IFCINDEXEDPOLYGONALFACE((15,18,16));
#10453=IFCINDEXEDPOLYGONALFACE((17,19,20));
#10454=IFCINDEXEDPOLYGONALFACE((17,20,18));
#10455=IFCINDEXEDPOLYGONALFACE((19,21,22));
#10456=IFCINDEXEDPOLYGONALFACE((19,22,20));
#10457=IFCINDEXEDPOLYGONALFACE((21,23,24));
#10458=IFCINDEXEDPOLYGONALFACE((21,24,22));
#10459=IFCINDEXEDPOLYGONALFACE((23,25,26));
#10460=IFCINDEXEDPOLYGONALFACE((23,26,24));
#10461=IFCINDEXEDPOLYGONALFACE((25,27,28));
#10462=IFCINDEXEDPOLYGONALFACE((25,28,26));
#10463=IFCINDEXEDPOLYGONALFACE((27,1,4));
#10464=IFCINDEXEDPOLYGONALFACE((27,4,28));
#10465=IFCINDEXEDPOLYGONALFACE((1,5,2));
#10466=IFCINDEXEDPOLYGONALFACE((4,3,6));
#10467=IFCINDEXEDPOLYGONALFACE((1,7,5));
#10468=IFCINDEXEDPOLYGONALFACE((4,6,8));
#10469=IFCINDEXEDPOLYGONALFACE((1,9,7));
#10470=IFCINDEXEDPOLYGONALFACE((4,8,10));
#10471=IFCINDEXEDPOLYGONALFACE((1,11,9));
#10472=IFCINDEXEDPOLYGONALFACE((4,10,12));
#10473=IFCINDEXEDPOLYGONALFACE((1,13,11));
#10474=IFCINDEXEDPOLYGONALFACE((4,12,14));
#10475=IFCINDEXEDPOLYGONALFACE((1,15,13));
#10476=IFCINDEXEDPOLYGONALFACE((4,14,16));
#10477=IFCINDEXEDPOLYGONALFACE((1,17,15));
#10478=IFCINDEXEDPOLYGONALFACE((4,16,18));
#10479=IFCINDEXEDPOLYGONALFACE((1,19,17));
#10480=IFCINDEXEDPOLYGONALFACE((4,18,20));
#10481=IFCINDEXEDPOLYGONALFACE((1,21,19));
#10482=IFCINDEXEDPOLYGONALFACE((4,20,22));
#10483=IFCINDEXEDPOLYGONALFACE((1,23,21));
#10484=IFCINDEXEDPOLYGONALFACE((4,22,24));
#10485=IFCINDEXEDPOLYGONALFACE((1,25,23));
#10486=IFCINDEXEDPOLYGONALFACE((4,24,26));
#10487=IFCINDEXEDPOLYGONALFACE((1,27,25));
#10488=IFCINDEXEDPOLYGONALFACE((4,26,28));
#10489=IFCCARTESIANPOINTLIST3D(((-0.0132,-0.3,0.14),(-0.0093,-0.298955,0.14),(-0.0093,-0.298955,1.96),(-0.0132,-0.3,1.96),(-0.006445,-0.2961,0.14),(-0.006445,-0.2961,1.96),(-0.0054,-0.2922,0.14),(-0.0054,-0.2922,1.96),(-0.006445,-0.2883,0.14),(-0.006445,-0.2883,1.96),(-0.0093,-0.285445,0.14),(-0.0093,-0.285445,1.96),(-0.0132,-0.2844,0.14),(-0.0132,-0.2844,1.96),(-0.2808,-0.2844,0.14),(-0.2808,-0.2844,1.96),(-0.2847,-0.285445,0.14),(-0.2847,-0.285445,1.96),(-0.287555,-0.2883,0.14),(-0.287555,-0.2883,1.96),(-0.2886,-0.2922,0.14),(-0.2886,-0.2922,1.96),(-0.287555,-0.2961,0.14),(-0.287555,-0.2961,1.96),(-0.2847,-0.298955,0.14),(-0.2847,-0.298955,1.96),(-0.2808,-0.3,0.14),(-0.2808,-0.3,1.96)));
#10490=IFCPOLYGONALFACESET(#10489,.T.,(#10437,#10438,#10439,#10440,#10441,#10442,#10443,#10444,#10445,#10446,#10447,#10448,#10449,#10450,#10451,#10452,#10453,#10454,#10455,#10456,#10457,#10458,#10459,#10460,#10461,#10462,#10463,#10464,#10465,#10466,#10467,#10468,#10469,#10470,#10471,#10472,#10473,#10474,#10475,#10476,#10477,#10478,#10479,#10480,#10481,#10482,#10483,#10484,#10485,#10486,#10487,#10488),$);
#10491=IFCSTYLEDITEM(#10490,(#109),$);
#10492=IFCINDEXEDPOLYGONALFACE((1,2,3));
#10493=IFCINDEXEDPOLYGONALFACE((1,3,4));
#10494=IFCINDEXEDPOLYGONALFACE((2,5,6));
#10495=IFCINDEXEDPOLYGONALFACE((2,6,3));
#10496=IFCINDEXEDPOLYGONALFACE((5,7,8));
#10497=IFCINDEXEDPOLYGONALFACE((5,8,6));
#10498=IFCINDEXEDPOLYGONALFACE((7,9,10));
#10499=IFCINDEXEDPOLYGONALFACE((7,10,8));
#10500=IFCINDEXEDPOLYGONALFACE((9,11,12));
#10501=IFCINDEXEDPOLYGONALFACE((9,12,10));
#10502=IFCINDEXEDPOLYGONALFACE((11,13,14));
#10503=IFCINDEXEDPOLYGONALFACE((11,14,12));
#10504=IFCINDEXEDPOLYGONALFACE((13,15,16));
#10505=IFCINDEXEDPOLYGONALFACE((13,16,14));
#10506=IFCINDEXEDPOLYGONALFACE((15,17,18));
#10507=IFCINDEXEDPOLYGONALFACE((15,18,16));
#10508=IFCINDEXEDPOLYGONALFACE((17,19,20));
#10509=IFCINDEXEDPOLYGONALFACE((17,20,18));
#10510=IFCINDEXEDPOLYGONALFACE((19,21,22));
#10511=IFCINDEXEDPOLYGONALFACE((19,22,20));
#10512=IFCINDEXEDPOLYGONALFACE((21,23,24));
#10513=IFCINDEXEDPOLYGONALFACE((21,24,22));
#10514=IFCINDEXEDPOLYGONALFACE((23,25,26));
#10515=IFCINDEXEDPOLYGONALFACE((23,26,24));
#10516=IFCINDEXEDPOLYGONALFACE((25,27,28));
#10517=IFCINDEXEDPOLYGONALFACE((25,28,26));
#10518=IFCINDEXEDPOLYGONALFACE((27,1,4));
#10519=IFCINDEXEDPOLYGONALFACE((27,4,28));
#10520=IFCINDEXEDPOLYGONALFACE((1,5,2));
#10521=IFCINDEXEDPOLYGONALFACE((4,3,6));
#10522=IFCINDEXEDPOLYGONALFACE((1,7,5));
#10523=IFCINDEXEDPOLYGONALFACE((4,6,8));
#10524=IFCINDEXEDPOLYGONALFACE((1,9,7));
#10525=IFCINDEXEDPOLYGONALFACE((4,8,10));
#10526=IFCINDEXEDPOLYGONALFACE((1,11,9));
#10527=IFCINDEXEDPOLYGONALFACE((4,10,12));
#10528=IFCINDEXEDPOLYGONALFACE((1,13,11));
#10529=IFCINDEXEDPOLYGONALFACE((4,12,14));
#10530=IFCINDEXEDPOLYGONALFACE((1,15,13));
#10531=IFCINDEXEDPOLYGONALFACE((4,14,16));
#10532=IFCINDEXEDPOLYGONALFACE((1,17,15));
#10533=IFCINDEXEDPOLYGONALFACE((4,16,18));
#10534=IFCINDEXEDPOLYGONALFACE((1,19,17));
#10535=IFCINDEXEDPOLYGONALFACE((4,18,20));
#10536=IFCINDEXEDPOLYGONALFACE((1,21,19));
#10537=IFCINDEXEDPOLYGONALFACE((4,20,22));
#10538=IFCINDEXEDPOLYGONALFACE((1,23,21));
#10539=IFCINDEXEDPOLYGONALFACE((4,22,24));
#10540=IFCINDEXEDPOLYGONALFACE((1,25,23));
#10541=IFCINDEXEDPOLYGONALFACE((4,24,26));
#10542=IFCINDEXEDPOLYGONALFACE((1,27,25));
#10543=IFCINDEXEDPOLYGONALFACE((4,26,28));
#10544=IFCCARTESIANPOINTLIST3D(((0.2808,-0.3,0.14),(0.2847,-0.298955,0.14),(0.2847,-0.298955,1.96),(0.2808,-0.3,1.96),(0.287555,-0.2961,0.14),(0.287555,-0.2961,1.96),(0.2886,-0.2922,0.14),(0.2886,-0.2922,1.96),(0.287555,-0.2883,0.14),(0.287555,-0.2883,1.96),(0.2847,-0.285445,0.14),(0.2847,-0.285445,1.96),(0.2808,-0.2844,0.14),(0.2808,-0.2844,1.96),(0.0132,-0.2844,0.14),(0.0132,-0.2844,1.96),(0.0093,-0.285445,0.14),(0.0093,-0.285445,1.96),(0.006445,-0.2883,0.14),(0.006445,-0.2883,1.96),(0.0054,-0.2922,0.14),(0.0054,-0.2922,1.96),(0.006445,-0.2961,0.14),(0.006445,-0.2961,1.96),(0.0093,-0.298955,0.14),(0.0093,-0.298955,1.96),(0.0132,-0.3,0.14),(0.0132,-0.3,1.96)));
#10545=IFCPOLYGONALFACESET(#10544,.T.,(#10492,#10493,#10494,#10495,#10496,#10497,#10498,#10499,#10500,#10501,#10502,#10503,#10504,#10505,#10506,#10507,#10508,#10509,#10510,#10511,#10512,#10513,#10514,#10515,#10516,#10517,#10518,#10519,#10520,#10521,#10522,#10523,#10524,#10525,#10526,#10527,#10528,#10529,#10530,#10531,#10532,#10533,#10534,#10535,#10536,#10537,#10538,#10539,#10540,#10541,#10542,#10543),$);
#10546=IFCSTYLEDITEM(#10545,(#109),$);
#10547=IFCCARTESIANPOINT((0.,-0.294));
#10548=IFCAXIS2PLACEMENT2D(#10547,$);
#10549=IFCRECTANGLEPROFILEDEF(.AREA.,$,#10548,0.54,0.024);
#10550=IFCCARTESIANPOINT((0.,0.,0.9));
#10551=IFCAXIS2PLACEMENT3D(#10550,$,$);
#10552=IFCDIRECTION((0.,0.,1.));
#10553=IFCEXTRUDEDAREASOLID(#10549,#10551,#10552,0.6);
#10554=IFCSTYLEDITEM(#10553,(#6278),$);
#10555=IFCSHAPEREPRESENTATION(#12,'Body','SolidModel',(#10372,#10435,#10490,#10545,#10553));
#10556=IFCPRODUCTDEFINITIONSHAPE($,$,(#10555));
#10557=IFCELECTRICAPPLIANCE('2sOdTujOb_OoN3ro7S3nz2',#5,'High cabinet + built-in oven','Skanna asset library',$,#10365,#10556,$,.NOTDEFINED.);
#10558=IFCCARTESIANPOINT((8.24,13.4,0.));
#10559=IFCDIRECTION((0.,0.,1.));
#10560=IFCDIRECTION((1.,0.,0.));
#10561=IFCAXIS2PLACEMENT3D(#10558,#10559,#10560);
#10562=IFCLOCALPLACEMENT(#26,#10561);
#10563=IFCCARTESIANPOINT((0.,0.018));
#10564=IFCAXIS2PLACEMENT2D(#10563,$);
#10565=IFCRECTANGLEPROFILEDEF(.AREA.,$,#10564,0.368,0.516);
#10566=IFCCARTESIANPOINT((0.,0.,0.));
#10567=IFCAXIS2PLACEMENT3D(#10566,$,$);
#10568=IFCDIRECTION((0.,0.,1.));
#10569=IFCEXTRUDEDAREASOLID(#10565,#10567,#10568,0.099);
#10570=IFCSTYLEDITEM(#10569,(#3750),$);
#10571=IFCINDEXEDPOLYGONALFACE((1,2,3));
#10572=IFCINDEXEDPOLYGONALFACE((1,3,4));
#10573=IFCINDEXEDPOLYGONALFACE((2,5,6));
#10574=IFCINDEXEDPOLYGONALFACE((2,6,3));
#10575=IFCINDEXEDPOLYGONALFACE((5,7,8));
#10576=IFCINDEXEDPOLYGONALFACE((5,8,6));
#10577=IFCINDEXEDPOLYGONALFACE((7,9,10));
#10578=IFCINDEXEDPOLYGONALFACE((7,10,8));
#10579=IFCINDEXEDPOLYGONALFACE((9,11,12));
#10580=IFCINDEXEDPOLYGONALFACE((9,12,10));
#10581=IFCINDEXEDPOLYGONALFACE((11,13,14));
#10582=IFCINDEXEDPOLYGONALFACE((11,14,12));
#10583=IFCINDEXEDPOLYGONALFACE((13,15,16));
#10584=IFCINDEXEDPOLYGONALFACE((13,16,14));
#10585=IFCINDEXEDPOLYGONALFACE((15,17,18));
#10586=IFCINDEXEDPOLYGONALFACE((15,18,16));
#10587=IFCINDEXEDPOLYGONALFACE((17,19,20));
#10588=IFCINDEXEDPOLYGONALFACE((17,20,18));
#10589=IFCINDEXEDPOLYGONALFACE((19,21,22));
#10590=IFCINDEXEDPOLYGONALFACE((19,22,20));
#10591=IFCINDEXEDPOLYGONALFACE((21,23,24));
#10592=IFCINDEXEDPOLYGONALFACE((21,24,22));
#10593=IFCINDEXEDPOLYGONALFACE((23,25,26));
#10594=IFCINDEXEDPOLYGONALFACE((23,26,24));
#10595=IFCINDEXEDPOLYGONALFACE((25,27,28));
#10596=IFCINDEXEDPOLYGONALFACE((25,28,26));
#10597=IFCINDEXEDPOLYGONALFACE((27,29,30));
#10598=IFCINDEXEDPOLYGONALFACE((27,30,28));
#10599=IFCINDEXEDPOLYGONALFACE((29,31,32));
#10600=IFCINDEXEDPOLYGONALFACE((29,32,30));
#10601=IFCINDEXEDPOLYGONALFACE((31,1,4));
#10602=IFCINDEXEDPOLYGONALFACE((31,4,32));
#10603=IFCINDEXEDPOLYGONALFACE((1,5,2));
#10604=IFCINDEXEDPOLYGONALFACE((4,3,6));
#10605=IFCINDEXEDPOLYGONALFACE((1,7,5));
#10606=IFCINDEXEDPOLYGONALFACE((4,6,8));
#10607=IFCINDEXEDPOLYGONALFACE((1,9,7));
#10608=IFCINDEXEDPOLYGONALFACE((4,8,10));
#10609=IFCINDEXEDPOLYGONALFACE((1,11,9));
#10610=IFCINDEXEDPOLYGONALFACE((4,10,12));
#10611=IFCINDEXEDPOLYGONALFACE((1,13,11));
#10612=IFCINDEXEDPOLYGONALFACE((4,12,14));
#10613=IFCINDEXEDPOLYGONALFACE((1,15,13));
#10614=IFCINDEXEDPOLYGONALFACE((4,14,16));
#10615=IFCINDEXEDPOLYGONALFACE((1,17,15));
#10616=IFCINDEXEDPOLYGONALFACE((4,16,18));
#10617=IFCINDEXEDPOLYGONALFACE((1,19,17));
#10618=IFCINDEXEDPOLYGONALFACE((4,18,20));
#10619=IFCINDEXEDPOLYGONALFACE((1,21,19));
#10620=IFCINDEXEDPOLYGONALFACE((4,20,22));
#10621=IFCINDEXEDPOLYGONALFACE((1,23,21));
#10622=IFCINDEXEDPOLYGONALFACE((4,22,24));
#10623=IFCINDEXEDPOLYGONALFACE((1,25,23));
#10624=IFCINDEXEDPOLYGONALFACE((4,24,26));
#10625=IFCINDEXEDPOLYGONALFACE((1,27,25));
#10626=IFCINDEXEDPOLYGONALFACE((4,26,28));
#10627=IFCINDEXEDPOLYGONALFACE((1,29,27));
#10628=IFCINDEXEDPOLYGONALFACE((4,28,30));
#10629=IFCINDEXEDPOLYGONALFACE((1,31,29));
#10630=IFCINDEXEDPOLYGONALFACE((4,30,32));
#10631=IFCCARTESIANPOINTLIST3D(((0.188,-0.282,0.099),(0.194,-0.280392,0.099),(0.194,-0.280392,0.873),(0.188,-0.282,0.873),(0.198392,-0.276,0.099),(0.198392,-0.276,0.873),(0.2,-0.27,0.099),(0.2,-0.27,0.873),(0.2,0.288,0.099),(0.2,0.288,0.873),(0.198392,0.294,0.099),(0.198392,0.294,0.873),(0.194,0.298392,0.099),(0.194,0.298392,0.873),(0.188,0.3,0.099),(0.188,0.3,0.873),(-0.188,0.3,0.099),(-0.188,0.3,0.873),(-0.194,0.298392,0.099),(-0.194,0.298392,0.873),(-0.198392,0.294,0.099),(-0.198392,0.294,0.873),(-0.2,0.288,0.099),(-0.2,0.288,0.873),(-0.2,-0.27,0.099),(-0.2,-0.27,0.873),(-0.198392,-0.276,0.099),(-0.198392,-0.276,0.873),(-0.194,-0.280392,0.099),(-0.194,-0.280392,0.873),(-0.188,-0.282,0.099),(-0.188,-0.282,0.873)));
#10632=IFCPOLYGONALFACESET(#10631,.T.,(#10571,#10572,#10573,#10574,#10575,#10576,#10577,#10578,#10579,#10580,#10581,#10582,#10583,#10584,#10585,#10586,#10587,#10588,#10589,#10590,#10591,#10592,#10593,#10594,#10595,#10596,#10597,#10598,#10599,#10600,#10601,#10602,#10603,#10604,#10605,#10606,#10607,#10608,#10609,#10610,#10611,#10612,#10613,#10614,#10615,#10616,#10617,#10618,#10619,#10620,#10621,#10622,#10623,#10624,#10625,#10626,#10627,#10628,#10629,#10630),$);
#10633=IFCSTYLEDITEM(#10632,(#3816),$);
#10634=IFCINDEXEDPOLYGONALFACE((1,2,3));
#10635=IFCINDEXEDPOLYGONALFACE((1,3,4));
#10636=IFCINDEXEDPOLYGONALFACE((2,5,6));
#10637=IFCINDEXEDPOLYGONALFACE((2,6,3));
#10638=IFCINDEXEDPOLYGONALFACE((5,7,8));
#10639=IFCINDEXEDPOLYGONALFACE((5,8,6));
#10640=IFCINDEXEDPOLYGONALFACE((7,9,10));
#10641=IFCINDEXEDPOLYGONALFACE((7,10,8));
#10642=IFCINDEXEDPOLYGONALFACE((9,11,12));
#10643=IFCINDEXEDPOLYGONALFACE((9,12,10));
#10644=IFCINDEXEDPOLYGONALFACE((11,13,14));
#10645=IFCINDEXEDPOLYGONALFACE((11,14,12));
#10646=IFCINDEXEDPOLYGONALFACE((13,15,16));
#10647=IFCINDEXEDPOLYGONALFACE((13,16,14));
#10648=IFCINDEXEDPOLYGONALFACE((15,17,18));
#10649=IFCINDEXEDPOLYGONALFACE((15,18,16));
#10650=IFCINDEXEDPOLYGONALFACE((17,19,20));
#10651=IFCINDEXEDPOLYGONALFACE((17,20,18));
#10652=IFCINDEXEDPOLYGONALFACE((19,21,22));
#10653=IFCINDEXEDPOLYGONALFACE((19,22,20));
#10654=IFCINDEXEDPOLYGONALFACE((21,23,24));
#10655=IFCINDEXEDPOLYGONALFACE((21,24,22));
#10656=IFCINDEXEDPOLYGONALFACE((23,25,26));
#10657=IFCINDEXEDPOLYGONALFACE((23,26,24));
#10658=IFCINDEXEDPOLYGONALFACE((25,27,28));
#10659=IFCINDEXEDPOLYGONALFACE((25,28,26));
#10660=IFCINDEXEDPOLYGONALFACE((27,1,4));
#10661=IFCINDEXEDPOLYGONALFACE((27,4,28));
#10662=IFCINDEXEDPOLYGONALFACE((1,5,2));
#10663=IFCINDEXEDPOLYGONALFACE((4,3,6));
#10664=IFCINDEXEDPOLYGONALFACE((1,7,5));
#10665=IFCINDEXEDPOLYGONALFACE((4,6,8));
#10666=IFCINDEXEDPOLYGONALFACE((1,9,7));
#10667=IFCINDEXEDPOLYGONALFACE((4,8,10));
#10668=IFCINDEXEDPOLYGONALFACE((1,11,9));
#10669=IFCINDEXEDPOLYGONALFACE((4,10,12));
#10670=IFCINDEXEDPOLYGONALFACE((1,13,11));
#10671=IFCINDEXEDPOLYGONALFACE((4,12,14));
#10672=IFCINDEXEDPOLYGONALFACE((1,15,13));
#10673=IFCINDEXEDPOLYGONALFACE((4,14,16));
#10674=IFCINDEXEDPOLYGONALFACE((1,17,15));
#10675=IFCINDEXEDPOLYGONALFACE((4,16,18));
#10676=IFCINDEXEDPOLYGONALFACE((1,19,17));
#10677=IFCINDEXEDPOLYGONALFACE((4,18,20));
#10678=IFCINDEXEDPOLYGONALFACE((1,21,19));
#10679=IFCINDEXEDPOLYGONALFACE((4,20,22));
#10680=IFCINDEXEDPOLYGONALFACE((1,23,21));
#10681=IFCINDEXEDPOLYGONALFACE((4,22,24));
#10682=IFCINDEXEDPOLYGONALFACE((1,25,23));
#10683=IFCINDEXEDPOLYGONALFACE((4,24,26));
#10684=IFCINDEXEDPOLYGONALFACE((1,27,25));
#10685=IFCINDEXEDPOLYGONALFACE((4,26,28));
#10686=IFCCARTESIANPOINTLIST3D(((0.1852,-0.3,0.117),(0.1891,-0.298955,0.117),(0.1891,-0.298955,0.855),(0.1852,-0.3,0.855),(0.191955,-0.2961,0.117),(0.191955,-0.2961,0.855),(0.193,-0.2922,0.117),(0.193,-0.2922,0.855),(0.191955,-0.2883,0.117),(0.191955,-0.2883,0.855),(0.1891,-0.285445,0.117),(0.1891,-0.285445,0.855),(0.1852,-0.2844,0.117),(0.1852,-0.2844,0.855),(-0.1852,-0.2844,0.117),(-0.1852,-0.2844,0.855),(-0.1891,-0.285445,0.117),(-0.1891,-0.285445,0.855),(-0.191955,-0.2883,0.117),(-0.191955,-0.2883,0.855),(-0.193,-0.2922,0.117),(-0.193,-0.2922,0.855),(-0.191955,-0.2961,0.117),(-0.191955,-0.2961,0.855),(-0.1891,-0.298955,0.117),(-0.1891,-0.298955,0.855),(-0.1852,-0.3,0.117),(-0.1852,-0.3,0.855)));
#10687=IFCPOLYGONALFACESET(#10686,.T.,(#10634,#10635,#10636,#10637,#10638,#10639,#10640,#10641,#10642,#10643,#10644,#10645,#10646,#10647,#10648,#10649,#10650,#10651,#10652,#10653,#10654,#10655,#10656,#10657,#10658,#10659,#10660,#10661,#10662,#10663,#10664,#10665,#10666,#10667,#10668,#10669,#10670,#10671,#10672,#10673,#10674,#10675,#10676,#10677,#10678,#10679,#10680,#10681,#10682,#10683,#10684,#10685),$);
#10688=IFCSTYLEDITEM(#10687,(#109),$);
#10689=IFCCARTESIANPOINT((0.,-0.3));
#10690=IFCAXIS2PLACEMENT2D(#10689,$);
#10691=IFCRECTANGLEPROFILEDEF(.AREA.,$,#10690,0.288,0.012);
#10692=IFCCARTESIANPOINT((0.,0.,0.81));
#10693=IFCAXIS2PLACEMENT3D(#10692,$,$);
#10694=IFCDIRECTION((0.,0.,1.));
#10695=IFCEXTRUDEDAREASOLID(#10691,#10693,#10694,0.0315);
#10696=IFCSTYLEDITEM(#10695,(#4148),$);
#10697=IFCSHAPEREPRESENTATION(#12,'Body','SolidModel',(#10569,#10632,#10687,#10695));
#10698=IFCPRODUCTDEFINITIONSHAPE($,$,(#10697));
#10699=IFCFURNITURE('1vV67tE06o2_hn0jicMo8Q',#5,'Base cabinet','Skanna asset library',$,#10562,#10698,$,.NOTDEFINED.);
#10700=IFCCARTESIANPOINT((8.74,13.4,0.));
#10701=IFCDIRECTION((0.,0.,1.));
#10702=IFCDIRECTION((1.,0.,0.));
#10703=IFCAXIS2PLACEMENT3D(#10700,#10701,#10702);
#10704=IFCLOCALPLACEMENT(#26,#10703);
#10705=IFCCARTESIANPOINT((0.,0.018));
#10706=IFCAXIS2PLACEMENT2D(#10705,$);
#10707=IFCRECTANGLEPROFILEDEF(.AREA.,$,#10706,0.552,0.516);
#10708=IFCCARTESIANPOINT((0.,0.,0.));
#10709=IFCAXIS2PLACEMENT3D(#10708,$,$);
#10710=IFCDIRECTION((0.,0.,1.));
#10711=IFCEXTRUDEDAREASOLID(#10707,#10709,#10710,0.099);
#10712=IFCSTYLEDITEM(#10711,(#3750),$);
#10713=IFCINDEXEDPOLYGONALFACE((1,2,3));
#10714=IFCINDEXEDPOLYGONALFACE((1,3,4));
#10715=IFCINDEXEDPOLYGONALFACE((2,5,6));
#10716=IFCINDEXEDPOLYGONALFACE((2,6,3));
#10717=IFCINDEXEDPOLYGONALFACE((5,7,8));
#10718=IFCINDEXEDPOLYGONALFACE((5,8,6));
#10719=IFCINDEXEDPOLYGONALFACE((7,9,10));
#10720=IFCINDEXEDPOLYGONALFACE((7,10,8));
#10721=IFCINDEXEDPOLYGONALFACE((9,11,12));
#10722=IFCINDEXEDPOLYGONALFACE((9,12,10));
#10723=IFCINDEXEDPOLYGONALFACE((11,13,14));
#10724=IFCINDEXEDPOLYGONALFACE((11,14,12));
#10725=IFCINDEXEDPOLYGONALFACE((13,15,16));
#10726=IFCINDEXEDPOLYGONALFACE((13,16,14));
#10727=IFCINDEXEDPOLYGONALFACE((15,17,18));
#10728=IFCINDEXEDPOLYGONALFACE((15,18,16));
#10729=IFCINDEXEDPOLYGONALFACE((17,19,20));
#10730=IFCINDEXEDPOLYGONALFACE((17,20,18));
#10731=IFCINDEXEDPOLYGONALFACE((19,21,22));
#10732=IFCINDEXEDPOLYGONALFACE((19,22,20));
#10733=IFCINDEXEDPOLYGONALFACE((21,23,24));
#10734=IFCINDEXEDPOLYGONALFACE((21,24,22));
#10735=IFCINDEXEDPOLYGONALFACE((23,25,26));
#10736=IFCINDEXEDPOLYGONALFACE((23,26,24));
#10737=IFCINDEXEDPOLYGONALFACE((25,27,28));
#10738=IFCINDEXEDPOLYGONALFACE((25,28,26));
#10739=IFCINDEXEDPOLYGONALFACE((27,29,30));
#10740=IFCINDEXEDPOLYGONALFACE((27,30,28));
#10741=IFCINDEXEDPOLYGONALFACE((29,31,32));
#10742=IFCINDEXEDPOLYGONALFACE((29,32,30));
#10743=IFCINDEXEDPOLYGONALFACE((31,1,4));
#10744=IFCINDEXEDPOLYGONALFACE((31,4,32));
#10745=IFCINDEXEDPOLYGONALFACE((1,5,2));
#10746=IFCINDEXEDPOLYGONALFACE((4,3,6));
#10747=IFCINDEXEDPOLYGONALFACE((1,7,5));
#10748=IFCINDEXEDPOLYGONALFACE((4,6,8));
#10749=IFCINDEXEDPOLYGONALFACE((1,9,7));
#10750=IFCINDEXEDPOLYGONALFACE((4,8,10));
#10751=IFCINDEXEDPOLYGONALFACE((1,11,9));
#10752=IFCINDEXEDPOLYGONALFACE((4,10,12));
#10753=IFCINDEXEDPOLYGONALFACE((1,13,11));
#10754=IFCINDEXEDPOLYGONALFACE((4,12,14));
#10755=IFCINDEXEDPOLYGONALFACE((1,15,13));
#10756=IFCINDEXEDPOLYGONALFACE((4,14,16));
#10757=IFCINDEXEDPOLYGONALFACE((1,17,15));
#10758=IFCINDEXEDPOLYGONALFACE((4,16,18));
#10759=IFCINDEXEDPOLYGONALFACE((1,19,17));
#10760=IFCINDEXEDPOLYGONALFACE((4,18,20));
#10761=IFCINDEXEDPOLYGONALFACE((1,21,19));
#10762=IFCINDEXEDPOLYGONALFACE((4,20,22));
#10763=IFCINDEXEDPOLYGONALFACE((1,23,21));
#10764=IFCINDEXEDPOLYGONALFACE((4,22,24));
#10765=IFCINDEXEDPOLYGONALFACE((1,25,23));
#10766=IFCINDEXEDPOLYGONALFACE((4,24,26));
#10767=IFCINDEXEDPOLYGONALFACE((1,27,25));
#10768=IFCINDEXEDPOLYGONALFACE((4,26,28));
#10769=IFCINDEXEDPOLYGONALFACE((1,29,27));
#10770=IFCINDEXEDPOLYGONALFACE((4,28,30));
#10771=IFCINDEXEDPOLYGONALFACE((1,31,29));
#10772=IFCINDEXEDPOLYGONALFACE((4,30,32));
#10773=IFCCARTESIANPOINTLIST3D(((0.288,-0.282,0.099),(0.294,-0.280392,0.099),(0.294,-0.280392,0.873),(0.288,-0.282,0.873),(0.298392,-0.276,0.099),(0.298392,-0.276,0.873),(0.3,-0.27,0.099),(0.3,-0.27,0.873),(0.3,0.288,0.099),(0.3,0.288,0.873),(0.298392,0.294,0.099),(0.298392,0.294,0.873),(0.294,0.298392,0.099),(0.294,0.298392,0.873),(0.288,0.3,0.099),(0.288,0.3,0.873),(-0.288,0.3,0.099),(-0.288,0.3,0.873),(-0.294,0.298392,0.099),(-0.294,0.298392,0.873),(-0.298392,0.294,0.099),(-0.298392,0.294,0.873),(-0.3,0.288,0.099),(-0.3,0.288,0.873),(-0.3,-0.27,0.099),(-0.3,-0.27,0.873),(-0.298392,-0.276,0.099),(-0.298392,-0.276,0.873),(-0.294,-0.280392,0.099),(-0.294,-0.280392,0.873),(-0.288,-0.282,0.099),(-0.288,-0.282,0.873)));
#10774=IFCPOLYGONALFACESET(#10773,.T.,(#10713,#10714,#10715,#10716,#10717,#10718,#10719,#10720,#10721,#10722,#10723,#10724,#10725,#10726,#10727,#10728,#10729,#10730,#10731,#10732,#10733,#10734,#10735,#10736,#10737,#10738,#10739,#10740,#10741,#10742,#10743,#10744,#10745,#10746,#10747,#10748,#10749,#10750,#10751,#10752,#10753,#10754,#10755,#10756,#10757,#10758,#10759,#10760,#10761,#10762,#10763,#10764,#10765,#10766,#10767,#10768,#10769,#10770,#10771,#10772),$);
#10775=IFCSTYLEDITEM(#10774,(#3816),$);
#10776=IFCINDEXEDPOLYGONALFACE((1,2,3));
#10777=IFCINDEXEDPOLYGONALFACE((1,3,4));
#10778=IFCINDEXEDPOLYGONALFACE((2,5,6));
#10779=IFCINDEXEDPOLYGONALFACE((2,6,3));
#10780=IFCINDEXEDPOLYGONALFACE((5,7,8));
#10781=IFCINDEXEDPOLYGONALFACE((5,8,6));
#10782=IFCINDEXEDPOLYGONALFACE((7,9,10));
#10783=IFCINDEXEDPOLYGONALFACE((7,10,8));
#10784=IFCINDEXEDPOLYGONALFACE((9,11,12));
#10785=IFCINDEXEDPOLYGONALFACE((9,12,10));
#10786=IFCINDEXEDPOLYGONALFACE((11,13,14));
#10787=IFCINDEXEDPOLYGONALFACE((11,14,12));
#10788=IFCINDEXEDPOLYGONALFACE((13,15,16));
#10789=IFCINDEXEDPOLYGONALFACE((13,16,14));
#10790=IFCINDEXEDPOLYGONALFACE((15,17,18));
#10791=IFCINDEXEDPOLYGONALFACE((15,18,16));
#10792=IFCINDEXEDPOLYGONALFACE((17,19,20));
#10793=IFCINDEXEDPOLYGONALFACE((17,20,18));
#10794=IFCINDEXEDPOLYGONALFACE((19,21,22));
#10795=IFCINDEXEDPOLYGONALFACE((19,22,20));
#10796=IFCINDEXEDPOLYGONALFACE((21,23,24));
#10797=IFCINDEXEDPOLYGONALFACE((21,24,22));
#10798=IFCINDEXEDPOLYGONALFACE((23,25,26));
#10799=IFCINDEXEDPOLYGONALFACE((23,26,24));
#10800=IFCINDEXEDPOLYGONALFACE((25,27,28));
#10801=IFCINDEXEDPOLYGONALFACE((25,28,26));
#10802=IFCINDEXEDPOLYGONALFACE((27,1,4));
#10803=IFCINDEXEDPOLYGONALFACE((27,4,28));
#10804=IFCINDEXEDPOLYGONALFACE((1,5,2));
#10805=IFCINDEXEDPOLYGONALFACE((4,3,6));
#10806=IFCINDEXEDPOLYGONALFACE((1,7,5));
#10807=IFCINDEXEDPOLYGONALFACE((4,6,8));
#10808=IFCINDEXEDPOLYGONALFACE((1,9,7));
#10809=IFCINDEXEDPOLYGONALFACE((4,8,10));
#10810=IFCINDEXEDPOLYGONALFACE((1,11,9));
#10811=IFCINDEXEDPOLYGONALFACE((4,10,12));
#10812=IFCINDEXEDPOLYGONALFACE((1,13,11));
#10813=IFCINDEXEDPOLYGONALFACE((4,12,14));
#10814=IFCINDEXEDPOLYGONALFACE((1,15,13));
#10815=IFCINDEXEDPOLYGONALFACE((4,14,16));
#10816=IFCINDEXEDPOLYGONALFACE((1,17,15));
#10817=IFCINDEXEDPOLYGONALFACE((4,16,18));
#10818=IFCINDEXEDPOLYGONALFACE((1,19,17));
#10819=IFCINDEXEDPOLYGONALFACE((4,18,20));
#10820=IFCINDEXEDPOLYGONALFACE((1,21,19));
#10821=IFCINDEXEDPOLYGONALFACE((4,20,22));
#10822=IFCINDEXEDPOLYGONALFACE((1,23,21));
#10823=IFCINDEXEDPOLYGONALFACE((4,22,24));
#10824=IFCINDEXEDPOLYGONALFACE((1,25,23));
#10825=IFCINDEXEDPOLYGONALFACE((4,24,26));
#10826=IFCINDEXEDPOLYGONALFACE((1,27,25));
#10827=IFCINDEXEDPOLYGONALFACE((4,26,28));
#10828=IFCCARTESIANPOINTLIST3D(((0.2817,-0.3,0.117),(0.2856,-0.298955,0.117),(0.2856,-0.298955,0.855),(0.2817,-0.3,0.855),(0.288455,-0.2961,0.117),(0.288455,-0.2961,0.855),(0.2895,-0.2922,0.117),(0.2895,-0.2922,0.855),(0.288455,-0.2883,0.117),(0.288455,-0.2883,0.855),(0.2856,-0.285445,0.117),(0.2856,-0.285445,0.855),(0.2817,-0.2844,0.117),(0.2817,-0.2844,0.855),(-0.2817,-0.2844,0.117),(-0.2817,-0.2844,0.855),(-0.2856,-0.285445,0.117),(-0.2856,-0.285445,0.855),(-0.288455,-0.2883,0.117),(-0.288455,-0.2883,0.855),(-0.2895,-0.2922,0.117),(-0.2895,-0.2922,0.855),(-0.288455,-0.2961,0.117),(-0.288455,-0.2961,0.855),(-0.2856,-0.298955,0.117),(-0.2856,-0.298955,0.855),(-0.2817,-0.3,0.117),(-0.2817,-0.3,0.855)));
#10829=IFCPOLYGONALFACESET(#10828,.T.,(#10776,#10777,#10778,#10779,#10780,#10781,#10782,#10783,#10784,#10785,#10786,#10787,#10788,#10789,#10790,#10791,#10792,#10793,#10794,#10795,#10796,#10797,#10798,#10799,#10800,#10801,#10802,#10803,#10804,#10805,#10806,#10807,#10808,#10809,#10810,#10811,#10812,#10813,#10814,#10815,#10816,#10817,#10818,#10819,#10820,#10821,#10822,#10823,#10824,#10825,#10826,#10827),$);
#10830=IFCSTYLEDITEM(#10829,(#109),$);
#10831=IFCCARTESIANPOINT((0.,-0.3));
#10832=IFCAXIS2PLACEMENT2D(#10831,$);
#10833=IFCRECTANGLEPROFILEDEF(.AREA.,$,#10832,0.432,0.012);
#10834=IFCCARTESIANPOINT((0.,0.,0.81));
#10835=IFCAXIS2PLACEMENT3D(#10834,$,$);
#10836=IFCDIRECTION((0.,0.,1.));
#10837=IFCEXTRUDEDAREASOLID(#10833,#10835,#10836,0.0315);
#10838=IFCSTYLEDITEM(#10837,(#4148),$);
#10839=IFCSHAPEREPRESENTATION(#12,'Body','SolidModel',(#10711,#10774,#10829,#10837));
#10840=IFCPRODUCTDEFINITIONSHAPE($,$,(#10839));
#10841=IFCFURNITURE('1BsEb1UlqjkGzdCZQ5qbUu',#5,'Base cabinet','Skanna asset library',$,#10704,#10840,$,.NOTDEFINED.);
#10842=IFCCARTESIANPOINT((9.34,13.4,0.));
#10843=IFCDIRECTION((0.,0.,1.));
#10844=IFCDIRECTION((1.,0.,0.));
#10845=IFCAXIS2PLACEMENT3D(#10842,#10843,#10844);
#10846=IFCLOCALPLACEMENT(#26,#10845);
#10847=IFCCARTESIANPOINT((0.,0.018));
#10848=IFCAXIS2PLACEMENT2D(#10847,$);
#10849=IFCRECTANGLEPROFILEDEF(.AREA.,$,#10848,0.552,0.516);
#10850=IFCCARTESIANPOINT((0.,0.,0.));
#10851=IFCAXIS2PLACEMENT3D(#10850,$,$);
#10852=IFCDIRECTION((0.,0.,1.));
#10853=IFCEXTRUDEDAREASOLID(#10849,#10851,#10852,0.099);
#10854=IFCSTYLEDITEM(#10853,(#3750),$);
#10855=IFCINDEXEDPOLYGONALFACE((1,2,3));
#10856=IFCINDEXEDPOLYGONALFACE((1,3,4));
#10857=IFCINDEXEDPOLYGONALFACE((2,5,6));
#10858=IFCINDEXEDPOLYGONALFACE((2,6,3));
#10859=IFCINDEXEDPOLYGONALFACE((5,7,8));
#10860=IFCINDEXEDPOLYGONALFACE((5,8,6));
#10861=IFCINDEXEDPOLYGONALFACE((7,9,10));
#10862=IFCINDEXEDPOLYGONALFACE((7,10,8));
#10863=IFCINDEXEDPOLYGONALFACE((9,11,12));
#10864=IFCINDEXEDPOLYGONALFACE((9,12,10));
#10865=IFCINDEXEDPOLYGONALFACE((11,13,14));
#10866=IFCINDEXEDPOLYGONALFACE((11,14,12));
#10867=IFCINDEXEDPOLYGONALFACE((13,15,16));
#10868=IFCINDEXEDPOLYGONALFACE((13,16,14));
#10869=IFCINDEXEDPOLYGONALFACE((15,17,18));
#10870=IFCINDEXEDPOLYGONALFACE((15,18,16));
#10871=IFCINDEXEDPOLYGONALFACE((17,19,20));
#10872=IFCINDEXEDPOLYGONALFACE((17,20,18));
#10873=IFCINDEXEDPOLYGONALFACE((19,21,22));
#10874=IFCINDEXEDPOLYGONALFACE((19,22,20));
#10875=IFCINDEXEDPOLYGONALFACE((21,23,24));
#10876=IFCINDEXEDPOLYGONALFACE((21,24,22));
#10877=IFCINDEXEDPOLYGONALFACE((23,25,26));
#10878=IFCINDEXEDPOLYGONALFACE((23,26,24));
#10879=IFCINDEXEDPOLYGONALFACE((25,27,28));
#10880=IFCINDEXEDPOLYGONALFACE((25,28,26));
#10881=IFCINDEXEDPOLYGONALFACE((27,29,30));
#10882=IFCINDEXEDPOLYGONALFACE((27,30,28));
#10883=IFCINDEXEDPOLYGONALFACE((29,31,32));
#10884=IFCINDEXEDPOLYGONALFACE((29,32,30));
#10885=IFCINDEXEDPOLYGONALFACE((31,1,4));
#10886=IFCINDEXEDPOLYGONALFACE((31,4,32));
#10887=IFCINDEXEDPOLYGONALFACE((1,5,2));
#10888=IFCINDEXEDPOLYGONALFACE((4,3,6));
#10889=IFCINDEXEDPOLYGONALFACE((1,7,5));
#10890=IFCINDEXEDPOLYGONALFACE((4,6,8));
#10891=IFCINDEXEDPOLYGONALFACE((1,9,7));
#10892=IFCINDEXEDPOLYGONALFACE((4,8,10));
#10893=IFCINDEXEDPOLYGONALFACE((1,11,9));
#10894=IFCINDEXEDPOLYGONALFACE((4,10,12));
#10895=IFCINDEXEDPOLYGONALFACE((1,13,11));
#10896=IFCINDEXEDPOLYGONALFACE((4,12,14));
#10897=IFCINDEXEDPOLYGONALFACE((1,15,13));
#10898=IFCINDEXEDPOLYGONALFACE((4,14,16));
#10899=IFCINDEXEDPOLYGONALFACE((1,17,15));
#10900=IFCINDEXEDPOLYGONALFACE((4,16,18));
#10901=IFCINDEXEDPOLYGONALFACE((1,19,17));
#10902=IFCINDEXEDPOLYGONALFACE((4,18,20));
#10903=IFCINDEXEDPOLYGONALFACE((1,21,19));
#10904=IFCINDEXEDPOLYGONALFACE((4,20,22));
#10905=IFCINDEXEDPOLYGONALFACE((1,23,21));
#10906=IFCINDEXEDPOLYGONALFACE((4,22,24));
#10907=IFCINDEXEDPOLYGONALFACE((1,25,23));
#10908=IFCINDEXEDPOLYGONALFACE((4,24,26));
#10909=IFCINDEXEDPOLYGONALFACE((1,27,25));
#10910=IFCINDEXEDPOLYGONALFACE((4,26,28));
#10911=IFCINDEXEDPOLYGONALFACE((1,29,27));
#10912=IFCINDEXEDPOLYGONALFACE((4,28,30));
#10913=IFCINDEXEDPOLYGONALFACE((1,31,29));
#10914=IFCINDEXEDPOLYGONALFACE((4,30,32));
#10915=IFCCARTESIANPOINTLIST3D(((0.288,-0.282,0.099),(0.294,-0.280392,0.099),(0.294,-0.280392,0.873),(0.288,-0.282,0.873),(0.298392,-0.276,0.099),(0.298392,-0.276,0.873),(0.3,-0.27,0.099),(0.3,-0.27,0.873),(0.3,0.288,0.099),(0.3,0.288,0.873),(0.298392,0.294,0.099),(0.298392,0.294,0.873),(0.294,0.298392,0.099),(0.294,0.298392,0.873),(0.288,0.3,0.099),(0.288,0.3,0.873),(-0.288,0.3,0.099),(-0.288,0.3,0.873),(-0.294,0.298392,0.099),(-0.294,0.298392,0.873),(-0.298392,0.294,0.099),(-0.298392,0.294,0.873),(-0.3,0.288,0.099),(-0.3,0.288,0.873),(-0.3,-0.27,0.099),(-0.3,-0.27,0.873),(-0.298392,-0.276,0.099),(-0.298392,-0.276,0.873),(-0.294,-0.280392,0.099),(-0.294,-0.280392,0.873),(-0.288,-0.282,0.099),(-0.288,-0.282,0.873)));
#10916=IFCPOLYGONALFACESET(#10915,.T.,(#10855,#10856,#10857,#10858,#10859,#10860,#10861,#10862,#10863,#10864,#10865,#10866,#10867,#10868,#10869,#10870,#10871,#10872,#10873,#10874,#10875,#10876,#10877,#10878,#10879,#10880,#10881,#10882,#10883,#10884,#10885,#10886,#10887,#10888,#10889,#10890,#10891,#10892,#10893,#10894,#10895,#10896,#10897,#10898,#10899,#10900,#10901,#10902,#10903,#10904,#10905,#10906,#10907,#10908,#10909,#10910,#10911,#10912,#10913,#10914),$);
#10917=IFCSTYLEDITEM(#10916,(#3816),$);
#10918=IFCINDEXEDPOLYGONALFACE((1,2,3));
#10919=IFCINDEXEDPOLYGONALFACE((1,3,4));
#10920=IFCINDEXEDPOLYGONALFACE((2,5,6));
#10921=IFCINDEXEDPOLYGONALFACE((2,6,3));
#10922=IFCINDEXEDPOLYGONALFACE((5,7,8));
#10923=IFCINDEXEDPOLYGONALFACE((5,8,6));
#10924=IFCINDEXEDPOLYGONALFACE((7,9,10));
#10925=IFCINDEXEDPOLYGONALFACE((7,10,8));
#10926=IFCINDEXEDPOLYGONALFACE((9,11,12));
#10927=IFCINDEXEDPOLYGONALFACE((9,12,10));
#10928=IFCINDEXEDPOLYGONALFACE((11,13,14));
#10929=IFCINDEXEDPOLYGONALFACE((11,14,12));
#10930=IFCINDEXEDPOLYGONALFACE((13,15,16));
#10931=IFCINDEXEDPOLYGONALFACE((13,16,14));
#10932=IFCINDEXEDPOLYGONALFACE((15,17,18));
#10933=IFCINDEXEDPOLYGONALFACE((15,18,16));
#10934=IFCINDEXEDPOLYGONALFACE((17,19,20));
#10935=IFCINDEXEDPOLYGONALFACE((17,20,18));
#10936=IFCINDEXEDPOLYGONALFACE((19,21,22));
#10937=IFCINDEXEDPOLYGONALFACE((19,22,20));
#10938=IFCINDEXEDPOLYGONALFACE((21,23,24));
#10939=IFCINDEXEDPOLYGONALFACE((21,24,22));
#10940=IFCINDEXEDPOLYGONALFACE((23,25,26));
#10941=IFCINDEXEDPOLYGONALFACE((23,26,24));
#10942=IFCINDEXEDPOLYGONALFACE((25,27,28));
#10943=IFCINDEXEDPOLYGONALFACE((25,28,26));
#10944=IFCINDEXEDPOLYGONALFACE((27,1,4));
#10945=IFCINDEXEDPOLYGONALFACE((27,4,28));
#10946=IFCINDEXEDPOLYGONALFACE((1,5,2));
#10947=IFCINDEXEDPOLYGONALFACE((4,3,6));
#10948=IFCINDEXEDPOLYGONALFACE((1,7,5));
#10949=IFCINDEXEDPOLYGONALFACE((4,6,8));
#10950=IFCINDEXEDPOLYGONALFACE((1,9,7));
#10951=IFCINDEXEDPOLYGONALFACE((4,8,10));
#10952=IFCINDEXEDPOLYGONALFACE((1,11,9));
#10953=IFCINDEXEDPOLYGONALFACE((4,10,12));
#10954=IFCINDEXEDPOLYGONALFACE((1,13,11));
#10955=IFCINDEXEDPOLYGONALFACE((4,12,14));
#10956=IFCINDEXEDPOLYGONALFACE((1,15,13));
#10957=IFCINDEXEDPOLYGONALFACE((4,14,16));
#10958=IFCINDEXEDPOLYGONALFACE((1,17,15));
#10959=IFCINDEXEDPOLYGONALFACE((4,16,18));
#10960=IFCINDEXEDPOLYGONALFACE((1,19,17));
#10961=IFCINDEXEDPOLYGONALFACE((4,18,20));
#10962=IFCINDEXEDPOLYGONALFACE((1,21,19));
#10963=IFCINDEXEDPOLYGONALFACE((4,20,22));
#10964=IFCINDEXEDPOLYGONALFACE((1,23,21));
#10965=IFCINDEXEDPOLYGONALFACE((4,22,24));
#10966=IFCINDEXEDPOLYGONALFACE((1,25,23));
#10967=IFCINDEXEDPOLYGONALFACE((4,24,26));
#10968=IFCINDEXEDPOLYGONALFACE((1,27,25));
#10969=IFCINDEXEDPOLYGONALFACE((4,26,28));
#10970=IFCCARTESIANPOINTLIST3D(((0.2817,-0.3,0.117),(0.2856,-0.298955,0.117),(0.2856,-0.298955,0.855),(0.2817,-0.3,0.855),(0.288455,-0.2961,0.117),(0.288455,-0.2961,0.855),(0.2895,-0.2922,0.117),(0.2895,-0.2922,0.855),(0.288455,-0.2883,0.117),(0.288455,-0.2883,0.855),(0.2856,-0.285445,0.117),(0.2856,-0.285445,0.855),(0.2817,-0.2844,0.117),(0.2817,-0.2844,0.855),(-0.2817,-0.2844,0.117),(-0.2817,-0.2844,0.855),(-0.2856,-0.285445,0.117),(-0.2856,-0.285445,0.855),(-0.288455,-0.2883,0.117),(-0.288455,-0.2883,0.855),(-0.2895,-0.2922,0.117),(-0.2895,-0.2922,0.855),(-0.288455,-0.2961,0.117),(-0.288455,-0.2961,0.855),(-0.2856,-0.298955,0.117),(-0.2856,-0.298955,0.855),(-0.2817,-0.3,0.117),(-0.2817,-0.3,0.855)));
#10971=IFCPOLYGONALFACESET(#10970,.T.,(#10918,#10919,#10920,#10921,#10922,#10923,#10924,#10925,#10926,#10927,#10928,#10929,#10930,#10931,#10932,#10933,#10934,#10935,#10936,#10937,#10938,#10939,#10940,#10941,#10942,#10943,#10944,#10945,#10946,#10947,#10948,#10949,#10950,#10951,#10952,#10953,#10954,#10955,#10956,#10957,#10958,#10959,#10960,#10961,#10962,#10963,#10964,#10965,#10966,#10967,#10968,#10969),$);
#10972=IFCSTYLEDITEM(#10971,(#109),$);
#10973=IFCCARTESIANPOINT((0.,-0.3));
#10974=IFCAXIS2PLACEMENT2D(#10973,$);
#10975=IFCRECTANGLEPROFILEDEF(.AREA.,$,#10974,0.432,0.012);
#10976=IFCCARTESIANPOINT((0.,0.,0.81));
#10977=IFCAXIS2PLACEMENT3D(#10976,$,$);
#10978=IFCDIRECTION((0.,0.,1.));
#10979=IFCEXTRUDEDAREASOLID(#10975,#10977,#10978,0.0315);
#10980=IFCSTYLEDITEM(#10979,(#4148),$);
#10981=IFCSHAPEREPRESENTATION(#12,'Body','SolidModel',(#10853,#10916,#10971,#10979));
#10982=IFCPRODUCTDEFINITIONSHAPE($,$,(#10981));
#10983=IFCFURNITURE('3JHV7mABEJgp9EipXVS1iT',#5,'Base cabinet','Skanna asset library',$,#10846,#10982,$,.NOTDEFINED.);
#10984=IFCCARTESIANPOINT((9.98,13.4,0.));
#10985=IFCDIRECTION((0.,0.,1.));
#10986=IFCDIRECTION((1.,0.,0.));
#10987=IFCAXIS2PLACEMENT3D(#10984,#10985,#10986);
#10988=IFCLOCALPLACEMENT(#26,#10987);
#10989=IFCCARTESIANPOINT((0.,0.018));
#10990=IFCAXIS2PLACEMENT2D(#10989,$);
#10991=IFCRECTANGLEPROFILEDEF(.AREA.,$,#10990,0.6256,0.516);
#10992=IFCCARTESIANPOINT((0.,0.,0.));
#10993=IFCAXIS2PLACEMENT3D(#10992,$,$);
#10994=IFCDIRECTION((0.,0.,1.));
#10995=IFCEXTRUDEDAREASOLID(#10991,#10993,#10994,0.099);
#10996=IFCSTYLEDITEM(#10995,(#3750),$);
#10997=IFCINDEXEDPOLYGONALFACE((1,2,3));
#10998=IFCINDEXEDPOLYGONALFACE((1,3,4));
#10999=IFCINDEXEDPOLYGONALFACE((2,5,6));
#11000=IFCINDEXEDPOLYGONALFACE((2,6,3));
#11001=IFCINDEXEDPOLYGONALFACE((5,7,8));
#11002=IFCINDEXEDPOLYGONALFACE((5,8,6));
#11003=IFCINDEXEDPOLYGONALFACE((7,9,10));
#11004=IFCINDEXEDPOLYGONALFACE((7,10,8));
#11005=IFCINDEXEDPOLYGONALFACE((9,11,12));
#11006=IFCINDEXEDPOLYGONALFACE((9,12,10));
#11007=IFCINDEXEDPOLYGONALFACE((11,13,14));
#11008=IFCINDEXEDPOLYGONALFACE((11,14,12));
#11009=IFCINDEXEDPOLYGONALFACE((13,15,16));
#11010=IFCINDEXEDPOLYGONALFACE((13,16,14));
#11011=IFCINDEXEDPOLYGONALFACE((15,17,18));
#11012=IFCINDEXEDPOLYGONALFACE((15,18,16));
#11013=IFCINDEXEDPOLYGONALFACE((17,19,20));
#11014=IFCINDEXEDPOLYGONALFACE((17,20,18));
#11015=IFCINDEXEDPOLYGONALFACE((19,21,22));
#11016=IFCINDEXEDPOLYGONALFACE((19,22,20));
#11017=IFCINDEXEDPOLYGONALFACE((21,23,24));
#11018=IFCINDEXEDPOLYGONALFACE((21,24,22));
#11019=IFCINDEXEDPOLYGONALFACE((23,25,26));
#11020=IFCINDEXEDPOLYGONALFACE((23,26,24));
#11021=IFCINDEXEDPOLYGONALFACE((25,27,28));
#11022=IFCINDEXEDPOLYGONALFACE((25,28,26));
#11023=IFCINDEXEDPOLYGONALFACE((27,29,30));
#11024=IFCINDEXEDPOLYGONALFACE((27,30,28));
#11025=IFCINDEXEDPOLYGONALFACE((29,31,32));
#11026=IFCINDEXEDPOLYGONALFACE((29,32,30));
#11027=IFCINDEXEDPOLYGONALFACE((31,1,4));
#11028=IFCINDEXEDPOLYGONALFACE((31,4,32));
#11029=IFCINDEXEDPOLYGONALFACE((1,5,2));
#11030=IFCINDEXEDPOLYGONALFACE((4,3,6));
#11031=IFCINDEXEDPOLYGONALFACE((1,7,5));
#11032=IFCINDEXEDPOLYGONALFACE((4,6,8));
#11033=IFCINDEXEDPOLYGONALFACE((1,9,7));
#11034=IFCINDEXEDPOLYGONALFACE((4,8,10));
#11035=IFCINDEXEDPOLYGONALFACE((1,11,9));
#11036=IFCINDEXEDPOLYGONALFACE((4,10,12));
#11037=IFCINDEXEDPOLYGONALFACE((1,13,11));
#11038=IFCINDEXEDPOLYGONALFACE((4,12,14));
#11039=IFCINDEXEDPOLYGONALFACE((1,15,13));
#11040=IFCINDEXEDPOLYGONALFACE((4,14,16));
#11041=IFCINDEXEDPOLYGONALFACE((1,17,15));
#11042=IFCINDEXEDPOLYGONALFACE((4,16,18));
#11043=IFCINDEXEDPOLYGONALFACE((1,19,17));
#11044=IFCINDEXEDPOLYGONALFACE((4,18,20));
#11045=IFCINDEXEDPOLYGONALFACE((1,21,19));
#11046=IFCINDEXEDPOLYGONALFACE((4,20,22));
#11047=IFCINDEXEDPOLYGONALFACE((1,23,21));
#11048=IFCINDEXEDPOLYGONALFACE((4,22,24));
#11049=IFCINDEXEDPOLYGONALFACE((1,25,23));
#11050=IFCINDEXEDPOLYGONALFACE((4,24,26));
#11051=IFCINDEXEDPOLYGONALFACE((1,27,25));
#11052=IFCINDEXEDPOLYGONALFACE((4,26,28));
#11053=IFCINDEXEDPOLYGONALFACE((1,29,27));
#11054=IFCINDEXEDPOLYGONALFACE((4,28,30));
#11055=IFCINDEXEDPOLYGONALFACE((1,31,29));
#11056=IFCINDEXEDPOLYGONALFACE((4,30,32));
#11057=IFCCARTESIANPOINTLIST3D(((0.328,-0.282,0.099),(0.334,-0.280392,0.099),(0.334,-0.280392,0.873),(0.328,-0.282,0.873),(0.338392,-0.276,0.099),(0.338392,-0.276,0.873),(0.34,-0.27,0.099),(0.34,-0.27,0.873),(0.34,0.288,0.099),(0.34,0.288,0.873),(0.338392,0.294,0.099),(0.338392,0.294,0.873),(0.334,0.298392,0.099),(0.334,0.298392,0.873),(0.328,0.3,0.099),(0.328,0.3,0.873),(-0.328,0.3,0.099),(-0.328,0.3,0.873),(-0.334,0.298392,0.099),(-0.334,0.298392,0.873),(-0.338392,0.294,0.099),(-0.338392,0.294,0.873),(-0.34,0.288,0.099),(-0.34,0.288,0.873),(-0.34,-0.27,0.099),(-0.34,-0.27,0.873),(-0.338392,-0.276,0.099),(-0.338392,-0.276,0.873),(-0.334,-0.280392,0.099),(-0.334,-0.280392,0.873),(-0.328,-0.282,0.099),(-0.328,-0.282,0.873)));
#11058=IFCPOLYGONALFACESET(#11057,.T.,(#10997,#10998,#10999,#11000,#11001,#11002,#11003,#11004,#11005,#11006,#11007,#11008,#11009,#11010,#11011,#11012,#11013,#11014,#11015,#11016,#11017,#11018,#11019,#11020,#11021,#11022,#11023,#11024,#11025,#11026,#11027,#11028,#11029,#11030,#11031,#11032,#11033,#11034,#11035,#11036,#11037,#11038,#11039,#11040,#11041,#11042,#11043,#11044,#11045,#11046,#11047,#11048,#11049,#11050,#11051,#11052,#11053,#11054,#11055,#11056),$);
#11059=IFCSTYLEDITEM(#11058,(#3816),$);
#11060=IFCINDEXEDPOLYGONALFACE((1,2,3));
#11061=IFCINDEXEDPOLYGONALFACE((1,3,4));
#11062=IFCINDEXEDPOLYGONALFACE((2,5,6));
#11063=IFCINDEXEDPOLYGONALFACE((2,6,3));
#11064=IFCINDEXEDPOLYGONALFACE((5,7,8));
#11065=IFCINDEXEDPOLYGONALFACE((5,8,6));
#11066=IFCINDEXEDPOLYGONALFACE((7,9,10));
#11067=IFCINDEXEDPOLYGONALFACE((7,10,8));
#11068=IFCINDEXEDPOLYGONALFACE((9,11,12));
#11069=IFCINDEXEDPOLYGONALFACE((9,12,10));
#11070=IFCINDEXEDPOLYGONALFACE((11,13,14));
#11071=IFCINDEXEDPOLYGONALFACE((11,14,12));
#11072=IFCINDEXEDPOLYGONALFACE((13,15,16));
#11073=IFCINDEXEDPOLYGONALFACE((13,16,14));
#11074=IFCINDEXEDPOLYGONALFACE((15,17,18));
#11075=IFCINDEXEDPOLYGONALFACE((15,18,16));
#11076=IFCINDEXEDPOLYGONALFACE((17,19,20));
#11077=IFCINDEXEDPOLYGONALFACE((17,20,18));
#11078=IFCINDEXEDPOLYGONALFACE((19,21,22));
#11079=IFCINDEXEDPOLYGONALFACE((19,22,20));
#11080=IFCINDEXEDPOLYGONALFACE((21,23,24));
#11081=IFCINDEXEDPOLYGONALFACE((21,24,22));
#11082=IFCINDEXEDPOLYGONALFACE((23,25,26));
#11083=IFCINDEXEDPOLYGONALFACE((23,26,24));
#11084=IFCINDEXEDPOLYGONALFACE((25,27,28));
#11085=IFCINDEXEDPOLYGONALFACE((25,28,26));
#11086=IFCINDEXEDPOLYGONALFACE((27,1,4));
#11087=IFCINDEXEDPOLYGONALFACE((27,4,28));
#11088=IFCINDEXEDPOLYGONALFACE((1,5,2));
#11089=IFCINDEXEDPOLYGONALFACE((4,3,6));
#11090=IFCINDEXEDPOLYGONALFACE((1,7,5));
#11091=IFCINDEXEDPOLYGONALFACE((4,6,8));
#11092=IFCINDEXEDPOLYGONALFACE((1,9,7));
#11093=IFCINDEXEDPOLYGONALFACE((4,8,10));
#11094=IFCINDEXEDPOLYGONALFACE((1,11,9));
#11095=IFCINDEXEDPOLYGONALFACE((4,10,12));
#11096=IFCINDEXEDPOLYGONALFACE((1,13,11));
#11097=IFCINDEXEDPOLYGONALFACE((4,12,14));
#11098=IFCINDEXEDPOLYGONALFACE((1,15,13));
#11099=IFCINDEXEDPOLYGONALFACE((4,14,16));
#11100=IFCINDEXEDPOLYGONALFACE((1,17,15));
#11101=IFCINDEXEDPOLYGONALFACE((4,16,18));
#11102=IFCINDEXEDPOLYGONALFACE((1,19,17));
#11103=IFCINDEXEDPOLYGONALFACE((4,18,20));
#11104=IFCINDEXEDPOLYGONALFACE((1,21,19));
#11105=IFCINDEXEDPOLYGONALFACE((4,20,22));
#11106=IFCINDEXEDPOLYGONALFACE((1,23,21));
#11107=IFCINDEXEDPOLYGONALFACE((4,22,24));
#11108=IFCINDEXEDPOLYGONALFACE((1,25,23));
#11109=IFCINDEXEDPOLYGONALFACE((4,24,26));
#11110=IFCINDEXEDPOLYGONALFACE((1,27,25));
#11111=IFCINDEXEDPOLYGONALFACE((4,26,28));
#11112=IFCCARTESIANPOINTLIST3D(((0.3203,-0.3,0.117),(0.3242,-0.298955,0.117),(0.3242,-0.298955,0.855),(0.3203,-0.3,0.855),(0.327055,-0.2961,0.117),(0.327055,-0.2961,0.855),(0.3281,-0.2922,0.117),(0.3281,-0.2922,0.855),(0.327055,-0.2883,0.117),(0.327055,-0.2883,0.855),(0.3242,-0.285445,0.117),(0.3242,-0.285445,0.855),(0.3203,-0.2844,0.117),(0.3203,-0.2844,0.855),(-0.3203,-0.2844,0.117),(-0.3203,-0.2844,0.855),(-0.3242,-0.285445,0.117),(-0.3242,-0.285445,0.855),(-0.327055,-0.2883,0.117),(-0.327055,-0.2883,0.855),(-0.3281,-0.2922,0.117),(-0.3281,-0.2922,0.855),(-0.327055,-0.2961,0.117),(-0.327055,-0.2961,0.855),(-0.3242,-0.298955,0.117),(-0.3242,-0.298955,0.855),(-0.3203,-0.3,0.117),(-0.3203,-0.3,0.855)));
#11113=IFCPOLYGONALFACESET(#11112,.T.,(#11060,#11061,#11062,#11063,#11064,#11065,#11066,#11067,#11068,#11069,#11070,#11071,#11072,#11073,#11074,#11075,#11076,#11077,#11078,#11079,#11080,#11081,#11082,#11083,#11084,#11085,#11086,#11087,#11088,#11089,#11090,#11091,#11092,#11093,#11094,#11095,#11096,#11097,#11098,#11099,#11100,#11101,#11102,#11103,#11104,#11105,#11106,#11107,#11108,#11109,#11110,#11111),$);
#11114=IFCSTYLEDITEM(#11113,(#109),$);
#11115=IFCCARTESIANPOINT((0.,-0.3));
#11116=IFCAXIS2PLACEMENT2D(#11115,$);
#11117=IFCRECTANGLEPROFILEDEF(.AREA.,$,#11116,0.4896,0.012);
#11118=IFCCARTESIANPOINT((0.,0.,0.81));
#11119=IFCAXIS2PLACEMENT3D(#11118,$,$);
#11120=IFCDIRECTION((0.,0.,1.));
#11121=IFCEXTRUDEDAREASOLID(#11117,#11119,#11120,0.0315);
#11122=IFCSTYLEDITEM(#11121,(#4148),$);
#11123=IFCSHAPEREPRESENTATION(#12,'Body','SolidModel',(#10995,#11058,#11113,#11121));
#11124=IFCPRODUCTDEFINITIONSHAPE($,$,(#11123));
#11125=IFCFURNITURE('26ZSR279QWTgewqLvb7bBc',#5,'Base cabinet','Skanna asset library',$,#10988,#11124,$,.NOTDEFINED.);
#11126=IFCCARTESIANPOINT((10.02,12.8,0.));
#11127=IFCDIRECTION((0.,0.,1.));
#11128=IFCDIRECTION((0.,-1.,0.));
#11129=IFCAXIS2PLACEMENT3D(#11126,#11127,#11128);
#11130=IFCLOCALPLACEMENT(#26,#11129);
#11131=IFCCARTESIANPOINT((0.,0.018));
#11132=IFCAXIS2PLACEMENT2D(#11131,$);
#11133=IFCRECTANGLEPROFILEDEF(.AREA.,$,#11132,0.552,0.516);
#11134=IFCCARTESIANPOINT((0.,0.,0.));
#11135=IFCAXIS2PLACEMENT3D(#11134,$,$);
#11136=IFCDIRECTION((0.,0.,1.));
#11137=IFCEXTRUDEDAREASOLID(#11133,#11135,#11136,0.099);
#11138=IFCSTYLEDITEM(#11137,(#3750),$);
#11139=IFCINDEXEDPOLYGONALFACE((1,2,3));
#11140=IFCINDEXEDPOLYGONALFACE((1,3,4));
#11141=IFCINDEXEDPOLYGONALFACE((2,5,6));
#11142=IFCINDEXEDPOLYGONALFACE((2,6,3));
#11143=IFCINDEXEDPOLYGONALFACE((5,7,8));
#11144=IFCINDEXEDPOLYGONALFACE((5,8,6));
#11145=IFCINDEXEDPOLYGONALFACE((7,9,10));
#11146=IFCINDEXEDPOLYGONALFACE((7,10,8));
#11147=IFCINDEXEDPOLYGONALFACE((9,11,12));
#11148=IFCINDEXEDPOLYGONALFACE((9,12,10));
#11149=IFCINDEXEDPOLYGONALFACE((11,13,14));
#11150=IFCINDEXEDPOLYGONALFACE((11,14,12));
#11151=IFCINDEXEDPOLYGONALFACE((13,15,16));
#11152=IFCINDEXEDPOLYGONALFACE((13,16,14));
#11153=IFCINDEXEDPOLYGONALFACE((15,17,18));
#11154=IFCINDEXEDPOLYGONALFACE((15,18,16));
#11155=IFCINDEXEDPOLYGONALFACE((17,19,20));
#11156=IFCINDEXEDPOLYGONALFACE((17,20,18));
#11157=IFCINDEXEDPOLYGONALFACE((19,21,22));
#11158=IFCINDEXEDPOLYGONALFACE((19,22,20));
#11159=IFCINDEXEDPOLYGONALFACE((21,23,24));
#11160=IFCINDEXEDPOLYGONALFACE((21,24,22));
#11161=IFCINDEXEDPOLYGONALFACE((23,25,26));
#11162=IFCINDEXEDPOLYGONALFACE((23,26,24));
#11163=IFCINDEXEDPOLYGONALFACE((25,27,28));
#11164=IFCINDEXEDPOLYGONALFACE((25,28,26));
#11165=IFCINDEXEDPOLYGONALFACE((27,29,30));
#11166=IFCINDEXEDPOLYGONALFACE((27,30,28));
#11167=IFCINDEXEDPOLYGONALFACE((29,31,32));
#11168=IFCINDEXEDPOLYGONALFACE((29,32,30));
#11169=IFCINDEXEDPOLYGONALFACE((31,1,4));
#11170=IFCINDEXEDPOLYGONALFACE((31,4,32));
#11171=IFCINDEXEDPOLYGONALFACE((1,5,2));
#11172=IFCINDEXEDPOLYGONALFACE((4,3,6));
#11173=IFCINDEXEDPOLYGONALFACE((1,7,5));
#11174=IFCINDEXEDPOLYGONALFACE((4,6,8));
#11175=IFCINDEXEDPOLYGONALFACE((1,9,7));
#11176=IFCINDEXEDPOLYGONALFACE((4,8,10));
#11177=IFCINDEXEDPOLYGONALFACE((1,11,9));
#11178=IFCINDEXEDPOLYGONALFACE((4,10,12));
#11179=IFCINDEXEDPOLYGONALFACE((1,13,11));
#11180=IFCINDEXEDPOLYGONALFACE((4,12,14));
#11181=IFCINDEXEDPOLYGONALFACE((1,15,13));
#11182=IFCINDEXEDPOLYGONALFACE((4,14,16));
#11183=IFCINDEXEDPOLYGONALFACE((1,17,15));
#11184=IFCINDEXEDPOLYGONALFACE((4,16,18));
#11185=IFCINDEXEDPOLYGONALFACE((1,19,17));
#11186=IFCINDEXEDPOLYGONALFACE((4,18,20));
#11187=IFCINDEXEDPOLYGONALFACE((1,21,19));
#11188=IFCINDEXEDPOLYGONALFACE((4,20,22));
#11189=IFCINDEXEDPOLYGONALFACE((1,23,21));
#11190=IFCINDEXEDPOLYGONALFACE((4,22,24));
#11191=IFCINDEXEDPOLYGONALFACE((1,25,23));
#11192=IFCINDEXEDPOLYGONALFACE((4,24,26));
#11193=IFCINDEXEDPOLYGONALFACE((1,27,25));
#11194=IFCINDEXEDPOLYGONALFACE((4,26,28));
#11195=IFCINDEXEDPOLYGONALFACE((1,29,27));
#11196=IFCINDEXEDPOLYGONALFACE((4,28,30));
#11197=IFCINDEXEDPOLYGONALFACE((1,31,29));
#11198=IFCINDEXEDPOLYGONALFACE((4,30,32));
#11199=IFCCARTESIANPOINTLIST3D(((0.288,-0.282,0.099),(0.294,-0.280392,0.099),(0.294,-0.280392,0.873),(0.288,-0.282,0.873),(0.298392,-0.276,0.099),(0.298392,-0.276,0.873),(0.3,-0.27,0.099),(0.3,-0.27,0.873),(0.3,0.288,0.099),(0.3,0.288,0.873),(0.298392,0.294,0.099),(0.298392,0.294,0.873),(0.294,0.298392,0.099),(0.294,0.298392,0.873),(0.288,0.3,0.099),(0.288,0.3,0.873),(-0.288,0.3,0.099),(-0.288,0.3,0.873),(-0.294,0.298392,0.099),(-0.294,0.298392,0.873),(-0.298392,0.294,0.099),(-0.298392,0.294,0.873),(-0.3,0.288,0.099),(-0.3,0.288,0.873),(-0.3,-0.27,0.099),(-0.3,-0.27,0.873),(-0.298392,-0.276,0.099),(-0.298392,-0.276,0.873),(-0.294,-0.280392,0.099),(-0.294,-0.280392,0.873),(-0.288,-0.282,0.099),(-0.288,-0.282,0.873)));
#11200=IFCPOLYGONALFACESET(#11199,.T.,(#11139,#11140,#11141,#11142,#11143,#11144,#11145,#11146,#11147,#11148,#11149,#11150,#11151,#11152,#11153,#11154,#11155,#11156,#11157,#11158,#11159,#11160,#11161,#11162,#11163,#11164,#11165,#11166,#11167,#11168,#11169,#11170,#11171,#11172,#11173,#11174,#11175,#11176,#11177,#11178,#11179,#11180,#11181,#11182,#11183,#11184,#11185,#11186,#11187,#11188,#11189,#11190,#11191,#11192,#11193,#11194,#11195,#11196,#11197,#11198),$);
#11201=IFCSTYLEDITEM(#11200,(#3816),$);
#11202=IFCINDEXEDPOLYGONALFACE((1,2,3));
#11203=IFCINDEXEDPOLYGONALFACE((1,3,4));
#11204=IFCINDEXEDPOLYGONALFACE((2,5,6));
#11205=IFCINDEXEDPOLYGONALFACE((2,6,3));
#11206=IFCINDEXEDPOLYGONALFACE((5,7,8));
#11207=IFCINDEXEDPOLYGONALFACE((5,8,6));
#11208=IFCINDEXEDPOLYGONALFACE((7,9,10));
#11209=IFCINDEXEDPOLYGONALFACE((7,10,8));
#11210=IFCINDEXEDPOLYGONALFACE((9,11,12));
#11211=IFCINDEXEDPOLYGONALFACE((9,12,10));
#11212=IFCINDEXEDPOLYGONALFACE((11,13,14));
#11213=IFCINDEXEDPOLYGONALFACE((11,14,12));
#11214=IFCINDEXEDPOLYGONALFACE((13,15,16));
#11215=IFCINDEXEDPOLYGONALFACE((13,16,14));
#11216=IFCINDEXEDPOLYGONALFACE((15,17,18));
#11217=IFCINDEXEDPOLYGONALFACE((15,18,16));
#11218=IFCINDEXEDPOLYGONALFACE((17,19,20));
#11219=IFCINDEXEDPOLYGONALFACE((17,20,18));
#11220=IFCINDEXEDPOLYGONALFACE((19,21,22));
#11221=IFCINDEXEDPOLYGONALFACE((19,22,20));
#11222=IFCINDEXEDPOLYGONALFACE((21,23,24));
#11223=IFCINDEXEDPOLYGONALFACE((21,24,22));
#11224=IFCINDEXEDPOLYGONALFACE((23,25,26));
#11225=IFCINDEXEDPOLYGONALFACE((23,26,24));
#11226=IFCINDEXEDPOLYGONALFACE((25,27,28));
#11227=IFCINDEXEDPOLYGONALFACE((25,28,26));
#11228=IFCINDEXEDPOLYGONALFACE((27,1,4));
#11229=IFCINDEXEDPOLYGONALFACE((27,4,28));
#11230=IFCINDEXEDPOLYGONALFACE((1,5,2));
#11231=IFCINDEXEDPOLYGONALFACE((4,3,6));
#11232=IFCINDEXEDPOLYGONALFACE((1,7,5));
#11233=IFCINDEXEDPOLYGONALFACE((4,6,8));
#11234=IFCINDEXEDPOLYGONALFACE((1,9,7));
#11235=IFCINDEXEDPOLYGONALFACE((4,8,10));
#11236=IFCINDEXEDPOLYGONALFACE((1,11,9));
#11237=IFCINDEXEDPOLYGONALFACE((4,10,12));
#11238=IFCINDEXEDPOLYGONALFACE((1,13,11));
#11239=IFCINDEXEDPOLYGONALFACE((4,12,14));
#11240=IFCINDEXEDPOLYGONALFACE((1,15,13));
#11241=IFCINDEXEDPOLYGONALFACE((4,14,16));
#11242=IFCINDEXEDPOLYGONALFACE((1,17,15));
#11243=IFCINDEXEDPOLYGONALFACE((4,16,18));
#11244=IFCINDEXEDPOLYGONALFACE((1,19,17));
#11245=IFCINDEXEDPOLYGONALFACE((4,18,20));
#11246=IFCINDEXEDPOLYGONALFACE((1,21,19));
#11247=IFCINDEXEDPOLYGONALFACE((4,20,22));
#11248=IFCINDEXEDPOLYGONALFACE((1,23,21));
#11249=IFCINDEXEDPOLYGONALFACE((4,22,24));
#11250=IFCINDEXEDPOLYGONALFACE((1,25,23));
#11251=IFCINDEXEDPOLYGONALFACE((4,24,26));
#11252=IFCINDEXEDPOLYGONALFACE((1,27,25));
#11253=IFCINDEXEDPOLYGONALFACE((4,26,28));
#11254=IFCCARTESIANPOINTLIST3D(((0.2817,-0.3,0.117),(0.2856,-0.298955,0.117),(0.2856,-0.298955,0.855),(0.2817,-0.3,0.855),(0.288455,-0.2961,0.117),(0.288455,-0.2961,0.855),(0.2895,-0.2922,0.117),(0.2895,-0.2922,0.855),(0.288455,-0.2883,0.117),(0.288455,-0.2883,0.855),(0.2856,-0.285445,0.117),(0.2856,-0.285445,0.855),(0.2817,-0.2844,0.117),(0.2817,-0.2844,0.855),(-0.2817,-0.2844,0.117),(-0.2817,-0.2844,0.855),(-0.2856,-0.285445,0.117),(-0.2856,-0.285445,0.855),(-0.288455,-0.2883,0.117),(-0.288455,-0.2883,0.855),(-0.2895,-0.2922,0.117),(-0.2895,-0.2922,0.855),(-0.288455,-0.2961,0.117),(-0.288455,-0.2961,0.855),(-0.2856,-0.298955,0.117),(-0.2856,-0.298955,0.855),(-0.2817,-0.3,0.117),(-0.2817,-0.3,0.855)));
#11255=IFCPOLYGONALFACESET(#11254,.T.,(#11202,#11203,#11204,#11205,#11206,#11207,#11208,#11209,#11210,#11211,#11212,#11213,#11214,#11215,#11216,#11217,#11218,#11219,#11220,#11221,#11222,#11223,#11224,#11225,#11226,#11227,#11228,#11229,#11230,#11231,#11232,#11233,#11234,#11235,#11236,#11237,#11238,#11239,#11240,#11241,#11242,#11243,#11244,#11245,#11246,#11247,#11248,#11249,#11250,#11251,#11252,#11253),$);
#11256=IFCSTYLEDITEM(#11255,(#109),$);
#11257=IFCCARTESIANPOINT((0.,-0.3));
#11258=IFCAXIS2PLACEMENT2D(#11257,$);
#11259=IFCRECTANGLEPROFILEDEF(.AREA.,$,#11258,0.432,0.012);
#11260=IFCCARTESIANPOINT((0.,0.,0.81));
#11261=IFCAXIS2PLACEMENT3D(#11260,$,$);
#11262=IFCDIRECTION((0.,0.,1.));
#11263=IFCEXTRUDEDAREASOLID(#11259,#11261,#11262,0.0315);
#11264=IFCSTYLEDITEM(#11263,(#4148),$);
#11265=IFCSHAPEREPRESENTATION(#12,'Body','SolidModel',(#11137,#11200,#11255,#11263));
#11266=IFCPRODUCTDEFINITIONSHAPE($,$,(#11265));
#11267=IFCFURNITURE('21FW3lrKKyQZ59kpia48Q2',#5,'Base cabinet','Skanna asset library',$,#11130,#11266,$,.NOTDEFINED.);
#11268=IFCCARTESIANPOINT((10.02,10.6,0.));
#11269=IFCDIRECTION((0.,0.,1.));
#11270=IFCDIRECTION((0.,-1.,0.));
#11271=IFCAXIS2PLACEMENT3D(#11268,#11269,#11270);
#11272=IFCLOCALPLACEMENT(#26,#11271);
#11273=IFCCARTESIANPOINT((0.,0.018));
#11274=IFCAXIS2PLACEMENT2D(#11273,$);
#11275=IFCRECTANGLEPROFILEDEF(.AREA.,$,#11274,0.552,0.516);
#11276=IFCCARTESIANPOINT((0.,0.,0.));
#11277=IFCAXIS2PLACEMENT3D(#11276,$,$);
#11278=IFCDIRECTION((0.,0.,1.));
#11279=IFCEXTRUDEDAREASOLID(#11275,#11277,#11278,0.099);
#11280=IFCSTYLEDITEM(#11279,(#3750),$);
#11281=IFCINDEXEDPOLYGONALFACE((1,2,3));
#11282=IFCINDEXEDPOLYGONALFACE((1,3,4));
#11283=IFCINDEXEDPOLYGONALFACE((2,5,6));
#11284=IFCINDEXEDPOLYGONALFACE((2,6,3));
#11285=IFCINDEXEDPOLYGONALFACE((5,7,8));
#11286=IFCINDEXEDPOLYGONALFACE((5,8,6));
#11287=IFCINDEXEDPOLYGONALFACE((7,9,10));
#11288=IFCINDEXEDPOLYGONALFACE((7,10,8));
#11289=IFCINDEXEDPOLYGONALFACE((9,11,12));
#11290=IFCINDEXEDPOLYGONALFACE((9,12,10));
#11291=IFCINDEXEDPOLYGONALFACE((11,13,14));
#11292=IFCINDEXEDPOLYGONALFACE((11,14,12));
#11293=IFCINDEXEDPOLYGONALFACE((13,15,16));
#11294=IFCINDEXEDPOLYGONALFACE((13,16,14));
#11295=IFCINDEXEDPOLYGONALFACE((15,17,18));
#11296=IFCINDEXEDPOLYGONALFACE((15,18,16));
#11297=IFCINDEXEDPOLYGONALFACE((17,19,20));
#11298=IFCINDEXEDPOLYGONALFACE((17,20,18));
#11299=IFCINDEXEDPOLYGONALFACE((19,21,22));
#11300=IFCINDEXEDPOLYGONALFACE((19,22,20));
#11301=IFCINDEXEDPOLYGONALFACE((21,23,24));
#11302=IFCINDEXEDPOLYGONALFACE((21,24,22));
#11303=IFCINDEXEDPOLYGONALFACE((23,25,26));
#11304=IFCINDEXEDPOLYGONALFACE((23,26,24));
#11305=IFCINDEXEDPOLYGONALFACE((25,27,28));
#11306=IFCINDEXEDPOLYGONALFACE((25,28,26));
#11307=IFCINDEXEDPOLYGONALFACE((27,29,30));
#11308=IFCINDEXEDPOLYGONALFACE((27,30,28));
#11309=IFCINDEXEDPOLYGONALFACE((29,31,32));
#11310=IFCINDEXEDPOLYGONALFACE((29,32,30));
#11311=IFCINDEXEDPOLYGONALFACE((31,1,4));
#11312=IFCINDEXEDPOLYGONALFACE((31,4,32));
#11313=IFCINDEXEDPOLYGONALFACE((1,5,2));
#11314=IFCINDEXEDPOLYGONALFACE((4,3,6));
#11315=IFCINDEXEDPOLYGONALFACE((1,7,5));
#11316=IFCINDEXEDPOLYGONALFACE((4,6,8));
#11317=IFCINDEXEDPOLYGONALFACE((1,9,7));
#11318=IFCINDEXEDPOLYGONALFACE((4,8,10));
#11319=IFCINDEXEDPOLYGONALFACE((1,11,9));
#11320=IFCINDEXEDPOLYGONALFACE((4,10,12));
#11321=IFCINDEXEDPOLYGONALFACE((1,13,11));
#11322=IFCINDEXEDPOLYGONALFACE((4,12,14));
#11323=IFCINDEXEDPOLYGONALFACE((1,15,13));
#11324=IFCINDEXEDPOLYGONALFACE((4,14,16));
#11325=IFCINDEXEDPOLYGONALFACE((1,17,15));
#11326=IFCINDEXEDPOLYGONALFACE((4,16,18));
#11327=IFCINDEXEDPOLYGONALFACE((1,19,17));
#11328=IFCINDEXEDPOLYGONALFACE((4,18,20));
#11329=IFCINDEXEDPOLYGONALFACE((1,21,19));
#11330=IFCINDEXEDPOLYGONALFACE((4,20,22));
#11331=IFCINDEXEDPOLYGONALFACE((1,23,21));
#11332=IFCINDEXEDPOLYGONALFACE((4,22,24));
#11333=IFCINDEXEDPOLYGONALFACE((1,25,23));
#11334=IFCINDEXEDPOLYGONALFACE((4,24,26));
#11335=IFCINDEXEDPOLYGONALFACE((1,27,25));
#11336=IFCINDEXEDPOLYGONALFACE((4,26,28));
#11337=IFCINDEXEDPOLYGONALFACE((1,29,27));
#11338=IFCINDEXEDPOLYGONALFACE((4,28,30));
#11339=IFCINDEXEDPOLYGONALFACE((1,31,29));
#11340=IFCINDEXEDPOLYGONALFACE((4,30,32));
#11341=IFCCARTESIANPOINTLIST3D(((0.288,-0.282,0.099),(0.294,-0.280392,0.099),(0.294,-0.280392,0.873),(0.288,-0.282,0.873),(0.298392,-0.276,0.099),(0.298392,-0.276,0.873),(0.3,-0.27,0.099),(0.3,-0.27,0.873),(0.3,0.288,0.099),(0.3,0.288,0.873),(0.298392,0.294,0.099),(0.298392,0.294,0.873),(0.294,0.298392,0.099),(0.294,0.298392,0.873),(0.288,0.3,0.099),(0.288,0.3,0.873),(-0.288,0.3,0.099),(-0.288,0.3,0.873),(-0.294,0.298392,0.099),(-0.294,0.298392,0.873),(-0.298392,0.294,0.099),(-0.298392,0.294,0.873),(-0.3,0.288,0.099),(-0.3,0.288,0.873),(-0.3,-0.27,0.099),(-0.3,-0.27,0.873),(-0.298392,-0.276,0.099),(-0.298392,-0.276,0.873),(-0.294,-0.280392,0.099),(-0.294,-0.280392,0.873),(-0.288,-0.282,0.099),(-0.288,-0.282,0.873)));
#11342=IFCPOLYGONALFACESET(#11341,.T.,(#11281,#11282,#11283,#11284,#11285,#11286,#11287,#11288,#11289,#11290,#11291,#11292,#11293,#11294,#11295,#11296,#11297,#11298,#11299,#11300,#11301,#11302,#11303,#11304,#11305,#11306,#11307,#11308,#11309,#11310,#11311,#11312,#11313,#11314,#11315,#11316,#11317,#11318,#11319,#11320,#11321,#11322,#11323,#11324,#11325,#11326,#11327,#11328,#11329,#11330,#11331,#11332,#11333,#11334,#11335,#11336,#11337,#11338,#11339,#11340),$);
#11343=IFCSTYLEDITEM(#11342,(#3816),$);
#11344=IFCINDEXEDPOLYGONALFACE((1,2,3));
#11345=IFCINDEXEDPOLYGONALFACE((1,3,4));
#11346=IFCINDEXEDPOLYGONALFACE((2,5,6));
#11347=IFCINDEXEDPOLYGONALFACE((2,6,3));
#11348=IFCINDEXEDPOLYGONALFACE((5,7,8));
#11349=IFCINDEXEDPOLYGONALFACE((5,8,6));
#11350=IFCINDEXEDPOLYGONALFACE((7,9,10));
#11351=IFCINDEXEDPOLYGONALFACE((7,10,8));
#11352=IFCINDEXEDPOLYGONALFACE((9,11,12));
#11353=IFCINDEXEDPOLYGONALFACE((9,12,10));
#11354=IFCINDEXEDPOLYGONALFACE((11,13,14));
#11355=IFCINDEXEDPOLYGONALFACE((11,14,12));
#11356=IFCINDEXEDPOLYGONALFACE((13,15,16));
#11357=IFCINDEXEDPOLYGONALFACE((13,16,14));
#11358=IFCINDEXEDPOLYGONALFACE((15,17,18));
#11359=IFCINDEXEDPOLYGONALFACE((15,18,16));
#11360=IFCINDEXEDPOLYGONALFACE((17,19,20));
#11361=IFCINDEXEDPOLYGONALFACE((17,20,18));
#11362=IFCINDEXEDPOLYGONALFACE((19,21,22));
#11363=IFCINDEXEDPOLYGONALFACE((19,22,20));
#11364=IFCINDEXEDPOLYGONALFACE((21,23,24));
#11365=IFCINDEXEDPOLYGONALFACE((21,24,22));
#11366=IFCINDEXEDPOLYGONALFACE((23,25,26));
#11367=IFCINDEXEDPOLYGONALFACE((23,26,24));
#11368=IFCINDEXEDPOLYGONALFACE((25,27,28));
#11369=IFCINDEXEDPOLYGONALFACE((25,28,26));
#11370=IFCINDEXEDPOLYGONALFACE((27,1,4));
#11371=IFCINDEXEDPOLYGONALFACE((27,4,28));
#11372=IFCINDEXEDPOLYGONALFACE((1,5,2));
#11373=IFCINDEXEDPOLYGONALFACE((4,3,6));
#11374=IFCINDEXEDPOLYGONALFACE((1,7,5));
#11375=IFCINDEXEDPOLYGONALFACE((4,6,8));
#11376=IFCINDEXEDPOLYGONALFACE((1,9,7));
#11377=IFCINDEXEDPOLYGONALFACE((4,8,10));
#11378=IFCINDEXEDPOLYGONALFACE((1,11,9));
#11379=IFCINDEXEDPOLYGONALFACE((4,10,12));
#11380=IFCINDEXEDPOLYGONALFACE((1,13,11));
#11381=IFCINDEXEDPOLYGONALFACE((4,12,14));
#11382=IFCINDEXEDPOLYGONALFACE((1,15,13));
#11383=IFCINDEXEDPOLYGONALFACE((4,14,16));
#11384=IFCINDEXEDPOLYGONALFACE((1,17,15));
#11385=IFCINDEXEDPOLYGONALFACE((4,16,18));
#11386=IFCINDEXEDPOLYGONALFACE((1,19,17));
#11387=IFCINDEXEDPOLYGONALFACE((4,18,20));
#11388=IFCINDEXEDPOLYGONALFACE((1,21,19));
#11389=IFCINDEXEDPOLYGONALFACE((4,20,22));
#11390=IFCINDEXEDPOLYGONALFACE((1,23,21));
#11391=IFCINDEXEDPOLYGONALFACE((4,22,24));
#11392=IFCINDEXEDPOLYGONALFACE((1,25,23));
#11393=IFCINDEXEDPOLYGONALFACE((4,24,26));
#11394=IFCINDEXEDPOLYGONALFACE((1,27,25));
#11395=IFCINDEXEDPOLYGONALFACE((4,26,28));
#11396=IFCCARTESIANPOINTLIST3D(((0.2817,-0.3,0.117),(0.2856,-0.298955,0.117),(0.2856,-0.298955,0.855),(0.2817,-0.3,0.855),(0.288455,-0.2961,0.117),(0.288455,-0.2961,0.855),(0.2895,-0.2922,0.117),(0.2895,-0.2922,0.855),(0.288455,-0.2883,0.117),(0.288455,-0.2883,0.855),(0.2856,-0.285445,0.117),(0.2856,-0.285445,0.855),(0.2817,-0.2844,0.117),(0.2817,-0.2844,0.855),(-0.2817,-0.2844,0.117),(-0.2817,-0.2844,0.855),(-0.2856,-0.285445,0.117),(-0.2856,-0.285445,0.855),(-0.288455,-0.2883,0.117),(-0.288455,-0.2883,0.855),(-0.2895,-0.2922,0.117),(-0.2895,-0.2922,0.855),(-0.288455,-0.2961,0.117),(-0.288455,-0.2961,0.855),(-0.2856,-0.298955,0.117),(-0.2856,-0.298955,0.855),(-0.2817,-0.3,0.117),(-0.2817,-0.3,0.855)));
#11397=IFCPOLYGONALFACESET(#11396,.T.,(#11344,#11345,#11346,#11347,#11348,#11349,#11350,#11351,#11352,#11353,#11354,#11355,#11356,#11357,#11358,#11359,#11360,#11361,#11362,#11363,#11364,#11365,#11366,#11367,#11368,#11369,#11370,#11371,#11372,#11373,#11374,#11375,#11376,#11377,#11378,#11379,#11380,#11381,#11382,#11383,#11384,#11385,#11386,#11387,#11388,#11389,#11390,#11391,#11392,#11393,#11394,#11395),$);
#11398=IFCSTYLEDITEM(#11397,(#109),$);
#11399=IFCCARTESIANPOINT((0.,-0.3));
#11400=IFCAXIS2PLACEMENT2D(#11399,$);
#11401=IFCRECTANGLEPROFILEDEF(.AREA.,$,#11400,0.432,0.012);
#11402=IFCCARTESIANPOINT((0.,0.,0.81));
#11403=IFCAXIS2PLACEMENT3D(#11402,$,$);
#11404=IFCDIRECTION((0.,0.,1.));
#11405=IFCEXTRUDEDAREASOLID(#11401,#11403,#11404,0.0315);
#11406=IFCSTYLEDITEM(#11405,(#4148),$);
#11407=IFCSHAPEREPRESENTATION(#12,'Body','SolidModel',(#11279,#11342,#11397,#11405));
#11408=IFCPRODUCTDEFINITIONSHAPE($,$,(#11407));
#11409=IFCFURNITURE('1R$lja$AG0U$M1DPsfgy_L',#5,'Base cabinet','Skanna asset library',$,#11272,#11408,$,.NOTDEFINED.);
#11410=IFCCARTESIANPOINT((10.02,11.2,0.));
#11411=IFCDIRECTION((0.,0.,1.));
#11412=IFCDIRECTION((0.,-1.,0.));
#11413=IFCAXIS2PLACEMENT3D(#11410,#11411,#11412);
#11414=IFCLOCALPLACEMENT(#26,#11413);
#11415=IFCCARTESIANPOINT((0.,0.018));
#11416=IFCAXIS2PLACEMENT2D(#11415,$);
#11417=IFCRECTANGLEPROFILEDEF(.AREA.,$,#11416,0.552,0.516);
#11418=IFCCARTESIANPOINT((0.,0.,0.));
#11419=IFCAXIS2PLACEMENT3D(#11418,$,$);
#11420=IFCDIRECTION((0.,0.,1.));
#11421=IFCEXTRUDEDAREASOLID(#11417,#11419,#11420,0.099);
#11422=IFCSTYLEDITEM(#11421,(#3750),$);
#11423=IFCINDEXEDPOLYGONALFACE((1,2,3));
#11424=IFCINDEXEDPOLYGONALFACE((1,3,4));
#11425=IFCINDEXEDPOLYGONALFACE((2,5,6));
#11426=IFCINDEXEDPOLYGONALFACE((2,6,3));
#11427=IFCINDEXEDPOLYGONALFACE((5,7,8));
#11428=IFCINDEXEDPOLYGONALFACE((5,8,6));
#11429=IFCINDEXEDPOLYGONALFACE((7,9,10));
#11430=IFCINDEXEDPOLYGONALFACE((7,10,8));
#11431=IFCINDEXEDPOLYGONALFACE((9,11,12));
#11432=IFCINDEXEDPOLYGONALFACE((9,12,10));
#11433=IFCINDEXEDPOLYGONALFACE((11,13,14));
#11434=IFCINDEXEDPOLYGONALFACE((11,14,12));
#11435=IFCINDEXEDPOLYGONALFACE((13,15,16));
#11436=IFCINDEXEDPOLYGONALFACE((13,16,14));
#11437=IFCINDEXEDPOLYGONALFACE((15,17,18));
#11438=IFCINDEXEDPOLYGONALFACE((15,18,16));
#11439=IFCINDEXEDPOLYGONALFACE((17,19,20));
#11440=IFCINDEXEDPOLYGONALFACE((17,20,18));
#11441=IFCINDEXEDPOLYGONALFACE((19,21,22));
#11442=IFCINDEXEDPOLYGONALFACE((19,22,20));
#11443=IFCINDEXEDPOLYGONALFACE((21,23,24));
#11444=IFCINDEXEDPOLYGONALFACE((21,24,22));
#11445=IFCINDEXEDPOLYGONALFACE((23,25,26));
#11446=IFCINDEXEDPOLYGONALFACE((23,26,24));
#11447=IFCINDEXEDPOLYGONALFACE((25,27,28));
#11448=IFCINDEXEDPOLYGONALFACE((25,28,26));
#11449=IFCINDEXEDPOLYGONALFACE((27,29,30));
#11450=IFCINDEXEDPOLYGONALFACE((27,30,28));
#11451=IFCINDEXEDPOLYGONALFACE((29,31,32));
#11452=IFCINDEXEDPOLYGONALFACE((29,32,30));
#11453=IFCINDEXEDPOLYGONALFACE((31,1,4));
#11454=IFCINDEXEDPOLYGONALFACE((31,4,32));
#11455=IFCINDEXEDPOLYGONALFACE((1,5,2));
#11456=IFCINDEXEDPOLYGONALFACE((4,3,6));
#11457=IFCINDEXEDPOLYGONALFACE((1,7,5));
#11458=IFCINDEXEDPOLYGONALFACE((4,6,8));
#11459=IFCINDEXEDPOLYGONALFACE((1,9,7));
#11460=IFCINDEXEDPOLYGONALFACE((4,8,10));
#11461=IFCINDEXEDPOLYGONALFACE((1,11,9));
#11462=IFCINDEXEDPOLYGONALFACE((4,10,12));
#11463=IFCINDEXEDPOLYGONALFACE((1,13,11));
#11464=IFCINDEXEDPOLYGONALFACE((4,12,14));
#11465=IFCINDEXEDPOLYGONALFACE((1,15,13));
#11466=IFCINDEXEDPOLYGONALFACE((4,14,16));
#11467=IFCINDEXEDPOLYGONALFACE((1,17,15));
#11468=IFCINDEXEDPOLYGONALFACE((4,16,18));
#11469=IFCINDEXEDPOLYGONALFACE((1,19,17));
#11470=IFCINDEXEDPOLYGONALFACE((4,18,20));
#11471=IFCINDEXEDPOLYGONALFACE((1,21,19));
#11472=IFCINDEXEDPOLYGONALFACE((4,20,22));
#11473=IFCINDEXEDPOLYGONALFACE((1,23,21));
#11474=IFCINDEXEDPOLYGONALFACE((4,22,24));
#11475=IFCINDEXEDPOLYGONALFACE((1,25,23));
#11476=IFCINDEXEDPOLYGONALFACE((4,24,26));
#11477=IFCINDEXEDPOLYGONALFACE((1,27,25));
#11478=IFCINDEXEDPOLYGONALFACE((4,26,28));
#11479=IFCINDEXEDPOLYGONALFACE((1,29,27));
#11480=IFCINDEXEDPOLYGONALFACE((4,28,30));
#11481=IFCINDEXEDPOLYGONALFACE((1,31,29));
#11482=IFCINDEXEDPOLYGONALFACE((4,30,32));
#11483=IFCCARTESIANPOINTLIST3D(((0.288,-0.282,0.099),(0.294,-0.280392,0.099),(0.294,-0.280392,0.873),(0.288,-0.282,0.873),(0.298392,-0.276,0.099),(0.298392,-0.276,0.873),(0.3,-0.27,0.099),(0.3,-0.27,0.873),(0.3,0.288,0.099),(0.3,0.288,0.873),(0.298392,0.294,0.099),(0.298392,0.294,0.873),(0.294,0.298392,0.099),(0.294,0.298392,0.873),(0.288,0.3,0.099),(0.288,0.3,0.873),(-0.288,0.3,0.099),(-0.288,0.3,0.873),(-0.294,0.298392,0.099),(-0.294,0.298392,0.873),(-0.298392,0.294,0.099),(-0.298392,0.294,0.873),(-0.3,0.288,0.099),(-0.3,0.288,0.873),(-0.3,-0.27,0.099),(-0.3,-0.27,0.873),(-0.298392,-0.276,0.099),(-0.298392,-0.276,0.873),(-0.294,-0.280392,0.099),(-0.294,-0.280392,0.873),(-0.288,-0.282,0.099),(-0.288,-0.282,0.873)));
#11484=IFCPOLYGONALFACESET(#11483,.T.,(#11423,#11424,#11425,#11426,#11427,#11428,#11429,#11430,#11431,#11432,#11433,#11434,#11435,#11436,#11437,#11438,#11439,#11440,#11441,#11442,#11443,#11444,#11445,#11446,#11447,#11448,#11449,#11450,#11451,#11452,#11453,#11454,#11455,#11456,#11457,#11458,#11459,#11460,#11461,#11462,#11463,#11464,#11465,#11466,#11467,#11468,#11469,#11470,#11471,#11472,#11473,#11474,#11475,#11476,#11477,#11478,#11479,#11480,#11481,#11482),$);
#11485=IFCSTYLEDITEM(#11484,(#3816),$);
#11486=IFCINDEXEDPOLYGONALFACE((1,2,3));
#11487=IFCINDEXEDPOLYGONALFACE((1,3,4));
#11488=IFCINDEXEDPOLYGONALFACE((2,5,6));
#11489=IFCINDEXEDPOLYGONALFACE((2,6,3));
#11490=IFCINDEXEDPOLYGONALFACE((5,7,8));
#11491=IFCINDEXEDPOLYGONALFACE((5,8,6));
#11492=IFCINDEXEDPOLYGONALFACE((7,9,10));
#11493=IFCINDEXEDPOLYGONALFACE((7,10,8));
#11494=IFCINDEXEDPOLYGONALFACE((9,11,12));
#11495=IFCINDEXEDPOLYGONALFACE((9,12,10));
#11496=IFCINDEXEDPOLYGONALFACE((11,13,14));
#11497=IFCINDEXEDPOLYGONALFACE((11,14,12));
#11498=IFCINDEXEDPOLYGONALFACE((13,15,16));
#11499=IFCINDEXEDPOLYGONALFACE((13,16,14));
#11500=IFCINDEXEDPOLYGONALFACE((15,17,18));
#11501=IFCINDEXEDPOLYGONALFACE((15,18,16));
#11502=IFCINDEXEDPOLYGONALFACE((17,19,20));
#11503=IFCINDEXEDPOLYGONALFACE((17,20,18));
#11504=IFCINDEXEDPOLYGONALFACE((19,21,22));
#11505=IFCINDEXEDPOLYGONALFACE((19,22,20));
#11506=IFCINDEXEDPOLYGONALFACE((21,23,24));
#11507=IFCINDEXEDPOLYGONALFACE((21,24,22));
#11508=IFCINDEXEDPOLYGONALFACE((23,25,26));
#11509=IFCINDEXEDPOLYGONALFACE((23,26,24));
#11510=IFCINDEXEDPOLYGONALFACE((25,27,28));
#11511=IFCINDEXEDPOLYGONALFACE((25,28,26));
#11512=IFCINDEXEDPOLYGONALFACE((27,1,4));
#11513=IFCINDEXEDPOLYGONALFACE((27,4,28));
#11514=IFCINDEXEDPOLYGONALFACE((1,5,2));
#11515=IFCINDEXEDPOLYGONALFACE((4,3,6));
#11516=IFCINDEXEDPOLYGONALFACE((1,7,5));
#11517=IFCINDEXEDPOLYGONALFACE((4,6,8));
#11518=IFCINDEXEDPOLYGONALFACE((1,9,7));
#11519=IFCINDEXEDPOLYGONALFACE((4,8,10));
#11520=IFCINDEXEDPOLYGONALFACE((1,11,9));
#11521=IFCINDEXEDPOLYGONALFACE((4,10,12));
#11522=IFCINDEXEDPOLYGONALFACE((1,13,11));
#11523=IFCINDEXEDPOLYGONALFACE((4,12,14));
#11524=IFCINDEXEDPOLYGONALFACE((1,15,13));
#11525=IFCINDEXEDPOLYGONALFACE((4,14,16));
#11526=IFCINDEXEDPOLYGONALFACE((1,17,15));
#11527=IFCINDEXEDPOLYGONALFACE((4,16,18));
#11528=IFCINDEXEDPOLYGONALFACE((1,19,17));
#11529=IFCINDEXEDPOLYGONALFACE((4,18,20));
#11530=IFCINDEXEDPOLYGONALFACE((1,21,19));
#11531=IFCINDEXEDPOLYGONALFACE((4,20,22));
#11532=IFCINDEXEDPOLYGONALFACE((1,23,21));
#11533=IFCINDEXEDPOLYGONALFACE((4,22,24));
#11534=IFCINDEXEDPOLYGONALFACE((1,25,23));
#11535=IFCINDEXEDPOLYGONALFACE((4,24,26));
#11536=IFCINDEXEDPOLYGONALFACE((1,27,25));
#11537=IFCINDEXEDPOLYGONALFACE((4,26,28));
#11538=IFCCARTESIANPOINTLIST3D(((0.2817,-0.3,0.117),(0.2856,-0.298955,0.117),(0.2856,-0.298955,0.855),(0.2817,-0.3,0.855),(0.288455,-0.2961,0.117),(0.288455,-0.2961,0.855),(0.2895,-0.2922,0.117),(0.2895,-0.2922,0.855),(0.288455,-0.2883,0.117),(0.288455,-0.2883,0.855),(0.2856,-0.285445,0.117),(0.2856,-0.285445,0.855),(0.2817,-0.2844,0.117),(0.2817,-0.2844,0.855),(-0.2817,-0.2844,0.117),(-0.2817,-0.2844,0.855),(-0.2856,-0.285445,0.117),(-0.2856,-0.285445,0.855),(-0.288455,-0.2883,0.117),(-0.288455,-0.2883,0.855),(-0.2895,-0.2922,0.117),(-0.2895,-0.2922,0.855),(-0.288455,-0.2961,0.117),(-0.288455,-0.2961,0.855),(-0.2856,-0.298955,0.117),(-0.2856,-0.298955,0.855),(-0.2817,-0.3,0.117),(-0.2817,-0.3,0.855)));
#11539=IFCPOLYGONALFACESET(#11538,.T.,(#11486,#11487,#11488,#11489,#11490,#11491,#11492,#11493,#11494,#11495,#11496,#11497,#11498,#11499,#11500,#11501,#11502,#11503,#11504,#11505,#11506,#11507,#11508,#11509,#11510,#11511,#11512,#11513,#11514,#11515,#11516,#11517,#11518,#11519,#11520,#11521,#11522,#11523,#11524,#11525,#11526,#11527,#11528,#11529,#11530,#11531,#11532,#11533,#11534,#11535,#11536,#11537),$);
#11540=IFCSTYLEDITEM(#11539,(#109),$);
#11541=IFCCARTESIANPOINT((0.,-0.3));
#11542=IFCAXIS2PLACEMENT2D(#11541,$);
#11543=IFCRECTANGLEPROFILEDEF(.AREA.,$,#11542,0.432,0.012);
#11544=IFCCARTESIANPOINT((0.,0.,0.81));
#11545=IFCAXIS2PLACEMENT3D(#11544,$,$);
#11546=IFCDIRECTION((0.,0.,1.));
#11547=IFCEXTRUDEDAREASOLID(#11543,#11545,#11546,0.0315);
#11548=IFCSTYLEDITEM(#11547,(#4148),$);
#11549=IFCSHAPEREPRESENTATION(#12,'Body','SolidModel',(#11421,#11484,#11539,#11547));
#11550=IFCPRODUCTDEFINITIONSHAPE($,$,(#11549));
#11551=IFCFURNITURE('3_U$TiWF5S_vqbPDmGNbw6',#5,'Base cabinet','Skanna asset library',$,#11414,#11550,$,.NOTDEFINED.);
#11552=IFCCARTESIANPOINT((10.02,12.3,0.));
#11553=IFCDIRECTION((0.,0.,1.));
#11554=IFCDIRECTION((0.,-1.,0.));
#11555=IFCAXIS2PLACEMENT3D(#11552,#11553,#11554);
#11556=IFCLOCALPLACEMENT(#26,#11555);
#11557=IFCCARTESIANPOINT((0.,0.018));
#11558=IFCAXIS2PLACEMENT2D(#11557,$);
#11559=IFCRECTANGLEPROFILEDEF(.AREA.,$,#11558,0.368,0.516);
#11560=IFCCARTESIANPOINT((0.,0.,0.));
#11561=IFCAXIS2PLACEMENT3D(#11560,$,$);
#11562=IFCDIRECTION((0.,0.,1.));
#11563=IFCEXTRUDEDAREASOLID(#11559,#11561,#11562,0.099);
#11564=IFCSTYLEDITEM(#11563,(#3750),$);
#11565=IFCINDEXEDPOLYGONALFACE((1,2,3));
#11566=IFCINDEXEDPOLYGONALFACE((1,3,4));
#11567=IFCINDEXEDPOLYGONALFACE((2,5,6));
#11568=IFCINDEXEDPOLYGONALFACE((2,6,3));
#11569=IFCINDEXEDPOLYGONALFACE((5,7,8));
#11570=IFCINDEXEDPOLYGONALFACE((5,8,6));
#11571=IFCINDEXEDPOLYGONALFACE((7,9,10));
#11572=IFCINDEXEDPOLYGONALFACE((7,10,8));
#11573=IFCINDEXEDPOLYGONALFACE((9,11,12));
#11574=IFCINDEXEDPOLYGONALFACE((9,12,10));
#11575=IFCINDEXEDPOLYGONALFACE((11,13,14));
#11576=IFCINDEXEDPOLYGONALFACE((11,14,12));
#11577=IFCINDEXEDPOLYGONALFACE((13,15,16));
#11578=IFCINDEXEDPOLYGONALFACE((13,16,14));
#11579=IFCINDEXEDPOLYGONALFACE((15,17,18));
#11580=IFCINDEXEDPOLYGONALFACE((15,18,16));
#11581=IFCINDEXEDPOLYGONALFACE((17,19,20));
#11582=IFCINDEXEDPOLYGONALFACE((17,20,18));
#11583=IFCINDEXEDPOLYGONALFACE((19,21,22));
#11584=IFCINDEXEDPOLYGONALFACE((19,22,20));
#11585=IFCINDEXEDPOLYGONALFACE((21,23,24));
#11586=IFCINDEXEDPOLYGONALFACE((21,24,22));
#11587=IFCINDEXEDPOLYGONALFACE((23,25,26));
#11588=IFCINDEXEDPOLYGONALFACE((23,26,24));
#11589=IFCINDEXEDPOLYGONALFACE((25,27,28));
#11590=IFCINDEXEDPOLYGONALFACE((25,28,26));
#11591=IFCINDEXEDPOLYGONALFACE((27,29,30));
#11592=IFCINDEXEDPOLYGONALFACE((27,30,28));
#11593=IFCINDEXEDPOLYGONALFACE((29,31,32));
#11594=IFCINDEXEDPOLYGONALFACE((29,32,30));
#11595=IFCINDEXEDPOLYGONALFACE((31,1,4));
#11596=IFCINDEXEDPOLYGONALFACE((31,4,32));
#11597=IFCINDEXEDPOLYGONALFACE((1,5,2));
#11598=IFCINDEXEDPOLYGONALFACE((4,3,6));
#11599=IFCINDEXEDPOLYGONALFACE((1,7,5));
#11600=IFCINDEXEDPOLYGONALFACE((4,6,8));
#11601=IFCINDEXEDPOLYGONALFACE((1,9,7));
#11602=IFCINDEXEDPOLYGONALFACE((4,8,10));
#11603=IFCINDEXEDPOLYGONALFACE((1,11,9));
#11604=IFCINDEXEDPOLYGONALFACE((4,10,12));
#11605=IFCINDEXEDPOLYGONALFACE((1,13,11));
#11606=IFCINDEXEDPOLYGONALFACE((4,12,14));
#11607=IFCINDEXEDPOLYGONALFACE((1,15,13));
#11608=IFCINDEXEDPOLYGONALFACE((4,14,16));
#11609=IFCINDEXEDPOLYGONALFACE((1,17,15));
#11610=IFCINDEXEDPOLYGONALFACE((4,16,18));
#11611=IFCINDEXEDPOLYGONALFACE((1,19,17));
#11612=IFCINDEXEDPOLYGONALFACE((4,18,20));
#11613=IFCINDEXEDPOLYGONALFACE((1,21,19));
#11614=IFCINDEXEDPOLYGONALFACE((4,20,22));
#11615=IFCINDEXEDPOLYGONALFACE((1,23,21));
#11616=IFCINDEXEDPOLYGONALFACE((4,22,24));
#11617=IFCINDEXEDPOLYGONALFACE((1,25,23));
#11618=IFCINDEXEDPOLYGONALFACE((4,24,26));
#11619=IFCINDEXEDPOLYGONALFACE((1,27,25));
#11620=IFCINDEXEDPOLYGONALFACE((4,26,28));
#11621=IFCINDEXEDPOLYGONALFACE((1,29,27));
#11622=IFCINDEXEDPOLYGONALFACE((4,28,30));
#11623=IFCINDEXEDPOLYGONALFACE((1,31,29));
#11624=IFCINDEXEDPOLYGONALFACE((4,30,32));
#11625=IFCCARTESIANPOINTLIST3D(((0.188,-0.282,0.099),(0.194,-0.280392,0.099),(0.194,-0.280392,0.873),(0.188,-0.282,0.873),(0.198392,-0.276,0.099),(0.198392,-0.276,0.873),(0.2,-0.27,0.099),(0.2,-0.27,0.873),(0.2,0.288,0.099),(0.2,0.288,0.873),(0.198392,0.294,0.099),(0.198392,0.294,0.873),(0.194,0.298392,0.099),(0.194,0.298392,0.873),(0.188,0.3,0.099),(0.188,0.3,0.873),(-0.188,0.3,0.099),(-0.188,0.3,0.873),(-0.194,0.298392,0.099),(-0.194,0.298392,0.873),(-0.198392,0.294,0.099),(-0.198392,0.294,0.873),(-0.2,0.288,0.099),(-0.2,0.288,0.873),(-0.2,-0.27,0.099),(-0.2,-0.27,0.873),(-0.198392,-0.276,0.099),(-0.198392,-0.276,0.873),(-0.194,-0.280392,0.099),(-0.194,-0.280392,0.873),(-0.188,-0.282,0.099),(-0.188,-0.282,0.873)));
#11626=IFCPOLYGONALFACESET(#11625,.T.,(#11565,#11566,#11567,#11568,#11569,#11570,#11571,#11572,#11573,#11574,#11575,#11576,#11577,#11578,#11579,#11580,#11581,#11582,#11583,#11584,#11585,#11586,#11587,#11588,#11589,#11590,#11591,#11592,#11593,#11594,#11595,#11596,#11597,#11598,#11599,#11600,#11601,#11602,#11603,#11604,#11605,#11606,#11607,#11608,#11609,#11610,#11611,#11612,#11613,#11614,#11615,#11616,#11617,#11618,#11619,#11620,#11621,#11622,#11623,#11624),$);
#11627=IFCSTYLEDITEM(#11626,(#3816),$);
#11628=IFCINDEXEDPOLYGONALFACE((1,2,3));
#11629=IFCINDEXEDPOLYGONALFACE((1,3,4));
#11630=IFCINDEXEDPOLYGONALFACE((2,5,6));
#11631=IFCINDEXEDPOLYGONALFACE((2,6,3));
#11632=IFCINDEXEDPOLYGONALFACE((5,7,8));
#11633=IFCINDEXEDPOLYGONALFACE((5,8,6));
#11634=IFCINDEXEDPOLYGONALFACE((7,9,10));
#11635=IFCINDEXEDPOLYGONALFACE((7,10,8));
#11636=IFCINDEXEDPOLYGONALFACE((9,11,12));
#11637=IFCINDEXEDPOLYGONALFACE((9,12,10));
#11638=IFCINDEXEDPOLYGONALFACE((11,13,14));
#11639=IFCINDEXEDPOLYGONALFACE((11,14,12));
#11640=IFCINDEXEDPOLYGONALFACE((13,15,16));
#11641=IFCINDEXEDPOLYGONALFACE((13,16,14));
#11642=IFCINDEXEDPOLYGONALFACE((15,17,18));
#11643=IFCINDEXEDPOLYGONALFACE((15,18,16));
#11644=IFCINDEXEDPOLYGONALFACE((17,19,20));
#11645=IFCINDEXEDPOLYGONALFACE((17,20,18));
#11646=IFCINDEXEDPOLYGONALFACE((19,21,22));
#11647=IFCINDEXEDPOLYGONALFACE((19,22,20));
#11648=IFCINDEXEDPOLYGONALFACE((21,23,24));
#11649=IFCINDEXEDPOLYGONALFACE((21,24,22));
#11650=IFCINDEXEDPOLYGONALFACE((23,25,26));
#11651=IFCINDEXEDPOLYGONALFACE((23,26,24));
#11652=IFCINDEXEDPOLYGONALFACE((25,27,28));
#11653=IFCINDEXEDPOLYGONALFACE((25,28,26));
#11654=IFCINDEXEDPOLYGONALFACE((27,1,4));
#11655=IFCINDEXEDPOLYGONALFACE((27,4,28));
#11656=IFCINDEXEDPOLYGONALFACE((1,5,2));
#11657=IFCINDEXEDPOLYGONALFACE((4,3,6));
#11658=IFCINDEXEDPOLYGONALFACE((1,7,5));
#11659=IFCINDEXEDPOLYGONALFACE((4,6,8));
#11660=IFCINDEXEDPOLYGONALFACE((1,9,7));
#11661=IFCINDEXEDPOLYGONALFACE((4,8,10));
#11662=IFCINDEXEDPOLYGONALFACE((1,11,9));
#11663=IFCINDEXEDPOLYGONALFACE((4,10,12));
#11664=IFCINDEXEDPOLYGONALFACE((1,13,11));
#11665=IFCINDEXEDPOLYGONALFACE((4,12,14));
#11666=IFCINDEXEDPOLYGONALFACE((1,15,13));
#11667=IFCINDEXEDPOLYGONALFACE((4,14,16));
#11668=IFCINDEXEDPOLYGONALFACE((1,17,15));
#11669=IFCINDEXEDPOLYGONALFACE((4,16,18));
#11670=IFCINDEXEDPOLYGONALFACE((1,19,17));
#11671=IFCINDEXEDPOLYGONALFACE((4,18,20));
#11672=IFCINDEXEDPOLYGONALFACE((1,21,19));
#11673=IFCINDEXEDPOLYGONALFACE((4,20,22));
#11674=IFCINDEXEDPOLYGONALFACE((1,23,21));
#11675=IFCINDEXEDPOLYGONALFACE((4,22,24));
#11676=IFCINDEXEDPOLYGONALFACE((1,25,23));
#11677=IFCINDEXEDPOLYGONALFACE((4,24,26));
#11678=IFCINDEXEDPOLYGONALFACE((1,27,25));
#11679=IFCINDEXEDPOLYGONALFACE((4,26,28));
#11680=IFCCARTESIANPOINTLIST3D(((0.1852,-0.3,0.117),(0.1891,-0.298955,0.117),(0.1891,-0.298955,0.855),(0.1852,-0.3,0.855),(0.191955,-0.2961,0.117),(0.191955,-0.2961,0.855),(0.193,-0.2922,0.117),(0.193,-0.2922,0.855),(0.191955,-0.2883,0.117),(0.191955,-0.2883,0.855),(0.1891,-0.285445,0.117),(0.1891,-0.285445,0.855),(0.1852,-0.2844,0.117),(0.1852,-0.2844,0.855),(-0.1852,-0.2844,0.117),(-0.1852,-0.2844,0.855),(-0.1891,-0.285445,0.117),(-0.1891,-0.285445,0.855),(-0.191955,-0.2883,0.117),(-0.191955,-0.2883,0.855),(-0.193,-0.2922,0.117),(-0.193,-0.2922,0.855),(-0.191955,-0.2961,0.117),(-0.191955,-0.2961,0.855),(-0.1891,-0.298955,0.117),(-0.1891,-0.298955,0.855),(-0.1852,-0.3,0.117),(-0.1852,-0.3,0.855)));
#11681=IFCPOLYGONALFACESET(#11680,.T.,(#11628,#11629,#11630,#11631,#11632,#11633,#11634,#11635,#11636,#11637,#11638,#11639,#11640,#11641,#11642,#11643,#11644,#11645,#11646,#11647,#11648,#11649,#11650,#11651,#11652,#11653,#11654,#11655,#11656,#11657,#11658,#11659,#11660,#11661,#11662,#11663,#11664,#11665,#11666,#11667,#11668,#11669,#11670,#11671,#11672,#11673,#11674,#11675,#11676,#11677,#11678,#11679),$);
#11682=IFCSTYLEDITEM(#11681,(#109),$);
#11683=IFCCARTESIANPOINT((0.,-0.3));
#11684=IFCAXIS2PLACEMENT2D(#11683,$);
#11685=IFCRECTANGLEPROFILEDEF(.AREA.,$,#11684,0.288,0.012);
#11686=IFCCARTESIANPOINT((0.,0.,0.81));
#11687=IFCAXIS2PLACEMENT3D(#11686,$,$);
#11688=IFCDIRECTION((0.,0.,1.));
#11689=IFCEXTRUDEDAREASOLID(#11685,#11687,#11688,0.0315);
#11690=IFCSTYLEDITEM(#11689,(#4148),$);
#11691=IFCSHAPEREPRESENTATION(#12,'Body','SolidModel',(#11563,#11626,#11681,#11689));
#11692=IFCPRODUCTDEFINITIONSHAPE($,$,(#11691));
#11693=IFCFURNITURE('0$byoi54aSxYdjGEqYUyJI',#5,'Base cabinet','Skanna asset library',$,#11556,#11692,$,.NOTDEFINED.);
#11694=IFCCARTESIANPOINT((10.298,9.23,0.));
#11695=IFCDIRECTION((0.,0.,1.));
#11696=IFCDIRECTION((0.,-1.,0.));
#11697=IFCAXIS2PLACEMENT3D(#11694,#11695,#11696);
#11698=IFCLOCALPLACEMENT(#26,#11697);
#11699=IFCCARTESIANPOINT((0.,0.));
#11700=IFCAXIS2PLACEMENT2D(#11699,$);
#11701=IFCRECTANGLEPROFILEDEF(.AREA.,$,#11700,0.2,0.05);
#11702=IFCCARTESIANPOINT((0.,0.,0.));
#11703=IFCAXIS2PLACEMENT3D(#11702,$,$);
#11704=IFCDIRECTION((0.,0.,1.));
#11705=IFCEXTRUDEDAREASOLID(#11701,#11703,#11704,2.7);
#11706=IFCSTYLEDITEM(#11705,(#1745),$);
#11707=IFCSHAPEREPRESENTATION(#12,'Body','SweptSolid',(#11705));
#11708=IFCPRODUCTDEFINITIONSHAPE($,$,(#11707));
#11709=IFCBUILDINGELEMENTPROXY('3szK40TQf3qWA0rxFhB2R2',#5,'Box (generic)','Skanna asset library',$,#11698,#11708,$,.NOTDEFINED.);
#11710=IFCCARTESIANPOINT((10.298,8.93,0.));
#11711=IFCDIRECTION((0.,0.,1.));
#11712=IFCDIRECTION((0.,-1.,0.));
#11713=IFCAXIS2PLACEMENT3D(#11710,#11711,#11712);
#11714=IFCLOCALPLACEMENT(#26,#11713);
#11715=IFCCARTESIANPOINT((0.,0.));
#11716=IFCAXIS2PLACEMENT2D(#11715,$);
#11717=IFCRECTANGLEPROFILEDEF(.AREA.,$,#11716,0.2,0.05);
#11718=IFCCARTESIANPOINT((0.,0.,0.));
#11719=IFCAXIS2PLACEMENT3D(#11718,$,$);
#11720=IFCDIRECTION((0.,0.,1.));
#11721=IFCEXTRUDEDAREASOLID(#11717,#11719,#11720,2.7);
#11722=IFCSTYLEDITEM(#11721,(#1745),$);
#11723=IFCSHAPEREPRESENTATION(#12,'Body','SweptSolid',(#11721));
#11724=IFCPRODUCTDEFINITIONSHAPE($,$,(#11723));
#11725=IFCBUILDINGELEMENTPROXY('3rlS4U0$wChqTrFSEQxNCU',#5,'Box (generic)','Skanna asset library',$,#11714,#11724,$,.NOTDEFINED.);
#11726=IFCCARTESIANPOINT((10.3,8.63,0.));
#11727=IFCDIRECTION((0.,0.,1.));
#11728=IFCDIRECTION((0.,-1.,0.));
#11729=IFCAXIS2PLACEMENT3D(#11726,#11727,#11728);
#11730=IFCLOCALPLACEMENT(#26,#11729);
#11731=IFCCARTESIANPOINT((0.,0.));
#11732=IFCAXIS2PLACEMENT2D(#11731,$);
#11733=IFCRECTANGLEPROFILEDEF(.AREA.,$,#11732,0.2,0.05);
#11734=IFCCARTESIANPOINT((0.,0.,0.));
#11735=IFCAXIS2PLACEMENT3D(#11734,$,$);
#11736=IFCDIRECTION((0.,0.,1.));
#11737=IFCEXTRUDEDAREASOLID(#11733,#11735,#11736,2.7);
#11738=IFCSTYLEDITEM(#11737,(#1745),$);
#11739=IFCSHAPEREPRESENTATION(#12,'Body','SweptSolid',(#11737));
#11740=IFCPRODUCTDEFINITIONSHAPE($,$,(#11739));
#11741=IFCBUILDINGELEMENTPROXY('0_DIkpy9uAsd__U0ABi3bC',#5,'Box (generic)','Skanna asset library',$,#11730,#11740,$,.NOTDEFINED.);
#11742=IFCCARTESIANPOINT((10.29,6.07,0.));
#11743=IFCDIRECTION((0.,0.,1.));
#11744=IFCDIRECTION((0.,-1.,0.));
#11745=IFCAXIS2PLACEMENT3D(#11742,#11743,#11744);
#11746=IFCLOCALPLACEMENT(#26,#11745);
#11747=IFCCARTESIANPOINT((0.,0.));
#11748=IFCAXIS2PLACEMENT2D(#11747,$);
#11749=IFCRECTANGLEPROFILEDEF(.AREA.,$,#11748,0.2,0.05);
#11750=IFCCARTESIANPOINT((0.,0.,0.));
#11751=IFCAXIS2PLACEMENT3D(#11750,$,$);
#11752=IFCDIRECTION((0.,0.,1.));
#11753=IFCEXTRUDEDAREASOLID(#11749,#11751,#11752,2.7);
#11754=IFCSTYLEDITEM(#11753,(#1745),$);
#11755=IFCSHAPEREPRESENTATION(#12,'Body','SweptSolid',(#11753));
#11756=IFCPRODUCTDEFINITIONSHAPE($,$,(#11755));
#11757=IFCBUILDINGELEMENTPROXY('00KvviqUJH1wB9jA8yw_$2',#5,'Box (generic)','Skanna asset library',$,#11746,#11756,$,.NOTDEFINED.);
#11758=IFCCARTESIANPOINT((10.295,6.73,0.));
#11759=IFCDIRECTION((0.,0.,1.));
#11760=IFCDIRECTION((0.,-1.,0.));
#11761=IFCAXIS2PLACEMENT3D(#11758,#11759,#11760);
#11762=IFCLOCALPLACEMENT(#26,#11761);
#11763=IFCCARTESIANPOINT((0.,0.));
#11764=IFCAXIS2PLACEMENT2D(#11763,$);
#11765=IFCRECTANGLEPROFILEDEF(.AREA.,$,#11764,0.2,0.05);
#11766=IFCCARTESIANPOINT((0.,0.,0.));
#11767=IFCAXIS2PLACEMENT3D(#11766,$,$);
#11768=IFCDIRECTION((0.,0.,1.));
#11769=IFCEXTRUDEDAREASOLID(#11765,#11767,#11768,2.7);
#11770=IFCSTYLEDITEM(#11769,(#1745),$);
#11771=IFCSHAPEREPRESENTATION(#12,'Body','SweptSolid',(#11769));
#11772=IFCPRODUCTDEFINITIONSHAPE($,$,(#11771));
#11773=IFCBUILDINGELEMENTPROXY('3sVj$P9905RIdpp_0d41WI',#5,'Box (generic)','Skanna asset library',$,#11762,#11772,$,.NOTDEFINED.);
#11774=IFCCARTESIANPOINT((10.29,6.41,0.));
#11775=IFCDIRECTION((0.,0.,1.));
#11776=IFCDIRECTION((0.,-1.,0.));
#11777=IFCAXIS2PLACEMENT3D(#11774,#11775,#11776);
#11778=IFCLOCALPLACEMENT(#26,#11777);
#11779=IFCCARTESIANPOINT((0.,0.));
#11780=IFCAXIS2PLACEMENT2D(#11779,$);
#11781=IFCRECTANGLEPROFILEDEF(.AREA.,$,#11780,0.2,0.05);
#11782=IFCCARTESIANPOINT((0.,0.,0.));
#11783=IFCAXIS2PLACEMENT3D(#11782,$,$);
#11784=IFCDIRECTION((0.,0.,1.));
#11785=IFCEXTRUDEDAREASOLID(#11781,#11783,#11784,2.7);
#11786=IFCSTYLEDITEM(#11785,(#1745),$);
#11787=IFCSHAPEREPRESENTATION(#12,'Body','SweptSolid',(#11785));
#11788=IFCPRODUCTDEFINITIONSHAPE($,$,(#11787));
#11789=IFCBUILDINGELEMENTPROXY('1F_0NY7vEdsyhfgVtSDJI6',#5,'Box (generic)','Skanna asset library',$,#11778,#11788,$,.NOTDEFINED.);
#11790=IFCCARTESIANPOINT((10.24,7.645,0.5));
#11791=IFCDIRECTION((0.,0.,1.));
#11792=IFCDIRECTION((0.,1.,0.));
#11793=IFCAXIS2PLACEMENT3D(#11790,#11791,#11792);
#11794=IFCLOCALPLACEMENT(#26,#11793);
#11795=IFCCARTESIANPOINT((0.,0.));
#11796=IFCAXIS2PLACEMENT2D(#11795,$);
#11797=IFCRECTANGLEPROFILEDEF(.AREA.,$,#11796,3.4,0.2);
#11798=IFCCARTESIANPOINT((0.,0.,0.));
#11799=IFCAXIS2PLACEMENT3D(#11798,$,$);
#11800=IFCDIRECTION((0.,0.,1.));
#11801=IFCEXTRUDEDAREASOLID(#11797,#11799,#11800,0.05);
#11802=IFCCOLOURRGB($,0.45098,0.258824,0.133333);
#11803=IFCSURFACESTYLESHADING(#11802,0.);
#11804=IFCSURFACESTYLE('#734222',.BOTH.,(#11803));
#11805=IFCSTYLEDITEM(#11801,(#11804),$);
#11806=IFCSHAPEREPRESENTATION(#12,'Body','SweptSolid',(#11801));
#11807=IFCPRODUCTDEFINITIONSHAPE($,$,(#11806));
#11808=IFCBUILDINGELEMENTPROXY('0arT$7RrV73_PcZ4YSqt6C',#5,'Box (generic)','Skanna asset library',$,#11794,#11807,$,.NOTDEFINED.);
#11809=IFCCARTESIANPOINT((10.225,7.645,0.3));
#11810=IFCDIRECTION((0.,0.,1.));
#11811=IFCDIRECTION((0.,1.,0.));
#11812=IFCAXIS2PLACEMENT3D(#11809,#11810,#11811);
#11813=IFCLOCALPLACEMENT(#26,#11812);
#11814=IFCCARTESIANPOINT((0.,0.));
#11815=IFCAXIS2PLACEMENT2D(#11814,$);
#11816=IFCRECTANGLEPROFILEDEF(.AREA.,$,#11815,3.4,0.2);
#11817=IFCCARTESIANPOINT((0.,0.,0.));
#11818=IFCAXIS2PLACEMENT3D(#11817,$,$);
#11819=IFCDIRECTION((0.,0.,1.));
#11820=IFCEXTRUDEDAREASOLID(#11816,#11818,#11819,0.05);
#11821=IFCSTYLEDITEM(#11820,(#11804),$);
#11822=IFCSHAPEREPRESENTATION(#12,'Body','SweptSolid',(#11820));
#11823=IFCPRODUCTDEFINITIONSHAPE($,$,(#11822));
#11824=IFCBUILDINGELEMENTPROXY('3hXUtkdYCOlP49AJNXrTV4',#5,'Box (generic)','Skanna asset library',$,#11813,#11823,$,.NOTDEFINED.);
#11825=IFCCARTESIANPOINT((4.75,9.83,1.2));
#11826=IFCDIRECTION((0.,0.,1.));
#11827=IFCDIRECTION((0.,1.,0.));
#11828=IFCAXIS2PLACEMENT3D(#11825,#11826,#11827);
#11829=IFCLOCALPLACEMENT(#26,#11828);
#11830=IFCCARTESIANPOINTLIST3D(((-1.,-0.025,0.),(1.,-0.025,0.),(1.,-0.025,1.),(-1.,-0.025,1.),(1.,0.025,0.),(-1.,0.025,0.),(-1.,0.025,1.),(1.,0.025,1.),(-1.,0.025,0.),(-1.,-0.025,0.),(-1.,-0.025,1.),(-1.,0.025,1.),(1.,-0.025,0.),(1.,0.025,0.),(1.,0.025,1.),(1.,-0.025,1.),(-1.,0.025,0.),(1.,0.025,0.),(1.,-0.025,0.),(-1.,-0.025,0.),(-1.,-0.025,1.),(1.,-0.025,1.),(1.,0.025,1.),(-1.,0.025,1.)));
#11831=IFCINDEXEDPOLYGONALFACE((1,2,3));
#11832=IFCINDEXEDPOLYGONALFACE((1,3,4));
#11833=IFCINDEXEDPOLYGONALFACE((5,6,7));
#11834=IFCINDEXEDPOLYGONALFACE((5,7,8));
#11835=IFCINDEXEDPOLYGONALFACE((9,10,11));
#11836=IFCINDEXEDPOLYGONALFACE((9,11,12));
#11837=IFCINDEXEDPOLYGONALFACE((13,14,15));
#11838=IFCINDEXEDPOLYGONALFACE((13,15,16));
#11839=IFCINDEXEDPOLYGONALFACE((17,18,19));
#11840=IFCINDEXEDPOLYGONALFACE((17,19,20));
#11841=IFCINDEXEDPOLYGONALFACE((21,22,23));
#11842=IFCINDEXEDPOLYGONALFACE((21,23,24));
#11843=IFCPOLYGONALFACESET(#11830,$,(#11831,#11832,#11833,#11834,#11835,#11836,#11837,#11838,#11839,#11840,#11841,#11842),$);
#11844=IFCSHAPEREPRESENTATION(#12,'Body','Tessellation',(#11843));
#11845=IFCPRODUCTDEFINITIONSHAPE($,$,(#11844));
#11846=IFCFURNITURE('21GL9lJDvmaARI6fvegi4S',#5,'FalconPlot502painting2x1m','Skanna asset library',$,#11829,#11845,$,.NOTDEFINED.);
#11847=IFCCARTESIANPOINT((4.74,12.15,1.2));
#11848=IFCDIRECTION((0.,0.,1.));
#11849=IFCDIRECTION((0.,1.,0.));
#11850=IFCAXIS2PLACEMENT3D(#11847,#11848,#11849);
#11851=IFCLOCALPLACEMENT(#26,#11850);
#11852=IFCCARTESIANPOINTLIST3D(((-1.,-0.025,0.),(1.,-0.025,0.),(1.,-0.025,1.),(-1.,-0.025,1.),(1.,0.025,0.),(-1.,0.025,0.),(-1.,0.025,1.),(1.,0.025,1.),(-1.,0.025,0.),(-1.,-0.025,0.),(-1.,-0.025,1.),(-1.,0.025,1.),(1.,-0.025,0.),(1.,0.025,0.),(1.,0.025,1.),(1.,-0.025,1.),(-1.,0.025,0.),(1.,0.025,0.),(1.,-0.025,0.),(-1.,-0.025,0.),(-1.,-0.025,1.),(1.,-0.025,1.),(1.,0.025,1.),(-1.,0.025,1.)));
#11853=IFCINDEXEDPOLYGONALFACE((1,2,3));
#11854=IFCINDEXEDPOLYGONALFACE((1,3,4));
#11855=IFCINDEXEDPOLYGONALFACE((5,6,7));
#11856=IFCINDEXEDPOLYGONALFACE((5,7,8));
#11857=IFCINDEXEDPOLYGONALFACE((9,10,11));
#11858=IFCINDEXEDPOLYGONALFACE((9,11,12));
#11859=IFCINDEXEDPOLYGONALFACE((13,14,15));
#11860=IFCINDEXEDPOLYGONALFACE((13,15,16));
#11861=IFCINDEXEDPOLYGONALFACE((17,18,19));
#11862=IFCINDEXEDPOLYGONALFACE((17,19,20));
#11863=IFCINDEXEDPOLYGONALFACE((21,22,23));
#11864=IFCINDEXEDPOLYGONALFACE((21,23,24));
#11865=IFCPOLYGONALFACESET(#11852,$,(#11853,#11854,#11855,#11856,#11857,#11858,#11859,#11860,#11861,#11862,#11863,#11864),$);
#11866=IFCSHAPEREPRESENTATION(#12,'Body','Tessellation',(#11865));
#11867=IFCPRODUCTDEFINITIONSHAPE($,$,(#11866));
#11868=IFCFURNITURE('1wSNecYwvOoIrpml0b$bI6',#5,'Virtual staging  painting 2x1m','Skanna asset library',$,#11851,#11867,$,.NOTDEFINED.);
#11869=IFCCARTESIANPOINT((10.02,11.7,0.873));
#11870=IFCDIRECTION((0.,0.,1.));
#11871=IFCDIRECTION((0.,-1.,0.));
#11872=IFCAXIS2PLACEMENT3D(#11869,#11870,#11871);
#11873=IFCLOCALPLACEMENT(#26,#11872);
#11874=IFCCARTESIANPOINT((0.,-0.0072));
#11875=IFCAXIS2PLACEMENT2D(#11874,$);
#11876=IFCRECTANGLEPROFILEDEF(.AREA.,$,#11875,2.8,0.612);
#11877=IFCCARTESIANPOINT((0.,0.,0.));
#11878=IFCAXIS2PLACEMENT3D(#11877,$,$);
#11879=IFCDIRECTION((0.,0.,1.));
#11880=IFCEXTRUDEDAREASOLID(#11876,#11878,#11879,0.027);
#11881=IFCSTYLEDITEM(#11880,(#3279),$);
#11882=IFCSHAPEREPRESENTATION(#12,'Body','SweptSolid',(#11880));
#11883=IFCPRODUCTDEFINITIONSHAPE($,$,(#11882));
#11884=IFCFURNITURE('0HdYJNYjq3qJuQTmlUEXer',#5,'Kitchen worktop 1','2.80 m run over 5 units',$,#11873,#11883,$,.NOTDEFINED.);
#11885=IFCCARTESIANPOINT((9.18,13.4,0.873));
#11886=IFCDIRECTION((0.,0.,1.));
#11887=IFCDIRECTION((1.,0.,0.));
#11888=IFCAXIS2PLACEMENT3D(#11885,#11886,#11887);
#11889=IFCLOCALPLACEMENT(#26,#11888);
#11890=IFCCARTESIANPOINT((0.,-0.0072));
#11891=IFCAXIS2PLACEMENT2D(#11890,$);
#11892=IFCRECTANGLEPROFILEDEF(.AREA.,$,#11891,2.28,0.612);
#11893=IFCCARTESIANPOINT((0.,0.,0.));
#11894=IFCAXIS2PLACEMENT3D(#11893,$,$);
#11895=IFCDIRECTION((0.,0.,1.));
#11896=IFCEXTRUDEDAREASOLID(#11892,#11894,#11895,0.027);
#11897=IFCSTYLEDITEM(#11896,(#3279),$);
#11898=IFCSHAPEREPRESENTATION(#12,'Body','SweptSolid',(#11896));
#11899=IFCPRODUCTDEFINITIONSHAPE($,$,(#11898));
#11900=IFCFURNITURE('0Ign9qwyh5ZTKTgfgKVb4t',#5,'Kitchen worktop 2','2.28 m run over 4 units',$,#11889,#11899,$,.NOTDEFINED.);
#11901=IFCRELCONTAINEDINSPATIALSTRUCTURE('3kkW7VriblnnWUmjboW3Tj',#5,$,$,(#42,#57,#119,#267,#412,#428,#572,#588,#644,#660,#716,#732,#788,#804,#835,#891,#907,#922,#978,#994,#1050,#1066,#1081,#1096,#1111,#1167,#1224,#1240,#1255,#1270,#1285,#1300,#1316,#1376,#1392,#1415,#1448,#1472,#1496,#1518,#1548,#1580,#1612,#1640,#1668,#1718,#1749,#1789,#1842,#1873,#1926,#1979,#2032,#2085,#2136,#2167,#2247,#2278,#2309,#2350,#2365,#2418,#2492,#2566,#2616,#2690,#2740,#2759,#2775,#2791,#2807,#2826,#2842,#2861,#2877,#2893,#2909,#2925,#2944,#2960,#2976,#2995,#3011,#3027,#3043,#3059,#3075,#3091,#3110,#3198,#3601,#3735,#4015,#4303,#4333,#4397,#4547,#4759,#4786,#4810,#4845,#4979,#5244,#5734,#5885,#5917,#5941,#5971,#6001,#6041,#6197,#6305,#6567,#6591,#7081,#7571,#7722,#7984,#8246,#8508,#8770,#8834,#8866,#8948,#8972,#8991,#9258,#9520,#9782,#10044,#10306,#10328,#10360,#10557,#10699,#10841,#10983,#11125,#11267,#11409,#11551,#11693,#11709,#11725,#11741,#11757,#11773,#11789,#11808,#11824,#11846,#11868,#11884,#11900),#27);
#11902=IFCRELAGGREGATES('3lB8OCZPrmcQxXgRy5WYCg',#5,$,$,#21,(#27));
#11903=IFCDOORTYPE('2kO4uq$rYdQN577w8zjTZb',#5,'Door — single swing',$,$,$,$,$,$,.DOOR.,.SINGLE_SWING_LEFT.,.F.,$);
#11904=IFCRELDEFINESBYTYPE('230M3AP2ISwDfJ6NPt8nf_',#5,$,$,(#119,#891,#1167,#1224,#1376),#11903);
#11905=IFCDOORTYPE('3631mnJy7XKi9eDxSrICoa',#5,'Door — double sliding',$,$,$,$,$,$,.DOOR.,.DOUBLE_DOOR_SLIDING.,.F.,$);
#11906=IFCRELDEFINESBYTYPE('1t5vRIhsDE2YDzIWwK$qLx',#5,$,$,(#644,#716),#11905);
#11907=IFCDOORTYPE('0G4yRh0_MM95ts_CaZ6Eqz',#5,'Door — single swing',$,$,$,$,$,$,.DOOR.,.SINGLE_SWING_RIGHT.,.F.,$);
#11908=IFCRELDEFINESBYTYPE('0_LHb8kZu4lWb4pDxv3ToC',#5,$,$,(#788,#978,#1050),#11907);
#11909=IFCWINDOWTYPE('1VNTJNeFC$7pxO8IV4Pxcz',#5,'Window — double panel',$,$,$,$,$,$,.WINDOW.,.DOUBLE_PANEL_VERTICAL.,.F.,$);
#11910=IFCRELDEFINESBYTYPE('0ZnUvz2vArS29sVH9qS93$',#5,$,$,(#267,#412,#572),#11909);
#11911=IFCMATERIAL('concrete',$,$);
#11912=IFCRELASSOCIATESMATERIAL('0go44SVAn5u7$9ISo55evc',#5,'Material: concrete',$,(#42,#57,#428,#588,#660,#1270,#1285),#11911);
#11913=IFCMATERIAL('plaster',$,$);
#11914=IFCRELASSOCIATESMATERIAL('0RRPd4y6VAEKM2jjoRR$ls',#5,'Material: plaster',$,(#732,#804,#835,#907,#922,#994,#1066,#1081,#1096,#1111,#1240,#1255),#11913);
#11915=IFCMATERIAL('glass',$,$);
#11916=IFCRELASSOCIATESMATERIAL('2Purqd5nLyGM0NxPOHS0i6',#5,'Material: glass',$,(#1300,#1316,#1392),#11915);
#11917=IFCMATERIAL('tile',$,$);
#11918=IFCRELASSOCIATESMATERIAL('3qL_WWO4bZuBKre3X31o$M',#5,'Material: tile',$,(#1415,#1548,#1580,#1612,#1640,#1668,#1718,#1749),#11917);
#11919=IFCMATERIAL('stone',$,$);
#11920=IFCRELASSOCIATESMATERIAL('1WwFUu$P1_FT2MTZED7BQg',#5,'Material: stone',$,(#1518),#11919);
ENDSEC;
END-ISO-10303-21;
