ISO-10303-21;
HEADER;
FILE_DESCRIPTION (('ViewDefinition [CoordinationView]'), '2;1');
FILE_NAME ('Furniture_Interior-Artwork-Decoration_Gotessons_Aloe-Vera.ifc', '2019-08-13T09:54:54', ('Supplier'), ('BIMobject'), 'IFC Engine DLL 2017-09-06', 'BIMobject-Lena', 'Full Scope');
FILE_SCHEMA (('IFC2X3'));
ENDSEC;
DATA;
#1 = IFCPROJECT('1L1onLmh1EMvjeXI_eBKx3', #2, 'BIMobject Library', $, $, $, $, (#20), #7);
#2 = IFCOWNERHISTORY(#3, #6, $, .ADDED., $, $, $, 1565690094);
#3 = IFCPERSONANDORGANIZATION(#4, #5, $);
#4 = IFCPERSON($, 'Maros', 'J\X2\00E1\X0\nos', $, $, $, $, $);
#5 = IFCORGANIZATION($, 'BIMobject', 'BIMobject\X2\00AE\X0\ Corporation', $, $);
#6 = IFCAPPLICATION(#5, '0.10', 'BIMobject-Lena', 'LTC 110');
#7 = IFCUNITASSIGNMENT((#8, #9, #10, #12, #15, #16, #17, #18, #19));
#8 = IFCSIUNIT(*, .LENGTHUNIT., $, .METRE.);
#9 = IFCSIUNIT(*, .AREAUNIT., $, .SQUARE_METRE.);
#10 = IFCSIUNIT(*, .VOLUMEUNIT., $, .CUBIC_METRE.);
#11 = IFCSIUNIT(*, .PLANEANGLEUNIT., $, .RADIAN.);
#12 = IFCCONVERSIONBASEDUNIT(#13, .PLANEANGLEUNIT., 'DEGREE', #14);
#13 = IFCDIMENSIONALEXPONENTS(0, 0, 0, 0, 0, 0, 0);
#14 = IFCMEASUREWITHUNIT(IFCPLANEANGLEMEASURE(1.74532925199433E-2), #11);
#15 = IFCSIUNIT(*, .SOLIDANGLEUNIT., $, .STERADIAN.);
#16 = IFCSIUNIT(*, .MASSUNIT., $, .GRAM.);
#17 = IFCSIUNIT(*, .TIMEUNIT., $, .SECOND.);
#18 = IFCSIUNIT(*, .THERMODYNAMICTEMPERATUREUNIT., $, .DEGREE_CELSIUS.);
#19 = IFCSIUNIT(*, .LUMINOUSINTENSITYUNIT., $, .LUMEN.);
#20 = IFCGEOMETRICREPRESENTATIONCONTEXT($, 'Model', 3, 1.E-5, #21, $);
#21 = IFCAXIS2PLACEMENT3D(#22, $, $);
#22 = IFCCARTESIANPOINT((0., 0., 0.));
#23 = IFCSITE('0r7u2X23L3F9I4Z0XYyDoS', #2, $, $, $, #24, $, $, .ELEMENT., $, $, $, $, $);
#24 = IFCLOCALPLACEMENT($, #25);
#25 = IFCAXIS2PLACEMENT3D(#22, $, $);
#26 = IFCBUILDING('2BSmtWhqjFpPcMKjrMMAUH', #2, $, $, $, #27, $, $, .ELEMENT., $, $, $);
#27 = IFCLOCALPLACEMENT(#24, #28);
#28 = IFCAXIS2PLACEMENT3D(#22, $, $);
#29 = IFCBUILDINGSTOREY('3bEsU_QLn6FOlhBuM8VI3_', #2, $, $, $, #30, $, $, .ELEMENT., 0.);
#30 = IFCLOCALPLACEMENT(#27, #31);
#31 = IFCAXIS2PLACEMENT3D(#22, $, $);
#32 = IFCRELAGGREGATES('0nxMHjtzzF6wV1d9ETs3yK', #2, $, $, #26, (#29));
#33 = IFCRELAGGREGATES('0QzxzLdL50MBYDXi6xObds', #2, $, $, #23, (#26));
#34 = IFCRELAGGREGATES('16BCUI_r94ChrHYrYwKJYn', #2, $, $, #1, (#23));
#35 = IFCRELCONTAINEDINSPATIALSTRUCTURE('2yrVFXdAj4sf$FKS8C7hZP', #2, $, $, (#39), #29);
#36 = IFCLOCALPLACEMENT(#30, #37);
#37 = IFCAXIS2PLACEMENT3D(#22, $, $);
#38 = IFCPRODUCTDEFINITIONSHAPE($, $, (#105));
#39 = IFCFURNISHINGELEMENT('2SicQ_CjH8PPeeToM5Bahh', #2, 'Aloe Vera', $, $, #36, #38, $);
#40 = IFCFURNITURETYPE('0vgsWBS2b5NQkvd0Rw6BWy', #2, 'Aloe Vera', $, $, $, $, $, $, .NOTDEFINED.);
#41 = IFCRELDEFINESBYTYPE('2$BYW3pjLC6vIiuM3Rke1c', #2, $, $, (#39), #40);
#42 = IFCPROPERTYSET('3u1AMcFEv78O2ja45uKO9e', #2, 'ePset_BIMobjectScript', $, (#43));
#43 = IFCPROPERTYSINGLEVALUE('LOD', 'bos_p1', IFCLABEL('300'), $);
#44 = IFCRELDEFINESBYPROPERTIES('3Xd5iF$ynF4fQYWZiMUCtE', #2, $, $, (#39), #42);
#45 = IFCPROPERTYSET('25KvhXSjP3IAXIAj7spwQn', #2, 'ePset_BIMobject_BO', $, (#46, #47, #48, #49, #50, #51, #52, #53, #54, #55, #56, #57, #58, #59, #60, #61, #62, #63, #64, #65, #66, #67, #68, #69, #70, #71, #72, #73, #74, #75, #76, #77, #78, #79, #80, #81, #82, #83, #84, #85, #86, #87, #88, #89, #90, #91, #92, #93, #94, #95, #96, #97, #98, #99, #100, #101, #102, #103));
#46 = IFCPROPERTYSINGLEVALUE('ProductName (BO_prodinfo)', 'Name of the object', IFCTEXT('Aloe Vera'), $);
#47 = IFCPROPERTYSINGLEVALUE('SKU (BO_prodsku)', 'Product SKU', IFCTEXT('aloe-vera'), $);
#48 = IFCPROPERTYSINGLEVALUE('ManufacturName (BO_Manufac)', 'Brand:', IFCTEXT('G\X2\FFC3\X0\\X2\FFB6\X0\tessons'), $);
#49 = IFCPROPERTYSINGLEVALUE('BrandUrl (BO_brandurl)', 'Brand url:', IFCTEXT('http://www.gotessons.se/'), $);
#50 = IFCPROPERTYSINGLEVALUE('ProductFamily (BO_prodfam)', 'Product family:', IFCTEXT('Plants'), $);
#51 = IFCPROPERTYSINGLEVALUE('ProductGroup (BO_prodgroup)', 'Product group:', IFCTEXT('Aloe Vera'), $);
#52 = IFCPROPERTYSINGLEVALUE('ManufacturCountry (BO_mancont)', 'Manufacturer country:', IFCTEXT('Sweden'), $);
#53 = IFCPROPERTYSINGLEVALUE('DesignCountry (BO_designcont)', 'Design country:', IFCTEXT('Sweden'), $);
#54 = IFCPROPERTYSINGLEVALUE('PublishDate (BO_publisdat)', 'Date of publishing:', IFCTEXT(''), $);
#55 = IFCPROPERTYSINGLEVALUE('EditionNumber (BO_edinum)', 'Edition number:', IFCINTEGER(1), $);
#56 = IFCPROPERTYSINGLEVALUE('Width (BO_width)', 'Width (mm):', IFCREAL(0.), $);
#57 = IFCPROPERTYSINGLEVALUE('Height (BO_height)', 'Height (mm):', IFCREAL(550.), $);
#58 = IFCPROPERTYSINGLEVALUE('Depth (BO_depth)', 'Depth (mm):', IFCREAL(0.), $);
#59 = IFCPROPERTYSINGLEVALUE('Weight (BO_weight)', 'Weight Net (Kg):', IFCREAL(0.), $);
#60 = IFCPROPERTYSINGLEVALUE('ProductGuid (BO_productguid)', 'Unique identifier of the object', IFCTEXT('b8585a82-ae92-4d6f-b6a2-99e0ed39feba'), $);
#61 = IFCPROPERTYSINGLEVALUE('BO_links', 'Links', IFCTEXT(''), $);
#62 = IFCPROPERTYSINGLEVALUE('QR (BO_boqrurl)', 'BIMobject QR code url:', IFCTEXT('http://bimobject.com/gotessons/product/aloe-vera'), $);
#63 = IFCPROPERTYSINGLEVALUE('ProductDataUrl (BO_prodaturl)', 'Product data url:', IFCTEXT('bimobject.com/gotessons/product/aloe-vera'), $);
#64 = IFCPROPERTYSINGLEVALUE('ProductUrl (BO_producturl)', 'Product url:', IFCTEXT('https://www.gotessons.com/en/plants/aloe-vera'), $);
#65 = IFCPROPERTYSINGLEVALUE('InstallationInstructions (BO_montins)', 'Installation instructions:', IFCTEXT(''), $);
#66 = IFCPROPERTYSINGLEVALUE('ProductCertification (BO_prodcert)', 'Product certification:', IFCTEXT('https://www.gotessons.com/en/quality-and-environment/'), $);
#67 = IFCPROPERTYSINGLEVALUE('TechnicalDescription (BO_techcert)', 'Technical description:', IFCTEXT('https://www.gotessons.com/storage/3662B60B19EE6BAC9270251D6E8C886ADA030199C819EE433DC0D38FA6B92EDB/1c2bb3aaeec1416aba6b646d89f73152/PDF/media/1ee026b88873447faf7716d72859aca5/160007_ritning.PDF'), $);
#68 = IFCPROPERTYSINGLEVALUE('InstructionVideo (BO_youtube)', 'Instruction video:', IFCTEXT('https://www.youtube.com/watch?v=MKXhAGFxwRY'), $);
#69 = IFCPROPERTYSINGLEVALUE('GtinCode (BO_gtin)', 'GTIN code:', IFCTEXT(''), $);
#70 = IFCPROPERTYSINGLEVALUE('BO_real', 'Related', IFCTEXT(''), $);
#71 = IFCPROPERTYSINGLEVALUE('MaterialMain (BO_mainmat)', 'Material main:', IFCTEXT(''), $);
#72 = IFCPROPERTYSINGLEVALUE('MaterialSecondary (BO_secmat)', 'Material secondary:', IFCTEXT(''), $);
#73 = IFCPROPERTYSINGLEVALUE('BO_classific', 'Classifications', IFCTEXT(''), $);
#74 = IFCPROPERTYSINGLEVALUE('BimObjectMainCategory (BO_bomaincat)', 'BIMobject Main Category:', IFCTEXT('Furniture'), $);
#75 = IFCPROPERTYSINGLEVALUE('BimObjectMainCategoryCode (BO_bomaincat_code)', 'BIMobject Main Category Code:', IFCTEXT('furniture'), $);
#76 = IFCPROPERTYSINGLEVALUE('BimObjectCategory (BO_bocat)', 'BIMobject Category:', IFCTEXT('Interior Artwork & Decoration'), $);
#77 = IFCPROPERTYSINGLEVALUE('BimObjectCategoryCode (BO_bocat_code)', 'BIMobject Category Code:', IFCTEXT('furniture-art-decor'), $);
#78 = IFCPROPERTYSINGLEVALUE('IfcClassification (BO_ifcclas)', 'IFC Classification:', IFCTEXT('Furniture'), $);
#79 = IFCPROPERTYSINGLEVALUE('UnspcCode (BO_unspc)', 'UNSPC code:', IFCTEXT(''), $);
#80 = IFCPROPERTYSINGLEVALUE('Uniclass14Code (BO_uniclass_1_4_code)', 'Uniclass 1.4 Code', IFCTEXT(''), $);
#81 = IFCPROPERTYSINGLEVALUE('Uniclass14Description (BO_uniclass_1_4_desc)', 'Uniclass 1.4 Description', IFCTEXT(''), $);
#82 = IFCPROPERTYSINGLEVALUE('Uniclass20Code (BO_uniclass_2_0_code)', 'Uniclass 2.0 Code', IFCTEXT(''), $);
#83 = IFCPROPERTYSINGLEVALUE('Uniclass20Description (BO_uniclass_2_0_desc)', 'Uniclass 2.0 Description', IFCTEXT(''), $);
#84 = IFCPROPERTYSINGLEVALUE('Uniclass2015Code (BO_uniclass2015_code)', 'Uniclass 2015 Code', IFCTEXT(''), $);
#85 = IFCPROPERTYSINGLEVALUE('Uniclass2015Description  (BO_uniclass2015_desc)', 'Uniclass 2015 Description', IFCTEXT(''), $);
#86 = IFCPROPERTYSINGLEVALUE('NBSReference (BO_nbs_ref)', 'NBS Reference', IFCTEXT(''), $);
#87 = IFCPROPERTYSINGLEVALUE('NBSReferenceDescription (BO_nbs_desc)', 'NBS Reference Description', IFCTEXT(''), $);
#88 = IFCPROPERTYSINGLEVALUE('OmniClassCode (BO_omniclass_code)', 'OmniClass Code', IFCTEXT(''), $);
#89 = IFCPROPERTYSINGLEVALUE('OmniClassDescription (BO_omniclass_name)', 'OmniClass Description', IFCTEXT(''), $);
#90 = IFCPROPERTYSINGLEVALUE('MasterFormat2014Code (BO_masterformat2014_code)', 'Masterformat 2014 Code', IFCTEXT(''), $);
#91 = IFCPROPERTYSINGLEVALUE('MasterFormat2014Description (BO_masterformat2014_name)', 'Masterformat 2014 Description', IFCTEXT(''), $);
#92 = IFCPROPERTYSINGLEVALUE('UniFormat2Code (BO_uniformat2_code)', 'Uniformat II Code', IFCTEXT(''), $);
#93 = IFCPROPERTYSINGLEVALUE('UniFormat2Description (BO_uniformat2_name)', 'Uniformat II Description', IFCTEXT(''), $);
#94 = IFCPROPERTYSINGLEVALUE('COBIeTypeCategory (BO_cobie_type_cat)', 'COBIe Type Category', IFCTEXT(''), $);
#95 = IFCPROPERTYSINGLEVALUE('BO_regions', 'Regions', IFCTEXT(''), $);
#96 = IFCPROPERTYSINGLEVALUE('RegionEurope (BO_europe)', 'Region Europe', IFCTEXT('SE'), $);
#97 = IFCPROPERTYSINGLEVALUE('RegionNorthAmerica (BO_northamerica)', 'Region North America', IFCTEXT('None'), $);
#98 = IFCPROPERTYSINGLEVALUE('RegionSouthAmerica (BO_southamerica)', 'Region South America', IFCTEXT('None'), $);
#99 = IFCPROPERTYSINGLEVALUE('RegionMiddleEast (BO_middleeast)', 'Region Middle East', IFCTEXT('None'), $);
#100 = IFCPROPERTYSINGLEVALUE('RegionAsia (BO_asia)', 'Region Asia', IFCTEXT('None'), $);
#101 = IFCPROPERTYSINGLEVALUE('RegionOceania (BO_oceania)', 'Region Oceania', IFCTEXT('None'), $);
#102 = IFCPROPERTYSINGLEVALUE('RegionAfrica (BO_africa)', 'Region Africa', IFCTEXT('None'), $);
#103 = IFCPROPERTYSINGLEVALUE('RegionAntarctica (BO_antarctica)', 'Region Antarctica', IFCTEXT('None'), $);
#104 = IFCRELDEFINESBYPROPERTIES('3Avto$gkn1SA19VbrV0Ni0', #2, $, $, (#39), #45);
#105 = IFCSHAPEREPRESENTATION(#106, 'Body', 'SurfaceModel', (#907, #1132, #9130));
#106 = IFCGEOMETRICREPRESENTATIONSUBCONTEXT('Body', 'Model', *, *, *, *, #20, $, .MODEL_VIEW., $);
#107 = IFCOPENSHELL((#113, #117, #122, #125, #130, #133, #137, #142, #146, #150, #153, #157, #160, #164, #167, #171, #174, #179, #182, #186, #190, #194, #197, #201, #204, #208, #211, #215, #218, #222, #225, #229, #233, #237, #240, #244, #247, #251, #254, #258, #261, #265, #268, #272, #276, #280, #283, #287, #290, #294, #297, #301, #304, #308, #311, #315, #319, #322, #326, #329, #333, #336, #340, #343, #347, #350, #354, #358, #362, #365, #369, #372, #376, #379, #383, #387, #390, #394, #397, #401, #404, #408, #412, #416, #419, #422, #426, #430, #435, #439, #444, #447, #451, #454, #459, #463, #467, #470, #473, #476, #479, #482, #486, #491, #495, #500, #503, #507, #510, #514, #517, #521, #526, #530, #533, #536, #539, #544, #548, #551, #555, #558, #562, #566, #569, #572, #576, #580, #584, #587, #591, #595, #600, #603, #607, #610, #615, #619, #623, #626, #630, #634, #638, #642, #645, #648, #652, #656, #660, #663, #668, #671, #675, #680, #683, #687, #690, #694, #698, #702, #705, #709, #715, #718, #722, #726, #731, #734, #737, #741, #744, #748, #751, #756, #760, #763, #766, #771, #774, #777, #782, #785, #789, #792, #797, #801, #804, #808, #812, #815, #820, #823, #827, #831, #834, #838, #842, #847, #850, #855, #858, #862, #866, #871, #876, #879, #882, #887, #890, #894, #897, #900, #903, #906));
#108 = IFCPOLYLOOP((#109, #110, #111));
#109 = IFCCARTESIANPOINT((-3.53094329833984E-2, -1.31149311065674E-2, 1.79903106689453E-1));
#110 = IFCCARTESIANPOINT((-2.87767505645752E-2, -1.15391893386841E-2, 1.58557723999023E-1));
#111 = IFCCARTESIANPOINT((-2.95271892547607E-2, -1.6800745010376E-2, 1.57559112548828E-1));
#112 = IFCFACEOUTERBOUND(#108, .T.);
#113 = IFCFACE((#112));
#114 = IFCPOLYLOOP((#111, #115, #109));
#115 = IFCCARTESIANPOINT((-3.55867385864258E-2, -1.8515941619873E-2, 1.79282348632813E-1));
#116 = IFCFACEOUTERBOUND(#114, .T.);
#117 = IFCFACE((#116));
#118 = IFCPOLYLOOP((#119, #120, #110));
#119 = IFCCARTESIANPOINT((-3.47496376037598E-2, -7.35659027099609E-3, 1.80629470825195E-1));
#120 = IFCCARTESIANPOINT((-2.79922103881836E-2, -5.85904502868652E-3, 1.59494277954102E-1));
#121 = IFCFACEOUTERBOUND(#118, .T.);
#122 = IFCFACE((#121));
#123 = IFCPOLYLOOP((#110, #109, #119));
#124 = IFCFACEOUTERBOUND(#123, .T.);
#125 = IFCFACE((#124));
#126 = IFCPOLYLOOP((#127, #128, #120));
#127 = IFCCARTESIANPOINT((-3.39263572692871E-2, -1.62381374835968E-3, 1.81437637329102E-1));
#128 = IFCCARTESIANPOINT((-2.7229907989502E-2, -1.25945687294006E-4, 1.60306701660156E-1));
#129 = IFCFACEOUTERBOUND(#126, .T.);
#130 = IFCFACE((#129));
#131 = IFCPOLYLOOP((#120, #119, #127));
#132 = IFCFACEOUTERBOUND(#131, .T.);
#133 = IFCFACE((#132));
#134 = IFCPOLYLOOP((#128, #127, #135));
#135 = IFCCARTESIANPOINT((-3.28558883666992E-2, 3.8045220375061E-3, 1.82315231323242E-1));
#136 = IFCFACEOUTERBOUND(#134, .T.);
#137 = IFCFACE((#136));
#138 = IFCPOLYLOOP((#139, #115, #140));
#139 = IFCCARTESIANPOINT((-4.13215751647949E-2, -2.02534580230713E-2, 2.00681930541992E-1));
#140 = IFCCARTESIANPOINT((-3.55823020935059E-2, -2.33356990814209E-2, 1.78771377563477E-1));
#141 = IFCFACEOUTERBOUND(#138, .T.);
#142 = IFCFACE((#141));
#143 = IFCPOLYLOOP((#140, #144, #139));
#144 = IFCCARTESIANPOINT((-4.05659370422363E-2, -2.5230842590332E-2, 2.00390106201172E-1));
#145 = IFCFACEOUTERBOUND(#143, .T.);
#146 = IFCFACE((#145));
#147 = IFCPOLYLOOP((#148, #109, #115));
#148 = IFCCARTESIANPOINT((-4.15789794921875E-2, -1.47522792816162E-2, 2.01179260253906E-1));
#149 = IFCFACEOUTERBOUND(#147, .T.);
#150 = IFCFACE((#149));
#151 = IFCPOLYLOOP((#115, #139, #148));
#152 = IFCFACEOUTERBOUND(#151, .T.);
#153 = IFCFACE((#152));
#154 = IFCPOLYLOOP((#155, #119, #109));
#155 = IFCCARTESIANPOINT((-4.12981567382813E-2, -8.95686721801758E-3, 2.01893112182617E-1));
#156 = IFCFACEOUTERBOUND(#154, .T.);
#157 = IFCFACE((#156));
#158 = IFCPOLYLOOP((#109, #148, #155));
#159 = IFCFACEOUTERBOUND(#158, .T.);
#160 = IFCFACE((#159));
#161 = IFCPOLYLOOP((#162, #127, #119));
#162 = IFCCARTESIANPOINT((-4.04555969238281E-2, -3.25551128387451E-3, 2.02813629150391E-1));
#163 = IFCFACEOUTERBOUND(#161, .T.);
#164 = IFCFACE((#163));
#165 = IFCPOLYLOOP((#119, #155, #162));
#166 = IFCFACEOUTERBOUND(#165, .T.);
#167 = IFCFACE((#166));
#168 = IFCPOLYLOOP((#169, #135, #127));
#169 = IFCCARTESIANPOINT((-3.9038257598877E-2, 2.07015538215637E-3, 2.03938903808594E-1));
#170 = IFCFACEOUTERBOUND(#168, .T.);
#171 = IFCFACE((#170));
#172 = IFCPOLYLOOP((#127, #162, #169));
#173 = IFCFACEOUTERBOUND(#172, .T.);
#174 = IFCFACE((#173));
#175 = IFCPOLYLOOP((#176, #177, #135));
#176 = IFCCARTESIANPOINT((-3.70331077575684E-2, 6.73850011825562E-3, 2.05266983032227E-1));
#177 = IFCCARTESIANPOINT((-3.15545291900635E-2, 8.6495418548584E-3, 1.83249877929688E-1));
#178 = IFCFACEOUTERBOUND(#175, .T.);
#179 = IFCFACE((#178));
#180 = IFCPOLYLOOP((#135, #169, #176));
#181 = IFCFACEOUTERBOUND(#180, .T.);
#182 = IFCFACE((#181));
#183 = IFCPOLYLOOP((#184, #139, #144));
#184 = IFCCARTESIANPOINT((-4.65597190856934E-2, -2.20663681030273E-2, 2.22069839477539E-1));
#185 = IFCFACEOUTERBOUND(#183, .T.);
#186 = IFCFACE((#185));
#187 = IFCPOLYLOOP((#144, #188, #184));
#188 = IFCCARTESIANPOINT((-4.51040191650391E-2, -2.71773242950439E-2, 2.21845352172852E-1));
#189 = IFCFACEOUTERBOUND(#187, .T.);
#190 = IFCFACE((#189));
#191 = IFCPOLYLOOP((#192, #148, #139));
#192 = IFCCARTESIANPOINT((-4.73187446594238E-2, -1.64932460784912E-2, 2.22565933227539E-1));
#193 = IFCFACEOUTERBOUND(#191, .T.);
#194 = IFCFACE((#193));
#195 = IFCPOLYLOOP((#139, #184, #192));
#196 = IFCFACEOUTERBOUND(#195, .T.);
#197 = IFCFACE((#196));
#198 = IFCPOLYLOOP((#199, #155, #148));
#199 = IFCCARTESIANPOINT((-4.73063011169434E-2, -1.06858997344971E-2, 2.23346817016602E-1));
#200 = IFCFACEOUTERBOUND(#198, .T.);
#201 = IFCFACE((#200));
#202 = IFCPOLYLOOP((#148, #192, #199));
#203 = IFCFACEOUTERBOUND(#202, .T.);
#204 = IFCFACE((#203));
#205 = IFCPOLYLOOP((#206, #162, #155));
#206 = IFCCARTESIANPOINT((-4.64608497619629E-2, -5.02967357635498E-3, 2.24401794433594E-1));
#207 = IFCFACEOUTERBOUND(#205, .T.);
#208 = IFCFACE((#207));
#209 = IFCPOLYLOOP((#155, #199, #206));
#210 = IFCFACEOUTERBOUND(#209, .T.);
#211 = IFCFACE((#210));
#212 = IFCPOLYLOOP((#213, #169, #162));
#213 = IFCCARTESIANPOINT((-4.47436447143555E-2, 1.98834240436554E-4, 2.25727355957031E-1));
#214 = IFCFACEOUTERBOUND(#212, .T.);
#215 = IFCFACE((#214));
#216 = IFCPOLYLOOP((#162, #206, #213));
#217 = IFCFACEOUTERBOUND(#216, .T.);
#218 = IFCFACE((#217));
#219 = IFCPOLYLOOP((#220, #176, #169));
#220 = IFCCARTESIANPOINT((-4.21159324645996E-2, 4.72302436828613E-3, 2.27320037841797E-1));
#221 = IFCFACEOUTERBOUND(#219, .T.);
#222 = IFCFACE((#221));
#223 = IFCPOLYLOOP((#169, #213, #220));
#224 = IFCFACEOUTERBOUND(#223, .T.);
#225 = IFCFACE((#224));
#226 = IFCPOLYLOOP((#227, #184, #188));
#227 = IFCCARTESIANPOINT((-5.12843399047852E-2, -2.40155467987061E-2, 2.44204559326172E-1));
#228 = IFCFACEOUTERBOUND(#226, .T.);
#229 = IFCFACE((#228));
#230 = IFCPOLYLOOP((#188, #231, #227));
#231 = IFCCARTESIANPOINT((-4.92563514709473E-2, -2.92403793334961E-2, 2.44005432128906E-1));
#232 = IFCFACEOUTERBOUND(#230, .T.);
#233 = IFCFACE((#232));
#234 = IFCPOLYLOOP((#235, #192, #184));
#235 = IFCCARTESIANPOINT((-5.24491882324219E-2, -1.8389123916626E-2, 2.44718994140625E-1));
#236 = IFCFACEOUTERBOUND(#234, .T.);
#237 = IFCFACE((#236));
#238 = IFCPOLYLOOP((#184, #227, #235));
#239 = IFCFACEOUTERBOUND(#238, .T.);
#240 = IFCFACE((#239));
#241 = IFCPOLYLOOP((#242, #199, #192));
#242 = IFCCARTESIANPOINT((-5.26512680053711E-2, -1.25823497772217E-2, 2.45556564331055E-1));
#243 = IFCFACEOUTERBOUND(#241, .T.);
#244 = IFCFACE((#243));
#245 = IFCPOLYLOOP((#192, #235, #242));
#246 = IFCFACEOUTERBOUND(#245, .T.);
#247 = IFCFACE((#246));
#248 = IFCPOLYLOOP((#249, #206, #199));
#249 = IFCCARTESIANPOINT((-5.18019828796387E-2, -6.97199583053589E-3, 2.46698501586914E-1));
#250 = IFCFACEOUTERBOUND(#248, .T.);
#251 = IFCFACE((#250));
#252 = IFCPOLYLOOP((#199, #242, #249));
#253 = IFCFACEOUTERBOUND(#252, .T.);
#254 = IFCFACE((#253));
#255 = IFCPOLYLOOP((#256, #213, #206));
#256 = IFCCARTESIANPOINT((-4.98455429077148E-2, -1.82440781593323E-3, 2.48133209228516E-1));
#257 = IFCFACEOUTERBOUND(#255, .T.);
#258 = IFCFACE((#257));
#259 = IFCPOLYLOOP((#206, #249, #256));
#260 = IFCFACEOUTERBOUND(#259, .T.);
#261 = IFCFACE((#260));
#262 = IFCPOLYLOOP((#263, #220, #213));
#263 = IFCCARTESIANPOINT((-4.67261428833008E-2, 2.59406924247742E-3, 2.49849060058594E-1));
#264 = IFCFACEOUTERBOUND(#262, .T.);
#265 = IFCFACE((#264));
#266 = IFCPOLYLOOP((#213, #256, #263));
#267 = IFCFACEOUTERBOUND(#266, .T.);
#268 = IFCFACE((#267));
#269 = IFCPOLYLOOP((#270, #227, #231));
#270 = IFCCARTESIANPOINT((-5.50703353881836E-2, -2.59093170166016E-2, 2.65370544433594E-1));
#271 = IFCFACEOUTERBOUND(#269, .T.);
#272 = IFCFACE((#271));
#273 = IFCPOLYLOOP((#231, #274, #270));
#274 = IFCCARTESIANPOINT((-5.26944465637207E-2, -3.12205562591553E-2, 2.65229431152344E-1));
#275 = IFCFACEOUTERBOUND(#273, .T.);
#276 = IFCFACE((#275));
#277 = IFCPOLYLOOP((#278, #235, #227));
#278 = IFCCARTESIANPOINT((-5.64729194641113E-2, -2.02459335327148E-2, 2.65851013183594E-1));
#279 = IFCFACEOUTERBOUND(#277, .T.);
#280 = IFCFACE((#279));
#281 = IFCPOLYLOOP((#227, #270, #278));
#282 = IFCFACEOUTERBOUND(#281, .T.);
#283 = IFCFACE((#282));
#284 = IFCPOLYLOOP((#285, #242, #235));
#285 = IFCCARTESIANPOINT((-5.67926254272461E-2, -1.44425382614136E-2, 2.66671051025391E-1));
#286 = IFCFACEOUTERBOUND(#284, .T.);
#287 = IFCFACE((#286));
#288 = IFCPOLYLOOP((#235, #278, #285));
#289 = IFCFACEOUTERBOUND(#288, .T.);
#290 = IFCFACE((#289));
#291 = IFCPOLYLOOP((#292, #249, #242));
#292 = IFCCARTESIANPOINT((-5.59303970336914E-2, -8.86499881744385E-3, 2.67803558349609E-1));
#293 = IFCFACEOUTERBOUND(#291, .T.);
#294 = IFCFACE((#293));
#295 = IFCPOLYLOOP((#242, #285, #292));
#296 = IFCFACEOUTERBOUND(#295, .T.);
#297 = IFCFACE((#296));
#298 = IFCPOLYLOOP((#299, #256, #249));
#299 = IFCCARTESIANPOINT((-5.38259315490723E-2, -3.76753067970276E-3, 2.69227783203125E-1));
#300 = IFCFACEOUTERBOUND(#298, .T.);
#301 = IFCFACE((#300));
#302 = IFCPOLYLOOP((#249, #292, #299));
#303 = IFCFACEOUTERBOUND(#302, .T.);
#304 = IFCFACE((#303));
#305 = IFCPOLYLOOP((#306, #263, #256));
#306 = IFCCARTESIANPOINT((-5.04189300537109E-2, 5.95652461051941E-4, 2.70922912597656E-1));
#307 = IFCFACEOUTERBOUND(#305, .T.);
#308 = IFCFACE((#307));
#309 = IFCPOLYLOOP((#256, #299, #306));
#310 = IFCFACEOUTERBOUND(#309, .T.);
#311 = IFCFACE((#310));
#312 = IFCPOLYLOOP((#313, #270, #274));
#313 = IFCCARTESIANPOINT((-5.82076377868652E-2, -2.78062362670898E-2, 2.86967315673828E-1));
#314 = IFCFACEOUTERBOUND(#312, .T.);
#315 = IFCFACE((#314));
#316 = IFCPOLYLOOP((#317, #278, #270));
#317 = IFCCARTESIANPOINT((-5.96879920959473E-2, -2.21155052185059E-2, 2.87324523925781E-1));
#318 = IFCFACEOUTERBOUND(#316, .T.);
#319 = IFCFACE((#318));
#320 = IFCPOLYLOOP((#270, #313, #317));
#321 = IFCFACEOUTERBOUND(#320, .T.);
#322 = IFCFACE((#321));
#323 = IFCPOLYLOOP((#324, #285, #278));
#324 = IFCCARTESIANPOINT((-6.00324516296387E-2, -1.63126239776611E-2, 2.88025817871094E-1));
#325 = IFCFACEOUTERBOUND(#323, .T.);
#326 = IFCFACE((#325));
#327 = IFCPOLYLOOP((#278, #317, #324));
#328 = IFCFACEOUTERBOUND(#327, .T.);
#329 = IFCFACE((#328));
#330 = IFCPOLYLOOP((#331, #292, #285));
#331 = IFCCARTESIANPOINT((-5.9147346496582E-2, -1.07514657974243E-2, 2.89039489746094E-1));
#332 = IFCFACEOUTERBOUND(#330, .T.);
#333 = IFCFACE((#332));
#334 = IFCPOLYLOOP((#285, #324, #331));
#335 = IFCFACEOUTERBOUND(#334, .T.);
#336 = IFCFACE((#335));
#337 = IFCPOLYLOOP((#338, #299, #292));
#338 = IFCCARTESIANPOINT((-5.69799270629883E-2, -5.67332887649536E-3, 2.90337371826172E-1));
#339 = IFCFACEOUTERBOUND(#337, .T.);
#340 = IFCFACE((#339));
#341 = IFCPOLYLOOP((#292, #331, #338));
#342 = IFCFACEOUTERBOUND(#341, .T.);
#343 = IFCFACE((#342));
#344 = IFCPOLYLOOP((#345, #306, #299));
#345 = IFCCARTESIANPOINT((-5.34774322509766E-2, -1.31951487064362E-3, 2.91891418457031E-1));
#346 = IFCFACEOUTERBOUND(#344, .T.);
#347 = IFCFACE((#346));
#348 = IFCPOLYLOOP((#299, #338, #345));
#349 = IFCFACEOUTERBOUND(#348, .T.);
#350 = IFCFACE((#349));
#351 = IFCPOLYLOOP((#352, #317, #313));
#352 = IFCCARTESIANPOINT((-6.21231079101563E-2, -2.39068584442139E-2, 3.09127075195313E-1));
#353 = IFCFACEOUTERBOUND(#351, .T.);
#354 = IFCFACE((#353));
#355 = IFCPOLYLOOP((#313, #356, #352));
#356 = IFCCARTESIANPOINT((-6.07246131896973E-2, -2.96161251068115E-2, 3.08995666503906E-1));
#357 = IFCFACEOUTERBOUND(#355, .T.);
#358 = IFCFACE((#357));
#359 = IFCPOLYLOOP((#360, #324, #317));
#360 = IFCCARTESIANPOINT((-6.24032135009766E-2, -1.80989818572998E-2, 3.096005859375E-1));
#361 = IFCFACEOUTERBOUND(#359, .T.);
#362 = IFCFACE((#361));
#363 = IFCPOLYLOOP((#317, #352, #360));
#364 = IFCFACEOUTERBOUND(#363, .T.);
#365 = IFCFACE((#364));
#366 = IFCPOLYLOOP((#367, #331, #324));
#367 = IFCCARTESIANPOINT((-6.14915313720703E-2, -1.25344076156616E-2, 3.10385955810547E-1));
#368 = IFCFACEOUTERBOUND(#366, .T.);
#369 = IFCFACE((#368));
#370 = IFCPOLYLOOP((#324, #360, #367));
#371 = IFCFACEOUTERBOUND(#370, .T.);
#372 = IFCFACE((#371));
#373 = IFCPOLYLOOP((#374, #338, #331));
#374 = IFCCARTESIANPOINT((-5.93538627624512E-2, -7.44189071655273E-3, 3.11452056884766E-1));
#375 = IFCFACEOUTERBOUND(#373, .T.);
#376 = IFCFACE((#375));
#377 = IFCPOLYLOOP((#331, #367, #374));
#378 = IFCFACEOUTERBOUND(#377, .T.);
#379 = IFCFACE((#378));
#380 = IFCPOLYLOOP((#381, #352, #356));
#381 = IFCCARTESIANPOINT((-6.38711280822754E-2, -2.54978122711182E-2, 3.31203521728516E-1));
#382 = IFCFACEOUTERBOUND(#380, .T.);
#383 = IFCFACE((#382));
#384 = IFCPOLYLOOP((#385, #360, #352));
#385 = IFCCARTESIANPOINT((-6.40164184570313E-2, -1.96795787811279E-2, 3.31355651855469E-1));
#386 = IFCFACEOUTERBOUND(#384, .T.);
#387 = IFCFACE((#386));
#388 = IFCPOLYLOOP((#352, #381, #385));
#389 = IFCFACEOUTERBOUND(#388, .T.);
#390 = IFCFACE((#389));
#391 = IFCPOLYLOOP((#392, #367, #360));
#392 = IFCCARTESIANPOINT((-6.30876388549805E-2, -1.4091365814209E-2, 3.31823669433594E-1));
#393 = IFCFACEOUTERBOUND(#391, .T.);
#394 = IFCFACE((#393));
#395 = IFCPOLYLOOP((#360, #385, #392));
#396 = IFCFACEOUTERBOUND(#395, .T.);
#397 = IFCFACE((#396));
#398 = IFCPOLYLOOP((#399, #374, #367));
#399 = IFCCARTESIANPOINT((-6.1077262878418E-2, -8.95044422149658E-3, 3.32579315185547E-1));
#400 = IFCFACEOUTERBOUND(#398, .T.);
#401 = IFCFACE((#400));
#402 = IFCPOLYLOOP((#367, #392, #399));
#403 = IFCFACEOUTERBOUND(#402, .T.);
#404 = IFCFACE((#403));
#405 = IFCPOLYLOOP((#406, #385, #381));
#406 = IFCCARTESIANPOINT((-6.50625991821289E-2, -2.09039840698242E-2, 3.53232086181641E-1));
#407 = IFCFACEOUTERBOUND(#405, .T.);
#408 = IFCFACE((#407));
#409 = IFCPOLYLOOP((#381, #410, #406));
#410 = IFCCARTESIANPOINT((-6.50890731811523E-2, -2.67349739074707E-2, 3.53455810546875E-1));
#411 = IFCFACEOUTERBOUND(#409, .T.);
#412 = IFCFACE((#411));
#413 = IFCPOLYLOOP((#414, #392, #385));
#414 = IFCCARTESIANPOINT((-6.41463470458984E-2, -1.52744092941284E-2, 3.53334442138672E-1));
#415 = IFCFACEOUTERBOUND(#413, .T.);
#416 = IFCFACE((#415));
#417 = IFCPOLYLOOP((#385, #406, #414));
#418 = IFCFACEOUTERBOUND(#417, .T.);
#419 = IFCFACE((#418));
#420 = IFCPOLYLOOP((#399, #392, #414));
#421 = IFCFACEOUTERBOUND(#420, .T.);
#422 = IFCFACE((#421));
#423 = IFCPOLYLOOP((#424, #414, #406));
#424 = IFCCARTESIANPOINT((-6.49643402099609E-2, -1.59101362228394E-2, 3.74901092529297E-1));
#425 = IFCFACEOUTERBOUND(#423, .T.);
#426 = IFCFACE((#425));
#427 = IFCPOLYLOOP((#406, #428, #424));
#428 = IFCCARTESIANPOINT((-6.58113327026367E-2, -2.15933647155762E-2, 3.75151672363281E-1));
#429 = IFCFACEOUTERBOUND(#427, .T.);
#430 = IFCFACE((#429));
#431 = IFCPOLYLOOP((#432, #140, #433));
#432 = IFCCARTESIANPOINT((-3.37409439086914E-2, -2.52850170135498E-2, 1.70490676879883E-1));
#433 = IFCCARTESIANPOINT((-3.2303050994873E-2, -2.34785957336426E-2, 1.64437194824219E-1));
#434 = IFCFACEOUTERBOUND(#431, .T.);
#435 = IFCFACE((#434));
#436 = IFCPOLYLOOP((#437, #432, #433));
#437 = IFCCARTESIANPOINT((-3.34902801513672E-2, -2.54046802520752E-2, 1.69264663696289E-1));
#438 = IFCFACEOUTERBOUND(#436, .T.);
#439 = IFCFACE((#438));
#440 = IFCPOLYLOOP((#441, #442, #140));
#441 = IFCCARTESIANPOINT((-3.59623069763184E-2, -2.68357543945313E-2, 1.81339431762695E-1));
#442 = IFCCARTESIANPOINT((-3.63200187683105E-2, -2.69125652313232E-2, 1.83072769165039E-1));
#443 = IFCFACEOUTERBOUND(#440, .T.);
#444 = IFCFACE((#443));
#445 = IFCPOLYLOOP((#140, #432, #441));
#446 = IFCFACEOUTERBOUND(#445, .T.);
#447 = IFCFACE((#446));
#448 = IFCPOLYLOOP((#449, #144, #442));
#449 = IFCCARTESIANPOINT((-3.85262145996094E-2, -2.82601547241211E-2, 1.94648956298828E-1));
#450 = IFCFACEOUTERBOUND(#448, .T.);
#451 = IFCFACE((#450));
#452 = IFCPOLYLOOP((#442, #144, #140));
#453 = IFCFACEOUTERBOUND(#452, .T.);
#454 = IFCFACE((#453));
#455 = IFCPOLYLOOP((#456, #457, #111));
#456 = IFCCARTESIANPOINT((-2.50731468200684E-2, -1.24663228988647E-2, 1.44683807373047E-1));
#457 = IFCCARTESIANPOINT((-2.72706127166748E-2, -1.68482456207275E-2, 1.48769958496094E-1));
#458 = IFCFACEOUTERBOUND(#455, .T.);
#459 = IFCFACE((#458));
#460 = IFCPOLYLOOP((#461, #111, #457));
#461 = IFCCARTESIANPOINT((-3.09315280914307E-2, -2.15800132751465E-2, 1.59582809448242E-1));
#462 = IFCFACEOUTERBOUND(#460, .T.);
#463 = IFCFACE((#462));
#464 = IFCPOLYLOOP((#456, #110, #465));
#465 = IFCCARTESIANPOINT((-2.30047912597656E-2, -6.20131397247314E-3, 1.42553848266602E-1));
#466 = IFCFACEOUTERBOUND(#464, .T.);
#467 = IFCFACE((#466));
#468 = IFCPOLYLOOP((#110, #456, #111));
#469 = IFCFACEOUTERBOUND(#468, .T.);
#470 = IFCFACE((#469));
#471 = IFCPOLYLOOP((#115, #461, #140));
#472 = IFCFACEOUTERBOUND(#471, .T.);
#473 = IFCFACE((#472));
#474 = IFCPOLYLOOP((#433, #140, #461));
#475 = IFCFACEOUTERBOUND(#474, .T.);
#476 = IFCFACE((#475));
#477 = IFCPOLYLOOP((#465, #110, #120));
#478 = IFCFACEOUTERBOUND(#477, .T.);
#479 = IFCFACE((#478));
#480 = IFCPOLYLOOP((#461, #115, #111));
#481 = IFCFACEOUTERBOUND(#480, .T.);
#482 = IFCFACE((#481));
#483 = IFCPOLYLOOP((#484, #465, #120));
#484 = IFCCARTESIANPOINT((-2.29414501190186E-2, -2.92003488540649E-3, 1.44522567749023E-1));
#485 = IFCFACEOUTERBOUND(#483, .T.);
#486 = IFCFACE((#485));
#487 = IFCPOLYLOOP((#488, #489, #144));
#488 = IFCCARTESIANPOINT((-4.12657279968262E-2, -2.96549015045166E-2, 2.09428070068359E-1));
#489 = IFCCARTESIANPOINT((-4.15606231689453E-2, -2.96284027099609E-2, 2.10701263427734E-1));
#490 = IFCFACEOUTERBOUND(#487, .T.);
#491 = IFCFACE((#490));
#492 = IFCPOLYLOOP((#493, #488, #144));
#493 = IFCCARTESIANPOINT((-3.89371681213379E-2, -2.83543510437012E-2, 1.96666061401367E-1));
#494 = IFCFACEOUTERBOUND(#492, .T.);
#495 = IFCFACE((#494));
#496 = IFCPOLYLOOP((#497, #498, #188));
#497 = IFCCARTESIANPOINT((-4.34524307250977E-2, -3.05913162231445E-2, 2.21252380371094E-1));
#498 = IFCCARTESIANPOINT((-4.38315773010254E-2, -3.06727848052979E-2, 2.23134429931641E-1));
#499 = IFCFACEOUTERBOUND(#496, .T.);
#500 = IFCFACE((#499));
#501 = IFCPOLYLOOP((#188, #489, #497));
#502 = IFCFACEOUTERBOUND(#501, .T.);
#503 = IFCFACE((#502));
#504 = IFCPOLYLOOP((#505, #188, #498));
#505 = IFCCARTESIANPOINT((-4.62980651855469E-2, -3.17402839660645E-2, 2.36897079467773E-1));
#506 = IFCFACEOUTERBOUND(#504, .T.);
#507 = IFCFACE((#506));
#508 = IFCPOLYLOOP((#144, #489, #188));
#509 = IFCFACEOUTERBOUND(#508, .T.);
#510 = IFCFACE((#509));
#511 = IFCPOLYLOOP((#231, #505, #512));
#512 = IFCCARTESIANPOINT((-4.6695671081543E-2, -3.18225040435791E-2, 2.3890803527832E-1));
#513 = IFCFACEOUTERBOUND(#511, .T.);
#514 = IFCFACE((#513));
#515 = IFCPOLYLOOP((#231, #188, #505));
#516 = IFCFACEOUTERBOUND(#515, .T.);
#517 = IFCFACE((#516));
#518 = IFCPOLYLOOP((#231, #512, #519));
#519 = IFCCARTESIANPOINT((-4.93098793029785E-2, -3.26572456359863E-2, 2.53244857788086E-1));
#520 = IFCFACEOUTERBOUND(#518, .T.);
#521 = IFCFACE((#520));
#522 = IFCPOLYLOOP((#523, #519, #524));
#523 = IFCCARTESIANPOINT((-4.97051315307617E-2, -3.2729621887207E-2, 2.55301834106445E-1));
#524 = IFCCARTESIANPOINT((-4.9320140838623E-2, -3.30325698852539E-2, 2.54458984375E-1));
#525 = IFCFACEOUTERBOUND(#522, .T.);
#526 = IFCFACE((#525));
#527 = IFCPOLYLOOP((#274, #523, #528));
#528 = IFCCARTESIANPOINT((-5.21389961242676E-2, -3.34219436645508E-2, 2.69138641357422E-1));
#529 = IFCFACEOUTERBOUND(#527, .T.);
#530 = IFCFACE((#529));
#531 = IFCPOLYLOOP((#523, #274, #231));
#532 = IFCFACEOUTERBOUND(#531, .T.);
#533 = IFCFACE((#532));
#534 = IFCPOLYLOOP((#519, #523, #231));
#535 = IFCFACEOUTERBOUND(#534, .T.);
#536 = IFCFACE((#535));
#537 = IFCPOLYLOOP((#449, #493, #144));
#538 = IFCFACEOUTERBOUND(#537, .T.);
#539 = IFCFACE((#538));
#540 = IFCPOLYLOOP((#541, #128, #542));
#541 = IFCCARTESIANPOINT((-2.2977071762085E-2, 3.36838871240616E-4, 1.46420196533203E-1));
#542 = IFCCARTESIANPOINT((-2.39288234710693E-2, 4.65560579299927E-3, 1.51552886962891E-1));
#543 = IFCFACEOUTERBOUND(#540, .T.);
#544 = IFCFACE((#543));
#545 = IFCPOLYLOOP((#542, #128, #546));
#546 = IFCCARTESIANPOINT((-2.53652801513672E-2, 6.49123620986938E-3, 1.57359756469727E-1));
#547 = IFCFACEOUTERBOUND(#545, .T.);
#548 = IFCFACE((#547));
#549 = IFCPOLYLOOP((#128, #541, #484));
#550 = IFCFACEOUTERBOUND(#549, .T.);
#551 = IFCFACE((#550));
#552 = IFCPOLYLOOP((#546, #135, #553));
#553 = IFCCARTESIANPOINT((-2.67038555145264E-2, 8.30140686035156E-3, 1.63197708129883E-1));
#554 = IFCFACEOUTERBOUND(#552, .T.);
#555 = IFCFACE((#554));
#556 = IFCPOLYLOOP((#553, #135, #177));
#557 = IFCFACEOUTERBOUND(#556, .T.);
#558 = IFCFACE((#557));
#559 = IFCPOLYLOOP((#560, #177, #176));
#560 = IFCCARTESIANPOINT((-3.16907730102539E-2, 1.03573427200317E-2, 1.87363662719727E-1));
#561 = IFCFACEOUTERBOUND(#559, .T.);
#562 = IFCFACE((#561));
#563 = IFCPOLYLOOP((#564, #553, #177));
#564 = IFCCARTESIANPOINT((-2.87555599212646E-2, 1.11142139434814E-2, 1.74137298583984E-1));
#565 = IFCFACEOUTERBOUND(#563, .T.);
#566 = IFCFACE((#565));
#567 = IFCPOLYLOOP((#128, #135, #546));
#568 = IFCFACEOUTERBOUND(#567, .T.);
#569 = IFCFACE((#568));
#570 = IFCPOLYLOOP((#484, #120, #128));
#571 = IFCFACEOUTERBOUND(#570, .T.);
#572 = IFCFACE((#571));
#573 = IFCPOLYLOOP((#177, #574, #564));
#574 = IFCCARTESIANPOINT((-2.90241451263428E-2, 1.05769338607788E-2, 1.74679138183594E-1));
#575 = IFCFACEOUTERBOUND(#573, .T.);
#576 = IFCFACE((#575));
#577 = IFCPOLYLOOP((#574, #177, #578));
#578 = IFCCARTESIANPOINT((-3.12879848480225E-2, 1.05323047637939E-2, 1.85647216796875E-1));
#579 = IFCFACEOUTERBOUND(#577, .T.);
#580 = IFCFACE((#579));
#581 = IFCPOLYLOOP((#176, #582, #560));
#582 = IFCCARTESIANPOINT((-3.39163589477539E-2, 9.9174747467041E-3, 1.99047927856445E-1));
#583 = IFCFACEOUTERBOUND(#581, .T.);
#584 = IFCFACE((#583));
#585 = IFCPOLYLOOP((#578, #177, #560));
#586 = IFCFACEOUTERBOUND(#585, .T.);
#587 = IFCFACE((#586));
#588 = IFCPOLYLOOP((#176, #589, #582));
#589 = IFCCARTESIANPOINT((-3.43256378173828E-2, 9.76065444946289E-3, 2.01069808959961E-1));
#590 = IFCFACEOUTERBOUND(#588, .T.);
#591 = IFCFACE((#590));
#592 = IFCPOLYLOOP((#593, #589, #176));
#593 = IFCCARTESIANPOINT((-3.65295715332031E-2, 9.0504264831543E-3, 2.13966003417969E-1));
#594 = IFCFACEOUTERBOUND(#592, .T.);
#595 = IFCFACE((#594));
#596 = IFCPOLYLOOP((#220, #597, #598));
#597 = IFCCARTESIANPOINT((-3.86178855895996E-2, 8.07137393951416E-3, 2.25851745605469E-1));
#598 = IFCCARTESIANPOINT((-3.68613510131836E-2, 8.84555149078369E-3, 2.15216598510742E-1));
#599 = IFCFACEOUTERBOUND(#596, .T.);
#600 = IFCFACE((#599));
#601 = IFCPOLYLOOP((#598, #593, #176));
#602 = IFCFACEOUTERBOUND(#601, .T.);
#603 = IFCFACE((#602));
#604 = IFCPOLYLOOP((#263, #605, #220));
#605 = IFCCARTESIANPOINT((-4.13440589904785E-2, 6.60709238052368E-3, 2.41532135009766E-1));
#606 = IFCFACEOUTERBOUND(#604, .T.);
#607 = IFCFACE((#606));
#608 = IFCPOLYLOOP((#220, #598, #176));
#609 = IFCFACEOUTERBOUND(#608, .T.);
#610 = IFCFACE((#609));
#611 = IFCPOLYLOOP((#612, #306, #613));
#612 = IFCCARTESIANPOINT((-4.73379135131836E-2, 3.006915807724E-3, 2.73594085693359E-1));
#613 = IFCCARTESIANPOINT((-4.7767765045166E-2, 2.73772501945496E-3, 2.75615814208984E-1));
#614 = IFCFACEOUTERBOUND(#611, .T.);
#615 = IFCFACE((#614));
#616 = IFCPOLYLOOP((#306, #617, #613));
#617 = IFCCARTESIANPOINT((-5.05832557678223E-2, 9.26471471786499E-4, 2.89520904541016E-1));
#618 = IFCFACEOUTERBOUND(#616, .T.);
#619 = IFCFACE((#618));
#620 = IFCPOLYLOOP((#306, #612, #621));
#621 = IFCCARTESIANPOINT((-4.47923469543457E-2, 4.57248115539551E-3, 2.59863220214844E-1));
#622 = IFCFACEOUTERBOUND(#620, .T.);
#623 = IFCFACE((#622));
#624 = IFCPOLYLOOP((#263, #306, #621));
#625 = IFCFACEOUTERBOUND(#624, .T.);
#626 = IFCFACE((#625));
#627 = IFCPOLYLOOP((#628, #263, #621));
#628 = IFCCARTESIANPOINT((-4.43712615966797E-2, 4.82718658447266E-3, 2.57823852539063E-1));
#629 = IFCFACEOUTERBOUND(#627, .T.);
#630 = IFCFACE((#629));
#631 = IFCPOLYLOOP((#632, #597, #220));
#632 = IFCCARTESIANPOINT((-3.90046730041504E-2, 7.85765218734741E-3, 2.27727920532227E-1));
#633 = IFCFACEOUTERBOUND(#631, .T.);
#634 = IFCFACE((#633));
#635 = IFCPOLYLOOP((#636, #605, #263));
#636 = IFCCARTESIANPOINT((-4.17539558410645E-2, 6.36787748336792E-3, 2.43532485961914E-1));
#637 = IFCFACEOUTERBOUND(#635, .T.);
#638 = IFCFACE((#637));
#639 = IFCPOLYLOOP((#640, #628, #621));
#640 = IFCCARTESIANPOINT((-4.42429466247559E-2, 4.90578985214233E-3, 2.590849609375E-1));
#641 = IFCFACEOUTERBOUND(#639, .T.);
#642 = IFCFACE((#641));
#643 = IFCPOLYLOOP((#220, #605, #632));
#644 = IFCFACEOUTERBOUND(#643, .T.);
#645 = IFCFACE((#644));
#646 = IFCPOLYLOOP((#636, #263, #628));
#647 = IFCFACEOUTERBOUND(#646, .T.);
#648 = IFCFACE((#647));
#649 = IFCPOLYLOOP((#528, #650, #274));
#650 = IFCCARTESIANPOINT((-5.25202217102051E-2, -3.34710998535156E-2, 2.71188354492188E-1));
#651 = IFCFACEOUTERBOUND(#649, .T.);
#652 = IFCFACE((#651));
#653 = IFCPOLYLOOP((#274, #650, #654));
#654 = IFCCARTESIANPOINT((-5.37841644287109E-2, -3.36903114318848E-2, 2.78341857910156E-1));
#655 = IFCFACEOUTERBOUND(#653, .T.);
#656 = IFCFACE((#655));
#657 = IFCPOLYLOOP((#313, #274, #658));
#658 = IFCCARTESIANPOINT((-5.44015007019043E-2, -3.37951469421387E-2, 2.81939300537109E-1));
#659 = IFCFACEOUTERBOUND(#657, .T.);
#660 = IFCFACE((#659));
#661 = IFCPOLYLOOP((#274, #654, #658));
#662 = IFCFACEOUTERBOUND(#661, .T.);
#663 = IFCFACE((#662));
#664 = IFCPOLYLOOP((#665, #313, #666));
#665 = IFCCARTESIANPOINT((-5.53845138549805E-2, -3.39290351867676E-2, 2.87732299804688E-1));
#666 = IFCCARTESIANPOINT((-5.50075607299805E-2, -3.38972282409668E-2, 2.85550323486328E-1));
#667 = IFCFACEOUTERBOUND(#664, .T.);
#668 = IFCFACE((#667));
#669 = IFCPOLYLOOP((#658, #666, #313));
#670 = IFCFACEOUTERBOUND(#669, .T.);
#671 = IFCFACE((#670));
#672 = IFCPOLYLOOP((#665, #673, #313));
#673 = IFCCARTESIANPOINT((-5.76799240112305E-2, -3.40662117004395E-2, 3.01719055175781E-1));
#674 = IFCFACEOUTERBOUND(#672, .T.);
#675 = IFCFACE((#674));
#676 = IFCPOLYLOOP((#356, #677, #678));
#677 = IFCCARTESIANPOINT((-5.80385932922363E-2, -3.40431365966797E-2, 3.03916778564453E-1));
#678 = IFCCARTESIANPOINT((-6.02731628417969E-2, -3.35780296325684E-2, 3.1792333984375E-1));
#679 = IFCFACEOUTERBOUND(#676, .T.);
#680 = IFCFACE((#679));
#681 = IFCPOLYLOOP((#356, #313, #673));
#682 = IFCFACEOUTERBOUND(#681, .T.);
#683 = IFCFACE((#682));
#684 = IFCPOLYLOOP((#356, #678, #685));
#685 = IFCCARTESIANPOINT((-6.05951843261719E-2, -3.34778175354004E-2, 3.20087463378906E-1));
#686 = IFCFACEOUTERBOUND(#684, .T.);
#687 = IFCFACE((#686));
#688 = IFCPOLYLOOP((#677, #356, #673));
#689 = IFCFACEOUTERBOUND(#688, .T.);
#690 = IFCFACE((#689));
#691 = IFCPOLYLOOP((#356, #692, #381));
#692 = IFCCARTESIANPOINT((-6.26644172668457E-2, -3.23100929260254E-2, 3.346826171875E-1));
#693 = IFCFACEOUTERBOUND(#691, .T.);
#694 = IFCFACE((#693));
#695 = IFCPOLYLOOP((#696, #381, #692));
#696 = IFCCARTESIANPOINT((-6.29244575500488E-2, -3.21233596801758E-2, 3.36807586669922E-1));
#697 = IFCFACEOUTERBOUND(#695, .T.);
#698 = IFCFACE((#697));
#699 = IFCPOLYLOOP((#692, #356, #700));
#700 = IFCCARTESIANPOINT((-6.16733856201172E-2, -3.29679298400879E-2, 3.27396850585938E-1));
#701 = IFCFACEOUTERBOUND(#699, .T.);
#702 = IFCFACE((#701));
#703 = IFCPOLYLOOP((#685, #700, #356));
#704 = IFCFACEOUTERBOUND(#703, .T.);
#705 = IFCFACE((#704));
#706 = IFCPOLYLOOP((#692, #707, #696));
#707 = IFCCARTESIANPOINT((-6.26208000183105E-2, -3.29036064147949E-2, 3.36286773681641E-1));
#708 = IFCFACEOUTERBOUND(#706, .T.);
#709 = IFCFACE((#708));
#710 = IFCPOLYLOOP((#711, #712, #713));
#711 = IFCCARTESIANPOINT((-6.46848602294922E-2, -2.98514537811279E-2, 3.52931549072266E-1));
#712 = IFCCARTESIANPOINT((-6.4490592956543E-2, -3.02155284881592E-2, 3.50857818603516E-1));
#713 = IFCCARTESIANPOINT((-6.44708251953125E-2, -3.09795169830322E-2, 3.52811431884766E-1));
#714 = IFCFACEOUTERBOUND(#710, .T.);
#715 = IFCFACE((#714));
#716 = IFCPOLYLOOP((#381, #712, #410));
#717 = IFCFACEOUTERBOUND(#716, .T.);
#718 = IFCFACE((#717));
#719 = IFCPOLYLOOP((#410, #711, #720));
#720 = IFCCARTESIANPOINT((-6.52179641723633E-2, -2.87547798156738E-2, 3.59836151123047E-1));
#721 = IFCFACEOUTERBOUND(#719, .T.);
#722 = IFCFACE((#721));
#723 = IFCPOLYLOOP((#410, #720, #724));
#724 = IFCCARTESIANPOINT((-6.56260681152344E-2, -2.76736621856689E-2, 3.66726989746094E-1));
#725 = IFCFACEOUTERBOUND(#723, .T.);
#726 = IFCFACE((#725));
#727 = IFCPOLYLOOP((#728, #724, #729));
#728 = IFCCARTESIANPOINT((-6.57827529907227E-2, -2.7270357131958E-2, 3.70058990478516E-1));
#729 = IFCCARTESIANPOINT((-6.56818466186523E-2, -2.8438383102417E-2, 3.69220825195313E-1));
#730 = IFCFACEOUTERBOUND(#727, .T.);
#731 = IFCFACE((#730));
#732 = IFCPOLYLOOP((#728, #410, #724));
#733 = IFCFACEOUTERBOUND(#732, .T.);
#734 = IFCFACE((#733));
#735 = IFCPOLYLOOP((#712, #711, #410));
#736 = IFCFACEOUTERBOUND(#735, .T.);
#737 = IFCFACE((#736));
#738 = IFCPOLYLOOP((#428, #728, #739));
#739 = IFCCARTESIANPOINT((-6.60589141845703E-2, -2.62200832366943E-2, 3.76781890869141E-1));
#740 = IFCFACEOUTERBOUND(#738, .T.);
#741 = IFCFACE((#740));
#742 = IFCPOLYLOOP((#728, #428, #406));
#743 = IFCFACEOUTERBOUND(#742, .T.);
#744 = IFCFACE((#743));
#745 = IFCPOLYLOOP((#428, #739, #746));
#746 = IFCCARTESIANPOINT((-6.62860794067383E-2, -2.51896343231201E-2, 3.83492706298828E-1));
#747 = IFCFACEOUTERBOUND(#745, .T.);
#748 = IFCFACE((#747));
#749 = IFCPOLYLOOP((#410, #728, #406));
#750 = IFCFACEOUTERBOUND(#749, .T.);
#751 = IFCFACE((#750));
#752 = IFCPOLYLOOP((#753, #746, #754));
#753 = IFCCARTESIANPOINT((-6.64192428588867E-2, -2.45387802124023E-2, 3.87757873535156E-1));
#754 = IFCCARTESIANPOINT((-6.63905944824219E-2, -2.58470420837402E-2, 3.86013916015625E-1));
#755 = IFCFACEOUTERBOUND(#752, .T.);
#756 = IFCFACE((#755));
#757 = IFCPOLYLOOP((#424, #428, #758));
#758 = IFCCARTESIANPOINT((-6.68001098632813E-2, -2.24775543212891E-2, 3.99623413085938E-1));
#759 = IFCFACEOUTERBOUND(#757, .T.);
#760 = IFCFACE((#759));
#761 = IFCPOLYLOOP((#753, #758, #428));
#762 = IFCFACEOUTERBOUND(#761, .T.);
#763 = IFCFACE((#762));
#764 = IFCPOLYLOOP((#746, #753, #428));
#765 = IFCFACEOUTERBOUND(#764, .T.);
#766 = IFCFACE((#765));
#767 = IFCPOLYLOOP((#768, #769, #758));
#768 = IFCCARTESIANPOINT((-6.70359268188477E-2, -2.13798389434814E-2, 4.05533538818359E-1));
#769 = IFCCARTESIANPOINT((-6.64304351806641E-2, -1.54886875152588E-2, 4.0490283203125E-1));
#770 = IFCFACEOUTERBOUND(#767, .T.);
#771 = IFCFACE((#770));
#772 = IFCPOLYLOOP((#712, #381, #696));
#773 = IFCFACEOUTERBOUND(#772, .T.);
#774 = IFCFACE((#773));
#775 = IFCPOLYLOOP((#345, #338, #374));
#776 = IFCFACEOUTERBOUND(#775, .T.);
#777 = IFCFACE((#776));
#778 = IFCPOLYLOOP((#779, #780, #374));
#779 = IFCCARTESIANPOINT((-5.68523712158203E-2, -3.77223777770996E-3, 3.18933013916016E-1));
#780 = IFCCARTESIANPOINT((-5.55559310913086E-2, -2.67550587654114E-3, 3.12585479736328E-1));
#781 = IFCFACEOUTERBOUND(#778, .T.);
#782 = IFCFACE((#781));
#783 = IFCPOLYLOOP((#345, #374, #780));
#784 = IFCFACEOUTERBOUND(#783, .T.);
#785 = IFCFACE((#784));
#786 = IFCPOLYLOOP((#779, #374, #787));
#787 = IFCCARTESIANPOINT((-5.72201614379883E-2, -4.09765005111694E-3, 3.20904907226563E-1));
#788 = IFCFACEOUTERBOUND(#786, .T.);
#789 = IFCFACE((#788));
#790 = IFCPOLYLOOP((#306, #345, #617));
#791 = IFCFACEOUTERBOUND(#790, .T.);
#792 = IFCFACE((#791));
#793 = IFCPOLYLOOP((#794, #399, #795));
#794 = IFCCARTESIANPOINT((-5.95350303649902E-2, -6.37087345123291E-3, 3.34325378417969E-1));
#795 = IFCCARTESIANPOINT((-5.98057060241699E-2, -6.65504264831543E-3, 3.3630029296875E-1));
#796 = IFCFACEOUTERBOUND(#793, .T.);
#797 = IFCFACE((#796));
#798 = IFCPOLYLOOP((#799, #795, #399));
#799 = IFCCARTESIANPOINT((-6.15775718688965E-2, -8.76429176330566E-3, 3.49559448242188E-1));
#800 = IFCFACEOUTERBOUND(#798, .T.);
#801 = IFCFACE((#800));
#802 = IFCPOLYLOOP((#399, #794, #787));
#803 = IFCFACEOUTERBOUND(#802, .T.);
#804 = IFCFACE((#803));
#805 = IFCPOLYLOOP((#795, #806, #794));
#806 = IFCCARTESIANPOINT((-5.92372741699219E-2, -5.8971905708313E-3, 3.35795501708984E-1));
#807 = IFCFACEOUTERBOUND(#805, .T.);
#808 = IFCFACE((#807));
#809 = IFCPOLYLOOP((#810, #779, #787));
#810 = IFCCARTESIANPOINT((-5.66569938659668E-2, -3.52412390708923E-3, 3.20613464355469E-1));
#811 = IFCFACEOUTERBOUND(#809, .T.);
#812 = IFCFACE((#811));
#813 = IFCPOLYLOOP((#374, #399, #787));
#814 = IFCFACEOUTERBOUND(#813, .T.);
#815 = IFCFACE((#814));
#816 = IFCPOLYLOOP((#817, #818, #345));
#817 = IFCCARTESIANPOINT((-5.23835220336914E-2, -2.9583403468132E-4, 2.97922821044922E-1));
#818 = IFCCARTESIANPOINT((-5.10272827148438E-2, 6.30652904510498E-4, 2.91545623779297E-1));
#819 = IFCFACEOUTERBOUND(#816, .T.);
#820 = IFCFACE((#819));
#821 = IFCPOLYLOOP((#818, #617, #345));
#822 = IFCFACEOUTERBOUND(#821, .T.);
#823 = IFCFACE((#822));
#824 = IFCPOLYLOOP((#825, #817, #345));
#825 = IFCCARTESIANPOINT((-5.37360610961914E-2, -1.26486265659332E-3, 3.04274871826172E-1));
#826 = IFCFACEOUTERBOUND(#824, .T.);
#827 = IFCFACE((#826));
#828 = IFCPOLYLOOP((#825, #345, #829));
#829 = IFCCARTESIANPOINT((-5.41711463928223E-2, -1.58971476554871E-3, 3.06256652832031E-1));
#830 = IFCFACEOUTERBOUND(#828, .T.);
#831 = IFCFACE((#830));
#832 = IFCPOLYLOOP((#780, #829, #345));
#833 = IFCFACEOUTERBOUND(#832, .T.);
#834 = IFCFACE((#833));
#835 = IFCPOLYLOOP((#836, #414, #424));
#836 = IFCCARTESIANPOINT((-6.33868789672852E-2, -1.11462707519531E-2, 3.68368103027344E-1));
#837 = IFCFACEOUTERBOUND(#835, .T.);
#838 = IFCFACE((#837));
#839 = IFCPOLYLOOP((#758, #840, #424));
#840 = IFCCARTESIANPOINT((-6.58941497802734E-2, -1.46944046020508E-2, 3.98770782470703E-1));
#841 = IFCFACEOUTERBOUND(#839, .T.);
#842 = IFCFACE((#841));
#843 = IFCPOLYLOOP((#769, #844, #845));
#844 = IFCCARTESIANPOINT((-6.71724624633789E-2, -2.07884826660156E-2, 4.08478118896484E-1));
#845 = IFCCARTESIANPOINT((-6.69925918579102E-2, -1.63371868133545E-2, 4.11043273925781E-1));
#846 = IFCFACEOUTERBOUND(#843, .T.);
#847 = IFCFACE((#846));
#848 = IFCPOLYLOOP((#769, #840, #758));
#849 = IFCFACEOUTERBOUND(#848, .T.);
#850 = IFCFACE((#849));
#851 = IFCPOLYLOOP((#844, #852, #853));
#852 = IFCCARTESIANPOINT((-6.74088821411133E-2, -1.91711730957031E-2, 4.13485473632813E-1));
#853 = IFCCARTESIANPOINT((-6.72531356811523E-2, -1.7231632232666E-2, 4.13304962158203E-1));
#854 = IFCFACEOUTERBOUND(#851, .T.);
#855 = IFCFACE((#854));
#856 = IFCPOLYLOOP((#844, #853, #845));
#857 = IFCFACEOUTERBOUND(#856, .T.);
#858 = IFCFACE((#857));
#859 = IFCPOLYLOOP((#860, #853, #852));
#860 = IFCCARTESIANPOINT((-6.75056381225586E-2, -1.81625957489014E-2, 4.15561065673828E-1));
#861 = IFCFACEOUTERBOUND(#859, .T.);
#862 = IFCFACE((#861));
#863 = IFCPOLYLOOP((#852, #844, #864));
#864 = IFCCARTESIANPOINT((-6.73253707885742E-2, -2.01722507476807E-2, 4.11418121337891E-1));
#865 = IFCFACEOUTERBOUND(#863, .T.);
#866 = IFCFACE((#865));
#867 = IFCPOLYLOOP((#836, #868, #869));
#868 = IFCCARTESIANPOINT((-6.28776969909668E-2, -9.93899154663086E-3, 3.67299896240234E-1));
#869 = IFCCARTESIANPOINT((-6.31440238952637E-2, -1.0873215675354E-2, 3.65037658691406E-1));
#870 = IFCFACEOUTERBOUND(#867, .T.);
#871 = IFCFACE((#870));
#872 = IFCPOLYLOOP((#873, #799, #874));
#873 = IFCCARTESIANPOINT((-6.12120895385742E-2, -7.97094631195068E-3, 3.51313873291016E-1));
#874 = IFCCARTESIANPOINT((-6.18276329040527E-2, -9.10248947143555E-3, 3.51554107666016E-1));
#875 = IFCFACEOUTERBOUND(#872, .T.);
#876 = IFCFACE((#875));
#877 = IFCPOLYLOOP((#874, #799, #399));
#878 = IFCFACEOUTERBOUND(#877, .T.);
#879 = IFCFACE((#878));
#880 = IFCPOLYLOOP((#869, #874, #414));
#881 = IFCFACEOUTERBOUND(#880, .T.);
#882 = IFCFACE((#881));
#883 = IFCPOLYLOOP((#424, #884, #885));
#884 = IFCCARTESIANPOINT((-6.48606338500977E-2, -1.31450109481812E-2, 3.86570404052734E-1));
#885 = IFCCARTESIANPOINT((-6.45124969482422E-2, -1.26804037094116E-2, 3.82179107666016E-1));
#886 = IFCFACEOUTERBOUND(#883, .T.);
#887 = IFCFACE((#886));
#888 = IFCPOLYLOOP((#836, #869, #414));
#889 = IFCFACEOUTERBOUND(#888, .T.);
#890 = IFCFACE((#889));
#891 = IFCPOLYLOOP((#884, #892, #885));
#892 = IFCCARTESIANPOINT((-6.44153137207031E-2, -1.18184461593628E-2, 3.84530303955078E-1));
#893 = IFCFACEOUTERBOUND(#891, .T.);
#894 = IFCFACE((#893));
#895 = IFCPOLYLOOP((#836, #424, #885));
#896 = IFCFACEOUTERBOUND(#895, .T.);
#897 = IFCFACE((#896));
#898 = IFCPOLYLOOP((#840, #884, #424));
#899 = IFCFACEOUTERBOUND(#898, .T.);
#900 = IFCFACE((#899));
#901 = IFCPOLYLOOP((#414, #874, #399));
#902 = IFCFACEOUTERBOUND(#901, .T.);
#903 = IFCFACE((#902));
#904 = IFCPOLYLOOP((#769, #768, #844));
#905 = IFCFACEOUTERBOUND(#904, .T.);
#906 = IFCFACE((#905));
#907 = IFCSHELLBASEDSURFACEMODEL((#107, #1144, #1894, #2710, #3361, #4218, #4829, #5686, #6123, #6909, #9142, #9898, #10648, #11395, #12147, #12759, #13075, #13872, #14674));
#908 = IFCSURFACESTYLERENDERING(#909, 0., #910, $, $, #911, #912, $, .NOTDEFINED.);
#909 = IFCCOLOURRGB('Surface color', 0., 4.98039215803146E-1, 0.);
#910 = IFCCOLOURRGB('Diffuse color', 0., 4.98039215803146E-1, 0.);
#911 = IFCCOLOURRGB('Reflection color', 1., 1., 1.);
#912 = IFCCOLOURRGB('Specular color', 1., 1., 1.);
#913 = IFCSURFACESTYLE('d194c32c_5116_40c1_a141_b5544e73a1b4', .BOTH., (#908));
#914 = IFCPRESENTATIONSTYLEASSIGNMENT((#913));
#915 = IFCMATERIAL('d194c32c_5116_40c1_a141_b5544e73a1b4');
#916 = IFCSTYLEDITEM(#907, (#914), $);
#917 = IFCSTYLEDREPRESENTATION(#106, 'Body', $, (#916));
#918 = IFCMATERIALDEFINITIONREPRESENTATION($, $, (#917), #915);
#919 = IFCCLOSEDSHELL((#925, #929, #933, #937, #942, #946, #949, #954, #958, #962, #967, #971, #974, #977, #983, #987, #991, #995, #1000, #1004, #1007, #1012, #1016, #1020, #1025, #1029, #1032, #1035, #1038, #1041, #1044, #1047, #1050, #1053, #1056, #1059, #1062, #1065, #1068, #1071, #1074, #1077, #1080, #1083, #1086, #1089, #1092, #1095, #1098, #1101, #1104, #1107, #1110, #1113, #1116, #1119, #1122, #1125, #1128, #1131));
#920 = IFCPOLYLOOP((#921, #922, #923));
#921 = IFCCARTESIANPOINT((4.99484710693359E-2, -7.40165786743164E-2, 1.44286926269531E-1));
#922 = IFCCARTESIANPOINT((7.65277862548828E-2, -8.89503574371338E-3, 1.44286926269531E-1));
#923 = IFCCARTESIANPOINT((7.01562576293945E-2, -4.27950019836426E-2, 1.44286926269531E-1));
#924 = IFCFACEOUTERBOUND(#920, .T.);
#925 = IFCFACE((#924));
#926 = IFCPOLYLOOP((#927, #922, #921));
#927 = IFCCARTESIANPOINT((4.99484710693359E-2, 5.62265090942383E-2, 1.44286926269531E-1));
#928 = IFCFACEOUTERBOUND(#926, .T.);
#929 = IFCFACE((#928));
#930 = IFCPOLYLOOP((#931, #927, #921));
#931 = IFCCARTESIANPOINT((1.9183988571167E-2, -9.45246047973633E-2, 1.44286926269531E-1));
#932 = IFCFACEOUTERBOUND(#930, .T.);
#933 = IFCFACE((#932));
#934 = IFCPOLYLOOP((#927, #935, #922));
#935 = IFCCARTESIANPOINT((7.01562576293945E-2, 2.50049304962158E-2, 1.44286926269531E-1));
#936 = IFCFACEOUTERBOUND(#934, .T.);
#937 = IFCFACE((#936));
#938 = IFCPOLYLOOP((#927, #939, #940));
#939 = IFCCARTESIANPOINT((-1.4219669342041E-2, 8.32007369995117E-2, 1.44286926269531E-1));
#940 = IFCCARTESIANPOINT((1.9183988571167E-2, 7.67345352172852E-2, 1.44286926269531E-1));
#941 = IFCFACEOUTERBOUND(#938, .T.);
#942 = IFCFACE((#941));
#943 = IFCPOLYLOOP((#939, #927, #944));
#944 = IFCCARTESIANPOINT((-7.8387809753418E-2, -7.40165786743164E-2, 1.44286926269531E-1));
#945 = IFCFACEOUTERBOUND(#943, .T.);
#946 = IFCFACE((#945));
#947 = IFCPOLYLOOP((#944, #927, #931));
#948 = IFCFACEOUTERBOUND(#947, .T.);
#949 = IFCFACE((#948));
#950 = IFCPOLYLOOP((#944, #951, #952));
#951 = IFCCARTESIANPOINT((-1.4219669342041E-2, -1.0099080657959E-1, 1.44286926269531E-1));
#952 = IFCCARTESIANPOINT((-4.76233291625977E-2, -9.45246047973633E-2, 1.44286926269531E-1));
#953 = IFCFACEOUTERBOUND(#950, .T.);
#954 = IFCFACE((#953));
#955 = IFCPOLYLOOP((#956, #939, #944));
#956 = IFCCARTESIANPOINT((-1.04967124938965E-1, -8.89503574371338E-3, 1.44286926269531E-1));
#957 = IFCFACEOUTERBOUND(#955, .T.);
#958 = IFCFACE((#957));
#959 = IFCPOLYLOOP((#960, #956, #944));
#960 = IFCCARTESIANPOINT((-9.8595588684082E-2, -4.27950019836426E-2, 1.44286926269531E-1));
#961 = IFCFACEOUTERBOUND(#959, .T.);
#962 = IFCFACE((#961));
#963 = IFCPOLYLOOP((#964, #939, #965));
#964 = IFCCARTESIANPOINT((-4.76233291625977E-2, 7.67345352172852E-2, 1.44286926269531E-1));
#965 = IFCCARTESIANPOINT((-7.8387809753418E-2, 5.62265090942383E-2, 1.44286926269531E-1));
#966 = IFCFACEOUTERBOUND(#963, .T.);
#967 = IFCFACE((#966));
#968 = IFCPOLYLOOP((#965, #956, #969));
#969 = IFCCARTESIANPOINT((-9.8595588684082E-2, 2.50049304962158E-2, 1.44286926269531E-1));
#970 = IFCFACEOUTERBOUND(#968, .T.);
#971 = IFCFACE((#970));
#972 = IFCPOLYLOOP((#939, #956, #965));
#973 = IFCFACEOUTERBOUND(#972, .T.);
#974 = IFCFACE((#973));
#975 = IFCPOLYLOOP((#951, #944, #931));
#976 = IFCFACEOUTERBOUND(#975, .T.);
#977 = IFCFACE((#976));
#978 = IFCPOLYLOOP((#979, #980, #981));
#979 = IFCCARTESIANPOINT((4.99484710693359E-2, -7.40165786743164E-2, 1.45286926269531E-1));
#980 = IFCCARTESIANPOINT((7.01562576293945E-2, -4.27950019836426E-2, 1.45286926269531E-1));
#981 = IFCCARTESIANPOINT((7.65277862548828E-2, -8.89503574371338E-3, 1.45286926269531E-1));
#982 = IFCFACEOUTERBOUND(#978, .T.);
#983 = IFCFACE((#982));
#984 = IFCPOLYLOOP((#985, #979, #981));
#985 = IFCCARTESIANPOINT((4.99484710693359E-2, 5.62265090942383E-2, 1.45286926269531E-1));
#986 = IFCFACEOUTERBOUND(#984, .T.);
#987 = IFCFACE((#986));
#988 = IFCPOLYLOOP((#989, #979, #985));
#989 = IFCCARTESIANPOINT((1.9183988571167E-2, -9.45246047973633E-2, 1.45286926269531E-1));
#990 = IFCFACEOUTERBOUND(#988, .T.);
#991 = IFCFACE((#990));
#992 = IFCPOLYLOOP((#985, #981, #993));
#993 = IFCCARTESIANPOINT((7.01562576293945E-2, 2.50049304962158E-2, 1.45286926269531E-1));
#994 = IFCFACEOUTERBOUND(#992, .T.);
#995 = IFCFACE((#994));
#996 = IFCPOLYLOOP((#985, #997, #998));
#997 = IFCCARTESIANPOINT((1.9183988571167E-2, 7.67345352172852E-2, 1.45286926269531E-1));
#998 = IFCCARTESIANPOINT((-1.4219669342041E-2, 8.32007369995117E-2, 1.45286926269531E-1));
#999 = IFCFACEOUTERBOUND(#996, .T.);
#1000 = IFCFACE((#999));
#1001 = IFCPOLYLOOP((#998, #1002, #985));
#1002 = IFCCARTESIANPOINT((-7.8387809753418E-2, -7.40165786743164E-2, 1.45286926269531E-1));
#1003 = IFCFACEOUTERBOUND(#1001, .T.);
#1004 = IFCFACE((#1003));
#1005 = IFCPOLYLOOP((#1002, #989, #985));
#1006 = IFCFACEOUTERBOUND(#1005, .T.);
#1007 = IFCFACE((#1006));
#1008 = IFCPOLYLOOP((#1002, #1009, #1010));
#1009 = IFCCARTESIANPOINT((-4.76233291625977E-2, -9.45246047973633E-2, 1.45286926269531E-1));
#1010 = IFCCARTESIANPOINT((-1.4219669342041E-2, -1.0099080657959E-1, 1.45286926269531E-1));
#1011 = IFCFACEOUTERBOUND(#1008, .T.);
#1012 = IFCFACE((#1011));
#1013 = IFCPOLYLOOP((#1014, #1002, #998));
#1014 = IFCCARTESIANPOINT((-1.04967124938965E-1, -8.89503574371338E-3, 1.45286926269531E-1));
#1015 = IFCFACEOUTERBOUND(#1013, .T.);
#1016 = IFCFACE((#1015));
#1017 = IFCPOLYLOOP((#1018, #1002, #1014));
#1018 = IFCCARTESIANPOINT((-9.8595588684082E-2, -4.27950019836426E-2, 1.45286926269531E-1));
#1019 = IFCFACEOUTERBOUND(#1017, .T.);
#1020 = IFCFACE((#1019));
#1021 = IFCPOLYLOOP((#1022, #1023, #998));
#1022 = IFCCARTESIANPOINT((-4.76233291625977E-2, 7.67345352172852E-2, 1.45286926269531E-1));
#1023 = IFCCARTESIANPOINT((-7.8387809753418E-2, 5.62265090942383E-2, 1.45286926269531E-1));
#1024 = IFCFACEOUTERBOUND(#1021, .T.);
#1025 = IFCFACE((#1024));
#1026 = IFCPOLYLOOP((#1023, #1027, #1014));
#1027 = IFCCARTESIANPOINT((-9.8595588684082E-2, 2.50049304962158E-2, 1.45286926269531E-1));
#1028 = IFCFACEOUTERBOUND(#1026, .T.);
#1029 = IFCFACE((#1028));
#1030 = IFCPOLYLOOP((#998, #1023, #1014));
#1031 = IFCFACEOUTERBOUND(#1030, .T.);
#1032 = IFCFACE((#1031));
#1033 = IFCPOLYLOOP((#1010, #989, #1002));
#1034 = IFCFACEOUTERBOUND(#1033, .T.);
#1035 = IFCFACE((#1034));
#1036 = IFCPOLYLOOP((#944, #1002, #1018));
#1037 = IFCFACEOUTERBOUND(#1036, .T.);
#1038 = IFCFACE((#1037));
#1039 = IFCPOLYLOOP((#1018, #960, #944));
#1040 = IFCFACEOUTERBOUND(#1039, .T.);
#1041 = IFCFACE((#1040));
#1042 = IFCPOLYLOOP((#952, #1009, #1002));
#1043 = IFCFACEOUTERBOUND(#1042, .T.);
#1044 = IFCFACE((#1043));
#1045 = IFCPOLYLOOP((#1002, #944, #952));
#1046 = IFCFACEOUTERBOUND(#1045, .T.);
#1047 = IFCFACE((#1046));
#1048 = IFCPOLYLOOP((#951, #1010, #1009));
#1049 = IFCFACEOUTERBOUND(#1048, .T.);
#1050 = IFCFACE((#1049));
#1051 = IFCPOLYLOOP((#1009, #952, #951));
#1052 = IFCFACEOUTERBOUND(#1051, .T.);
#1053 = IFCFACE((#1052));
#1054 = IFCPOLYLOOP((#931, #989, #1010));
#1055 = IFCFACEOUTERBOUND(#1054, .T.);
#1056 = IFCFACE((#1055));
#1057 = IFCPOLYLOOP((#1010, #951, #931));
#1058 = IFCFACEOUTERBOUND(#1057, .T.);
#1059 = IFCFACE((#1058));
#1060 = IFCPOLYLOOP((#921, #979, #989));
#1061 = IFCFACEOUTERBOUND(#1060, .T.);
#1062 = IFCFACE((#1061));
#1063 = IFCPOLYLOOP((#989, #931, #921));
#1064 = IFCFACEOUTERBOUND(#1063, .T.);
#1065 = IFCFACE((#1064));
#1066 = IFCPOLYLOOP((#923, #980, #979));
#1067 = IFCFACEOUTERBOUND(#1066, .T.);
#1068 = IFCFACE((#1067));
#1069 = IFCPOLYLOOP((#979, #921, #923));
#1070 = IFCFACEOUTERBOUND(#1069, .T.);
#1071 = IFCFACE((#1070));
#1072 = IFCPOLYLOOP((#922, #981, #980));
#1073 = IFCFACEOUTERBOUND(#1072, .T.);
#1074 = IFCFACE((#1073));
#1075 = IFCPOLYLOOP((#980, #923, #922));
#1076 = IFCFACEOUTERBOUND(#1075, .T.);
#1077 = IFCFACE((#1076));
#1078 = IFCPOLYLOOP((#935, #993, #981));
#1079 = IFCFACEOUTERBOUND(#1078, .T.);
#1080 = IFCFACE((#1079));
#1081 = IFCPOLYLOOP((#981, #922, #935));
#1082 = IFCFACEOUTERBOUND(#1081, .T.);
#1083 = IFCFACE((#1082));
#1084 = IFCPOLYLOOP((#927, #985, #993));
#1085 = IFCFACEOUTERBOUND(#1084, .T.);
#1086 = IFCFACE((#1085));
#1087 = IFCPOLYLOOP((#993, #935, #927));
#1088 = IFCFACEOUTERBOUND(#1087, .T.);
#1089 = IFCFACE((#1088));
#1090 = IFCPOLYLOOP((#940, #997, #985));
#1091 = IFCFACEOUTERBOUND(#1090, .T.);
#1092 = IFCFACE((#1091));
#1093 = IFCPOLYLOOP((#985, #927, #940));
#1094 = IFCFACEOUTERBOUND(#1093, .T.);
#1095 = IFCFACE((#1094));
#1096 = IFCPOLYLOOP((#939, #998, #997));
#1097 = IFCFACEOUTERBOUND(#1096, .T.);
#1098 = IFCFACE((#1097));
#1099 = IFCPOLYLOOP((#997, #940, #939));
#1100 = IFCFACEOUTERBOUND(#1099, .T.);
#1101 = IFCFACE((#1100));
#1102 = IFCPOLYLOOP((#964, #1022, #998));
#1103 = IFCFACEOUTERBOUND(#1102, .T.);
#1104 = IFCFACE((#1103));
#1105 = IFCPOLYLOOP((#998, #939, #964));
#1106 = IFCFACEOUTERBOUND(#1105, .T.);
#1107 = IFCFACE((#1106));
#1108 = IFCPOLYLOOP((#965, #1023, #1022));
#1109 = IFCFACEOUTERBOUND(#1108, .T.);
#1110 = IFCFACE((#1109));
#1111 = IFCPOLYLOOP((#1022, #964, #965));
#1112 = IFCFACEOUTERBOUND(#1111, .T.);
#1113 = IFCFACE((#1112));
#1114 = IFCPOLYLOOP((#969, #1027, #1023));
#1115 = IFCFACEOUTERBOUND(#1114, .T.);
#1116 = IFCFACE((#1115));
#1117 = IFCPOLYLOOP((#1023, #965, #969));
#1118 = IFCFACEOUTERBOUND(#1117, .T.);
#1119 = IFCFACE((#1118));
#1120 = IFCPOLYLOOP((#956, #1014, #1027));
#1121 = IFCFACEOUTERBOUND(#1120, .T.);
#1122 = IFCFACE((#1121));
#1123 = IFCPOLYLOOP((#1027, #969, #956));
#1124 = IFCFACEOUTERBOUND(#1123, .T.);
#1125 = IFCFACE((#1124));
#1126 = IFCPOLYLOOP((#960, #1018, #1014));
#1127 = IFCFACEOUTERBOUND(#1126, .T.);
#1128 = IFCFACE((#1127));
#1129 = IFCPOLYLOOP((#1014, #956, #960));
#1130 = IFCFACEOUTERBOUND(#1129, .T.);
#1131 = IFCFACE((#1130));
#1132 = IFCFACETEDBREP(#919);
#1133 = IFCSURFACESTYLERENDERING(#1134, 0., #1135, $, $, #1136, #1137, $, .NOTDEFINED.);
#1134 = IFCCOLOURRGB('Surface color', 5.45098066329956E-1, 4.74509805440903E-1, 3.68627458810806E-1);
#1135 = IFCCOLOURRGB('Diffuse color', 5.45098066329956E-1, 4.74509805440903E-1, 3.68627458810806E-1);
#1136 = IFCCOLOURRGB('Reflection color', 1., 1., 1.);
#1137 = IFCCOLOURRGB('Specular color', 1., 1., 1.);
#1138 = IFCSURFACESTYLE('563b13d3_bdd7_4c3d_9a43_fa1de026c90a', .BOTH., (#1133));
#1139 = IFCPRESENTATIONSTYLEASSIGNMENT((#1138));
#1140 = IFCMATERIAL('563b13d3_bdd7_4c3d_9a43_fa1de026c90a');
#1141 = IFCSTYLEDITEM(#1132, (#1139), $);
#1142 = IFCSTYLEDREPRESENTATION(#106, 'Body', $, (#1141));
#1143 = IFCMATERIALDEFINITIONREPRESENTATION($, $, (#1142), #1140);
#1144 = IFCOPENSHELL((#1150, #1155, #1159, #1163, #1167, #1172, #1176, #1180, #1183, #1187, #1191, #1196, #1201, #1205, #1208, #1212, #1215, #1219, #1223, #1227, #1232, #1236, #1239, #1243, #1246, #1250, #1253, #1257, #1261, #1266, #1269, #1272, #1276, #1279, #1283, #1286, #1290, #1293, #1297, #1300, #1304, #1308, #1312, #1315, #1319, #1322, #1326, #1329, #1333, #1336, #1340, #1345, #1348, #1351, #1355, #1358, #1362, #1365, #1369, #1374, #1377, #1380, #1384, #1387, #1391, #1396, #1399, #1403, #1406, #1411, #1414, #1420, #1425, #1428, #1432, #1437, #1442, #1447, #1450, #1453, #1456, #1459, #1462, #1465, #1468, #1472, #1476, #1480, #1483, #1486, #1490, #1493, #1497, #1501, #1505, #1510, #1514, #1517, #1520, #1524, #1527, #1531, #1535, #1538, #1541, #1545, #1549, #1553, #1557, #1563, #1566, #1569, #1573, #1577, #1580, #1585, #1589, #1593, #1596, #1599, #1602, #1605, #1608, #1613, #1619, #1622, #1625, #1628, #1631, #1635, #1639, #1644, #1647, #1651, #1654, #1657, #1662, #1666, #1669, #1673, #1679, #1683, #1686, #1690, #1693, #1697, #1700, #1704, #1710, #1714, #1717, #1720, #1723, #1727, #1731, #1736, #1739, #1742, #1747, #1750, #1754, #1758, #1762, #1766, #1769, #1774, #1777, #1781, #1784, #1787, #1791, #1794, #1798, #1803, #1806, #1810, #1814, #1818, #1821, #1826, #1829, #1833, #1836, #1839, #1842, #1845, #1848, #1851, #1854, #1857, #1860, #1863, #1866, #1869, #1872, #1875, #1878, #1881, #1884));
#1145 = IFCPOLYLOOP((#1146, #1147, #1148));
#1146 = IFCCARTESIANPOINT((2.3319185256958E-2, -3.71120910644531E-2, 1.80010604858398E-1));
#1147 = IFCCARTESIANPOINT((1.1010853767395E-2, -2.09294300079346E-2, 1.52790710449219E-1));
#1148 = IFCCARTESIANPOINT((2.69686031341553E-2, -3.09731254577637E-2, 1.81138610839844E-1));
#1149 = IFCFACEOUTERBOUND(#1145, .T.);
#1150 = IFCFACE((#1149));
#1151 = IFCPOLYLOOP((#1152, #1153, #1146));
#1152 = IFCCARTESIANPOINT((1.82533740997314E-2, -4.44139366149902E-2, 1.78897430419922E-1));
#1153 = IFCCARTESIANPOINT((5.45867443084717E-3, -2.7744499206543E-2, 1.52364471435547E-1));
#1154 = IFCFACEOUTERBOUND(#1151, .T.);
#1155 = IFCFACE((#1154));
#1156 = IFCPOLYLOOP((#1157, #1153, #1152));
#1157 = IFCCARTESIANPOINT((-7.93303370475769E-4, -3.54819145202637E-2, 1.51591720581055E-1));
#1158 = IFCFACEOUTERBOUND(#1156, .T.);
#1159 = IFCFACE((#1158));
#1160 = IFCPOLYLOOP((#1152, #1161, #1157));
#1161 = IFCCARTESIANPOINT((1.19629049301147E-2, -5.21286926269531E-2, 1.78062408447266E-1));
#1162 = IFCFACEOUTERBOUND(#1160, .T.);
#1163 = IFCFACE((#1162));
#1164 = IFCPOLYLOOP((#1157, #1161, #1165));
#1165 = IFCCARTESIANPOINT((5.41491794586182E-3, -5.87975654602051E-2, 1.77794342041016E-1));
#1166 = IFCFACEOUTERBOUND(#1164, .T.);
#1167 = IFCFACE((#1166));
#1168 = IFCPOLYLOOP((#1169, #1148, #1170));
#1169 = IFCCARTESIANPOINT((3.79287071228027E-2, -4.57304191589355E-2, 2.09028076171875E-1));
#1170 = IFCCARTESIANPOINT((3.96137886047363E-2, -3.88700218200684E-2, 2.11132186889648E-1));
#1171 = IFCFACEOUTERBOUND(#1168, .T.);
#1172 = IFCFACE((#1171));
#1173 = IFCPOLYLOOP((#1174, #1146, #1169));
#1174 = IFCCARTESIANPOINT((3.51682090759277E-2, -5.27589912414551E-2, 2.07245513916016E-1));
#1175 = IFCFACEOUTERBOUND(#1173, .T.);
#1176 = IFCFACE((#1175));
#1177 = IFCPOLYLOOP((#1178, #1152, #1174));
#1178 = IFCCARTESIANPOINT((3.07255992889404E-2, -6.06751861572266E-2, 2.05756378173828E-1));
#1179 = IFCFACEOUTERBOUND(#1177, .T.);
#1180 = IFCFACE((#1179));
#1181 = IFCPOLYLOOP((#1161, #1152, #1178));
#1182 = IFCFACEOUTERBOUND(#1181, .T.);
#1183 = IFCFACE((#1182));
#1184 = IFCPOLYLOOP((#1178, #1185, #1161));
#1185 = IFCCARTESIANPOINT((2.45146923065186E-2, -6.84571380615234E-2, 2.05063064575195E-1));
#1186 = IFCFACEOUTERBOUND(#1184, .T.);
#1187 = IFCFACE((#1186));
#1188 = IFCPOLYLOOP((#1189, #1165, #1185));
#1189 = IFCCARTESIANPOINT((1.73314342498779E-2, -7.4486946105957E-2, 2.05575286865234E-1));
#1190 = IFCFACEOUTERBOUND(#1188, .T.);
#1191 = IFCFACE((#1190));
#1192 = IFCPOLYLOOP((#1193, #1194, #1189));
#1193 = IFCCARTESIANPOINT((1.04391164779663E-2, -7.79151458740234E-2, 2.07152420043945E-1));
#1194 = IFCCARTESIANPOINT((-2.82304555177689E-4, -6.34084739685059E-2, 1.78124160766602E-1));
#1195 = IFCFACEOUTERBOUND(#1192, .T.);
#1196 = IFCFACE((#1195));
#1197 = IFCPOLYLOOP((#1198, #1169, #1199));
#1198 = IFCCARTESIANPOINT((4.80726203918457E-2, -5.96454849243164E-2, 2.37186569213867E-1));
#1199 = IFCCARTESIANPOINT((4.86831893920898E-2, -5.16655006408691E-2, 2.39943405151367E-1));
#1200 = IFCFACEOUTERBOUND(#1197, .T.);
#1201 = IFCFACE((#1200));
#1202 = IFCPOLYLOOP((#1203, #1174, #1198));
#1203 = IFCCARTESIANPOINT((4.61553268432617E-2, -6.75275115966797E-2, 2.34964111328125E-1));
#1204 = IFCFACEOUTERBOUND(#1202, .T.);
#1205 = IFCFACE((#1204));
#1206 = IFCPOLYLOOP((#1178, #1174, #1203));
#1207 = IFCFACEOUTERBOUND(#1206, .T.);
#1208 = IFCFACE((#1207));
#1209 = IFCPOLYLOOP((#1203, #1210, #1178));
#1210 = IFCCARTESIANPOINT((4.23220634460449E-2, -7.60341796875E-2, 2.33270172119141E-1));
#1211 = IFCFACEOUTERBOUND(#1209, .T.);
#1212 = IFCFACE((#1211));
#1213 = IFCPOLYLOOP((#1185, #1178, #1210));
#1214 = IFCFACEOUTERBOUND(#1213, .T.);
#1215 = IFCFACE((#1214));
#1216 = IFCPOLYLOOP((#1210, #1217, #1185));
#1217 = IFCCARTESIANPOINT((3.62279739379883E-2, -8.38952560424805E-2, 2.32771087646484E-1));
#1218 = IFCFACEOUTERBOUND(#1216, .T.);
#1219 = IFCFACE((#1218));
#1220 = IFCPOLYLOOP((#1221, #1189, #1217));
#1221 = IFCCARTESIANPOINT((2.85024719238281E-2, -8.93539428710938E-2, 2.33935546875E-1));
#1222 = IFCFACEOUTERBOUND(#1220, .T.);
#1223 = IFCFACE((#1222));
#1224 = IFCPOLYLOOP((#1225, #1193, #1221));
#1225 = IFCCARTESIANPOINT((2.05430355072021E-2, -9.17172393798828E-2, 2.3647282409668E-1));
#1226 = IFCFACEOUTERBOUND(#1224, .T.);
#1227 = IFCFACE((#1226));
#1228 = IFCPOLYLOOP((#1229, #1198, #1230));
#1229 = IFCCARTESIANPOINT((5.75013465881348E-2, -7.30414276123047E-2, 2.66948547363281E-1));
#1230 = IFCCARTESIANPOINT((5.72329788208008E-2, -6.41211318969727E-2, 2.70203460693359E-1));
#1231 = IFCFACEOUTERBOUND(#1228, .T.);
#1232 = IFCFACE((#1231));
#1233 = IFCPOLYLOOP((#1234, #1203, #1229));
#1234 = IFCCARTESIANPOINT((5.62723579406738E-2, -8.16239929199219E-2, 2.64399566650391E-1));
#1235 = IFCFACEOUTERBOUND(#1233, .T.);
#1236 = IFCFACE((#1235));
#1237 = IFCPOLYLOOP((#1210, #1203, #1234));
#1238 = IFCFACEOUTERBOUND(#1237, .T.);
#1239 = IFCFACE((#1238));
#1240 = IFCPOLYLOOP((#1234, #1241, #1210));
#1241 = IFCCARTESIANPOINT((5.29365310668945E-2, -9.05974960327148E-2, 2.62557708740234E-1));
#1242 = IFCFACEOUTERBOUND(#1240, .T.);
#1243 = IFCFACE((#1242));
#1244 = IFCPOLYLOOP((#1217, #1210, #1241));
#1245 = IFCFACEOUTERBOUND(#1244, .T.);
#1246 = IFCFACE((#1245));
#1247 = IFCPOLYLOOP((#1241, #1248, #1217));
#1248 = IFCCARTESIANPOINT((4.69413681030273E-2, -9.84960327148438E-2, 2.62192474365234E-1));
#1249 = IFCFACEOUTERBOUND(#1247, .T.);
#1250 = IFCFACE((#1249));
#1251 = IFCPOLYLOOP((#1221, #1217, #1248));
#1252 = IFCFACEOUTERBOUND(#1251, .T.);
#1253 = IFCFACE((#1252));
#1254 = IFCPOLYLOOP((#1248, #1255, #1221));
#1255 = IFCCARTESIANPOINT((3.8784351348877E-2, -1.03467964172363E-1, 2.63792816162109E-1));
#1256 = IFCFACEOUTERBOUND(#1254, .T.);
#1257 = IFCFACE((#1256));
#1258 = IFCPOLYLOOP((#1259, #1225, #1255));
#1259 = IFCCARTESIANPOINT((2.99728298187256E-2, -1.04962684631348E-1, 2.66951751708984E-1));
#1260 = IFCFACEOUTERBOUND(#1258, .T.);
#1261 = IFCFACE((#1260));
#1262 = IFCPOLYLOOP((#1230, #1263, #1264));
#1263 = IFCCARTESIANPOINT((6.48441162109375E-2, -7.57936248779297E-2, 3.00878692626953E-1));
#1264 = IFCCARTESIANPOINT((6.56519241333008E-2, -8.53126220703125E-2, 2.97240600585938E-1));
#1265 = IFCFACEOUTERBOUND(#1262, .T.);
#1266 = IFCFACE((#1265));
#1267 = IFCPOLYLOOP((#1264, #1229, #1230));
#1268 = IFCFACEOUTERBOUND(#1267, .T.);
#1269 = IFCFACE((#1268));
#1270 = IFCPOLYLOOP((#1234, #1229, #1264));
#1271 = IFCFACEOUTERBOUND(#1270, .T.);
#1272 = IFCFACE((#1271));
#1273 = IFCPOLYLOOP((#1264, #1274, #1234));
#1274 = IFCCARTESIANPOINT((6.48356475830078E-2, -9.43142623901367E-2, 2.94424987792969E-1));
#1275 = IFCFACEOUTERBOUND(#1273, .T.);
#1276 = IFCFACE((#1275));
#1277 = IFCPOLYLOOP((#1241, #1234, #1274));
#1278 = IFCFACEOUTERBOUND(#1277, .T.);
#1279 = IFCFACE((#1278));
#1280 = IFCPOLYLOOP((#1274, #1281, #1241));
#1281 = IFCCARTESIANPOINT((6.17870407104492E-2, -1.03533218383789E-1, 2.92417633056641E-1));
#1282 = IFCFACEOUTERBOUND(#1280, .T.);
#1283 = IFCFACE((#1282));
#1284 = IFCPOLYLOOP((#1248, #1241, #1281));
#1285 = IFCFACEOUTERBOUND(#1284, .T.);
#1286 = IFCFACE((#1285));
#1287 = IFCPOLYLOOP((#1281, #1288, #1248));
#1288 = IFCCARTESIANPOINT((5.58327369689941E-2, -1.11394371032715E-1, 2.92036651611328E-1));
#1289 = IFCFACEOUTERBOUND(#1287, .T.);
#1290 = IFCFACE((#1289));
#1291 = IFCPOLYLOOP((#1255, #1248, #1288));
#1292 = IFCFACEOUTERBOUND(#1291, .T.);
#1293 = IFCFACE((#1292));
#1294 = IFCPOLYLOOP((#1288, #1295, #1255));
#1295 = IFCCARTESIANPOINT((4.74013061523438E-2, -1.16016593933105E-1, 2.93770751953125E-1));
#1296 = IFCFACEOUTERBOUND(#1294, .T.);
#1297 = IFCFACE((#1296));
#1298 = IFCPOLYLOOP((#1259, #1255, #1295));
#1299 = IFCFACEOUTERBOUND(#1298, .T.);
#1300 = IFCFACE((#1299));
#1301 = IFCPOLYLOOP((#1295, #1302, #1259));
#1302 = IFCCARTESIANPOINT((3.8074462890625E-2, -1.16960067749023E-1, 2.97147125244141E-1));
#1303 = IFCFACEOUTERBOUND(#1301, .T.);
#1304 = IFCFACE((#1303));
#1305 = IFCPOLYLOOP((#1274, #1264, #1306));
#1306 = IFCCARTESIANPOINT((7.23197174072266E-2, -9.62508697509766E-2, 3.27071899414063E-1));
#1307 = IFCFACEOUTERBOUND(#1305, .T.);
#1308 = IFCFACE((#1307));
#1309 = IFCPOLYLOOP((#1306, #1310, #1274));
#1310 = IFCCARTESIANPOINT((7.1615837097168E-2, -1.05359848022461E-1, 3.24011535644531E-1));
#1311 = IFCFACEOUTERBOUND(#1309, .T.);
#1312 = IFCFACE((#1311));
#1313 = IFCPOLYLOOP((#1281, #1274, #1310));
#1314 = IFCFACEOUTERBOUND(#1313, .T.);
#1315 = IFCFACE((#1314));
#1316 = IFCPOLYLOOP((#1310, #1317, #1281));
#1317 = IFCCARTESIANPOINT((6.86254653930664E-2, -1.14586166381836E-1, 3.21782653808594E-1));
#1318 = IFCFACEOUTERBOUND(#1316, .T.);
#1319 = IFCFACE((#1318));
#1320 = IFCPOLYLOOP((#1288, #1281, #1317));
#1321 = IFCFACEOUTERBOUND(#1320, .T.);
#1322 = IFCFACE((#1321));
#1323 = IFCPOLYLOOP((#1317, #1324, #1288));
#1324 = IFCCARTESIANPOINT((6.26480026245117E-2, -1.22338188171387E-1, 3.21211181640625E-1));
#1325 = IFCFACEOUTERBOUND(#1323, .T.);
#1326 = IFCFACE((#1325));
#1327 = IFCPOLYLOOP((#1295, #1288, #1324));
#1328 = IFCFACEOUTERBOUND(#1327, .T.);
#1329 = IFCFACE((#1328));
#1330 = IFCPOLYLOOP((#1324, #1331, #1295));
#1331 = IFCCARTESIANPOINT((5.41105918884277E-2, -1.26770469665527E-1, 3.22781158447266E-1));
#1332 = IFCFACEOUTERBOUND(#1330, .T.);
#1333 = IFCFACE((#1332));
#1334 = IFCPOLYLOOP((#1302, #1295, #1331));
#1335 = IFCFACEOUTERBOUND(#1334, .T.);
#1336 = IFCFACE((#1335));
#1337 = IFCPOLYLOOP((#1331, #1338, #1302));
#1338 = IFCCARTESIANPOINT((4.46304359436035E-2, -1.27513496398926E-1, 3.26006805419922E-1));
#1339 = IFCFACEOUTERBOUND(#1337, .T.);
#1340 = IFCFACE((#1339));
#1341 = IFCPOLYLOOP((#1306, #1342, #1343));
#1342 = IFCCARTESIANPOINT((7.79450073242188E-2, -1.06671722412109E-1, 3.57925170898438E-1));
#1343 = IFCCARTESIANPOINT((7.70818405151367E-2, -1.15600631713867E-1, 3.54610198974609E-1));
#1344 = IFCFACEOUTERBOUND(#1341, .T.);
#1345 = IFCFACE((#1344));
#1346 = IFCPOLYLOOP((#1343, #1310, #1306));
#1347 = IFCFACEOUTERBOUND(#1346, .T.);
#1348 = IFCFACE((#1347));
#1349 = IFCPOLYLOOP((#1317, #1310, #1343));
#1350 = IFCFACEOUTERBOUND(#1349, .T.);
#1351 = IFCFACE((#1350));
#1352 = IFCPOLYLOOP((#1343, #1353, #1317));
#1353 = IFCCARTESIANPOINT((7.39460678100586E-2, -1.24619209289551E-1, 3.52079345703125E-1));
#1354 = IFCFACEOUTERBOUND(#1352, .T.);
#1355 = IFCFACE((#1354));
#1356 = IFCPOLYLOOP((#1324, #1317, #1353));
#1357 = IFCFACEOUTERBOUND(#1356, .T.);
#1358 = IFCFACE((#1357));
#1359 = IFCPOLYLOOP((#1353, #1360, #1324));
#1360 = IFCCARTESIANPOINT((6.78952407836914E-2, -1.32205474853516E-1, 3.51138366699219E-1));
#1361 = IFCFACEOUTERBOUND(#1359, .T.);
#1362 = IFCFACE((#1361));
#1363 = IFCPOLYLOOP((#1331, #1324, #1360));
#1364 = IFCFACEOUTERBOUND(#1363, .T.);
#1365 = IFCFACE((#1364));
#1366 = IFCPOLYLOOP((#1360, #1367, #1331));
#1367 = IFCCARTESIANPOINT((5.94150466918945E-2, -1.36608108520508E-1, 3.52272094726563E-1));
#1368 = IFCFACEOUTERBOUND(#1366, .T.);
#1369 = IFCFACE((#1368));
#1370 = IFCPOLYLOOP((#1343, #1371, #1372));
#1371 = IFCCARTESIANPOINT((8.13011932373047E-2, -1.25292945861816E-1, 3.86018859863281E-1));
#1372 = IFCCARTESIANPOINT((7.78536071777344E-2, -1.33925537109375E-1, 3.83113830566406E-1));
#1373 = IFCFACEOUTERBOUND(#1370, .T.);
#1374 = IFCFACE((#1373));
#1375 = IFCPOLYLOOP((#1372, #1353, #1343));
#1376 = IFCFACEOUTERBOUND(#1375, .T.);
#1377 = IFCFACE((#1376));
#1378 = IFCPOLYLOOP((#1360, #1353, #1372));
#1379 = IFCFACEOUTERBOUND(#1378, .T.);
#1380 = IFCFACE((#1379));
#1381 = IFCPOLYLOOP((#1372, #1382, #1360));
#1382 = IFCCARTESIANPOINT((7.17083740234375E-2, -1.41324172973633E-1, 3.81646087646484E-1));
#1383 = IFCFACEOUTERBOUND(#1381, .T.);
#1384 = IFCFACE((#1383));
#1385 = IFCPOLYLOOP((#1367, #1360, #1382));
#1386 = IFCFACEOUTERBOUND(#1385, .T.);
#1387 = IFCFACE((#1386));
#1388 = IFCPOLYLOOP((#1382, #1389, #1367));
#1389 = IFCCARTESIANPOINT((6.34574928283691E-2, -1.45878326416016E-1, 3.82113494873047E-1));
#1390 = IFCFACEOUTERBOUND(#1388, .T.);
#1391 = IFCFACE((#1390));
#1392 = IFCPOLYLOOP((#1371, #1393, #1394));
#1393 = IFCCARTESIANPOINT((8.48355865478516E-2, -1.32384231567383E-1, 4.16940734863281E-1));
#1394 = IFCCARTESIANPOINT((8.05617370605469E-2, -1.42932357788086E-1, 4.14590850830078E-1));
#1395 = IFCFACEOUTERBOUND(#1392, .T.);
#1396 = IFCFACE((#1395));
#1397 = IFCPOLYLOOP((#1394, #1372, #1371));
#1398 = IFCFACEOUTERBOUND(#1397, .T.);
#1399 = IFCFACE((#1398));
#1400 = IFCPOLYLOOP((#1372, #1394, #1401));
#1401 = IFCCARTESIANPOINT((7.43493118286133E-2, -1.50175964355469E-1, 4.12490325927734E-1));
#1402 = IFCFACEOUTERBOUND(#1400, .T.);
#1403 = IFCFACE((#1402));
#1404 = IFCPOLYLOOP((#1401, #1382, #1372));
#1405 = IFCFACEOUTERBOUND(#1404, .T.);
#1406 = IFCFACE((#1405));
#1407 = IFCPOLYLOOP((#1394, #1408, #1409));
#1408 = IFCCARTESIANPOINT((8.23930130004883E-2, -1.52200897216797E-1, 4.46113800048828E-1));
#1409 = IFCCARTESIANPOINT((7.6207893371582E-2, -1.59396179199219E-1, 4.43355194091797E-1));
#1410 = IFCFACEOUTERBOUND(#1407, .T.);
#1411 = IFCFACE((#1410));
#1412 = IFCPOLYLOOP((#1409, #1401, #1394));
#1413 = IFCFACEOUTERBOUND(#1412, .T.);
#1414 = IFCFACE((#1413));
#1415 = IFCPOLYLOOP((#1416, #1417, #1418));
#1416 = IFCCARTESIANPOINT((2.37398071289063E-2, -1.53047971725464E-2, 1.63728256225586E-1));
#1417 = IFCCARTESIANPOINT((2.75740203857422E-2, -1.67120094299316E-2, 1.71583862304688E-1));
#1418 = IFCCARTESIANPOINT((2.74955787658691E-2, -1.76057205200195E-2, 1.72246948242188E-1));
#1419 = IFCFACEOUTERBOUND(#1415, .T.);
#1420 = IFCFACE((#1419));
#1421 = IFCPOLYLOOP((#1422, #1418, #1423));
#1422 = IFCCARTESIANPOINT((2.98019142150879E-2, -2.52739849090576E-2, 1.82336669921875E-1));
#1423 = IFCCARTESIANPOINT((3.29210090637207E-2, -2.40169372558594E-2, 1.88610870361328E-1));
#1424 = IFCFACEOUTERBOUND(#1421, .T.);
#1425 = IFCFACE((#1424));
#1426 = IFCPOLYLOOP((#1423, #1170, #1422));
#1427 = IFCFACEOUTERBOUND(#1426, .T.);
#1428 = IFCFACE((#1427));
#1429 = IFCPOLYLOOP((#1170, #1423, #1430));
#1430 = IFCCARTESIANPOINT((3.85086898803711E-2, -3.16426582336426E-2, 2.07141326904297E-1));
#1431 = IFCFACEOUTERBOUND(#1429, .T.);
#1432 = IFCFACE((#1431));
#1433 = IFCPOLYLOOP((#1147, #1434, #1435));
#1434 = IFCCARTESIANPOINT((3.54901790618896E-3, -1.06050806045532E-2, 1.35621505737305E-1));
#1435 = IFCCARTESIANPOINT((1.03935804367065E-2, -9.92294788360596E-3, 1.41812545776367E-1));
#1436 = IFCFACEOUTERBOUND(#1433, .T.);
#1437 = IFCFACE((#1436));
#1438 = IFCPOLYLOOP((#1439, #1440, #1435));
#1439 = IFCCARTESIANPOINT((2.00384407043457E-2, -1.37134656906128E-2, 1.5686637878418E-1));
#1440 = IFCCARTESIANPOINT((1.54241323471069E-2, -1.55367879867554E-2, 1.52933776855469E-1));
#1441 = IFCFACEOUTERBOUND(#1438, .T.);
#1442 = IFCFACE((#1441));
#1443 = IFCPOLYLOOP((#1153, #1444, #1445));
#1444 = IFCCARTESIANPOINT((-6.72359704971313E-3, -1.95857315063477E-2, 1.32906097412109E-1));
#1445 = IFCCARTESIANPOINT((-4.36155128479004E-3, -1.46837024688721E-2, 1.31384674072266E-1));
#1446 = IFCFACEOUTERBOUND(#1443, .T.);
#1447 = IFCFACE((#1446));
#1448 = IFCPOLYLOOP((#1445, #1434, #1153));
#1449 = IFCFACEOUTERBOUND(#1448, .T.);
#1450 = IFCFACE((#1449));
#1451 = IFCPOLYLOOP((#1440, #1147, #1435));
#1452 = IFCFACEOUTERBOUND(#1451, .T.);
#1453 = IFCFACE((#1452));
#1454 = IFCPOLYLOOP((#1439, #1416, #1422));
#1455 = IFCFACEOUTERBOUND(#1454, .T.);
#1456 = IFCFACE((#1455));
#1457 = IFCPOLYLOOP((#1418, #1422, #1416));
#1458 = IFCFACEOUTERBOUND(#1457, .T.);
#1459 = IFCFACE((#1458));
#1460 = IFCPOLYLOOP((#1439, #1148, #1440));
#1461 = IFCFACEOUTERBOUND(#1460, .T.);
#1462 = IFCFACE((#1461));
#1463 = IFCPOLYLOOP((#1422, #1148, #1439));
#1464 = IFCFACEOUTERBOUND(#1463, .T.);
#1465 = IFCFACE((#1464));
#1466 = IFCPOLYLOOP((#1434, #1147, #1153));
#1467 = IFCFACEOUTERBOUND(#1466, .T.);
#1468 = IFCFACE((#1467));
#1469 = IFCPOLYLOOP((#1430, #1470, #1170));
#1470 = IFCCARTESIANPOINT((4.4503719329834E-2, -4.0370189666748E-2, 2.28047409057617E-1));
#1471 = IFCFACEOUTERBOUND(#1469, .T.);
#1472 = IFCFACE((#1471));
#1473 = IFCPOLYLOOP((#1199, #1470, #1474));
#1474 = IFCCARTESIANPOINT((5.44125709533691E-2, -5.59569129943848E-2, 2.64190612792969E-1));
#1475 = IFCFACEOUTERBOUND(#1473, .T.);
#1476 = IFCFACE((#1475));
#1477 = IFCPOLYLOOP((#1474, #1478, #1230));
#1478 = IFCCARTESIANPOINT((5.98166580200195E-2, -6.51559295654297E-2, 2.84360717773438E-1));
#1479 = IFCFACEOUTERBOUND(#1477, .T.);
#1480 = IFCFACE((#1479));
#1481 = IFCPOLYLOOP((#1470, #1199, #1170));
#1482 = IFCFACEOUTERBOUND(#1481, .T.);
#1483 = IFCFACE((#1482));
#1484 = IFCPOLYLOOP((#1230, #1199, #1474));
#1485 = IFCFACEOUTERBOUND(#1484, .T.);
#1486 = IFCFACE((#1485));
#1487 = IFCPOLYLOOP((#1230, #1478, #1488));
#1488 = IFCCARTESIANPOINT((6.05582237243652E-2, -6.64912567138672E-2, 2.87094482421875E-1));
#1489 = IFCFACEOUTERBOUND(#1487, .T.);
#1490 = IFCFACE((#1489));
#1491 = IFCPOLYLOOP((#1488, #1263, #1230));
#1492 = IFCFACEOUTERBOUND(#1491, .T.);
#1493 = IFCFACE((#1492));
#1494 = IFCPOLYLOOP((#1495, #1264, #1263));
#1495 = IFCCARTESIANPOINT((7.05663070678711E-2, -8.50979080200195E-2, 3.27314453125E-1));
#1496 = IFCFACEOUTERBOUND(#1494, .T.);
#1497 = IFCFACE((#1496));
#1498 = IFCPOLYLOOP((#1488, #1499, #1263));
#1499 = IFCCARTESIANPOINT((6.57998580932617E-2, -7.57817459106445E-2, 3.0773681640625E-1));
#1500 = IFCFACEOUTERBOUND(#1498, .T.);
#1501 = IFCFACE((#1500));
#1502 = IFCPOLYLOOP((#1503, #1488, #1478));
#1503 = IFCCARTESIANPOINT((6.00947685241699E-2, -6.51938018798828E-2, 2.86278289794922E-1));
#1504 = IFCFACEOUTERBOUND(#1502, .T.);
#1505 = IFCFACE((#1504));
#1506 = IFCPOLYLOOP((#1507, #1157, #1508));
#1507 = IFCCARTESIANPOINT((-8.89674472808838E-3, -2.45721321105957E-2, 1.34262023925781E-1));
#1508 = IFCCARTESIANPOINT((-1.01991558074951E-2, -3.35880928039551E-2, 1.39204254150391E-1));
#1509 = IFCFACEOUTERBOUND(#1506, .T.);
#1510 = IFCFACE((#1509));
#1511 = IFCPOLYLOOP((#1508, #1157, #1512));
#1512 = IFCCARTESIANPOINT((-8.94978809356689E-3, -4.04269180297852E-2, 1.45823608398438E-1));
#1513 = IFCFACEOUTERBOUND(#1511, .T.);
#1514 = IFCFACE((#1513));
#1515 = IFCPOLYLOOP((#1444, #1153, #1157));
#1516 = IFCFACEOUTERBOUND(#1515, .T.);
#1517 = IFCFACE((#1516));
#1518 = IFCPOLYLOOP((#1157, #1507, #1444));
#1519 = IFCFACEOUTERBOUND(#1518, .T.);
#1520 = IFCFACE((#1519));
#1521 = IFCPOLYLOOP((#1194, #1522, #1165));
#1522 = IFCCARTESIANPOINT((-7.85323572158813E-3, -4.71028900146484E-2, 1.52570587158203E-1));
#1523 = IFCFACEOUTERBOUND(#1521, .T.);
#1524 = IFCFACE((#1523));
#1525 = IFCPOLYLOOP((#1165, #1522, #1512));
#1526 = IFCFACEOUTERBOUND(#1525, .T.);
#1527 = IFCFACE((#1526));
#1528 = IFCPOLYLOOP((#1529, #1194, #1193));
#1529 = IFCCARTESIANPOINT((-9.35785293579102E-4, -6.66322479248047E-2, 1.82353515625E-1));
#1530 = IFCFACEOUTERBOUND(#1528, .T.);
#1531 = IFCFACE((#1530));
#1532 = IFCPOLYLOOP((#1533, #1522, #1194));
#1533 = IFCCARTESIANPOINT((-5.85756349563599E-3, -5.75323600769043E-2, 1.65348815917969E-1));
#1534 = IFCFACEOUTERBOUND(#1532, .T.);
#1535 = IFCFACE((#1534));
#1536 = IFCPOLYLOOP((#1157, #1165, #1512));
#1537 = IFCFACEOUTERBOUND(#1536, .T.);
#1538 = IFCFACE((#1537));
#1539 = IFCPOLYLOOP((#1533, #1194, #1529));
#1540 = IFCFACEOUTERBOUND(#1539, .T.);
#1541 = IFCFACE((#1540));
#1542 = IFCPOLYLOOP((#1529, #1193, #1543));
#1543 = IFCCARTESIANPOINT((4.17513513565063E-3, -7.54007949829102E-2, 2.00636001586914E-1));
#1544 = IFCFACEOUTERBOUND(#1542, .T.);
#1545 = IFCFACE((#1544));
#1546 = IFCPOLYLOOP((#1547, #1193, #1225));
#1547 = IFCCARTESIANPOINT((9.21808052062988E-3, -8.39052047729492E-2, 2.20094223022461E-1));
#1548 = IFCFACEOUTERBOUND(#1546, .T.);
#1549 = IFCFACE((#1548));
#1550 = IFCPOLYLOOP((#1551, #1547, #1225));
#1551 = IFCCARTESIANPOINT((1.36835565567017E-2, -9.09143295288086E-2, 2.37037048339844E-1));
#1552 = IFCFACEOUTERBOUND(#1550, .T.);
#1553 = IFCFACE((#1552));
#1554 = IFCPOLYLOOP((#1302, #1555, #1259));
#1555 = IFCCARTESIANPOINT((2.63750171661377E-2, -1.08726486206055E-1, 2.81535888671875E-1));
#1556 = IFCFACEOUTERBOUND(#1554, .T.);
#1557 = IFCFACE((#1556));
#1558 = IFCPOLYLOOP((#1559, #1560, #1561));
#1559 = IFCCARTESIANPOINT((3.17881011962891E-2, -1.16774391174316E-1, 3.02803344726563E-1));
#1560 = IFCCARTESIANPOINT((3.19075660705566E-2, -1.16124725341797E-1, 3.00310699462891E-1));
#1561 = IFCCARTESIANPOINT((3.28445701599121E-2, -1.17245292663574E-1, 3.03051177978516E-1));
#1562 = IFCFACEOUTERBOUND(#1558, .T.);
#1563 = IFCFACE((#1562));
#1564 = IFCPOLYLOOP((#1302, #1561, #1560));
#1565 = IFCFACEOUTERBOUND(#1564, .T.);
#1566 = IFCFACE((#1565));
#1567 = IFCPOLYLOOP((#1560, #1555, #1302));
#1568 = IFCFACEOUTERBOUND(#1567, .T.);
#1569 = IFCFACE((#1568));
#1570 = IFCPOLYLOOP((#1571, #1561, #1302));
#1571 = IFCCARTESIANPOINT((3.90161476135254E-2, -1.24797340393066E-1, 3.21985931396484E-1));
#1572 = IFCFACEOUTERBOUND(#1570, .T.);
#1573 = IFCFACE((#1572));
#1574 = IFCPOLYLOOP((#1575, #1225, #1259));
#1575 = IFCCARTESIANPOINT((1.89402084350586E-2, -9.87059555053711E-2, 2.56531036376953E-1));
#1576 = IFCFACEOUTERBOUND(#1574, .T.);
#1577 = IFCFACE((#1576));
#1578 = IFCPOLYLOOP((#1551, #1225, #1575));
#1579 = IFCFACEOUTERBOUND(#1578, .T.);
#1580 = IFCFACE((#1579));
#1581 = IFCPOLYLOOP((#1582, #1583, #1555));
#1582 = IFCCARTESIANPOINT((2.51881694793701E-2, -1.08026016235352E-1, 2.80664703369141E-1));
#1583 = IFCCARTESIANPOINT((2.54631958007813E-2, -1.0759300994873E-1, 2.78769470214844E-1));
#1584 = IFCFACEOUTERBOUND(#1581, .T.);
#1585 = IFCFACE((#1584));
#1586 = IFCPOLYLOOP((#1259, #1583, #1587));
#1587 = IFCCARTESIANPOINT((1.98218383789063E-2, -9.98267059326172E-2, 2.59242309570313E-1));
#1588 = IFCFACEOUTERBOUND(#1586, .T.);
#1589 = IFCFACE((#1588));
#1590 = IFCPOLYLOOP((#1575, #1587, #1591));
#1591 = IFCCARTESIANPOINT((1.8796745300293E-2, -9.9325325012207E-2, 2.5876025390625E-1));
#1592 = IFCFACEOUTERBOUND(#1590, .T.);
#1593 = IFCFACE((#1592));
#1594 = IFCPOLYLOOP((#1587, #1575, #1259));
#1595 = IFCFACEOUTERBOUND(#1594, .T.);
#1596 = IFCFACE((#1595));
#1597 = IFCPOLYLOOP((#1259, #1555, #1583));
#1598 = IFCFACEOUTERBOUND(#1597, .T.);
#1599 = IFCFACE((#1598));
#1600 = IFCPOLYLOOP((#1193, #1547, #1543));
#1601 = IFCFACEOUTERBOUND(#1600, .T.);
#1602 = IFCFACE((#1601));
#1603 = IFCPOLYLOOP((#1263, #1499, #1495));
#1604 = IFCFACEOUTERBOUND(#1603, .T.);
#1605 = IFCFACE((#1604));
#1606 = IFCPOLYLOOP((#1306, #1264, #1495));
#1607 = IFCFACEOUTERBOUND(#1606, .T.);
#1608 = IFCFACE((#1607));
#1609 = IFCPOLYLOOP((#1610, #1495, #1611));
#1610 = IFCCARTESIANPOINT((7.13286743164063E-2, -8.6661735534668E-2, 3.30624176025391E-1));
#1611 = IFCCARTESIANPOINT((7.10621566772461E-2, -8.56528625488281E-2, 3.30377990722656E-1));
#1612 = IFCFACEOUTERBOUND(#1609, .T.);
#1613 = IFCFACE((#1612));
#1614 = IFCPOLYLOOP((#1615, #1616, #1617));
#1615 = IFCCARTESIANPOINT((7.60569686889648E-2, -9.70815582275391E-2, 3.52274597167969E-1));
#1616 = IFCCARTESIANPOINT((7.54444351196289E-2, -9.5620002746582E-2, 3.49349670410156E-1));
#1617 = IFCCARTESIANPOINT((7.58176116943359E-2, -9.59077758789063E-2, 3.52090393066406E-1));
#1618 = IFCFACEOUTERBOUND(#1614, .T.);
#1619 = IFCFACE((#1618));
#1620 = IFCPOLYLOOP((#1610, #1306, #1495));
#1621 = IFCFACEOUTERBOUND(#1620, .T.);
#1622 = IFCFACE((#1621));
#1623 = IFCPOLYLOOP((#1610, #1616, #1306));
#1624 = IFCFACEOUTERBOUND(#1623, .T.);
#1625 = IFCFACE((#1624));
#1626 = IFCPOLYLOOP((#1342, #1306, #1615));
#1627 = IFCFACEOUTERBOUND(#1626, .T.);
#1628 = IFCFACE((#1627));
#1629 = IFCPOLYLOOP((#1616, #1615, #1306));
#1630 = IFCFACEOUTERBOUND(#1629, .T.);
#1631 = IFCFACE((#1630));
#1632 = IFCPOLYLOOP((#1633, #1343, #1342));
#1633 = IFCCARTESIANPOINT((8.16884002685547E-2, -1.13464088439941E-1, 3.83317138671875E-1));
#1634 = IFCFACEOUTERBOUND(#1632, .T.);
#1635 = IFCFACE((#1634));
#1636 = IFCPOLYLOOP((#1342, #1615, #1637));
#1637 = IFCCARTESIANPOINT((7.96528701782227E-2, -1.06726585388184E-1, 3.70818481445313E-1));
#1638 = IFCFACEOUTERBOUND(#1636, .T.);
#1639 = IFCFACE((#1638));
#1640 = IFCPOLYLOOP((#1641, #1637, #1642));
#1641 = IFCCARTESIANPOINT((8.01485366821289E-2, -1.08218948364258E-1, 3.73688690185547E-1));
#1642 = IFCCARTESIANPOINT((8.00062026977539E-2, -1.06852722167969E-1, 3.73684387207031E-1));
#1643 = IFCFACEOUTERBOUND(#1640, .T.);
#1644 = IFCFACE((#1643));
#1645 = IFCPOLYLOOP((#1343, #1633, #1371));
#1646 = IFCFACEOUTERBOUND(#1645, .T.);
#1647 = IFCFACE((#1646));
#1648 = IFCPOLYLOOP((#1649, #1371, #1633));
#1649 = IFCCARTESIANPOINT((8.29747924804688E-2, -1.1876049041748E-1, 3.92912414550781E-1));
#1650 = IFCFACEOUTERBOUND(#1648, .T.);
#1651 = IFCFACE((#1650));
#1652 = IFCPOLYLOOP((#1633, #1342, #1641));
#1653 = IFCFACEOUTERBOUND(#1652, .T.);
#1654 = IFCFACE((#1653));
#1655 = IFCPOLYLOOP((#1637, #1641, #1342));
#1656 = IFCFACEOUTERBOUND(#1655, .T.);
#1657 = IFCFACE((#1656));
#1658 = IFCPOLYLOOP((#1659, #1649, #1660));
#1659 = IFCCARTESIANPOINT((8.33030166625977E-2, -1.20256240844727E-1, 3.95734375E-1));
#1660 = IFCCARTESIANPOINT((8.33098220825195E-2, -1.18602439880371E-1, 3.95529174804688E-1));
#1661 = IFCFACEOUTERBOUND(#1658, .T.);
#1662 = IFCFACE((#1661));
#1663 = IFCPOLYLOOP((#1659, #1664, #1371));
#1664 = IFCCARTESIANPOINT((8.47438354492188E-2, -1.30779861450195E-1, 4.14220275878906E-1));
#1665 = IFCFACEOUTERBOUND(#1663, .T.);
#1666 = IFCFACE((#1665));
#1667 = IFCPOLYLOOP((#1393, #1371, #1664));
#1668 = IFCFACEOUTERBOUND(#1667, .T.);
#1669 = IFCFACE((#1668));
#1670 = IFCPOLYLOOP((#1664, #1671, #1393));
#1671 = IFCCARTESIANPOINT((8.52382125854492E-2, -1.30583709716797E-1, 4.17400115966797E-1));
#1672 = IFCFACEOUTERBOUND(#1670, .T.);
#1673 = IFCFACE((#1672));
#1674 = IFCPOLYLOOP((#1675, #1676, #1677));
#1675 = IFCCARTESIANPOINT((8.50043106079102E-2, -1.44351013183594E-1, 4.39960876464844E-1));
#1676 = IFCCARTESIANPOINT((8.50026016235352E-2, -1.42232192993164E-1, 4.35399017333984E-1));
#1677 = IFCCARTESIANPOINT((8.56299819946289E-2, -1.42368682861328E-1, 4.39309753417969E-1));
#1678 = IFCFACEOUTERBOUND(#1674, .T.);
#1679 = IFCFACE((#1678));
#1680 = IFCPOLYLOOP((#1394, #1681, #1676));
#1681 = IFCCARTESIANPOINT((8.50225524902344E-2, -1.37412445068359E-1, 4.26130859375E-1));
#1682 = IFCFACEOUTERBOUND(#1680, .T.);
#1683 = IFCFACE((#1682));
#1684 = IFCPOLYLOOP((#1681, #1394, #1393));
#1685 = IFCFACEOUTERBOUND(#1684, .T.);
#1686 = IFCFACE((#1685));
#1687 = IFCPOLYLOOP((#1408, #1675, #1688));
#1688 = IFCCARTESIANPOINT((8.4495002746582E-2, -1.53262481689453E-1, 4.58131134033203E-1));
#1689 = IFCFACEOUTERBOUND(#1687, .T.);
#1690 = IFCFACE((#1689));
#1691 = IFCPOLYLOOP((#1394, #1675, #1408));
#1692 = IFCFACEOUTERBOUND(#1691, .T.);
#1693 = IFCFACE((#1692));
#1694 = IFCPOLYLOOP((#1695, #1408, #1688));
#1695 = IFCCARTESIANPOINT((8.42675399780273E-2, -1.56070251464844E-1, 4.64086212158203E-1));
#1696 = IFCFACEOUTERBOUND(#1694, .T.);
#1697 = IFCFACE((#1696));
#1698 = IFCPOLYLOOP((#1676, #1675, #1394));
#1699 = IFCFACEOUTERBOUND(#1698, .T.);
#1700 = IFCFACE((#1699));
#1701 = IFCPOLYLOOP((#1688, #1702, #1695));
#1702 = IFCCARTESIANPOINT((8.51137008666992E-2, -1.53641006469727E-1, 4.62123901367188E-1));
#1703 = IFCFACEOUTERBOUND(#1701, .T.);
#1704 = IFCFACE((#1703));
#1705 = IFCPOLYLOOP((#1706, #1707, #1708));
#1706 = IFCCARTESIANPOINT((8.29606246948242E-2, -1.72162246704102E-1, 4.951982421875E-1));
#1707 = IFCCARTESIANPOINT((7.80981674194336E-2, -1.74698715209961E-1, 4.85188842773438E-1));
#1708 = IFCCARTESIANPOINT((8.35357666015625E-2, -1.64152938842773E-1, 4.80196350097656E-1));
#1709 = IFCFACEOUTERBOUND(#1705, .T.);
#1710 = IFCFACE((#1709));
#1711 = IFCPOLYLOOP((#1708, #1712, #1409));
#1712 = IFCCARTESIANPOINT((7.66073150634766E-2, -1.72394805908203E-1, 4.76324493408203E-1));
#1713 = IFCFACEOUTERBOUND(#1711, .T.);
#1714 = IFCFACE((#1713));
#1715 = IFCPOLYLOOP((#1409, #1408, #1708));
#1716 = IFCFACEOUTERBOUND(#1715, .T.);
#1717 = IFCFACE((#1716));
#1718 = IFCPOLYLOOP((#1408, #1695, #1708));
#1719 = IFCFACEOUTERBOUND(#1718, .T.);
#1720 = IFCFACE((#1719));
#1721 = IFCPOLYLOOP((#1649, #1659, #1371));
#1722 = IFCFACEOUTERBOUND(#1721, .T.);
#1723 = IFCFACE((#1722));
#1724 = IFCPOLYLOOP((#1367, #1725, #1331));
#1725 = IFCCARTESIANPOINT((5.01905136108398E-2, -1.37005142211914E-1, 3.53424743652344E-1));
#1726 = IFCFACEOUTERBOUND(#1724, .T.);
#1727 = IFCFACE((#1726));
#1728 = IFCPOLYLOOP((#1729, #1725, #1367));
#1729 = IFCCARTESIANPOINT((5.32127990722656E-2, -1.40124954223633E-1, 3.6217431640625E-1));
#1730 = IFCFACEOUTERBOUND(#1728, .T.);
#1731 = IFCFACE((#1730));
#1732 = IFCPOLYLOOP((#1729, #1733, #1734));
#1733 = IFCCARTESIANPOINT((5.40803337097168E-2, -1.41062484741211E-1, 3.64911529541016E-1));
#1734 = IFCCARTESIANPOINT((5.27053070068359E-2, -1.40848968505859E-1, 3.64656890869141E-1));
#1735 = IFCFACEOUTERBOUND(#1732, .T.);
#1736 = IFCFACE((#1735));
#1737 = IFCPOLYLOOP((#1733, #1729, #1367));
#1738 = IFCFACEOUTERBOUND(#1737, .T.);
#1739 = IFCFACE((#1738));
#1740 = IFCPOLYLOOP((#1367, #1389, #1733));
#1741 = IFCFACEOUTERBOUND(#1740, .T.);
#1742 = IFCFACE((#1741));
#1743 = IFCPOLYLOOP((#1389, #1744, #1745));
#1744 = IFCCARTESIANPOINT((6.03673133850098E-2, -1.47942260742188E-1, 3.86498352050781E-1));
#1745 = IFCCARTESIANPOINT((5.96971664428711E-2, -1.47093063354492E-1, 3.83703155517578E-1));
#1746 = IFCFACEOUTERBOUND(#1743, .T.);
#1747 = IFCFACE((#1746));
#1748 = IFCPOLYLOOP((#1389, #1745, #1733));
#1749 = IFCFACEOUTERBOUND(#1748, .T.);
#1750 = IFCFACE((#1749));
#1751 = IFCPOLYLOOP((#1745, #1744, #1752));
#1752 = IFCCARTESIANPOINT((5.8856029510498E-2, -1.47867904663086E-1, 3.85859161376953E-1));
#1753 = IFCFACEOUTERBOUND(#1751, .T.);
#1754 = IFCFACE((#1753));
#1755 = IFCPOLYLOOP((#1756, #1389, #1382));
#1756 = IFCCARTESIANPOINT((6.55974273681641E-2, -1.5407893371582E-1, 4.08245086669922E-1));
#1757 = IFCFACEOUTERBOUND(#1755, .T.);
#1758 = IFCFACE((#1757));
#1759 = IFCPOLYLOOP((#1571, #1338, #1760));
#1760 = IFCCARTESIANPOINT((3.9993896484375E-2, -1.25931640625E-1, 3.24747375488281E-1));
#1761 = IFCFACEOUTERBOUND(#1759, .T.);
#1762 = IFCFACE((#1761));
#1763 = IFCPOLYLOOP((#1760, #1764, #1571));
#1764 = IFCCARTESIANPOINT((3.89512329101563E-2, -1.25479309082031E-1, 3.24452514648438E-1));
#1765 = IFCFACEOUTERBOUND(#1763, .T.);
#1766 = IFCFACE((#1765));
#1767 = IFCPOLYLOOP((#1338, #1571, #1302));
#1768 = IFCFACEOUTERBOUND(#1767, .T.);
#1769 = IFCFACE((#1768));
#1770 = IFCPOLYLOOP((#1771, #1772, #1338));
#1771 = IFCCARTESIANPOINT((4.70220069885254E-2, -1.33749816894531E-1, 3.44771667480469E-1));
#1772 = IFCCARTESIANPOINT((4.60377082824707E-2, -1.32709030151367E-1, 3.42069580078125E-1));
#1773 = IFCFACEOUTERBOUND(#1770, .T.);
#1774 = IFCFACE((#1773));
#1775 = IFCPOLYLOOP((#1772, #1760, #1338));
#1776 = IFCFACEOUTERBOUND(#1775, .T.);
#1777 = IFCFACE((#1776));
#1778 = IFCPOLYLOOP((#1771, #1779, #1772));
#1779 = IFCCARTESIANPOINT((4.58073654174805E-2, -1.3337287902832E-1, 3.44491851806641E-1));
#1780 = IFCFACEOUTERBOUND(#1778, .T.);
#1781 = IFCFACE((#1780));
#1782 = IFCPOLYLOOP((#1771, #1338, #1331));
#1783 = IFCFACEOUTERBOUND(#1782, .T.);
#1784 = IFCFACE((#1783));
#1785 = IFCPOLYLOOP((#1771, #1331, #1725));
#1786 = IFCFACEOUTERBOUND(#1785, .T.);
#1787 = IFCFACE((#1786));
#1788 = IFCPOLYLOOP((#1409, #1789, #1401));
#1789 = IFCCARTESIANPOINT((6.97476196289063E-2, -1.60697036743164E-1, 4.32429260253906E-1));
#1790 = IFCFACEOUTERBOUND(#1788, .T.);
#1791 = IFCFACE((#1790));
#1792 = IFCPOLYLOOP((#1708, #1707, #1712));
#1793 = IFCFACEOUTERBOUND(#1792, .T.);
#1794 = IFCFACE((#1793));
#1795 = IFCPOLYLOOP((#1712, #1796, #1409));
#1796 = IFCCARTESIANPOINT((7.37206344604492E-2, -1.67820556640625E-1, 4.58676544189453E-1));
#1797 = IFCFACEOUTERBOUND(#1795, .T.);
#1798 = IFCFACE((#1797));
#1799 = IFCPOLYLOOP((#1706, #1800, #1801));
#1800 = IFCCARTESIANPOINT((8.18146133422852E-2, -1.77275604248047E-1, 5.01050567626953E-1));
#1801 = IFCCARTESIANPOINT((7.96713333129883E-2, -1.76974838256836E-1, 4.94069396972656E-1));
#1802 = IFCFACEOUTERBOUND(#1799, .T.);
#1803 = IFCFACE((#1802));
#1804 = IFCPOLYLOOP((#1706, #1801, #1707));
#1805 = IFCFACEOUTERBOUND(#1804, .T.);
#1806 = IFCFACE((#1805));
#1807 = IFCPOLYLOOP((#1401, #1808, #1756));
#1808 = IFCCARTESIANPOINT((6.91310119628906E-2, -1.59314788818359E-1, 4.27646453857422E-1));
#1809 = IFCFACEOUTERBOUND(#1807, .T.);
#1810 = IFCFACE((#1809));
#1811 = IFCPOLYLOOP((#1744, #1389, #1812));
#1812 = IFCCARTESIANPOINT((6.49259796142578E-2, -1.53320587158203E-1, 4.05383239746094E-1));
#1813 = IFCFACEOUTERBOUND(#1811, .T.);
#1814 = IFCFACE((#1813));
#1815 = IFCPOLYLOOP((#1756, #1816, #1812));
#1816 = IFCCARTESIANPOINT((6.37477607727051E-2, -1.54521118164063E-1, 4.07867126464844E-1));
#1817 = IFCFACEOUTERBOUND(#1815, .T.);
#1818 = IFCFACE((#1817));
#1819 = IFCPOLYLOOP((#1812, #1389, #1756));
#1820 = IFCFACEOUTERBOUND(#1819, .T.);
#1821 = IFCFACE((#1820));
#1822 = IFCPOLYLOOP((#1823, #1824, #1796));
#1823 = IFCCARTESIANPOINT((7.20298614501953E-2, -1.68017395019531E-1, 4.55473083496094E-1));
#1824 = IFCCARTESIANPOINT((7.27871322631836E-2, -1.66090438842773E-1, 4.52346435546875E-1));
#1825 = IFCFACEOUTERBOUND(#1822, .T.);
#1826 = IFCFACE((#1825));
#1827 = IFCPOLYLOOP((#1401, #1789, #1808));
#1828 = IFCFACEOUTERBOUND(#1827, .T.);
#1829 = IFCFACE((#1828));
#1830 = IFCPOLYLOOP((#1808, #1789, #1831));
#1831 = IFCCARTESIANPOINT((6.80294876098633E-2, -1.61049606323242E-1, 4.30736877441406E-1));
#1832 = IFCFACEOUTERBOUND(#1830, .T.);
#1833 = IFCFACE((#1832));
#1834 = IFCPOLYLOOP((#1789, #1409, #1824));
#1835 = IFCFACEOUTERBOUND(#1834, .T.);
#1836 = IFCFACE((#1835));
#1837 = IFCPOLYLOOP((#1824, #1409, #1796));
#1838 = IFCFACEOUTERBOUND(#1837, .T.);
#1839 = IFCFACE((#1838));
#1840 = IFCPOLYLOOP((#1756, #1382, #1401));
#1841 = IFCFACEOUTERBOUND(#1840, .T.);
#1842 = IFCFACE((#1841));
#1843 = IFCPOLYLOOP((#1147, #1440, #1148));
#1844 = IFCFACEOUTERBOUND(#1843, .T.);
#1845 = IFCFACE((#1844));
#1846 = IFCPOLYLOOP((#1153, #1147, #1146));
#1847 = IFCFACEOUTERBOUND(#1846, .T.);
#1848 = IFCFACE((#1847));
#1849 = IFCPOLYLOOP((#1148, #1422, #1170));
#1850 = IFCFACEOUTERBOUND(#1849, .T.);
#1851 = IFCFACE((#1850));
#1852 = IFCPOLYLOOP((#1146, #1148, #1169));
#1853 = IFCFACEOUTERBOUND(#1852, .T.);
#1854 = IFCFACE((#1853));
#1855 = IFCPOLYLOOP((#1152, #1146, #1174));
#1856 = IFCFACEOUTERBOUND(#1855, .T.);
#1857 = IFCFACE((#1856));
#1858 = IFCPOLYLOOP((#1165, #1161, #1185));
#1859 = IFCFACEOUTERBOUND(#1858, .T.);
#1860 = IFCFACE((#1859));
#1861 = IFCPOLYLOOP((#1194, #1165, #1189));
#1862 = IFCFACEOUTERBOUND(#1861, .T.);
#1863 = IFCFACE((#1862));
#1864 = IFCPOLYLOOP((#1169, #1170, #1199));
#1865 = IFCFACEOUTERBOUND(#1864, .T.);
#1866 = IFCFACE((#1865));
#1867 = IFCPOLYLOOP((#1174, #1169, #1198));
#1868 = IFCFACEOUTERBOUND(#1867, .T.);
#1869 = IFCFACE((#1868));
#1870 = IFCPOLYLOOP((#1189, #1185, #1217));
#1871 = IFCFACEOUTERBOUND(#1870, .T.);
#1872 = IFCFACE((#1871));
#1873 = IFCPOLYLOOP((#1193, #1189, #1221));
#1874 = IFCFACEOUTERBOUND(#1873, .T.);
#1875 = IFCFACE((#1874));
#1876 = IFCPOLYLOOP((#1198, #1199, #1230));
#1877 = IFCFACEOUTERBOUND(#1876, .T.);
#1878 = IFCFACE((#1877));
#1879 = IFCPOLYLOOP((#1203, #1198, #1229));
#1880 = IFCFACEOUTERBOUND(#1879, .T.);
#1881 = IFCFACE((#1880));
#1882 = IFCPOLYLOOP((#1225, #1221, #1255));
#1883 = IFCFACEOUTERBOUND(#1882, .T.);
#1884 = IFCFACE((#1883));
#1885 = IFCSURFACESTYLERENDERING(#1886, 0., #1887, $, $, #1888, #1889, $, .NOTDEFINED.);
#1886 = IFCCOLOURRGB('Surface color', 0., 4.98039215803146E-1, 0.);
#1887 = IFCCOLOURRGB('Diffuse color', 0., 4.98039215803146E-1, 0.);
#1888 = IFCCOLOURRGB('Reflection color', 1., 1., 1.);
#1889 = IFCCOLOURRGB('Specular color', 1., 1., 1.);
#1890 = IFCSURFACESTYLE('d194c32c_5116_40c1_a141_b5544e73a1b4', .BOTH., (#1885));
#1891 = IFCPRESENTATIONSTYLEASSIGNMENT((#1890));
#1892 = IFCSTYLEDITEM($, (#1891), $);
#1893 = IFCSTYLEDREPRESENTATION(#106, 'Body', $, (#1892));
#1894 = IFCOPENSHELL((#1900, #1904, #1909, #1912, #1917, #1920, #1925, #1928, #1933, #1937, #1941, #1944, #1948, #1951, #1955, #1958, #1962, #1965, #1970, #1973, #1977, #1981, #1985, #1988, #1992, #1995, #1999, #2002, #2006, #2009, #2013, #2016, #2020, #2024, #2028, #2031, #2035, #2038, #2042, #2045, #2049, #2052, #2056, #2059, #2063, #2067, #2071, #2074, #2078, #2081, #2085, #2088, #2092, #2095, #2099, #2102, #2106, #2110, #2113, #2117, #2120, #2124, #2127, #2131, #2134, #2138, #2141, #2145, #2149, #2153, #2156, #2160, #2163, #2167, #2170, #2174, #2177, #2181, #2185, #2189, #2192, #2196, #2199, #2203, #2206, #2210, #2214, #2218, #2221, #2224, #2228, #2232, #2236, #2240, #2245, #2249, #2253, #2256, #2260, #2265, #2269, #2273, #2276, #2279, #2282, #2285, #2288, #2291, #2296, #2301, #2304, #2308, #2311, #2315, #2318, #2322, #2327, #2331, #2334, #2337, #2340, #2345, #2349, #2353, #2356, #2360, #2363, #2366, #2369, #2373, #2377, #2381, #2385, #2388, #2392, #2396, #2401, #2404, #2408, #2411, #2416, #2419, #2423, #2426, #2430, #2434, #2438, #2442, #2445, #2448, #2452, #2456, #2459, #2464, #2468, #2471, #2475, #2479, #2482, #2486, #2490, #2494, #2497, #2501, #2504, #2509, #2512, #2516, #2520, #2526, #2529, #2532, #2535, #2540, #2543, #2547, #2550, #2554, #2559, #2562, #2566, #2569, #2572, #2576, #2579, #2583, #2587, #2592, #2596, #2599, #2602, #2607, #2611, #2615, #2619, #2622, #2625, #2628, #2633, #2636, #2640, #2644, #2648, #2652, #2656, #2660, #2666, #2669, #2673, #2676, #2680, #2684, #2687, #2691, #2694, #2697, #2700));
#1895 = IFCPOLYLOOP((#1896, #1897, #1898));
#1896 = IFCCARTESIANPOINT((-1.21089057922363E-2, 8.66220378875732E-3, 1.73048522949219E-1));
#1897 = IFCCARTESIANPOINT((-1.00802669525146E-2, 4.53336906433105E-3, 1.57881942749023E-1));
#1898 = IFCCARTESIANPOINT((-1.45263223648071E-2, 4.02195739746094E-3, 1.56803558349609E-1));
#1899 = IFCFACEOUTERBOUND(#1895, .T.);
#1900 = IFCFACE((#1899));
#1901 = IFCPOLYLOOP((#1898, #1902, #1896));
#1902 = IFCCARTESIANPOINT((-1.66066417694092E-2, 7.6405291557312E-3, 1.72179321289063E-1));
#1903 = IFCFACEOUTERBOUND(#1901, .T.);
#1904 = IFCFACE((#1903));
#1905 = IFCPOLYLOOP((#1906, #1907, #1897));
#1906 = IFCCARTESIANPOINT((-6.86340522766113E-3, 9.54372978210449E-3, 1.7405973815918E-1));
#1907 = IFCCARTESIANPOINT((-4.87301778793335E-3, 5.12513017654419E-3, 1.59035400390625E-1));
#1908 = IFCFACEOUTERBOUND(#1905, .T.);
#1909 = IFCFACE((#1908));
#1910 = IFCPOLYLOOP((#1897, #1896, #1906));
#1911 = IFCFACEOUTERBOUND(#1910, .T.);
#1912 = IFCFACE((#1911));
#1913 = IFCPOLYLOOP((#1914, #1915, #1907));
#1914 = IFCCARTESIANPOINT((-1.59416556358337E-3, 1.01092538833618E-2, 1.75088226318359E-1));
#1915 = IFCCARTESIANPOINT((3.85664522647858E-4, 5.71879148483276E-3, 1.6009587097168E-1));
#1916 = IFCFACEOUTERBOUND(#1913, .T.);
#1917 = IFCFACE((#1916));
#1918 = IFCPOLYLOOP((#1907, #1906, #1914));
#1919 = IFCFACEOUTERBOUND(#1918, .T.);
#1920 = IFCFACE((#1919));
#1921 = IFCPOLYLOOP((#1922, #1923, #1915));
#1922 = IFCCARTESIANPOINT((3.71877932548523E-3, 1.03106784820557E-2, 1.76156829833984E-1));
#1923 = IFCCARTESIANPOINT((5.72577285766602E-3, 6.32096529006958E-3, 1.61062377929688E-1));
#1924 = IFCFACEOUTERBOUND(#1921, .T.);
#1925 = IFCFACE((#1924));
#1926 = IFCPOLYLOOP((#1915, #1914, #1922));
#1927 = IFCFACEOUTERBOUND(#1926, .T.);
#1928 = IFCFACE((#1927));
#1929 = IFCPOLYLOOP((#1930, #1902, #1931));
#1930 = IFCCARTESIANPOINT((-1.86176471710205E-2, 1.09795789718628E-2, 1.8728923034668E-1));
#1931 = IFCCARTESIANPOINT((-2.05867767333984E-2, 6.48322677612305E-3, 1.71396987915039E-1));
#1932 = IFCFACEOUTERBOUND(#1929, .T.);
#1933 = IFCFACE((#1932));
#1934 = IFCPOLYLOOP((#1931, #1935, #1930));
#1935 = IFCCARTESIANPOINT((-2.26453590393066E-2, 9.12168121337891E-3, 1.86662002563477E-1));
#1936 = IFCFACEOUTERBOUND(#1934, .T.);
#1937 = IFCFACE((#1936));
#1938 = IFCPOLYLOOP((#1939, #1896, #1902));
#1939 = IFCCARTESIANPOINT((-1.40894460678101E-2, 1.25155839920044E-2, 1.88039428710938E-1));
#1940 = IFCFACEOUTERBOUND(#1938, .T.);
#1941 = IFCFACE((#1940));
#1942 = IFCPOLYLOOP((#1902, #1930, #1939));
#1943 = IFCFACEOUTERBOUND(#1942, .T.);
#1944 = IFCFACE((#1943));
#1945 = IFCPOLYLOOP((#1946, #1906, #1896));
#1946 = IFCCARTESIANPOINT((-8.83237361907959E-3, 1.36942224502563E-2, 1.8897492980957E-1));
#1947 = IFCFACEOUTERBOUND(#1945, .T.);
#1948 = IFCFACE((#1947));
#1949 = IFCPOLYLOOP((#1896, #1939, #1946));
#1950 = IFCFACEOUTERBOUND(#1949, .T.);
#1951 = IFCFACE((#1950));
#1952 = IFCPOLYLOOP((#1953, #1914, #1906));
#1953 = IFCCARTESIANPOINT((-3.57479596138E-3, 1.42432403564453E-2, 1.89994766235352E-1));
#1954 = IFCFACEOUTERBOUND(#1952, .T.);
#1955 = IFCFACE((#1954));
#1956 = IFCPOLYLOOP((#1906, #1946, #1953));
#1957 = IFCFACEOUTERBOUND(#1956, .T.);
#1958 = IFCFACE((#1957));
#1959 = IFCPOLYLOOP((#1960, #1922, #1914));
#1960 = IFCCARTESIANPOINT((1.70115101337433E-3, 1.40622777938843E-2, 1.91134902954102E-1));
#1961 = IFCFACEOUTERBOUND(#1959, .T.);
#1962 = IFCFACE((#1961));
#1963 = IFCPOLYLOOP((#1914, #1953, #1960));
#1964 = IFCFACEOUTERBOUND(#1963, .T.);
#1965 = IFCFACE((#1964));
#1966 = IFCPOLYLOOP((#1967, #1968, #1922));
#1967 = IFCCARTESIANPOINT((6.33736801147461E-3, 1.30579614639282E-2, 1.92289016723633E-1));
#1968 = IFCCARTESIANPOINT((8.41513919830322E-3, 1.00660810470581E-2, 1.77153350830078E-1));
#1969 = IFCFACEOUTERBOUND(#1966, .T.);
#1970 = IFCFACE((#1969));
#1971 = IFCPOLYLOOP((#1922, #1960, #1967));
#1972 = IFCFACEOUTERBOUND(#1971, .T.);
#1973 = IFCFACE((#1972));
#1974 = IFCPOLYLOOP((#1975, #1930, #1935));
#1975 = IFCCARTESIANPOINT((-2.05878849029541E-2, 1.38521547317505E-2, 2.0219709777832E-1));
#1976 = IFCFACEOUTERBOUND(#1974, .T.);
#1977 = IFCFACE((#1976));
#1978 = IFCPOLYLOOP((#1935, #1979, #1975));
#1979 = IFCCARTESIANPOINT((-2.46518421173096E-2, 1.13554449081421E-2, 2.01637054443359E-1));
#1980 = IFCFACEOUTERBOUND(#1978, .T.);
#1981 = IFCFACE((#1980));
#1982 = IFCPOLYLOOP((#1983, #1939, #1930));
#1983 = IFCCARTESIANPOINT((-1.60457077026367E-2, 1.58559694290161E-2, 2.0290153503418E-1));
#1984 = IFCFACEOUTERBOUND(#1982, .T.);
#1985 = IFCFACE((#1984));
#1986 = IFCPOLYLOOP((#1930, #1975, #1983));
#1987 = IFCFACEOUTERBOUND(#1986, .T.);
#1988 = IFCFACE((#1987));
#1989 = IFCPOLYLOOP((#1990, #1946, #1939));
#1990 = IFCCARTESIANPOINT((-1.07959938049316E-2, 1.73058643341064E-2, 2.03815551757813E-1));
#1991 = IFCFACEOUTERBOUND(#1989, .T.);
#1992 = IFCFACE((#1991));
#1993 = IFCPOLYLOOP((#1939, #1983, #1990));
#1994 = IFCFACEOUTERBOUND(#1993, .T.);
#1995 = IFCFACE((#1994));
#1996 = IFCPOLYLOOP((#1997, #1953, #1946));
#1997 = IFCCARTESIANPOINT((-5.56397104263306E-3, 1.78452625274658E-2, 2.0484587097168E-1));
#1998 = IFCFACEOUTERBOUND(#1996, .T.);
#1999 = IFCFACE((#1998));
#2000 = IFCPOLYLOOP((#1946, #1990, #1997));
#2001 = IFCFACEOUTERBOUND(#2000, .T.);
#2002 = IFCFACE((#2001));
#2003 = IFCPOLYLOOP((#2004, #1960, #1953));
#2004 = IFCCARTESIANPOINT((-3.27787160873413E-4, 1.73306636810303E-2, 2.06032592773438E-1));
#2005 = IFCFACEOUTERBOUND(#2003, .T.);
#2006 = IFCFACE((#2005));
#2007 = IFCPOLYLOOP((#1953, #1997, #2004));
#2008 = IFCFACEOUTERBOUND(#2007, .T.);
#2009 = IFCFACE((#2008));
#2010 = IFCPOLYLOOP((#2011, #1967, #1960));
#2011 = IFCCARTESIANPOINT((4.26368474960327E-3, 1.5661283493042E-2, 2.07268249511719E-1));
#2012 = IFCFACEOUTERBOUND(#2010, .T.);
#2013 = IFCFACE((#2012));
#2014 = IFCPOLYLOOP((#1960, #2004, #2011));
#2015 = IFCFACEOUTERBOUND(#2014, .T.);
#2016 = IFCFACE((#2015));
#2017 = IFCPOLYLOOP((#2018, #1975, #1979));
#2018 = IFCCARTESIANPOINT((-2.25878295898438E-2, 1.6167236328125E-2, 2.1730973815918E-1));
#2019 = IFCFACEOUTERBOUND(#2017, .T.);
#2020 = IFCFACE((#2019));
#2021 = IFCPOLYLOOP((#1979, #2022, #2018));
#2022 = IFCCARTESIANPOINT((-2.66786460876465E-2, 1.31329002380371E-2, 2.16749481201172E-1));
#2023 = IFCFACEOUTERBOUND(#2021, .T.);
#2024 = IFCFACE((#2023));
#2025 = IFCPOLYLOOP((#2026, #1983, #1975));
#2026 = IFCCARTESIANPOINT((-1.80437202453613E-2, 1.85614013671875E-2, 2.18024856567383E-1));
#2027 = IFCFACEOUTERBOUND(#2025, .T.);
#2028 = IFCFACE((#2027));
#2029 = IFCPOLYLOOP((#1975, #2018, #2026));
#2030 = IFCFACEOUTERBOUND(#2029, .T.);
#2031 = IFCFACE((#2030));
#2032 = IFCPOLYLOOP((#2033, #1990, #1983));
#2033 = IFCCARTESIANPOINT((-1.28138513565063E-2, 2.02365684509277E-2, 2.18959426879883E-1));
#2034 = IFCFACEOUTERBOUND(#2032, .T.);
#2035 = IFCFACE((#2034));
#2036 = IFCPOLYLOOP((#1983, #2026, #2033));
#2037 = IFCFACEOUTERBOUND(#2036, .T.);
#2038 = IFCFACE((#2037));
#2039 = IFCPOLYLOOP((#2040, #1997, #1990));
#2040 = IFCCARTESIANPOINT((-7.61482954025269E-3, 2.07708683013916E-2, 2.20015228271484E-1));
#2041 = IFCFACEOUTERBOUND(#2039, .T.);
#2042 = IFCFACE((#2041));
#2043 = IFCPOLYLOOP((#1990, #2033, #2040));
#2044 = IFCFACEOUTERBOUND(#2043, .T.);
#2045 = IFCFACE((#2044));
#2046 = IFCPOLYLOOP((#2047, #2004, #1997));
#2047 = IFCCARTESIANPOINT((-2.416175365448E-3, 1.99910926818848E-2, 2.21229202270508E-1));
#2048 = IFCFACEOUTERBOUND(#2046, .T.);
#2049 = IFCFACE((#2048));
#2050 = IFCPOLYLOOP((#1997, #2040, #2047));
#2051 = IFCFACEOUTERBOUND(#2050, .T.);
#2052 = IFCFACE((#2051));
#2053 = IFCPOLYLOOP((#2054, #2011, #2004));
#2054 = IFCCARTESIANPOINT((2.14728355407715E-3, 1.77954654693604E-2, 2.22487075805664E-1));
#2055 = IFCFACEOUTERBOUND(#2053, .T.);
#2056 = IFCFACE((#2055));
#2057 = IFCPOLYLOOP((#2004, #2047, #2054));
#2058 = IFCFACEOUTERBOUND(#2057, .T.);
#2059 = IFCFACE((#2058));
#2060 = IFCPOLYLOOP((#2061, #2018, #2022));
#2061 = IFCCARTESIANPOINT((-2.46017055511475E-2, 1.77658710479736E-2, 2.32403121948242E-1));
#2062 = IFCFACEOUTERBOUND(#2060, .T.);
#2063 = IFCFACE((#2062));
#2064 = IFCPOLYLOOP((#2022, #2065, #2061));
#2065 = IFCCARTESIANPOINT((-2.87110118865967E-2, 1.4347882270813E-2, 2.31795532226563E-1));
#2066 = IFCFACEOUTERBOUND(#2064, .T.);
#2067 = IFCFACE((#2066));
#2068 = IFCPOLYLOOP((#2069, #2026, #2018));
#2069 = IFCCARTESIANPOINT((-2.00636405944824E-2, 2.04337062835693E-2, 2.33168075561523E-1));
#2070 = IFCFACEOUTERBOUND(#2068, .T.);
#2071 = IFCFACE((#2070));
#2072 = IFCPOLYLOOP((#2018, #2061, #2069));
#2073 = IFCFACEOUTERBOUND(#2072, .T.);
#2074 = IFCFACE((#2073));
#2075 = IFCPOLYLOOP((#2076, #2033, #2026));
#2076 = IFCCARTESIANPOINT((-1.48595724105835E-2, 2.22649879455566E-2, 2.34151840209961E-1));
#2077 = IFCFACEOUTERBOUND(#2075, .T.);
#2078 = IFCFACE((#2077));
#2079 = IFCPOLYLOOP((#2026, #2069, #2076));
#2080 = IFCFACEOUTERBOUND(#2079, .T.);
#2081 = IFCFACE((#2080));
#2082 = IFCPOLYLOOP((#2083, #2040, #2033));
#2083 = IFCCARTESIANPOINT((-9.69411373138428E-3, 2.27991924285889E-2, 2.35242248535156E-1));
#2084 = IFCFACEOUTERBOUND(#2082, .T.);
#2085 = IFCFACE((#2084));
#2086 = IFCPOLYLOOP((#2033, #2076, #2083));
#2087 = IFCFACEOUTERBOUND(#2086, .T.);
#2088 = IFCFACE((#2087));
#2089 = IFCPOLYLOOP((#2090, #2047, #2040));
#2090 = IFCCARTESIANPOINT((-4.52513265609741E-3, 2.18511009216309E-2, 2.36467910766602E-1));
#2091 = IFCFACEOUTERBOUND(#2089, .T.);
#2092 = IFCFACE((#2091));
#2093 = IFCPOLYLOOP((#2040, #2083, #2090));
#2094 = IFCFACEOUTERBOUND(#2093, .T.);
#2095 = IFCFACE((#2094));
#2096 = IFCPOLYLOOP((#2097, #2054, #2047));
#2097 = IFCCARTESIANPOINT((2.89311390370131E-5, 1.93256435394287E-2, 2.37703796386719E-1));
#2098 = IFCFACEOUTERBOUND(#2096, .T.);
#2099 = IFCFACE((#2098));
#2100 = IFCPOLYLOOP((#2047, #2090, #2097));
#2101 = IFCFACEOUTERBOUND(#2100, .T.);
#2102 = IFCFACE((#2101));
#2103 = IFCPOLYLOOP((#2104, #2061, #2065));
#2104 = IFCCARTESIANPOINT((-2.66407794952393E-2, 1.86029586791992E-2, 2.47487045288086E-1));
#2105 = IFCFACEOUTERBOUND(#2103, .T.);
#2106 = IFCFACE((#2105));
#2107 = IFCPOLYLOOP((#2108, #2069, #2061));
#2108 = IFCCARTESIANPOINT((-2.21123542785645E-2, 2.14106922149658E-2, 2.48320785522461E-1));
#2109 = IFCFACEOUTERBOUND(#2107, .T.);
#2110 = IFCFACE((#2109));
#2111 = IFCPOLYLOOP((#2061, #2104, #2108));
#2112 = IFCFACEOUTERBOUND(#2111, .T.);
#2113 = IFCFACE((#2112));
#2114 = IFCPOLYLOOP((#2115, #2076, #2069));
#2115 = IFCCARTESIANPOINT((-1.69340972900391E-2, 2.33205051422119E-2, 2.49366592407227E-1));
#2116 = IFCFACEOUTERBOUND(#2114, .T.);
#2117 = IFCFACE((#2116));
#2118 = IFCPOLYLOOP((#2069, #2108, #2115));
#2119 = IFCFACEOUTERBOUND(#2118, .T.);
#2120 = IFCFACE((#2119));
#2121 = IFCPOLYLOOP((#2122, #2083, #2076));
#2122 = IFCCARTESIANPOINT((-1.17972469329834E-2, 2.38625392913818E-2, 2.50493957519531E-1));
#2123 = IFCFACEOUTERBOUND(#2121, .T.);
#2124 = IFCFACE((#2123));
#2125 = IFCPOLYLOOP((#2076, #2115, #2122));
#2126 = IFCFACEOUTERBOUND(#2125, .T.);
#2127 = IFCFACE((#2126));
#2128 = IFCPOLYLOOP((#2129, #2090, #2083));
#2129 = IFCCARTESIANPOINT((-6.64650678634644E-3, 2.2858512878418E-2, 2.51720306396484E-1));
#2130 = IFCFACEOUTERBOUND(#2128, .T.);
#2131 = IFCFACE((#2130));
#2132 = IFCPOLYLOOP((#2083, #2122, #2129));
#2133 = IFCFACEOUTERBOUND(#2132, .T.);
#2134 = IFCFACE((#2133));
#2135 = IFCPOLYLOOP((#2136, #2097, #2090));
#2136 = IFCCARTESIANPOINT((-2.08369326591492E-3, 2.02272434234619E-2, 2.52908111572266E-1));
#2137 = IFCFACEOUTERBOUND(#2135, .T.);
#2138 = IFCFACE((#2137));
#2139 = IFCPOLYLOOP((#2090, #2129, #2136));
#2140 = IFCFACEOUTERBOUND(#2139, .T.);
#2141 = IFCFACE((#2140));
#2142 = IFCPOLYLOOP((#2143, #2108, #2104));
#2143 = IFCCARTESIANPOINT((-2.42006530761719E-2, 2.15121917724609E-2, 2.63530120849609E-1));
#2144 = IFCFACEOUTERBOUND(#2142, .T.);
#2145 = IFCFACE((#2144));
#2146 = IFCPOLYLOOP((#2104, #2147, #2143));
#2147 = IFCCARTESIANPOINT((-2.87200126647949E-2, 1.87003860473633E-2, 2.62629455566406E-1));
#2148 = IFCFACEOUTERBOUND(#2146, .T.);
#2149 = IFCFACE((#2148));
#2150 = IFCPOLYLOOP((#2151, #2115, #2108));
#2151 = IFCCARTESIANPOINT((-1.90431747436523E-2, 2.34251689910889E-2, 2.6463427734375E-1));
#2152 = IFCFACEOUTERBOUND(#2150, .T.);
#2153 = IFCFACE((#2152));
#2154 = IFCPOLYLOOP((#2108, #2143, #2151));
#2155 = IFCFACEOUTERBOUND(#2154, .T.);
#2156 = IFCFACE((#2155));
#2157 = IFCPOLYLOOP((#2158, #2122, #2115));
#2158 = IFCCARTESIANPOINT((-1.39258050918579E-2, 2.39885711669922E-2, 2.65793426513672E-1));
#2159 = IFCFACEOUTERBOUND(#2157, .T.);
#2160 = IFCFACE((#2159));
#2161 = IFCPOLYLOOP((#2115, #2151, #2158));
#2162 = IFCFACEOUTERBOUND(#2161, .T.);
#2163 = IFCFACE((#2162));
#2164 = IFCPOLYLOOP((#2165, #2129, #2122));
#2165 = IFCCARTESIANPOINT((-8.77988910675049E-3, 2.30490245819092E-2, 2.67013671875E-1));
#2166 = IFCFACEOUTERBOUND(#2164, .T.);
#2167 = IFCFACE((#2166));
#2168 = IFCPOLYLOOP((#2122, #2158, #2165));
#2169 = IFCFACEOUTERBOUND(#2168, .T.);
#2170 = IFCFACE((#2169));
#2171 = IFCPOLYLOOP((#2172, #2136, #2129));
#2172 = IFCCARTESIANPOINT((-4.19207239151001E-3, 2.05443687438965E-2, 2.68145690917969E-1));
#2173 = IFCFACEOUTERBOUND(#2171, .T.);
#2174 = IFCFACE((#2173));
#2175 = IFCPOLYLOOP((#2129, #2165, #2172));
#2176 = IFCFACEOUTERBOUND(#2175, .T.);
#2177 = IFCFACE((#2176));
#2178 = IFCPOLYLOOP((#2179, #2143, #2147));
#2179 = IFCCARTESIANPOINT((-2.63355178833008E-2, 2.08281383514404E-2, 2.78842254638672E-1));
#2180 = IFCFACEOUTERBOUND(#2178, .T.);
#2181 = IFCFACE((#2180));
#2182 = IFCPOLYLOOP((#2147, #2183, #2179));
#2183 = IFCCARTESIANPOINT((-3.08503227233887E-2, 1.81367950439453E-2, 2.77898101806641E-1));
#2184 = IFCFACEOUTERBOUND(#2182, .T.);
#2185 = IFCFACE((#2184));
#2186 = IFCPOLYLOOP((#2187, #2151, #2143));
#2187 = IFCCARTESIANPOINT((-2.11895961761475E-2, 2.26807899475098E-2, 2.79983673095703E-1));
#2188 = IFCFACEOUTERBOUND(#2186, .T.);
#2189 = IFCFACE((#2188));
#2190 = IFCPOLYLOOP((#2143, #2179, #2187));
#2191 = IFCFACEOUTERBOUND(#2190, .T.);
#2192 = IFCFACE((#2191));
#2193 = IFCPOLYLOOP((#2194, #2158, #2151));
#2194 = IFCCARTESIANPOINT((-1.60796432495117E-2, 2.32874279022217E-2, 2.81161193847656E-1));
#2195 = IFCFACEOUTERBOUND(#2193, .T.);
#2196 = IFCFACE((#2195));
#2197 = IFCPOLYLOOP((#2151, #2187, #2194));
#2198 = IFCFACEOUTERBOUND(#2197, .T.);
#2199 = IFCFACE((#2198));
#2200 = IFCPOLYLOOP((#2201, #2165, #2158));
#2201 = IFCCARTESIANPOINT((-1.09245796203613E-2, 2.25345115661621E-2, 2.82372314453125E-1));
#2202 = IFCFACEOUTERBOUND(#2200, .T.);
#2203 = IFCFACE((#2202));
#2204 = IFCPOLYLOOP((#2158, #2194, #2201));
#2205 = IFCFACEOUTERBOUND(#2204, .T.);
#2206 = IFCFACE((#2205));
#2207 = IFCPOLYLOOP((#2208, #2187, #2179));
#2208 = IFCCARTESIANPOINT((-2.33732089996338E-2, 2.12689323425293E-2, 2.95441833496094E-1));
#2209 = IFCFACEOUTERBOUND(#2207, .T.);
#2210 = IFCFACE((#2209));
#2211 = IFCPOLYLOOP((#2179, #2212, #2208));
#2212 = IFCCARTESIANPOINT((-2.85201416015625E-2, 1.95185585021973E-2, 2.94302459716797E-1));
#2213 = IFCFACEOUTERBOUND(#2211, .T.);
#2214 = IFCFACE((#2213));
#2215 = IFCPOLYLOOP((#2216, #2194, #2187));
#2216 = IFCCARTESIANPOINT((-1.82568874359131E-2, 2.19517230987549E-2, 2.96615325927734E-1));
#2217 = IFCFACEOUTERBOUND(#2215, .T.);
#2218 = IFCFACE((#2217));
#2219 = IFCPOLYLOOP((#2187, #2208, #2216));
#2220 = IFCFACEOUTERBOUND(#2219, .T.);
#2221 = IFCFACE((#2220));
#2222 = IFCPOLYLOOP((#2201, #2194, #2216));
#2223 = IFCFACEOUTERBOUND(#2222, .T.);
#2224 = IFCFACE((#2223));
#2225 = IFCPOLYLOOP((#2226, #2216, #2208));
#2226 = IFCCARTESIANPOINT((-2.04539432525635E-2, 2.02565479278564E-2, 3.12171447753906E-1));
#2227 = IFCFACEOUTERBOUND(#2225, .T.);
#2228 = IFCFACE((#2227));
#2229 = IFCPOLYLOOP((#2208, #2230, #2226));
#2230 = IFCCARTESIANPOINT((-2.55909042358398E-2, 1.94509201049805E-2, 3.11034088134766E-1));
#2231 = IFCFACEOUTERBOUND(#2229, .T.);
#2232 = IFCFACE((#2231));
#2233 = IFCPOLYLOOP((#2234, #2226, #2230));
#2234 = IFCCARTESIANPOINT((-2.25530376434326E-2, 1.86390743255615E-2, 3.27044494628906E-1));
#2235 = IFCFACEOUTERBOUND(#2233, .T.);
#2236 = IFCFACE((#2235));
#2237 = IFCPOLYLOOP((#2230, #2238, #2234));
#2238 = IFCCARTESIANPOINT((-2.7722131729126E-2, 1.76586875915527E-2, 3.25980682373047E-1));
#2239 = IFCFACEOUTERBOUND(#2237, .T.);
#2240 = IFCFACE((#2239));
#2241 = IFCPOLYLOOP((#2242, #2243, #1931));
#2242 = IFCCARTESIANPOINT((-2.24265117645264E-2, 4.49751663208008E-3, 1.63792572021484E-1));
#2243 = IFCCARTESIANPOINT((-2.36427898406982E-2, 5.63010263442993E-3, 1.72223556518555E-1));
#2244 = IFCFACEOUTERBOUND(#2241, .T.);
#2245 = IFCFACE((#2244));
#2246 = IFCPOLYLOOP((#1931, #2247, #2242));
#2247 = IFCCARTESIANPOINT((-1.84488048553467E-2, 3.70200109481812E-3, 1.56455581665039E-1));
#2248 = IFCFACEOUTERBOUND(#2246, .T.);
#2249 = IFCFACE((#2248));
#2250 = IFCPOLYLOOP((#1935, #1931, #2251));
#2251 = IFCCARTESIANPOINT((-2.41224403381348E-2, 5.5790376663208E-3, 1.73007507324219E-1));
#2252 = IFCFACEOUTERBOUND(#2250, .T.);
#2253 = IFCFACE((#2252));
#2254 = IFCPOLYLOOP((#1931, #2243, #2251));
#2255 = IFCFACEOUTERBOUND(#2254, .T.);
#2256 = IFCFACE((#2255));
#2257 = IFCPOLYLOOP((#2258, #1935, #2251));
#2258 = IFCCARTESIANPOINT((-2.51502590179443E-2, 6.76601219177246E-3, 1.81948120117188E-1));
#2259 = IFCFACEOUTERBOUND(#2257, .T.);
#2260 = IFCFACE((#2259));
#2261 = IFCPOLYLOOP((#2262, #1897, #2263));
#2262 = IFCCARTESIANPOINT((-9.61667537689209E-3, 1.31934070587158E-3, 1.45828430175781E-1));
#2263 = IFCCARTESIANPOINT((-3.74498438835144E-3, 9.50914323329926E-4, 1.44557418823242E-1));
#2264 = IFCFACEOUTERBOUND(#2261, .T.);
#2265 = IFCFACE((#2264));
#2266 = IFCPOLYLOOP((#2263, #1907, #2267));
#2267 = IFCCARTESIANPOINT((-7.8365957736969E-4, 1.53099274635315E-3, 1.4621044921875E-1));
#2268 = IFCFACEOUTERBOUND(#2266, .T.);
#2269 = IFCFACE((#2268));
#2270 = IFCPOLYLOOP((#1898, #2262, #2271));
#2271 = IFCCARTESIANPOINT((-1.38045206069946E-2, 2.11097145080566E-3, 1.48660690307617E-1));
#2272 = IFCFACEOUTERBOUND(#2270, .T.);
#2273 = IFCFACE((#2272));
#2274 = IFCPOLYLOOP((#1902, #1898, #2247));
#2275 = IFCFACEOUTERBOUND(#2274, .T.);
#2276 = IFCFACE((#2275));
#2277 = IFCPOLYLOOP((#2271, #2247, #1898));
#2278 = IFCFACEOUTERBOUND(#2277, .T.);
#2279 = IFCFACE((#2278));
#2280 = IFCPOLYLOOP((#2263, #1897, #1907));
#2281 = IFCFACEOUTERBOUND(#2280, .T.);
#2282 = IFCFACE((#2281));
#2283 = IFCPOLYLOOP((#1902, #2247, #1931));
#2284 = IFCFACEOUTERBOUND(#2283, .T.);
#2285 = IFCFACE((#2284));
#2286 = IFCPOLYLOOP((#2262, #1898, #1897));
#2287 = IFCFACEOUTERBOUND(#2286, .T.);
#2288 = IFCFACE((#2287));
#2289 = IFCPOLYLOOP((#1915, #2267, #1907));
#2290 = IFCFACEOUTERBOUND(#2289, .T.);
#2291 = IFCFACE((#2290));
#2292 = IFCPOLYLOOP((#2293, #2294, #1935));
#2293 = IFCCARTESIANPOINT((-2.56227054595947E-2, 6.6826548576355E-3, 1.82964309692383E-1));
#2294 = IFCCARTESIANPOINT((-2.69793910980225E-2, 7.79678869247437E-3, 1.93234725952148E-1));
#2295 = IFCFACEOUTERBOUND(#2292, .T.);
#2296 = IFCFACE((#2295));
#2297 = IFCPOLYLOOP((#2298, #2299, #1979));
#2298 = IFCCARTESIANPOINT((-2.76750469207764E-2, 8.94096565246582E-3, 2.01406784057617E-1));
#2299 = IFCCARTESIANPOINT((-2.80613918304443E-2, 8.79128646850586E-3, 2.02346893310547E-1));
#2300 = IFCFACEOUTERBOUND(#2297, .T.);
#2301 = IFCFACE((#2300));
#2302 = IFCPOLYLOOP((#1979, #2294, #2298));
#2303 = IFCFACEOUTERBOUND(#2302, .T.);
#2304 = IFCFACE((#2303));
#2305 = IFCPOLYLOOP((#2306, #1979, #2299));
#2306 = IFCCARTESIANPOINT((-2.89467468261719E-2, 1.02064771652222E-2, 2.12863876342773E-1));
#2307 = IFCFACEOUTERBOUND(#2305, .T.);
#2308 = IFCFACE((#2307));
#2309 = IFCPOLYLOOP((#1935, #2294, #1979));
#2310 = IFCFACEOUTERBOUND(#2309, .T.);
#2311 = IFCFACE((#2310));
#2312 = IFCPOLYLOOP((#2022, #2306, #2313));
#2313 = IFCCARTESIANPOINT((-2.93037128448486E-2, 1.00613098144531E-2, 2.13894439697266E-1));
#2314 = IFCFACEOUTERBOUND(#2312, .T.);
#2315 = IFCFACE((#2314));
#2316 = IFCPOLYLOOP((#2022, #1979, #2306));
#2317 = IFCFACEOUTERBOUND(#2316, .T.);
#2318 = IFCFACE((#2317));
#2319 = IFCPOLYLOOP((#2022, #2313, #2320));
#2320 = IFCCARTESIANPOINT((-3.00253219604492E-2, 1.16345491409302E-2, 2.24860748291016E-1));
#2321 = IFCFACEOUTERBOUND(#2319, .T.);
#2322 = IFCFACE((#2321));
#2323 = IFCPOLYLOOP((#2324, #2320, #2325));
#2324 = IFCCARTESIANPOINT((-3.01250953674316E-2, 1.18413820266724E-2, 2.26374969482422E-1));
#2325 = IFCCARTESIANPOINT((-3.03517417907715E-2, 1.14540576934814E-2, 2.25707656860352E-1));
#2326 = IFCFACEOUTERBOUND(#2323, .T.);
#2327 = IFCFACE((#2326));
#2328 = IFCPOLYLOOP((#2065, #2324, #2329));
#2329 = IFCCARTESIANPOINT((-3.09528827667236E-2, 1.29638156890869E-2, 2.36521560668945E-1));
#2330 = IFCFACEOUTERBOUND(#2328, .T.);
#2331 = IFCFACE((#2330));
#2332 = IFCPOLYLOOP((#2324, #2065, #2022));
#2333 = IFCFACEOUTERBOUND(#2332, .T.);
#2334 = IFCFACE((#2333));
#2335 = IFCPOLYLOOP((#2320, #2324, #2022));
#2336 = IFCFACEOUTERBOUND(#2335, .T.);
#2337 = IFCFACE((#2336));
#2338 = IFCPOLYLOOP((#2258, #2293, #1935));
#2339 = IFCFACEOUTERBOUND(#2338, .T.);
#2340 = IFCFACE((#2339));
#2341 = IFCPOLYLOOP((#1923, #2342, #2343));
#2342 = IFCCARTESIANPOINT((7.42037534713745E-3, 5.21348524093628E-3, 1.56398895263672E-1));
#2343 = IFCCARTESIANPOINT((5.92061519622803E-3, 3.80447602272034E-3, 1.5192756652832E-1));
#2344 = IFCFACEOUTERBOUND(#2341, .T.);
#2345 = IFCFACE((#2344));
#2346 = IFCPOLYLOOP((#2342, #1923, #2347));
#2347 = IFCCARTESIANPOINT((8.90163516998291E-3, 6.50533056259155E-3, 1.60853042602539E-1));
#2348 = IFCFACEOUTERBOUND(#2346, .T.);
#2349 = IFCFACE((#2348));
#2350 = IFCPOLYLOOP((#2351, #1915, #2343));
#2351 = IFCCARTESIANPOINT((2.14294075965881E-3, 2.21216988563538E-3, 1.47820739746094E-1));
#2352 = IFCFACEOUTERBOUND(#2350, .T.);
#2353 = IFCFACE((#2352));
#2354 = IFCPOLYLOOP((#2343, #1915, #1923));
#2355 = IFCFACEOUTERBOUND(#2354, .T.);
#2356 = IFCFACE((#2355));
#2357 = IFCPOLYLOOP((#2358, #1968, #1967));
#2358 = IFCCARTESIANPOINT((9.66385841369629E-3, 1.11569242477417E-2, 1.87481826782227E-1));
#2359 = IFCFACEOUTERBOUND(#2357, .T.);
#2360 = IFCFACE((#2359));
#2361 = IFCPOLYLOOP((#1922, #1968, #2347));
#2362 = IFCFACEOUTERBOUND(#2361, .T.);
#2363 = IFCFACE((#2362));
#2364 = IFCPOLYLOOP((#1923, #1922, #2347));
#2365 = IFCFACEOUTERBOUND(#2364, .T.);
#2366 = IFCFACE((#2365));
#2367 = IFCPOLYLOOP((#1915, #2351, #2267));
#2368 = IFCFACEOUTERBOUND(#2367, .T.);
#2369 = IFCFACE((#2368));
#2370 = IFCPOLYLOOP((#2371, #2347, #1968));
#2371 = IFCCARTESIANPOINT((1.07167682647705E-2, 8.42866992950439E-3, 1.69513259887695E-1));
#2372 = IFCFACEOUTERBOUND(#2370, .T.);
#2373 = IFCFACE((#2372));
#2374 = IFCPOLYLOOP((#2347, #2371, #2375));
#2375 = IFCCARTESIANPOINT((1.08418226242065E-2, 8.26168251037598E-3, 1.68629455566406E-1));
#2376 = IFCFACEOUTERBOUND(#2374, .T.);
#2377 = IFCFACE((#2376));
#2378 = IFCPOLYLOOP((#2371, #1968, #2379));
#2379 = IFCCARTESIANPOINT((1.04583606719971E-2, 9.77412128448486E-3, 1.77625778198242E-1));
#2380 = IFCFACEOUTERBOUND(#2378, .T.);
#2381 = IFCFACE((#2380));
#2382 = IFCPOLYLOOP((#1968, #2358, #2383));
#2383 = IFCCARTESIANPOINT((1.02608957290649E-2, 9.99218082427979E-3, 1.78887710571289E-1));
#2384 = IFCFACEOUTERBOUND(#2382, .T.);
#2385 = IFCFACE((#2384));
#2386 = IFCPOLYLOOP((#2379, #1968, #2383));
#2387 = IFCFACEOUTERBOUND(#2386, .T.);
#2388 = IFCFACE((#2387));
#2389 = IFCPOLYLOOP((#1967, #2390, #2358));
#2390 = IFCCARTESIANPOINT((9.48547267913818E-3, 1.13635215759277E-2, 1.88965469360352E-1));
#2391 = IFCFACEOUTERBOUND(#2389, .T.);
#2392 = IFCFACE((#2391));
#2393 = IFCPOLYLOOP((#2394, #2390, #1967));
#2394 = IFCCARTESIANPOINT((8.67012405395508E-3, 1.23542509078979E-2, 1.9841096496582E-1));
#2395 = IFCFACEOUTERBOUND(#2393, .T.);
#2396 = IFCFACE((#2395));
#2397 = IFCPOLYLOOP((#2011, #2398, #2399));
#2398 = IFCCARTESIANPOINT((7.62629890441895E-3, 1.32464227676392E-2, 2.07099761962891E-1));
#2399 = IFCCARTESIANPOINT((8.45270919799805E-3, 1.25342407226563E-2, 1.99328521728516E-1));
#2400 = IFCFACEOUTERBOUND(#2397, .T.);
#2401 = IFCFACE((#2400));
#2402 = IFCPOLYLOOP((#2399, #2394, #1967));
#2403 = IFCFACEOUTERBOUND(#2402, .T.);
#2404 = IFCFACE((#2403));
#2405 = IFCPOLYLOOP((#2054, #2406, #2011));
#2406 = IFCCARTESIANPOINT((6.10105848312378E-3, 1.43473501205444E-2, 2.1854833984375E-1));
#2407 = IFCFACEOUTERBOUND(#2405, .T.);
#2408 = IFCFACE((#2407));
#2409 = IFCPOLYLOOP((#2011, #2399, #1967));
#2410 = IFCFACEOUTERBOUND(#2409, .T.);
#2411 = IFCFACE((#2410));
#2412 = IFCPOLYLOOP((#2413, #2097, #2414));
#2413 = IFCCARTESIANPOINT((2.32690453529358E-3, 1.67938747406006E-2, 2.41945983886719E-1));
#2414 = IFCCARTESIANPOINT((2.03866696357727E-3, 1.69829292297363E-2, 2.43422454833984E-1));
#2415 = IFCFACEOUTERBOUND(#2412, .T.);
#2416 = IFCFACE((#2415));
#2417 = IFCPOLYLOOP((#2097, #2136, #2414));
#2418 = IFCFACEOUTERBOUND(#2417, .T.);
#2419 = IFCFACE((#2418));
#2420 = IFCPOLYLOOP((#2097, #2413, #2421));
#2421 = IFCCARTESIANPOINT((3.97617363929749E-3, 1.57923440933228E-2, 2.31931900024414E-1));
#2422 = IFCFACEOUTERBOUND(#2420, .T.);
#2423 = IFCFACE((#2422));
#2424 = IFCPOLYLOOP((#2054, #2097, #2421));
#2425 = IFCFACEOUTERBOUND(#2424, .T.);
#2426 = IFCFACE((#2425));
#2427 = IFCPOLYLOOP((#2428, #2054, #2421));
#2428 = IFCCARTESIANPOINT((4.24503374099731E-3, 1.5603235244751E-2, 2.30441696166992E-1));
#2429 = IFCFACEOUTERBOUND(#2427, .T.);
#2430 = IFCFACE((#2429));
#2431 = IFCPOLYLOOP((#2432, #2398, #2011));
#2432 = IFCCARTESIANPOINT((7.40054082870483E-3, 1.34294347763062E-2, 2.08472564697266E-1));
#2433 = IFCFACEOUTERBOUND(#2431, .T.);
#2434 = IFCFACE((#2433));
#2435 = IFCPOLYLOOP((#2436, #2406, #2054));
#2436 = IFCCARTESIANPOINT((5.85003519058228E-3, 1.45358924865723E-2, 2.20010925292969E-1));
#2437 = IFCFACEOUTERBOUND(#2435, .T.);
#2438 = IFCFACE((#2437));
#2439 = IFCPOLYLOOP((#2440, #2428, #2421));
#2440 = IFCCARTESIANPOINT((4.34769296646118E-3, 1.53910322189331E-2, 2.31343307495117E-1));
#2441 = IFCFACEOUTERBOUND(#2439, .T.);
#2442 = IFCFACE((#2441));
#2443 = IFCPOLYLOOP((#2011, #2406, #2432));
#2444 = IFCFACEOUTERBOUND(#2443, .T.);
#2445 = IFCFACE((#2444));
#2446 = IFCPOLYLOOP((#2436, #2054, #2428));
#2447 = IFCFACEOUTERBOUND(#2446, .T.);
#2448 = IFCFACE((#2447));
#2449 = IFCPOLYLOOP((#2329, #2450, #2065));
#2450 = IFCCARTESIANPOINT((-3.12911720275879E-2, 1.28140478134155E-2, 2.37695175170898E-1));
#2451 = IFCFACEOUTERBOUND(#2449, .T.);
#2452 = IFCFACE((#2451));
#2453 = IFCPOLYLOOP((#2454, #2065, #2450));
#2454 = IFCCARTESIANPOINT((-3.15926609039307E-2, 1.43873243331909E-2, 2.48400497436523E-1));
#2455 = IFCFACEOUTERBOUND(#2453, .T.);
#2456 = IFCFACE((#2455));
#2457 = IFCPOLYLOOP((#2104, #2065, #2454));
#2458 = IFCFACEOUTERBOUND(#2457, .T.);
#2459 = IFCFACE((#2458));
#2460 = IFCPOLYLOOP((#2461, #2147, #2462));
#2461 = IFCCARTESIANPOINT((-3.22654762268066E-2, 1.54778137207031E-2, 2.60625457763672E-1));
#2462 = IFCCARTESIANPOINT((-3.19055690765381E-2, 1.56833152770996E-2, 2.59494201660156E-1));
#2463 = IFCFACEOUTERBOUND(#2460, .T.);
#2464 = IFCFACE((#2463));
#2465 = IFCPOLYLOOP((#2104, #2466, #2462));
#2466 = IFCCARTESIANPOINT((-3.19026393890381E-2, 1.42513837814331E-2, 2.49580047607422E-1));
#2467 = IFCFACEOUTERBOUND(#2465, .T.);
#2468 = IFCFACE((#2467));
#2469 = IFCPOLYLOOP((#2466, #2104, #2454));
#2470 = IFCFACEOUTERBOUND(#2469, .T.);
#2471 = IFCFACE((#2470));
#2472 = IFCPOLYLOOP((#2147, #2461, #2473));
#2473 = IFCCARTESIANPOINT((-3.19228935241699E-2, 1.63914451599121E-2, 2.6579443359375E-1));
#2474 = IFCFACEOUTERBOUND(#2472, .T.);
#2475 = IFCFACE((#2474));
#2476 = IFCPOLYLOOP((#2477, #2147, #2473));
#2477 = IFCCARTESIANPOINT((-3.18915634155273E-2, 1.68688430786133E-2, 2.70623718261719E-1));
#2478 = IFCFACEOUTERBOUND(#2476, .T.);
#2479 = IFCFACE((#2478));
#2480 = IFCPOLYLOOP((#2147, #2104, #2462));
#2481 = IFCFACEOUTERBOUND(#2480, .T.);
#2482 = IFCFACE((#2481));
#2483 = IFCPOLYLOOP((#2147, #2477, #2484));
#2484 = IFCCARTESIANPOINT((-3.18878307342529E-2, 1.69930973052979E-2, 2.72128540039063E-1));
#2485 = IFCFACEOUTERBOUND(#2483, .T.);
#2486 = IFCFACE((#2485));
#2487 = IFCPOLYLOOP((#2488, #2179, #2183));
#2488 = IFCCARTESIANPOINT((-3.16577777862549E-2, 1.77961978912354E-2, 2.84050933837891E-1));
#2489 = IFCFACEOUTERBOUND(#2487, .T.);
#2490 = IFCFACE((#2489));
#2491 = IFCPOLYLOOP((#2492, #2183, #2484));
#2492 = IFCCARTESIANPOINT((-3.16705188751221E-2, 1.77390174865723E-2, 2.82515441894531E-1));
#2493 = IFCFACEOUTERBOUND(#2491, .T.);
#2494 = IFCFACE((#2493));
#2495 = IFCPOLYLOOP((#2183, #2492, #2488));
#2496 = IFCFACEOUTERBOUND(#2495, .T.);
#2497 = IFCFACE((#2496));
#2498 = IFCPOLYLOOP((#2488, #2492, #2499));
#2499 = IFCCARTESIANPOINT((-3.22617835998535E-2, 1.73530921936035E-2, 2.83495239257813E-1));
#2500 = IFCFACEOUTERBOUND(#2498, .T.);
#2501 = IFCFACE((#2500));
#2502 = IFCPOLYLOOP((#2484, #2183, #2147));
#2503 = IFCFACEOUTERBOUND(#2502, .T.);
#2504 = IFCFACE((#2503));
#2505 = IFCPOLYLOOP((#2506, #2507, #2212));
#2506 = IFCCARTESIANPOINT((-3.12206573486328E-2, 1.81462230682373E-2, 2.94464691162109E-1));
#2507 = IFCCARTESIANPOINT((-3.11131114959717E-2, 1.81813335418701E-2, 2.96029968261719E-1));
#2508 = IFCFACEOUTERBOUND(#2505, .T.);
#2509 = IFCFACE((#2508));
#2510 = IFCPOLYLOOP((#2506, #2212, #2179));
#2511 = IFCFACEOUTERBOUND(#2510, .T.);
#2512 = IFCFACE((#2511));
#2513 = IFCPOLYLOOP((#2507, #2506, #2514));
#2514 = IFCCARTESIANPOINT((-3.20439872741699E-2, 1.76625823974609E-2, 2.95666107177734E-1));
#2515 = IFCFACEOUTERBOUND(#2513, .T.);
#2516 = IFCFACE((#2515));
#2517 = IFCPOLYLOOP((#2212, #2507, #2518));
#2518 = IFCCARTESIANPOINT((-3.08847827911377E-2, 1.81595306396484E-2, 3.01180999755859E-1));
#2519 = IFCFACEOUTERBOUND(#2517, .T.);
#2520 = IFCFACE((#2519));
#2521 = IFCPOLYLOOP((#2522, #2523, #2524));
#2522 = IFCCARTESIANPOINT((-3.06759700775146E-2, 1.79090557098389E-2, 3.08806304931641E-1));
#2523 = IFCCARTESIANPOINT((-3.06778373718262E-2, 1.80354290008545E-2, 3.06349975585938E-1));
#2524 = IFCCARTESIANPOINT((-3.15924682617188E-2, 1.75525493621826E-2, 3.07931365966797E-1));
#2525 = IFCFACEOUTERBOUND(#2521, .T.);
#2526 = IFCFACE((#2525));
#2527 = IFCPOLYLOOP((#2208, #2212, #2523));
#2528 = IFCFACEOUTERBOUND(#2527, .T.);
#2529 = IFCFACE((#2528));
#2530 = IFCPOLYLOOP((#2212, #2518, #2523));
#2531 = IFCFACEOUTERBOUND(#2530, .T.);
#2532 = IFCFACE((#2531));
#2533 = IFCPOLYLOOP((#2522, #2230, #2523));
#2534 = IFCFACEOUTERBOUND(#2533, .T.);
#2535 = IFCFACE((#2534));
#2536 = IFCPOLYLOOP((#2230, #2537, #2538));
#2537 = IFCCARTESIANPOINT((-3.04600124359131E-2, 1.76998558044434E-2, 3.13802673339844E-1));
#2538 = IFCCARTESIANPOINT((-3.02488460540771E-2, 1.74426860809326E-2, 3.18809814453125E-1));
#2539 = IFCFACEOUTERBOUND(#2536, .T.);
#2540 = IFCFACE((#2539));
#2541 = IFCPOLYLOOP((#2230, #2208, #2523));
#2542 = IFCFACEOUTERBOUND(#2541, .T.);
#2543 = IFCFACE((#2542));
#2544 = IFCPOLYLOOP((#2230, #2538, #2545));
#2545 = IFCCARTESIANPOINT((-3.01155643463135E-2, 1.72651996612549E-2, 3.21981597900391E-1));
#2546 = IFCFACEOUTERBOUND(#2544, .T.);
#2547 = IFCFACE((#2546));
#2548 = IFCPOLYLOOP((#2537, #2230, #2522));
#2549 = IFCFACEOUTERBOUND(#2548, .T.);
#2550 = IFCFACE((#2549));
#2551 = IFCPOLYLOOP((#2538, #2552, #2545));
#2552 = IFCCARTESIANPOINT((-3.10840301513672E-2, 1.70428104400635E-2, 3.20439758300781E-1));
#2553 = IFCFACEOUTERBOUND(#2551, .T.);
#2554 = IFCFACE((#2553));
#2555 = IFCPOLYLOOP((#2556, #2238, #2557));
#2556 = IFCCARTESIANPOINT((-2.91732063293457E-2, 1.66412048339844E-2, 3.35312042236328E-1));
#2557 = IFCCARTESIANPOINT((-2.95237712860107E-2, 1.68236789703369E-2, 3.30865783691406E-1));
#2558 = IFCFACEOUTERBOUND(#2555, .T.);
#2559 = IFCFACE((#2558));
#2560 = IFCPOLYLOOP((#2545, #2557, #2238));
#2561 = IFCFACEOUTERBOUND(#2560, .T.);
#2562 = IFCFACE((#2561));
#2563 = IFCPOLYLOOP((#2564, #2238, #2556));
#2564 = IFCCARTESIANPOINT((-2.89631805419922E-2, 1.65734519958496E-2, 3.37533538818359E-1));
#2565 = IFCFACEOUTERBOUND(#2563, .T.);
#2566 = IFCFACE((#2565));
#2567 = IFCPOLYLOOP((#2230, #2545, #2238));
#2568 = IFCFACEOUTERBOUND(#2567, .T.);
#2569 = IFCFACE((#2568));
#2570 = IFCPOLYLOOP((#2506, #2179, #2488));
#2571 = IFCFACEOUTERBOUND(#2570, .T.);
#2572 = IFCFACE((#2571));
#2573 = IFCPOLYLOOP((#2574, #2165, #2201));
#2574 = IFCCARTESIANPOINT((-5.40293073654175E-3, 2.05546703338623E-2, 2.76423858642578E-1));
#2575 = IFCFACEOUTERBOUND(#2573, .T.);
#2576 = IFCFACE((#2575));
#2577 = IFCPOLYLOOP((#2574, #2172, #2165));
#2578 = IFCFACEOUTERBOUND(#2577, .T.);
#2579 = IFCFACE((#2578));
#2580 = IFCPOLYLOOP((#2574, #2201, #2581));
#2581 = IFCCARTESIANPOINT((-8.24594020843506E-3, 2.11474266052246E-2, 2.86306823730469E-1));
#2582 = IFCFACEOUTERBOUND(#2580, .T.);
#2583 = IFCFACE((#2582));
#2584 = IFCPOLYLOOP((#2216, #2585, #2201));
#2585 = IFCCARTESIANPOINT((-1.22763500213623E-2, 2.12053833007813E-2, 2.99080291748047E-1));
#2586 = IFCFACEOUTERBOUND(#2584, .T.);
#2587 = IFCFACE((#2586));
#2588 = IFCPOLYLOOP((#2201, #2589, #2590));
#2589 = IFCCARTESIANPOINT((-1.17605466842651E-2, 2.12332439422607E-2, 2.97613433837891E-1));
#2590 = IFCCARTESIANPOINT((-8.64734840393066E-3, 2.11781101226807E-2, 2.87773315429688E-1));
#2591 = IFCFACEOUTERBOUND(#2588, .T.);
#2592 = IFCFACE((#2591));
#2593 = IFCPOLYLOOP((#2594, #2581, #2590));
#2594 = IFCCARTESIANPOINT((-7.85310792922974E-3, 2.08354473114014E-2, 2.87425964355469E-1));
#2595 = IFCFACEOUTERBOUND(#2593, .T.);
#2596 = IFCFACE((#2595));
#2597 = IFCPOLYLOOP((#2590, #2581, #2201));
#2598 = IFCFACEOUTERBOUND(#2597, .T.);
#2599 = IFCFACE((#2598));
#2600 = IFCPOLYLOOP((#2585, #2589, #2201));
#2601 = IFCFACEOUTERBOUND(#2600, .T.);
#2602 = IFCFACE((#2601));
#2603 = IFCPOLYLOOP((#2136, #2604, #2605));
#2604 = IFCCARTESIANPOINT((-2.27082967758179E-3, 1.93381652832031E-2, 2.64313171386719E-1));
#2605 = IFCCARTESIANPOINT((-2.27827429771423E-4, 1.83039150238037E-2, 2.55040374755859E-1));
#2606 = IFCFACEOUTERBOUND(#2603, .T.);
#2607 = IFCFACE((#2606));
#2608 = IFCPOLYLOOP((#2136, #2605, #2609));
#2609 = IFCCARTESIANPOINT((9.21030640602112E-5, 1.81186218261719E-2, 2.53563354492188E-1));
#2610 = IFCFACEOUTERBOUND(#2608, .T.);
#2611 = IFCFACE((#2610));
#2612 = IFCPOLYLOOP((#2574, #2613, #2172));
#2613 = IFCCARTESIANPOINT((-5.02377223968506E-3, 2.04440879821777E-2, 2.74983245849609E-1));
#2614 = IFCFACEOUTERBOUND(#2612, .T.);
#2615 = IFCFACE((#2614));
#2616 = IFCPOLYLOOP((#2613, #2617, #2172));
#2617 = IFCCARTESIANPOINT((-2.61854076385498E-3, 1.94991588592529E-2, 2.65755340576172E-1));
#2618 = IFCFACEOUTERBOUND(#2616, .T.);
#2619 = IFCFACE((#2618));
#2620 = IFCPOLYLOOP((#2604, #2172, #2617));
#2621 = IFCFACEOUTERBOUND(#2620, .T.);
#2622 = IFCFACE((#2621));
#2623 = IFCPOLYLOOP((#2136, #2172, #2604));
#2624 = IFCFACEOUTERBOUND(#2623, .T.);
#2625 = IFCFACE((#2624));
#2626 = IFCPOLYLOOP((#2136, #2609, #2414));
#2627 = IFCFACEOUTERBOUND(#2626, .T.);
#2628 = IFCFACE((#2627));
#2629 = IFCPOLYLOOP((#2630, #2631, #2564));
#2630 = IFCCARTESIANPOINT((-2.52820911407471E-2, 1.73178043365479E-2, 3.40365447998047E-1));
#2631 = IFCCARTESIANPOINT((-2.38460292816162E-2, 1.78060111999512E-2, 3.36188201904297E-1));
#2632 = IFCFACEOUTERBOUND(#2629, .T.);
#2633 = IFCFACE((#2632));
#2634 = IFCPOLYLOOP((#2238, #2631, #2234));
#2635 = IFCFACEOUTERBOUND(#2634, .T.);
#2636 = IFCFACE((#2635));
#2637 = IFCPOLYLOOP((#2638, #2226, #2234));
#2638 = IFCCARTESIANPOINT((-1.97357921600342E-2, 1.92508563995361E-2, 3.23705505371094E-1));
#2639 = IFCFACEOUTERBOUND(#2637, .T.);
#2640 = IFCFACE((#2639));
#2641 = IFCPOLYLOOP((#2234, #2631, #2642));
#2642 = IFCCARTESIANPOINT((-2.24625091552734E-2, 1.82952156066895E-2, 3.320146484375E-1));
#2643 = IFCFACEOUTERBOUND(#2641, .T.);
#2644 = IFCFACE((#2643));
#2645 = IFCPOLYLOOP((#2564, #2646, #2630));
#2646 = IFCCARTESIANPOINT((-2.80694923400879E-2, 1.66196956634521E-2, 3.41459320068359E-1));
#2647 = IFCFACEOUTERBOUND(#2645, .T.);
#2648 = IFCFACE((#2647));
#2649 = IFCPOLYLOOP((#2630, #2646, #2650));
#2650 = IFCCARTESIANPOINT((-2.63262996673584E-2, 1.70293941497803E-2, 3.41767639160156E-1));
#2651 = IFCFACEOUTERBOUND(#2649, .T.);
#2652 = IFCFACE((#2651));
#2653 = IFCPOLYLOOP((#2654, #2650, #2646));
#2654 = IFCCARTESIANPOINT((-2.74044933319092E-2, 1.67240734100342E-2, 3.4316259765625E-1));
#2655 = IFCFACEOUTERBOUND(#2653, .T.);
#2656 = IFCFACE((#2655));
#2657 = IFCPOLYLOOP((#2658, #2646, #2564));
#2658 = IFCCARTESIANPOINT((-2.87338542938232E-2, 1.65234966278076E-2, 3.3975732421875E-1));
#2659 = IFCFACEOUTERBOUND(#2657, .T.);
#2660 = IFCFACE((#2659));
#2661 = IFCPOLYLOOP((#2662, #2663, #2664));
#2662 = IFCCARTESIANPOINT((-1.46968479156494E-2, 2.04284801483154E-2, 3.10667449951172E-1));
#2663 = IFCCARTESIANPOINT((-1.53494634628296E-2, 2.06672458648682E-2, 3.08847351074219E-1));
#2664 = IFCCARTESIANPOINT((-1.5957631111145E-2, 2.04722938537598E-2, 3.11206817626953E-1));
#2665 = IFCFACEOUTERBOUND(#2661, .T.);
#2666 = IFCFACE((#2665));
#2667 = IFCPOLYLOOP((#2664, #2663, #2226));
#2668 = IFCFACEOUTERBOUND(#2667, .T.);
#2669 = IFCFACE((#2668));
#2670 = IFCPOLYLOOP((#2589, #2585, #2671));
#2671 = IFCCARTESIANPOINT((-1.11374835968018E-2, 2.09150695800781E-2, 2.99029052734375E-1));
#2672 = IFCFACEOUTERBOUND(#2670, .T.);
#2673 = IFCFACE((#2672));
#2674 = IFCPOLYLOOP((#2663, #2585, #2216));
#2675 = IFCFACEOUTERBOUND(#2674, .T.);
#2676 = IFCFACE((#2675));
#2677 = IFCPOLYLOOP((#2678, #2664, #2226));
#2678 = IFCCARTESIANPOINT((-1.8839376449585E-2, 1.95714664459229E-2, 3.2069287109375E-1));
#2679 = IFCFACEOUTERBOUND(#2677, .T.);
#2680 = IFCFACE((#2679));
#2681 = IFCPOLYLOOP((#2682, #2678, #2638));
#2682 = IFCCARTESIANPOINT((-1.82915267944336E-2, 1.94426403045654E-2, 3.22542938232422E-1));
#2683 = IFCFACEOUTERBOUND(#2681, .T.);
#2684 = IFCFACE((#2683));
#2685 = IFCPOLYLOOP((#2638, #2678, #2226));
#2686 = IFCFACEOUTERBOUND(#2685, .T.);
#2687 = IFCFACE((#2686));
#2688 = IFCPOLYLOOP((#2234, #2689, #2638));
#2689 = IFCCARTESIANPOINT((-2.1103666305542E-2, 1.87798042297363E-2, 3.278505859375E-1));
#2690 = IFCFACEOUTERBOUND(#2688, .T.);
#2691 = IFCFACE((#2690));
#2692 = IFCPOLYLOOP((#2689, #2234, #2642));
#2693 = IFCFACEOUTERBOUND(#2692, .T.);
#2694 = IFCFACE((#2693));
#2695 = IFCPOLYLOOP((#2226, #2663, #2216));
#2696 = IFCFACEOUTERBOUND(#2695, .T.);
#2697 = IFCFACE((#2696));
#2698 = IFCPOLYLOOP((#2564, #2631, #2238));
#2699 = IFCFACEOUTERBOUND(#2698, .T.);
#2700 = IFCFACE((#2699));
#2701 = IFCSURFACESTYLERENDERING(#2702, 0., #2703, $, $, #2704, #2705, $, .NOTDEFINED.);
#2702 = IFCCOLOURRGB('Surface color', 0., 4.98039215803146E-1, 0.);
#2703 = IFCCOLOURRGB('Diffuse color', 0., 4.98039215803146E-1, 0.);
#2704 = IFCCOLOURRGB('Reflection color', 1., 1., 1.);
#2705 = IFCCOLOURRGB('Specular color', 1., 1., 1.);
#2706 = IFCSURFACESTYLE('d194c32c_5116_40c1_a141_b5544e73a1b4', .BOTH., (#2701));
#2707 = IFCPRESENTATIONSTYLEASSIGNMENT((#2706));
#2708 = IFCSTYLEDITEM($, (#2707), $);
#2709 = IFCSTYLEDREPRESENTATION(#106, 'Body', $, (#2708));
#2710 = IFCOPENSHELL((#2716, #2720, #2726, #2731, #2736, #2740, #2744, #2749, #2753, #2757, #2761, #2764, #2768, #2773, #2778, #2782, #2786, #2789, #2793, #2796, #2800, #2804, #2808, #2812, #2815, #2819, #2822, #2826, #2829, #2833, #2836, #2840, #2844, #2848, #2852, #2855, #2859, #2862, #2866, #2869, #2873, #2876, #2880, #2884, #2889, #2892, #2895, #2899, #2902, #2906, #2909, #2913, #2916, #2920, #2923, #2927, #2930, #2933, #2936, #2940, #2943, #2947, #2950, #2954, #2958, #2962, #2966, #2969, #2973, #2976, #2980, #2984, #2987, #2991, #2994, #2998, #3002, #3006, #3012, #3016, #3020, #3025, #3029, #3033, #3037, #3040, #3043, #3046, #3049, #3053, #3056, #3059, #3063, #3067, #3071, #3074, #3077, #3081, #3084, #3087, #3092, #3096, #3099, #3102, #3106, #3109, #3112, #3116, #3120, #3123, #3127, #3131, #3135, #3138, #3142, #3146, #3149, #3152, #3155, #3159, #3162, #3165, #3169, #3172, #3176, #3181, #3185, #3188, #3192, #3195, #3199, #3203, #3209, #3213, #3216, #3219, #3222, #3226, #3230, #3233, #3238, #3242, #3245, #3248, #3252, #3257, #3260, #3263, #3266, #3269, #3273, #3277, #3282, #3285, #3288, #3293, #3297, #3300, #3303, #3306, #3309, #3312, #3315, #3318, #3321, #3324, #3327, #3330, #3333, #3336, #3339, #3342, #3345, #3348, #3351));
#2711 = IFCPOLYLOOP((#2712, #2713, #2714));
#2712 = IFCCARTESIANPOINT((-1.46789474487305E-2, -3.67685890197754E-2, 2.32964248657227E-1));
#2713 = IFCCARTESIANPOINT((-1.46239204406738E-2, -3.86867523193359E-2, 2.39940536499023E-1));
#2714 = IFCCARTESIANPOINT((-1.31870975494385E-2, -3.76522750854492E-2, 2.33866363525391E-1));
#2715 = IFCFACEOUTERBOUND(#2711, .T.);
#2716 = IFCFACE((#2715));
#2717 = IFCPOLYLOOP((#2714, #2713, #2718));
#2718 = IFCCARTESIANPOINT((-1.10139045715332E-2, -3.83520050048828E-2, 2.34011215209961E-1));
#2719 = IFCFACEOUTERBOUND(#2717, .T.);
#2720 = IFCFACE((#2719));
#2721 = IFCPOLYLOOP((#2722, #2723, #2724));
#2722 = IFCCARTESIANPOINT((-8.51993942260742E-3, -1.95625839233398E-2, 1.77072357177734E-1));
#2723 = IFCCARTESIANPOINT((-8.6489372253418E-3, -1.5571795463562E-2, 1.67596252441406E-1));
#2724 = IFCCARTESIANPOINT((-1.01480979919434E-2, -1.96404342651367E-2, 1.76818771362305E-1));
#2725 = IFCFACEOUTERBOUND(#2721, .T.);
#2726 = IFCFACE((#2725));
#2727 = IFCPOLYLOOP((#2728, #2729, #2722));
#2728 = IFCCARTESIANPOINT((-6.70952939987183E-3, -1.93660335540771E-2, 1.77377029418945E-1));
#2729 = IFCCARTESIANPOINT((-6.95969009399414E-3, -1.52476978302002E-2, 1.68025207519531E-1));
#2730 = IFCFACEOUTERBOUND(#2727, .T.);
#2731 = IFCFACE((#2730));
#2732 = IFCPOLYLOOP((#2733, #2734, #2728));
#2733 = IFCCARTESIANPOINT((-4.45340490341187E-3, -1.89575901031494E-2, 1.77801223754883E-1));
#2734 = IFCCARTESIANPOINT((-4.74689292907715E-3, -1.48052549362183E-2, 1.68512176513672E-1));
#2735 = IFCFACEOUTERBOUND(#2732, .T.);
#2736 = IFCFACE((#2735));
#2737 = IFCPOLYLOOP((#2738, #2734, #2733));
#2738 = IFCCARTESIANPOINT((-2.38810634613037E-3, -1.43142919540405E-2, 1.68940185546875E-1));
#2739 = IFCFACEOUTERBOUND(#2737, .T.);
#2740 = IFCFACE((#2739));
#2741 = IFCPOLYLOOP((#2733, #2742, #2738));
#2742 = IFCCARTESIANPOINT((-2.20517802238464E-3, -1.83272933959961E-2, 1.78300552368164E-1));
#2743 = IFCFACEOUTERBOUND(#2741, .T.);
#2744 = IFCFACE((#2743));
#2745 = IFCPOLYLOOP((#2746, #2724, #2747));
#2746 = IFCCARTESIANPOINT((-1.02405109405518E-2, -2.32715034484863E-2, 1.86288345336914E-1));
#2747 = IFCCARTESIANPOINT((-1.19444513320923E-2, -2.2990909576416E-2, 1.86204025268555E-1));
#2748 = IFCFACEOUTERBOUND(#2745, .T.);
#2749 = IFCFACE((#2748));
#2750 = IFCPOLYLOOP((#2751, #2722, #2746));
#2751 = IFCCARTESIANPOINT((-8.4478645324707E-3, -2.33980083465576E-2, 1.86433410644531E-1));
#2752 = IFCFACEOUTERBOUND(#2750, .T.);
#2753 = IFCFACE((#2752));
#2754 = IFCPOLYLOOP((#2755, #2728, #2751));
#2755 = IFCCARTESIANPOINT((-6.52426481246948E-3, -2.33438930511475E-2, 1.86659439086914E-1));
#2756 = IFCFACEOUTERBOUND(#2754, .T.);
#2757 = IFCFACE((#2756));
#2758 = IFCPOLYLOOP((#2759, #2733, #2755));
#2759 = IFCCARTESIANPOINT((-4.2322678565979E-3, -2.29842891693115E-2, 1.87050521850586E-1));
#2760 = IFCFACEOUTERBOUND(#2758, .T.);
#2761 = IFCFACE((#2760));
#2762 = IFCPOLYLOOP((#2742, #2733, #2759));
#2763 = IFCFACEOUTERBOUND(#2762, .T.);
#2764 = IFCFACE((#2763));
#2765 = IFCPOLYLOOP((#2759, #2766, #2742));
#2766 = IFCCARTESIANPOINT((-2.09422636032104E-3, -2.22231044769287E-2, 1.87609008789063E-1));
#2767 = IFCFACEOUTERBOUND(#2765, .T.);
#2768 = IFCFACE((#2767));
#2769 = IFCPOLYLOOP((#2770, #2771, #2766));
#2770 = IFCCARTESIANPOINT((-5.51491677761078E-4, -2.11224918365479E-2, 1.88281478881836E-1));
#2771 = IFCCARTESIANPOINT((-3.96028161048889E-4, -1.75517826080322E-2, 1.78810928344727E-1));
#2772 = IFCFACEOUTERBOUND(#2769, .T.);
#2773 = IFCFACE((#2772));
#2774 = IFCPOLYLOOP((#2775, #2746, #2776));
#2775 = IFCCARTESIANPOINT((-1.04444980621338E-2, -2.667116355896E-2, 1.95642913818359E-1));
#2776 = IFCCARTESIANPOINT((-1.23365116119385E-2, -2.61453056335449E-2, 1.95637847900391E-1));
#2777 = IFCFACEOUTERBOUND(#2774, .T.);
#2778 = IFCFACE((#2777));
#2779 = IFCPOLYLOOP((#2780, #2751, #2775));
#2780 = IFCCARTESIANPOINT((-8.50722694396973E-3, -2.69929256439209E-2, 1.95727661132813E-1));
#2781 = IFCFACEOUTERBOUND(#2779, .T.);
#2782 = IFCFACE((#2781));
#2783 = IFCPOLYLOOP((#2784, #2755, #2780));
#2784 = IFCCARTESIANPOINT((-6.48700857162476E-3, -2.70771408081055E-2, 1.95914428710938E-1));
#2785 = IFCFACEOUTERBOUND(#2783, .T.);
#2786 = IFCFACE((#2785));
#2787 = IFCPOLYLOOP((#2759, #2755, #2784));
#2788 = IFCFACEOUTERBOUND(#2787, .T.);
#2789 = IFCFACE((#2788));
#2790 = IFCPOLYLOOP((#2784, #2791, #2759));
#2791 = IFCCARTESIANPOINT((-4.16854763031006E-3, -2.67707328796387E-2, 1.96297500610352E-1));
#2792 = IFCFACEOUTERBOUND(#2790, .T.);
#2793 = IFCFACE((#2792));
#2794 = IFCPOLYLOOP((#2766, #2759, #2791));
#2795 = IFCFACEOUTERBOUND(#2794, .T.);
#2796 = IFCFACE((#2795));
#2797 = IFCPOLYLOOP((#2791, #2798, #2766));
#2798 = IFCCARTESIANPOINT((-2.13021564483643E-3, -2.58967304229736E-2, 1.96903274536133E-1));
#2799 = IFCFACEOUTERBOUND(#2797, .T.);
#2800 = IFCFACE((#2799));
#2801 = IFCPOLYLOOP((#2802, #2770, #2798));
#2802 = IFCCARTESIANPOINT((-8.16928088665009E-4, -2.45028762817383E-2, 1.97679534912109E-1));
#2803 = IFCFACEOUTERBOUND(#2801, .T.);
#2804 = IFCFACE((#2803));
#2805 = IFCPOLYLOOP((#2775, #2776, #2806));
#2806 = IFCCARTESIANPOINT((-1.28654184341431E-2, -2.91261501312256E-2, 2.05172546386719E-1));
#2807 = IFCFACEOUTERBOUND(#2805, .T.);
#2808 = IFCFACE((#2807));
#2809 = IFCPOLYLOOP((#2806, #2810, #2775));
#2810 = IFCCARTESIANPOINT((-1.08167238235474E-2, -2.98654956817627E-2, 2.05143630981445E-1));
#2811 = IFCFACEOUTERBOUND(#2809, .T.);
#2812 = IFCFACE((#2811));
#2813 = IFCPOLYLOOP((#2780, #2775, #2810));
#2814 = IFCFACEOUTERBOUND(#2813, .T.);
#2815 = IFCFACE((#2814));
#2816 = IFCPOLYLOOP((#2810, #2817, #2780));
#2817 = IFCCARTESIANPOINT((-8.76212596893311E-3, -3.03574752807617E-2, 2.0520768737793E-1));
#2818 = IFCFACEOUTERBOUND(#2816, .T.);
#2819 = IFCFACE((#2818));
#2820 = IFCPOLYLOOP((#2784, #2780, #2817));
#2821 = IFCFACEOUTERBOUND(#2820, .T.);
#2822 = IFCFACE((#2821));
#2823 = IFCPOLYLOOP((#2817, #2824, #2784));
#2824 = IFCCARTESIANPOINT((-6.66651058197021E-3, -3.05633716583252E-2, 2.05387481689453E-1));
#2825 = IFCFACEOUTERBOUND(#2823, .T.);
#2826 = IFCFACE((#2825));
#2827 = IFCPOLYLOOP((#2791, #2784, #2824));
#2828 = IFCFACEOUTERBOUND(#2827, .T.);
#2829 = IFCFACE((#2828));
#2830 = IFCPOLYLOOP((#2824, #2831, #2791));
#2831 = IFCCARTESIANPOINT((-4.33141469955444E-3, -3.0307580947876E-2, 2.0578271484375E-1));
#2832 = IFCFACEOUTERBOUND(#2830, .T.);
#2833 = IFCFACE((#2832));
#2834 = IFCPOLYLOOP((#2798, #2791, #2831));
#2835 = IFCFACEOUTERBOUND(#2834, .T.);
#2836 = IFCFACE((#2835));
#2837 = IFCPOLYLOOP((#2831, #2838, #2798));
#2838 = IFCCARTESIANPOINT((-2.37542104721069E-3, -2.93452758789063E-2, 2.06424758911133E-1));
#2839 = IFCFACEOUTERBOUND(#2837, .T.);
#2840 = IFCFACE((#2839));
#2841 = IFCPOLYLOOP((#2842, #2802, #2838));
#2842 = IFCCARTESIANPOINT((-1.24029719829559E-3, -2.77128219604492E-2, 2.0725471496582E-1));
#2843 = IFCFACEOUTERBOUND(#2841, .T.);
#2844 = IFCFACE((#2843));
#2845 = IFCPOLYLOOP((#2810, #2806, #2846));
#2846 = IFCCARTESIANPOINT((-1.35501461029053E-2, -3.1865442276001E-2, 2.14692291259766E-1));
#2847 = IFCFACEOUTERBOUND(#2845, .T.);
#2848 = IFCFACE((#2847));
#2849 = IFCPOLYLOOP((#2846, #2850, #2810));
#2850 = IFCCARTESIANPOINT((-1.13898668289185E-2, -3.27629585266113E-2, 2.14665924072266E-1));
#2851 = IFCFACEOUTERBOUND(#2849, .T.);
#2852 = IFCFACE((#2851));
#2853 = IFCPOLYLOOP((#2817, #2810, #2850));
#2854 = IFCFACEOUTERBOUND(#2853, .T.);
#2855 = IFCFACE((#2854));
#2856 = IFCPOLYLOOP((#2850, #2857, #2817));
#2857 = IFCCARTESIANPOINT((-9.25521373748779E-3, -3.3380687713623E-2, 2.14740798950195E-1));
#2858 = IFCFACEOUTERBOUND(#2856, .T.);
#2859 = IFCFACE((#2858));
#2860 = IFCPOLYLOOP((#2824, #2817, #2857));
#2861 = IFCFACEOUTERBOUND(#2860, .T.);
#2862 = IFCFACE((#2861));
#2863 = IFCPOLYLOOP((#2857, #2864, #2824));
#2864 = IFCCARTESIANPOINT((-7.11134099960327E-3, -3.36770973205566E-2, 2.14938552856445E-1));
#2865 = IFCFACEOUTERBOUND(#2863, .T.);
#2866 = IFCFACE((#2865));
#2867 = IFCPOLYLOOP((#2831, #2824, #2864));
#2868 = IFCFACEOUTERBOUND(#2867, .T.);
#2869 = IFCFACE((#2868));
#2870 = IFCPOLYLOOP((#2864, #2871, #2831));
#2871 = IFCCARTESIANPOINT((-4.7694787979126E-3, -3.34625015258789E-2, 2.15360061645508E-1));
#2872 = IFCFACEOUTERBOUND(#2870, .T.);
#2873 = IFCFACE((#2872));
#2874 = IFCPOLYLOOP((#2838, #2831, #2871));
#2875 = IFCFACEOUTERBOUND(#2874, .T.);
#2876 = IFCFACE((#2875));
#2877 = IFCPOLYLOOP((#2871, #2878, #2838));
#2878 = IFCCARTESIANPOINT((-2.86897563934326E-3, -3.24459571838379E-2, 2.16026382446289E-1));
#2879 = IFCFACEOUTERBOUND(#2877, .T.);
#2880 = IFCFACE((#2879));
#2881 = IFCPOLYLOOP((#2882, #2842, #2878));
#2882 = IFCCARTESIANPOINT((-1.84219288825989E-3, -3.06579475402832E-2, 2.16866058349609E-1));
#2883 = IFCFACEOUTERBOUND(#2881, .T.);
#2884 = IFCFACE((#2883));
#2885 = IFCPOLYLOOP((#2846, #2886, #2887));
#2886 = IFCCARTESIANPOINT((-1.46449794769287E-2, -3.25166358947754E-2, 2.18591613769531E-1));
#2887 = IFCCARTESIANPOINT((-1.21799020767212E-2, -3.53512306213379E-2, 2.24224853515625E-1));
#2888 = IFCFACEOUTERBOUND(#2885, .T.);
#2889 = IFCFACE((#2888));
#2890 = IFCPOLYLOOP((#2887, #2850, #2846));
#2891 = IFCFACEOUTERBOUND(#2890, .T.);
#2892 = IFCFACE((#2891));
#2893 = IFCPOLYLOOP((#2857, #2850, #2887));
#2894 = IFCFACEOUTERBOUND(#2893, .T.);
#2895 = IFCFACE((#2894));
#2896 = IFCPOLYLOOP((#2887, #2897, #2857));
#2897 = IFCCARTESIANPOINT((-1.00059576034546E-2, -3.6039665222168E-2, 2.24330810546875E-1));
#2898 = IFCFACEOUTERBOUND(#2896, .T.);
#2899 = IFCFACE((#2898));
#2900 = IFCPOLYLOOP((#2864, #2857, #2897));
#2901 = IFCFACEOUTERBOUND(#2900, .T.);
#2902 = IFCFACE((#2901));
#2903 = IFCPOLYLOOP((#2897, #2904, #2864));
#2904 = IFCCARTESIANPOINT((-7.84212589263916E-3, -3.63877754211426E-2, 2.24561584472656E-1));
#2905 = IFCFACEOUTERBOUND(#2903, .T.);
#2906 = IFCFACE((#2905));
#2907 = IFCPOLYLOOP((#2871, #2864, #2904));
#2908 = IFCFACEOUTERBOUND(#2907, .T.);
#2909 = IFCFACE((#2908));
#2910 = IFCPOLYLOOP((#2904, #2911, #2871));
#2911 = IFCCARTESIANPOINT((-5.50136566162109E-3, -3.62016830444336E-2, 2.25015869140625E-1));
#2912 = IFCFACEOUTERBOUND(#2910, .T.);
#2913 = IFCFACE((#2912));
#2914 = IFCPOLYLOOP((#2878, #2871, #2911));
#2915 = IFCFACEOUTERBOUND(#2914, .T.);
#2916 = IFCFACE((#2915));
#2917 = IFCPOLYLOOP((#2911, #2918, #2878));
#2918 = IFCCARTESIANPOINT((-3.62370347976685E-3, -3.51705474853516E-2, 2.25694427490234E-1));
#2919 = IFCFACEOUTERBOUND(#2917, .T.);
#2920 = IFCFACE((#2919));
#2921 = IFCPOLYLOOP((#2882, #2878, #2918));
#2922 = IFCFACEOUTERBOUND(#2921, .T.);
#2923 = IFCFACE((#2922));
#2924 = IFCPOLYLOOP((#2918, #2925, #2882));
#2925 = IFCCARTESIANPOINT((-2.62713623046875E-3, -3.33254508972168E-2, 2.26510025024414E-1));
#2926 = IFCFACEOUTERBOUND(#2924, .T.);
#2927 = IFCFACE((#2926));
#2928 = IFCPOLYLOOP((#2897, #2887, #2714));
#2929 = IFCFACEOUTERBOUND(#2928, .T.);
#2930 = IFCFACE((#2929));
#2931 = IFCPOLYLOOP((#2714, #2718, #2897));
#2932 = IFCFACEOUTERBOUND(#2931, .T.);
#2933 = IFCFACE((#2932));
#2934 = IFCPOLYLOOP((#2904, #2897, #2718));
#2935 = IFCFACEOUTERBOUND(#2934, .T.);
#2936 = IFCFACE((#2935));
#2937 = IFCPOLYLOOP((#2718, #2938, #2904));
#2938 = IFCCARTESIANPOINT((-8.85639476776123E-3, -3.87103424072266E-2, 2.34279067993164E-1));
#2939 = IFCFACEOUTERBOUND(#2937, .T.);
#2940 = IFCFACE((#2939));
#2941 = IFCPOLYLOOP((#2911, #2904, #2938));
#2942 = IFCFACEOUTERBOUND(#2941, .T.);
#2943 = IFCFACE((#2942));
#2944 = IFCPOLYLOOP((#2938, #2945, #2911));
#2945 = IFCCARTESIANPOINT((-6.5211033821106E-3, -3.85397872924805E-2, 2.34764099121094E-1));
#2946 = IFCFACEOUTERBOUND(#2944, .T.);
#2947 = IFCFACE((#2946));
#2948 = IFCPOLYLOOP((#2918, #2911, #2945));
#2949 = IFCFACEOUTERBOUND(#2948, .T.);
#2950 = IFCFACE((#2949));
#2951 = IFCPOLYLOOP((#2945, #2952, #2918));
#2952 = IFCCARTESIANPOINT((-4.63001680374146E-3, -3.7537181854248E-2, 2.35442840576172E-1));
#2953 = IFCFACEOUTERBOUND(#2951, .T.);
#2954 = IFCFACE((#2953));
#2955 = IFCPOLYLOOP((#2956, #2925, #2952));
#2956 = IFCCARTESIANPOINT((-3.58373498916626E-3, -3.57403259277344E-2, 2.36212295532227E-1));
#2957 = IFCFACEOUTERBOUND(#2955, .T.);
#2958 = IFCFACE((#2957));
#2959 = IFCPOLYLOOP((#2938, #2718, #2960));
#2960 = IFCCARTESIANPOINT((-1.22581424713135E-2, -4.03629875183105E-2, 2.43810729980469E-1));
#2961 = IFCFACEOUTERBOUND(#2959, .T.);
#2962 = IFCFACE((#2961));
#2963 = IFCPOLYLOOP((#2960, #2964, #2938));
#2964 = IFCCARTESIANPOINT((-1.01283578872681E-2, -4.06919441223145E-2, 2.44107666015625E-1));
#2965 = IFCFACEOUTERBOUND(#2963, .T.);
#2966 = IFCFACE((#2965));
#2967 = IFCPOLYLOOP((#2945, #2938, #2964));
#2968 = IFCFACEOUTERBOUND(#2967, .T.);
#2969 = IFCFACE((#2968));
#2970 = IFCPOLYLOOP((#2964, #2971, #2945));
#2971 = IFCCARTESIANPOINT((-7.79798746109009E-3, -4.05264739990234E-2, 2.44612030029297E-1));
#2972 = IFCFACEOUTERBOUND(#2970, .T.);
#2973 = IFCFACE((#2972));
#2974 = IFCPOLYLOOP((#2952, #2945, #2971));
#2975 = IFCFACEOUTERBOUND(#2974, .T.);
#2976 = IFCFACE((#2975));
#2977 = IFCPOLYLOOP((#2971, #2978, #2952));
#2978 = IFCCARTESIANPOINT((-5.8554368019104E-3, -3.95972290039063E-2, 2.45278884887695E-1));
#2979 = IFCFACEOUTERBOUND(#2977, .T.);
#2980 = IFCFACE((#2979));
#2981 = IFCPOLYLOOP((#2982, #2964, #2960));
#2982 = IFCCARTESIANPOINT((-1.16089115142822E-2, -4.24119300842285E-2, 2.54058288574219E-1));
#2983 = IFCFACEOUTERBOUND(#2981, .T.);
#2984 = IFCFACE((#2983));
#2985 = IFCPOLYLOOP((#2971, #2964, #2982));
#2986 = IFCFACEOUTERBOUND(#2985, .T.);
#2987 = IFCFACE((#2986));
#2988 = IFCPOLYLOOP((#2982, #2989, #2971));
#2989 = IFCCARTESIANPOINT((-9.27657890319824E-3, -4.22463989257813E-2, 2.54560241699219E-1));
#2990 = IFCFACEOUTERBOUND(#2988, .T.);
#2991 = IFCFACE((#2990));
#2992 = IFCPOLYLOOP((#2978, #2971, #2989));
#2993 = IFCFACEOUTERBOUND(#2992, .T.);
#2994 = IFCFACE((#2993));
#2995 = IFCPOLYLOOP((#2989, #2996, #2978));
#2996 = IFCCARTESIANPOINT((-7.24459648132324E-3, -4.14353065490723E-2, 2.55202987670898E-1));
#2997 = IFCFACEOUTERBOUND(#2995, .T.);
#2998 = IFCFACE((#2997));
#2999 = IFCPOLYLOOP((#2989, #2982, #3000));
#3000 = IFCCARTESIANPOINT((-1.32256345748901E-2, -4.3981861114502E-2, 2.64136047363281E-1));
#3001 = IFCFACEOUTERBOUND(#2999, .T.);
#3002 = IFCFACE((#3001));
#3003 = IFCPOLYLOOP((#3000, #3004, #2989));
#3004 = IFCCARTESIANPOINT((-1.08767042160034E-2, -4.38192176818848E-2, 2.64602600097656E-1));
#3005 = IFCFACEOUTERBOUND(#3003, .T.);
#3006 = IFCFACE((#3005));
#3007 = IFCPOLYLOOP((#3008, #3009, #3010));
#3008 = IFCCARTESIANPOINT((-1.24317674636841E-2, -1.80778541564941E-2, 1.72031875610352E-1));
#3009 = IFCCARTESIANPOINT((-1.27588396072388E-2, -1.99939613342285E-2, 1.77837982177734E-1));
#3010 = IFCCARTESIANPOINT((-1.16424913406372E-2, -1.96183109283447E-2, 1.7660026550293E-1));
#3011 = IFCFACEOUTERBOUND(#3007, .T.);
#3012 = IFCFACE((#3011));
#3013 = IFCPOLYLOOP((#3010, #3014, #3008));
#3014 = IFCCARTESIANPOINT((-1.1154257774353E-2, -1.61715698242188E-2, 1.67253723144531E-1));
#3015 = IFCFACEOUTERBOUND(#3013, .T.);
#3016 = IFCFACE((#3015));
#3017 = IFCPOLYLOOP((#3009, #3018, #3010));
#3018 = IFCCARTESIANPOINT((-1.33318672180176E-2, -2.19598770141602E-2, 1.8413102722168E-1));
#3019 = IFCFACEOUTERBOUND(#3017, .T.);
#3020 = IFCFACE((#3019));
#3021 = IFCPOLYLOOP((#3022, #2729, #3023));
#3022 = IFCCARTESIANPOINT((-8.54893112182617E-3, -1.24353141784668E-2, 1.6031071472168E-1));
#3023 = IFCCARTESIANPOINT((-6.58182716369629E-3, -1.1223313331604E-2, 1.59282119750977E-1));
#3024 = IFCFACEOUTERBOUND(#3021, .T.);
#3025 = IFCFACE((#3024));
#3026 = IFCPOLYLOOP((#3023, #2729, #3027));
#3027 = IFCCARTESIANPOINT((-5.41391277313232E-3, -1.1238808631897E-2, 1.60165771484375E-1));
#3028 = IFCFACEOUTERBOUND(#3026, .T.);
#3029 = IFCFACE((#3028));
#3030 = IFCPOLYLOOP((#2723, #3022, #3031));
#3031 = IFCCARTESIANPOINT((-9.83749485015869E-3, -1.37765121459961E-2, 1.62228759765625E-1));
#3032 = IFCFACEOUTERBOUND(#3030, .T.);
#3033 = IFCFACE((#3032));
#3034 = IFCPOLYLOOP((#2724, #3035, #3014));
#3035 = IFCCARTESIANPOINT((-1.01057453155518E-2, -1.58388824462891E-2, 1.67178527832031E-1));
#3036 = IFCFACEOUTERBOUND(#3034, .T.);
#3037 = IFCFACE((#3036));
#3038 = IFCPOLYLOOP((#3031, #3014, #3035));
#3039 = IFCFACEOUTERBOUND(#3038, .T.);
#3040 = IFCFACE((#3039));
#3041 = IFCPOLYLOOP((#3022, #2723, #2729));
#3042 = IFCFACEOUTERBOUND(#3041, .T.);
#3043 = IFCFACE((#3042));
#3044 = IFCPOLYLOOP((#2724, #3014, #3010));
#3045 = IFCFACEOUTERBOUND(#3044, .T.);
#3046 = IFCFACE((#3045));
#3047 = IFCPOLYLOOP((#3031, #3035, #2723));
#3048 = IFCFACEOUTERBOUND(#3047, .T.);
#3049 = IFCFACE((#3048));
#3050 = IFCPOLYLOOP((#2734, #3051, #3027));
#3051 = IFCCARTESIANPOINT((-4.22783803939819E-3, -1.12978115081787E-2, 1.61017501831055E-1));
#3052 = IFCFACEOUTERBOUND(#3050, .T.);
#3053 = IFCFACE((#3052));
#3054 = IFCPOLYLOOP((#3027, #2729, #2734));
#3055 = IFCFACEOUTERBOUND(#3054, .T.);
#3056 = IFCFACE((#3055));
#3057 = IFCPOLYLOOP((#2747, #3010, #3018));
#3058 = IFCFACEOUTERBOUND(#3057, .T.);
#3059 = IFCFACE((#3058));
#3060 = IFCPOLYLOOP((#3061, #2747, #3018));
#3061 = IFCCARTESIANPOINT((-1.35197191238403E-2, -2.40534896850586E-2, 1.90669876098633E-1));
#3062 = IFCFACEOUTERBOUND(#3060, .T.);
#3063 = IFCFACE((#3062));
#3064 = IFCPOLYLOOP((#2776, #3061, #3065));
#3065 = IFCCARTESIANPOINT((-1.37971248626709E-2, -2.58211345672607E-2, 1.9637841796875E-1));
#3066 = IFCFACEOUTERBOUND(#3064, .T.);
#3067 = IFCFACE((#3066));
#3068 = IFCPOLYLOOP((#2806, #2776, #3069));
#3069 = IFCCARTESIANPOINT((-1.42656669616699E-2, -2.7960750579834E-2, 2.03631393432617E-1));
#3070 = IFCFACEOUTERBOUND(#3068, .T.);
#3071 = IFCFACE((#3070));
#3072 = IFCPOLYLOOP((#2776, #2747, #3061));
#3073 = IFCFACEOUTERBOUND(#3072, .T.);
#3074 = IFCFACE((#3073));
#3075 = IFCPOLYLOOP((#3069, #2776, #3065));
#3076 = IFCFACEOUTERBOUND(#3075, .T.);
#3077 = IFCFACE((#3076));
#3078 = IFCPOLYLOOP((#3069, #3079, #2806));
#3079 = IFCCARTESIANPOINT((-1.44677209854126E-2, -3.02427864074707E-2, 2.11057678222656E-1));
#3080 = IFCFACEOUTERBOUND(#3078, .T.);
#3081 = IFCFACE((#3080));
#3082 = IFCPOLYLOOP((#2846, #2806, #3079));
#3083 = IFCFACEOUTERBOUND(#3082, .T.);
#3084 = IFCFACE((#3083));
#3085 = IFCPOLYLOOP((#3079, #2886, #2846));
#3086 = IFCFACEOUTERBOUND(#3085, .T.);
#3087 = IFCFACE((#3086));
#3088 = IFCPOLYLOOP((#2738, #3089, #3090));
#3089 = IFCCARTESIANPOINT((-1.68944561481476E-3, -1.29019336700439E-2, 1.66029922485352E-1));
#3090 = IFCCARTESIANPOINT((-2.53095555305481E-3, -1.19436435699463E-2, 1.63354598999023E-1));
#3091 = IFCFACEOUTERBOUND(#3088, .T.);
#3092 = IFCFACE((#3091));
#3093 = IFCPOLYLOOP((#3089, #2738, #3094));
#3094 = IFCCARTESIANPOINT((-8.8810920715332E-4, -1.38101062774658E-2, 1.68702529907227E-1));
#3095 = IFCFACEOUTERBOUND(#3093, .T.);
#3096 = IFCFACE((#3095));
#3097 = IFCPOLYLOOP((#3051, #2734, #2738));
#3098 = IFCFACEOUTERBOUND(#3097, .T.);
#3099 = IFCFACE((#3098));
#3100 = IFCPOLYLOOP((#2738, #3090, #3051));
#3101 = IFCFACEOUTERBOUND(#3100, .T.);
#3102 = IFCFACE((#3101));
#3103 = IFCPOLYLOOP((#3104, #2771, #2770));
#3104 = IFCCARTESIANPOINT((1.87455832958221E-4, -1.92060279846191E-2, 1.85434616088867E-1));
#3105 = IFCFACEOUTERBOUND(#3103, .T.);
#3106 = IFCFACE((#3105));
#3107 = IFCPOLYLOOP((#2742, #2771, #3094));
#3108 = IFCFACEOUTERBOUND(#3107, .T.);
#3109 = IFCFACE((#3108));
#3110 = IFCPOLYLOOP((#2738, #2742, #3094));
#3111 = IFCFACEOUTERBOUND(#3110, .T.);
#3112 = IFCFACE((#3111));
#3113 = IFCPOLYLOOP((#3114, #3094, #2771));
#3114 = IFCCARTESIANPOINT((1.48758098483086E-4, -1.53146381378174E-2, 1.73540679931641E-1));
#3115 = IFCFACEOUTERBOUND(#3113, .T.);
#3116 = IFCFACE((#3115));
#3117 = IFCPOLYLOOP((#3114, #2771, #3118));
#3118 = IFCCARTESIANPOINT((2.65595078468323E-4, -1.73143310546875E-2, 1.79526153564453E-1));
#3119 = IFCFACEOUTERBOUND(#3117, .T.);
#3120 = IFCFACE((#3119));
#3121 = IFCPOLYLOOP((#2771, #3104, #3118));
#3122 = IFCFACEOUTERBOUND(#3121, .T.);
#3123 = IFCFACE((#3122));
#3124 = IFCPOLYLOOP((#3125, #3104, #2770));
#3125 = IFCCARTESIANPOINT((-5.83544671535492E-5, -2.13533306121826E-2, 1.92515579223633E-1));
#3126 = IFCFACEOUTERBOUND(#3124, .T.);
#3127 = IFCFACE((#3126));
#3128 = IFCPOLYLOOP((#2802, #3129, #3125));
#3129 = IFCCARTESIANPOINT((-3.52623075246811E-4, -2.30718822479248E-2, 1.98230117797852E-1));
#3130 = IFCFACEOUTERBOUND(#3128, .T.);
#3131 = IFCFACE((#3130));
#3132 = IFCPOLYLOOP((#2842, #3133, #2802));
#3133 = IFCCARTESIANPOINT((-7.68681943416595E-4, -2.50866947174072E-2, 2.04922912597656E-1));
#3134 = IFCFACEOUTERBOUND(#3132, .T.);
#3135 = IFCFACE((#3134));
#3136 = IFCPOLYLOOP((#2802, #3125, #2770));
#3137 = IFCFACEOUTERBOUND(#3136, .T.);
#3138 = IFCFACE((#3137));
#3139 = IFCPOLYLOOP((#2882, #2925, #3140));
#3140 = IFCCARTESIANPOINT((-1.90113317966461E-3, -2.99150218963623E-2, 2.20307098388672E-1));
#3141 = IFCFACEOUTERBOUND(#3139, .T.);
#3142 = IFCFACE((#3141));
#3143 = IFCPOLYLOOP((#2882, #3140, #3144));
#3144 = IFCCARTESIANPOINT((-1.32996082305908E-3, -2.7587718963623E-2, 2.12901077270508E-1));
#3145 = IFCFACEOUTERBOUND(#3143, .T.);
#3146 = IFCFACE((#3145));
#3147 = IFCPOLYLOOP((#2842, #2882, #3144));
#3148 = IFCFACEOUTERBOUND(#3147, .T.);
#3149 = IFCFACE((#3148));
#3150 = IFCPOLYLOOP((#2802, #3133, #3129));
#3151 = IFCFACEOUTERBOUND(#3150, .T.);
#3152 = IFCFACE((#3151));
#3153 = IFCPOLYLOOP((#3133, #2842, #3144));
#3154 = IFCFACEOUTERBOUND(#3153, .T.);
#3155 = IFCFACE((#3154));
#3156 = IFCPOLYLOOP((#3157, #2887, #2886));
#3157 = IFCCARTESIANPOINT((-1.45219068527222E-2, -3.48283920288086E-2, 2.25978378295898E-1));
#3158 = IFCFACEOUTERBOUND(#3156, .T.);
#3159 = IFCFACE((#3158));
#3160 = IFCPOLYLOOP((#2887, #3157, #2712));
#3161 = IFCFACEOUTERBOUND(#3160, .T.);
#3162 = IFCFACE((#3161));
#3163 = IFCPOLYLOOP((#2887, #2712, #2714));
#3164 = IFCFACEOUTERBOUND(#3163, .T.);
#3165 = IFCFACE((#3164));
#3166 = IFCPOLYLOOP((#2960, #2713, #3167));
#3167 = IFCCARTESIANPOINT((-1.45998058319092E-2, -4.05234451293945E-2, 2.47306838989258E-1));
#3168 = IFCFACEOUTERBOUND(#3166, .T.);
#3169 = IFCFACE((#3168));
#3170 = IFCPOLYLOOP((#2713, #2960, #2718));
#3171 = IFCFACEOUTERBOUND(#3170, .T.);
#3172 = IFCFACE((#3171));
#3173 = IFCPOLYLOOP((#2982, #2960, #3174));
#3174 = IFCCARTESIANPOINT((-1.42302045822144E-2, -4.21210746765137E-2, 2.54148986816406E-1));
#3175 = IFCFACEOUTERBOUND(#3173, .T.);
#3176 = IFCFACE((#3175));
#3177 = IFCPOLYLOOP((#3000, #3178, #3179));
#3178 = IFCCARTESIANPOINT((-1.43160104751587E-2, -4.35208396911621E-2, 2.61648101806641E-1));
#3179 = IFCCARTESIANPOINT((-1.48078117370605E-2, -4.36538887023926E-2, 2.62716979980469E-1));
#3180 = IFCFACEOUTERBOUND(#3177, .T.);
#3181 = IFCFACE((#3180));
#3182 = IFCPOLYLOOP((#2982, #3183, #3178));
#3183 = IFCCARTESIANPOINT((-1.46826124191284E-2, -4.21910629272461E-2, 2.54973831176758E-1));
#3184 = IFCFACEOUTERBOUND(#3182, .T.);
#3185 = IFCFACE((#3184));
#3186 = IFCPOLYLOOP((#3183, #2982, #3174));
#3187 = IFCFACEOUTERBOUND(#3186, .T.);
#3188 = IFCFACE((#3187));
#3189 = IFCPOLYLOOP((#3000, #3179, #3190));
#3190 = IFCCARTESIANPOINT((-1.45934171676636E-2, -4.48032112121582E-2, 2.69545562744141E-1));
#3191 = IFCFACEOUTERBOUND(#3189, .T.);
#3192 = IFCFACE((#3191));
#3193 = IFCPOLYLOOP((#3000, #2982, #3178));
#3194 = IFCFACEOUTERBOUND(#3193, .T.);
#3195 = IFCFACE((#3194));
#3196 = IFCPOLYLOOP((#3000, #3190, #3197));
#3197 = IFCCARTESIANPOINT((-1.46633682250977E-2, -4.51144943237305E-2, 2.71556579589844E-1));
#3198 = IFCFACEOUTERBOUND(#3196, .T.);
#3199 = IFCFACE((#3198));
#3200 = IFCPOLYLOOP((#3190, #3201, #3197));
#3201 = IFCCARTESIANPOINT((-1.50343589782715E-2, -4.49664039611816E-2, 2.70636596679688E-1));
#3202 = IFCFACEOUTERBOUND(#3200, .T.);
#3203 = IFCFACE((#3202));
#3204 = IFCPOLYLOOP((#3205, #3206, #3207));
#3205 = IFCCARTESIANPOINT((-1.47847633361816E-2, -4.68408622741699E-2, 2.82588989257813E-1));
#3206 = IFCCARTESIANPOINT((-1.33169183731079E-2, -4.6756420135498E-2, 2.82919860839844E-1));
#3207 = IFCCARTESIANPOINT((-1.18992595672607E-2, -4.56930961608887E-2, 2.77512451171875E-1));
#3208 = IFCFACEOUTERBOUND(#3204, .T.);
#3209 = IFCFACE((#3208));
#3210 = IFCPOLYLOOP((#3207, #3211, #3205));
#3211 = IFCCARTESIANPOINT((-1.47669200897217E-2, -4.59774055480957E-2, 2.77176818847656E-1));
#3212 = IFCFACEOUTERBOUND(#3210, .T.);
#3213 = IFCFACE((#3212));
#3214 = IFCPOLYLOOP((#3197, #3211, #3004));
#3215 = IFCFACEOUTERBOUND(#3214, .T.);
#3216 = IFCFACE((#3215));
#3217 = IFCPOLYLOOP((#3000, #3197, #3004));
#3218 = IFCFACEOUTERBOUND(#3217, .T.);
#3219 = IFCFACE((#3218));
#3220 = IFCPOLYLOOP((#3167, #3174, #2960));
#3221 = IFCFACEOUTERBOUND(#3220, .T.);
#3222 = IFCFACE((#3221));
#3223 = IFCPOLYLOOP((#2952, #3224, #2956));
#3224 = IFCCARTESIANPOINT((-4.15490102767944E-3, -3.69324684143066E-2, 2.41499618530273E-1));
#3225 = IFCFACEOUTERBOUND(#3223, .T.);
#3226 = IFCFACE((#3225));
#3227 = IFCPOLYLOOP((#3228, #2925, #2956));
#3228 = IFCCARTESIANPOINT((-3.16851544380188E-3, -3.43728981018066E-2, 2.337861328125E-1));
#3229 = IFCFACEOUTERBOUND(#3227, .T.);
#3230 = IFCFACE((#3229));
#3231 = IFCPOLYLOOP((#2978, #3224, #2952));
#3232 = IFCFACEOUTERBOUND(#3231, .T.);
#3233 = IFCFACE((#3232));
#3234 = IFCPOLYLOOP((#2978, #3235, #3236));
#3235 = IFCCARTESIANPOINT((-6.60847187042236E-3, -4.09162139892578E-2, 2.55123779296875E-1));
#3236 = IFCCARTESIANPOINT((-5.33736848831177E-3, -3.91543884277344E-2, 2.48773788452148E-1));
#3237 = IFCFACEOUTERBOUND(#3234, .T.);
#3238 = IFCFACE((#3237));
#3239 = IFCPOLYLOOP((#3236, #3240, #2978));
#3240 = IFCCARTESIANPOINT((-5.17628955841064E-3, -3.88915710449219E-2, 2.47831497192383E-1));
#3241 = IFCFACEOUTERBOUND(#3239, .T.);
#3242 = IFCFACE((#3241));
#3243 = IFCPOLYLOOP((#2978, #3240, #3224));
#3244 = IFCFACEOUTERBOUND(#3243, .T.);
#3245 = IFCFACE((#3244));
#3246 = IFCPOLYLOOP((#2996, #3235, #2978));
#3247 = IFCFACEOUTERBOUND(#3246, .T.);
#3248 = IFCFACE((#3247));
#3249 = IFCPOLYLOOP((#2925, #3228, #3250));
#3250 = IFCCARTESIANPOINT((-2.54020214080811E-3, -3.23241920471191E-2, 2.27661560058594E-1));
#3251 = IFCFACEOUTERBOUND(#3249, .T.);
#3252 = IFCFACE((#3251));
#3253 = IFCPOLYLOOP((#3254, #2956, #3255));
#3254 = IFCCARTESIANPOINT((-3.27247262001038E-3, -3.46808547973633E-2, 2.34702590942383E-1));
#3255 = IFCCARTESIANPOINT((-4.02534675598145E-3, -3.66417694091797E-2, 2.40579650878906E-1));
#3256 = IFCFACEOUTERBOUND(#3253, .T.);
#3257 = IFCFACE((#3256));
#3258 = IFCPOLYLOOP((#3254, #3228, #2956));
#3259 = IFCFACEOUTERBOUND(#3258, .T.);
#3260 = IFCFACE((#3259));
#3261 = IFCPOLYLOOP((#3255, #2956, #3224));
#3262 = IFCFACEOUTERBOUND(#3261, .T.);
#3263 = IFCFACE((#3262));
#3264 = IFCPOLYLOOP((#2925, #3250, #3140));
#3265 = IFCFACEOUTERBOUND(#3264, .T.);
#3266 = IFCFACE((#3265));
#3267 = IFCPOLYLOOP((#3211, #3207, #3004));
#3268 = IFCFACEOUTERBOUND(#3267, .T.);
#3269 = IFCFACE((#3268));
#3270 = IFCPOLYLOOP((#3004, #3207, #3271));
#3271 = IFCCARTESIANPOINT((-1.05037927627563E-2, -4.46282653808594E-2, 2.72091735839844E-1));
#3272 = IFCFACEOUTERBOUND(#3270, .T.);
#3273 = IFCFACE((#3272));
#3274 = IFCPOLYLOOP((#3206, #3205, #3275));
#3275 = IFCCARTESIANPOINT((-1.43058776855469E-2, -4.71985244750977E-2, 2.848759765625E-1));
#3276 = IFCFACEOUTERBOUND(#3274, .T.);
#3277 = IFCFACE((#3276));
#3278 = IFCPOLYLOOP((#3279, #2996, #3280));
#3279 = IFCCARTESIANPOINT((-6.82648754119873E-3, -4.11710586547852E-2, 2.56074798583984E-1));
#3280 = IFCCARTESIANPOINT((-8.25463581085205E-3, -4.26606483459473E-2, 2.62414184570313E-1));
#3281 = IFCFACEOUTERBOUND(#3278, .T.);
#3282 = IFCFACE((#3281));
#3283 = IFCPOLYLOOP((#2996, #2989, #3280));
#3284 = IFCFACEOUTERBOUND(#3283, .T.);
#3285 = IFCFACE((#3284));
#3286 = IFCPOLYLOOP((#2996, #3279, #3235));
#3287 = IFCFACEOUTERBOUND(#3286, .T.);
#3288 = IFCFACE((#3287));
#3289 = IFCPOLYLOOP((#3290, #3291, #3271));
#3290 = IFCCARTESIANPOINT((-9.9169921875E-3, -4.4338996887207E-2, 2.71275146484375E-1));
#3291 = IFCCARTESIANPOINT((-1.00328245162964E-2, -4.42395515441895E-2, 2.70120391845703E-1));
#3292 = IFCFACEOUTERBOUND(#3289, .T.);
#3293 = IFCFACE((#3292));
#3294 = IFCPOLYLOOP((#3291, #3295, #3004));
#3295 = IFCCARTESIANPOINT((-8.5717077255249E-3, -4.29720687866211E-2, 2.63944030761719E-1));
#3296 = IFCFACEOUTERBOUND(#3294, .T.);
#3297 = IFCFACE((#3296));
#3298 = IFCPOLYLOOP((#3295, #3280, #3004));
#3299 = IFCFACEOUTERBOUND(#3298, .T.);
#3300 = IFCFACE((#3299));
#3301 = IFCPOLYLOOP((#3291, #3004, #3271));
#3302 = IFCFACEOUTERBOUND(#3301, .T.);
#3303 = IFCFACE((#3302));
#3304 = IFCPOLYLOOP((#3004, #3280, #2989));
#3305 = IFCFACEOUTERBOUND(#3304, .T.);
#3306 = IFCFACE((#3305));
#3307 = IFCPOLYLOOP((#2723, #3035, #2724));
#3308 = IFCFACEOUTERBOUND(#3307, .T.);
#3309 = IFCFACE((#3308));
#3310 = IFCPOLYLOOP((#2729, #2723, #2722));
#3311 = IFCFACEOUTERBOUND(#3310, .T.);
#3312 = IFCFACE((#3311));
#3313 = IFCPOLYLOOP((#2734, #2729, #2728));
#3314 = IFCFACEOUTERBOUND(#3313, .T.);
#3315 = IFCFACE((#3314));
#3316 = IFCPOLYLOOP((#2724, #3010, #2747));
#3317 = IFCFACEOUTERBOUND(#3316, .T.);
#3318 = IFCFACE((#3317));
#3319 = IFCPOLYLOOP((#2722, #2724, #2746));
#3320 = IFCFACEOUTERBOUND(#3319, .T.);
#3321 = IFCFACE((#3320));
#3322 = IFCPOLYLOOP((#2728, #2722, #2751));
#3323 = IFCFACEOUTERBOUND(#3322, .T.);
#3324 = IFCFACE((#3323));
#3325 = IFCPOLYLOOP((#2733, #2728, #2755));
#3326 = IFCFACEOUTERBOUND(#3325, .T.);
#3327 = IFCFACE((#3326));
#3328 = IFCPOLYLOOP((#2771, #2742, #2766));
#3329 = IFCFACEOUTERBOUND(#3328, .T.);
#3330 = IFCFACE((#3329));
#3331 = IFCPOLYLOOP((#2746, #2747, #2776));
#3332 = IFCFACEOUTERBOUND(#3331, .T.);
#3333 = IFCFACE((#3332));
#3334 = IFCPOLYLOOP((#2751, #2746, #2775));
#3335 = IFCFACEOUTERBOUND(#3334, .T.);
#3336 = IFCFACE((#3335));
#3337 = IFCPOLYLOOP((#2755, #2751, #2780));
#3338 = IFCFACEOUTERBOUND(#3337, .T.);
#3339 = IFCFACE((#3338));
#3340 = IFCPOLYLOOP((#2770, #2766, #2798));
#3341 = IFCFACEOUTERBOUND(#3340, .T.);
#3342 = IFCFACE((#3341));
#3343 = IFCPOLYLOOP((#2802, #2798, #2838));
#3344 = IFCFACEOUTERBOUND(#3343, .T.);
#3345 = IFCFACE((#3344));
#3346 = IFCPOLYLOOP((#2842, #2838, #2878));
#3347 = IFCFACEOUTERBOUND(#3346, .T.);
#3348 = IFCFACE((#3347));
#3349 = IFCPOLYLOOP((#2925, #2918, #2952));
#3350 = IFCFACEOUTERBOUND(#3349, .T.);
#3351 = IFCFACE((#3350));
#3352 = IFCSURFACESTYLERENDERING(#3353, 0., #3354, $, $, #3355, #3356, $, .NOTDEFINED.);
#3353 = IFCCOLOURRGB('Surface color', 0., 4.98039215803146E-1, 0.);
#3354 = IFCCOLOURRGB('Diffuse color', 0., 4.98039215803146E-1, 0.);
#3355 = IFCCOLOURRGB('Reflection color', 1., 1., 1.);
#3356 = IFCCOLOURRGB('Specular color', 1., 1., 1.);
#3357 = IFCSURFACESTYLE('d194c32c_5116_40c1_a141_b5544e73a1b4', .BOTH., (#3352));
#3358 = IFCPRESENTATIONSTYLEASSIGNMENT((#3357));
#3359 = IFCSTYLEDITEM($, (#3358), $);
#3360 = IFCSTYLEDREPRESENTATION(#106, 'Body', $, (#3359));
#3361 = IFCOPENSHELL((#3367, #3372, #3375, #3380, #3383, #3388, #3391, #3396, #3399, #3403, #3407, #3411, #3414, #3418, #3421, #3425, #3428, #3432, #3435, #3440, #3443, #3447, #3451, #3455, #3458, #3462, #3465, #3469, #3472, #3476, #3479, #3483, #3486, #3490, #3494, #3498, #3501, #3505, #3508, #3512, #3515, #3519, #3522, #3526, #3529, #3533, #3537, #3541, #3544, #3548, #3551, #3555, #3558, #3562, #3565, #3569, #3572, #3576, #3580, #3583, #3587, #3590, #3594, #3597, #3601, #3604, #3608, #3611, #3615, #3619, #3623, #3626, #3630, #3633, #3637, #3640, #3644, #3647, #3651, #3655, #3659, #3662, #3666, #3669, #3673, #3676, #3680, #3684, #3688, #3691, #3694, #3698, #3702, #3705, #3709, #3715, #3719, #3723, #3727, #3731, #3734, #3739, #3743, #3747, #3750, #3753, #3756, #3759, #3762, #3765, #3770, #3774, #3779, #3782, #3786, #3789, #3793, #3796, #3800, #3805, #3809, #3812, #3815, #3818, #3823, #3827, #3831, #3834, #3838, #3841, #3844, #3847, #3851, #3856, #3859, #3863, #3868, #3873, #3876, #3879, #3882, #3886, #3891, #3895, #3898, #3902, #3905, #3910, #3913, #3917, #3920, #3924, #3929, #3932, #3936, #3940, #3944, #3947, #3950, #3954, #3958, #3961, #3966, #3969, #3973, #3978, #3981, #3985, #3988, #3992, #3996, #4000, #4004, #4007, #4011, #4016, #4019, #4023, #4029, #4032, #4035, #4038, #4043, #4046, #4051, #4054, #4058, #4063, #4066, #4069, #4072, #4077, #4081, #4085, #4088, #4093, #4097, #4102, #4105, #4108, #4111, #4115, #4119, #4124, #4128, #4132, #4135, #4138, #4141, #4144, #4149, #4152, #4156, #4160, #4165, #4169, #4172, #4175, #4178, #4183, #4187, #4190, #4195, #4198, #4202, #4205, #4208));
#3362 = IFCPOLYLOOP((#3363, #3364, #3365));
#3363 = IFCCARTESIANPOINT((1.39253578186035E-2, 8.57559585571289E-3, 2.01739242553711E-1));
#3364 = IFCCARTESIANPOINT((1.62981643676758E-2, 3.2874641418457E-3, 2.00852294921875E-1));
#3365 = IFCCARTESIANPOINT((1.19391183853149E-2, 4.57569217681885E-3, 1.79480728149414E-1));
#3366 = IFCFACEOUTERBOUND(#3362, .T.);
#3367 = IFCFACE((#3366));
#3368 = IFCPOLYLOOP((#3369, #3370, #3365));
#3369 = IFCCARTESIANPOINT((1.85960788726807E-2, -2.5894148349762E-3, 1.99873504638672E-1));
#3370 = IFCCARTESIANPOINT((1.38054685592651E-2, -1.47840201854706E-3, 1.78804824829102E-1));
#3371 = IFCFACEOUTERBOUND(#3368, .T.);
#3372 = IFCFACE((#3371));
#3373 = IFCPOLYLOOP((#3365, #3364, #3369));
#3374 = IFCFACEOUTERBOUND(#3373, .T.);
#3375 = IFCFACE((#3374));
#3376 = IFCPOLYLOOP((#3377, #3378, #3370));
#3377 = IFCCARTESIANPOINT((2.0724946975708E-2, -8.821364402771E-3, 1.98860549926758E-1));
#3378 = IFCCARTESIANPOINT((1.57431344985962E-2, -7.78636598587036E-3, 1.77962661743164E-1));
#3379 = IFCFACEOUTERBOUND(#3376, .T.);
#3380 = IFCFACE((#3379));
#3381 = IFCPOLYLOOP((#3370, #3369, #3377));
#3382 = IFCFACEOUTERBOUND(#3381, .T.);
#3383 = IFCFACE((#3382));
#3384 = IFCPOLYLOOP((#3385, #3386, #3378));
#3385 = IFCCARTESIANPOINT((2.2580358505249E-2, -1.51392831802368E-2, 1.97877151489258E-1));
#3386 = IFCCARTESIANPOINT((1.76706447601318E-2, -1.40738658905029E-2, 1.76995300292969E-1));
#3387 = IFCFACEOUTERBOUND(#3384, .T.);
#3388 = IFCFACE((#3387));
#3389 = IFCPOLYLOOP((#3378, #3377, #3385));
#3390 = IFCFACEOUTERBOUND(#3389, .T.);
#3391 = IFCFACE((#3390));
#3392 = IFCPOLYLOOP((#3393, #3394, #3386));
#3393 = IFCCARTESIANPOINT((2.40688457489014E-2, -2.13002223968506E-2, 1.96982559204102E-1));
#3394 = IFCCARTESIANPOINT((1.95149383544922E-2, -2.00937690734863E-2, 1.7594108581543E-1));
#3395 = IFCFACEOUTERBOUND(#3392, .T.);
#3396 = IFCFACE((#3395));
#3397 = IFCPOLYLOOP((#3386, #3385, #3393));
#3398 = IFCFACEOUTERBOUND(#3397, .T.);
#3399 = IFCFACE((#3398));
#3400 = IFCPOLYLOOP((#3401, #3364, #3363));
#3401 = IFCCARTESIANPOINT((2.03943614959717E-2, 1.90086233615875E-3, 2.21871459960938E-1));
#3402 = IFCFACEOUTERBOUND(#3400, .T.);
#3403 = IFCFACE((#3402));
#3404 = IFCPOLYLOOP((#3363, #3405, #3401));
#3405 = IFCCARTESIANPOINT((1.73635921478271E-2, 6.93509483337402E-3, 2.23010055541992E-1));
#3406 = IFCFACEOUTERBOUND(#3404, .T.);
#3407 = IFCFACE((#3406));
#3408 = IFCPOLYLOOP((#3409, #3369, #3364));
#3409 = IFCCARTESIANPOINT((2.31302471160889E-2, -3.79799437522888E-3, 2.20719177246094E-1));
#3410 = IFCFACEOUTERBOUND(#3408, .T.);
#3411 = IFCFACE((#3410));
#3412 = IFCPOLYLOOP((#3364, #3401, #3409));
#3413 = IFCFACEOUTERBOUND(#3412, .T.);
#3414 = IFCFACE((#3413));
#3415 = IFCPOLYLOOP((#3416, #3377, #3369));
#3416 = IFCCARTESIANPOINT((2.54559230804443E-2, -9.93880271911621E-3, 2.19620803833008E-1));
#3417 = IFCFACEOUTERBOUND(#3415, .T.);
#3418 = IFCFACE((#3417));
#3419 = IFCPOLYLOOP((#3369, #3409, #3416));
#3420 = IFCFACEOUTERBOUND(#3419, .T.);
#3421 = IFCFACE((#3420));
#3422 = IFCPOLYLOOP((#3423, #3385, #3377));
#3423 = IFCCARTESIANPOINT((2.72462825775146E-2, -1.62634563446045E-2, 2.18649826049805E-1));
#3424 = IFCFACEOUTERBOUND(#3422, .T.);
#3425 = IFCFACE((#3424));
#3426 = IFCPOLYLOOP((#3377, #3416, #3423));
#3427 = IFCFACEOUTERBOUND(#3426, .T.);
#3428 = IFCFACE((#3427));
#3429 = IFCPOLYLOOP((#3430, #3393, #3385));
#3430 = IFCCARTESIANPOINT((2.83897285461426E-2, -2.25389881134033E-2, 2.17874359130859E-1));
#3431 = IFCFACEOUTERBOUND(#3429, .T.);
#3432 = IFCFACE((#3431));
#3433 = IFCPOLYLOOP((#3385, #3423, #3430));
#3434 = IFCFACEOUTERBOUND(#3433, .T.);
#3435 = IFCFACE((#3434));
#3436 = IFCPOLYLOOP((#3437, #3438, #3393));
#3437 = IFCCARTESIANPOINT((2.87746601104736E-2, -2.85324287414551E-2, 2.17362503051758E-1));
#3438 = IFCCARTESIANPOINT((2.509694480896E-2, -2.70612335205078E-2, 1.96236099243164E-1));
#3439 = IFCFACEOUTERBOUND(#3436, .T.);
#3440 = IFCFACE((#3439));
#3441 = IFCPOLYLOOP((#3393, #3430, #3437));
#3442 = IFCFACEOUTERBOUND(#3441, .T.);
#3443 = IFCFACE((#3442));
#3444 = IFCPOLYLOOP((#3445, #3401, #3405));
#3445 = IFCCARTESIANPOINT((2.40444355010986E-2, 3.58778476715088E-4, 2.42635543823242E-1));
#3446 = IFCFACEOUTERBOUND(#3444, .T.);
#3447 = IFCFACE((#3446));
#3448 = IFCPOLYLOOP((#3405, #3449, #3445));
#3449 = IFCCARTESIANPOINT((2.04096240997314E-2, 5.17720699310303E-3, 2.43893936157227E-1));
#3450 = IFCFACEOUTERBOUND(#3448, .T.);
#3451 = IFCFACE((#3450));
#3452 = IFCPOLYLOOP((#3453, #3409, #3401));
#3453 = IFCCARTESIANPOINT((2.71799945831299E-2, -5.18013477325439E-3, 2.41415191650391E-1));
#3454 = IFCFACEOUTERBOUND(#3452, .T.);
#3455 = IFCFACE((#3454));
#3456 = IFCPOLYLOOP((#3401, #3445, #3453));
#3457 = IFCFACEOUTERBOUND(#3456, .T.);
#3458 = IFCFACE((#3457));
#3459 = IFCPOLYLOOP((#3460, #3416, #3409));
#3460 = IFCCARTESIANPOINT((2.96852283477783E-2, -1.12301321029663E-2, 2.40300018310547E-1));
#3461 = IFCFACEOUTERBOUND(#3459, .T.);
#3462 = IFCFACE((#3461));
#3463 = IFCPOLYLOOP((#3409, #3453, #3460));
#3464 = IFCFACEOUTERBOUND(#3463, .T.);
#3465 = IFCFACE((#3464));
#3466 = IFCPOLYLOOP((#3467, #3423, #3416));
#3467 = IFCCARTESIANPOINT((3.1419771194458E-2, -1.75465450286865E-2, 2.39362823486328E-1));
#3468 = IFCFACEOUTERBOUND(#3466, .T.);
#3469 = IFCFACE((#3468));
#3470 = IFCPOLYLOOP((#3416, #3460, #3467));
#3471 = IFCFACEOUTERBOUND(#3470, .T.);
#3472 = IFCFACE((#3471));
#3473 = IFCPOLYLOOP((#3474, #3430, #3423));
#3474 = IFCCARTESIANPOINT((3.22591171264648E-2, -2.390895652771E-2, 2.38670532226563E-1));
#3475 = IFCFACEOUTERBOUND(#3473, .T.);
#3476 = IFCFACE((#3475));
#3477 = IFCPOLYLOOP((#3423, #3467, #3474));
#3478 = IFCFACEOUTERBOUND(#3477, .T.);
#3479 = IFCFACE((#3478));
#3480 = IFCPOLYLOOP((#3481, #3437, #3430));
#3481 = IFCCARTESIANPOINT((3.20787582397461E-2, -3.00969467163086E-2, 2.38290115356445E-1));
#3482 = IFCFACEOUTERBOUND(#3480, .T.);
#3483 = IFCFACE((#3482));
#3484 = IFCPOLYLOOP((#3430, #3474, #3481));
#3485 = IFCFACEOUTERBOUND(#3484, .T.);
#3486 = IFCFACE((#3485));
#3487 = IFCPOLYLOOP((#3488, #3445, #3449));
#3488 = IFCCARTESIANPOINT((2.71680145263672E-2, -1.41639828681946E-3, 2.63632537841797E-1));
#3489 = IFCFACEOUTERBOUND(#3487, .T.);
#3490 = IFCFACE((#3489));
#3491 = IFCPOLYLOOP((#3449, #3492, #3488));
#3492 = IFCCARTESIANPOINT((2.30240993499756E-2, 3.23559713363647E-3, 2.64908477783203E-1));
#3493 = IFCFACEOUTERBOUND(#3491, .T.);
#3494 = IFCFACE((#3493));
#3495 = IFCPOLYLOOP((#3496, #3453, #3445));
#3496 = IFCCARTESIANPOINT((3.06362934112549E-2, -6.82536935806274E-3, 2.62425445556641E-1));
#3497 = IFCFACEOUTERBOUND(#3495, .T.);
#3498 = IFCFACE((#3497));
#3499 = IFCPOLYLOOP((#3445, #3488, #3496));
#3500 = IFCFACEOUTERBOUND(#3499, .T.);
#3501 = IFCFACE((#3500));
#3502 = IFCPOLYLOOP((#3503, #3460, #3453));
#3503 = IFCCARTESIANPOINT((3.32895965576172E-2, -1.27951917648315E-2, 2.61345764160156E-1));
#3504 = IFCFACEOUTERBOUND(#3502, .T.);
#3505 = IFCFACE((#3504));
#3506 = IFCPOLYLOOP((#3453, #3496, #3503));
#3507 = IFCFACEOUTERBOUND(#3506, .T.);
#3508 = IFCFACE((#3507));
#3509 = IFCPOLYLOOP((#3510, #3467, #3460));
#3510 = IFCCARTESIANPOINT((3.49798126220703E-2, -1.90947322845459E-2, 2.60457214355469E-1));
#3511 = IFCFACEOUTERBOUND(#3509, .T.);
#3512 = IFCFACE((#3511));
#3513 = IFCPOLYLOOP((#3460, #3503, #3510));
#3514 = IFCFACEOUTERBOUND(#3513, .T.);
#3515 = IFCFACE((#3514));
#3516 = IFCPOLYLOOP((#3517, #3474, #3467));
#3517 = IFCCARTESIANPOINT((3.557666015625E-2, -2.55164070129395E-2, 2.59817687988281E-1));
#3518 = IFCFACEOUTERBOUND(#3516, .T.);
#3519 = IFCFACE((#3518));
#3520 = IFCPOLYLOOP((#3467, #3510, #3517));
#3521 = IFCFACEOUTERBOUND(#3520, .T.);
#3522 = IFCFACE((#3521));
#3523 = IFCPOLYLOOP((#3524, #3481, #3474));
#3524 = IFCCARTESIANPOINT((3.49498519897461E-2, -3.18526363372803E-2, 2.59485015869141E-1));
#3525 = IFCFACEOUTERBOUND(#3523, .T.);
#3526 = IFCFACE((#3525));
#3527 = IFCPOLYLOOP((#3474, #3517, #3524));
#3528 = IFCFACEOUTERBOUND(#3527, .T.);
#3529 = IFCFACE((#3528));
#3530 = IFCPOLYLOOP((#3531, #3488, #3492));
#3531 = IFCCARTESIANPOINT((2.96091270446777E-2, -3.43134641647339E-3, 2.84616882324219E-1));
#3532 = IFCFACEOUTERBOUND(#3530, .T.);
#3533 = IFCFACE((#3532));
#3534 = IFCPOLYLOOP((#3492, #3535, #3531));
#3535 = IFCCARTESIANPOINT((2.5099817276001E-2, 1.11698663234711E-3, 2.85837310791016E-1));
#3536 = IFCFACEOUTERBOUND(#3534, .T.);
#3537 = IFCFACE((#3536));
#3538 = IFCPOLYLOOP((#3539, #3496, #3488));
#3539 = IFCCARTESIANPOINT((3.33108291625977E-2, -8.75307464599609E-3, 2.834794921875E-1));
#3540 = IFCFACEOUTERBOUND(#3538, .T.);
#3541 = IFCFACE((#3540));
#3542 = IFCPOLYLOOP((#3488, #3531, #3539));
#3543 = IFCFACEOUTERBOUND(#3542, .T.);
#3544 = IFCFACE((#3543));
#3545 = IFCPOLYLOOP((#3546, #3503, #3496));
#3546 = IFCCARTESIANPOINT((3.60663299560547E-2, -1.46632585525513E-2, 2.82469543457031E-1));
#3547 = IFCFACEOUTERBOUND(#3545, .T.);
#3548 = IFCFACE((#3547));
#3549 = IFCPOLYLOOP((#3496, #3539, #3546));
#3550 = IFCFACEOUTERBOUND(#3549, .T.);
#3551 = IFCFACE((#3550));
#3552 = IFCPOLYLOOP((#3553, #3510, #3503));
#3553 = IFCCARTESIANPOINT((3.77287712097168E-2, -2.09422359466553E-2, 2.81635955810547E-1));
#3554 = IFCFACEOUTERBOUND(#3552, .T.);
#3555 = IFCFACE((#3554));
#3556 = IFCPOLYLOOP((#3503, #3546, #3553));
#3557 = IFCFACEOUTERBOUND(#3556, .T.);
#3558 = IFCFACE((#3557));
#3559 = IFCPOLYLOOP((#3560, #3517, #3510));
#3560 = IFCCARTESIANPOINT((3.81705207824707E-2, -2.73934440612793E-2, 2.81022033691406E-1));
#3561 = IFCFACEOUTERBOUND(#3559, .T.);
#3562 = IFCFACE((#3561));
#3563 = IFCPOLYLOOP((#3510, #3553, #3560));
#3564 = IFCFACEOUTERBOUND(#3563, .T.);
#3565 = IFCFACE((#3564));
#3566 = IFCPOLYLOOP((#3567, #3524, #3517));
#3567 = IFCCARTESIANPOINT((3.72639465332031E-2, -3.38203163146973E-2, 2.80671203613281E-1));
#3568 = IFCFACEOUTERBOUND(#3566, .T.);
#3569 = IFCFACE((#3568));
#3570 = IFCPOLYLOOP((#3517, #3560, #3567));
#3571 = IFCFACEOUTERBOUND(#3570, .T.);
#3572 = IFCFACE((#3571));
#3573 = IFCPOLYLOOP((#3574, #3531, #3535));
#3574 = IFCCARTESIANPOINT((3.13252964019775E-2, -5.69393730163574E-3, 3.05623077392578E-1));
#3575 = IFCFACEOUTERBOUND(#3573, .T.);
#3576 = IFCFACE((#3575));
#3577 = IFCPOLYLOOP((#3578, #3539, #3531));
#3578 = IFCCARTESIANPOINT((3.5146785736084E-2, -1.09758672714233E-2, 3.04583343505859E-1));
#3579 = IFCFACEOUTERBOUND(#3577, .T.);
#3580 = IFCFACE((#3579));
#3581 = IFCPOLYLOOP((#3531, #3574, #3578));
#3582 = IFCFACEOUTERBOUND(#3581, .T.);
#3583 = IFCFACE((#3582));
#3584 = IFCPOLYLOOP((#3585, #3546, #3539));
#3585 = IFCCARTESIANPOINT((3.79539184570313E-2, -1.68513526916504E-2, 3.03657196044922E-1));
#3586 = IFCFACEOUTERBOUND(#3584, .T.);
#3587 = IFCFACE((#3586));
#3588 = IFCPOLYLOOP((#3539, #3578, #3585));
#3589 = IFCFACEOUTERBOUND(#3588, .T.);
#3590 = IFCFACE((#3589));
#3591 = IFCPOLYLOOP((#3592, #3553, #3546));
#3592 = IFCCARTESIANPOINT((3.96100883483887E-2, -2.31089420318604E-2, 3.02875946044922E-1));
#3593 = IFCFACEOUTERBOUND(#3591, .T.);
#3594 = IFCFACE((#3593));
#3595 = IFCPOLYLOOP((#3546, #3585, #3592));
#3596 = IFCFACEOUTERBOUND(#3595, .T.);
#3597 = IFCFACE((#3596));
#3598 = IFCPOLYLOOP((#3599, #3560, #3553));
#3599 = IFCCARTESIANPOINT((3.99986457824707E-2, -2.9560094833374E-2, 3.02265838623047E-1));
#3600 = IFCFACEOUTERBOUND(#3598, .T.);
#3601 = IFCFACE((#3600));
#3602 = IFCPOLYLOOP((#3553, #3592, #3599));
#3603 = IFCFACEOUTERBOUND(#3602, .T.);
#3604 = IFCFACE((#3603));
#3605 = IFCPOLYLOOP((#3606, #3567, #3560));
#3606 = IFCCARTESIANPOINT((3.90029373168945E-2, -3.60162734985352E-2, 3.01853088378906E-1));
#3607 = IFCFACEOUTERBOUND(#3605, .T.);
#3608 = IFCFACE((#3607));
#3609 = IFCPOLYLOOP((#3560, #3599, #3606));
#3610 = IFCFACEOUTERBOUND(#3609, .T.);
#3611 = IFCFACE((#3610));
#3612 = IFCPOLYLOOP((#3613, #3578, #3574));
#3613 = IFCCARTESIANPOINT((3.61645469665527E-2, -1.34889287948608E-2, 3.25797180175781E-1));
#3614 = IFCFACEOUTERBOUND(#3612, .T.);
#3615 = IFCFACE((#3614));
#3616 = IFCPOLYLOOP((#3574, #3617, #3613));
#3617 = IFCCARTESIANPOINT((3.23385848999023E-2, -8.20036220550537E-3, 3.26740936279297E-1));
#3618 = IFCFACEOUTERBOUND(#3616, .T.);
#3619 = IFCFACE((#3618));
#3620 = IFCPOLYLOOP((#3621, #3585, #3578));
#3621 = IFCCARTESIANPOINT((3.89753341674805E-2, -1.93546504974365E-2, 3.24947998046875E-1));
#3622 = IFCFACEOUTERBOUND(#3620, .T.);
#3623 = IFCFACE((#3622));
#3624 = IFCPOLYLOOP((#3578, #3613, #3621));
#3625 = IFCFACEOUTERBOUND(#3624, .T.);
#3626 = IFCFACE((#3625));
#3627 = IFCPOLYLOOP((#3628, #3592, #3585));
#3628 = IFCCARTESIANPOINT((4.06523780822754E-2, -2.55906677246094E-2, 3.24207427978516E-1));
#3629 = IFCFACEOUTERBOUND(#3627, .T.);
#3630 = IFCFACE((#3629));
#3631 = IFCPOLYLOOP((#3585, #3621, #3628));
#3632 = IFCFACEOUTERBOUND(#3631, .T.);
#3633 = IFCFACE((#3632));
#3634 = IFCPOLYLOOP((#3635, #3599, #3592));
#3635 = IFCCARTESIANPOINT((4.10971183776855E-2, -3.20131072998047E-2, 3.23584930419922E-1));
#3636 = IFCFACEOUTERBOUND(#3634, .T.);
#3637 = IFCFACE((#3636));
#3638 = IFCPOLYLOOP((#3592, #3628, #3635));
#3639 = IFCFACEOUTERBOUND(#3638, .T.);
#3640 = IFCFACE((#3639));
#3641 = IFCPOLYLOOP((#3642, #3606, #3599));
#3642 = IFCCARTESIANPOINT((4.02109870910645E-2, -3.84380989074707E-2, 3.23089965820313E-1));
#3643 = IFCFACEOUTERBOUND(#3641, .T.);
#3644 = IFCFACE((#3643));
#3645 = IFCPOLYLOOP((#3599, #3635, #3642));
#3646 = IFCFACEOUTERBOUND(#3645, .T.);
#3647 = IFCFACE((#3646));
#3648 = IFCPOLYLOOP((#3649, #3613, #3617));
#3649 = IFCCARTESIANPOINT((3.64510078430176E-2, -1.62657661437988E-2, 3.47176727294922E-1));
#3650 = IFCFACEOUTERBOUND(#3648, .T.);
#3651 = IFCFACE((#3650));
#3652 = IFCPOLYLOOP((#3617, #3653, #3649));
#3653 = IFCCARTESIANPOINT((3.27259635925293E-2, -1.09304752349854E-2, 3.48056793212891E-1));
#3654 = IFCFACEOUTERBOUND(#3652, .T.);
#3655 = IFCFACE((#3654));
#3656 = IFCPOLYLOOP((#3657, #3621, #3613));
#3657 = IFCCARTESIANPOINT((3.9226863861084E-2, -2.21424903869629E-2, 3.463759765625E-1));
#3658 = IFCFACEOUTERBOUND(#3656, .T.);
#3659 = IFCFACE((#3658));
#3660 = IFCPOLYLOOP((#3613, #3649, #3657));
#3661 = IFCFACEOUTERBOUND(#3660, .T.);
#3662 = IFCFACE((#3661));
#3663 = IFCPOLYLOOP((#3664, #3628, #3621));
#3664 = IFCCARTESIANPOINT((4.09584121704102E-2, -2.83552112579346E-2, 3.45654907226563E-1));
#3665 = IFCFACEOUTERBOUND(#3663, .T.);
#3666 = IFCFACE((#3665));
#3667 = IFCPOLYLOOP((#3621, #3657, #3664));
#3668 = IFCFACEOUTERBOUND(#3667, .T.);
#3669 = IFCFACE((#3668));
#3670 = IFCPOLYLOOP((#3671, #3635, #3628));
#3671 = IFCCARTESIANPOINT((4.15699424743652E-2, -3.47217864990234E-2, 3.45009704589844E-1));
#3672 = IFCFACEOUTERBOUND(#3670, .T.);
#3673 = IFCFACE((#3672));
#3674 = IFCPOLYLOOP((#3628, #3664, #3671));
#3675 = IFCFACEOUTERBOUND(#3674, .T.);
#3676 = IFCFACE((#3675));
#3677 = IFCPOLYLOOP((#3678, #3657, #3649));
#3678 = IFCCARTESIANPOINT((3.88781280517578E-2, -2.51583690643311E-2, 3.679697265625E-1));
#3679 = IFCFACEOUTERBOUND(#3677, .T.);
#3680 = IFCFACE((#3679));
#3681 = IFCPOLYLOOP((#3649, #3682, #3678));
#3682 = IFCCARTESIANPOINT((3.61595840454102E-2, -1.92582054138184E-2, 3.68773071289063E-1));
#3683 = IFCFACEOUTERBOUND(#3681, .T.);
#3684 = IFCFACE((#3683));
#3685 = IFCPOLYLOOP((#3686, #3664, #3657));
#3686 = IFCCARTESIANPOINT((4.07051162719727E-2, -3.13423519134521E-2, 3.67237121582031E-1));
#3687 = IFCFACEOUTERBOUND(#3685, .T.);
#3688 = IFCFACE((#3687));
#3689 = IFCPOLYLOOP((#3657, #3678, #3686));
#3690 = IFCFACEOUTERBOUND(#3689, .T.);
#3691 = IFCFACE((#3690));
#3692 = IFCPOLYLOOP((#3671, #3664, #3686));
#3693 = IFCFACEOUTERBOUND(#3692, .T.);
#3694 = IFCFACE((#3693));
#3695 = IFCPOLYLOOP((#3696, #3678, #3682));
#3696 = IFCCARTESIANPOINT((3.81720695495605E-2, -2.83199443817139E-2, 3.89752593994141E-1));
#3697 = IFCFACEOUTERBOUND(#3695, .T.);
#3698 = IFCFACE((#3697));
#3699 = IFCPOLYLOOP((#3700, #3686, #3678));
#3700 = IFCCARTESIANPOINT((4.01435966491699E-2, -3.44638404846191E-2, 3.88967163085938E-1));
#3701 = IFCFACEOUTERBOUND(#3699, .T.);
#3702 = IFCFACE((#3701));
#3703 = IFCPOLYLOOP((#3678, #3696, #3700));
#3704 = IFCFACEOUTERBOUND(#3703, .T.);
#3705 = IFCFACE((#3704));
#3706 = IFCPOLYLOOP((#3700, #3696, #3707));
#3707 = IFCCARTESIANPOINT((3.7458568572998E-2, -3.13553867340088E-2, 4.10604797363281E-1));
#3708 = IFCFACEOUTERBOUND(#3706, .T.);
#3709 = IFCFACE((#3708));
#3710 = IFCPOLYLOOP((#3711, #3712, #3713));
#3711 = IFCCARTESIANPOINT((1.02015867233276E-2, 1.05700435638428E-2, 1.80819625854492E-1));
#3712 = IFCCARTESIANPOINT((1.05888423919678E-2, 1.32807741165161E-2, 1.92398742675781E-1));
#3713 = IFCCARTESIANPOINT((1.0901273727417E-2, 1.27066326141357E-2, 1.92915893554688E-1));
#3714 = IFCFACEOUTERBOUND(#3710, .T.);
#3715 = IFCFACE((#3714));
#3716 = IFCPOLYLOOP((#3363, #3713, #3717));
#3717 = IFCCARTESIANPOINT((1.21181087493896E-2, 1.23416938781738E-2, 2.04170883178711E-1));
#3718 = IFCFACEOUTERBOUND(#3716, .T.);
#3719 = IFCFACE((#3718));
#3720 = IFCPOLYLOOP((#3721, #3363, #3717));
#3721 = IFCCARTESIANPOINT((1.23956384658813E-2, 1.21080522537231E-2, 2.05915954589844E-1));
#3722 = IFCFACEOUTERBOUND(#3720, .T.);
#3723 = IFCFACE((#3722));
#3724 = IFCPOLYLOOP((#3725, #3405, #3721));
#3725 = IFCCARTESIANPOINT((1.36998615264893E-2, 1.13267240524292E-2, 2.17800247192383E-1));
#3726 = IFCFACEOUTERBOUND(#3724, .T.);
#3727 = IFCFACE((#3726));
#3728 = IFCPOLYLOOP((#3717, #3729, #3721));
#3729 = IFCCARTESIANPOINT((1.20217027664185E-2, 1.2650242805481E-2, 2.05435684204102E-1));
#3730 = IFCFACEOUTERBOUND(#3728, .T.);
#3731 = IFCFACE((#3730));
#3732 = IFCPOLYLOOP((#3721, #3405, #3363));
#3733 = IFCFACEOUTERBOUND(#3732, .T.);
#3734 = IFCFACE((#3733));
#3735 = IFCPOLYLOOP((#3736, #3370, #3737));
#3736 = IFCCARTESIANPOINT((9.33648777008057E-3, 2.42414212226868E-3, 1.62672225952148E-1));
#3737 = IFCCARTESIANPOINT((1.04295272827148E-2, -4.51073408126831E-3, 1.58308242797852E-1));
#3738 = IFCFACEOUTERBOUND(#3735, .T.);
#3739 = IFCFACE((#3738));
#3740 = IFCPOLYLOOP((#3737, #3378, #3741));
#3741 = IFCCARTESIANPOINT((1.18992729187012E-2, -8.50864124298096E-3, 1.59150650024414E-1));
#3742 = IFCFACEOUTERBOUND(#3740, .T.);
#3743 = IFCFACE((#3742));
#3744 = IFCPOLYLOOP((#3365, #3736, #3745));
#3745 = IFCCARTESIANPOINT((9.22451877593994E-3, 6.90966653823853E-3, 1.68341735839844E-1));
#3746 = IFCFACEOUTERBOUND(#3744, .T.);
#3747 = IFCFACE((#3746));
#3748 = IFCPOLYLOOP((#3365, #3711, #3363));
#3749 = IFCFACEOUTERBOUND(#3748, .T.);
#3750 = IFCFACE((#3749));
#3751 = IFCPOLYLOOP((#3713, #3363, #3711));
#3752 = IFCFACEOUTERBOUND(#3751, .T.);
#3753 = IFCFACE((#3752));
#3754 = IFCPOLYLOOP((#3736, #3365, #3370));
#3755 = IFCFACEOUTERBOUND(#3754, .T.);
#3756 = IFCFACE((#3755));
#3757 = IFCPOLYLOOP((#3737, #3370, #3378));
#3758 = IFCFACEOUTERBOUND(#3757, .T.);
#3759 = IFCFACE((#3758));
#3760 = IFCPOLYLOOP((#3745, #3711, #3365));
#3761 = IFCFACEOUTERBOUND(#3760, .T.);
#3762 = IFCFACE((#3761));
#3763 = IFCPOLYLOOP((#3386, #3741, #3378));
#3764 = IFCFACEOUTERBOUND(#3763, .T.);
#3765 = IFCFACE((#3764));
#3766 = IFCPOLYLOOP((#3767, #3768, #3405));
#3767 = IFCCARTESIANPOINT((1.54419050216675E-2, 9.95236301422119E-3, 2.32858703613281E-1));
#3768 = IFCCARTESIANPOINT((1.52539644241333E-2, 1.01443996429443E-2, 2.33660720825195E-1));
#3769 = IFCFACEOUTERBOUND(#3766, .T.);
#3770 = IFCFACE((#3769));
#3771 = IFCPOLYLOOP((#3772, #3767, #3405));
#3772 = IFCCARTESIANPOINT((1.35987777709961E-2, 1.15366907119751E-2, 2.19371978759766E-1));
#3773 = IFCFACEOUTERBOUND(#3771, .T.);
#3774 = IFCFACE((#3773));
#3775 = IFCPOLYLOOP((#3776, #3777, #3449));
#3776 = IFCCARTESIANPOINT((1.69059772491455E-2, 8.65542507171631E-3, 2.4485009765625E-1));
#3777 = IFCCARTESIANPOINT((1.6760082244873E-2, 8.76138877868652E-3, 2.46282455444336E-1));
#3778 = IFCFACEOUTERBOUND(#3775, .T.);
#3779 = IFCFACE((#3778));
#3780 = IFCPOLYLOOP((#3449, #3768, #3776));
#3781 = IFCFACEOUTERBOUND(#3780, .T.);
#3782 = IFCFACE((#3781));
#3783 = IFCPOLYLOOP((#3784, #3449, #3777));
#3784 = IFCCARTESIANPOINT((1.88368072509766E-2, 6.81257009506226E-3, 2.60679168701172E-1));
#3785 = IFCFACEOUTERBOUND(#3783, .T.);
#3786 = IFCFACE((#3785));
#3787 = IFCPOLYLOOP((#3405, #3768, #3449));
#3788 = IFCFACEOUTERBOUND(#3787, .T.);
#3789 = IFCFACE((#3788));
#3790 = IFCPOLYLOOP((#3492, #3784, #3791));
#3791 = IFCCARTESIANPOINT((1.87116012573242E-2, 6.8534836769104E-3, 2.62218627929688E-1));
#3792 = IFCFACEOUTERBOUND(#3790, .T.);
#3793 = IFCFACE((#3792));
#3794 = IFCPOLYLOOP((#3492, #3449, #3784));
#3795 = IFCFACEOUTERBOUND(#3794, .T.);
#3796 = IFCFACE((#3795));
#3797 = IFCPOLYLOOP((#3492, #3791, #3798));
#3798 = IFCCARTESIANPOINT((2.10187702178955E-2, 4.60783720016479E-3, 2.77136627197266E-1));
#3799 = IFCFACEOUTERBOUND(#3797, .T.);
#3800 = IFCFACE((#3799));
#3801 = IFCPOLYLOOP((#3802, #3798, #3803));
#3802 = IFCCARTESIANPOINT((2.13278789520264E-2, 4.29422855377197E-3, 2.79196746826172E-1));
#3803 = IFCCARTESIANPOINT((2.08516674041748E-2, 4.66042852401733E-3, 2.78418029785156E-1));
#3804 = IFCFACEOUTERBOUND(#3801, .T.);
#3805 = IFCFACE((#3804));
#3806 = IFCPOLYLOOP((#3535, #3802, #3807));
#3807 = IFCCARTESIANPOINT((2.31182193756104E-2, 2.29517030715942E-3, 2.93079162597656E-1));
#3808 = IFCFACEOUTERBOUND(#3806, .T.);
#3809 = IFCFACE((#3808));
#3810 = IFCPOLYLOOP((#3802, #3535, #3492));
#3811 = IFCFACEOUTERBOUND(#3810, .T.);
#3812 = IFCFACE((#3811));
#3813 = IFCPOLYLOOP((#3798, #3802, #3492));
#3814 = IFCFACEOUTERBOUND(#3813, .T.);
#3815 = IFCFACE((#3814));
#3816 = IFCPOLYLOOP((#3725, #3772, #3405));
#3817 = IFCFACEOUTERBOUND(#3816, .T.);
#3818 = IFCFACE((#3817));
#3819 = IFCPOLYLOOP((#3394, #3820, #3821));
#3820 = IFCCARTESIANPOINT((1.84006233215332E-2, -2.07357006072998E-2, 1.68921432495117E-1));
#3821 = IFCCARTESIANPOINT((1.62901458740234E-2, -1.78834095001221E-2, 1.6367170715332E-1));
#3822 = IFCFACEOUTERBOUND(#3819, .T.);
#3823 = IFCFACE((#3822));
#3824 = IFCPOLYLOOP((#3820, #3394, #3825));
#3825 = IFCCARTESIANPOINT((2.03983211517334E-2, -2.36010818481445E-2, 1.74158996582031E-1));
#3826 = IFCFACEOUTERBOUND(#3824, .T.);
#3827 = IFCFACE((#3826));
#3828 = IFCPOLYLOOP((#3829, #3386, #3821));
#3829 = IFCCARTESIANPOINT((1.34473190307617E-2, -1.24134321212769E-2, 1.59949935913086E-1));
#3830 = IFCFACEOUTERBOUND(#3828, .T.);
#3831 = IFCFACE((#3830));
#3832 = IFCPOLYLOOP((#3821, #3386, #3394));
#3833 = IFCFACEOUTERBOUND(#3832, .T.);
#3834 = IFCFACE((#3833));
#3835 = IFCPOLYLOOP((#3836, #3438, #3437));
#3836 = IFCCARTESIANPOINT((2.74186630249023E-2, -3.18553886413574E-2, 2.09220840454102E-1));
#3837 = IFCFACEOUTERBOUND(#3835, .T.);
#3838 = IFCFACE((#3837));
#3839 = IFCPOLYLOOP((#3393, #3438, #3825));
#3840 = IFCFACEOUTERBOUND(#3839, .T.);
#3841 = IFCFACE((#3840));
#3842 = IFCPOLYLOOP((#3394, #3393, #3825));
#3843 = IFCFACEOUTERBOUND(#3842, .T.);
#3844 = IFCFACE((#3843));
#3845 = IFCPOLYLOOP((#3386, #3829, #3741));
#3846 = IFCFACEOUTERBOUND(#3845, .T.);
#3847 = IFCFACE((#3846));
#3848 = IFCPOLYLOOP((#3849, #3825, #3438));
#3849 = IFCCARTESIANPOINT((2.34677066802979E-2, -2.80698909759521E-2, 1.84839324951172E-1));
#3850 = IFCFACEOUTERBOUND(#3848, .T.);
#3851 = IFCFACE((#3850));
#3852 = IFCPOLYLOOP((#3853, #3854, #3849));
#3853 = IFCCARTESIANPOINT((2.34853706359863E-2, -2.8607027053833E-2, 1.84104309082031E-1));
#3854 = IFCCARTESIANPOINT((2.32629985809326E-2, -2.79855937957764E-2, 1.83607315063477E-1));
#3855 = IFCFACEOUTERBOUND(#3852, .T.);
#3856 = IFCFACE((#3855));
#3857 = IFCPOLYLOOP((#3825, #3849, #3854));
#3858 = IFCFACEOUTERBOUND(#3857, .T.);
#3859 = IFCFACE((#3858));
#3860 = IFCPOLYLOOP((#3849, #3438, #3861));
#3861 = IFCCARTESIANPOINT((2.54118824005127E-2, -3.00057830810547E-2, 1.95746063232422E-1));
#3862 = IFCFACEOUTERBOUND(#3860, .T.);
#3863 = IFCFACE((#3862));
#3864 = IFCPOLYLOOP((#3861, #3865, #3866));
#3865 = IFCCARTESIANPOINT((2.56807079315186E-2, -3.01100997924805E-2, 1.97514175415039E-1));
#3866 = IFCCARTESIANPOINT((2.56270580291748E-2, -3.06713428497314E-2, 1.96820922851563E-1));
#3867 = IFCFACEOUTERBOUND(#3864, .T.);
#3868 = IFCFACE((#3867));
#3869 = IFCPOLYLOOP((#3870, #3836, #3871));
#3870 = IFCCARTESIANPOINT((2.75661144256592E-2, -3.2605770111084E-2, 2.10620666503906E-1));
#3871 = IFCCARTESIANPOINT((2.77038021087646E-2, -3.20619583129883E-2, 2.1127604675293E-1));
#3872 = IFCFACEOUTERBOUND(#3869, .T.);
#3873 = IFCFACE((#3872));
#3874 = IFCPOLYLOOP((#3438, #3836, #3865));
#3875 = IFCFACEOUTERBOUND(#3874, .T.);
#3876 = IFCFACE((#3875));
#3877 = IFCPOLYLOOP((#3861, #3438, #3865));
#3878 = IFCFACEOUTERBOUND(#3877, .T.);
#3879 = IFCFACE((#3878));
#3880 = IFCPOLYLOOP((#3437, #3871, #3836));
#3881 = IFCFACEOUTERBOUND(#3880, .T.);
#3882 = IFCFACE((#3881));
#3883 = IFCPOLYLOOP((#3884, #3871, #3437));
#3884 = IFCCARTESIANPOINT((2.93095226287842E-2, -3.38870162963867E-2, 2.24220687866211E-1));
#3885 = IFCFACEOUTERBOUND(#3883, .T.);
#3886 = IFCFACE((#3885));
#3887 = IFCPOLYLOOP((#3481, #3888, #3889));
#3888 = IFCCARTESIANPOINT((3.0691593170166E-2, -3.52108268737793E-2, 2.36262603759766E-1));
#3889 = IFCCARTESIANPOINT((2.95049152374268E-2, -3.38642997741699E-2, 2.25539535522461E-1));
#3890 = IFCFACEOUTERBOUND(#3887, .T.);
#3891 = IFCFACE((#3890));
#3892 = IFCPOLYLOOP((#3889, #3893, #3884));
#3893 = IFCCARTESIANPOINT((2.92899494171143E-2, -3.43928146362305E-2, 2.24892364501953E-1));
#3894 = IFCFACEOUTERBOUND(#3892, .T.);
#3895 = IFCFACE((#3894));
#3896 = IFCPOLYLOOP((#3889, #3884, #3437));
#3897 = IFCFACEOUTERBOUND(#3896, .T.);
#3898 = IFCFACE((#3897));
#3899 = IFCPOLYLOOP((#3524, #3900, #3481));
#3900 = IFCCARTESIANPOINT((3.2405403137207E-2, -3.67970581054688E-2, 2.52199111938477E-1));
#3901 = IFCFACEOUTERBOUND(#3899, .T.);
#3902 = IFCFACE((#3901));
#3903 = IFCPOLYLOOP((#3481, #3889, #3437));
#3904 = IFCFACEOUTERBOUND(#3903, .T.);
#3905 = IFCFACE((#3904));
#3906 = IFCPOLYLOOP((#3907, #3567, #3908));
#3907 = IFCCARTESIANPOINT((3.59125480651855E-2, -3.9159782409668E-2, 2.85064514160156E-1));
#3908 = IFCCARTESIANPOINT((3.58672904968262E-2, -3.96979179382324E-2, 2.86665100097656E-1));
#3909 = IFCFACEOUTERBOUND(#3906, .T.);
#3910 = IFCFACE((#3909));
#3911 = IFCPOLYLOOP((#3567, #3606, #3908));
#3912 = IFCFACEOUTERBOUND(#3911, .T.);
#3913 = IFCFACE((#3912));
#3914 = IFCPOLYLOOP((#3567, #3907, #3915));
#3915 = IFCCARTESIANPOINT((3.44617881774902E-2, -3.81741561889648E-2, 2.70981903076172E-1));
#3916 = IFCFACEOUTERBOUND(#3914, .T.);
#3917 = IFCFACE((#3916));
#3918 = IFCPOLYLOOP((#3524, #3567, #3915));
#3919 = IFCFACEOUTERBOUND(#3918, .T.);
#3920 = IFCFACE((#3919));
#3921 = IFCPOLYLOOP((#3922, #3524, #3915));
#3922 = IFCCARTESIANPOINT((3.4215763092041E-2, -3.80705909729004E-2, 2.68876373291016E-1));
#3923 = IFCFACEOUTERBOUND(#3921, .T.);
#3924 = IFCFACE((#3923));
#3925 = IFCPOLYLOOP((#3926, #3888, #3927));
#3926 = IFCCARTESIANPOINT((3.06879062652588E-2, -3.57839851379395E-2, 2.37565811157227E-1));
#3927 = IFCCARTESIANPOINT((3.09320068359375E-2, -3.53301048278809E-2, 2.38192108154297E-1));
#3928 = IFCFACEOUTERBOUND(#3925, .T.);
#3929 = IFCFACE((#3928));
#3930 = IFCPOLYLOOP((#3927, #3888, #3481));
#3931 = IFCFACEOUTERBOUND(#3930, .T.);
#3932 = IFCFACE((#3931));
#3933 = IFCPOLYLOOP((#3934, #3900, #3524));
#3934 = IFCCARTESIANPOINT((3.26529273986816E-2, -3.69134902954102E-2, 2.54259719848633E-1));
#3935 = IFCFACEOUTERBOUND(#3933, .T.);
#3936 = IFCFACE((#3935));
#3937 = IFCPOLYLOOP((#3900, #3934, #3938));
#3938 = IFCCARTESIANPOINT((3.23829574584961E-2, -3.7325855255127E-2, 2.53623428344727E-1));
#3939 = IFCFACEOUTERBOUND(#3937, .T.);
#3940 = IFCFACE((#3939));
#3941 = IFCPOLYLOOP((#3942, #3922, #3915));
#3942 = IFCCARTESIANPOINT((3.4138614654541E-2, -3.85761833190918E-2, 2.70035675048828E-1));
#3943 = IFCFACEOUTERBOUND(#3941, .T.);
#3944 = IFCFACE((#3943));
#3945 = IFCPOLYLOOP((#3481, #3900, #3927));
#3946 = IFCFACEOUTERBOUND(#3945, .T.);
#3947 = IFCFACE((#3946));
#3948 = IFCPOLYLOOP((#3934, #3524, #3922));
#3949 = IFCFACEOUTERBOUND(#3948, .T.);
#3950 = IFCFACE((#3949));
#3951 = IFCPOLYLOOP((#3807, #3952, #3535));
#3952 = IFCCARTESIANPOINT((2.30077571868896E-2, 2.26325917243958E-3, 2.94800903320313E-1));
#3953 = IFCFACEOUTERBOUND(#3951, .T.);
#3954 = IFCFACE((#3953));
#3955 = IFCPOLYLOOP((#3956, #3535, #3952));
#3956 = IFCCARTESIANPOINT((2.54004459381104E-2, -4.11914527416229E-4, 3.09179443359375E-1));
#3957 = IFCFACEOUTERBOUND(#3955, .T.);
#3958 = IFCFACE((#3957));
#3959 = IFCPOLYLOOP((#3574, #3535, #3956));
#3960 = IFCFACEOUTERBOUND(#3959, .T.);
#3961 = IFCFACE((#3960));
#3962 = IFCPOLYLOOP((#3574, #3963, #3964));
#3963 = IFCCARTESIANPOINT((2.53105792999268E-2, -4.75778967142105E-4, 3.10895935058594E-1));
#3964 = IFCCARTESIANPOINT((2.75767002105713E-2, -3.30244660377502E-3, 3.24086395263672E-1));
#3965 = IFCFACEOUTERBOUND(#3962, .T.);
#3966 = IFCFACE((#3965));
#3967 = IFCPOLYLOOP((#3963, #3574, #3956));
#3968 = IFCFACEOUTERBOUND(#3967, .T.);
#3969 = IFCFACE((#3968));
#3970 = IFCPOLYLOOP((#3964, #3971, #3617));
#3971 = IFCCARTESIANPOINT((2.74058628082275E-2, -3.31328511238098E-3, 3.25762603759766E-1));
#3972 = IFCFACEOUTERBOUND(#3970, .T.);
#3973 = IFCFACE((#3972));
#3974 = IFCPOLYLOOP((#3617, #3975, #3976));
#3975 = IFCCARTESIANPOINT((2.88297138214111E-2, -5.15145397186279E-3, 3.32479614257813E-1));
#3976 = IFCCARTESIANPOINT((2.97426776885986E-2, -6.64696264266968E-3, 3.38894165039063E-1));
#3977 = IFCFACEOUTERBOUND(#3974, .T.);
#3978 = IFCFACE((#3977));
#3979 = IFCPOLYLOOP((#3617, #3574, #3964));
#3980 = IFCFACEOUTERBOUND(#3979, .T.);
#3981 = IFCFACE((#3980));
#3982 = IFCPOLYLOOP((#3617, #3976, #3983));
#3983 = IFCCARTESIANPOINT((3.00033512115479E-2, -7.11426067352295E-3, 3.40896209716797E-1));
#3984 = IFCFACEOUTERBOUND(#3982, .T.);
#3985 = IFCFACE((#3984));
#3986 = IFCPOLYLOOP((#3975, #3617, #3971));
#3987 = IFCFACEOUTERBOUND(#3986, .T.);
#3988 = IFCFACE((#3987));
#3989 = IFCPOLYLOOP((#3976, #3990, #3983));
#3990 = IFCCARTESIANPOINT((2.9453893661499E-2, -6.55938959121704E-3, 3.40629425048828E-1));
#3991 = IFCFACEOUTERBOUND(#3989, .T.);
#3992 = IFCFACE((#3991));
#3993 = IFCPOLYLOOP((#3994, #3649, #3653));
#3994 = IFCCARTESIANPOINT((3.34075889587402E-2, -1.50495920181274E-2, 3.70347015380859E-1));
#3995 = IFCFACEOUTERBOUND(#3993, .T.);
#3996 = IFCFACE((#3995));
#3997 = IFCPOLYLOOP((#3983, #3998, #3653));
#3998 = IFCCARTESIANPOINT((3.17519493103027E-2, -1.06153650283813E-2, 3.546298828125E-1));
#3999 = IFCFACEOUTERBOUND(#3997, .T.);
#4000 = IFCFACE((#3999));
#4001 = IFCPOLYLOOP((#3998, #4002, #3653));
#4002 = IFCCARTESIANPOINT((3.19571952819824E-2, -1.11279363632202E-2, 3.56670013427734E-1));
#4003 = IFCFACEOUTERBOUND(#4001, .T.);
#4004 = IFCFACE((#4003));
#4005 = IFCPOLYLOOP((#3983, #3653, #3617));
#4006 = IFCFACEOUTERBOUND(#4005, .T.);
#4007 = IFCFACE((#4006));
#4008 = IFCPOLYLOOP((#3998, #4009, #4002));
#4009 = IFCCARTESIANPOINT((3.13416290283203E-2, -1.03543901443481E-2, 3.56213226318359E-1));
#4010 = IFCFACEOUTERBOUND(#4008, .T.);
#4011 = IFCFACE((#4010));
#4012 = IFCPOLYLOOP((#4013, #3994, #4014));
#4013 = IFCCARTESIANPOINT((3.36207847595215E-2, -1.5696816444397E-2, 3.72384094238281E-1));
#4014 = IFCCARTESIANPOINT((3.28690299987793E-2, -1.46121816635132E-2, 3.7233349609375E-1));
#4015 = IFCFACEOUTERBOUND(#4012, .T.);
#4016 = IFCFACE((#4015));
#4017 = IFCPOLYLOOP((#3682, #3649, #3994));
#4018 = IFCFACEOUTERBOUND(#4017, .T.);
#4019 = IFCFACE((#4018));
#4020 = IFCPOLYLOOP((#3682, #4013, #4021));
#4021 = IFCCARTESIANPOINT((3.41646842956543E-2, -1.77208442687988E-2, 3.79147521972656E-1));
#4022 = IFCFACEOUTERBOUND(#4020, .T.);
#4023 = IFCFACE((#4022));
#4024 = IFCPOLYLOOP((#4025, #4026, #4027));
#4025 = IFCCARTESIANPOINT((3.47379035949707E-2, -2.06355876922607E-2, 3.89222961425781E-1));
#4026 = IFCCARTESIANPOINT((3.46119499206543E-2, -1.97609729766846E-2, 3.85946685791016E-1));
#4027 = IFCCARTESIANPOINT((3.40870895385742E-2, -1.93388252258301E-2, 3.88481292724609E-1));
#4028 = IFCFACEOUTERBOUND(#4024, .T.);
#4029 = IFCFACE((#4028));
#4030 = IFCPOLYLOOP((#3682, #4026, #4025));
#4031 = IFCFACEOUTERBOUND(#4030, .T.);
#4032 = IFCFACE((#4031));
#4033 = IFCPOLYLOOP((#3682, #4021, #4026));
#4034 = IFCFACEOUTERBOUND(#4033, .T.);
#4035 = IFCFACE((#4034));
#4036 = IFCPOLYLOOP((#4013, #3682, #3994));
#4037 = IFCFACEOUTERBOUND(#4036, .T.);
#4038 = IFCFACE((#4037));
#4039 = IFCPOLYLOOP((#4040, #4041, #3696));
#4040 = IFCCARTESIANPOINT((3.50935325622559E-2, -2.26589221954346E-2, 3.95789489746094E-1));
#4041 = IFCCARTESIANPOINT((3.54054679870605E-2, -2.46970520019531E-2, 4.02373565673828E-1));
#4042 = IFCFACEOUTERBOUND(#4039, .T.);
#4043 = IFCFACE((#4042));
#4044 = IFCPOLYLOOP((#3696, #4025, #4040));
#4045 = IFCFACEOUTERBOUND(#4044, .T.);
#4046 = IFCFACE((#4045));
#4047 = IFCPOLYLOOP((#4041, #4048, #4049));
#4048 = IFCCARTESIANPOINT((3.49815864562988E-2, -2.43595943450928E-2, 4.04935089111328E-1));
#4049 = IFCCARTESIANPOINT((3.5589714050293E-2, -2.59926872253418E-2, 4.06544708251953E-1));
#4050 = IFCFACEOUTERBOUND(#4047, .T.);
#4051 = IFCFACE((#4050));
#4052 = IFCPOLYLOOP((#3682, #4025, #3696));
#4053 = IFCFACEOUTERBOUND(#4052, .T.);
#4054 = IFCFACE((#4053));
#4055 = IFCPOLYLOOP((#4049, #4056, #3707));
#4056 = IFCCARTESIANPOINT((3.62139320373535E-2, -2.98711071014404E-2, 4.18127563476563E-1));
#4057 = IFCFACEOUTERBOUND(#4055, .T.);
#4058 = IFCFACE((#4057));
#4059 = IFCPOLYLOOP((#3707, #4060, #4061));
#4060 = IFCCARTESIANPOINT((3.65755996704102E-2, -3.18654365539551E-2, 4.23898895263672E-1));
#4061 = IFCCARTESIANPOINT((3.67867431640625E-2, -3.28964881896973E-2, 4.26766052246094E-1));
#4062 = IFCFACEOUTERBOUND(#4059, .T.);
#4063 = IFCFACE((#4062));
#4064 = IFCPOLYLOOP((#4056, #4060, #3707));
#4065 = IFCFACEOUTERBOUND(#4064, .T.);
#4066 = IFCFACE((#4065));
#4067 = IFCPOLYLOOP((#3696, #4041, #4049));
#4068 = IFCFACEOUTERBOUND(#4067, .T.);
#4069 = IFCFACE((#4068));
#4070 = IFCPOLYLOOP((#4002, #3994, #3653));
#4071 = IFCFACEOUTERBOUND(#4070, .T.);
#4072 = IFCFACE((#4071));
#4073 = IFCPOLYLOOP((#4061, #4074, #4075));
#4074 = IFCCARTESIANPOINT((3.70193405151367E-2, -3.39457588195801E-2, 4.29627136230469E-1));
#4075 = IFCCARTESIANPOINT((3.74483833312988E-2, -3.53031234741211E-2, 4.31591400146484E-1));
#4076 = IFCFACEOUTERBOUND(#4073, .T.);
#4077 = IFCFACE((#4076));
#4078 = IFCPOLYLOOP((#4079, #3642, #3635));
#4079 = IFCCARTESIANPOINT((4.06488227844238E-2, -3.99152946472168E-2, 3.34479156494141E-1));
#4080 = IFCFACEOUTERBOUND(#4078, .T.);
#4081 = IFCFACE((#4080));
#4082 = IFCPOLYLOOP((#4083, #3606, #3642));
#4083 = IFCCARTESIANPOINT((3.91900482177734E-2, -4.01262550354004E-2, 3.16929656982422E-1));
#4084 = IFCFACEOUTERBOUND(#4082, .T.);
#4085 = IFCFACE((#4084));
#4086 = IFCPOLYLOOP((#3671, #4079, #3635));
#4087 = IFCFACEOUTERBOUND(#4086, .T.);
#4088 = IFCFACE((#4087));
#4089 = IFCPOLYLOOP((#4090, #4091, #3686));
#4090 = IFCCARTESIANPOINT((4.16367568969727E-2, -3.88496360778809E-2, 3.67804321289063E-1));
#4091 = IFCCARTESIANPOINT((4.16549491882324E-2, -3.89809455871582E-2, 3.65613128662109E-1));
#4092 = IFCFACEOUTERBOUND(#4089, .T.);
#4093 = IFCFACE((#4092));
#4094 = IFCPOLYLOOP((#3671, #4091, #4095));
#4095 = IFCCARTESIANPOINT((4.1465892791748E-2, -3.95204620361328E-2, 3.51076568603516E-1));
#4096 = IFCFACEOUTERBOUND(#4094, .T.);
#4097 = IFCFACE((#4096));
#4098 = IFCPOLYLOOP((#4099, #4100, #4095));
#4099 = IFCCARTESIANPOINT((4.13311386108398E-2, -4.05035514831543E-2, 3.50258117675781E-1));
#4100 = IFCCARTESIANPOINT((4.14008255004883E-2, -3.9531810760498E-2, 3.48939117431641E-1));
#4101 = IFCFACEOUTERBOUND(#4098, .T.);
#4102 = IFCFACE((#4101));
#4103 = IFCPOLYLOOP((#4095, #4100, #3671));
#4104 = IFCFACEOUTERBOUND(#4103, .T.);
#4105 = IFCFACE((#4104));
#4106 = IFCPOLYLOOP((#4100, #4079, #3671));
#4107 = IFCFACEOUTERBOUND(#4106, .T.);
#4108 = IFCFACE((#4107));
#4109 = IFCPOLYLOOP((#4091, #3671, #3686));
#4110 = IFCFACEOUTERBOUND(#4109, .T.);
#4111 = IFCFACE((#4110));
#4112 = IFCPOLYLOOP((#3606, #4083, #4113));
#4113 = IFCCARTESIANPOINT((3.76267700195313E-2, -4.0359130859375E-2, 3.031494140625E-1));
#4114 = IFCFACEOUTERBOUND(#4112, .T.);
#4115 = IFCFACE((#4114));
#4116 = IFCPOLYLOOP((#3606, #4113, #4117));
#4117 = IFCCARTESIANPOINT((3.76582984924316E-2, -3.98493309020996E-2, 3.01545135498047E-1));
#4118 = IFCFACEOUTERBOUND(#4116, .T.);
#4119 = IFCFACE((#4118));
#4120 = IFCPOLYLOOP((#4121, #4122, #4079));
#4121 = IFCCARTESIANPOINT((4.04218902587891E-2, -4.07153587341309E-2, 3.33922332763672E-1));
#4122 = IFCCARTESIANPOINT((4.05079689025879E-2, -3.99363594055176E-2, 3.32387878417969E-1));
#4123 = IFCFACEOUTERBOUND(#4120, .T.);
#4124 = IFCFACE((#4123));
#4125 = IFCPOLYLOOP((#4126, #3642, #4122));
#4126 = IFCCARTESIANPOINT((3.93850631713867E-2, -4.0126522064209E-2, 3.19007659912109E-1));
#4127 = IFCFACEOUTERBOUND(#4125, .T.);
#4128 = IFCFACE((#4127));
#4129 = IFCPOLYLOOP((#4083, #4126, #4130));
#4130 = IFCCARTESIANPOINT((3.91253051757813E-2, -4.07280311584473E-2, 3.18460906982422E-1));
#4131 = IFCFACEOUTERBOUND(#4129, .T.);
#4132 = IFCFACE((#4131));
#4133 = IFCPOLYLOOP((#4126, #4083, #3642));
#4134 = IFCFACEOUTERBOUND(#4133, .T.);
#4135 = IFCFACE((#4134));
#4136 = IFCPOLYLOOP((#4122, #3642, #4079));
#4137 = IFCFACEOUTERBOUND(#4136, .T.);
#4138 = IFCFACE((#4137));
#4139 = IFCPOLYLOOP((#3606, #4117, #3908));
#4140 = IFCFACEOUTERBOUND(#4139, .T.);
#4141 = IFCFACE((#4140));
#4142 = IFCPOLYLOOP((#4049, #3707, #3696));
#4143 = IFCFACEOUTERBOUND(#4142, .T.);
#4144 = IFCFACE((#4143));
#4145 = IFCPOLYLOOP((#4146, #4147, #3707));
#4146 = IFCCARTESIANPOINT((3.95257186889648E-2, -3.84319725036621E-2, 4.16411376953125E-1));
#4147 = IFCCARTESIANPOINT((3.99171142578125E-2, -3.85306968688965E-2, 4.10231140136719E-1));
#4148 = IFCFACEOUTERBOUND(#4145, .T.);
#4149 = IFCFACE((#4148));
#4150 = IFCPOLYLOOP((#3700, #3707, #4147));
#4151 = IFCFACEOUTERBOUND(#4150, .T.);
#4152 = IFCFACE((#4151));
#4153 = IFCPOLYLOOP((#4146, #3707, #4154));
#4154 = IFCCARTESIANPOINT((3.91245498657227E-2, -3.83076934814453E-2, 4.22615631103516E-1));
#4155 = IFCFACEOUTERBOUND(#4153, .T.);
#4156 = IFCFACE((#4155));
#4157 = IFCPOLYLOOP((#3700, #4158, #3686));
#4158 = IFCCARTESIANPOINT((4.1291431427002E-2, -3.85458335876465E-2, 3.82236785888672E-1));
#4159 = IFCFACEOUTERBOUND(#4157, .T.);
#4160 = IFCFACE((#4159));
#4161 = IFCPOLYLOOP((#4162, #4075, #4163));
#4162 = IFCCARTESIANPOINT((3.83104515075684E-2, -3.7408332824707E-2, 4.31199768066406E-1));
#4163 = IFCCARTESIANPOINT((3.7885124206543E-2, -3.66587867736816E-2, 4.33556915283203E-1));
#4164 = IFCFACEOUTERBOUND(#4161, .T.);
#4165 = IFCFACE((#4164));
#4166 = IFCPOLYLOOP((#4061, #4167, #4154));
#4167 = IFCCARTESIANPOINT((3.87107620239258E-2, -3.81195907592773E-2, 4.28848754882813E-1));
#4168 = IFCFACEOUTERBOUND(#4166, .T.);
#4169 = IFCFACE((#4168));
#4170 = IFCPOLYLOOP((#4162, #4167, #4075));
#4171 = IFCFACEOUTERBOUND(#4170, .T.);
#4172 = IFCFACE((#4171));
#4173 = IFCPOLYLOOP((#4061, #4154, #3707));
#4174 = IFCFACEOUTERBOUND(#4173, .T.);
#4175 = IFCFACE((#4174));
#4176 = IFCPOLYLOOP((#4061, #4075, #4167));
#4177 = IFCFACEOUTERBOUND(#4176, .T.);
#4178 = IFCFACE((#4177));
#4179 = IFCPOLYLOOP((#4180, #4181, #4158));
#4180 = IFCCARTESIANPOINT((4.11845893859863E-2, -3.86608543395996E-2, 3.85663391113281E-1));
#4181 = IFCCARTESIANPOINT((4.14252471923828E-2, -4.00476226806641E-2, 3.84370422363281E-1));
#4182 = IFCFACEOUTERBOUND(#4179, .T.);
#4183 = IFCFACE((#4182));
#4184 = IFCPOLYLOOP((#4091, #4090, #4185));
#4185 = IFCCARTESIANPOINT((4.16694412231445E-2, -4.03383178710938E-2, 3.67222503662109E-1));
#4186 = IFCFACEOUTERBOUND(#4184, .T.);
#4187 = IFCFACE((#4186));
#4188 = IFCPOLYLOOP((#4158, #4090, #3686));
#4189 = IFCFACEOUTERBOUND(#4188, .T.);
#4190 = IFCFACE((#4189));
#4191 = IFCPOLYLOOP((#3700, #4192, #4193));
#4192 = IFCCARTESIANPOINT((4.0300479888916E-2, -3.86517524719238E-2, 4.04072296142578E-1));
#4193 = IFCCARTESIANPOINT((4.05335655212402E-2, -3.8627067565918E-2, 3.99641082763672E-1));
#4194 = IFCFACEOUTERBOUND(#4191, .T.);
#4195 = IFCFACE((#4194));
#4196 = IFCPOLYLOOP((#4180, #4158, #3700));
#4197 = IFCFACEOUTERBOUND(#4196, .T.);
#4198 = IFCFACE((#4197));
#4199 = IFCPOLYLOOP((#4192, #4200, #4193));
#4200 = IFCCARTESIANPOINT((4.07422981262207E-2, -3.9970817565918E-2, 4.01860260009766E-1));
#4201 = IFCFACEOUTERBOUND(#4199, .T.);
#4202 = IFCFACE((#4201));
#4203 = IFCPOLYLOOP((#4180, #3700, #4193));
#4204 = IFCFACEOUTERBOUND(#4203, .T.);
#4205 = IFCFACE((#4204));
#4206 = IFCPOLYLOOP((#3700, #4147, #4192));
#4207 = IFCFACEOUTERBOUND(#4206, .T.);
#4208 = IFCFACE((#4207));
#4209 = IFCSURFACESTYLERENDERING(#4210, 0., #4211, $, $, #4212, #4213, $, .NOTDEFINED.);
#4210 = IFCCOLOURRGB('Surface color', 0., 4.98039215803146E-1, 0.);
#4211 = IFCCOLOURRGB('Diffuse color', 0., 4.98039215803146E-1, 0.);
#4212 = IFCCOLOURRGB('Reflection color', 1., 1., 1.);
#4213 = IFCCOLOURRGB('Specular color', 1., 1., 1.);
#4214 = IFCSURFACESTYLE('d194c32c_5116_40c1_a141_b5544e73a1b4', .BOTH., (#4209));
#4215 = IFCPRESENTATIONSTYLEASSIGNMENT((#4214));
#4216 = IFCSTYLEDITEM($, (#4215), $);
#4217 = IFCSTYLEDREPRESENTATION(#106, 'Body', $, (#4216));
#4218 = IFCOPENSHELL((#4224, #4229, #4234, #4237, #4242, #4245, #4250, #4254, #4258, #4262, #4265, #4269, #4272, #4277, #4282, #4286, #4290, #4294, #4297, #4301, #4304, #4308, #4313, #4316, #4320, #4324, #4328, #4331, #4335, #4338, #4342, #4347, #4350, #4354, #4357, #4361, #4364, #4368, #4371, #4375, #4378, #4382, #4385, #4389, #4394, #4397, #4401, #4404, #4408, #4411, #4415, #4418, #4422, #4425, #4430, #4433, #4437, #4440, #4444, #4447, #4451, #4454, #4458, #4461, #4466, #4469, #4473, #4476, #4480, #4483, #4487, #4491, #4494, #4498, #4501, #4505, #4509, #4515, #4519, #4522, #4527, #4531, #4535, #4539, #4542, #4545, #4548, #4551, #4555, #4559, #4563, #4566, #4569, #4573, #4576, #4579, #4584, #4587, #4591, #4594, #4597, #4601, #4604, #4608, #4612, #4616, #4619, #4623, #4627, #4630, #4633, #4636, #4640, #4643, #4647, #4650, #4654, #4657, #4661, #4667, #4670, #4673, #4677, #4680, #4684, #4688, #4694, #4697, #4700, #4703, #4707, #4711, #4714, #4719, #4723, #4726, #4729, #4732, #4735, #4739, #4743, #4746, #4751, #4755, #4759, #4762, #4765, #4768, #4771, #4774, #4777, #4780, #4783, #4786, #4789, #4792, #4795, #4798, #4801, #4804, #4807, #4810, #4813, #4816, #4819));
#4219 = IFCPOLYLOOP((#4220, #4221, #4222));
#4220 = IFCCARTESIANPOINT((3.47755980491638E-3, -3.86050772666931E-3, 1.72668869018555E-1));
#4221 = IFCCARTESIANPOINT((3.31519283354282E-5, -4.91014093160629E-4, 1.63230560302734E-1));
#4222 = IFCCARTESIANPOINT((3.98086309432983E-3, -5.82917928695679E-4, 1.72833114624023E-1));
#4223 = IFCFACEOUTERBOUND(#4219, .T.);
#4224 = IFCFACE((#4223));
#4225 = IFCPOLYLOOP((#4226, #4227, #4220));
#4226 = IFCCARTESIANPOINT((2.73292446136475E-3, -7.46514225006104E-3, 1.72485733032227E-1));
#4227 = IFCCARTESIANPOINT((-9.49142217636108E-4, -3.89993596076965E-3, 1.63162857055664E-1));
#4228 = IFCFACEOUTERBOUND(#4225, .T.);
#4229 = IFCFACE((#4228));
#4230 = IFCPOLYLOOP((#4226, #4231, #4232));
#4231 = IFCCARTESIANPOINT((1.6061669588089E-3, -1.16796045303345E-2, 1.72276840209961E-1));
#4232 = IFCCARTESIANPOINT((-2.15386867523193E-3, -8.04570293426514E-3, 1.63014663696289E-1));
#4233 = IFCFACEOUTERBOUND(#4230, .T.);
#4234 = IFCFACE((#4233));
#4235 = IFCPOLYLOOP((#4232, #4227, #4226));
#4236 = IFCFACEOUTERBOUND(#4235, .T.);
#4237 = IFCFACE((#4236));
#4238 = IFCPOLYLOOP((#4231, #4239, #4240));
#4239 = IFCCARTESIANPOINT((8.37461799383163E-5, -1.60551872253418E-2, 1.72079650878906E-1));
#4240 = IFCCARTESIANPOINT((-3.47949600219727E-3, -1.25770788192749E-2, 1.62772048950195E-1));
#4241 = IFCFACEOUTERBOUND(#4238, .T.);
#4242 = IFCFACE((#4241));
#4243 = IFCPOLYLOOP((#4240, #4232, #4231));
#4244 = IFCFACEOUTERBOUND(#4243, .T.);
#4245 = IFCFACE((#4244));
#4246 = IFCPOLYLOOP((#4247, #4222, #4248));
#4247 = IFCCARTESIANPOINT((6.8654637336731E-3, -3.52244925498962E-3, 1.82251281738281E-1));
#4248 = IFCCARTESIANPOINT((6.70852375030518E-3, -1.28454968333244E-4, 1.82518997192383E-1));
#4249 = IFCFACEOUTERBOUND(#4246, .T.);
#4250 = IFCFACE((#4249));
#4251 = IFCPOLYLOOP((#4252, #4220, #4247));
#4252 = IFCCARTESIANPOINT((6.721022605896E-3, -7.08909463882446E-3, 1.8198796081543E-1));
#4253 = IFCFACEOUTERBOUND(#4251, .T.);
#4254 = IFCFACE((#4253));
#4255 = IFCPOLYLOOP((#4256, #4226, #4252));
#4256 = IFCCARTESIANPOINT((6.22510528564453E-3, -1.0889799118042E-2, 1.81733657836914E-1));
#4257 = IFCFACEOUTERBOUND(#4255, .T.);
#4258 = IFCFACE((#4257));
#4259 = IFCPOLYLOOP((#4256, #4260, #4231));
#4260 = IFCCARTESIANPOINT((5.19096708297729E-3, -1.51694383621216E-2, 1.81493743896484E-1));
#4261 = IFCFACEOUTERBOUND(#4259, .T.);
#4262 = IFCFACE((#4261));
#4263 = IFCPOLYLOOP((#4231, #4226, #4256));
#4264 = IFCFACEOUTERBOUND(#4263, .T.);
#4265 = IFCFACE((#4264));
#4266 = IFCPOLYLOOP((#4260, #4267, #4239));
#4267 = IFCCARTESIANPOINT((3.48820972442627E-3, -1.93857250213623E-2, 1.81338241577148E-1));
#4268 = IFCFACEOUTERBOUND(#4266, .T.);
#4269 = IFCFACE((#4268));
#4270 = IFCPOLYLOOP((#4239, #4231, #4260));
#4271 = IFCFACEOUTERBOUND(#4270, .T.);
#4272 = IFCFACE((#4271));
#4273 = IFCPOLYLOOP((#4274, #4275, #4267));
#4274 = IFCCARTESIANPOINT((1.0759871006012E-3, -2.28843231201172E-2, 1.81344696044922E-1));
#4275 = IFCCARTESIANPOINT((-1.77942168712616E-3, -2.00123081207275E-2, 1.71943878173828E-1));
#4276 = IFCFACEOUTERBOUND(#4273, .T.);
#4277 = IFCFACE((#4276));
#4278 = IFCPOLYLOOP((#4279, #4247, #4280));
#4279 = IFCCARTESIANPOINT((9.43287658691406E-3, -6.2178053855896E-3, 1.91546051025391E-1));
#4280 = IFCCARTESIANPOINT((8.85444927215576E-3, -2.47379803657532E-3, 1.91885696411133E-1));
#4281 = IFCFACEOUTERBOUND(#4278, .T.);
#4282 = IFCFACE((#4281));
#4283 = IFCPOLYLOOP((#4284, #4252, #4279));
#4284 = IFCCARTESIANPOINT((9.62159061431885E-3, -1.00528030395508E-2, 1.91229095458984E-1));
#4285 = IFCFACEOUTERBOUND(#4283, .T.);
#4286 = IFCFACE((#4285));
#4287 = IFCPOLYLOOP((#4288, #4256, #4284));
#4288 = IFCCARTESIANPOINT((9.3589038848877E-3, -1.4032151222229E-2, 1.90941162109375E-1));
#4289 = IFCFACEOUTERBOUND(#4287, .T.);
#4290 = IFCFACE((#4289));
#4291 = IFCPOLYLOOP((#4288, #4292, #4260));
#4292 = IFCCARTESIANPOINT((8.417311668396E-3, -1.83676872253418E-2, 1.9069482421875E-1));
#4293 = IFCFACEOUTERBOUND(#4291, .T.);
#4294 = IFCFACE((#4293));
#4295 = IFCPOLYLOOP((#4260, #4256, #4288));
#4296 = IFCFACEOUTERBOUND(#4295, .T.);
#4297 = IFCFACE((#4296));
#4298 = IFCPOLYLOOP((#4292, #4299, #4267));
#4299 = IFCCARTESIANPOINT((6.56026697158813E-3, -2.24360160827637E-2, 1.90576446533203E-1));
#4300 = IFCFACEOUTERBOUND(#4298, .T.);
#4301 = IFCFACE((#4300));
#4302 = IFCPOLYLOOP((#4267, #4260, #4292));
#4303 = IFCFACEOUTERBOUND(#4302, .T.);
#4304 = IFCFACE((#4303));
#4305 = IFCPOLYLOOP((#4306, #4274, #4299));
#4306 = IFCCARTESIANPOINT((3.66019248962402E-3, -2.55223121643066E-2, 1.90675064086914E-1));
#4307 = IFCFACEOUTERBOUND(#4305, .T.);
#4308 = IFCFACE((#4307));
#4309 = IFCPOLYLOOP((#4310, #4311, #4279));
#4310 = IFCCARTESIANPOINT((1.07691926956177E-2, -4.66798639297485E-3, 2.01690155029297E-1));
#4311 = IFCCARTESIANPOINT((1.17219829559326E-2, -8.72956657409668E-3, 2.01319976806641E-1));
#4312 = IFCFACEOUTERBOUND(#4309, .T.);
#4313 = IFCFACE((#4312));
#4314 = IFCPOLYLOOP((#4279, #4280, #4310));
#4315 = IFCFACEOUTERBOUND(#4314, .T.);
#4316 = IFCFACE((#4315));
#4317 = IFCPOLYLOOP((#4318, #4284, #4311));
#4318 = IFCCARTESIANPOINT((1.22062225341797E-2, -1.28035526275635E-2, 2.00986373901367E-1));
#4319 = IFCFACEOUTERBOUND(#4317, .T.);
#4320 = IFCFACE((#4319));
#4321 = IFCPOLYLOOP((#4322, #4288, #4318));
#4322 = IFCCARTESIANPOINT((1.21511602401733E-2, -1.693825340271E-2, 2.00695495605469E-1));
#4323 = IFCFACEOUTERBOUND(#4321, .T.);
#4324 = IFCFACE((#4323));
#4325 = IFCPOLYLOOP((#4322, #4326, #4292));
#4326 = IFCCARTESIANPOINT((1.12954921722412E-2, -2.13188419342041E-2, 2.00463027954102E-1));
#4327 = IFCFACEOUTERBOUND(#4325, .T.);
#4328 = IFCFACE((#4327));
#4329 = IFCPOLYLOOP((#4292, #4288, #4322));
#4330 = IFCFACEOUTERBOUND(#4329, .T.);
#4331 = IFCFACE((#4330));
#4332 = IFCPOLYLOOP((#4326, #4333, #4299));
#4333 = IFCCARTESIANPOINT((9.31252861022949E-3, -2.52567443847656E-2, 2.00378082275391E-1));
#4334 = IFCFACEOUTERBOUND(#4332, .T.);
#4335 = IFCFACE((#4334));
#4336 = IFCPOLYLOOP((#4299, #4292, #4326));
#4337 = IFCFACEOUTERBOUND(#4336, .T.);
#4338 = IFCFACE((#4337));
#4339 = IFCPOLYLOOP((#4340, #4306, #4333));
#4340 = IFCCARTESIANPOINT((6.00275230407715E-3, -2.79940280914307E-2, 2.00527252197266E-1));
#4341 = IFCFACEOUTERBOUND(#4339, .T.);
#4342 = IFCFACE((#4341));
#4343 = IFCPOLYLOOP((#4344, #4345, #4311));
#4344 = IFCCARTESIANPOINT((1.23106927871704E-2, -6.5664849281311E-3, 2.1162760925293E-1));
#4345 = IFCCARTESIANPOINT((1.35405702590942E-2, -1.08709754943848E-2, 2.112626953125E-1));
#4346 = IFCFACEOUTERBOUND(#4343, .T.);
#4347 = IFCFACE((#4346));
#4348 = IFCPOLYLOOP((#4311, #4310, #4344));
#4349 = IFCFACEOUTERBOUND(#4348, .T.);
#4350 = IFCFACE((#4349));
#4351 = IFCPOLYLOOP((#4345, #4352, #4318));
#4352 = IFCCARTESIANPOINT((1.42420082092285E-2, -1.51225442886353E-2, 2.10943603515625E-1));
#4353 = IFCFACEOUTERBOUND(#4351, .T.);
#4354 = IFCFACE((#4353));
#4355 = IFCPOLYLOOP((#4318, #4311, #4345));
#4356 = IFCFACEOUTERBOUND(#4355, .T.);
#4357 = IFCFACE((#4356));
#4358 = IFCPOLYLOOP((#4352, #4359, #4322));
#4359 = IFCCARTESIANPOINT((1.43394546508789E-2, -1.93685398101807E-2, 2.10674774169922E-1));
#4360 = IFCFACEOUTERBOUND(#4358, .T.);
#4361 = IFCFACE((#4360));
#4362 = IFCPOLYLOOP((#4322, #4318, #4352));
#4363 = IFCFACEOUTERBOUND(#4362, .T.);
#4364 = IFCFACE((#4363));
#4365 = IFCPOLYLOOP((#4359, #4366, #4326));
#4366 = IFCCARTESIANPOINT((1.35500526428223E-2, -2.37781505584717E-2, 2.10471084594727E-1));
#4367 = IFCFACEOUTERBOUND(#4365, .T.);
#4368 = IFCFACE((#4367));
#4369 = IFCPOLYLOOP((#4326, #4322, #4359));
#4370 = IFCFACEOUTERBOUND(#4369, .T.);
#4371 = IFCFACE((#4370));
#4372 = IFCPOLYLOOP((#4366, #4373, #4333));
#4373 = IFCCARTESIANPOINT((1.14870176315308E-2, -2.76236686706543E-2, 2.10412826538086E-1));
#4374 = IFCFACEOUTERBOUND(#4372, .T.);
#4375 = IFCFACE((#4374));
#4376 = IFCPOLYLOOP((#4333, #4326, #4366));
#4377 = IFCFACEOUTERBOUND(#4376, .T.);
#4378 = IFCFACE((#4377));
#4379 = IFCPOLYLOOP((#4373, #4380, #4340));
#4380 = IFCCARTESIANPOINT((7.90610551834106E-3, -3.01289615631104E-2, 2.10572570800781E-1));
#4381 = IFCFACEOUTERBOUND(#4379, .T.);
#4382 = IFCFACE((#4381));
#4383 = IFCPOLYLOOP((#4340, #4333, #4373));
#4384 = IFCFACEOUTERBOUND(#4383, .T.);
#4385 = IFCFACE((#4384));
#4386 = IFCPOLYLOOP((#4344, #4387, #4345));
#4387 = IFCCARTESIANPOINT((1.24260950088501E-2, -6.06608200073242E-3, 2.16556640625E-1));
#4388 = IFCFACEOUTERBOUND(#4386, .T.);
#4389 = IFCFACE((#4388));
#4390 = IFCPOLYLOOP((#4391, #4392, #4352));
#4391 = IFCCARTESIANPOINT((1.48152275085449E-2, -1.25634365081787E-2, 2.21224792480469E-1));
#4392 = IFCCARTESIANPOINT((1.56343307495117E-2, -1.69144077301025E-2, 2.20939651489258E-1));
#4393 = IFCFACEOUTERBOUND(#4390, .T.);
#4394 = IFCFACE((#4393));
#4395 = IFCPOLYLOOP((#4352, #4345, #4391));
#4396 = IFCFACEOUTERBOUND(#4395, .T.);
#4397 = IFCFACE((#4396));
#4398 = IFCPOLYLOOP((#4392, #4399, #4359));
#4399 = IFCCARTESIANPOINT((1.58143682479858E-2, -2.12180519104004E-2, 2.20707275390625E-1));
#4400 = IFCFACEOUTERBOUND(#4398, .T.);
#4401 = IFCFACE((#4400));
#4402 = IFCPOLYLOOP((#4359, #4352, #4392));
#4403 = IFCFACEOUTERBOUND(#4402, .T.);
#4404 = IFCFACE((#4403));
#4405 = IFCPOLYLOOP((#4399, #4406, #4366));
#4406 = IFCCARTESIANPOINT((1.50658197402954E-2, -2.56403732299805E-2, 2.20538970947266E-1));
#4407 = IFCFACEOUTERBOUND(#4405, .T.);
#4408 = IFCFACE((#4407));
#4409 = IFCPOLYLOOP((#4366, #4359, #4399));
#4410 = IFCFACEOUTERBOUND(#4409, .T.);
#4411 = IFCFACE((#4410));
#4412 = IFCPOLYLOOP((#4406, #4413, #4373));
#4413 = IFCCARTESIANPOINT((1.29787044525146E-2, -2.94448776245117E-2, 2.20498641967773E-1));
#4414 = IFCFACEOUTERBOUND(#4412, .T.);
#4415 = IFCFACE((#4414));
#4416 = IFCPOLYLOOP((#4373, #4366, #4406));
#4417 = IFCFACEOUTERBOUND(#4416, .T.);
#4418 = IFCFACE((#4417));
#4419 = IFCPOLYLOOP((#4413, #4420, #4380));
#4420 = IFCCARTESIANPOINT((9.29687595367432E-3, -3.18643398284912E-2, 2.20637802124023E-1));
#4421 = IFCFACEOUTERBOUND(#4419, .T.);
#4422 = IFCFACE((#4421));
#4423 = IFCPOLYLOOP((#4380, #4373, #4413));
#4424 = IFCFACEOUTERBOUND(#4423, .T.);
#4425 = IFCFACE((#4424));
#4426 = IFCPOLYLOOP((#4427, #4428, #4392));
#4427 = IFCCARTESIANPOINT((1.55652446746826E-2, -1.38196411132813E-2, 2.31256744384766E-1));
#4428 = IFCCARTESIANPOINT((1.63981704711914E-2, -1.81882762908936E-2, 2.31011627197266E-1));
#4429 = IFCFACEOUTERBOUND(#4426, .T.);
#4430 = IFCFACE((#4429));
#4431 = IFCPOLYLOOP((#4392, #4391, #4427));
#4432 = IFCFACEOUTERBOUND(#4431, .T.);
#4433 = IFCFACE((#4432));
#4434 = IFCPOLYLOOP((#4428, #4435, #4399));
#4435 = IFCCARTESIANPOINT((1.65891265869141E-2, -2.24957618713379E-2, 2.30818405151367E-1));
#4436 = IFCFACEOUTERBOUND(#4434, .T.);
#4437 = IFCFACE((#4436));
#4438 = IFCPOLYLOOP((#4399, #4392, #4428));
#4439 = IFCFACEOUTERBOUND(#4438, .T.);
#4440 = IFCFACE((#4439));
#4441 = IFCPOLYLOOP((#4435, #4442, #4406));
#4442 = IFCCARTESIANPOINT((1.58573999404907E-2, -2.6918119430542E-2, 2.30683166503906E-1));
#4443 = IFCFACEOUTERBOUND(#4441, .T.);
#4444 = IFCFACE((#4443));
#4445 = IFCPOLYLOOP((#4406, #4399, #4435));
#4446 = IFCFACEOUTERBOUND(#4445, .T.);
#4447 = IFCFACE((#4446));
#4448 = IFCPOLYLOOP((#4442, #4449, #4413));
#4449 = IFCCARTESIANPOINT((1.38075218200684E-2, -3.07403125762939E-2, 2.30650695800781E-1));
#4450 = IFCFACEOUTERBOUND(#4448, .T.);
#4451 = IFCFACE((#4450));
#4452 = IFCPOLYLOOP((#4413, #4406, #4442));
#4453 = IFCFACEOUTERBOUND(#4452, .T.);
#4454 = IFCFACE((#4453));
#4455 = IFCPOLYLOOP((#4449, #4456, #4420));
#4456 = IFCCARTESIANPOINT((1.02041664123535E-2, -3.32295074462891E-2, 2.30749420166016E-1));
#4457 = IFCFACEOUTERBOUND(#4455, .T.);
#4458 = IFCFACE((#4457));
#4459 = IFCPOLYLOOP((#4420, #4413, #4449));
#4460 = IFCFACEOUTERBOUND(#4459, .T.);
#4461 = IFCFACE((#4460));
#4462 = IFCPOLYLOOP((#4463, #4464, #4435));
#4463 = IFCCARTESIANPOINT((1.65989475250244E-2, -1.89963207244873E-2, 2.41192718505859E-1));
#4464 = IFCCARTESIANPOINT((1.67356452941895E-2, -2.32594680786133E-2, 2.41028778076172E-1));
#4465 = IFCFACEOUTERBOUND(#4462, .T.);
#4466 = IFCFACE((#4465));
#4467 = IFCPOLYLOOP((#4435, #4428, #4463));
#4468 = IFCFACEOUTERBOUND(#4467, .T.);
#4469 = IFCFACE((#4468));
#4470 = IFCPOLYLOOP((#4464, #4471, #4442));
#4471 = IFCCARTESIANPOINT((1.60032768249512E-2, -2.76756553649902E-2, 2.40914779663086E-1));
#4472 = IFCFACEOUTERBOUND(#4470, .T.);
#4473 = IFCFACE((#4472));
#4474 = IFCPOLYLOOP((#4442, #4435, #4464));
#4475 = IFCFACEOUTERBOUND(#4474, .T.);
#4476 = IFCFACE((#4475));
#4477 = IFCPOLYLOOP((#4471, #4478, #4449));
#4478 = IFCCARTESIANPOINT((1.40555143356323E-2, -3.15785980224609E-2, 2.4087873840332E-1));
#4479 = IFCFACEOUTERBOUND(#4477, .T.);
#4480 = IFCFACE((#4479));
#4481 = IFCPOLYLOOP((#4449, #4442, #4471));
#4482 = IFCFACEOUTERBOUND(#4481, .T.);
#4483 = IFCFACE((#4482));
#4484 = IFCPOLYLOOP((#4485, #4464, #4463));
#4485 = IFCCARTESIANPOINT((1.63845405578613E-2, -2.36157875061035E-2, 2.51354278564453E-1));
#4486 = IFCFACEOUTERBOUND(#4484, .T.);
#4487 = IFCFACE((#4486));
#4488 = IFCPOLYLOOP((#4485, #4489, #4471));
#4489 = IFCCARTESIANPOINT((1.56458177566528E-2, -2.80289039611816E-2, 2.51239532470703E-1));
#4490 = IFCFACEOUTERBOUND(#4488, .T.);
#4491 = IFCFACE((#4490));
#4492 = IFCPOLYLOOP((#4471, #4464, #4485));
#4493 = IFCFACEOUTERBOUND(#4492, .T.);
#4494 = IFCFACE((#4493));
#4495 = IFCPOLYLOOP((#4489, #4496, #4478));
#4496 = IFCCARTESIANPOINT((1.38668413162231E-2, -3.20770378112793E-2, 2.5118701171875E-1));
#4497 = IFCFACEOUTERBOUND(#4495, .T.);
#4498 = IFCFACE((#4497));
#4499 = IFCPOLYLOOP((#4478, #4471, #4489));
#4500 = IFCFACEOUTERBOUND(#4499, .T.);
#4501 = IFCFACE((#4500));
#4502 = IFCPOLYLOOP((#4503, #4489, #4485));
#4503 = IFCCARTESIANPOINT((1.49912691116333E-2, -2.81454372406006E-2, 2.61657745361328E-1));
#4504 = IFCFACEOUTERBOUND(#4502, .T.);
#4505 = IFCFACE((#4504));
#4506 = IFCPOLYLOOP((#4485, #4507, #4503));
#4507 = IFCCARTESIANPOINT((1.57251176834106E-2, -2.37201595306396E-2, 2.61805999755859E-1));
#4508 = IFCFACEOUTERBOUND(#4506, .T.);
#4509 = IFCFACE((#4508));
#4510 = IFCPOLYLOOP((#4511, #4512, #4513));
#4511 = IFCCARTESIANPOINT((3.34756255149841E-3, 5.32696485519409E-3, 1.68641677856445E-1));
#4512 = IFCCARTESIANPOINT((4.75740432739258E-3, 4.17628574371338E-3, 1.74858245849609E-1));
#4513 = IFCCARTESIANPOINT((4.27966928482056E-3, 2.43956971168518E-3, 1.729775390625E-1));
#4514 = IFCFACEOUTERBOUND(#4510, .T.);
#4515 = IFCFACE((#4514));
#4516 = IFCPOLYLOOP((#4513, #4517, #4511));
#4517 = IFCCARTESIANPOINT((1.62738561630249E-3, 4.58750677108765E-3, 1.63633834838867E-1));
#4518 = IFCFACEOUTERBOUND(#4516, .T.);
#4519 = IFCFACE((#4518));
#4520 = IFCPOLYLOOP((#4248, #4222, #4512));
#4521 = IFCFACEOUTERBOUND(#4520, .T.);
#4522 = IFCFACE((#4521));
#4523 = IFCPOLYLOOP((#4227, #4524, #4525));
#4524 = IFCCARTESIANPOINT((-5.80617380142212E-3, -6.5882625579834E-3, 1.54940399169922E-1));
#4525 = IFCCARTESIANPOINT((-4.93556594848633E-3, -1.64499509334564E-3, 1.53913757324219E-1));
#4526 = IFCFACEOUTERBOUND(#4523, .T.);
#4527 = IFCFACE((#4526));
#4528 = IFCPOLYLOOP((#4525, #4529, #4227));
#4529 = IFCCARTESIANPOINT((-2.85588002204895E-3, 1.85260379314423E-3, 1.55620590209961E-1));
#4530 = IFCFACEOUTERBOUND(#4528, .T.);
#4531 = IFCFACE((#4530));
#4532 = IFCPOLYLOOP((#4221, #4529, #4533));
#4533 = IFCCARTESIANPOINT((-9.80373084545136E-4, 3.71657752990723E-3, 1.58036193847656E-1));
#4534 = IFCFACEOUTERBOUND(#4532, .T.);
#4535 = IFCFACE((#4534));
#4536 = IFCPOLYLOOP((#4222, #4537, #4517));
#4537 = IFCCARTESIANPOINT((8.86952996253967E-4, 2.50312685966492E-3, 1.6324235534668E-1));
#4538 = IFCFACEOUTERBOUND(#4536, .T.);
#4539 = IFCFACE((#4538));
#4540 = IFCPOLYLOOP((#4533, #4517, #4537));
#4541 = IFCFACEOUTERBOUND(#4540, .T.);
#4542 = IFCFACE((#4541));
#4543 = IFCPOLYLOOP((#4529, #4221, #4227));
#4544 = IFCFACEOUTERBOUND(#4543, .T.);
#4545 = IFCFACE((#4544));
#4546 = IFCPOLYLOOP((#4222, #4517, #4513));
#4547 = IFCFACEOUTERBOUND(#4546, .T.);
#4548 = IFCFACE((#4547));
#4549 = IFCPOLYLOOP((#4533, #4537, #4221));
#4550 = IFCFACEOUTERBOUND(#4549, .T.);
#4551 = IFCFACE((#4550));
#4552 = IFCPOLYLOOP((#4553, #4248, #4512));
#4553 = IFCCARTESIANPOINT((6.08783912658691E-3, 2.85216927528381E-3, 1.8134895324707E-1));
#4554 = IFCFACEOUTERBOUND(#4552, .T.);
#4555 = IFCFACE((#4554));
#4556 = IFCPOLYLOOP((#4557, #4248, #4553));
#4557 = IFCCARTESIANPOINT((7.37422370910645E-3, 1.36938524246216E-3, 1.88102066040039E-1));
#4558 = IFCFACEOUTERBOUND(#4556, .T.);
#4559 = IFCFACE((#4558));
#4560 = IFCPOLYLOOP((#4280, #4557, #4561));
#4561 = IFCCARTESIANPOINT((8.45569610595703E-3, 2.48637399636209E-7, 1.93964950561523E-1));
#4562 = IFCFACEOUTERBOUND(#4560, .T.);
#4563 = IFCFACE((#4562));
#4564 = IFCPOLYLOOP((#4280, #4561, #4310));
#4565 = IFCFACEOUTERBOUND(#4564, .T.);
#4566 = IFCFACE((#4565));
#4567 = IFCPOLYLOOP((#4280, #4248, #4557));
#4568 = IFCFACEOUTERBOUND(#4567, .T.);
#4569 = IFCFACE((#4568));
#4570 = IFCPOLYLOOP((#4310, #4561, #4571));
#4571 = IFCCARTESIANPOINT((1.03382682800293E-2, -2.64136099815369E-3, 2.04445892333984E-1));
#4572 = IFCFACEOUTERBOUND(#4570, .T.);
#4573 = IFCFACE((#4572));
#4574 = IFCPOLYLOOP((#4310, #4571, #4344));
#4575 = IFCFACEOUTERBOUND(#4574, .T.);
#4576 = IFCFACE((#4575));
#4577 = IFCPOLYLOOP((#4571, #4387, #4344));
#4578 = IFCFACEOUTERBOUND(#4577, .T.);
#4579 = IFCFACE((#4578));
#4580 = IFCPOLYLOOP((#4240, #4581, #4582));
#4581 = IFCCARTESIANPOINT((-4.73227405548096E-3, -1.58824148178101E-2, 1.61826095581055E-1));
#4582 = IFCCARTESIANPOINT((-5.79134607315063E-3, -1.10008144378662E-2, 1.56956604003906E-1));
#4583 = IFCFACEOUTERBOUND(#4580, .T.);
#4584 = IFCFACE((#4583));
#4585 = IFCPOLYLOOP((#4524, #4232, #4582));
#4586 = IFCFACEOUTERBOUND(#4585, .T.);
#4587 = IFCFACE((#4586));
#4588 = IFCPOLYLOOP((#4589, #4275, #4274));
#4589 = IFCCARTESIANPOINT((-2.65576815605164E-3, -2.19811973571777E-2, 1.72782287597656E-1));
#4590 = IFCFACEOUTERBOUND(#4588, .T.);
#4591 = IFCFACE((#4590));
#4592 = IFCPOLYLOOP((#4239, #4275, #4581));
#4593 = IFCFACEOUTERBOUND(#4592, .T.);
#4594 = IFCFACE((#4593));
#4595 = IFCPOLYLOOP((#4240, #4239, #4581));
#4596 = IFCFACEOUTERBOUND(#4595, .T.);
#4597 = IFCFACE((#4596));
#4598 = IFCPOLYLOOP((#4599, #4581, #4275));
#4599 = IFCCARTESIANPOINT((-3.99742770195007E-3, -1.96419429779053E-2, 1.66539398193359E-1));
#4600 = IFCFACEOUTERBOUND(#4598, .T.);
#4601 = IFCFACE((#4600));
#4602 = IFCPOLYLOOP((#4599, #4275, #4589));
#4603 = IFCFACEOUTERBOUND(#4602, .T.);
#4604 = IFCFACE((#4603));
#4605 = IFCPOLYLOOP((#4274, #4606, #4589));
#4606 = IFCCARTESIANPOINT((-1.37051868438721E-3, -2.3933687210083E-2, 1.79224746704102E-1));
#4607 = IFCFACEOUTERBOUND(#4605, .T.);
#4608 = IFCFACE((#4607));
#4609 = IFCPOLYLOOP((#4606, #4274, #4610));
#4610 = IFCCARTESIANPOINT((-4.29794155061245E-5, -2.59624519348145E-2, 1.86962463378906E-1));
#4611 = IFCFACEOUTERBOUND(#4609, .T.);
#4612 = IFCFACE((#4611));
#4613 = IFCPOLYLOOP((#4340, #4614, #4306));
#4614 = IFCCARTESIANPOINT((1.97340893745422E-3, -2.84663028717041E-2, 1.98802032470703E-1));
#4615 = IFCFACEOUTERBOUND(#4613, .T.);
#4616 = IFCFACE((#4615));
#4617 = IFCPOLYLOOP((#4306, #4610, #4274));
#4618 = IFCFACEOUTERBOUND(#4617, .T.);
#4619 = IFCFACE((#4618));
#4620 = IFCPOLYLOOP((#4380, #4420, #4621));
#4621 = IFCCARTESIANPOINT((6.0101490020752E-3, -3.21459274291992E-2, 2.19203140258789E-1));
#4622 = IFCFACEOUTERBOUND(#4620, .T.);
#4623 = IFCFACE((#4622));
#4624 = IFCPOLYLOOP((#4380, #4621, #4625));
#4625 = IFCCARTESIANPOINT((3.55284404754639E-3, -3.00244770050049E-2, 2.06961288452148E-1));
#4626 = IFCFACEOUTERBOUND(#4624, .T.);
#4627 = IFCFACE((#4626));
#4628 = IFCPOLYLOOP((#4625, #4340, #4380));
#4629 = IFCFACEOUTERBOUND(#4628, .T.);
#4630 = IFCFACE((#4629));
#4631 = IFCPOLYLOOP((#4306, #4614, #4610));
#4632 = IFCFACEOUTERBOUND(#4631, .T.);
#4633 = IFCFACE((#4632));
#4634 = IFCPOLYLOOP((#4614, #4340, #4625));
#4635 = IFCFACEOUTERBOUND(#4634, .T.);
#4636 = IFCFACE((#4635));
#4637 = IFCPOLYLOOP((#4638, #4391, #4387));
#4638 = IFCCARTESIANPOINT((1.42769384384155E-2, -9.76913547515869E-3, 2.28002838134766E-1));
#4639 = IFCFACEOUTERBOUND(#4637, .T.);
#4640 = IFCFACE((#4639));
#4641 = IFCPOLYLOOP((#4391, #4638, #4427));
#4642 = IFCFACEOUTERBOUND(#4641, .T.);
#4643 = IFCFACE((#4642));
#4644 = IFCPOLYLOOP((#4427, #4645, #4428));
#4645 = IFCCARTESIANPOINT((1.55508213043213E-2, -1.34251985549927E-2, 2.38050048828125E-1));
#4646 = IFCFACEOUTERBOUND(#4644, .T.);
#4647 = IFCFACE((#4646));
#4648 = IFCPOLYLOOP((#4645, #4427, #4638));
#4649 = IFCFACEOUTERBOUND(#4648, .T.);
#4650 = IFCFACE((#4649));
#4651 = IFCPOLYLOOP((#4463, #4645, #4652));
#4652 = IFCCARTESIANPOINT((1.60937252044678E-2, -1.60414447784424E-2, 2.45465911865234E-1));
#4653 = IFCFACEOUTERBOUND(#4651, .T.);
#4654 = IFCFACE((#4653));
#4655 = IFCPOLYLOOP((#4645, #4463, #4428));
#4656 = IFCFACEOUTERBOUND(#4655, .T.);
#4657 = IFCFACE((#4656));
#4658 = IFCPOLYLOOP((#4485, #4463, #4659));
#4659 = IFCCARTESIANPOINT((1.62325382232666E-2, -1.86503944396973E-2, 2.53019714355469E-1));
#4660 = IFCFACEOUTERBOUND(#4658, .T.);
#4661 = IFCFACE((#4660));
#4662 = IFCPOLYLOOP((#4663, #4664, #4665));
#4663 = IFCCARTESIANPOINT((1.5883451461792E-2, -2.1111083984375E-2, 2.61475463867188E-1));
#4664 = IFCCARTESIANPOINT((1.5970606803894E-2, -2.07558860778809E-2, 2.59903289794922E-1));
#4665 = IFCCARTESIANPOINT((1.58921890258789E-2, -2.01302299499512E-2, 2.61067443847656E-1));
#4666 = IFCFACEOUTERBOUND(#4662, .T.);
#4667 = IFCFACE((#4666));
#4668 = IFCPOLYLOOP((#4507, #4664, #4663));
#4669 = IFCFACEOUTERBOUND(#4668, .T.);
#4670 = IFCFACE((#4669));
#4671 = IFCPOLYLOOP((#4485, #4659, #4664));
#4672 = IFCFACEOUTERBOUND(#4671, .T.);
#4673 = IFCFACE((#4672));
#4674 = IFCPOLYLOOP((#4507, #4663, #4675));
#4675 = IFCCARTESIANPOINT((1.53916711807251E-2, -2.27937183380127E-2, 2.67752593994141E-1));
#4676 = IFCFACEOUTERBOUND(#4674, .T.);
#4677 = IFCFACE((#4676));
#4678 = IFCPOLYLOOP((#4507, #4485, #4664));
#4679 = IFCFACEOUTERBOUND(#4678, .T.);
#4680 = IFCFACE((#4679));
#4681 = IFCPOLYLOOP((#4507, #4675, #4682));
#4682 = IFCCARTESIANPOINT((1.5217116355896E-2, -2.33131332397461E-2, 2.69748046875E-1));
#4683 = IFCFACEOUTERBOUND(#4681, .T.);
#4684 = IFCFACE((#4683));
#4685 = IFCPOLYLOOP((#4675, #4686, #4682));
#4686 = IFCCARTESIANPOINT((1.53504991531372E-2, -2.22774887084961E-2, 2.68931732177734E-1));
#4687 = IFCFACEOUTERBOUND(#4685, .T.);
#4688 = IFCFACE((#4687));
#4689 = IFCPOLYLOOP((#4690, #4691, #4692));
#4690 = IFCCARTESIANPOINT((1.42633829116821E-2, -2.65418395996094E-2, 2.80385131835938E-1));
#4691 = IFCCARTESIANPOINT((1.37480020523071E-2, -2.96861343383789E-2, 2.80585601806641E-1));
#4692 = IFCCARTESIANPOINT((1.36234045028687E-2, -3.0713436126709E-2, 2.74866149902344E-1));
#4693 = IFCFACEOUTERBOUND(#4689, .T.);
#4694 = IFCFACE((#4693));
#4695 = IFCPOLYLOOP((#4690, #4692, #4682));
#4696 = IFCFACEOUTERBOUND(#4695, .T.);
#4697 = IFCFACE((#4696));
#4698 = IFCPOLYLOOP((#4507, #4682, #4503));
#4699 = IFCFACEOUTERBOUND(#4698, .T.);
#4700 = IFCFACE((#4699));
#4701 = IFCPOLYLOOP((#4652, #4659, #4463));
#4702 = IFCFACEOUTERBOUND(#4701, .T.);
#4703 = IFCFACE((#4702));
#4704 = IFCPOLYLOOP((#4705, #4456, #4449));
#4705 = IFCCARTESIANPOINT((1.00057258605957E-2, -3.40885162353516E-2, 2.36545745849609E-1));
#4706 = IFCFACEOUTERBOUND(#4704, .T.);
#4707 = IFCFACE((#4706));
#4708 = IFCPOLYLOOP((#4709, #4420, #4456));
#4709 = IFCCARTESIANPOINT((8.33877754211426E-3, -3.35086059570313E-2, 2.29388061523438E-1));
#4710 = IFCFACEOUTERBOUND(#4708, .T.);
#4711 = IFCFACE((#4710));
#4712 = IFCPOLYLOOP((#4478, #4705, #4449));
#4713 = IFCFACEOUTERBOUND(#4712, .T.);
#4714 = IFCFACE((#4713));
#4715 = IFCPOLYLOOP((#4478, #4716, #4717));
#4716 = IFCCARTESIANPOINT((1.25979566574097E-2, -3.37564849853516E-2, 2.51854583740234E-1));
#4717 = IFCCARTESIANPOINT((1.1463059425354E-2, -3.42138214111328E-2, 2.44106323242188E-1));
#4718 = IFCFACEOUTERBOUND(#4715, .T.);
#4719 = IFCFACE((#4718));
#4720 = IFCPOLYLOOP((#4503, #4721, #4489));
#4721 = IFCCARTESIANPOINT((1.32102785110474E-2, -3.29491577148438E-2, 2.58984558105469E-1));
#4722 = IFCFACEOUTERBOUND(#4720, .T.);
#4723 = IFCFACE((#4722));
#4724 = IFCPOLYLOOP((#4717, #4705, #4478));
#4725 = IFCFACEOUTERBOUND(#4724, .T.);
#4726 = IFCFACE((#4725));
#4727 = IFCPOLYLOOP((#4496, #4716, #4478));
#4728 = IFCFACEOUTERBOUND(#4727, .T.);
#4729 = IFCFACE((#4728));
#4730 = IFCPOLYLOOP((#4420, #4709, #4621));
#4731 = IFCFACEOUTERBOUND(#4730, .T.);
#4732 = IFCFACE((#4731));
#4733 = IFCPOLYLOOP((#4709, #4456, #4705));
#4734 = IFCFACEOUTERBOUND(#4733, .T.);
#4735 = IFCFACE((#4734));
#4736 = IFCPOLYLOOP((#4503, #4692, #4737));
#4737 = IFCCARTESIANPOINT((1.35033779144287E-2, -3.16901054382324E-2, 2.69146820068359E-1));
#4738 = IFCFACEOUTERBOUND(#4736, .T.);
#4739 = IFCFACE((#4738));
#4740 = IFCPOLYLOOP((#4691, #4690, #4741));
#4741 = IFCCARTESIANPOINT((1.39710922241211E-2, -2.83793544769287E-2, 2.82769775390625E-1));
#4742 = IFCFACEOUTERBOUND(#4740, .T.);
#4743 = IFCFACE((#4742));
#4744 = IFCPOLYLOOP((#4721, #4716, #4496));
#4745 = IFCFACEOUTERBOUND(#4744, .T.);
#4746 = IFCFACE((#4745));
#4747 = IFCPOLYLOOP((#4748, #4749, #4737));
#4748 = IFCCARTESIANPOINT((1.31980504989624E-2, -3.25747489929199E-2, 2.68168701171875E-1));
#4749 = IFCCARTESIANPOINT((1.34633045196533E-2, -3.19722023010254E-2, 2.670771484375E-1));
#4750 = IFCFACEOUTERBOUND(#4747, .T.);
#4751 = IFCFACE((#4750));
#4752 = IFCPOLYLOOP((#4749, #4753, #4503));
#4753 = IFCCARTESIANPOINT((1.32512521743774E-2, -3.2826229095459E-2, 2.60581970214844E-1));
#4754 = IFCFACEOUTERBOUND(#4752, .T.);
#4755 = IFCFACE((#4754));
#4756 = IFCPOLYLOOP((#4721, #4753, #4757));
#4757 = IFCCARTESIANPOINT((1.28310718536377E-2, -3.35529136657715E-2, 2.60045257568359E-1));
#4758 = IFCFACEOUTERBOUND(#4756, .T.);
#4759 = IFCFACE((#4758));
#4760 = IFCPOLYLOOP((#4503, #4753, #4721));
#4761 = IFCFACEOUTERBOUND(#4760, .T.);
#4762 = IFCFACE((#4761));
#4763 = IFCPOLYLOOP((#4749, #4503, #4737));
#4764 = IFCFACEOUTERBOUND(#4763, .T.);
#4765 = IFCFACE((#4764));
#4766 = IFCPOLYLOOP((#4221, #4537, #4222));
#4767 = IFCFACEOUTERBOUND(#4766, .T.);
#4768 = IFCFACE((#4767));
#4769 = IFCPOLYLOOP((#4227, #4221, #4220));
#4770 = IFCFACEOUTERBOUND(#4769, .T.);
#4771 = IFCFACE((#4770));
#4772 = IFCPOLYLOOP((#4220, #4222, #4247));
#4773 = IFCFACEOUTERBOUND(#4772, .T.);
#4774 = IFCFACE((#4773));
#4775 = IFCPOLYLOOP((#4226, #4220, #4252));
#4776 = IFCFACEOUTERBOUND(#4775, .T.);
#4777 = IFCFACE((#4776));
#4778 = IFCPOLYLOOP((#4275, #4239, #4267));
#4779 = IFCFACEOUTERBOUND(#4778, .T.);
#4780 = IFCFACE((#4779));
#4781 = IFCPOLYLOOP((#4247, #4248, #4280));
#4782 = IFCFACEOUTERBOUND(#4781, .T.);
#4783 = IFCFACE((#4782));
#4784 = IFCPOLYLOOP((#4252, #4247, #4279));
#4785 = IFCFACEOUTERBOUND(#4784, .T.);
#4786 = IFCFACE((#4785));
#4787 = IFCPOLYLOOP((#4256, #4252, #4284));
#4788 = IFCFACEOUTERBOUND(#4787, .T.);
#4789 = IFCFACE((#4788));
#4790 = IFCPOLYLOOP((#4274, #4267, #4299));
#4791 = IFCFACEOUTERBOUND(#4790, .T.);
#4792 = IFCFACE((#4791));
#4793 = IFCPOLYLOOP((#4284, #4279, #4311));
#4794 = IFCFACEOUTERBOUND(#4793, .T.);
#4795 = IFCFACE((#4794));
#4796 = IFCPOLYLOOP((#4288, #4284, #4318));
#4797 = IFCFACEOUTERBOUND(#4796, .T.);
#4798 = IFCFACE((#4797));
#4799 = IFCPOLYLOOP((#4306, #4299, #4333));
#4800 = IFCFACEOUTERBOUND(#4799, .T.);
#4801 = IFCFACE((#4800));
#4802 = IFCPOLYLOOP((#4387, #4391, #4345));
#4803 = IFCFACEOUTERBOUND(#4802, .T.);
#4804 = IFCFACE((#4803));
#4805 = IFCPOLYLOOP((#4222, #4513, #4512));
#4806 = IFCFACEOUTERBOUND(#4805, .T.);
#4807 = IFCFACE((#4806));
#4808 = IFCPOLYLOOP((#4227, #4232, #4524));
#4809 = IFCFACEOUTERBOUND(#4808, .T.);
#4810 = IFCFACE((#4809));
#4811 = IFCPOLYLOOP((#4232, #4240, #4582));
#4812 = IFCFACEOUTERBOUND(#4811, .T.);
#4813 = IFCFACE((#4812));
#4814 = IFCPOLYLOOP((#4692, #4503, #4682));
#4815 = IFCFACEOUTERBOUND(#4814, .T.);
#4816 = IFCFACE((#4815));
#4817 = IFCPOLYLOOP((#4721, #4496, #4489));
#4818 = IFCFACEOUTERBOUND(#4817, .T.);
#4819 = IFCFACE((#4818));
#4820 = IFCSURFACESTYLERENDERING(#4821, 0., #4822, $, $, #4823, #4824, $, .NOTDEFINED.);
#4821 = IFCCOLOURRGB('Surface color', 0., 4.98039215803146E-1, 0.);
#4822 = IFCCOLOURRGB('Diffuse color', 0., 4.98039215803146E-1, 0.);
#4823 = IFCCOLOURRGB('Reflection color', 1., 1., 1.);
#4824 = IFCCOLOURRGB('Specular color', 1., 1., 1.);
#4825 = IFCSURFACESTYLE('d194c32c_5116_40c1_a141_b5544e73a1b4', .BOTH., (#4820));
#4826 = IFCPRESENTATIONSTYLEASSIGNMENT((#4825));
#4827 = IFCSTYLEDITEM($, (#4826), $);
#4828 = IFCSTYLEDREPRESENTATION(#106, 'Body', $, (#4827));
#4829 = IFCOPENSHELL((#4835, #4840, #4843, #4848, #4851, #4856, #4859, #4864, #4867, #4871, #4875, #4879, #4882, #4886, #4889, #4893, #4896, #4900, #4903, #4908, #4911, #4915, #4919, #4923, #4926, #4930, #4933, #4937, #4940, #4944, #4947, #4951, #4954, #4958, #4962, #4966, #4969, #4973, #4976, #4980, #4983, #4987, #4990, #4994, #4997, #5001, #5005, #5009, #5012, #5016, #5019, #5023, #5026, #5030, #5033, #5037, #5040, #5044, #5048, #5051, #5055, #5058, #5062, #5065, #5069, #5072, #5076, #5079, #5083, #5087, #5091, #5094, #5098, #5101, #5105, #5108, #5112, #5115, #5119, #5123, #5127, #5130, #5134, #5137, #5141, #5144, #5148, #5152, #5156, #5159, #5162, #5166, #5170, #5173, #5177, #5183, #5187, #5191, #5195, #5199, #5202, #5207, #5211, #5215, #5218, #5221, #5224, #5227, #5230, #5234, #5239, #5243, #5248, #5251, #5255, #5258, #5262, #5265, #5269, #5274, #5278, #5281, #5284, #5287, #5292, #5296, #5299, #5302, #5306, #5309, #5312, #5315, #5319, #5324, #5327, #5331, #5336, #5341, #5344, #5347, #5350, #5354, #5359, #5363, #5366, #5370, #5373, #5378, #5381, #5385, #5388, #5392, #5397, #5400, #5404, #5408, #5412, #5415, #5418, #5422, #5426, #5429, #5434, #5437, #5441, #5446, #5449, #5453, #5456, #5460, #5464, #5468, #5472, #5475, #5479, #5484, #5487, #5491, #5497, #5500, #5503, #5506, #5511, #5514, #5519, #5522, #5526, #5531, #5534, #5537, #5540, #5545, #5549, #5553, #5556, #5561, #5565, #5570, #5573, #5576, #5579, #5583, #5587, #5592, #5597, #5600, #5603, #5606, #5609, #5612, #5617, #5620, #5624, #5628, #5633, #5637, #5640, #5643, #5646, #5651, #5655, #5658, #5663, #5666, #5670, #5673, #5676));
#4830 = IFCPOLYLOOP((#4831, #4832, #4833));
#4831 = IFCCARTESIANPOINT((-1.84348297119141E-2, 2.75925388336182E-2, 1.88421630859375E-1));
#4832 = IFCCARTESIANPOINT((-1.25265588760376E-2, 2.54036846160889E-2, 1.88019790649414E-1));
#4833 = IFCCARTESIANPOINT((-1.46490211486816E-2, 2.21849517822266E-2, 1.66568908691406E-1));
#4834 = IFCFACEOUTERBOUND(#4830, .T.);
#4835 = IFCFACE((#4834));
#4836 = IFCPOLYLOOP((#4837, #4838, #4833));
#4837 = IFCCARTESIANPOINT((-6.33930635452271E-3, 2.27560138702393E-2, 1.8758430480957E-1));
#4838 = IFCCARTESIANPOINT((-8.63762283325195E-3, 1.90901050567627E-2, 1.66435073852539E-1));
#4839 = IFCFACEOUTERBOUND(#4836, .T.);
#4840 = IFCFACE((#4839));
#4841 = IFCPOLYLOOP((#4833, #4832, #4837));
#4842 = IFCFACEOUTERBOUND(#4841, .T.);
#4843 = IFCFACE((#4842));
#4844 = IFCPOLYLOOP((#4845, #4846, #4838));
#4845 = IFCCARTESIANPOINT((-1.1385340988636E-4, 1.9768123626709E-2, 1.87151123046875E-1));
#4846 = IFCCARTESIANPOINT((-2.4904088973999E-3, 1.59188814163208E-2, 1.66164184570313E-1));
#4847 = IFCFACEOUTERBOUND(#4844, .T.);
#4848 = IFCFACE((#4847));
#4849 = IFCPOLYLOOP((#4838, #4837, #4845));
#4850 = IFCFACEOUTERBOUND(#4849, .T.);
#4851 = IFCFACE((#4850));
#4852 = IFCPOLYLOOP((#4853, #4854, #4846));
#4853 = IFCCARTESIANPOINT((5.98164319992065E-3, 1.6514820098877E-2, 1.86750183105469E-1));
#4854 = IFCCARTESIANPOINT((3.6335175037384E-3, 1.27565288543701E-2, 1.65770782470703E-1));
#4855 = IFCFACEOUTERBOUND(#4852, .T.);
#4856 = IFCFACE((#4855));
#4857 = IFCPOLYLOOP((#4846, #4845, #4853));
#4858 = IFCFACEOUTERBOUND(#4857, .T.);
#4859 = IFCFACE((#4858));
#4860 = IFCPOLYLOOP((#4861, #4862, #4854));
#4861 = IFCCARTESIANPOINT((1.17019929885864E-2, 1.31017923355103E-2, 1.86416778564453E-1));
#4862 = IFCCARTESIANPOINT((9.50081920623779E-3, 9.72645568847656E-3, 1.65270141601563E-1));
#4863 = IFCFACEOUTERBOUND(#4860, .T.);
#4864 = IFCFACE((#4863));
#4865 = IFCPOLYLOOP((#4854, #4853, #4861));
#4866 = IFCFACEOUTERBOUND(#4865, .T.);
#4867 = IFCFACE((#4866));
#4868 = IFCPOLYLOOP((#4869, #4832, #4831));
#4869 = IFCCARTESIANPOINT((-1.04758939743042E-2, 2.83310241699219E-2, 2.09131042480469E-1));
#4870 = IFCFACEOUTERBOUND(#4868, .T.);
#4871 = IFCFACE((#4870));
#4872 = IFCPOLYLOOP((#4831, #4873, #4869));
#4873 = IFCCARTESIANPOINT((-1.66567134857178E-2, 2.9814962387085E-2, 2.09794784545898E-1));
#4874 = IFCFACEOUTERBOUND(#4872, .T.);
#4875 = IFCFACE((#4874));
#4876 = IFCPOLYLOOP((#4877, #4837, #4832));
#4877 = IFCCARTESIANPOINT((-4.12079620361328E-3, 2.61411437988281E-2, 2.08521102905273E-1));
#4878 = IFCFACEOUTERBOUND(#4876, .T.);
#4879 = IFCFACE((#4878));
#4880 = IFCPOLYLOOP((#4832, #4869, #4877));
#4881 = IFCFACEOUTERBOUND(#4880, .T.);
#4882 = IFCFACE((#4881));
#4883 = IFCPOLYLOOP((#4884, #4845, #4837));
#4884 = IFCCARTESIANPOINT((2.16774821281433E-3, 2.33552913665771E-2, 2.08005630493164E-1));
#4885 = IFCFACEOUTERBOUND(#4883, .T.);
#4886 = IFCFACE((#4885));
#4887 = IFCPOLYLOOP((#4837, #4877, #4884));
#4888 = IFCFACEOUTERBOUND(#4887, .T.);
#4889 = IFCFACE((#4888));
#4890 = IFCPOLYLOOP((#4891, #4853, #4845));
#4891 = IFCCARTESIANPOINT((8.21926498413086E-3, 2.00350589752197E-2, 2.07620651245117E-1));
#4892 = IFCFACEOUTERBOUND(#4890, .T.);
#4893 = IFCFACE((#4892));
#4894 = IFCPOLYLOOP((#4845, #4884, #4891));
#4895 = IFCFACEOUTERBOUND(#4894, .T.);
#4896 = IFCFACE((#4895));
#4897 = IFCPOLYLOOP((#4898, #4861, #4853));
#4898 = IFCCARTESIANPOINT((1.37834730148315E-2, 1.62655773162842E-2, 2.07410369873047E-1));
#4899 = IFCFACEOUTERBOUND(#4897, .T.);
#4900 = IFCFACE((#4899));
#4901 = IFCPOLYLOOP((#4853, #4891, #4898));
#4902 = IFCFACEOUTERBOUND(#4901, .T.);
#4903 = IFCFACE((#4902));
#4904 = IFCPOLYLOOP((#4905, #4906, #4861));
#4905 = IFCCARTESIANPOINT((1.86100883483887E-2, 1.21319751739502E-2, 2.07418991088867E-1));
#4906 = IFCCARTESIANPOINT((1.68020057678223E-2, 9.63473033905029E-3, 1.86186187744141E-1));
#4907 = IFCFACEOUTERBOUND(#4904, .T.);
#4908 = IFCFACE((#4907));
#4909 = IFCPOLYLOOP((#4861, #4898, #4905));
#4910 = IFCFACEOUTERBOUND(#4909, .T.);
#4911 = IFCFACE((#4910));
#4912 = IFCPOLYLOOP((#4913, #4869, #4873));
#4913 = IFCCARTESIANPOINT((-8.58602142333984E-3, 3.07807865142822E-2, 2.29999267578125E-1));
#4914 = IFCFACEOUTERBOUND(#4912, .T.);
#4915 = IFCFACE((#4914));
#4916 = IFCPOLYLOOP((#4873, #4917, #4913));
#4917 = IFCCARTESIANPOINT((-1.50203542709351E-2, 3.16267108917236E-2, 2.30788970947266E-1));
#4918 = IFCFACEOUTERBOUND(#4916, .T.);
#4919 = IFCFACE((#4918));
#4920 = IFCPOLYLOOP((#4921, #4877, #4869));
#4921 = IFCCARTESIANPOINT((-2.08402800559998E-3, 2.90101661682129E-2, 2.29319137573242E-1));
#4922 = IFCFACEOUTERBOUND(#4920, .T.);
#4923 = IFCFACE((#4922));
#4924 = IFCPOLYLOOP((#4869, #4913, #4921));
#4925 = IFCFACEOUTERBOUND(#4924, .T.);
#4926 = IFCFACE((#4925));
#4927 = IFCPOLYLOOP((#4928, #4884, #4877));
#4928 = IFCCARTESIANPOINT((4.25099277496338E-3, 2.64166431427002E-2, 2.28786193847656E-1));
#4929 = IFCFACEOUTERBOUND(#4927, .T.);
#4930 = IFCFACE((#4929));
#4931 = IFCPOLYLOOP((#4877, #4921, #4928));
#4932 = IFCFACEOUTERBOUND(#4931, .T.);
#4933 = IFCFACE((#4932));
#4934 = IFCPOLYLOOP((#4935, #4891, #4884));
#4935 = IFCCARTESIANPOINT((1.02520942687988E-2, 2.30497074127197E-2, 2.28434875488281E-1));
#4936 = IFCFACEOUTERBOUND(#4934, .T.);
#4937 = IFCFACE((#4936));
#4938 = IFCPOLYLOOP((#4884, #4928, #4935));
#4939 = IFCFACEOUTERBOUND(#4938, .T.);
#4940 = IFCFACE((#4939));
#4941 = IFCPOLYLOOP((#4942, #4898, #4891));
#4942 = IFCCARTESIANPOINT((1.56700162887573E-2, 1.89757061004639E-2, 2.28309020996094E-1));
#4943 = IFCFACEOUTERBOUND(#4941, .T.);
#4944 = IFCFACE((#4943));
#4945 = IFCPOLYLOOP((#4891, #4935, #4942));
#4946 = IFCFACEOUTERBOUND(#4945, .T.);
#4947 = IFCFACE((#4946));
#4948 = IFCPOLYLOOP((#4949, #4905, #4898));
#4949 = IFCCARTESIANPOINT((2.02554950714111E-2, 1.42609872817993E-2, 2.28452453613281E-1));
#4950 = IFCFACEOUTERBOUND(#4948, .T.);
#4951 = IFCFACE((#4950));
#4952 = IFCPOLYLOOP((#4898, #4942, #4949));
#4953 = IFCFACEOUTERBOUND(#4952, .T.);
#4954 = IFCFACE((#4953));
#4955 = IFCPOLYLOOP((#4956, #4913, #4917));
#4956 = IFCCARTESIANPOINT((-6.89479541778564E-3, 3.26455764770508E-2, 2.51097991943359E-1));
#4957 = IFCFACEOUTERBOUND(#4955, .T.);
#4958 = IFCFACE((#4957));
#4959 = IFCPOLYLOOP((#4917, #4960, #4956));
#4960 = IFCCARTESIANPOINT((-1.35469427108765E-2, 3.29630699157715E-2, 2.51907699584961E-1));
#4961 = IFCFACEOUTERBOUND(#4959, .T.);
#4962 = IFCFACE((#4961));
#4963 = IFCPOLYLOOP((#4964, #4921, #4913));
#4964 = IFCCARTESIANPOINT((-2.74599105119705E-4, 3.12237911224365E-2, 2.50428619384766E-1));
#4965 = IFCFACEOUTERBOUND(#4963, .T.);
#4966 = IFCFACE((#4965));
#4967 = IFCPOLYLOOP((#4913, #4956, #4964));
#4968 = IFCFACEOUTERBOUND(#4967, .T.);
#4969 = IFCFACE((#4968));
#4970 = IFCPOLYLOOP((#4971, #4928, #4921));
#4971 = IFCCARTESIANPOINT((6.09039926528931E-3, 2.87944145202637E-2, 2.49927947998047E-1));
#4972 = IFCFACEOUTERBOUND(#4970, .T.);
#4973 = IFCFACE((#4972));
#4974 = IFCPOLYLOOP((#4921, #4964, #4971));
#4975 = IFCFACEOUTERBOUND(#4974, .T.);
#4976 = IFCFACE((#4975));
#4977 = IFCPOLYLOOP((#4978, #4935, #4928));
#4978 = IFCCARTESIANPOINT((1.20418453216553E-2, 2.53986320495605E-2, 2.49622604370117E-1));
#4979 = IFCFACEOUTERBOUND(#4977, .T.);
#4980 = IFCFACE((#4979));
#4981 = IFCPOLYLOOP((#4928, #4971, #4978));
#4982 = IFCFACEOUTERBOUND(#4981, .T.);
#4983 = IFCFACE((#4982));
#4984 = IFCPOLYLOOP((#4985, #4942, #4935));
#4985 = IFCCARTESIANPOINT((1.73369770050049E-2, 2.10889453887939E-2, 2.49548629760742E-1));
#4986 = IFCFACEOUTERBOUND(#4984, .T.);
#4987 = IFCFACE((#4986));
#4988 = IFCPOLYLOOP((#4935, #4978, #4985));
#4989 = IFCFACEOUTERBOUND(#4988, .T.);
#4990 = IFCFACE((#4989));
#4991 = IFCPOLYLOOP((#4992, #4949, #4942));
#4992 = IFCCARTESIANPOINT((2.17330322265625E-2, 1.59178562164307E-2, 2.49742095947266E-1));
#4993 = IFCFACEOUTERBOUND(#4991, .T.);
#4994 = IFCFACE((#4993));
#4995 = IFCPOLYLOOP((#4942, #4985, #4992));
#4996 = IFCFACEOUTERBOUND(#4995, .T.);
#4997 = IFCFACE((#4996));
#4998 = IFCPOLYLOOP((#4999, #4956, #4960));
#4999 = IFCCARTESIANPOINT((-5.48069429397583E-3, 3.37896118164063E-2, 2.72190856933594E-1));
#5000 = IFCFACEOUTERBOUND(#4998, .T.);
#5001 = IFCFACE((#5000));
#5002 = IFCPOLYLOOP((#4960, #5003, #4999));
#5003 = IFCCARTESIANPOINT((-1.22950162887573E-2, 3.3737663269043E-2, 2.72944305419922E-1));
#5004 = IFCFACEOUTERBOUND(#5002, .T.);
#5005 = IFCFACE((#5004));
#5006 = IFCPOLYLOOP((#5007, #4964, #4956));
#5007 = IFCCARTESIANPOINT((1.21975231170654E-3, 3.26116828918457E-2, 2.71588989257813E-1));
#5008 = IFCFACEOUTERBOUND(#5006, .T.);
#5009 = IFCFACE((#5008));
#5010 = IFCPOLYLOOP((#4956, #4999, #5007));
#5011 = IFCFACEOUTERBOUND(#5010, .T.);
#5012 = IFCFACE((#5011));
#5013 = IFCPOLYLOOP((#5014, #4971, #4964));
#5014 = IFCCARTESIANPOINT((7.59821701049805E-3, 3.03003978729248E-2, 2.71153533935547E-1));
#5015 = IFCFACEOUTERBOUND(#5013, .T.);
#5016 = IFCFACE((#5015));
#5017 = IFCPOLYLOOP((#4964, #5007, #5014));
#5018 = IFCFACEOUTERBOUND(#5017, .T.);
#5019 = IFCFACE((#5018));
#5020 = IFCPOLYLOOP((#5021, #4978, #4971));
#5021 = IFCCARTESIANPOINT((1.35088987350464E-2, 2.68944492340088E-2, 2.70899017333984E-1));
#5022 = IFCFACEOUTERBOUND(#5020, .T.);
#5023 = IFCFACE((#5022));
#5024 = IFCPOLYLOOP((#4971, #5014, #5021));
#5025 = IFCFACEOUTERBOUND(#5024, .T.);
#5026 = IFCFACE((#5025));
#5027 = IFCPOLYLOOP((#5028, #4985, #4978));
#5028 = IFCCARTESIANPOINT((1.87200984954834E-2, 2.2439977645874E-2, 2.70848480224609E-1));
#5029 = IFCFACEOUTERBOUND(#5027, .T.);
#5030 = IFCFACE((#5029));
#5031 = IFCPOLYLOOP((#4978, #5021, #5028));
#5032 = IFCFACEOUTERBOUND(#5031, .T.);
#5033 = IFCFACE((#5032));
#5034 = IFCPOLYLOOP((#5035, #4992, #4985));
#5035 = IFCCARTESIANPOINT((2.30001163482666E-2, 1.69831199645996E-2, 2.71025054931641E-1));
#5036 = IFCFACEOUTERBOUND(#5034, .T.);
#5037 = IFCFACE((#5036));
#5038 = IFCPOLYLOOP((#4985, #5028, #5035));
#5039 = IFCFACEOUTERBOUND(#5038, .T.);
#5040 = IFCFACE((#5039));
#5041 = IFCPOLYLOOP((#5042, #4999, #5003));
#5042 = IFCCARTESIANPOINT((-4.3691725730896E-3, 3.41744194030762E-2, 2.93313812255859E-1));
#5043 = IFCFACEOUTERBOUND(#5041, .T.);
#5044 = IFCFACE((#5043));
#5045 = IFCPOLYLOOP((#5046, #5007, #4999));
#5046 = IFCCARTESIANPOINT((2.37035918235779E-3, 3.31201133728027E-2, 2.92808197021484E-1));
#5047 = IFCFACEOUTERBOUND(#5045, .T.);
#5048 = IFCFACE((#5047));
#5049 = IFCPOLYLOOP((#4999, #5042, #5046));
#5050 = IFCFACEOUTERBOUND(#5049, .T.);
#5051 = IFCFACE((#5050));
#5052 = IFCPOLYLOOP((#5053, #5014, #5007));
#5053 = IFCCARTESIANPOINT((8.74796772003174E-3, 3.08738479614258E-2, 2.92451965332031E-1));
#5054 = IFCFACEOUTERBOUND(#5052, .T.);
#5055 = IFCFACE((#5054));
#5056 = IFCPOLYLOOP((#5007, #5046, #5053));
#5057 = IFCFACEOUTERBOUND(#5056, .T.);
#5058 = IFCFACE((#5057));
#5059 = IFCPOLYLOOP((#5060, #5021, #5014));
#5060 = IFCCARTESIANPOINT((1.46331253051758E-2, 2.74782390594482E-2, 2.92245269775391E-1));
#5061 = IFCFACEOUTERBOUND(#5059, .T.);
#5062 = IFCFACE((#5061));
#5063 = IFCPOLYLOOP((#5014, #5053, #5060));
#5064 = IFCFACEOUTERBOUND(#5063, .T.);
#5065 = IFCFACE((#5064));
#5066 = IFCPOLYLOOP((#5067, #5028, #5021));
#5067 = IFCCARTESIANPOINT((1.980859375E-2, 2.2981409072876E-2, 2.92195709228516E-1));
#5068 = IFCFACEOUTERBOUND(#5066, .T.);
#5069 = IFCFACE((#5068));
#5070 = IFCPOLYLOOP((#5021, #5060, #5067));
#5071 = IFCFACEOUTERBOUND(#5070, .T.);
#5072 = IFCFACE((#5071));
#5073 = IFCPOLYLOOP((#5074, #5035, #5028));
#5074 = IFCCARTESIANPOINT((2.40571365356445E-2, 1.74314746856689E-2, 2.92310760498047E-1));
#5075 = IFCFACEOUTERBOUND(#5073, .T.);
#5076 = IFCFACE((#5075));
#5077 = IFCPOLYLOOP((#5028, #5067, #5074));
#5078 = IFCFACEOUTERBOUND(#5077, .T.);
#5079 = IFCFACE((#5078));
#5080 = IFCPOLYLOOP((#5081, #5046, #5042));
#5081 = IFCCARTESIANPOINT((3.18232393264771E-3, 3.27708015441895E-2, 3.14144561767578E-1));
#5082 = IFCFACEOUTERBOUND(#5080, .T.);
#5083 = IFCFACE((#5082));
#5084 = IFCPOLYLOOP((#5042, #5085, #5081));
#5085 = IFCCARTESIANPOINT((-3.55595421791077E-3, 3.38230819702148E-2, 3.14554382324219E-1));
#5086 = IFCFACEOUTERBOUND(#5084, .T.);
#5087 = IFCFACE((#5086));
#5088 = IFCPOLYLOOP((#5089, #5053, #5046));
#5089 = IFCCARTESIANPOINT((9.54834175109863E-3, 3.05379314422607E-2, 3.13861572265625E-1));
#5090 = IFCFACEOUTERBOUND(#5088, .T.);
#5091 = IFCFACE((#5090));
#5092 = IFCPOLYLOOP((#5046, #5081, #5089));
#5093 = IFCFACEOUTERBOUND(#5092, .T.);
#5094 = IFCFACE((#5093));
#5095 = IFCPOLYLOOP((#5096, #5060, #5053));
#5096 = IFCCARTESIANPOINT((1.54282503128052E-2, 2.71768398284912E-2, 3.13691558837891E-1));
#5097 = IFCFACEOUTERBOUND(#5095, .T.);
#5098 = IFCFACE((#5097));
#5099 = IFCPOLYLOOP((#5053, #5089, #5096));
#5100 = IFCFACEOUTERBOUND(#5099, .T.);
#5101 = IFCFACE((#5100));
#5102 = IFCPOLYLOOP((#5103, #5067, #5060));
#5103 = IFCCARTESIANPOINT((2.06213645935059E-2, 2.27453937530518E-2, 3.13626708984375E-1));
#5104 = IFCFACEOUTERBOUND(#5102, .T.);
#5105 = IFCFACE((#5104));
#5106 = IFCPOLYLOOP((#5060, #5096, #5103));
#5107 = IFCFACEOUTERBOUND(#5106, .T.);
#5108 = IFCFACE((#5107));
#5109 = IFCPOLYLOOP((#5110, #5074, #5067));
#5110 = IFCCARTESIANPOINT((2.49270038604736E-2, 1.73014659881592E-2, 3.136591796875E-1));
#5111 = IFCFACEOUTERBOUND(#5109, .T.);
#5112 = IFCFACE((#5111));
#5113 = IFCPOLYLOOP((#5067, #5103, #5110));
#5114 = IFCFACEOUTERBOUND(#5113, .T.);
#5115 = IFCFACE((#5114));
#5116 = IFCPOLYLOOP((#5117, #5081, #5085));
#5117 = IFCCARTESIANPOINT((3.68939352035522E-3, 3.16541004180908E-2, 3.35651275634766E-1));
#5118 = IFCFACEOUTERBOUND(#5116, .T.);
#5119 = IFCFACE((#5118));
#5120 = IFCPOLYLOOP((#5085, #5121, #5117));
#5121 = IFCCARTESIANPOINT((-3.0117974281311E-3, 3.28144836425781E-2, 3.35996276855469E-1));
#5122 = IFCFACEOUTERBOUND(#5120, .T.);
#5123 = IFCFACE((#5122));
#5124 = IFCPOLYLOOP((#5125, #5089, #5081));
#5125 = IFCCARTESIANPOINT((1.00379762649536E-2, 2.93924503326416E-2, 3.35414733886719E-1));
#5126 = IFCFACEOUTERBOUND(#5124, .T.);
#5127 = IFCFACE((#5126));
#5128 = IFCPOLYLOOP((#5081, #5117, #5125));
#5129 = IFCFACEOUTERBOUND(#5128, .T.);
#5130 = IFCFACE((#5129));
#5131 = IFCPOLYLOOP((#5132, #5096, #5089));
#5132 = IFCCARTESIANPOINT((1.59367666244507E-2, 2.60956630706787E-2, 3.35261474609375E-1));
#5133 = IFCFACEOUTERBOUND(#5131, .T.);
#5134 = IFCFACE((#5133));
#5135 = IFCPOLYLOOP((#5089, #5125, #5132));
#5136 = IFCFACEOUTERBOUND(#5135, .T.);
#5137 = IFCFACE((#5136));
#5138 = IFCPOLYLOOP((#5139, #5103, #5096));
#5139 = IFCCARTESIANPOINT((2.12022686004639E-2, 2.18371753692627E-2, 3.35171508789063E-1));
#5140 = IFCFACEOUTERBOUND(#5138, .T.);
#5141 = IFCFACE((#5140));
#5142 = IFCPOLYLOOP((#5096, #5132, #5139));
#5143 = IFCFACEOUTERBOUND(#5142, .T.);
#5144 = IFCFACE((#5143));
#5145 = IFCPOLYLOOP((#5146, #5125, #5117));
#5146 = IFCCARTESIANPOINT((1.02854499816895E-2, 2.76138324737549E-2, 3.57137786865234E-1));
#5147 = IFCFACEOUTERBOUND(#5145, .T.);
#5148 = IFCFACE((#5147));
#5149 = IFCPOLYLOOP((#5117, #5150, #5146));
#5150 = IFCCARTESIANPOINT((3.95396041870117E-3, 2.99289970397949E-2, 3.57376525878906E-1));
#5151 = IFCFACEOUTERBOUND(#5149, .T.);
#5152 = IFCFACE((#5151));
#5153 = IFCPOLYLOOP((#5154, #5132, #5125));
#5154 = IFCCARTESIANPOINT((1.62299346923828E-2, 2.44186992645264E-2, 3.56972137451172E-1));
#5155 = IFCFACEOUTERBOUND(#5153, .T.);
#5156 = IFCFACE((#5155));
#5157 = IFCPOLYLOOP((#5125, #5146, #5154));
#5158 = IFCFACEOUTERBOUND(#5157, .T.);
#5159 = IFCFACE((#5158));
#5160 = IFCPOLYLOOP((#5139, #5132, #5154));
#5161 = IFCFACEOUTERBOUND(#5160, .T.);
#5162 = IFCFACE((#5161));
#5163 = IFCPOLYLOOP((#5164, #5146, #5150));
#5164 = IFCCARTESIANPOINT((1.03892869949341E-2, 2.54551296234131E-2, 3.79051055908203E-1));
#5165 = IFCFACEOUTERBOUND(#5163, .T.);
#5166 = IFCFACE((#5165));
#5167 = IFCPOLYLOOP((#5168, #5154, #5146));
#5168 = IFCCARTESIANPOINT((1.64077816009521E-2, 2.24085025787354E-2, 3.78834106445313E-1));
#5169 = IFCFACEOUTERBOUND(#5167, .T.);
#5170 = IFCFACE((#5169));
#5171 = IFCPOLYLOOP((#5146, #5164, #5168));
#5172 = IFCFACEOUTERBOUND(#5171, .T.);
#5173 = IFCFACE((#5172));
#5174 = IFCPOLYLOOP((#5168, #5164, #5175));
#5175 = IFCCARTESIANPOINT((1.04713344573975E-2, 2.33555316925049E-2, 4.00018035888672E-1));
#5176 = IFCFACEOUTERBOUND(#5174, .T.);
#5177 = IFCFACE((#5176));
#5178 = IFCPOLYLOOP((#5179, #5180, #5181));
#5179 = IFCCARTESIANPOINT((-2.08613758087158E-2, 2.54981346130371E-2, 1.67347991943359E-1));
#5180 = IFCCARTESIANPOINT((-2.34094486236572E-2, 2.80515937805176E-2, 1.78008041381836E-1));
#5181 = IFCCARTESIANPOINT((-2.30572471618652E-2, 2.80499782562256E-2, 1.79216033935547E-1));
#5182 = IFCFACEOUTERBOUND(#5178, .T.);
#5183 = IFCFACE((#5182));
#5184 = IFCPOLYLOOP((#4831, #5181, #5185));
#5185 = IFCCARTESIANPOINT((-2.29134826660156E-2, 2.91158199310303E-2, 1.90468505859375E-1));
#5186 = IFCFACEOUTERBOUND(#5184, .T.);
#5187 = IFCFACE((#5186));
#5188 = IFCPOLYLOOP((#5189, #4831, #5185));
#5189 = IFCCARTESIANPOINT((-2.26954746246338E-2, 2.9218843460083E-2, 1.92229904174805E-1));
#5190 = IFCFACEOUTERBOUND(#5188, .T.);
#5191 = IFCFACE((#5190));
#5192 = IFCPOLYLOOP((#5193, #4873, #5189));
#5193 = IFCCARTESIANPOINT((-2.2226692199707E-2, 3.00646648406982E-2, 2.04145324707031E-1));
#5194 = IFCFACEOUTERBOUND(#5192, .T.);
#5195 = IFCFACE((#5194));
#5196 = IFCPOLYLOOP((#5185, #5197, #5189));
#5197 = IFCCARTESIANPOINT((-2.33225708007813E-2, 2.93132801055908E-2, 1.91698806762695E-1));
#5198 = IFCFACEOUTERBOUND(#5196, .T.);
#5199 = IFCFACE((#5198));
#5200 = IFCPOLYLOOP((#5189, #4873, #4831));
#5201 = IFCFACEOUTERBOUND(#5200, .T.);
#5202 = IFCFACE((#5201));
#5203 = IFCPOLYLOOP((#5204, #4838, #5205));
#5204 = IFCCARTESIANPOINT((-1.36505107879639E-2, 1.81366748809814E-2, 1.49963256835938E-1));
#5205 = IFCCARTESIANPOINT((-7.2212495803833E-3, 1.36809520721436E-2, 1.46228591918945E-1));
#5206 = IFCFACEOUTERBOUND(#5203, .T.);
#5207 = IFCFACE((#5206));
#5208 = IFCPOLYLOOP((#5205, #4846, #5209));
#5209 = IFCCARTESIANPOINT((-3.23476624488831E-3, 1.1884388923645E-2, 1.47433532714844E-1));
#5210 = IFCFACEOUTERBOUND(#5208, .T.);
#5211 = IFCFACE((#5210));
#5212 = IFCPOLYLOOP((#4833, #5204, #5213));
#5213 = IFCCARTESIANPOINT((-1.765016746521E-2, 2.15818252563477E-2, 1.5522314453125E-1));
#5214 = IFCFACEOUTERBOUND(#5212, .T.);
#5215 = IFCFACE((#5214));
#5216 = IFCPOLYLOOP((#4833, #5179, #4831));
#5217 = IFCFACEOUTERBOUND(#5216, .T.);
#5218 = IFCFACE((#5217));
#5219 = IFCPOLYLOOP((#5181, #4831, #5179));
#5220 = IFCFACEOUTERBOUND(#5219, .T.);
#5221 = IFCFACE((#5220));
#5222 = IFCPOLYLOOP((#5204, #4833, #4838));
#5223 = IFCFACEOUTERBOUND(#5222, .T.);
#5224 = IFCFACE((#5223));
#5225 = IFCPOLYLOOP((#5205, #4838, #4846));
#5226 = IFCFACEOUTERBOUND(#5225, .T.);
#5227 = IFCFACE((#5226));
#5228 = IFCPOLYLOOP((#5213, #5179, #4833));
#5229 = IFCFACEOUTERBOUND(#5228, .T.);
#5230 = IFCFACE((#5229));
#5231 = IFCPOLYLOOP((#5232, #5209, #4846));
#5232 = IFCCARTESIANPOINT((7.36605048179626E-4, 1.02169589996338E-2, 1.48589324951172E-1));
#5233 = IFCFACEOUTERBOUND(#5231, .T.);
#5234 = IFCFACE((#5233));
#5235 = IFCPOLYLOOP((#5236, #5237, #4873));
#5236 = IFCCARTESIANPOINT((-2.12774620056152E-2, 3.09203453063965E-2, 2.19277435302734E-1));
#5237 = IFCCARTESIANPOINT((-2.16194438934326E-2, 3.09435939788818E-2, 2.20055313110352E-1));
#5238 = IFCFACEOUTERBOUND(#5235, .T.);
#5239 = IFCFACE((#5238));
#5240 = IFCPOLYLOOP((#5241, #5236, #4873));
#5241 = IFCCARTESIANPOINT((-2.25893135070801E-2, 3.01955795288086E-2, 2.05689208984375E-1));
#5242 = IFCFACEOUTERBOUND(#5240, .T.);
#5243 = IFCFACE((#5242));
#5244 = IFCPOLYLOOP((#5245, #5246, #4917));
#5245 = IFCCARTESIANPOINT((-2.03144073486328E-2, 3.15111598968506E-2, 2.31346115112305E-1));
#5246 = IFCCARTESIANPOINT((-2.06155261993408E-2, 3.15248107910156E-2, 2.32759201049805E-1));
#5247 = IFCFACEOUTERBOUND(#5244, .T.);
#5248 = IFCFACE((#5247));
#5249 = IFCPOLYLOOP((#4917, #5237, #5245));
#5250 = IFCFACEOUTERBOUND(#5249, .T.);
#5251 = IFCFACE((#5250));
#5252 = IFCPOLYLOOP((#5253, #4917, #5246));
#5253 = IFCCARTESIANPOINT((-1.89439105987549E-2, 3.21922454833984E-2, 2.47288192749023E-1));
#5254 = IFCFACEOUTERBOUND(#5252, .T.);
#5255 = IFCFACE((#5254));
#5256 = IFCPOLYLOOP((#4873, #5237, #4917));
#5257 = IFCFACEOUTERBOUND(#5256, .T.);
#5258 = IFCFACE((#5257));
#5259 = IFCPOLYLOOP((#4960, #5253, #5260));
#5260 = IFCCARTESIANPOINT((-1.91902637481689E-2, 3.21773376464844E-2, 2.48813735961914E-1));
#5261 = IFCFACEOUTERBOUND(#5259, .T.);
#5262 = IFCFACE((#5261));
#5263 = IFCPOLYLOOP((#4960, #4917, #5253));
#5264 = IFCFACEOUTERBOUND(#5263, .T.);
#5265 = IFCFACE((#5264));
#5266 = IFCPOLYLOOP((#4960, #5260, #5267));
#5267 = IFCCARTESIANPOINT((-1.71799507141113E-2, 3.28220481872559E-2, 2.63891021728516E-1));
#5268 = IFCFACEOUTERBOUND(#5266, .T.);
#5269 = IFCFACE((#5268));
#5270 = IFCPOLYLOOP((#5271, #5267, #5272));
#5271 = IFCCARTESIANPOINT((-1.69060478210449E-2, 3.29010429382324E-2, 2.65973266601563E-1));
#5272 = IFCCARTESIANPOINT((-1.74415626525879E-2, 3.27742042541504E-2, 2.65157989501953E-1));
#5273 = IFCFACEOUTERBOUND(#5270, .T.);
#5274 = IFCFACE((#5273));
#5275 = IFCPOLYLOOP((#5003, #5271, #5276));
#5276 = IFCCARTESIANPOINT((-1.53449697494507E-2, 3.32892990112305E-2, 2.79989013671875E-1));
#5277 = IFCFACEOUTERBOUND(#5275, .T.);
#5278 = IFCFACE((#5277));
#5279 = IFCPOLYLOOP((#5271, #5003, #4960));
#5280 = IFCFACEOUTERBOUND(#5279, .T.);
#5281 = IFCFACE((#5280));
#5282 = IFCPOLYLOOP((#5267, #5271, #4960));
#5283 = IFCFACEOUTERBOUND(#5282, .T.);
#5284 = IFCFACE((#5283));
#5285 = IFCPOLYLOOP((#5193, #5241, #4873));
#5286 = IFCFACEOUTERBOUND(#5285, .T.);
#5287 = IFCFACE((#5286));
#5288 = IFCPOLYLOOP((#4862, #5289, #5290));
#5289 = IFCCARTESIANPOINT((9.69706535339355E-3, 8.20650863647461E-3, 1.58316787719727E-1));
#5290 = IFCCARTESIANPOINT((6.53279876708984E-3, 8.49799156188965E-3, 1.52810791015625E-1));
#5291 = IFCFACEOUTERBOUND(#5288, .T.);
#5292 = IFCFACE((#5291));
#5293 = IFCPOLYLOOP((#5289, #4862, #5294));
#5294 = IFCCARTESIANPOINT((1.27965021133423E-2, 7.81657838821411E-3, 1.63809478759766E-1));
#5295 = IFCFACEOUTERBOUND(#5293, .T.);
#5296 = IFCFACE((#5295));
#5297 = IFCPOLYLOOP((#5232, #4854, #5290));
#5298 = IFCFACEOUTERBOUND(#5297, .T.);
#5299 = IFCFACE((#5298));
#5300 = IFCPOLYLOOP((#5290, #4854, #4862));
#5301 = IFCFACEOUTERBOUND(#5300, .T.);
#5302 = IFCFACE((#5301));
#5303 = IFCPOLYLOOP((#5304, #4906, #4905));
#5304 = IFCCARTESIANPOINT((2.08813896179199E-2, 8.36713314056396E-3, 1.99529098510742E-1));
#5305 = IFCFACEOUTERBOUND(#5303, .T.);
#5306 = IFCFACE((#5305));
#5307 = IFCPOLYLOOP((#4861, #4906, #5294));
#5308 = IFCFACEOUTERBOUND(#5307, .T.);
#5309 = IFCFACE((#5308));
#5310 = IFCPOLYLOOP((#4862, #4861, #5294));
#5311 = IFCFACEOUTERBOUND(#5310, .T.);
#5312 = IFCFACE((#5311));
#5313 = IFCPOLYLOOP((#4854, #5232, #4846));
#5314 = IFCFACEOUTERBOUND(#5313, .T.);
#5315 = IFCFACE((#5314));
#5316 = IFCPOLYLOOP((#5317, #5294, #4906));
#5317 = IFCCARTESIANPOINT((1.73860263824463E-2, 7.25818920135498E-3, 1.74873840332031E-1));
#5318 = IFCFACEOUTERBOUND(#5316, .T.);
#5319 = IFCFACE((#5318));
#5320 = IFCPOLYLOOP((#5321, #5322, #5317));
#5321 = IFCCARTESIANPOINT((1.78726062774658E-2, 6.84705066680908E-3, 1.74188247680664E-1));
#5322 = IFCCARTESIANPOINT((1.72881164550781E-2, 7.11855125427246E-3, 1.73636932373047E-1));
#5323 = IFCFACEOUTERBOUND(#5320, .T.);
#5324 = IFCFACE((#5323));
#5325 = IFCPOLYLOOP((#5294, #5317, #5322));
#5326 = IFCFACEOUTERBOUND(#5325, .T.);
#5327 = IFCFACE((#5326));
#5328 = IFCPOLYLOOP((#5317, #4906, #5329));
#5329 = IFCCARTESIANPOINT((1.92547492980957E-2, 7.71212959289551E-3, 1.85927062988281E-1));
#5330 = IFCFACEOUTERBOUND(#5328, .T.);
#5331 = IFCFACE((#5330));
#5332 = IFCPOLYLOOP((#5329, #5333, #5334));
#5333 = IFCCARTESIANPOINT((1.93656749725342E-2, 7.90539312362671E-3, 1.87700317382813E-1));
#5334 = IFCCARTESIANPOINT((1.98192138671875E-2, 7.42190933227539E-3, 1.87056869506836E-1));
#5335 = IFCFACEOUTERBOUND(#5332, .T.);
#5336 = IFCFACE((#5335));
#5337 = IFCPOLYLOOP((#5338, #5304, #5339));
#5338 = IFCCARTESIANPOINT((2.14377956390381E-2, 7.97187280654907E-3, 2.0098796081543E-1));
#5339 = IFCCARTESIANPOINT((2.10574131011963E-2, 8.50687313079834E-3, 2.01596923828125E-1));
#5340 = IFCFACEOUTERBOUND(#5337, .T.);
#5341 = IFCFACE((#5340));
#5342 = IFCPOLYLOOP((#4906, #5304, #5333));
#5343 = IFCFACEOUTERBOUND(#5342, .T.);
#5344 = IFCFACE((#5343));
#5345 = IFCPOLYLOOP((#5329, #4906, #5333));
#5346 = IFCFACEOUTERBOUND(#5345, .T.);
#5347 = IFCFACE((#5346));
#5348 = IFCPOLYLOOP((#4905, #5339, #5304));
#5349 = IFCFACEOUTERBOUND(#5348, .T.);
#5350 = IFCFACE((#5349));
#5351 = IFCPOLYLOOP((#5352, #5339, #4905));
#5352 = IFCCARTESIANPOINT((2.24402713775635E-2, 8.84805583953857E-3, 2.14661331176758E-1));
#5353 = IFCFACEOUTERBOUND(#5351, .T.);
#5354 = IFCFACE((#5353));
#5355 = IFCPOLYLOOP((#4949, #5356, #5357));
#5356 = IFCCARTESIANPOINT((2.33644733428955E-2, 9.35640048980713E-3, 2.26780868530273E-1));
#5357 = IFCCARTESIANPOINT((2.24423980712891E-2, 9.06302738189697E-3, 2.15975433349609E-1));
#5358 = IFCFACEOUTERBOUND(#5355, .T.);
#5359 = IFCFACE((#5358));
#5360 = IFCPOLYLOOP((#5357, #5361, #5352));
#5361 = IFCCARTESIANPOINT((2.27583293914795E-2, 8.47920036315918E-3, 2.15371780395508E-1));
#5362 = IFCFACEOUTERBOUND(#5360, .T.);
#5363 = IFCFACE((#5362));
#5364 = IFCPOLYLOOP((#5357, #5352, #4905));
#5365 = IFCFACEOUTERBOUND(#5364, .T.);
#5366 = IFCFACE((#5365));
#5367 = IFCPOLYLOOP((#4992, #5368, #4949));
#5368 = IFCCARTESIANPOINT((2.43827991485596E-2, 1.0062294960022E-2, 2.42803787231445E-1));
#5369 = IFCFACEOUTERBOUND(#5367, .T.);
#5370 = IFCFACE((#5369));
#5371 = IFCPOLYLOOP((#4949, #5357, #4905));
#5372 = IFCFACEOUTERBOUND(#5371, .T.);
#5373 = IFCFACE((#5372));
#5374 = IFCPOLYLOOP((#5375, #5035, #5376));
#5375 = IFCCARTESIANPOINT((2.57671909332275E-2, 1.21730289459229E-2, 2.75770263671875E-1));
#5376 = IFCCARTESIANPOINT((2.58081150054932E-2, 1.23763198852539E-2, 2.7786669921875E-1));
#5377 = IFCFACEOUTERBOUND(#5374, .T.);
#5378 = IFCFACE((#5377));
#5379 = IFCPOLYLOOP((#5035, #5074, #5376));
#5380 = IFCFACEOUTERBOUND(#5379, .T.);
#5381 = IFCFACE((#5380));
#5382 = IFCPOLYLOOP((#5035, #5375, #5383));
#5383 = IFCCARTESIANPOINT((2.52295665740967E-2, 1.12893838882446E-2, 2.61647674560547E-1));
#5384 = IFCFACEOUTERBOUND(#5382, .T.);
#5385 = IFCFACE((#5384));
#5386 = IFCPOLYLOOP((#4992, #5035, #5383));
#5387 = IFCFACEOUTERBOUND(#5386, .T.);
#5388 = IFCFACE((#5387));
#5389 = IFCPOLYLOOP((#5390, #4992, #5383));
#5390 = IFCCARTESIANPOINT((2.51632080078125E-2, 1.11018695831299E-2, 2.59539245605469E-1));
#5391 = IFCFACEOUTERBOUND(#5389, .T.);
#5392 = IFCFACE((#5391));
#5393 = IFCPOLYLOOP((#5394, #5356, #5395));
#5394 = IFCCARTESIANPOINT((2.36913166046143E-2, 8.97143936157227E-3, 2.28125610351563E-1));
#5395 = IFCCARTESIANPOINT((2.34540596008301E-2, 9.52180480957031E-3, 2.28715377807617E-1));
#5396 = IFCFACEOUTERBOUND(#5393, .T.);
#5397 = IFCFACE((#5396));
#5398 = IFCPOLYLOOP((#5395, #5356, #4949));
#5399 = IFCFACEOUTERBOUND(#5398, .T.);
#5400 = IFCFACE((#5399));
#5401 = IFCPOLYLOOP((#5402, #5368, #4992));
#5402 = IFCCARTESIANPOINT((2.44638595581055E-2, 1.02398681640625E-2, 2.44868621826172E-1));
#5403 = IFCFACEOUTERBOUND(#5401, .T.);
#5404 = IFCFACE((#5403));
#5405 = IFCPOLYLOOP((#5368, #5402, #5406));
#5406 = IFCCARTESIANPOINT((2.46526851654053E-2, 9.69981002807617E-3, 2.44264892578125E-1));
#5407 = IFCFACEOUTERBOUND(#5405, .T.);
#5408 = IFCFACE((#5407));
#5409 = IFCPOLYLOOP((#5410, #5390, #5383));
#5410 = IFCCARTESIANPOINT((2.54009609222412E-2, 1.07047729492188E-2, 2.60733642578125E-1));
#5411 = IFCFACEOUTERBOUND(#5409, .T.);
#5412 = IFCFACE((#5411));
#5413 = IFCPOLYLOOP((#4949, #5368, #5395));
#5414 = IFCFACEOUTERBOUND(#5413, .T.);
#5415 = IFCFACE((#5414));
#5416 = IFCPOLYLOOP((#5402, #4992, #5390));
#5417 = IFCFACEOUTERBOUND(#5416, .T.);
#5418 = IFCFACE((#5417));
#5419 = IFCPOLYLOOP((#5276, #5420, #5003));
#5420 = IFCCARTESIANPOINT((-1.55409746170044E-2, 3.32379531860352E-2, 2.81702331542969E-1));
#5421 = IFCFACEOUTERBOUND(#5419, .T.);
#5422 = IFCFACE((#5421));
#5423 = IFCPOLYLOOP((#5424, #5003, #5420));
#5424 = IFCCARTESIANPOINT((-1.30976076126099E-2, 3.36114387512207E-2, 2.96280883789063E-1));
#5425 = IFCFACEOUTERBOUND(#5423, .T.);
#5426 = IFCFACE((#5425));
#5427 = IFCPOLYLOOP((#5042, #5003, #5424));
#5428 = IFCFACEOUTERBOUND(#5427, .T.);
#5429 = IFCFACE((#5428));
#5430 = IFCPOLYLOOP((#5042, #5431, #5432));
#5431 = IFCCARTESIANPOINT((-1.32547760009766E-2, 3.35522499084473E-2, 2.97992095947266E-1));
#5432 = IFCCARTESIANPOINT((-1.067946434021E-2, 3.36732521057129E-2, 3.11398895263672E-1));
#5433 = IFCFACEOUTERBOUND(#5430, .T.);
#5434 = IFCFACE((#5433));
#5435 = IFCPOLYLOOP((#5431, #5042, #5424));
#5436 = IFCFACEOUTERBOUND(#5435, .T.);
#5437 = IFCFACE((#5436));
#5438 = IFCPOLYLOOP((#5432, #5439, #5085));
#5439 = IFCCARTESIANPOINT((-1.09284162521362E-2, 3.35887718200684E-2, 3.13063934326172E-1));
#5440 = IFCFACEOUTERBOUND(#5438, .T.);
#5441 = IFCFACE((#5440));
#5442 = IFCPOLYLOOP((#5085, #5443, #5444));
#5443 = IFCCARTESIANPOINT((-9.12927532196045E-3, 3.35648384094238E-2, 3.19930206298828E-1));
#5444 = IFCCARTESIANPOINT((-7.91134643554688E-3, 3.33856925964355E-2, 3.26456329345703E-1));
#5445 = IFCFACEOUTERBOUND(#5442, .T.);
#5446 = IFCFACE((#5445));
#5447 = IFCPOLYLOOP((#5085, #5042, #5432));
#5448 = IFCFACEOUTERBOUND(#5447, .T.);
#5449 = IFCFACE((#5448));
#5450 = IFCPOLYLOOP((#5085, #5444, #5451));
#5451 = IFCCARTESIANPOINT((-7.54714441299438E-3, 3.33103828430176E-2, 3.28492736816406E-1));
#5452 = IFCFACEOUTERBOUND(#5450, .T.);
#5453 = IFCFACE((#5452));
#5454 = IFCPOLYLOOP((#5443, #5085, #5439));
#5455 = IFCFACEOUTERBOUND(#5454, .T.);
#5456 = IFCFACE((#5455));
#5457 = IFCPOLYLOOP((#5444, #5458, #5451));
#5458 = IFCCARTESIANPOINT((-8.32023620605469E-3, 3.32841567993164E-2, 3.28169403076172E-1));
#5459 = IFCFACEOUTERBOUND(#5457, .T.);
#5460 = IFCFACE((#5459));
#5461 = IFCPOLYLOOP((#5462, #5117, #5121));
#5462 = IFCCARTESIANPOINT((-1.66469824314117E-3, 3.10756721496582E-2, 3.58529937744141E-1));
#5463 = IFCFACEOUTERBOUND(#5461, .T.);
#5464 = IFCFACE((#5463));
#5465 = IFCPOLYLOOP((#5451, #5466, #5121));
#5466 = IFCCARTESIANPOINT((-4.84858226776123E-3, 3.25427932739258E-2, 3.42486328125E-1));
#5467 = IFCFACEOUTERBOUND(#5465, .T.);
#5468 = IFCFACE((#5467));
#5469 = IFCPOLYLOOP((#5466, #5470, #5121));
#5470 = IFCCARTESIANPOINT((-4.49016857147217E-3, 3.23916931152344E-2, 3.44563323974609E-1));
#5471 = IFCFACEOUTERBOUND(#5469, .T.);
#5472 = IFCFACE((#5471));
#5473 = IFCPOLYLOOP((#5451, #5121, #5085));
#5474 = IFCFACEOUTERBOUND(#5473, .T.);
#5475 = IFCFACE((#5474));
#5476 = IFCPOLYLOOP((#5466, #5477, #5470));
#5477 = IFCCARTESIANPOINT((-5.45947790145874E-3, 3.24699897766113E-2, 3.44031158447266E-1));
#5478 = IFCFACEOUTERBOUND(#5476, .T.);
#5479 = IFCFACE((#5478));
#5480 = IFCPOLYLOOP((#5481, #5462, #5482));
#5481 = IFCCARTESIANPOINT((-1.19731438159943E-3, 3.08304595947266E-2, 3.60615386962891E-1));
#5482 = IFCCARTESIANPOINT((-2.5315580368042E-3, 3.10476036071777E-2, 3.60458374023438E-1));
#5483 = IFCFACEOUTERBOUND(#5480, .T.);
#5484 = IFCFACE((#5483));
#5485 = IFCPOLYLOOP((#5150, #5117, #5462));
#5486 = IFCFACEOUTERBOUND(#5485, .T.);
#5487 = IFCFACE((#5486));
#5488 = IFCPOLYLOOP((#5150, #5481, #5489));
#5489 = IFCCARTESIANPOINT((1.48278102278709E-4, 2.99809093475342E-2, 3.67525634765625E-1));
#5490 = IFCFACEOUTERBOUND(#5488, .T.);
#5491 = IFCFACE((#5490));
#5492 = IFCPOLYLOOP((#5493, #5494, #5495));
#5493 = IFCCARTESIANPOINT((1.91617357730865E-3, 2.86045551300049E-2, 3.77806518554688E-1));
#5494 = IFCCARTESIANPOINT((1.43815803527832E-3, 2.90449504852295E-2, 3.74470855712891E-1));
#5495 = IFCCARTESIANPOINT((5.45702636241913E-4, 2.90349903106689E-2, 3.76946166992188E-1));
#5496 = IFCFACEOUTERBOUND(#5492, .T.);
#5497 = IFCFACE((#5496));
#5498 = IFCPOLYLOOP((#5150, #5494, #5493));
#5499 = IFCFACEOUTERBOUND(#5498, .T.);
#5500 = IFCFACE((#5499));
#5501 = IFCPOLYLOOP((#5150, #5489, #5494));
#5502 = IFCFACEOUTERBOUND(#5501, .T.);
#5503 = IFCFACE((#5502));
#5504 = IFCPOLYLOOP((#5481, #5150, #5462));
#5505 = IFCFACEOUTERBOUND(#5504, .T.);
#5506 = IFCFACE((#5505));
#5507 = IFCPOLYLOOP((#5508, #5509, #5164));
#5508 = IFCCARTESIANPOINT((3.15122866630554E-3, 2.76014080047607E-2, 3.84517028808594E-1));
#5509 = IFCCARTESIANPOINT((4.3667426109314E-3, 2.65536403656006E-2, 3.91245361328125E-1));
#5510 = IFCFACEOUTERBOUND(#5507, .T.);
#5511 = IFCFACE((#5510));
#5512 = IFCPOLYLOOP((#5164, #5493, #5508));
#5513 = IFCFACEOUTERBOUND(#5512, .T.);
#5514 = IFCFACE((#5513));
#5515 = IFCPOLYLOOP((#5509, #5516, #5517));
#5516 = IFCCARTESIANPOINT((3.60498070716858E-3, 2.65606079101563E-2, 3.93756622314453E-1));
#5517 = IFCCARTESIANPOINT((5.13120365142822E-3, 2.58760852813721E-2, 3.95507965087891E-1));
#5518 = IFCFACEOUTERBOUND(#5515, .T.);
#5519 = IFCFACE((#5518));
#5520 = IFCPOLYLOOP((#5150, #5493, #5164));
#5521 = IFCFACEOUTERBOUND(#5520, .T.);
#5522 = IFCFACE((#5521));
#5523 = IFCPOLYLOOP((#5517, #5524, #5175));
#5524 = IFCCARTESIANPOINT((7.54517555236816E-3, 2.38738746643066E-2, 4.07370788574219E-1));
#5525 = IFCFACEOUTERBOUND(#5523, .T.);
#5526 = IFCFACE((#5525));
#5527 = IFCPOLYLOOP((#5175, #5528, #5529));
#5528 = IFCCARTESIANPOINT((8.82953453063965E-3, 2.28698444366455E-2, 4.13287841796875E-1));
#5529 = IFCCARTESIANPOINT((9.51969432830811E-3, 2.23656978607178E-2, 4.162314453125E-1));
#5530 = IFCFACEOUTERBOUND(#5527, .T.);
#5531 = IFCFACE((#5530));
#5532 = IFCPOLYLOOP((#5524, #5528, #5175));
#5533 = IFCFACEOUTERBOUND(#5532, .T.);
#5534 = IFCFACE((#5533));
#5535 = IFCPOLYLOOP((#5164, #5509, #5517));
#5536 = IFCFACEOUTERBOUND(#5535, .T.);
#5537 = IFCFACE((#5536));
#5538 = IFCPOLYLOOP((#5470, #5462, #5121));
#5539 = IFCFACEOUTERBOUND(#5538, .T.);
#5540 = IFCFACE((#5539));
#5541 = IFCPOLYLOOP((#5529, #5542, #5543));
#5542 = IFCCARTESIANPOINT((1.02387962341309E-2, 2.18645820617676E-2, 4.19170959472656E-1));
#5543 = IFCCARTESIANPOINT((1.14027328491211E-2, 2.12572402954102E-2, 4.21248260498047E-1));
#5544 = IFCFACEOUTERBOUND(#5541, .T.);
#5545 = IFCFACE((#5544));
#5546 = IFCPOLYLOOP((#5547, #5110, #5103));
#5547 = IFCCARTESIANPOINT((2.53404216766357E-2, 1.70083045959473E-2, 3.25090148925781E-1));
#5548 = IFCFACEOUTERBOUND(#5546, .T.);
#5549 = IFCFACE((#5548));
#5550 = IFCPOLYLOOP((#5551, #5074, #5110));
#5551 = IFCCARTESIANPOINT((2.60101757049561E-2, 1.51091136932373E-2, 3.07619232177734E-1));
#5552 = IFCFACEOUTERBOUND(#5550, .T.);
#5553 = IFCFACE((#5552));
#5554 = IFCPOLYLOOP((#5139, #5547, #5103));
#5555 = IFCFACEOUTERBOUND(#5554, .T.);
#5556 = IFCFACE((#5555));
#5557 = IFCPOLYLOOP((#5558, #5559, #5154));
#5558 = IFCCARTESIANPOINT((2.23585929870605E-2, 1.97146396636963E-2, 3.58173858642578E-1));
#5559 = IFCCARTESIANPOINT((2.26576290130615E-2, 1.95561981201172E-2, 3.5600537109375E-1));
#5560 = IFCFACEOUTERBOUND(#5557, .T.);
#5561 = IFCFACE((#5560));
#5562 = IFCPOLYLOOP((#5139, #5559, #5563));
#5563 = IFCCARTESIANPOINT((2.41784362792969E-2, 1.85094566345215E-2, 3.41585357666016E-1));
#5564 = IFCFACEOUTERBOUND(#5562, .T.);
#5565 = IFCFACE((#5564));
#5566 = IFCPOLYLOOP((#5567, #5568, #5563));
#5567 = IFCCARTESIANPOINT((2.49118213653564E-2, 1.76441898345947E-2, 3.40851257324219E-1));
#5568 = IFCCARTESIANPOINT((2.43247871398926E-2, 1.8376974105835E-2, 3.39458557128906E-1));
#5569 = IFCFACEOUTERBOUND(#5566, .T.);
#5570 = IFCFACE((#5569));
#5571 = IFCPOLYLOOP((#5563, #5568, #5139));
#5572 = IFCFACEOUTERBOUND(#5571, .T.);
#5573 = IFCFACE((#5572));
#5574 = IFCPOLYLOOP((#5568, #5547, #5139));
#5575 = IFCFACEOUTERBOUND(#5574, .T.);
#5576 = IFCFACE((#5575));
#5577 = IFCPOLYLOOP((#5559, #5139, #5154));
#5578 = IFCFACEOUTERBOUND(#5577, .T.);
#5579 = IFCFACE((#5578));
#5580 = IFCPOLYLOOP((#5074, #5551, #5581));
#5581 = IFCCARTESIANPOINT((2.60754871368408E-2, 1.38125534057617E-2, 2.94367797851563E-1));
#5582 = IFCFACEOUTERBOUND(#5580, .T.);
#5583 = IFCFACE((#5582));
#5584 = IFCPOLYLOOP((#5074, #5581, #5585));
#5585 = IFCCARTESIANPOINT((2.60725440979004E-2, 1.35900030136108E-2, 2.92259552001953E-1));
#5586 = IFCFACEOUTERBOUND(#5584, .T.);
#5587 = IFCFACE((#5586));
#5588 = IFCPOLYLOOP((#5589, #5590, #5547));
#5589 = IFCCARTESIANPOINT((2.58490657806396E-2, 1.62160625457764E-2, 3.24599060058594E-1));
#5590 = IFCCARTESIANPOINT((2.5439302444458E-2, 1.68108406066895E-2, 3.23008575439453E-1));
#5591 = IFCFACEOUTERBOUND(#5588, .T.);
#5592 = IFCFACE((#5591));
#5593 = IFCPOLYLOOP((#5551, #5594, #5595));
#5594 = IFCCARTESIANPOINT((2.59652481079102E-2, 1.53326435089111E-2, 3.09690551757813E-1));
#5595 = IFCCARTESIANPOINT((2.62985363006592E-2, 1.46628522872925E-2, 3.09192016601563E-1));
#5596 = IFCFACEOUTERBOUND(#5593, .T.);
#5597 = IFCFACE((#5596));
#5598 = IFCPOLYLOOP((#5594, #5110, #5590));
#5599 = IFCFACEOUTERBOUND(#5598, .T.);
#5600 = IFCFACE((#5599));
#5601 = IFCPOLYLOOP((#5594, #5551, #5110));
#5602 = IFCFACEOUTERBOUND(#5601, .T.);
#5603 = IFCFACE((#5602));
#5604 = IFCPOLYLOOP((#5590, #5110, #5547));
#5605 = IFCFACEOUTERBOUND(#5604, .T.);
#5606 = IFCFACE((#5605));
#5607 = IFCPOLYLOOP((#5074, #5585, #5376));
#5608 = IFCFACEOUTERBOUND(#5607, .T.);
#5609 = IFCFACE((#5608));
#5610 = IFCPOLYLOOP((#5517, #5175, #5164));
#5611 = IFCFACEOUTERBOUND(#5610, .T.);
#5612 = IFCFACE((#5611));
#5613 = IFCPOLYLOOP((#5614, #5615, #5175));
#5614 = IFCCARTESIANPOINT((1.64911422729492E-2, 2.0035270690918E-2, 4.06452392578125E-1));
#5615 = IFCCARTESIANPOINT((1.73549671173096E-2, 2.00568199157715E-2, 4.00320251464844E-1));
#5616 = IFCFACEOUTERBOUND(#5613, .T.);
#5617 = IFCFACE((#5616));
#5618 = IFCPOLYLOOP((#5168, #5175, #5615));
#5619 = IFCFACEOUTERBOUND(#5618, .T.);
#5620 = IFCFACE((#5619));
#5621 = IFCPOLYLOOP((#5614, #5175, #5622));
#5622 = IFCCARTESIANPOINT((1.55990858078003E-2, 2.00259094238281E-2, 4.12606079101563E-1));
#5623 = IFCFACEOUTERBOUND(#5621, .T.);
#5624 = IFCFACE((#5623));
#5625 = IFCPOLYLOOP((#5168, #5626, #5154));
#5626 = IFCCARTESIANPOINT((2.06678810119629E-2, 2.01640281677246E-2, 3.72499328613281E-1));
#5627 = IFCFACEOUTERBOUND(#5625, .T.);
#5628 = IFCFACE((#5627));
#5629 = IFCPOLYLOOP((#5630, #5543, #5631));
#5630 = IFCCARTESIANPOINT((1.36321449279785E-2, 2.03516407012939E-2, 4.21053619384766E-1));
#5631 = IFCCARTESIANPOINT((1.25704431533813E-2, 2.06572341918945E-2, 4.23326812744141E-1));
#5632 = IFCFACEOUTERBOUND(#5629, .T.);
#5633 = IFCFACE((#5632));
#5634 = IFCPOLYLOOP((#5529, #5635, #5622));
#5635 = IFCCARTESIANPOINT((1.46470975875854E-2, 2.00551700592041E-2, 4.18782836914063E-1));
#5636 = IFCFACEOUTERBOUND(#5634, .T.);
#5637 = IFCFACE((#5636));
#5638 = IFCPOLYLOOP((#5630, #5635, #5543));
#5639 = IFCFACEOUTERBOUND(#5638, .T.);
#5640 = IFCFACE((#5639));
#5641 = IFCPOLYLOOP((#5529, #5622, #5175));
#5642 = IFCFACEOUTERBOUND(#5641, .T.);
#5643 = IFCFACE((#5642));
#5644 = IFCPOLYLOOP((#5529, #5543, #5635));
#5645 = IFCFACEOUTERBOUND(#5644, .T.);
#5646 = IFCFACE((#5645));
#5647 = IFCPOLYLOOP((#5648, #5649, #5626));
#5648 = IFCCARTESIANPOINT((2.03933887481689E-2, 2.01119575500488E-2, 3.75915832519531E-1));
#5649 = IFCCARTESIANPOINT((2.17295894622803E-2, 1.92238597869873E-2, 3.74751312255859E-1));
#5650 = IFCFACEOUTERBOUND(#5647, .T.);
#5651 = IFCFACE((#5650));
#5652 = IFCPOLYLOOP((#5559, #5558, #5653));
#5653 = IFCCARTESIANPOINT((2.35726757049561E-2, 1.86121921539307E-2, 3.5772119140625E-1));
#5654 = IFCFACEOUTERBOUND(#5652, .T.);
#5655 = IFCFACE((#5654));
#5656 = IFCPOLYLOOP((#5626, #5558, #5154));
#5657 = IFCFACEOUTERBOUND(#5656, .T.);
#5658 = IFCFACE((#5657));
#5659 = IFCPOLYLOOP((#5168, #5660, #5661));
#5660 = IFCCARTESIANPOINT((1.82287063598633E-2, 2.00561943054199E-2, 3.94211151123047E-1));
#5661 = IFCCARTESIANPOINT((1.87427825927734E-2, 2.01054916381836E-2, 3.89805419921875E-1));
#5662 = IFCFACEOUTERBOUND(#5659, .T.);
#5663 = IFCFACE((#5662));
#5664 = IFCPOLYLOOP((#5648, #5626, #5168));
#5665 = IFCFACEOUTERBOUND(#5664, .T.);
#5666 = IFCFACE((#5665));
#5667 = IFCPOLYLOOP((#5660, #5668, #5661));
#5668 = IFCCARTESIANPOINT((1.97263469696045E-2, 1.93445339202881E-2, 3.92130706787109E-1));
#5669 = IFCFACEOUTERBOUND(#5667, .T.);
#5670 = IFCFACE((#5669));
#5671 = IFCPOLYLOOP((#5648, #5168, #5661));
#5672 = IFCFACEOUTERBOUND(#5671, .T.);
#5673 = IFCFACE((#5672));
#5674 = IFCPOLYLOOP((#5168, #5615, #5660));
#5675 = IFCFACEOUTERBOUND(#5674, .T.);
#5676 = IFCFACE((#5675));
#5677 = IFCSURFACESTYLERENDERING(#5678, 0., #5679, $, $, #5680, #5681, $, .NOTDEFINED.);
#5678 = IFCCOLOURRGB('Surface color', 0., 4.98039215803146E-1, 0.);
#5679 = IFCCOLOURRGB('Diffuse color', 0., 4.98039215803146E-1, 0.);
#5680 = IFCCOLOURRGB('Reflection color', 1., 1., 1.);
#5681 = IFCCOLOURRGB('Specular color', 1., 1., 1.);
#5682 = IFCSURFACESTYLE('d194c32c_5116_40c1_a141_b5544e73a1b4', .BOTH., (#5677));
#5683 = IFCPRESENTATIONSTYLEASSIGNMENT((#5682));
#5684 = IFCSTYLEDITEM($, (#5683), $);
#5685 = IFCSTYLEDREPRESENTATION(#106, 'Body', $, (#5684));
#5686 = IFCOPENSHELL((#5692, #5698, #5701, #5705, #5710, #5714, #5718, #5721, #5725, #5728, #5733, #5738, #5742, #5746, #5749, #5754, #5757, #5761, #5765, #5770, #5774, #5778, #5781, #5785, #5788, #5792, #5796, #5801, #5804, #5808, #5811, #5815, #5818, #5822, #5825, #5829, #5834, #5837, #5841, #5844, #5848, #5851, #5855, #5858, #5862, #5865, #5870, #5873, #5877, #5880, #5884, #5887, #5891, #5894, #5898, #5902, #5906, #5910, #5913, #5917, #5920, #5924, #5928, #5931, #5935, #5939, #5943, #5947, #5951, #5955, #5958, #5962, #5966, #5969, #5973, #5977, #5980, #5984, #5987, #5990, #5993, #5997, #6000, #6004, #6007, #6010, #6014, #6018, #6023, #6026, #6029, #6033, #6036, #6039, #6042, #6045, #6048, #6051, #6054, #6057, #6060, #6063, #6066, #6069, #6072, #6075, #6078, #6081, #6085, #6088, #6091, #6094, #6097, #6101, #6104, #6107, #6110, #6113));
#5687 = IFCPOLYLOOP((#5688, #5689, #5690));
#5688 = IFCCARTESIANPOINT((-3.97180438041687E-3, -3.8093478679657E-3, 1.73836471557617E-1));
#5689 = IFCCARTESIANPOINT((-3.00310158729553E-3, -5.72633171081543E-3, 1.69154067993164E-1));
#5690 = IFCCARTESIANPOINT((-1.69524013996124E-3, -4.20913171768188E-3, 1.73835388183594E-1));
#5691 = IFCFACEOUTERBOUND(#5687, .T.);
#5692 = IFCFACE((#5691));
#5693 = IFCPOLYLOOP((#5694, #5695, #5696));
#5694 = IFCCARTESIANPOINT((-7.30442047119141E-3, -3.65245223045349E-3, 1.73657577514648E-1));
#5695 = IFCCARTESIANPOINT((-8.23000335693359E-3, -7.28841924667358E-3, 1.64989715576172E-1));
#5696 = IFCCARTESIANPOINT((-6.07653141021729E-3, -7.96905755996704E-3, 1.63688247680664E-1));
#5697 = IFCFACEOUTERBOUND(#5693, .T.);
#5698 = IFCFACE((#5697));
#5699 = IFCPOLYLOOP((#5696, #5689, #5694));
#5700 = IFCFACEOUTERBOUND(#5699, .T.);
#5701 = IFCFACE((#5700));
#5702 = IFCPOLYLOOP((#5694, #5703, #5695));
#5703 = IFCCARTESIANPOINT((-9.70962429046631E-3, -3.77724981307983E-3, 1.73591812133789E-1));
#5704 = IFCFACEOUTERBOUND(#5702, .T.);
#5705 = IFCFACE((#5704));
#5706 = IFCPOLYLOOP((#5707, #5690, #5708));
#5707 = IFCCARTESIANPOINT((-2.5569703578949E-3, -2.47558379173279E-3, 1.79238037109375E-1));
#5708 = IFCCARTESIANPOINT((-9.84750092029572E-4, -3.12322521209717E-3, 1.79336013793945E-1));
#5709 = IFCFACEOUTERBOUND(#5706, .T.);
#5710 = IFCFACE((#5709));
#5711 = IFCPOLYLOOP((#5712, #5688, #5707));
#5712 = IFCCARTESIANPOINT((-5.14467763900757E-3, -1.79958498477936E-3, 1.78828277587891E-1));
#5713 = IFCFACEOUTERBOUND(#5711, .T.);
#5714 = IFCFACE((#5713));
#5715 = IFCPOLYLOOP((#5712, #5716, #5694));
#5716 = IFCCARTESIANPOINT((-8.35511684417725E-3, -1.43025100231171E-3, 1.78961517333984E-1));
#5717 = IFCFACEOUTERBOUND(#5715, .T.);
#5718 = IFCFACE((#5717));
#5719 = IFCPOLYLOOP((#5694, #5688, #5712));
#5720 = IFCFACEOUTERBOUND(#5719, .T.);
#5721 = IFCFACE((#5720));
#5722 = IFCPOLYLOOP((#5716, #5723, #5703));
#5723 = IFCCARTESIANPOINT((-1.06969270706177E-2, -1.6983904838562E-3, 1.78918014526367E-1));
#5724 = IFCFACEOUTERBOUND(#5722, .T.);
#5725 = IFCFACE((#5724));
#5726 = IFCPOLYLOOP((#5703, #5694, #5716));
#5727 = IFCFACEOUTERBOUND(#5726, .T.);
#5728 = IFCFACE((#5727));
#5729 = IFCPOLYLOOP((#5730, #5731, #5723));
#5730 = IFCCARTESIANPOINT((-1.25815382003784E-2, -2.47186350822449E-3, 1.78954010009766E-1));
#5731 = IFCCARTESIANPOINT((-1.18508701324463E-2, -5.22372198104858E-3, 1.70702072143555E-1));
#5732 = IFCFACEOUTERBOUND(#5729, .T.);
#5733 = IFCFACE((#5732));
#5734 = IFCPOLYLOOP((#5735, #5707, #5736));
#5735 = IFCCARTESIANPOINT((-3.34096717834473E-3, -9.52895760536194E-4, 1.84562576293945E-1));
#5736 = IFCCARTESIANPOINT((-2.91256219148636E-4, -2.85754132270813E-3, 1.83812133789063E-1));
#5737 = IFCFACEOUTERBOUND(#5734, .T.);
#5738 = IFCFACE((#5737));
#5739 = IFCPOLYLOOP((#5740, #5712, #5735));
#5740 = IFCCARTESIANPOINT((-5.13004159927368E-3, -2.06647038459778E-4, 1.84443389892578E-1));
#5741 = IFCFACEOUTERBOUND(#5739, .T.);
#5742 = IFCFACE((#5741));
#5743 = IFCPOLYLOOP((#5744, #5712, #5740));
#5744 = IFCCARTESIANPOINT((-7.05071496963501E-3, 3.23709666728973E-4, 1.8433674621582E-1));
#5745 = IFCFACEOUTERBOUND(#5743, .T.);
#5746 = IFCFACE((#5745));
#5747 = IFCPOLYLOOP((#5716, #5712, #5744));
#5748 = IFCFACEOUTERBOUND(#5747, .T.);
#5749 = IFCFACE((#5748));
#5750 = IFCPOLYLOOP((#5751, #5752, #5723));
#5751 = IFCCARTESIANPOINT((-9.3072566986084E-3, 5.45220494270325E-4, 1.84248336791992E-1));
#5752 = IFCCARTESIANPOINT((-1.15889291763306E-2, 1.52354121208191E-4, 1.84223907470703E-1));
#5753 = IFCFACEOUTERBOUND(#5750, .T.);
#5754 = IFCFACE((#5753));
#5755 = IFCPOLYLOOP((#5723, #5716, #5751));
#5756 = IFCFACEOUTERBOUND(#5755, .T.);
#5757 = IFCFACE((#5756));
#5758 = IFCPOLYLOOP((#5759, #5730, #5752));
#5759 = IFCCARTESIANPOINT((-1.33279142379761E-2, -9.68469679355621E-4, 1.84300979614258E-1));
#5760 = IFCFACEOUTERBOUND(#5758, .T.);
#5761 = IFCFACE((#5760));
#5762 = IFCPOLYLOOP((#5735, #5736, #5763));
#5763 = IFCCARTESIANPOINT((-1.07109642028809E-3, -1.74441528320313E-3, 1.89827926635742E-1));
#5764 = IFCFACEOUTERBOUND(#5762, .T.);
#5765 = IFCFACE((#5764));
#5766 = IFCPOLYLOOP((#5767, #5740, #5768));
#5767 = IFCCARTESIANPOINT((-5.92280435562134E-3, 1.30753195285797E-3, 1.89992919921875E-1));
#5768 = IFCCARTESIANPOINT((-4.05431032180786E-3, 3.62263143062592E-4, 1.90114303588867E-1));
#5769 = IFCFACEOUTERBOUND(#5766, .T.);
#5770 = IFCFACE((#5769));
#5771 = IFCPOLYLOOP((#5772, #5744, #5767));
#5772 = IFCCARTESIANPOINT((-7.89409017562866E-3, 1.97774422168732E-3, 1.89889465332031E-1));
#5773 = IFCFACEOUTERBOUND(#5771, .T.);
#5774 = IFCFACE((#5773));
#5775 = IFCPOLYLOOP((#5772, #5776, #5751));
#5776 = IFCCARTESIANPOINT((-1.01628932952881E-2, 2.25654149055481E-3, 1.89811050415039E-1));
#5777 = IFCFACEOUTERBOUND(#5775, .T.);
#5778 = IFCFACE((#5777));
#5779 = IFCPOLYLOOP((#5751, #5744, #5772));
#5780 = IFCFACEOUTERBOUND(#5779, .T.);
#5781 = IFCFACE((#5780));
#5782 = IFCPOLYLOOP((#5776, #5783, #5752));
#5783 = IFCCARTESIANPOINT((-1.23910722732544E-2, 1.76104772090912E-3, 1.8980322265625E-1));
#5784 = IFCFACEOUTERBOUND(#5782, .T.);
#5785 = IFCFACE((#5784));
#5786 = IFCPOLYLOOP((#5752, #5751, #5776));
#5787 = IFCFACEOUTERBOUND(#5786, .T.);
#5788 = IFCFACE((#5787));
#5789 = IFCPOLYLOOP((#5790, #5759, #5752));
#5790 = IFCCARTESIANPOINT((-1.40088205337524E-2, 3.52436363697052E-4, 1.89898162841797E-1));
#5791 = IFCFACEOUTERBOUND(#5789, .T.);
#5792 = IFCFACE((#5791));
#5793 = IFCPOLYLOOP((#5768, #5763, #5794));
#5794 = IFCCARTESIANPOINT((-1.9850869178772E-3, -6.36730909347534E-4, 1.95783966064453E-1));
#5795 = IFCFACEOUTERBOUND(#5793, .T.);
#5796 = IFCFACE((#5795));
#5797 = IFCPOLYLOOP((#5798, #5799, #5767));
#5798 = IFCCARTESIANPOINT((-4.64099264144897E-3, 1.35434377193451E-3, 1.95720352172852E-1));
#5799 = IFCCARTESIANPOINT((-6.56774663925171E-3, 2.44390416145325E-3, 1.95612258911133E-1));
#5800 = IFCFACEOUTERBOUND(#5797, .T.);
#5801 = IFCFACE((#5800));
#5802 = IFCPOLYLOOP((#5767, #5768, #5798));
#5803 = IFCFACEOUTERBOUND(#5802, .T.);
#5804 = IFCFACE((#5803));
#5805 = IFCPOLYLOOP((#5799, #5806, #5772));
#5806 = IFCCARTESIANPOINT((-8.57407188415527E-3, 3.21454477310181E-3, 1.95524688720703E-1));
#5807 = IFCFACEOUTERBOUND(#5805, .T.);
#5808 = IFCFACE((#5807));
#5809 = IFCPOLYLOOP((#5772, #5767, #5799));
#5810 = IFCFACEOUTERBOUND(#5809, .T.);
#5811 = IFCFACE((#5810));
#5812 = IFCPOLYLOOP((#5806, #5813, #5776));
#5813 = IFCCARTESIANPOINT((-1.0849024772644E-2, 3.53540349006653E-3, 1.95464431762695E-1));
#5814 = IFCFACEOUTERBOUND(#5812, .T.);
#5815 = IFCFACE((#5814));
#5816 = IFCPOLYLOOP((#5776, #5772, #5806));
#5817 = IFCFACEOUTERBOUND(#5816, .T.);
#5818 = IFCFACE((#5817));
#5819 = IFCPOLYLOOP((#5813, #5820, #5783));
#5820 = IFCCARTESIANPOINT((-1.3038761138916E-2, 2.97349834442139E-3, 1.95469635009766E-1));
#5821 = IFCFACEOUTERBOUND(#5819, .T.);
#5822 = IFCFACE((#5821));
#5823 = IFCPOLYLOOP((#5783, #5776, #5813));
#5824 = IFCFACEOUTERBOUND(#5823, .T.);
#5825 = IFCFACE((#5824));
#5826 = IFCPOLYLOOP((#5827, #5790, #5783));
#5827 = IFCCARTESIANPOINT((-1.45777740478516E-2, 1.37765693664551E-3, 1.95562377929688E-1));
#5828 = IFCFACEOUTERBOUND(#5826, .T.);
#5829 = IFCFACE((#5828));
#5830 = IFCPOLYLOOP((#5831, #5832, #5799));
#5831 = IFCCARTESIANPOINT((-5.08046245574951E-3, 1.98555910587311E-3, 2.01325057983398E-1));
#5832 = IFCCARTESIANPOINT((-7.03960514068604E-3, 3.15231204032898E-3, 2.01238677978516E-1));
#5833 = IFCFACEOUTERBOUND(#5830, .T.);
#5834 = IFCFACE((#5833));
#5835 = IFCPOLYLOOP((#5799, #5798, #5831));
#5836 = IFCFACEOUTERBOUND(#5835, .T.);
#5837 = IFCFACE((#5836));
#5838 = IFCPOLYLOOP((#5832, #5839, #5806));
#5839 = IFCCARTESIANPOINT((-9.06306266784668E-3, 3.97559332847595E-3, 2.01173416137695E-1));
#5840 = IFCFACEOUTERBOUND(#5838, .T.);
#5841 = IFCFACE((#5840));
#5842 = IFCPOLYLOOP((#5806, #5799, #5832));
#5843 = IFCFACEOUTERBOUND(#5842, .T.);
#5844 = IFCFACE((#5843));
#5845 = IFCPOLYLOOP((#5839, #5846, #5813));
#5846 = IFCCARTESIANPOINT((-1.13388137817383E-2, 4.32059621810913E-3, 2.01134552001953E-1));
#5847 = IFCFACEOUTERBOUND(#5845, .T.);
#5848 = IFCFACE((#5847));
#5849 = IFCPOLYLOOP((#5813, #5806, #5839));
#5850 = IFCFACEOUTERBOUND(#5849, .T.);
#5851 = IFCFACE((#5850));
#5852 = IFCPOLYLOOP((#5846, #5853, #5820));
#5853 = IFCCARTESIANPOINT((-1.35104570388794E-2, 3.73646140098572E-3, 2.01148666381836E-1));
#5854 = IFCFACEOUTERBOUND(#5852, .T.);
#5855 = IFCFACE((#5854));
#5856 = IFCPOLYLOOP((#5820, #5813, #5846));
#5857 = IFCFACEOUTERBOUND(#5856, .T.);
#5858 = IFCFACE((#5857));
#5859 = IFCPOLYLOOP((#5860, #5827, #5820));
#5860 = IFCCARTESIANPOINT((-1.50223827362061E-2, 2.0739598274231E-3, 2.01225433349609E-1));
#5861 = IFCFACEOUTERBOUND(#5859, .T.);
#5862 = IFCFACE((#5861));
#5863 = IFCPOLYLOOP((#5820, #5853, #5860));
#5864 = IFCFACEOUTERBOUND(#5863, .T.);
#5865 = IFCFACE((#5864));
#5866 = IFCPOLYLOOP((#5867, #5868, #5832));
#5867 = IFCCARTESIANPOINT((-5.37577676773071E-3, 2.26748609542847E-3, 2.06957107543945E-1));
#5868 = IFCCARTESIANPOINT((-7.34055423736572E-3, 3.44198322296143E-3, 2.06893325805664E-1));
#5869 = IFCFACEOUTERBOUND(#5866, .T.);
#5870 = IFCFACE((#5869));
#5871 = IFCPOLYLOOP((#5832, #5831, #5867));
#5872 = IFCFACEOUTERBOUND(#5871, .T.);
#5873 = IFCFACE((#5872));
#5874 = IFCPOLYLOOP((#5868, #5875, #5839));
#5875 = IFCCARTESIANPOINT((-9.36359310150146E-3, 4.26957559585571E-3, 2.06850204467773E-1));
#5876 = IFCFACEOUTERBOUND(#5874, .T.);
#5877 = IFCFACE((#5876));
#5878 = IFCPOLYLOOP((#5839, #5832, #5868));
#5879 = IFCFACEOUTERBOUND(#5878, .T.);
#5880 = IFCFACE((#5879));
#5881 = IFCPOLYLOOP((#5875, #5882, #5846));
#5882 = IFCCARTESIANPOINT((-1.16365804672241E-2, 4.62251138687134E-3, 2.06830825805664E-1));
#5883 = IFCFACEOUTERBOUND(#5881, .T.);
#5884 = IFCFACE((#5883));
#5885 = IFCPOLYLOOP((#5846, #5839, #5875));
#5886 = IFCFACEOUTERBOUND(#5885, .T.);
#5887 = IFCFACE((#5886));
#5888 = IFCPOLYLOOP((#5882, #5889, #5853));
#5889 = IFCCARTESIANPOINT((-1.38135118484497E-2, 4.06471252441406E-3, 2.06849395751953E-1));
#5890 = IFCFACEOUTERBOUND(#5888, .T.);
#5891 = IFCFACE((#5890));
#5892 = IFCPOLYLOOP((#5853, #5846, #5882));
#5893 = IFCFACEOUTERBOUND(#5892, .T.);
#5894 = IFCFACE((#5893));
#5895 = IFCPOLYLOOP((#5889, #5896, #5860));
#5896 = IFCCARTESIANPOINT((-1.56706628799438E-2, 2.26069068908691E-3, 2.08797882080078E-1));
#5897 = IFCFACEOUTERBOUND(#5895, .T.);
#5898 = IFCFACE((#5897));
#5899 = IFCPOLYLOOP((#5900, #5875, #5868));
#5900 = IFCCARTESIANPOINT((-9.4942455291748E-3, 4.14408731460571E-3, 2.12568344116211E-1));
#5901 = IFCFACEOUTERBOUND(#5899, .T.);
#5902 = IFCFACE((#5901));
#5903 = IFCPOLYLOOP((#5868, #5904, #5900));
#5904 = IFCCARTESIANPOINT((-7.48701047897339E-3, 3.35563564300537E-3, 2.12596405029297E-1));
#5905 = IFCFACEOUTERBOUND(#5903, .T.);
#5906 = IFCFACE((#5905));
#5907 = IFCPOLYLOOP((#5900, #5908, #5882));
#5908 = IFCCARTESIANPOINT((-1.17634973526001E-2, 4.49387359619141E-3, 2.12561187744141E-1));
#5909 = IFCFACEOUTERBOUND(#5907, .T.);
#5910 = IFCFACE((#5909));
#5911 = IFCPOLYLOOP((#5882, #5875, #5900));
#5912 = IFCFACEOUTERBOUND(#5911, .T.);
#5913 = IFCFACE((#5912));
#5914 = IFCPOLYLOOP((#5908, #5915, #5889));
#5915 = IFCCARTESIANPOINT((-1.39707632064819E-2, 4.01359462738037E-3, 2.12579284667969E-1));
#5916 = IFCFACEOUTERBOUND(#5914, .T.);
#5917 = IFCFACE((#5916));
#5918 = IFCPOLYLOOP((#5889, #5882, #5908));
#5919 = IFCFACEOUTERBOUND(#5918, .T.);
#5920 = IFCFACE((#5919));
#5921 = IFCPOLYLOOP((#5922, #5900, #5904));
#5922 = IFCCARTESIANPOINT((-9.48965740203857E-3, 3.68563461303711E-3, 2.18339889526367E-1));
#5923 = IFCFACEOUTERBOUND(#5921, .T.);
#5924 = IFCFACE((#5923));
#5925 = IFCPOLYLOOP((#5926, #5908, #5900));
#5926 = IFCCARTESIANPOINT((-1.17575826644897E-2, 4.02974224090576E-3, 2.18332015991211E-1));
#5927 = IFCFACEOUTERBOUND(#5925, .T.);
#5928 = IFCFACE((#5927));
#5929 = IFCPOLYLOOP((#5900, #5922, #5926));
#5930 = IFCFACEOUTERBOUND(#5929, .T.);
#5931 = IFCFACE((#5930));
#5932 = IFCPOLYLOOP((#5926, #5933, #5915));
#5933 = IFCCARTESIANPOINT((-1.44912271499634E-2, 3.39099860191345E-3, 2.21086059570313E-1));
#5934 = IFCFACEOUTERBOUND(#5932, .T.);
#5935 = IFCFACE((#5934));
#5936 = IFCPOLYLOOP((#5937, #5926, #5922));
#5937 = IFCCARTESIANPOINT((-1.16737051010132E-2, 3.36750984191895E-3, 2.24148147583008E-1));
#5938 = IFCFACEOUTERBOUND(#5936, .T.);
#5939 = IFCFACE((#5938));
#5940 = IFCPOLYLOOP((#5689, #5696, #5941));
#5941 = IFCCARTESIANPOINT((-1.74300861358643E-3, -7.76496601104736E-3, 1.63976867675781E-1));
#5942 = IFCFACEOUTERBOUND(#5940, .T.);
#5943 = IFCFACE((#5942));
#5944 = IFCPOLYLOOP((#5689, #5941, #5945));
#5945 = IFCCARTESIANPOINT((-5.16808807849884E-4, -7.05842876434326E-3, 1.65501617431641E-1));
#5946 = IFCFACEOUTERBOUND(#5944, .T.);
#5947 = IFCFACE((#5946));
#5948 = IFCPOLYLOOP((#5690, #5945, #5949));
#5949 = IFCCARTESIANPOINT((6.75782799720764E-4, -5.65310525894165E-3, 1.70154846191406E-1));
#5950 = IFCFACEOUTERBOUND(#5948, .T.);
#5951 = IFCFACE((#5950));
#5952 = IFCPOLYLOOP((#5690, #5949, #5953));
#5953 = IFCCARTESIANPOINT((6.27270996570587E-4, -4.58643674850464E-3, 1.749013671875E-1));
#5954 = IFCFACEOUTERBOUND(#5952, .T.);
#5955 = IFCFACE((#5954));
#5956 = IFCPOLYLOOP((#5736, #5708, #5953));
#5957 = IFCFACEOUTERBOUND(#5956, .T.);
#5958 = IFCFACE((#5957));
#5959 = IFCPOLYLOOP((#5960, #5731, #5730));
#5960 = IFCCARTESIANPOINT((-1.29787607192993E-2, -3.91115427017212E-3, 1.75680130004883E-1));
#5961 = IFCFACEOUTERBOUND(#5959, .T.);
#5962 = IFCFACE((#5961));
#5963 = IFCPOLYLOOP((#5703, #5731, #5964));
#5964 = IFCCARTESIANPOINT((-1.02083206176758E-2, -6.10438346862793E-3, 1.67678009033203E-1));
#5965 = IFCFACEOUTERBOUND(#5963, .T.);
#5966 = IFCFACE((#5965));
#5967 = IFCPOLYLOOP((#5695, #5703, #5964));
#5968 = IFCFACEOUTERBOUND(#5967, .T.);
#5969 = IFCFACE((#5968));
#5970 = IFCPOLYLOOP((#5971, #5960, #5730));
#5971 = IFCCARTESIANPOINT((-1.39386758804321E-2, -2.70836663246155E-3, 1.8212239074707E-1));
#5972 = IFCFACEOUTERBOUND(#5970, .T.);
#5973 = IFCFACE((#5972));
#5974 = IFCPOLYLOOP((#5790, #5975, #5759));
#5975 = IFCCARTESIANPOINT((-1.47318391799927E-2, -1.4399893283844E-3, 1.89678314208984E-1));
#5976 = IFCFACEOUTERBOUND(#5974, .T.);
#5977 = IFCFACE((#5976));
#5978 = IFCPOLYLOOP((#5759, #5971, #5730));
#5979 = IFCFACEOUTERBOUND(#5978, .T.);
#5980 = IFCFACE((#5979));
#5981 = IFCPOLYLOOP((#5827, #5860, #5982));
#5982 = IFCCARTESIANPOINT((-1.54847030639648E-2, 5.30687808990479E-4, 2.00296630859375E-1));
#5983 = IFCFACEOUTERBOUND(#5981, .T.);
#5984 = IFCFACE((#5983));
#5985 = IFCPOLYLOOP((#5827, #5982, #5975));
#5986 = IFCFACEOUTERBOUND(#5985, .T.);
#5987 = IFCFACE((#5986));
#5988 = IFCPOLYLOOP((#5790, #5827, #5975));
#5989 = IFCFACEOUTERBOUND(#5988, .T.);
#5990 = IFCFACE((#5989));
#5991 = IFCPOLYLOOP((#5759, #5975, #5971));
#5992 = IFCFACEOUTERBOUND(#5991, .T.);
#5993 = IFCFACE((#5992));
#5994 = IFCPOLYLOOP((#5995, #5831, #5794));
#5995 = IFCCARTESIANPOINT((-3.75100135803223E-3, 1.07053017616272E-3, 2.04926696777344E-1));
#5996 = IFCFACEOUTERBOUND(#5994, .T.);
#5997 = IFCFACE((#5996));
#5998 = IFCPOLYLOOP((#5831, #5995, #5867));
#5999 = IFCFACEOUTERBOUND(#5998, .T.);
#6000 = IFCFACE((#5999));
#6001 = IFCPOLYLOOP((#6002, #5904, #5868));
#6002 = IFCCARTESIANPOINT((-5.73605680465698E-3, 2.37393546104431E-3, 2.13147171020508E-1));
#6003 = IFCFACEOUTERBOUND(#6001, .T.);
#6004 = IFCFACE((#6003));
#6005 = IFCPOLYLOOP((#5868, #5867, #6002));
#6006 = IFCFACEOUTERBOUND(#6005, .T.);
#6007 = IFCFACE((#6006));
#6008 = IFCPOLYLOOP((#6002, #5867, #5995));
#6009 = IFCFACEOUTERBOUND(#6008, .T.);
#6010 = IFCFACE((#6009));
#6011 = IFCPOLYLOOP((#5922, #5904, #6012));
#6012 = IFCCARTESIANPOINT((-7.5074577331543E-3, 2.81193494796753E-3, 2.20399948120117E-1));
#6013 = IFCFACEOUTERBOUND(#6011, .T.);
#6014 = IFCFACE((#6013));
#6015 = IFCPOLYLOOP((#6016, #5922, #6012));
#6016 = IFCCARTESIANPOINT((-8.93367671966553E-3, 2.52856993675232E-3, 2.27523620605469E-1));
#6017 = IFCFACEOUTERBOUND(#6015, .T.);
#6018 = IFCFACE((#6017));
#6019 = IFCPOLYLOOP((#6020, #6021, #6016));
#6020 = IFCCARTESIANPOINT((-1.05772180557251E-2, 2.13530969619751E-3, 2.34469207763672E-1));
#6021 = IFCCARTESIANPOINT((-1.29882345199585E-2, 2.74034428596497E-3, 2.30672912597656E-1));
#6022 = IFCFACEOUTERBOUND(#6019, .T.);
#6023 = IFCFACE((#6022));
#6024 = IFCPOLYLOOP((#6002, #6012, #5904));
#6025 = IFCFACEOUTERBOUND(#6024, .T.);
#6026 = IFCFACE((#6025));
#6027 = IFCPOLYLOOP((#5915, #5896, #5889));
#6028 = IFCFACEOUTERBOUND(#6027, .T.);
#6029 = IFCFACE((#6028));
#6030 = IFCPOLYLOOP((#5915, #5933, #6031));
#6031 = IFCCARTESIANPOINT((-1.53125867843628E-2, 3.00871586799622E-3, 2.14312072753906E-1));
#6032 = IFCFACEOUTERBOUND(#6030, .T.);
#6033 = IFCFACE((#6032));
#6034 = IFCPOLYLOOP((#6031, #5896, #5915));
#6035 = IFCFACEOUTERBOUND(#6034, .T.);
#6036 = IFCFACE((#6035));
#6037 = IFCPOLYLOOP((#5860, #5896, #5982));
#6038 = IFCFACEOUTERBOUND(#6037, .T.);
#6039 = IFCFACE((#6038));
#6040 = IFCPOLYLOOP((#6021, #5933, #5937));
#6041 = IFCFACEOUTERBOUND(#6040, .T.);
#6042 = IFCFACE((#6041));
#6043 = IFCPOLYLOOP((#5937, #5933, #5926));
#6044 = IFCFACEOUTERBOUND(#6043, .T.);
#6045 = IFCFACE((#6044));
#6046 = IFCPOLYLOOP((#5689, #5945, #5690));
#6047 = IFCFACEOUTERBOUND(#6046, .T.);
#6048 = IFCFACE((#6047));
#6049 = IFCPOLYLOOP((#5690, #5953, #5708));
#6050 = IFCFACEOUTERBOUND(#6049, .T.);
#6051 = IFCFACE((#6050));
#6052 = IFCPOLYLOOP((#5688, #5690, #5707));
#6053 = IFCFACEOUTERBOUND(#6052, .T.);
#6054 = IFCFACE((#6053));
#6055 = IFCPOLYLOOP((#5731, #5703, #5723));
#6056 = IFCFACEOUTERBOUND(#6055, .T.);
#6057 = IFCFACE((#6056));
#6058 = IFCPOLYLOOP((#5707, #5708, #5736));
#6059 = IFCFACEOUTERBOUND(#6058, .T.);
#6060 = IFCFACE((#6059));
#6061 = IFCPOLYLOOP((#5712, #5707, #5735));
#6062 = IFCFACEOUTERBOUND(#6061, .T.);
#6063 = IFCFACE((#6062));
#6064 = IFCPOLYLOOP((#5730, #5723, #5752));
#6065 = IFCFACEOUTERBOUND(#6064, .T.);
#6066 = IFCFACE((#6065));
#6067 = IFCPOLYLOOP((#5740, #5735, #5768));
#6068 = IFCFACEOUTERBOUND(#6067, .T.);
#6069 = IFCFACE((#6068));
#6070 = IFCPOLYLOOP((#5744, #5740, #5767));
#6071 = IFCFACEOUTERBOUND(#6070, .T.);
#6072 = IFCFACE((#6071));
#6073 = IFCPOLYLOOP((#5790, #5752, #5783));
#6074 = IFCFACEOUTERBOUND(#6073, .T.);
#6075 = IFCFACE((#6074));
#6076 = IFCPOLYLOOP((#5827, #5783, #5820));
#6077 = IFCFACEOUTERBOUND(#6076, .T.);
#6078 = IFCFACE((#6077));
#6079 = IFCPOLYLOOP((#5794, #5831, #5798));
#6080 = IFCFACEOUTERBOUND(#6079, .T.);
#6081 = IFCFACE((#6080));
#6082 = IFCPOLYLOOP((#6083, #6021, #6020));
#6083 = IFCCARTESIANPOINT((-1.16924695968628E-2, 2.21308445930481E-3, 2.35991195678711E-1));
#6084 = IFCFACEOUTERBOUND(#6082, .T.);
#6085 = IFCFACE((#6084));
#6086 = IFCPOLYLOOP((#6021, #5937, #6016));
#6087 = IFCFACEOUTERBOUND(#6086, .T.);
#6088 = IFCFACE((#6087));
#6089 = IFCPOLYLOOP((#5889, #5860, #5853));
#6090 = IFCFACEOUTERBOUND(#6089, .T.);
#6091 = IFCFACE((#6090));
#6092 = IFCPOLYLOOP((#5926, #5915, #5908));
#6093 = IFCFACEOUTERBOUND(#6092, .T.);
#6094 = IFCFACE((#6093));
#6095 = IFCPOLYLOOP((#5937, #5922, #6016));
#6096 = IFCFACEOUTERBOUND(#6095, .T.);
#6097 = IFCFACE((#6096));
#6098 = IFCPOLYLOOP((#5696, #6099, #5941));
#6099 = IFCCARTESIANPOINT((-3.67456078529358E-3, -8.26571750640869E-3, 1.63048385620117E-1));
#6100 = IFCFACEOUTERBOUND(#6098, .T.);
#6101 = IFCFACE((#6100));
#6102 = IFCPOLYLOOP((#5689, #5688, #5694));
#6103 = IFCFACEOUTERBOUND(#6102, .T.);
#6104 = IFCFACE((#6103));
#6105 = IFCPOLYLOOP((#5716, #5744, #5751));
#6106 = IFCFACEOUTERBOUND(#6105, .T.);
#6107 = IFCFACE((#6106));
#6108 = IFCPOLYLOOP((#5735, #5763, #5768));
#6109 = IFCFACEOUTERBOUND(#6108, .T.);
#6110 = IFCFACE((#6109));
#6111 = IFCPOLYLOOP((#5768, #5794, #5798));
#6112 = IFCFACEOUTERBOUND(#6111, .T.);
#6113 = IFCFACE((#6112));
#6114 = IFCSURFACESTYLERENDERING(#6115, 0., #6116, $, $, #6117, #6118, $, .NOTDEFINED.);
#6115 = IFCCOLOURRGB('Surface color', 0., 4.98039215803146E-1, 0.);
#6116 = IFCCOLOURRGB('Diffuse color', 0., 4.98039215803146E-1, 0.);
#6117 = IFCCOLOURRGB('Reflection color', 1., 1., 1.);
#6118 = IFCCOLOURRGB('Specular color', 1., 1., 1.);
#6119 = IFCSURFACESTYLE('d194c32c_5116_40c1_a141_b5544e73a1b4', .BOTH., (#6114));
#6120 = IFCPRESENTATIONSTYLEASSIGNMENT((#6119));
#6121 = IFCSTYLEDITEM($, (#6120), $);
#6122 = IFCSTYLEDREPRESENTATION(#106, 'Body', $, (#6121));
#6123 = IFCOPENSHELL((#6129, #6134, #6138, #6142, #6146, #6151, #6155, #6159, #6162, #6166, #6170, #6175, #6180, #6184, #6188, #6192, #6196, #6200, #6205, #6209, #6213, #6217, #6221, #6225, #6230, #6233, #6236, #6240, #6243, #6247, #6251, #6255, #6259, #6263, #6267, #6270, #6274, #6278, #6282, #6285, #6290, #6293, #6296, #6300, #6303, #6307, #6311, #6316, #6319, #6322, #6326, #6330, #6335, #6338, #6343, #6346, #6352, #6356, #6362, #6365, #6369, #6372, #6377, #6381, #6385, #6388, #6391, #6394, #6397, #6402, #6405, #6408, #6412, #6416, #6421, #6427, #6430, #6433, #6436, #6442, #6445, #6448, #6451, #6454, #6459, #6462, #6466, #6469, #6473, #6477, #6480, #6484, #6488, #6491, #6494, #6497, #6503, #6506, #6509, #6513, #6517, #6521, #6527, #6530, #6533, #6537, #6541, #6546, #6549, #6552, #6557, #6561, #6565, #6568, #6571, #6574, #6578, #6581, #6586, #6592, #6595, #6598, #6601, #6604, #6608, #6612, #6616, #6620, #6624, #6628, #6631, #6634, #6637, #6642, #6646, #6649, #6653, #6659, #6663, #6666, #6670, #6673, #6677, #6680, #6684, #6690, #6694, #6697, #6700, #6703, #6706, #6710, #6716, #6719, #6722, #6727, #6730, #6734, #6738, #6743, #6747, #6750, #6754, #6757, #6761, #6764, #6767, #6770, #6774, #6778, #6782, #6787, #6790, #6794, #6797, #6802, #6805, #6809, #6812, #6815, #6818, #6821, #6824, #6827, #6830, #6833, #6836, #6839, #6842, #6845, #6848, #6851, #6854, #6857, #6860, #6863, #6866, #6869, #6872, #6875, #6878, #6881, #6884, #6887, #6890, #6893, #6896, #6899));
#6124 = IFCPOLYLOOP((#6125, #6126, #6127));
#6125 = IFCCARTESIANPOINT((-2.09086933135986E-2, 4.93089408874512E-2, 1.75614196777344E-1));
#6126 = IFCCARTESIANPOINT((-1.719114112854E-2, 3.17008876800537E-2, 1.47806091308594E-1));
#6127 = IFCCARTESIANPOINT((-2.63848934173584E-2, 4.73069229125977E-2, 1.75223358154297E-1));
#6128 = IFCFACEOUTERBOUND(#6124, .T.);
#6129 = IFCFACE((#6128));
#6130 = IFCPOLYLOOP((#6131, #6132, #6125));
#6131 = IFCCARTESIANPOINT((-1.32673377990723E-2, 5.12931137084961E-2, 1.76474563598633E-1));
#6132 = IFCCARTESIANPOINT((-9.65376091003418E-3, 3.27702331542969E-2, 1.49395034790039E-1));
#6133 = IFCFACEOUTERBOUND(#6130, .T.);
#6134 = IFCFACE((#6133));
#6135 = IFCPOLYLOOP((#6136, #6132, #6131));
#6136 = IFCCARTESIANPOINT((-8.62000524997711E-4, 3.40984344482422E-2, 1.50885848999023E-1));
#6137 = IFCFACEOUTERBOUND(#6135, .T.);
#6138 = IFCFACE((#6137));
#6139 = IFCPOLYLOOP((#6131, #6140, #6136));
#6140 = IFCCARTESIANPOINT((-4.4561014175415E-3, 5.25247077941895E-2, 1.77937393188477E-1));
#6141 = IFCFACEOUTERBOUND(#6139, .T.);
#6142 = IFCFACE((#6141));
#6143 = IFCPOLYLOOP((#6136, #6140, #6144));
#6144 = IFCCARTESIANPOINT((3.10487174987793E-3, 5.25111045837402E-2, 1.79729232788086E-1));
#6145 = IFCFACEOUTERBOUND(#6143, .T.);
#6146 = IFCFACE((#6145));
#6147 = IFCPOLYLOOP((#6148, #6127, #6149));
#6148 = IFCCARTESIANPOINT((-3.01676731109619E-2, 6.27325286865234E-2, 2.03560287475586E-1));
#6149 = IFCCARTESIANPOINT((-3.46715049743652E-2, 5.89446258544922E-2, 2.04167114257813E-1));
#6150 = IFCFACEOUTERBOUND(#6147, .T.);
#6151 = IFCFACE((#6150));
#6152 = IFCPOLYLOOP((#6153, #6125, #6148));
#6153 = IFCCARTESIANPOINT((-2.46283836364746E-2, 6.61726684570313E-2, 2.03344909667969E-1));
#6154 = IFCFACEOUTERBOUND(#6152, .T.);
#6155 = IFCFACE((#6154));
#6156 = IFCPOLYLOOP((#6157, #6131, #6153));
#6157 = IFCCARTESIANPOINT((-1.69604415893555E-2, 6.92496719360352E-2, 2.03823471069336E-1));
#6158 = IFCFACEOUTERBOUND(#6156, .T.);
#6159 = IFCFACE((#6158));
#6160 = IFCPOLYLOOP((#6140, #6131, #6157));
#6161 = IFCFACEOUTERBOUND(#6160, .T.);
#6162 = IFCFACE((#6161));
#6163 = IFCPOLYLOOP((#6157, #6164, #6140));
#6164 = IFCCARTESIANPOINT((-8.19452285766602E-3, 7.05271224975586E-2, 2.05473434448242E-1));
#6165 = IFCFACEOUTERBOUND(#6163, .T.);
#6166 = IFCFACE((#6165));
#6167 = IFCPOLYLOOP((#6168, #6144, #6164));
#6168 = IFCCARTESIANPOINT((-7.45195329189301E-4, 6.93008270263672E-2, 2.08083435058594E-1));
#6169 = IFCFACEOUTERBOUND(#6167, .T.);
#6170 = IFCFACE((#6169));
#6171 = IFCPOLYLOOP((#6172, #6173, #6168));
#6172 = IFCCARTESIANPOINT((4.20459747314453E-3, 6.66205215454102E-2, 2.10830169677734E-1));
#6173 = IFCCARTESIANPOINT((8.18514060974121E-3, 5.16518173217773E-2, 1.81392059326172E-1));
#6174 = IFCFACEOUTERBOUND(#6171, .T.);
#6175 = IFCFACE((#6174));
#6176 = IFCPOLYLOOP((#6177, #6148, #6178));
#6177 = IFCCARTESIANPOINT((-3.394580078125E-2, 7.69221649169922E-2, 2.32006439208984E-1));
#6178 = IFCCARTESIANPOINT((-3.85172500610352E-2, 7.15488739013672E-2, 2.33137542724609E-1));
#6179 = IFCFACEOUTERBOUND(#6176, .T.);
#6180 = IFCFACE((#6179));
#6181 = IFCPOLYLOOP((#6182, #6153, #6177));
#6182 = IFCCARTESIANPOINT((-2.83735027313232E-2, 8.17104110717773E-2, 2.31399124145508E-1));
#6183 = IFCFACEOUTERBOUND(#6181, .T.);
#6184 = IFCFACE((#6183));
#6185 = IFCPOLYLOOP((#6186, #6157, #6182));
#6186 = IFCCARTESIANPOINT((-2.07178020477295E-2, 8.58235778808594E-2, 2.3168196105957E-1));
#6187 = IFCFACEOUTERBOUND(#6185, .T.);
#6188 = IFCFACE((#6187));
#6189 = IFCPOLYLOOP((#6190, #6164, #6186));
#6190 = IFCCARTESIANPOINT((-1.20239553451538E-2, 8.71857147216797E-2, 2.33564666748047E-1));
#6191 = IFCFACEOUTERBOUND(#6189, .T.);
#6192 = IFCFACE((#6191));
#6193 = IFCPOLYLOOP((#6194, #6168, #6190));
#6194 = IFCCARTESIANPOINT((-4.67708349227905E-3, 8.48998489379883E-2, 2.36838882446289E-1));
#6195 = IFCFACEOUTERBOUND(#6193, .T.);
#6196 = IFCFACE((#6195));
#6197 = IFCPOLYLOOP((#6198, #6172, #6194));
#6198 = IFCCARTESIANPOINT((1.81575790047646E-4, 8.06043472290039E-2, 2.4040087890625E-1));
#6199 = IFCFACEOUTERBOUND(#6197, .T.);
#6200 = IFCFACE((#6199));
#6201 = IFCPOLYLOOP((#6202, #6177, #6203));
#6202 = IFCCARTESIANPOINT((-3.78723602294922E-2, 9.01383972167969E-2, 2.62051940917969E-1));
#6203 = IFCCARTESIANPOINT((-4.25065994262695E-2, 8.34488754272461E-2, 2.63576782226563E-1));
#6204 = IFCFACEOUTERBOUND(#6201, .T.);
#6205 = IFCFACE((#6204));
#6206 = IFCPOLYLOOP((#6207, #6182, #6202));
#6207 = IFCCARTESIANPOINT((-3.2275577545166E-2, 9.60320663452148E-2, 2.61157501220703E-1));
#6208 = IFCFACEOUTERBOUND(#6206, .T.);
#6209 = IFCFACE((#6208));
#6210 = IFCPOLYLOOP((#6211, #6186, #6207));
#6211 = IFCCARTESIANPOINT((-2.46420078277588E-2, 1.00979942321777E-1, 2.61299682617188E-1));
#6212 = IFCFACEOUTERBOUND(#6210, .T.);
#6213 = IFCFACE((#6212));
#6214 = IFCPOLYLOOP((#6215, #6190, #6211));
#6215 = IFCCARTESIANPOINT((-1.60198917388916E-2, 1.02395706176758E-1, 2.63336578369141E-1));
#6216 = IFCFACEOUTERBOUND(#6214, .T.);
#6217 = IFCFACE((#6216));
#6218 = IFCPOLYLOOP((#6219, #6194, #6215));
#6219 = IFCCARTESIANPOINT((-8.75416374206543E-3, 9.92496643066406E-2, 2.67040924072266E-1));
#6220 = IFCFACEOUTERBOUND(#6218, .T.);
#6221 = IFCFACE((#6220));
#6222 = IFCPOLYLOOP((#6223, #6198, #6219));
#6223 = IFCCARTESIANPOINT((-3.95061779022217E-3, 9.3664665222168E-2, 2.71115875244141E-1));
#6224 = IFCFACEOUTERBOUND(#6222, .T.);
#6225 = IFCFACE((#6224));
#6226 = IFCPOLYLOOP((#6203, #6227, #6228));
#6227 = IFCCARTESIANPOINT((-4.64182357788086E-2, 9.40877151489258E-2, 2.94306396484375E-1));
#6228 = IFCCARTESIANPOINT((-4.17203712463379E-2, 1.01609184265137E-1, 2.92473419189453E-1));
#6229 = IFCFACEOUTERBOUND(#6226, .T.);
#6230 = IFCFACE((#6229));
#6231 = IFCPOLYLOOP((#6228, #6202, #6203));
#6232 = IFCFACEOUTERBOUND(#6231, .T.);
#6233 = IFCFACE((#6232));
#6234 = IFCPOLYLOOP((#6207, #6202, #6228));
#6235 = IFCFACEOUTERBOUND(#6234, .T.);
#6236 = IFCFACE((#6235));
#6237 = IFCPOLYLOOP((#6228, #6238, #6207));
#6238 = IFCCARTESIANPOINT((-3.60947494506836E-2, 1.08175491333008E-1, 2.91337524414063E-1));
#6239 = IFCFACEOUTERBOUND(#6237, .T.);
#6240 = IFCFACE((#6239));
#6241 = IFCPOLYLOOP((#6211, #6207, #6238));
#6242 = IFCFACEOUTERBOUND(#6241, .T.);
#6243 = IFCFACE((#6242));
#6244 = IFCPOLYLOOP((#6238, #6245, #6211));
#6245 = IFCCARTESIANPOINT((-2.84708919525146E-2, 1.13597198486328E-1, 2.91308563232422E-1));
#6246 = IFCFACEOUTERBOUND(#6244, .T.);
#6247 = IFCFACE((#6246));
#6248 = IFCPOLYLOOP((#6249, #6215, #6245));
#6249 = IFCCARTESIANPOINT((-1.98948879241943E-2, 1.14992301940918E-1, 2.93322113037109E-1));
#6250 = IFCFACEOUTERBOUND(#6248, .T.);
#6251 = IFCFACE((#6250));
#6252 = IFCPOLYLOOP((#6253, #6219, #6249));
#6253 = IFCCARTESIANPOINT((-1.26738262176514E-2, 1.11293441772461E-1, 2.97140319824219E-1));
#6254 = IFCFACEOUTERBOUND(#6252, .T.);
#6255 = IFCFACE((#6254));
#6256 = IFCPOLYLOOP((#6257, #6223, #6253));
#6257 = IFCCARTESIANPOINT((-7.88770294189453E-3, 1.04933738708496E-1, 3.01374786376953E-1));
#6258 = IFCFACEOUTERBOUND(#6256, .T.);
#6259 = IFCFACE((#6258));
#6260 = IFCPOLYLOOP((#6238, #6228, #6261));
#6261 = IFCCARTESIANPOINT((-4.53073196411133E-2, 1.11171112060547E-1, 3.22357818603516E-1));
#6262 = IFCFACEOUTERBOUND(#6260, .T.);
#6263 = IFCFACE((#6262));
#6264 = IFCPOLYLOOP((#6261, #6265, #6238));
#6265 = IFCCARTESIANPOINT((-3.96433448791504E-2, 1.17941368103027E-1, 3.20985595703125E-1));
#6266 = IFCFACEOUTERBOUND(#6264, .T.);
#6267 = IFCFACE((#6266));
#6268 = IFCPOLYLOOP((#6245, #6238, #6265));
#6269 = IFCFACEOUTERBOUND(#6268, .T.);
#6270 = IFCFACE((#6269));
#6271 = IFCPOLYLOOP((#6265, #6272, #6245));
#6272 = IFCCARTESIANPOINT((-3.20068321228027E-2, 1.23452461242676E-1, 3.20712158203125E-1));
#6273 = IFCFACEOUTERBOUND(#6271, .T.);
#6274 = IFCFACE((#6273));
#6275 = IFCPOLYLOOP((#6276, #6249, #6272));
#6276 = IFCCARTESIANPOINT((-2.34408760070801E-2, 1.24754859924316E-1, 3.22501007080078E-1));
#6277 = IFCFACEOUTERBOUND(#6275, .T.);
#6278 = IFCFACE((#6277));
#6279 = IFCPOLYLOOP((#6280, #6253, #6276));
#6280 = IFCCARTESIANPOINT((-1.62247524261475E-2, 1.20837020874023E-1, 3.26130401611328E-1));
#6281 = IFCFACEOUTERBOUND(#6279, .T.);
#6282 = IFCFACE((#6281));
#6283 = IFCPOLYLOOP((#6257, #6253, #6280));
#6284 = IFCFACEOUTERBOUND(#6283, .T.);
#6285 = IFCFACE((#6284));
#6286 = IFCPOLYLOOP((#6261, #6287, #6288));
#6287 = IFCCARTESIANPOINT((-4.87359352111816E-2, 1.19574317932129E-1, 3.53242034912109E-1));
#6288 = IFCCARTESIANPOINT((-4.30225601196289E-2, 1.26123222351074E-1, 3.51608032226563E-1));
#6289 = IFCFACEOUTERBOUND(#6286, .T.);
#6290 = IFCFACE((#6289));
#6291 = IFCPOLYLOOP((#6288, #6265, #6261));
#6292 = IFCFACEOUTERBOUND(#6291, .T.);
#6293 = IFCFACE((#6292));
#6294 = IFCPOLYLOOP((#6272, #6265, #6288));
#6295 = IFCFACEOUTERBOUND(#6294, .T.);
#6296 = IFCFACE((#6295));
#6297 = IFCPOLYLOOP((#6288, #6298, #6272));
#6298 = IFCCARTESIANPOINT((-3.53494186401367E-2, 1.31382110595703E-1, 3.50991333007813E-1));
#6299 = IFCFACEOUTERBOUND(#6297, .T.);
#6300 = IFCFACE((#6299));
#6301 = IFCPOLYLOOP((#6276, #6272, #6298));
#6302 = IFCFACEOUTERBOUND(#6301, .T.);
#6303 = IFCFACE((#6302));
#6304 = IFCPOLYLOOP((#6298, #6305, #6276));
#6305 = IFCCARTESIANPOINT((-2.67569942474365E-2, 1.32542510986328E-1, 3.52352355957031E-1));
#6306 = IFCFACEOUTERBOUND(#6304, .T.);
#6307 = IFCFACE((#6306));
#6308 = IFCPOLYLOOP((#6309, #6280, #6305));
#6309 = IFCCARTESIANPOINT((-1.95077533721924E-2, 1.28728530883789E-1, 3.55521453857422E-1));
#6310 = IFCFACEOUTERBOUND(#6308, .T.);
#6311 = IFCFACE((#6310));
#6312 = IFCPOLYLOOP((#6288, #6313, #6314));
#6313 = IFCCARTESIANPOINT((-4.6102611541748E-2, 1.32969497680664E-1, 3.83049163818359E-1));
#6314 = IFCCARTESIANPOINT((-3.83736534118652E-2, 1.37693374633789E-1, 3.82001403808594E-1));
#6315 = IFCFACEOUTERBOUND(#6312, .T.);
#6316 = IFCFACE((#6315));
#6317 = IFCPOLYLOOP((#6314, #6298, #6288));
#6318 = IFCFACEOUTERBOUND(#6317, .T.);
#6319 = IFCFACE((#6318));
#6320 = IFCPOLYLOOP((#6305, #6298, #6314));
#6321 = IFCFACEOUTERBOUND(#6320, .T.);
#6322 = IFCFACE((#6321));
#6323 = IFCPOLYLOOP((#6314, #6324, #6305));
#6324 = IFCCARTESIANPOINT((-2.97215671539307E-2, 1.38710861206055E-1, 3.82759643554688E-1));
#6325 = IFCFACEOUTERBOUND(#6323, .T.);
#6326 = IFCFACE((#6325));
#6327 = IFCPOLYLOOP((#6328, #6309, #6324));
#6328 = IFCCARTESIANPOINT((-2.24031028747559E-2, 1.35336761474609E-1, 3.85245361328125E-1));
#6329 = IFCFACEOUTERBOUND(#6327, .T.);
#6330 = IFCFACE((#6329));
#6331 = IFCPOLYLOOP((#6314, #6332, #6333));
#6332 = IFCCARTESIANPOINT((-4.09307327270508E-2, 1.42878814697266E-1, 4.13512603759766E-1));
#6333 = IFCCARTESIANPOINT((-3.21960372924805E-2, 1.43827285766602E-1, 4.13554718017578E-1));
#6334 = IFCFACEOUTERBOUND(#6331, .T.);
#6335 = IFCFACE((#6334));
#6336 = IFCPOLYLOOP((#6333, #6324, #6314));
#6337 = IFCFACEOUTERBOUND(#6336, .T.);
#6338 = IFCFACE((#6337));
#6339 = IFCPOLYLOOP((#6332, #6340, #6341));
#6340 = IFCCARTESIANPOINT((-4.2848030090332E-2, 1.47616226196289E-1, 4.45209930419922E-1));
#6341 = IFCCARTESIANPOINT((-3.40249519348145E-2, 1.486708984375E-1, 4.44517700195313E-1));
#6342 = IFCFACEOUTERBOUND(#6339, .T.);
#6343 = IFCFACE((#6342));
#6344 = IFCPOLYLOOP((#6341, #6333, #6332));
#6345 = IFCFACEOUTERBOUND(#6344, .T.);
#6346 = IFCFACE((#6345));
#6347 = IFCPOLYLOOP((#6348, #6349, #6350));
#6348 = IFCCARTESIANPOINT((-3.07999114990234E-2, 4.52128257751465E-2, 1.75073944091797E-1));
#6349 = IFCCARTESIANPOINT((-3.06896343231201E-2, 3.80808334350586E-2, 1.61476531982422E-1));
#6350 = IFCCARTESIANPOINT((-3.37726516723633E-2, 4.54450721740723E-2, 1.78951034545898E-1));
#6351 = IFCFACEOUTERBOUND(#6347, .T.);
#6352 = IFCFACE((#6351));
#6353 = IFCPOLYLOOP((#6354, #6149, #6348));
#6354 = IFCCARTESIANPOINT((-3.41457710266113E-2, 4.74044075012207E-2, 1.83105224609375E-1));
#6355 = IFCFACEOUTERBOUND(#6353, .T.);
#6356 = IFCFACE((#6355));
#6357 = IFCPOLYLOOP((#6358, #6359, #6360));
#6358 = IFCCARTESIANPOINT((-3.70412445068359E-2, 5.22619895935059E-2, 2.0038996887207E-1));
#6359 = IFCCARTESIANPOINT((-3.6742000579834E-2, 5.46612930297852E-2, 2.00991317749023E-1));
#6360 = IFCCARTESIANPOINT((-3.63633804321289E-2, 5.28758926391602E-2, 1.97041900634766E-1));
#6361 = IFCFACEOUTERBOUND(#6357, .T.);
#6362 = IFCFACE((#6361));
#6363 = IFCPOLYLOOP((#6354, #6348, #6350));
#6364 = IFCFACEOUTERBOUND(#6363, .T.);
#6365 = IFCFACE((#6364));
#6366 = IFCPOLYLOOP((#6350, #6367, #6354));
#6367 = IFCCARTESIANPOINT((-3.44419250488281E-2, 4.48064231872559E-2, 1.8181640625E-1));
#6368 = IFCFACEOUTERBOUND(#6366, .T.);
#6369 = IFCFACE((#6368));
#6370 = IFCPOLYLOOP((#6149, #6354, #6360));
#6371 = IFCFACEOUTERBOUND(#6370, .T.);
#6372 = IFCFACE((#6371));
#6373 = IFCPOLYLOOP((#6126, #6374, #6375));
#6374 = IFCCARTESIANPOINT((-1.97267761230469E-2, 2.45432605743408E-2, 1.35539352416992E-1));
#6375 = IFCCARTESIANPOINT((-2.25467662811279E-2, 3.09735145568848E-2, 1.4646955871582E-1));
#6376 = IFCFACEOUTERBOUND(#6373, .T.);
#6377 = IFCFACE((#6376));
#6378 = IFCPOLYLOOP((#6379, #6375, #6374));
#6379 = IFCCARTESIANPOINT((-2.61006412506104E-2, 3.26696128845215E-2, 1.49609039306641E-1));
#6380 = IFCFACEOUTERBOUND(#6378, .T.);
#6381 = IFCFACE((#6380));
#6382 = IFCPOLYLOOP((#6132, #6383, #6126));
#6383 = IFCCARTESIANPOINT((-1.42635307312012E-2, 2.07478885650635E-2, 1.30470581054688E-1));
#6384 = IFCFACEOUTERBOUND(#6382, .T.);
#6385 = IFCFACE((#6384));
#6386 = IFCPOLYLOOP((#6374, #6126, #6383));
#6387 = IFCFACEOUTERBOUND(#6386, .T.);
#6388 = IFCFACE((#6387));
#6389 = IFCPOLYLOOP((#6379, #6349, #6348));
#6390 = IFCFACEOUTERBOUND(#6389, .T.);
#6391 = IFCFACE((#6390));
#6392 = IFCPOLYLOOP((#6379, #6127, #6375));
#6393 = IFCFACEOUTERBOUND(#6392, .T.);
#6394 = IFCFACE((#6393));
#6395 = IFCPOLYLOOP((#6348, #6127, #6379));
#6396 = IFCFACEOUTERBOUND(#6395, .T.);
#6397 = IFCFACE((#6396));
#6398 = IFCPOLYLOOP((#6132, #6399, #6400));
#6399 = IFCCARTESIANPOINT((-1.26432284712791E-4, 2.15687370300293E-2, 1.32555725097656E-1));
#6400 = IFCCARTESIANPOINT((-6.77028846740723E-3, 1.84384384155273E-2, 1.28004806518555E-1));
#6401 = IFCFACEOUTERBOUND(#6398, .T.);
#6402 = IFCFACE((#6401));
#6403 = IFCPOLYLOOP((#6400, #6383, #6132));
#6404 = IFCFACEOUTERBOUND(#6403, .T.);
#6405 = IFCFACE((#6404));
#6406 = IFCPOLYLOOP((#6360, #6359, #6149));
#6407 = IFCFACEOUTERBOUND(#6406, .T.);
#6408 = IFCFACE((#6407));
#6409 = IFCPOLYLOOP((#6359, #6410, #6149));
#6410 = IFCCARTESIANPOINT((-3.90941467285156E-2, 6.14319114685059E-2, 2.18200347900391E-1));
#6411 = IFCFACEOUTERBOUND(#6409, .T.);
#6412 = IFCFACE((#6411));
#6413 = IFCPOLYLOOP((#6414, #6178, #6410));
#6414 = IFCCARTESIANPOINT((-4.0929386138916E-2, 6.74970169067383E-2, 2.3327473449707E-1));
#6415 = IFCFACEOUTERBOUND(#6413, .T.);
#6416 = IFCFACE((#6415));
#6417 = IFCPOLYLOOP((#6414, #6418, #6419));
#6418 = IFCCARTESIANPOINT((-4.14950065612793E-2, 6.66833801269531E-2, 2.36523803710938E-1));
#6419 = IFCCARTESIANPOINT((-4.1309497833252E-2, 6.91127319335938E-2, 2.37049087524414E-1));
#6420 = IFCFACEOUTERBOUND(#6417, .T.);
#6421 = IFCFACE((#6420));
#6422 = IFCPOLYLOOP((#6423, #6424, #6425));
#6423 = IFCCARTESIANPOINT((-4.36914978027344E-2, 7.78691482543945E-2, 2.58529815673828E-1));
#6424 = IFCCARTESIANPOINT((-4.33555679321289E-2, 7.60771026611328E-2, 2.54591979980469E-1));
#6425 = IFCCARTESIANPOINT((-4.38919067382813E-2, 7.53166809082031E-2, 2.58009918212891E-1));
#6426 = IFCFACEOUTERBOUND(#6422, .T.);
#6427 = IFCFACE((#6426));
#6428 = IFCPOLYLOOP((#6178, #6419, #6424));
#6429 = IFCFACEOUTERBOUND(#6428, .T.);
#6430 = IFCFACE((#6429));
#6431 = IFCPOLYLOOP((#6419, #6178, #6414));
#6432 = IFCFACEOUTERBOUND(#6431, .T.);
#6433 = IFCFACE((#6432));
#6434 = IFCPOLYLOOP((#6424, #6423, #6203));
#6435 = IFCFACEOUTERBOUND(#6434, .T.);
#6436 = IFCFACE((#6435));
#6437 = IFCPOLYLOOP((#6438, #6439, #6440));
#6438 = IFCCARTESIANPOINT((-4.58056793212891E-2, 8.64837799072266E-2, 2.79596252441406E-1));
#6439 = IFCCARTESIANPOINT((-4.53980865478516E-2, 8.48444976806641E-2, 2.75451599121094E-1));
#6440 = IFCCARTESIANPOINT((-4.60594367980957E-2, 8.43354187011719E-2, 2.7990185546875E-1));
#6441 = IFCFACEOUTERBOUND(#6437, .T.);
#6442 = IFCFACE((#6441));
#6443 = IFCPOLYLOOP((#6439, #6203, #6423));
#6444 = IFCFACEOUTERBOUND(#6443, .T.);
#6445 = IFCFACE((#6444));
#6446 = IFCPOLYLOOP((#6178, #6149, #6410));
#6447 = IFCFACEOUTERBOUND(#6446, .T.);
#6448 = IFCFACE((#6447));
#6449 = IFCPOLYLOOP((#6203, #6178, #6424));
#6450 = IFCFACEOUTERBOUND(#6449, .T.);
#6451 = IFCFACE((#6450));
#6452 = IFCPOLYLOOP((#6203, #6439, #6438));
#6453 = IFCFACEOUTERBOUND(#6452, .T.);
#6454 = IFCFACE((#6453));
#6455 = IFCPOLYLOOP((#6456, #6227, #6457));
#6456 = IFCCARTESIANPOINT((-4.78569831848145E-2, 9.55736236572266E-2, 3.021767578125E-1));
#6457 = IFCCARTESIANPOINT((-4.75725288391113E-2, 9.40266571044922E-2, 2.98469360351563E-1));
#6458 = IFCFACEOUTERBOUND(#6455, .T.);
#6459 = IFCFACE((#6458));
#6460 = IFCPOLYLOOP((#6438, #6457, #6227));
#6461 = IFCFACEOUTERBOUND(#6460, .T.);
#6462 = IFCFACE((#6461));
#6463 = IFCPOLYLOOP((#6464, #6228, #6227));
#6464 = IFCCARTESIANPOINT((-4.92483215332031E-2, 1.03047660827637E-1, 3.20580841064453E-1));
#6465 = IFCFACEOUTERBOUND(#6463, .T.);
#6466 = IFCFACE((#6465));
#6467 = IFCPOLYLOOP((#6438, #6227, #6203));
#6468 = IFCFACEOUTERBOUND(#6467, .T.);
#6469 = IFCFACE((#6468));
#6470 = IFCPOLYLOOP((#6399, #6136, #6471));
#6471 = IFCCARTESIANPOINT((5.01926898956299E-3, 2.70979022979736E-2, 1.39551300048828E-1));
#6472 = IFCFACEOUTERBOUND(#6470, .T.);
#6473 = IFCFACE((#6472));
#6474 = IFCPOLYLOOP((#6144, #6475, #6136));
#6475 = IFCCARTESIANPOINT((8.04063415527344E-3, 3.64648590087891E-2, 1.53382232666016E-1));
#6476 = IFCFACEOUTERBOUND(#6474, .T.);
#6477 = IFCFACE((#6476));
#6478 = IFCPOLYLOOP((#6471, #6136, #6475));
#6479 = IFCFACEOUTERBOUND(#6478, .T.);
#6480 = IFCFACE((#6479));
#6481 = IFCPOLYLOOP((#6144, #6482, #6475));
#6482 = IFCCARTESIANPOINT((1.01541175842285E-2, 4.47754287719727E-2, 1.68442352294922E-1));
#6483 = IFCFACEOUTERBOUND(#6481, .T.);
#6484 = IFCFACE((#6483));
#6485 = IFCPOLYLOOP((#6173, #6172, #6486));
#6486 = IFCCARTESIANPOINT((8.94436264038086E-3, 5.32081260681152E-2, 1.85922836303711E-1));
#6487 = IFCFACEOUTERBOUND(#6485, .T.);
#6488 = IFCFACE((#6487));
#6489 = IFCPOLYLOOP((#6173, #6482, #6144));
#6490 = IFCFACEOUTERBOUND(#6489, .T.);
#6491 = IFCFACE((#6490));
#6492 = IFCPOLYLOOP((#6399, #6132, #6136));
#6493 = IFCFACEOUTERBOUND(#6492, .T.);
#6494 = IFCFACE((#6493));
#6495 = IFCPOLYLOOP((#6486, #6482, #6173));
#6496 = IFCFACEOUTERBOUND(#6495, .T.);
#6497 = IFCFACE((#6496));
#6498 = IFCPOLYLOOP((#6499, #6500, #6501));
#6499 = IFCCARTESIANPOINT((7.68888664245605E-3, 5.99229507446289E-2, 2.06072174072266E-1));
#6500 = IFCCARTESIANPOINT((7.42360973358154E-3, 6.04959716796875E-2, 2.02540115356445E-1));
#6501 = IFCCARTESIANPOINT((6.88688373565674E-3, 6.23966598510742E-2, 2.06802261352539E-1));
#6502 = IFCFACEOUTERBOUND(#6498, .T.);
#6503 = IFCFACE((#6502));
#6504 = IFCPOLYLOOP((#6486, #6172, #6500));
#6505 = IFCFACEOUTERBOUND(#6504, .T.);
#6506 = IFCFACE((#6505));
#6507 = IFCPOLYLOOP((#6500, #6172, #6501));
#6508 = IFCFACEOUTERBOUND(#6507, .T.);
#6509 = IFCFACE((#6508));
#6510 = IFCPOLYLOOP((#6511, #6172, #6198));
#6511 = IFCCARTESIANPOINT((5.22081327438354E-3, 6.90118255615234E-2, 2.23927276611328E-1));
#6512 = IFCFACEOUTERBOUND(#6510, .T.);
#6513 = IFCFACE((#6512));
#6514 = IFCPOLYLOOP((#6515, #6511, #6198));
#6515 = IFCCARTESIANPOINT((3.42870426177979E-3, 7.48379516601563E-2, 2.39159118652344E-1));
#6516 = IFCFACEOUTERBOUND(#6514, .T.);
#6517 = IFCFACE((#6516));
#6518 = IFCPOLYLOOP((#6257, #6519, #6223));
#6519 = IFCCARTESIANPOINT((-2.98210835456848E-3, 9.29906158447266E-2, 2.85611083984375E-1));
#6520 = IFCFACEOUTERBOUND(#6518, .T.);
#6521 = IFCFACE((#6520));
#6522 = IFCPOLYLOOP((#6523, #6524, #6525));
#6523 = IFCCARTESIANPOINT((-5.79115104675293E-3, 9.95367279052734E-2, 3.08138946533203E-1));
#6524 = IFCCARTESIANPOINT((-5.75106811523438E-3, 1.00373382568359E-1, 3.043466796875E-1));
#6525 = IFCCARTESIANPOINT((-6.20991706848145E-3, 1.01573844909668E-1, 3.0707470703125E-1));
#6526 = IFCFACEOUTERBOUND(#6522, .T.);
#6527 = IFCFACE((#6526));
#6528 = IFCPOLYLOOP((#6257, #6525, #6524));
#6529 = IFCFACEOUTERBOUND(#6528, .T.);
#6530 = IFCFACE((#6529));
#6531 = IFCPOLYLOOP((#6524, #6519, #6257));
#6532 = IFCFACEOUTERBOUND(#6531, .T.);
#6533 = IFCFACE((#6532));
#6534 = IFCPOLYLOOP((#6535, #6525, #6257));
#6535 = IFCCARTESIANPOINT((-9.30171871185303E-3, 1.09512222290039E-1, 3.25922027587891E-1));
#6536 = IFCFACEOUTERBOUND(#6534, .T.);
#6537 = IFCFACE((#6536));
#6538 = IFCPOLYLOOP((#6539, #6198, #6223));
#6539 = IFCCARTESIANPOINT((6.57997369766235E-4, 8.29889526367188E-2, 2.60635406494141E-1));
#6540 = IFCFACEOUTERBOUND(#6538, .T.);
#6541 = IFCFACE((#6540));
#6542 = IFCPOLYLOOP((#6543, #6515, #6544));
#6543 = IFCCARTESIANPOINT((3.51412439346313E-3, 7.39698028564453E-2, 2.4254817199707E-1));
#6544 = IFCCARTESIANPOINT((2.75236129760742E-3, 7.67846221923828E-2, 2.43799652099609E-1));
#6545 = IFCFACEOUTERBOUND(#6542, .T.);
#6546 = IFCFACE((#6545));
#6547 = IFCPOLYLOOP((#6544, #6198, #6539));
#6548 = IFCFACEOUTERBOUND(#6547, .T.);
#6549 = IFCFACE((#6548));
#6550 = IFCPOLYLOOP((#6544, #6515, #6198));
#6551 = IFCFACEOUTERBOUND(#6550, .T.);
#6552 = IFCFACE((#6551));
#6553 = IFCPOLYLOOP((#6554, #6555, #6519));
#6554 = IFCCARTESIANPOINT((-2.49428105354309E-3, 9.07584686279297E-2, 2.86050354003906E-1));
#6555 = IFCCARTESIANPOINT((-2.54002475738525E-3, 9.18016815185547E-2, 2.82853088378906E-1));
#6556 = IFCFACEOUTERBOUND(#6553, .T.);
#6557 = IFCFACE((#6556));
#6558 = IFCPOLYLOOP((#6223, #6555, #6559));
#6559 = IFCCARTESIANPOINT((-5.54196871817112E-5, 8.49388809204102E-2, 2.64768096923828E-1));
#6560 = IFCFACEOUTERBOUND(#6558, .T.);
#6561 = IFCFACE((#6560));
#6562 = IFCPOLYLOOP((#6539, #6559, #6563));
#6563 = IFCCARTESIANPOINT((6.63399934768677E-4, 8.2140625E-2, 2.64172271728516E-1));
#6564 = IFCFACEOUTERBOUND(#6562, .T.);
#6565 = IFCFACE((#6564));
#6566 = IFCPOLYLOOP((#6559, #6539, #6223));
#6567 = IFCFACEOUTERBOUND(#6566, .T.);
#6568 = IFCFACE((#6567));
#6569 = IFCPOLYLOOP((#6223, #6519, #6555));
#6570 = IFCFACEOUTERBOUND(#6569, .T.);
#6571 = IFCFACE((#6570));
#6572 = IFCPOLYLOOP((#6172, #6511, #6501));
#6573 = IFCFACEOUTERBOUND(#6572, .T.);
#6574 = IFCFACE((#6573));
#6575 = IFCPOLYLOOP((#6457, #6576, #6456));
#6576 = IFCCARTESIANPOINT((-4.80969505310059E-2, 9.3321403503418E-2, 3.02169342041016E-1));
#6577 = IFCFACEOUTERBOUND(#6575, .T.);
#6578 = IFCFACE((#6577));
#6579 = IFCPOLYLOOP((#6261, #6228, #6464));
#6580 = IFCFACEOUTERBOUND(#6579, .T.);
#6581 = IFCFACE((#6580));
#6582 = IFCPOLYLOOP((#6464, #6583, #6584));
#6583 = IFCCARTESIANPOINT((-4.97841186523438E-2, 1.02445190429688E-1, 3.24686462402344E-1));
#6584 = IFCCARTESIANPOINT((-4.95001487731934E-2, 1.04561164855957E-1, 3.24445007324219E-1));
#6585 = IFCFACEOUTERBOUND(#6582, .T.);
#6586 = IFCFACE((#6585));
#6587 = IFCPOLYLOOP((#6588, #6589, #6590));
#6588 = IFCCARTESIANPOINT((-5.08430557250977E-2, 1.13314552307129E-1, 3.47278442382813E-1));
#6589 = IFCCARTESIANPOINT((-5.05873565673828E-2, 1.11797752380371E-1, 3.42927734375E-1));
#6590 = IFCCARTESIANPOINT((-5.11470489501953E-2, 1.11028442382813E-1, 3.46838958740234E-1));
#6591 = IFCFACEOUTERBOUND(#6587, .T.);
#6592 = IFCFACE((#6591));
#6593 = IFCPOLYLOOP((#6261, #6584, #6589));
#6594 = IFCFACEOUTERBOUND(#6593, .T.);
#6595 = IFCFACE((#6594));
#6596 = IFCPOLYLOOP((#6584, #6261, #6464));
#6597 = IFCFACEOUTERBOUND(#6596, .T.);
#6598 = IFCFACE((#6597));
#6599 = IFCPOLYLOOP((#6588, #6261, #6589));
#6600 = IFCFACEOUTERBOUND(#6599, .T.);
#6601 = IFCFACE((#6600));
#6602 = IFCPOLYLOOP((#6261, #6588, #6287));
#6603 = IFCFACEOUTERBOUND(#6602, .T.);
#6604 = IFCFACE((#6603));
#6605 = IFCPOLYLOOP((#6287, #6588, #6606));
#6606 = IFCCARTESIANPOINT((-5.11464538574219E-2, 1.20628623962402E-1, 3.65059997558594E-1));
#6607 = IFCFACEOUTERBOUND(#6605, .T.);
#6608 = IFCFACE((#6607));
#6609 = IFCPOLYLOOP((#6287, #6610, #6288));
#6610 = IFCCARTESIANPOINT((-5.10891265869141E-2, 1.25667343139648E-1, 3.78038940429688E-1));
#6611 = IFCFACEOUTERBOUND(#6609, .T.);
#6612 = IFCFACE((#6611));
#6613 = IFCPOLYLOOP((#6614, #6287, #6606));
#6614 = IFCCARTESIANPOINT((-5.13080825805664E-2, 1.22089157104492E-1, 3.69376495361328E-1));
#6615 = IFCFACEOUTERBOUND(#6613, .T.);
#6616 = IFCFACE((#6615));
#6617 = IFCPOLYLOOP((#6606, #6618, #6614));
#6618 = IFCCARTESIANPOINT((-5.18005027770996E-2, 1.19714859008789E-1, 3.69064178466797E-1));
#6619 = IFCFACEOUTERBOUND(#6617, .T.);
#6620 = IFCFACE((#6619));
#6621 = IFCPOLYLOOP((#6622, #6313, #6610));
#6622 = IFCCARTESIANPOINT((-5.08194160461426E-2, 1.29426055908203E-1, 3.88055389404297E-1));
#6623 = IFCFACEOUTERBOUND(#6621, .T.);
#6624 = IFCFACE((#6623));
#6625 = IFCPOLYLOOP((#6313, #6626, #6332));
#6626 = IFCCARTESIANPOINT((-4.91618156433105E-2, 1.38118209838867E-1, 4.13351287841797E-1));
#6627 = IFCFACEOUTERBOUND(#6625, .T.);
#6628 = IFCFACE((#6627));
#6629 = IFCPOLYLOOP((#6332, #6314, #6313));
#6630 = IFCFACEOUTERBOUND(#6629, .T.);
#6631 = IFCFACE((#6630));
#6632 = IFCPOLYLOOP((#6313, #6288, #6610));
#6633 = IFCFACEOUTERBOUND(#6632, .T.);
#6634 = IFCFACE((#6633));
#6635 = IFCPOLYLOOP((#6610, #6287, #6614));
#6636 = IFCFACEOUTERBOUND(#6635, .T.);
#6637 = IFCFACE((#6636));
#6638 = IFCPOLYLOOP((#6639, #6622, #6640));
#6639 = IFCCARTESIANPOINT((-5.07618789672852E-2, 1.30979736328125E-1, 3.92880035400391E-1));
#6640 = IFCCARTESIANPOINT((-5.15651321411133E-2, 1.28319381713867E-1, 3.91771362304688E-1));
#6641 = IFCFACEOUTERBOUND(#6638, .T.);
#6642 = IFCFACE((#6641));
#6643 = IFCPOLYLOOP((#6639, #6644, #6313));
#6644 = IFCCARTESIANPOINT((-4.94021949768066E-2, 1.36897903442383E-1, 4.09044952392578E-1));
#6645 = IFCFACEOUTERBOUND(#6643, .T.);
#6646 = IFCFACE((#6645));
#6647 = IFCPOLYLOOP((#6626, #6313, #6644));
#6648 = IFCFACEOUTERBOUND(#6647, .T.);
#6649 = IFCFACE((#6648));
#6650 = IFCPOLYLOOP((#6644, #6651, #6626));
#6651 = IFCCARTESIANPOINT((-5.04103775024414E-2, 1.36096801757813E-1, 4.1469482421875E-1));
#6652 = IFCFACEOUTERBOUND(#6650, .T.);
#6653 = IFCFACE((#6652));
#6654 = IFCPOLYLOOP((#6655, #6656, #6657));
#6655 = IFCCARTESIANPOINT((-4.71909255981445E-2, 1.44495452880859E-1, 4.37565093994141E-1));
#6656 = IFCCARTESIANPOINT((-4.74694404602051E-2, 1.434375E-1, 4.32808898925781E-1));
#6657 = IFCCARTESIANPOINT((-4.84653129577637E-2, 1.42619552612305E-1, 4.37786895751953E-1));
#6658 = IFCFACEOUTERBOUND(#6654, .T.);
#6659 = IFCFACE((#6658));
#6660 = IFCPOLYLOOP((#6332, #6661, #6656));
#6661 = IFCCARTESIANPOINT((-4.83152770996094E-2, 1.40932052612305E-1, 4.2305029296875E-1));
#6662 = IFCFACEOUTERBOUND(#6660, .T.);
#6663 = IFCFACE((#6662));
#6664 = IFCPOLYLOOP((#6661, #6332, #6626));
#6665 = IFCFACEOUTERBOUND(#6664, .T.);
#6666 = IFCFACE((#6665));
#6667 = IFCPOLYLOOP((#6340, #6655, #6668));
#6668 = IFCCARTESIANPOINT((-4.55419044494629E-2, 1.4864567565918E-1, 4.56456634521484E-1));
#6669 = IFCFACEOUTERBOUND(#6667, .T.);
#6670 = IFCFACE((#6669));
#6671 = IFCPOLYLOOP((#6332, #6655, #6340));
#6672 = IFCFACEOUTERBOUND(#6671, .T.);
#6673 = IFCFACE((#6672));
#6674 = IFCPOLYLOOP((#6675, #6340, #6668));
#6675 = IFCCARTESIANPOINT((-4.50160980224609E-2, 1.49924560546875E-1, 4.6289208984375E-1));
#6676 = IFCFACEOUTERBOUND(#6674, .T.);
#6677 = IFCFACE((#6676));
#6678 = IFCPOLYLOOP((#6656, #6655, #6332));
#6679 = IFCFACEOUTERBOUND(#6678, .T.);
#6680 = IFCFACE((#6679));
#6681 = IFCPOLYLOOP((#6668, #6682, #6675));
#6682 = IFCCARTESIANPOINT((-4.64159774780273E-2, 1.48021347045898E-1, 4.61752136230469E-1));
#6683 = IFCFACEOUTERBOUND(#6681, .T.);
#6684 = IFCFACE((#6683));
#6685 = IFCPOLYLOOP((#6686, #6687, #6688));
#6686 = IFCCARTESIANPOINT((-3.66522445678711E-2, 1.58321929931641E-1, 4.94840301513672E-1));
#6687 = IFCCARTESIANPOINT((-3.42846984863281E-2, 1.54938568115234E-1, 4.78406799316406E-1));
#6688 = IFCCARTESIANPOINT((-4.3290714263916E-2, 1.53563049316406E-1, 4.79877136230469E-1));
#6689 = IFCFACEOUTERBOUND(#6685, .T.);
#6690 = IFCFACE((#6689));
#6691 = IFCPOLYLOOP((#6688, #6692, #6686));
#6692 = IFCCARTESIANPOINT((-4.15271949768066E-2, 1.57329437255859E-1, 4.95595367431641E-1));
#6693 = IFCFACEOUTERBOUND(#6691, .T.);
#6694 = IFCFACE((#6693));
#6695 = IFCPOLYLOOP((#6688, #6687, #6341));
#6696 = IFCFACEOUTERBOUND(#6695, .T.);
#6697 = IFCFACE((#6696));
#6698 = IFCPOLYLOOP((#6341, #6340, #6688));
#6699 = IFCFACEOUTERBOUND(#6698, .T.);
#6700 = IFCFACE((#6699));
#6701 = IFCPOLYLOOP((#6340, #6675, #6688));
#6702 = IFCFACEOUTERBOUND(#6701, .T.);
#6703 = IFCFACE((#6702));
#6704 = IFCPOLYLOOP((#6622, #6639, #6313));
#6705 = IFCFACEOUTERBOUND(#6704, .T.);
#6706 = IFCFACE((#6705));
#6707 = IFCPOLYLOOP((#6309, #6708, #6280));
#6708 = IFCCARTESIANPOINT((-1.34310960769653E-2, 1.19384735107422E-1, 3.48515167236328E-1));
#6709 = IFCFACEOUTERBOUND(#6707, .T.);
#6710 = IFCFACE((#6709));
#6711 = IFCPOLYLOOP((#6712, #6713, #6714));
#6712 = IFCCARTESIANPOINT((-1.68373718261719E-2, 1.26638214111328E-1, 3.65442230224609E-1));
#6713 = IFCCARTESIANPOINT((-1.73808517456055E-2, 1.27663276672363E-1, 3.68378265380859E-1));
#6714 = IFCCARTESIANPOINT((-1.66414737701416E-2, 1.25583457946777E-1, 3.6951708984375E-1));
#6715 = IFCFACEOUTERBOUND(#6711, .T.);
#6716 = IFCFACE((#6715));
#6717 = IFCPOLYLOOP((#6713, #6712, #6309));
#6718 = IFCFACEOUTERBOUND(#6717, .T.);
#6719 = IFCFACE((#6718));
#6720 = IFCPOLYLOOP((#6309, #6328, #6713));
#6721 = IFCFACEOUTERBOUND(#6720, .T.);
#6722 = IFCFACE((#6721));
#6723 = IFCPOLYLOOP((#6328, #6724, #6725));
#6724 = IFCCARTESIANPOINT((-2.15765705108643E-2, 1.35296340942383E-1, 3.91006622314453E-1));
#6725 = IFCCARTESIANPOINT((-2.09092216491699E-2, 1.34114730834961E-1, 3.86873718261719E-1));
#6726 = IFCFACEOUTERBOUND(#6723, .T.);
#6727 = IFCFACE((#6726));
#6728 = IFCPOLYLOOP((#6328, #6725, #6713));
#6729 = IFCFACEOUTERBOUND(#6728, .T.);
#6730 = IFCFACE((#6729));
#6731 = IFCPOLYLOOP((#6725, #6724, #6732));
#6732 = IFCCARTESIANPOINT((-2.04022846221924E-2, 1.32883377075195E-1, 3.90444274902344E-1));
#6733 = IFCFACEOUTERBOUND(#6731, .T.);
#6734 = IFCFACE((#6733));
#6735 = IFCPOLYLOOP((#6736, #6328, #6324));
#6736 = IFCCARTESIANPOINT((-2.45982551574707E-2, 1.39888198852539E-1, 4.0643701171875E-1));
#6737 = IFCFACEOUTERBOUND(#6735, .T.);
#6738 = IFCFACE((#6737));
#6739 = IFCPOLYLOOP((#6535, #6740, #6741));
#6740 = IFCCARTESIANPOINT((-1.1423267364502E-2, 1.14251838684082E-1, 3.30211578369141E-1));
#6741 = IFCCARTESIANPOINT((-9.77952289581299E-3, 1.10744216918945E-1, 3.28652923583984E-1));
#6742 = IFCFACEOUTERBOUND(#6739, .T.);
#6743 = IFCFACE((#6742));
#6744 = IFCPOLYLOOP((#6741, #6745, #6535));
#6745 = IFCCARTESIANPOINT((-9.35234546661377E-3, 1.08741035461426E-1, 3.29689239501953E-1));
#6746 = IFCFACEOUTERBOUND(#6744, .T.);
#6747 = IFCFACE((#6746));
#6748 = IFCPOLYLOOP((#6740, #6535, #6257));
#6749 = IFCFACEOUTERBOUND(#6748, .T.);
#6750 = IFCFACE((#6749));
#6751 = IFCPOLYLOOP((#6752, #6740, #6280));
#6752 = IFCCARTESIANPOINT((-1.29102067947388E-2, 1.18203903198242E-1, 3.45843475341797E-1));
#6753 = IFCFACEOUTERBOUND(#6751, .T.);
#6754 = IFCFACE((#6753));
#6755 = IFCPOLYLOOP((#6752, #6741, #6740));
#6756 = IFCFACEOUTERBOUND(#6755, .T.);
#6757 = IFCFACE((#6756));
#6758 = IFCPOLYLOOP((#6708, #6759, #6752));
#6759 = IFCCARTESIANPOINT((-1.28655242919922E-2, 1.17304893493652E-1, 3.49582916259766E-1));
#6760 = IFCFACEOUTERBOUND(#6758, .T.);
#6761 = IFCFACE((#6760));
#6762 = IFCPOLYLOOP((#6752, #6280, #6708));
#6763 = IFCFACEOUTERBOUND(#6762, .T.);
#6764 = IFCFACE((#6763));
#6765 = IFCPOLYLOOP((#6708, #6309, #6712));
#6766 = IFCFACEOUTERBOUND(#6765, .T.);
#6767 = IFCFACE((#6766));
#6768 = IFCPOLYLOOP((#6740, #6257, #6280));
#6769 = IFCFACEOUTERBOUND(#6768, .T.);
#6770 = IFCFACE((#6769));
#6771 = IFCPOLYLOOP((#6772, #6333, #6341));
#6772 = IFCCARTESIANPOINT((-2.84693222045898E-2, 1.46114791870117E-1, 4.34954925537109E-1));
#6773 = IFCFACEOUTERBOUND(#6771, .T.);
#6774 = IFCFACE((#6773));
#6775 = IFCPOLYLOOP((#6687, #6776, #6341));
#6776 = IFCCARTESIANPOINT((-3.18047428131104E-2, 1.51391372680664E-1, 4.60974365234375E-1));
#6777 = IFCFACEOUTERBOUND(#6775, .T.);
#6778 = IFCFACE((#6777));
#6779 = IFCPOLYLOOP((#6692, #6780, #6686));
#6780 = IFCCARTESIANPOINT((-3.92274322509766E-2, 1.59640518188477E-1, 5.02423461914063E-1));
#6781 = IFCFACEOUTERBOUND(#6779, .T.);
#6782 = IFCFACE((#6781));
#6783 = IFCPOLYLOOP((#6333, #6784, #6785));
#6784 = IFCCARTESIANPOINT((-2.79678592681885E-2, 1.45169769287109E-1, 4.30186767578125E-1));
#6785 = IFCCARTESIANPOINT((-2.51379852294922E-2, 1.40860412597656E-1, 4.11023986816406E-1));
#6786 = IFCFACEOUTERBOUND(#6783, .T.);
#6787 = IFCFACE((#6786));
#6788 = IFCPOLYLOOP((#6724, #6328, #6736));
#6789 = IFCFACEOUTERBOUND(#6788, .T.);
#6790 = IFCFACE((#6789));
#6791 = IFCPOLYLOOP((#6785, #6792, #6736));
#6792 = IFCCARTESIANPOINT((-2.37599353790283E-2, 1.38925918579102E-1, 4.12214599609375E-1));
#6793 = IFCFACEOUTERBOUND(#6791, .T.);
#6794 = IFCFACE((#6793));
#6795 = IFCPOLYLOOP((#6736, #6324, #6785));
#6796 = IFCFACEOUTERBOUND(#6795, .T.);
#6797 = IFCFACE((#6796));
#6798 = IFCPOLYLOOP((#6799, #6800, #6776));
#6799 = IFCCARTESIANPOINT((-3.01410999298096E-2, 1.49689636230469E-1, 4.59394500732422E-1));
#6800 = IFCCARTESIANPOINT((-3.1021032333374E-2, 1.50127838134766E-1, 4.54694305419922E-1));
#6801 = IFCFACEOUTERBOUND(#6798, .T.);
#6802 = IFCFACE((#6801));
#6803 = IFCPOLYLOOP((#6333, #6772, #6784));
#6804 = IFCFACEOUTERBOUND(#6803, .T.);
#6805 = IFCFACE((#6804));
#6806 = IFCPOLYLOOP((#6784, #6772, #6807));
#6807 = IFCCARTESIANPOINT((-2.69794425964355E-2, 1.44347900390625E-1, 4.34854888916016E-1));
#6808 = IFCFACEOUTERBOUND(#6806, .T.);
#6809 = IFCFACE((#6808));
#6810 = IFCPOLYLOOP((#6772, #6341, #6800));
#6811 = IFCFACEOUTERBOUND(#6810, .T.);
#6812 = IFCFACE((#6811));
#6813 = IFCPOLYLOOP((#6800, #6341, #6776));
#6814 = IFCFACEOUTERBOUND(#6813, .T.);
#6815 = IFCFACE((#6814));
#6816 = IFCPOLYLOOP((#6785, #6324, #6333));
#6817 = IFCFACEOUTERBOUND(#6816, .T.);
#6818 = IFCFACE((#6817));
#6819 = IFCPOLYLOOP((#6227, #6456, #6464));
#6820 = IFCFACEOUTERBOUND(#6819, .T.);
#6821 = IFCFACE((#6820));
#6822 = IFCPOLYLOOP((#6126, #6375, #6127));
#6823 = IFCFACEOUTERBOUND(#6822, .T.);
#6824 = IFCFACE((#6823));
#6825 = IFCPOLYLOOP((#6132, #6126, #6125));
#6826 = IFCFACEOUTERBOUND(#6825, .T.);
#6827 = IFCFACE((#6826));
#6828 = IFCPOLYLOOP((#6127, #6348, #6149));
#6829 = IFCFACEOUTERBOUND(#6828, .T.);
#6830 = IFCFACE((#6829));
#6831 = IFCPOLYLOOP((#6125, #6127, #6148));
#6832 = IFCFACEOUTERBOUND(#6831, .T.);
#6833 = IFCFACE((#6832));
#6834 = IFCPOLYLOOP((#6131, #6125, #6153));
#6835 = IFCFACEOUTERBOUND(#6834, .T.);
#6836 = IFCFACE((#6835));
#6837 = IFCPOLYLOOP((#6144, #6140, #6164));
#6838 = IFCFACEOUTERBOUND(#6837, .T.);
#6839 = IFCFACE((#6838));
#6840 = IFCPOLYLOOP((#6173, #6144, #6168));
#6841 = IFCFACEOUTERBOUND(#6840, .T.);
#6842 = IFCFACE((#6841));
#6843 = IFCPOLYLOOP((#6148, #6149, #6178));
#6844 = IFCFACEOUTERBOUND(#6843, .T.);
#6845 = IFCFACE((#6844));
#6846 = IFCPOLYLOOP((#6153, #6148, #6177));
#6847 = IFCFACEOUTERBOUND(#6846, .T.);
#6848 = IFCFACE((#6847));
#6849 = IFCPOLYLOOP((#6157, #6153, #6182));
#6850 = IFCFACEOUTERBOUND(#6849, .T.);
#6851 = IFCFACE((#6850));
#6852 = IFCPOLYLOOP((#6164, #6157, #6186));
#6853 = IFCFACEOUTERBOUND(#6852, .T.);
#6854 = IFCFACE((#6853));
#6855 = IFCPOLYLOOP((#6168, #6164, #6190));
#6856 = IFCFACEOUTERBOUND(#6855, .T.);
#6857 = IFCFACE((#6856));
#6858 = IFCPOLYLOOP((#6172, #6168, #6194));
#6859 = IFCFACEOUTERBOUND(#6858, .T.);
#6860 = IFCFACE((#6859));
#6861 = IFCPOLYLOOP((#6177, #6178, #6203));
#6862 = IFCFACEOUTERBOUND(#6861, .T.);
#6863 = IFCFACE((#6862));
#6864 = IFCPOLYLOOP((#6182, #6177, #6202));
#6865 = IFCFACEOUTERBOUND(#6864, .T.);
#6866 = IFCFACE((#6865));
#6867 = IFCPOLYLOOP((#6186, #6182, #6207));
#6868 = IFCFACEOUTERBOUND(#6867, .T.);
#6869 = IFCFACE((#6868));
#6870 = IFCPOLYLOOP((#6190, #6186, #6211));
#6871 = IFCFACEOUTERBOUND(#6870, .T.);
#6872 = IFCFACE((#6871));
#6873 = IFCPOLYLOOP((#6194, #6190, #6215));
#6874 = IFCFACEOUTERBOUND(#6873, .T.);
#6875 = IFCFACE((#6874));
#6876 = IFCPOLYLOOP((#6198, #6194, #6219));
#6877 = IFCFACEOUTERBOUND(#6876, .T.);
#6878 = IFCFACE((#6877));
#6879 = IFCPOLYLOOP((#6215, #6211, #6245));
#6880 = IFCFACEOUTERBOUND(#6879, .T.);
#6881 = IFCFACE((#6880));
#6882 = IFCPOLYLOOP((#6219, #6215, #6249));
#6883 = IFCFACEOUTERBOUND(#6882, .T.);
#6884 = IFCFACE((#6883));
#6885 = IFCPOLYLOOP((#6223, #6219, #6253));
#6886 = IFCFACEOUTERBOUND(#6885, .T.);
#6887 = IFCFACE((#6886));
#6888 = IFCPOLYLOOP((#6249, #6245, #6272));
#6889 = IFCFACEOUTERBOUND(#6888, .T.);
#6890 = IFCFACE((#6889));
#6891 = IFCPOLYLOOP((#6253, #6249, #6276));
#6892 = IFCFACEOUTERBOUND(#6891, .T.);
#6893 = IFCFACE((#6892));
#6894 = IFCPOLYLOOP((#6280, #6276, #6305));
#6895 = IFCFACEOUTERBOUND(#6894, .T.);
#6896 = IFCFACE((#6895));
#6897 = IFCPOLYLOOP((#6309, #6305, #6324));
#6898 = IFCFACEOUTERBOUND(#6897, .T.);
#6899 = IFCFACE((#6898));
#6900 = IFCSURFACESTYLERENDERING(#6901, 0., #6902, $, $, #6903, #6904, $, .NOTDEFINED.);
#6901 = IFCCOLOURRGB('Surface color', 0., 4.98039215803146E-1, 0.);
#6902 = IFCCOLOURRGB('Diffuse color', 0., 4.98039215803146E-1, 0.);
#6903 = IFCCOLOURRGB('Reflection color', 1., 1., 1.);
#6904 = IFCCOLOURRGB('Specular color', 1., 1., 1.);
#6905 = IFCSURFACESTYLE('d194c32c_5116_40c1_a141_b5544e73a1b4', .BOTH., (#6900));
#6906 = IFCPRESENTATIONSTYLEASSIGNMENT((#6905));
#6907 = IFCSTYLEDITEM($, (#6906), $);
#6908 = IFCSTYLEDREPRESENTATION(#106, 'Body', $, (#6907));
#6909 = IFCOPENSHELL((#6915, #6919, #6924, #6927, #6932, #6935, #6940, #6943, #6948, #6952, #6956, #6959, #6963, #6966, #6970, #6973, #6977, #6980, #6985, #6988, #6992, #6996, #7000, #7003, #7007, #7010, #7014, #7017, #7021, #7024, #7028, #7031, #7035, #7039, #7043, #7046, #7050, #7053, #7057, #7060, #7064, #7067, #7071, #7074, #7078, #7082, #7086, #7089, #7093, #7096, #7100, #7103, #7107, #7110, #7114, #7117, #7121, #7125, #7128, #7132, #7135, #7139, #7142, #7146, #7149, #7153, #7156, #7160, #7164, #7168, #7171, #7175, #7178, #7182, #7185, #7189, #7192, #7196, #7200, #7204, #7207, #7211, #7214, #7218, #7221, #7225, #7229, #7233, #7236, #7239, #7243, #7247, #7250, #7254, #7259, #7263, #7267, #7271, #7274, #7279, #7283, #7287, #7290, #7293, #7296, #7299, #7302, #7305, #7309, #7314, #7317, #7322, #7325, #7329, #7333, #7336, #7340, #7343, #7349, #7352, #7355, #7359, #7362, #7367, #7371, #7375, #7378, #7382, #7385, #7388, #7391, #7395, #7399, #7403, #7408, #7411, #7414, #7418, #7422, #7426, #7430, #7433, #7438, #7441, #7445, #7448, #7452, #7456, #7460, #7464, #7467, #7470, #7474, #7478, #7483, #7486, #7490, #7495, #7498, #7502, #7505, #7509, #7513, #7517, #7520, #7523, #7527, #7533, #7536, #7540, #7546, #7549, #7552, #7555, #7558, #7562, #7567, #7570, #7574, #7579, #7582, #7585, #7589, #7592, #7596, #7600, #7603, #7607, #7612, #7617, #7620, #7623, #7626, #7630, #7634, #7639, #7643, #7646, #7649, #7652, #7657, #7660, #7664, #7667, #7671, #7676, #7680, #7683, #7687, #7693, #7697, #7700, #7705, #7708, #7712, #7715, #7718, #7721, #7724));
#6910 = IFCPOLYLOOP((#6911, #6912, #6913));
#6911 = IFCCARTESIANPOINT((6.44959259033203E-3, -3.24402618408203E-2, 1.85517974853516E-1));
#6912 = IFCCARTESIANPOINT((4.86835765838623E-3, -2.42094535827637E-2, 1.68978042602539E-1));
#6913 = IFCCARTESIANPOINT((1.04520692825317E-2, -2.20636596679688E-2, 1.69352951049805E-1));
#6914 = IFCFACEOUTERBOUND(#6910, .T.);
#6915 = IFCFACE((#6914));
#6916 = IFCPOLYLOOP((#6913, #6917, #6911));
#6917 = IFCCARTESIANPOINT((1.18802633285522E-2, -2.98932323455811E-2, 1.86264358520508E-1));
#6918 = IFCFACEOUTERBOUND(#6916, .T.);
#6919 = IFCFACE((#6918));
#6920 = IFCPOLYLOOP((#6921, #6922, #6912));
#6921 = IFCCARTESIANPOINT((4.89976614713669E-4, -3.49087753295898E-2, 1.84789276123047E-1));
#6922 = IFCCARTESIANPOINT((-1.15830039978027E-3, -2.64899806976318E-2, 1.68458053588867E-1));
#6923 = IFCFACEOUTERBOUND(#6920, .T.);
#6924 = IFCFACE((#6923));
#6925 = IFCPOLYLOOP((#6912, #6911, #6921));
#6926 = IFCFACEOUTERBOUND(#6925, .T.);
#6927 = IFCFACE((#6926));
#6928 = IFCPOLYLOOP((#6929, #6930, #6922));
#6929 = IFCCARTESIANPOINT((-5.57681322097778E-3, -3.71022758483887E-2, 1.84153030395508E-1));
#6930 = IFCCARTESIANPOINT((-7.19693756103516E-3, -2.87447776794434E-2, 1.67828872680664E-1));
#6931 = IFCFACEOUTERBOUND(#6928, .T.);
#6932 = IFCFACE((#6931));
#6933 = IFCPOLYLOOP((#6922, #6921, #6929));
#6934 = IFCFACEOUTERBOUND(#6933, .T.);
#6935 = IFCFACE((#6934));
#6936 = IFCPOLYLOOP((#6937, #6938, #6930));
#6937 = IFCCARTESIANPOINT((-1.15077486038208E-2, -3.89137191772461E-2, 1.83658126831055E-1));
#6938 = IFCCARTESIANPOINT((-1.3002124786377E-2, -3.08853511810303E-2, 1.67115905761719E-1));
#6939 = IFCFACEOUTERBOUND(#6936, .T.);
#6940 = IFCFACE((#6939));
#6941 = IFCPOLYLOOP((#6930, #6929, #6937));
#6942 = IFCFACEOUTERBOUND(#6941, .T.);
#6943 = IFCFACE((#6942));
#6944 = IFCPOLYLOOP((#6945, #6917, #6946));
#6945 = IFCCARTESIANPOINT((1.31646556854248E-2, -3.7401065826416E-2, 2.02941772460938E-1));
#6946 = IFCCARTESIANPOINT((1.66550464630127E-2, -2.73484725952148E-2, 1.86989883422852E-1));
#6947 = IFCFACEOUTERBOUND(#6944, .T.);
#6948 = IFCFACE((#6947));
#6949 = IFCPOLYLOOP((#6946, #6950, #6945));
#6950 = IFCCARTESIANPOINT((1.77082824707031E-2, -3.42376708984375E-2, 2.04040023803711E-1));
#6951 = IFCFACEOUTERBOUND(#6949, .T.);
#6952 = IFCFACE((#6951));
#6953 = IFCPOLYLOOP((#6954, #6911, #6917));
#6954 = IFCCARTESIANPOINT((7.90195941925049E-3, -4.03762817382813E-2, 2.01930938720703E-1));
#6955 = IFCFACEOUTERBOUND(#6953, .T.);
#6956 = IFCFACE((#6955));
#6957 = IFCPOLYLOOP((#6917, #6945, #6954));
#6958 = IFCFACEOUTERBOUND(#6957, .T.);
#6959 = IFCFACE((#6958));
#6960 = IFCPOLYLOOP((#6961, #6921, #6911));
#6961 = IFCCARTESIANPOINT((2.03369665145874E-3, -4.30518112182617E-2, 2.01066024780273E-1));
#6962 = IFCFACEOUTERBOUND(#6960, .T.);
#6963 = IFCFACE((#6962));
#6964 = IFCPOLYLOOP((#6911, #6954, #6961));
#6965 = IFCFACEOUTERBOUND(#6964, .T.);
#6966 = IFCFACE((#6965));
#6967 = IFCPOLYLOOP((#6968, #6929, #6921));
#6968 = IFCCARTESIANPOINT((-4.03494644165039E-3, -4.51949157714844E-2, 2.00446060180664E-1));
#6969 = IFCFACEOUTERBOUND(#6967, .T.);
#6970 = IFCFACE((#6969));
#6971 = IFCPOLYLOOP((#6921, #6961, #6968));
#6972 = IFCFACEOUTERBOUND(#6971, .T.);
#6973 = IFCFACE((#6972));
#6974 = IFCPOLYLOOP((#6975, #6937, #6929));
#6975 = IFCCARTESIANPOINT((-1.00704441070557E-2, -4.66808547973633E-2, 2.00132843017578E-1));
#6976 = IFCFACEOUTERBOUND(#6974, .T.);
#6977 = IFCFACE((#6976));
#6978 = IFCPOLYLOOP((#6929, #6968, #6975));
#6979 = IFCFACEOUTERBOUND(#6978, .T.);
#6980 = IFCFACE((#6979));
#6981 = IFCPOLYLOOP((#6982, #6983, #6937));
#6982 = IFCCARTESIANPOINT((-1.58392696380615E-2, -4.73848838806152E-2, 2.00188140869141E-1));
#6983 = IFCCARTESIANPOINT((-1.70598011016846E-2, -4.02360687255859E-2, 1.83353424072266E-1));
#6984 = IFCFACEOUTERBOUND(#6981, .T.);
#6985 = IFCFACE((#6984));
#6986 = IFCPOLYLOOP((#6937, #6975, #6982));
#6987 = IFCFACEOUTERBOUND(#6986, .T.);
#6988 = IFCFACE((#6987));
#6989 = IFCPOLYLOOP((#6990, #6945, #6950));
#6990 = IFCCARTESIANPOINT((1.42575721740723E-2, -4.4420581817627E-2, 2.19512145996094E-1));
#6991 = IFCFACEOUTERBOUND(#6989, .T.);
#6992 = IFCFACE((#6991));
#6993 = IFCPOLYLOOP((#6950, #6994, #6990));
#6994 = IFCCARTESIANPOINT((1.85927982330322E-2, -4.06710586547852E-2, 2.20860961914063E-1));
#6995 = IFCFACEOUTERBOUND(#6993, .T.);
#6996 = IFCFACE((#6995));
#6997 = IFCPOLYLOOP((#6998, #6954, #6945));
#6998 = IFCCARTESIANPOINT((9.15558624267578E-3, -4.78010597229004E-2, 2.18335632324219E-1));
#6999 = IFCFACEOUTERBOUND(#6997, .T.);
#7000 = IFCFACE((#6999));
#7001 = IFCPOLYLOOP((#6945, #6990, #6998));
#7002 = IFCFACEOUTERBOUND(#7001, .T.);
#7003 = IFCFACE((#7002));
#7004 = IFCPOLYLOOP((#7005, #6961, #6954));
#7005 = IFCCARTESIANPOINT((3.38488245010376E-3, -5.06749801635742E-2, 2.17399490356445E-1));
#7006 = IFCFACEOUTERBOUND(#7004, .T.);
#7007 = IFCFACE((#7006));
#7008 = IFCPOLYLOOP((#6954, #6998, #7005));
#7009 = IFCFACEOUTERBOUND(#7008, .T.);
#7010 = IFCFACE((#7009));
#7011 = IFCPOLYLOOP((#7012, #6968, #6961));
#7012 = IFCCARTESIANPOINT((-2.66895723342896E-3, -5.27785530090332E-2, 2.16813369750977E-1));
#7013 = IFCFACEOUTERBOUND(#7011, .T.);
#7014 = IFCFACE((#7013));
#7015 = IFCPOLYLOOP((#6961, #7005, #7012));
#7016 = IFCFACEOUTERBOUND(#7015, .T.);
#7017 = IFCFACE((#7016));
#7018 = IFCPOLYLOOP((#7019, #6975, #6968));
#7019 = IFCCARTESIANPOINT((-8.78544902801514E-3, -5.3973560333252E-2, 2.16642333984375E-1));
#7020 = IFCFACEOUTERBOUND(#7018, .T.);
#7021 = IFCFACE((#7020));
#7022 = IFCPOLYLOOP((#6968, #7012, #7019));
#7023 = IFCFACEOUTERBOUND(#7022, .T.);
#7024 = IFCFACE((#7023));
#7025 = IFCPOLYLOOP((#7026, #6982, #6975));
#7026 = IFCCARTESIANPOINT((-1.47441101074219E-2, -5.41217880249023E-2, 2.16951431274414E-1));
#7027 = IFCFACEOUTERBOUND(#7025, .T.);
#7028 = IFCFACE((#7027));
#7029 = IFCPOLYLOOP((#6975, #7019, #7026));
#7030 = IFCFACEOUTERBOUND(#7029, .T.);
#7031 = IFCFACE((#7030));
#7032 = IFCPOLYLOOP((#7033, #6990, #6994));
#7033 = IFCCARTESIANPOINT((1.51417055130005E-2, -5.09580535888672E-2, 2.36424362182617E-1));
#7034 = IFCFACEOUTERBOUND(#7032, .T.);
#7035 = IFCFACE((#7034));
#7036 = IFCPOLYLOOP((#6994, #7037, #7033));
#7037 = IFCCARTESIANPOINT((1.93062076568604E-2, -4.66999282836914E-2, 2.37915771484375E-1));
#7038 = IFCFACEOUTERBOUND(#7036, .T.);
#7039 = IFCFACE((#7038));
#7040 = IFCPOLYLOOP((#7041, #6998, #6990));
#7041 = IFCCARTESIANPOINT((1.01782722473145E-2, -5.46878318786621E-2, 2.3516845703125E-1));
#7042 = IFCFACEOUTERBOUND(#7040, .T.);
#7043 = IFCFACE((#7042));
#7044 = IFCPOLYLOOP((#6990, #7033, #7041));
#7045 = IFCFACEOUTERBOUND(#7044, .T.);
#7046 = IFCFACE((#7045));
#7047 = IFCPOLYLOOP((#7048, #7005, #6998));
#7048 = IFCCARTESIANPOINT((4.49879121780396E-3, -5.77334289550781E-2, 2.34216201782227E-1));
#7049 = IFCFACEOUTERBOUND(#7047, .T.);
#7050 = IFCFACE((#7049));
#7051 = IFCPOLYLOOP((#6998, #7041, #7048));
#7052 = IFCFACEOUTERBOUND(#7051, .T.);
#7053 = IFCFACE((#7052));
#7054 = IFCPOLYLOOP((#7055, #7012, #7005));
#7055 = IFCCARTESIANPOINT((-1.53067362308502E-3, -5.98088684082031E-2, 2.33675903320313E-1));
#7056 = IFCFACEOUTERBOUND(#7054, .T.);
#7057 = IFCFACE((#7056));
#7058 = IFCPOLYLOOP((#7005, #7048, #7055));
#7059 = IFCFACEOUTERBOUND(#7058, .T.);
#7060 = IFCFACE((#7059));
#7061 = IFCPOLYLOOP((#7062, #7019, #7012));
#7062 = IFCCARTESIANPOINT((-7.70365333557129E-3, -6.07689323425293E-2, 2.33607391357422E-1));
#7063 = IFCFACEOUTERBOUND(#7061, .T.);
#7064 = IFCFACE((#7063));
#7065 = IFCPOLYLOOP((#7012, #7055, #7062));
#7066 = IFCFACEOUTERBOUND(#7065, .T.);
#7067 = IFCFACE((#7066));
#7068 = IFCPOLYLOOP((#7069, #7026, #7019));
#7069 = IFCCARTESIANPOINT((-1.38136796951294E-2, -6.04684066772461E-2, 2.34070434570313E-1));
#7070 = IFCFACEOUTERBOUND(#7068, .T.);
#7071 = IFCFACE((#7070));
#7072 = IFCPOLYLOOP((#7019, #7062, #7069));
#7073 = IFCFACEOUTERBOUND(#7072, .T.);
#7074 = IFCFACE((#7073));
#7075 = IFCPOLYLOOP((#7076, #7033, #7037));
#7076 = IFCCARTESIANPOINT((1.57761640548706E-2, -5.68113441467285E-2, 2.53497177124023E-1));
#7077 = IFCFACEOUTERBOUND(#7075, .T.);
#7078 = IFCFACE((#7077));
#7079 = IFCPOLYLOOP((#7037, #7080, #7076));
#7080 = IFCCARTESIANPOINT((1.9825231552124E-2, -5.21762542724609E-2, 2.55034606933594E-1));
#7081 = IFCFACEOUTERBOUND(#7079, .T.);
#7082 = IFCFACE((#7081));
#7083 = IFCPOLYLOOP((#7084, #7041, #7033));
#7084 = IFCCARTESIANPOINT((1.09128246307373E-2, -6.07964134216309E-2, 2.52236190795898E-1));
#7085 = IFCFACEOUTERBOUND(#7083, .T.);
#7086 = IFCFACE((#7085));
#7087 = IFCPOLYLOOP((#7033, #7076, #7084));
#7088 = IFCFACEOUTERBOUND(#7087, .T.);
#7089 = IFCFACE((#7088));
#7090 = IFCPOLYLOOP((#7091, #7048, #7041));
#7091 = IFCCARTESIANPOINT((5.30556058883667E-3, -6.39677619934082E-2, 2.51311859130859E-1));
#7092 = IFCFACEOUTERBOUND(#7090, .T.);
#7093 = IFCFACE((#7092));
#7094 = IFCPOLYLOOP((#7041, #7084, #7091));
#7095 = IFCFACEOUTERBOUND(#7094, .T.);
#7096 = IFCFACE((#7095));
#7097 = IFCPOLYLOOP((#7098, #7055, #7048));
#7098 = IFCCARTESIANPOINT((-6.95950984954834E-4, -6.60294494628906E-2, 2.50821258544922E-1));
#7099 = IFCFACEOUTERBOUND(#7097, .T.);
#7100 = IFCFACE((#7099));
#7101 = IFCPOLYLOOP((#7048, #7091, #7098));
#7102 = IFCFACEOUTERBOUND(#7101, .T.);
#7103 = IFCFACE((#7102));
#7104 = IFCPOLYLOOP((#7105, #7062, #7055));
#7105 = IFCCARTESIANPOINT((-6.89778518676758E-3, -6.68374328613281E-2, 2.5081201171875E-1));
#7106 = IFCFACEOUTERBOUND(#7104, .T.);
#7107 = IFCFACE((#7106));
#7108 = IFCPOLYLOOP((#7055, #7098, #7105));
#7109 = IFCFACEOUTERBOUND(#7108, .T.);
#7110 = IFCFACE((#7109));
#7111 = IFCPOLYLOOP((#7112, #7069, #7062));
#7112 = IFCCARTESIANPOINT((-1.31060171127319E-2, -6.62476806640625E-2, 2.51331802368164E-1));
#7113 = IFCFACEOUTERBOUND(#7111, .T.);
#7114 = IFCFACE((#7113));
#7115 = IFCPOLYLOOP((#7062, #7105, #7112));
#7116 = IFCFACEOUTERBOUND(#7115, .T.);
#7117 = IFCFACE((#7116));
#7118 = IFCPOLYLOOP((#7119, #7076, #7080));
#7119 = IFCCARTESIANPOINT((1.61561965942383E-2, -6.19420280456543E-2, 2.70766571044922E-1));
#7120 = IFCFACEOUTERBOUND(#7118, .T.);
#7121 = IFCFACE((#7120));
#7122 = IFCPOLYLOOP((#7123, #7084, #7076));
#7123 = IFCCARTESIANPOINT((1.13461198806763E-2, -6.6068603515625E-2, 2.69554718017578E-1));
#7124 = IFCFACEOUTERBOUND(#7122, .T.);
#7125 = IFCFACE((#7124));
#7126 = IFCPOLYLOOP((#7076, #7119, #7123));
#7127 = IFCFACEOUTERBOUND(#7126, .T.);
#7128 = IFCFACE((#7127));
#7129 = IFCPOLYLOOP((#7130, #7091, #7084));
#7130 = IFCCARTESIANPOINT((5.78506326675415E-3, -6.93109664916992E-2, 2.68686370849609E-1));
#7131 = IFCFACEOUTERBOUND(#7129, .T.);
#7132 = IFCFACE((#7131));
#7133 = IFCPOLYLOOP((#7084, #7123, #7130));
#7134 = IFCFACEOUTERBOUND(#7133, .T.);
#7135 = IFCFACE((#7134));
#7136 = IFCPOLYLOOP((#7137, #7098, #7091));
#7137 = IFCCARTESIANPOINT((-1.88740611076355E-4, -7.13765640258789E-2, 2.68240478515625E-1));
#7138 = IFCFACEOUTERBOUND(#7136, .T.);
#7139 = IFCFACE((#7138));
#7140 = IFCPOLYLOOP((#7091, #7130, #7137));
#7141 = IFCFACEOUTERBOUND(#7140, .T.);
#7142 = IFCFACE((#7141));
#7143 = IFCPOLYLOOP((#7144, #7105, #7098));
#7144 = IFCCARTESIANPOINT((-6.39093208312988E-3, -7.21310195922852E-2, 2.68248016357422E-1));
#7145 = IFCFACEOUTERBOUND(#7143, .T.);
#7146 = IFCFACE((#7145));
#7147 = IFCPOLYLOOP((#7098, #7137, #7144));
#7148 = IFCFACEOUTERBOUND(#7147, .T.);
#7149 = IFCFACE((#7148));
#7150 = IFCPOLYLOOP((#7151, #7112, #7105));
#7151 = IFCCARTESIANPOINT((-1.26371517181396E-2, -7.14399490356445E-2, 2.68739929199219E-1));
#7152 = IFCFACEOUTERBOUND(#7150, .T.);
#7153 = IFCFACE((#7152));
#7154 = IFCPOLYLOOP((#7105, #7144, #7151));
#7155 = IFCFACEOUTERBOUND(#7154, .T.);
#7156 = IFCFACE((#7155));
#7157 = IFCPOLYLOOP((#7158, #7123, #7119));
#7158 = IFCCARTESIANPOINT((1.14906358718872E-2, -7.05346221923828E-2, 2.87171051025391E-1));
#7159 = IFCFACEOUTERBOUND(#7157, .T.);
#7160 = IFCFACE((#7159));
#7161 = IFCPOLYLOOP((#7119, #7162, #7158));
#7162 = IFCCARTESIANPOINT((1.62968158721924E-2, -6.63871307373047E-2, 2.88303955078125E-1));
#7163 = IFCFACEOUTERBOUND(#7161, .T.);
#7164 = IFCFACE((#7163));
#7165 = IFCPOLYLOOP((#7166, #7130, #7123));
#7166 = IFCCARTESIANPOINT((5.94736194610596E-3, -7.37922515869141E-2, 2.86367889404297E-1));
#7167 = IFCFACEOUTERBOUND(#7165, .T.);
#7168 = IFCFACE((#7167));
#7169 = IFCPOLYLOOP((#7123, #7158, #7166));
#7170 = IFCFACEOUTERBOUND(#7169, .T.);
#7171 = IFCFACE((#7170));
#7172 = IFCPOLYLOOP((#7173, #7137, #7130));
#7173 = IFCCARTESIANPOINT((-5.21656416822225E-7, -7.58836975097656E-2, 2.85952209472656E-1));
#7174 = IFCFACEOUTERBOUND(#7172, .T.);
#7175 = IFCFACE((#7174));
#7176 = IFCPOLYLOOP((#7130, #7166, #7173));
#7177 = IFCFACEOUTERBOUND(#7176, .T.);
#7178 = IFCFACE((#7177));
#7179 = IFCPOLYLOOP((#7180, #7144, #7137));
#7180 = IFCCARTESIANPOINT((-6.17456817626953E-3, -7.66918411254883E-2, 2.85936614990234E-1));
#7181 = IFCFACEOUTERBOUND(#7179, .T.);
#7182 = IFCFACE((#7181));
#7183 = IFCPOLYLOOP((#7137, #7173, #7180));
#7184 = IFCFACEOUTERBOUND(#7183, .T.);
#7185 = IFCFACE((#7184));
#7186 = IFCPOLYLOOP((#7187, #7151, #7144));
#7187 = IFCCARTESIANPOINT((-1.23963317871094E-2, -7.60995559692383E-2, 2.86333709716797E-1));
#7188 = IFCFACEOUTERBOUND(#7186, .T.);
#7189 = IFCFACE((#7188));
#7190 = IFCPOLYLOOP((#7144, #7180, #7187));
#7191 = IFCFACEOUTERBOUND(#7190, .T.);
#7192 = IFCFACE((#7191));
#7193 = IFCPOLYLOOP((#7194, #7158, #7162));
#7194 = IFCCARTESIANPOINT((1.13808994293213E-2, -7.42908477783203E-2, 3.05111968994141E-1));
#7195 = IFCFACEOUTERBOUND(#7193, .T.);
#7196 = IFCFACE((#7195));
#7197 = IFCPOLYLOOP((#7162, #7198, #7194));
#7198 = IFCCARTESIANPOINT((1.62297229766846E-2, -7.02380828857422E-2, 3.06164459228516E-1));
#7199 = IFCFACEOUTERBOUND(#7197, .T.);
#7200 = IFCFACE((#7199));
#7201 = IFCPOLYLOOP((#7202, #7166, #7158));
#7202 = IFCCARTESIANPOINT((5.82885456085205E-3, -7.75142211914063E-2, 3.04361602783203E-1));
#7203 = IFCFACEOUTERBOUND(#7201, .T.);
#7204 = IFCFACE((#7203));
#7205 = IFCPOLYLOOP((#7158, #7194, #7202));
#7206 = IFCFACEOUTERBOUND(#7205, .T.);
#7207 = IFCFACE((#7206));
#7208 = IFCPOLYLOOP((#7209, #7173, #7166));
#7209 = IFCCARTESIANPOINT((-9.42173823714256E-5, -7.96588287353516E-2, 3.03951293945313E-1));
#7210 = IFCFACEOUTERBOUND(#7208, .T.);
#7211 = IFCFACE((#7210));
#7212 = IFCPOLYLOOP((#7166, #7202, #7209));
#7213 = IFCFACEOUTERBOUND(#7212, .T.);
#7214 = IFCFACE((#7213));
#7215 = IFCPOLYLOOP((#7216, #7180, #7173));
#7216 = IFCCARTESIANPOINT((-6.21225357055664E-3, -8.06303634643555E-2, 3.03876800537109E-1));
#7217 = IFCFACEOUTERBOUND(#7215, .T.);
#7218 = IFCFACE((#7217));
#7219 = IFCPOLYLOOP((#7173, #7209, #7216));
#7220 = IFCFACEOUTERBOUND(#7219, .T.);
#7221 = IFCFACE((#7220));
#7222 = IFCPOLYLOOP((#7223, #7202, #7194));
#7223 = IFCCARTESIANPOINT((5.49227619171143E-3, -8.06529083251953E-2, 3.22649749755859E-1));
#7224 = IFCFACEOUTERBOUND(#7222, .T.);
#7225 = IFCFACE((#7224));
#7226 = IFCPOLYLOOP((#7194, #7227, #7223));
#7227 = IFCCARTESIANPOINT((1.10734882354736E-2, -7.74998474121094E-2, 3.23383972167969E-1));
#7228 = IFCFACEOUTERBOUND(#7226, .T.);
#7229 = IFCFACE((#7228));
#7230 = IFCPOLYLOOP((#7231, #7209, #7202));
#7231 = IFCCARTESIANPOINT((-4.04195040464401E-4, -8.28844146728516E-2, 3.22208679199219E-1));
#7232 = IFCFACEOUTERBOUND(#7230, .T.);
#7233 = IFCFACE((#7232));
#7234 = IFCPOLYLOOP((#7202, #7223, #7231));
#7235 = IFCFACEOUTERBOUND(#7234, .T.);
#7236 = IFCFACE((#7235));
#7237 = IFCPOLYLOOP((#7216, #7209, #7231));
#7238 = IFCFACEOUTERBOUND(#7237, .T.);
#7239 = IFCFACE((#7238));
#7240 = IFCPOLYLOOP((#7241, #7223, #7227));
#7241 = IFCCARTESIANPOINT((5.02669858932495E-3, -8.34577331542969E-2, 3.41191619873047E-1));
#7242 = IFCFACEOUTERBOUND(#7240, .T.);
#7243 = IFCFACE((#7242));
#7244 = IFCPOLYLOOP((#7245, #7231, #7223));
#7245 = IFCCARTESIANPOINT((-8.36265921592712E-4, -8.58174133300781E-2, 3.40671600341797E-1));
#7246 = IFCFACEOUTERBOUND(#7244, .T.);
#7247 = IFCFACE((#7246));
#7248 = IFCPOLYLOOP((#7223, #7241, #7245));
#7249 = IFCFACEOUTERBOUND(#7248, .T.);
#7250 = IFCFACE((#7249));
#7251 = IFCPOLYLOOP((#7245, #7241, #7252));
#7252 = IFCCARTESIANPOINT((4.57038497924805E-3, -8.61020278930664E-2, 3.589560546875E-1));
#7253 = IFCFACEOUTERBOUND(#7251, .T.);
#7254 = IFCFACE((#7253));
#7255 = IFCPOLYLOOP((#7256, #6946, #7257));
#7256 = IFCCARTESIANPOINT((1.91905746459961E-2, -2.27499446868896E-2, 1.79949066162109E-1));
#7257 = IFCCARTESIANPOINT((1.57567710876465E-2, -2.02899188995361E-2, 1.70273300170898E-1));
#7258 = IFCFACEOUTERBOUND(#7255, .T.);
#7259 = IFCFACE((#7258));
#7260 = IFCPOLYLOOP((#7261, #7256, #7257));
#7261 = IFCCARTESIANPOINT((1.93681354522705E-2, -2.22623767852783E-2, 1.78998428344727E-1));
#7262 = IFCFACEOUTERBOUND(#7260, .T.);
#7263 = IFCFACE((#7262));
#7264 = IFCPOLYLOOP((#6946, #7256, #7265));
#7265 = IFCCARTESIANPOINT((2.02020320892334E-2, -2.57616863250732E-2, 1.89052871704102E-1));
#7266 = IFCFACEOUTERBOUND(#7264, .T.);
#7267 = IFCFACE((#7266));
#7268 = IFCPOLYLOOP((#7269, #6946, #7265));
#7269 = IFCCARTESIANPOINT((2.01963787078857E-2, -2.63309345245361E-2, 1.90461807250977E-1));
#7270 = IFCFACEOUTERBOUND(#7268, .T.);
#7271 = IFCFACE((#7270));
#7272 = IFCPOLYLOOP((#7269, #6950, #6946));
#7273 = IFCFACEOUTERBOUND(#7272, .T.);
#7274 = IFCFACE((#7273));
#7275 = IFCPOLYLOOP((#7276, #6912, #7277));
#7276 = IFCCARTESIANPOINT((5.98069858551025E-3, -1.70787010192871E-2, 1.56190231323242E-1));
#7277 = IFCCARTESIANPOINT((-9.83803868293762E-4, -1.79432029724121E-2, 1.52994140625E-1));
#7278 = IFCFACEOUTERBOUND(#7275, .T.);
#7279 = IFCFACE((#7278));
#7280 = IFCPOLYLOOP((#7277, #6922, #7281));
#7281 = IFCCARTESIANPOINT((-4.57604455947876E-3, -1.98269348144531E-2, 1.53752593994141E-1));
#7282 = IFCFACEOUTERBOUND(#7280, .T.);
#7283 = IFCFACE((#7282));
#7284 = IFCPOLYLOOP((#6913, #7276, #7285));
#7285 = IFCCARTESIANPOINT((1.08391370773315E-2, -1.75731372833252E-2, 1.6048811340332E-1));
#7286 = IFCFACEOUTERBOUND(#7284, .T.);
#7287 = IFCFACE((#7286));
#7288 = IFCPOLYLOOP((#6917, #6913, #6946));
#7289 = IFCFACEOUTERBOUND(#7288, .T.);
#7290 = IFCFACE((#7289));
#7291 = IFCPOLYLOOP((#7257, #6913, #7285));
#7292 = IFCFACEOUTERBOUND(#7291, .T.);
#7293 = IFCFACE((#7292));
#7294 = IFCPOLYLOOP((#7277, #6912, #6922));
#7295 = IFCFACEOUTERBOUND(#7294, .T.);
#7296 = IFCFACE((#7295));
#7297 = IFCPOLYLOOP((#7276, #6913, #6912));
#7298 = IFCFACEOUTERBOUND(#7297, .T.);
#7299 = IFCFACE((#7298));
#7300 = IFCPOLYLOOP((#6913, #7257, #6946));
#7301 = IFCFACEOUTERBOUND(#7300, .T.);
#7302 = IFCFACE((#7301));
#7303 = IFCPOLYLOOP((#6930, #7281, #6922));
#7304 = IFCFACEOUTERBOUND(#7303, .T.);
#7305 = IFCFACE((#7304));
#7306 = IFCPOLYLOOP((#7307, #6950, #7269));
#7307 = IFCCARTESIANPOINT((2.08939113616943E-2, -2.95542125701904E-2, 2.00108337402344E-1));
#7308 = IFCFACEOUTERBOUND(#7306, .T.);
#7309 = IFCFACE((#7308));
#7310 = IFCPOLYLOOP((#7311, #6950, #7312));
#7311 = IFCCARTESIANPOINT((2.1420955657959E-2, -3.37534141540527E-2, 2.12348495483398E-1));
#7312 = IFCCARTESIANPOINT((2.08893222808838E-2, -3.02084693908691E-2, 2.01750091552734E-1));
#7313 = IFCFACEOUTERBOUND(#7310, .T.);
#7314 = IFCFACE((#7313));
#7315 = IFCPOLYLOOP((#7307, #7312, #6950));
#7316 = IFCFACEOUTERBOUND(#7315, .T.);
#7317 = IFCFACE((#7316));
#7318 = IFCPOLYLOOP((#6994, #7319, #7320));
#7319 = IFCCARTESIANPOINT((2.13494033813477E-2, -3.42393569946289E-2, 2.13359436035156E-1));
#7320 = IFCCARTESIANPOINT((2.16538429260254E-2, -3.7188663482666E-2, 2.22098114013672E-1));
#7321 = IFCFACEOUTERBOUND(#7318, .T.);
#7322 = IFCFACE((#7321));
#7323 = IFCPOLYLOOP((#7319, #6950, #7311));
#7324 = IFCFACEOUTERBOUND(#7323, .T.);
#7325 = IFCFACE((#7324));
#7326 = IFCPOLYLOOP((#7320, #7327, #6994));
#7327 = IFCCARTESIANPOINT((2.16385288238525E-2, -3.77961006164551E-2, 2.23629547119141E-1));
#7328 = IFCFACEOUTERBOUND(#7326, .T.);
#7329 = IFCFACE((#7328));
#7330 = IFCPOLYLOOP((#7037, #6994, #7331));
#7331 = IFCCARTESIANPOINT((2.18385143280029E-2, -4.17290954589844E-2, 2.34980880737305E-1));
#7332 = IFCFACEOUTERBOUND(#7330, .T.);
#7333 = IFCFACE((#7332));
#7334 = IFCPOLYLOOP((#6994, #6950, #7319));
#7335 = IFCFACEOUTERBOUND(#7334, .T.);
#7336 = IFCFACE((#7335));
#7337 = IFCPOLYLOOP((#7037, #7331, #7338));
#7338 = IFCCARTESIANPOINT((2.18128051757813E-2, -4.23734397888184E-2, 2.36616714477539E-1));
#7339 = IFCFACEOUTERBOUND(#7337, .T.);
#7340 = IFCFACE((#7339));
#7341 = IFCPOLYLOOP((#7331, #6994, #7327));
#7342 = IFCFACEOUTERBOUND(#7341, .T.);
#7343 = IFCFACE((#7342));
#7344 = IFCPOLYLOOP((#7345, #7346, #7347));
#7345 = IFCCARTESIANPOINT((2.17239112854004E-2, -4.73022270202637E-2, 2.50035339355469E-1));
#7346 = IFCCARTESIANPOINT((2.17667446136475E-2, -4.66471710205078E-2, 2.48364334106445E-1));
#7347 = IFCCARTESIANPOINT((2.19580593109131E-2, -4.66683158874512E-2, 2.49459106445313E-1));
#7348 = IFCFACEOUTERBOUND(#7344, .T.);
#7349 = IFCFACE((#7348));
#7350 = IFCPOLYLOOP((#7080, #7037, #7345));
#7351 = IFCFACEOUTERBOUND(#7350, .T.);
#7352 = IFCFACE((#7351));
#7353 = IFCPOLYLOOP((#7346, #7345, #7037));
#7354 = IFCFACEOUTERBOUND(#7353, .T.);
#7355 = IFCFACE((#7354));
#7356 = IFCPOLYLOOP((#7345, #7357, #7080));
#7357 = IFCCARTESIANPOINT((2.15307922363281E-2, -5.14069519042969E-2, 2.6134912109375E-1));
#7358 = IFCFACEOUTERBOUND(#7356, .T.);
#7359 = IFCFACE((#7358));
#7360 = IFCPOLYLOOP((#7338, #7346, #7037));
#7361 = IFCFACEOUTERBOUND(#7360, .T.);
#7362 = IFCFACE((#7361));
#7363 = IFCPOLYLOOP((#6938, #7364, #7365));
#7364 = IFCCARTESIANPOINT((-1.46485528945923E-2, -2.87707614898682E-2, 1.615986328125E-1));
#7365 = IFCCARTESIANPOINT((-1.26669073104858E-2, -2.56129550933838E-2, 1.57434936523438E-1));
#7366 = IFCFACEOUTERBOUND(#7363, .T.);
#7367 = IFCFACE((#7366));
#7368 = IFCPOLYLOOP((#7364, #6938, #7369));
#7369 = IFCCARTESIANPOINT((-1.66483459472656E-2, -3.18107643127441E-2, 1.65778305053711E-1));
#7370 = IFCFACEOUTERBOUND(#7368, .T.);
#7371 = IFCFACE((#7370));
#7372 = IFCPOLYLOOP((#7373, #6930, #7365));
#7373 = IFCCARTESIANPOINT((-8.08288955688477E-3, -2.17796154022217E-2, 1.54449096679688E-1));
#7374 = IFCFACEOUTERBOUND(#7372, .T.);
#7375 = IFCFACE((#7374));
#7376 = IFCPOLYLOOP((#7365, #6930, #6938));
#7377 = IFCFACEOUTERBOUND(#7376, .T.);
#7378 = IFCFACE((#7377));
#7379 = IFCPOLYLOOP((#7380, #6983, #6982));
#7380 = IFCCARTESIANPOINT((-2.00423393249512E-2, -4.49502334594727E-2, 1.9410986328125E-1));
#7381 = IFCFACEOUTERBOUND(#7379, .T.);
#7382 = IFCFACE((#7381));
#7383 = IFCPOLYLOOP((#6937, #6983, #7369));
#7384 = IFCFACEOUTERBOUND(#7383, .T.);
#7385 = IFCFACE((#7384));
#7386 = IFCPOLYLOOP((#6938, #6937, #7369));
#7387 = IFCFACEOUTERBOUND(#7386, .T.);
#7388 = IFCFACE((#7387));
#7389 = IFCPOLYLOOP((#6930, #7373, #7281));
#7390 = IFCFACEOUTERBOUND(#7389, .T.);
#7391 = IFCFACE((#7390));
#7392 = IFCPOLYLOOP((#7393, #7369, #6983));
#7393 = IFCCARTESIANPOINT((-1.94776782989502E-2, -3.68905258178711E-2, 1.74390869140625E-1));
#7394 = IFCFACEOUTERBOUND(#7392, .T.);
#7395 = IFCFACE((#7394));
#7396 = IFCPOLYLOOP((#7369, #7393, #7397));
#7397 = IFCCARTESIANPOINT((-2.00658073425293E-2, -3.6827091217041E-2, 1.73828735351563E-1));
#7398 = IFCFACEOUTERBOUND(#7396, .T.);
#7399 = IFCFACE((#7398));
#7400 = IFCPOLYLOOP((#7393, #6983, #7401));
#7401 = IFCCARTESIANPOINT((-1.9950626373291E-2, -4.0692985534668E-2, 1.83196212768555E-1));
#7402 = IFCFACEOUTERBOUND(#7400, .T.);
#7403 = IFCFACE((#7402));
#7404 = IFCPOLYLOOP((#7401, #7405, #7406));
#7405 = IFCCARTESIANPOINT((-1.9832706451416E-2, -4.12492218017578E-2, 1.84613784790039E-1));
#7406 = IFCCARTESIANPOINT((-2.04414157867432E-2, -4.11198310852051E-2, 1.84104309082031E-1));
#7407 = IFCFACEOUTERBOUND(#7404, .T.);
#7408 = IFCFACE((#7407));
#7409 = IFCPOLYLOOP((#6983, #7380, #7405));
#7410 = IFCFACEOUTERBOUND(#7409, .T.);
#7411 = IFCFACE((#7410));
#7412 = IFCPOLYLOOP((#7401, #6983, #7405));
#7413 = IFCFACEOUTERBOUND(#7412, .T.);
#7414 = IFCFACE((#7413));
#7415 = IFCPOLYLOOP((#6982, #7416, #7380));
#7416 = IFCCARTESIANPOINT((-1.99863395690918E-2, -4.5573486328125E-2, 1.9577180480957E-1));
#7417 = IFCFACEOUTERBOUND(#7415, .T.);
#7418 = IFCFACE((#7417));
#7419 = IFCPOLYLOOP((#7420, #7416, #6982));
#7420 = IFCCARTESIANPOINT((-2.05294742584229E-2, -4.9445369720459E-2, 2.06941635131836E-1));
#7421 = IFCFACEOUTERBOUND(#7419, .T.);
#7422 = IFCFACE((#7421));
#7423 = IFCPOLYLOOP((#7026, #7424, #7420));
#7424 = IFCCARTESIANPOINT((-1.99221019744873E-2, -5.26925163269043E-2, 2.16143783569336E-1));
#7425 = IFCFACEOUTERBOUND(#7423, .T.);
#7426 = IFCFACE((#7425));
#7427 = IFCPOLYLOOP((#7069, #7428, #7026));
#7428 = IFCCARTESIANPOINT((-1.94929676055908E-2, -5.70099411010742E-2, 2.29138885498047E-1));
#7429 = IFCFACEOUTERBOUND(#7427, .T.);
#7430 = IFCFACE((#7429));
#7431 = IFCPOLYLOOP((#7026, #7420, #6982));
#7432 = IFCFACEOUTERBOUND(#7431, .T.);
#7433 = IFCFACE((#7432));
#7434 = IFCPOLYLOOP((#7435, #7112, #7436));
#7435 = IFCCARTESIANPOINT((-1.77572994232178E-2, -6.58324737548828E-2, 2.55857162475586E-1));
#7436 = IFCCARTESIANPOINT((-1.80779590606689E-2, -6.60632781982422E-2, 2.57246520996094E-1));
#7437 = IFCFACEOUTERBOUND(#7434, .T.);
#7438 = IFCFACE((#7437));
#7439 = IFCPOLYLOOP((#7112, #7151, #7436));
#7440 = IFCFACEOUTERBOUND(#7439, .T.);
#7441 = IFCFACE((#7440));
#7442 = IFCPOLYLOOP((#7112, #7435, #7443));
#7443 = IFCCARTESIANPOINT((-1.85240745544434E-2, -6.21074752807617E-2, 2.44399673461914E-1));
#7444 = IFCFACEOUTERBOUND(#7442, .T.);
#7445 = IFCFACE((#7444));
#7446 = IFCPOLYLOOP((#7069, #7112, #7443));
#7447 = IFCFACEOUTERBOUND(#7446, .T.);
#7448 = IFCFACE((#7447));
#7449 = IFCPOLYLOOP((#7450, #7069, #7443));
#7450 = IFCCARTESIANPOINT((-1.86809349060059E-2, -6.15229644775391E-2, 2.42697219848633E-1));
#7451 = IFCFACEOUTERBOUND(#7449, .T.);
#7452 = IFCFACE((#7451));
#7453 = IFCPOLYLOOP((#7454, #7424, #7026));
#7454 = IFCCARTESIANPOINT((-2.03084392547607E-2, -5.29226341247559E-2, 2.17280654907227E-1));
#7455 = IFCFACEOUTERBOUND(#7453, .T.);
#7456 = IFCFACE((#7455));
#7457 = IFCPOLYLOOP((#7458, #7428, #7069));
#7458 = IFCCARTESIANPOINT((-1.98244132995605E-2, -5.72366905212402E-2, 2.30376083374023E-1));
#7459 = IFCFACEOUTERBOUND(#7457, .T.);
#7460 = IFCFACE((#7459));
#7461 = IFCPOLYLOOP((#7462, #7450, #7443));
#7462 = IFCCARTESIANPOINT((-1.90235271453857E-2, -6.16509971618652E-2, 2.43724426269531E-1));
#7463 = IFCFACEOUTERBOUND(#7461, .T.);
#7464 = IFCFACE((#7463));
#7465 = IFCPOLYLOOP((#7026, #7428, #7454));
#7466 = IFCFACEOUTERBOUND(#7465, .T.);
#7467 = IFCFACE((#7466));
#7468 = IFCPOLYLOOP((#7458, #7069, #7450));
#7469 = IFCFACEOUTERBOUND(#7468, .T.);
#7470 = IFCFACE((#7469));
#7471 = IFCPOLYLOOP((#7119, #7080, #7472));
#7472 = IFCCARTESIANPOINT((2.09505958557129E-2, -5.64031524658203E-2, 2.74462371826172E-1));
#7473 = IFCFACEOUTERBOUND(#7471, .T.);
#7474 = IFCFACE((#7473));
#7475 = IFCPOLYLOOP((#7080, #7476, #7472));
#7476 = IFCCARTESIANPOINT((2.14608345031738E-2, -5.20605964660645E-2, 2.63008636474609E-1));
#7477 = IFCFACEOUTERBOUND(#7475, .T.);
#7478 = IFCFACE((#7477));
#7479 = IFCPOLYLOOP((#7119, #7480, #7481));
#7480 = IFCCARTESIANPOINT((2.08390445709229E-2, -5.70644149780273E-2, 2.76127410888672E-1));
#7481 = IFCCARTESIANPOINT((2.00558090209961E-2, -6.11168327331543E-2, 2.86626556396484E-1));
#7482 = IFCFACEOUTERBOUND(#7479, .T.);
#7483 = IFCFACE((#7482));
#7484 = IFCPOLYLOOP((#7480, #7119, #7472));
#7485 = IFCFACEOUTERBOUND(#7484, .T.);
#7486 = IFCFACE((#7485));
#7487 = IFCPOLYLOOP((#7162, #7481, #7488));
#7488 = IFCCARTESIANPOINT((1.99020652770996E-2, -6.17563323974609E-2, 2.88261474609375E-1));
#7489 = IFCFACEOUTERBOUND(#7487, .T.);
#7490 = IFCFACE((#7489));
#7491 = IFCPOLYLOOP((#7162, #7492, #7493));
#7492 = IFCCARTESIANPOINT((1.9345422744751E-2, -6.38124198913574E-2, 2.93490661621094E-1));
#7493 = IFCCARTESIANPOINT((1.87234916687012E-2, -6.58311309814453E-2, 2.98754272460938E-1));
#7494 = IFCFACEOUTERBOUND(#7491, .T.);
#7495 = IFCFACE((#7494));
#7496 = IFCPOLYLOOP((#7162, #7119, #7481));
#7497 = IFCFACEOUTERBOUND(#7496, .T.);
#7498 = IFCFACE((#7497));
#7499 = IFCPOLYLOOP((#7162, #7493, #7500));
#7500 = IFCCARTESIANPOINT((1.85279178619385E-2, -6.64361114501953E-2, 3.00402526855469E-1));
#7501 = IFCFACEOUTERBOUND(#7499, .T.);
#7502 = IFCFACE((#7501));
#7503 = IFCPOLYLOOP((#7492, #7162, #7488));
#7504 = IFCFACEOUTERBOUND(#7503, .T.);
#7505 = IFCFACE((#7504));
#7506 = IFCPOLYLOOP((#7493, #7507, #7500));
#7507 = IFCCARTESIANPOINT((1.89954299926758E-2, -6.57941589355469E-2, 3.002490234375E-1));
#7508 = IFCFACEOUTERBOUND(#7506, .T.);
#7509 = IFCFACE((#7508));
#7510 = IFCPOLYLOOP((#7511, #7194, #7198));
#7511 = IFCCARTESIANPOINT((1.66718978881836E-2, -7.11185913085938E-2, 3.13442504882813E-1));
#7512 = IFCFACEOUTERBOUND(#7510, .T.);
#7513 = IFCFACE((#7512));
#7514 = IFCPOLYLOOP((#7500, #7515, #7198));
#7515 = IFCCARTESIANPOINT((1.6907693862915E-2, -7.05624618530273E-2, 3.11746124267578E-1));
#7516 = IFCFACEOUTERBOUND(#7514, .T.);
#7517 = IFCFACE((#7516));
#7518 = IFCPOLYLOOP((#7515, #7511, #7198));
#7519 = IFCFACEOUTERBOUND(#7518, .T.);
#7520 = IFCFACE((#7519));
#7521 = IFCPOLYLOOP((#7500, #7198, #7162));
#7522 = IFCFACEOUTERBOUND(#7521, .T.);
#7523 = IFCFACE((#7522));
#7524 = IFCPOLYLOOP((#7515, #7525, #7511));
#7525 = IFCCARTESIANPOINT((1.73197631835938E-2, -7.03662338256836E-2, 3.13124938964844E-1));
#7526 = IFCFACEOUTERBOUND(#7524, .T.);
#7527 = IFCFACE((#7526));
#7528 = IFCPOLYLOOP((#7529, #7530, #7531));
#7529 = IFCCARTESIANPOINT((1.42769403457642E-2, -7.55239639282227E-2, 3.26550079345703E-1));
#7530 = IFCCARTESIANPOINT((1.46390171051025E-2, -7.49522171020508E-2, 3.24845092773438E-1));
#7531 = IFCCARTESIANPOINT((1.52581834793091E-2, -7.46750183105469E-2, 3.26569671630859E-1));
#7532 = IFCFACEOUTERBOUND(#7528, .T.);
#7533 = IFCFACE((#7532));
#7534 = IFCPOLYLOOP((#7227, #7194, #7530));
#7535 = IFCFACEOUTERBOUND(#7534, .T.);
#7536 = IFCFACE((#7535));
#7537 = IFCPOLYLOOP((#7227, #7529, #7538));
#7538 = IFCCARTESIANPOINT((1.31853637695313E-2, -7.72453231811523E-2, 3.32235076904297E-1));
#7539 = IFCFACEOUTERBOUND(#7537, .T.);
#7540 = IFCFACE((#7539));
#7541 = IFCPOLYLOOP((#7542, #7543, #7544));
#7542 = IFCCARTESIANPOINT((1.16440277099609E-2, -7.95585174560547E-2, 3.40746551513672E-1));
#7543 = IFCCARTESIANPOINT((1.20790100097656E-2, -7.88731384277344E-2, 3.37972534179688E-1));
#7544 = IFCCARTESIANPOINT((1.2747989654541E-2, -7.86953277587891E-2, 3.40150299072266E-1));
#7545 = IFCFACEOUTERBOUND(#7541, .T.);
#7546 = IFCFACE((#7545));
#7547 = IFCPOLYLOOP((#7227, #7543, #7542));
#7548 = IFCFACEOUTERBOUND(#7547, .T.);
#7549 = IFCFACE((#7548));
#7550 = IFCPOLYLOOP((#7227, #7538, #7543));
#7551 = IFCFACEOUTERBOUND(#7550, .T.);
#7552 = IFCFACE((#7551));
#7553 = IFCPOLYLOOP((#7529, #7227, #7530));
#7554 = IFCFACEOUTERBOUND(#7553, .T.);
#7555 = IFCFACE((#7554));
#7556 = IFCPOLYLOOP((#7227, #7542, #7241));
#7557 = IFCFACEOUTERBOUND(#7556, .T.);
#7558 = IFCFACE((#7557));
#7559 = IFCPOLYLOOP((#7560, #7241, #7542));
#7560 = IFCCARTESIANPOINT((1.05228128433228E-2, -8.10547485351563E-2, 3.46309600830078E-1));
#7561 = IFCFACEOUTERBOUND(#7559, .T.);
#7562 = IFCFACE((#7561));
#7563 = IFCPOLYLOOP((#7564, #7241, #7565));
#7564 = IFCCARTESIANPOINT((8.66443157196045E-3, -8.34172668457031E-2, 3.55442138671875E-1));
#7565 = IFCCARTESIANPOINT((9.38803100585938E-3, -8.25093383789063E-2, 3.51898254394531E-1));
#7566 = IFCFACEOUTERBOUND(#7563, .T.);
#7567 = IFCFACE((#7566));
#7568 = IFCPOLYLOOP((#7560, #7565, #7241));
#7569 = IFCFACEOUTERBOUND(#7568, .T.);
#7570 = IFCFACE((#7569));
#7571 = IFCPOLYLOOP((#7565, #7572, #7564));
#7572 = IFCCARTESIANPOINT((9.98472499847412E-3, -8.24450836181641E-2, 3.54084197998047E-1));
#7573 = IFCFACEOUTERBOUND(#7571, .T.);
#7574 = IFCFACE((#7573));
#7575 = IFCPOLYLOOP((#7576, #7252, #7577));
#7576 = IFCCARTESIANPOINT((5.21046590805054E-3, -8.7449836730957E-2, 3.70184539794922E-1));
#7577 = IFCCARTESIANPOINT((6.39648675918579E-3, -8.60713806152344E-2, 3.65285278320313E-1));
#7578 = IFCFACEOUTERBOUND(#7575, .T.);
#7579 = IFCFACE((#7578));
#7580 = IFCPOLYLOOP((#7564, #7577, #7252));
#7581 = IFCFACEOUTERBOUND(#7580, .T.);
#7582 = IFCFACE((#7581));
#7583 = IFCPOLYLOOP((#7241, #7564, #7252));
#7584 = IFCFACEOUTERBOUND(#7583, .T.);
#7585 = IFCFACE((#7584));
#7586 = IFCPOLYLOOP((#7587, #7252, #7576));
#7587 = IFCCARTESIANPOINT((4.58474016189575E-3, -8.81695556640625E-2, 3.72615386962891E-1));
#7588 = IFCFACEOUTERBOUND(#7586, .T.);
#7589 = IFCFACE((#7588));
#7590 = IFCPOLYLOOP((#7511, #7530, #7194));
#7591 = IFCFACEOUTERBOUND(#7590, .T.);
#7592 = IFCFACE((#7591));
#7593 = IFCPOLYLOOP((#7594, #7187, #7180));
#7594 = IFCCARTESIANPOINT((-1.25466899871826E-2, -7.83787536621094E-2, 2.95879425048828E-1));
#7595 = IFCFACEOUTERBOUND(#7593, .T.);
#7596 = IFCFACE((#7595));
#7597 = IFCPOLYLOOP((#7598, #7151, #7187));
#7598 = IFCCARTESIANPOINT((-1.4837721824646E-2, -7.4181999206543E-2, 2.81662384033203E-1));
#7599 = IFCFACEOUTERBOUND(#7597, .T.);
#7600 = IFCFACE((#7599));
#7601 = IFCPOLYLOOP((#7216, #7594, #7180));
#7602 = IFCFACEOUTERBOUND(#7601, .T.);
#7603 = IFCFACE((#7602));
#7604 = IFCPOLYLOOP((#7231, #7605, #7216));
#7605 = IFCCARTESIANPOINT((-7.64323282241821E-3, -8.44652328491211E-2, 3.23205230712891E-1));
#7606 = IFCFACEOUTERBOUND(#7604, .T.);
#7607 = IFCFACE((#7606));
#7608 = IFCPOLYLOOP((#7216, #7609, #7610));
#7609 = IFCCARTESIANPOINT((-8.01976871490479E-3, -8.41546401977539E-2, 3.21396057128906E-1));
#7610 = IFCCARTESIANPOINT((-1.02191066741943E-2, -8.17543334960938E-2, 3.09430328369141E-1));
#7611 = IFCFACEOUTERBOUND(#7608, .T.);
#7612 = IFCFACE((#7611));
#7613 = IFCPOLYLOOP((#7614, #7615, #7610));
#7614 = IFCCARTESIANPOINT((-1.1241039276123E-2, -8.15463943481445E-2, 3.08875305175781E-1));
#7615 = IFCCARTESIANPOINT((-1.04802350997925E-2, -8.13588638305664E-2, 3.07672607421875E-1));
#7616 = IFCFACEOUTERBOUND(#7613, .T.);
#7617 = IFCFACE((#7616));
#7618 = IFCPOLYLOOP((#7610, #7615, #7216));
#7619 = IFCFACEOUTERBOUND(#7618, .T.);
#7620 = IFCFACE((#7619));
#7621 = IFCPOLYLOOP((#7615, #7594, #7216));
#7622 = IFCFACEOUTERBOUND(#7621, .T.);
#7623 = IFCFACE((#7622));
#7624 = IFCPOLYLOOP((#7605, #7609, #7216));
#7625 = IFCFACEOUTERBOUND(#7624, .T.);
#7626 = IFCFACE((#7625));
#7627 = IFCPOLYLOOP((#7151, #7598, #7628));
#7628 = IFCCARTESIANPOINT((-1.67162551879883E-2, -7.04582290649414E-2, 2.70597320556641E-1));
#7629 = IFCFACEOUTERBOUND(#7627, .T.);
#7630 = IFCFACE((#7629));
#7631 = IFCPOLYLOOP((#7151, #7628, #7632));
#7632 = IFCCARTESIANPOINT((-1.6423131942749E-2, -7.02143020629883E-2, 2.69210632324219E-1));
#7633 = IFCFACEOUTERBOUND(#7631, .T.);
#7634 = IFCFACE((#7633));
#7635 = IFCPOLYLOOP((#7636, #7637, #7594));
#7636 = IFCCARTESIANPOINT((-1.33703355789185E-2, -7.81049957275391E-2, 2.95544189453125E-1));
#7637 = IFCCARTESIANPOINT((-1.28145723342896E-2, -7.79125366210938E-2, 2.94177612304688E-1));
#7638 = IFCFACEOUTERBOUND(#7635, .T.);
#7639 = IFCFACE((#7638));
#7640 = IFCPOLYLOOP((#7641, #7187, #7637));
#7641 = IFCCARTESIANPOINT((-1.52268590927124E-2, -7.43856964111328E-2, 2.83004608154297E-1));
#7642 = IFCFACEOUTERBOUND(#7640, .T.);
#7643 = IFCFACE((#7642));
#7644 = IFCPOLYLOOP((#7641, #7598, #7187));
#7645 = IFCFACEOUTERBOUND(#7644, .T.);
#7646 = IFCFACE((#7645));
#7647 = IFCPOLYLOOP((#7637, #7187, #7594));
#7648 = IFCFACEOUTERBOUND(#7647, .T.);
#7649 = IFCFACE((#7648));
#7650 = IFCPOLYLOOP((#7151, #7632, #7436));
#7651 = IFCFACEOUTERBOUND(#7650, .T.);
#7652 = IFCFACE((#7651));
#7653 = IFCPOLYLOOP((#7654, #7252, #7655));
#7654 = IFCCARTESIANPOINT((-1.69747567176819E-3, -8.97338638305664E-2, 3.63953002929688E-1));
#7655 = IFCCARTESIANPOINT((-8.77233803272247E-4, -9.02659301757813E-2, 3.6917626953125E-1));
#7656 = IFCFACEOUTERBOUND(#7653, .T.);
#7657 = IFCFACE((#7656));
#7658 = IFCPOLYLOOP((#7655, #7252, #7587));
#7659 = IFCFACEOUTERBOUND(#7658, .T.);
#7660 = IFCFACE((#7659));
#7661 = IFCPOLYLOOP((#7654, #7662, #7252));
#7662 = IFCCARTESIANPOINT((-2.49136519432068E-3, -8.91938858032227E-2, 3.58749328613281E-1));
#7663 = IFCFACEOUTERBOUND(#7661, .T.);
#7664 = IFCFACE((#7663));
#7665 = IFCPOLYLOOP((#7245, #7252, #7662));
#7666 = IFCFACEOUTERBOUND(#7665, .T.);
#7667 = IFCFACE((#7666));
#7668 = IFCPOLYLOOP((#7587, #7669, #7655));
#7669 = IFCCARTESIANPOINT((5.69428224116564E-6, -9.07856521606445E-2, 3.74420196533203E-1));
#7670 = IFCFACEOUTERBOUND(#7668, .T.);
#7671 = IFCFACE((#7670));
#7672 = IFCPOLYLOOP((#7669, #7673, #7674));
#7673 = IFCCARTESIANPOINT((2.91433215141296E-3, -8.9736946105957E-2, 3.76703369140625E-1));
#7674 = IFCCARTESIANPOINT((9.29351389408112E-4, -9.06915893554688E-2, 3.76390441894531E-1));
#7675 = IFCFACEOUTERBOUND(#7672, .T.);
#7676 = IFCFACE((#7675));
#7677 = IFCPOLYLOOP((#7678, #7674, #7673));
#7678 = IFCCARTESIANPOINT((1.888627409935E-3, -9.05703506469727E-2, 3.7836767578125E-1));
#7679 = IFCFACEOUTERBOUND(#7677, .T.);
#7680 = IFCFACE((#7679));
#7681 = IFCPOLYLOOP((#7669, #7587, #7673));
#7682 = IFCFACEOUTERBOUND(#7681, .T.);
#7683 = IFCFACE((#7682));
#7684 = IFCPOLYLOOP((#7587, #7685, #7673));
#7685 = IFCCARTESIANPOINT((3.94207906723022E-3, -8.89116058349609E-2, 3.75038208007813E-1));
#7686 = IFCFACEOUTERBOUND(#7684, .T.);
#7687 = IFCFACE((#7686));
#7688 = IFCPOLYLOOP((#7689, #7690, #7691));
#7689 = IFCCARTESIANPOINT((-5.4127368927002E-3, -8.6733642578125E-2, 3.3810205078125E-1));
#7690 = IFCCARTESIANPOINT((-6.8533034324646E-3, -8.68647155761719E-2, 3.37109375E-1));
#7691 = IFCCARTESIANPOINT((-5.69811391830444E-3, -8.63103637695313E-2, 3.35224884033203E-1));
#7692 = IFCFACEOUTERBOUND(#7688, .T.);
#7693 = IFCFACE((#7692));
#7694 = IFCPOLYLOOP((#7609, #7605, #7695));
#7695 = IFCCARTESIANPOINT((-9.10509586334229E-3, -8.44964599609375E-2, 3.22858093261719E-1));
#7696 = IFCFACEOUTERBOUND(#7694, .T.);
#7697 = IFCFACE((#7696));
#7698 = IFCPOLYLOOP((#7691, #7605, #7231));
#7699 = IFCFACEOUTERBOUND(#7698, .T.);
#7700 = IFCFACE((#7699));
#7701 = IFCPOLYLOOP((#7245, #7702, #7703));
#7702 = IFCCARTESIANPOINT((-3.3040189743042E-3, -8.86501998901367E-2, 3.53567321777344E-1));
#7703 = IFCCARTESIANPOINT((-3.7856113910675E-3, -8.82082672119141E-2, 3.49837615966797E-1));
#7704 = IFCFACEOUTERBOUND(#7701, .T.);
#7705 = IFCFACE((#7704));
#7706 = IFCPOLYLOOP((#7689, #7691, #7245));
#7707 = IFCFACEOUTERBOUND(#7706, .T.);
#7708 = IFCFACE((#7707));
#7709 = IFCPOLYLOOP((#7702, #7710, #7703));
#7710 = IFCCARTESIANPOINT((-4.77975034713745E-3, -8.88440704345703E-2, 3.51761444091797E-1));
#7711 = IFCFACEOUTERBOUND(#7709, .T.);
#7712 = IFCFACE((#7711));
#7713 = IFCPOLYLOOP((#7689, #7245, #7703));
#7714 = IFCFACEOUTERBOUND(#7713, .T.);
#7715 = IFCFACE((#7714));
#7716 = IFCPOLYLOOP((#7245, #7662, #7702));
#7717 = IFCFACEOUTERBOUND(#7716, .T.);
#7718 = IFCFACE((#7717));
#7719 = IFCPOLYLOOP((#7245, #7691, #7231));
#7720 = IFCFACEOUTERBOUND(#7719, .T.);
#7721 = IFCFACE((#7720));
#7722 = IFCPOLYLOOP((#7080, #7357, #7476));
#7723 = IFCFACEOUTERBOUND(#7722, .T.);
#7724 = IFCFACE((#7723));
#7725 = IFCSURFACESTYLERENDERING(#7726, 0., #7727, $, $, #7728, #7729, $, .NOTDEFINED.);
#7726 = IFCCOLOURRGB('Surface color', 0., 4.98039215803146E-1, 0.);
#7727 = IFCCOLOURRGB('Diffuse color', 0., 4.98039215803146E-1, 0.);
#7728 = IFCCOLOURRGB('Reflection color', 1., 1., 1.);
#7729 = IFCCOLOURRGB('Specular color', 1., 1., 1.);
#7730 = IFCSURFACESTYLE('d194c32c_5116_40c1_a141_b5544e73a1b4', .BOTH., (#7725));
#7731 = IFCPRESENTATIONSTYLEASSIGNMENT((#7730));
#7732 = IFCSTYLEDITEM($, (#7731), $);
#7733 = IFCSTYLEDREPRESENTATION(#106, 'Body', $, (#7732));
#7734 = IFCCLOSEDSHELL((#7740, #7744, #7748, #7753, #7757, #7761, #7765, #7768, #7772, #7777, #7780, #7784, #7790, #7794, #7799, #7802, #7807, #7810, #7814, #7818, #7822, #7825, #7829, #7832, #7836, #7840, #7844, #7847, #7851, #7854, #7858, #7862, #7866, #7869, #7873, #7876, #7880, #7884, #7888, #7891, #7895, #7898, #7902, #7906, #7910, #7913, #7917, #7920, #7924, #7928, #7932, #7935, #7939, #7942, #7946, #7950, #7954, #7957, #7961, #7964, #7968, #7972, #7976, #7979, #7983, #7986, #7990, #7994, #7998, #8001, #8005, #8008, #8012, #8016, #8020, #8023, #8027, #8030, #8034, #8038, #8042, #8045, #8049, #8052, #8056, #8060, #8064, #8067, #8071, #8074, #8078, #8082, #8086, #8089, #8093, #8096, #8100, #8104, #8108, #8111, #8115, #8118, #8121, #8124, #8127, #8130, #8133, #8136, #8141, #8146, #8150, #8153, #8156, #8159, #8163, #8166, #8170, #8174, #8177, #8181, #8185, #8188, #8193, #8198, #8202, #8205, #8208, #8212, #8215, #8218, #8221, #8224, #8227, #8230, #8233, #8236, #8239, #8242, #8245, #8248, #8251, #8254, #8257, #8260, #8263, #8266, #8270, #8274, #8279, #8283, #8286, #8289, #8294, #8297, #8300, #8303, #8308, #8311, #8315, #8319, #8322, #8327, #8331, #8334, #8337, #8340, #8343, #8346, #8349, #8352, #8355, #8358, #8361, #8364, #8367, #8370, #8373, #8376, #8379, #8382, #8385, #8388, #8391, #8394, #8398, #8402, #8405, #8409, #8412, #8415, #8419, #8424, #8428, #8431, #8435, #8439, #8442, #8445, #8448, #8452, #8455, #8459, #8463, #8466, #8469, #8472, #8477, #8480, #8484, #8487, #8491, #8494, #8497, #8500, #8503, #8506, #8510, #8514, #8518, #8521, #8524, #8528, #8531, #8535, #8539, #8543, #8546, #8549, #8552, #8556, #8560, #8564, #8568, #8571, #8574, #8577, #8582, #8585, #8588, #8591, #8595, #8598, #8601, #8604, #8610, #8615, #8619, #8624, #8627, #8631, #8635, #8640, #8644, #8647, #8651, #8654, #8660, #8664, #8670, #8673, #8677, #8680, #8685, #8688, #8692, #8695, #8700, #8703, #8707, #8710, #8715, #8718, #8722, #8725, #8730, #8733, #8737, #8740, #8745, #8748, #8752, #8755, #8760, #8763, #8767, #8770, #8775, #8778, #8782, #8785, #8790, #8793, #8797, #8800, #8805, #8808, #8812, #8815, #8820, #8823, #8827, #8830, #8835, #8838, #8842, #8845, #8850, #8853, #8857, #8860, #8865, #8868, #8872, #8875, #8879, #8882, #8885, #8888, #8891, #8894, #8897, #8900, #8903, #8906, #8909, #8912, #8915, #8918, #8921, #8924, #8927, #8930, #8933, #8936, #8939, #8942, #8945, #8948, #8951, #8954, #8957, #8960, #8963, #8966, #8969, #8972, #8975, #8978, #8981, #8984, #8987, #8990, #8993, #8996, #8999, #9002, #9005, #9008, #9011, #9014, #9017, #9020, #9023, #9026, #9029, #9032, #9035, #9038, #9041, #9044, #9047, #9050, #9054, #9057, #9060, #9063, #9066, #9069, #9072, #9075, #9078, #9081, #9084, #9087, #9090, #9093, #9096, #9099, #9102, #9105, #9108, #9111, #9114, #9117, #9120, #9123, #9126, #9129));
#7735 = IFCPOLYLOOP((#7736, #7737, #7738));
#7736 = IFCCARTESIANPOINT((-4.47952499389648E-2, 3.06915817260742E-2, -5.956070125103E-5));
#7737 = IFCCARTESIANPOINT((-5.86692047119141E-2, -3.00941791534424E-2, -5.956070125103E-5));
#7738 = IFCCARTESIANPOINT((-5.86692047119141E-2, 1.32941951751709E-2, -5.956070125103E-5));
#7739 = IFCFACEOUTERBOUND(#7735, .T.);
#7740 = IFCFACE((#7739));
#7741 = IFCPOLYLOOP((#7736, #7742, #7737));
#7742 = IFCCARTESIANPOINT((3.14276828765869E-2, 1.32941951751709E-2, -5.956070125103E-5));
#7743 = IFCFACEOUTERBOUND(#7741, .T.);
#7744 = IFCFACE((#7743));
#7745 = IFCPOLYLOOP((#7737, #7746, #7738));
#7746 = IFCCARTESIANPOINT((-6.36207618713379E-2, -8.39999198913574E-3, -5.956070125103E-5));
#7747 = IFCFACEOUTERBOUND(#7745, .T.);
#7748 = IFCFACE((#7747));
#7749 = IFCPOLYLOOP((#7737, #7750, #7751));
#7750 = IFCCARTESIANPOINT((-2.47468070983887E-2, -5.71463890075684E-2, -5.956070125103E-5));
#7751 = IFCCARTESIANPOINT((-4.47952499389648E-2, -4.74915657043457E-2, -5.956070125103E-5));
#7752 = IFCFACEOUTERBOUND(#7749, .T.);
#7753 = IFCFACE((#7752));
#7754 = IFCPOLYLOOP((#7750, #7737, #7755));
#7755 = IFCCARTESIANPOINT((-2.49471378326416E-3, -5.71463890075684E-2, -5.956070125103E-5));
#7756 = IFCFACEOUTERBOUND(#7754, .T.);
#7757 = IFCFACE((#7756));
#7758 = IFCPOLYLOOP((#7759, #7742, #7736));
#7759 = IFCCARTESIANPOINT((-2.47468070983887E-2, 4.03464050292969E-2, -5.956070125103E-5));
#7760 = IFCFACEOUTERBOUND(#7758, .T.);
#7761 = IFCFACE((#7760));
#7762 = IFCPOLYLOOP((#7759, #7763, #7742));
#7763 = IFCCARTESIANPOINT((1.75537300109863E-2, 3.06915817260742E-2, -5.956070125103E-5));
#7764 = IFCFACEOUTERBOUND(#7762, .T.);
#7765 = IFCFACE((#7764));
#7766 = IFCPOLYLOOP((#7737, #7742, #7755));
#7767 = IFCFACEOUTERBOUND(#7766, .T.);
#7768 = IFCFACE((#7767));
#7769 = IFCPOLYLOOP((#7770, #7755, #7742));
#7770 = IFCCARTESIANPOINT((1.75537300109863E-2, -4.74915657043457E-2, -5.956070125103E-5));
#7771 = IFCFACEOUTERBOUND(#7769, .T.);
#7772 = IFCFACE((#7771));
#7773 = IFCPOLYLOOP((#7770, #7774, #7775));
#7774 = IFCCARTESIANPOINT((3.63792381286621E-2, -8.39999198913574E-3, -5.956070125103E-5));
#7775 = IFCCARTESIANPOINT((3.14276828765869E-2, -3.00941791534424E-2, -5.956070125103E-5));
#7776 = IFCFACEOUTERBOUND(#7773, .T.);
#7777 = IFCFACE((#7776));
#7778 = IFCPOLYLOOP((#7770, #7742, #7774));
#7779 = IFCFACEOUTERBOUND(#7778, .T.);
#7780 = IFCFACE((#7779));
#7781 = IFCPOLYLOOP((#7763, #7759, #7782));
#7782 = IFCCARTESIANPOINT((-2.49471378326416E-3, 4.03464050292969E-2, -5.956070125103E-5));
#7783 = IFCFACEOUTERBOUND(#7781, .T.);
#7784 = IFCFACE((#7783));
#7785 = IFCPOLYLOOP((#7786, #7787, #7788));
#7786 = IFCCARTESIANPOINT((-9.91653213500977E-2, 2.70337257385254E-2, 1.05613098144531E-1));
#7787 = IFCCARTESIANPOINT((-1.06213523864746E-1, -8.39999198913574E-3, 1.05613098144531E-1));
#7788 = IFCCARTESIANPOINT((-1.09143775939941E-1, -8.39999198913574E-3, 1.43777709960938E-1));
#7789 = IFCFACEOUTERBOUND(#7785, .T.);
#7790 = IFCFACE((#7789));
#7791 = IFCPOLYLOOP((#7788, #7792, #7786));
#7792 = IFCCARTESIANPOINT((-1.01872520446777E-1, 2.81550827026367E-2, 1.43777709960938E-1));
#7793 = IFCFACEOUTERBOUND(#7791, .T.);
#7794 = IFCFACE((#7793));
#7795 = IFCPOLYLOOP((#7796, #7797, #7787));
#7796 = IFCCARTESIANPOINT((-9.11071929931641E-2, 2.36959381103516E-2, 6.8343132019043E-2));
#7797 = IFCCARTESIANPOINT((-9.74914703369141E-2, -8.39999198913574E-3, 6.8343132019043E-2));
#7798 = IFCFACEOUTERBOUND(#7795, .T.);
#7799 = IFCFACE((#7798));
#7800 = IFCPOLYLOOP((#7787, #7786, #7796));
#7801 = IFCFACEOUTERBOUND(#7800, .T.);
#7802 = IFCFACE((#7801));
#7803 = IFCPOLYLOOP((#7804, #7805, #7797));
#7804 = IFCCARTESIANPOINT((-7.78870239257813E-2, 1.82199668884277E-2, 3.28415031433105E-2));
#7805 = IFCCARTESIANPOINT((-8.31820678710938E-2, -8.39999198913574E-3, 3.28415031433105E-2));
#7806 = IFCFACEOUTERBOUND(#7803, .T.);
#7807 = IFCFACE((#7806));
#7808 = IFCPOLYLOOP((#7797, #7796, #7804));
#7809 = IFCFACEOUTERBOUND(#7808, .T.);
#7810 = IFCFACE((#7809));
#7811 = IFCPOLYLOOP((#7812, #7786, #7792));
#7812 = IFCCARTESIANPOINT((-7.90937347412109E-2, 5.70729789733887E-2, 1.05613098144531E-1));
#7813 = IFCFACEOUTERBOUND(#7811, .T.);
#7814 = IFCFACE((#7813));
#7815 = IFCPOLYLOOP((#7792, #7816, #7812));
#7816 = IFCCARTESIANPOINT((-8.11657333374023E-2, 5.91449775695801E-2, 1.43777709960938E-1));
#7817 = IFCFACEOUTERBOUND(#7815, .T.);
#7818 = IFCFACE((#7817));
#7819 = IFCPOLYLOOP((#7820, #7796, #7786));
#7820 = IFCCARTESIANPOINT((-7.29263076782227E-2, 5.09055557250977E-2, 6.8343132019043E-2));
#7821 = IFCFACEOUTERBOUND(#7819, .T.);
#7822 = IFCFACE((#7821));
#7823 = IFCPOLYLOOP((#7786, #7812, #7820));
#7824 = IFCFACEOUTERBOUND(#7823, .T.);
#7825 = IFCFACE((#7824));
#7826 = IFCPOLYLOOP((#7827, #7804, #7796));
#7827 = IFCCARTESIANPOINT((-6.2808032989502E-2, 4.0787281036377E-2, 3.28415031433105E-2));
#7828 = IFCFACEOUTERBOUND(#7826, .T.);
#7829 = IFCFACE((#7828));
#7830 = IFCPOLYLOOP((#7796, #7820, #7827));
#7831 = IFCFACEOUTERBOUND(#7830, .T.);
#7832 = IFCFACE((#7831));
#7833 = IFCPOLYLOOP((#7834, #7812, #7816));
#7834 = IFCCARTESIANPOINT((-4.90544776916504E-2, 7.71445693969727E-2, 1.05613098144531E-1));
#7835 = IFCFACEOUTERBOUND(#7833, .T.);
#7836 = IFCFACE((#7835));
#7837 = IFCPOLYLOOP((#7816, #7838, #7834));
#7838 = IFCCARTESIANPOINT((-5.01758346557617E-2, 7.98517684936523E-2, 1.43777709960938E-1));
#7839 = IFCFACEOUTERBOUND(#7837, .T.);
#7840 = IFCFACE((#7839));
#7841 = IFCPOLYLOOP((#7842, #7820, #7812));
#7842 = IFCCARTESIANPOINT((-4.57166900634766E-2, 6.90864410400391E-2, 6.8343132019043E-2));
#7843 = IFCFACEOUTERBOUND(#7841, .T.);
#7844 = IFCFACE((#7843));
#7845 = IFCPOLYLOOP((#7812, #7834, #7842));
#7846 = IFCFACEOUTERBOUND(#7845, .T.);
#7847 = IFCFACE((#7846));
#7848 = IFCPOLYLOOP((#7849, #7827, #7820));
#7849 = IFCCARTESIANPOINT((-4.02407188415527E-2, 5.58662757873535E-2, 3.28415031433105E-2));
#7850 = IFCFACEOUTERBOUND(#7848, .T.);
#7851 = IFCFACE((#7850));
#7852 = IFCPOLYLOOP((#7820, #7842, #7849));
#7853 = IFCFACEOUTERBOUND(#7852, .T.);
#7854 = IFCFACE((#7853));
#7855 = IFCPOLYLOOP((#7856, #7834, #7838));
#7856 = IFCCARTESIANPOINT((-1.36207609176636E-2, 8.41927719116211E-2, 1.05613098144531E-1));
#7857 = IFCFACEOUTERBOUND(#7855, .T.);
#7858 = IFCFACE((#7857));
#7859 = IFCPOLYLOOP((#7838, #7860, #7856));
#7860 = IFCCARTESIANPOINT((-1.36207609176636E-2, 8.71230239868164E-2, 1.43777709960938E-1));
#7861 = IFCFACEOUTERBOUND(#7859, .T.);
#7862 = IFCFACE((#7861));
#7863 = IFCPOLYLOOP((#7864, #7842, #7834));
#7864 = IFCCARTESIANPOINT((-1.36207609176636E-2, 7.54707183837891E-2, 6.8343132019043E-2));
#7865 = IFCFACEOUTERBOUND(#7863, .T.);
#7866 = IFCFACE((#7865));
#7867 = IFCPOLYLOOP((#7834, #7856, #7864));
#7868 = IFCFACEOUTERBOUND(#7867, .T.);
#7869 = IFCFACE((#7868));
#7870 = IFCPOLYLOOP((#7871, #7849, #7842));
#7871 = IFCCARTESIANPOINT((-1.36207609176636E-2, 6.11613159179688E-2, 3.28415031433105E-2));
#7872 = IFCFACEOUTERBOUND(#7870, .T.);
#7873 = IFCFACE((#7872));
#7874 = IFCPOLYLOOP((#7842, #7864, #7871));
#7875 = IFCFACEOUTERBOUND(#7874, .T.);
#7876 = IFCFACE((#7875));
#7877 = IFCPOLYLOOP((#7878, #7856, #7860));
#7878 = IFCCARTESIANPOINT((2.18129558563232E-2, 7.71445693969727E-2, 1.05613098144531E-1));
#7879 = IFCFACEOUTERBOUND(#7877, .T.);
#7880 = IFCFACE((#7879));
#7881 = IFCPOLYLOOP((#7860, #7882, #7878));
#7882 = IFCCARTESIANPOINT((2.29343147277832E-2, 7.98517684936523E-2, 1.43777709960938E-1));
#7883 = IFCFACEOUTERBOUND(#7881, .T.);
#7884 = IFCFACE((#7883));
#7885 = IFCPOLYLOOP((#7886, #7864, #7856));
#7886 = IFCCARTESIANPOINT((1.8475170135498E-2, 6.90864410400391E-2, 6.8343132019043E-2));
#7887 = IFCFACEOUTERBOUND(#7885, .T.);
#7888 = IFCFACE((#7887));
#7889 = IFCPOLYLOOP((#7856, #7878, #7886));
#7890 = IFCFACEOUTERBOUND(#7889, .T.);
#7891 = IFCFACE((#7890));
#7892 = IFCPOLYLOOP((#7893, #7871, #7864));
#7893 = IFCCARTESIANPOINT((1.29991989135742E-2, 5.58662757873535E-2, 3.28415031433105E-2));
#7894 = IFCFACEOUTERBOUND(#7892, .T.);
#7895 = IFCFACE((#7894));
#7896 = IFCPOLYLOOP((#7864, #7886, #7893));
#7897 = IFCFACEOUTERBOUND(#7896, .T.);
#7898 = IFCFACE((#7897));
#7899 = IFCPOLYLOOP((#7900, #7878, #7882));
#7900 = IFCCARTESIANPOINT((5.18522109985352E-2, 5.70729789733887E-2, 1.05613098144531E-1));
#7901 = IFCFACEOUTERBOUND(#7899, .T.);
#7902 = IFCFACE((#7901));
#7903 = IFCPOLYLOOP((#7882, #7904, #7900));
#7904 = IFCCARTESIANPOINT((5.39242095947266E-2, 5.91449775695801E-2, 1.43777709960938E-1));
#7905 = IFCFACEOUTERBOUND(#7903, .T.);
#7906 = IFCFACE((#7905));
#7907 = IFCPOLYLOOP((#7908, #7886, #7878));
#7908 = IFCCARTESIANPOINT((4.56847877502441E-2, 5.09055557250977E-2, 6.8343132019043E-2));
#7909 = IFCFACEOUTERBOUND(#7907, .T.);
#7910 = IFCFACE((#7909));
#7911 = IFCPOLYLOOP((#7878, #7900, #7908));
#7912 = IFCFACEOUTERBOUND(#7911, .T.);
#7913 = IFCFACE((#7912));
#7914 = IFCPOLYLOOP((#7915, #7893, #7886));
#7915 = IFCCARTESIANPOINT((3.55665092468262E-2, 4.0787281036377E-2, 3.28415031433105E-2));
#7916 = IFCFACEOUTERBOUND(#7914, .T.);
#7917 = IFCFACE((#7916));
#7918 = IFCPOLYLOOP((#7886, #7908, #7915));
#7919 = IFCFACEOUTERBOUND(#7918, .T.);
#7920 = IFCFACE((#7919));
#7921 = IFCPOLYLOOP((#7922, #7900, #7904));
#7922 = IFCCARTESIANPOINT((7.19237976074219E-2, 2.70337257385254E-2, 1.05613098144531E-1));
#7923 = IFCFACEOUTERBOUND(#7921, .T.);
#7924 = IFCFACE((#7923));
#7925 = IFCPOLYLOOP((#7904, #7926, #7922));
#7926 = IFCCARTESIANPOINT((7.46309967041016E-2, 2.81550827026367E-2, 1.43777709960938E-1));
#7927 = IFCFACEOUTERBOUND(#7925, .T.);
#7928 = IFCFACE((#7927));
#7929 = IFCPOLYLOOP((#7930, #7908, #7900));
#7930 = IFCCARTESIANPOINT((6.38656692504883E-2, 2.36959381103516E-2, 6.8343132019043E-2));
#7931 = IFCFACEOUTERBOUND(#7929, .T.);
#7932 = IFCFACE((#7931));
#7933 = IFCPOLYLOOP((#7900, #7922, #7930));
#7934 = IFCFACEOUTERBOUND(#7933, .T.);
#7935 = IFCFACE((#7934));
#7936 = IFCPOLYLOOP((#7937, #7915, #7908));
#7937 = IFCCARTESIANPOINT((5.06455078125E-2, 1.82199668884277E-2, 3.28415031433105E-2));
#7938 = IFCFACEOUTERBOUND(#7936, .T.);
#7939 = IFCFACE((#7938));
#7940 = IFCPOLYLOOP((#7908, #7930, #7937));
#7941 = IFCFACEOUTERBOUND(#7940, .T.);
#7942 = IFCFACE((#7941));
#7943 = IFCPOLYLOOP((#7944, #7922, #7926));
#7944 = IFCCARTESIANPOINT((7.89720077514648E-2, -8.39999198913574E-3, 1.05613098144531E-1));
#7945 = IFCFACEOUTERBOUND(#7943, .T.);
#7946 = IFCFACE((#7945));
#7947 = IFCPOLYLOOP((#7926, #7948, #7944));
#7948 = IFCCARTESIANPOINT((8.19022521972656E-2, -8.39999198913574E-3, 1.43777709960938E-1));
#7949 = IFCFACEOUTERBOUND(#7947, .T.);
#7950 = IFCFACE((#7949));
#7951 = IFCPOLYLOOP((#7952, #7930, #7922));
#7952 = IFCCARTESIANPOINT((7.02499465942383E-2, -8.39999198913574E-3, 6.8343132019043E-2));
#7953 = IFCFACEOUTERBOUND(#7951, .T.);
#7954 = IFCFACE((#7953));
#7955 = IFCPOLYLOOP((#7922, #7944, #7952));
#7956 = IFCFACEOUTERBOUND(#7955, .T.);
#7957 = IFCFACE((#7956));
#7958 = IFCPOLYLOOP((#7959, #7937, #7930));
#7959 = IFCCARTESIANPOINT((5.5940544128418E-2, -8.39999198913574E-3, 3.28415031433105E-2));
#7960 = IFCFACEOUTERBOUND(#7958, .T.);
#7961 = IFCFACE((#7960));
#7962 = IFCPOLYLOOP((#7930, #7952, #7959));
#7963 = IFCFACEOUTERBOUND(#7962, .T.);
#7964 = IFCFACE((#7963));
#7965 = IFCPOLYLOOP((#7966, #7944, #7948));
#7966 = IFCCARTESIANPOINT((7.19237976074219E-2, -4.38337097167969E-2, 1.05613098144531E-1));
#7967 = IFCFACEOUTERBOUND(#7965, .T.);
#7968 = IFCFACE((#7967));
#7969 = IFCPOLYLOOP((#7948, #7970, #7966));
#7970 = IFCCARTESIANPOINT((7.46309967041016E-2, -4.49550666809082E-2, 1.43777709960938E-1));
#7971 = IFCFACEOUTERBOUND(#7969, .T.);
#7972 = IFCFACE((#7971));
#7973 = IFCPOLYLOOP((#7974, #7952, #7944));
#7974 = IFCCARTESIANPOINT((6.38656692504883E-2, -4.0495922088623E-2, 6.8343132019043E-2));
#7975 = IFCFACEOUTERBOUND(#7973, .T.);
#7976 = IFCFACE((#7975));
#7977 = IFCPOLYLOOP((#7944, #7966, #7974));
#7978 = IFCFACEOUTERBOUND(#7977, .T.);
#7979 = IFCFACE((#7978));
#7980 = IFCPOLYLOOP((#7981, #7959, #7952));
#7981 = IFCCARTESIANPOINT((5.06455078125E-2, -3.50199508666992E-2, 3.28415031433105E-2));
#7982 = IFCFACEOUTERBOUND(#7980, .T.);
#7983 = IFCFACE((#7982));
#7984 = IFCPOLYLOOP((#7952, #7974, #7981));
#7985 = IFCFACEOUTERBOUND(#7984, .T.);
#7986 = IFCFACE((#7985));
#7987 = IFCPOLYLOOP((#7988, #7966, #7970));
#7988 = IFCCARTESIANPOINT((5.18522109985352E-2, -7.38729629516602E-2, 1.05613098144531E-1));
#7989 = IFCFACEOUTERBOUND(#7987, .T.);
#7990 = IFCFACE((#7989));
#7991 = IFCPOLYLOOP((#7970, #7992, #7988));
#7992 = IFCCARTESIANPOINT((5.39242095947266E-2, -7.59449615478516E-2, 1.43777709960938E-1));
#7993 = IFCFACEOUTERBOUND(#7991, .T.);
#7994 = IFCFACE((#7993));
#7995 = IFCPOLYLOOP((#7996, #7974, #7966));
#7996 = IFCCARTESIANPOINT((4.56847877502441E-2, -6.77055358886719E-2, 6.8343132019043E-2));
#7997 = IFCFACEOUTERBOUND(#7995, .T.);
#7998 = IFCFACE((#7997));
#7999 = IFCPOLYLOOP((#7966, #7988, #7996));
#8000 = IFCFACEOUTERBOUND(#7999, .T.);
#8001 = IFCFACE((#8000));
#8002 = IFCPOLYLOOP((#8003, #7981, #7974));
#8003 = IFCCARTESIANPOINT((3.55665092468262E-2, -5.75872650146484E-2, 3.28415031433105E-2));
#8004 = IFCFACEOUTERBOUND(#8002, .T.);
#8005 = IFCFACE((#8004));
#8006 = IFCPOLYLOOP((#7974, #7996, #8003));
#8007 = IFCFACEOUTERBOUND(#8006, .T.);
#8008 = IFCFACE((#8007));
#8009 = IFCPOLYLOOP((#8010, #7988, #7992));
#8010 = IFCCARTESIANPOINT((2.18129558563232E-2, -9.39445495605469E-2, 1.05613098144531E-1));
#8011 = IFCFACEOUTERBOUND(#8009, .T.);
#8012 = IFCFACE((#8011));
#8013 = IFCPOLYLOOP((#7992, #8014, #8010));
#8014 = IFCCARTESIANPOINT((2.29343147277832E-2, -9.66517486572266E-2, 1.43777709960938E-1));
#8015 = IFCFACEOUTERBOUND(#8013, .T.);
#8016 = IFCFACE((#8015));
#8017 = IFCPOLYLOOP((#8018, #7996, #7988));
#8018 = IFCCARTESIANPOINT((1.8475170135498E-2, -8.58864212036133E-2, 6.8343132019043E-2));
#8019 = IFCFACEOUTERBOUND(#8017, .T.);
#8020 = IFCFACE((#8019));
#8021 = IFCPOLYLOOP((#7988, #8010, #8018));
#8022 = IFCFACEOUTERBOUND(#8021, .T.);
#8023 = IFCFACE((#8022));
#8024 = IFCPOLYLOOP((#8025, #8003, #7996));
#8025 = IFCCARTESIANPOINT((1.29991989135742E-2, -7.2666259765625E-2, 3.28415031433105E-2));
#8026 = IFCFACEOUTERBOUND(#8024, .T.);
#8027 = IFCFACE((#8026));
#8028 = IFCPOLYLOOP((#7996, #8018, #8025));
#8029 = IFCFACEOUTERBOUND(#8028, .T.);
#8030 = IFCFACE((#8029));
#8031 = IFCPOLYLOOP((#8032, #8010, #8014));
#8032 = IFCCARTESIANPOINT((-1.36207609176636E-2, -1.0099275970459E-1, 1.05613098144531E-1));
#8033 = IFCFACEOUTERBOUND(#8031, .T.);
#8034 = IFCFACE((#8033));
#8035 = IFCPOLYLOOP((#8014, #8036, #8032));
#8036 = IFCCARTESIANPOINT((-1.36207609176636E-2, -1.03923004150391E-1, 1.43777709960938E-1));
#8037 = IFCFACEOUTERBOUND(#8035, .T.);
#8038 = IFCFACE((#8037));
#8039 = IFCPOLYLOOP((#8040, #8018, #8010));
#8040 = IFCCARTESIANPOINT((-1.36207609176636E-2, -9.22706985473633E-2, 6.8343132019043E-2));
#8041 = IFCFACEOUTERBOUND(#8039, .T.);
#8042 = IFCFACE((#8041));
#8043 = IFCPOLYLOOP((#8010, #8032, #8040));
#8044 = IFCFACEOUTERBOUND(#8043, .T.);
#8045 = IFCFACE((#8044));
#8046 = IFCPOLYLOOP((#8047, #8025, #8018));
#8047 = IFCCARTESIANPOINT((-1.36207609176636E-2, -7.7961296081543E-2, 3.28415031433105E-2));
#8048 = IFCFACEOUTERBOUND(#8046, .T.);
#8049 = IFCFACE((#8048));
#8050 = IFCPOLYLOOP((#8018, #8040, #8047));
#8051 = IFCFACEOUTERBOUND(#8050, .T.);
#8052 = IFCFACE((#8051));
#8053 = IFCPOLYLOOP((#8054, #8032, #8036));
#8054 = IFCCARTESIANPOINT((-4.90544776916504E-2, -9.39445495605469E-2, 1.05613098144531E-1));
#8055 = IFCFACEOUTERBOUND(#8053, .T.);
#8056 = IFCFACE((#8055));
#8057 = IFCPOLYLOOP((#8036, #8058, #8054));
#8058 = IFCCARTESIANPOINT((-5.01758346557617E-2, -9.66517486572266E-2, 1.43777709960938E-1));
#8059 = IFCFACEOUTERBOUND(#8057, .T.);
#8060 = IFCFACE((#8059));
#8061 = IFCPOLYLOOP((#8062, #8040, #8032));
#8062 = IFCCARTESIANPOINT((-4.57166900634766E-2, -8.58864212036133E-2, 6.8343132019043E-2));
#8063 = IFCFACEOUTERBOUND(#8061, .T.);
#8064 = IFCFACE((#8063));
#8065 = IFCPOLYLOOP((#8032, #8054, #8062));
#8066 = IFCFACEOUTERBOUND(#8065, .T.);
#8067 = IFCFACE((#8066));
#8068 = IFCPOLYLOOP((#8069, #8047, #8040));
#8069 = IFCCARTESIANPOINT((-4.02407188415527E-2, -7.2666259765625E-2, 3.28415031433105E-2));
#8070 = IFCFACEOUTERBOUND(#8068, .T.);
#8071 = IFCFACE((#8070));
#8072 = IFCPOLYLOOP((#8040, #8062, #8069));
#8073 = IFCFACEOUTERBOUND(#8072, .T.);
#8074 = IFCFACE((#8073));
#8075 = IFCPOLYLOOP((#8076, #8054, #8058));
#8076 = IFCCARTESIANPOINT((-7.90937347412109E-2, -7.38729629516602E-2, 1.05613098144531E-1));
#8077 = IFCFACEOUTERBOUND(#8075, .T.);
#8078 = IFCFACE((#8077));
#8079 = IFCPOLYLOOP((#8058, #8080, #8076));
#8080 = IFCCARTESIANPOINT((-8.11657333374023E-2, -7.59449615478516E-2, 1.43777709960938E-1));
#8081 = IFCFACEOUTERBOUND(#8079, .T.);
#8082 = IFCFACE((#8081));
#8083 = IFCPOLYLOOP((#8084, #8062, #8054));
#8084 = IFCCARTESIANPOINT((-7.29263076782227E-2, -6.77055358886719E-2, 6.8343132019043E-2));
#8085 = IFCFACEOUTERBOUND(#8083, .T.);
#8086 = IFCFACE((#8085));
#8087 = IFCPOLYLOOP((#8054, #8076, #8084));
#8088 = IFCFACEOUTERBOUND(#8087, .T.);
#8089 = IFCFACE((#8088));
#8090 = IFCPOLYLOOP((#8091, #8069, #8062));
#8091 = IFCCARTESIANPOINT((-6.2808032989502E-2, -5.75872650146484E-2, 3.28415031433105E-2));
#8092 = IFCFACEOUTERBOUND(#8090, .T.);
#8093 = IFCFACE((#8092));
#8094 = IFCPOLYLOOP((#8062, #8084, #8091));
#8095 = IFCFACEOUTERBOUND(#8094, .T.);
#8096 = IFCFACE((#8095));
#8097 = IFCPOLYLOOP((#8098, #8076, #8080));
#8098 = IFCCARTESIANPOINT((-9.91653213500977E-2, -4.38337097167969E-2, 1.05613098144531E-1));
#8099 = IFCFACEOUTERBOUND(#8097, .T.);
#8100 = IFCFACE((#8099));
#8101 = IFCPOLYLOOP((#8080, #8102, #8098));
#8102 = IFCCARTESIANPOINT((-1.01872520446777E-1, -4.49550666809082E-2, 1.43777709960938E-1));
#8103 = IFCFACEOUTERBOUND(#8101, .T.);
#8104 = IFCFACE((#8103));
#8105 = IFCPOLYLOOP((#8106, #8084, #8076));
#8106 = IFCCARTESIANPOINT((-9.11071929931641E-2, -4.0495922088623E-2, 6.8343132019043E-2));
#8107 = IFCFACEOUTERBOUND(#8105, .T.);
#8108 = IFCFACE((#8107));
#8109 = IFCPOLYLOOP((#8076, #8098, #8106));
#8110 = IFCFACEOUTERBOUND(#8109, .T.);
#8111 = IFCFACE((#8110));
#8112 = IFCPOLYLOOP((#8113, #8091, #8084));
#8113 = IFCCARTESIANPOINT((-7.78870239257813E-2, -3.50199508666992E-2, 3.28415031433105E-2));
#8114 = IFCFACEOUTERBOUND(#8112, .T.);
#8115 = IFCFACE((#8114));
#8116 = IFCPOLYLOOP((#8084, #8106, #8113));
#8117 = IFCFACEOUTERBOUND(#8116, .T.);
#8118 = IFCFACE((#8117));
#8119 = IFCPOLYLOOP((#7787, #8098, #8102));
#8120 = IFCFACEOUTERBOUND(#8119, .T.);
#8121 = IFCFACE((#8120));
#8122 = IFCPOLYLOOP((#8102, #7788, #7787));
#8123 = IFCFACEOUTERBOUND(#8122, .T.);
#8124 = IFCFACE((#8123));
#8125 = IFCPOLYLOOP((#7797, #8106, #8098));
#8126 = IFCFACEOUTERBOUND(#8125, .T.);
#8127 = IFCFACE((#8126));
#8128 = IFCPOLYLOOP((#8098, #7787, #7797));
#8129 = IFCFACEOUTERBOUND(#8128, .T.);
#8130 = IFCFACE((#8129));
#8131 = IFCPOLYLOOP((#7805, #8113, #8106));
#8132 = IFCFACEOUTERBOUND(#8131, .T.);
#8133 = IFCFACE((#8132));
#8134 = IFCPOLYLOOP((#8106, #7797, #7805));
#8135 = IFCFACEOUTERBOUND(#8134, .T.);
#8136 = IFCFACE((#8135));
#8137 = IFCPOLYLOOP((#7788, #8138, #8139));
#8138 = IFCCARTESIANPOINT((-1.08620758056641E-1, -8.39999198913574E-3, 1.59940444946289E-1));
#8139 = IFCCARTESIANPOINT((-1.06544784545898E-1, 1.13516187667847E-2, 1.59940444946289E-1));
#8140 = IFCFACEOUTERBOUND(#8137, .T.);
#8141 = IFCFACE((#8140));
#8142 = IFCPOLYLOOP((#7792, #8143, #8144));
#8143 = IFCCARTESIANPOINT((-1.00407577514648E-1, 3.02399883270264E-2, 1.59940444946289E-1));
#8144 = IFCCARTESIANPOINT((-9.04773712158203E-2, 4.74396057128906E-2, 1.59940444946289E-1));
#8145 = IFCFACEOUTERBOUND(#8142, .T.);
#8146 = IFCFACE((#8145));
#8147 = IFCPOLYLOOP((#7816, #8144, #8148));
#8148 = IFCCARTESIANPOINT((-7.71881713867188E-2, 6.21987648010254E-2, 1.59940444946289E-1));
#8149 = IFCFACEOUTERBOUND(#8147, .T.);
#8150 = IFCFACE((#8149));
#8151 = IFCPOLYLOOP((#7792, #8139, #8143));
#8152 = IFCFACEOUTERBOUND(#8151, .T.);
#8153 = IFCFACE((#8152));
#8154 = IFCPOLYLOOP((#7792, #7788, #8139));
#8155 = IFCFACEOUTERBOUND(#8154, .T.);
#8156 = IFCFACE((#8155));
#8157 = IFCPOLYLOOP((#7838, #7816, #8148));
#8158 = IFCFACEOUTERBOUND(#8157, .T.);
#8159 = IFCFACE((#8158));
#8160 = IFCPOLYLOOP((#8148, #8161, #7838));
#8161 = IFCCARTESIANPOINT((-6.11207618713379E-2, 7.38724212646484E-2, 1.59940444946289E-1));
#8162 = IFCFACEOUTERBOUND(#8160, .T.);
#8163 = IFCFACE((#8162));
#8164 = IFCPOLYLOOP((#8144, #7816, #7792));
#8165 = IFCFACEOUTERBOUND(#8164, .T.);
#8166 = IFCFACE((#8165));
#8167 = IFCPOLYLOOP((#8168, #7838, #8161));
#8168 = IFCCARTESIANPOINT((-4.29773750305176E-2, 8.19503784179688E-2, 1.59940444946289E-1));
#8169 = IFCFACEOUTERBOUND(#8167, .T.);
#8170 = IFCFACE((#8169));
#8171 = IFCPOLYLOOP((#8168, #8172, #7860));
#8172 = IFCCARTESIANPOINT((-2.35509643554688E-2, 8.607958984375E-2, 1.59940444946289E-1));
#8173 = IFCFACEOUTERBOUND(#8171, .T.);
#8174 = IFCFACE((#8173));
#8175 = IFCPOLYLOOP((#7860, #7838, #8168));
#8176 = IFCFACEOUTERBOUND(#8175, .T.);
#8177 = IFCFACE((#8176));
#8178 = IFCPOLYLOOP((#8179, #7860, #8172));
#8179 = IFCCARTESIANPOINT((-3.69055652618408E-3, 8.607958984375E-2, 1.59940444946289E-1));
#8180 = IFCFACEOUTERBOUND(#8178, .T.);
#8181 = IFCFACE((#8180));
#8182 = IFCPOLYLOOP((#8179, #8183, #7882));
#8183 = IFCCARTESIANPOINT((1.57358541488647E-2, 8.19503784179688E-2, 1.59940444946289E-1));
#8184 = IFCFACEOUTERBOUND(#8182, .T.);
#8185 = IFCFACE((#8184));
#8186 = IFCPOLYLOOP((#7882, #7860, #8179));
#8187 = IFCFACEOUTERBOUND(#8186, .T.);
#8188 = IFCFACE((#8187));
#8189 = IFCPOLYLOOP((#8190, #7904, #8191));
#8190 = IFCCARTESIANPOINT((4.9946647644043E-2, 6.21987648010254E-2, 1.59940444946289E-1));
#8191 = IFCCARTESIANPOINT((3.38792381286621E-2, 7.38724212646484E-2, 1.59940444946289E-1));
#8192 = IFCFACEOUTERBOUND(#8189, .T.);
#8193 = IFCFACE((#8192));
#8194 = IFCPOLYLOOP((#8195, #7926, #8196));
#8195 = IFCCARTESIANPOINT((7.31660614013672E-2, 3.02399883270264E-2, 1.59940444946289E-1));
#8196 = IFCCARTESIANPOINT((6.32358551025391E-2, 4.74396057128906E-2, 1.59940444946289E-1));
#8197 = IFCFACEOUTERBOUND(#8194, .T.);
#8198 = IFCFACE((#8197));
#8199 = IFCPOLYLOOP((#8200, #7926, #8195));
#8200 = IFCCARTESIANPOINT((7.93032608032227E-2, 1.13516187667847E-2, 1.59940444946289E-1));
#8201 = IFCFACEOUTERBOUND(#8199, .T.);
#8202 = IFCFACE((#8201));
#8203 = IFCPOLYLOOP((#8196, #7904, #8190));
#8204 = IFCFACEOUTERBOUND(#8203, .T.);
#8205 = IFCFACE((#8204));
#8206 = IFCPOLYLOOP((#8191, #7882, #8183));
#8207 = IFCFACEOUTERBOUND(#8206, .T.);
#8208 = IFCFACE((#8207));
#8209 = IFCPOLYLOOP((#8210, #7948, #8200));
#8210 = IFCCARTESIANPOINT((8.13792419433594E-2, -8.39999198913574E-3, 1.59940444946289E-1));
#8211 = IFCFACEOUTERBOUND(#8209, .T.);
#8212 = IFCFACE((#8211));
#8213 = IFCPOLYLOOP((#7805, #7804, #7738));
#8214 = IFCFACEOUTERBOUND(#8213, .T.);
#8215 = IFCFACE((#8214));
#8216 = IFCPOLYLOOP((#7738, #7746, #7805));
#8217 = IFCFACEOUTERBOUND(#8216, .T.);
#8218 = IFCFACE((#8217));
#8219 = IFCPOLYLOOP((#7827, #7849, #7759));
#8220 = IFCFACEOUTERBOUND(#8219, .T.);
#8221 = IFCFACE((#8220));
#8222 = IFCPOLYLOOP((#7759, #7736, #7827));
#8223 = IFCFACEOUTERBOUND(#8222, .T.);
#8224 = IFCFACE((#8223));
#8225 = IFCPOLYLOOP((#7804, #7827, #7736));
#8226 = IFCFACEOUTERBOUND(#8225, .T.);
#8227 = IFCFACE((#8226));
#8228 = IFCPOLYLOOP((#7736, #7738, #7804));
#8229 = IFCFACEOUTERBOUND(#8228, .T.);
#8230 = IFCFACE((#8229));
#8231 = IFCPOLYLOOP((#7782, #7759, #7871));
#8232 = IFCFACEOUTERBOUND(#8231, .T.);
#8233 = IFCFACE((#8232));
#8234 = IFCPOLYLOOP((#7871, #7893, #7782));
#8235 = IFCFACEOUTERBOUND(#8234, .T.);
#8236 = IFCFACE((#8235));
#8237 = IFCPOLYLOOP((#7871, #7759, #7849));
#8238 = IFCFACEOUTERBOUND(#8237, .T.);
#8239 = IFCFACE((#8238));
#8240 = IFCPOLYLOOP((#8196, #7926, #7904));
#8241 = IFCFACEOUTERBOUND(#8240, .T.);
#8242 = IFCFACE((#8241));
#8243 = IFCPOLYLOOP((#8200, #7948, #7926));
#8244 = IFCFACEOUTERBOUND(#8243, .T.);
#8245 = IFCFACE((#8244));
#8246 = IFCPOLYLOOP((#7904, #7882, #8191));
#8247 = IFCFACEOUTERBOUND(#8246, .T.);
#8248 = IFCFACE((#8247));
#8249 = IFCPOLYLOOP((#7763, #7782, #7893));
#8250 = IFCFACEOUTERBOUND(#8249, .T.);
#8251 = IFCFACE((#8250));
#8252 = IFCPOLYLOOP((#7893, #7915, #7763));
#8253 = IFCFACEOUTERBOUND(#8252, .T.);
#8254 = IFCFACE((#8253));
#8255 = IFCPOLYLOOP((#7915, #7937, #7742));
#8256 = IFCFACEOUTERBOUND(#8255, .T.);
#8257 = IFCFACE((#8256));
#8258 = IFCPOLYLOOP((#7742, #7763, #7915));
#8259 = IFCFACEOUTERBOUND(#8258, .T.);
#8260 = IFCFACE((#8259));
#8261 = IFCPOLYLOOP((#7774, #7742, #7937));
#8262 = IFCFACEOUTERBOUND(#8261, .T.);
#8263 = IFCFACE((#8262));
#8264 = IFCPOLYLOOP((#7937, #7959, #7774));
#8265 = IFCFACEOUTERBOUND(#8264, .T.);
#8266 = IFCFACE((#8265));
#8267 = IFCPOLYLOOP((#7948, #8210, #8268));
#8268 = IFCCARTESIANPOINT((7.93032608032227E-2, -2.81516017913818E-2, 1.59940444946289E-1));
#8269 = IFCFACEOUTERBOUND(#8267, .T.);
#8270 = IFCFACE((#8269));
#8271 = IFCPOLYLOOP((#7970, #8268, #8272));
#8272 = IFCCARTESIANPOINT((7.31660614013672E-2, -4.70399742126465E-2, 1.59940444946289E-1));
#8273 = IFCFACEOUTERBOUND(#8271, .T.);
#8274 = IFCFACE((#8273));
#8275 = IFCPOLYLOOP((#7992, #8276, #8277));
#8276 = IFCCARTESIANPOINT((6.32358551025391E-2, -6.42395935058594E-2, 1.59940444946289E-1));
#8277 = IFCCARTESIANPOINT((4.9946647644043E-2, -7.89987487792969E-2, 1.59940444946289E-1));
#8278 = IFCFACEOUTERBOUND(#8275, .T.);
#8279 = IFCFACE((#8278));
#8280 = IFCPOLYLOOP((#7992, #8277, #8281));
#8281 = IFCCARTESIANPOINT((3.38792381286621E-2, -9.06724090576172E-2, 1.59940444946289E-1));
#8282 = IFCFACEOUTERBOUND(#8280, .T.);
#8283 = IFCFACE((#8282));
#8284 = IFCPOLYLOOP((#7970, #8272, #8276));
#8285 = IFCFACEOUTERBOUND(#8284, .T.);
#8286 = IFCFACE((#8285));
#8287 = IFCPOLYLOOP((#7992, #7970, #8276));
#8288 = IFCFACEOUTERBOUND(#8287, .T.);
#8289 = IFCFACE((#8288));
#8290 = IFCPOLYLOOP((#8291, #8292, #8036));
#8291 = IFCCARTESIANPOINT((1.57358541488647E-2, -9.8750358581543E-2, 1.59940444946289E-1));
#8292 = IFCCARTESIANPOINT((-3.69055652618408E-3, -1.02879570007324E-1, 1.59940444946289E-1));
#8293 = IFCFACEOUTERBOUND(#8290, .T.);
#8294 = IFCFACE((#8293));
#8295 = IFCPOLYLOOP((#8036, #8014, #8291));
#8296 = IFCFACEOUTERBOUND(#8295, .T.);
#8297 = IFCFACE((#8296));
#8298 = IFCPOLYLOOP((#8281, #8014, #7992));
#8299 = IFCFACEOUTERBOUND(#8298, .T.);
#8300 = IFCFACE((#8299));
#8301 = IFCPOLYLOOP((#8281, #8291, #8014));
#8302 = IFCFACEOUTERBOUND(#8301, .T.);
#8303 = IFCFACE((#8302));
#8304 = IFCPOLYLOOP((#8305, #8306, #8058));
#8305 = IFCCARTESIANPOINT((-2.35509643554688E-2, -1.02879570007324E-1, 1.59940444946289E-1));
#8306 = IFCCARTESIANPOINT((-4.29773750305176E-2, -9.8750358581543E-2, 1.59940444946289E-1));
#8307 = IFCFACEOUTERBOUND(#8304, .T.);
#8308 = IFCFACE((#8307));
#8309 = IFCPOLYLOOP((#8058, #8036, #8305));
#8310 = IFCFACEOUTERBOUND(#8309, .T.);
#8311 = IFCFACE((#8310));
#8312 = IFCPOLYLOOP((#8080, #8058, #8313));
#8313 = IFCCARTESIANPOINT((-6.11207618713379E-2, -9.06724090576172E-2, 1.59940444946289E-1));
#8314 = IFCFACEOUTERBOUND(#8312, .T.);
#8315 = IFCFACE((#8314));
#8316 = IFCPOLYLOOP((#8313, #8317, #8080));
#8317 = IFCCARTESIANPOINT((-7.71881713867188E-2, -7.89987487792969E-2, 1.59940444946289E-1));
#8318 = IFCFACEOUTERBOUND(#8316, .T.);
#8319 = IFCFACE((#8318));
#8320 = IFCPOLYLOOP((#8058, #8306, #8313));
#8321 = IFCFACEOUTERBOUND(#8320, .T.);
#8322 = IFCFACE((#8321));
#8323 = IFCPOLYLOOP((#8324, #8102, #8325));
#8324 = IFCCARTESIANPOINT((-1.00407577514648E-1, -4.70399742126465E-2, 1.59940444946289E-1));
#8325 = IFCCARTESIANPOINT((-9.04773712158203E-2, -6.42395935058594E-2, 1.59940444946289E-1));
#8326 = IFCFACEOUTERBOUND(#8323, .T.);
#8327 = IFCFACE((#8326));
#8328 = IFCPOLYLOOP((#8329, #8102, #8324));
#8329 = IFCCARTESIANPOINT((-1.06544784545898E-1, -2.81516017913818E-2, 1.59940444946289E-1));
#8330 = IFCFACEOUTERBOUND(#8328, .T.);
#8331 = IFCFACE((#8330));
#8332 = IFCPOLYLOOP((#8325, #8080, #8317));
#8333 = IFCFACEOUTERBOUND(#8332, .T.);
#8334 = IFCFACE((#8333));
#8335 = IFCPOLYLOOP((#8138, #7788, #8329));
#8336 = IFCFACEOUTERBOUND(#8335, .T.);
#8337 = IFCFACE((#8336));
#8338 = IFCPOLYLOOP((#8292, #8305, #8036));
#8339 = IFCFACEOUTERBOUND(#8338, .T.);
#8340 = IFCFACE((#8339));
#8341 = IFCPOLYLOOP((#7959, #7981, #7775));
#8342 = IFCFACEOUTERBOUND(#8341, .T.);
#8343 = IFCFACE((#8342));
#8344 = IFCPOLYLOOP((#7775, #7774, #7959));
#8345 = IFCFACEOUTERBOUND(#8344, .T.);
#8346 = IFCFACE((#8345));
#8347 = IFCPOLYLOOP((#8003, #8025, #7755));
#8348 = IFCFACEOUTERBOUND(#8347, .T.);
#8349 = IFCFACE((#8348));
#8350 = IFCPOLYLOOP((#7755, #7770, #8003));
#8351 = IFCFACEOUTERBOUND(#8350, .T.);
#8352 = IFCFACE((#8351));
#8353 = IFCPOLYLOOP((#7755, #8025, #8047));
#8354 = IFCFACEOUTERBOUND(#8353, .T.);
#8355 = IFCFACE((#8354));
#8356 = IFCPOLYLOOP((#7981, #8003, #7770));
#8357 = IFCFACEOUTERBOUND(#8356, .T.);
#8358 = IFCFACE((#8357));
#8359 = IFCPOLYLOOP((#7770, #7775, #7981));
#8360 = IFCFACEOUTERBOUND(#8359, .T.);
#8361 = IFCFACE((#8360));
#8362 = IFCPOLYLOOP((#8047, #7750, #7755));
#8363 = IFCFACEOUTERBOUND(#8362, .T.);
#8364 = IFCFACE((#8363));
#8365 = IFCPOLYLOOP((#7750, #8047, #8069));
#8366 = IFCFACEOUTERBOUND(#8365, .T.);
#8367 = IFCFACE((#8366));
#8368 = IFCPOLYLOOP((#8329, #7788, #8102));
#8369 = IFCFACEOUTERBOUND(#8368, .T.);
#8370 = IFCFACE((#8369));
#8371 = IFCPOLYLOOP((#8102, #8080, #8325));
#8372 = IFCFACEOUTERBOUND(#8371, .T.);
#8373 = IFCFACE((#8372));
#8374 = IFCPOLYLOOP((#8069, #8091, #7751));
#8375 = IFCFACEOUTERBOUND(#8374, .T.);
#8376 = IFCFACE((#8375));
#8377 = IFCPOLYLOOP((#7751, #7750, #8069));
#8378 = IFCFACEOUTERBOUND(#8377, .T.);
#8379 = IFCFACE((#8378));
#8380 = IFCPOLYLOOP((#7737, #7751, #8091));
#8381 = IFCFACEOUTERBOUND(#8380, .T.);
#8382 = IFCFACE((#8381));
#8383 = IFCPOLYLOOP((#8091, #8113, #7737));
#8384 = IFCFACEOUTERBOUND(#8383, .T.);
#8385 = IFCFACE((#8384));
#8386 = IFCPOLYLOOP((#8113, #7805, #7746));
#8387 = IFCFACEOUTERBOUND(#8386, .T.);
#8388 = IFCFACE((#8387));
#8389 = IFCPOLYLOOP((#7746, #7737, #8113));
#8390 = IFCFACEOUTERBOUND(#8389, .T.);
#8391 = IFCFACE((#8390));
#8392 = IFCPOLYLOOP((#8268, #7970, #7948));
#8393 = IFCFACEOUTERBOUND(#8392, .T.);
#8394 = IFCFACE((#8393));
#8395 = IFCPOLYLOOP((#8196, #8396, #8195));
#8396 = IFCCARTESIANPOINT((6.95040893554688E-2, 2.86095752716064E-2, 1.59940444946289E-1));
#8397 = IFCFACEOUTERBOUND(#8395, .T.);
#8398 = IFCFACE((#8397));
#8399 = IFCPOLYLOOP((#8190, #8400, #8196));
#8400 = IFCCARTESIANPOINT((5.99928894042969E-2, 4.50834579467773E-2, 1.59940444946289E-1));
#8401 = IFCFACEOUTERBOUND(#8399, .T.);
#8402 = IFCFACE((#8401));
#8403 = IFCPOLYLOOP((#8400, #8396, #8196));
#8404 = IFCFACEOUTERBOUND(#8403, .T.);
#8405 = IFCFACE((#8404));
#8406 = IFCPOLYLOOP((#8407, #8210, #8200));
#8407 = IFCCARTESIANPOINT((7.53823318481445E-2, 1.05181999206543E-2, 1.59940444946289E-1));
#8408 = IFCFACEOUTERBOUND(#8406, .T.);
#8409 = IFCFACE((#8408));
#8410 = IFCPOLYLOOP((#8200, #8396, #8407));
#8411 = IFCFACEOUTERBOUND(#8410, .T.);
#8412 = IFCFACE((#8411));
#8413 = IFCPOLYLOOP((#8396, #8200, #8195));
#8414 = IFCFACEOUTERBOUND(#8413, .T.);
#8415 = IFCFACE((#8414));
#8416 = IFCPOLYLOOP((#8407, #8417, #8210));
#8417 = IFCCARTESIANPOINT((7.7370719909668E-2, -8.39999198913574E-3, 1.59940444946289E-1));
#8418 = IFCFACEOUTERBOUND(#8416, .T.);
#8419 = IFCFACE((#8418));
#8420 = IFCPOLYLOOP((#8421, #8183, #8422));
#8421 = IFCCARTESIANPOINT((3.1874979019165E-2, 7.04009399414063E-2, 1.59940444946289E-1));
#8422 = IFCCARTESIANPOINT((1.44971523284912E-2, 7.81380462646484E-2, 1.59940444946289E-1));
#8423 = IFCFACEOUTERBOUND(#8420, .T.);
#8424 = IFCFACE((#8423));
#8425 = IFCPOLYLOOP((#8426, #8422, #8183));
#8426 = IFCCARTESIANPOINT((-4.10956144332886E-3, 8.20930252075195E-2, 1.59940444946289E-1));
#8427 = IFCFACEOUTERBOUND(#8425, .T.);
#8428 = IFCFACE((#8427));
#8429 = IFCPOLYLOOP((#8183, #8179, #8426));
#8430 = IFCFACEOUTERBOUND(#8429, .T.);
#8431 = IFCFACE((#8430));
#8432 = IFCPOLYLOOP((#8433, #8426, #8179));
#8433 = IFCCARTESIANPOINT((-2.31319599151611E-2, 8.20930252075195E-2, 1.59940444946289E-1));
#8434 = IFCFACEOUTERBOUND(#8432, .T.);
#8435 = IFCFACE((#8434));
#8436 = IFCPOLYLOOP((#8400, #8190, #8437));
#8437 = IFCCARTESIANPOINT((4.72644233703613E-2, 5.92198524475098E-2, 1.59940444946289E-1));
#8438 = IFCFACEOUTERBOUND(#8436, .T.);
#8439 = IFCFACE((#8438));
#8440 = IFCPOLYLOOP((#8191, #8437, #8190));
#8441 = IFCFACEOUTERBOUND(#8440, .T.);
#8442 = IFCFACE((#8441));
#8443 = IFCPOLYLOOP((#8437, #8191, #8421));
#8444 = IFCFACEOUTERBOUND(#8443, .T.);
#8445 = IFCFACE((#8444));
#8446 = IFCPOLYLOOP((#8183, #8421, #8191));
#8447 = IFCFACEOUTERBOUND(#8446, .T.);
#8448 = IFCFACE((#8447));
#8449 = IFCPOLYLOOP((#8268, #8210, #8450));
#8450 = IFCCARTESIANPOINT((7.53823318481445E-2, -2.73181838989258E-2, 1.59940444946289E-1));
#8451 = IFCFACEOUTERBOUND(#8449, .T.);
#8452 = IFCFACE((#8451));
#8453 = IFCPOLYLOOP((#8417, #8450, #8210));
#8454 = IFCFACEOUTERBOUND(#8453, .T.);
#8455 = IFCFACE((#8454));
#8456 = IFCPOLYLOOP((#8457, #8268, #8450));
#8457 = IFCCARTESIANPOINT((6.95040893554688E-2, -4.54095611572266E-2, 1.59940444946289E-1));
#8458 = IFCFACEOUTERBOUND(#8456, .T.);
#8459 = IFCFACE((#8458));
#8460 = IFCPOLYLOOP((#8461, #8272, #8457));
#8461 = IFCCARTESIANPOINT((5.99928894042969E-2, -6.18834419250488E-2, 1.59940444946289E-1));
#8462 = IFCFACEOUTERBOUND(#8460, .T.);
#8463 = IFCFACE((#8462));
#8464 = IFCPOLYLOOP((#8268, #8457, #8272));
#8465 = IFCFACEOUTERBOUND(#8464, .T.);
#8466 = IFCFACE((#8465));
#8467 = IFCPOLYLOOP((#8277, #8276, #8461));
#8468 = IFCFACEOUTERBOUND(#8467, .T.);
#8469 = IFCFACE((#8468));
#8470 = IFCPOLYLOOP((#8272, #8461, #8276));
#8471 = IFCFACEOUTERBOUND(#8470, .T.);
#8472 = IFCFACE((#8471));
#8473 = IFCPOLYLOOP((#8474, #8277, #8475));
#8474 = IFCCARTESIANPOINT((3.1874979019165E-2, -8.72009201049805E-2, 1.59940444946289E-1));
#8475 = IFCCARTESIANPOINT((4.72644233703613E-2, -7.60198364257813E-2, 1.59940444946289E-1));
#8476 = IFCFACEOUTERBOUND(#8473, .T.);
#8477 = IFCFACE((#8476));
#8478 = IFCPOLYLOOP((#8461, #8475, #8277));
#8479 = IFCFACEOUTERBOUND(#8478, .T.);
#8480 = IFCFACE((#8479));
#8481 = IFCPOLYLOOP((#8482, #8281, #8474));
#8482 = IFCCARTESIANPOINT((1.44971523284912E-2, -9.49380264282227E-2, 1.59940444946289E-1));
#8483 = IFCFACEOUTERBOUND(#8481, .T.);
#8484 = IFCFACE((#8483));
#8485 = IFCPOLYLOOP((#8277, #8474, #8281));
#8486 = IFCFACEOUTERBOUND(#8485, .T.);
#8487 = IFCFACE((#8486));
#8488 = IFCPOLYLOOP((#8489, #8291, #8482));
#8489 = IFCCARTESIANPOINT((-4.10956144332886E-3, -9.88930053710938E-2, 1.59940444946289E-1));
#8490 = IFCFACEOUTERBOUND(#8488, .T.);
#8491 = IFCFACE((#8490));
#8492 = IFCPOLYLOOP((#8281, #8482, #8291));
#8493 = IFCFACEOUTERBOUND(#8492, .T.);
#8494 = IFCFACE((#8493));
#8495 = IFCPOLYLOOP((#8305, #8292, #8489));
#8496 = IFCFACEOUTERBOUND(#8495, .T.);
#8497 = IFCFACE((#8496));
#8498 = IFCPOLYLOOP((#8291, #8489, #8292));
#8499 = IFCFACEOUTERBOUND(#8498, .T.);
#8500 = IFCFACE((#8499));
#8501 = IFCPOLYLOOP((#8168, #8433, #8172));
#8502 = IFCFACEOUTERBOUND(#8501, .T.);
#8503 = IFCFACE((#8502));
#8504 = IFCPOLYLOOP((#8179, #8172, #8433));
#8505 = IFCFACEOUTERBOUND(#8504, .T.);
#8506 = IFCFACE((#8505));
#8507 = IFCPOLYLOOP((#8508, #8433, #8168));
#8508 = IFCCARTESIANPOINT((-4.17386741638184E-2, 7.81380462646484E-2, 1.59940444946289E-1));
#8509 = IFCFACEOUTERBOUND(#8507, .T.);
#8510 = IFCFACE((#8509));
#8511 = IFCPOLYLOOP((#8161, #8512, #8508));
#8512 = IFCCARTESIANPOINT((-5.91165008544922E-2, 7.04009399414063E-2, 1.59940444946289E-1));
#8513 = IFCFACEOUTERBOUND(#8511, .T.);
#8514 = IFCFACE((#8513));
#8515 = IFCPOLYLOOP((#8516, #8512, #8148));
#8516 = IFCCARTESIANPOINT((-7.45059432983398E-2, 5.92198524475098E-2, 1.59940444946289E-1));
#8517 = IFCFACEOUTERBOUND(#8515, .T.);
#8518 = IFCFACE((#8517));
#8519 = IFCPOLYLOOP((#8161, #8148, #8512));
#8520 = IFCFACEOUTERBOUND(#8519, .T.);
#8521 = IFCFACE((#8520));
#8522 = IFCPOLYLOOP((#8161, #8508, #8168));
#8523 = IFCFACEOUTERBOUND(#8522, .T.);
#8524 = IFCFACE((#8523));
#8525 = IFCPOLYLOOP((#8526, #8516, #8144));
#8526 = IFCCARTESIANPOINT((-8.72344131469727E-2, 4.50834579467773E-2, 1.59940444946289E-1));
#8527 = IFCFACEOUTERBOUND(#8525, .T.);
#8528 = IFCFACE((#8527));
#8529 = IFCPOLYLOOP((#8526, #8144, #8143));
#8530 = IFCFACEOUTERBOUND(#8529, .T.);
#8531 = IFCFACE((#8530));
#8532 = IFCPOLYLOOP((#8533, #8526, #8143));
#8533 = IFCCARTESIANPOINT((-9.67456130981445E-2, 2.86095752716064E-2, 1.59940444946289E-1));
#8534 = IFCFACEOUTERBOUND(#8532, .T.);
#8535 = IFCFACE((#8534));
#8536 = IFCPOLYLOOP((#8139, #8537, #8533));
#8537 = IFCCARTESIANPOINT((-1.0262385559082E-1, 1.05181999206543E-2, 1.59940444946289E-1));
#8538 = IFCFACEOUTERBOUND(#8536, .T.);
#8539 = IFCFACE((#8538));
#8540 = IFCPOLYLOOP((#8138, #8541, #8139));
#8541 = IFCCARTESIANPOINT((-1.04612236022949E-1, -8.39999198913574E-3, 1.59940444946289E-1));
#8542 = IFCFACEOUTERBOUND(#8540, .T.);
#8543 = IFCFACE((#8542));
#8544 = IFCPOLYLOOP((#8537, #8139, #8541));
#8545 = IFCFACEOUTERBOUND(#8544, .T.);
#8546 = IFCFACE((#8545));
#8547 = IFCPOLYLOOP((#8139, #8533, #8143));
#8548 = IFCFACEOUTERBOUND(#8547, .T.);
#8549 = IFCFACE((#8548));
#8550 = IFCPOLYLOOP((#8144, #8516, #8148));
#8551 = IFCFACEOUTERBOUND(#8550, .T.);
#8552 = IFCFACE((#8551));
#8553 = IFCPOLYLOOP((#8317, #8313, #8554));
#8554 = IFCCARTESIANPOINT((-5.91165008544922E-2, -8.72009201049805E-2, 1.59940444946289E-1));
#8555 = IFCFACEOUTERBOUND(#8553, .T.);
#8556 = IFCFACE((#8555));
#8557 = IFCPOLYLOOP((#8558, #8317, #8554));
#8558 = IFCCARTESIANPOINT((-7.45059432983398E-2, -7.60198364257813E-2, 1.59940444946289E-1));
#8559 = IFCFACEOUTERBOUND(#8557, .T.);
#8560 = IFCFACE((#8559));
#8561 = IFCPOLYLOOP((#8562, #8554, #8313));
#8562 = IFCCARTESIANPOINT((-4.17386741638184E-2, -9.49380264282227E-2, 1.59940444946289E-1));
#8563 = IFCFACEOUTERBOUND(#8561, .T.);
#8564 = IFCFACE((#8563));
#8565 = IFCPOLYLOOP((#8489, #8566, #8305));
#8566 = IFCCARTESIANPOINT((-2.31319599151611E-2, -9.88930053710938E-2, 1.59940444946289E-1));
#8567 = IFCFACEOUTERBOUND(#8565, .T.);
#8568 = IFCFACE((#8567));
#8569 = IFCPOLYLOOP((#8306, #8305, #8566));
#8570 = IFCFACEOUTERBOUND(#8569, .T.);
#8571 = IFCFACE((#8570));
#8572 = IFCPOLYLOOP((#8566, #8562, #8306));
#8573 = IFCFACEOUTERBOUND(#8572, .T.);
#8574 = IFCFACE((#8573));
#8575 = IFCPOLYLOOP((#8313, #8306, #8562));
#8576 = IFCFACEOUTERBOUND(#8575, .T.);
#8577 = IFCFACE((#8576));
#8578 = IFCPOLYLOOP((#8579, #8324, #8580));
#8579 = IFCCARTESIANPOINT((-1.0262385559082E-1, -2.73181838989258E-2, 1.59940444946289E-1));
#8580 = IFCCARTESIANPOINT((-9.67456130981445E-2, -4.54095611572266E-2, 1.59940444946289E-1));
#8581 = IFCFACEOUTERBOUND(#8578, .T.);
#8582 = IFCFACE((#8581));
#8583 = IFCPOLYLOOP((#8541, #8329, #8579));
#8584 = IFCFACEOUTERBOUND(#8583, .T.);
#8585 = IFCFACE((#8584));
#8586 = IFCPOLYLOOP((#8329, #8324, #8579));
#8587 = IFCFACEOUTERBOUND(#8586, .T.);
#8588 = IFCFACE((#8587));
#8589 = IFCPOLYLOOP((#8317, #8558, #8325));
#8590 = IFCFACEOUTERBOUND(#8589, .T.);
#8591 = IFCFACE((#8590));
#8592 = IFCPOLYLOOP((#8325, #8558, #8593));
#8593 = IFCCARTESIANPOINT((-8.72344131469727E-2, -6.18834419250488E-2, 1.59940444946289E-1));
#8594 = IFCFACEOUTERBOUND(#8592, .T.);
#8595 = IFCFACE((#8594));
#8596 = IFCPOLYLOOP((#8593, #8324, #8325));
#8597 = IFCFACEOUTERBOUND(#8596, .T.);
#8598 = IFCFACE((#8597));
#8599 = IFCPOLYLOOP((#8324, #8593, #8580));
#8600 = IFCFACEOUTERBOUND(#8599, .T.);
#8601 = IFCFACE((#8600));
#8602 = IFCPOLYLOOP((#8541, #8138, #8329));
#8603 = IFCFACEOUTERBOUND(#8602, .T.);
#8604 = IFCFACE((#8603));
#8605 = IFCPOLYLOOP((#8606, #8607, #8608));
#8606 = IFCCARTESIANPOINT((-2.42823123931885E-2, 3.83113174438477E-2, 3.94043922424316E-3));
#8607 = IFCCARTESIANPOINT((-4.3493766784668E-2, 2.90595703125E-2, 3.94043922424316E-3));
#8608 = IFCCARTESIANPOINT((-5.6788501739502E-2, 1.23884963989258E-2, 3.94043922424316E-3));
#8609 = IFCFACEOUTERBOUND(#8605, .T.);
#8610 = IFCFACE((#8609));
#8611 = IFCPOLYLOOP((#8612, #8608, #8613));
#8612 = IFCCARTESIANPOINT((1.62522430419922E-2, -4.58595542907715E-2, 3.94043922424316E-3));
#8613 = IFCCARTESIANPOINT((-5.6788501739502E-2, -2.91884803771973E-2, 3.94043922424316E-3));
#8614 = IFCFACEOUTERBOUND(#8611, .T.);
#8615 = IFCFACE((#8614));
#8616 = IFCPOLYLOOP((#8613, #8608, #8617));
#8617 = IFCCARTESIANPOINT((-6.15333404541016E-2, -8.39999198913574E-3, 3.94043922424316E-3));
#8618 = IFCFACEOUTERBOUND(#8616, .T.);
#8619 = IFCFACE((#8618));
#8620 = IFCPOLYLOOP((#8613, #8621, #8622));
#8621 = IFCCARTESIANPOINT((-4.3493766784668E-2, -4.58595542907715E-2, 3.94043922424316E-3));
#8622 = IFCCARTESIANPOINT((-2.42823123931885E-2, -5.51113014221191E-2, 3.94043922424316E-3));
#8623 = IFCFACEOUTERBOUND(#8620, .T.);
#8624 = IFCFACE((#8623));
#8625 = IFCPOLYLOOP((#8622, #8612, #8613));
#8626 = IFCFACEOUTERBOUND(#8625, .T.);
#8627 = IFCFACE((#8626));
#8628 = IFCPOLYLOOP((#8606, #8608, #8629));
#8629 = IFCCARTESIANPOINT((-2.95920872688293E-3, 3.83113174438477E-2, 3.94043922424316E-3));
#8630 = IFCFACEOUTERBOUND(#8628, .T.);
#8631 = IFCFACE((#8630));
#8632 = IFCPOLYLOOP((#8612, #8633, #8608));
#8633 = IFCCARTESIANPOINT((1.62522430419922E-2, 2.90595703125E-2, 3.94043922424316E-3));
#8634 = IFCFACEOUTERBOUND(#8632, .T.);
#8635 = IFCFACE((#8634));
#8636 = IFCPOLYLOOP((#8637, #8633, #8638));
#8637 = IFCCARTESIANPOINT((2.95469818115234E-2, 1.23884963989258E-2, 3.94043922424316E-3));
#8638 = IFCCARTESIANPOINT((2.95469818115234E-2, -2.91884803771973E-2, 3.94043922424316E-3));
#8639 = IFCFACEOUTERBOUND(#8636, .T.);
#8640 = IFCFACE((#8639));
#8641 = IFCPOLYLOOP((#8642, #8612, #8622));
#8642 = IFCCARTESIANPOINT((-2.95920872688293E-3, -5.51113014221191E-2, 3.94043922424316E-3));
#8643 = IFCFACEOUTERBOUND(#8641, .T.);
#8644 = IFCFACE((#8643));
#8645 = IFCPOLYLOOP((#8633, #8612, #8638));
#8646 = IFCFACEOUTERBOUND(#8645, .T.);
#8647 = IFCFACE((#8646));
#8648 = IFCPOLYLOOP((#8637, #8638, #8649));
#8649 = IFCCARTESIANPOINT((3.42918167114258E-2, -8.39999198913574E-3, 3.94043922424316E-3));
#8650 = IFCFACEOUTERBOUND(#8648, .T.);
#8651 = IFCFACE((#8650));
#8652 = IFCPOLYLOOP((#8633, #8629, #8608));
#8653 = IFCFACEOUTERBOUND(#8652, .T.);
#8654 = IFCFACE((#8653));
#8655 = IFCPOLYLOOP((#8656, #8657, #8658));
#8656 = IFCCARTESIANPOINT((-7.5207893371582E-2, 1.71102333068848E-2, 3.6010368347168E-2));
#8657 = IFCCARTESIANPOINT((-8.78706207275391E-2, 2.23553047180176E-2, 7.05378112792969E-2));
#8658 = IFCCARTESIANPOINT((-9.39882278442383E-2, -8.39999198913574E-3, 7.05378112792969E-2));
#8659 = IFCFACEOUTERBOUND(#8655, .T.);
#8660 = IFCFACE((#8659));
#8661 = IFCPOLYLOOP((#8658, #8662, #8656));
#8662 = IFCCARTESIANPOINT((-8.02821884155273E-2, -8.39999198913574E-3, 3.6010368347168E-2));
#8663 = IFCFACEOUTERBOUND(#8661, .T.);
#8664 = IFCFACE((#8663));
#8665 = IFCPOLYLOOP((#8666, #8667, #8668));
#8666 = IFCCARTESIANPOINT((-7.04491424560547E-2, 4.84283866882324E-2, 7.05378112792969E-2));
#8667 = IFCCARTESIANPOINT((-7.83373031616211E-2, 5.63165512084961E-2, 1.43777709960938E-1));
#8668 = IFCCARTESIANPOINT((-9.8177001953125E-2, 2.66243495941162E-2, 1.43777709960938E-1));
#8669 = IFCFACEOUTERBOUND(#8665, .T.);
#8670 = IFCFACE((#8669));
#8671 = IFCPOLYLOOP((#8668, #8657, #8666));
#8672 = IFCFACEOUTERBOUND(#8671, .T.);
#8673 = IFCFACE((#8672));
#8674 = IFCPOLYLOOP((#8675, #8666, #8657));
#8675 = IFCCARTESIANPOINT((-6.0757511138916E-2, 3.87367553710938E-2, 3.6010368347168E-2));
#8676 = IFCFACEOUTERBOUND(#8674, .T.);
#8677 = IFCFACE((#8676));
#8678 = IFCPOLYLOOP((#8657, #8656, #8675));
#8679 = IFCFACEOUTERBOUND(#8678, .T.);
#8680 = IFCFACE((#8679));
#8681 = IFCPOLYLOOP((#8682, #8683, #8667));
#8682 = IFCCARTESIANPOINT((-4.43760566711426E-2, 6.58498611450195E-2, 7.05378112792969E-2));
#8683 = IFCCARTESIANPOINT((-4.86451034545898E-2, 7.615625E-2, 1.43777709960938E-1));
#8684 = IFCFACEOUTERBOUND(#8681, .T.);
#8685 = IFCFACE((#8684));
#8686 = IFCPOLYLOOP((#8667, #8666, #8682));
#8687 = IFCFACEOUTERBOUND(#8686, .T.);
#8688 = IFCFACE((#8687));
#8689 = IFCPOLYLOOP((#8690, #8682, #8666));
#8690 = IFCCARTESIANPOINT((-3.91309852600098E-2, 5.31871376037598E-2, 3.6010368347168E-2));
#8691 = IFCFACEOUTERBOUND(#8689, .T.);
#8692 = IFCFACE((#8691));
#8693 = IFCPOLYLOOP((#8666, #8675, #8690));
#8694 = IFCFACEOUTERBOUND(#8693, .T.);
#8695 = IFCFACE((#8694));
#8696 = IFCPOLYLOOP((#8697, #8698, #8683));
#8697 = IFCCARTESIANPOINT((-1.36207609176636E-2, 7.19674758911133E-2, 7.05378112792969E-2));
#8698 = IFCCARTESIANPOINT((-1.36207609176636E-2, 8.31230239868164E-2, 1.43777709960938E-1));
#8699 = IFCFACEOUTERBOUND(#8696, .T.);
#8700 = IFCFACE((#8699));
#8701 = IFCPOLYLOOP((#8683, #8682, #8697));
#8702 = IFCFACEOUTERBOUND(#8701, .T.);
#8703 = IFCFACE((#8702));
#8704 = IFCPOLYLOOP((#8705, #8697, #8682));
#8705 = IFCCARTESIANPOINT((-1.36207609176636E-2, 5.82614364624023E-2, 3.6010368347168E-2));
#8706 = IFCFACEOUTERBOUND(#8704, .T.);
#8707 = IFCFACE((#8706));
#8708 = IFCPOLYLOOP((#8682, #8690, #8705));
#8709 = IFCFACEOUTERBOUND(#8708, .T.);
#8710 = IFCFACE((#8709));
#8711 = IFCPOLYLOOP((#8712, #8713, #8698));
#8712 = IFCCARTESIANPOINT((1.71345367431641E-2, 6.58498611450195E-2, 7.05378112792969E-2));
#8713 = IFCCARTESIANPOINT((2.14035816192627E-2, 7.615625E-2, 1.43777709960938E-1));
#8714 = IFCFACEOUTERBOUND(#8711, .T.);
#8715 = IFCFACE((#8714));
#8716 = IFCPOLYLOOP((#8698, #8697, #8712));
#8717 = IFCFACEOUTERBOUND(#8716, .T.);
#8718 = IFCFACE((#8717));
#8719 = IFCPOLYLOOP((#8720, #8712, #8697));
#8720 = IFCCARTESIANPOINT((1.18894643783569E-2, 5.31871376037598E-2, 3.6010368347168E-2));
#8721 = IFCFACEOUTERBOUND(#8719, .T.);
#8722 = IFCFACE((#8721));
#8723 = IFCPOLYLOOP((#8697, #8705, #8720));
#8724 = IFCFACEOUTERBOUND(#8723, .T.);
#8725 = IFCFACE((#8724));
#8726 = IFCPOLYLOOP((#8727, #8728, #8713));
#8727 = IFCCARTESIANPOINT((4.32076187133789E-2, 4.84283866882324E-2, 7.05378112792969E-2));
#8728 = IFCCARTESIANPOINT((5.10957832336426E-2, 5.63165512084961E-2, 1.43777709960938E-1));
#8729 = IFCFACEOUTERBOUND(#8726, .T.);
#8730 = IFCFACE((#8729));
#8731 = IFCPOLYLOOP((#8713, #8712, #8727));
#8732 = IFCFACEOUTERBOUND(#8731, .T.);
#8733 = IFCFACE((#8732));
#8734 = IFCPOLYLOOP((#8735, #8727, #8712));
#8735 = IFCCARTESIANPOINT((3.35159873962402E-2, 3.87367553710938E-2, 3.6010368347168E-2));
#8736 = IFCFACEOUTERBOUND(#8734, .T.);
#8737 = IFCFACE((#8736));
#8738 = IFCPOLYLOOP((#8712, #8720, #8735));
#8739 = IFCFACEOUTERBOUND(#8738, .T.);
#8740 = IFCFACE((#8739));
#8741 = IFCPOLYLOOP((#8742, #8743, #8728));
#8742 = IFCCARTESIANPOINT((6.06290969848633E-2, 2.23553047180176E-2, 7.05378112792969E-2));
#8743 = IFCCARTESIANPOINT((7.09354782104492E-2, 2.66243495941162E-2, 1.43777709960938E-1));
#8744 = IFCFACEOUTERBOUND(#8741, .T.);
#8745 = IFCFACE((#8744));
#8746 = IFCPOLYLOOP((#8728, #8727, #8742));
#8747 = IFCFACEOUTERBOUND(#8746, .T.);
#8748 = IFCFACE((#8747));
#8749 = IFCPOLYLOOP((#8750, #8742, #8727));
#8750 = IFCCARTESIANPOINT((4.79663696289063E-2, 1.71102333068848E-2, 3.6010368347168E-2));
#8751 = IFCFACEOUTERBOUND(#8749, .T.);
#8752 = IFCFACE((#8751));
#8753 = IFCPOLYLOOP((#8727, #8735, #8750));
#8754 = IFCFACEOUTERBOUND(#8753, .T.);
#8755 = IFCFACE((#8754));
#8756 = IFCPOLYLOOP((#8757, #8758, #8743));
#8757 = IFCCARTESIANPOINT((6.67467041015625E-2, -8.39999198913574E-3, 7.05378112792969E-2));
#8758 = IFCCARTESIANPOINT((7.79022521972656E-2, -8.39999198913574E-3, 1.43777709960938E-1));
#8759 = IFCFACEOUTERBOUND(#8756, .T.);
#8760 = IFCFACE((#8759));
#8761 = IFCPOLYLOOP((#8743, #8742, #8757));
#8762 = IFCFACEOUTERBOUND(#8761, .T.);
#8763 = IFCFACE((#8762));
#8764 = IFCPOLYLOOP((#8765, #8757, #8742));
#8765 = IFCCARTESIANPOINT((5.30406684875488E-2, -8.39999198913574E-3, 3.6010368347168E-2));
#8766 = IFCFACEOUTERBOUND(#8764, .T.);
#8767 = IFCFACE((#8766));
#8768 = IFCPOLYLOOP((#8742, #8750, #8765));
#8769 = IFCFACEOUTERBOUND(#8768, .T.);
#8770 = IFCFACE((#8769));
#8771 = IFCPOLYLOOP((#8772, #8773, #8758));
#8772 = IFCCARTESIANPOINT((6.06290969848633E-2, -3.91552886962891E-2, 7.05378112792969E-2));
#8773 = IFCCARTESIANPOINT((7.09354782104492E-2, -4.34243316650391E-2, 1.43777709960938E-1));
#8774 = IFCFACEOUTERBOUND(#8771, .T.);
#8775 = IFCFACE((#8774));
#8776 = IFCPOLYLOOP((#8758, #8757, #8772));
#8777 = IFCFACEOUTERBOUND(#8776, .T.);
#8778 = IFCFACE((#8777));
#8779 = IFCPOLYLOOP((#8780, #8772, #8757));
#8780 = IFCCARTESIANPOINT((4.79663696289063E-2, -3.39102172851563E-2, 3.6010368347168E-2));
#8781 = IFCFACEOUTERBOUND(#8779, .T.);
#8782 = IFCFACE((#8781));
#8783 = IFCPOLYLOOP((#8757, #8765, #8780));
#8784 = IFCFACEOUTERBOUND(#8783, .T.);
#8785 = IFCFACE((#8784));
#8786 = IFCPOLYLOOP((#8787, #8788, #8773));
#8787 = IFCCARTESIANPOINT((4.32076187133789E-2, -6.52283706665039E-2, 7.05378112792969E-2));
#8788 = IFCCARTESIANPOINT((5.10957832336426E-2, -7.31165390014648E-2, 1.43777709960938E-1));
#8789 = IFCFACEOUTERBOUND(#8786, .T.);
#8790 = IFCFACE((#8789));
#8791 = IFCPOLYLOOP((#8773, #8772, #8787));
#8792 = IFCFACEOUTERBOUND(#8791, .T.);
#8793 = IFCFACE((#8792));
#8794 = IFCPOLYLOOP((#8795, #8787, #8772));
#8795 = IFCCARTESIANPOINT((3.35159873962402E-2, -5.55367393493652E-2, 3.6010368347168E-2));
#8796 = IFCFACEOUTERBOUND(#8794, .T.);
#8797 = IFCFACE((#8796));
#8798 = IFCPOLYLOOP((#8772, #8780, #8795));
#8799 = IFCFACEOUTERBOUND(#8798, .T.);
#8800 = IFCFACE((#8799));
#8801 = IFCPOLYLOOP((#8802, #8803, #8788));
#8802 = IFCCARTESIANPOINT((1.71345367431641E-2, -8.26498489379883E-2, 7.05378112792969E-2));
#8803 = IFCCARTESIANPOINT((2.14035816192627E-2, -9.29562301635742E-2, 1.43777709960938E-1));
#8804 = IFCFACEOUTERBOUND(#8801, .T.);
#8805 = IFCFACE((#8804));
#8806 = IFCPOLYLOOP((#8788, #8787, #8802));
#8807 = IFCFACEOUTERBOUND(#8806, .T.);
#8808 = IFCFACE((#8807));
#8809 = IFCPOLYLOOP((#8810, #8802, #8787));
#8810 = IFCCARTESIANPOINT((1.18894643783569E-2, -6.99871215820313E-2, 3.6010368347168E-2));
#8811 = IFCFACEOUTERBOUND(#8809, .T.);
#8812 = IFCFACE((#8811));
#8813 = IFCPOLYLOOP((#8787, #8795, #8810));
#8814 = IFCFACEOUTERBOUND(#8813, .T.);
#8815 = IFCFACE((#8814));
#8816 = IFCPOLYLOOP((#8817, #8818, #8803));
#8817 = IFCCARTESIANPOINT((-1.36207609176636E-2, -8.87674560546875E-2, 7.05378112792969E-2));
#8818 = IFCCARTESIANPOINT((-1.36207609176636E-2, -9.99230041503906E-2, 1.43777709960938E-1));
#8819 = IFCFACEOUTERBOUND(#8816, .T.);
#8820 = IFCFACE((#8819));
#8821 = IFCPOLYLOOP((#8803, #8802, #8817));
#8822 = IFCFACEOUTERBOUND(#8821, .T.);
#8823 = IFCFACE((#8822));
#8824 = IFCPOLYLOOP((#8825, #8817, #8802));
#8825 = IFCCARTESIANPOINT((-1.36207609176636E-2, -7.50614242553711E-2, 3.6010368347168E-2));
#8826 = IFCFACEOUTERBOUND(#8824, .T.);
#8827 = IFCFACE((#8826));
#8828 = IFCPOLYLOOP((#8802, #8810, #8825));
#8829 = IFCFACEOUTERBOUND(#8828, .T.);
#8830 = IFCFACE((#8829));
#8831 = IFCPOLYLOOP((#8832, #8833, #8818));
#8832 = IFCCARTESIANPOINT((-4.43760566711426E-2, -8.26498489379883E-2, 7.05378112792969E-2));
#8833 = IFCCARTESIANPOINT((-4.86451034545898E-2, -9.29562301635742E-2, 1.43777709960938E-1));
#8834 = IFCFACEOUTERBOUND(#8831, .T.);
#8835 = IFCFACE((#8834));
#8836 = IFCPOLYLOOP((#8818, #8817, #8832));
#8837 = IFCFACEOUTERBOUND(#8836, .T.);
#8838 = IFCFACE((#8837));
#8839 = IFCPOLYLOOP((#8840, #8832, #8817));
#8840 = IFCCARTESIANPOINT((-3.91309852600098E-2, -6.99871215820313E-2, 3.6010368347168E-2));
#8841 = IFCFACEOUTERBOUND(#8839, .T.);
#8842 = IFCFACE((#8841));
#8843 = IFCPOLYLOOP((#8817, #8825, #8840));
#8844 = IFCFACEOUTERBOUND(#8843, .T.);
#8845 = IFCFACE((#8844));
#8846 = IFCPOLYLOOP((#8847, #8848, #8833));
#8847 = IFCCARTESIANPOINT((-7.04491424560547E-2, -6.52283706665039E-2, 7.05378112792969E-2));
#8848 = IFCCARTESIANPOINT((-7.83373031616211E-2, -7.31165390014648E-2, 1.43777709960938E-1));
#8849 = IFCFACEOUTERBOUND(#8846, .T.);
#8850 = IFCFACE((#8849));
#8851 = IFCPOLYLOOP((#8833, #8832, #8847));
#8852 = IFCFACEOUTERBOUND(#8851, .T.);
#8853 = IFCFACE((#8852));
#8854 = IFCPOLYLOOP((#8855, #8847, #8832));
#8855 = IFCCARTESIANPOINT((-6.0757511138916E-2, -5.55367393493652E-2, 3.6010368347168E-2));
#8856 = IFCFACEOUTERBOUND(#8854, .T.);
#8857 = IFCFACE((#8856));
#8858 = IFCPOLYLOOP((#8832, #8840, #8855));
#8859 = IFCFACEOUTERBOUND(#8858, .T.);
#8860 = IFCFACE((#8859));
#8861 = IFCPOLYLOOP((#8862, #8863, #8848));
#8862 = IFCCARTESIANPOINT((-8.78706207275391E-2, -3.91552886962891E-2, 7.05378112792969E-2));
#8863 = IFCCARTESIANPOINT((-9.8177001953125E-2, -4.34243316650391E-2, 1.43777709960938E-1));
#8864 = IFCFACEOUTERBOUND(#8861, .T.);
#8865 = IFCFACE((#8864));
#8866 = IFCPOLYLOOP((#8848, #8847, #8862));
#8867 = IFCFACEOUTERBOUND(#8866, .T.);
#8868 = IFCFACE((#8867));
#8869 = IFCPOLYLOOP((#8870, #8862, #8847));
#8870 = IFCCARTESIANPOINT((-7.5207893371582E-2, -3.39102172851563E-2, 3.6010368347168E-2));
#8871 = IFCFACEOUTERBOUND(#8869, .T.);
#8872 = IFCFACE((#8871));
#8873 = IFCPOLYLOOP((#8847, #8855, #8870));
#8874 = IFCFACEOUTERBOUND(#8873, .T.);
#8875 = IFCFACE((#8874));
#8876 = IFCPOLYLOOP((#8877, #8537, #8541));
#8877 = IFCCARTESIANPOINT((-1.0405973815918E-1, 5.64472675323486E-3, 1.43777709960938E-1));
#8878 = IFCFACEOUTERBOUND(#8876, .T.);
#8879 = IFCFACE((#8878));
#8880 = IFCPOLYLOOP((#8668, #8526, #8533));
#8881 = IFCFACEOUTERBOUND(#8880, .T.);
#8882 = IFCFACE((#8881));
#8883 = IFCPOLYLOOP((#8667, #8516, #8526));
#8884 = IFCFACEOUTERBOUND(#8883, .T.);
#8885 = IFCFACE((#8884));
#8886 = IFCPOLYLOOP((#8537, #8877, #8668));
#8887 = IFCFACEOUTERBOUND(#8886, .T.);
#8888 = IFCFACE((#8887));
#8889 = IFCPOLYLOOP((#8668, #8533, #8537));
#8890 = IFCFACEOUTERBOUND(#8889, .T.);
#8891 = IFCFACE((#8890));
#8892 = IFCPOLYLOOP((#8657, #8668, #8877));
#8893 = IFCFACEOUTERBOUND(#8892, .T.);
#8894 = IFCFACE((#8893));
#8895 = IFCPOLYLOOP((#8683, #8512, #8516));
#8896 = IFCFACEOUTERBOUND(#8895, .T.);
#8897 = IFCFACE((#8896));
#8898 = IFCPOLYLOOP((#8516, #8667, #8683));
#8899 = IFCFACEOUTERBOUND(#8898, .T.);
#8900 = IFCFACE((#8899));
#8901 = IFCPOLYLOOP((#8526, #8668, #8667));
#8902 = IFCFACEOUTERBOUND(#8901, .T.);
#8903 = IFCFACE((#8902));
#8904 = IFCPOLYLOOP((#8508, #8512, #8683));
#8905 = IFCFACEOUTERBOUND(#8904, .T.);
#8906 = IFCFACE((#8905));
#8907 = IFCPOLYLOOP((#8658, #8877, #8541));
#8908 = IFCFACEOUTERBOUND(#8907, .T.);
#8909 = IFCFACE((#8908));
#8910 = IFCPOLYLOOP((#8698, #8433, #8508));
#8911 = IFCFACEOUTERBOUND(#8910, .T.);
#8912 = IFCFACE((#8911));
#8913 = IFCPOLYLOOP((#8508, #8683, #8698));
#8914 = IFCFACEOUTERBOUND(#8913, .T.);
#8915 = IFCFACE((#8914));
#8916 = IFCPOLYLOOP((#8713, #8422, #8426));
#8917 = IFCFACEOUTERBOUND(#8916, .T.);
#8918 = IFCFACE((#8917));
#8919 = IFCPOLYLOOP((#8426, #8698, #8713));
#8920 = IFCFACEOUTERBOUND(#8919, .T.);
#8921 = IFCFACE((#8920));
#8922 = IFCPOLYLOOP((#8698, #8426, #8433));
#8923 = IFCFACEOUTERBOUND(#8922, .T.);
#8924 = IFCFACE((#8923));
#8925 = IFCPOLYLOOP((#8421, #8728, #8437));
#8926 = IFCFACEOUTERBOUND(#8925, .T.);
#8927 = IFCFACE((#8926));
#8928 = IFCPOLYLOOP((#8713, #8421, #8422));
#8929 = IFCFACEOUTERBOUND(#8928, .T.);
#8930 = IFCFACE((#8929));
#8931 = IFCPOLYLOOP((#8437, #8728, #8400));
#8932 = IFCFACEOUTERBOUND(#8931, .T.);
#8933 = IFCFACE((#8932));
#8934 = IFCPOLYLOOP((#8396, #8400, #8743));
#8935 = IFCFACEOUTERBOUND(#8934, .T.);
#8936 = IFCFACE((#8935));
#8937 = IFCPOLYLOOP((#8407, #8396, #8743));
#8938 = IFCFACEOUTERBOUND(#8937, .T.);
#8939 = IFCFACE((#8938));
#8940 = IFCPOLYLOOP((#8417, #8407, #8758));
#8941 = IFCFACEOUTERBOUND(#8940, .T.);
#8942 = IFCFACE((#8941));
#8943 = IFCPOLYLOOP((#8656, #8608, #8607));
#8944 = IFCFACEOUTERBOUND(#8943, .T.);
#8945 = IFCFACE((#8944));
#8946 = IFCPOLYLOOP((#8607, #8675, #8656));
#8947 = IFCFACEOUTERBOUND(#8946, .T.);
#8948 = IFCFACE((#8947));
#8949 = IFCPOLYLOOP((#8658, #8657, #8877));
#8950 = IFCFACEOUTERBOUND(#8949, .T.);
#8951 = IFCFACE((#8950));
#8952 = IFCPOLYLOOP((#8662, #8617, #8608));
#8953 = IFCFACEOUTERBOUND(#8952, .T.);
#8954 = IFCFACE((#8953));
#8955 = IFCPOLYLOOP((#8608, #8656, #8662));
#8956 = IFCFACEOUTERBOUND(#8955, .T.);
#8957 = IFCFACE((#8956));
#8958 = IFCPOLYLOOP((#8606, #8690, #8675));
#8959 = IFCFACEOUTERBOUND(#8958, .T.);
#8960 = IFCFACE((#8959));
#8961 = IFCPOLYLOOP((#8675, #8607, #8606));
#8962 = IFCFACEOUTERBOUND(#8961, .T.);
#8963 = IFCFACE((#8962));
#8964 = IFCPOLYLOOP((#8705, #8690, #8606));
#8965 = IFCFACEOUTERBOUND(#8964, .T.);
#8966 = IFCFACE((#8965));
#8967 = IFCPOLYLOOP((#8400, #8728, #8743));
#8968 = IFCFACEOUTERBOUND(#8967, .T.);
#8969 = IFCFACE((#8968));
#8970 = IFCPOLYLOOP((#8407, #8743, #8758));
#8971 = IFCFACEOUTERBOUND(#8970, .T.);
#8972 = IFCFACE((#8971));
#8973 = IFCPOLYLOOP((#8728, #8421, #8713));
#8974 = IFCFACEOUTERBOUND(#8973, .T.);
#8975 = IFCFACE((#8974));
#8976 = IFCPOLYLOOP((#8633, #8735, #8720));
#8977 = IFCFACEOUTERBOUND(#8976, .T.);
#8978 = IFCFACE((#8977));
#8979 = IFCPOLYLOOP((#8720, #8629, #8633));
#8980 = IFCFACEOUTERBOUND(#8979, .T.);
#8981 = IFCFACE((#8980));
#8982 = IFCPOLYLOOP((#8705, #8629, #8720));
#8983 = IFCFACEOUTERBOUND(#8982, .T.);
#8984 = IFCFACE((#8983));
#8985 = IFCPOLYLOOP((#8735, #8633, #8637));
#8986 = IFCFACEOUTERBOUND(#8985, .T.);
#8987 = IFCFACE((#8986));
#8988 = IFCPOLYLOOP((#8637, #8750, #8735));
#8989 = IFCFACEOUTERBOUND(#8988, .T.);
#8990 = IFCFACE((#8989));
#8991 = IFCPOLYLOOP((#8649, #8765, #8750));
#8992 = IFCFACEOUTERBOUND(#8991, .T.);
#8993 = IFCFACE((#8992));
#8994 = IFCPOLYLOOP((#8750, #8637, #8649));
#8995 = IFCFACEOUTERBOUND(#8994, .T.);
#8996 = IFCFACE((#8995));
#8997 = IFCPOLYLOOP((#8606, #8629, #8705));
#8998 = IFCFACEOUTERBOUND(#8997, .T.);
#8999 = IFCFACE((#8998));
#9000 = IFCPOLYLOOP((#8758, #8450, #8417));
#9001 = IFCFACEOUTERBOUND(#9000, .T.);
#9002 = IFCFACE((#9001));
#9003 = IFCPOLYLOOP((#8773, #8457, #8450));
#9004 = IFCFACEOUTERBOUND(#9003, .T.);
#9005 = IFCFACE((#9004));
#9006 = IFCPOLYLOOP((#8788, #8475, #8461));
#9007 = IFCFACEOUTERBOUND(#9006, .T.);
#9008 = IFCFACE((#9007));
#9009 = IFCPOLYLOOP((#8788, #8474, #8475));
#9010 = IFCFACEOUTERBOUND(#9009, .T.);
#9011 = IFCFACE((#9010));
#9012 = IFCPOLYLOOP((#8773, #8461, #8457));
#9013 = IFCFACEOUTERBOUND(#9012, .T.);
#9014 = IFCFACE((#9013));
#9015 = IFCPOLYLOOP((#8788, #8461, #8773));
#9016 = IFCFACEOUTERBOUND(#9015, .T.);
#9017 = IFCFACE((#9016));
#9018 = IFCPOLYLOOP((#8489, #8482, #8803));
#9019 = IFCFACEOUTERBOUND(#9018, .T.);
#9020 = IFCFACE((#9019));
#9021 = IFCPOLYLOOP((#8474, #8788, #8803));
#9022 = IFCFACEOUTERBOUND(#9021, .T.);
#9023 = IFCFACE((#9022));
#9024 = IFCPOLYLOOP((#8818, #8489, #8803));
#9025 = IFCFACEOUTERBOUND(#9024, .T.);
#9026 = IFCFACE((#9025));
#9027 = IFCPOLYLOOP((#8474, #8803, #8482));
#9028 = IFCFACEOUTERBOUND(#9027, .T.);
#9029 = IFCFACE((#9028));
#9030 = IFCPOLYLOOP((#8566, #8818, #8833));
#9031 = IFCFACEOUTERBOUND(#9030, .T.);
#9032 = IFCFACE((#9031));
#9033 = IFCPOLYLOOP((#8833, #8562, #8566));
#9034 = IFCFACEOUTERBOUND(#9033, .T.);
#9035 = IFCFACE((#9034));
#9036 = IFCPOLYLOOP((#8848, #8558, #8554));
#9037 = IFCFACEOUTERBOUND(#9036, .T.);
#9038 = IFCFACE((#9037));
#9039 = IFCPOLYLOOP((#8848, #8593, #8558));
#9040 = IFCFACEOUTERBOUND(#9039, .T.);
#9041 = IFCFACE((#9040));
#9042 = IFCPOLYLOOP((#8833, #8554, #8562));
#9043 = IFCFACEOUTERBOUND(#9042, .T.);
#9044 = IFCFACE((#9043));
#9045 = IFCPOLYLOOP((#8848, #8554, #8833));
#9046 = IFCFACEOUTERBOUND(#9045, .T.);
#9047 = IFCFACE((#9046));
#9048 = IFCPOLYLOOP((#8580, #8593, #8863));
#9049 = IFCFACEOUTERBOUND(#9048, .T.);
#9050 = IFCFACE((#9049));
#9051 = IFCPOLYLOOP((#8580, #8863, #9052));
#9052 = IFCCARTESIANPOINT((-1.0405973815918E-1, -2.24447116851807E-2, 1.43777709960938E-1));
#9053 = IFCFACEOUTERBOUND(#9051, .T.);
#9054 = IFCFACE((#9053));
#9055 = IFCPOLYLOOP((#9052, #8579, #8580));
#9056 = IFCFACEOUTERBOUND(#9055, .T.);
#9057 = IFCFACE((#9056));
#9058 = IFCPOLYLOOP((#8848, #8863, #8593));
#9059 = IFCFACEOUTERBOUND(#9058, .T.);
#9060 = IFCFACE((#9059));
#9061 = IFCPOLYLOOP((#8541, #8579, #9052));
#9062 = IFCFACEOUTERBOUND(#9061, .T.);
#9063 = IFCFACE((#9062));
#9064 = IFCPOLYLOOP((#8489, #8818, #8566));
#9065 = IFCFACEOUTERBOUND(#9064, .T.);
#9066 = IFCFACE((#9065));
#9067 = IFCPOLYLOOP((#8765, #8649, #8638));
#9068 = IFCFACEOUTERBOUND(#9067, .T.);
#9069 = IFCFACE((#9068));
#9070 = IFCPOLYLOOP((#8638, #8780, #8765));
#9071 = IFCFACEOUTERBOUND(#9070, .T.);
#9072 = IFCFACE((#9071));
#9073 = IFCPOLYLOOP((#8795, #8612, #8642));
#9074 = IFCFACEOUTERBOUND(#9073, .T.);
#9075 = IFCFACE((#9074));
#9076 = IFCPOLYLOOP((#8642, #8810, #8795));
#9077 = IFCFACEOUTERBOUND(#9076, .T.);
#9078 = IFCFACE((#9077));
#9079 = IFCPOLYLOOP((#8642, #8825, #8810));
#9080 = IFCFACEOUTERBOUND(#9079, .T.);
#9081 = IFCFACE((#9080));
#9082 = IFCPOLYLOOP((#8780, #8638, #8612));
#9083 = IFCFACEOUTERBOUND(#9082, .T.);
#9084 = IFCFACE((#9083));
#9085 = IFCPOLYLOOP((#8612, #8795, #8780));
#9086 = IFCFACEOUTERBOUND(#9085, .T.);
#9087 = IFCFACE((#9086));
#9088 = IFCPOLYLOOP((#8825, #8642, #8622));
#9089 = IFCFACEOUTERBOUND(#9088, .T.);
#9090 = IFCFACE((#9089));
#9091 = IFCPOLYLOOP((#8622, #8840, #8825));
#9092 = IFCFACEOUTERBOUND(#9091, .T.);
#9093 = IFCFACE((#9092));
#9094 = IFCPOLYLOOP((#8658, #9052, #8863));
#9095 = IFCFACEOUTERBOUND(#9094, .T.);
#9096 = IFCFACE((#9095));
#9097 = IFCPOLYLOOP((#8863, #8862, #8658));
#9098 = IFCFACEOUTERBOUND(#9097, .T.);
#9099 = IFCFACE((#9098));
#9100 = IFCPOLYLOOP((#8541, #9052, #8658));
#9101 = IFCFACEOUTERBOUND(#9100, .T.);
#9102 = IFCFACE((#9101));
#9103 = IFCPOLYLOOP((#8658, #8862, #8870));
#9104 = IFCFACEOUTERBOUND(#9103, .T.);
#9105 = IFCFACE((#9104));
#9106 = IFCPOLYLOOP((#8870, #8662, #8658));
#9107 = IFCFACEOUTERBOUND(#9106, .T.);
#9108 = IFCFACE((#9107));
#9109 = IFCPOLYLOOP((#8613, #8870, #8855));
#9110 = IFCFACEOUTERBOUND(#9109, .T.);
#9111 = IFCFACE((#9110));
#9112 = IFCPOLYLOOP((#8855, #8621, #8613));
#9113 = IFCFACEOUTERBOUND(#9112, .T.);
#9114 = IFCFACE((#9113));
#9115 = IFCPOLYLOOP((#8840, #8622, #8621));
#9116 = IFCFACEOUTERBOUND(#9115, .T.);
#9117 = IFCFACE((#9116));
#9118 = IFCPOLYLOOP((#8621, #8855, #8840));
#9119 = IFCFACEOUTERBOUND(#9118, .T.);
#9120 = IFCFACE((#9119));
#9121 = IFCPOLYLOOP((#8870, #8613, #8617));
#9122 = IFCFACEOUTERBOUND(#9121, .T.);
#9123 = IFCFACE((#9122));
#9124 = IFCPOLYLOOP((#8617, #8662, #8870));
#9125 = IFCFACEOUTERBOUND(#9124, .T.);
#9126 = IFCFACE((#9125));
#9127 = IFCPOLYLOOP((#8450, #8758, #8773));
#9128 = IFCFACEOUTERBOUND(#9127, .T.);
#9129 = IFCFACE((#9128));
#9130 = IFCFACETEDBREP(#7734);
#9131 = IFCSURFACESTYLERENDERING(#9132, 0., #9133, $, $, #9134, #9135, $, .NOTDEFINED.);
#9132 = IFCCOLOURRGB('Surface color', 4.11764711141586E-1, 4.11764711141586E-1, 4.11764711141586E-1);
#9133 = IFCCOLOURRGB('Diffuse color', 4.11764711141586E-1, 4.11764711141586E-1, 4.11764711141586E-1);
#9134 = IFCCOLOURRGB('Reflection color', 1., 1., 1.);
#9135 = IFCCOLOURRGB('Specular color', 1., 1., 1.);
#9136 = IFCSURFACESTYLE('a29325c4_d265_4c15_89d8_42ed1f07ee38', .BOTH., (#9131));
#9137 = IFCPRESENTATIONSTYLEASSIGNMENT((#9136));
#9138 = IFCMATERIAL('a29325c4_d265_4c15_89d8_42ed1f07ee38');
#9139 = IFCSTYLEDITEM(#9130, (#9137), $);
#9140 = IFCSTYLEDREPRESENTATION(#106, 'Body', $, (#9139));
#9141 = IFCMATERIALDEFINITIONREPRESENTATION($, $, (#9140), #9138);
#9142 = IFCOPENSHELL((#9148, #9152, #9156, #9160, #9164, #9168, #9174, #9178, #9181, #9185, #9188, #9192, #9196, #9200, #9205, #9209, #9212, #9216, #9219, #9223, #9227, #9231, #9236, #9239, #9243, #9246, #9250, #9253, #9257, #9260, #9264, #9268, #9273, #9276, #9279, #9283, #9286, #9290, #9293, #9297, #9300, #9304, #9307, #9311, #9315, #9319, #9322, #9326, #9329, #9333, #9336, #9340, #9343, #9347, #9351, #9355, #9359, #9362, #9365, #9369, #9372, #9376, #9380, #9384, #9388, #9391, #9394, #9398, #9402, #9406, #9410, #9413, #9417, #9421, #9427, #9430, #9434, #9437, #9442, #9446, #9450, #9453, #9456, #9460, #9463, #9466, #9470, #9474, #9478, #9482, #9486, #9489, #9492, #9496, #9499, #9503, #9507, #9512, #9515, #9518, #9523, #9526, #9530, #9533, #9537, #9541, #9547, #9550, #9553, #9556, #9560, #9563, #9567, #9572, #9576, #9580, #9584, #9588, #9591, #9594, #9599, #9602, #9605, #9610, #9613, #9619, #9622, #9625, #9630, #9633, #9637, #9641, #9644, #9648, #9652, #9656, #9659, #9662, #9666, #9672, #9675, #9679, #9683, #9686, #9689, #9694, #9698, #9701, #9705, #9708, #9713, #9718, #9721, #9725, #9729, #9732, #9735, #9740, #9743, #9747, #9751, #9754, #9759, #9763, #9768, #9771, #9774, #9777, #9782, #9786, #9789, #9792, #9796, #9800, #9803, #9806, #9810, #9813, #9817, #9821, #9825, #9830, #9833, #9837, #9841, #9844, #9848, #9852, #9855, #9858, #9861, #9864, #9867, #9870, #9873, #9876, #9879, #9882, #9885, #9888));
#9143 = IFCPOLYLOOP((#9144, #9145, #9146));
#9144 = IFCCARTESIANPOINT((2.72461185455322E-2, -2.9372142791748E-2, 1.65841278076172E-1));
#9145 = IFCCARTESIANPOINT((1.04322996139526E-2, -1.43520317077637E-2, 1.40407379150391E-1));
#9146 = IFCCARTESIANPOINT((3.09483547210693E-2, -2.14916954040527E-2, 1.65024291992188E-1));
#9147 = IFCFACEOUTERBOUND(#9143, .T.);
#9148 = IFCFACE((#9147));
#9149 = IFCPOLYLOOP((#9146, #9145, #9150));
#9150 = IFCCARTESIANPOINT((1.36405849456787E-2, -5.30594205856323E-3, 1.40514053344727E-1));
#9151 = IFCFACEOUTERBOUND(#9149, .T.);
#9152 = IFCFACE((#9151));
#9153 = IFCPOLYLOOP((#9150, #9154, #9146));
#9154 = IFCCARTESIANPOINT((3.45776252746582E-2, -1.25039234161377E-2, 1.64537567138672E-1));
#9155 = IFCFACEOUTERBOUND(#9153, .T.);
#9156 = IFCFACE((#9155));
#9157 = IFCPOLYLOOP((#9154, #9150, #9158));
#9158 = IFCCARTESIANPOINT((1.70931224822998E-2, 4.34626770019531E-3, 1.40479446411133E-1));
#9159 = IFCFACEOUTERBOUND(#9157, .T.);
#9160 = IFCFACE((#9159));
#9161 = IFCPOLYLOOP((#9158, #9162, #9154));
#9162 = IFCCARTESIANPOINT((3.79112663269043E-2, -2.78446936607361E-3, 1.64498550415039E-1));
#9163 = IFCFACEOUTERBOUND(#9161, .T.);
#9164 = IFCFACE((#9163));
#9165 = IFCPOLYLOOP((#9158, #9166, #9162));
#9166 = IFCCARTESIANPOINT((4.03897666931152E-2, 6.50796842575073E-3, 1.65090789794922E-1));
#9167 = IFCFACEOUTERBOUND(#9165, .T.);
#9168 = IFCFACE((#9167));
#9169 = IFCPOLYLOOP((#9170, #9171, #9172));
#9170 = IFCCARTESIANPOINT((4.57091941833496E-2, -3.57116851806641E-2, 1.92170166015625E-1));
#9171 = IFCCARTESIANPOINT((4.08320159912109E-2, -4.13052215576172E-2, 1.941484375E-1));
#9172 = IFCCARTESIANPOINT((2.38410472869873E-2, -3.52973136901855E-2, 1.66881301879883E-1));
#9173 = IFCFACEOUTERBOUND(#9169, .T.);
#9174 = IFCFACE((#9173));
#9175 = IFCPOLYLOOP((#9176, #9170, #9146));
#9176 = IFCCARTESIANPOINT((5.05006980895996E-2, -2.80796298980713E-2, 1.90740112304688E-1));
#9177 = IFCFACEOUTERBOUND(#9175, .T.);
#9178 = IFCFACE((#9177));
#9179 = IFCPOLYLOOP((#9176, #9146, #9154));
#9180 = IFCFACEOUTERBOUND(#9179, .T.);
#9181 = IFCFACE((#9180));
#9182 = IFCPOLYLOOP((#9154, #9183, #9176));
#9183 = IFCCARTESIANPOINT((5.47303047180176E-2, -1.92305030822754E-2, 1.90012130737305E-1));
#9184 = IFCFACEOUTERBOUND(#9182, .T.);
#9185 = IFCFACE((#9184));
#9186 = IFCPOLYLOOP((#9183, #9154, #9162));
#9187 = IFCFACEOUTERBOUND(#9186, .T.);
#9188 = IFCFACE((#9187));
#9189 = IFCPOLYLOOP((#9162, #9190, #9183));
#9190 = IFCCARTESIANPOINT((5.8052360534668E-2, -9.50961780548096E-3, 1.90171234130859E-1));
#9191 = IFCFACEOUTERBOUND(#9189, .T.);
#9192 = IFCFACE((#9191));
#9193 = IFCPOLYLOOP((#9194, #9190, #9166));
#9194 = IFCCARTESIANPOINT((5.97058067321777E-2, -2.6889244094491E-5, 1.91505966186523E-1));
#9195 = IFCFACEOUTERBOUND(#9193, .T.);
#9196 = IFCFACE((#9195));
#9197 = IFCPOLYLOOP((#9166, #9198, #9194));
#9198 = IFCCARTESIANPOINT((5.91058616638184E-2, 7.52879905700684E-3, 1.9401823425293E-1));
#9199 = IFCFACEOUTERBOUND(#9197, .T.);
#9200 = IFCFACE((#9199));
#9201 = IFCPOLYLOOP((#9202, #9203, #9171));
#9202 = IFCCARTESIANPOINT((6.25228004455566E-2, -4.12890663146973E-2, 2.19569259643555E-1));
#9203 = IFCCARTESIANPOINT((5.62126541137695E-2, -4.6579460144043E-2, 2.22126312255859E-1));
#9204 = IFCFACEOUTERBOUND(#9201, .T.);
#9205 = IFCFACE((#9204));
#9206 = IFCPOLYLOOP((#9207, #9202, #9176));
#9207 = IFCCARTESIANPOINT((6.83725051879883E-2, -3.39014091491699E-2, 2.1781315612793E-1));
#9208 = IFCFACEOUTERBOUND(#9206, .T.);
#9209 = IFCFACE((#9208));
#9210 = IFCPOLYLOOP((#9207, #9176, #9183));
#9211 = IFCFACEOUTERBOUND(#9210, .T.);
#9212 = IFCFACE((#9211));
#9213 = IFCPOLYLOOP((#9183, #9214, #9207));
#9214 = IFCCARTESIANPOINT((7.31885375976563E-2, -2.52055206298828E-2, 2.17019424438477E-1));
#9215 = IFCFACEOUTERBOUND(#9213, .T.);
#9216 = IFCFACE((#9215));
#9217 = IFCPOLYLOOP((#9214, #9183, #9190));
#9218 = IFCFACEOUTERBOUND(#9217, .T.);
#9219 = IFCFACE((#9218));
#9220 = IFCPOLYLOOP((#9190, #9221, #9214));
#9221 = IFCCARTESIANPOINT((7.65127563476563E-2, -1.5512170791626E-2, 2.17398422241211E-1));
#9222 = IFCFACEOUTERBOUND(#9220, .T.);
#9223 = IFCFACE((#9222));
#9224 = IFCPOLYLOOP((#9225, #9221, #9194));
#9225 = IFCCARTESIANPOINT((7.7396369934082E-2, -5.87658452987671E-3, 2.19277816772461E-1));
#9226 = IFCFACEOUTERBOUND(#9224, .T.);
#9227 = IFCFACE((#9226));
#9228 = IFCPOLYLOOP((#9229, #9225, #9198));
#9229 = IFCCARTESIANPOINT((7.52486343383789E-2, 2.02664518356323E-3, 2.22607116699219E-1));
#9230 = IFCFACEOUTERBOUND(#9228, .T.);
#9231 = IFCFACE((#9230));
#9232 = IFCPOLYLOOP((#9233, #9234, #9203));
#9233 = IFCCARTESIANPOINT((7.77403182983398E-2, -4.60957450866699E-2, 2.48981262207031E-1));
#9234 = IFCCARTESIANPOINT((7.02351837158203E-2, -5.11675300598145E-2, 2.51869293212891E-1));
#9235 = IFCFACEOUTERBOUND(#9232, .T.);
#9236 = IFCFACE((#9235));
#9237 = IFCPOLYLOOP((#9233, #9202, #9207));
#9238 = IFCFACEOUTERBOUND(#9237, .T.);
#9239 = IFCFACE((#9238));
#9240 = IFCPOLYLOOP((#9207, #9241, #9233));
#9241 = IFCCARTESIANPOINT((8.44429779052734E-2, -3.88936653137207E-2, 2.47051574707031E-1));
#9242 = IFCFACEOUTERBOUND(#9240, .T.);
#9243 = IFCFACE((#9242));
#9244 = IFCPOLYLOOP((#9241, #9207, #9214));
#9245 = IFCFACEOUTERBOUND(#9244, .T.);
#9246 = IFCFACE((#9245));
#9247 = IFCPOLYLOOP((#9214, #9248, #9241));
#9248 = IFCCARTESIANPOINT((8.97031784057617E-2, -3.0320915222168E-2, 2.46228942871094E-1));
#9249 = IFCFACEOUTERBOUND(#9247, .T.);
#9250 = IFCFACE((#9249));
#9251 = IFCPOLYLOOP((#9248, #9214, #9221));
#9252 = IFCFACEOUTERBOUND(#9251, .T.);
#9253 = IFCFACE((#9252));
#9254 = IFCPOLYLOOP((#9221, #9255, #9248));
#9255 = IFCCARTESIANPOINT((9.29808120727539E-2, -2.06577606201172E-2, 2.46719909667969E-1));
#9256 = IFCFACEOUTERBOUND(#9254, .T.);
#9257 = IFCFACE((#9256));
#9258 = IFCPOLYLOOP((#9255, #9221, #9225));
#9259 = IFCFACEOUTERBOUND(#9258, .T.);
#9260 = IFCFACE((#9259));
#9261 = IFCPOLYLOOP((#9225, #9262, #9255));
#9262 = IFCCARTESIANPOINT((9.31879959106445E-2, -1.09123497009277E-2, 2.48851989746094E-1));
#9263 = IFCFACEOUTERBOUND(#9261, .T.);
#9264 = IFCFACE((#9263));
#9265 = IFCPOLYLOOP((#9266, #9262, #9229));
#9266 = IFCCARTESIANPOINT((8.97466735839844E-2, -2.74284839630127E-3, 2.52533203125E-1));
#9267 = IFCFACEOUTERBOUND(#9265, .T.);
#9268 = IFCFACE((#9267));
#9269 = IFCPOLYLOOP((#9270, #9271, #9234));
#9270 = IFCCARTESIANPOINT((9.07056884765625E-2, -4.98617858886719E-2, 2.79545471191406E-1));
#9271 = IFCCARTESIANPOINT((7.69410858154297E-2, -5.50434684753418E-2, 2.76135803222656E-1));
#9272 = IFCFACEOUTERBOUND(#9269, .T.);
#9273 = IFCFACE((#9272));
#9274 = IFCPOLYLOOP((#9234, #9233, #9270));
#9275 = IFCFACEOUTERBOUND(#9274, .T.);
#9276 = IFCFACE((#9275));
#9277 = IFCPOLYLOOP((#9270, #9233, #9241));
#9278 = IFCFACEOUTERBOUND(#9277, .T.);
#9279 = IFCFACE((#9278));
#9280 = IFCPOLYLOOP((#9241, #9281, #9270));
#9281 = IFCCARTESIANPOINT((9.79026565551758E-2, -4.27445831298828E-2, 2.77499603271484E-1));
#9282 = IFCFACEOUTERBOUND(#9280, .T.);
#9283 = IFCFACE((#9282));
#9284 = IFCPOLYLOOP((#9281, #9241, #9248));
#9285 = IFCFACEOUTERBOUND(#9284, .T.);
#9286 = IFCFACE((#9285));
#9287 = IFCPOLYLOOP((#9248, #9288, #9281));
#9288 = IFCCARTESIANPOINT((1.03366096496582E-1, -3.42315826416016E-2, 2.76587951660156E-1));
#9289 = IFCFACEOUTERBOUND(#9287, .T.);
#9290 = IFCFACE((#9289));
#9291 = IFCPOLYLOOP((#9288, #9248, #9255));
#9292 = IFCFACEOUTERBOUND(#9291, .T.);
#9293 = IFCFACE((#9292));
#9294 = IFCPOLYLOOP((#9255, #9295, #9288));
#9295 = IFCCARTESIANPOINT((1.06520637512207E-1, -2.45832920074463E-2, 2.76995727539063E-1));
#9296 = IFCFACEOUTERBOUND(#9294, .T.);
#9297 = IFCFACE((#9296));
#9298 = IFCPOLYLOOP((#9295, #9255, #9262));
#9299 = IFCFACEOUTERBOUND(#9298, .T.);
#9300 = IFCFACE((#9299));
#9301 = IFCPOLYLOOP((#9262, #9302, #9295));
#9302 = IFCCARTESIANPOINT((1.06215957641602E-1, -1.47792139053345E-2, 2.79032836914063E-1));
#9303 = IFCFACEOUTERBOUND(#9301, .T.);
#9304 = IFCFACE((#9303));
#9305 = IFCPOLYLOOP((#9302, #9262, #9266));
#9306 = IFCFACEOUTERBOUND(#9305, .T.);
#9307 = IFCFACE((#9306));
#9308 = IFCPOLYLOOP((#9266, #9309, #9302));
#9309 = IFCCARTESIANPOINT((1.01911911010742E-1, -6.46487665176392E-3, 2.82596984863281E-1));
#9310 = IFCFACEOUTERBOUND(#9308, .T.);
#9311 = IFCFACE((#9310));
#9312 = IFCPOLYLOOP((#9270, #9281, #9313));
#9313 = IFCCARTESIANPOINT((1.08369216918945E-1, -4.53054008483887E-2, 3.07545379638672E-1));
#9314 = IFCFACEOUTERBOUND(#9312, .T.);
#9315 = IFCFACE((#9314));
#9316 = IFCPOLYLOOP((#9313, #9317, #9270));
#9317 = IFCCARTESIANPOINT((1.01070472717285E-1, -5.24425354003906E-2, 3.09714141845703E-1));
#9318 = IFCFACEOUTERBOUND(#9316, .T.);
#9319 = IFCFACE((#9318));
#9320 = IFCPOLYLOOP((#9313, #9281, #9288));
#9321 = IFCFACEOUTERBOUND(#9320, .T.);
#9322 = IFCFACE((#9321));
#9323 = IFCPOLYLOOP((#9288, #9324, #9313));
#9324 = IFCCARTESIANPOINT((1.13785308837891E-1, -3.67830276489258E-2, 3.06443359375E-1));
#9325 = IFCFACEOUTERBOUND(#9323, .T.);
#9326 = IFCFACE((#9325));
#9327 = IFCPOLYLOOP((#9324, #9288, #9295));
#9328 = IFCFACEOUTERBOUND(#9327, .T.);
#9329 = IFCFACE((#9328));
#9330 = IFCPOLYLOOP((#9295, #9331, #9324));
#9331 = IFCCARTESIANPOINT((1.16755912780762E-1, -2.71288986206055E-2, 3.06566497802734E-1));
#9332 = IFCFACEOUTERBOUND(#9330, .T.);
#9333 = IFCFACE((#9332));
#9334 = IFCPOLYLOOP((#9331, #9295, #9302));
#9335 = IFCFACEOUTERBOUND(#9334, .T.);
#9336 = IFCFACE((#9335));
#9337 = IFCPOLYLOOP((#9302, #9338, #9331));
#9338 = IFCCARTESIANPOINT((1.16147262573242E-1, -1.7315113067627E-2, 3.08207244873047E-1));
#9339 = IFCFACEOUTERBOUND(#9337, .T.);
#9340 = IFCFACE((#9339));
#9341 = IFCPOLYLOOP((#9338, #9302, #9309));
#9342 = IFCFACEOUTERBOUND(#9341, .T.);
#9343 = IFCFACE((#9342));
#9344 = IFCPOLYLOOP((#9309, #9345, #9338));
#9345 = IFCCARTESIANPOINT((1.11477088928223E-1, -8.98080825805664E-3, 3.11290100097656E-1));
#9346 = IFCFACEOUTERBOUND(#9344, .T.);
#9347 = IFCFACE((#9346));
#9348 = IFCPOLYLOOP((#9317, #9313, #9349));
#9349 = IFCCARTESIANPOINT((1.16845245361328E-1, -4.67698249816895E-2, 3.3893212890625E-1));
#9350 = IFCFACEOUTERBOUND(#9348, .T.);
#9351 = IFCFACE((#9350));
#9352 = IFCPOLYLOOP((#9349, #9353, #9317));
#9353 = IFCCARTESIANPOINT((1.09794876098633E-1, -5.40173683166504E-2, 3.41273559570313E-1));
#9354 = IFCFACEOUTERBOUND(#9352, .T.);
#9355 = IFCFACE((#9354));
#9356 = IFCPOLYLOOP((#9313, #9324, #9357));
#9357 = IFCCARTESIANPOINT((1.21996841430664E-1, -3.81785163879395E-2, 3.37516845703125E-1));
#9358 = IFCFACEOUTERBOUND(#9356, .T.);
#9359 = IFCFACE((#9358));
#9360 = IFCPOLYLOOP((#9357, #9349, #9313));
#9361 = IFCFACEOUTERBOUND(#9360, .T.);
#9362 = IFCFACE((#9361));
#9363 = IFCPOLYLOOP((#9357, #9324, #9331));
#9364 = IFCFACEOUTERBOUND(#9363, .T.);
#9365 = IFCFACE((#9364));
#9366 = IFCPOLYLOOP((#9331, #9367, #9357));
#9367 = IFCCARTESIANPOINT((1.24742012023926E-1, -2.85008583068848E-2, 3.37159637451172E-1));
#9368 = IFCFACEOUTERBOUND(#9366, .T.);
#9369 = IFCFACE((#9368));
#9370 = IFCPOLYLOOP((#9367, #9331, #9338));
#9371 = IFCFACEOUTERBOUND(#9370, .T.);
#9372 = IFCFACE((#9371));
#9373 = IFCPOLYLOOP((#9338, #9374, #9367));
#9374 = IFCCARTESIANPOINT((1.24033653259277E-1, -1.87198219299316E-2, 3.3814501953125E-1));
#9375 = IFCFACEOUTERBOUND(#9373, .T.);
#9376 = IFCFACE((#9375));
#9377 = IFCPOLYLOOP((#9349, #9357, #9378));
#9378 = IFCCARTESIANPOINT((1.28239868164063E-1, -3.83592376708984E-2, 3.69524444580078E-1));
#9379 = IFCFACEOUTERBOUND(#9377, .T.);
#9380 = IFCFACE((#9379));
#9381 = IFCPOLYLOOP((#9378, #9382, #9349));
#9382 = IFCCARTESIANPOINT((1.23519218444824E-1, -4.70625953674316E-2, 3.71366088867188E-1));
#9383 = IFCFACEOUTERBOUND(#9381, .T.);
#9384 = IFCFACE((#9383));
#9385 = IFCPOLYLOOP((#9357, #9367, #9386));
#9386 = IFCCARTESIANPOINT((1.30766021728516E-1, -2.86489410400391E-2, 3.685302734375E-1));
#9387 = IFCFACEOUTERBOUND(#9385, .T.);
#9388 = IFCFACE((#9387));
#9389 = IFCPOLYLOOP((#9386, #9378, #9357));
#9390 = IFCFACEOUTERBOUND(#9389, .T.);
#9391 = IFCFACE((#9390));
#9392 = IFCPOLYLOOP((#9386, #9367, #9374));
#9393 = IFCFACEOUTERBOUND(#9392, .T.);
#9394 = IFCFACE((#9393));
#9395 = IFCPOLYLOOP((#9374, #9396, #9386));
#9396 = IFCCARTESIANPOINT((1.30194747924805E-1, -1.89395599365234E-2, 3.68675994873047E-1));
#9397 = IFCFACEOUTERBOUND(#9395, .T.);
#9398 = IFCFACE((#9397));
#9399 = IFCPOLYLOOP((#9382, #9378, #9400));
#9400 = IFCCARTESIANPOINT((1.32920562744141E-1, -3.72925834655762E-2, 4.02093719482422E-1));
#9401 = IFCFACEOUTERBOUND(#9399, .T.);
#9402 = IFCFACE((#9401));
#9403 = IFCPOLYLOOP((#9400, #9404, #9382));
#9404 = IFCCARTESIANPOINT((1.28708587646484E-1, -4.6121826171875E-2, 4.04436798095703E-1));
#9405 = IFCFACEOUTERBOUND(#9403, .T.);
#9406 = IFCFACE((#9405));
#9407 = IFCPOLYLOOP((#9378, #9386, #9408));
#9408 = IFCCARTESIANPOINT((1.35305099487305E-1, -2.75562057495117E-2, 4.00379150390625E-1));
#9409 = IFCFACEOUTERBOUND(#9407, .T.);
#9410 = IFCFACE((#9409));
#9411 = IFCPOLYLOOP((#9408, #9400, #9378));
#9412 = IFCFACEOUTERBOUND(#9411, .T.);
#9413 = IFCFACE((#9412));
#9414 = IFCPOLYLOOP((#9400, #9408, #9415));
#9415 = IFCCARTESIANPOINT((1.39026489257813E-1, -2.52390060424805E-2, 4.32352661132813E-1));
#9416 = IFCFACEOUTERBOUND(#9414, .T.);
#9417 = IFCFACE((#9416));
#9418 = IFCPOLYLOOP((#9415, #9419, #9400));
#9419 = IFCCARTESIANPOINT((1.36612121582031E-1, -3.49721336364746E-2, 4.34763610839844E-1));
#9420 = IFCFACEOUTERBOUND(#9418, .T.);
#9421 = IFCFACE((#9420));
#9422 = IFCPOLYLOOP((#9423, #9424, #9425));
#9423 = IFCCARTESIANPOINT((1.60902652740479E-2, -3.44823722839355E-2, 1.56875549316406E-1));
#9424 = IFCCARTESIANPOINT((1.5309229850769E-2, -3.48926467895508E-2, 1.56267578125E-1));
#9425 = IFCCARTESIANPOINT((1.29011993408203E-2, -3.19222259521484E-2, 1.50928146362305E-1));
#9426 = IFCFACEOUTERBOUND(#9422, .T.);
#9427 = IFCFACE((#9426));
#9428 = IFCPOLYLOOP((#9423, #9425, #9172));
#9429 = IFCFACEOUTERBOUND(#9428, .T.);
#9430 = IFCFACE((#9429));
#9431 = IFCPOLYLOOP((#9172, #9432, #9423));
#9432 = IFCCARTESIANPOINT((2.44448223114014E-2, -3.85629539489746E-2, 1.71684921264648E-1));
#9433 = IFCFACEOUTERBOUND(#9431, .T.);
#9434 = IFCFACE((#9433));
#9435 = IFCPOLYLOOP((#9432, #9172, #9171));
#9436 = IFCFACEOUTERBOUND(#9435, .T.);
#9437 = IFCFACE((#9436));
#9438 = IFCPOLYLOOP((#9145, #9439, #9440));
#9439 = IFCCARTESIANPOINT((4.35062885284424E-3, -2.27361869812012E-2, 1.36525314331055E-1));
#9440 = IFCCARTESIANPOINT((-1.49434432387352E-4, -1.80046310424805E-2, 1.29965621948242E-1));
#9441 = IFCFACEOUTERBOUND(#9438, .T.);
#9442 = IFCFACE((#9441));
#9443 = IFCPOLYLOOP((#9145, #9440, #9444));
#9444 = IFCCARTESIANPOINT((-3.03334355354309E-3, -1.0657374382019E-2, 1.2501880645752E-1));
#9445 = IFCFACEOUTERBOUND(#9443, .T.);
#9446 = IFCFACE((#9445));
#9447 = IFCPOLYLOOP((#9448, #9150, #9145));
#9448 = IFCCARTESIANPOINT((-3.55537843704224E-3, -8.76543521881104E-4, 1.21956886291504E-1));
#9449 = IFCFACEOUTERBOUND(#9447, .T.);
#9450 = IFCFACE((#9449));
#9451 = IFCPOLYLOOP((#9145, #9444, #9448));
#9452 = IFCFACEOUTERBOUND(#9451, .T.);
#9453 = IFCFACE((#9452));
#9454 = IFCPOLYLOOP((#9145, #9144, #9439));
#9455 = IFCFACEOUTERBOUND(#9454, .T.);
#9456 = IFCFACE((#9455));
#9457 = IFCPOLYLOOP((#9172, #9425, #9458));
#9458 = IFCCARTESIANPOINT((9.82538032531738E-3, -2.86828746795654E-2, 1.4528662109375E-1));
#9459 = IFCFACEOUTERBOUND(#9457, .T.);
#9460 = IFCFACE((#9459));
#9461 = IFCPOLYLOOP((#9439, #9144, #9458));
#9462 = IFCFACEOUTERBOUND(#9461, .T.);
#9463 = IFCFACE((#9462));
#9464 = IFCPOLYLOOP((#9172, #9458, #9144));
#9465 = IFCFACEOUTERBOUND(#9464, .T.);
#9466 = IFCFACE((#9465));
#9467 = IFCPOLYLOOP((#9468, #9432, #9171));
#9468 = IFCCARTESIANPOINT((3.39552154541016E-2, -4.24151229858398E-2, 1.89369400024414E-1));
#9469 = IFCFACEOUTERBOUND(#9467, .T.);
#9470 = IFCFACE((#9469));
#9471 = IFCPOLYLOOP((#9472, #9468, #9171));
#9472 = IFCCARTESIANPOINT((4.34980354309082E-2, -4.58463706970215E-2, 2.07704330444336E-1));
#9473 = IFCFACEOUTERBOUND(#9471, .T.);
#9474 = IFCFACE((#9473));
#9475 = IFCPOLYLOOP((#9203, #9476, #9472));
#9476 = IFCCARTESIANPOINT((5.17190284729004E-2, -4.85555839538574E-2, 2.23948318481445E-1));
#9477 = IFCFACEOUTERBOUND(#9475, .T.);
#9478 = IFCFACE((#9477));
#9479 = IFCPOLYLOOP((#9480, #9476, #9203));
#9480 = IFCCARTESIANPOINT((6.16642951965332E-2, -5.15188369750977E-2, 2.44225769042969E-1));
#9481 = IFCFACEOUTERBOUND(#9479, .T.);
#9482 = IFCFACE((#9481));
#9483 = IFCPOLYLOOP((#9234, #9484, #9480));
#9484 = IFCCARTESIANPOINT((7.20517349243164E-2, -5.40650520324707E-2, 2.65725738525391E-1));
#9485 = IFCFACEOUTERBOUND(#9483, .T.);
#9486 = IFCFACE((#9485));
#9487 = IFCPOLYLOOP((#9203, #9472, #9171));
#9488 = IFCFACEOUTERBOUND(#9487, .T.);
#9489 = IFCFACE((#9488));
#9490 = IFCPOLYLOOP((#9234, #9480, #9203));
#9491 = IFCFACEOUTERBOUND(#9490, .T.);
#9492 = IFCFACE((#9491));
#9493 = IFCPOLYLOOP((#9271, #9270, #9494));
#9494 = IFCCARTESIANPOINT((8.20467529296875E-2, -5.60321960449219E-2, 2.87664489746094E-1));
#9495 = IFCFACEOUTERBOUND(#9493, .T.);
#9496 = IFCFACE((#9495));
#9497 = IFCPOLYLOOP((#9484, #9234, #9271));
#9498 = IFCFACEOUTERBOUND(#9497, .T.);
#9499 = IFCFACE((#9498));
#9500 = IFCPOLYLOOP((#9158, #9150, #9501));
#9501 = IFCCARTESIANPOINT((-4.94902729988098E-4, 3.42385053634644E-3, 1.23671188354492E-1));
#9502 = IFCFACEOUTERBOUND(#9500, .T.);
#9503 = IFCFACE((#9502));
#9504 = IFCPOLYLOOP((#9501, #9505, #9158));
#9505 = IFCCARTESIANPOINT((2.66416430473328E-3, 7.6028094291687E-3, 1.25230934143066E-1));
#9506 = IFCFACEOUTERBOUND(#9504, .T.);
#9507 = IFCFACE((#9506));
#9508 = IFCPOLYLOOP((#9509, #9158, #9510));
#9509 = IFCCARTESIANPOINT((1.64255027770996E-2, 1.36237258911133E-2, 1.36097457885742E-1));
#9510 = IFCCARTESIANPOINT((9.7836217880249E-3, 1.2427095413208E-2, 1.30057037353516E-1));
#9511 = IFCFACEOUTERBOUND(#9508, .T.);
#9512 = IFCFACE((#9511));
#9513 = IFCPOLYLOOP((#9510, #9158, #9505));
#9514 = IFCFACEOUTERBOUND(#9513, .T.);
#9515 = IFCFACE((#9514));
#9516 = IFCPOLYLOOP((#9150, #9448, #9501));
#9517 = IFCFACEOUTERBOUND(#9516, .T.);
#9518 = IFCFACE((#9517));
#9519 = IFCPOLYLOOP((#9520, #9166, #9521));
#9520 = IFCCARTESIANPOINT((2.80709285736084E-2, 1.55971946716309E-2, 1.48019378662109E-1));
#9521 = IFCCARTESIANPOINT((2.28860778808594E-2, 1.48935575485229E-2, 1.42347274780273E-1));
#9522 = IFCFACEOUTERBOUND(#9519, .T.);
#9523 = IFCFACE((#9522));
#9524 = IFCPOLYLOOP((#9166, #9509, #9521));
#9525 = IFCFACEOUTERBOUND(#9524, .T.);
#9526 = IFCFACE((#9525));
#9527 = IFCPOLYLOOP((#9528, #9166, #9520));
#9528 = IFCCARTESIANPOINT((3.32940406799316E-2, 1.6482271194458E-2, 1.54504867553711E-1));
#9529 = IFCFACEOUTERBOUND(#9527, .T.);
#9530 = IFCFACE((#9529));
#9531 = IFCPOLYLOOP((#9158, #9509, #9166));
#9532 = IFCFACEOUTERBOUND(#9531, .T.);
#9533 = IFCFACE((#9532));
#9534 = IFCPOLYLOOP((#9528, #9535, #9166));
#9535 = IFCCARTESIANPOINT((3.83841934204102E-2, 1.53027744293213E-2, 1.61891677856445E-1));
#9536 = IFCFACEOUTERBOUND(#9534, .T.);
#9537 = IFCFACE((#9536));
#9538 = IFCPOLYLOOP((#9539, #9166, #9535));
#9539 = IFCCARTESIANPOINT((4.35777397155762E-2, 1.44249210357666E-2, 1.70074279785156E-1));
#9540 = IFCFACEOUTERBOUND(#9538, .T.);
#9541 = IFCFACE((#9540));
#9542 = IFCPOLYLOOP((#9543, #9544, #9545));
#9543 = IFCCARTESIANPOINT((5.38302841186523E-2, 1.17956819534302E-2, 1.88068954467773E-1));
#9544 = IFCCARTESIANPOINT((5.19390487670898E-2, 1.22305955886841E-2, 1.84509307861328E-1));
#9545 = IFCCARTESIANPOINT((5.29562606811523E-2, 1.26233282089233E-2, 1.87633758544922E-1));
#9546 = IFCFACEOUTERBOUND(#9542, .T.);
#9547 = IFCFACE((#9546));
#9548 = IFCPOLYLOOP((#9544, #9198, #9539));
#9549 = IFCFACEOUTERBOUND(#9548, .T.);
#9550 = IFCFACE((#9549));
#9551 = IFCPOLYLOOP((#9166, #9539, #9198));
#9552 = IFCFACEOUTERBOUND(#9551, .T.);
#9553 = IFCFACE((#9552));
#9554 = IFCPOLYLOOP((#9544, #9543, #9198));
#9555 = IFCFACEOUTERBOUND(#9554, .T.);
#9556 = IFCFACE((#9555));
#9557 = IFCPOLYLOOP((#9198, #9543, #9558));
#9558 = IFCCARTESIANPOINT((6.25565605163574E-2, 9.34336853027344E-3, 2.05828399658203E-1));
#9559 = IFCFACEOUTERBOUND(#9557, .T.);
#9560 = IFCFACE((#9559));
#9561 = IFCPOLYLOOP((#9558, #9229, #9198));
#9562 = IFCFACEOUTERBOUND(#9561, .T.);
#9563 = IFCFACE((#9562));
#9564 = IFCPOLYLOOP((#9266, #9229, #9565));
#9565 = IFCCARTESIANPOINT((7.92215881347656E-2, 3.87112283706665E-3, 2.4269091796875E-1));
#9566 = IFCFACEOUTERBOUND(#9564, .T.);
#9567 = IFCFACE((#9566));
#9568 = IFCPOLYLOOP((#9569, #9309, #9570));
#9569 = IFCCARTESIANPOINT((9.84554290771484E-2, -2.48349332809448E-3, 2.86494812011719E-1));
#9570 = IFCCARTESIANPOINT((9.72274322509766E-2, -2.03243398666382E-3, 2.83759979248047E-1));
#9571 = IFCFACEOUTERBOUND(#9568, .T.);
#9572 = IFCFACE((#9571));
#9573 = IFCPOLYLOOP((#9574, #9309, #9266));
#9574 = IFCCARTESIANPOINT((8.9194206237793E-2, 3.57828080654144E-4, 2.65217529296875E-1));
#9575 = IFCFACEOUTERBOUND(#9573, .T.);
#9576 = IFCFACE((#9575));
#9577 = IFCPOLYLOOP((#9309, #9569, #9578));
#9578 = IFCCARTESIANPOINT((1.06039840698242E-1, -5.58131313323975E-3, 3.05052947998047E-1));
#9579 = IFCFACEOUTERBOUND(#9577, .T.);
#9580 = IFCFACE((#9579));
#9581 = IFCPOLYLOOP((#9582, #9569, #9570));
#9582 = IFCCARTESIANPOINT((9.71845092773438E-2, -1.00903058052063E-3, 2.86356872558594E-1));
#9583 = IFCFACEOUTERBOUND(#9581, .T.);
#9584 = IFCFACE((#9583));
#9585 = IFCPOLYLOOP((#9558, #9586, #9229));
#9586 = IFCCARTESIANPOINT((7.01441802978516E-2, 6.93008041381836E-3, 2.22212799072266E-1));
#9587 = IFCFACEOUTERBOUND(#9585, .T.);
#9588 = IFCFACE((#9587));
#9589 = IFCPOLYLOOP((#9574, #9570, #9309));
#9590 = IFCFACEOUTERBOUND(#9589, .T.);
#9591 = IFCFACE((#9590));
#9592 = IFCPOLYLOOP((#9586, #9565, #9229));
#9593 = IFCFACEOUTERBOUND(#9592, .T.);
#9594 = IFCFACE((#9593));
#9595 = IFCPOLYLOOP((#9574, #9596, #9597));
#9596 = IFCCARTESIANPOINT((8.79413299560547E-2, 8.17483603954315E-4, 2.62502502441406E-1));
#9597 = IFCCARTESIANPOINT((8.79840698242188E-2, 1.01222097873688E-3, 2.64427795410156E-1));
#9598 = IFCFACEOUTERBOUND(#9595, .T.);
#9599 = IFCFACE((#9598));
#9600 = IFCPOLYLOOP((#9266, #9565, #9596));
#9601 = IFCFACEOUTERBOUND(#9600, .T.);
#9602 = IFCFACE((#9601));
#9603 = IFCPOLYLOOP((#9266, #9596, #9574));
#9604 = IFCFACEOUTERBOUND(#9603, .T.);
#9605 = IFCFACE((#9604));
#9606 = IFCPOLYLOOP((#9607, #9608, #9317));
#9607 = IFCCARTESIANPOINT((9.42098693847656E-2, -5.73708267211914E-2, 3.15504455566406E-1));
#9608 = IFCCARTESIANPOINT((8.78864517211914E-2, -5.67549247741699E-2, 3.00458709716797E-1));
#9609 = IFCFACEOUTERBOUND(#9606, .T.);
#9610 = IFCFACE((#9609));
#9611 = IFCPOLYLOOP((#9317, #9608, #9270));
#9612 = IFCFACEOUTERBOUND(#9611, .T.);
#9613 = IFCFACE((#9612));
#9614 = IFCPOLYLOOP((#9615, #9616, #9617));
#9615 = IFCCARTESIANPOINT((1.01733840942383E-1, -5.73904609680176E-2, 3.33764251708984E-1));
#9616 = IFCCARTESIANPOINT((1.00091949462891E-1, -5.92720146179199E-2, 3.33740661621094E-1));
#9617 = IFCCARTESIANPOINT((9.85931091308594E-2, -5.74383773803711E-2, 3.27688354492188E-1));
#9618 = IFCFACEOUTERBOUND(#9614, .T.);
#9619 = IFCFACE((#9618));
#9620 = IFCPOLYLOOP((#9317, #9617, #9607));
#9621 = IFCFACEOUTERBOUND(#9620, .T.);
#9622 = IFCFACE((#9621));
#9623 = IFCPOLYLOOP((#9617, #9317, #9615));
#9624 = IFCFACEOUTERBOUND(#9623, .T.);
#9625 = IFCFACE((#9624));
#9626 = IFCPOLYLOOP((#9353, #9627, #9628));
#9627 = IFCCARTESIANPOINT((1.0969108581543E-1, -5.6422176361084E-2, 3.53488220214844E-1));
#9628 = IFCCARTESIANPOINT((1.05759063720703E-1, -5.70397796630859E-2, 3.43589874267578E-1));
#9629 = IFCFACEOUTERBOUND(#9626, .T.);
#9630 = IFCFACE((#9629));
#9631 = IFCPOLYLOOP((#9353, #9615, #9317));
#9632 = IFCFACEOUTERBOUND(#9631, .T.);
#9633 = IFCFACE((#9632));
#9634 = IFCPOLYLOOP((#9353, #9349, #9635));
#9635 = IFCCARTESIANPOINT((1.14797920227051E-1, -5.51167182922363E-2, 3.66896850585938E-1));
#9636 = IFCFACEOUTERBOUND(#9634, .T.);
#9637 = IFCFACE((#9636));
#9638 = IFCPOLYLOOP((#9639, #9627, #9353));
#9639 = IFCCARTESIANPOINT((1.10855567932129E-1, -5.61914329528809E-2, 3.56558807373047E-1));
#9640 = IFCFACEOUTERBOUND(#9638, .T.);
#9641 = IFCFACE((#9640));
#9642 = IFCPOLYLOOP((#9628, #9615, #9353));
#9643 = IFCFACEOUTERBOUND(#9642, .T.);
#9644 = IFCFACE((#9643));
#9645 = IFCPOLYLOOP((#9627, #9639, #9646));
#9646 = IFCCARTESIANPOINT((1.0970947265625E-1, -5.79565658569336E-2, 3.5810205078125E-1));
#9647 = IFCFACEOUTERBOUND(#9645, .T.);
#9648 = IFCFACE((#9647));
#9649 = IFCPOLYLOOP((#9382, #9650, #9635));
#9650 = IFCCARTESIANPOINT((1.18537261962891E-1, -5.37131309509277E-2, 3.77278869628906E-1));
#9651 = IFCFACEOUTERBOUND(#9649, .T.);
#9652 = IFCFACE((#9651));
#9653 = IFCPOLYLOOP((#9654, #9650, #9382));
#9654 = IFCCARTESIANPOINT((1.19537925720215E-1, -5.32857246398926E-2, 3.80319519042969E-1));
#9655 = IFCFACEOUTERBOUND(#9653, .T.);
#9656 = IFCFACE((#9655));
#9657 = IFCPOLYLOOP((#9635, #9349, #9382));
#9658 = IFCFACEOUTERBOUND(#9657, .T.);
#9659 = IFCFACE((#9658));
#9660 = IFCPOLYLOOP((#9639, #9353, #9635));
#9661 = IFCFACEOUTERBOUND(#9660, .T.);
#9662 = IFCFACE((#9661));
#9663 = IFCPOLYLOOP((#9650, #9654, #9664));
#9664 = IFCCARTESIANPOINT((1.18333724975586E-1, -5.43081741333008E-2, 3.79871551513672E-1));
#9665 = IFCFACEOUTERBOUND(#9663, .T.);
#9666 = IFCFACE((#9665));
#9667 = IFCPOLYLOOP((#9668, #9669, #9670));
#9668 = IFCCARTESIANPOINT((1.26870422363281E-1, -4.8624195098877E-2, 4.03267486572266E-1));
#9669 = IFCCARTESIANPOINT((1.25754653930664E-1, -5.01158447265625E-2, 4.04574615478516E-1));
#9670 = IFCCARTESIANPOINT((1.25982528686523E-1, -4.93472442626953E-2, 4.00324188232422E-1));
#9671 = IFCFACEOUTERBOUND(#9667, .T.);
#9672 = IFCFACE((#9671));
#9673 = IFCPOLYLOOP((#9382, #9404, #9670));
#9674 = IFCFACEOUTERBOUND(#9673, .T.);
#9675 = IFCFACE((#9674));
#9676 = IFCPOLYLOOP((#9677, #9382, #9670));
#9677 = IFCCARTESIANPOINT((1.22922332763672E-1, -5.14342727661133E-2, 3.9030224609375E-1));
#9678 = IFCFACEOUTERBOUND(#9676, .T.);
#9679 = IFCFACE((#9678));
#9680 = IFCPOLYLOOP((#9404, #9681, #9668));
#9681 = IFCCARTESIANPOINT((1.29951904296875E-1, -4.58704566955566E-2, 4.1500634765625E-1));
#9682 = IFCFACEOUTERBOUND(#9680, .T.);
#9683 = IFCFACE((#9682));
#9684 = IFCPOLYLOOP((#9400, #9681, #9404));
#9685 = IFCFACEOUTERBOUND(#9684, .T.);
#9686 = IFCFACE((#9685));
#9687 = IFCPOLYLOOP((#9670, #9404, #9668));
#9688 = IFCFACEOUTERBOUND(#9687, .T.);
#9689 = IFCFACE((#9688));
#9690 = IFCPOLYLOOP((#9400, #9691, #9692));
#9691 = IFCCARTESIANPOINT((1.32656448364258E-1, -4.2942211151123E-2, 4.27816986083984E-1));
#9692 = IFCCARTESIANPOINT((1.31737396240234E-1, -4.39494972229004E-2, 4.23002349853516E-1));
#9693 = IFCFACEOUTERBOUND(#9690, .T.);
#9694 = IFCFACE((#9693));
#9695 = IFCPOLYLOOP((#9691, #9696, #9692));
#9696 = IFCCARTESIANPOINT((1.31674667358398E-1, -4.46285820007324E-2, 4.26932434082031E-1));
#9697 = IFCFACEOUTERBOUND(#9695, .T.);
#9698 = IFCFACE((#9697));
#9699 = IFCPOLYLOOP((#9400, #9419, #9691));
#9700 = IFCFACEOUTERBOUND(#9699, .T.);
#9701 = IFCFACE((#9700));
#9702 = IFCPOLYLOOP((#9703, #9691, #9419));
#9703 = IFCCARTESIANPOINT((1.36231735229492E-1, -3.81813354492188E-2, 4.46878601074219E-1));
#9704 = IFCFACEOUTERBOUND(#9702, .T.);
#9705 = IFCFACE((#9704));
#9706 = IFCPOLYLOOP((#9681, #9400, #9692));
#9707 = IFCFACEOUTERBOUND(#9706, .T.);
#9708 = IFCFACE((#9707));
#9709 = IFCPOLYLOOP((#9710, #9711, #9703));
#9710 = IFCCARTESIANPOINT((1.37241897583008E-1, -3.65721168518066E-2, 4.53225463867188E-1));
#9711 = IFCCARTESIANPOINT((1.36246673583984E-1, -3.86373100280762E-2, 4.51025329589844E-1));
#9712 = IFCFACEOUTERBOUND(#9709, .T.);
#9713 = IFCFACE((#9712));
#9714 = IFCPOLYLOOP((#9419, #9715, #9716));
#9715 = IFCCARTESIANPOINT((1.43245529174805E-1, -2.10361213684082E-2, 4.66804870605469E-1));
#9716 = IFCCARTESIANPOINT((1.40131713867188E-1, -3.1803840637207E-2, 4.70291961669922E-1));
#9717 = IFCFACEOUTERBOUND(#9714, .T.);
#9718 = IFCFACE((#9717));
#9719 = IFCPOLYLOOP((#9716, #9710, #9419));
#9720 = IFCFACEOUTERBOUND(#9719, .T.);
#9721 = IFCFACE((#9720));
#9722 = IFCPOLYLOOP((#9716, #9715, #9723));
#9723 = IFCCARTESIANPOINT((1.44900634765625E-1, -2.14069442749023E-2, 4.84791778564453E-1));
#9724 = IFCFACEOUTERBOUND(#9722, .T.);
#9725 = IFCFACE((#9724));
#9726 = IFCPOLYLOOP((#9723, #9727, #9716));
#9727 = IFCCARTESIANPOINT((1.43068237304688E-1, -2.70036334991455E-2, 4.86408264160156E-1));
#9728 = IFCFACEOUTERBOUND(#9726, .T.);
#9729 = IFCFACE((#9728));
#9730 = IFCPOLYLOOP((#9703, #9419, #9710));
#9731 = IFCFACEOUTERBOUND(#9730, .T.);
#9732 = IFCFACE((#9731));
#9733 = IFCPOLYLOOP((#9654, #9382, #9677));
#9734 = IFCFACEOUTERBOUND(#9733, .T.);
#9735 = IFCFACE((#9734));
#9736 = IFCPOLYLOOP((#9737, #9738, #9374));
#9737 = IFCCARTESIANPOINT((1.22812469482422E-1, -1.27048120498657E-2, 3.47111480712891E-1));
#9738 = IFCCARTESIANPOINT((1.23753349304199E-1, -1.31604099273682E-2, 3.49976135253906E-1));
#9739 = IFCFACEOUTERBOUND(#9736, .T.);
#9740 = IFCFACE((#9739));
#9741 = IFCPOLYLOOP((#9374, #9738, #9396));
#9742 = IFCFACEOUTERBOUND(#9741, .T.);
#9743 = IFCFACE((#9742));
#9744 = IFCPOLYLOOP((#9738, #9737, #9745));
#9745 = IFCCARTESIANPOINT((1.22787788391113E-1, -1.12132120132446E-2, 3.49618469238281E-1));
#9746 = IFCFACEOUTERBOUND(#9744, .T.);
#9747 = IFCFACE((#9746));
#9748 = IFCPOLYLOOP((#9749, #9374, #9338));
#9749 = IFCCARTESIANPOINT((1.19507057189941E-1, -1.10966396331787E-2, 3.37973876953125E-1));
#9750 = IFCFACEOUTERBOUND(#9748, .T.);
#9751 = IFCFACE((#9750));
#9752 = IFCPOLYLOOP((#9737, #9374, #9749));
#9753 = IFCFACEOUTERBOUND(#9752, .T.);
#9754 = IFCFACE((#9753));
#9755 = IFCPOLYLOOP((#9756, #9757, #9396));
#9756 = IFCCARTESIANPOINT((1.30125839233398E-1, -1.65170555114746E-2, 3.72675842285156E-1));
#9757 = IFCCARTESIANPOINT((1.32307006835938E-1, -1.77842025756836E-2, 3.82521789550781E-1));
#9758 = IFCFACEOUTERBOUND(#9755, .T.);
#9759 = IFCFACE((#9758));
#9760 = IFCPOLYLOOP((#9396, #9757, #9761));
#9761 = IFCCARTESIANPOINT((1.34185546875E-1, -1.87792377471924E-2, 3.92568695068359E-1));
#9762 = IFCFACEOUTERBOUND(#9760, .T.);
#9763 = IFCFACE((#9762));
#9764 = IFCPOLYLOOP((#9765, #9756, #9766));
#9765 = IFCCARTESIANPOINT((1.29338043212891E-1, -1.50713300704956E-2, 3.71865295410156E-1));
#9766 = IFCCARTESIANPOINT((1.29446655273438E-1, -1.62016677856445E-2, 3.69737976074219E-1));
#9767 = IFCFACEOUTERBOUND(#9764, .T.);
#9768 = IFCFACE((#9767));
#9769 = IFCPOLYLOOP((#9396, #9766, #9756));
#9770 = IFCFACEOUTERBOUND(#9769, .T.);
#9771 = IFCFACE((#9770));
#9772 = IFCPOLYLOOP((#9738, #9766, #9396));
#9773 = IFCFACEOUTERBOUND(#9772, .T.);
#9774 = IFCFACE((#9773));
#9775 = IFCPOLYLOOP((#9761, #9386, #9396));
#9776 = IFCFACEOUTERBOUND(#9775, .T.);
#9777 = IFCFACE((#9776));
#9778 = IFCPOLYLOOP((#9779, #9345, #9780));
#9779 = IFCCARTESIANPOINT((1.14790412902832E-1, -8.96548557281494E-3, 3.26201202392578E-1));
#9780 = IFCCARTESIANPOINT((1.07493812561035E-1, -6.08846950531006E-3, 3.08481567382813E-1));
#9781 = IFCFACEOUTERBOUND(#9778, .T.);
#9782 = IFCFACE((#9781));
#9783 = IFCPOLYLOOP((#9784, #9780, #9578));
#9784 = IFCCARTESIANPOINT((1.06484260559082E-1, -5.44363498687744E-3, 3.08149719238281E-1));
#9785 = IFCFACEOUTERBOUND(#9783, .T.);
#9786 = IFCFACE((#9785));
#9787 = IFCPOLYLOOP((#9345, #9578, #9780));
#9788 = IFCFACEOUTERBOUND(#9787, .T.);
#9789 = IFCFACE((#9788));
#9790 = IFCPOLYLOOP((#9345, #9309, #9578));
#9791 = IFCFACEOUTERBOUND(#9790, .T.);
#9792 = IFCFACE((#9791));
#9793 = IFCPOLYLOOP((#9749, #9338, #9794));
#9794 = IFCCARTESIANPOINT((1.15932762145996E-1, -9.45732021331787E-3, 3.28993041992188E-1));
#9795 = IFCFACEOUTERBOUND(#9793, .T.);
#9796 = IFCFACE((#9795));
#9797 = IFCPOLYLOOP((#9798, #9794, #9779));
#9798 = IFCCARTESIANPOINT((1.14905044555664E-1, -7.6118803024292E-3, 3.28663482666016E-1));
#9799 = IFCFACEOUTERBOUND(#9797, .T.);
#9800 = IFCFACE((#9799));
#9801 = IFCPOLYLOOP((#9794, #9345, #9779));
#9802 = IFCFACEOUTERBOUND(#9801, .T.);
#9803 = IFCFACE((#9802));
#9804 = IFCPOLYLOOP((#9794, #9338, #9345));
#9805 = IFCFACEOUTERBOUND(#9804, .T.);
#9806 = IFCFACE((#9805));
#9807 = IFCPOLYLOOP((#9808, #9715, #9419));
#9808 = IFCCARTESIANPOINT((1.4234211730957E-1, -2.08583183288574E-2, 4.57539489746094E-1));
#9809 = IFCFACEOUTERBOUND(#9807, .T.);
#9810 = IFCFACE((#9809));
#9811 = IFCPOLYLOOP((#9415, #9808, #9419));
#9812 = IFCFACEOUTERBOUND(#9811, .T.);
#9813 = IFCFACE((#9812));
#9814 = IFCPOLYLOOP((#9815, #9415, #9408));
#9815 = IFCCARTESIANPOINT((1.3829182434082E-1, -2.02248783111572E-2, 4.20887451171875E-1));
#9816 = IFCFACEOUTERBOUND(#9814, .T.);
#9817 = IFCFACE((#9816));
#9818 = IFCPOLYLOOP((#9808, #9415, #9819));
#9819 = IFCCARTESIANPOINT((1.41413299560547E-1, -2.06303806304932E-2, 4.48282379150391E-1));
#9820 = IFCFACEOUTERBOUND(#9818, .T.);
#9821 = IFCFACE((#9820));
#9822 = IFCPOLYLOOP((#9727, #9723, #9823));
#9823 = IFCCARTESIANPOINT((1.45017852783203E-1, -2.32919769287109E-2, 4.92520141601563E-1));
#9824 = IFCFACEOUTERBOUND(#9822, .T.);
#9825 = IFCFACE((#9824));
#9826 = IFCPOLYLOOP((#9827, #9828, #9761));
#9827 = IFCCARTESIANPOINT((1.34225296020508E-1, -1.71176300048828E-2, 3.94998382568359E-1));
#9828 = IFCCARTESIANPOINT((1.34708541870117E-1, -1.91147422790527E-2, 3.95582916259766E-1));
#9829 = IFCFACEOUTERBOUND(#9826, .T.);
#9830 = IFCFACE((#9829));
#9831 = IFCPOLYLOOP((#9828, #9386, #9761));
#9832 = IFCFACEOUTERBOUND(#9831, .T.);
#9833 = IFCFACE((#9832));
#9834 = IFCPOLYLOOP((#9408, #9828, #9835));
#9835 = IFCCARTESIANPOINT((1.37662933349609E-1, -2.03308258056641E-2, 4.15574005126953E-1));
#9836 = IFCFACEOUTERBOUND(#9834, .T.);
#9837 = IFCFACE((#9836));
#9838 = IFCPOLYLOOP((#9415, #9815, #9839));
#9839 = IFCCARTESIANPOINT((1.40706726074219E-1, -2.06320095062256E-2, 4.41542266845703E-1));
#9840 = IFCFACEOUTERBOUND(#9838, .T.);
#9841 = IFCFACE((#9840));
#9842 = IFCPOLYLOOP((#9408, #9835, #9815));
#9843 = IFCFACEOUTERBOUND(#9842, .T.);
#9844 = IFCFACE((#9843));
#9845 = IFCPOLYLOOP((#9846, #9819, #9839));
#9846 = IFCCARTESIANPOINT((1.41278244018555E-1, -1.89534015655518E-2, 4.44909912109375E-1));
#9847 = IFCFACEOUTERBOUND(#9845, .T.);
#9848 = IFCFACE((#9847));
#9849 = IFCPOLYLOOP((#9835, #9850, #9815));
#9850 = IFCCARTESIANPOINT((1.38024307250977E-1, -1.84254131317139E-2, 4.19006683349609E-1));
#9851 = IFCFACEOUTERBOUND(#9849, .T.);
#9852 = IFCFACE((#9851));
#9853 = IFCPOLYLOOP((#9839, #9819, #9415));
#9854 = IFCFACEOUTERBOUND(#9853, .T.);
#9855 = IFCFACE((#9854));
#9856 = IFCPOLYLOOP((#9408, #9386, #9828));
#9857 = IFCFACEOUTERBOUND(#9856, .T.);
#9858 = IFCFACE((#9857));
#9859 = IFCPOLYLOOP((#9270, #9608, #9494));
#9860 = IFCFACEOUTERBOUND(#9859, .T.);
#9861 = IFCFACE((#9860));
#9862 = IFCPOLYLOOP((#9170, #9172, #9144));
#9863 = IFCFACEOUTERBOUND(#9862, .T.);
#9864 = IFCFACE((#9863));
#9865 = IFCPOLYLOOP((#9170, #9144, #9146));
#9866 = IFCFACEOUTERBOUND(#9865, .T.);
#9867 = IFCFACE((#9866));
#9868 = IFCPOLYLOOP((#9190, #9162, #9166));
#9869 = IFCFACEOUTERBOUND(#9868, .T.);
#9870 = IFCFACE((#9869));
#9871 = IFCPOLYLOOP((#9202, #9171, #9170));
#9872 = IFCFACEOUTERBOUND(#9871, .T.);
#9873 = IFCFACE((#9872));
#9874 = IFCPOLYLOOP((#9202, #9170, #9176));
#9875 = IFCFACEOUTERBOUND(#9874, .T.);
#9876 = IFCFACE((#9875));
#9877 = IFCPOLYLOOP((#9221, #9190, #9194));
#9878 = IFCFACEOUTERBOUND(#9877, .T.);
#9879 = IFCFACE((#9878));
#9880 = IFCPOLYLOOP((#9225, #9194, #9198));
#9881 = IFCFACEOUTERBOUND(#9880, .T.);
#9882 = IFCFACE((#9881));
#9883 = IFCPOLYLOOP((#9233, #9203, #9202));
#9884 = IFCFACEOUTERBOUND(#9883, .T.);
#9885 = IFCFACE((#9884));
#9886 = IFCPOLYLOOP((#9262, #9225, #9229));
#9887 = IFCFACEOUTERBOUND(#9886, .T.);
#9888 = IFCFACE((#9887));
#9889 = IFCSURFACESTYLERENDERING(#9890, 0., #9891, $, $, #9892, #9893, $, .NOTDEFINED.);
#9890 = IFCCOLOURRGB('Surface color', 0., 4.98039215803146E-1, 0.);
#9891 = IFCCOLOURRGB('Diffuse color', 0., 4.98039215803146E-1, 0.);
#9892 = IFCCOLOURRGB('Reflection color', 1., 1., 1.);
#9893 = IFCCOLOURRGB('Specular color', 1., 1., 1.);
#9894 = IFCSURFACESTYLE('d194c32c_5116_40c1_a141_b5544e73a1b4', .BOTH., (#9889));
#9895 = IFCPRESENTATIONSTYLEASSIGNMENT((#9894));
#9896 = IFCSTYLEDITEM($, (#9895), $);
#9897 = IFCSTYLEDREPRESENTATION(#106, 'Body', $, (#9896));
#9898 = IFCOPENSHELL((#9904, #9909, #9912, #9917, #9920, #9924, #9930, #9934, #9938, #9941, #9945, #9948, #9952, #9955, #9960, #9965, #9969, #9972, #9976, #9979, #9983, #9986, #9990, #9993, #9997, #10002, #10006, #10009, #10013, #10016, #10020, #10023, #10027, #10030, #10034, #10039, #10043, #10047, #10050, #10054, #10057, #10061, #10064, #10068, #10071, #10075, #10078, #10083, #10086, #10090, #10093, #10097, #10100, #10104, #10107, #10111, #10114, #10118, #10121, #10125, #10129, #10133, #10136, #10140, #10143, #10147, #10150, #10154, #10157, #10161, #10165, #10169, #10172, #10176, #10179, #10183, #10186, #10190, #10194, #10198, #10201, #10204, #10208, #10212, #10216, #10220, #10224, #10229, #10233, #10237, #10241, #10245, #10249, #10253, #10257, #10260, #10263, #10266, #10270, #10273, #10278, #10282, #10286, #10290, #10293, #10296, #10300, #10303, #10306, #10309, #10313, #10317, #10321, #10324, #10328, #10332, #10336, #10341, #10344, #10347, #10351, #10355, #10359, #10362, #10367, #10370, #10374, #10378, #10381, #10385, #10389, #10392, #10395, #10401, #10405, #10408, #10412, #10415, #10419, #10423, #10427, #10431, #10434, #10437, #10441, #10447, #10450, #10455, #10458, #10461, #10464, #10469, #10472, #10476, #10482, #10485, #10488, #10492, #10496, #10499, #10503, #10508, #10513, #10516, #10519, #10522, #10526, #10531, #10535, #10539, #10542, #10545, #10548, #10551, #10554, #10558, #10562, #10568, #10572, #10575, #10580, #10583, #10587, #10590, #10593, #10596, #10599, #10602, #10605, #10608, #10611, #10614, #10617, #10620, #10623, #10626, #10629, #10632, #10635, #10638));
#9899 = IFCPOLYLOOP((#9900, #9901, #9902));
#9900 = IFCCARTESIANPOINT((1.39858226776123E-2, 3.62671775817871E-2, 1.92341186523438E-1));
#9901 = IFCCARTESIANPOINT((2.13059639930725E-3, 2.6907865524292E-2, 1.62417541503906E-1));
#9902 = IFCCARTESIANPOINT((-4.04025840759277E-3, 3.40036354064941E-2, 1.62642959594727E-1));
#9903 = IFCFACEOUTERBOUND(#9899, .T.);
#9904 = IFCFACE((#9903));
#9905 = IFCPOLYLOOP((#9906, #9907, #9901));
#9906 = IFCCARTESIANPOINT((2.10440349578857E-2, 2.86293163299561E-2, 1.91446105957031E-1));
#9907 = IFCCARTESIANPOINT((8.8812198638916E-3, 1.90459632873535E-2, 1.6195703125E-1));
#9908 = IFCFACEOUTERBOUND(#9905, .T.);
#9909 = IFCFACE((#9908));
#9910 = IFCPOLYLOOP((#9901, #9900, #9906));
#9911 = IFCFACEOUTERBOUND(#9910, .T.);
#9912 = IFCFACE((#9911));
#9913 = IFCPOLYLOOP((#9914, #9915, #9907));
#9914 = IFCCARTESIANPOINT((2.76997413635254E-2, 2.06321926116943E-2, 1.90763885498047E-1));
#9915 = IFCCARTESIANPOINT((1.56100416183472E-2, 1.11225252151489E-2, 1.61294906616211E-1));
#9916 = IFCFACEOUTERBOUND(#9913, .T.);
#9917 = IFCFACE((#9916));
#9918 = IFCPOLYLOOP((#9907, #9906, #9914));
#9919 = IFCFACEOUTERBOUND(#9918, .T.);
#9920 = IFCFACE((#9919));
#9921 = IFCPOLYLOOP((#9915, #9914, #9922));
#9922 = IFCCARTESIANPOINT((3.36475524902344E-2, 1.25922470092773E-2, 1.90368896484375E-1));
#9923 = IFCFACEOUTERBOUND(#9921, .T.);
#9924 = IFCFACE((#9923));
#9925 = IFCPOLYLOOP((#9926, #9927, #9928));
#9926 = IFCCARTESIANPOINT((1.7988245010376E-2, 5.13129768371582E-2, 2.23594604492188E-1));
#9927 = IFCCARTESIANPOINT((7.20047378540039E-3, 4.28886680603027E-2, 1.93318740844727E-1));
#9928 = IFCCARTESIANPOINT((7.82129645347595E-4, 4.84757995605469E-2, 1.9432585144043E-1));
#9929 = IFCFACEOUTERBOUND(#9925, .T.);
#9930 = IFCFACE((#9929));
#9931 = IFCPOLYLOOP((#9932, #9900, #9927));
#9932 = IFCCARTESIANPOINT((2.54194297790527E-2, 4.52149391174316E-2, 2.22061981201172E-1));
#9933 = IFCFACEOUTERBOUND(#9931, .T.);
#9934 = IFCFACE((#9933));
#9935 = IFCPOLYLOOP((#9936, #9906, #9900));
#9936 = IFCCARTESIANPOINT((3.28013496398926E-2, 3.78581237792969E-2, 2.20868621826172E-1));
#9937 = IFCFACEOUTERBOUND(#9935, .T.);
#9938 = IFCFACE((#9937));
#9939 = IFCPOLYLOOP((#9900, #9932, #9936));
#9940 = IFCFACEOUTERBOUND(#9939, .T.);
#9941 = IFCFACE((#9940));
#9942 = IFCPOLYLOOP((#9943, #9914, #9906));
#9943 = IFCCARTESIANPOINT((3.93882293701172E-2, 2.98381462097168E-2, 2.202099609375E-1));
#9944 = IFCFACEOUTERBOUND(#9942, .T.);
#9945 = IFCFACE((#9944));
#9946 = IFCPOLYLOOP((#9906, #9936, #9943));
#9947 = IFCFACEOUTERBOUND(#9946, .T.);
#9948 = IFCFACE((#9947));
#9949 = IFCPOLYLOOP((#9950, #9922, #9914));
#9950 = IFCCARTESIANPOINT((4.48488578796387E-2, 2.14454746246338E-2, 2.20187683105469E-1));
#9951 = IFCFACEOUTERBOUND(#9949, .T.);
#9952 = IFCFACE((#9951));
#9953 = IFCPOLYLOOP((#9914, #9943, #9950));
#9954 = IFCFACEOUTERBOUND(#9953, .T.);
#9955 = IFCFACE((#9954));
#9956 = IFCPOLYLOOP((#9957, #9958, #9922));
#9957 = IFCCARTESIANPOINT((4.88520164489746E-2, 1.29705810546875E-2, 2.20903503417969E-1));
#9958 = IFCCARTESIANPOINT((3.85820770263672E-2, 4.82591438293457E-3, 1.90335510253906E-1));
#9959 = IFCFACEOUTERBOUND(#9956, .T.);
#9960 = IFCFACE((#9959));
#9961 = IFCPOLYLOOP((#9962, #9926, #9963));
#9962 = IFCCARTESIANPOINT((2.80685119628906E-2, 5.91079139709473E-2, 2.53729263305664E-1));
#9963 = IFCCARTESIANPOINT((1.06495351791382E-2, 5.6174747467041E-2, 2.25370834350586E-1));
#9964 = IFCFACEOUTERBOUND(#9961, .T.);
#9965 = IFCFACE((#9964));
#9966 = IFCPOLYLOOP((#9967, #9932, #9926));
#9967 = IFCCARTESIANPOINT((3.6104736328125E-2, 5.35140228271484E-2, 2.51830352783203E-1));
#9968 = IFCFACEOUTERBOUND(#9966, .T.);
#9969 = IFCFACE((#9968));
#9970 = IFCPOLYLOOP((#9926, #9962, #9967));
#9971 = IFCFACEOUTERBOUND(#9970, .T.);
#9972 = IFCFACE((#9971));
#9973 = IFCPOLYLOOP((#9974, #9936, #9932));
#9974 = IFCCARTESIANPOINT((4.37877540588379E-2, 4.64463996887207E-2, 2.50465301513672E-1));
#9975 = IFCFACEOUTERBOUND(#9973, .T.);
#9976 = IFCFACE((#9975));
#9977 = IFCPOLYLOOP((#9932, #9967, #9974));
#9978 = IFCFACEOUTERBOUND(#9977, .T.);
#9979 = IFCFACE((#9978));
#9980 = IFCPOLYLOOP((#9981, #9943, #9936));
#9981 = IFCCARTESIANPOINT((5.03135528564453E-2, 3.84374351501465E-2, 2.49863967895508E-1));
#9982 = IFCFACEOUTERBOUND(#9980, .T.);
#9983 = IFCFACE((#9982));
#9984 = IFCPOLYLOOP((#9936, #9974, #9981));
#9985 = IFCFACEOUTERBOUND(#9984, .T.);
#9986 = IFCFACE((#9985));
#9987 = IFCPOLYLOOP((#9988, #9950, #9943));
#9988 = IFCCARTESIANPOINT((5.53346290588379E-2, 2.97480354309082E-2, 2.5013688659668E-1));
#9989 = IFCFACEOUTERBOUND(#9987, .T.);
#9990 = IFCFACE((#9989));
#9991 = IFCPOLYLOOP((#9943, #9981, #9988));
#9992 = IFCFACEOUTERBOUND(#9991, .T.);
#9993 = IFCFACE((#9992));
#9994 = IFCPOLYLOOP((#9995, #9957, #9950));
#9995 = IFCCARTESIANPOINT((5.85034713745117E-2, 2.06391162872314E-2, 2.51394515991211E-1));
#9996 = IFCFACEOUTERBOUND(#9994, .T.);
#9997 = IFCFACE((#9996));
#9998 = IFCPOLYLOOP((#9999, #9962, #10000));
#9999 = IFCCARTESIANPOINT((3.73903388977051E-2, 6.62577896118164E-2, 2.84395782470703E-1));
#10000 = IFCCARTESIANPOINT((1.98591861724854E-2, 6.32911262512207E-2, 2.56042724609375E-1));
#10001 = IFCFACEOUTERBOUND(#9998, .T.);
#10002 = IFCFACE((#10001));
#10003 = IFCPOLYLOOP((#10004, #9967, #9962));
#10004 = IFCCARTESIANPOINT((4.59410209655762E-2, 6.11003646850586E-2, 2.82301055908203E-1));
#10005 = IFCFACEOUTERBOUND(#10003, .T.);
#10006 = IFCFACE((#10005));
#10007 = IFCPOLYLOOP((#9962, #9999, #10004));
#10008 = IFCFACEOUTERBOUND(#10007, .T.);
#10009 = IFCFACE((#10008));
#10010 = IFCPOLYLOOP((#10011, #9974, #9967));
#10011 = IFCCARTESIANPOINT((5.38766403198242E-2, 5.4295280456543E-2, 2.80875E-1));
#10012 = IFCFACEOUTERBOUND(#10010, .T.);
#10013 = IFCFACE((#10012));
#10014 = IFCPOLYLOOP((#9967, #10004, #10011));
#10015 = IFCFACEOUTERBOUND(#10014, .T.);
#10016 = IFCFACE((#10015));
#10017 = IFCPOLYLOOP((#10018, #9981, #9974));
#10018 = IFCCARTESIANPOINT((6.03529891967773E-2, 4.63188743591309E-2, 2.80354309082031E-1));
#10019 = IFCFACEOUTERBOUND(#10017, .T.);
#10020 = IFCFACE((#10019));
#10021 = IFCPOLYLOOP((#9974, #10011, #10018));
#10022 = IFCFACEOUTERBOUND(#10021, .T.);
#10023 = IFCFACE((#10022));
#10024 = IFCPOLYLOOP((#10025, #9988, #9981));
#10025 = IFCCARTESIANPOINT((6.50182800292969E-2, 3.74047737121582E-2, 2.80841430664063E-1));
#10026 = IFCFACEOUTERBOUND(#10024, .T.);
#10027 = IFCFACE((#10026));
#10028 = IFCPOLYLOOP((#9981, #10018, #10025));
#10029 = IFCFACEOUTERBOUND(#10028, .T.);
#10030 = IFCFACE((#10029));
#10031 = IFCPOLYLOOP((#10032, #9995, #10025));
#10032 = IFCCARTESIANPOINT((6.75207443237305E-2, 2.77866134643555E-2, 2.82438812255859E-1));
#10033 = IFCFACEOUTERBOUND(#10031, .T.);
#10034 = IFCFACE((#10033));
#10035 = IFCPOLYLOOP((#10036, #9999, #10037));
#10036 = IFCCARTESIANPOINT((4.57048797607422E-2, 7.25918884277344E-2, 3.1540625E-1));
#10037 = IFCCARTESIANPOINT((2.8429874420166E-2, 6.98656463623047E-2, 2.87034088134766E-1));
#10038 = IFCFACEOUTERBOUND(#10035, .T.);
#10039 = IFCFACE((#10038));
#10040 = IFCPOLYLOOP((#10037, #10041, #10036));
#10041 = IFCCARTESIANPOINT((3.61869354248047E-2, 7.578662109375E-2, 3.18174652099609E-1));
#10042 = IFCFACEOUTERBOUND(#10040, .T.);
#10043 = IFCFACE((#10042));
#10044 = IFCPOLYLOOP((#10045, #10004, #9999));
#10045 = IFCCARTESIANPOINT((5.46283264160156E-2, 6.77548217773438E-2, 3.13266784667969E-1));
#10046 = IFCFACEOUTERBOUND(#10044, .T.);
#10047 = IFCFACE((#10046));
#10048 = IFCPOLYLOOP((#9999, #10036, #10045));
#10049 = IFCFACEOUTERBOUND(#10048, .T.);
#10050 = IFCFACE((#10049));
#10051 = IFCPOLYLOOP((#10052, #10011, #10004));
#10052 = IFCCARTESIANPOINT((6.27433815002441E-2, 6.11528625488281E-2, 3.11871429443359E-1));
#10053 = IFCFACEOUTERBOUND(#10051, .T.);
#10054 = IFCFACE((#10053));
#10055 = IFCPOLYLOOP((#10004, #10045, #10052));
#10056 = IFCFACEOUTERBOUND(#10055, .T.);
#10057 = IFCFACE((#10056));
#10058 = IFCPOLYLOOP((#10059, #10018, #10011));
#10059 = IFCCARTESIANPOINT((6.91886291503906E-2, 5.32214889526367E-2, 3.11439788818359E-1));
#10060 = IFCFACEOUTERBOUND(#10058, .T.);
#10061 = IFCFACE((#10060));
#10062 = IFCPOLYLOOP((#10011, #10052, #10059));
#10063 = IFCFACEOUTERBOUND(#10062, .T.);
#10064 = IFCFACE((#10063));
#10065 = IFCPOLYLOOP((#10066, #10025, #10018));
#10066 = IFCCARTESIANPOINT((7.36214370727539E-2, 4.41743392944336E-2, 3.12052307128906E-1));
#10067 = IFCFACEOUTERBOUND(#10065, .T.);
#10068 = IFCFACE((#10067));
#10069 = IFCPOLYLOOP((#10018, #10059, #10066));
#10070 = IFCFACEOUTERBOUND(#10069, .T.);
#10071 = IFCFACE((#10070));
#10072 = IFCPOLYLOOP((#10066, #10073, #10032));
#10073 = IFCCARTESIANPOINT((7.56991653442383E-2, 3.42250366210938E-2, 3.13789459228516E-1));
#10074 = IFCFACEOUTERBOUND(#10072, .T.);
#10075 = IFCFACE((#10074));
#10076 = IFCPOLYLOOP((#10032, #10025, #10066));
#10077 = IFCFACEOUTERBOUND(#10076, .T.);
#10078 = IFCFACE((#10077));
#10079 = IFCPOLYLOOP((#10041, #10080, #10081));
#10080 = IFCCARTESIANPOINT((3.4667106628418E-2, 7.87020874023438E-2, 3.31483642578125E-1));
#10081 = IFCCARTESIANPOINT((5.2964542388916E-2, 7.80925140380859E-2, 3.46867645263672E-1));
#10082 = IFCFACEOUTERBOUND(#10079, .T.);
#10083 = IFCFACE((#10082));
#10084 = IFCPOLYLOOP((#10081, #10036, #10041));
#10085 = IFCFACEOUTERBOUND(#10084, .T.);
#10086 = IFCFACE((#10085));
#10087 = IFCPOLYLOOP((#10088, #10045, #10036));
#10088 = IFCCARTESIANPOINT((6.20923728942871E-2, 7.34328842163086E-2, 3.44799774169922E-1));
#10089 = IFCFACEOUTERBOUND(#10087, .T.);
#10090 = IFCFACE((#10089));
#10091 = IFCPOLYLOOP((#10036, #10081, #10088));
#10092 = IFCFACEOUTERBOUND(#10091, .T.);
#10093 = IFCFACE((#10092));
#10094 = IFCPOLYLOOP((#10095, #10052, #10045));
#10095 = IFCCARTESIANPOINT((7.03031005859375E-2, 6.69565200805664E-2, 3.43497894287109E-1));
#10096 = IFCFACEOUTERBOUND(#10094, .T.);
#10097 = IFCFACE((#10096));
#10098 = IFCPOLYLOOP((#10045, #10088, #10095));
#10099 = IFCFACEOUTERBOUND(#10098, .T.);
#10100 = IFCFACE((#10099));
#10101 = IFCPOLYLOOP((#10102, #10059, #10052));
#10102 = IFCCARTESIANPOINT((7.67426376342773E-2, 5.90776863098145E-2, 3.43147003173828E-1));
#10103 = IFCFACEOUTERBOUND(#10101, .T.);
#10104 = IFCFACE((#10103));
#10105 = IFCPOLYLOOP((#10052, #10095, #10102));
#10106 = IFCFACEOUTERBOUND(#10105, .T.);
#10107 = IFCFACE((#10106));
#10108 = IFCPOLYLOOP((#10102, #10109, #10066));
#10109 = IFCCARTESIANPOINT((8.1090461730957E-2, 4.99999961853027E-2, 3.437958984375E-1));
#10110 = IFCFACEOUTERBOUND(#10108, .T.);
#10111 = IFCFACE((#10110));
#10112 = IFCPOLYLOOP((#10066, #10059, #10102));
#10113 = IFCFACEOUTERBOUND(#10112, .T.);
#10114 = IFCFACE((#10113));
#10115 = IFCPOLYLOOP((#10109, #10116, #10073));
#10116 = IFCCARTESIANPOINT((8.30260620117188E-2, 3.9927074432373E-2, 3.45493408203125E-1));
#10117 = IFCFACEOUTERBOUND(#10115, .T.);
#10118 = IFCFACE((#10117));
#10119 = IFCPOLYLOOP((#10073, #10066, #10109));
#10120 = IFCFACEOUTERBOUND(#10119, .T.);
#10121 = IFCFACE((#10120));
#10122 = IFCPOLYLOOP((#10123, #10088, #10081));
#10123 = IFCCARTESIANPOINT((6.83753890991211E-2, 7.81790237426758E-2, 3.76984100341797E-1));
#10124 = IFCFACEOUTERBOUND(#10122, .T.);
#10125 = IFCFACE((#10124));
#10126 = IFCPOLYLOOP((#10081, #10127, #10123));
#10127 = IFCCARTESIANPOINT((5.92203140258789E-2, 8.2814567565918E-2, 3.78908233642578E-1));
#10128 = IFCFACEOUTERBOUND(#10126, .T.);
#10129 = IFCFACE((#10128));
#10130 = IFCPOLYLOOP((#10131, #10095, #10088));
#10131 = IFCCARTESIANPOINT((7.65982894897461E-2, 7.17445297241211E-2, 3.75802978515625E-1));
#10132 = IFCFACEOUTERBOUND(#10130, .T.);
#10133 = IFCFACE((#10132));
#10134 = IFCPOLYLOOP((#10088, #10123, #10131));
#10135 = IFCFACEOUTERBOUND(#10134, .T.);
#10136 = IFCFACE((#10135));
#10137 = IFCPOLYLOOP((#10138, #10102, #10095));
#10138 = IFCCARTESIANPOINT((8.30655288696289E-2, 6.39251251220703E-2, 3.75505920410156E-1));
#10139 = IFCFACEOUTERBOUND(#10137, .T.);
#10140 = IFCFACE((#10139));
#10141 = IFCPOLYLOOP((#10095, #10131, #10138));
#10142 = IFCFACEOUTERBOUND(#10141, .T.);
#10143 = IFCFACE((#10142));
#10144 = IFCPOLYLOOP((#10138, #10145, #10109));
#10145 = IFCCARTESIANPOINT((8.74897155761719E-2, 5.49251251220703E-2, 3.76105682373047E-1));
#10146 = IFCFACEOUTERBOUND(#10144, .T.);
#10147 = IFCFACE((#10146));
#10148 = IFCPOLYLOOP((#10109, #10102, #10138));
#10149 = IFCFACEOUTERBOUND(#10148, .T.);
#10150 = IFCFACE((#10149));
#10151 = IFCPOLYLOOP((#10145, #10152, #10116));
#10152 = IFCCARTESIANPOINT((8.95834579467773E-2, 4.49488334655762E-2, 3.77615142822266E-1));
#10153 = IFCFACEOUTERBOUND(#10151, .T.);
#10154 = IFCFACE((#10153));
#10155 = IFCPOLYLOOP((#10116, #10109, #10145));
#10156 = IFCFACEOUTERBOUND(#10155, .T.);
#10157 = IFCFACE((#10156));
#10158 = IFCPOLYLOOP((#10159, #10123, #10127));
#10159 = IFCCARTESIANPOINT((7.36166458129883E-2, 8.21116333007813E-2, 4.09858703613281E-1));
#10160 = IFCFACEOUTERBOUND(#10158, .T.);
#10161 = IFCFACE((#10160));
#10162 = IFCPOLYLOOP((#10127, #10163, #10159));
#10163 = IFCCARTESIANPOINT((6.46033096313477E-2, 8.68713684082031E-2, 4.116201171875E-1));
#10164 = IFCFACEOUTERBOUND(#10162, .T.);
#10165 = IFCFACE((#10164));
#10166 = IFCPOLYLOOP((#10167, #10131, #10123));
#10167 = IFCCARTESIANPOINT((8.17787704467773E-2, 7.56404190063477E-2, 4.08783905029297E-1));
#10168 = IFCFACEOUTERBOUND(#10166, .T.);
#10169 = IFCFACE((#10168));
#10170 = IFCPOLYLOOP((#10123, #10159, #10167));
#10171 = IFCFACEOUTERBOUND(#10170, .T.);
#10172 = IFCFACE((#10171));
#10173 = IFCPOLYLOOP((#10174, #10138, #10131));
#10174 = IFCCARTESIANPOINT((8.8316276550293E-2, 6.78910827636719E-2, 4.08492889404297E-1));
#10175 = IFCFACEOUTERBOUND(#10173, .T.);
#10176 = IFCFACE((#10175));
#10177 = IFCPOLYLOOP((#10131, #10167, #10174));
#10178 = IFCFACEOUTERBOUND(#10177, .T.);
#10179 = IFCFACE((#10178));
#10180 = IFCPOLYLOOP((#10174, #10181, #10145));
#10181 = IFCCARTESIANPOINT((9.29823837280273E-2, 5.90780563354492E-2, 4.08964813232422E-1));
#10182 = IFCFACEOUTERBOUND(#10180, .T.);
#10183 = IFCFACE((#10182));
#10184 = IFCPOLYLOOP((#10145, #10138, #10174));
#10185 = IFCFACEOUTERBOUND(#10184, .T.);
#10186 = IFCFACE((#10185));
#10187 = IFCPOLYLOOP((#10188, #10167, #10159));
#10188 = IFCCARTESIANPOINT((8.61016998291016E-2, 7.88530044555664E-2, 4.42386383056641E-1));
#10189 = IFCFACEOUTERBOUND(#10187, .T.);
#10190 = IFCFACE((#10189));
#10191 = IFCPOLYLOOP((#10159, #10192, #10188));
#10192 = IFCCARTESIANPOINT((7.80524368286133E-2, 8.54229965209961E-2, 4.43417510986328E-1));
#10193 = IFCFACEOUTERBOUND(#10191, .T.);
#10194 = IFCFACE((#10193));
#10195 = IFCPOLYLOOP((#10196, #10174, #10167));
#10196 = IFCCARTESIANPOINT((9.27622756958008E-2, 7.11924209594727E-2, 4.42030853271484E-1));
#10197 = IFCFACEOUTERBOUND(#10195, .T.);
#10198 = IFCFACE((#10197));
#10199 = IFCPOLYLOOP((#10167, #10188, #10196));
#10200 = IFCFACEOUTERBOUND(#10199, .T.);
#10201 = IFCFACE((#10200));
#10202 = IFCPOLYLOOP((#10181, #10174, #10196));
#10203 = IFCFACEOUTERBOUND(#10202, .T.);
#10204 = IFCFACE((#10203));
#10205 = IFCPOLYLOOP((#10192, #10206, #10188));
#10206 = IFCCARTESIANPOINT((7.9466796875E-2, 8.88759078979492E-2, 4.69935150146484E-1));
#10207 = IFCFACEOUTERBOUND(#10205, .T.);
#10208 = IFCFACE((#10207));
#10209 = IFCPOLYLOOP((#10210, #10196, #10188));
#10210 = IFCCARTESIANPOINT((9.67793807983398E-2, 7.4135612487793E-2, 4.75989166259766E-1));
#10211 = IFCFACEOUTERBOUND(#10209, .T.);
#10212 = IFCFACE((#10211));
#10213 = IFCPOLYLOOP((#10188, #10214, #10210));
#10214 = IFCCARTESIANPOINT((8.99315567016602E-2, 8.16763458251953E-2, 4.76504760742188E-1));
#10215 = IFCFACEOUTERBOUND(#10213, .T.);
#10216 = IFCFACE((#10215));
#10217 = IFCPOLYLOOP((#10210, #10214, #10218));
#10218 = IFCCARTESIANPOINT((9.35293426513672E-2, 8.43333206176758E-2, 5.09144134521484E-1));
#10219 = IFCFACEOUTERBOUND(#10217, .T.);
#10220 = IFCFACE((#10219));
#10221 = IFCPOLYLOOP((#10218, #10222, #10210));
#10222 = IFCCARTESIANPOINT((1.02334609985352E-1, 7.52162475585938E-2, 5.09246490478516E-1));
#10223 = IFCFACEOUTERBOUND(#10221, .T.);
#10224 = IFCFACE((#10223));
#10225 = IFCPOLYLOOP((#10226, #9928, #10227));
#10226 = IFCCARTESIANPOINT((-7.50635147094727E-3, 4.84607887268066E-2, 1.81035919189453E-1));
#10227 = IFCCARTESIANPOINT((-9.35579299926758E-3, 4.06949768066406E-2, 1.63710845947266E-1));
#10228 = IFCFACEOUTERBOUND(#10225, .T.);
#10229 = IFCFACE((#10228));
#10230 = IFCPOLYLOOP((#10231, #10226, #10227));
#10231 = IFCCARTESIANPOINT((-8.29425525665283E-3, 4.88152618408203E-2, 1.80283386230469E-1));
#10232 = IFCFACEOUTERBOUND(#10230, .T.);
#10233 = IFCFACE((#10232));
#10234 = IFCPOLYLOOP((#9928, #10226, #10235));
#10235 = IFCCARTESIANPOINT((-3.10359072685242E-3, 5.32116355895996E-2, 1.99149765014648E-1));
#10236 = IFCFACEOUTERBOUND(#10234, .T.);
#10237 = IFCFACE((#10236));
#10238 = IFCPOLYLOOP((#10239, #9928, #10235));
#10239 = IFCCARTESIANPOINT((1.74000036716461E-3, 5.73852996826172E-2, 2.17618957519531E-1));
#10240 = IFCFACEOUTERBOUND(#10238, .T.);
#10241 = IFCFACE((#10240));
#10242 = IFCPOLYLOOP((#9901, #9907, #10243));
#10243 = IFCCARTESIANPOINT((-9.12362766265869E-3, 2.23096580505371E-2, 1.3901708984375E-1));
#10244 = IFCFACEOUTERBOUND(#10242, .T.);
#10245 = IFCFACE((#10244));
#10246 = IFCPOLYLOOP((#10247, #10243, #9907));
#10247 = IFCCARTESIANPOINT((-4.1601710319519E-3, 1.19064588546753E-2, 1.33825149536133E-1));
#10248 = IFCFACEOUTERBOUND(#10246, .T.);
#10249 = IFCFACE((#10248));
#10250 = IFCPOLYLOOP((#9907, #10251, #10247));
#10251 = IFCCARTESIANPOINT((6.25896871089935E-4, 7.70416831970215E-3, 1.35484161376953E-1));
#10252 = IFCFACEOUTERBOUND(#10250, .T.);
#10253 = IFCFACE((#10252));
#10254 = IFCPOLYLOOP((#9902, #9901, #10255));
#10255 = IFCCARTESIANPOINT((-1.08991746902466E-2, 3.04763870239258E-2, 1.46377731323242E-1));
#10256 = IFCFACEOUTERBOUND(#10254, .T.);
#10257 = IFCFACE((#10256));
#10258 = IFCPOLYLOOP((#9902, #10227, #9927));
#10259 = IFCFACEOUTERBOUND(#10258, .T.);
#10260 = IFCFACE((#10259));
#10261 = IFCPOLYLOOP((#10227, #9902, #10255));
#10262 = IFCFACEOUTERBOUND(#10261, .T.);
#10263 = IFCFACE((#10262));
#10264 = IFCPOLYLOOP((#10227, #9928, #9927));
#10265 = IFCFACEOUTERBOUND(#10264, .T.);
#10266 = IFCFACE((#10265));
#10267 = IFCPOLYLOOP((#9915, #10268, #9907));
#10268 = IFCCARTESIANPOINT((5.48656272888184E-3, 3.67224884033203E-3, 1.3701237487793E-1));
#10269 = IFCFACEOUTERBOUND(#10267, .T.);
#10270 = IFCFACE((#10269));
#10271 = IFCPOLYLOOP((#9963, #9928, #10239));
#10272 = IFCFACEOUTERBOUND(#10271, .T.);
#10273 = IFCFACE((#10272));
#10274 = IFCPOLYLOOP((#10275, #9963, #10276));
#10275 = IFCCARTESIANPOINT((8.11897373199463E-3, 6.23008422851563E-2, 2.411201171875E-1));
#10276 = IFCCARTESIANPOINT((2.7263970375061E-3, 5.79580345153809E-2, 2.20606140136719E-1));
#10277 = IFCFACEOUTERBOUND(#10274, .T.);
#10278 = IFCFACE((#10277));
#10279 = IFCPOLYLOOP((#10239, #10280, #10276));
#10280 = IFCCARTESIANPOINT((1.69366776943207E-3, 5.81623954772949E-2, 2.19985763549805E-1));
#10281 = IFCFACEOUTERBOUND(#10279, .T.);
#10282 = IFCFACE((#10281));
#10283 = IFCPOLYLOOP((#10000, #10275, #10284));
#10284 = IFCCARTESIANPOINT((1.32971925735474E-2, 6.59878005981445E-2, 2.59715240478516E-1));
#10285 = IFCFACEOUTERBOUND(#10283, .T.);
#10286 = IFCFACE((#10285));
#10287 = IFCPOLYLOOP((#10037, #10000, #10288));
#10288 = IFCCARTESIANPOINT((1.98047485351563E-2, 7.0325553894043E-2, 2.82649688720703E-1));
#10289 = IFCFACEOUTERBOUND(#10287, .T.);
#10290 = IFCFACE((#10289));
#10291 = IFCPOLYLOOP((#10000, #9963, #10275));
#10292 = IFCFACEOUTERBOUND(#10291, .T.);
#10293 = IFCFACE((#10292));
#10294 = IFCPOLYLOOP((#10288, #10000, #10284));
#10295 = IFCFACEOUTERBOUND(#10294, .T.);
#10296 = IFCFACE((#10295));
#10297 = IFCPOLYLOOP((#10041, #10037, #10298));
#10298 = IFCCARTESIANPOINT((2.73019371032715E-2, 7.46881256103516E-2, 3.07344604492188E-1));
#10299 = IFCFACEOUTERBOUND(#10297, .T.);
#10300 = IFCFACE((#10299));
#10301 = IFCPOLYLOOP((#10298, #10080, #10041));
#10302 = IFCFACEOUTERBOUND(#10301, .T.);
#10303 = IFCFACE((#10302));
#10304 = IFCPOLYLOOP((#10288, #10298, #10037));
#10305 = IFCFACEOUTERBOUND(#10304, .T.);
#10306 = IFCFACE((#10305));
#10307 = IFCPOLYLOOP((#10239, #10276, #9963));
#10308 = IFCFACEOUTERBOUND(#10307, .T.);
#10309 = IFCFACE((#10308));
#10310 = IFCPOLYLOOP((#10268, #9915, #10311));
#10311 = IFCCARTESIANPOINT((1.3949556350708E-2, -5.92935025691986E-4, 1.42850967407227E-1));
#10312 = IFCFACEOUTERBOUND(#10310, .T.);
#10313 = IFCFACE((#10312));
#10314 = IFCPOLYLOOP((#10315, #9958, #9957));
#10315 = IFCCARTESIANPOINT((4.71181259155273E-2, 4.1720814704895E-3, 2.09909225463867E-1));
#10316 = IFCFACEOUTERBOUND(#10314, .T.);
#10317 = IFCFACE((#10316));
#10318 = IFCPOLYLOOP((#9922, #9958, #10319));
#10319 = IFCCARTESIANPOINT((2.51704177856445E-2, -1.79554212093353E-3, 1.57674545288086E-1));
#10320 = IFCFACEOUTERBOUND(#10318, .T.);
#10321 = IFCFACE((#10320));
#10322 = IFCPOLYLOOP((#10311, #9922, #10319));
#10323 = IFCFACEOUTERBOUND(#10322, .T.);
#10324 = IFCFACE((#10323));
#10325 = IFCPOLYLOOP((#10326, #10319, #9958));
#10326 = IFCCARTESIANPOINT((3.46935691833496E-2, -2.05800557136536E-3, 1.73988586425781E-1));
#10327 = IFCFACEOUTERBOUND(#10325, .T.);
#10328 = IFCFACE((#10327));
#10329 = IFCPOLYLOOP((#10319, #10326, #10330));
#10330 = IFCCARTESIANPOINT((3.4664867401123E-2, -2.62491464614868E-3, 1.73045791625977E-1));
#10331 = IFCFACEOUTERBOUND(#10329, .T.);
#10332 = IFCFACE((#10331));
#10333 = IFCPOLYLOOP((#10326, #9958, #10334));
#10334 = IFCCARTESIANPOINT((4.12082824707031E-2, 8.18340361118317E-4, 1.91539276123047E-1));
#10335 = IFCFACEOUTERBOUND(#10333, .T.);
#10336 = IFCFACE((#10335));
#10337 = IFCPOLYLOOP((#10338, #10315, #10339));
#10338 = IFCCARTESIANPOINT((4.79885292053223E-2, 3.73181200027466E-3, 2.12161575317383E-1));
#10339 = IFCCARTESIANPOINT((4.80233192443848E-2, 4.81923723220825E-3, 2.12929534912109E-1));
#10340 = IFCFACEOUTERBOUND(#10337, .T.);
#10341 = IFCFACE((#10340));
#10342 = IFCPOLYLOOP((#9958, #10315, #10334));
#10343 = IFCFACEOUTERBOUND(#10342, .T.);
#10344 = IFCFACE((#10343));
#10345 = IFCPOLYLOOP((#9957, #10339, #10315));
#10346 = IFCFACEOUTERBOUND(#10345, .T.);
#10347 = IFCFACE((#10346));
#10348 = IFCPOLYLOOP((#10349, #10339, #9957));
#10349 = IFCCARTESIANPOINT((5.40409088134766E-2, 8.3378849029541E-3, 2.33455490112305E-1));
#10350 = IFCFACEOUTERBOUND(#10348, .T.);
#10351 = IFCFACE((#10350));
#10352 = IFCPOLYLOOP((#9995, #10353, #10349));
#10353 = IFCCARTESIANPOINT((5.91274261474609E-2, 1.18551330566406E-2, 2.52110641479492E-1));
#10354 = IFCFACEOUTERBOUND(#10352, .T.);
#10355 = IFCFACE((#10354));
#10356 = IFCPOLYLOOP((#10032, #10357, #9995));
#10357 = IFCCARTESIANPOINT((6.47418823242188E-2, 1.61396865844727E-2, 2.73735778808594E-1));
#10358 = IFCFACEOUTERBOUND(#10356, .T.);
#10359 = IFCFACE((#10358));
#10360 = IFCPOLYLOOP((#9995, #10349, #9957));
#10361 = IFCFACEOUTERBOUND(#10360, .T.);
#10362 = IFCFACE((#10361));
#10363 = IFCPOLYLOOP((#10364, #10073, #10365));
#10364 = IFCCARTESIANPOINT((7.69300079345703E-2, 2.70397930145264E-2, 3.22299163818359E-1));
#10365 = IFCCARTESIANPOINT((7.76927719116211E-2, 2.78514308929443E-2, 3.25367126464844E-1));
#10366 = IFCFACEOUTERBOUND(#10363, .T.);
#10367 = IFCFACE((#10366));
#10368 = IFCPOLYLOOP((#10073, #10116, #10365));
#10369 = IFCFACEOUTERBOUND(#10368, .T.);
#10370 = IFCFACE((#10369));
#10371 = IFCPOLYLOOP((#10073, #10364, #10372));
#10372 = IFCCARTESIANPOINT((7.14735717773438E-2, 2.19791965484619E-2, 3.00184936523438E-1));
#10373 = IFCFACEOUTERBOUND(#10371, .T.);
#10374 = IFCFACE((#10373));
#10375 = IFCPOLYLOOP((#10365, #10376, #10364));
#10376 = IFCCARTESIANPOINT((7.73903198242188E-2, 2.68273677825928E-2, 3.24892120361328E-1));
#10377 = IFCFACEOUTERBOUND(#10375, .T.);
#10378 = IFCFACE((#10377));
#10379 = IFCPOLYLOOP((#10032, #10073, #10372));
#10380 = IFCFACEOUTERBOUND(#10379, .T.);
#10381 = IFCFACE((#10380));
#10382 = IFCPOLYLOOP((#10383, #10357, #10032));
#10383 = IFCCARTESIANPOINT((6.55353240966797E-2, 1.68870277404785E-2, 2.76757781982422E-1));
#10384 = IFCFACEOUTERBOUND(#10382, .T.);
#10385 = IFCFACE((#10384));
#10386 = IFCPOLYLOOP((#10357, #10383, #10387));
#10387 = IFCCARTESIANPOINT((6.52087783813477E-2, 1.58940649032593E-2, 2.76048248291016E-1));
#10388 = IFCFACEOUTERBOUND(#10386, .T.);
#10389 = IFCFACE((#10388));
#10390 = IFCPOLYLOOP((#9995, #10357, #10353));
#10391 = IFCFACEOUTERBOUND(#10390, .T.);
#10392 = IFCFACE((#10391));
#10393 = IFCPOLYLOOP((#10383, #10032, #10372));
#10394 = IFCFACEOUTERBOUND(#10393, .T.);
#10395 = IFCFACE((#10394));
#10396 = IFCPOLYLOOP((#10397, #10398, #10399));
#10397 = IFCCARTESIANPOINT((5.03341751098633E-2, 8.51253890991211E-2, 3.78462158203125E-1));
#10398 = IFCCARTESIANPOINT((4.92407836914063E-2, 8.47433929443359E-2, 3.75364166259766E-1));
#10399 = IFCCARTESIANPOINT((4.92132453918457E-2, 8.5200553894043E-2, 3.77986145019531E-1));
#10400 = IFCFACEOUTERBOUND(#10396, .T.);
#10401 = IFCFACE((#10400));
#10402 = IFCPOLYLOOP((#10081, #10403, #10398));
#10403 = IFCCARTESIANPOINT((4.24480361938477E-2, 8.2244010925293E-2, 3.55392547607422E-1));
#10404 = IFCFACEOUTERBOUND(#10402, .T.);
#10405 = IFCFACE((#10404));
#10406 = IFCPOLYLOOP((#10127, #10398, #10397));
#10407 = IFCFACEOUTERBOUND(#10406, .T.);
#10408 = IFCFACE((#10407));
#10409 = IFCPOLYLOOP((#10127, #10397, #10410));
#10410 = IFCCARTESIANPOINT((5.69634666442871E-2, 8.69061813354492E-2, 3.97591949462891E-1));
#10411 = IFCFACEOUTERBOUND(#10409, .T.);
#10412 = IFCFACE((#10411));
#10413 = IFCPOLYLOOP((#10127, #10081, #10398));
#10414 = IFCFACEOUTERBOUND(#10413, .T.);
#10415 = IFCFACE((#10414));
#10416 = IFCPOLYLOOP((#10127, #10410, #10417));
#10417 = IFCCARTESIANPOINT((5.79616241455078E-2, 8.71544799804688E-2, 4.00617645263672E-1));
#10418 = IFCFACEOUTERBOUND(#10416, .T.);
#10419 = IFCFACE((#10418));
#10420 = IFCPOLYLOOP((#10410, #10421, #10417));
#10421 = IFCCARTESIANPOINT((5.66924324035645E-2, 8.74363555908203E-2, 4.00334777832031E-1));
#10422 = IFCFACEOUTERBOUND(#10420, .T.);
#10423 = IFCFACE((#10422));
#10424 = IFCPOLYLOOP((#10425, #10159, #10163));
#10425 = IFCCARTESIANPOINT((6.58385772705078E-2, 8.85776214599609E-2, 4.24600372314453E-1));
#10426 = IFCFACEOUTERBOUND(#10424, .T.);
#10427 = IFCFACE((#10426));
#10428 = IFCPOLYLOOP((#10417, #10429, #10163));
#10429 = IFCCARTESIANPOINT((6.49033432006836E-2, 8.84185562133789E-2, 4.21476470947266E-1));
#10430 = IFCFACEOUTERBOUND(#10428, .T.);
#10431 = IFCFACE((#10430));
#10432 = IFCPOLYLOOP((#10429, #10425, #10163));
#10433 = IFCFACEOUTERBOUND(#10432, .T.);
#10434 = IFCFACE((#10433));
#10435 = IFCPOLYLOOP((#10417, #10163, #10127));
#10436 = IFCFACEOUTERBOUND(#10435, .T.);
#10437 = IFCFACE((#10436));
#10438 = IFCPOLYLOOP((#10429, #10439, #10425));
#10439 = IFCCARTESIANPOINT((6.4309814453125E-2, 8.90485229492188E-2, 4.24002044677734E-1));
#10440 = IFCFACEOUTERBOUND(#10438, .T.);
#10441 = IFCFACE((#10440));
#10442 = IFCPOLYLOOP((#10443, #10444, #10445));
#10443 = IFCCARTESIANPOINT((7.35937957763672E-2, 8.90178527832031E-2, 4.48836822509766E-1));
#10444 = IFCCARTESIANPOINT((7.24986190795898E-2, 8.90227966308594E-2, 4.45641998291016E-1));
#10445 = IFCCARTESIANPOINT((7.16539154052734E-2, 8.9948974609375E-2, 4.48791656494141E-1));
#10446 = IFCFACEOUTERBOUND(#10442, .T.);
#10447 = IFCFACE((#10446));
#10448 = IFCPOLYLOOP((#10159, #10425, #10192));
#10449 = IFCFACEOUTERBOUND(#10448, .T.);
#10450 = IFCFACE((#10449));
#10451 = IFCPOLYLOOP((#10452, #10206, #10453));
#10452 = IFCCARTESIANPOINT((8.06862335205078E-2, 8.8923210144043E-2, 4.75100189208984E-1));
#10453 = IFCCARTESIANPOINT((7.87367095947266E-2, 8.99852676391602E-2, 4.73910491943359E-1));
#10454 = IFCFACEOUTERBOUND(#10451, .T.);
#10455 = IFCFACE((#10454));
#10456 = IFCPOLYLOOP((#10214, #10206, #10452));
#10457 = IFCFACEOUTERBOUND(#10456, .T.);
#10458 = IFCFACE((#10457));
#10459 = IFCPOLYLOOP((#10192, #10443, #10206));
#10460 = IFCFACEOUTERBOUND(#10459, .T.);
#10461 = IFCFACE((#10460));
#10462 = IFCPOLYLOOP((#10443, #10192, #10444));
#10463 = IFCFACEOUTERBOUND(#10462, .T.);
#10464 = IFCFACE((#10463));
#10465 = IFCPOLYLOOP((#10466, #10214, #10467));
#10466 = IFCCARTESIANPOINT((8.76413803100586E-2, 8.822705078125E-2, 5.02323425292969E-1));
#10467 = IFCCARTESIANPOINT((8.59907989501953E-2, 8.8415168762207E-2, 4.95748321533203E-1));
#10468 = IFCFACEOUTERBOUND(#10465, .T.);
#10469 = IFCFACE((#10468));
#10470 = IFCPOLYLOOP((#10452, #10467, #10214));
#10471 = IFCFACEOUTERBOUND(#10470, .T.);
#10472 = IFCFACE((#10471));
#10473 = IFCPOLYLOOP((#10467, #10474, #10466));
#10474 = IFCCARTESIANPOINT((8.54811706542969E-2, 8.94888916015625E-2, 4.997373046875E-1));
#10475 = IFCFACEOUTERBOUND(#10473, .T.);
#10476 = IFCFACE((#10475));
#10477 = IFCPOLYLOOP((#10478, #10479, #10480));
#10478 = IFCCARTESIANPOINT((9.77096481323242E-2, 8.64651336669922E-2, 5.38359497070313E-1));
#10479 = IFCCARTESIANPOINT((1.02761711120605E-1, 7.9309814453125E-2, 5.28131958007813E-1));
#10480 = IFCCARTESIANPOINT((9.25676956176758E-2, 8.73955459594727E-2, 5.20604187011719E-1));
#10481 = IFCFACEOUTERBOUND(#10477, .T.);
#10482 = IFCFACE((#10481));
#10483 = IFCPOLYLOOP((#10466, #10480, #10218));
#10484 = IFCFACEOUTERBOUND(#10483, .T.);
#10485 = IFCFACE((#10484));
#10486 = IFCPOLYLOOP((#10214, #10466, #10218));
#10487 = IFCFACEOUTERBOUND(#10486, .T.);
#10488 = IFCFACE((#10487));
#10489 = IFCPOLYLOOP((#10490, #10152, #10145));
#10490 = IFCCARTESIANPOINT((9.28245697021484E-2, 4.69306945800781E-2, 3.94799133300781E-1));
#10491 = IFCFACEOUTERBOUND(#10489, .T.);
#10492 = IFCFACE((#10491));
#10493 = IFCPOLYLOOP((#10494, #10116, #10152));
#10494 = IFCCARTESIANPOINT((8.78174667358398E-2, 3.93606986999512E-2, 3.69073516845703E-1));
#10495 = IFCFACEOUTERBOUND(#10493, .T.);
#10496 = IFCFACE((#10495));
#10497 = IFCPOLYLOOP((#10181, #10490, #10145));
#10498 = IFCFACEOUTERBOUND(#10497, .T.);
#10499 = IFCFACE((#10498));
#10500 = IFCPOLYLOOP((#10196, #10501, #10181));
#10501 = IFCCARTESIANPOINT((9.89664916992188E-2, 6.09497413635254E-2, 4.44359710693359E-1));
#10502 = IFCFACEOUTERBOUND(#10500, .T.);
#10503 = IFCFACE((#10502));
#10504 = IFCPOLYLOOP((#10181, #10505, #10506));
#10505 = IFCCARTESIANPOINT((9.87361831665039E-2, 6.00025672912598E-2, 4.41076416015625E-1));
#10506 = IFCCARTESIANPOINT((9.65054168701172E-2, 5.39573707580566E-2, 4.19357208251953E-1));
#10507 = IFCFACEOUTERBOUND(#10504, .T.);
#10508 = IFCFACE((#10507));
#10509 = IFCPOLYLOOP((#10510, #10511, #10506));
#10510 = IFCCARTESIANPOINT((9.66905059814453E-2, 5.22035827636719E-2, 4.18465057373047E-1));
#10511 = IFCCARTESIANPOINT((9.60775146484375E-2, 5.31362152099609E-2, 4.16163238525391E-1));
#10512 = IFCFACEOUTERBOUND(#10509, .T.);
#10513 = IFCFACE((#10512));
#10514 = IFCPOLYLOOP((#10506, #10511, #10181));
#10515 = IFCFACEOUTERBOUND(#10514, .T.);
#10516 = IFCFACE((#10515));
#10517 = IFCPOLYLOOP((#10511, #10490, #10181));
#10518 = IFCFACEOUTERBOUND(#10517, .T.);
#10519 = IFCFACE((#10518));
#10520 = IFCPOLYLOOP((#10501, #10505, #10181));
#10521 = IFCFACEOUTERBOUND(#10520, .T.);
#10522 = IFCFACE((#10521));
#10523 = IFCPOLYLOOP((#10116, #10494, #10524));
#10524 = IFCCARTESIANPOINT((8.32687530517578E-2, 3.37160987854004E-2, 3.48713317871094E-1));
#10525 = IFCFACEOUTERBOUND(#10523, .T.);
#10526 = IFCFACE((#10525));
#10527 = IFCPOLYLOOP((#10528, #10529, #10490));
#10528 = IFCCARTESIANPOINT((9.27941665649414E-2, 4.54579544067383E-2, 3.94297210693359E-1));
#10529 = IFCCARTESIANPOINT((9.22812576293945E-2, 4.60579795837402E-2, 3.917158203125E-1));
#10530 = IFCFACEOUTERBOUND(#10527, .T.);
#10531 = IFCFACE((#10530));
#10532 = IFCPOLYLOOP((#10533, #10152, #10529));
#10533 = IFCCARTESIANPOINT((8.84616775512695E-2, 4.0237964630127E-2, 3.72115539550781E-1));
#10534 = IFCFACEOUTERBOUND(#10532, .T.);
#10535 = IFCFACE((#10534));
#10536 = IFCPOLYLOOP((#10494, #10533, #10537));
#10537 = IFCCARTESIANPOINT((8.82691497802734E-2, 3.90212059020996E-2, 3.71589385986328E-1));
#10538 = IFCFACEOUTERBOUND(#10536, .T.);
#10539 = IFCFACE((#10538));
#10540 = IFCPOLYLOOP((#10533, #10494, #10152));
#10541 = IFCFACEOUTERBOUND(#10540, .T.);
#10542 = IFCFACE((#10541));
#10543 = IFCPOLYLOOP((#10529, #10152, #10490));
#10544 = IFCFACEOUTERBOUND(#10543, .T.);
#10545 = IFCFACE((#10544));
#10546 = IFCPOLYLOOP((#10116, #10524, #10365));
#10547 = IFCFACEOUTERBOUND(#10546, .T.);
#10548 = IFCFACE((#10547));
#10549 = IFCPOLYLOOP((#10218, #10480, #10479));
#10550 = IFCFACEOUTERBOUND(#10549, .T.);
#10551 = IFCFACE((#10550));
#10552 = IFCPOLYLOOP((#10479, #10222, #10218));
#10553 = IFCFACEOUTERBOUND(#10552, .T.);
#10554 = IFCFACE((#10553));
#10555 = IFCPOLYLOOP((#10478, #10556, #10479));
#10556 = IFCCARTESIANPOINT((1.02903373718262E-1, 8.15290374755859E-2, 5.37870910644531E-1));
#10557 = IFCFACEOUTERBOUND(#10555, .T.);
#10558 = IFCFACE((#10557));
#10559 = IFCPOLYLOOP((#10556, #10478, #10560));
#10560 = IFCCARTESIANPOINT((1.01445007324219E-1, 8.46346435546875E-2, 5.45008605957031E-1));
#10561 = IFCFACEOUTERBOUND(#10559, .T.);
#10562 = IFCFACE((#10561));
#10563 = IFCPOLYLOOP((#10564, #10565, #10566));
#10564 = IFCCARTESIANPOINT((1.00812370300293E-1, 6.72260360717773E-2, 4.7152099609375E-1));
#10565 = IFCCARTESIANPOINT((1.01778327941895E-1, 6.50123901367188E-2, 4.69836517333984E-1));
#10566 = IFCCARTESIANPOINT((1.00409530639648E-1, 6.62464599609375E-2, 4.66256896972656E-1));
#10567 = IFCFACEOUTERBOUND(#10563, .T.);
#10568 = IFCFACE((#10567));
#10569 = IFCPOLYLOOP((#10505, #10501, #10570));
#10570 = IFCCARTESIANPOINT((9.97455291748047E-2, 5.86974449157715E-2, 4.43883239746094E-1));
#10571 = IFCFACEOUTERBOUND(#10569, .T.);
#10572 = IFCFACE((#10571));
#10573 = IFCPOLYLOOP((#10566, #10501, #10196));
#10574 = IFCFACEOUTERBOUND(#10573, .T.);
#10575 = IFCFACE((#10574));
#10576 = IFCPOLYLOOP((#10210, #10577, #10578));
#10577 = IFCCARTESIANPOINT((1.02111839294434E-1, 7.31374359130859E-2, 4.99781036376953E-1));
#10578 = IFCCARTESIANPOINT((1.01818542480469E-1, 7.17664108276367E-2, 4.92960784912109E-1));
#10579 = IFCFACEOUTERBOUND(#10576, .T.);
#10580 = IFCFACE((#10579));
#10581 = IFCPOLYLOOP((#10564, #10566, #10210));
#10582 = IFCFACEOUTERBOUND(#10581, .T.);
#10583 = IFCFACE((#10582));
#10584 = IFCPOLYLOOP((#10577, #10585, #10578));
#10585 = IFCCARTESIANPOINT((1.03240348815918E-1, 7.08361968994141E-2, 4.96587493896484E-1));
#10586 = IFCFACEOUTERBOUND(#10584, .T.);
#10587 = IFCFACE((#10586));
#10588 = IFCPOLYLOOP((#10564, #10210, #10578));
#10589 = IFCFACEOUTERBOUND(#10588, .T.);
#10590 = IFCFACE((#10589));
#10591 = IFCPOLYLOOP((#10210, #10222, #10577));
#10592 = IFCFACEOUTERBOUND(#10591, .T.);
#10593 = IFCFACE((#10592));
#10594 = IFCPOLYLOOP((#10210, #10566, #10196));
#10595 = IFCFACEOUTERBOUND(#10594, .T.);
#10596 = IFCFACE((#10595));
#10597 = IFCPOLYLOOP((#9900, #9902, #9927));
#10598 = IFCFACEOUTERBOUND(#10597, .T.);
#10599 = IFCFACE((#10598));
#10600 = IFCPOLYLOOP((#9926, #9928, #9963));
#10601 = IFCFACEOUTERBOUND(#10600, .T.);
#10602 = IFCFACE((#10601));
#10603 = IFCPOLYLOOP((#9932, #9927, #9926));
#10604 = IFCFACEOUTERBOUND(#10603, .T.);
#10605 = IFCFACE((#10604));
#10606 = IFCPOLYLOOP((#9957, #9922, #9950));
#10607 = IFCFACEOUTERBOUND(#10606, .T.);
#10608 = IFCFACE((#10607));
#10609 = IFCPOLYLOOP((#9962, #9963, #10000));
#10610 = IFCFACEOUTERBOUND(#10609, .T.);
#10611 = IFCFACE((#10610));
#10612 = IFCPOLYLOOP((#9995, #9950, #9988));
#10613 = IFCFACEOUTERBOUND(#10612, .T.);
#10614 = IFCFACE((#10613));
#10615 = IFCPOLYLOOP((#9999, #10000, #10037));
#10616 = IFCFACEOUTERBOUND(#10615, .T.);
#10617 = IFCFACE((#10616));
#10618 = IFCPOLYLOOP((#9995, #9988, #10025));
#10619 = IFCFACEOUTERBOUND(#10618, .T.);
#10620 = IFCFACE((#10619));
#10621 = IFCPOLYLOOP((#9915, #9922, #10311));
#10622 = IFCFACEOUTERBOUND(#10621, .T.);
#10623 = IFCFACE((#10622));
#10624 = IFCPOLYLOOP((#10206, #10214, #10188));
#10625 = IFCFACEOUTERBOUND(#10624, .T.);
#10626 = IFCFACE((#10625));
#10627 = IFCPOLYLOOP((#9901, #10243, #10255));
#10628 = IFCFACEOUTERBOUND(#10627, .T.);
#10629 = IFCFACE((#10628));
#10630 = IFCPOLYLOOP((#10268, #10251, #9907));
#10631 = IFCFACEOUTERBOUND(#10630, .T.);
#10632 = IFCFACE((#10631));
#10633 = IFCPOLYLOOP((#10080, #10403, #10081));
#10634 = IFCFACEOUTERBOUND(#10633, .T.);
#10635 = IFCFACE((#10634));
#10636 = IFCPOLYLOOP((#10425, #10444, #10192));
#10637 = IFCFACEOUTERBOUND(#10636, .T.);
#10638 = IFCFACE((#10637));
#10639 = IFCSURFACESTYLERENDERING(#10640, 0., #10641, $, $, #10642, #10643, $, .NOTDEFINED.);
#10640 = IFCCOLOURRGB('Surface color', 0., 4.98039215803146E-1, 0.);
#10641 = IFCCOLOURRGB('Diffuse color', 0., 4.98039215803146E-1, 0.);
#10642 = IFCCOLOURRGB('Reflection color', 1., 1., 1.);
#10643 = IFCCOLOURRGB('Specular color', 1., 1., 1.);
#10644 = IFCSURFACESTYLE('d194c32c_5116_40c1_a141_b5544e73a1b4', .BOTH., (#10639));
#10645 = IFCPRESENTATIONSTYLEASSIGNMENT((#10644));
#10646 = IFCSTYLEDITEM($, (#10645), $);
#10647 = IFCSTYLEDREPRESENTATION(#106, 'Body', $, (#10646));
#10648 = IFCOPENSHELL((#10654, #10659, #10662, #10667, #10670, #10675, #10678, #10683, #10687, #10691, #10694, #10698, #10701, #10705, #10708, #10712, #10715, #10720, #10725, #10729, #10732, #10736, #10739, #10743, #10746, #10750, #10753, #10757, #10762, #10766, #10769, #10773, #10776, #10780, #10783, #10787, #10790, #10794, #10797, #10802, #10806, #10809, #10813, #10816, #10820, #10823, #10827, #10830, #10834, #10837, #10842, #10846, #10849, #10853, #10856, #10860, #10863, #10867, #10870, #10874, #10877, #10881, #10885, #10889, #10892, #10896, #10899, #10903, #10906, #10909, #10913, #10917, #10921, #10924, #10928, #10931, #10935, #10938, #10942, #10946, #10950, #10953, #10957, #10960, #10964, #10968, #10972, #10976, #10980, #10985, #10989, #10992, #10997, #11000, #11004, #11008, #11011, #11014, #11018, #11023, #11027, #11031, #11034, #11037, #11041, #11046, #11050, #11053, #11056, #11059, #11062, #11066, #11070, #11073, #11076, #11080, #11084, #11087, #11091, #11095, #11098, #11103, #11106, #11110, #11114, #11117, #11121, #11125, #11129, #11133, #11136, #11139, #11143, #11147, #11152, #11156, #11161, #11164, #11167, #11170, #11175, #11179, #11183, #11187, #11191, #11194, #11198, #11203, #11208, #11211, #11214, #11217, #11221, #11226, #11230, #11235, #11238, #11241, #11246, #11250, #11253, #11257, #11261, #11266, #11269, #11272, #11276, #11281, #11284, #11288, #11291, #11294, #11297, #11301, #11305, #11310, #11314, #11317, #11322, #11325, #11329, #11332, #11335, #11339, #11342, #11345, #11348, #11351, #11354, #11357, #11360, #11363, #11366, #11369, #11372, #11375, #11378, #11382, #11385));
#10649 = IFCPOLYLOOP((#10650, #10651, #10652));
#10650 = IFCCARTESIANPOINT((-4.31380729675293E-2, -4.80946311950684E-2, 1.85619018554688E-1));
#10651 = IFCCARTESIANPOINT((-4.58156814575195E-2, -4.18378448486328E-2, 1.85465301513672E-1));
#10652 = IFCCARTESIANPOINT((-3.47756958007813E-2, -3.55395431518555E-2, 1.60727905273438E-1));
#10653 = IFCFACEOUTERBOUND(#10649, .T.);
#10654 = IFCFACE((#10653));
#10655 = IFCPOLYLOOP((#10656, #10657, #10652));
#10656 = IFCCARTESIANPOINT((-4.8391300201416E-2, -3.50501480102539E-2, 1.85438079833984E-1));
#10657 = IFCCARTESIANPOINT((-3.70628471374512E-2, -2.86623935699463E-2, 1.61270645141602E-1));
#10658 = IFCFACEOUTERBOUND(#10655, .T.);
#10659 = IFCFACE((#10658));
#10660 = IFCPOLYLOOP((#10652, #10651, #10656));
#10661 = IFCFACEOUTERBOUND(#10660, .T.);
#10662 = IFCFACE((#10661));
#10663 = IFCPOLYLOOP((#10664, #10665, #10657));
#10664 = IFCCARTESIANPOINT((-5.07836685180664E-2, -2.80068969726563E-2, 1.85554565429688E-1));
#10665 = IFCCARTESIANPOINT((-3.9346923828125E-2, -2.15975856781006E-2, 1.61667022705078E-1));
#10666 = IFCFACEOUTERBOUND(#10663, .T.);
#10667 = IFCFACE((#10666));
#10668 = IFCPOLYLOOP((#10657, #10656, #10664));
#10669 = IFCFACEOUTERBOUND(#10668, .T.);
#10670 = IFCFACE((#10669));
#10671 = IFCPOLYLOOP((#10672, #10673, #10665));
#10672 = IFCCARTESIANPOINT((-5.29333801269531E-2, -2.08927516937256E-2, 1.85836288452148E-1));
#10673 = IFCCARTESIANPOINT((-4.15754814147949E-2, -1.45257682800293E-2, 1.61915283203125E-1));
#10674 = IFCFACEOUTERBOUND(#10671, .T.);
#10675 = IFCFACE((#10674));
#10676 = IFCPOLYLOOP((#10665, #10664, #10672));
#10677 = IFCFACEOUTERBOUND(#10676, .T.);
#10678 = IFCFACE((#10677));
#10679 = IFCPOLYLOOP((#10680, #10681, #10673));
#10680 = IFCCARTESIANPOINT((-5.47455024719238E-2, -1.39808406829834E-2, 1.86306015014648E-1));
#10681 = IFCCARTESIANPOINT((-3.64798812866211E-2, -5.80554008483887E-3, 1.47554306030273E-1));
#10682 = IFCFACEOUTERBOUND(#10679, .T.);
#10683 = IFCFACE((#10682));
#10684 = IFCPOLYLOOP((#10685, #10651, #10650));
#10685 = IFCCARTESIANPOINT((-5.65042839050293E-2, -4.78990669250488E-2, 2.09917739868164E-1));
#10686 = IFCFACEOUTERBOUND(#10684, .T.);
#10687 = IFCFACE((#10686));
#10688 = IFCPOLYLOOP((#10689, #10656, #10651));
#10689 = IFCCARTESIANPOINT((-5.94136581420898E-2, -4.12484321594238E-2, 2.09473098754883E-1));
#10690 = IFCFACEOUTERBOUND(#10688, .T.);
#10691 = IFCFACE((#10690));
#10692 = IFCPOLYLOOP((#10651, #10685, #10689));
#10693 = IFCFACEOUTERBOUND(#10692, .T.);
#10694 = IFCFACE((#10693));
#10695 = IFCPOLYLOOP((#10696, #10664, #10656));
#10696 = IFCCARTESIANPOINT((-6.19430198669434E-2, -3.4272876739502E-2, 2.0940119934082E-1));
#10697 = IFCFACEOUTERBOUND(#10695, .T.);
#10698 = IFCFACE((#10697));
#10699 = IFCPOLYLOOP((#10656, #10689, #10696));
#10700 = IFCFACEOUTERBOUND(#10699, .T.);
#10701 = IFCFACE((#10700));
#10702 = IFCPOLYLOOP((#10703, #10672, #10664));
#10703 = IFCCARTESIANPOINT((-6.40258560180664E-2, -2.71514587402344E-2, 2.09736221313477E-1));
#10704 = IFCFACEOUTERBOUND(#10702, .T.);
#10705 = IFCFACE((#10704));
#10706 = IFCPOLYLOOP((#10664, #10696, #10703));
#10707 = IFCFACEOUTERBOUND(#10706, .T.);
#10708 = IFCFACE((#10707));
#10709 = IFCPOLYLOOP((#10710, #10680, #10672));
#10710 = IFCCARTESIANPOINT((-6.55543594360352E-2, -2.01494235992432E-2, 2.10520660400391E-1));
#10711 = IFCFACEOUTERBOUND(#10709, .T.);
#10712 = IFCFACE((#10711));
#10713 = IFCPOLYLOOP((#10672, #10703, #10710));
#10714 = IFCFACEOUTERBOUND(#10713, .T.);
#10715 = IFCFACE((#10714));
#10716 = IFCPOLYLOOP((#10717, #10718, #10680));
#10717 = IFCCARTESIANPOINT((-6.64207077026367E-2, -1.35320081710815E-2, 2.11797027587891E-1));
#10718 = IFCCARTESIANPOINT((-5.61251068115234E-2, -7.54429006576538E-3, 1.86986541748047E-1));
#10719 = IFCFACEOUTERBOUND(#10716, .T.);
#10720 = IFCFACE((#10719));
#10721 = IFCPOLYLOOP((#10722, #10685, #10723));
#10722 = IFCCARTESIANPOINT((-6.66984176635742E-2, -5.36902770996094E-2, 2.34291793823242E-1));
#10723 = IFCCARTESIANPOINT((-5.32987480163574E-2, -5.39538421630859E-2, 2.107099609375E-1));
#10724 = IFCFACEOUTERBOUND(#10721, .T.);
#10725 = IFCFACE((#10724));
#10726 = IFCPOLYLOOP((#10727, #10689, #10685));
#10727 = IFCCARTESIANPOINT((-6.99395294189453E-2, -4.71942291259766E-2, 2.33575729370117E-1));
#10728 = IFCFACEOUTERBOUND(#10726, .T.);
#10729 = IFCFACE((#10728));
#10730 = IFCPOLYLOOP((#10685, #10722, #10727));
#10731 = IFCFACEOUTERBOUND(#10730, .T.);
#10732 = IFCFACE((#10731));
#10733 = IFCPOLYLOOP((#10734, #10696, #10689));
#10734 = IFCCARTESIANPOINT((-7.26109237670898E-2, -4.03098945617676E-2, 2.33400344848633E-1));
#10735 = IFCFACEOUTERBOUND(#10733, .T.);
#10736 = IFCFACE((#10735));
#10737 = IFCPOLYLOOP((#10689, #10727, #10734));
#10738 = IFCFACEOUTERBOUND(#10737, .T.);
#10739 = IFCFACE((#10738));
#10740 = IFCPOLYLOOP((#10741, #10703, #10696));
#10741 = IFCCARTESIANPOINT((-7.46410751342773E-2, -3.3204891204834E-2, 2.33802047729492E-1));
#10742 = IFCFACEOUTERBOUND(#10740, .T.);
#10743 = IFCFACE((#10742));
#10744 = IFCPOLYLOOP((#10696, #10734, #10741));
#10745 = IFCFACEOUTERBOUND(#10744, .T.);
#10746 = IFCFACE((#10745));
#10747 = IFCPOLYLOOP((#10748, #10710, #10703));
#10748 = IFCCARTESIANPOINT((-7.59114456176758E-2, -2.61305637359619E-2, 2.34830383300781E-1));
#10749 = IFCFACEOUTERBOUND(#10747, .T.);
#10750 = IFCFACE((#10749));
#10751 = IFCPOLYLOOP((#10703, #10741, #10748));
#10752 = IFCFACEOUTERBOUND(#10751, .T.);
#10753 = IFCFACE((#10752));
#10754 = IFCPOLYLOOP((#10755, #10717, #10748));
#10755 = IFCCARTESIANPOINT((-7.6303466796875E-2, -1.93382530212402E-2, 2.36534912109375E-1));
#10756 = IFCFACEOUTERBOUND(#10754, .T.);
#10757 = IFCFACE((#10756));
#10758 = IFCPOLYLOOP((#10759, #10722, #10760));
#10759 = IFCCARTESIANPOINT((-7.64119110107422E-2, -5.92587013244629E-2, 2.59056549072266E-1));
#10760 = IFCCARTESIANPOINT((-6.29720840454102E-2, -5.95381851196289E-2, 2.35525314331055E-1));
#10761 = IFCFACEOUTERBOUND(#10758, .T.);
#10762 = IFCFACE((#10761));
#10763 = IFCPOLYLOOP((#10764, #10727, #10722));
#10764 = IFCCARTESIANPOINT((-7.99478149414063E-2, -5.29115676879883E-2, 2.58200958251953E-1));
#10765 = IFCFACEOUTERBOUND(#10763, .T.);
#10766 = IFCFACE((#10765));
#10767 = IFCPOLYLOOP((#10722, #10759, #10764));
#10768 = IFCFACEOUTERBOUND(#10767, .T.);
#10769 = IFCFACE((#10768));
#10770 = IFCPOLYLOOP((#10771, #10734, #10727));
#10771 = IFCCARTESIANPOINT((-8.27490539550781E-2, -4.61244239807129E-2, 2.57996002197266E-1));
#10772 = IFCFACEOUTERBOUND(#10770, .T.);
#10773 = IFCFACE((#10772));
#10774 = IFCPOLYLOOP((#10727, #10764, #10771));
#10775 = IFCFACEOUTERBOUND(#10774, .T.);
#10776 = IFCFACE((#10775));
#10777 = IFCPOLYLOOP((#10778, #10741, #10734));
#10778 = IFCCARTESIANPOINT((-8.47427368164063E-2, -3.90505523681641E-2, 2.58470916748047E-1));
#10779 = IFCFACEOUTERBOUND(#10777, .T.);
#10780 = IFCFACE((#10779));
#10781 = IFCPOLYLOOP((#10734, #10771, #10778));
#10782 = IFCFACEOUTERBOUND(#10781, .T.);
#10783 = IFCFACE((#10782));
#10784 = IFCPOLYLOOP((#10785, #10748, #10741));
#10785 = IFCCARTESIANPOINT((-8.58038940429688E-2, -3.19246730804443E-2, 2.59670684814453E-1));
#10786 = IFCFACEOUTERBOUND(#10784, .T.);
#10787 = IFCFACE((#10786));
#10788 = IFCPOLYLOOP((#10741, #10778, #10785));
#10789 = IFCFACEOUTERBOUND(#10788, .T.);
#10790 = IFCFACE((#10789));
#10791 = IFCPOLYLOOP((#10785, #10792, #10755));
#10792 = IFCCARTESIANPOINT((-8.58075561523438E-2, -2.49815158843994E-2, 2.61640258789063E-1));
#10793 = IFCFACEOUTERBOUND(#10791, .T.);
#10794 = IFCFACE((#10793));
#10795 = IFCPOLYLOOP((#10755, #10748, #10785));
#10796 = IFCFACEOUTERBOUND(#10795, .T.);
#10797 = IFCFACE((#10796));
#10798 = IFCPOLYLOOP((#10799, #10759, #10800));
#10799 = IFCCARTESIANPOINT((-8.54820556640625E-2, -6.45416564941406E-2, 2.84112213134766E-1));
#10800 = IFCCARTESIANPOINT((-7.22232437133789E-2, -6.49205703735352E-2, 2.60550598144531E-1));
#10801 = IFCFACEOUTERBOUND(#10798, .T.);
#10802 = IFCFACE((#10801));
#10803 = IFCPOLYLOOP((#10804, #10764, #10759));
#10804 = IFCCARTESIANPOINT((-8.92423400878906E-2, -5.83159027099609E-2, 2.83232299804688E-1));
#10805 = IFCFACEOUTERBOUND(#10803, .T.);
#10806 = IFCFACE((#10805));
#10807 = IFCPOLYLOOP((#10759, #10799, #10804));
#10808 = IFCFACEOUTERBOUND(#10807, .T.);
#10809 = IFCFACE((#10808));
#10810 = IFCPOLYLOOP((#10811, #10771, #10764));
#10811 = IFCCARTESIANPOINT((-9.21456146240234E-2, -5.16158142089844E-2, 2.83057647705078E-1));
#10812 = IFCFACEOUTERBOUND(#10810, .T.);
#10813 = IFCFACE((#10812));
#10814 = IFCPOLYLOOP((#10764, #10804, #10811));
#10815 = IFCFACEOUTERBOUND(#10814, .T.);
#10816 = IFCFACE((#10815));
#10817 = IFCPOLYLOOP((#10818, #10778, #10771));
#10818 = IFCCARTESIANPOINT((-9.4122314453125E-2, -4.45801010131836E-2, 2.83602386474609E-1));
#10819 = IFCFACEOUTERBOUND(#10817, .T.);
#10820 = IFCFACE((#10819));
#10821 = IFCPOLYLOOP((#10771, #10811, #10818));
#10822 = IFCFACEOUTERBOUND(#10821, .T.);
#10823 = IFCFACE((#10822));
#10824 = IFCPOLYLOOP((#10818, #10825, #10785));
#10825 = IFCCARTESIANPOINT((-9.50469284057617E-2, -3.74271202087402E-2, 2.84897277832031E-1));
#10826 = IFCFACEOUTERBOUND(#10824, .T.);
#10827 = IFCFACE((#10826));
#10828 = IFCPOLYLOOP((#10785, #10778, #10818));
#10829 = IFCFACEOUTERBOUND(#10828, .T.);
#10830 = IFCFACE((#10829));
#10831 = IFCPOLYLOOP((#10825, #10832, #10792));
#10832 = IFCCARTESIANPOINT((-9.47939453125E-2, -3.03752422332764E-2, 2.86972991943359E-1));
#10833 = IFCFACEOUTERBOUND(#10831, .T.);
#10834 = IFCFACE((#10833));
#10835 = IFCPOLYLOOP((#10792, #10785, #10825));
#10836 = IFCFACEOUTERBOUND(#10835, .T.);
#10837 = IFCFACE((#10836));
#10838 = IFCPOLYLOOP((#10839, #10799, #10840));
#10839 = IFCCARTESIANPOINT((-9.38938827514648E-2, -6.95495758056641E-2, 3.09550506591797E-1));
#10840 = IFCCARTESIANPOINT((-8.09402008056641E-2, -7.00631332397461E-2, 2.85703277587891E-1));
#10841 = IFCFACEOUTERBOUND(#10838, .T.);
#10842 = IFCFACE((#10841));
#10843 = IFCPOLYLOOP((#10844, #10804, #10799));
#10844 = IFCCARTESIANPOINT((-9.77876510620117E-2, -6.34027099609375E-2, 3.08733947753906E-1));
#10845 = IFCFACEOUTERBOUND(#10843, .T.);
#10846 = IFCFACE((#10845));
#10847 = IFCPOLYLOOP((#10799, #10839, #10844));
#10848 = IFCFACEOUTERBOUND(#10847, .T.);
#10849 = IFCFACE((#10848));
#10850 = IFCPOLYLOOP((#10851, #10811, #10804));
#10851 = IFCCARTESIANPOINT((-1.00756217956543E-1, -5.67682762145996E-2, 3.08629089355469E-1));
#10852 = IFCFACEOUTERBOUND(#10850, .T.);
#10853 = IFCFACE((#10852));
#10854 = IFCPOLYLOOP((#10804, #10844, #10851));
#10855 = IFCFACEOUTERBOUND(#10854, .T.);
#10856 = IFCFACE((#10855));
#10857 = IFCPOLYLOOP((#10858, #10818, #10811));
#10858 = IFCCARTESIANPOINT((-1.02738220214844E-1, -4.9772102355957E-2, 3.09229705810547E-1));
#10859 = IFCFACEOUTERBOUND(#10857, .T.);
#10860 = IFCFACE((#10859));
#10861 = IFCPOLYLOOP((#10811, #10851, #10858));
#10862 = IFCFACEOUTERBOUND(#10861, .T.);
#10863 = IFCFACE((#10862));
#10864 = IFCPOLYLOOP((#10858, #10865, #10825));
#10865 = IFCCARTESIANPOINT((-1.03614059448242E-1, -4.26185722351074E-2, 3.10545318603516E-1));
#10866 = IFCFACEOUTERBOUND(#10864, .T.);
#10867 = IFCFACE((#10866));
#10868 = IFCPOLYLOOP((#10825, #10818, #10858));
#10869 = IFCFACEOUTERBOUND(#10868, .T.);
#10870 = IFCFACE((#10869));
#10871 = IFCPOLYLOOP((#10865, #10872, #10832));
#10872 = IFCCARTESIANPOINT((-1.03264152526855E-1, -3.55120735168457E-2, 3.12585571289063E-1));
#10873 = IFCFACEOUTERBOUND(#10871, .T.);
#10874 = IFCFACE((#10873));
#10875 = IFCPOLYLOOP((#10832, #10825, #10865));
#10876 = IFCFACEOUTERBOUND(#10875, .T.);
#10877 = IFCFACE((#10876));
#10878 = IFCPOLYLOOP((#10879, #10844, #10839));
#10879 = IFCCARTESIANPOINT((-1.0562166595459E-1, -6.81985778808594E-2, 3.34766235351563E-1));
#10880 = IFCFACEOUTERBOUND(#10878, .T.);
#10881 = IFCFACE((#10880));
#10882 = IFCPOLYLOOP((#10839, #10883, #10879));
#10883 = IFCCARTESIANPOINT((-1.01695533752441E-1, -7.43182754516602E-2, 3.35466705322266E-1));
#10884 = IFCFACEOUTERBOUND(#10882, .T.);
#10885 = IFCFACE((#10884));
#10886 = IFCPOLYLOOP((#10887, #10851, #10844));
#10887 = IFCCARTESIANPOINT((-1.0861531829834E-1, -6.16014289855957E-2, 3.34745635986328E-1));
#10888 = IFCFACEOUTERBOUND(#10886, .T.);
#10889 = IFCFACE((#10888));
#10890 = IFCPOLYLOOP((#10844, #10879, #10887));
#10891 = IFCFACEOUTERBOUND(#10890, .T.);
#10892 = IFCFACE((#10891));
#10893 = IFCPOLYLOOP((#10894, #10858, #10851));
#10894 = IFCCARTESIANPOINT((-1.1062776184082E-1, -5.46426467895508E-2, 3.35376159667969E-1));
#10895 = IFCFACEOUTERBOUND(#10893, .T.);
#10896 = IFCFACE((#10895));
#10897 = IFCPOLYLOOP((#10851, #10887, #10894));
#10898 = IFCFACEOUTERBOUND(#10897, .T.);
#10899 = IFCFACE((#10898));
#10900 = IFCPOLYLOOP((#10894, #10901, #10865));
#10901 = IFCCARTESIANPOINT((-1.11551490783691E-1, -4.75163803100586E-2, 3.36643188476563E-1));
#10902 = IFCFACEOUTERBOUND(#10900, .T.);
#10903 = IFCFACE((#10902));
#10904 = IFCPOLYLOOP((#10865, #10858, #10894));
#10905 = IFCFACEOUTERBOUND(#10904, .T.);
#10906 = IFCFACE((#10905));
#10907 = IFCPOLYLOOP((#10872, #10865, #10901));
#10908 = IFCFACEOUTERBOUND(#10907, .T.);
#10909 = IFCFACE((#10908));
#10910 = IFCPOLYLOOP((#10911, #10879, #10883));
#10911 = IFCCARTESIANPOINT((-1.1284156036377E-1, -7.27532577514648E-2, 3.61352172851563E-1));
#10912 = IFCFACEOUTERBOUND(#10910, .T.);
#10913 = IFCFACE((#10912));
#10914 = IFCPOLYLOOP((#10883, #10915, #10911));
#10915 = IFCCARTESIANPOINT((-1.0898462677002E-1, -7.89011383056641E-2, 3.61925903320313E-1));
#10916 = IFCFACEOUTERBOUND(#10914, .T.);
#10917 = IFCFACE((#10916));
#10918 = IFCPOLYLOOP((#10919, #10887, #10879));
#10919 = IFCCARTESIANPOINT((-1.15821968078613E-1, -6.61622009277344E-2, 3.61400787353516E-1));
#10920 = IFCFACEOUTERBOUND(#10918, .T.);
#10921 = IFCFACE((#10920));
#10922 = IFCPOLYLOOP((#10879, #10911, #10919));
#10923 = IFCFACEOUTERBOUND(#10922, .T.);
#10924 = IFCFACE((#10923));
#10925 = IFCPOLYLOOP((#10926, #10894, #10887));
#10926 = IFCCARTESIANPOINT((-1.17893005371094E-1, -5.92372283935547E-2, 3.62022216796875E-1));
#10927 = IFCFACEOUTERBOUND(#10925, .T.);
#10928 = IFCFACE((#10927));
#10929 = IFCPOLYLOOP((#10887, #10919, #10926));
#10930 = IFCFACEOUTERBOUND(#10929, .T.);
#10931 = IFCFACE((#10930));
#10932 = IFCPOLYLOOP((#10926, #10933, #10901));
#10933 = IFCCARTESIANPOINT((-1.1896427154541E-1, -5.21665420532227E-2, 3.63179016113281E-1));
#10934 = IFCFACEOUTERBOUND(#10932, .T.);
#10935 = IFCFACE((#10934));
#10936 = IFCPOLYLOOP((#10901, #10894, #10926));
#10937 = IFCFACEOUTERBOUND(#10936, .T.);
#10938 = IFCFACE((#10937));
#10939 = IFCPOLYLOOP((#10940, #10919, #10911));
#10940 = IFCCARTESIANPOINT((-1.22539848327637E-1, -7.05248413085938E-2, 3.8854638671875E-1));
#10941 = IFCFACEOUTERBOUND(#10939, .T.);
#10942 = IFCFACE((#10941));
#10943 = IFCPOLYLOOP((#10911, #10944, #10940));
#10944 = IFCCARTESIANPOINT((-1.19603813171387E-1, -7.71396408081055E-2, 3.88477722167969E-1));
#10945 = IFCFACEOUTERBOUND(#10943, .T.);
#10946 = IFCFACE((#10945));
#10947 = IFCPOLYLOOP((#10940, #10948, #10926));
#10948 = IFCCARTESIANPOINT((-1.24700782775879E-1, -6.36307373046875E-2, 3.89105224609375E-1));
#10949 = IFCFACEOUTERBOUND(#10947, .T.);
#10950 = IFCFACE((#10949));
#10951 = IFCPOLYLOOP((#10926, #10919, #10940));
#10952 = IFCFACEOUTERBOUND(#10951, .T.);
#10953 = IFCFACE((#10952));
#10954 = IFCPOLYLOOP((#10955, #10933, #10926));
#10955 = IFCCARTESIANPOINT((-1.25855407714844E-1, -5.49862632751465E-2, 3.89119293212891E-1));
#10956 = IFCFACEOUTERBOUND(#10954, .T.);
#10957 = IFCFACE((#10956));
#10958 = IFCPOLYLOOP((#10926, #10948, #10955));
#10959 = IFCFACEOUTERBOUND(#10958, .T.);
#10960 = IFCFACE((#10959));
#10961 = IFCPOLYLOOP((#10944, #10962, #10940));
#10962 = IFCCARTESIANPOINT((-1.24486885070801E-1, -8.3289794921875E-2, 4.13931945800781E-1));
#10963 = IFCFACEOUTERBOUND(#10961, .T.);
#10964 = IFCFACE((#10963));
#10965 = IFCPOLYLOOP((#10966, #10948, #10940));
#10966 = IFCCARTESIANPOINT((-1.31282653808594E-1, -6.79274597167969E-2, 4.16519592285156E-1));
#10967 = IFCFACEOUTERBOUND(#10965, .T.);
#10968 = IFCFACE((#10967));
#10969 = IFCPOLYLOOP((#10940, #10970, #10966));
#10970 = IFCCARTESIANPOINT((-1.2899723815918E-1, -7.47909164428711E-2, 4.16092559814453E-1));
#10971 = IFCFACEOUTERBOUND(#10969, .T.);
#10972 = IFCFACE((#10971));
#10973 = IFCPOLYLOOP((#10966, #10970, #10974));
#10974 = IFCCARTESIANPOINT((-1.35133575439453E-1, -7.88561859130859E-2, 4.42416229248047E-1));
#10975 = IFCFACEOUTERBOUND(#10973, .T.);
#10976 = IFCFACE((#10975));
#10977 = IFCPOLYLOOP((#10974, #10978, #10966));
#10978 = IFCCARTESIANPOINT((-1.38037857055664E-1, -7.1305793762207E-2, 4.43468872070313E-1));
#10979 = IFCFACEOUTERBOUND(#10977, .T.);
#10980 = IFCFACE((#10979));
#10981 = IFCPOLYLOOP((#10650, #10982, #10983));
#10982 = IFCCARTESIANPOINT((-3.62858390808105E-2, -4.94764099121094E-2, 1.732412109375E-1));
#10983 = IFCCARTESIANPOINT((-4.18830871582031E-2, -5.34160766601563E-2, 1.88657684326172E-1));
#10984 = IFCFACEOUTERBOUND(#10981, .T.);
#10985 = IFCFACE((#10984));
#10986 = IFCPOLYLOOP((#10723, #10650, #10987));
#10987 = IFCCARTESIANPOINT((-4.73706588745117E-2, -5.69294929504395E-2, 2.03830200195313E-1));
#10988 = IFCFACEOUTERBOUND(#10986, .T.);
#10989 = IFCFACE((#10988));
#10990 = IFCPOLYLOOP((#10987, #10650, #10983));
#10991 = IFCFACEOUTERBOUND(#10990, .T.);
#10992 = IFCFACE((#10991));
#10993 = IFCPOLYLOOP((#10665, #10994, #10995));
#10994 = IFCCARTESIANPOINT((-3.18765449523926E-2, -1.04596014022827E-2, 1.42130187988281E-1));
#10995 = IFCCARTESIANPOINT((-2.70857772827148E-2, -2.75560569763184E-2, 1.41888870239258E-1));
#10996 = IFCFACEOUTERBOUND(#10993, .T.);
#10997 = IFCFACE((#10996));
#10998 = IFCPOLYLOOP((#10995, #10657, #10665));
#10999 = IFCFACEOUTERBOUND(#10998, .T.);
#11000 = IFCFACE((#10999));
#11001 = IFCPOLYLOOP((#10652, #10657, #11002));
#11002 = IFCCARTESIANPOINT((-2.82233943939209E-2, -3.44642486572266E-2, 1.47253616333008E-1));
#11003 = IFCFACEOUTERBOUND(#11001, .T.);
#11004 = IFCFACE((#11003));
#11005 = IFCPOLYLOOP((#10652, #11006, #10650));
#11006 = IFCCARTESIANPOINT((-3.2613697052002E-2, -4.29082069396973E-2, 1.60719635009766E-1));
#11007 = IFCFACEOUTERBOUND(#11005, .T.);
#11008 = IFCFACE((#11007));
#11009 = IFCPOLYLOOP((#10982, #10650, #11006));
#11010 = IFCFACEOUTERBOUND(#11009, .T.);
#11011 = IFCFACE((#11010));
#11012 = IFCPOLYLOOP((#11002, #11006, #10652));
#11013 = IFCFACEOUTERBOUND(#11012, .T.);
#11014 = IFCFACE((#11013));
#11015 = IFCPOLYLOOP((#11016, #10995, #10994));
#11016 = IFCCARTESIANPOINT((-2.75507068634033E-2, -1.84488410949707E-2, 1.38599166870117E-1));
#11017 = IFCFACEOUTERBOUND(#11015, .T.);
#11018 = IFCFACE((#11017));
#11019 = IFCPOLYLOOP((#11020, #10987, #11021));
#11020 = IFCCARTESIANPOINT((-4.83345146179199E-2, -5.73621406555176E-2, 2.06259033203125E-1));
#11021 = IFCCARTESIANPOINT((-4.69299049377441E-2, -5.77155914306641E-2, 2.05693511962891E-1));
#11022 = IFCFACEOUTERBOUND(#11019, .T.);
#11023 = IFCFACE((#11022));
#11024 = IFCPOLYLOOP((#11020, #11025, #10723));
#11025 = IFCCARTESIANPOINT((-5.45394554138184E-2, -6.11752510070801E-2, 2.23591827392578E-1));
#11026 = IFCFACEOUTERBOUND(#11024, .T.);
#11027 = IFCFACE((#11026));
#11028 = IFCPOLYLOOP((#11029, #10760, #11025));
#11029 = IFCCARTESIANPOINT((-6.66777877807617E-2, -6.76134567260742E-2, 2.56731964111328E-1));
#11030 = IFCFACEOUTERBOUND(#11028, .T.);
#11031 = IFCFACE((#11030));
#11032 = IFCPOLYLOOP((#10760, #10722, #11025));
#11033 = IFCFACEOUTERBOUND(#11032, .T.);
#11034 = IFCFACE((#11033));
#11035 = IFCPOLYLOOP((#10800, #10760, #11029));
#11036 = IFCFACEOUTERBOUND(#11035, .T.);
#11037 = IFCFACE((#11036));
#11038 = IFCPOLYLOOP((#10800, #11029, #11039));
#11039 = IFCCARTESIANPOINT((-7.35944213867188E-2, -7.07958679199219E-2, 2.75068389892578E-1));
#11040 = IFCFACEOUTERBOUND(#11038, .T.);
#11041 = IFCFACE((#11040));
#11042 = IFCPOLYLOOP((#11043, #11039, #11044));
#11043 = IFCCARTESIANPOINT((-7.45666122436523E-2, -7.11904754638672E-2, 2.77548889160156E-1));
#11044 = IFCCARTESIANPOINT((-7.23739395141602E-2, -7.13060150146484E-2, 2.7665869140625E-1));
#11045 = IFCFACEOUTERBOUND(#11042, .T.);
#11046 = IFCFACE((#11045));
#11047 = IFCPOLYLOOP((#10840, #11043, #11048));
#11048 = IFCCARTESIANPOINT((-8.08258285522461E-2, -7.39697647094727E-2, 2.94332122802734E-1));
#11049 = IFCFACEOUTERBOUND(#11047, .T.);
#11050 = IFCFACE((#11049));
#11051 = IFCPOLYLOOP((#11043, #10840, #10800));
#11052 = IFCFACEOUTERBOUND(#11051, .T.);
#11053 = IFCFACE((#11052));
#11054 = IFCPOLYLOOP((#11039, #11043, #10800));
#11055 = IFCFACEOUTERBOUND(#11054, .T.);
#11056 = IFCFACE((#11055));
#11057 = IFCPOLYLOOP((#10987, #11020, #10723));
#11058 = IFCFACEOUTERBOUND(#11057, .T.);
#11059 = IFCFACE((#11058));
#11060 = IFCPOLYLOOP((#10994, #10673, #10681));
#11061 = IFCFACEOUTERBOUND(#11060, .T.);
#11062 = IFCFACE((#11061));
#11063 = IFCPOLYLOOP((#11064, #10718, #10717));
#11064 = IFCCARTESIANPOINT((-6.33687553405762E-2, -7.21734762191772E-3, 2.04587890625E-1));
#11065 = IFCFACEOUTERBOUND(#11063, .T.);
#11066 = IFCFACE((#11065));
#11067 = IFCPOLYLOOP((#10680, #10718, #11068));
#11068 = IFCCARTESIANPOINT((-4.40141525268555E-2, -3.47356605529785E-3, 1.60139343261719E-1));
#11069 = IFCFACEOUTERBOUND(#11067, .T.);
#11070 = IFCFACE((#11069));
#11071 = IFCPOLYLOOP((#10681, #10680, #11068));
#11072 = IFCFACEOUTERBOUND(#11071, .T.);
#11073 = IFCFACE((#11072));
#11074 = IFCPOLYLOOP((#10673, #10994, #10665));
#11075 = IFCFACEOUTERBOUND(#11074, .T.);
#11076 = IFCFACE((#11075));
#11077 = IFCPOLYLOOP((#11078, #11068, #10718));
#11078 = IFCCARTESIANPOINT((-5.04939231872559E-2, -2.0504424571991E-3, 1.72616851806641E-1));
#11079 = IFCFACEOUTERBOUND(#11077, .T.);
#11080 = IFCFACE((#11079));
#11081 = IFCPOLYLOOP((#11078, #10718, #11082));
#11082 = IFCCARTESIANPOINT((-5.6942455291748E-2, -4.38025283813477E-3, 1.88114151000977E-1));
#11083 = IFCFACEOUTERBOUND(#11081, .T.);
#11084 = IFCFACE((#11083));
#11085 = IFCPOLYLOOP((#10718, #11064, #11082));
#11086 = IFCFACEOUTERBOUND(#11085, .T.);
#11087 = IFCFACE((#11086));
#11088 = IFCPOLYLOOP((#11089, #11064, #10717));
#11089 = IFCCARTESIANPOINT((-7.0823600769043E-2, -1.07904663085938E-2, 2.24767303466797E-1));
#11090 = IFCFACEOUTERBOUND(#11088, .T.);
#11091 = IFCFACE((#11090));
#11092 = IFCPOLYLOOP((#10792, #11093, #10755));
#11093 = IFCCARTESIANPOINT((-8.14840621948242E-2, -1.69240264892578E-2, 2.54837432861328E-1));
#11094 = IFCFACEOUTERBOUND(#11092, .T.);
#11095 = IFCFACE((#11094));
#11096 = IFCPOLYLOOP((#10755, #11089, #10717));
#11097 = IFCFACEOUTERBOUND(#11096, .T.);
#11098 = IFCFACE((#11097));
#11099 = IFCPOLYLOOP((#11100, #10832, #11101));
#11100 = IFCCARTESIANPOINT((-9.53304824829102E-2, -2.60787487030029E-2, 2.94034210205078E-1));
#11101 = IFCCARTESIANPOINT((-9.62198791503906E-2, -2.67453632354736E-2, 2.96502655029297E-1));
#11102 = IFCFACEOUTERBOUND(#11099, .T.);
#11103 = IFCFACE((#11102));
#11104 = IFCPOLYLOOP((#10832, #10872, #11101));
#11105 = IFCFACEOUTERBOUND(#11104, .T.);
#11106 = IFCFACE((#11105));
#11107 = IFCPOLYLOOP((#10832, #11100, #11108));
#11108 = IFCCARTESIANPOINT((-8.94500579833984E-2, -2.21275863647461E-2, 2.77228729248047E-1));
#11109 = IFCFACEOUTERBOUND(#11107, .T.);
#11110 = IFCFACE((#11109));
#11111 = IFCPOLYLOOP((#11101, #11112, #11100));
#11112 = IFCCARTESIANPOINT((-9.58481216430664E-2, -2.50686779022217E-2, 2.97296661376953E-1));
#11113 = IFCFACEOUTERBOUND(#11111, .T.);
#11114 = IFCFACE((#11113));
#11115 = IFCPOLYLOOP((#10792, #10832, #11108));
#11116 = IFCFACEOUTERBOUND(#11115, .T.);
#11117 = IFCFACE((#11116));
#11118 = IFCPOLYLOOP((#11119, #10792, #11108));
#11119 = IFCCARTESIANPOINT((-8.85481948852539E-2, -2.14885807037354E-2, 2.74741546630859E-1));
#11120 = IFCFACEOUTERBOUND(#11118, .T.);
#11121 = IFCFACE((#11120));
#11122 = IFCPOLYLOOP((#11123, #11093, #10792));
#11123 = IFCCARTESIANPOINT((-8.23748550415039E-2, -1.75330448150635E-2, 2.57274169921875E-1));
#11124 = IFCFACEOUTERBOUND(#11122, .T.);
#11125 = IFCFACE((#11124));
#11126 = IFCPOLYLOOP((#11093, #11123, #11127));
#11127 = IFCCARTESIANPOINT((-8.19674758911133E-2, -1.59260206222534E-2, 2.56744506835938E-1));
#11128 = IFCFACEOUTERBOUND(#11126, .T.);
#11129 = IFCFACE((#11128));
#11130 = IFCPOLYLOOP((#11131, #11119, #11108));
#11131 = IFCCARTESIANPOINT((-8.88943176269531E-2, -2.06350269317627E-2, 2.78447540283203E-1));
#11132 = IFCFACEOUTERBOUND(#11130, .T.);
#11133 = IFCFACE((#11132));
#11134 = IFCPOLYLOOP((#10755, #11093, #11089));
#11135 = IFCFACEOUTERBOUND(#11134, .T.);
#11136 = IFCFACE((#11135));
#11137 = IFCPOLYLOOP((#11123, #10792, #11119));
#11138 = IFCFACEOUTERBOUND(#11137, .T.);
#11139 = IFCFACE((#11138));
#11140 = IFCPOLYLOOP((#11048, #11141, #10840));
#11141 = IFCCARTESIANPOINT((-8.17954940795898E-2, -7.43290634155273E-2, 2.96801239013672E-1));
#11142 = IFCFACEOUTERBOUND(#11140, .T.);
#11143 = IFCFACE((#11142));
#11144 = IFCPOLYLOOP((#11145, #10839, #11141));
#11145 = IFCCARTESIANPOINT((-8.83262405395508E-2, -7.67721176147461E-2, 3.13853240966797E-1));
#11146 = IFCFACEOUTERBOUND(#11144, .T.);
#11147 = IFCFACE((#11146));
#11148 = IFCPOLYLOOP((#11149, #11145, #11150));
#11149 = IFCCARTESIANPOINT((-8.93061752319336E-2, -7.70834503173828E-2, 3.16339141845703E-1));
#11150 = IFCCARTESIANPOINT((-8.76875076293945E-2, -7.73109893798828E-2, 3.16952850341797E-1));
#11151 = IFCFACEOUTERBOUND(#11148, .T.);
#11152 = IFCFACE((#11151));
#11153 = IFCPOLYLOOP((#10839, #11149, #11154));
#11154 = IFCCARTESIANPOINT((-9.53755035400391E-2, -7.89485702514648E-2, 3.32034576416016E-1));
#11155 = IFCFACEOUTERBOUND(#11153, .T.);
#11156 = IFCFACE((#11155));
#11157 = IFCPOLYLOOP((#11158, #11159, #11154));
#11158 = IFCCARTESIANPOINT((-9.4153564453125E-2, -7.95297393798828E-2, 3.34124420166016E-1));
#11159 = IFCCARTESIANPOINT((-9.63301467895508E-2, -7.92013244628906E-2, 3.34485076904297E-1));
#11160 = IFCFACEOUTERBOUND(#11157, .T.);
#11161 = IFCFACE((#11160));
#11162 = IFCPOLYLOOP((#11149, #10839, #11145));
#11163 = IFCFACEOUTERBOUND(#11162, .T.);
#11164 = IFCFACE((#11163));
#11165 = IFCPOLYLOOP((#11154, #11159, #10883));
#11166 = IFCFACEOUTERBOUND(#11165, .T.);
#11167 = IFCFACE((#11166));
#11168 = IFCPOLYLOOP((#10883, #10839, #11154));
#11169 = IFCFACEOUTERBOUND(#11168, .T.);
#11170 = IFCFACE((#11169));
#11171 = IFCPOLYLOOP((#10883, #11172, #11173));
#11172 = IFCCARTESIANPOINT((-1.02436805725098E-1, -8.05941619873047E-2, 3.50253875732422E-1));
#11173 = IFCCARTESIANPOINT((-1.0336262512207E-1, -8.07996673583984E-2, 3.52734069824219E-1));
#11174 = IFCFACEOUTERBOUND(#11171, .T.);
#11175 = IFCFACE((#11174));
#11176 = IFCPOLYLOOP((#11172, #11177, #11173));
#11177 = IFCCARTESIANPOINT((-1.0131566619873E-1, -8.1301887512207E-2, 3.52424774169922E-1));
#11178 = IFCFACEOUTERBOUND(#11176, .T.);
#11179 = IFCFACE((#11178));
#11180 = IFCPOLYLOOP((#11181, #10944, #10915));
#11181 = IFCCARTESIANPOINT((-1.16694923400879E-1, -8.26577758789063E-2, 3.89735626220703E-1));
#11182 = IFCFACEOUTERBOUND(#11180, .T.);
#11183 = IFCFACE((#11182));
#11184 = IFCPOLYLOOP((#11173, #11185, #10915));
#11185 = IFCCARTESIANPOINT((-1.09710151672363E-1, -8.18862075805664E-2, 3.69862365722656E-1));
#11186 = IFCFACEOUTERBOUND(#11184, .T.);
#11187 = IFCFACE((#11186));
#11188 = IFCPOLYLOOP((#11185, #11189, #10915));
#11189 = IFCCARTESIANPOINT((-1.10600280761719E-1, -8.20549697875977E-2, 3.72424133300781E-1));
#11190 = IFCFACEOUTERBOUND(#11188, .T.);
#11191 = IFCFACE((#11190));
#11192 = IFCPOLYLOOP((#11173, #10915, #10883));
#11193 = IFCFACEOUTERBOUND(#11192, .T.);
#11194 = IFCFACE((#11193));
#11195 = IFCPOLYLOOP((#11185, #11196, #11189));
#11196 = IFCCARTESIANPOINT((-1.09257095336914E-1, -8.27272872924805E-2, 3.72881713867188E-1));
#11197 = IFCFACEOUTERBOUND(#11195, .T.);
#11198 = IFCFACE((#11197));
#11199 = IFCPOLYLOOP((#11200, #11181, #11201));
#11200 = IFCCARTESIANPOINT((-1.17664680480957E-1, -8.26715316772461E-2, 3.92392730712891E-1));
#11201 = IFCCARTESIANPOINT((-1.16178436279297E-1, -8.38326797485352E-2, 3.92608428955078E-1));
#11202 = IFCFACEOUTERBOUND(#11199, .T.);
#11203 = IFCFACE((#11202));
#11204 = IFCPOLYLOOP((#10962, #11205, #11206));
#11205 = IFCCARTESIANPOINT((-1.23245429992676E-1, -8.30781097412109E-2, 4.09726043701172E-1));
#11206 = IFCCARTESIANPOINT((-1.22784797668457E-1, -8.44313583374023E-2, 4.12834838867188E-1));
#11207 = IFCFACEOUTERBOUND(#11204, .T.);
#11208 = IFCFACE((#11207));
#11209 = IFCPOLYLOOP((#10944, #11205, #10962));
#11210 = IFCFACEOUTERBOUND(#11209, .T.);
#11211 = IFCFACE((#11210));
#11212 = IFCPOLYLOOP((#10944, #11200, #11205));
#11213 = IFCFACEOUTERBOUND(#11212, .T.);
#11214 = IFCFACE((#11213));
#11215 = IFCPOLYLOOP((#11200, #10944, #11181));
#11216 = IFCFACEOUTERBOUND(#11215, .T.);
#11217 = IFCFACE((#11216));
#11218 = IFCPOLYLOOP((#10970, #10962, #11219));
#11219 = IFCCARTESIANPOINT((-1.29643951416016E-1, -8.35317230224609E-2, 4.307353515625E-1));
#11220 = IFCFACEOUTERBOUND(#11218, .T.);
#11221 = IFCFACE((#11220));
#11222 = IFCPOLYLOOP((#11219, #11223, #11224));
#11223 = IFCCARTESIANPOINT((-1.28952087402344E-1, -8.48127593994141E-2, 4.34074645996094E-1));
#11224 = IFCCARTESIANPOINT((-1.31312637329102E-1, -8.36119232177734E-2, 4.36349334716797E-1));
#11225 = IFCFACEOUTERBOUND(#11222, .T.);
#11226 = IFCFACE((#11225));
#11227 = IFCPOLYLOOP((#11224, #11228, #10974));
#11228 = IFCCARTESIANPOINT((-1.35963363647461E-1, -8.35049209594727E-2, 4.51420013427734E-1));
#11229 = IFCFACEOUTERBOUND(#11227, .T.);
#11230 = IFCFACE((#11229));
#11231 = IFCPOLYLOOP((#11232, #11233, #11228));
#11232 = IFCCARTESIANPOINT((-1.40672668457031E-1, -8.32151794433594E-2, 4.66135986328125E-1));
#11233 = IFCCARTESIANPOINT((-1.4257682800293E-1, -7.81965103149414E-2, 4.65944610595703E-1));
#11234 = IFCFACEOUTERBOUND(#11231, .T.);
#11235 = IFCFACE((#11234));
#11236 = IFCPOLYLOOP((#10970, #11219, #11224));
#11237 = IFCFACEOUTERBOUND(#11236, .T.);
#11238 = IFCFACE((#11237));
#11239 = IFCPOLYLOOP((#11189, #11181, #10915));
#11240 = IFCFACEOUTERBOUND(#11239, .T.);
#11241 = IFCFACE((#11240));
#11242 = IFCPOLYLOOP((#11243, #11244, #10901));
#11243 = IFCCARTESIANPOINT((-1.15313110351563E-1, -4.28873977661133E-2, 3.5221630859375E-1));
#11244 = IFCCARTESIANPOINT((-1.14596138000488E-1, -4.21220588684082E-2, 3.49674926757813E-1));
#11245 = IFCFACEOUTERBOUND(#11242, .T.);
#11246 = IFCFACE((#11245));
#11247 = IFCPOLYLOOP((#11248, #10872, #11244));
#11248 = IFCCARTESIANPOINT((-1.09051025390625E-1, -3.68348503112793E-2, 3.33341491699219E-1));
#11249 = IFCFACEOUTERBOUND(#11247, .T.);
#11250 = IFCFACE((#11249));
#11251 = IFCPOLYLOOP((#10933, #11243, #10901));
#11252 = IFCFACEOUTERBOUND(#11251, .T.);
#11253 = IFCFACE((#11252));
#11254 = IFCPOLYLOOP((#11255, #10955, #10948));
#11255 = IFCCARTESIANPOINT((-1.26504981994629E-1, -5.59079360961914E-2, 3.91726837158203E-1));
#11256 = IFCFACEOUTERBOUND(#11254, .T.);
#11257 = IFCFACE((#11256));
#11258 = IFCPOLYLOOP((#10933, #10955, #11259));
#11259 = IFCCARTESIANPOINT((-1.21212547302246E-1, -4.92289161682129E-2, 3.71821533203125E-1));
#11260 = IFCFACEOUTERBOUND(#11258, .T.);
#11261 = IFCFACE((#11260));
#11262 = IFCPOLYLOOP((#11263, #11264, #11259));
#11263 = IFCCARTESIANPOINT((-1.20943519592285E-1, -4.70119285583496E-2, 3.71216033935547E-1));
#11264 = IFCCARTESIANPOINT((-1.20486473083496E-1, -4.84559783935547E-2, 3.6735205078125E-1));
#11265 = IFCFACEOUTERBOUND(#11262, .T.);
#11266 = IFCFACE((#11265));
#11267 = IFCPOLYLOOP((#11259, #11264, #10933));
#11268 = IFCFACEOUTERBOUND(#11267, .T.);
#11269 = IFCFACE((#11268));
#11270 = IFCPOLYLOOP((#11264, #11243, #10933));
#11271 = IFCFACEOUTERBOUND(#11270, .T.);
#11272 = IFCFACE((#11271));
#11273 = IFCPOLYLOOP((#10872, #11248, #11274));
#11274 = IFCCARTESIANPOINT((-1.0308268737793E-1, -3.19225463867188E-2, 3.16005004882813E-1));
#11275 = IFCFACEOUTERBOUND(#11273, .T.);
#11276 = IFCFACE((#11275));
#11277 = IFCPOLYLOOP((#11274, #11278, #11279));
#11278 = IFCCARTESIANPOINT((-1.02732643127441E-1, -3.02403831481934E-2, 3.16511016845703E-1));
#11279 = IFCCARTESIANPOINT((-1.02204063415527E-1, -3.12097549438477E-2, 3.13526550292969E-1));
#11280 = IFCFACEOUTERBOUND(#11277, .T.);
#11281 = IFCFACE((#11280));
#11282 = IFCPOLYLOOP((#10872, #11274, #11279));
#11283 = IFCFACEOUTERBOUND(#11282, .T.);
#11284 = IFCFACE((#11283));
#11285 = IFCPOLYLOOP((#11286, #11244, #11243));
#11286 = IFCCARTESIANPOINT((-1.15016479492188E-1, -3.99734802246094E-2, 3.53214416503906E-1));
#11287 = IFCFACEOUTERBOUND(#11285, .T.);
#11288 = IFCFACE((#11287));
#11289 = IFCPOLYLOOP((#10872, #11279, #11101));
#11290 = IFCFACEOUTERBOUND(#11289, .T.);
#11291 = IFCFACE((#11290));
#11292 = IFCPOLYLOOP((#11224, #10974, #10970));
#11293 = IFCFACEOUTERBOUND(#11292, .T.);
#11294 = IFCFACE((#11293));
#11295 = IFCPOLYLOOP((#10974, #11228, #10978));
#11296 = IFCFACEOUTERBOUND(#11295, .T.);
#11297 = IFCFACE((#11296));
#11298 = IFCPOLYLOOP((#10966, #11299, #10948));
#11299 = IFCCARTESIANPOINT((-1.30633773803711E-1, -6.13627433776855E-2, 4.09174255371094E-1));
#11300 = IFCFACEOUTERBOUND(#11298, .T.);
#11301 = IFCFACE((#11300));
#11302 = IFCPOLYLOOP((#11303, #11233, #11232));
#11303 = IFCCARTESIANPOINT((-1.43156448364258E-1, -8.16014862060547E-2, 4.71753723144531E-1));
#11304 = IFCFACEOUTERBOUND(#11302, .T.);
#11305 = IFCFACE((#11304));
#11306 = IFCPOLYLOOP((#11307, #11308, #11299));
#11307 = IFCCARTESIANPOINT((-1.31612091064453E-1, -6.24532165527344E-2, 4.13389221191406E-1));
#11308 = IFCCARTESIANPOINT((-1.31599792480469E-1, -6.04840507507324E-2, 4.13551391601563E-1));
#11309 = IFCFACEOUTERBOUND(#11306, .T.);
#11310 = IFCFACE((#11309));
#11311 = IFCPOLYLOOP((#10955, #11255, #11312));
#11312 = IFCCARTESIANPOINT((-1.26527809143066E-1, -5.40770301818848E-2, 3.91517242431641E-1));
#11313 = IFCFACEOUTERBOUND(#11311, .T.);
#11314 = IFCFACE((#11313));
#11315 = IFCPOLYLOOP((#11299, #11255, #10948));
#11316 = IFCFACEOUTERBOUND(#11315, .T.);
#11317 = IFCFACE((#11316));
#11318 = IFCPOLYLOOP((#10966, #11319, #11320));
#11319 = IFCCARTESIANPOINT((-1.36499771118164E-1, -6.8991081237793E-2, 4.35934265136719E-1));
#11320 = IFCCARTESIANPOINT((-1.35339447021484E-1, -6.74469909667969E-2, 4.30490905761719E-1));
#11321 = IFCFACEOUTERBOUND(#11318, .T.);
#11322 = IFCFACE((#11321));
#11323 = IFCPOLYLOOP((#11307, #11299, #10966));
#11324 = IFCFACEOUTERBOUND(#11323, .T.);
#11325 = IFCFACE((#11324));
#11326 = IFCPOLYLOOP((#11319, #11327, #11320));
#11327 = IFCCARTESIANPOINT((-1.36385116577148E-1, -6.6772331237793E-2, 4.33549407958984E-1));
#11328 = IFCFACEOUTERBOUND(#11326, .T.);
#11329 = IFCFACE((#11328));
#11330 = IFCPOLYLOOP((#11307, #10966, #11320));
#11331 = IFCFACEOUTERBOUND(#11330, .T.);
#11332 = IFCFACE((#11331));
#11333 = IFCPOLYLOOP((#10966, #10978, #11319));
#11334 = IFCFACEOUTERBOUND(#11333, .T.);
#11335 = IFCFACE((#11334));
#11336 = IFCPOLYLOOP((#11141, #11048, #11337));
#11337 = IFCCARTESIANPOINT((-7.98450622558594E-2, -7.4545051574707E-2, 2.9685595703125E-1));
#11338 = IFCFACEOUTERBOUND(#11336, .T.);
#11339 = IFCFACE((#11338));
#11340 = IFCPOLYLOOP((#10685, #10650, #10723));
#11341 = IFCFACEOUTERBOUND(#11340, .T.);
#11342 = IFCFACE((#11341));
#11343 = IFCPOLYLOOP((#10717, #10680, #10710));
#11344 = IFCFACEOUTERBOUND(#11343, .T.);
#11345 = IFCFACE((#11344));
#11346 = IFCPOLYLOOP((#10717, #10710, #10748));
#11347 = IFCFACEOUTERBOUND(#11346, .T.);
#11348 = IFCFACE((#11347));
#11349 = IFCPOLYLOOP((#10759, #10760, #10800));
#11350 = IFCFACEOUTERBOUND(#11349, .T.);
#11351 = IFCFACE((#11350));
#11352 = IFCPOLYLOOP((#10799, #10800, #10840));
#11353 = IFCFACEOUTERBOUND(#11352, .T.);
#11354 = IFCFACE((#11353));
#11355 = IFCPOLYLOOP((#10962, #10970, #10940));
#11356 = IFCFACEOUTERBOUND(#11355, .T.);
#11357 = IFCFACE((#11356));
#11358 = IFCPOLYLOOP((#10657, #10995, #11002));
#11359 = IFCFACEOUTERBOUND(#11358, .T.);
#11360 = IFCFACE((#11359));
#11361 = IFCPOLYLOOP((#10722, #10723, #11025));
#11362 = IFCFACEOUTERBOUND(#11361, .T.);
#11363 = IFCFACE((#11362));
#11364 = IFCPOLYLOOP((#10839, #10840, #11141));
#11365 = IFCFACEOUTERBOUND(#11364, .T.);
#11366 = IFCFACE((#11365));
#11367 = IFCPOLYLOOP((#10944, #10911, #10915));
#11368 = IFCFACEOUTERBOUND(#11367, .T.);
#11369 = IFCFACE((#11368));
#11370 = IFCPOLYLOOP((#10680, #10673, #10672));
#11371 = IFCFACEOUTERBOUND(#11370, .T.);
#11372 = IFCFACE((#11371));
#11373 = IFCPOLYLOOP((#11228, #11233, #10978));
#11374 = IFCFACEOUTERBOUND(#11373, .T.);
#11375 = IFCFACE((#11374));
#11376 = IFCPOLYLOOP((#10872, #10901, #11244));
#11377 = IFCFACEOUTERBOUND(#11376, .T.);
#11378 = IFCFACE((#11377));
#11379 = IFCPOLYLOOP((#11159, #11380, #11172));
#11380 = IFCCARTESIANPOINT((-9.93966217041016E-2, -7.99326782226563E-2, 3.42336395263672E-1));
#11381 = IFCFACEOUTERBOUND(#11379, .T.);
#11382 = IFCFACE((#11381));
#11383 = IFCPOLYLOOP((#11172, #10883, #11159));
#11384 = IFCFACEOUTERBOUND(#11383, .T.);
#11385 = IFCFACE((#11384));
#11386 = IFCSURFACESTYLERENDERING(#11387, 0., #11388, $, $, #11389, #11390, $, .NOTDEFINED.);
#11387 = IFCCOLOURRGB('Surface color', 0., 4.98039215803146E-1, 0.);
#11388 = IFCCOLOURRGB('Diffuse color', 0., 4.98039215803146E-1, 0.);
#11389 = IFCCOLOURRGB('Reflection color', 1., 1., 1.);
#11390 = IFCCOLOURRGB('Specular color', 1., 1., 1.);
#11391 = IFCSURFACESTYLE('d194c32c_5116_40c1_a141_b5544e73a1b4', .BOTH., (#11386));
#11392 = IFCPRESENTATIONSTYLEASSIGNMENT((#11391));
#11393 = IFCSTYLEDITEM($, (#11392), $);
#11394 = IFCSTYLEDREPRESENTATION(#106, 'Body', $, (#11393));
#11395 = IFCOPENSHELL((#11401, #11406, #11409, #11414, #11417, #11422, #11426, #11430, #11433, #11437, #11440, #11445, #11449, #11454, #11458, #11462, #11465, #11469, #11472, #11476, #11480, #11485, #11488, #11492, #11495, #11499, #11502, #11506, #11509, #11513, #11516, #11520, #11524, #11529, #11532, #11536, #11539, #11543, #11546, #11550, #11553, #11557, #11560, #11565, #11568, #11572, #11575, #11579, #11582, #11586, #11589, #11593, #11596, #11600, #11604, #11608, #11611, #11615, #11618, #11622, #11625, #11629, #11633, #11637, #11640, #11644, #11647, #11651, #11655, #11658, #11662, #11666, #11672, #11676, #11680, #11685, #11690, #11693, #11696, #11699, #11702, #11705, #11710, #11714, #11720, #11723, #11726, #11729, #11734, #11738, #11741, #11744, #11748, #11751, #11756, #11759, #11763, #11766, #11771, #11775, #11779, #11782, #11785, #11789, #11792, #11795, #11799, #11803, #11807, #11811, #11815, #11820, #11823, #11826, #11830, #11834, #11839, #11843, #11847, #11851, #11855, #11858, #11863, #11866, #11869, #11874, #11878, #11882, #11885, #11888, #11892, #11896, #11899, #11904, #11907, #11911, #11915, #11918, #11922, #11927, #11930, #11934, #11937, #11940, #11944, #11948, #11952, #11956, #11959, #11963, #11967, #11970, #11974, #11979, #11983, #11988, #11992, #11995, #12000, #12003, #12007, #12011, #12016, #12019, #12022, #12026, #12030, #12033, #12036, #12040, #12043, #12046, #12049, #12052, #12056, #12060, #12064, #12068, #12072, #12075, #12079, #12084, #12088, #12091, #12094, #12097, #12101, #12104, #12107, #12110, #12113, #12116, #12119, #12122, #12125, #12128, #12131, #12134, #12137));
#11396 = IFCPOLYLOOP((#11397, #11398, #11399));
#11397 = IFCCARTESIANPOINT((-4.83274536132813E-2, 7.45653104782104E-3, 1.62798217773438E-1));
#11398 = IFCCARTESIANPOINT((-3.07320175170898E-2, -9.07626724243164E-3, 1.39433639526367E-1));
#11399 = IFCCARTESIANPOINT((-5.27354469299316E-2, 1.00860416889191E-4, 1.64042984008789E-1));
#11400 = IFCFACEOUTERBOUND(#11396, .T.);
#11401 = IFCFACE((#11400));
#11402 = IFCPOLYLOOP((#11397, #11403, #11404));
#11403 = IFCCARTESIANPOINT((-4.28722839355469E-2, 1.55150728225708E-2, 1.61856353759766E-1));
#11404 = IFCCARTESIANPOINT((-2.50212898254395E-2, -1.33166539669037E-3, 1.39116500854492E-1));
#11405 = IFCFACEOUTERBOUND(#11402, .T.);
#11406 = IFCFACE((#11405));
#11407 = IFCPOLYLOOP((#11404, #11398, #11397));
#11408 = IFCFACEOUTERBOUND(#11407, .T.);
#11409 = IFCFACE((#11408));
#11410 = IFCPOLYLOOP((#11403, #11411, #11412));
#11411 = IFCCARTESIANPOINT((-3.69422988891602E-2, 2.33697357177734E-2, 1.61395751953125E-1));
#11412 = IFCCARTESIANPOINT((-1.91837882995605E-2, 6.57622337341309E-3, 1.38681411743164E-1));
#11413 = IFCFACEOUTERBOUND(#11410, .T.);
#11414 = IFCFACE((#11413));
#11415 = IFCPOLYLOOP((#11412, #11404, #11403));
#11416 = IFCFACEOUTERBOUND(#11415, .T.);
#11417 = IFCFACE((#11416));
#11418 = IFCPOLYLOOP((#11419, #11399, #11420));
#11419 = IFCCARTESIANPOINT((-6.83858642578125E-2, 1.48983144760132E-2, 1.89276779174805E-1));
#11420 = IFCCARTESIANPOINT((-7.02740173339844E-2, 8.04638576507568E-3, 1.91577453613281E-1));
#11421 = IFCFACEOUTERBOUND(#11418, .T.);
#11422 = IFCFACE((#11421));
#11423 = IFCPOLYLOOP((#11424, #11397, #11419));
#11424 = IFCCARTESIANPOINT((-6.47070236206055E-2, 2.30429267883301E-2, 1.87423553466797E-1));
#11425 = IFCFACEOUTERBOUND(#11423, .T.);
#11426 = IFCFACE((#11425));
#11427 = IFCPOLYLOOP((#11424, #11428, #11403));
#11428 = IFCCARTESIANPOINT((-5.96715431213379E-2, 3.15514278411865E-2, 1.86248291015625E-1));
#11429 = IFCFACEOUTERBOUND(#11427, .T.);
#11430 = IFCFACE((#11429));
#11431 = IFCPOLYLOOP((#11403, #11397, #11424));
#11432 = IFCFACEOUTERBOUND(#11431, .T.);
#11433 = IFCFACE((#11432));
#11434 = IFCPOLYLOOP((#11428, #11435, #11411));
#11435 = IFCCARTESIANPOINT((-5.37641639709473E-2, 3.94243583679199E-2, 1.85986312866211E-1));
#11436 = IFCFACEOUTERBOUND(#11434, .T.);
#11437 = IFCFACE((#11436));
#11438 = IFCPOLYLOOP((#11411, #11403, #11428));
#11439 = IFCFACEOUTERBOUND(#11438, .T.);
#11440 = IFCFACE((#11439));
#11441 = IFCPOLYLOOP((#11442, #11443, #11435));
#11442 = IFCCARTESIANPOINT((-4.67934761047363E-2, 4.6229133605957E-2, 1.87025695800781E-1));
#11443 = IFCCARTESIANPOINT((-3.05070877075195E-2, 3.07605628967285E-2, 1.61651092529297E-1));
#11444 = IFCFACEOUTERBOUND(#11441, .T.);
#11445 = IFCFACE((#11444));
#11446 = IFCPOLYLOOP((#11443, #11442, #11447));
#11447 = IFCCARTESIANPOINT((-4.03122749328613E-2, 4.97214698791504E-2, 1.89556793212891E-1));
#11448 = IFCFACEOUTERBOUND(#11446, .T.);
#11449 = IFCFACE((#11448));
#11450 = IFCPOLYLOOP((#11451, #11419, #11452));
#11451 = IFCCARTESIANPOINT((-8.24681396484375E-2, 2.83315258026123E-2, 2.15631362915039E-1));
#11452 = IFCCARTESIANPOINT((-8.34217224121094E-2, 2.04234352111816E-2, 2.18469024658203E-1));
#11453 = IFCFACEOUTERBOUND(#11450, .T.);
#11454 = IFCFACE((#11453));
#11455 = IFCPOLYLOOP((#11456, #11424, #11451));
#11456 = IFCCARTESIANPOINT((-7.95212249755859E-2, 3.72745246887207E-2, 2.1349772644043E-1));
#11457 = IFCFACEOUTERBOUND(#11455, .T.);
#11458 = IFCFACE((#11457));
#11459 = IFCPOLYLOOP((#11456, #11460, #11428));
#11460 = IFCCARTESIANPOINT((-7.49261932373047E-2, 4.62382888793945E-2, 2.12307998657227E-1));
#11461 = IFCFACEOUTERBOUND(#11459, .T.);
#11462 = IFCFACE((#11461));
#11463 = IFCPOLYLOOP((#11428, #11424, #11456));
#11464 = IFCFACEOUTERBOUND(#11463, .T.);
#11465 = IFCFACE((#11464));
#11466 = IFCPOLYLOOP((#11460, #11467, #11435));
#11467 = IFCCARTESIANPOINT((-6.9077507019043E-2, 5.41370658874512E-2, 2.12304428100586E-1));
#11468 = IFCFACEOUTERBOUND(#11466, .T.);
#11469 = IFCFACE((#11468));
#11470 = IFCPOLYLOOP((#11435, #11428, #11460));
#11471 = IFCFACEOUTERBOUND(#11470, .T.);
#11472 = IFCFACE((#11471));
#11473 = IFCPOLYLOOP((#11474, #11442, #11467));
#11474 = IFCCARTESIANPOINT((-6.16256904602051E-2, 6.03745994567871E-2, 2.13951354980469E-1));
#11475 = IFCFACEOUTERBOUND(#11473, .T.);
#11476 = IFCFACE((#11475));
#11477 = IFCPOLYLOOP((#11478, #11447, #11474));
#11478 = IFCCARTESIANPOINT((-5.40606880187988E-2, 6.26587791442871E-2, 2.17374526977539E-1));
#11479 = IFCFACEOUTERBOUND(#11477, .T.);
#11480 = IFCFACE((#11479));
#11481 = IFCPOLYLOOP((#11482, #11483, #11451));
#11482 = IFCCARTESIANPOINT((-9.49998550415039E-2, 3.13901023864746E-2, 2.46339385986328E-1));
#11483 = IFCCARTESIANPOINT((-9.48164825439453E-2, 4.02189712524414E-2, 2.43253768920898E-1));
#11484 = IFCFACEOUTERBOUND(#11481, .T.);
#11485 = IFCFACE((#11484));
#11486 = IFCPOLYLOOP((#11451, #11452, #11482));
#11487 = IFCFACEOUTERBOUND(#11486, .T.);
#11488 = IFCFACE((#11487));
#11489 = IFCPOLYLOOP((#11483, #11490, #11456));
#11490 = IFCCARTESIANPOINT((-9.24669342041016E-2, 4.98345909118652E-2, 2.41038208007813E-1));
#11491 = IFCFACEOUTERBOUND(#11489, .T.);
#11492 = IFCFACE((#11491));
#11493 = IFCPOLYLOOP((#11456, #11451, #11483));
#11494 = IFCFACEOUTERBOUND(#11493, .T.);
#11495 = IFCFACE((#11494));
#11496 = IFCPOLYLOOP((#11490, #11497, #11460));
#11497 = IFCCARTESIANPOINT((-8.82256393432617E-2, 5.91608619689941E-2, 2.39914184570313E-1));
#11498 = IFCFACEOUTERBOUND(#11496, .T.);
#11499 = IFCFACE((#11498));
#11500 = IFCPOLYLOOP((#11460, #11456, #11490));
#11501 = IFCFACEOUTERBOUND(#11500, .T.);
#11502 = IFCFACE((#11501));
#11503 = IFCPOLYLOOP((#11497, #11504, #11467));
#11504 = IFCCARTESIANPOINT((-8.2415153503418E-2, 6.70499038696289E-2, 2.4010319519043E-1));
#11505 = IFCFACEOUTERBOUND(#11503, .T.);
#11506 = IFCFACE((#11505));
#11507 = IFCPOLYLOOP((#11467, #11460, #11497));
#11508 = IFCFACEOUTERBOUND(#11507, .T.);
#11509 = IFCFACE((#11508));
#11510 = IFCPOLYLOOP((#11504, #11511, #11474));
#11511 = IFCCARTESIANPOINT((-7.45575942993164E-2, 7.27753601074219E-2, 2.42084060668945E-1));
#11512 = IFCFACEOUTERBOUND(#11510, .T.);
#11513 = IFCFACE((#11512));
#11514 = IFCPOLYLOOP((#11474, #11467, #11504));
#11515 = IFCFACEOUTERBOUND(#11514, .T.);
#11516 = IFCFACE((#11515));
#11517 = IFCPOLYLOOP((#11518, #11478, #11511));
#11518 = IFCCARTESIANPOINT((-6.60955429077148E-2, 7.40224380493164E-2, 2.45915069580078E-1));
#11519 = IFCFACEOUTERBOUND(#11517, .T.);
#11520 = IFCFACE((#11519));
#11521 = IFCPOLYLOOP((#11482, #11522, #11483));
#11522 = IFCCARTESIANPOINT((-1.03131607055664E-1, 3.70982360839844E-2, 2.72375854492188E-1));
#11523 = IFCFACEOUTERBOUND(#11521, .T.);
#11524 = IFCFACE((#11523));
#11525 = IFCPOLYLOOP((#11526, #11527, #11490));
#11526 = IFCCARTESIANPOINT((-1.05375144958496E-1, 5.05339469909668E-2, 2.72322784423828E-1));
#11527 = IFCCARTESIANPOINT((-1.03399101257324E-1, 6.06058692932129E-2, 2.70118041992188E-1));
#11528 = IFCFACEOUTERBOUND(#11525, .T.);
#11529 = IFCFACE((#11528));
#11530 = IFCPOLYLOOP((#11490, #11483, #11526));
#11531 = IFCFACEOUTERBOUND(#11530, .T.);
#11532 = IFCFACE((#11531));
#11533 = IFCPOLYLOOP((#11527, #11534, #11497));
#11534 = IFCCARTESIANPOINT((-9.93566207885742E-2, 7.01399917602539E-2, 2.6903564453125E-1));
#11535 = IFCFACEOUTERBOUND(#11533, .T.);
#11536 = IFCFACE((#11535));
#11537 = IFCPOLYLOOP((#11497, #11490, #11527));
#11538 = IFCFACEOUTERBOUND(#11537, .T.);
#11539 = IFCFACE((#11538));
#11540 = IFCPOLYLOOP((#11534, #11541, #11504));
#11541 = IFCCARTESIANPOINT((-9.35302505493164E-2, 7.79613647460938E-2, 2.69266815185547E-1));
#11542 = IFCFACEOUTERBOUND(#11540, .T.);
#11543 = IFCFACE((#11542));
#11544 = IFCPOLYLOOP((#11504, #11497, #11534));
#11545 = IFCFACEOUTERBOUND(#11544, .T.);
#11546 = IFCFACE((#11545));
#11547 = IFCPOLYLOOP((#11541, #11548, #11511));
#11548 = IFCCARTESIANPOINT((-8.53608627319336E-2, 8.32636642456055E-2, 2.7125830078125E-1));
#11549 = IFCFACEOUTERBOUND(#11547, .T.);
#11550 = IFCFACE((#11549));
#11551 = IFCPOLYLOOP((#11511, #11504, #11541));
#11552 = IFCFACEOUTERBOUND(#11551, .T.);
#11553 = IFCFACE((#11552));
#11554 = IFCPOLYLOOP((#11548, #11555, #11518));
#11555 = IFCCARTESIANPOINT((-7.62750244140625E-2, 8.37453155517578E-2, 2.75028869628906E-1));
#11556 = IFCFACEOUTERBOUND(#11554, .T.);
#11557 = IFCFACE((#11556));
#11558 = IFCPOLYLOOP((#11518, #11511, #11548));
#11559 = IFCFACEOUTERBOUND(#11558, .T.);
#11560 = IFCFACE((#11559));
#11561 = IFCPOLYLOOP((#11562, #11563, #11527));
#11562 = IFCCARTESIANPOINT((-1.14087890625E-1, 5.92987670898438E-2, 3.02844787597656E-1));
#11563 = IFCCARTESIANPOINT((-1.12213539123535E-1, 6.95577163696289E-2, 3.00662994384766E-1));
#11564 = IFCFACEOUTERBOUND(#11561, .T.);
#11565 = IFCFACE((#11564));
#11566 = IFCPOLYLOOP((#11527, #11526, #11562));
#11567 = IFCFACEOUTERBOUND(#11566, .T.);
#11568 = IFCFACE((#11567));
#11569 = IFCPOLYLOOP((#11563, #11570, #11534));
#11570 = IFCCARTESIANPOINT((-1.08181922912598E-1, 7.91150360107422E-2, 2.99527679443359E-1));
#11571 = IFCFACEOUTERBOUND(#11569, .T.);
#11572 = IFCFACE((#11571));
#11573 = IFCPOLYLOOP((#11534, #11527, #11563));
#11574 = IFCFACEOUTERBOUND(#11573, .T.);
#11575 = IFCFACE((#11574));
#11576 = IFCPOLYLOOP((#11570, #11577, #11541));
#11577 = IFCCARTESIANPOINT((-1.02274055480957E-1, 8.68087768554688E-2, 2.99604034423828E-1));
#11578 = IFCFACEOUTERBOUND(#11576, .T.);
#11579 = IFCFACE((#11578));
#11580 = IFCPOLYLOOP((#11541, #11534, #11570));
#11581 = IFCFACEOUTERBOUND(#11580, .T.);
#11582 = IFCFACE((#11581));
#11583 = IFCPOLYLOOP((#11577, #11584, #11548));
#11584 = IFCCARTESIANPOINT((-9.39066390991211E-2, 9.18125762939453E-2, 3.01275360107422E-1));
#11585 = IFCFACEOUTERBOUND(#11583, .T.);
#11586 = IFCFACE((#11585));
#11587 = IFCPOLYLOOP((#11548, #11541, #11577));
#11588 = IFCFACEOUTERBOUND(#11587, .T.);
#11589 = IFCFACE((#11588));
#11590 = IFCPOLYLOOP((#11584, #11591, #11555));
#11591 = IFCCARTESIANPOINT((-8.45280609130859E-2, 9.18765029907227E-2, 3.04568206787109E-1));
#11592 = IFCFACEOUTERBOUND(#11590, .T.);
#11593 = IFCFACE((#11592));
#11594 = IFCPOLYLOOP((#11555, #11548, #11584));
#11595 = IFCFACEOUTERBOUND(#11594, .T.);
#11596 = IFCFACE((#11595));
#11597 = IFCPOLYLOOP((#11598, #11563, #11562));
#11598 = IFCCARTESIANPOINT((-1.18882186889648E-1, 7.6779655456543E-2, 3.32503662109375E-1));
#11599 = IFCFACEOUTERBOUND(#11597, .T.);
#11600 = IFCFACE((#11599));
#11601 = IFCPOLYLOOP((#11562, #11602, #11598));
#11602 = IFCCARTESIANPOINT((-1.20931518554688E-1, 6.66165390014648E-2, 3.3470703125E-1));
#11603 = IFCFACEOUTERBOUND(#11601, .T.);
#11604 = IFCFACE((#11603));
#11605 = IFCPOLYLOOP((#11598, #11606, #11570));
#11606 = IFCCARTESIANPOINT((-1.14676574707031E-1, 8.61785125732422E-2, 3.31183776855469E-1));
#11607 = IFCFACEOUTERBOUND(#11605, .T.);
#11608 = IFCFACE((#11607));
#11609 = IFCPOLYLOOP((#11570, #11563, #11598));
#11610 = IFCFACEOUTERBOUND(#11609, .T.);
#11611 = IFCFACE((#11610));
#11612 = IFCPOLYLOOP((#11606, #11613, #11577));
#11613 = IFCCARTESIANPOINT((-1.08632278442383E-1, 9.37030181884766E-2, 3.30900451660156E-1));
#11614 = IFCFACEOUTERBOUND(#11612, .T.);
#11615 = IFCFACE((#11614));
#11616 = IFCPOLYLOOP((#11577, #11570, #11606));
#11617 = IFCFACEOUTERBOUND(#11616, .T.);
#11618 = IFCFACE((#11617));
#11619 = IFCPOLYLOOP((#11613, #11620, #11584));
#11620 = IFCCARTESIANPOINT((-1.00200714111328E-1, 9.85694808959961E-2, 3.31957214355469E-1));
#11621 = IFCFACEOUTERBOUND(#11619, .T.);
#11622 = IFCFACE((#11621));
#11623 = IFCPOLYLOOP((#11584, #11577, #11613));
#11624 = IFCFACEOUTERBOUND(#11623, .T.);
#11625 = IFCFACE((#11624));
#11626 = IFCPOLYLOOP((#11627, #11606, #11598));
#11627 = IFCCARTESIANPOINT((-1.18931327819824E-1, 9.15794219970703E-2, 3.63741943359375E-1));
#11628 = IFCFACEOUTERBOUND(#11626, .T.);
#11629 = IFCFACE((#11628));
#11630 = IFCPOLYLOOP((#11598, #11631, #11627));
#11631 = IFCCARTESIANPOINT((-1.23456451416016E-1, 8.24846038818359E-2, 3.65381774902344E-1));
#11632 = IFCFACEOUTERBOUND(#11630, .T.);
#11633 = IFCFACE((#11632));
#11634 = IFCPOLYLOOP((#11635, #11613, #11606));
#11635 = IFCCARTESIANPOINT((-1.12728569030762E-1, 9.89318466186523E-2, 3.629248046875E-1));
#11636 = IFCFACEOUTERBOUND(#11634, .T.);
#11637 = IFCFACE((#11636));
#11638 = IFCPOLYLOOP((#11606, #11627, #11635));
#11639 = IFCFACEOUTERBOUND(#11638, .T.);
#11640 = IFCFACE((#11639));
#11641 = IFCPOLYLOOP((#11635, #11642, #11620));
#11642 = IFCCARTESIANPOINT((-1.04386901855469E-1, 1.03859214782715E-1, 3.63152984619141E-1));
#11643 = IFCFACEOUTERBOUND(#11641, .T.);
#11644 = IFCFACE((#11643));
#11645 = IFCPOLYLOOP((#11620, #11613, #11635));
#11646 = IFCFACEOUTERBOUND(#11645, .T.);
#11647 = IFCFACE((#11646));
#11648 = IFCPOLYLOOP((#11649, #11627, #11631));
#11649 = IFCCARTESIANPOINT((-1.21152633666992E-1, 9.57232360839844E-2, 3.96884674072266E-1));
#11650 = IFCFACEOUTERBOUND(#11648, .T.);
#11651 = IFCFACE((#11650));
#11652 = IFCPOLYLOOP((#11653, #11635, #11627));
#11653 = IFCCARTESIANPOINT((-1.14824485778809E-1, 1.02959892272949E-1, 3.95429138183594E-1));
#11654 = IFCFACEOUTERBOUND(#11652, .T.);
#11655 = IFCFACE((#11654));
#11656 = IFCPOLYLOOP((#11627, #11649, #11653));
#11657 = IFCFACEOUTERBOUND(#11656, .T.);
#11658 = IFCFACE((#11657));
#11659 = IFCPOLYLOOP((#11660, #11653, #11649));
#11660 = IFCCARTESIANPOINT((-1.1531950378418E-1, 1.06428657531738E-1, 4.28148681640625E-1));
#11661 = IFCFACEOUTERBOUND(#11659, .T.);
#11662 = IFCFACE((#11661));
#11663 = IFCPOLYLOOP((#11649, #11664, #11660));
#11664 = IFCCARTESIANPOINT((-1.21662635803223E-1, 9.91719207763672E-2, 4.30239044189453E-1));
#11665 = IFCFACEOUTERBOUND(#11663, .T.);
#11666 = IFCFACE((#11665));
#11667 = IFCPOLYLOOP((#11668, #11669, #11670));
#11668 = IFCCARTESIANPOINT((-4.98967895507813E-2, -1.31636018753052E-2, 1.55283538818359E-1));
#11669 = IFCCARTESIANPOINT((-5.55757217407227E-2, -5.71474552154541E-3, 1.65418380737305E-1));
#11670 = IFCCARTESIANPOINT((-4.4490119934082E-2, -1.51440124511719E-2, 1.48001708984375E-1));
#11671 = IFCFACEOUTERBOUND(#11667, .T.);
#11672 = IFCFACE((#11671));
#11673 = IFCPOLYLOOP((#11668, #11674, #11669));
#11674 = IFCCARTESIANPOINT((-5.77104225158691E-2, -6.97643184661865E-3, 1.68667007446289E-1));
#11675 = IFCFACEOUTERBOUND(#11673, .T.);
#11676 = IFCFACE((#11675));
#11677 = IFCPOLYLOOP((#11678, #11669, #11674));
#11678 = IFCCARTESIANPOINT((-6.46670532226563E-2, -9.10004734992981E-4, 1.81925552368164E-1));
#11679 = IFCFACEOUTERBOUND(#11677, .T.);
#11680 = IFCFACE((#11679));
#11681 = IFCPOLYLOOP((#11399, #11682, #11683));
#11682 = IFCCARTESIANPOINT((-3.5686710357666E-2, -1.5826078414917E-2, 1.39588088989258E-1));
#11683 = IFCCARTESIANPOINT((-3.98284454345703E-2, -1.67620525360107E-2, 1.42584259033203E-1));
#11684 = IFCFACEOUTERBOUND(#11681, .T.);
#11685 = IFCFACE((#11684));
#11686 = IFCPOLYLOOP((#11687, #11398, #11688));
#11687 = IFCCARTESIANPOINT((-2.73056869506836E-2, -2.08354434967041E-2, 1.30107727050781E-1));
#11688 = IFCCARTESIANPOINT((-1.95047988891602E-2, -2.01363830566406E-2, 1.25200080871582E-1));
#11689 = IFCFACEOUTERBOUND(#11686, .T.);
#11690 = IFCFACE((#11689));
#11691 = IFCPOLYLOOP((#11683, #11682, #11687));
#11692 = IFCFACEOUTERBOUND(#11691, .T.);
#11693 = IFCFACE((#11692));
#11694 = IFCPOLYLOOP((#11687, #11682, #11398));
#11695 = IFCFACEOUTERBOUND(#11694, .T.);
#11696 = IFCFACE((#11695));
#11697 = IFCPOLYLOOP((#11399, #11683, #11670));
#11698 = IFCFACEOUTERBOUND(#11697, .T.);
#11699 = IFCFACE((#11698));
#11700 = IFCPOLYLOOP((#11399, #11670, #11669));
#11701 = IFCFACEOUTERBOUND(#11700, .T.);
#11702 = IFCFACE((#11701));
#11703 = IFCPOLYLOOP((#11420, #11669, #11678));
#11704 = IFCFACEOUTERBOUND(#11703, .T.);
#11705 = IFCFACE((#11704));
#11706 = IFCPOLYLOOP((#11707, #11678, #11708));
#11707 = IFCCARTESIANPOINT((-7.59368362426758E-2, 9.58376407623291E-3, 2.06017379760742E-1));
#11708 = IFCCARTESIANPOINT((-7.51223678588867E-2, 8.64988899230957E-3, 2.04069122314453E-1));
#11709 = IFCFACEOUTERBOUND(#11706, .T.);
#11710 = IFCFACE((#11709));
#11711 = IFCPOLYLOOP((#11708, #11712, #11707));
#11712 = IFCCARTESIANPOINT((-7.53235702514648E-2, 7.24191379547119E-3, 2.08091979980469E-1));
#11713 = IFCFACEOUTERBOUND(#11711, .T.);
#11714 = IFCFACE((#11713));
#11715 = IFCPOLYLOOP((#11716, #11717, #11718));
#11716 = IFCCARTESIANPOINT((-8.18789978027344E-2, 1.51244649887085E-2, 2.18989761352539E-1));
#11717 = IFCCARTESIANPOINT((-8.23778076171875E-2, 1.3973274230957E-2, 2.22765213012695E-1));
#11718 = IFCCARTESIANPOINT((-8.29715957641602E-2, 1.62612857818604E-2, 2.21314804077148E-1));
#11719 = IFCFACEOUTERBOUND(#11715, .T.);
#11720 = IFCFACE((#11719));
#11721 = IFCPOLYLOOP((#11452, #11707, #11716));
#11722 = IFCFACEOUTERBOUND(#11721, .T.);
#11723 = IFCFACE((#11722));
#11724 = IFCPOLYLOOP((#11420, #11678, #11707));
#11725 = IFCFACEOUTERBOUND(#11724, .T.);
#11726 = IFCFACE((#11725));
#11727 = IFCPOLYLOOP((#11716, #11718, #11452));
#11728 = IFCFACEOUTERBOUND(#11727, .T.);
#11729 = IFCFACE((#11728));
#11730 = IFCPOLYLOOP((#11482, #11731, #11732));
#11731 = IFCCARTESIANPOINT((-9.03841323852539E-2, 2.34748497009277E-2, 2.3910627746582E-1));
#11732 = IFCCARTESIANPOINT((-9.1482177734375E-2, 2.46528148651123E-2, 2.41659484863281E-1));
#11733 = IFCFACEOUTERBOUND(#11730, .T.);
#11734 = IFCFACE((#11733));
#11735 = IFCPOLYLOOP((#11732, #11731, #11736));
#11736 = IFCCARTESIANPOINT((-9.09116821289063E-2, 2.23543815612793E-2, 2.42966613769531E-1));
#11737 = IFCFACEOUTERBOUND(#11735, .T.);
#11738 = IFCFACE((#11737));
#11739 = IFCPOLYLOOP((#11452, #11420, #11707));
#11740 = IFCFACEOUTERBOUND(#11739, .T.);
#11741 = IFCFACE((#11740));
#11742 = IFCPOLYLOOP((#11731, #11482, #11452));
#11743 = IFCFACEOUTERBOUND(#11742, .T.);
#11744 = IFCFACE((#11743));
#11745 = IFCPOLYLOOP((#11482, #11732, #11746));
#11746 = IFCCARTESIANPOINT((-9.88041610717773E-2, 3.23181610107422E-2, 2.60444122314453E-1));
#11747 = IFCFACEOUTERBOUND(#11745, .T.);
#11748 = IFCFACE((#11747));
#11749 = IFCPOLYLOOP((#11731, #11452, #11718));
#11750 = IFCFACEOUTERBOUND(#11749, .T.);
#11751 = IFCFACE((#11750));
#11752 = IFCPOLYLOOP((#11753, #11746, #11754));
#11753 = IFCCARTESIANPOINT((-9.98382720947266E-2, 3.34910469055176E-2, 2.63133422851563E-1));
#11754 = IFCCARTESIANPOINT((-9.91704864501953E-2, 3.10944004058838E-2, 2.63668151855469E-1));
#11755 = IFCFACEOUTERBOUND(#11752, .T.);
#11756 = IFCFACE((#11755));
#11757 = IFCPOLYLOOP((#11753, #11522, #11482));
#11758 = IFCFACEOUTERBOUND(#11757, .T.);
#11759 = IFCFACE((#11758));
#11760 = IFCPOLYLOOP((#11526, #11522, #11761));
#11761 = IFCCARTESIANPOINT((-1.06291801452637E-1, 4.06709518432617E-2, 2.81737487792969E-1));
#11762 = IFCFACEOUTERBOUND(#11760, .T.);
#11763 = IFCFACE((#11762));
#11764 = IFCPOLYLOOP((#11746, #11753, #11482));
#11765 = IFCFACEOUTERBOUND(#11764, .T.);
#11766 = IFCFACE((#11765));
#11767 = IFCPOLYLOOP((#11768, #11769, #11412));
#11768 = IFCCARTESIANPOINT((-1.09699840545654E-2, 1.04562215805054E-2, 1.34217224121094E-1));
#11769 = IFCCARTESIANPOINT((-8.08368396759033E-3, 3.3784487247467E-3, 1.28770553588867E-1));
#11770 = IFCFACEOUTERBOUND(#11767, .T.);
#11771 = IFCFACE((#11770));
#11772 = IFCPOLYLOOP((#11769, #11773, #11412));
#11773 = IFCCARTESIANPOINT((-7.98106718063354E-3, -6.38328647613525E-3, 1.24518402099609E-1));
#11774 = IFCFACEOUTERBOUND(#11772, .T.);
#11775 = IFCFACE((#11774));
#11776 = IFCPOLYLOOP((#11777, #11688, #11404));
#11777 = IFCCARTESIANPOINT((-1.12038040161133E-2, -1.59609470367432E-2, 1.22074729919434E-1));
#11778 = IFCFACEOUTERBOUND(#11776, .T.);
#11779 = IFCFACE((#11778));
#11780 = IFCPOLYLOOP((#11404, #11773, #11777));
#11781 = IFCFACEOUTERBOUND(#11780, .T.);
#11782 = IFCFACE((#11781));
#11783 = IFCPOLYLOOP((#11443, #11412, #11411));
#11784 = IFCFACEOUTERBOUND(#11783, .T.);
#11785 = IFCFACE((#11784));
#11786 = IFCPOLYLOOP((#11787, #11443, #11447));
#11787 = IFCCARTESIANPOINT((-2.6430850982666E-2, 3.80719985961914E-2, 1.66882995605469E-1));
#11788 = IFCFACEOUTERBOUND(#11786, .T.);
#11789 = IFCFACE((#11788));
#11790 = IFCPOLYLOOP((#11768, #11412, #11443));
#11791 = IFCFACEOUTERBOUND(#11790, .T.);
#11792 = IFCFACE((#11791));
#11793 = IFCPOLYLOOP((#11773, #11404, #11412));
#11794 = IFCFACEOUTERBOUND(#11793, .T.);
#11795 = IFCFACE((#11794));
#11796 = IFCPOLYLOOP((#11797, #11768, #11443));
#11797 = IFCCARTESIANPOINT((-1.36573438644409E-2, 1.73903522491455E-2, 1.39907165527344E-1));
#11798 = IFCFACEOUTERBOUND(#11796, .T.);
#11799 = IFCFACE((#11798));
#11800 = IFCPOLYLOOP((#11443, #11801, #11797));
#11801 = IFCCARTESIANPOINT((-1.8311056137085E-2, 2.84493942260742E-2, 1.5122705078125E-1));
#11802 = IFCFACEOUTERBOUND(#11800, .T.);
#11803 = IFCFACE((#11802));
#11804 = IFCPOLYLOOP((#11443, #11805, #11801));
#11805 = IFCCARTESIANPOINT((-2.2236291885376E-2, 3.30385513305664E-2, 1.58347137451172E-1));
#11806 = IFCFACEOUTERBOUND(#11804, .T.);
#11807 = IFCFACE((#11806));
#11808 = IFCPOLYLOOP((#11805, #11443, #11809));
#11809 = IFCCARTESIANPOINT((-2.55550060272217E-2, 3.76371955871582E-2, 1.65900970458984E-1));
#11810 = IFCFACEOUTERBOUND(#11808, .T.);
#11811 = IFCFACE((#11810));
#11812 = IFCPOLYLOOP((#11787, #11447, #11813));
#11813 = IFCCARTESIANPOINT((-3.27702980041504E-2, 4.5328857421875E-2, 1.80897125244141E-1));
#11814 = IFCFACEOUTERBOUND(#11812, .T.);
#11815 = IFCFACE((#11814));
#11816 = IFCPOLYLOOP((#11817, #11818, #11447));
#11817 = IFCCARTESIANPOINT((-4.12511100769043E-2, 5.41590538024902E-2, 2.01371978759766E-1));
#11818 = IFCCARTESIANPOINT((-3.40089111328125E-2, 4.65971603393555E-2, 1.83751693725586E-1));
#11819 = IFCFACEOUTERBOUND(#11816, .T.);
#11820 = IFCFACE((#11819));
#11821 = IFCPOLYLOOP((#11813, #11447, #11818));
#11822 = IFCFACEOUTERBOUND(#11821, .T.);
#11823 = IFCFACE((#11822));
#11824 = IFCPOLYLOOP((#11817, #11447, #11478));
#11825 = IFCFACEOUTERBOUND(#11824, .T.);
#11826 = IFCFACE((#11825));
#11827 = IFCPOLYLOOP((#11813, #11818, #11828));
#11828 = IFCCARTESIANPOINT((-3.20966758728027E-2, 4.62574272155762E-2, 1.84360885620117E-1));
#11829 = IFCFACEOUTERBOUND(#11827, .T.);
#11830 = IFCFACE((#11829));
#11831 = IFCPOLYLOOP((#11518, #11832, #11478));
#11832 = IFCCARTESIANPOINT((-5.51029434204102E-2, 6.73369903564453E-2, 2.36234817504883E-1));
#11833 = IFCFACEOUTERBOUND(#11831, .T.);
#11834 = IFCFACE((#11833));
#11835 = IFCPOLYLOOP((#11836, #11555, #11837));
#11836 = IFCCARTESIANPOINT((-7.14676361083984E-2, 8.22116317749023E-2, 2.79571533203125E-1));
#11837 = IFCCARTESIANPOINT((-7.25580749511719E-2, 8.31614685058594E-2, 2.82338714599609E-1));
#11838 = IFCFACEOUTERBOUND(#11835, .T.);
#11839 = IFCFACE((#11838));
#11840 = IFCPOLYLOOP((#11555, #11841, #11837));
#11841 = IFCCARTESIANPOINT((-8.03609466552734E-2, 9.00003662109375E-2, 3.03709747314453E-1));
#11842 = IFCFACEOUTERBOUND(#11840, .T.);
#11843 = IFCFACE((#11842));
#11844 = IFCPOLYLOOP((#11845, #11836, #11837));
#11845 = IFCCARTESIANPOINT((-6.97840957641602E-2, 8.25204315185547E-2, 2.82992340087891E-1));
#11846 = IFCFACEOUTERBOUND(#11844, .T.);
#11847 = IFCFACE((#11846));
#11848 = IFCPOLYLOOP((#11849, #11518, #11555));
#11849 = IFCCARTESIANPOINT((-6.46720352172852E-2, 7.60380706787109E-2, 2.60757293701172E-1));
#11850 = IFCFACEOUTERBOUND(#11848, .T.);
#11851 = IFCFACE((#11850));
#11852 = IFCPOLYLOOP((#11817, #11478, #11853));
#11853 = IFCCARTESIANPOINT((-4.70210113525391E-2, 5.9730899810791E-2, 2.15575927734375E-1));
#11854 = IFCFACEOUTERBOUND(#11852, .T.);
#11855 = IFCFACE((#11854));
#11856 = IFCPOLYLOOP((#11849, #11555, #11836));
#11857 = IFCFACEOUTERBOUND(#11856, .T.);
#11858 = IFCFACE((#11857));
#11859 = IFCPOLYLOOP((#11860, #11853, #11861));
#11860 = IFCCARTESIANPOINT((-4.53558616638184E-2, 6.01235160827637E-2, 2.18564712524414E-1));
#11861 = IFCCARTESIANPOINT((-4.81267356872559E-2, 6.07205696105957E-2, 2.17971710205078E-1));
#11862 = IFCFACEOUTERBOUND(#11859, .T.);
#11863 = IFCFACE((#11862));
#11864 = IFCPOLYLOOP((#11861, #11478, #11832));
#11865 = IFCFACEOUTERBOUND(#11864, .T.);
#11866 = IFCFACE((#11865));
#11867 = IFCPOLYLOOP((#11861, #11853, #11478));
#11868 = IFCFACEOUTERBOUND(#11867, .T.);
#11869 = IFCFACE((#11868));
#11870 = IFCPOLYLOOP((#11849, #11871, #11872));
#11871 = IFCCARTESIANPOINT((-6.17309684753418E-2, 7.52125015258789E-2, 2.60842529296875E-1));
#11872 = IFCCARTESIANPOINT((-6.3556022644043E-2, 7.50505447387695E-2, 2.58023529052734E-1));
#11873 = IFCFACEOUTERBOUND(#11870, .T.);
#11874 = IFCFACE((#11873));
#11875 = IFCPOLYLOOP((#11518, #11872, #11876));
#11876 = IFCCARTESIANPOINT((-5.62351722717285E-2, 6.83453826904297E-2, 2.38852401733398E-1));
#11877 = IFCFACEOUTERBOUND(#11875, .T.);
#11878 = IFCFACE((#11877));
#11879 = IFCPOLYLOOP((#11832, #11876, #11880));
#11880 = IFCCARTESIANPOINT((-5.34852600097656E-2, 6.7694206237793E-2, 2.39375732421875E-1));
#11881 = IFCFACEOUTERBOUND(#11879, .T.);
#11882 = IFCFACE((#11881));
#11883 = IFCPOLYLOOP((#11876, #11832, #11518));
#11884 = IFCFACEOUTERBOUND(#11883, .T.);
#11885 = IFCFACE((#11884));
#11886 = IFCPOLYLOOP((#11518, #11849, #11872));
#11887 = IFCFACEOUTERBOUND(#11886, .T.);
#11888 = IFCFACE((#11887));
#11889 = IFCPOLYLOOP((#11890, #11526, #11761));
#11890 = IFCCARTESIANPOINT((-1.07223533630371E-1, 4.18193130493164E-2, 2.84487487792969E-1));
#11891 = IFCFACEOUTERBOUND(#11889, .T.);
#11892 = IFCFACE((#11891));
#11893 = IFCPOLYLOOP((#11526, #11890, #11894));
#11894 = IFCCARTESIANPOINT((-1.13215126037598E-1, 4.93074035644531E-2, 3.0387353515625E-1));
#11895 = IFCFACEOUTERBOUND(#11893, .T.);
#11896 = IFCFACE((#11895));
#11897 = IFCPOLYLOOP((#11562, #11526, #11894));
#11898 = IFCFACEOUTERBOUND(#11897, .T.);
#11899 = IFCFACE((#11898));
#11900 = IFCPOLYLOOP((#11894, #11901, #11902));
#11901 = IFCCARTESIANPOINT((-1.1376880645752E-1, 4.81208000183105E-2, 3.06880157470703E-1));
#11902 = IFCCARTESIANPOINT((-1.14178184509277E-1, 5.05819664001465E-2, 3.07293762207031E-1));
#11903 = IFCFACEOUTERBOUND(#11900, .T.);
#11904 = IFCFACE((#11903));
#11905 = IFCPOLYLOOP((#11894, #11902, #11562));
#11906 = IFCFACEOUTERBOUND(#11905, .T.);
#11907 = IFCFACE((#11906));
#11908 = IFCPOLYLOOP((#11562, #11902, #11909));
#11909 = IFCCARTESIANPOINT((-1.19527099609375E-1, 5.85033874511719E-2, 3.28983306884766E-1));
#11910 = IFCFACEOUTERBOUND(#11908, .T.);
#11911 = IFCFACE((#11910));
#11912 = IFCPOLYLOOP((#11602, #11909, #11913));
#11913 = IFCCARTESIANPOINT((-1.2354370880127E-1, 6.63945617675781E-2, 3.49309631347656E-1));
#11914 = IFCFACEOUTERBOUND(#11912, .T.);
#11915 = IFCFACE((#11914));
#11916 = IFCPOLYLOOP((#11602, #11562, #11909));
#11917 = IFCFACEOUTERBOUND(#11916, .T.);
#11918 = IFCFACE((#11917));
#11919 = IFCPOLYLOOP((#11602, #11920, #11598));
#11920 = IFCCARTESIANPOINT((-1.25385452270508E-1, 7.16520004272461E-2, 3.63246765136719E-1));
#11921 = IFCFACEOUTERBOUND(#11919, .T.);
#11922 = IFCFACE((#11921));
#11923 = IFCPOLYLOOP((#11924, #11913, #11925));
#11924 = IFCCARTESIANPOINT((-1.24009666442871E-1, 6.7666389465332E-2, 3.52812347412109E-1));
#11925 = IFCCARTESIANPOINT((-1.23967010498047E-1, 6.62505340576172E-2, 3.54557464599609E-1));
#11926 = IFCFACEOUTERBOUND(#11923, .T.);
#11927 = IFCFACE((#11926));
#11928 = IFCPOLYLOOP((#11598, #11920, #11631));
#11929 = IFCFACEOUTERBOUND(#11928, .T.);
#11930 = IFCFACE((#11929));
#11931 = IFCPOLYLOOP((#11932, #11631, #11920));
#11932 = IFCCARTESIANPOINT((-1.26859809875488E-1, 7.7831787109375E-2, 3.80123321533203E-1));
#11933 = IFCFACEOUTERBOUND(#11931, .T.);
#11934 = IFCFACE((#11933));
#11935 = IFCPOLYLOOP((#11920, #11602, #11924));
#11936 = IFCFACEOUTERBOUND(#11935, .T.);
#11937 = IFCFACE((#11936));
#11938 = IFCPOLYLOOP((#11913, #11924, #11602));
#11939 = IFCFACEOUTERBOUND(#11938, .T.);
#11940 = IFCFACE((#11939));
#11941 = IFCPOLYLOOP((#11942, #11631, #11932));
#11942 = IFCCARTESIANPOINT((-1.2704182434082E-1, 8.39417190551758E-2, 3.97094177246094E-1));
#11943 = IFCFACEOUTERBOUND(#11941, .T.);
#11944 = IFCFACE((#11943));
#11945 = IFCPOLYLOOP((#11946, #11631, #11942));
#11946 = IFCCARTESIANPOINT((-1.26958961486816E-1, 8.50190887451172E-2, 4.00078430175781E-1));
#11947 = IFCFACEOUTERBOUND(#11945, .T.);
#11948 = IFCFACE((#11947));
#11949 = IFCPOLYLOOP((#11942, #11950, #11946));
#11950 = IFCCARTESIANPOINT((-1.27580535888672E-1, 8.32549819946289E-2, 4.00212005615234E-1));
#11951 = IFCFACEOUTERBOUND(#11949, .T.);
#11952 = IFCFACE((#11951));
#11953 = IFCPOLYLOOP((#11649, #11946, #11954));
#11954 = IFCCARTESIANPOINT((-1.26081192016602E-1, 9.09317779541016E-2, 4.19070678710938E-1));
#11955 = IFCFACEOUTERBOUND(#11953, .T.);
#11956 = IFCFACE((#11955));
#11957 = IFCPOLYLOOP((#11946, #11649, #11631));
#11958 = IFCFACEOUTERBOUND(#11957, .T.);
#11959 = IFCFACE((#11958));
#11960 = IFCPOLYLOOP((#11649, #11954, #11961));
#11961 = IFCCARTESIANPOINT((-1.25696151733398E-1, 9.2237663269043E-2, 4.24906158447266E-1));
#11962 = IFCFACEOUTERBOUND(#11960, .T.);
#11963 = IFCFACE((#11962));
#11964 = IFCPOLYLOOP((#11961, #11954, #11965));
#11965 = IFCCARTESIANPOINT((-1.26519996643066E-1, 9.05384521484375E-2, 4.23945861816406E-1));
#11966 = IFCFACEOUTERBOUND(#11964, .T.);
#11967 = IFCFACE((#11966));
#11968 = IFCPOLYLOOP((#11649, #11961, #11664));
#11969 = IFCFACEOUTERBOUND(#11968, .T.);
#11970 = IFCFACE((#11969));
#11971 = IFCPOLYLOOP((#11972, #11664, #11961));
#11972 = IFCCARTESIANPOINT((-1.23952377319336E-1, 9.70470962524414E-2, 4.440888671875E-1));
#11973 = IFCFACEOUTERBOUND(#11971, .T.);
#11974 = IFCFACE((#11973));
#11975 = IFCPOLYLOOP((#11976, #11972, #11977));
#11976 = IFCCARTESIANPOINT((-1.23246864318848E-1, 9.84827270507813E-2, 4.50560943603516E-1));
#11977 = IFCCARTESIANPOINT((-1.24347282409668E-1, 9.66438293457031E-2, 4.48275085449219E-1));
#11978 = IFCFACEOUTERBOUND(#11975, .T.);
#11979 = IFCFACE((#11978));
#11980 = IFCPOLYLOOP((#11664, #11976, #11981));
#11981 = IFCCARTESIANPOINT((-1.21100425720215E-1, 1.02634948730469E-1, 4.67771820068359E-1));
#11982 = IFCFACEOUTERBOUND(#11980, .T.);
#11983 = IFCFACE((#11982));
#11984 = IFCPOLYLOOP((#11985, #11986, #11981));
#11985 = IFCCARTESIANPOINT((-1.18914047241211E-1, 1.06846267700195E-1, 4.84192108154297E-1));
#11986 = IFCCARTESIANPOINT((-1.15434837341309E-1, 1.11484428405762E-1, 4.82355590820313E-1));
#11987 = IFCFACEOUTERBOUND(#11984, .T.);
#11988 = IFCFACE((#11987));
#11989 = IFCPOLYLOOP((#11664, #11981, #11990));
#11990 = IFCCARTESIANPOINT((-1.13558204650879E-1, 1.1091862487793E-1, 4.55424652099609E-1));
#11991 = IFCFACEOUTERBOUND(#11989, .T.);
#11992 = IFCFACE((#11991));
#11993 = IFCPOLYLOOP((#11972, #11976, #11664));
#11994 = IFCFACEOUTERBOUND(#11993, .T.);
#11995 = IFCFACE((#11994));
#11996 = IFCPOLYLOOP((#11997, #11620, #11998));
#11997 = IFCCARTESIANPOINT((-9.51156768798828E-2, 1.01040550231934E-1, 3.43236175537109E-1));
#11998 = IFCCARTESIANPOINT((-9.61853332519531E-2, 1.01697891235352E-1, 3.46793365478516E-1));
#11999 = IFCFACEOUTERBOUND(#11996, .T.);
#12000 = IFCFACE((#11999));
#12001 = IFCPOLYLOOP((#11620, #11642, #11998));
#12002 = IFCFACEOUTERBOUND(#12001, .T.);
#12003 = IFCFACE((#12002));
#12004 = IFCPOLYLOOP((#11998, #12005, #11997));
#12005 = IFCCARTESIANPOINT((-9.43862533569336E-2, 1.01407173156738E-1, 3.46827087402344E-1));
#12006 = IFCFACEOUTERBOUND(#12004, .T.);
#12007 = IFCFACE((#12006));
#12008 = IFCPOLYLOOP((#12009, #11584, #11620));
#12009 = IFCCARTESIANPOINT((-8.84960021972656E-2, 9.64870147705078E-2, 3.25422943115234E-1));
#12010 = IFCFACEOUTERBOUND(#12008, .T.);
#12011 = IFCFACE((#12010));
#12012 = IFCPOLYLOOP((#12013, #11642, #12014));
#12013 = IFCCARTESIANPOINT((-1.02144271850586E-1, 1.05122886657715E-1, 3.67439270019531E-1));
#12014 = IFCCARTESIANPOINT((-1.05151382446289E-1, 1.06463020324707E-1, 3.79882690429688E-1));
#12015 = IFCFACEOUTERBOUND(#12012, .T.);
#12016 = IFCFACE((#12015));
#12017 = IFCPOLYLOOP((#11635, #12014, #11642));
#12018 = IFCFACEOUTERBOUND(#12017, .T.);
#12019 = IFCFACE((#12018));
#12020 = IFCPOLYLOOP((#11998, #11642, #12013));
#12021 = IFCFACEOUTERBOUND(#12020, .T.);
#12022 = IFCFACE((#12021));
#12023 = IFCPOLYLOOP((#12014, #11635, #12024));
#12024 = IFCCARTESIANPOINT((-1.07092140197754E-1, 1.0734521484375E-1, 3.90076416015625E-1));
#12025 = IFCFACEOUTERBOUND(#12023, .T.);
#12026 = IFCFACE((#12025));
#12027 = IFCPOLYLOOP((#12028, #11841, #11591));
#12028 = IFCCARTESIANPOINT((-8.74208679199219E-2, 9.56800308227539E-2, 3.22581207275391E-1));
#12029 = IFCFACEOUTERBOUND(#12027, .T.);
#12030 = IFCFACE((#12029));
#12031 = IFCPOLYLOOP((#11591, #11841, #11555));
#12032 = IFCFACEOUTERBOUND(#12031, .T.);
#12033 = IFCFACE((#12032));
#12034 = IFCPOLYLOOP((#11997, #12009, #11620));
#12035 = IFCFACEOUTERBOUND(#12034, .T.);
#12036 = IFCFACE((#12035));
#12037 = IFCPOLYLOOP((#12038, #12028, #12009));
#12038 = IFCCARTESIANPOINT((-8.69391784667969E-2, 9.59531860351563E-2, 3.26349090576172E-1));
#12039 = IFCFACEOUTERBOUND(#12037, .T.);
#12040 = IFCFACE((#12039));
#12041 = IFCPOLYLOOP((#12009, #12028, #11591));
#12042 = IFCFACEOUTERBOUND(#12041, .T.);
#12043 = IFCFACE((#12042));
#12044 = IFCPOLYLOOP((#12009, #11591, #11584));
#12045 = IFCFACEOUTERBOUND(#12044, .T.);
#12046 = IFCFACE((#12045));
#12047 = IFCPOLYLOOP((#11990, #11981, #11986));
#12048 = IFCFACEOUTERBOUND(#12047, .T.);
#12049 = IFCFACE((#12048));
#12050 = IFCPOLYLOOP((#11660, #11664, #11990));
#12051 = IFCFACEOUTERBOUND(#12050, .T.);
#12052 = IFCFACE((#12051));
#12053 = IFCPOLYLOOP((#12054, #11653, #11660));
#12054 = IFCCARTESIANPOINT((-1.10346588134766E-1, 1.08883087158203E-1, 4.13635162353516E-1));
#12055 = IFCFACEOUTERBOUND(#12053, .T.);
#12056 = IFCFACE((#12055));
#12057 = IFCPOLYLOOP((#11990, #12058, #11660));
#12058 = IFCCARTESIANPOINT((-1.12842918395996E-1, 1.10661483764648E-1, 4.46182586669922E-1));
#12059 = IFCFACEOUTERBOUND(#12057, .T.);
#12060 = IFCFACE((#12059));
#12061 = IFCPOLYLOOP((#11985, #12062, #11986));
#12062 = IFCCARTESIANPOINT((-1.1703694152832E-1, 1.10103813171387E-1, 4.90437225341797E-1));
#12063 = IFCFACEOUTERBOUND(#12061, .T.);
#12064 = IFCFACE((#12063));
#12065 = IFCPOLYLOOP((#11653, #12054, #12066));
#12066 = IFCCARTESIANPOINT((-1.07808532714844E-1, 1.07564796447754E-1, 3.93296569824219E-1));
#12067 = IFCFACEOUTERBOUND(#12065, .T.);
#12068 = IFCFACE((#12067));
#12069 = IFCPOLYLOOP((#12070, #12024, #12066));
#12070 = IFCCARTESIANPOINT((-1.05811798095703E-1, 1.08206253051758E-1, 3.92537109375E-1));
#12071 = IFCFACEOUTERBOUND(#12069, .T.);
#12072 = IFCFACE((#12071));
#12073 = IFCPOLYLOOP((#11653, #12066, #12024));
#12074 = IFCFACEOUTERBOUND(#12073, .T.);
#12075 = IFCFACE((#12074));
#12076 = IFCPOLYLOOP((#11660, #12077, #12054));
#12077 = IFCCARTESIANPOINT((-1.10753807067871E-1, 1.09286483764648E-1, 4.18750701904297E-1));
#12078 = IFCFACEOUTERBOUND(#12076, .T.);
#12079 = IFCFACE((#12078));
#12080 = IFCPOLYLOOP((#12081, #12082, #12058));
#12081 = IFCCARTESIANPOINT((-1.11435646057129E-1, 1.11576904296875E-1, 4.42841064453125E-1));
#12082 = IFCCARTESIANPOINT((-1.12399185180664E-1, 1.10353797912598E-1, 4.39552307128906E-1));
#12083 = IFCFACEOUTERBOUND(#12080, .T.);
#12084 = IFCFACE((#12083));
#12085 = IFCPOLYLOOP((#12054, #12077, #12086));
#12086 = IFCCARTESIANPOINT((-1.09124847412109E-1, 1.10067489624023E-1, 4.16787506103516E-1));
#12087 = IFCFACEOUTERBOUND(#12085, .T.);
#12088 = IFCFACE((#12087));
#12089 = IFCPOLYLOOP((#11660, #12082, #12077));
#12090 = IFCFACEOUTERBOUND(#12089, .T.);
#12091 = IFCFACE((#12090));
#12092 = IFCPOLYLOOP((#12082, #11660, #12058));
#12093 = IFCFACEOUTERBOUND(#12092, .T.);
#12094 = IFCFACE((#12093));
#12095 = IFCPOLYLOOP((#11635, #11653, #12024));
#12096 = IFCFACEOUTERBOUND(#12095, .T.);
#12097 = IFCFACE((#12096));
#12098 = IFCPOLYLOOP((#12099, #11890, #11761));
#12099 = IFCCARTESIANPOINT((-1.06831420898438E-1, 3.96314353942871E-2, 2.85568725585938E-1));
#12100 = IFCFACEOUTERBOUND(#12098, .T.);
#12101 = IFCFACE((#12100));
#12102 = IFCPOLYLOOP((#11398, #11682, #11399));
#12103 = IFCFACEOUTERBOUND(#12102, .T.);
#12104 = IFCFACE((#12103));
#12105 = IFCPOLYLOOP((#11399, #11669, #11420));
#12106 = IFCFACEOUTERBOUND(#12105, .T.);
#12107 = IFCFACE((#12106));
#12108 = IFCPOLYLOOP((#11397, #11399, #11419));
#12109 = IFCFACEOUTERBOUND(#12108, .T.);
#12110 = IFCFACE((#12109));
#12111 = IFCPOLYLOOP((#11443, #11411, #11435));
#12112 = IFCFACEOUTERBOUND(#12111, .T.);
#12113 = IFCFACE((#12112));
#12114 = IFCPOLYLOOP((#11419, #11420, #11452));
#12115 = IFCFACEOUTERBOUND(#12114, .T.);
#12116 = IFCFACE((#12115));
#12117 = IFCPOLYLOOP((#11424, #11419, #11451));
#12118 = IFCFACEOUTERBOUND(#12117, .T.);
#12119 = IFCFACE((#12118));
#12120 = IFCPOLYLOOP((#11442, #11435, #11467));
#12121 = IFCFACEOUTERBOUND(#12120, .T.);
#12122 = IFCFACE((#12121));
#12123 = IFCPOLYLOOP((#11447, #11442, #11474));
#12124 = IFCFACEOUTERBOUND(#12123, .T.);
#12125 = IFCFACE((#12124));
#12126 = IFCPOLYLOOP((#11478, #11474, #11511));
#12127 = IFCFACEOUTERBOUND(#12126, .T.);
#12128 = IFCFACE((#12127));
#12129 = IFCPOLYLOOP((#11522, #11526, #11483));
#12130 = IFCFACEOUTERBOUND(#12129, .T.);
#12131 = IFCFACE((#12130));
#12132 = IFCPOLYLOOP((#11688, #11398, #11404));
#12133 = IFCFACEOUTERBOUND(#12132, .T.);
#12134 = IFCFACE((#12133));
#12135 = IFCPOLYLOOP((#11443, #11787, #11809));
#12136 = IFCFACEOUTERBOUND(#12135, .T.);
#12137 = IFCFACE((#12136));
#12138 = IFCSURFACESTYLERENDERING(#12139, 0., #12140, $, $, #12141, #12142, $, .NOTDEFINED.);
#12139 = IFCCOLOURRGB('Surface color', 0., 4.98039215803146E-1, 0.);
#12140 = IFCCOLOURRGB('Diffuse color', 0., 4.98039215803146E-1, 0.);
#12141 = IFCCOLOURRGB('Reflection color', 1., 1., 1.);
#12142 = IFCCOLOURRGB('Specular color', 1., 1., 1.);
#12143 = IFCSURFACESTYLE('d194c32c_5116_40c1_a141_b5544e73a1b4', .BOTH., (#12138));
#12144 = IFCPRESENTATIONSTYLEASSIGNMENT((#12143));
#12145 = IFCSTYLEDITEM($, (#12144), $);
#12146 = IFCSTYLEDREPRESENTATION(#106, 'Body', $, (#12145));
#12147 = IFCOPENSHELL((#12153, #12158, #12163, #12167, #12171, #12176, #12180, #12184, #12188, #12192, #12197, #12202, #12206, #12210, #12214, #12218, #12221, #12225, #12230, #12233, #12237, #12241, #12245, #12249, #12252, #12256, #12261, #12264, #12268, #12271, #12275, #12278, #12282, #12285, #12289, #12292, #12296, #12299, #12304, #12307, #12311, #12314, #12318, #12321, #12325, #12328, #12332, #12335, #12340, #12343, #12347, #12350, #12354, #12357, #12361, #12364, #12368, #12371, #12376, #12379, #12383, #12386, #12390, #12393, #12397, #12401, #12404, #12408, #12411, #12416, #12419, #12425, #12429, #12432, #12436, #12441, #12445, #12449, #12452, #12455, #12458, #12462, #12466, #12469, #12472, #12476, #12479, #12484, #12487, #12491, #12494, #12497, #12501, #12504, #12508, #12512, #12516, #12519, #12523, #12527, #12530, #12533, #12536, #12539, #12543, #12546, #12550, #12553, #12557, #12560, #12564, #12567, #12573, #12576, #12582, #12585, #12588, #12591, #12595, #12598, #12602, #12606, #12612, #12615, #12618, #12621, #12625, #12629, #12632, #12637, #12640, #12643, #12646, #12649, #12653, #12657, #12661, #12665, #12670, #12673, #12677, #12680, #12683, #12686, #12689, #12692, #12695, #12698, #12701, #12704, #12707, #12710, #12713, #12716, #12719, #12722, #12725, #12728, #12731, #12734, #12737, #12740, #12743, #12746, #12749));
#12148 = IFCPOLYLOOP((#12149, #12150, #12151));
#12149 = IFCCARTESIANPOINT((-1.4388578414917E-2, -2.31261863708496E-2, 1.66952346801758E-1));
#12150 = IFCCARTESIANPOINT((-9.5893440246582E-3, -1.93397026062012E-2, 1.55886672973633E-1));
#12151 = IFCCARTESIANPOINT((-1.28175420761108E-2, -2.53966217041016E-2, 1.66143859863281E-1));
#12152 = IFCFACEOUTERBOUND(#12148, .T.);
#12153 = IFCFACE((#12152));
#12154 = IFCPOLYLOOP((#12155, #12156, #12149));
#12155 = IFCCARTESIANPOINT((-1.59656000137329E-2, -2.05530185699463E-2, 1.67878433227539E-1));
#12156 = IFCCARTESIANPOINT((-1.08474321365356E-2, -1.68279609680176E-2, 1.56949691772461E-1));
#12157 = IFCFACEOUTERBOUND(#12154, .T.);
#12158 = IFCFACE((#12157));
#12159 = IFCPOLYLOOP((#12160, #12155, #12161));
#12160 = IFCCARTESIANPOINT((-1.24413547515869E-2, -1.35989770889282E-2, 1.5822868347168E-1));
#12161 = IFCCARTESIANPOINT((-1.76908168792725E-2, -1.7286771774292E-2, 1.69078384399414E-1));
#12162 = IFCFACEOUTERBOUND(#12159, .T.);
#12163 = IFCFACE((#12162));
#12164 = IFCPOLYLOOP((#12161, #12165, #12160));
#12165 = IFCCARTESIANPOINT((-1.42763633728027E-2, -9.82704257965088E-3, 1.59605987548828E-1));
#12166 = IFCFACEOUTERBOUND(#12164, .T.);
#12167 = IFCFACE((#12166));
#12168 = IFCPOLYLOOP((#12169, #12165, #12161));
#12169 = IFCCARTESIANPOINT((-1.92712688446045E-2, -1.35378532409668E-2, 1.7050959777832E-1));
#12170 = IFCFACEOUTERBOUND(#12168, .T.);
#12171 = IFCFACE((#12170));
#12172 = IFCPOLYLOOP((#12173, #12151, #12174));
#12173 = IFCCARTESIANPOINT((-1.68903388977051E-2, -2.91709804534912E-2, 1.77188385009766E-1));
#12174 = IFCCARTESIANPOINT((-1.47423057556152E-2, -3.12449588775635E-2, 1.76618591308594E-1));
#12175 = IFCFACEOUTERBOUND(#12172, .T.);
#12176 = IFCFACE((#12175));
#12177 = IFCPOLYLOOP((#12178, #12149, #12173));
#12178 = IFCCARTESIANPOINT((-1.89256420135498E-2, -2.68473224639893E-2, 1.77880401611328E-1));
#12179 = IFCFACEOUTERBOUND(#12177, .T.);
#12180 = IFCFACE((#12179));
#12181 = IFCPOLYLOOP((#12182, #12155, #12178));
#12182 = IFCCARTESIANPOINT((-2.082981300354E-2, -2.42381744384766E-2, 1.7872021484375E-1));
#12183 = IFCFACEOUTERBOUND(#12181, .T.);
#12184 = IFCFACE((#12183));
#12185 = IFCPOLYLOOP((#12186, #12161, #12182));
#12186 = IFCCARTESIANPOINT((-2.2695728302002E-2, -2.09592876434326E-2, 1.7987516784668E-1));
#12187 = IFCFACEOUTERBOUND(#12185, .T.);
#12188 = IFCFACE((#12187));
#12189 = IFCPOLYLOOP((#12190, #12169, #12186));
#12190 = IFCCARTESIANPOINT((-2.40340576171875E-2, -1.72435207366943E-2, 1.81351867675781E-1));
#12191 = IFCFACEOUTERBOUND(#12189, .T.);
#12192 = IFCFACE((#12191));
#12193 = IFCPOLYLOOP((#12194, #12195, #12190));
#12194 = IFCCARTESIANPOINT((-2.42434463500977E-2, -1.38595504760742E-2, 1.82940902709961E-1));
#12195 = IFCCARTESIANPOINT((-2.02274131774902E-2, -1.00625562667847E-2, 1.71927917480469E-1));
#12196 = IFCFACEOUTERBOUND(#12193, .T.);
#12197 = IFCFACE((#12196));
#12198 = IFCPOLYLOOP((#12199, #12173, #12200));
#12199 = IFCCARTESIANPOINT((-2.05404853820801E-2, -3.28894462585449E-2, 1.88092025756836E-1));
#12200 = IFCCARTESIANPOINT((-1.78543739318848E-2, -3.50116806030273E-2, 1.87602035522461E-1));
#12201 = IFCFACEOUTERBOUND(#12198, .T.);
#12202 = IFCFACE((#12201));
#12203 = IFCPOLYLOOP((#12204, #12178, #12199));
#12204 = IFCCARTESIANPOINT((-2.30032558441162E-2, -3.05338153839111E-2, 1.8872151184082E-1));
#12205 = IFCFACEOUTERBOUND(#12203, .T.);
#12206 = IFCFACE((#12205));
#12207 = IFCPOLYLOOP((#12208, #12182, #12204));
#12208 = IFCCARTESIANPOINT((-2.52081508636475E-2, -2.79093379974365E-2, 1.89518615722656E-1));
#12209 = IFCFACEOUTERBOUND(#12207, .T.);
#12210 = IFCFACE((#12209));
#12211 = IFCPOLYLOOP((#12212, #12186, #12208));
#12212 = IFCCARTESIANPOINT((-2.72054424285889E-2, -2.46361217498779E-2, 1.90657867431641E-1));
#12213 = IFCFACEOUTERBOUND(#12211, .T.);
#12214 = IFCFACE((#12213));
#12215 = IFCPOLYLOOP((#12212, #12216, #12190));
#12216 = IFCCARTESIANPOINT((-2.8331714630127E-2, -2.09576950073242E-2, 1.92172500610352E-1));
#12217 = IFCFACEOUTERBOUND(#12215, .T.);
#12218 = IFCFACE((#12217));
#12219 = IFCPOLYLOOP((#12190, #12186, #12212));
#12220 = IFCFACEOUTERBOUND(#12219, .T.);
#12221 = IFCFACE((#12220));
#12222 = IFCPOLYLOOP((#12223, #12194, #12216));
#12223 = IFCCARTESIANPOINT((-2.78812370300293E-2, -1.76408290863037E-2, 1.93868377685547E-1));
#12224 = IFCFACEOUTERBOUND(#12222, .T.);
#12225 = IFCFACE((#12224));
#12226 = IFCPOLYLOOP((#12227, #12228, #12199));
#12227 = IFCCARTESIANPOINT((-2.05905017852783E-2, -3.88393821716309E-2, 1.98753219604492E-1));
#12228 = IFCCARTESIANPOINT((-2.37383041381836E-2, -3.66859321594238E-2, 1.99213607788086E-1));
#12229 = IFCFACEOUTERBOUND(#12226, .T.);
#12230 = IFCFACE((#12229));
#12231 = IFCPOLYLOOP((#12199, #12200, #12227));
#12232 = IFCFACEOUTERBOUND(#12231, .T.);
#12233 = IFCFACE((#12232));
#12234 = IFCPOLYLOOP((#12235, #12204, #12228));
#12235 = IFCCARTESIANPOINT((-2.65646800994873E-2, -3.43155822753906E-2, 1.9982453918457E-1));
#12236 = IFCFACEOUTERBOUND(#12234, .T.);
#12237 = IFCFACE((#12236));
#12238 = IFCPOLYLOOP((#12239, #12208, #12235));
#12239 = IFCCARTESIANPOINT((-2.90234794616699E-2, -3.16917724609375E-2, 2.00614624023438E-1));
#12240 = IFCFACEOUTERBOUND(#12238, .T.);
#12241 = IFCFACE((#12240));
#12242 = IFCPOLYLOOP((#12243, #12212, #12239));
#12243 = IFCCARTESIANPOINT((-3.11320247650146E-2, -2.8437183380127E-2, 2.0176220703125E-1));
#12244 = IFCFACEOUTERBOUND(#12242, .T.);
#12245 = IFCFACE((#12244));
#12246 = IFCPOLYLOOP((#12243, #12247, #12216));
#12247 = IFCCARTESIANPOINT((-3.20875930786133E-2, -2.47961406707764E-2, 2.03308364868164E-1));
#12248 = IFCFACEOUTERBOUND(#12246, .T.);
#12249 = IFCFACE((#12248));
#12250 = IFCPOLYLOOP((#12216, #12212, #12243));
#12251 = IFCFACEOUTERBOUND(#12250, .T.);
#12252 = IFCFACE((#12251));
#12253 = IFCPOLYLOOP((#12254, #12223, #12247));
#12254 = IFCCARTESIANPOINT((-3.11070518493652E-2, -2.15223770141602E-2, 2.05057739257813E-1));
#12255 = IFCFACEOUTERBOUND(#12253, .T.);
#12256 = IFCFACE((#12255));
#12257 = IFCPOLYLOOP((#12258, #12259, #12228));
#12258 = IFCCARTESIANPOINT((-2.28319072723389E-2, -4.26750183105469E-2, 2.09893585205078E-1));
#12259 = IFCCARTESIANPOINT((-2.63162879943848E-2, -4.05056686401367E-2, 2.10364379882813E-1));
#12260 = IFCFACEOUTERBOUND(#12257, .T.);
#12261 = IFCFACE((#12260));
#12262 = IFCPOLYLOOP((#12228, #12227, #12258));
#12263 = IFCFACEOUTERBOUND(#12262, .T.);
#12264 = IFCFACE((#12263));
#12265 = IFCPOLYLOOP((#12259, #12266, #12235));
#12266 = IFCCARTESIANPOINT((-2.94033508300781E-2, -3.81345596313477E-2, 2.10991455078125E-1));
#12267 = IFCFACEOUTERBOUND(#12265, .T.);
#12268 = IFCFACE((#12267));
#12269 = IFCPOLYLOOP((#12235, #12228, #12259));
#12270 = IFCFACEOUTERBOUND(#12269, .T.);
#12271 = IFCFACE((#12270));
#12272 = IFCPOLYLOOP((#12266, #12273, #12239));
#12273 = IFCCARTESIANPOINT((-3.20415000915527E-2, -3.55228729248047E-2, 2.11802230834961E-1));
#12274 = IFCFACEOUTERBOUND(#12272, .T.);
#12275 = IFCFACE((#12274));
#12276 = IFCPOLYLOOP((#12239, #12235, #12266));
#12277 = IFCFACEOUTERBOUND(#12276, .T.);
#12278 = IFCFACE((#12277));
#12279 = IFCPOLYLOOP((#12273, #12280, #12243));
#12280 = IFCCARTESIANPOINT((-3.4228889465332E-2, -3.22939453125E-2, 2.12975860595703E-1));
#12281 = IFCFACEOUTERBOUND(#12279, .T.);
#12282 = IFCFACE((#12281));
#12283 = IFCPOLYLOOP((#12243, #12239, #12273));
#12284 = IFCFACEOUTERBOUND(#12283, .T.);
#12285 = IFCFACE((#12284));
#12286 = IFCPOLYLOOP((#12280, #12287, #12247));
#12287 = IFCCARTESIANPOINT((-3.50749015808105E-2, -2.86848678588867E-2, 2.14545959472656E-1));
#12288 = IFCFACEOUTERBOUND(#12286, .T.);
#12289 = IFCFACE((#12288));
#12290 = IFCPOLYLOOP((#12247, #12243, #12280));
#12291 = IFCFACEOUTERBOUND(#12290, .T.);
#12292 = IFCFACE((#12291));
#12293 = IFCPOLYLOOP((#12287, #12294, #12254));
#12294 = IFCCARTESIANPOINT((-3.37565727233887E-2, -2.54287338256836E-2, 2.1630290222168E-1));
#12295 = IFCFACEOUTERBOUND(#12293, .T.);
#12296 = IFCFACE((#12295));
#12297 = IFCPOLYLOOP((#12254, #12247, #12287));
#12298 = IFCFACEOUTERBOUND(#12297, .T.);
#12299 = IFCFACE((#12298));
#12300 = IFCPOLYLOOP((#12301, #12302, #12266));
#12301 = IFCCARTESIANPOINT((-2.82330131530762E-2, -4.43549118041992E-2, 2.21542694091797E-1));
#12302 = IFCCARTESIANPOINT((-3.14594612121582E-2, -4.19921493530273E-2, 2.22207626342773E-1));
#12303 = IFCFACEOUTERBOUND(#12300, .T.);
#12304 = IFCFACE((#12303));
#12305 = IFCPOLYLOOP((#12266, #12259, #12301));
#12306 = IFCFACEOUTERBOUND(#12305, .T.);
#12307 = IFCFACE((#12306));
#12308 = IFCPOLYLOOP((#12302, #12309, #12273));
#12309 = IFCCARTESIANPOINT((-3.41904525756836E-2, -3.93986129760742E-2, 2.23055648803711E-1));
#12310 = IFCFACEOUTERBOUND(#12308, .T.);
#12311 = IFCFACE((#12310));
#12312 = IFCPOLYLOOP((#12273, #12266, #12302));
#12313 = IFCFACEOUTERBOUND(#12312, .T.);
#12314 = IFCFACE((#12313));
#12315 = IFCPOLYLOOP((#12309, #12316, #12280));
#12316 = IFCCARTESIANPOINT((-3.64207954406738E-2, -3.61964492797852E-2, 2.2426448059082E-1));
#12317 = IFCFACEOUTERBOUND(#12315, .T.);
#12318 = IFCFACE((#12317));
#12319 = IFCPOLYLOOP((#12280, #12273, #12309));
#12320 = IFCFACEOUTERBOUND(#12319, .T.);
#12321 = IFCFACE((#12320));
#12322 = IFCPOLYLOOP((#12316, #12323, #12287));
#12323 = IFCCARTESIANPOINT((-3.72306175231934E-2, -3.26099967956543E-2, 2.25850112915039E-1));
#12324 = IFCFACEOUTERBOUND(#12322, .T.);
#12325 = IFCFACE((#12324));
#12326 = IFCPOLYLOOP((#12287, #12280, #12316));
#12327 = IFCFACEOUTERBOUND(#12326, .T.);
#12328 = IFCFACE((#12327));
#12329 = IFCPOLYLOOP((#12323, #12330, #12294));
#12330 = IFCCARTESIANPOINT((-3.57979125976563E-2, -2.93479137420654E-2, 2.27580703735352E-1));
#12331 = IFCFACEOUTERBOUND(#12329, .T.);
#12332 = IFCFACE((#12331));
#12333 = IFCPOLYLOOP((#12294, #12287, #12323));
#12334 = IFCFACEOUTERBOUND(#12333, .T.);
#12335 = IFCFACE((#12334));
#12336 = IFCPOLYLOOP((#12337, #12338, #12302));
#12337 = IFCCARTESIANPOINT((-2.95143871307373E-2, -4.82561340332031E-2, 2.32802825927734E-1));
#12338 = IFCCARTESIANPOINT((-3.27543830871582E-2, -4.59054718017578E-2, 2.33512969970703E-1));
#12339 = IFCFACEOUTERBOUND(#12336, .T.);
#12340 = IFCFACE((#12339));
#12341 = IFCPOLYLOOP((#12302, #12301, #12337));
#12342 = IFCFACEOUTERBOUND(#12341, .T.);
#12343 = IFCFACE((#12342));
#12344 = IFCPOLYLOOP((#12338, #12345, #12309));
#12345 = IFCCARTESIANPOINT((-3.54907073974609E-2, -4.333056640625E-2, 2.34402420043945E-1));
#12346 = IFCFACEOUTERBOUND(#12344, .T.);
#12347 = IFCFACE((#12346));
#12348 = IFCPOLYLOOP((#12309, #12302, #12338));
#12349 = IFCFACEOUTERBOUND(#12348, .T.);
#12350 = IFCFACE((#12349));
#12351 = IFCPOLYLOOP((#12345, #12352, #12316));
#12352 = IFCCARTESIANPOINT((-3.77313423156738E-2, -4.01507835388184E-2, 2.35645858764648E-1));
#12353 = IFCFACEOUTERBOUND(#12351, .T.);
#12354 = IFCFACE((#12353));
#12355 = IFCPOLYLOOP((#12316, #12309, #12345));
#12356 = IFCFACEOUTERBOUND(#12355, .T.);
#12357 = IFCFACE((#12356));
#12358 = IFCPOLYLOOP((#12352, #12359, #12323));
#12359 = IFCCARTESIANPOINT((-3.85866889953613E-2, -3.6574878692627E-2, 2.3723747253418E-1));
#12360 = IFCFACEOUTERBOUND(#12358, .T.);
#12361 = IFCFACE((#12360));
#12362 = IFCPOLYLOOP((#12323, #12316, #12352));
#12363 = IFCFACEOUTERBOUND(#12362, .T.);
#12364 = IFCFACE((#12363));
#12365 = IFCPOLYLOOP((#12359, #12366, #12330));
#12366 = IFCCARTESIANPOINT((-3.72743873596191E-2, -3.32869071960449E-2, 2.38921096801758E-1));
#12367 = IFCFACEOUTERBOUND(#12365, .T.);
#12368 = IFCFACE((#12367));
#12369 = IFCPOLYLOOP((#12330, #12323, #12359));
#12370 = IFCFACEOUTERBOUND(#12369, .T.);
#12371 = IFCFACE((#12370));
#12372 = IFCPOLYLOOP((#12373, #12374, #12345));
#12373 = IFCCARTESIANPOINT((-3.33700561523438E-2, -4.98873863220215E-2, 2.44943389892578E-1));
#12374 = IFCCARTESIANPOINT((-3.60326347351074E-2, -4.73260040283203E-2, 2.45864883422852E-1));
#12375 = IFCFACEOUTERBOUND(#12372, .T.);
#12376 = IFCFACE((#12375));
#12377 = IFCPOLYLOOP((#12345, #12338, #12373));
#12378 = IFCFACEOUTERBOUND(#12377, .T.);
#12379 = IFCFACE((#12378));
#12380 = IFCPOLYLOOP((#12374, #12381, #12352));
#12381 = IFCCARTESIANPOINT((-3.8260181427002E-2, -4.41590995788574E-2, 2.47131469726563E-1));
#12382 = IFCFACEOUTERBOUND(#12380, .T.);
#12383 = IFCFACE((#12382));
#12384 = IFCPOLYLOOP((#12352, #12345, #12374));
#12385 = IFCFACEOUTERBOUND(#12384, .T.);
#12386 = IFCFACE((#12385));
#12387 = IFCPOLYLOOP((#12381, #12388, #12359));
#12388 = IFCCARTESIANPOINT((-3.92483139038086E-2, -4.05798835754395E-2, 2.48717819213867E-1));
#12389 = IFCFACEOUTERBOUND(#12387, .T.);
#12390 = IFCFACE((#12389));
#12391 = IFCPOLYLOOP((#12359, #12352, #12381));
#12392 = IFCFACEOUTERBOUND(#12391, .T.);
#12393 = IFCFACE((#12392));
#12394 = IFCPOLYLOOP((#12395, #12374, #12373));
#12395 = IFCCARTESIANPOINT((-3.59766159057617E-2, -5.13878784179688E-2, 2.57460144042969E-1));
#12396 = IFCFACEOUTERBOUND(#12394, .T.);
#12397 = IFCFACE((#12396));
#12398 = IFCPOLYLOOP((#12395, #12399, #12381));
#12399 = IFCCARTESIANPOINT((-3.81830406188965E-2, -4.82196006774902E-2, 2.58726409912109E-1));
#12400 = IFCFACEOUTERBOUND(#12398, .T.);
#12401 = IFCFACE((#12400));
#12402 = IFCPOLYLOOP((#12381, #12374, #12395));
#12403 = IFCFACEOUTERBOUND(#12402, .T.);
#12404 = IFCFACE((#12403));
#12405 = IFCPOLYLOOP((#12399, #12406, #12388));
#12406 = IFCCARTESIANPOINT((-3.93939514160156E-2, -4.46224212646484E-2, 2.60294036865234E-1));
#12407 = IFCFACEOUTERBOUND(#12405, .T.);
#12408 = IFCFACE((#12407));
#12409 = IFCPOLYLOOP((#12388, #12381, #12399));
#12410 = IFCFACEOUTERBOUND(#12409, .T.);
#12411 = IFCFACE((#12410));
#12412 = IFCPOLYLOOP((#12413, #12414, #12399));
#12413 = IFCCARTESIANPOINT((-3.55530471801758E-2, -5.5514835357666E-2, 2.69200073242188E-1));
#12414 = IFCCARTESIANPOINT((-3.7751708984375E-2, -5.23265686035156E-2, 2.70429443359375E-1));
#12415 = IFCFACEOUTERBOUND(#12412, .T.);
#12416 = IFCFACE((#12415));
#12417 = IFCPOLYLOOP((#12399, #12395, #12413));
#12418 = IFCFACEOUTERBOUND(#12417, .T.);
#12419 = IFCFACE((#12418));
#12420 = IFCPOLYLOOP((#12421, #12422, #12423));
#12421 = IFCCARTESIANPOINT((-8.76875972747803E-3, -2.66949195861816E-2, 1.59761367797852E-1));
#12422 = IFCCARTESIANPOINT((-1.05437421798706E-2, -2.93482246398926E-2, 1.66695220947266E-1));
#12423 = IFCCARTESIANPOINT((-1.12516574859619E-2, -2.74022674560547E-2, 1.65432388305664E-1));
#12424 = IFCFACEOUTERBOUND(#12420, .T.);
#12425 = IFCFACE((#12424));
#12426 = IFCPOLYLOOP((#12423, #12427, #12421));
#12427 = IFCCARTESIANPOINT((-7.88643312454224E-3, -2.32293090820313E-2, 1.54733062744141E-1));
#12428 = IFCFACEOUTERBOUND(#12426, .T.);
#12429 = IFCFACE((#12428));
#12430 = IFCPOLYLOOP((#12174, #12423, #12422));
#12431 = IFCFACEOUTERBOUND(#12430, .T.);
#12432 = IFCFACE((#12431));
#12433 = IFCPOLYLOOP((#12434, #12174, #12422));
#12434 = IFCCARTESIANPOINT((-1.23644933700562E-2, -3.19860401153564E-2, 1.74016723632813E-1));
#12435 = IFCFACEOUTERBOUND(#12433, .T.);
#12436 = IFCFACE((#12435));
#12437 = IFCPOLYLOOP((#12156, #12438, #12439));
#12438 = IFCCARTESIANPOINT((-8.90157794952393E-3, -9.06038475036621E-3, 1.49794662475586E-1));
#12439 = IFCCARTESIANPOINT((-6.61214780807495E-3, -1.20536785125732E-2, 1.47109436035156E-1));
#12440 = IFCFACEOUTERBOUND(#12437, .T.);
#12441 = IFCFACE((#12440));
#12442 = IFCPOLYLOOP((#12439, #12443, #12156));
#12443 = IFCCARTESIANPOINT((-6.09807872772217E-3, -1.59374513626099E-2, 1.47570388793945E-1));
#12444 = IFCFACEOUTERBOUND(#12442, .T.);
#12445 = IFCFACE((#12444));
#12446 = IFCPOLYLOOP((#12150, #12443, #12447));
#12447 = IFCCARTESIANPOINT((-6.46783256530762E-3, -1.91894054412842E-2, 1.49468551635742E-1));
#12448 = IFCFACEOUTERBOUND(#12446, .T.);
#12449 = IFCFACE((#12448));
#12450 = IFCPOLYLOOP((#12151, #12447, #12427));
#12451 = IFCFACEOUTERBOUND(#12450, .T.);
#12452 = IFCFACE((#12451));
#12453 = IFCPOLYLOOP((#12443, #12150, #12156));
#12454 = IFCFACEOUTERBOUND(#12453, .T.);
#12455 = IFCFACE((#12454));
#12456 = IFCPOLYLOOP((#12151, #12427, #12423));
#12457 = IFCFACEOUTERBOUND(#12456, .T.);
#12458 = IFCFACE((#12457));
#12459 = IFCPOLYLOOP((#12434, #12460, #12174));
#12460 = IFCCARTESIANPOINT((-1.45679798126221E-2, -3.5067066192627E-2, 1.82968307495117E-1));
#12461 = IFCFACEOUTERBOUND(#12459, .T.);
#12462 = IFCFACE((#12461));
#12463 = IFCPOLYLOOP((#12464, #12200, #12460));
#12464 = IFCCARTESIANPOINT((-1.82338581085205E-2, -3.98186073303223E-2, 1.97637329101563E-1));
#12465 = IFCFACEOUTERBOUND(#12463, .T.);
#12466 = IFCFACE((#12465));
#12467 = IFCPOLYLOOP((#12174, #12460, #12200));
#12468 = IFCFACEOUTERBOUND(#12467, .T.);
#12469 = IFCFACE((#12468));
#12470 = IFCPOLYLOOP((#12227, #12200, #12464));
#12471 = IFCFACEOUTERBOUND(#12470, .T.);
#12472 = IFCFACE((#12471));
#12473 = IFCPOLYLOOP((#12464, #12474, #12258));
#12474 = IFCCARTESIANPOINT((-2.26137199401855E-2, -4.47918357849121E-2, 2.14371490478516E-1));
#12475 = IFCFACEOUTERBOUND(#12473, .T.);
#12476 = IFCFACE((#12475));
#12477 = IFCPOLYLOOP((#12258, #12227, #12464));
#12478 = IFCFACEOUTERBOUND(#12477, .T.);
#12479 = IFCFACE((#12478));
#12480 = IFCPOLYLOOP((#12165, #12481, #12482));
#12481 = IFCCARTESIANPOINT((-1.53516979217529E-2, -6.8015398979187E-3, 1.59839157104492E-1));
#12482 = IFCCARTESIANPOINT((-1.15927858352661E-2, -7.19788265228271E-3, 1.53286666870117E-1));
#12483 = IFCFACEOUTERBOUND(#12480, .T.);
#12484 = IFCFACE((#12483));
#12485 = IFCPOLYLOOP((#12438, #12160, #12482));
#12486 = IFCFACEOUTERBOUND(#12485, .T.);
#12487 = IFCFACE((#12486));
#12488 = IFCPOLYLOOP((#12489, #12195, #12194));
#12489 = IFCCARTESIANPOINT((-2.06170253753662E-2, -8.78942394256592E-3, 1.7328205871582E-1));
#12490 = IFCFACEOUTERBOUND(#12488, .T.);
#12491 = IFCFACE((#12490));
#12492 = IFCPOLYLOOP((#12169, #12195, #12481));
#12493 = IFCFACEOUTERBOUND(#12492, .T.);
#12494 = IFCFACE((#12493));
#12495 = IFCPOLYLOOP((#12165, #12169, #12481));
#12496 = IFCFACEOUTERBOUND(#12495, .T.);
#12497 = IFCFACE((#12496));
#12498 = IFCPOLYLOOP((#12499, #12481, #12195));
#12499 = IFCCARTESIANPOINT((-1.82516574859619E-2, -6.90195465087891E-3, 1.66178573608398E-1));
#12500 = IFCFACEOUTERBOUND(#12498, .T.);
#12501 = IFCFACE((#12500));
#12502 = IFCPOLYLOOP((#12499, #12195, #12489));
#12503 = IFCFACEOUTERBOUND(#12502, .T.);
#12504 = IFCFACE((#12503));
#12505 = IFCPOLYLOOP((#12194, #12506, #12489));
#12506 = IFCCARTESIANPOINT((-2.27863883972168E-2, -1.09997243881226E-2, 1.80750183105469E-1));
#12507 = IFCFACEOUTERBOUND(#12505, .T.);
#12508 = IFCFACE((#12507));
#12509 = IFCPOLYLOOP((#12510, #12506, #12194));
#12510 = IFCCARTESIANPOINT((-2.50332355499268E-2, -1.37498588562012E-2, 1.8967610168457E-1));
#12511 = IFCFACEOUTERBOUND(#12509, .T.);
#12512 = IFCFACE((#12511));
#12513 = IFCPOLYLOOP((#12254, #12514, #12223));
#12514 = IFCCARTESIANPOINT((-2.80815715789795E-2, -1.82915744781494E-2, 2.03083770751953E-1));
#12515 = IFCFACEOUTERBOUND(#12513, .T.);
#12516 = IFCFACE((#12515));
#12517 = IFCPOLYLOOP((#12223, #12510, #12194));
#12518 = IFCFACEOUTERBOUND(#12517, .T.);
#12519 = IFCFACE((#12518));
#12520 = IFCPOLYLOOP((#12294, #12330, #12521));
#12521 = IFCCARTESIANPOINT((-3.34126968383789E-2, -2.6824520111084E-2, 2.26020278930664E-1));
#12522 = IFCFACEOUTERBOUND(#12520, .T.);
#12523 = IFCFACE((#12522));
#12524 = IFCPOLYLOOP((#12294, #12521, #12525));
#12525 = IFCCARTESIANPOINT((-3.0253023147583E-2, -2.16625022888184E-2, 2.12361541748047E-1));
#12526 = IFCFACEOUTERBOUND(#12524, .T.);
#12527 = IFCFACE((#12526));
#12528 = IFCPOLYLOOP((#12254, #12294, #12525));
#12529 = IFCFACEOUTERBOUND(#12528, .T.);
#12530 = IFCFACE((#12529));
#12531 = IFCPOLYLOOP((#12223, #12514, #12510));
#12532 = IFCFACEOUTERBOUND(#12531, .T.);
#12533 = IFCFACE((#12532));
#12534 = IFCPOLYLOOP((#12514, #12254, #12525));
#12535 = IFCFACEOUTERBOUND(#12534, .T.);
#12536 = IFCFACE((#12535));
#12537 = IFCPOLYLOOP((#12474, #12259, #12258));
#12538 = IFCFACEOUTERBOUND(#12537, .T.);
#12539 = IFCFACE((#12538));
#12540 = IFCPOLYLOOP((#12541, #12301, #12474));
#12541 = IFCCARTESIANPOINT((-2.50197219848633E-2, -4.71812400817871E-2, 2.23202621459961E-1));
#12542 = IFCFACEOUTERBOUND(#12540, .T.);
#12543 = IFCFACE((#12542));
#12544 = IFCPOLYLOOP((#12301, #12259, #12474));
#12545 = IFCFACEOUTERBOUND(#12544, .T.);
#12546 = IFCFACE((#12545));
#12547 = IFCPOLYLOOP((#12301, #12541, #12548));
#12548 = IFCCARTESIANPOINT((-2.72714462280273E-2, -4.92278480529785E-2, 2.31440124511719E-1));
#12549 = IFCFACEOUTERBOUND(#12547, .T.);
#12550 = IFCFACE((#12549));
#12551 = IFCPOLYLOOP((#12301, #12548, #12337));
#12552 = IFCFACEOUTERBOUND(#12551, .T.);
#12553 = IFCFACE((#12552));
#12554 = IFCPOLYLOOP((#12337, #12555, #12338));
#12555 = IFCCARTESIANPOINT((-2.94527263641357E-2, -5.10768890380859E-2, 2.3971549987793E-1));
#12556 = IFCFACEOUTERBOUND(#12554, .T.);
#12557 = IFCFACE((#12556));
#12558 = IFCPOLYLOOP((#12555, #12337, #12548));
#12559 = IFCFACEOUTERBOUND(#12558, .T.);
#12560 = IFCFACE((#12559));
#12561 = IFCPOLYLOOP((#12373, #12555, #12562));
#12562 = IFCCARTESIANPOINT((-3.14452495574951E-2, -5.29433135986328E-2, 2.48591400146484E-1));
#12563 = IFCFACEOUTERBOUND(#12561, .T.);
#12564 = IFCFACE((#12563));
#12565 = IFCPOLYLOOP((#12555, #12373, #12338));
#12566 = IFCFACEOUTERBOUND(#12565, .T.);
#12567 = IFCFACE((#12566));
#12568 = IFCPOLYLOOP((#12569, #12570, #12571));
#12569 = IFCCARTESIANPOINT((-3.32484436035156E-2, -5.47432479858398E-2, 2.58224487304688E-1));
#12570 = IFCCARTESIANPOINT((-3.30025253295898E-2, -5.45446510314941E-2, 2.57002685546875E-1));
#12571 = IFCCARTESIANPOINT((-3.25430526733398E-2, -5.52781715393066E-2, 2.57871459960938E-1));
#12572 = IFCFACEOUTERBOUND(#12568, .T.);
#12573 = IFCFACE((#12572));
#12574 = IFCPOLYLOOP((#12395, #12373, #12570));
#12575 = IFCFACEOUTERBOUND(#12574, .T.);
#12576 = IFCFACE((#12575));
#12577 = IFCPOLYLOOP((#12578, #12579, #12580));
#12578 = IFCCARTESIANPOINT((-3.4345775604248E-2, -5.6670783996582E-2, 2.67900207519531E-1));
#12579 = IFCCARTESIANPOINT((-3.41969566345215E-2, -5.62471923828125E-2, 2.66024017333984E-1));
#12580 = IFCCARTESIANPOINT((-3.37614593505859E-2, -5.71030387878418E-2, 2.67172119140625E-1));
#12581 = IFCFACEOUTERBOUND(#12577, .T.);
#12582 = IFCFACE((#12581));
#12583 = IFCPOLYLOOP((#12413, #12579, #12578));
#12584 = IFCFACEOUTERBOUND(#12583, .T.);
#12585 = IFCFACE((#12584));
#12586 = IFCPOLYLOOP((#12395, #12569, #12579));
#12587 = IFCFACEOUTERBOUND(#12586, .T.);
#12588 = IFCFACE((#12587));
#12589 = IFCPOLYLOOP((#12569, #12395, #12570));
#12590 = IFCFACEOUTERBOUND(#12589, .T.);
#12591 = IFCFACE((#12590));
#12592 = IFCPOLYLOOP((#12413, #12578, #12593));
#12593 = IFCCARTESIANPOINT((-3.49884223937988E-2, -5.8131591796875E-2, 2.75498443603516E-1));
#12594 = IFCFACEOUTERBOUND(#12592, .T.);
#12595 = IFCFACE((#12594));
#12596 = IFCPOLYLOOP((#12413, #12395, #12579));
#12597 = IFCFACEOUTERBOUND(#12596, .T.);
#12598 = IFCFACE((#12597));
#12599 = IFCPOLYLOOP((#12413, #12593, #12600));
#12600 = IFCCARTESIANPOINT((-3.51695175170898E-2, -5.85968742370605E-2, 2.77913757324219E-1));
#12601 = IFCFACEOUTERBOUND(#12599, .T.);
#12602 = IFCFACE((#12601));
#12603 = IFCPOLYLOOP((#12593, #12604, #12600));
#12604 = IFCCARTESIANPOINT((-3.46472854614258E-2, -5.89439735412598E-2, 2.76684692382813E-1));
#12605 = IFCFACEOUTERBOUND(#12603, .T.);
#12606 = IFCFACE((#12605));
#12607 = IFCPOLYLOOP((#12608, #12609, #12610));
#12608 = IFCCARTESIANPOINT((-3.6389045715332E-2, -6.07794303894043E-2, 2.90889221191406E-1));
#12609 = IFCCARTESIANPOINT((-3.78935241699219E-2, -5.86840286254883E-2, 2.92129943847656E-1));
#12610 = IFCCARTESIANPOINT((-3.84107894897461E-2, -5.5503101348877E-2, 2.86046112060547E-1));
#12611 = IFCFACEOUTERBOUND(#12607, .T.);
#12612 = IFCFACE((#12611));
#12613 = IFCPOLYLOOP((#12608, #12610, #12600));
#12614 = IFCFACEOUTERBOUND(#12613, .T.);
#12615 = IFCFACE((#12614));
#12616 = IFCPOLYLOOP((#12413, #12600, #12414));
#12617 = IFCFACEOUTERBOUND(#12616, .T.);
#12618 = IFCFACE((#12617));
#12619 = IFCPOLYLOOP((#12562, #12570, #12373));
#12620 = IFCFACEOUTERBOUND(#12619, .T.);
#12621 = IFCFACE((#12620));
#12622 = IFCPOLYLOOP((#12623, #12366, #12359));
#12623 = IFCCARTESIANPOINT((-3.7647045135498E-2, -3.50563888549805E-2, 2.45010589599609E-1));
#12624 = IFCFACEOUTERBOUND(#12622, .T.);
#12625 = IFCFACE((#12624));
#12626 = IFCPOLYLOOP((#12627, #12330, #12366));
#12627 = IFCCARTESIANPOINT((-3.60204124450684E-2, -3.15114250183105E-2, 2.37232864379883E-1));
#12628 = IFCFACEOUTERBOUND(#12626, .T.);
#12629 = IFCFACE((#12628));
#12630 = IFCPOLYLOOP((#12388, #12623, #12359));
#12631 = IFCFACEOUTERBOUND(#12630, .T.);
#12632 = IFCFACE((#12631));
#12633 = IFCPOLYLOOP((#12388, #12634, #12635));
#12634 = IFCCARTESIANPOINT((-3.94391250610352E-2, -4.31539573669434E-2, 2.61451904296875E-1));
#12635 = IFCCARTESIANPOINT((-3.88419761657715E-2, -3.89552955627441E-2, 2.53156707763672E-1));
#12636 = IFCFACEOUTERBOUND(#12633, .T.);
#12637 = IFCFACE((#12636));
#12638 = IFCPOLYLOOP((#12635, #12623, #12388));
#12639 = IFCFACEOUTERBOUND(#12638, .T.);
#12640 = IFCFACE((#12639));
#12641 = IFCPOLYLOOP((#12406, #12634, #12388));
#12642 = IFCFACEOUTERBOUND(#12641, .T.);
#12643 = IFCFACE((#12642));
#12644 = IFCPOLYLOOP((#12330, #12627, #12521));
#12645 = IFCFACEOUTERBOUND(#12644, .T.);
#12646 = IFCFACE((#12645));
#12647 = IFCPOLYLOOP((#12627, #12366, #12623));
#12648 = IFCFACEOUTERBOUND(#12647, .T.);
#12649 = IFCFACE((#12648));
#12650 = IFCPOLYLOOP((#12414, #12610, #12651));
#12651 = IFCCARTESIANPOINT((-3.89016036987305E-2, -5.23548812866211E-2, 2.79946838378906E-1));
#12652 = IFCFACEOUTERBOUND(#12650, .T.);
#12653 = IFCFACE((#12652));
#12654 = IFCPOLYLOOP((#12609, #12608, #12655));
#12655 = IFCCARTESIANPOINT((-3.727880859375E-2, -6.05477867126465E-2, 2.94162139892578E-1));
#12656 = IFCFACEOUTERBOUND(#12654, .T.);
#12657 = IFCFACE((#12656));
#12658 = IFCPOLYLOOP((#12634, #12406, #12659));
#12659 = IFCCARTESIANPOINT((-3.94260559082031E-2, -4.70166549682617E-2, 2.6899609375E-1));
#12660 = IFCFACEOUTERBOUND(#12658, .T.);
#12661 = IFCFACE((#12660));
#12662 = IFCPOLYLOOP((#12663, #12659, #12406));
#12663 = IFCCARTESIANPOINT((-3.93848609924316E-2, -4.78070335388184E-2, 2.70739196777344E-1));
#12664 = IFCFACEOUTERBOUND(#12662, .T.);
#12665 = IFCFACE((#12664));
#12666 = IFCPOLYLOOP((#12667, #12668, #12651));
#12667 = IFCCARTESIANPOINT((-3.91998672485352E-2, -5.12386817932129E-2, 2.79167297363281E-1));
#12668 = IFCCARTESIANPOINT((-3.90389060974121E-2, -5.12608757019043E-2, 2.77718780517578E-1));
#12669 = IFCFACEOUTERBOUND(#12666, .T.);
#12670 = IFCFACE((#12669));
#12671 = IFCPOLYLOOP((#12668, #12663, #12414));
#12672 = IFCFACEOUTERBOUND(#12671, .T.);
#12673 = IFCFACE((#12672));
#12674 = IFCPOLYLOOP((#12659, #12663, #12675));
#12675 = IFCCARTESIANPOINT((-3.9500602722168E-2, -4.69264945983887E-2, 2.7043701171875E-1));
#12676 = IFCFACEOUTERBOUND(#12674, .T.);
#12677 = IFCFACE((#12676));
#12678 = IFCPOLYLOOP((#12406, #12399, #12663));
#12679 = IFCFACEOUTERBOUND(#12678, .T.);
#12680 = IFCFACE((#12679));
#12681 = IFCPOLYLOOP((#12668, #12414, #12651));
#12682 = IFCFACEOUTERBOUND(#12681, .T.);
#12683 = IFCFACE((#12682));
#12684 = IFCPOLYLOOP((#12150, #12447, #12151));
#12685 = IFCFACEOUTERBOUND(#12684, .T.);
#12686 = IFCFACE((#12685));
#12687 = IFCPOLYLOOP((#12156, #12150, #12149));
#12688 = IFCFACEOUTERBOUND(#12687, .T.);
#12689 = IFCFACE((#12688));
#12690 = IFCPOLYLOOP((#12160, #12156, #12155));
#12691 = IFCFACEOUTERBOUND(#12690, .T.);
#12692 = IFCFACE((#12691));
#12693 = IFCPOLYLOOP((#12151, #12423, #12174));
#12694 = IFCFACEOUTERBOUND(#12693, .T.);
#12695 = IFCFACE((#12694));
#12696 = IFCPOLYLOOP((#12149, #12151, #12173));
#12697 = IFCFACEOUTERBOUND(#12696, .T.);
#12698 = IFCFACE((#12697));
#12699 = IFCPOLYLOOP((#12155, #12149, #12178));
#12700 = IFCFACEOUTERBOUND(#12699, .T.);
#12701 = IFCFACE((#12700));
#12702 = IFCPOLYLOOP((#12161, #12155, #12182));
#12703 = IFCFACEOUTERBOUND(#12702, .T.);
#12704 = IFCFACE((#12703));
#12705 = IFCPOLYLOOP((#12169, #12161, #12186));
#12706 = IFCFACEOUTERBOUND(#12705, .T.);
#12707 = IFCFACE((#12706));
#12708 = IFCPOLYLOOP((#12195, #12169, #12190));
#12709 = IFCFACEOUTERBOUND(#12708, .T.);
#12710 = IFCFACE((#12709));
#12711 = IFCPOLYLOOP((#12173, #12174, #12200));
#12712 = IFCFACEOUTERBOUND(#12711, .T.);
#12713 = IFCFACE((#12712));
#12714 = IFCPOLYLOOP((#12178, #12173, #12199));
#12715 = IFCFACEOUTERBOUND(#12714, .T.);
#12716 = IFCFACE((#12715));
#12717 = IFCPOLYLOOP((#12182, #12178, #12204));
#12718 = IFCFACEOUTERBOUND(#12717, .T.);
#12719 = IFCFACE((#12718));
#12720 = IFCPOLYLOOP((#12186, #12182, #12208));
#12721 = IFCFACEOUTERBOUND(#12720, .T.);
#12722 = IFCFACE((#12721));
#12723 = IFCPOLYLOOP((#12194, #12190, #12216));
#12724 = IFCFACEOUTERBOUND(#12723, .T.);
#12725 = IFCFACE((#12724));
#12726 = IFCPOLYLOOP((#12204, #12199, #12228));
#12727 = IFCFACEOUTERBOUND(#12726, .T.);
#12728 = IFCFACE((#12727));
#12729 = IFCPOLYLOOP((#12208, #12204, #12235));
#12730 = IFCFACEOUTERBOUND(#12729, .T.);
#12731 = IFCFACE((#12730));
#12732 = IFCPOLYLOOP((#12212, #12208, #12239));
#12733 = IFCFACEOUTERBOUND(#12732, .T.);
#12734 = IFCFACE((#12733));
#12735 = IFCPOLYLOOP((#12223, #12216, #12247));
#12736 = IFCFACEOUTERBOUND(#12735, .T.);
#12737 = IFCFACE((#12736));
#12738 = IFCPOLYLOOP((#12156, #12160, #12438));
#12739 = IFCFACEOUTERBOUND(#12738, .T.);
#12740 = IFCFACE((#12739));
#12741 = IFCPOLYLOOP((#12160, #12165, #12482));
#12742 = IFCFACEOUTERBOUND(#12741, .T.);
#12743 = IFCFACE((#12742));
#12744 = IFCPOLYLOOP((#12610, #12414, #12600));
#12745 = IFCFACEOUTERBOUND(#12744, .T.);
#12746 = IFCFACE((#12745));
#12747 = IFCPOLYLOOP((#12399, #12414, #12663));
#12748 = IFCFACEOUTERBOUND(#12747, .T.);
#12749 = IFCFACE((#12748));
#12750 = IFCSURFACESTYLERENDERING(#12751, 0., #12752, $, $, #12753, #12754, $, .NOTDEFINED.);
#12751 = IFCCOLOURRGB('Surface color', 0., 4.98039215803146E-1, 0.);
#12752 = IFCCOLOURRGB('Diffuse color', 0., 4.98039215803146E-1, 0.);
#12753 = IFCCOLOURRGB('Reflection color', 1., 1., 1.);
#12754 = IFCCOLOURRGB('Specular color', 1., 1., 1.);
#12755 = IFCSURFACESTYLE('d194c32c_5116_40c1_a141_b5544e73a1b4', .BOTH., (#12750));
#12756 = IFCPRESENTATIONSTYLEASSIGNMENT((#12755));
#12757 = IFCSTYLEDITEM($, (#12756), $);
#12758 = IFCSTYLEDREPRESENTATION(#106, 'Body', $, (#12757));
#12759 = IFCOPENSHELL((#12765, #12769, #12773, #12778, #12783, #12788, #12792, #12795, #12800, #12804, #12808, #12813, #12817, #12820, #12823, #12827, #12832, #12835, #12838, #12843, #12846, #12850, #12853, #12857, #12861, #12865, #12869, #12873, #12878, #12881, #12884, #12888, #12893, #12897, #12901, #12905, #12910, #12915, #12919, #12923, #12927, #12930, #12934, #12937, #12941, #12945, #12948, #12952, #12955, #12958, #12962, #12965, #12969, #12972, #12976, #12979, #12984, #12987, #12990, #12993, #12996, #12999, #13002, #13005, #13008, #13011, #13014, #13017, #13020, #13023, #13026, #13029, #13032, #13035, #13038, #13041, #13044, #13047, #13050, #13053, #13056, #13059, #13062, #13065));
#12760 = IFCPOLYLOOP((#12761, #12762, #12763));
#12761 = IFCCARTESIANPOINT((-1.66401844024658E-2, -1.11485013961792E-2, 1.84397903442383E-1));
#12762 = IFCCARTESIANPOINT((-1.36736249923706E-2, -1.45291404724121E-2, 1.75501724243164E-1));
#12763 = IFCCARTESIANPOINT((-1.18576946258545E-2, -1.27072505950928E-2, 1.72746643066406E-1));
#12764 = IFCFACEOUTERBOUND(#12760, .T.);
#12765 = IFCFACE((#12764));
#12766 = IFCPOLYLOOP((#12763, #12767, #12761));
#12767 = IFCCARTESIANPOINT((-1.33394565582275E-2, -7.30570125579834E-3, 1.80088623046875E-1));
#12768 = IFCFACEOUTERBOUND(#12766, .T.);
#12769 = IFCFACE((#12768));
#12770 = IFCPOLYLOOP((#12771, #12762, #12761));
#12771 = IFCCARTESIANPOINT((-1.72601013183594E-2, -1.35588731765747E-2, 1.84479598999023E-1));
#12772 = IFCFACEOUTERBOUND(#12770, .T.);
#12773 = IFCFACE((#12772));
#12774 = IFCPOLYLOOP((#12775, #12767, #12776));
#12775 = IFCCARTESIANPOINT((-1.65186710357666E-2, -8.48253440856934E-3, 1.86591705322266E-1));
#12776 = IFCCARTESIANPOINT((-1.46199750900269E-2, -5.38696336746216E-3, 1.86833190917969E-1));
#12777 = IFCFACEOUTERBOUND(#12774, .T.);
#12778 = IFCFACE((#12777));
#12779 = IFCPOLYLOOP((#12780, #12781, #12771));
#12780 = IFCCARTESIANPOINT((-1.80506439208984E-2, -1.60151901245117E-2, 1.86522659301758E-1));
#12781 = IFCCARTESIANPOINT((-1.49340887069702E-2, -1.58866539001465E-2, 1.78191146850586E-1));
#12782 = IFCFACEOUTERBOUND(#12779, .T.);
#12783 = IFCFACE((#12782));
#12784 = IFCPOLYLOOP((#12785, #12776, #12786));
#12785 = IFCCARTESIANPOINT((-1.73189163208008E-2, -6.9290452003479E-3, 1.92327972412109E-1));
#12786 = IFCCARTESIANPOINT((-1.42986097335815E-2, -3.94767570495605E-3, 1.9165087890625E-1));
#12787 = IFCFACEOUTERBOUND(#12784, .T.);
#12788 = IFCFACE((#12787));
#12789 = IFCPOLYLOOP((#12790, #12775, #12785));
#12790 = IFCCARTESIANPOINT((-1.91767902374268E-2, -9.93318939208984E-3, 1.91973419189453E-1));
#12791 = IFCFACEOUTERBOUND(#12789, .T.);
#12792 = IFCFACE((#12791));
#12793 = IFCPOLYLOOP((#12761, #12775, #12790));
#12794 = IFCFACEOUTERBOUND(#12793, .T.);
#12795 = IFCFACE((#12794));
#12796 = IFCPOLYLOOP((#12797, #12798, #12771));
#12797 = IFCCARTESIANPOINT((-2.00015144348145E-2, -1.20868120193481E-2, 1.91839340209961E-1));
#12798 = IFCCARTESIANPOINT((-2.13930053710938E-2, -1.46094808578491E-2, 1.94554092407227E-1));
#12799 = IFCFACEOUTERBOUND(#12796, .T.);
#12800 = IFCFACE((#12799));
#12801 = IFCPOLYLOOP((#12802, #12780, #12798));
#12802 = IFCCARTESIANPOINT((-1.98677539825439E-2, -1.65007991790771E-2, 1.91823303222656E-1));
#12803 = IFCFACEOUTERBOUND(#12801, .T.);
#12804 = IFCFACE((#12803));
#12805 = IFCPOLYLOOP((#12785, #12786, #12806));
#12806 = IFCCARTESIANPOINT((-1.57707405090332E-2, -4.59880399703979E-3, 1.97632751464844E-1));
#12807 = IFCFACEOUTERBOUND(#12805, .T.);
#12808 = IFCFACE((#12807));
#12809 = IFCPOLYLOOP((#12810, #12790, #12811));
#12810 = IFCCARTESIANPOINT((-2.1140157699585E-2, -1.04762258529663E-2, 1.97479675292969E-1));
#12811 = IFCCARTESIANPOINT((-1.92079277038574E-2, -7.71886157989502E-3, 1.97405212402344E-1));
#12812 = IFCFACEOUTERBOUND(#12809, .T.);
#12813 = IFCFACE((#12812));
#12814 = IFCPOLYLOOP((#12810, #12815, #12797));
#12815 = IFCCARTESIANPOINT((-2.2018045425415E-2, -1.26258640289307E-2, 1.97354263305664E-1));
#12816 = IFCFACEOUTERBOUND(#12814, .T.);
#12817 = IFCFACE((#12816));
#12818 = IFCPOLYLOOP((#12797, #12790, #12810));
#12819 = IFCFACEOUTERBOUND(#12818, .T.);
#12820 = IFCFACE((#12819));
#12821 = IFCPOLYLOOP((#12798, #12797, #12815));
#12822 = IFCFACEOUTERBOUND(#12821, .T.);
#12823 = IFCFACE((#12822));
#12824 = IFCPOLYLOOP((#12825, #12802, #12798));
#12825 = IFCCARTESIANPOINT((-2.15062198638916E-2, -1.69803771972656E-2, 1.97380722045898E-1));
#12826 = IFCFACEOUTERBOUND(#12824, .T.);
#12827 = IFCFACE((#12826));
#12828 = IFCPOLYLOOP((#12829, #12830, #12811));
#12829 = IFCCARTESIANPOINT((-1.72730655670166E-2, -5.38593721389771E-3, 2.0353938293457E-1));
#12830 = IFCCARTESIANPOINT((-2.06652240753174E-2, -8.36255741119385E-3, 2.02513381958008E-1));
#12831 = IFCFACEOUTERBOUND(#12828, .T.);
#12832 = IFCFACE((#12831));
#12833 = IFCPOLYLOOP((#12811, #12806, #12829));
#12834 = IFCFACEOUTERBOUND(#12833, .T.);
#12835 = IFCFACE((#12834));
#12836 = IFCPOLYLOOP((#12810, #12811, #12830));
#12837 = IFCFACEOUTERBOUND(#12836, .T.);
#12838 = IFCFACE((#12837));
#12839 = IFCPOLYLOOP((#12840, #12841, #12815));
#12840 = IFCCARTESIANPOINT((-2.26818904876709E-2, -1.0977876663208E-2, 2.03078521728516E-1));
#12841 = IFCCARTESIANPOINT((-2.35984477996826E-2, -1.31220989227295E-2, 2.02969985961914E-1));
#12842 = IFCFACEOUTERBOUND(#12839, .T.);
#12843 = IFCFACE((#12842));
#12844 = IFCPOLYLOOP((#12815, #12810, #12840));
#12845 = IFCFACEOUTERBOUND(#12844, .T.);
#12846 = IFCFACE((#12845));
#12847 = IFCPOLYLOOP((#12841, #12848, #12798));
#12848 = IFCCARTESIANPOINT((-2.37607040405273E-2, -1.53553915023804E-2, 2.02936264038086E-1));
#12849 = IFCFACEOUTERBOUND(#12847, .T.);
#12850 = IFCFACE((#12849));
#12851 = IFCPOLYLOOP((#12798, #12815, #12841));
#12852 = IFCFACEOUTERBOUND(#12851, .T.);
#12853 = IFCFACE((#12852));
#12854 = IFCPOLYLOOP((#12848, #12855, #12825));
#12855 = IFCCARTESIANPOINT((-2.35529327392578E-2, -1.75577754974365E-2, 2.06074691772461E-1));
#12856 = IFCFACEOUTERBOUND(#12854, .T.);
#12857 = IFCFACE((#12856));
#12858 = IFCPOLYLOOP((#12840, #12830, #12859));
#12859 = IFCCARTESIANPOINT((-2.18066520690918E-2, -8.92270851135254E-3, 2.08364440917969E-1));
#12860 = IFCFACEOUTERBOUND(#12858, .T.);
#12861 = IFCFACE((#12860));
#12862 = IFCPOLYLOOP((#12841, #12840, #12863));
#12863 = IFCCARTESIANPOINT((-2.37381858825684E-2, -1.14251260757446E-2, 2.08702239990234E-1));
#12864 = IFCFACEOUTERBOUND(#12862, .T.);
#12865 = IFCFACE((#12864));
#12866 = IFCPOLYLOOP((#12848, #12841, #12867));
#12867 = IFCCARTESIANPOINT((-2.51469688415527E-2, -1.3890998840332E-2, 2.11590866088867E-1));
#12868 = IFCFACEOUTERBOUND(#12866, .T.);
#12869 = IFCFACE((#12868));
#12870 = IFCPOLYLOOP((#12867, #12871, #12848));
#12871 = IFCCARTESIANPOINT((-2.5196174621582E-2, -1.59035892486572E-2, 2.11326614379883E-1));
#12872 = IFCFACEOUTERBOUND(#12870, .T.);
#12873 = IFCFACE((#12872));
#12874 = IFCPOLYLOOP((#12875, #12876, #12863));
#12875 = IFCCARTESIANPOINT((-2.24434757232666E-2, -9.37722969055176E-3, 2.14370239257813E-1));
#12876 = IFCCARTESIANPOINT((-2.43182144165039E-2, -1.18184719085693E-2, 2.14365051269531E-1));
#12877 = IFCFACEOUTERBOUND(#12874, .T.);
#12878 = IFCFACE((#12877));
#12879 = IFCPOLYLOOP((#12863, #12859, #12875));
#12880 = IFCFACEOUTERBOUND(#12879, .T.);
#12881 = IFCFACE((#12880));
#12882 = IFCPOLYLOOP((#12867, #12863, #12876));
#12883 = IFCFACEOUTERBOUND(#12882, .T.);
#12884 = IFCFACE((#12883));
#12885 = IFCPOLYLOOP((#12871, #12886, #12855));
#12886 = IFCCARTESIANPOINT((-2.47332324981689E-2, -1.87612075805664E-2, 2.17868362426758E-1));
#12887 = IFCFACEOUTERBOUND(#12885, .T.);
#12888 = IFCFACE((#12887));
#12889 = IFCPOLYLOOP((#12890, #12891, #12876));
#12890 = IFCCARTESIANPOINT((-2.31898784637451E-2, -1.03629131317139E-2, 2.20159713745117E-1));
#12891 = IFCCARTESIANPOINT((-2.45686378479004E-2, -1.25126819610596E-2, 2.22713775634766E-1));
#12892 = IFCFACEOUTERBOUND(#12889, .T.);
#12893 = IFCFACE((#12892));
#12894 = IFCPOLYLOOP((#12891, #12895, #12876));
#12895 = IFCCARTESIANPOINT((-2.53953704833984E-2, -1.43966684341431E-2, 2.22008636474609E-1));
#12896 = IFCFACEOUTERBOUND(#12894, .T.);
#12897 = IFCFACE((#12896));
#12898 = IFCPOLYLOOP((#12895, #12899, #12867));
#12899 = IFCCARTESIANPOINT((-2.56465854644775E-2, -1.65223293304443E-2, 2.2000080871582E-1));
#12900 = IFCFACEOUTERBOUND(#12898, .T.);
#12901 = IFCFACE((#12900));
#12902 = IFCPOLYLOOP((#12895, #12903, #12899));
#12903 = IFCCARTESIANPOINT((-2.55559177398682E-2, -1.76500110626221E-2, 2.28629257202148E-1));
#12904 = IFCFACEOUTERBOUND(#12902, .T.);
#12905 = IFCFACE((#12904));
#12906 = IFCPOLYLOOP((#12891, #12907, #12908));
#12907 = IFCCARTESIANPOINT((-2.3425443649292E-2, -1.2528712272644E-2, 2.35221176147461E-1));
#12908 = IFCCARTESIANPOINT((-2.48329544067383E-2, -1.48891611099243E-2, 2.31619964599609E-1));
#12909 = IFCFACEOUTERBOUND(#12906, .T.);
#12910 = IFCFACE((#12909));
#12911 = IFCPOLYLOOP((#12767, #12912, #12913));
#12912 = IFCCARTESIANPOINT((-9.75179481506348E-3, -9.0248327255249E-3, 1.70841888427734E-1));
#12913 = IFCCARTESIANPOINT((-9.58070659637451E-3, -5.31436109542847E-3, 1.72428604125977E-1));
#12914 = IFCFACEOUTERBOUND(#12911, .T.);
#12915 = IFCFACE((#12914));
#12916 = IFCPOLYLOOP((#12917, #12767, #12913));
#12917 = IFCCARTESIANPOINT((-1.31025581359863E-2, -5.49817085266113E-3, 1.81661682128906E-1));
#12918 = IFCFACEOUTERBOUND(#12916, .T.);
#12919 = IFCFACE((#12918));
#12920 = IFCPOLYLOOP((#12913, #12921, #12917));
#12921 = IFCCARTESIANPOINT((-1.09710874557495E-2, -3.32751750946045E-3, 1.78193054199219E-1));
#12922 = IFCFACEOUTERBOUND(#12920, .T.);
#12923 = IFCFACE((#12922));
#12924 = IFCPOLYLOOP((#12917, #12921, #12925));
#12925 = IFCCARTESIANPOINT((-1.21309041976929E-2, -3.25244855880737E-3, 1.82850387573242E-1));
#12926 = IFCFACEOUTERBOUND(#12924, .T.);
#12927 = IFCFACE((#12926));
#12928 = IFCPOLYLOOP((#12786, #12776, #12925));
#12929 = IFCFACEOUTERBOUND(#12928, .T.);
#12930 = IFCFACE((#12929));
#12931 = IFCPOLYLOOP((#12932, #12781, #12780));
#12932 = IFCCARTESIANPOINT((-1.66661071777344E-2, -1.68359127044678E-2, 1.83118011474609E-1));
#12933 = IFCFACEOUTERBOUND(#12931, .T.);
#12934 = IFCFACE((#12933));
#12935 = IFCPOLYLOOP((#12771, #12781, #12762));
#12936 = IFCFACEOUTERBOUND(#12935, .T.);
#12937 = IFCFACE((#12936));
#12938 = IFCPOLYLOOP((#12932, #12780, #12939));
#12939 = IFCCARTESIANPOINT((-1.83327388763428E-2, -1.76795864105225E-2, 1.89672927856445E-1));
#12940 = IFCFACEOUTERBOUND(#12938, .T.);
#12941 = IFCFACE((#12940));
#12942 = IFCPOLYLOOP((#12825, #12943, #12802));
#12943 = IFCCARTESIANPOINT((-2.00097427368164E-2, -1.83437385559082E-2, 1.9718669128418E-1));
#12944 = IFCFACEOUTERBOUND(#12942, .T.);
#12945 = IFCFACE((#12944));
#12946 = IFCPOLYLOOP((#12802, #12939, #12780));
#12947 = IFCFACEOUTERBOUND(#12946, .T.);
#12948 = IFCFACE((#12947));
#12949 = IFCPOLYLOOP((#12855, #12950, #12943));
#12950 = IFCCARTESIANPOINT((-2.24211273193359E-2, -1.88580627441406E-2, 2.07702407836914E-1));
#12951 = IFCFACEOUTERBOUND(#12949, .T.);
#12952 = IFCFACE((#12951));
#12953 = IFCPOLYLOOP((#12825, #12855, #12943));
#12954 = IFCFACEOUTERBOUND(#12953, .T.);
#12955 = IFCFACE((#12954));
#12956 = IFCPOLYLOOP((#12802, #12943, #12939));
#12957 = IFCFACEOUTERBOUND(#12956, .T.);
#12958 = IFCFACE((#12957));
#12959 = IFCPOLYLOOP((#12960, #12859, #12829));
#12960 = IFCCARTESIANPOINT((-1.96939163208008E-2, -6.96048450469971E-3, 2.12621353149414E-1));
#12961 = IFCFACEOUTERBOUND(#12959, .T.);
#12962 = IFCFACE((#12961));
#12963 = IFCPOLYLOOP((#12875, #12859, #12960));
#12964 = IFCFACEOUTERBOUND(#12963, .T.);
#12965 = IFCFACE((#12964));
#12966 = IFCPOLYLOOP((#12967, #12890, #12875));
#12967 = IFCCARTESIANPOINT((-2.17783546447754E-2, -8.84707641601563E-3, 2.20784088134766E-1));
#12968 = IFCFACEOUTERBOUND(#12966, .T.);
#12969 = IFCFACE((#12968));
#12970 = IFCPOLYLOOP((#12967, #12875, #12960));
#12971 = IFCFACEOUTERBOUND(#12970, .T.);
#12972 = IFCFACE((#12971));
#12973 = IFCPOLYLOOP((#12891, #12890, #12974));
#12974 = IFCCARTESIANPOINT((-2.29964332580566E-2, -1.07768068313599E-2, 2.2815461730957E-1));
#12975 = IFCFACEOUTERBOUND(#12973, .T.);
#12976 = IFCFACE((#12975));
#12977 = IFCPOLYLOOP((#12907, #12891, #12974));
#12978 = IFCFACEOUTERBOUND(#12977, .T.);
#12979 = IFCFACE((#12978));
#12980 = IFCPOLYLOOP((#12981, #12982, #12907));
#12981 = IFCCARTESIANPOINT((-2.4101619720459E-2, -1.53363752365112E-2, 2.43712173461914E-1));
#12982 = IFCCARTESIANPOINT((-2.49124908447266E-2, -1.66119766235352E-2, 2.38123504638672E-1));
#12983 = IFCFACEOUTERBOUND(#12980, .T.);
#12984 = IFCFACE((#12983));
#12985 = IFCPOLYLOOP((#12967, #12974, #12890));
#12986 = IFCFACEOUTERBOUND(#12985, .T.);
#12987 = IFCFACE((#12986));
#12988 = IFCPOLYLOOP((#12899, #12886, #12871));
#12989 = IFCFACEOUTERBOUND(#12988, .T.);
#12990 = IFCFACE((#12989));
#12991 = IFCPOLYLOOP((#12899, #12903, #12886));
#12992 = IFCFACEOUTERBOUND(#12991, .T.);
#12993 = IFCFACE((#12992));
#12994 = IFCPOLYLOOP((#12855, #12886, #12950));
#12995 = IFCFACEOUTERBOUND(#12994, .T.);
#12996 = IFCFACE((#12995));
#12997 = IFCPOLYLOOP((#12982, #12903, #12908));
#12998 = IFCFACEOUTERBOUND(#12997, .T.);
#12999 = IFCFACE((#12998));
#13000 = IFCPOLYLOOP((#12917, #12925, #12776));
#13001 = IFCFACEOUTERBOUND(#13000, .T.);
#13002 = IFCFACE((#13001));
#13003 = IFCPOLYLOOP((#12767, #12917, #12776));
#13004 = IFCFACEOUTERBOUND(#13003, .T.);
#13005 = IFCFACE((#13004));
#13006 = IFCPOLYLOOP((#12775, #12776, #12785));
#13007 = IFCFACEOUTERBOUND(#13006, .T.);
#13008 = IFCFACE((#13007));
#13009 = IFCPOLYLOOP((#12780, #12771, #12798));
#13010 = IFCFACEOUTERBOUND(#13009, .T.);
#13011 = IFCFACE((#13010));
#13012 = IFCPOLYLOOP((#12790, #12785, #12811));
#13013 = IFCFACEOUTERBOUND(#13012, .T.);
#13014 = IFCFACE((#13013));
#13015 = IFCPOLYLOOP((#12829, #12859, #12830));
#13016 = IFCFACEOUTERBOUND(#13015, .T.);
#13017 = IFCFACE((#13016));
#13018 = IFCPOLYLOOP((#12982, #12908, #12907));
#13019 = IFCFACEOUTERBOUND(#13018, .T.);
#13020 = IFCFACE((#13019));
#13021 = IFCPOLYLOOP((#12895, #12908, #12903));
#13022 = IFCFACEOUTERBOUND(#13021, .T.);
#13023 = IFCFACE((#13022));
#13024 = IFCPOLYLOOP((#12761, #12790, #12797));
#13025 = IFCFACEOUTERBOUND(#13024, .T.);
#13026 = IFCFACE((#13025));
#13027 = IFCPOLYLOOP((#12785, #12806, #12811));
#13028 = IFCFACEOUTERBOUND(#13027, .T.);
#13029 = IFCFACE((#13028));
#13030 = IFCPOLYLOOP((#12891, #12908, #12895));
#13031 = IFCFACEOUTERBOUND(#13030, .T.);
#13032 = IFCFACE((#13031));
#13033 = IFCPOLYLOOP((#12775, #12761, #12767));
#13034 = IFCFACEOUTERBOUND(#13033, .T.);
#13035 = IFCFACE((#13034));
#13036 = IFCPOLYLOOP((#12797, #12771, #12761));
#13037 = IFCFACEOUTERBOUND(#13036, .T.);
#13038 = IFCFACE((#13037));
#13039 = IFCPOLYLOOP((#12848, #12825, #12798));
#13040 = IFCFACEOUTERBOUND(#13039, .T.);
#13041 = IFCFACE((#13040));
#13042 = IFCPOLYLOOP((#12871, #12855, #12848));
#13043 = IFCFACEOUTERBOUND(#13042, .T.);
#13044 = IFCFACE((#13043));
#13045 = IFCPOLYLOOP((#12890, #12876, #12875));
#13046 = IFCFACEOUTERBOUND(#13045, .T.);
#13047 = IFCFACE((#13046));
#13048 = IFCPOLYLOOP((#12899, #12871, #12867));
#13049 = IFCFACEOUTERBOUND(#13048, .T.);
#13050 = IFCFACE((#13049));
#13051 = IFCPOLYLOOP((#12763, #12912, #12767));
#13052 = IFCFACEOUTERBOUND(#13051, .T.);
#13053 = IFCFACE((#13052));
#13054 = IFCPOLYLOOP((#12810, #12830, #12840));
#13055 = IFCFACEOUTERBOUND(#13054, .T.);
#13056 = IFCFACE((#13055));
#13057 = IFCPOLYLOOP((#12840, #12859, #12863));
#13058 = IFCFACEOUTERBOUND(#13057, .T.);
#13059 = IFCFACE((#13058));
#13060 = IFCPOLYLOOP((#12841, #12863, #12867));
#13061 = IFCFACEOUTERBOUND(#13060, .T.);
#13062 = IFCFACE((#13061));
#13063 = IFCPOLYLOOP((#12895, #12867, #12876));
#13064 = IFCFACEOUTERBOUND(#13063, .T.);
#13065 = IFCFACE((#13064));
#13066 = IFCSURFACESTYLERENDERING(#13067, 0., #13068, $, $, #13069, #13070, $, .NOTDEFINED.);
#13067 = IFCCOLOURRGB('Surface color', 0., 4.98039215803146E-1, 0.);
#13068 = IFCCOLOURRGB('Diffuse color', 0., 4.98039215803146E-1, 0.);
#13069 = IFCCOLOURRGB('Reflection color', 1., 1., 1.);
#13070 = IFCCOLOURRGB('Specular color', 1., 1., 1.);
#13071 = IFCSURFACESTYLE('d194c32c_5116_40c1_a141_b5544e73a1b4', .BOTH., (#13066));
#13072 = IFCPRESENTATIONSTYLEASSIGNMENT((#13071));
#13073 = IFCSTYLEDITEM($, (#13072), $);
#13074 = IFCSTYLEDREPRESENTATION(#106, 'Body', $, (#13073));
#13075 = IFCOPENSHELL((#13081, #13086, #13089, #13094, #13097, #13102, #13105, #13110, #13113, #13117, #13121, #13125, #13128, #13132, #13135, #13139, #13142, #13146, #13149, #13154, #13157, #13161, #13165, #13169, #13172, #13176, #13179, #13183, #13186, #13190, #13193, #13197, #13200, #13204, #13208, #13212, #13215, #13219, #13222, #13226, #13229, #13233, #13236, #13240, #13243, #13247, #13251, #13255, #13258, #13262, #13265, #13269, #13272, #13276, #13279, #13283, #13286, #13290, #13294, #13297, #13301, #13304, #13308, #13311, #13315, #13318, #13322, #13325, #13329, #13333, #13337, #13340, #13344, #13347, #13351, #13354, #13358, #13361, #13365, #13369, #13373, #13376, #13380, #13383, #13387, #13390, #13394, #13398, #13402, #13405, #13408, #13412, #13416, #13419, #13423, #13428, #13432, #13436, #13439, #13444, #13448, #13452, #13456, #13459, #13462, #13465, #13468, #13472, #13477, #13482, #13485, #13489, #13492, #13496, #13499, #13503, #13507, #13510, #13513, #13518, #13522, #13525, #13528, #13532, #13535, #13538, #13541, #13545, #13549, #13553, #13556, #13560, #13564, #13568, #13572, #13575, #13580, #13583, #13587, #13590, #13594, #13598, #13602, #13605, #13608, #13612, #13616, #13619, #13624, #13627, #13631, #13636, #13639, #13643, #13646, #13650, #13654, #13658, #13661, #13665, #13670, #13673, #13677, #13683, #13686, #13689, #13692, #13697, #13700, #13705, #13708, #13712, #13717, #13720, #13723, #13726, #13731, #13735, #13739, #13742, #13747, #13751, #13756, #13759, #13762, #13765, #13769, #13773, #13778, #13782, #13786, #13789, #13792, #13795, #13798, #13803, #13806, #13810, #13814, #13819, #13823, #13826, #13829, #13832, #13837, #13841, #13844, #13849, #13852, #13856, #13859, #13862));
#13076 = IFCPOLYLOOP((#13077, #13078, #13079));
#13077 = IFCCARTESIANPOINT((-4.19149513244629E-2, 1.5449631690979E-2, 1.67992721557617E-1));
#13078 = IFCCARTESIANPOINT((-3.71851997375488E-2, 1.96270503997803E-2, 1.67648178100586E-1));
#13079 = IFCCARTESIANPOINT((-3.38258171081543E-2, 1.47760467529297E-2, 1.56566970825195E-1));
#13080 = IFCFACEOUTERBOUND(#13076, .T.);
#13081 = IFCFACE((#13080));
#13082 = IFCPOLYLOOP((#13083, #13084, #13079));
#13083 = IFCCARTESIANPOINT((-3.19286975860596E-2, 2.38366508483887E-2, 1.6732389831543E-1));
#13084 = IFCCARTESIANPOINT((-2.82829666137695E-2, 1.86521015167236E-2, 1.56476867675781E-1));
#13085 = IFCFACEOUTERBOUND(#13082, .T.);
#13086 = IFCFACE((#13085));
#13087 = IFCPOLYLOOP((#13079, #13078, #13083));
#13088 = IFCFACEOUTERBOUND(#13087, .T.);
#13089 = IFCFACE((#13088));
#13090 = IFCPOLYLOOP((#13091, #13092, #13084));
#13091 = IFCCARTESIANPOINT((-2.63635406494141E-2, 2.79251518249512E-2, 1.67040664672852E-1));
#13092 = IFCCARTESIANPOINT((-2.26067981719971E-2, 2.26017150878906E-2, 1.56310928344727E-1));
#13093 = IFCFACEOUTERBOUND(#13090, .T.);
#13094 = IFCFACE((#13093));
#13095 = IFCPOLYLOOP((#13084, #13083, #13091));
#13096 = IFCFACEOUTERBOUND(#13095, .T.);
#13097 = IFCFACE((#13096));
#13098 = IFCPOLYLOOP((#13099, #13100, #13092));
#13099 = IFCCARTESIANPOINT((-2.06321048736572E-2, 3.17842502593994E-2, 1.66816482543945E-1));
#13100 = IFCCARTESIANPOINT((-1.69431076049805E-2, 2.65278339385986E-2, 1.5607698059082E-1));
#13101 = IFCFACEOUTERBOUND(#13098, .T.);
#13102 = IFCFACE((#13101));
#13103 = IFCPOLYLOOP((#13092, #13091, #13099));
#13104 = IFCFACEOUTERBOUND(#13103, .T.);
#13105 = IFCFACE((#13104));
#13106 = IFCPOLYLOOP((#13107, #13108, #13100));
#13107 = IFCCARTESIANPOINT((-1.49441289901733E-2, 3.52491836547852E-2, 1.66673858642578E-1));
#13108 = IFCCARTESIANPOINT((-1.15100393295288E-2, 3.02826557159424E-2, 1.5578352355957E-1));
#13109 = IFCFACEOUTERBOUND(#13106, .T.);
#13110 = IFCFACE((#13109));
#13111 = IFCPOLYLOOP((#13100, #13099, #13107));
#13112 = IFCFACEOUTERBOUND(#13111, .T.);
#13113 = IFCFACE((#13112));
#13114 = IFCPOLYLOOP((#13115, #13078, #13077));
#13115 = IFCCARTESIANPOINT((-4.03035011291504E-2, 2.42640438079834E-2, 1.78587310791016E-1));
#13116 = IFCFACEOUTERBOUND(#13114, .T.);
#13117 = IFCFACE((#13116));
#13118 = IFCPOLYLOOP((#13077, #13119, #13115));
#13119 = IFCCARTESIANPOINT((-4.45619201660156E-2, 1.95475254058838E-2, 1.79185760498047E-1));
#13120 = IFCFACEOUTERBOUND(#13118, .T.);
#13121 = IFCFACE((#13120));
#13122 = IFCPOLYLOOP((#13123, #13083, #13078));
#13123 = IFCCARTESIANPOINT((-3.53560409545898E-2, 2.88147277832031E-2, 1.78096557617188E-1));
#13124 = IFCFACEOUTERBOUND(#13122, .T.);
#13125 = IFCFACE((#13124));
#13126 = IFCPOLYLOOP((#13078, #13115, #13123));
#13127 = IFCFACEOUTERBOUND(#13126, .T.);
#13128 = IFCFACE((#13127));
#13129 = IFCPOLYLOOP((#13130, #13091, #13083));
#13130 = IFCCARTESIANPOINT((-2.99312286376953E-2, 3.3043342590332E-2, 1.77737731933594E-1));
#13131 = IFCFACEOUTERBOUND(#13129, .T.);
#13132 = IFCFACE((#13131));
#13133 = IFCPOLYLOOP((#13083, #13123, #13130));
#13134 = IFCFACEOUTERBOUND(#13133, .T.);
#13135 = IFCFACE((#13134));
#13136 = IFCPOLYLOOP((#13137, #13099, #13091));
#13137 = IFCCARTESIANPOINT((-2.41618156433105E-2, 3.68342628479004E-2, 1.77533920288086E-1));
#13138 = IFCFACEOUTERBOUND(#13136, .T.);
#13139 = IFCFACE((#13138));
#13140 = IFCPOLYLOOP((#13091, #13130, #13137));
#13141 = IFCFACEOUTERBOUND(#13140, .T.);
#13142 = IFCFACE((#13141));
#13143 = IFCPOLYLOOP((#13144, #13107, #13099));
#13144 = IFCCARTESIANPOINT((-1.8242696762085E-2, 4.0009521484375E-2, 1.77515625E-1));
#13145 = IFCFACEOUTERBOUND(#13143, .T.);
#13146 = IFCFACE((#13145));
#13147 = IFCPOLYLOOP((#13099, #13137, #13144));
#13148 = IFCFACEOUTERBOUND(#13147, .T.);
#13149 = IFCFACE((#13148));
#13150 = IFCPOLYLOOP((#13151, #13152, #13107));
#13151 = IFCCARTESIANPOINT((-1.2368766784668E-2, 4.23911666870117E-2, 1.77713287353516E-1));
#13152 = IFCCARTESIANPOINT((-9.50934982299805E-3, 3.81551895141602E-2, 1.66635314941406E-1));
#13153 = IFCFACEOUTERBOUND(#13150, .T.);
#13154 = IFCFACE((#13153));
#13155 = IFCPOLYLOOP((#13107, #13144, #13151));
#13156 = IFCFACEOUTERBOUND(#13155, .T.);
#13157 = IFCFACE((#13156));
#13158 = IFCPOLYLOOP((#13159, #13115, #13119));
#13159 = IFCCARTESIANPOINT((-4.30670127868652E-2, 2.85330486297607E-2, 1.89465927124023E-1));
#13160 = IFCFACEOUTERBOUND(#13158, .T.);
#13161 = IFCFACE((#13160));
#13162 = IFCPOLYLOOP((#13119, #13163, #13159));
#13163 = IFCCARTESIANPOINT((-4.68926124572754E-2, 2.33131217956543E-2, 1.90234970092773E-1));
#13164 = IFCFACEOUTERBOUND(#13162, .T.);
#13165 = IFCFACE((#13164));
#13166 = IFCPOLYLOOP((#13167, #13123, #13115));
#13167 = IFCCARTESIANPOINT((-3.84131622314453E-2, 3.33975601196289E-2, 1.88871337890625E-1));
#13168 = IFCFACEOUTERBOUND(#13166, .T.);
#13169 = IFCFACE((#13168));
#13170 = IFCPOLYLOOP((#13115, #13159, #13167));
#13171 = IFCFACEOUTERBOUND(#13170, .T.);
#13172 = IFCFACE((#13171));
#13173 = IFCPOLYLOOP((#13174, #13130, #13123));
#13174 = IFCCARTESIANPOINT((-3.31331367492676E-2, 3.77525062561035E-2, 1.88474212646484E-1));
#13175 = IFCFACEOUTERBOUND(#13173, .T.);
#13176 = IFCFACE((#13175));
#13177 = IFCPOLYLOOP((#13123, #13167, #13174));
#13178 = IFCFACEOUTERBOUND(#13177, .T.);
#13179 = IFCFACE((#13178));
#13180 = IFCPOLYLOOP((#13181, #13137, #13130));
#13181 = IFCCARTESIANPOINT((-2.73476905822754E-2, 4.14799003601074E-2, 1.88298187255859E-1));
#13182 = IFCFACEOUTERBOUND(#13180, .T.);
#13183 = IFCFACE((#13182));
#13184 = IFCPOLYLOOP((#13130, #13174, #13181));
#13185 = IFCFACEOUTERBOUND(#13184, .T.);
#13186 = IFCFACE((#13185));
#13187 = IFCPOLYLOOP((#13188, #13144, #13137));
#13188 = IFCCARTESIANPOINT((-2.12348575592041E-2, 4.43939781188965E-2, 1.88376022338867E-1));
#13189 = IFCFACEOUTERBOUND(#13187, .T.);
#13190 = IFCFACE((#13189));
#13191 = IFCPOLYLOOP((#13137, #13181, #13188));
#13192 = IFCFACEOUTERBOUND(#13191, .T.);
#13193 = IFCFACE((#13192));
#13194 = IFCPOLYLOOP((#13195, #13151, #13144));
#13195 = IFCCARTESIANPOINT((-1.49726648330688E-2, 4.63089866638184E-2, 1.88740478515625E-1));
#13196 = IFCFACEOUTERBOUND(#13194, .T.);
#13197 = IFCFACE((#13196));
#13198 = IFCPOLYLOOP((#13144, #13188, #13195));
#13199 = IFCFACEOUTERBOUND(#13198, .T.);
#13200 = IFCFACE((#13199));
#13201 = IFCPOLYLOOP((#13202, #13159, #13163));
#13202 = IFCCARTESIANPOINT((-4.54527931213379E-2, 3.24192085266113E-2, 2.00656997680664E-1));
#13203 = IFCFACEOUTERBOUND(#13201, .T.);
#13204 = IFCFACE((#13203));
#13205 = IFCPOLYLOOP((#13163, #13206, #13202));
#13206 = IFCCARTESIANPOINT((-4.89126510620117E-2, 2.67638053894043E-2, 2.01523315429688E-1));
#13207 = IFCFACEOUTERBOUND(#13205, .T.);
#13208 = IFCFACE((#13207));
#13209 = IFCPOLYLOOP((#13210, #13167, #13159));
#13210 = IFCCARTESIANPOINT((-4.10534477233887E-2, 3.75497550964355E-2, 2.00013092041016E-1));
#13211 = IFCFACEOUTERBOUND(#13209, .T.);
#13212 = IFCFACE((#13211));
#13213 = IFCPOLYLOOP((#13159, #13202, #13210));
#13214 = IFCFACEOUTERBOUND(#13213, .T.);
#13215 = IFCFACE((#13214));
#13216 = IFCPOLYLOOP((#13217, #13174, #13167));
#13217 = IFCCARTESIANPOINT((-3.59066505432129E-2, 4.20088157653809E-2, 1.99609390258789E-1));
#13218 = IFCFACEOUTERBOUND(#13216, .T.);
#13219 = IFCFACE((#13218));
#13220 = IFCPOLYLOOP((#13167, #13210, #13217));
#13221 = IFCFACEOUTERBOUND(#13220, .T.);
#13222 = IFCFACE((#13221));
#13223 = IFCPOLYLOOP((#13224, #13181, #13174));
#13224 = IFCCARTESIANPOINT((-3.01214580535889E-2, 4.56816902160645E-2, 1.99465789794922E-1));
#13225 = IFCFACEOUTERBOUND(#13223, .T.);
#13226 = IFCFACE((#13225));
#13227 = IFCPOLYLOOP((#13174, #13217, #13224));
#13228 = IFCFACEOUTERBOUND(#13227, .T.);
#13229 = IFCFACE((#13228));
#13230 = IFCPOLYLOOP((#13231, #13188, #13181));
#13231 = IFCCARTESIANPOINT((-2.38600387573242E-2, 4.83812522888184E-2, 1.99612289428711E-1));
#13232 = IFCFACEOUTERBOUND(#13230, .T.);
#13233 = IFCFACE((#13232));
#13234 = IFCPOLYLOOP((#13181, #13224, #13231));
#13235 = IFCFACEOUTERBOUND(#13234, .T.);
#13236 = IFCFACE((#13235));
#13237 = IFCPOLYLOOP((#13238, #13195, #13188));
#13238 = IFCCARTESIANPOINT((-1.72845649719238E-2, 4.99203720092773E-2, 2.00078887939453E-1));
#13239 = IFCFACEOUTERBOUND(#13237, .T.);
#13240 = IFCFACE((#13239));
#13241 = IFCPOLYLOOP((#13188, #13231, #13238));
#13242 = IFCFACEOUTERBOUND(#13241, .T.);
#13243 = IFCFACE((#13242));
#13244 = IFCPOLYLOOP((#13245, #13202, #13206));
#13245 = IFCCARTESIANPOINT((-4.73366508483887E-2, 3.57394104003906E-2, 2.11985336303711E-1));
#13246 = IFCFACEOUTERBOUND(#13244, .T.);
#13247 = IFCFACE((#13246));
#13248 = IFCPOLYLOOP((#13206, #13249, #13245));
#13249 = IFCCARTESIANPOINT((-5.05383338928223E-2, 2.97634201049805E-2, 2.12882019042969E-1));
#13250 = IFCFACEOUTERBOUND(#13248, .T.);
#13251 = IFCFACE((#13250));
#13252 = IFCPOLYLOOP((#13253, #13210, #13202));
#13253 = IFCCARTESIANPOINT((-4.31221008300781E-2, 4.10595703125E-2, 2.11339920043945E-1));
#13254 = IFCFACEOUTERBOUND(#13252, .T.);
#13255 = IFCFACE((#13254));
#13256 = IFCPOLYLOOP((#13202, #13245, #13253));
#13257 = IFCFACEOUTERBOUND(#13256, .T.);
#13258 = IFCFACE((#13257));
#13259 = IFCPOLYLOOP((#13260, #13217, #13210));
#13260 = IFCCARTESIANPOINT((-3.80787315368652E-2, 4.55899429321289E-2, 2.10955123901367E-1));
#13261 = IFCFACEOUTERBOUND(#13259, .T.);
#13262 = IFCFACE((#13261));
#13263 = IFCPOLYLOOP((#13210, #13253, #13260));
#13264 = IFCFACEOUTERBOUND(#13263, .T.);
#13265 = IFCFACE((#13264));
#13266 = IFCPOLYLOOP((#13267, #13224, #13217));
#13267 = IFCCARTESIANPOINT((-3.23067169189453E-2, 4.9224925994873E-2, 2.10843704223633E-1));
#13268 = IFCFACEOUTERBOUND(#13266, .T.);
#13269 = IFCFACE((#13268));
#13270 = IFCPOLYLOOP((#13217, #13260, #13267));
#13271 = IFCFACEOUTERBOUND(#13270, .T.);
#13272 = IFCFACE((#13271));
#13273 = IFCPOLYLOOP((#13274, #13231, #13224));
#13274 = IFCCARTESIANPOINT((-2.59563617706299E-2, 5.17831039428711E-2, 2.11028701782227E-1));
#13275 = IFCFACEOUTERBOUND(#13273, .T.);
#13276 = IFCFACE((#13275));
#13277 = IFCPOLYLOOP((#13224, #13267, #13274));
#13278 = IFCFACEOUTERBOUND(#13277, .T.);
#13279 = IFCFACE((#13278));
#13280 = IFCPOLYLOOP((#13281, #13238, #13231));
#13281 = IFCCARTESIANPOINT((-1.91779804229736E-2, 5.30830726623535E-2, 2.11533203125E-1));
#13282 = IFCFACEOUTERBOUND(#13280, .T.);
#13283 = IFCFACE((#13282));
#13284 = IFCPOLYLOOP((#13231, #13274, #13281));
#13285 = IFCFACEOUTERBOUND(#13284, .T.);
#13286 = IFCFACE((#13285));
#13287 = IFCPOLYLOOP((#13288, #13245, #13249));
#13288 = IFCCARTESIANPOINT((-4.86910629272461E-2, 3.84437484741211E-2, 2.23449676513672E-1));
#13289 = IFCFACEOUTERBOUND(#13287, .T.);
#13290 = IFCFACE((#13289));
#13291 = IFCPOLYLOOP((#13292, #13253, #13245));
#13292 = IFCCARTESIANPOINT((-4.45765113830566E-2, 4.38641548156738E-2, 2.22837585449219E-1));
#13293 = IFCFACEOUTERBOUND(#13291, .T.);
#13294 = IFCFACE((#13293));
#13295 = IFCPOLYLOOP((#13245, #13288, #13292));
#13296 = IFCFACEOUTERBOUND(#13295, .T.);
#13297 = IFCFACE((#13296));
#13298 = IFCPOLYLOOP((#13299, #13260, #13253));
#13299 = IFCCARTESIANPOINT((-3.95975799560547E-2, 4.84299621582031E-2, 2.22487548828125E-1));
#13300 = IFCFACEOUTERBOUND(#13298, .T.);
#13301 = IFCFACE((#13300));
#13302 = IFCPOLYLOOP((#13253, #13292, #13299));
#13303 = IFCFACEOUTERBOUND(#13302, .T.);
#13304 = IFCFACE((#13303));
#13305 = IFCPOLYLOOP((#13306, #13267, #13260));
#13306 = IFCCARTESIANPOINT((-3.38497009277344E-2, 5.20497856140137E-2, 2.2240299987793E-1));
#13307 = IFCFACEOUTERBOUND(#13305, .T.);
#13308 = IFCFACE((#13307));
#13309 = IFCPOLYLOOP((#13260, #13299, #13306));
#13310 = IFCFACEOUTERBOUND(#13309, .T.);
#13311 = IFCFACE((#13310));
#13312 = IFCPOLYLOOP((#13313, #13274, #13267));
#13313 = IFCCARTESIANPOINT((-2.7476900100708E-2, 5.4554615020752E-2, 2.22597229003906E-1));
#13314 = IFCFACEOUTERBOUND(#13312, .T.);
#13315 = IFCFACE((#13314));
#13316 = IFCPOLYLOOP((#13267, #13306, #13313));
#13317 = IFCFACEOUTERBOUND(#13316, .T.);
#13318 = IFCFACE((#13317));
#13319 = IFCPOLYLOOP((#13320, #13281, #13274));
#13320 = IFCCARTESIANPOINT((-2.06232032775879E-2, 5.57754325866699E-2, 2.23083572387695E-1));
#13321 = IFCFACEOUTERBOUND(#13319, .T.);
#13322 = IFCFACE((#13321));
#13323 = IFCPOLYLOOP((#13274, #13313, #13320));
#13324 = IFCFACEOUTERBOUND(#13323, .T.);
#13325 = IFCFACE((#13324));
#13326 = IFCPOLYLOOP((#13327, #13292, #13288));
#13327 = IFCCARTESIANPOINT((-4.54366149902344E-2, 4.59808692932129E-2, 2.34535415649414E-1));
#13328 = IFCFACEOUTERBOUND(#13326, .T.);
#13329 = IFCFACE((#13328));
#13330 = IFCPOLYLOOP((#13288, #13331, #13327));
#13331 = IFCCARTESIANPOINT((-4.95399360656738E-2, 4.05518188476563E-2, 2.35095336914063E-1));
#13332 = IFCFACEOUTERBOUND(#13330, .T.);
#13333 = IFCFACE((#13332));
#13334 = IFCPOLYLOOP((#13335, #13299, #13292));
#13335 = IFCCARTESIANPOINT((-4.04811210632324E-2, 5.05485305786133E-2, 2.34224624633789E-1));
#13336 = IFCFACEOUTERBOUND(#13334, .T.);
#13337 = IFCFACE((#13336));
#13338 = IFCPOLYLOOP((#13292, #13327, #13335));
#13339 = IFCFACEOUTERBOUND(#13338, .T.);
#13340 = IFCFACE((#13339));
#13341 = IFCPOLYLOOP((#13342, #13306, #13299));
#13342 = IFCCARTESIANPOINT((-3.47685852050781E-2, 5.41815338134766E-2, 2.34156280517578E-1));
#13343 = IFCFACEOUTERBOUND(#13341, .T.);
#13344 = IFCFACE((#13343));
#13345 = IFCPOLYLOOP((#13299, #13335, #13342));
#13346 = IFCFACEOUTERBOUND(#13345, .T.);
#13347 = IFCFACE((#13346));
#13348 = IFCPOLYLOOP((#13349, #13313, #13306));
#13349 = IFCCARTESIANPOINT((-2.84426536560059E-2, 5.67287216186523E-2, 2.34332855224609E-1));
#13350 = IFCFACEOUTERBOUND(#13348, .T.);
#13351 = IFCFACE((#13350));
#13352 = IFCPOLYLOOP((#13306, #13342, #13349));
#13353 = IFCFACEOUTERBOUND(#13352, .T.);
#13354 = IFCFACE((#13353));
#13355 = IFCPOLYLOOP((#13356, #13320, #13313));
#13356 = IFCCARTESIANPOINT((-2.16469860076904E-2, 5.80389404296875E-2, 2.347568359375E-1));
#13357 = IFCFACEOUTERBOUND(#13355, .T.);
#13358 = IFCFACE((#13357));
#13359 = IFCPOLYLOOP((#13313, #13349, #13356));
#13360 = IFCFACEOUTERBOUND(#13359, .T.);
#13361 = IFCFACE((#13360));
#13362 = IFCPOLYLOOP((#13363, #13327, #13331));
#13363 = IFCCARTESIANPOINT((-4.57697906494141E-2, 4.74841728210449E-2, 2.46448867797852E-1));
#13364 = IFCFACEOUTERBOUND(#13362, .T.);
#13365 = IFCFACE((#13364));
#13366 = IFCPOLYLOOP((#13331, #13367, #13363));
#13367 = IFCCARTESIANPOINT((-4.99449882507324E-2, 4.21311912536621E-2, 2.46956390380859E-1));
#13368 = IFCFACEOUTERBOUND(#13366, .T.);
#13369 = IFCFACE((#13368));
#13370 = IFCPOLYLOOP((#13371, #13335, #13327));
#13371 = IFCCARTESIANPOINT((-4.08011741638184E-2, 5.20271987915039E-2, 2.46168716430664E-1));
#13372 = IFCFACEOUTERBOUND(#13370, .T.);
#13373 = IFCFACE((#13372));
#13374 = IFCPOLYLOOP((#13327, #13363, #13371));
#13375 = IFCFACEOUTERBOUND(#13374, .T.);
#13376 = IFCFACE((#13375));
#13377 = IFCPOLYLOOP((#13378, #13342, #13335));
#13378 = IFCCARTESIANPOINT((-3.51376647949219E-2, 5.57070922851563E-2, 2.46100112915039E-1));
#13379 = IFCFACEOUTERBOUND(#13377, .T.);
#13380 = IFCFACE((#13379));
#13381 = IFCPOLYLOOP((#13335, #13371, #13378));
#13382 = IFCFACEOUTERBOUND(#13381, .T.);
#13383 = IFCFACE((#13382));
#13384 = IFCPOLYLOOP((#13385, #13349, #13342));
#13385 = IFCCARTESIANPOINT((-2.89276523590088E-2, 5.83940734863281E-2, 2.46235610961914E-1));
#13386 = IFCFACEOUTERBOUND(#13384, .T.);
#13387 = IFCFACE((#13386));
#13388 = IFCPOLYLOOP((#13342, #13378, #13385));
#13389 = IFCFACEOUTERBOUND(#13388, .T.);
#13390 = IFCFACE((#13389));
#13391 = IFCPOLYLOOP((#13392, #13371, #13363));
#13392 = IFCCARTESIANPOINT((-4.06834373474121E-2, 5.30093879699707E-2, 2.58306610107422E-1));
#13393 = IFCFACEOUTERBOUND(#13391, .T.);
#13394 = IFCFACE((#13393));
#13395 = IFCPOLYLOOP((#13363, #13396, #13392));
#13396 = IFCCARTESIANPOINT((-4.56908531188965E-2, 4.85056266784668E-2, 2.58579467773438E-1));
#13397 = IFCFACEOUTERBOUND(#13395, .T.);
#13398 = IFCFACE((#13397));
#13399 = IFCPOLYLOOP((#13400, #13378, #13371));
#13400 = IFCCARTESIANPOINT((-3.50873794555664E-2, 5.67750816345215E-2, 2.58215026855469E-1));
#13401 = IFCFACEOUTERBOUND(#13399, .T.);
#13402 = IFCFACE((#13401));
#13403 = IFCPOLYLOOP((#13371, #13392, #13400));
#13404 = IFCFACEOUTERBOUND(#13403, .T.);
#13405 = IFCFACE((#13404));
#13406 = IFCPOLYLOOP((#13385, #13378, #13400));
#13407 = IFCFACEOUTERBOUND(#13406, .T.);
#13408 = IFCFACE((#13407));
#13409 = IFCPOLYLOOP((#13410, #13392, #13396));
#13410 = IFCCARTESIANPOINT((-4.03074989318848E-2, 5.37004013061523E-2, 2.70609527587891E-1));
#13411 = IFCFACEOUTERBOUND(#13409, .T.);
#13412 = IFCFACE((#13411));
#13413 = IFCPOLYLOOP((#13414, #13400, #13392));
#13414 = IFCCARTESIANPOINT((-3.48042869567871E-2, 5.75957717895508E-2, 2.70465515136719E-1));
#13415 = IFCFACEOUTERBOUND(#13413, .T.);
#13416 = IFCFACE((#13415));
#13417 = IFCPOLYLOOP((#13392, #13410, #13414));
#13418 = IFCFACEOUTERBOUND(#13417, .T.);
#13419 = IFCFACE((#13418));
#13420 = IFCPOLYLOOP((#13414, #13410, #13421));
#13421 = IFCCARTESIANPOINT((-3.99233322143555E-2, 5.43295860290527E-2, 2.82406097412109E-1));
#13422 = IFCFACEOUTERBOUND(#13420, .T.);
#13423 = IFCFACE((#13422));
#13424 = IFCPOLYLOOP((#13077, #13425, #13426));
#13425 = IFCCARTESIANPOINT((-4.42650566101074E-2, 1.04893207550049E-2, 1.63147521972656E-1));
#13426 = IFCCARTESIANPOINT((-4.55553550720215E-2, 1.24137725830078E-2, 1.69442596435547E-1));
#13427 = IFCFACEOUTERBOUND(#13424, .T.);
#13428 = IFCFACE((#13427));
#13429 = IFCPOLYLOOP((#13430, #13077, #13426));
#13430 = IFCCARTESIANPOINT((-4.60083122253418E-2, 1.22318115234375E-2, 1.70118408203125E-1));
#13431 = IFCFACEOUTERBOUND(#13429, .T.);
#13432 = IFCFACE((#13431));
#13433 = IFCPOLYLOOP((#13434, #13119, #13430));
#13434 = IFCCARTESIANPOINT((-4.70509872436523E-2, 1.44373559951782E-2, 1.76750350952148E-1));
#13435 = IFCFACEOUTERBOUND(#13433, .T.);
#13436 = IFCFACE((#13435));
#13437 = IFCPOLYLOOP((#13430, #13119, #13077));
#13438 = IFCFACEOUTERBOUND(#13437, .T.);
#13439 = IFCFACE((#13438));
#13440 = IFCPOLYLOOP((#13441, #13084, #13442));
#13441 = IFCCARTESIANPOINT((-2.86646842956543E-2, 1.26554889678955E-2, 1.48068328857422E-1));
#13442 = IFCCARTESIANPOINT((-2.14750919342041E-2, 1.60228290557861E-2, 1.46153717041016E-1));
#13443 = IFCFACEOUTERBOUND(#13440, .T.);
#13444 = IFCFACE((#13443));
#13445 = IFCPOLYLOOP((#13442, #13092, #13446));
#13446 = IFCCARTESIANPOINT((-1.81200122833252E-2, 1.88049621582031E-2, 1.46766403198242E-1));
#13447 = IFCFACEOUTERBOUND(#13445, .T.);
#13448 = IFCFACE((#13447));
#13449 = IFCPOLYLOOP((#13079, #13441, #13450));
#13450 = IFCCARTESIANPOINT((-3.39404602050781E-2, 1.10791988372803E-2, 1.50777862548828E-1));
#13451 = IFCFACEOUTERBOUND(#13449, .T.);
#13452 = IFCFACE((#13451));
#13453 = IFCPOLYLOOP((#13079, #13454, #13077));
#13454 = IFCCARTESIANPOINT((-3.975537109375E-2, 1.09074716567993E-2, 1.57125045776367E-1));
#13455 = IFCFACEOUTERBOUND(#13453, .T.);
#13456 = IFCFACE((#13455));
#13457 = IFCPOLYLOOP((#13425, #13077, #13454));
#13458 = IFCFACEOUTERBOUND(#13457, .T.);
#13459 = IFCFACE((#13458));
#13460 = IFCPOLYLOOP((#13441, #13079, #13084));
#13461 = IFCFACEOUTERBOUND(#13460, .T.);
#13462 = IFCFACE((#13461));
#13463 = IFCPOLYLOOP((#13442, #13084, #13092));
#13464 = IFCFACEOUTERBOUND(#13463, .T.);
#13465 = IFCFACE((#13464));
#13466 = IFCPOLYLOOP((#13450, #13454, #13079));
#13467 = IFCFACEOUTERBOUND(#13466, .T.);
#13468 = IFCFACE((#13467));
#13469 = IFCPOLYLOOP((#13470, #13446, #13092));
#13470 = IFCCARTESIANPOINT((-1.48820953369141E-2, 2.16291027069092E-2, 1.47336502075195E-1));
#13471 = IFCFACEOUTERBOUND(#13469, .T.);
#13472 = IFCFACE((#13471));
#13473 = IFCPOLYLOOP((#13474, #13475, #13119));
#13474 = IFCCARTESIANPOINT((-4.74461898803711E-2, 1.42886152267456E-2, 1.7760302734375E-1));
#13475 = IFCCARTESIANPOINT((-4.86824188232422E-2, 1.65198650360107E-2, 1.85293930053711E-1));
#13476 = IFCFACEOUTERBOUND(#13473, .T.);
#13477 = IFCFACE((#13476));
#13478 = IFCPOLYLOOP((#13479, #13480, #13163));
#13479 = IFCCARTESIANPOINT((-4.93828010559082E-2, 1.87427139282227E-2, 1.91303070068359E-1));
#13480 = IFCCARTESIANPOINT((-4.96367263793945E-2, 1.85853042602539E-2, 1.92095123291016E-1));
#13481 = IFCFACEOUTERBOUND(#13478, .T.);
#13482 = IFCFACE((#13481));
#13483 = IFCPOLYLOOP((#13163, #13475, #13479));
#13484 = IFCFACEOUTERBOUND(#13483, .T.);
#13485 = IFCFACE((#13484));
#13486 = IFCPOLYLOOP((#13487, #13163, #13480));
#13487 = IFCCARTESIANPOINT((-5.04862174987793E-2, 2.1410192489624E-2, 1.99836395263672E-1));
#13488 = IFCFACEOUTERBOUND(#13486, .T.);
#13489 = IFCFACE((#13488));
#13490 = IFCPOLYLOOP((#13119, #13475, #13163));
#13491 = IFCFACEOUTERBOUND(#13490, .T.);
#13492 = IFCFACE((#13491));
#13493 = IFCPOLYLOOP((#13206, #13487, #13494));
#13494 = IFCCARTESIANPOINT((-5.06975173950195E-2, 2.12961463928223E-2, 2.00689819335938E-1));
#13495 = IFCFACEOUTERBOUND(#13493, .T.);
#13496 = IFCFACE((#13495));
#13497 = IFCPOLYLOOP((#13206, #13163, #13487));
#13498 = IFCFACEOUTERBOUND(#13497, .T.);
#13499 = IFCFACE((#13498));
#13500 = IFCPOLYLOOP((#13206, #13494, #13501));
#13501 = IFCCARTESIANPOINT((-5.1579158782959E-2, 2.42876262664795E-2, 2.09427490234375E-1));
#13502 = IFCFACEOUTERBOUND(#13500, .T.);
#13503 = IFCFACE((#13502));
#13504 = IFCPOLYLOOP((#13249, #13501, #13505));
#13505 = IFCCARTESIANPOINT((-5.21179122924805E-2, 2.74394702911377E-2, 2.1732389831543E-1));
#13506 = IFCFACEOUTERBOUND(#13504, .T.);
#13507 = IFCFACE((#13506));
#13508 = IFCPOLYLOOP((#13501, #13249, #13206));
#13509 = IFCFACEOUTERBOUND(#13508, .T.);
#13510 = IFCFACE((#13509));
#13511 = IFCPOLYLOOP((#13434, #13474, #13119));
#13512 = IFCFACEOUTERBOUND(#13511, .T.);
#13513 = IFCFACE((#13512));
#13514 = IFCPOLYLOOP((#13108, #13515, #13516));
#13515 = IFCCARTESIANPOINT((-9.62877941131592E-3, 2.93127670288086E-2, 1.52288833618164E-1));
#13516 = IFCCARTESIANPOINT((-1.09670886993408E-2, 2.62593688964844E-2, 1.49461853027344E-1));
#13517 = IFCFACEOUTERBOUND(#13514, .T.);
#13518 = IFCFACE((#13517));
#13519 = IFCPOLYLOOP((#13515, #13108, #13520));
#13520 = IFCCARTESIANPOINT((-8.23313903808594E-3, 3.22631721496582E-2, 1.55125854492188E-1));
#13521 = IFCFACEOUTERBOUND(#13519, .T.);
#13522 = IFCFACE((#13521));
#13523 = IFCPOLYLOOP((#13470, #13100, #13516));
#13524 = IFCFACEOUTERBOUND(#13523, .T.);
#13525 = IFCFACE((#13524));
#13526 = IFCPOLYLOOP((#13516, #13100, #13108));
#13527 = IFCFACEOUTERBOUND(#13526, .T.);
#13528 = IFCFACE((#13527));
#13529 = IFCPOLYLOOP((#13530, #13152, #13151));
#13530 = IFCCARTESIANPOINT((-7.50683546066284E-3, 4.2215518951416E-2, 1.74020721435547E-1));
#13531 = IFCFACEOUTERBOUND(#13529, .T.);
#13532 = IFCFACE((#13531));
#13533 = IFCPOLYLOOP((#13107, #13152, #13520));
#13534 = IFCFACEOUTERBOUND(#13533, .T.);
#13535 = IFCFACE((#13534));
#13536 = IFCPOLYLOOP((#13108, #13107, #13520));
#13537 = IFCFACEOUTERBOUND(#13536, .T.);
#13538 = IFCFACE((#13537));
#13539 = IFCPOLYLOOP((#13100, #13470, #13092));
#13540 = IFCFACEOUTERBOUND(#13539, .T.);
#13541 = IFCFACE((#13540));
#13542 = IFCPOLYLOOP((#13543, #13520, #13152));
#13543 = IFCCARTESIANPOINT((-6.39352321624756E-3, 3.68518867492676E-2, 1.60927108764648E-1));
#13544 = IFCFACEOUTERBOUND(#13542, .T.);
#13545 = IFCFACE((#13544));
#13546 = IFCPOLYLOOP((#13543, #13152, #13547));
#13547 = IFCCARTESIANPOINT((-6.71379232406616E-3, 3.9502742767334E-2, 1.66781585693359E-1));
#13548 = IFCFACEOUTERBOUND(#13546, .T.);
#13549 = IFCFACE((#13548));
#13550 = IFCPOLYLOOP((#13152, #13530, #13551));
#13551 = IFCCARTESIANPOINT((-6.95930814743042E-3, 3.98164215087891E-2, 1.67718414306641E-1));
#13552 = IFCFACEOUTERBOUND(#13550, .T.);
#13553 = IFCFACE((#13552));
#13554 = IFCPOLYLOOP((#13547, #13152, #13551));
#13555 = IFCFACEOUTERBOUND(#13554, .T.);
#13556 = IFCFACE((#13555));
#13557 = IFCPOLYLOOP((#13151, #13558, #13530));
#13558 = IFCCARTESIANPOINT((-7.69599914550781E-3, 4.25834083557129E-2, 1.75121017456055E-1));
#13559 = IFCFACEOUTERBOUND(#13557, .T.);
#13560 = IFCFACE((#13559));
#13561 = IFCPOLYLOOP((#13562, #13558, #13151));
#13562 = IFCCARTESIANPOINT((-8.57054138183594E-3, 4.50940361022949E-2, 1.82814514160156E-1));
#13563 = IFCFACEOUTERBOUND(#13561, .T.);
#13564 = IFCFACE((#13563));
#13565 = IFCPOLYLOOP((#13566, #13562, #13195));
#13566 = IFCCARTESIANPOINT((-9.17354774475098E-3, 4.68192939758301E-2, 1.88620651245117E-1));
#13567 = IFCFACEOUTERBOUND(#13565, .T.);
#13568 = IFCFACE((#13567));
#13569 = IFCPOLYLOOP((#13238, #13570, #13195));
#13570 = IFCCARTESIANPOINT((-1.0468957901001E-2, 4.91934471130371E-2, 1.97219635009766E-1));
#13571 = IFCFACEOUTERBOUND(#13569, .T.);
#13572 = IFCFACE((#13571));
#13573 = IFCPOLYLOOP((#13195, #13562, #13151));
#13574 = IFCFACEOUTERBOUND(#13573, .T.);
#13575 = IFCFACE((#13574));
#13576 = IFCPOLYLOOP((#13577, #13281, #13578));
#13577 = IFCCARTESIANPOINT((-1.40453128814697E-2, 5.37517280578613E-2, 2.14876052856445E-1));
#13578 = IFCCARTESIANPOINT((-1.43555088043213E-2, 5.40315551757813E-2, 2.15993225097656E-1));
#13579 = IFCFACEOUTERBOUND(#13576, .T.);
#13580 = IFCFACE((#13579));
#13581 = IFCPOLYLOOP((#13281, #13320, #13578));
#13582 = IFCFACEOUTERBOUND(#13581, .T.);
#13583 = IFCFACE((#13582));
#13584 = IFCPOLYLOOP((#13281, #13577, #13585));
#13585 = IFCCARTESIANPOINT((-1.25054626464844E-2, 5.1857250213623E-2, 2.07305618286133E-1));
#13586 = IFCFACEOUTERBOUND(#13584, .T.);
#13587 = IFCFACE((#13586));
#13588 = IFCPOLYLOOP((#13238, #13281, #13585));
#13589 = IFCFACEOUTERBOUND(#13588, .T.);
#13590 = IFCFACE((#13589));
#13591 = IFCPOLYLOOP((#13238, #13585, #13592));
#13592 = IFCCARTESIANPOINT((-1.22201614379883E-2, 5.15613288879395E-2, 2.06181640625E-1));
#13593 = IFCFACEOUTERBOUND(#13591, .T.);
#13594 = IFCFACE((#13593));
#13595 = IFCPOLYLOOP((#13596, #13566, #13195));
#13596 = IFCCARTESIANPOINT((-9.41607570648193E-3, 4.71130790710449E-2, 1.89650772094727E-1));
#13597 = IFCFACEOUTERBOUND(#13595, .T.);
#13598 = IFCFACE((#13597));
#13599 = IFCPOLYLOOP((#13600, #13570, #13238));
#13600 = IFCCARTESIANPOINT((-1.07355222702026E-2, 4.94946517944336E-2, 1.98320053100586E-1));
#13601 = IFCFACEOUTERBOUND(#13599, .T.);
#13602 = IFCFACE((#13601));
#13603 = IFCPOLYLOOP((#13195, #13570, #13596));
#13604 = IFCFACEOUTERBOUND(#13603, .T.);
#13605 = IFCFACE((#13604));
#13606 = IFCPOLYLOOP((#13600, #13238, #13592));
#13607 = IFCFACEOUTERBOUND(#13606, .T.);
#13608 = IFCFACE((#13607));
#13609 = IFCPOLYLOOP((#13505, #13610, #13249));
#13610 = IFCCARTESIANPOINT((-5.22871208190918E-2, 2.73667316436768E-2, 2.18281204223633E-1));
#13611 = IFCFACEOUTERBOUND(#13609, .T.);
#13612 = IFCFACE((#13611));
#13613 = IFCPOLYLOOP((#13614, #13249, #13610));
#13614 = IFCCARTESIANPOINT((-5.25213050842285E-2, 3.07415313720703E-2, 2.26033645629883E-1));
#13615 = IFCFACEOUTERBOUND(#13613, .T.);
#13616 = IFCFACE((#13615));
#13617 = IFCPOLYLOOP((#13288, #13249, #13614));
#13618 = IFCFACEOUTERBOUND(#13617, .T.);
#13619 = IFCFACE((#13618));
#13620 = IFCPOLYLOOP((#13288, #13621, #13622));
#13621 = IFCCARTESIANPOINT((-5.26653366088867E-2, 3.06993007659912E-2, 2.26988082885742E-1));
#13622 = IFCCARTESIANPOINT((-5.25316886901855E-2, 3.39908752441406E-2, 2.34123275756836E-1));
#13623 = IFCFACEOUTERBOUND(#13620, .T.);
#13624 = IFCFACE((#13623));
#13625 = IFCPOLYLOOP((#13621, #13288, #13614));
#13626 = IFCFACEOUTERBOUND(#13625, .T.);
#13627 = IFCFACE((#13626));
#13628 = IFCPOLYLOOP((#13622, #13629, #13331));
#13629 = IFCCARTESIANPOINT((-5.24984664916992E-2, 3.44437599182129E-2, 2.35211486816406E-1));
#13630 = IFCFACEOUTERBOUND(#13628, .T.);
#13631 = IFCFACE((#13630));
#13632 = IFCPOLYLOOP((#13331, #13633, #13634));
#13633 = IFCCARTESIANPOINT((-5.23248291015625E-2, 3.59228134155273E-2, 2.38693939208984E-1));
#13634 = IFCCARTESIANPOINT((-5.20669403076172E-2, 3.73850975036621E-2, 2.42200576782227E-1));
#13635 = IFCFACEOUTERBOUND(#13632, .T.);
#13636 = IFCFACE((#13635));
#13637 = IFCPOLYLOOP((#13331, #13288, #13622));
#13638 = IFCFACEOUTERBOUND(#13637, .T.);
#13639 = IFCFACE((#13638));
#13640 = IFCPOLYLOOP((#13331, #13634, #13641));
#13641 = IFCCARTESIANPOINT((-5.22913208007813E-2, 3.71017837524414E-2, 2.43179183959961E-1));
#13642 = IFCFACEOUTERBOUND(#13640, .T.);
#13643 = IFCFACE((#13642));
#13644 = IFCPOLYLOOP((#13633, #13331, #13629));
#13645 = IFCFACEOUTERBOUND(#13644, .T.);
#13646 = IFCFACE((#13645));
#13647 = IFCPOLYLOOP((#13648, #13363, #13367));
#13648 = IFCCARTESIANPOINT((-4.94196891784668E-2, 4.41500129699707E-2, 2.59601654052734E-1));
#13649 = IFCFACEOUTERBOUND(#13647, .T.);
#13650 = IFCFACE((#13649));
#13651 = IFCPOLYLOOP((#13641, #13652, #13367));
#13652 = IFCCARTESIANPOINT((-5.10457496643066E-2, 4.08559684753418E-2, 2.50861145019531E-1));
#13653 = IFCFACEOUTERBOUND(#13651, .T.);
#13654 = IFCFACE((#13653));
#13655 = IFCPOLYLOOP((#13652, #13656, #13367));
#13656 = IFCCARTESIANPOINT((-5.08945083618164E-2, 4.12527160644531E-2, 2.51991424560547E-1));
#13657 = IFCFACEOUTERBOUND(#13655, .T.);
#13658 = IFCFACE((#13657));
#13659 = IFCPOLYLOOP((#13641, #13367, #13331));
#13660 = IFCFACEOUTERBOUND(#13659, .T.);
#13661 = IFCFACE((#13660));
#13662 = IFCPOLYLOOP((#13652, #13663, #13656));
#13663 = IFCCARTESIANPOINT((-5.13776245117188E-2, 4.03955497741699E-2, 2.51758178710938E-1));
#13664 = IFCFACEOUTERBOUND(#13662, .T.);
#13665 = IFCFACE((#13664));
#13666 = IFCPOLYLOOP((#13667, #13648, #13668));
#13667 = IFCCARTESIANPOINT((-4.91353797912598E-2, 4.4600528717041E-2, 2.60741119384766E-1));
#13668 = IFCCARTESIANPOINT((-4.99379081726074E-2, 4.35119781494141E-2, 2.60720581054688E-1));
#13669 = IFCFACEOUTERBOUND(#13666, .T.);
#13670 = IFCFACE((#13669));
#13671 = IFCPOLYLOOP((#13396, #13363, #13648));
#13672 = IFCFACEOUTERBOUND(#13671, .T.);
#13673 = IFCFACE((#13672));
#13674 = IFCPOLYLOOP((#13396, #13667, #13675));
#13675 = IFCCARTESIANPOINT((-4.82555084228516E-2, 4.58973960876465E-2, 2.64535858154297E-1));
#13676 = IFCFACEOUTERBOUND(#13674, .T.);
#13677 = IFCFACE((#13676));
#13678 = IFCPOLYLOOP((#13679, #13680, #13681));
#13679 = IFCCARTESIANPOINT((-4.69567680358887E-2, 4.7569263458252E-2, 2.70212554931641E-1));
#13680 = IFCCARTESIANPOINT((-4.73281097412109E-2, 4.71082725524902E-2, 2.68364837646484E-1));
#13681 = IFCCARTESIANPOINT((-4.7913444519043E-2, 4.64953384399414E-2, 2.69782257080078E-1));
#13682 = IFCFACEOUTERBOUND(#13678, .T.);
#13683 = IFCFACE((#13682));
#13684 = IFCPOLYLOOP((#13396, #13680, #13679));
#13685 = IFCFACEOUTERBOUND(#13684, .T.);
#13686 = IFCFACE((#13685));
#13687 = IFCPOLYLOOP((#13396, #13675, #13680));
#13688 = IFCFACEOUTERBOUND(#13687, .T.);
#13689 = IFCFACE((#13688));
#13690 = IFCPOLYLOOP((#13667, #13396, #13648));
#13691 = IFCFACEOUTERBOUND(#13690, .T.);
#13692 = IFCFACE((#13691));
#13693 = IFCPOLYLOOP((#13694, #13695, #13410));
#13694 = IFCCARTESIANPOINT((-4.59789924621582E-2, 4.86842651367188E-2, 2.73925720214844E-1));
#13695 = IFCCARTESIANPOINT((-4.49723472595215E-2, 4.97629814147949E-2, 2.77655822753906E-1));
#13696 = IFCFACEOUTERBOUND(#13693, .T.);
#13697 = IFCFACE((#13696));
#13698 = IFCPOLYLOOP((#13410, #13679, #13694));
#13699 = IFCFACEOUTERBOUND(#13698, .T.);
#13700 = IFCFACE((#13699));
#13701 = IFCPOLYLOOP((#13695, #13702, #13703));
#13702 = IFCCARTESIANPOINT((-4.551416015625E-2, 4.92755699157715E-2, 2.7908154296875E-1));
#13703 = IFCCARTESIANPOINT((-4.43251152038574E-2, 5.04351692199707E-2, 2.80021118164063E-1));
#13704 = IFCFACEOUTERBOUND(#13701, .T.);
#13705 = IFCFACE((#13704));
#13706 = IFCPOLYLOOP((#13396, #13679, #13410));
#13707 = IFCFACEOUTERBOUND(#13706, .T.);
#13708 = IFCFACE((#13707));
#13709 = IFCPOLYLOOP((#13703, #13710, #13421));
#13710 = IFCCARTESIANPOINT((-4.22875709533691E-2, 5.25052604675293E-2, 2.86598815917969E-1));
#13711 = IFCFACEOUTERBOUND(#13709, .T.);
#13712 = IFCFACE((#13711));
#13713 = IFCPOLYLOOP((#13421, #13714, #13715));
#13714 = IFCCARTESIANPOINT((-4.12290840148926E-2, 5.36061477661133E-2, 2.89874755859375E-1));
#13715 = IFCCARTESIANPOINT((-4.0674503326416E-2, 5.41968421936035E-2, 2.9150146484375E-1));
#13716 = IFCFACEOUTERBOUND(#13713, .T.);
#13717 = IFCFACE((#13716));
#13718 = IFCPOLYLOOP((#13710, #13714, #13421));
#13719 = IFCFACEOUTERBOUND(#13718, .T.);
#13720 = IFCFACE((#13719));
#13721 = IFCPOLYLOOP((#13410, #13695, #13703));
#13722 = IFCFACEOUTERBOUND(#13721, .T.);
#13723 = IFCFACE((#13722));
#13724 = IFCPOLYLOOP((#13656, #13648, #13367));
#13725 = IFCFACEOUTERBOUND(#13724, .T.);
#13726 = IFCFACE((#13725));
#13727 = IFCPOLYLOOP((#13715, #13728, #13729));
#13728 = IFCCARTESIANPOINT((-4.01087875366211E-2, 5.48141403198242E-2, 2.9312353515625E-1));
#13729 = IFCCARTESIANPOINT((-3.91801261901855E-2, 5.57130317687988E-2, 2.94256744384766E-1));
#13730 = IFCFACEOUTERBOUND(#13727, .T.);
#13731 = IFCFACE((#13730));
#13732 = IFCPOLYLOOP((#13733, #13356, #13349));
#13733 = IFCCARTESIANPOINT((-2.20377597808838E-2, 5.91338996887207E-2, 2.4124853515625E-1));
#13734 = IFCFACEOUTERBOUND(#13732, .T.);
#13735 = IFCFACE((#13734));
#13736 = IFCPOLYLOOP((#13737, #13320, #13356));
#13737 = IFCCARTESIANPOINT((-1.88005180358887E-2, 5.7599536895752E-2, 2.31894287109375E-1));
#13738 = IFCFACEOUTERBOUND(#13736, .T.);
#13739 = IFCFACE((#13738));
#13740 = IFCPOLYLOOP((#13385, #13733, #13349));
#13741 = IFCFACEOUTERBOUND(#13740, .T.);
#13742 = IFCFACE((#13741));
#13743 = IFCPOLYLOOP((#13744, #13745, #13400));
#13744 = IFCCARTESIANPOINT((-2.81844253540039E-2, 6.01230316162109E-2, 2.59197723388672E-1));
#13745 = IFCCARTESIANPOINT((-2.77498683929443E-2, 6.01581611633301E-2, 2.58011535644531E-1));
#13746 = IFCFACEOUTERBOUND(#13743, .T.);
#13747 = IFCFACE((#13746));
#13748 = IFCPOLYLOOP((#13385, #13745, #13749));
#13749 = IFCCARTESIANPOINT((-2.50844573974609E-2, 5.99825477600098E-2, 2.50155380249023E-1));
#13750 = IFCFACEOUTERBOUND(#13748, .T.);
#13751 = IFCFACE((#13750));
#13752 = IFCPOLYLOOP((#13753, #13754, #13749));
#13753 = IFCCARTESIANPOINT((-2.39280776977539E-2, 6.0181697845459E-2, 2.49814834594727E-1));
#13754 = IFCCARTESIANPOINT((-2.47469921112061E-2, 5.98979072570801E-2, 2.48999298095703E-1));
#13755 = IFCFACEOUTERBOUND(#13752, .T.);
#13756 = IFCFACE((#13755));
#13757 = IFCPOLYLOOP((#13749, #13754, #13385));
#13758 = IFCFACEOUTERBOUND(#13757, .T.);
#13759 = IFCFACE((#13758));
#13760 = IFCPOLYLOOP((#13754, #13733, #13385));
#13761 = IFCFACEOUTERBOUND(#13760, .T.);
#13762 = IFCFACE((#13761));
#13763 = IFCPOLYLOOP((#13745, #13385, #13400));
#13764 = IFCFACEOUTERBOUND(#13763, .T.);
#13765 = IFCFACE((#13764));
#13766 = IFCPOLYLOOP((#13320, #13737, #13767));
#13767 = IFCCARTESIANPOINT((-1.66784000396729E-2, 5.61111106872559E-2, 2.24811553955078E-1));
#13768 = IFCFACEOUTERBOUND(#13766, .T.);
#13769 = IFCFACE((#13768));
#13770 = IFCPOLYLOOP((#13320, #13767, #13771));
#13771 = IFCCARTESIANPOINT((-1.63326835632324E-2, 5.58551368713379E-2, 2.23687759399414E-1));
#13772 = IFCFACEOUTERBOUND(#13770, .T.);
#13773 = IFCFACE((#13772));
#13774 = IFCPOLYLOOP((#13775, #13776, #13733));
#13775 = IFCCARTESIANPOINT((-2.10679626464844E-2, 5.91857299804688E-2, 2.41047149658203E-1));
#13776 = IFCCARTESIANPOINT((-2.16685085296631E-2, 5.89810485839844E-2, 2.40128952026367E-1));
#13777 = IFCFACEOUTERBOUND(#13774, .T.);
#13778 = IFCFACE((#13777));
#13779 = IFCPOLYLOOP((#13780, #13356, #13776));
#13780 = IFCCARTESIANPOINT((-1.91667881011963E-2, 5.78110961914063E-2, 2.33001083374023E-1));
#13781 = IFCFACEOUTERBOUND(#13779, .T.);
#13782 = IFCFACE((#13781));
#13783 = IFCPOLYLOOP((#13737, #13780, #13784));
#13784 = IFCCARTESIANPOINT((-1.83860569000244E-2, 5.77636299133301E-2, 2.32792037963867E-1));
#13785 = IFCFACEOUTERBOUND(#13783, .T.);
#13786 = IFCFACE((#13785));
#13787 = IFCPOLYLOOP((#13780, #13737, #13356));
#13788 = IFCFACEOUTERBOUND(#13787, .T.);
#13789 = IFCFACE((#13788));
#13790 = IFCPOLYLOOP((#13776, #13356, #13733));
#13791 = IFCFACEOUTERBOUND(#13790, .T.);
#13792 = IFCFACE((#13791));
#13793 = IFCPOLYLOOP((#13320, #13771, #13578));
#13794 = IFCFACEOUTERBOUND(#13793, .T.);
#13795 = IFCFACE((#13794));
#13796 = IFCPOLYLOOP((#13703, #13421, #13410));
#13797 = IFCFACEOUTERBOUND(#13796, .T.);
#13798 = IFCFACE((#13797));
#13799 = IFCPOLYLOOP((#13800, #13801, #13421));
#13800 = IFCCARTESIANPOINT((-3.46685066223145E-2, 5.85755462646484E-2, 2.85967803955078E-1));
#13801 = IFCCARTESIANPOINT((-3.38443908691406E-2, 5.89050178527832E-2, 2.82551208496094E-1));
#13802 = IFCFACEOUTERBOUND(#13799, .T.);
#13803 = IFCFACE((#13802));
#13804 = IFCPOLYLOOP((#13414, #13421, #13801));
#13805 = IFCFACEOUTERBOUND(#13804, .T.);
#13806 = IFCFACE((#13805));
#13807 = IFCPOLYLOOP((#13800, #13421, #13808));
#13808 = IFCCARTESIANPOINT((-3.551806640625E-2, 5.82282943725586E-2, 2.89396606445313E-1));
#13809 = IFCFACEOUTERBOUND(#13807, .T.);
#13810 = IFCFACE((#13809));
#13811 = IFCPOLYLOOP((#13414, #13812, #13400));
#13812 = IFCCARTESIANPOINT((-3.03966789245605E-2, 5.98697128295898E-2, 2.67091613769531E-1));
#13813 = IFCFACEOUTERBOUND(#13811, .T.);
#13814 = IFCFACE((#13813));
#13815 = IFCPOLYLOOP((#13816, #13729, #13817));
#13816 = IFCCARTESIANPOINT((-3.73287353515625E-2, 5.7251522064209E-2, 2.94111572265625E-1));
#13817 = IFCCARTESIANPOINT((-3.82562484741211E-2, 5.66186828613281E-2, 2.95389404296875E-1));
#13818 = IFCFACEOUTERBOUND(#13815, .T.);
#13819 = IFCFACE((#13818));
#13820 = IFCPOLYLOOP((#13715, #13821, #13808));
#13821 = IFCCARTESIANPOINT((-3.64312438964844E-2, 5.78474807739258E-2, 2.92837188720703E-1));
#13822 = IFCFACEOUTERBOUND(#13820, .T.);
#13823 = IFCFACE((#13822));
#13824 = IFCPOLYLOOP((#13816, #13821, #13729));
#13825 = IFCFACEOUTERBOUND(#13824, .T.);
#13826 = IFCFACE((#13825));
#13827 = IFCPOLYLOOP((#13715, #13808, #13421));
#13828 = IFCFACEOUTERBOUND(#13827, .T.);
#13829 = IFCFACE((#13828));
#13830 = IFCPOLYLOOP((#13715, #13729, #13821));
#13831 = IFCFACEOUTERBOUND(#13830, .T.);
#13832 = IFCFACE((#13831));
#13833 = IFCPOLYLOOP((#13834, #13835, #13812));
#13834 = IFCCARTESIANPOINT((-3.0724063873291E-2, 5.98501777648926E-2, 2.68985870361328E-1));
#13835 = IFCCARTESIANPOINT((-2.92353706359863E-2, 6.05393295288086E-2, 2.68370666503906E-1));
#13836 = IFCFACEOUTERBOUND(#13833, .T.);
#13837 = IFCFACE((#13836));
#13838 = IFCPOLYLOOP((#13745, #13744, #13839));
#13839 = IFCCARTESIANPOINT((-2.66151676177979E-2, 6.06581001281738E-2, 2.59008178710938E-1));
#13840 = IFCFACEOUTERBOUND(#13838, .T.);
#13841 = IFCFACE((#13840));
#13842 = IFCPOLYLOOP((#13812, #13744, #13400));
#13843 = IFCFACEOUTERBOUND(#13842, .T.);
#13844 = IFCFACE((#13843));
#13845 = IFCPOLYLOOP((#13414, #13846, #13847));
#13846 = IFCCARTESIANPOINT((-3.29977874755859E-2, 5.92347793579102E-2, 2.79149353027344E-1));
#13847 = IFCCARTESIANPOINT((-3.24851722717285E-2, 5.93929748535156E-2, 2.76697723388672E-1));
#13848 = IFCFACEOUTERBOUND(#13845, .T.);
#13849 = IFCFACE((#13848));
#13850 = IFCPOLYLOOP((#13834, #13812, #13414));
#13851 = IFCFACEOUTERBOUND(#13850, .T.);
#13852 = IFCFACE((#13851));
#13853 = IFCPOLYLOOP((#13846, #13854, #13847));
#13854 = IFCCARTESIANPOINT((-3.15233039855957E-2, 6.00806884765625E-2, 2.77999084472656E-1));
#13855 = IFCFACEOUTERBOUND(#13853, .T.);
#13856 = IFCFACE((#13855));
#13857 = IFCPOLYLOOP((#13834, #13414, #13847));
#13858 = IFCFACEOUTERBOUND(#13857, .T.);
#13859 = IFCFACE((#13858));
#13860 = IFCPOLYLOOP((#13414, #13801, #13846));
#13861 = IFCFACEOUTERBOUND(#13860, .T.);
#13862 = IFCFACE((#13861));
#13863 = IFCSURFACESTYLERENDERING(#13864, 0., #13865, $, $, #13866, #13867, $, .NOTDEFINED.);
#13864 = IFCCOLOURRGB('Surface color', 0., 4.98039215803146E-1, 0.);
#13865 = IFCCOLOURRGB('Diffuse color', 0., 4.98039215803146E-1, 0.);
#13866 = IFCCOLOURRGB('Reflection color', 1., 1., 1.);
#13867 = IFCCOLOURRGB('Specular color', 1., 1., 1.);
#13868 = IFCSURFACESTYLE('d194c32c_5116_40c1_a141_b5544e73a1b4', .BOTH., (#13863));
#13869 = IFCPRESENTATIONSTYLEASSIGNMENT((#13868));
#13870 = IFCSTYLEDITEM($, (#13869), $);
#13871 = IFCSTYLEDREPRESENTATION(#106, 'Body', $, (#13870));
#13872 = IFCOPENSHELL((#13878, #13882, #13886, #13890, #13894, #13898, #13902, #13907, #13911, #13915, #13918, #13922, #13925, #13929, #13932, #13936, #13939, #13944, #13949, #13953, #13956, #13960, #13963, #13967, #13970, #13974, #13977, #13980, #13984, #13989, #13993, #13996, #14000, #14003, #14007, #14010, #14014, #14017, #14020, #14024, #14029, #14033, #14036, #14040, #14043, #14047, #14050, #14053, #14057, #14060, #14064, #14069, #14073, #14076, #14080, #14083, #14087, #14090, #14093, #14097, #14100, #14104, #14109, #14112, #14116, #14119, #14123, #14126, #14129, #14133, #14136, #14140, #14145, #14148, #14152, #14155, #14158, #14162, #14165, #14169, #14174, #14177, #14180, #14184, #14188, #14191, #14196, #14199, #14202, #14206, #14211, #14215, #14218, #14222, #14226, #14230, #14234, #14238, #14241, #14244, #14247, #14252, #14256, #14262, #14266, #14269, #14272, #14275, #14278, #14281, #14285, #14290, #14294, #14297, #14300, #14303, #14306, #14310, #14314, #14317, #14320, #14324, #14328, #14333, #14338, #14341, #14344, #14347, #14351, #14356, #14360, #14363, #14367, #14370, #14375, #14378, #14382, #14386, #14389, #14393, #14398, #14401, #14405, #14409, #14413, #14416, #14419, #14423, #14427, #14431, #14435, #14440, #14443, #14446, #14449, #14455, #14459, #14463, #14466, #14469, #14472, #14477, #14480, #14485, #14490, #14493, #14496, #14500, #14503, #14508, #14514, #14518, #14521, #14524, #14527, #14530, #14534, #14537, #14541, #14545, #14549, #14553, #14556, #14561, #14566, #14569, #14573, #14578, #14581, #14585, #14588, #14591, #14594, #14597, #14601, #14605, #14610, #14614, #14617, #14622, #14625, #14629, #14632, #14635, #14639, #14642, #14645, #14648, #14651, #14654, #14657, #14660, #14664));
#13873 = IFCPOLYLOOP((#13874, #13875, #13876));
#13874 = IFCCARTESIANPOINT((-5.7798942565918E-2, -1.95738868713379E-2, 2.04968170166016E-1));
#13875 = IFCCARTESIANPOINT((-5.68921203613281E-2, -1.1485951423645E-2, 2.04643203735352E-1));
#13876 = IFCCARTESIANPOINT((-4.44438934326172E-2, -1.17265548706055E-2, 1.75067169189453E-1));
#13877 = IFCFACEOUTERBOUND(#13873, .T.);
#13878 = IFCFACE((#13877));
#13879 = IFCPOLYLOOP((#13876, #13875, #13880));
#13880 = IFCCARTESIANPOINT((-5.56337203979492E-2, -3.0682532787323E-3, 2.04429901123047E-1));
#13881 = IFCFACEOUTERBOUND(#13879, .T.);
#13882 = IFCFACE((#13881));
#13883 = IFCPOLYLOOP((#13880, #13884, #13876));
#13884 = IFCCARTESIANPOINT((-4.28779830932617E-2, -3.33594179153442E-3, 1.75456573486328E-1));
#13885 = IFCFACEOUTERBOUND(#13883, .T.);
#13886 = IFCFACE((#13885));
#13887 = IFCPOLYLOOP((#13884, #13880, #13888));
#13888 = IFCCARTESIANPOINT((-5.40950508117676E-2, 5.43203210830688E-3, 2.04349945068359E-1));
#13889 = IFCFACEOUTERBOUND(#13887, .T.);
#13890 = IFCFACE((#13889));
#13891 = IFCPOLYLOOP((#13888, #13892, #13884));
#13892 = IFCCARTESIANPOINT((-4.12350578308105E-2, 5.14536142349243E-3, 1.75666625976563E-1));
#13893 = IFCFACEOUTERBOUND(#13891, .T.);
#13894 = IFCFACE((#13893));
#13895 = IFCPOLYLOOP((#13892, #13888, #13896));
#13896 = IFCCARTESIANPOINT((-5.23069839477539E-2, 1.38769207000732E-2, 2.04430648803711E-1));
#13897 = IFCFACEOUTERBOUND(#13895, .T.);
#13898 = IFCFACE((#13897));
#13899 = IFCPOLYLOOP((#13896, #13900, #13892));
#13900 = IFCCARTESIANPOINT((-3.95469360351563E-2, 1.35855512619019E-2, 1.75705947875977E-1));
#13901 = IFCFACEOUTERBOUND(#13899, .T.);
#13902 = IFCFACE((#13901));
#13903 = IFCPOLYLOOP((#13904, #13905, #13900));
#13904 = IFCCARTESIANPOINT((-5.0324821472168E-2, 2.19441890716553E-2, 2.04705276489258E-1));
#13905 = IFCCARTESIANPOINT((-3.09157886505127E-2, 1.91285877227783E-2, 1.58297073364258E-1));
#13906 = IFCFACEOUTERBOUND(#13903, .T.);
#13907 = IFCFACE((#13906));
#13908 = IFCPOLYLOOP((#13909, #13875, #13874));
#13909 = IFCCARTESIANPOINT((-6.89155578613281E-2, -1.11916399002075E-2, 2.33859268188477E-1));
#13910 = IFCFACEOUTERBOUND(#13908, .T.);
#13911 = IFCFACE((#13910));
#13912 = IFCPOLYLOOP((#13875, #13909, #13913));
#13913 = IFCCARTESIANPOINT((-6.80249099731445E-2, -2.76698136329651E-3, 2.33220748901367E-1));
#13914 = IFCFACEOUTERBOUND(#13912, .T.);
#13915 = IFCFACE((#13914));
#13916 = IFCPOLYLOOP((#13913, #13880, #13875));
#13917 = IFCFACEOUTERBOUND(#13916, .T.);
#13918 = IFCFACE((#13917));
#13919 = IFCPOLYLOOP((#13880, #13913, #13920));
#13920 = IFCCARTESIANPOINT((-6.66362915039063E-2, 5.72316455841064E-3, 2.32955932617188E-1));
#13921 = IFCFACEOUTERBOUND(#13919, .T.);
#13922 = IFCFACE((#13921));
#13923 = IFCPOLYLOOP((#13920, #13888, #13880));
#13924 = IFCFACEOUTERBOUND(#13923, .T.);
#13925 = IFCFACE((#13924));
#13926 = IFCPOLYLOOP((#13888, #13920, #13927));
#13927 = IFCCARTESIANPOINT((-6.47755355834961E-2, 1.41436796188354E-2, 2.33100219726563E-1));
#13928 = IFCFACEOUTERBOUND(#13926, .T.);
#13929 = IFCFACE((#13928));
#13930 = IFCPOLYLOOP((#13927, #13896, #13888));
#13931 = IFCFACEOUTERBOUND(#13930, .T.);
#13932 = IFCFACE((#13931));
#13933 = IFCPOLYLOOP((#13896, #13927, #13934));
#13934 = IFCCARTESIANPOINT((-6.24823608398438E-2, 2.21748332977295E-2, 2.33707122802734E-1));
#13935 = IFCFACEOUTERBOUND(#13933, .T.);
#13936 = IFCFACE((#13935));
#13937 = IFCPOLYLOOP((#13934, #13904, #13896));
#13938 = IFCFACEOUTERBOUND(#13937, .T.);
#13939 = IFCFACE((#13938));
#13940 = IFCPOLYLOOP((#13941, #13942, #13904));
#13941 = IFCCARTESIANPOINT((-5.97964859008789E-2, 2.94968967437744E-2, 2.34830108642578E-1));
#13942 = IFCCARTESIANPOINT((-4.82038688659668E-2, 2.93116092681885E-2, 2.05207107543945E-1));
#13943 = IFCFACEOUTERBOUND(#13940, .T.);
#13944 = IFCFACE((#13943));
#13945 = IFCPOLYLOOP((#13946, #13909, #13947));
#13946 = IFCCARTESIANPOINT((-8.03605041503906E-2, -1.08725166320801E-2, 2.62935638427734E-1));
#13947 = IFCCARTESIANPOINT((-6.92277984619141E-2, -1.93082637786865E-2, 2.34856689453125E-1));
#13948 = IFCFACEOUTERBOUND(#13945, .T.);
#13949 = IFCFACE((#13948));
#13950 = IFCPOLYLOOP((#13909, #13946, #13951));
#13951 = IFCCARTESIANPOINT((-7.98415756225586E-2, -2.45382142066956E-3, 2.62036010742188E-1));
#13952 = IFCFACEOUTERBOUND(#13950, .T.);
#13953 = IFCFACE((#13952));
#13954 = IFCPOLYLOOP((#13951, #13913, #13909));
#13955 = IFCFACEOUTERBOUND(#13954, .T.);
#13956 = IFCFACE((#13955));
#13957 = IFCPOLYLOOP((#13913, #13951, #13958));
#13958 = IFCCARTESIANPOINT((-7.86177597045898E-2, 6.00828075408936E-3, 2.61680572509766E-1));
#13959 = IFCFACEOUTERBOUND(#13957, .T.);
#13960 = IFCFACE((#13959));
#13961 = IFCPOLYLOOP((#13958, #13920, #13913));
#13962 = IFCFACEOUTERBOUND(#13961, .T.);
#13963 = IFCFACE((#13962));
#13964 = IFCPOLYLOOP((#13920, #13958, #13965));
#13965 = IFCCARTESIANPOINT((-7.67089996337891E-2, 1.43879232406616E-2, 2.61902984619141E-1));
#13966 = IFCFACEOUTERBOUND(#13964, .T.);
#13967 = IFCFACE((#13966));
#13968 = IFCPOLYLOOP((#13965, #13927, #13920));
#13969 = IFCFACEOUTERBOUND(#13968, .T.);
#13970 = IFCFACE((#13969));
#13971 = IFCPOLYLOOP((#13927, #13965, #13972));
#13972 = IFCCARTESIANPOINT((-7.41385803222656E-2, 2.2374439239502E-2, 2.62762817382813E-1));
#13973 = IFCFACEOUTERBOUND(#13971, .T.);
#13974 = IFCFACE((#13973));
#13975 = IFCPOLYLOOP((#13972, #13934, #13927));
#13976 = IFCFACEOUTERBOUND(#13975, .T.);
#13977 = IFCFACE((#13976));
#13978 = IFCPOLYLOOP((#13941, #13934, #13972));
#13979 = IFCFACEOUTERBOUND(#13978, .T.);
#13980 = IFCFACE((#13979));
#13981 = IFCPOLYLOOP((#13972, #13982, #13941));
#13982 = IFCCARTESIANPOINT((-7.09297866821289E-2, 2.96571617126465E-2, 2.64319519042969E-1));
#13983 = IFCFACEOUTERBOUND(#13981, .T.);
#13984 = IFCFACE((#13983));
#13985 = IFCPOLYLOOP((#13986, #13946, #13987));
#13986 = IFCCARTESIANPOINT((-9.12459716796875E-2, -1.05486173629761E-2, 2.92403961181641E-1));
#13987 = IFCCARTESIANPOINT((-8.00869750976563E-2, -1.90176830291748E-2, 2.64378479003906E-1));
#13988 = IFCFACEOUTERBOUND(#13985, .T.);
#13989 = IFCFACE((#13988));
#13990 = IFCPOLYLOOP((#13946, #13986, #13991));
#13991 = IFCCARTESIANPOINT((-9.10608291625977E-2, -2.14287996292114E-3, 2.91386901855469E-1));
#13992 = IFCFACEOUTERBOUND(#13990, .T.);
#13993 = IFCFACE((#13992));
#13994 = IFCPOLYLOOP((#13991, #13951, #13946));
#13995 = IFCFACEOUTERBOUND(#13994, .T.);
#13996 = IFCFACE((#13995));
#13997 = IFCPOLYLOOP((#13951, #13991, #13998));
#13998 = IFCCARTESIANPOINT((-8.99935760498047E-2, 6.282301902771E-3, 2.91020385742188E-1));
#13999 = IFCFACEOUTERBOUND(#13997, .T.);
#14000 = IFCFACE((#13999));
#14001 = IFCPOLYLOOP((#13998, #13958, #13951));
#14002 = IFCFACEOUTERBOUND(#14001, .T.);
#14003 = IFCFACE((#14002));
#14004 = IFCPOLYLOOP((#13958, #13998, #14005));
#14005 = IFCCARTESIANPOINT((-8.80597076416016E-2, 1.46145639419556E-2, 2.91327667236328E-1));
#14006 = IFCFACEOUTERBOUND(#14004, .T.);
#14007 = IFCFACE((#14006));
#14008 = IFCPOLYLOOP((#14005, #13965, #13958));
#14009 = IFCFACEOUTERBOUND(#14008, .T.);
#14010 = IFCFACE((#14009));
#14011 = IFCPOLYLOOP((#13965, #14005, #14012));
#14012 = IFCCARTESIANPOINT((-8.52687377929688E-2, 2.25566558837891E-2, 2.92361633300781E-1));
#14013 = IFCFACEOUTERBOUND(#14011, .T.);
#14014 = IFCFACE((#14013));
#14015 = IFCPOLYLOOP((#14012, #13972, #13965));
#14016 = IFCFACEOUTERBOUND(#14015, .T.);
#14017 = IFCFACE((#14016));
#14018 = IFCPOLYLOOP((#13982, #13972, #14012));
#14019 = IFCFACEOUTERBOUND(#14018, .T.);
#14020 = IFCFACE((#14019));
#14021 = IFCPOLYLOOP((#14012, #14022, #13982));
#14022 = IFCCARTESIANPOINT((-8.16301651000977E-2, 2.98113288879395E-2, 2.94175201416016E-1));
#14023 = IFCFACEOUTERBOUND(#14021, .T.);
#14024 = IFCFACE((#14023));
#14025 = IFCPOLYLOOP((#14026, #13986, #14027));
#14026 = IFCCARTESIANPOINT((-1.01397109985352E-1, -1.02422504425049E-2, 3.22136047363281E-1));
#14027 = IFCCARTESIANPOINT((-9.04546966552734E-2, -1.87222652435303E-2, 2.94090393066406E-1));
#14028 = IFCFACEOUTERBOUND(#14025, .T.);
#14029 = IFCFACE((#14028));
#14030 = IFCPOLYLOOP((#13986, #14026, #14031));
#14031 = IFCCARTESIANPOINT((-1.01468231201172E-1, -1.85132014751434E-3, 3.21122009277344E-1));
#14032 = IFCFACEOUTERBOUND(#14030, .T.);
#14033 = IFCFACE((#14032));
#14034 = IFCPOLYLOOP((#14031, #13991, #13986));
#14035 = IFCFACEOUTERBOUND(#14034, .T.);
#14036 = IFCFACE((#14035));
#14037 = IFCPOLYLOOP((#13991, #14031, #14038));
#14038 = IFCCARTESIANPOINT((-1.00528625488281E-1, 6.53624105453491E-3, 3.20806030273438E-1));
#14039 = IFCFACEOUTERBOUND(#14037, .T.);
#14040 = IFCFACE((#14039));
#14041 = IFCPOLYLOOP((#14038, #13998, #13991));
#14042 = IFCFACEOUTERBOUND(#14041, .T.);
#14043 = IFCFACE((#14042));
#14044 = IFCPOLYLOOP((#13998, #14038, #14045));
#14045 = IFCCARTESIANPOINT((-9.85925598144531E-2, 1.48237457275391E-2, 3.2119384765625E-1));
#14046 = IFCFACEOUTERBOUND(#14044, .T.);
#14047 = IFCFACE((#14046));
#14048 = IFCPOLYLOOP((#14045, #14005, #13998));
#14049 = IFCFACEOUTERBOUND(#14048, .T.);
#14050 = IFCFACE((#14049));
#14051 = IFCPOLYLOOP((#14012, #14005, #14045));
#14052 = IFCFACEOUTERBOUND(#14051, .T.);
#14053 = IFCFACE((#14052));
#14054 = IFCPOLYLOOP((#14045, #14055, #14012));
#14055 = IFCCARTESIANPOINT((-9.56612091064453E-2, 2.27295684814453E-2, 3.22321563720703E-1));
#14056 = IFCFACEOUTERBOUND(#14054, .T.);
#14057 = IFCFACE((#14056));
#14058 = IFCPOLYLOOP((#14022, #14012, #14055));
#14059 = IFCFACEOUTERBOUND(#14058, .T.);
#14060 = IFCFACE((#14059));
#14061 = IFCPOLYLOOP((#14055, #14062, #14022));
#14062 = IFCCARTESIANPOINT((-9.17357482910156E-2, 2.99720840454102E-2, 3.24225280761719E-1));
#14063 = IFCFACEOUTERBOUND(#14061, .T.);
#14064 = IFCFACE((#14063));
#14065 = IFCPOLYLOOP((#14066, #14026, #14067));
#14066 = IFCCARTESIANPOINT((-1.10802383422852E-1, -9.96751403808594E-3, 3.52235015869141E-1));
#14067 = IFCCARTESIANPOINT((-1.00213958740234E-1, -1.84437637329102E-2, 3.23890686035156E-1));
#14068 = IFCFACEOUTERBOUND(#14065, .T.);
#14069 = IFCFACE((#14068));
#14070 = IFCPOLYLOOP((#14026, #14066, #14071));
#14071 = IFCCARTESIANPOINT((-1.11027671813965E-1, -1.58921468257904E-3, 3.51310729980469E-1));
#14072 = IFCFACEOUTERBOUND(#14070, .T.);
#14073 = IFCFACE((#14072));
#14074 = IFCPOLYLOOP((#14071, #14031, #14026));
#14075 = IFCFACEOUTERBOUND(#14074, .T.);
#14076 = IFCFACE((#14075));
#14077 = IFCPOLYLOOP((#14031, #14071, #14078));
#14078 = IFCCARTESIANPOINT((-1.10174263000488E-1, 6.76624536514282E-3, 3.51082824707031E-1));
#14079 = IFCFACEOUTERBOUND(#14077, .T.);
#14080 = IFCFACE((#14079));
#14081 = IFCPOLYLOOP((#14078, #14038, #14031));
#14082 = IFCFACEOUTERBOUND(#14081, .T.);
#14083 = IFCFACE((#14082));
#14084 = IFCPOLYLOOP((#14038, #14078, #14085));
#14085 = IFCCARTESIANPOINT((-1.08259239196777E-1, 1.50183448791504E-2, 3.51535247802734E-1));
#14086 = IFCFACEOUTERBOUND(#14084, .T.);
#14087 = IFCFACE((#14086));
#14088 = IFCPOLYLOOP((#14085, #14045, #14038));
#14089 = IFCFACEOUTERBOUND(#14088, .T.);
#14090 = IFCFACE((#14089));
#14091 = IFCPOLYLOOP((#14055, #14045, #14085));
#14092 = IFCFACEOUTERBOUND(#14091, .T.);
#14093 = IFCFACE((#14092));
#14094 = IFCPOLYLOOP((#14085, #14095, #14055));
#14095 = IFCCARTESIANPOINT((-1.05282402038574E-1, 2.29015636444092E-2, 3.52680450439453E-1));
#14096 = IFCFACEOUTERBOUND(#14094, .T.);
#14097 = IFCFACE((#14096));
#14098 = IFCPOLYLOOP((#14062, #14055, #14095));
#14099 = IFCFACEOUTERBOUND(#14098, .T.);
#14100 = IFCFACE((#14099));
#14101 = IFCPOLYLOOP((#14095, #14102, #14062));
#14102 = IFCCARTESIANPOINT((-1.01243522644043E-1, 3.01503753662109E-2, 3.54530853271484E-1));
#14103 = IFCFACEOUTERBOUND(#14101, .T.);
#14104 = IFCFACE((#14103));
#14105 = IFCPOLYLOOP((#14066, #14106, #14107));
#14106 = IFCCARTESIANPOINT((-1.19519805908203E-1, -9.73258590698242E-3, 3.82813537597656E-1));
#14107 = IFCCARTESIANPOINT((-1.19784591674805E-1, -1.36189258098602E-3, 3.82024932861328E-1));
#14108 = IFCFACEOUTERBOUND(#14105, .T.);
#14109 = IFCFACE((#14108));
#14110 = IFCPOLYLOOP((#14107, #14071, #14066));
#14111 = IFCFACEOUTERBOUND(#14110, .T.);
#14112 = IFCFACE((#14111));
#14113 = IFCPOLYLOOP((#14071, #14107, #14114));
#14114 = IFCCARTESIANPOINT((-1.18970306396484E-1, 6.97132062911987E-3, 3.81894378662109E-1));
#14115 = IFCFACEOUTERBOUND(#14113, .T.);
#14116 = IFCFACE((#14115));
#14117 = IFCPOLYLOOP((#14114, #14078, #14071));
#14118 = IFCFACEOUTERBOUND(#14117, .T.);
#14119 = IFCFACE((#14118));
#14120 = IFCPOLYLOOP((#14078, #14114, #14121));
#14121 = IFCCARTESIANPOINT((-1.17100875854492E-1, 1.52018938064575E-2, 3.82382781982422E-1));
#14122 = IFCFACEOUTERBOUND(#14120, .T.);
#14123 = IFCFACE((#14122));
#14124 = IFCPOLYLOOP((#14121, #14085, #14078));
#14125 = IFCFACEOUTERBOUND(#14124, .T.);
#14126 = IFCFACE((#14125));
#14127 = IFCPOLYLOOP((#14095, #14085, #14121));
#14128 = IFCFACEOUTERBOUND(#14127, .T.);
#14129 = IFCFACE((#14128));
#14130 = IFCPOLYLOOP((#14121, #14131, #14095));
#14131 = IFCCARTESIANPOINT((-1.14181953430176E-1, 2.30795497894287E-2, 3.83476257324219E-1));
#14132 = IFCFACEOUTERBOUND(#14130, .T.);
#14133 = IFCFACE((#14132));
#14134 = IFCPOLYLOOP((#14102, #14095, #14131));
#14135 = IFCFACEOUTERBOUND(#14134, .T.);
#14136 = IFCFACE((#14135));
#14137 = IFCPOLYLOOP((#14131, #14138, #14102));
#14138 = IFCCARTESIANPOINT((-1.10219207763672E-1, 3.03540153503418E-2, 3.85160888671875E-1));
#14139 = IFCFACEOUTERBOUND(#14137, .T.);
#14140 = IFCFACE((#14139));
#14141 = IFCPOLYLOOP((#14106, #14142, #14143));
#14142 = IFCCARTESIANPOINT((-1.27662063598633E-1, -9.54014778137207E-3, 4.13955017089844E-1));
#14143 = IFCCARTESIANPOINT((-1.2785066986084E-1, -1.17035579681396E-3, 4.13300476074219E-1));
#14144 = IFCFACEOUTERBOUND(#14141, .T.);
#14145 = IFCFACE((#14144));
#14146 = IFCPOLYLOOP((#14143, #14107, #14106));
#14147 = IFCFACEOUTERBOUND(#14146, .T.);
#14148 = IFCFACE((#14147));
#14149 = IFCPOLYLOOP((#14107, #14143, #14150));
#14150 = IFCCARTESIANPOINT((-1.2702953338623E-1, 7.15295886993408E-3, 4.13243957519531E-1));
#14151 = IFCFACEOUTERBOUND(#14149, .T.);
#14152 = IFCFACE((#14151));
#14153 = IFCPOLYLOOP((#14150, #14114, #14107));
#14154 = IFCFACEOUTERBOUND(#14153, .T.);
#14155 = IFCFACE((#14154));
#14156 = IFCPOLYLOOP((#14121, #14114, #14150));
#14157 = IFCFACEOUTERBOUND(#14156, .T.);
#14158 = IFCFACE((#14157));
#14159 = IFCPOLYLOOP((#14150, #14160, #14121));
#14160 = IFCCARTESIANPOINT((-1.2523250579834E-1, 1.53782596588135E-2, 4.13725860595703E-1));
#14161 = IFCFACEOUTERBOUND(#14159, .T.);
#14162 = IFCFACE((#14161));
#14163 = IFCPOLYLOOP((#14131, #14121, #14160));
#14164 = IFCFACEOUTERBOUND(#14163, .T.);
#14165 = IFCFACE((#14164));
#14166 = IFCPOLYLOOP((#14160, #14167, #14131));
#14167 = IFCCARTESIANPOINT((-1.22477600097656E-1, 2.32687072753906E-2, 4.14708221435547E-1));
#14168 = IFCFACEOUTERBOUND(#14166, .T.);
#14169 = IFCFACE((#14168));
#14170 = IFCPOLYLOOP((#14143, #14171, #14172));
#14171 = IFCCARTESIANPOINT((-1.35403869628906E-1, -1.01127922534943E-3, 4.45137329101563E-1));
#14172 = IFCCARTESIANPOINT((-1.34537643432617E-1, 7.31513977050781E-3, 4.45094665527344E-1));
#14173 = IFCFACEOUTERBOUND(#14170, .T.);
#14174 = IFCFACE((#14173));
#14175 = IFCPOLYLOOP((#14172, #14150, #14143));
#14176 = IFCFACEOUTERBOUND(#14175, .T.);
#14177 = IFCFACE((#14176));
#14178 = IFCPOLYLOOP((#14160, #14150, #14172));
#14179 = IFCFACEOUTERBOUND(#14178, .T.);
#14180 = IFCFACE((#14179));
#14181 = IFCPOLYLOOP((#14172, #14182, #14160));
#14182 = IFCCARTESIANPOINT((-1.32843139648438E-1, 1.55516529083252E-2, 4.45512481689453E-1));
#14183 = IFCFACEOUTERBOUND(#14181, .T.);
#14184 = IFCFACE((#14183));
#14185 = IFCPOLYLOOP((#14182, #14186, #14167));
#14186 = IFCCARTESIANPOINT((-1.2943571472168E-1, 2.49086666107178E-2, 4.45068786621094E-1));
#14187 = IFCFACEOUTERBOUND(#14185, .T.);
#14188 = IFCFACE((#14187));
#14189 = IFCPOLYLOOP((#14167, #14160, #14182));
#14190 = IFCFACEOUTERBOUND(#14189, .T.);
#14191 = IFCFACE((#14190));
#14192 = IFCPOLYLOOP((#14171, #14193, #14194));
#14193 = IFCCARTESIANPOINT((-1.42276962280273E-1, -4.18303108215332E-3, 4.75014526367188E-1));
#14194 = IFCCARTESIANPOINT((-1.41753326416016E-1, 7.4643292427063E-3, 4.77369293212891E-1));
#14195 = IFCFACEOUTERBOUND(#14192, .T.);
#14196 = IFCFACE((#14195));
#14197 = IFCPOLYLOOP((#14194, #14172, #14171));
#14198 = IFCFACEOUTERBOUND(#14197, .T.);
#14199 = IFCFACE((#14198));
#14200 = IFCPOLYLOOP((#14182, #14172, #14194));
#14201 = IFCFACEOUTERBOUND(#14200, .T.);
#14202 = IFCFACE((#14201));
#14203 = IFCPOLYLOOP((#14194, #14204, #14182));
#14204 = IFCCARTESIANPOINT((-1.40195739746094E-1, 1.57266216278076E-2, 4.77649230957031E-1));
#14205 = IFCFACEOUTERBOUND(#14203, .T.);
#14206 = IFCFACE((#14205));
#14207 = IFCPOLYLOOP((#13874, #14208, #14209));
#14208 = IFCCARTESIANPOINT((-5.24279556274414E-2, -2.52355346679688E-2, 1.89428573608398E-1));
#14209 = IFCCARTESIANPOINT((-5.89339179992676E-2, -2.58154029846191E-2, 2.07363525390625E-1));
#14210 = IFCFACEOUTERBOUND(#14207, .T.);
#14211 = IFCFACE((#14210));
#14212 = IFCPOLYLOOP((#13947, #13874, #14213));
#14213 = IFCCARTESIANPOINT((-6.56834259033203E-2, -2.60295295715332E-2, 2.26675537109375E-1));
#14214 = IFCFACEOUTERBOUND(#14212, .T.);
#14215 = IFCFACE((#14214));
#14216 = IFCPOLYLOOP((#14213, #13874, #14209));
#14217 = IFCFACEOUTERBOUND(#14216, .T.);
#14218 = IFCFACE((#14217));
#14219 = IFCPOLYLOOP((#13884, #13892, #14220));
#14220 = IFCCARTESIANPOINT((-2.9824405670166E-2, 9.45596516132355E-4, 1.48043182373047E-1));
#14221 = IFCFACEOUTERBOUND(#14219, .T.);
#14222 = IFCFACE((#14221));
#14223 = IFCPOLYLOOP((#14220, #14224, #13884));
#14224 = IFCCARTESIANPOINT((-3.4038143157959E-2, -8.65420246124268E-3, 1.52347183227539E-1));
#14225 = IFCFACEOUTERBOUND(#14223, .T.);
#14226 = IFCFACE((#14225));
#14227 = IFCPOLYLOOP((#14220, #13892, #14228));
#14228 = IFCCARTESIANPOINT((-2.93704414367676E-2, 1.13753414154053E-2, 1.51871215820313E-1));
#14229 = IFCFACEOUTERBOUND(#14227, .T.);
#14230 = IFCFACE((#14229));
#14231 = IFCPOLYLOOP((#13876, #14224, #14232));
#14232 = IFCCARTESIANPOINT((-3.84996795654297E-2, -1.50341243743896E-2, 1.58998733520508E-1));
#14233 = IFCFACEOUTERBOUND(#14231, .T.);
#14234 = IFCFACE((#14233));
#14235 = IFCPOLYLOOP((#13876, #14236, #13874));
#14236 = IFCCARTESIANPOINT((-4.643310546875E-2, -2.09711990356445E-2, 1.75282943725586E-1));
#14237 = IFCFACEOUTERBOUND(#14235, .T.);
#14238 = IFCFACE((#14237));
#14239 = IFCPOLYLOOP((#14208, #13874, #14236));
#14240 = IFCFACEOUTERBOUND(#14239, .T.);
#14241 = IFCFACE((#14240));
#14242 = IFCPOLYLOOP((#14224, #13876, #13884));
#14243 = IFCFACEOUTERBOUND(#14242, .T.);
#14244 = IFCFACE((#14243));
#14245 = IFCPOLYLOOP((#14232, #14236, #13876));
#14246 = IFCFACEOUTERBOUND(#14245, .T.);
#14247 = IFCFACE((#14246));
#14248 = IFCPOLYLOOP((#14249, #14213, #14250));
#14249 = IFCCARTESIANPOINT((-6.66997985839844E-2, -2.58735389709473E-2, 2.29560760498047E-1));
#14250 = IFCCARTESIANPOINT((-6.63698272705078E-2, -2.65740146636963E-2, 2.31429550170898E-1));
#14251 = IFCFACEOUTERBOUND(#14248, .T.);
#14252 = IFCFACE((#14251));
#14253 = IFCPOLYLOOP((#14249, #14254, #13947));
#14254 = IFCCARTESIANPOINT((-7.32940521240234E-2, -2.58240871429443E-2, 2.48901275634766E-1));
#14255 = IFCFACEOUTERBOUND(#14253, .T.);
#14256 = IFCFACE((#14255));
#14257 = IFCPOLYLOOP((#14258, #14259, #14260));
#14258 = IFCCARTESIANPOINT((-8.73771896362305E-2, -2.46729907989502E-2, 2.90564727783203E-1));
#14259 = IFCCARTESIANPOINT((-8.63834991455078E-2, -2.48518753051758E-2, 2.87686676025391E-1));
#14260 = IFCCARTESIANPOINT((-8.69550628662109E-2, -2.51968746185303E-2, 2.92458404541016E-1));
#14261 = IFCFACEOUTERBOUND(#14257, .T.);
#14262 = IFCFACE((#14261));
#14263 = IFCPOLYLOOP((#13987, #14254, #14264));
#14264 = IFCCARTESIANPOINT((-7.94667129516602E-2, -2.54412078857422E-2, 2.67080841064453E-1));
#14265 = IFCFACEOUTERBOUND(#14263, .T.);
#14266 = IFCFACE((#14265));
#14267 = IFCPOLYLOOP((#14259, #13987, #14264));
#14268 = IFCFACEOUTERBOUND(#14267, .T.);
#14269 = IFCFACE((#14268));
#14270 = IFCPOLYLOOP((#13987, #13946, #13947));
#14271 = IFCFACEOUTERBOUND(#14270, .T.);
#14272 = IFCFACE((#14271));
#14273 = IFCPOLYLOOP((#13947, #14254, #13987));
#14274 = IFCFACEOUTERBOUND(#14273, .T.);
#14275 = IFCFACE((#14274));
#14276 = IFCPOLYLOOP((#14027, #14259, #14258));
#14277 = IFCFACEOUTERBOUND(#14276, .T.);
#14278 = IFCFACE((#14277));
#14279 = IFCPOLYLOOP((#14027, #13987, #14259));
#14280 = IFCFACEOUTERBOUND(#14279, .T.);
#14281 = IFCFACE((#14280));
#14282 = IFCPOLYLOOP((#14027, #14258, #14283));
#14283 = IFCCARTESIANPOINT((-9.42865982055664E-2, -2.37305870056152E-2, 3.11189697265625E-1));
#14284 = IFCFACEOUTERBOUND(#14282, .T.);
#14285 = IFCFACE((#14284));
#14286 = IFCPOLYLOOP((#14287, #14283, #14288));
#14287 = IFCCARTESIANPOINT((-9.52891845703125E-2, -2.3528169631958E-2, 3.14132263183594E-1));
#14288 = IFCCARTESIANPOINT((-9.47167358398438E-2, -2.40688362121582E-2, 3.15602935791016E-1));
#14289 = IFCFACEOUTERBOUND(#14286, .T.);
#14290 = IFCFACE((#14289));
#14291 = IFCPOLYLOOP((#14067, #14287, #14292));
#14292 = IFCCARTESIANPOINT((-1.01846237182617E-1, -2.24358539581299E-2, 3.34020416259766E-1));
#14293 = IFCFACEOUTERBOUND(#14291, .T.);
#14294 = IFCFACE((#14293));
#14295 = IFCPOLYLOOP((#14287, #14067, #14027));
#14296 = IFCFACEOUTERBOUND(#14295, .T.);
#14297 = IFCFACE((#14296));
#14298 = IFCPOLYLOOP((#14283, #14287, #14027));
#14299 = IFCFACEOUTERBOUND(#14298, .T.);
#14300 = IFCFACE((#14299));
#14301 = IFCPOLYLOOP((#14213, #14249, #13947));
#14302 = IFCFACEOUTERBOUND(#14301, .T.);
#14303 = IFCFACE((#14302));
#14304 = IFCPOLYLOOP((#14228, #13900, #13905));
#14305 = IFCFACEOUTERBOUND(#14304, .T.);
#14306 = IFCFACE((#14305));
#14307 = IFCPOLYLOOP((#14308, #13942, #13941));
#14308 = IFCCARTESIANPOINT((-5.34021835327148E-2, 3.4005786895752E-2, 2.24135101318359E-1));
#14309 = IFCFACEOUTERBOUND(#14307, .T.);
#14310 = IFCFACE((#14309));
#14311 = IFCPOLYLOOP((#13904, #13942, #14312));
#14312 = IFCCARTESIANPOINT((-3.6071891784668E-2, 2.60374450683594E-2, 1.73239135742188E-1));
#14313 = IFCFACEOUTERBOUND(#14311, .T.);
#14314 = IFCFACE((#14313));
#14315 = IFCPOLYLOOP((#13905, #13904, #14312));
#14316 = IFCFACEOUTERBOUND(#14315, .T.);
#14317 = IFCFACE((#14316));
#14318 = IFCPOLYLOOP((#13900, #14228, #13892));
#14319 = IFCFACEOUTERBOUND(#14318, .T.);
#14320 = IFCFACE((#14319));
#14321 = IFCPOLYLOOP((#14322, #14312, #13942));
#14322 = IFCCARTESIANPOINT((-4.05881805419922E-2, 3.12714653015137E-2, 1.87463851928711E-1));
#14323 = IFCFACEOUTERBOUND(#14321, .T.);
#14324 = IFCFACE((#14323));
#14325 = IFCPOLYLOOP((#14322, #13942, #14326));
#14326 = IFCCARTESIANPOINT((-4.67619400024414E-2, 3.29336814880371E-2, 2.04949935913086E-1));
#14327 = IFCFACEOUTERBOUND(#14325, .T.);
#14328 = IFCFACE((#14327));
#14329 = IFCPOLYLOOP((#14326, #14330, #14331));
#14330 = IFCCARTESIANPOINT((-4.77036018371582E-2, 3.290869140625E-2, 2.07419860839844E-1));
#14331 = IFCCARTESIANPOINT((-4.70937538146973E-2, 3.36737442016602E-2, 2.09178756713867E-1));
#14332 = IFCFACEOUTERBOUND(#14329, .T.);
#14333 = IFCFACE((#14332));
#14334 = IFCPOLYLOOP((#14335, #14308, #14336));
#14335 = IFCCARTESIANPOINT((-5.37746276855469E-2, 3.47678489685059E-2, 2.28878295898438E-1));
#14336 = IFCCARTESIANPOINT((-5.44326553344727E-2, 3.40680046081543E-2, 2.27043258666992E-1));
#14337 = IFCFACEOUTERBOUND(#14334, .T.);
#14338 = IFCFACE((#14337));
#14339 = IFCPOLYLOOP((#13942, #14308, #14330));
#14340 = IFCFACEOUTERBOUND(#14339, .T.);
#14341 = IFCFACE((#14340));
#14342 = IFCPOLYLOOP((#14326, #13942, #14330));
#14343 = IFCFACEOUTERBOUND(#14342, .T.);
#14344 = IFCFACE((#14343));
#14345 = IFCPOLYLOOP((#13941, #14336, #14308));
#14346 = IFCFACEOUTERBOUND(#14345, .T.);
#14347 = IFCFACE((#14346));
#14348 = IFCPOLYLOOP((#14349, #14336, #13941));
#14349 = IFCCARTESIANPOINT((-6.05101699829102E-2, 3.50102653503418E-2, 2.4559619140625E-1));
#14350 = IFCFACEOUTERBOUND(#14348, .T.);
#14351 = IFCFACE((#14350));
#14352 = IFCPOLYLOOP((#13982, #14353, #14354));
#14353 = IFCCARTESIANPOINT((-6.6244514465332E-2, 3.53816413879395E-2, 2.62768829345703E-1));
#14354 = IFCCARTESIANPOINT((-6.12557716369629E-2, 3.48671340942383E-2, 2.47407043457031E-1));
#14355 = IFCFACEOUTERBOUND(#14352, .T.);
#14356 = IFCFACE((#14355));
#14357 = IFCPOLYLOOP((#14354, #14358, #14349));
#14358 = IFCCARTESIANPOINT((-6.05416717529297E-2, 3.55120239257813E-2, 2.49274337768555E-1));
#14359 = IFCFACEOUTERBOUND(#14357, .T.);
#14360 = IFCFACE((#14359));
#14361 = IFCPOLYLOOP((#14354, #14349, #13941));
#14362 = IFCFACEOUTERBOUND(#14361, .T.);
#14363 = IFCFACE((#14362));
#14364 = IFCPOLYLOOP((#14022, #14365, #13982));
#14365 = IFCCARTESIANPOINT((-7.38123168945313E-2, 3.56193885803223E-2, 2.85478912353516E-1));
#14366 = IFCFACEOUTERBOUND(#14364, .T.);
#14367 = IFCFACE((#14366));
#14368 = IFCPOLYLOOP((#13982, #14354, #13941));
#14369 = IFCFACEOUTERBOUND(#14368, .T.);
#14370 = IFCFACE((#14369));
#14371 = IFCPOLYLOOP((#14372, #14062, #14373));
#14372 = IFCCARTESIANPOINT((-8.98262557983398E-2, 3.49932708740234E-2, 3.32022430419922E-1));
#14373 = IFCCARTESIANPOINT((-9.08971099853516E-2, 3.48686599731445E-2, 3.34960632324219E-1));
#14374 = IFCFACEOUTERBOUND(#14371, .T.);
#14375 = IFCFACE((#14374));
#14376 = IFCPOLYLOOP((#14062, #14102, #14373));
#14377 = IFCFACEOUTERBOUND(#14376, .T.);
#14378 = IFCFACE((#14377));
#14379 = IFCPOLYLOOP((#14062, #14372, #14380));
#14380 = IFCCARTESIANPOINT((-8.2996696472168E-2, 3.53177375793457E-2, 3.12070465087891E-1));
#14381 = IFCFACEOUTERBOUND(#14379, .T.);
#14382 = IFCFACE((#14381));
#14383 = IFCPOLYLOOP((#14373, #14384, #14372));
#14384 = IFCCARTESIANPOINT((-9.02187423706055E-2, 3.53787956237793E-2, 3.37046051025391E-1));
#14385 = IFCFACEOUTERBOUND(#14383, .T.);
#14386 = IFCFACE((#14385));
#14387 = IFCPOLYLOOP((#14022, #14062, #14380));
#14388 = IFCFACEOUTERBOUND(#14387, .T.);
#14389 = IFCFACE((#14388));
#14390 = IFCPOLYLOOP((#14391, #14022, #14380));
#14391 = IFCCARTESIANPOINT((-8.19296340942383E-2, 3.54062538146973E-2, 3.09111450195313E-1));
#14392 = IFCFACEOUTERBOUND(#14390, .T.);
#14393 = IFCFACE((#14392));
#14394 = IFCPOLYLOOP((#14395, #14353, #14396));
#14395 = IFCCARTESIANPOINT((-6.65287780761719E-2, 3.58746566772461E-2, 2.67365661621094E-1));
#14396 = IFCCARTESIANPOINT((-6.7223747253418E-2, 3.53369331359863E-2, 2.65483551025391E-1));
#14397 = IFCFACEOUTERBOUND(#14394, .T.);
#14398 = IFCFACE((#14397));
#14399 = IFCPOLYLOOP((#14396, #14353, #13982));
#14400 = IFCFACEOUTERBOUND(#14399, .T.);
#14401 = IFCFACE((#14400));
#14402 = IFCPOLYLOOP((#14403, #14365, #14022));
#14403 = IFCCARTESIANPOINT((-7.48552932739258E-2, 3.55541496276855E-2, 2.88377502441406E-1));
#14404 = IFCFACEOUTERBOUND(#14402, .T.);
#14405 = IFCFACE((#14404));
#14406 = IFCPOLYLOOP((#14365, #14403, #14407));
#14407 = IFCCARTESIANPOINT((-7.41533279418945E-2, 3.60312232971191E-2, 2.90240234375E-1));
#14408 = IFCFACEOUTERBOUND(#14406, .T.);
#14409 = IFCFACE((#14408));
#14410 = IFCPOLYLOOP((#14411, #14391, #14380));
#14411 = IFCCARTESIANPOINT((-8.21206512451172E-2, 3.58060913085938E-2, 3.135048828125E-1));
#14412 = IFCFACEOUTERBOUND(#14410, .T.);
#14413 = IFCFACE((#14412));
#14414 = IFCPOLYLOOP((#13982, #14365, #14396));
#14415 = IFCFACEOUTERBOUND(#14414, .T.);
#14416 = IFCFACE((#14415));
#14417 = IFCPOLYLOOP((#14403, #14022, #14391));
#14418 = IFCFACEOUTERBOUND(#14417, .T.);
#14419 = IFCFACE((#14418));
#14420 = IFCPOLYLOOP((#14292, #14421, #14067));
#14421 = IFCCARTESIANPOINT((-1.02828506469727E-1, -2.2198371887207E-2, 3.36947601318359E-1));
#14422 = IFCFACEOUTERBOUND(#14420, .T.);
#14423 = IFCFACE((#14422));
#14424 = IFCPOLYLOOP((#14425, #14067, #14421));
#14425 = IFCCARTESIANPOINT((-1.09389694213867E-1, -1.81959800720215E-2, 3.53923736572266E-1));
#14426 = IFCFACEOUTERBOUND(#14424, .T.);
#14427 = IFCFACE((#14426));
#14428 = IFCPOLYLOOP((#14429, #14425, #14421));
#14429 = IFCCARTESIANPOINT((-1.10132942199707E-1, -2.04319095611572E-2, 3.59290222167969E-1));
#14430 = IFCFACEOUTERBOUND(#14428, .T.);
#14431 = IFCFACE((#14430));
#14432 = IFCPOLYLOOP((#14425, #14429, #14433));
#14433 = IFCCARTESIANPOINT((-1.16352630615234E-1, -1.84109954833984E-2, 3.78663452148438E-1));
#14434 = IFCFACEOUTERBOUND(#14432, .T.);
#14435 = IFCFACE((#14434));
#14436 = IFCPOLYLOOP((#14437, #14438, #14433));
#14437 = IFCCARTESIANPOINT((-1.16918869018555E-1, -1.87350063323975E-2, 3.83662628173828E-1));
#14438 = IFCCARTESIANPOINT((-1.17266586303711E-1, -1.80708122253418E-2, 3.81561492919922E-1));
#14439 = IFCFACEOUTERBOUND(#14436, .T.);
#14440 = IFCFACE((#14439));
#14441 = IFCPOLYLOOP((#14433, #14438, #14106));
#14442 = IFCFACEOUTERBOUND(#14441, .T.);
#14443 = IFCFACE((#14442));
#14444 = IFCPOLYLOOP((#14433, #14106, #14066));
#14445 = IFCFACEOUTERBOUND(#14444, .T.);
#14446 = IFCFACE((#14445));
#14447 = IFCPOLYLOOP((#14433, #14066, #14425));
#14448 = IFCFACEOUTERBOUND(#14447, .T.);
#14449 = IFCFACE((#14448));
#14450 = IFCPOLYLOOP((#14451, #14452, #14453));
#14451 = IFCCARTESIANPOINT((-1.2385684967041E-1, -1.52801694869995E-2, 4.03118957519531E-1));
#14452 = IFCCARTESIANPOINT((-1.22993919372559E-1, -1.56563577651978E-2, 4.00192535400391E-1));
#14453 = IFCCARTESIANPOINT((-1.2353010559082E-1, -1.61626663208008E-2, 4.05282592773438E-1));
#14454 = IFCFACEOUTERBOUND(#14450, .T.);
#14455 = IFCFACE((#14454));
#14456 = IFCPOLYLOOP((#14451, #14457, #14142));
#14457 = IFCCARTESIANPOINT((-1.29602066040039E-1, -1.23584203720093E-2, 4.23304351806641E-1));
#14458 = IFCFACEOUTERBOUND(#14456, .T.);
#14459 = IFCFACE((#14458));
#14460 = IFCPOLYLOOP((#14461, #14171, #14143));
#14461 = IFCCARTESIANPOINT((-1.35675567626953E-1, -8.65209579467773E-3, 4.46660430908203E-1));
#14462 = IFCFACEOUTERBOUND(#14460, .T.);
#14463 = IFCFACE((#14462));
#14464 = IFCPOLYLOOP((#14143, #14142, #14461));
#14465 = IFCFACEOUTERBOUND(#14464, .T.);
#14466 = IFCFACE((#14465));
#14467 = IFCPOLYLOOP((#14142, #14106, #14451));
#14468 = IFCFACEOUTERBOUND(#14467, .T.);
#14469 = IFCFACE((#14468));
#14470 = IFCPOLYLOOP((#14451, #14106, #14452));
#14471 = IFCFACEOUTERBOUND(#14470, .T.);
#14472 = IFCFACE((#14471));
#14473 = IFCPOLYLOOP((#14474, #14457, #14475));
#14474 = IFCCARTESIANPOINT((-1.30411926269531E-1, -1.19582805633545E-2, 4.26318420410156E-1));
#14475 = IFCCARTESIANPOINT((-1.3005012512207E-1, -1.31071109771729E-2, 4.28160461425781E-1));
#14476 = IFCFACEOUTERBOUND(#14473, .T.);
#14477 = IFCFACE((#14476));
#14478 = IFCPOLYLOOP((#14474, #14461, #14142));
#14479 = IFCFACEOUTERBOUND(#14478, .T.);
#14480 = IFCFACE((#14479));
#14481 = IFCPOLYLOOP((#14461, #14482, #14483));
#14482 = IFCCARTESIANPOINT((-1.36269287109375E-1, -9.73586940765381E-3, 4.52076416015625E-1));
#14483 = IFCCARTESIANPOINT((-1.36467086791992E-1, -8.05665588378906E-3, 4.49758850097656E-1));
#14484 = IFCFACEOUTERBOUND(#14481, .T.);
#14485 = IFCFACE((#14484));
#14486 = IFCPOLYLOOP((#14193, #14487, #14488));
#14487 = IFCCARTESIANPOINT((-1.41176940917969E-1, -4.79568958282471E-3, 4.70089721679688E-1));
#14488 = IFCCARTESIANPOINT((-1.42010452270508E-1, -5.93959140777588E-3, 4.76288848876953E-1));
#14489 = IFCFACEOUTERBOUND(#14486, .T.);
#14490 = IFCFACE((#14489));
#14491 = IFCPOLYLOOP((#14171, #14483, #14487));
#14492 = IFCFACEOUTERBOUND(#14491, .T.);
#14493 = IFCFACE((#14492));
#14494 = IFCPOLYLOOP((#14483, #14171, #14461));
#14495 = IFCFACEOUTERBOUND(#14494, .T.);
#14496 = IFCFACE((#14495));
#14497 = IFCPOLYLOOP((#14194, #14193, #14498));
#14498 = IFCCARTESIANPOINT((-1.46518188476563E-1, -1.0127739906311E-3, 4.94605834960938E-1));
#14499 = IFCFACEOUTERBOUND(#14497, .T.);
#14500 = IFCFACE((#14499));
#14501 = IFCPOLYLOOP((#14487, #14193, #14171));
#14502 = IFCFACEOUTERBOUND(#14501, .T.);
#14503 = IFCFACE((#14502));
#14504 = IFCPOLYLOOP((#14498, #14505, #14506));
#14505 = IFCCARTESIANPOINT((-1.47463607788086E-1, -1.98019289970398E-3, 5.01142364501953E-1));
#14506 = IFCCARTESIANPOINT((-1.47906173706055E-1, 3.12759093940258E-5, 5.01232513427734E-1));
#14507 = IFCFACEOUTERBOUND(#14504, .T.);
#14508 = IFCFACE((#14507));
#14509 = IFCPOLYLOOP((#14510, #14511, #14512));
#14510 = IFCCARTESIANPOINT((-1.55211807250977E-1, 6.63482999801636E-3, 5.36001037597656E-1));
#14511 = IFCCARTESIANPOINT((-1.5437467956543E-1, 1.27811708450317E-2, 5.35911010742188E-1));
#14512 = IFCCARTESIANPOINT((-1.49593536376953E-1, 1.54253244400024E-2, 5.17940795898438E-1));
#14513 = IFCFACEOUTERBOUND(#14509, .T.);
#14514 = IFCFACE((#14513));
#14515 = IFCPOLYLOOP((#14512, #14516, #14510));
#14516 = IFCCARTESIANPOINT((-1.51577209472656E-1, 3.23408436775208E-3, 5.18843811035156E-1));
#14517 = IFCFACEOUTERBOUND(#14515, .T.);
#14518 = IFCFACE((#14517));
#14519 = IFCPOLYLOOP((#14516, #14512, #14194));
#14520 = IFCFACEOUTERBOUND(#14519, .T.);
#14521 = IFCFACE((#14520));
#14522 = IFCPOLYLOOP((#14194, #14506, #14516));
#14523 = IFCFACEOUTERBOUND(#14522, .T.);
#14524 = IFCFACE((#14523));
#14525 = IFCPOLYLOOP((#14194, #14498, #14506));
#14526 = IFCFACEOUTERBOUND(#14525, .T.);
#14527 = IFCFACE((#14526));
#14528 = IFCPOLYLOOP((#14457, #14474, #14142));
#14529 = IFCFACEOUTERBOUND(#14528, .T.);
#14530 = IFCFACE((#14529));
#14531 = IFCPOLYLOOP((#14532, #14131, #14167));
#14532 = IFCCARTESIANPOINT((-1.14765235900879E-1, 3.04090976715088E-2, 4.01257385253906E-1));
#14533 = IFCFACEOUTERBOUND(#14531, .T.);
#14534 = IFCFACE((#14533));
#14535 = IFCPOLYLOOP((#14532, #14138, #14131));
#14536 = IFCFACEOUTERBOUND(#14535, .T.);
#14537 = IFCFACE((#14536));
#14538 = IFCPOLYLOOP((#14532, #14167, #14539));
#14539 = IFCCARTESIANPOINT((-1.21801193237305E-1, 2.80450763702393E-2, 4.21527679443359E-1));
#14540 = IFCFACEOUTERBOUND(#14538, .T.);
#14541 = IFCFACE((#14540));
#14542 = IFCPOLYLOOP((#14543, #14186, #14182));
#14543 = IFCCARTESIANPOINT((-1.30422286987305E-1, 2.44014720916748E-2, 4.48160064697266E-1));
#14544 = IFCFACEOUTERBOUND(#14542, .T.);
#14545 = IFCFACE((#14544));
#14546 = IFCPOLYLOOP((#14167, #14186, #14547));
#14547 = IFCCARTESIANPOINT((-1.22779876708984E-1, 2.77298011779785E-2, 4.2455419921875E-1));
#14548 = IFCFACEOUTERBOUND(#14546, .T.);
#14549 = IFCFACE((#14548));
#14550 = IFCPOLYLOOP((#14551, #14539, #14547));
#14551 = IFCCARTESIANPOINT((-1.21846221923828E-1, 2.89900608062744E-2, 4.26300445556641E-1));
#14552 = IFCFACEOUTERBOUND(#14550, .T.);
#14553 = IFCFACE((#14552));
#14554 = IFCPOLYLOOP((#14547, #14539, #14167));
#14555 = IFCFACEOUTERBOUND(#14554, .T.);
#14556 = IFCFACE((#14555));
#14557 = IFCPOLYLOOP((#14102, #14558, #14559));
#14558 = IFCCARTESIANPOINT((-1.05874198913574E-1, 3.27210006713867E-2, 3.76752960205078E-1));
#14559 = IFCCARTESIANPOINT((-9.91651611328125E-2, 3.3893684387207E-2, 3.58154388427734E-1));
#14560 = IFCFACEOUTERBOUND(#14557, .T.);
#14561 = IFCFACE((#14560));
#14562 = IFCPOLYLOOP((#14559, #14563, #14564));
#14563 = IFCCARTESIANPOINT((-9.84995040893555E-2, 3.44283218383789E-2, 3.60217864990234E-1));
#14564 = IFCCARTESIANPOINT((-9.80801239013672E-2, 3.40715675354004E-2, 3.55202850341797E-1));
#14565 = IFCFACEOUTERBOUND(#14562, .T.);
#14566 = IFCFACE((#14565));
#14567 = IFCPOLYLOOP((#14102, #14559, #14564));
#14568 = IFCFACEOUTERBOUND(#14567, .T.);
#14569 = IFCFACE((#14568));
#14570 = IFCPOLYLOOP((#14532, #14571, #14138));
#14571 = IFCCARTESIANPOINT((-1.13736206054688E-1, 3.0694616317749E-2, 3.98325073242188E-1));
#14572 = IFCFACEOUTERBOUND(#14570, .T.);
#14573 = IFCFACE((#14572));
#14574 = IFCPOLYLOOP((#14558, #14575, #14576));
#14575 = IFCCARTESIANPOINT((-1.06934288024902E-1, 3.24880485534668E-2, 3.79655487060547E-1));
#14576 = IFCCARTESIANPOINT((-1.06189926147461E-1, 3.31857566833496E-2, 3.81705078125E-1));
#14577 = IFCFACEOUTERBOUND(#14574, .T.);
#14578 = IFCFACE((#14577));
#14579 = IFCPOLYLOOP((#14571, #14575, #14138));
#14580 = IFCFACEOUTERBOUND(#14579, .T.);
#14581 = IFCFACE((#14580));
#14582 = IFCPOLYLOOP((#14583, #14571, #14532));
#14583 = IFCCARTESIANPOINT((-1.1395085144043E-1, 3.13645572662354E-2, 4.03347320556641E-1));
#14584 = IFCFACEOUTERBOUND(#14582, .T.);
#14585 = IFCFACE((#14584));
#14586 = IFCPOLYLOOP((#14558, #14138, #14575));
#14587 = IFCFACEOUTERBOUND(#14586, .T.);
#14588 = IFCFACE((#14587));
#14589 = IFCPOLYLOOP((#14102, #14138, #14558));
#14590 = IFCFACEOUTERBOUND(#14589, .T.);
#14591 = IFCFACE((#14590));
#14592 = IFCPOLYLOOP((#14102, #14564, #14373));
#14593 = IFCFACEOUTERBOUND(#14592, .T.);
#14594 = IFCFACE((#14593));
#14595 = IFCPOLYLOOP((#14204, #14194, #14512));
#14596 = IFCFACEOUTERBOUND(#14595, .T.);
#14597 = IFCFACE((#14596));
#14598 = IFCPOLYLOOP((#14204, #14599, #14182));
#14599 = IFCCARTESIANPOINT((-1.36459503173828E-1, 2.16402530670166E-2, 4.6878076171875E-1));
#14600 = IFCFACEOUTERBOUND(#14598, .T.);
#14601 = IFCFACE((#14600));
#14602 = IFCPOLYLOOP((#14511, #14510, #14603));
#14603 = IFCCARTESIANPOINT((-1.56431243896484E-1, 9.86248397827148E-3, 5.42579284667969E-1));
#14604 = IFCFACEOUTERBOUND(#14602, .T.);
#14605 = IFCFACE((#14604));
#14606 = IFCPOLYLOOP((#14607, #14608, #14599));
#14607 = IFCCARTESIANPOINT((-1.37782684326172E-1, 2.12008209228516E-2, 4.73746612548828E-1));
#14608 = IFCCARTESIANPOINT((-1.36778839111328E-1, 2.3195613861084E-2, 4.7482421875E-1));
#14609 = IFCFACEOUTERBOUND(#14606, .T.);
#14610 = IFCFACE((#14609));
#14611 = IFCPOLYLOOP((#14186, #14543, #14612));
#14612 = IFCCARTESIANPOINT((-1.29495361328125E-1, 2.63155364990234E-2, 4.50355560302734E-1));
#14613 = IFCFACEOUTERBOUND(#14611, .T.);
#14614 = IFCFACE((#14613));
#14615 = IFCPOLYLOOP((#14599, #14543, #14182));
#14616 = IFCFACEOUTERBOUND(#14615, .T.);
#14617 = IFCFACE((#14616));
#14618 = IFCPOLYLOOP((#14204, #14619, #14620));
#14619 = IFCCARTESIANPOINT((-1.44920166015625E-1, 1.79372215270996E-2, 5.00320526123047E-1));
#14620 = IFCCARTESIANPOINT((-1.43232376098633E-1, 1.86993503570557E-2, 4.93908325195313E-1));
#14621 = IFCFACEOUTERBOUND(#14618, .T.);
#14622 = IFCFACE((#14621));
#14623 = IFCPOLYLOOP((#14607, #14599, #14204));
#14624 = IFCFACEOUTERBOUND(#14623, .T.);
#14625 = IFCFACE((#14624));
#14626 = IFCPOLYLOOP((#14619, #14627, #14620));
#14627 = IFCCARTESIANPOINT((-1.43728118896484E-1, 2.00834274291992E-2, 4.99996948242188E-1));
#14628 = IFCFACEOUTERBOUND(#14626, .T.);
#14629 = IFCFACE((#14628));
#14630 = IFCPOLYLOOP((#14607, #14204, #14620));
#14631 = IFCFACEOUTERBOUND(#14630, .T.);
#14632 = IFCFACE((#14631));
#14633 = IFCPOLYLOOP((#14204, #14512, #14619));
#14634 = IFCFACEOUTERBOUND(#14633, .T.);
#14635 = IFCFACE((#14634));
#14636 = IFCPOLYLOOP((#14421, #14292, #14637));
#14637 = IFCCARTESIANPOINT((-1.02474243164063E-1, -2.27138900756836E-2, 3.39071533203125E-1));
#14638 = IFCFACEOUTERBOUND(#14636, .T.);
#14639 = IFCFACE((#14638));
#14640 = IFCPOLYLOOP((#13904, #13900, #13896));
#14641 = IFCFACEOUTERBOUND(#14640, .T.);
#14642 = IFCFACE((#14641));
#14643 = IFCPOLYLOOP((#13909, #13874, #13947));
#14644 = IFCFACEOUTERBOUND(#14643, .T.);
#14645 = IFCFACE((#14644));
#14646 = IFCPOLYLOOP((#13941, #13904, #13934));
#14647 = IFCFACEOUTERBOUND(#14646, .T.);
#14648 = IFCFACE((#14647));
#14649 = IFCPOLYLOOP((#13986, #13987, #14027));
#14650 = IFCFACEOUTERBOUND(#14649, .T.);
#14651 = IFCFACE((#14650));
#14652 = IFCPOLYLOOP((#14026, #14027, #14067));
#14653 = IFCFACEOUTERBOUND(#14652, .T.);
#14654 = IFCFACE((#14653));
#14655 = IFCPOLYLOOP((#14066, #14067, #14425));
#14656 = IFCFACEOUTERBOUND(#14655, .T.);
#14657 = IFCFACE((#14656));
#14658 = IFCPOLYLOOP((#14452, #14106, #14438));
#14659 = IFCFACEOUTERBOUND(#14658, .T.);
#14660 = IFCFACE((#14659));
#14661 = IFCPOLYLOOP((#14438, #14662, #14452));
#14662 = IFCCARTESIANPOINT((-1.20161018371582E-1, -1.68948974609375E-2, 3.90842590332031E-1));
#14663 = IFCFACEOUTERBOUND(#14661, .T.);
#14664 = IFCFACE((#14663));
#14665 = IFCSURFACESTYLERENDERING(#14666, 0., #14667, $, $, #14668, #14669, $, .NOTDEFINED.);
#14666 = IFCCOLOURRGB('Surface color', 0., 4.98039215803146E-1, 0.);
#14667 = IFCCOLOURRGB('Diffuse color', 0., 4.98039215803146E-1, 0.);
#14668 = IFCCOLOURRGB('Reflection color', 1., 1., 1.);
#14669 = IFCCOLOURRGB('Specular color', 1., 1., 1.);
#14670 = IFCSURFACESTYLE('d194c32c_5116_40c1_a141_b5544e73a1b4', .BOTH., (#14665));
#14671 = IFCPRESENTATIONSTYLEASSIGNMENT((#14670));
#14672 = IFCSTYLEDITEM($, (#14671), $);
#14673 = IFCSTYLEDREPRESENTATION(#106, 'Body', $, (#14672));
#14674 = IFCOPENSHELL((#14680, #14685, #14689, #14693, #14697, #14702, #14706, #14710, #14713, #14717, #14721, #14726, #14731, #14735, #14738, #14742, #14745, #14749, #14753, #14757, #14762, #14766, #14769, #14773, #14776, #14780, #14783, #14787, #14791, #14795, #14799, #14802, #14806, #14809, #14813, #14816, #14820, #14823, #14827, #14830, #14834, #14838, #14842, #14845, #14849, #14852, #14856, #14859, #14863, #14866, #14870, #14874, #14878, #14881, #14885, #14888, #14892, #14895, #14899, #14904, #14907, #14910, #14914, #14917, #14921, #14926, #14929, #14933, #14936, #14941, #14944, #14950, #14955, #14958, #14964, #14967, #14972, #14977, #14981, #14984, #14987, #14990, #14993, #14996, #14999, #15002, #15006, #15010, #15015, #15021, #15024, #15027, #15030, #15036, #15039, #15042, #15045, #15048, #15053, #15056, #15060, #15063, #15068, #15072, #15076, #15079, #15083, #15086, #15090, #15094, #15097, #15100, #15103, #15109, #15112, #15115, #15119, #15123, #15127, #15133, #15136, #15139, #15143, #15147, #15152, #15155, #15158, #15163, #15167, #15171, #15174, #15177, #15180, #15184, #15187, #15191, #15196, #15202, #15205, #15208, #15211, #15214, #15218, #15222, #15225, #15229, #15233, #15237, #15241, #15244, #15248, #15254, #15257, #15261, #15265, #15270, #15273, #15276, #15280, #15283, #15287, #15290, #15294, #15300, #15304, #15307, #15310, #15313, #15316, #15320, #15326, #15329, #15332, #15337, #15340, #15344, #15348, #15352, #15356, #15359, #15363, #15366, #15370, #15373, #15376, #15380, #15384, #15389, #15393, #15396, #15401, #15404, #15408, #15411, #15416, #15419, #15423, #15426, #15429, #15432, #15435, #15438, #15441, #15444, #15447, #15450, #15453, #15456, #15459, #15462, #15465, #15468, #15471, #15474, #15477));
#14675 = IFCPOLYLOOP((#14676, #14677, #14678));
#14676 = IFCCARTESIANPOINT((-2.05155143737793E-2, -6.61055221557617E-2, 1.86503723144531E-1));
#14677 = IFCCARTESIANPOINT((-1.85723075866699E-2, -4.95990829467773E-2, 1.56570205688477E-1));
#14678 = IFCCARTESIANPOINT((-1.33423271179199E-2, -6.64258651733398E-2, 1.86071670532227E-1));
#14679 = IFCFACEOUTERBOUND(#14675, .T.);
#14680 = IFCFACE((#14679));
#14681 = IFCPOLYLOOP((#14682, #14683, #14676));
#14682 = IFCCARTESIANPOINT((-2.95141162872314E-2, -6.49723510742188E-2, 1.87248947143555E-1));
#14683 = IFCCARTESIANPOINT((-2.73088665008545E-2, -4.77505950927734E-2, 1.57827133178711E-1));
#14684 = IFCFACEOUTERBOUND(#14681, .T.);
#14685 = IFCFACE((#14684));
#14686 = IFCPOLYLOOP((#14687, #14683, #14682));
#14687 = IFCCARTESIANPOINT((-3.67674255371094E-2, -4.58409309387207E-2, 1.588984375E-1));
#14688 = IFCFACEOUTERBOUND(#14686, .T.);
#14689 = IFCFACE((#14688));
#14690 = IFCPOLYLOOP((#14682, #14691, #14687));
#14691 = IFCCARTESIANPOINT((-3.89490623474121E-2, -6.29148025512695E-2, 1.88316665649414E-1));
#14692 = IFCFACEOUTERBOUND(#14690, .T.);
#14693 = IFCFACE((#14692));
#14694 = IFCPOLYLOOP((#14687, #14691, #14695));
#14695 = IFCCARTESIANPOINT((-4.71753311157227E-2, -6.01968460083008E-2, 1.89595748901367E-1));
#14696 = IFCFACEOUTERBOUND(#14694, .T.);
#14697 = IFCFACE((#14696));
#14698 = IFCPOLYLOOP((#14699, #14678, #14700));
#14699 = IFCCARTESIANPOINT((-1.46953144073486E-2, -8.09503936767578E-2, 2.16288070678711E-1));
#14700 = IFCCARTESIANPOINT((-7.8006591796875E-3, -7.89623413085938E-2, 2.16593460083008E-1));
#14701 = IFCFACEOUTERBOUND(#14698, .T.);
#14702 = IFCFACE((#14701));
#14703 = IFCPOLYLOOP((#14704, #14676, #14699));
#14704 = IFCCARTESIANPOINT((-2.22581005096436E-2, -8.19513702392578E-2, 2.16332229614258E-1));
#14705 = IFCFACEOUTERBOUND(#14703, .T.);
#14706 = IFCFACE((#14705));
#14707 = IFCPOLYLOOP((#14708, #14682, #14704));
#14708 = IFCCARTESIANPOINT((-3.1495512008667E-2, -8.16966094970703E-2, 2.16900451660156E-1));
#14709 = IFCFACEOUTERBOUND(#14707, .T.);
#14710 = IFCFACE((#14709));
#14711 = IFCPOLYLOOP((#14691, #14682, #14708));
#14712 = IFCFACEOUTERBOUND(#14711, .T.);
#14713 = IFCFACE((#14712));
#14714 = IFCPOLYLOOP((#14708, #14715, #14691));
#14715 = IFCCARTESIANPOINT((-4.08847007751465E-2, -7.9617919921875E-2, 2.18164199829102E-1));
#14716 = IFCFACEOUTERBOUND(#14714, .T.);
#14717 = IFCFACE((#14716));
#14718 = IFCPOLYLOOP((#14719, #14695, #14715));
#14719 = IFCCARTESIANPOINT((-4.87573165893555E-2, -7.58647842407227E-2, 2.20032989501953E-1));
#14720 = IFCFACEOUTERBOUND(#14718, .T.);
#14721 = IFCFACE((#14720));
#14722 = IFCPOLYLOOP((#14723, #14724, #14719));
#14723 = IFCCARTESIANPOINT((-5.42347145080566E-2, -7.12381896972656E-2, 2.22178573608398E-1));
#14724 = IFCCARTESIANPOINT((-5.32126121520996E-2, -5.73157424926758E-2, 1.90897903442383E-1));
#14725 = IFCFACEOUTERBOUND(#14722, .T.);
#14726 = IFCFACE((#14725));
#14727 = IFCPOLYLOOP((#14728, #14699, #14729));
#14728 = IFCCARTESIANPOINT((-1.57494535446167E-2, -9.45400390625E-2, 2.47122283935547E-1));
#14729 = IFCCARTESIANPOINT((-8.35919094085693E-3, -9.08984298706055E-2, 2.47762176513672E-1));
#14730 = IFCFACEOUTERBOUND(#14727, .T.);
#14731 = IFCFACE((#14730));
#14732 = IFCPOLYLOOP((#14733, #14704, #14728));
#14733 = IFCCARTESIANPOINT((-2.36624813079834E-2, -9.68068771362305E-2, 2.4697380065918E-1));
#14734 = IFCFACEOUTERBOUND(#14732, .T.);
#14735 = IFCFACE((#14734));
#14736 = IFCPOLYLOOP((#14708, #14704, #14733));
#14737 = IFCFACEOUTERBOUND(#14736, .T.);
#14738 = IFCFACE((#14737));
#14739 = IFCPOLYLOOP((#14733, #14740, #14708));
#14740 = IFCCARTESIANPOINT((-3.30991020202637E-2, -9.7411018371582E-2, 2.47521713256836E-1));
#14741 = IFCFACEOUTERBOUND(#14739, .T.);
#14742 = IFCFACE((#14741));
#14743 = IFCPOLYLOOP((#14715, #14708, #14740));
#14744 = IFCFACEOUTERBOUND(#14743, .T.);
#14745 = IFCFACE((#14744));
#14746 = IFCPOLYLOOP((#14740, #14747, #14715));
#14747 = IFCCARTESIANPOINT((-4.24273490905762E-2, -9.53574371337891E-2, 2.49025207519531E-1));
#14748 = IFCFACEOUTERBOUND(#14746, .T.);
#14749 = IFCFACE((#14748));
#14750 = IFCPOLYLOOP((#14751, #14719, #14747));
#14751 = IFCCARTESIANPOINT((-4.99754867553711E-2, -9.06873550415039E-2, 2.51378387451172E-1));
#14752 = IFCFACEOUTERBOUND(#14750, .T.);
#14753 = IFCFACE((#14752));
#14754 = IFCPOLYLOOP((#14755, #14723, #14751));
#14755 = IFCCARTESIANPOINT((-5.49648017883301E-2, -8.44814758300781E-2, 2.54142242431641E-1));
#14756 = IFCFACEOUTERBOUND(#14754, .T.);
#14757 = IFCFACE((#14756));
#14758 = IFCPOLYLOOP((#14759, #14728, #14760));
#14759 = IFCCARTESIANPOINT((-1.6423282623291E-2, -1.06616233825684E-1, 2.78268188476563E-1));
#14760 = IFCCARTESIANPOINT((-8.62801837921143E-3, -1.01656661987305E-1, 2.79131439208984E-1));
#14761 = IFCFACEOUTERBOUND(#14758, .T.);
#14762 = IFCFACE((#14761));
#14763 = IFCPOLYLOOP((#14764, #14733, #14759));
#14764 = IFCCARTESIANPOINT((-2.4609447479248E-2, -1.0988208770752E-1, 2.78000091552734E-1));
#14765 = IFCFACEOUTERBOUND(#14763, .T.);
#14766 = IFCFACE((#14765));
#14767 = IFCPOLYLOOP((#14740, #14733, #14764));
#14768 = IFCFACEOUTERBOUND(#14767, .T.);
#14769 = IFCFACE((#14768));
#14770 = IFCPOLYLOOP((#14764, #14771, #14740));
#14771 = IFCCARTESIANPOINT((-3.41867752075195E-2, -1.11155883789063E-1, 2.78544952392578E-1));
#14772 = IFCFACEOUTERBOUND(#14770, .T.);
#14773 = IFCFACE((#14772));
#14774 = IFCPOLYLOOP((#14747, #14740, #14771));
#14775 = IFCFACEOUTERBOUND(#14774, .T.);
#14776 = IFCFACE((#14775));
#14777 = IFCPOLYLOOP((#14771, #14778, #14747));
#14778 = IFCCARTESIANPOINT((-4.34489364624023E-2, -1.09116416931152E-1, 2.80202819824219E-1));
#14779 = IFCFACEOUTERBOUND(#14777, .T.);
#14780 = IFCFACE((#14779));
#14781 = IFCPOLYLOOP((#14751, #14747, #14778));
#14782 = IFCFACEOUTERBOUND(#14781, .T.);
#14783 = IFCFACE((#14782));
#14784 = IFCPOLYLOOP((#14778, #14785, #14751));
#14785 = IFCCARTESIANPOINT((-5.07383689880371E-2, -1.03733192443848E-1, 2.82841278076172E-1));
#14786 = IFCFACEOUTERBOUND(#14784, .T.);
#14787 = IFCFACE((#14786));
#14788 = IFCPOLYLOOP((#14789, #14755, #14785));
#14789 = IFCCARTESIANPOINT((-5.53623275756836E-2, -9.63118438720703E-2, 2.8594775390625E-1));
#14790 = IFCFACEOUTERBOUND(#14788, .T.);
#14791 = IFCFACE((#14790));
#14792 = IFCPOLYLOOP((#14759, #14760, #14793));
#14793 = IFCCARTESIANPOINT((-8.66692638397217E-3, -1.10949478149414E-1, 3.09902252197266E-1));
#14794 = IFCFACEOUTERBOUND(#14792, .T.);
#14795 = IFCFACE((#14794));
#14796 = IFCPOLYLOOP((#14793, #14797, #14759));
#14797 = IFCCARTESIANPOINT((-1.67392349243164E-2, -1.16733749389648E-1, 3.08839538574219E-1));
#14798 = IFCFACEOUTERBOUND(#14796, .T.);
#14799 = IFCFACE((#14798));
#14800 = IFCPOLYLOOP((#14764, #14759, #14797));
#14801 = IFCFACEOUTERBOUND(#14800, .T.);
#14802 = IFCFACE((#14801));
#14803 = IFCPOLYLOOP((#14797, #14804, #14764));
#14804 = IFCCARTESIANPOINT((-2.50992794036865E-2, -1.20603912353516E-1, 3.08437133789063E-1));
#14805 = IFCFACEOUTERBOUND(#14803, .T.);
#14806 = IFCFACE((#14805));
#14807 = IFCPOLYLOOP((#14771, #14764, #14804));
#14808 = IFCFACEOUTERBOUND(#14807, .T.);
#14809 = IFCFACE((#14808));
#14810 = IFCPOLYLOOP((#14804, #14811, #14771));
#14811 = IFCCARTESIANPOINT((-3.47513732910156E-2, -1.22259185791016E-1, 3.08901794433594E-1));
#14812 = IFCFACEOUTERBOUND(#14810, .T.);
#14813 = IFCFACE((#14812));
#14814 = IFCPOLYLOOP((#14778, #14771, #14811));
#14815 = IFCFACEOUTERBOUND(#14814, .T.);
#14816 = IFCFACE((#14815));
#14817 = IFCPOLYLOOP((#14811, #14818, #14778));
#14818 = IFCCARTESIANPOINT((-4.39536285400391E-2, -1.20194137573242E-1, 3.10552124023438E-1));
#14819 = IFCFACEOUTERBOUND(#14817, .T.);
#14820 = IFCFACE((#14819));
#14821 = IFCPOLYLOOP((#14785, #14778, #14818));
#14822 = IFCFACEOUTERBOUND(#14821, .T.);
#14823 = IFCFACE((#14822));
#14824 = IFCPOLYLOOP((#14818, #14825, #14785));
#14825 = IFCCARTESIANPOINT((-5.10753440856934E-2, -1.14358070373535E-1, 3.13237518310547E-1));
#14826 = IFCFACEOUTERBOUND(#14824, .T.);
#14827 = IFCFACE((#14826));
#14828 = IFCPOLYLOOP((#14789, #14785, #14825));
#14829 = IFCFACEOUTERBOUND(#14828, .T.);
#14830 = IFCFACE((#14829));
#14831 = IFCPOLYLOOP((#14825, #14832, #14789));
#14832 = IFCCARTESIANPOINT((-5.54865989685059E-2, -1.06205978393555E-1, 3.16411071777344E-1));
#14833 = IFCFACEOUTERBOUND(#14831, .T.);
#14834 = IFCFACE((#14833));
#14835 = IFCPOLYLOOP((#14804, #14797, #14836));
#14836 = IFCCARTESIANPOINT((-1.68150863647461E-2, -1.25416198730469E-1, 3.40262969970703E-1));
#14837 = IFCFACEOUTERBOUND(#14835, .T.);
#14838 = IFCFACE((#14837));
#14839 = IFCPOLYLOOP((#14836, #14840, #14804));
#14840 = IFCCARTESIANPOINT((-2.52542552947998E-2, -1.29491470336914E-1, 3.39655151367188E-1));
#14841 = IFCFACEOUTERBOUND(#14839, .T.);
#14842 = IFCFACE((#14841));
#14843 = IFCPOLYLOOP((#14811, #14804, #14840));
#14844 = IFCFACEOUTERBOUND(#14843, .T.);
#14845 = IFCFACE((#14844));
#14846 = IFCPOLYLOOP((#14840, #14847, #14811));
#14847 = IFCCARTESIANPOINT((-3.49216690063477E-2, -1.31235626220703E-1, 3.39910675048828E-1));
#14848 = IFCFACEOUTERBOUND(#14846, .T.);
#14849 = IFCFACE((#14848));
#14850 = IFCPOLYLOOP((#14818, #14811, #14847));
#14851 = IFCFACEOUTERBOUND(#14850, .T.);
#14852 = IFCFACE((#14851));
#14853 = IFCPOLYLOOP((#14847, #14854, #14818));
#14854 = IFCCARTESIANPOINT((-4.40759658813477E-2, -1.2910173034668E-1, 3.41362762451172E-1));
#14855 = IFCFACEOUTERBOUND(#14853, .T.);
#14856 = IFCFACE((#14855));
#14857 = IFCPOLYLOOP((#14825, #14818, #14854));
#14858 = IFCFACEOUTERBOUND(#14857, .T.);
#14859 = IFCFACE((#14858));
#14860 = IFCPOLYLOOP((#14854, #14861, #14825));
#14861 = IFCCARTESIANPOINT((-5.11228866577148E-2, -1.23070854187012E-1, 3.43861602783203E-1));
#14862 = IFCFACEOUTERBOUND(#14860, .T.);
#14863 = IFCFACE((#14862));
#14864 = IFCPOLYLOOP((#14832, #14825, #14861));
#14865 = IFCFACEOUTERBOUND(#14864, .T.);
#14866 = IFCFACE((#14865));
#14867 = IFCPOLYLOOP((#14861, #14868, #14832));
#14868 = IFCCARTESIANPOINT((-5.54711608886719E-2, -1.14671630859375E-1, 3.4686083984375E-1));
#14869 = IFCFACEOUTERBOUND(#14867, .T.);
#14870 = IFCFACE((#14869));
#14871 = IFCPOLYLOOP((#14840, #14836, #14872));
#14872 = IFCCARTESIANPOINT((-1.67935161590576E-2, -1.32734268188477E-1, 3.72528656005859E-1));
#14873 = IFCFACEOUTERBOUND(#14871, .T.);
#14874 = IFCFACE((#14873));
#14875 = IFCPOLYLOOP((#14872, #14876, #14840));
#14876 = IFCCARTESIANPOINT((-2.52161617279053E-2, -1.36612670898438E-1, 3.71623962402344E-1));
#14877 = IFCFACEOUTERBOUND(#14875, .T.);
#14878 = IFCFACE((#14877));
#14879 = IFCPOLYLOOP((#14847, #14840, #14876));
#14880 = IFCFACEOUTERBOUND(#14879, .T.);
#14881 = IFCFACE((#14880));
#14882 = IFCPOLYLOOP((#14876, #14883, #14847));
#14883 = IFCCARTESIANPOINT((-3.48440971374512E-2, -1.38160491943359E-1, 3.71524291992188E-1));
#14884 = IFCFACEOUTERBOUND(#14882, .T.);
#14885 = IFCFACE((#14884));
#14886 = IFCPOLYLOOP((#14854, #14847, #14883));
#14887 = IFCFACEOUTERBOUND(#14886, .T.);
#14888 = IFCFACE((#14887));
#14889 = IFCPOLYLOOP((#14883, #14890, #14854));
#14890 = IFCCARTESIANPOINT((-4.3971321105957E-2, -1.35931823730469E-1, 3.72583862304688E-1));
#14891 = IFCFACEOUTERBOUND(#14889, .T.);
#14892 = IFCFACE((#14891));
#14893 = IFCPOLYLOOP((#14861, #14854, #14890));
#14894 = IFCFACEOUTERBOUND(#14893, .T.);
#14895 = IFCFACE((#14894));
#14896 = IFCPOLYLOOP((#14890, #14897, #14861));
#14897 = IFCCARTESIANPOINT((-5.10457191467285E-2, -1.2998616027832E-1, 3.74679382324219E-1));
#14898 = IFCFACEOUTERBOUND(#14896, .T.);
#14899 = IFCFACE((#14898));
#14900 = IFCPOLYLOOP((#14876, #14901, #14902));
#14901 = IFCCARTESIANPOINT((-2.51959114074707E-2, -1.42176666259766E-1, 4.04218811035156E-1));
#14902 = IFCCARTESIANPOINT((-3.47395896911621E-2, -1.43295211791992E-1, 4.036357421875E-1));
#14903 = IFCFACEOUTERBOUND(#14900, .T.);
#14904 = IFCFACE((#14903));
#14905 = IFCPOLYLOOP((#14902, #14883, #14876));
#14906 = IFCFACEOUTERBOUND(#14905, .T.);
#14907 = IFCFACE((#14906));
#14908 = IFCPOLYLOOP((#14890, #14883, #14902));
#14909 = IFCFACEOUTERBOUND(#14908, .T.);
#14910 = IFCFACE((#14909));
#14911 = IFCPOLYLOOP((#14902, #14912, #14890));
#14912 = IFCCARTESIANPOINT((-4.38699569702148E-2, -1.40985122680664E-1, 4.0413916015625E-1));
#14913 = IFCFACEOUTERBOUND(#14911, .T.);
#14914 = IFCFACE((#14913));
#14915 = IFCPOLYLOOP((#14897, #14890, #14912));
#14916 = IFCFACEOUTERBOUND(#14915, .T.);
#14917 = IFCFACE((#14916));
#14918 = IFCPOLYLOOP((#14912, #14919, #14897));
#14919 = IFCCARTESIANPOINT((-5.10784301757813E-2, -1.35416259765625E-1, 4.05659790039063E-1));
#14920 = IFCFACEOUTERBOUND(#14918, .T.);
#14921 = IFCFACE((#14920));
#14922 = IFCPOLYLOOP((#14901, #14923, #14924));
#14923 = IFCCARTESIANPOINT((-2.54735565185547E-2, -1.46533798217773E-1, 4.37220245361328E-1));
#14924 = IFCCARTESIANPOINT((-3.49035911560059E-2, -1.4708723449707E-1, 4.36078430175781E-1));
#14925 = IFCFACEOUTERBOUND(#14922, .T.);
#14926 = IFCFACE((#14925));
#14927 = IFCPOLYLOOP((#14924, #14902, #14901));
#14928 = IFCFACEOUTERBOUND(#14927, .T.);
#14929 = IFCFACE((#14928));
#14930 = IFCPOLYLOOP((#14902, #14924, #14931));
#14931 = IFCCARTESIANPOINT((-4.40770492553711E-2, -1.44770477294922E-1, 4.35926971435547E-1));
#14932 = IFCFACEOUTERBOUND(#14930, .T.);
#14933 = IFCFACE((#14932));
#14934 = IFCPOLYLOOP((#14931, #14912, #14902));
#14935 = IFCFACEOUTERBOUND(#14934, .T.);
#14936 = IFCFACE((#14935));
#14937 = IFCPOLYLOOP((#14924, #14938, #14939));
#14938 = IFCCARTESIANPOINT((-3.57060394287109E-2, -1.50170150756836E-1, 4.68626098632813E-1));
#14939 = IFCCARTESIANPOINT((-4.49726715087891E-2, -1.48004791259766E-1, 4.67820068359375E-1));
#14940 = IFCFACEOUTERBOUND(#14937, .T.);
#14941 = IFCFACE((#14940));
#14942 = IFCPOLYLOOP((#14939, #14931, #14924));
#14943 = IFCFACEOUTERBOUND(#14942, .T.);
#14944 = IFCFACE((#14943));
#14945 = IFCPOLYLOOP((#14946, #14947, #14948));
#14946 = IFCCARTESIANPOINT((-5.25959587097168E-3, -5.77167930603027E-2, 1.65864151000977E-1));
#14947 = IFCCARTESIANPOINT((-3.06717967987061E-3, -6.11517181396484E-2, 1.73740798950195E-1));
#14948 = IFCCARTESIANPOINT((-3.70051026344299E-3, -6.14493522644043E-2, 1.74595123291016E-1));
#14949 = IFCFACEOUTERBOUND(#14945, .T.);
#14950 = IFCFACE((#14949));
#14951 = IFCPOLYLOOP((#14952, #14948, #14953));
#14952 = IFCCARTESIANPOINT((-6.97733688354492E-3, -6.61734390258789E-2, 1.85813034057617E-1));
#14953 = IFCCARTESIANPOINT((-3.18438863754272E-3, -6.7945671081543E-2, 1.91848663330078E-1));
#14954 = IFCFACEOUTERBOUND(#14951, .T.);
#14955 = IFCFACE((#14954));
#14956 = IFCPOLYLOOP((#14953, #14700, #14952));
#14957 = IFCFACEOUTERBOUND(#14956, .T.);
#14958 = IFCFACE((#14957));
#14959 = IFCPOLYLOOP((#14960, #14961, #14962));
#14960 = IFCCARTESIANPOINT((-2.5635187625885E-3, -7.46391906738281E-2, 2.11472961425781E-1));
#14961 = IFCCARTESIANPOINT((-3.32091999053955E-3, -7.52900314331055E-2, 2.12206619262695E-1));
#14962 = IFCCARTESIANPOINT((-3.14114594459534E-3, -7.41942291259766E-2, 2.09324951171875E-1));
#14963 = IFCFACEOUTERBOUND(#14959, .T.);
#14964 = IFCFACE((#14963));
#14965 = IFCPOLYLOOP((#14700, #14953, #14962));
#14966 = IFCFACEOUTERBOUND(#14965, .T.);
#14967 = IFCFACE((#14966));
#14968 = IFCPOLYLOOP((#14677, #14969, #14970));
#14969 = IFCCARTESIANPOINT((-1.65839405059814E-2, -3.96314315795898E-2, 1.37656066894531E-1));
#14970 = IFCCARTESIANPOINT((-1.15276222229004E-2, -4.49859619140625E-2, 1.43478515625E-1));
#14971 = IFCFACEOUTERBOUND(#14968, .T.);
#14972 = IFCFACE((#14971));
#14973 = IFCPOLYLOOP((#14974, #14975, #14970));
#14974 = IFCCARTESIANPOINT((-7.06029891967773E-3, -5.42155265808105E-2, 1.5888606262207E-1));
#14975 = IFCCARTESIANPOINT((-1.17964859008789E-2, -5.1083194732666E-2, 1.55391815185547E-1));
#14976 = IFCFACEOUTERBOUND(#14973, .T.);
#14977 = IFCFACE((#14976));
#14978 = IFCPOLYLOOP((#14677, #14683, #14979));
#14979 = IFCCARTESIANPOINT((-2.45320491790771E-2, -3.47539329528809E-2, 1.34522216796875E-1));
#14980 = IFCFACEOUTERBOUND(#14978, .T.);
#14981 = IFCFACE((#14980));
#14982 = IFCPOLYLOOP((#14979, #14969, #14677));
#14983 = IFCFACEOUTERBOUND(#14982, .T.);
#14984 = IFCFACE((#14983));
#14985 = IFCPOLYLOOP((#14975, #14677, #14970));
#14986 = IFCFACEOUTERBOUND(#14985, .T.);
#14987 = IFCFACE((#14986));
#14988 = IFCPOLYLOOP((#14974, #14946, #14952));
#14989 = IFCFACEOUTERBOUND(#14988, .T.);
#14990 = IFCFACE((#14989));
#14991 = IFCPOLYLOOP((#14948, #14952, #14946));
#14992 = IFCFACEOUTERBOUND(#14991, .T.);
#14993 = IFCFACE((#14992));
#14994 = IFCPOLYLOOP((#14974, #14678, #14975));
#14995 = IFCFACEOUTERBOUND(#14994, .T.);
#14996 = IFCFACE((#14995));
#14997 = IFCPOLYLOOP((#14952, #14678, #14974));
#14998 = IFCFACEOUTERBOUND(#14997, .T.);
#14999 = IFCFACE((#14998));
#15000 = IFCPOLYLOOP((#14961, #14700, #14962));
#15001 = IFCFACEOUTERBOUND(#15000, .T.);
#15002 = IFCFACE((#15001));
#15003 = IFCPOLYLOOP((#14961, #15004, #14700));
#15004 = IFCCARTESIANPOINT((-3.40783882141113E-3, -8.19979858398438E-2, 2.31755218505859E-1));
#15005 = IFCFACEOUTERBOUND(#15003, .T.);
#15006 = IFCFACE((#15005));
#15007 = IFCPOLYLOOP((#15008, #14729, #15004));
#15008 = IFCCARTESIANPOINT((-3.73189306259155E-3, -8.74373016357422E-2, 2.47584106445313E-1));
#15009 = IFCFACEOUTERBOUND(#15007, .T.);
#15010 = IFCFACE((#15009));
#15011 = IFCPOLYLOOP((#15008, #15012, #15013));
#15012 = IFCCARTESIANPOINT((-3.22659087181091E-3, -8.76551971435547E-2, 2.49601593017578E-1));
#15013 = IFCCARTESIANPOINT((-3.90697145462036E-3, -8.84496841430664E-2, 2.50273529052734E-1));
#15014 = IFCFACEOUTERBOUND(#15011, .T.);
#15015 = IFCFACE((#15014));
#15016 = IFCPOLYLOOP((#15017, #15018, #15019));
#15017 = IFCCARTESIANPOINT((-4.56620597839355E-3, -9.61730880737305E-2, 2.72953094482422E-1));
#15018 = IFCCARTESIANPOINT((-4.37549781799316E-3, -9.51091461181641E-2, 2.70077667236328E-1));
#15019 = IFCCARTESIANPOINT((-3.92770099639893E-3, -9.53553314208984E-2, 2.72269012451172E-1));
#15020 = IFCFACEOUTERBOUND(#15016, .T.);
#15021 = IFCFACE((#15020));
#15022 = IFCPOLYLOOP((#14729, #15013, #15018));
#15023 = IFCFACEOUTERBOUND(#15022, .T.);
#15024 = IFCFACE((#15023));
#15025 = IFCPOLYLOOP((#15013, #14729, #15008));
#15026 = IFCFACEOUTERBOUND(#15025, .T.);
#15027 = IFCFACE((#15026));
#15028 = IFCPOLYLOOP((#15018, #15017, #14760));
#15029 = IFCFACEOUTERBOUND(#15028, .T.);
#15030 = IFCFACE((#15029));
#15031 = IFCPOLYLOOP((#15032, #15033, #15034));
#15032 = IFCCARTESIANPOINT((-5.67906093597412E-3, -1.04286598205566E-1, 2.96487121582031E-1));
#15033 = IFCCARTESIANPOINT((-5.47217512130737E-3, -1.03225288391113E-1, 2.93543518066406E-1));
#15034 = IFCCARTESIANPOINT((-5.01881074905396E-3, -1.03310157775879E-1, 2.95380126953125E-1));
#15035 = IFCFACEOUTERBOUND(#15031, .T.);
#15036 = IFCFACE((#15035));
#15037 = IFCPOLYLOOP((#15033, #14760, #15017));
#15038 = IFCFACEOUTERBOUND(#15037, .T.);
#15039 = IFCFACE((#15038));
#15040 = IFCPOLYLOOP((#14729, #14700, #15004));
#15041 = IFCFACEOUTERBOUND(#15040, .T.);
#15042 = IFCFACE((#15041));
#15043 = IFCPOLYLOOP((#14760, #14729, #15018));
#15044 = IFCFACEOUTERBOUND(#15043, .T.);
#15045 = IFCFACE((#15044));
#15046 = IFCPOLYLOOP((#14760, #15033, #15032));
#15047 = IFCFACEOUTERBOUND(#15046, .T.);
#15048 = IFCFACE((#15047));
#15049 = IFCPOLYLOOP((#15050, #14793, #15051));
#15050 = IFCCARTESIANPOINT((-6.91065359115601E-3, -1.11911529541016E-1, 3.19310516357422E-1));
#15051 = IFCCARTESIANPOINT((-6.67705392837524E-3, -1.10883430480957E-1, 3.16375671386719E-1));
#15052 = IFCFACEOUTERBOUND(#15049, .T.);
#15053 = IFCFACE((#15052));
#15054 = IFCPOLYLOOP((#15032, #15051, #14793));
#15055 = IFCFACEOUTERBOUND(#15054, .T.);
#15056 = IFCFACE((#15055));
#15057 = IFCPOLYLOOP((#15058, #14797, #14793));
#15058 = IFCCARTESIANPOINT((-7.62830257415771E-3, -1.1533952331543E-1, 3.29577789306641E-1));
#15059 = IFCFACEOUTERBOUND(#15057, .T.);
#15060 = IFCFACE((#15059));
#15061 = IFCPOLYLOOP((#15032, #14793, #14760));
#15062 = IFCFACEOUTERBOUND(#15061, .T.);
#15063 = IFCFACE((#15062));
#15064 = IFCPOLYLOOP((#15065, #14687, #15066));
#15065 = IFCCARTESIANPOINT((-3.4168155670166E-2, -3.51032676696777E-2, 1.39654144287109E-1));
#15066 = IFCCARTESIANPOINT((-4.11310577392578E-2, -3.77990264892578E-2, 1.46581985473633E-1));
#15067 = IFCFACEOUTERBOUND(#15064, .T.);
#15068 = IFCFACE((#15067));
#15069 = IFCPOLYLOOP((#15066, #14687, #15070));
#15070 = IFCCARTESIANPOINT((-4.47854156494141E-2, -4.16187744140625E-2, 1.54600769042969E-1));
#15071 = IFCFACEOUTERBOUND(#15069, .T.);
#15072 = IFCFACE((#15071));
#15073 = IFCPOLYLOOP((#15074, #14683, #14687));
#15074 = IFCCARTESIANPOINT((-2.93483047485352E-2, -3.48130187988281E-2, 1.37154815673828E-1));
#15075 = IFCFACEOUTERBOUND(#15073, .T.);
#15076 = IFCFACE((#15075));
#15077 = IFCPOLYLOOP((#14687, #15065, #15074));
#15078 = IFCFACEOUTERBOUND(#15077, .T.);
#15079 = IFCFACE((#15078));
#15080 = IFCPOLYLOOP((#14724, #15081, #14695));
#15081 = IFCCARTESIANPOINT((-4.8362361907959E-2, -4.52061538696289E-2, 1.62697814941406E-1));
#15082 = IFCFACEOUTERBOUND(#15080, .T.);
#15083 = IFCFACE((#15082));
#15084 = IFCPOLYLOOP((#14695, #15081, #15070));
#15085 = IFCFACEOUTERBOUND(#15084, .T.);
#15086 = IFCFACE((#15085));
#15087 = IFCPOLYLOOP((#15088, #14724, #14723));
#15088 = IFCCARTESIANPOINT((-5.5175609588623E-2, -5.8129581451416E-2, 1.96008377075195E-1));
#15089 = IFCFACEOUTERBOUND(#15087, .T.);
#15090 = IFCFACE((#15089));
#15091 = IFCPOLYLOOP((#15092, #15081, #14724));
#15092 = IFCCARTESIANPOINT((-5.34020233154297E-2, -5.0845630645752E-2, 1.77459381103516E-1));
#15093 = IFCFACEOUTERBOUND(#15091, .T.);
#15094 = IFCFACE((#15093));
#15095 = IFCPOLYLOOP((#14687, #14695, #15070));
#15096 = IFCFACEOUTERBOUND(#15095, .T.);
#15097 = IFCFACE((#15096));
#15098 = IFCPOLYLOOP((#14683, #15074, #14979));
#15099 = IFCFACEOUTERBOUND(#15098, .T.);
#15100 = IFCFACE((#15099));
#15101 = IFCPOLYLOOP((#15092, #14724, #15088));
#15102 = IFCFACEOUTERBOUND(#15101, .T.);
#15103 = IFCFACE((#15102));
#15104 = IFCPOLYLOOP((#15105, #15106, #15107));
#15105 = IFCCARTESIANPOINT((-5.67803115844727E-2, -6.46734237670898E-2, 2.15918838500977E-1));
#15106 = IFCCARTESIANPOINT((-5.624267578125E-2, -6.45586547851563E-2, 2.13629013061523E-1));
#15107 = IFCCARTESIANPOINT((-5.63320960998535E-2, -6.56489334106445E-2, 2.16524215698242E-1));
#15108 = IFCFACEOUTERBOUND(#15104, .T.);
#15109 = IFCFACE((#15108));
#15110 = IFCPOLYLOOP((#15088, #14723, #15106));
#15111 = IFCFACEOUTERBOUND(#15110, .T.);
#15112 = IFCFACE((#15111));
#15113 = IFCPOLYLOOP((#15106, #14723, #15107));
#15114 = IFCFACEOUTERBOUND(#15113, .T.);
#15115 = IFCFACE((#15114));
#15116 = IFCPOLYLOOP((#15117, #14723, #14755));
#15117 = IFCCARTESIANPOINT((-5.71428527832031E-2, -7.212744140625E-2, 2.36323181152344E-1));
#15118 = IFCFACEOUTERBOUND(#15116, .T.);
#15119 = IFCFACE((#15118));
#15120 = IFCPOLYLOOP((#15121, #15117, #14755));
#15121 = IFCCARTESIANPOINT((-5.74449081420898E-2, -7.72915725708008E-2, 2.52207870483398E-1));
#15122 = IFCFACEOUTERBOUND(#15120, .T.);
#15123 = IFCFACE((#15122));
#15124 = IFCPOLYLOOP((#14832, #15125, #14789));
#15125 = IFCCARTESIANPOINT((-5.74012107849121E-2, -9.39127578735352E-2, 3.01207458496094E-1));
#15126 = IFCFACEOUTERBOUND(#15124, .T.);
#15127 = IFCFACE((#15126));
#15128 = IFCPOLYLOOP((#15129, #15130, #15131));
#15129 = IFCCARTESIANPOINT((-5.73162574768066E-2, -1.00704246520996E-1, 3.23517425537109E-1));
#15130 = IFCCARTESIANPOINT((-5.71869926452637E-2, -1.00744613647461E-1, 3.20987762451172E-1));
#15131 = IFCCARTESIANPOINT((-5.71240425109863E-2, -1.01880699157715E-1, 3.23887176513672E-1));
#15132 = IFCFACEOUTERBOUND(#15128, .T.);
#15133 = IFCFACE((#15132));
#15134 = IFCPOLYLOOP((#14832, #15131, #15130));
#15135 = IFCFACEOUTERBOUND(#15134, .T.);
#15136 = IFCFACE((#15135));
#15137 = IFCPOLYLOOP((#15130, #15125, #14832));
#15138 = IFCFACEOUTERBOUND(#15137, .T.);
#15139 = IFCFACE((#15138));
#15140 = IFCPOLYLOOP((#15141, #15131, #14832));
#15141 = IFCCARTESIANPOINT((-5.66869926452637E-2, -1.09359481811523E-1, 3.43867980957031E-1));
#15142 = IFCFACEOUTERBOUND(#15140, .T.);
#15143 = IFCFACE((#15142));
#15144 = IFCPOLYLOOP((#15145, #14755, #14789));
#15145 = IFCCARTESIANPOINT((-5.75856704711914E-2, -8.46714782714844E-2, 2.74820617675781E-1));
#15146 = IFCFACEOUTERBOUND(#15144, .T.);
#15147 = IFCFACE((#15146));
#15148 = IFCPOLYLOOP((#15149, #15121, #15150));
#15149 = IFCCARTESIANPOINT((-5.76885643005371E-2, -7.72013397216797E-2, 2.54325302124023E-1));
#15150 = IFCCARTESIANPOINT((-5.74330062866211E-2, -7.83180084228516E-2, 2.54898818969727E-1));
#15151 = IFCFACEOUTERBOUND(#15148, .T.);
#15152 = IFCFACE((#15151));
#15153 = IFCPOLYLOOP((#15150, #14755, #15145));
#15154 = IFCFACEOUTERBOUND(#15153, .T.);
#15155 = IFCFACE((#15154));
#15156 = IFCPOLYLOOP((#15150, #15121, #14755));
#15157 = IFCFACEOUTERBOUND(#15156, .T.);
#15158 = IFCFACE((#15157));
#15159 = IFCPOLYLOOP((#15160, #15161, #15125));
#15160 = IFCCARTESIANPOINT((-5.75869407653809E-2, -9.25663375854492E-2, 3.00185791015625E-1));
#15161 = IFCCARTESIANPOINT((-5.74460220336914E-2, -9.27961349487305E-2, 2.98280517578125E-1));
#15162 = IFCFACEOUTERBOUND(#15159, .T.);
#15163 = IFCFACE((#15162));
#15164 = IFCPOLYLOOP((#14789, #15161, #15165));
#15165 = IFCCARTESIANPOINT((-5.7555591583252E-2, -8.57595825195313E-2, 2.77691467285156E-1));
#15166 = IFCFACEOUTERBOUND(#15164, .T.);
#15167 = IFCFACE((#15166));
#15168 = IFCPOLYLOOP((#15145, #15165, #15169));
#15169 = IFCCARTESIANPOINT((-5.77501029968262E-2, -8.46203155517578E-2, 2.77091949462891E-1));
#15170 = IFCFACEOUTERBOUND(#15168, .T.);
#15171 = IFCFACE((#15170));
#15172 = IFCPOLYLOOP((#15165, #15145, #14789));
#15173 = IFCFACEOUTERBOUND(#15172, .T.);
#15174 = IFCFACE((#15173));
#15175 = IFCPOLYLOOP((#14789, #15125, #15161));
#15176 = IFCFACEOUTERBOUND(#15175, .T.);
#15177 = IFCFACE((#15176));
#15178 = IFCPOLYLOOP((#14723, #15117, #15107));
#15179 = IFCFACEOUTERBOUND(#15178, .T.);
#15180 = IFCFACE((#15179));
#15181 = IFCPOLYLOOP((#15051, #15182, #15050));
#15182 = IFCCARTESIANPOINT((-6.27357053756714E-3, -1.11158546447754E-1, 3.18854736328125E-1));
#15183 = IFCFACEOUTERBOUND(#15181, .T.);
#15184 = IFCFACE((#15183));
#15185 = IFCPOLYLOOP((#14836, #14797, #15058));
#15186 = IFCFACEOUTERBOUND(#15185, .T.);
#15187 = IFCFACE((#15186));
#15188 = IFCPOLYLOOP((#15189, #14836, #15058));
#15189 = IFCCARTESIANPOINT((-8.34832191467285E-3, -1.18669212341309E-1, 3.39888244628906E-1));
#15190 = IFCFACEOUTERBOUND(#15188, .T.);
#15191 = IFCFACE((#15190));
#15192 = IFCPOLYLOOP((#15189, #15193, #15194));
#15193 = IFCCARTESIANPOINT((-7.98500823974609E-3, -1.18989288330078E-1, 3.42578826904297E-1));
#15194 = IFCCARTESIANPOINT((-8.61498260498047E-3, -1.19700561523438E-1, 3.43068878173828E-1));
#15195 = IFCFACEOUTERBOUND(#15192, .T.);
#15196 = IFCFACE((#15195));
#15197 = IFCPOLYLOOP((#15198, #15199, #15200));
#15198 = IFCCARTESIANPOINT((-1.06968965530396E-2, -1.26977043151855E-1, 3.66324188232422E-1));
#15199 = IFCCARTESIANPOINT((-1.03595571517944E-2, -1.25991973876953E-1, 3.63169403076172E-1));
#15200 = IFCCARTESIANPOINT((-9.91043472290039E-3, -1.26204475402832E-1, 3.65852325439453E-1));
#15201 = IFCFACEOUTERBOUND(#15197, .T.);
#15202 = IFCFACE((#15201));
#15203 = IFCPOLYLOOP((#14836, #15194, #15199));
#15204 = IFCFACEOUTERBOUND(#15203, .T.);
#15205 = IFCFACE((#15204));
#15206 = IFCPOLYLOOP((#15194, #14836, #15189));
#15207 = IFCFACEOUTERBOUND(#15206, .T.);
#15208 = IFCFACE((#15207));
#15209 = IFCPOLYLOOP((#15198, #14872, #15199));
#15210 = IFCFACEOUTERBOUND(#15209, .T.);
#15211 = IFCFACE((#15210));
#15212 = IFCPOLYLOOP((#14836, #15199, #14872));
#15213 = IFCFACEOUTERBOUND(#15212, .T.);
#15214 = IFCFACE((#15213));
#15215 = IFCPOLYLOOP((#14872, #15198, #15216));
#15216 = IFCCARTESIANPOINT((-1.32810897827148E-2, -1.33141876220703E-1, 3.86415313720703E-1));
#15217 = IFCFACEOUTERBOUND(#15215, .T.);
#15218 = IFCFACE((#15217));
#15219 = IFCPOLYLOOP((#14872, #15220, #14901));
#15220 = IFCCARTESIANPOINT((-1.54046039581299E-2, -1.37054946899414E-1, 4.00009765625E-1));
#15221 = IFCFACEOUTERBOUND(#15219, .T.);
#15222 = IFCFACE((#15221));
#15223 = IFCPOLYLOOP((#14901, #14876, #14872));
#15224 = IFCFACEOUTERBOUND(#15223, .T.);
#15225 = IFCFACE((#15224));
#15226 = IFCPOLYLOOP((#15227, #14872, #15216));
#15227 = IFCCARTESIANPOINT((-1.37108898162842E-2, -1.34039794921875E-1, 3.89523895263672E-1));
#15228 = IFCFACEOUTERBOUND(#15226, .T.);
#15229 = IFCFACE((#15228));
#15230 = IFCPOLYLOOP((#15216, #15231, #15227));
#15231 = IFCCARTESIANPOINT((-1.26900196075439E-2, -1.33245178222656E-1, 3.89176574707031E-1));
#15232 = IFCFACEOUTERBOUND(#15230, .T.);
#15233 = IFCFACE((#15232));
#15234 = IFCPOLYLOOP((#14901, #15220, #15235));
#15235 = IFCCARTESIANPOINT((-1.72709922790527E-2, -1.39865081787109E-1, 4.10472900390625E-1));
#15236 = IFCFACEOUTERBOUND(#15234, .T.);
#15237 = IFCFACE((#15236));
#15238 = IFCPOLYLOOP((#15239, #14901, #15235));
#15239 = IFCCARTESIANPOINT((-1.77952499389648E-2, -1.40615356445313E-1, 4.13533874511719E-1));
#15240 = IFCFACEOUTERBOUND(#15238, .T.);
#15241 = IFCFACE((#15240));
#15242 = IFCPOLYLOOP((#15227, #15220, #14872));
#15243 = IFCFACEOUTERBOUND(#15242, .T.);
#15244 = IFCFACE((#15243));
#15245 = IFCPOLYLOOP((#15235, #15246, #15239));
#15246 = IFCCARTESIANPOINT((-1.65067157745361E-2, -1.39838027954102E-1, 4.12926116943359E-1));
#15247 = IFCFACEOUTERBOUND(#15245, .T.);
#15248 = IFCFACE((#15247));
#15249 = IFCPOLYLOOP((#15250, #15251, #15252));
#15250 = IFCCARTESIANPOINT((-2.29078922271729E-2, -1.45825592041016E-1, 4.36743103027344E-1));
#15251 = IFCCARTESIANPOINT((-2.21612110137939E-2, -1.45230087280273E-1, 4.33755249023438E-1));
#15252 = IFCCARTESIANPOINT((-2.11859264373779E-2, -1.45275497436523E-1, 4.36736694335938E-1));
#15253 = IFCFACEOUTERBOUND(#15249, .T.);
#15254 = IFCFACE((#15253));
#15255 = IFCPOLYLOOP((#14901, #15251, #14923));
#15256 = IFCFACEOUTERBOUND(#15255, .T.);
#15257 = IFCFACE((#15256));
#15258 = IFCPOLYLOOP((#14923, #15250, #15259));
#15259 = IFCCARTESIANPOINT((-2.517822265625E-2, -1.47533813476563E-1, 4.46736877441406E-1));
#15260 = IFCFACEOUTERBOUND(#15258, .T.);
#15261 = IFCFACE((#15260));
#15262 = IFCPOLYLOOP((#14923, #15259, #15263));
#15263 = IFCCARTESIANPOINT((-2.73704719543457E-2, -1.48942611694336E-1, 4.5674951171875E-1));
#15264 = IFCFACEOUTERBOUND(#15262, .T.);
#15265 = IFCFACE((#15264));
#15266 = IFCPOLYLOOP((#15267, #15263, #15268));
#15267 = IFCCARTESIANPOINT((-2.82411251068115E-2, -1.495234375E-1, 4.61614715576172E-1));
#15268 = IFCCARTESIANPOINT((-2.646337890625E-2, -1.49199890136719E-1, 4.60510864257813E-1));
#15269 = IFCFACEOUTERBOUND(#15266, .T.);
#15270 = IFCFACE((#15269));
#15271 = IFCPOLYLOOP((#14924, #14923, #15263));
#15272 = IFCFACEOUTERBOUND(#15271, .T.);
#15273 = IFCFACE((#15272));
#15274 = IFCPOLYLOOP((#15251, #15250, #14923));
#15275 = IFCFACEOUTERBOUND(#15274, .T.);
#15276 = IFCFACE((#15275));
#15277 = IFCPOLYLOOP((#14938, #15267, #15278));
#15278 = IFCCARTESIANPOINT((-3.23383560180664E-2, -1.51589309692383E-1, 4.81081146240234E-1));
#15279 = IFCFACEOUTERBOUND(#15277, .T.);
#15280 = IFCFACE((#15279));
#15281 = IFCPOLYLOOP((#14924, #15267, #14938));
#15282 = IFCFACEOUTERBOUND(#15281, .T.);
#15283 = IFCFACE((#15282));
#15284 = IFCPOLYLOOP((#15285, #14938, #15278));
#15285 = IFCCARTESIANPOINT((-3.36263313293457E-2, -1.52158645629883E-1, 4.87460876464844E-1));
#15286 = IFCFACEOUTERBOUND(#15284, .T.);
#15287 = IFCFACE((#15286));
#15288 = IFCPOLYLOOP((#15263, #15267, #14924));
#15289 = IFCFACEOUTERBOUND(#15288, .T.);
#15290 = IFCFACE((#15289));
#15291 = IFCPOLYLOOP((#15278, #15292, #15285));
#15292 = IFCCARTESIANPOINT((-3.16183204650879E-2, -1.51950271606445E-1, 4.85002532958984E-1));
#15293 = IFCFACEOUTERBOUND(#15291, .T.);
#15294 = IFCFACE((#15293));
#15295 = IFCPOLYLOOP((#15296, #15297, #15298));
#15296 = IFCCARTESIANPOINT((-4.77746696472168E-2, -1.53452224731445E-1, 5.12072814941406E-1));
#15297 = IFCCARTESIANPOINT((-4.82702980041504E-2, -1.51836303710938E-1, 5.03048187255859E-1));
#15298 = IFCCARTESIANPOINT((-3.75467720031738E-2, -1.53822616577148E-1, 5.04780456542969E-1));
#15299 = IFCFACEOUTERBOUND(#15295, .T.);
#15300 = IFCFACE((#15299));
#15301 = IFCPOLYLOOP((#15298, #15302, #15296));
#15302 = IFCCARTESIANPOINT((-4.03479804992676E-2, -1.55091644287109E-1, 5.16289978027344E-1));
#15303 = IFCFACEOUTERBOUND(#15301, .T.);
#15304 = IFCFACE((#15303));
#15305 = IFCPOLYLOOP((#15298, #15297, #14939));
#15306 = IFCFACEOUTERBOUND(#15305, .T.);
#15307 = IFCFACE((#15306));
#15308 = IFCPOLYLOOP((#14939, #14938, #15298));
#15309 = IFCFACEOUTERBOUND(#15308, .T.);
#15310 = IFCFACE((#15309));
#15311 = IFCPOLYLOOP((#14938, #15285, #15298));
#15312 = IFCFACEOUTERBOUND(#15311, .T.);
#15313 = IFCFACE((#15312));
#15314 = IFCPOLYLOOP((#15251, #14901, #15239));
#15315 = IFCFACEOUTERBOUND(#15314, .T.);
#15316 = IFCFACE((#15315));
#15317 = IFCPOLYLOOP((#14897, #15318, #14861));
#15318 = IFCCARTESIANPOINT((-5.5765495300293E-2, -1.18826263427734E-1, 3.67887786865234E-1));
#15319 = IFCFACEOUTERBOUND(#15317, .T.);
#15320 = IFCFACE((#15319));
#15321 = IFCPOLYLOOP((#15322, #15323, #15324));
#15322 = IFCCARTESIANPOINT((-5.46829032897949E-2, -1.25861038208008E-1, 3.85795623779297E-1));
#15323 = IFCCARTESIANPOINT((-5.44799919128418E-2, -1.26885536193848E-1, 3.88968322753906E-1));
#15324 = IFCCARTESIANPOINT((-5.50372123718262E-2, -1.25541748046875E-1, 3.88651336669922E-1));
#15325 = IFCFACEOUTERBOUND(#15321, .T.);
#15326 = IFCFACE((#15325));
#15327 = IFCPOLYLOOP((#15323, #15322, #14897));
#15328 = IFCFACEOUTERBOUND(#15327, .T.);
#15329 = IFCFACE((#15328));
#15330 = IFCPOLYLOOP((#14897, #14919, #15323));
#15331 = IFCFACEOUTERBOUND(#15330, .T.);
#15332 = IFCFACE((#15331));
#15333 = IFCPOLYLOOP((#14919, #15334, #15335));
#15334 = IFCCARTESIANPOINT((-5.29701499938965E-2, -1.33881759643555E-1, 4.11304077148438E-1));
#15335 = IFCCARTESIANPOINT((-5.31275482177734E-2, -1.33128509521484E-1, 4.08424560546875E-1));
#15336 = IFCFACEOUTERBOUND(#15333, .T.);
#15337 = IFCFACE((#15336));
#15338 = IFCPOLYLOOP((#14919, #15335, #15323));
#15339 = IFCFACEOUTERBOUND(#15338, .T.);
#15340 = IFCFACE((#15339));
#15341 = IFCPOLYLOOP((#15335, #15334, #15342));
#15342 = IFCCARTESIANPOINT((-5.37755241394043E-2, -1.3251823425293E-1, 4.10654144287109E-1));
#15343 = IFCFACEOUTERBOUND(#15341, .T.);
#15344 = IFCFACE((#15343));
#15345 = IFCPOLYLOOP((#15346, #14919, #14912));
#15346 = IFCCARTESIANPOINT((-5.16042900085449E-2, -1.3882487487793E-1, 4.30669494628906E-1));
#15347 = IFCFACEOUTERBOUND(#15345, .T.);
#15348 = IFCFACE((#15347));
#15349 = IFCPOLYLOOP((#15141, #14868, #15350));
#15350 = IFCCARTESIANPOINT((-5.66110572814941E-2, -1.1053685760498E-1, 3.46789245605469E-1));
#15351 = IFCFACEOUTERBOUND(#15349, .T.);
#15352 = IFCFACE((#15351));
#15353 = IFCPOLYLOOP((#15350, #15354, #15141));
#15354 = IFCCARTESIANPOINT((-5.68197250366211E-2, -1.09387573242188E-1, 3.46381805419922E-1));
#15355 = IFCFACEOUTERBOUND(#15353, .T.);
#15356 = IFCFACE((#15355));
#15357 = IFCPOLYLOOP((#14868, #15141, #14832));
#15358 = IFCFACEOUTERBOUND(#15357, .T.);
#15359 = IFCFACE((#15358));
#15360 = IFCPOLYLOOP((#15318, #15361, #14868));
#15361 = IFCCARTESIANPOINT((-5.59087600708008E-2, -1.17681640625E-1, 3.65044036865234E-1));
#15362 = IFCFACEOUTERBOUND(#15360, .T.);
#15363 = IFCFACE((#15362));
#15364 = IFCPOLYLOOP((#15361, #15350, #14868));
#15365 = IFCFACEOUTERBOUND(#15364, .T.);
#15366 = IFCFACE((#15365));
#15367 = IFCPOLYLOOP((#15318, #15368, #15361));
#15368 = IFCCARTESIANPOINT((-5.61170387268066E-2, -1.17553092956543E-1, 3.67508605957031E-1));
#15369 = IFCFACEOUTERBOUND(#15367, .T.);
#15370 = IFCFACE((#15369));
#15371 = IFCPOLYLOOP((#15318, #14868, #14861));
#15372 = IFCFACEOUTERBOUND(#15371, .T.);
#15373 = IFCFACE((#15372));
#15374 = IFCPOLYLOOP((#15318, #14897, #15322));
#15375 = IFCFACEOUTERBOUND(#15374, .T.);
#15376 = IFCFACE((#15375));
#15377 = IFCPOLYLOOP((#15378, #14931, #14939));
#15378 = IFCCARTESIANPOINT((-5.02341346740723E-2, -1.4417497253418E-1, 4.5829541015625E-1));
#15379 = IFCFACEOUTERBOUND(#15377, .T.);
#15380 = IFCFACE((#15379));
#15381 = IFCPOLYLOOP((#15297, #15382, #14939));
#15382 = IFCCARTESIANPOINT((-4.92266845703125E-2, -1.48700210571289E-1, 4.85085601806641E-1));
#15383 = IFCFACEOUTERBOUND(#15381, .T.);
#15384 = IFCFACE((#15383));
#15385 = IFCPOLYLOOP((#15302, #15386, #15387));
#15386 = IFCCARTESIANPOINT((-4.18902282714844E-2, -1.55838729858398E-1, 5.21961608886719E-1));
#15387 = IFCCARTESIANPOINT((-4.51312675476074E-2, -1.56557556152344E-1, 5.27851379394531E-1));
#15388 = IFCFACEOUTERBOUND(#15385, .T.);
#15389 = IFCFACE((#15388));
#15390 = IFCPOLYLOOP((#15302, #15387, #15391));
#15391 = IFCCARTESIANPOINT((-4.72130851745605E-2, -1.55128784179688E-1, 5.21107177734375E-1));
#15392 = IFCFACEOUTERBOUND(#15390, .T.);
#15393 = IFCFACE((#15392));
#15394 = IFCPOLYLOOP((#15302, #15391, #15296));
#15395 = IFCFACEOUTERBOUND(#15394, .T.);
#15396 = IFCFACE((#15395));
#15397 = IFCPOLYLOOP((#14931, #15398, #15399));
#15398 = IFCCARTESIANPOINT((-5.02971572875977E-2, -1.43408233642578E-1, 4.53394348144531E-1));
#15399 = IFCCARTESIANPOINT((-5.13615837097168E-2, -1.39528549194336E-1, 4.33589721679688E-1));
#15400 = IFCFACEOUTERBOUND(#15397, .T.);
#15401 = IFCFACE((#15400));
#15402 = IFCPOLYLOOP((#15334, #14919, #15346));
#15403 = IFCFACEOUTERBOUND(#15402, .T.);
#15404 = IFCFACE((#15403));
#15405 = IFCPOLYLOOP((#15399, #15406, #15346));
#15406 = IFCCARTESIANPOINT((-5.27006607055664E-2, -1.38078948974609E-1, 4.33311676025391E-1));
#15407 = IFCFACEOUTERBOUND(#15405, .T.);
#15408 = IFCFACE((#15407));
#15409 = IFCPOLYLOOP((#15346, #14912, #15399));
#15410 = IFCFACEOUTERBOUND(#15409, .T.);
#15411 = IFCFACE((#15410));
#15412 = IFCPOLYLOOP((#15413, #15414, #15382));
#15413 = IFCCARTESIANPOINT((-5.0800178527832E-2, -1.47556671142578E-1, 4.82063049316406E-1));
#15414 = IFCCARTESIANPOINT((-4.94477233886719E-2, -1.47625671386719E-1, 4.78621917724609E-1));
#15415 = IFCFACEOUTERBOUND(#15412, .T.);
#15416 = IFCFACE((#15415));
#15417 = IFCPOLYLOOP((#14931, #15378, #15398));
#15418 = IFCFACEOUTERBOUND(#15417, .T.);
#15419 = IFCFACE((#15418));
#15420 = IFCPOLYLOOP((#15398, #15378, #15421));
#15421 = IFCCARTESIANPOINT((-5.16732788085938E-2, -1.42932662963867E-1, 4.56747650146484E-1));
#15422 = IFCFACEOUTERBOUND(#15420, .T.);
#15423 = IFCFACE((#15422));
#15424 = IFCPOLYLOOP((#15378, #14939, #15414));
#15425 = IFCFACEOUTERBOUND(#15424, .T.);
#15426 = IFCFACE((#15425));
#15427 = IFCPOLYLOOP((#15414, #14939, #15382));
#15428 = IFCFACEOUTERBOUND(#15427, .T.);
#15429 = IFCFACE((#15428));
#15430 = IFCPOLYLOOP((#15399, #14912, #14931));
#15431 = IFCFACEOUTERBOUND(#15430, .T.);
#15432 = IFCFACE((#15431));
#15433 = IFCPOLYLOOP((#14793, #15050, #15058));
#15434 = IFCFACEOUTERBOUND(#15433, .T.);
#15435 = IFCFACE((#15434));
#15436 = IFCPOLYLOOP((#14677, #14975, #14678));
#15437 = IFCFACEOUTERBOUND(#15436, .T.);
#15438 = IFCFACE((#15437));
#15439 = IFCPOLYLOOP((#14683, #14677, #14676));
#15440 = IFCFACEOUTERBOUND(#15439, .T.);
#15441 = IFCFACE((#15440));
#15442 = IFCPOLYLOOP((#14678, #14952, #14700));
#15443 = IFCFACEOUTERBOUND(#15442, .T.);
#15444 = IFCFACE((#15443));
#15445 = IFCPOLYLOOP((#14676, #14678, #14699));
#15446 = IFCFACEOUTERBOUND(#15445, .T.);
#15447 = IFCFACE((#15446));
#15448 = IFCPOLYLOOP((#14682, #14676, #14704));
#15449 = IFCFACEOUTERBOUND(#15448, .T.);
#15450 = IFCFACE((#15449));
#15451 = IFCPOLYLOOP((#14695, #14691, #14715));
#15452 = IFCFACEOUTERBOUND(#15451, .T.);
#15453 = IFCFACE((#15452));
#15454 = IFCPOLYLOOP((#14724, #14695, #14719));
#15455 = IFCFACEOUTERBOUND(#15454, .T.);
#15456 = IFCFACE((#15455));
#15457 = IFCPOLYLOOP((#14699, #14700, #14729));
#15458 = IFCFACEOUTERBOUND(#15457, .T.);
#15459 = IFCFACE((#15458));
#15460 = IFCPOLYLOOP((#14704, #14699, #14728));
#15461 = IFCFACEOUTERBOUND(#15460, .T.);
#15462 = IFCFACE((#15461));
#15463 = IFCPOLYLOOP((#14719, #14715, #14747));
#15464 = IFCFACEOUTERBOUND(#15463, .T.);
#15465 = IFCFACE((#15464));
#15466 = IFCPOLYLOOP((#14723, #14719, #14751));
#15467 = IFCFACEOUTERBOUND(#15466, .T.);
#15468 = IFCFACE((#15467));
#15469 = IFCPOLYLOOP((#14728, #14729, #14760));
#15470 = IFCFACEOUTERBOUND(#15469, .T.);
#15471 = IFCFACE((#15470));
#15472 = IFCPOLYLOOP((#14733, #14728, #14759));
#15473 = IFCFACEOUTERBOUND(#15472, .T.);
#15474 = IFCFACE((#15473));
#15475 = IFCPOLYLOOP((#14755, #14751, #14785));
#15476 = IFCFACEOUTERBOUND(#15475, .T.);
#15477 = IFCFACE((#15476));
#15478 = IFCSURFACESTYLERENDERING(#15479, 0., #15480, $, $, #15481, #15482, $, .NOTDEFINED.);
#15479 = IFCCOLOURRGB('Surface color', 0., 4.98039215803146E-1, 0.);
#15480 = IFCCOLOURRGB('Diffuse color', 0., 4.98039215803146E-1, 0.);
#15481 = IFCCOLOURRGB('Reflection color', 1., 1., 1.);
#15482 = IFCCOLOURRGB('Specular color', 1., 1., 1.);
#15483 = IFCSURFACESTYLE('d194c32c_5116_40c1_a141_b5544e73a1b4', .BOTH., (#15478));
#15484 = IFCPRESENTATIONSTYLEASSIGNMENT((#15483));
#15485 = IFCSTYLEDITEM($, (#15484), $);
#15486 = IFCSTYLEDREPRESENTATION(#106, 'Body', $, (#15485));
ENDSEC;
END-ISO-10303-21;
