ISO-10303-21;
HEADER;
FILE_DESCRIPTION (('ViewDefinition [CoordinationView]'), '2;1');
FILE_NAME ('Furniture_Armchairs_PLANK_MONZA-armchair-outdoor.ifc', '2019-12-13T14:33:23', ('Supplier'), ('BIMobject'), 'IFC Engine DLL 2017-09-06', 'BIMobject-Lena', 'Full Scope');
FILE_SCHEMA (('IFC2X3'));
ENDSEC;
DATA;
#1 = IFCPROJECT('08T9hZyR50zBPmKJ6JEcW5', #2, 'BIMobject Library', $, $, $, $, (#19), #7);
#2 = IFCOWNERHISTORY(#3, #6, $, .ADDED., 1576247603, $, $, 1576247603);
#3 = IFCPERSONANDORGANIZATION(#4, #5, $);
#4 = IFCPERSON($, 'Maros', 'J\X2\00EF\X0\\X2\00BF\X0\\X2\00BD\X0\nos', $, $, $, $, $);
#5 = IFCORGANIZATION($, 'BIMobject', 'BIMobject\X2\00EF\X0\\X2\00BF\X0\\X2\00BD\X0\ Corporation', $, $);
#6 = IFCAPPLICATION(#5, '0.10', 'BIMobject-Lena', 'LTC 110');
#7 = IFCUNITASSIGNMENT((#8, #9, #10, #12, #15, #16, #17, #18));
#8 = IFCSIUNIT(*, .LENGTHUNIT., $, .METRE.);
#9 = IFCSIUNIT(*, .AREAUNIT., $, .SQUARE_METRE.);
#10 = IFCSIUNIT(*, .VOLUMEUNIT., $, .CUBIC_METRE.);
#11 = IFCSIUNIT(*, .PLANEANGLEUNIT., $, .RADIAN.);
#12 = IFCCONVERSIONBASEDUNIT(#13, .PLANEANGLEUNIT., 'DEGREE', #14);
#13 = IFCDIMENSIONALEXPONENTS(0, 0, 0, 0, 0, 0, 0);
#14 = IFCMEASUREWITHUNIT(IFCPLANEANGLEMEASURE(1.74532925199433E-2), #11);
#15 = IFCSIUNIT(*, .SOLIDANGLEUNIT., $, .STERADIAN.);
#16 = IFCSIUNIT(*, .TIMEUNIT., $, .SECOND.);
#17 = IFCSIUNIT(*, .THERMODYNAMICTEMPERATUREUNIT., $, .DEGREE_CELSIUS.);
#18 = IFCSIUNIT(*, .LUMINOUSINTENSITYUNIT., $, .LUMEN.);
#19 = IFCGEOMETRICREPRESENTATIONCONTEXT($, 'Model', 3, 1.E-5, #20, $);
#20 = IFCAXIS2PLACEMENT3D(#21, $, $);
#21 = IFCCARTESIANPOINT((0., 0., 0.));
#22 = IFCSITE('0HnyxHMzTAkQD0PBE8bEjg', #2, $, $, $, #23, $, $, .ELEMENT., $, $, $, $, $);
#23 = IFCLOCALPLACEMENT($, #24);
#24 = IFCAXIS2PLACEMENT3D(#21, $, $);
#25 = IFCBUILDING('2EglrkZQnAognIbkPDfDk4', #2, $, $, $, #26, $, $, .ELEMENT., $, $, $);
#26 = IFCLOCALPLACEMENT(#23, #27);
#27 = IFCAXIS2PLACEMENT3D(#21, $, $);
#28 = IFCBUILDINGSTOREY('3D3bDKsL5AbhJ$DXp9DP85', #2, $, $, $, #29, $, $, .ELEMENT., 0.);
#29 = IFCLOCALPLACEMENT(#26, #30);
#30 = IFCAXIS2PLACEMENT3D(#21, $, $);
#31 = IFCRELAGGREGATES('3F57tqmUHDUOaSQIjFzOjw', #2, $, $, #25, (#28));
#32 = IFCRELAGGREGATES('3qz8MANIfAJeFbFTWMs0bV', #2, $, $, #22, (#25));
#33 = IFCRELAGGREGATES('0ZokY9MsD3lwvtJ5j2J2sd', #2, $, $, #1, (#22));
#34 = IFCLOCALPLACEMENT(#29, #35);
#35 = IFCAXIS2PLACEMENT3D(#21, $, $);
#36 = IFCPRODUCTDEFINITIONSHAPE($, $, (#102));
#37 = IFCFURNISHINGELEMENT('2J9VrqsGL90eb1A07JWPow', #2, 'MONZA armchair outdoor', $, $, #34, #36, $);
#38 = IFCPROPERTYSET('2IVaXnfLv8veSytHvfD$$D', #2, 'ePset_BIMobjectScript', $, (#39, #40));
#39 = IFCPROPERTYSINGLEVALUE('Backrest Color', 'bos_p1', IFCLABEL('Black'), $);
#40 = IFCPROPERTYSINGLEVALUE('LOD', 'bos_p2', IFCLABEL('300'), $);
#41 = IFCRELDEFINESBYPROPERTIES('3SdupeREfCNxzdH4BNJgHS', #2, $, $, (#37), #38);
#42 = IFCPROPERTYSET('2VdL47SjLCyOCYzVt5kctS', #2, 'ePset_BIMobject_BO', $, (#43, #44, #45, #46, #47, #48, #49, #50, #51, #52, #53, #54, #55, #56, #57, #58, #59, #60, #61, #62, #63, #64, #65, #66, #67, #68, #69, #70, #71, #72, #73, #74, #75, #76, #77, #78, #79, #80, #81, #82, #83, #84, #85, #86, #87, #88, #89, #90, #91, #92, #93, #94, #95, #96, #97, #98, #99, #100));
#43 = IFCPROPERTYSINGLEVALUE('ProductName (BO_prodinfo)', 'Name of the object', IFCTEXT('MONZA armchair outdoor'), $);
#44 = IFCPROPERTYSINGLEVALUE('SKU (BO_prodsku)', 'Product SKU', IFCTEXT('MONZA-armchair-outdoor'), $);
#45 = IFCPROPERTYSINGLEVALUE('ManufacturName (BO_Manufac)', 'Brand:', IFCTEXT('PLANK'), $);
#46 = IFCPROPERTYSINGLEVALUE('BrandUrl (BO_brandurl)', 'Brand url:', IFCTEXT('http://www.plank.it'), $);
#47 = IFCPROPERTYSINGLEVALUE('ProductFamily (BO_prodfam)', 'Product family:', IFCTEXT(''), $);
#48 = IFCPROPERTYSINGLEVALUE('ProductGroup (BO_prodgroup)', 'Product group:', IFCTEXT(''), $);
#49 = IFCPROPERTYSINGLEVALUE('ManufacturCountry (BO_mancont)', 'Manufacturer country:', IFCTEXT('Italy'), $);
#50 = IFCPROPERTYSINGLEVALUE('DesignCountry (BO_designcont)', 'Design country:', IFCTEXT('Italy'), $);
#51 = IFCPROPERTYSINGLEVALUE('PublishDate (BO_publisdat)', 'Date of publishing:', IFCTEXT(''), $);
#52 = IFCPROPERTYSINGLEVALUE('EditionNumber (BO_edinum)', 'Edition number:', IFCINTEGER(1), $);
#53 = IFCPROPERTYSINGLEVALUE('Width (BO_width)', 'Width (mm):', IFCREAL(0.), $);
#54 = IFCPROPERTYSINGLEVALUE('Height (BO_height)', 'Height (mm):', IFCREAL(0.), $);
#55 = IFCPROPERTYSINGLEVALUE('Depth (BO_depth)', 'Depth (mm):', IFCREAL(0.), $);
#56 = IFCPROPERTYSINGLEVALUE('Weight (BO_weight)', 'Weight Net (Kg):', IFCREAL(0.), $);
#57 = IFCPROPERTYSINGLEVALUE('ProductGuid (BO_productguid)', 'Unique identifier of the object', IFCTEXT('f7f21204-24e6-4282-8915-c5c265b31c96'), $);
#58 = IFCPROPERTYSINGLEVALUE('BO_links', 'Links', IFCTEXT(''), $);
#59 = IFCPROPERTYSINGLEVALUE('QR (BO_boqrurl)', 'BIMobject QR code url:', IFCTEXT('http://bimobject.com/plank/product/MONZA-armchair-outdoor'), $);
#60 = IFCPROPERTYSINGLEVALUE('ProductDataUrl (BO_prodaturl)', 'Product data url:', IFCTEXT('bimobject.com/plank/product/MONZA-armchair-outdoor'), $);
#61 = IFCPROPERTYSINGLEVALUE('ProductUrl (BO_producturl)', 'Product url:', IFCTEXT('https://www.plank.it/en/products/outdoors/monza-armchair-outdoor/'), $);
#62 = IFCPROPERTYSINGLEVALUE('InstallationInstructions (BO_montins)', 'Installation instructions:', IFCTEXT(''), $);
#63 = IFCPROPERTYSINGLEVALUE('ProductCertification (BO_prodcert)', 'Product certification:', IFCTEXT(''), $);
#64 = IFCPROPERTYSINGLEVALUE('TechnicalDescription (BO_techcert)', 'Technical description:', IFCTEXT('https://www.plank.it/en/products/outdoors/monza-armchair-outdoor/'), $);
#65 = IFCPROPERTYSINGLEVALUE('InstructionVideo (BO_youtube)', 'Instruction video:', IFCTEXT(''), $);
#66 = IFCPROPERTYSINGLEVALUE('GtinCode (BO_gtin)', 'GTIN code:', IFCTEXT(''), $);
#67 = IFCPROPERTYSINGLEVALUE('BO_real', 'Related', IFCTEXT(''), $);
#68 = IFCPROPERTYSINGLEVALUE('MaterialMain (BO_mainmat)', 'Material main:', IFCTEXT('Wood'), $);
#69 = IFCPROPERTYSINGLEVALUE('MaterialSecondary (BO_secmat)', 'Material secondary:', IFCTEXT('Wood'), $);
#70 = IFCPROPERTYSINGLEVALUE('BO_classific', 'Classifications', IFCTEXT(''), $);
#71 = IFCPROPERTYSINGLEVALUE('BimObjectMainCategory (BO_bomaincat)', 'BIMobject Main Category:', IFCTEXT('Furniture'), $);
#72 = IFCPROPERTYSINGLEVALUE('BimObjectMainCategoryCode (BO_bomaincat_code)', 'BIMobject Main Category Code:', IFCTEXT('furniture'), $);
#73 = IFCPROPERTYSINGLEVALUE('BimObjectCategory (BO_bocat)', 'BIMobject Category:', IFCTEXT('Armchairs'), $);
#74 = IFCPROPERTYSINGLEVALUE('BimObjectCategoryCode (BO_bocat_code)', 'BIMobject Category Code:', IFCTEXT('furniture-armchairs'), $);
#75 = IFCPROPERTYSINGLEVALUE('IfcClassification (BO_ifcclas)', 'IFC Classification:', IFCTEXT('Furnishing Element'), $);
#76 = IFCPROPERTYSINGLEVALUE('UnspcCode (BO_unspc)', 'UNSPC code:', IFCTEXT('56'), $);
#77 = IFCPROPERTYSINGLEVALUE('Uniclass14Code (BO_uniclass_1_4_code)', 'Uniclass 1.4 Code', IFCTEXT('JN'), $);
#78 = IFCPROPERTYSINGLEVALUE('Uniclass14Description (BO_uniclass_1_4_desc)', 'Uniclass 1.4 Description', IFCTEXT('Furniture/Equipment'), $);
#79 = IFCPROPERTYSINGLEVALUE('Uniclass20Code (BO_uniclass_2_0_code)', 'Uniclass 2.0 Code', IFCTEXT('EE-35'), $);
#80 = IFCPROPERTYSINGLEVALUE('Uniclass20Description (BO_uniclass_2_0_desc)', 'Uniclass 2.0 Description', IFCTEXT('Fittings, Furnishings And Equipment (Ff&E) And Signage Elements'), $);
#81 = IFCPROPERTYSINGLEVALUE('Uniclass2015Code (BO_uniclass2015_code)', 'Uniclass 2015 Code', IFCTEXT('EF_40_30'), $);
#82 = IFCPROPERTYSINGLEVALUE('Uniclass2015Description  (BO_uniclass2015_desc)', 'Uniclass 2015 Description', IFCTEXT('Furnishings'), $);
#83 = IFCPROPERTYSINGLEVALUE('NBSReference (BO_nbs_ref)', 'NBS Reference', IFCTEXT('31'), $);
#84 = IFCPROPERTYSINGLEVALUE('NBSReferenceDescription (BO_nbs_desc)', 'NBS Reference Description', IFCTEXT('Fittings, Furnishings And Equipment (Ff&E) Products'), $);
#85 = IFCPROPERTYSINGLEVALUE('OmniClassCode (BO_omniclass_code)', 'OmniClass Code', IFCTEXT('23-21 00 00'), $);
#86 = IFCPROPERTYSINGLEVALUE('OmniClassDescription (BO_omniclass_name)', 'OmniClass Description', IFCTEXT('Furnishings, Fixtures and Equipment Products'), $);
#87 = IFCPROPERTYSINGLEVALUE('MasterFormat2014Code (BO_masterformat2014_code)', 'Masterformat 2014 Code', IFCTEXT('12 00 00'), $);
#88 = IFCPROPERTYSINGLEVALUE('MasterFormat2014Description (BO_masterformat2014_name)', 'Masterformat 2014 Description', IFCTEXT('Furnishings'), $);
#89 = IFCPROPERTYSINGLEVALUE('UniFormat2Code (BO_uniformat2_code)', 'Uniformat II Code', IFCTEXT('E2020'), $);
#90 = IFCPROPERTYSINGLEVALUE('UniFormat2Description (BO_uniformat2_name)', 'Uniformat II Description', IFCTEXT('Movable Furnishings'), $);
#91 = IFCPROPERTYSINGLEVALUE('COBIeTypeCategory (BO_cobie_type_cat)', 'COBIe Type Category', IFCTEXT(''), $);
#92 = IFCPROPERTYSINGLEVALUE('BO_regions', 'Regions', IFCTEXT(''), $);
#93 = IFCPROPERTYSINGLEVALUE('RegionEurope (BO_europe)', 'Region Europe', IFCTEXT('AD, AL, AT, AX, BA, BE, BG, BY, CH, CY, CZ, DE, DK, EE, ES, FI, FO, FR, GB, GG, GI, GR, HR, HU, IE, IM, IS, IT, JE, LI, LT, LU, LV, MC, MD, ME, MK, MT, NL, NO, PL, PT, RO, RS, RU, SE, SI, SJ, SK, SM, UA, VA'), $);
#94 = IFCPROPERTYSINGLEVALUE('RegionNorthAmerica (BO_northamerica)', 'Region North America', IFCTEXT('AG, AI, AW, BB, BL, BM, BQ, BS, BZ, CA, CR, CU, CW, DM, DO, GD, GL, GP, GT, HN, HT, JM, KN, KY, LC, MF, MQ, MS, MX, NI, PA, PM, PR, SV, SX, TC, TT, US, VC, VG, VI'), $);
#95 = IFCPROPERTYSINGLEVALUE('RegionSouthAmerica (BO_southamerica)', 'Region South America', IFCTEXT('AR, BO, BR, CL, CO, EC, FK, GF, GY, PE, PY, SR, UY, VE'), $);
#96 = IFCPROPERTYSINGLEVALUE('RegionMiddleEast (BO_middleeast)', 'Region Middle East', IFCTEXT('AE, AF, BH, EG, IL, IQ, IR, JO, KW, LB, OM, PS, QA, SA, SY, TR, YE'), $);
#97 = IFCPROPERTYSINGLEVALUE('RegionAsia (BO_asia)', 'Region Asia', IFCTEXT('AM, AZ, BD, BN, BT, CC, CN, CX, GE, HK, ID, IN, IO, JP, KG, KH, KP, KR, KZ, LA, LK, MM, MN, MO, MV, MY, NP, PH, PK, SG, TH, TJ, TM, TW, UZ, VN'), $);
#98 = IFCPROPERTYSINGLEVALUE('RegionOceania (BO_oceania)', 'Region Oceania', IFCTEXT('AS, AU, CK, FJ, FM, GU, KI, MH, MP, NC, NF, NR, NU, NZ, PF, PG, PN, PW, SB, TK, TL, TO, TV, UM, WF, WS, VU'), $);
#99 = IFCPROPERTYSINGLEVALUE('RegionAfrica (BO_africa)', 'Region Africa', IFCTEXT('AO, BF, BI, BJ, BW, CD, CF, CG, CI, CM, CV, DJ, DZ, EH, ER, ET, GA, GH, GM, GN, GQ, GW, KE, KM, LR, LS, LY, MA, MG, ML, MR, MU, MW, MZ, NA, NE, NG, RE, RW, SC, SD, SH, SL, SN, SO, SS, ST, SZ, TD, TG, TN, TZ, UG, YT, ZA, ZM, ZW'), $);
#100 = IFCPROPERTYSINGLEVALUE('RegionAntarctica (BO_antarctica)', 'Region Antarctica', IFCTEXT('AQ, BV, GS, HM, TF'), $);
#101 = IFCRELDEFINESBYPROPERTIES('2aNc6sCcz1KeZf5OVnrBbH', #2, $, $, (#37), #42);
#102 = IFCSHAPEREPRESENTATION(#103, 'Body', 'SurfaceModel', (#461, #1526, #2582, #3253, #4248, #4737, #4890, #5883, #6085, #7066, #7268, #7400, #16317, #17380, #17869, #18022, #19085));
#103 = IFCGEOMETRICREPRESENTATIONSUBCONTEXT('Body', 'Model', *, *, *, *, #19, $, .MODEL_VIEW., $);
#104 = IFCOPENSHELL((#110, #115, #120, #124, #130, #135, #138, #143, #146, #149, #153, #156, #159, #162, #166, #171, #176, #179, #183, #187, #190, #193, #196, #200, #204, #209, #212, #215, #219, #222, #225, #230, #234, #238, #242, #245, #249, #252, #256, #259, #263, #266, #270, #274, #277, #281, #284, #289, #293, #296, #300, #304, #307, #311, #314, #318, #321, #324, #328, #332, #335, #339, #342, #346, #351, #354, #358, #362, #365, #369, #373, #377, #381, #384, #388, #391, #394, #397, #400, #403, #406, #409, #412, #415, #418, #421, #424, #427, #430, #433, #436, #439, #442, #445, #448, #451, #454, #457, #460));
#105 = IFCPOLYLOOP((#106, #107, #108));
#106 = IFCCARTESIANPOINT((-2.16999618530273E-1, 2.43820373535156E-1, 9.15571022033691E-3));
#107 = IFCCARTESIANPOINT((-1.89985565185547E-1, 2.40952728271484E-1, 9.15315723419189E-3));
#108 = IFCCARTESIANPOINT((-2.20657516479492E-1, 2.35763000488281E-1, 9.15185356140137E-3));
#109 = IFCFACEOUTERBOUND(#105, .T.);
#110 = IFCFACE((#109));
#111 = IFCPOLYLOOP((#112, #106, #113));
#112 = IFCCARTESIANPOINT((-1.94122161865234E-1, 2.46009002685547E-1, 9.1578254699707E-3));
#113 = IFCCARTESIANPOINT((-2.12091262817383E-1, 2.47813293457031E-1, 9.16578960418701E-3));
#114 = IFCFACEOUTERBOUND(#111, .T.);
#115 = IFCFACE((#114));
#116 = IFCPOLYLOOP((#117, #108, #118));
#117 = IFCCARTESIANPOINT((-2.20524108886719E-1, 2.30584625244141E-1, 9.15228939056396E-3));
#118 = IFCCARTESIANPOINT((-1.88167434692383E-1, 2.34759399414063E-1, 9.15474414825439E-3));
#119 = IFCFACEOUTERBOUND(#116, .T.);
#120 = IFCFACE((#119));
#121 = IFCPOLYLOOP((#118, #122, #117));
#122 = IFCCARTESIANPOINT((-1.88595901489258E-1, 2.29455505371094E-1, 9.15441513061523E-3));
#123 = IFCFACEOUTERBOUND(#121, .T.);
#124 = IFCFACE((#123));
#125 = IFCPOLYLOOP((#126, #127, #128));
#126 = IFCCARTESIANPOINT((-2.18952545166016E-1, 2.25652465820313E-1, 9.15370082855225E-3));
#127 = IFCCARTESIANPOINT((-1.91767272949219E-1, 2.22911895751953E-1, 9.15639877319336E-3));
#128 = IFCCARTESIANPOINT((-2.14965942382813E-1, 2.20724884033203E-1, 9.15815162658691E-3));
#129 = IFCFACEOUTERBOUND(#125, .T.);
#130 = IFCFACE((#129));
#131 = IFCPOLYLOOP((#128, #132, #133));
#132 = IFCCARTESIANPOINT((-1.96805801391602E-1, 2.18767059326172E-1, 9.16457939147949E-3));
#133 = IFCCARTESIANPOINT((-2.06923614501953E-1, 2.17045532226563E-1, 9.16635799407959E-3));
#134 = IFCFACEOUTERBOUND(#131, .T.);
#135 = IFCFACE((#134));
#136 = IFCPOLYLOOP((#117, #122, #126));
#137 = IFCFACEOUTERBOUND(#136, .T.);
#138 = IFCFACE((#137));
#139 = IFCPOLYLOOP((#140, #113, #141));
#140 = IFCCARTESIANPOINT((-1.99719253540039E-1, 2.48989379882813E-1, 9.17127799987793E-3));
#141 = IFCCARTESIANPOINT((-2.05938323974609E-1, 2.49592590332031E-1, 9.35009002685547E-3));
#142 = IFCFACEOUTERBOUND(#139, .T.);
#143 = IFCFACE((#142));
#144 = IFCPOLYLOOP((#106, #112, #107));
#145 = IFCFACEOUTERBOUND(#144, .T.);
#146 = IFCFACE((#145));
#147 = IFCPOLYLOOP((#107, #118, #108));
#148 = IFCFACEOUTERBOUND(#147, .T.);
#149 = IFCFACE((#148));
#150 = IFCPOLYLOOP((#132, #151, #133));
#151 = IFCCARTESIANPOINT((-2.01749435424805E-1, 2.17155609130859E-1, 9.32270812988281E-3));
#152 = IFCFACEOUTERBOUND(#150, .T.);
#153 = IFCFACE((#152));
#154 = IFCPOLYLOOP((#127, #132, #128));
#155 = IFCFACEOUTERBOUND(#154, .T.);
#156 = IFCFACE((#155));
#157 = IFCPOLYLOOP((#126, #122, #127));
#158 = IFCFACEOUTERBOUND(#157, .T.);
#159 = IFCFACE((#158));
#160 = IFCPOLYLOOP((#113, #140, #112));
#161 = IFCFACEOUTERBOUND(#160, .T.);
#162 = IFCFACE((#161));
#163 = IFCPOLYLOOP((#117, #164, #108));
#164 = IFCCARTESIANPOINT((-2.1917024230957E-1, 2.24822113037109E-1, 8.18883056640625E-2));
#165 = IFCFACEOUTERBOUND(#163, .T.);
#166 = IFCFACE((#165));
#167 = IFCPOLYLOOP((#168, #169, #117));
#168 = IFCCARTESIANPOINT((-2.11801712036133E-1, 1.39798095703125E-1, 5.55784606933594E-1));
#169 = IFCCARTESIANPOINT((-2.11622894287109E-1, 1.46094268798828E-1, 5.55890991210938E-1));
#170 = IFCFACEOUTERBOUND(#167, .T.);
#171 = IFCFACE((#170));
#172 = IFCPOLYLOOP((#168, #173, #174));
#173 = IFCCARTESIANPOINT((-2.10548431396484E-1, 1.27312957763672E-1, 6.22352172851563E-1));
#174 = IFCCARTESIANPOINT((-2.10939575195313E-1, 1.33812591552734E-1, 6.21249389648438E-1));
#175 = IFCFACEOUTERBOUND(#172, .T.);
#176 = IFCFACE((#175));
#177 = IFCPOLYLOOP((#169, #168, #174));
#178 = IFCFACEOUTERBOUND(#177, .T.);
#179 = IFCFACE((#178));
#180 = IFCPOLYLOOP((#181, #117, #126));
#181 = IFCCARTESIANPOINT((-2.16979339599609E-1, 2.12408538818359E-1, 8.16726684570313E-2));
#182 = IFCFACEOUTERBOUND(#180, .T.);
#183 = IFCFACE((#182));
#184 = IFCPOLYLOOP((#185, #168, #117));
#185 = IFCCARTESIANPOINT((-2.08367233276367E-1, 1.22401885986328E-1, 6.23535034179688E-1));
#186 = IFCFACEOUTERBOUND(#184, .T.);
#187 = IFCFACE((#186));
#188 = IFCPOLYLOOP((#117, #181, #185));
#189 = IFCFACEOUTERBOUND(#188, .T.);
#190 = IFCFACE((#189));
#191 = IFCPOLYLOOP((#168, #185, #173));
#192 = IFCFACEOUTERBOUND(#191, .T.);
#193 = IFCFACE((#192));
#194 = IFCPOLYLOOP((#181, #126, #128));
#195 = IFCFACEOUTERBOUND(#194, .T.);
#196 = IFCFACE((#195));
#197 = IFCPOLYLOOP((#198, #181, #128));
#198 = IFCCARTESIANPOINT((-2.1242707824707E-1, 2.07752838134766E-1, 8.15851974487305E-2));
#199 = IFCFACEOUTERBOUND(#197, .T.);
#200 = IFCFACE((#199));
#201 = IFCPOLYLOOP((#202, #185, #198));
#202 = IFCCARTESIANPOINT((-2.04036285400391E-1, 1.17643005371094E-1, 6.25026428222656E-1));
#203 = IFCFACEOUTERBOUND(#201, .T.);
#204 = IFCFACE((#203));
#205 = IFCPOLYLOOP((#206, #133, #207));
#206 = IFCCARTESIANPOINT((-2.10602325439453E-1, 2.14729431152344E-1, 3.05986709594727E-2));
#207 = IFCCARTESIANPOINT((-2.06907470703125E-1, 2.05359344482422E-1, 8.15347061157227E-2));
#208 = IFCFACEOUTERBOUND(#205, .T.);
#209 = IFCFACE((#208));
#210 = IFCPOLYLOOP((#198, #128, #206));
#211 = IFCFACEOUTERBOUND(#210, .T.);
#212 = IFCFACE((#211));
#213 = IFCPOLYLOOP((#207, #198, #206));
#214 = IFCFACEOUTERBOUND(#213, .T.);
#215 = IFCFACE((#214));
#216 = IFCPOLYLOOP((#198, #207, #217));
#217 = IFCCARTESIANPOINT((-1.98163314819336E-1, 1.14798004150391E-1, 6.26631103515625E-1));
#218 = IFCFACEOUTERBOUND(#216, .T.);
#219 = IFCFACE((#218));
#220 = IFCPOLYLOOP((#217, #202, #198));
#221 = IFCFACEOUTERBOUND(#220, .T.);
#222 = IFCFACE((#221));
#223 = IFCPOLYLOOP((#151, #207, #133));
#224 = IFCFACEOUTERBOUND(#223, .T.);
#225 = IFCFACE((#224));
#226 = IFCPOLYLOOP((#217, #227, #228));
#227 = IFCCARTESIANPOINT((-1.93063095092773E-1, 1.26453186035156E-1, 5.55520446777344E-1));
#228 = IFCCARTESIANPOINT((-1.93954742431641E-1, 1.14211639404297E-1, 6.27438598632813E-1));
#229 = IFCFACEOUTERBOUND(#226, .T.);
#230 = IFCFACE((#229));
#231 = IFCPOLYLOOP((#232, #151, #132));
#232 = IFCCARTESIANPOINT((-1.94491928100586E-1, 2.07550354003906E-1, 8.15478591918945E-2));
#233 = IFCFACEOUTERBOUND(#231, .T.);
#234 = IFCFACE((#233));
#235 = IFCPOLYLOOP((#151, #232, #236));
#236 = IFCCARTESIANPOINT((-1.86944564819336E-1, 1.28822448730469E-1, 5.55550720214844E-1));
#237 = IFCFACEOUTERBOUND(#235, .T.);
#238 = IFCFACE((#237));
#239 = IFCPOLYLOOP((#240, #228, #227));
#240 = IFCCARTESIANPOINT((-1.88781295776367E-1, 1.15187255859375E-1, 6.28168884277344E-1));
#241 = IFCFACEOUTERBOUND(#239, .T.);
#242 = IFCFACE((#241));
#243 = IFCPOLYLOOP((#227, #236, #240));
#244 = IFCFACEOUTERBOUND(#243, .T.);
#245 = IFCFACE((#244));
#246 = IFCPOLYLOOP((#240, #236, #247));
#247 = IFCCARTESIANPOINT((-1.84234497070313E-1, 1.17731201171875E-1, 6.28431884765625E-1));
#248 = IFCFACEOUTERBOUND(#246, .T.);
#249 = IFCFACE((#248));
#250 = IFCPOLYLOOP((#127, #232, #132));
#251 = IFCFACEOUTERBOUND(#250, .T.);
#252 = IFCFACE((#251));
#253 = IFCPOLYLOOP((#254, #232, #127));
#254 = IFCCARTESIANPOINT((-1.8983544921875E-1, 2.12102233886719E-1, 8.1615348815918E-2));
#255 = IFCFACEOUTERBOUND(#253, .T.);
#256 = IFCFACE((#255));
#257 = IFCPOLYLOOP((#254, #236, #232));
#258 = IFCFACEOUTERBOUND(#257, .T.);
#259 = IFCFACE((#258));
#260 = IFCPOLYLOOP((#236, #261, #247));
#261 = IFCCARTESIANPOINT((-1.81153182983398E-1, 1.21231079101563E-1, 6.28255981445313E-1));
#262 = IFCFACEOUTERBOUND(#260, .T.);
#263 = IFCFACE((#262));
#264 = IFCPOLYLOOP((#254, #127, #122));
#265 = IFCFACEOUTERBOUND(#264, .T.);
#266 = IFCFACE((#265));
#267 = IFCPOLYLOOP((#268, #261, #254));
#268 = IFCCARTESIANPOINT((-1.78749114990234E-1, 1.26865386962891E-1, 6.27553405761719E-1));
#269 = IFCFACEOUTERBOUND(#267, .T.);
#270 = IFCFACE((#269));
#271 = IFCPOLYLOOP((#272, #122, #118));
#272 = IFCCARTESIANPOINT((-1.87262741088867E-1, 2.23917205810547E-1, 8.18110198974609E-2));
#273 = IFCFACEOUTERBOUND(#271, .T.);
#274 = IFCFACE((#273));
#275 = IFCPOLYLOOP((#272, #268, #122));
#276 = IFCFACEOUTERBOUND(#275, .T.);
#277 = IFCFACE((#276));
#278 = IFCPOLYLOOP((#107, #279, #272));
#279 = IFCCARTESIANPOINT((-1.89632476806641E-1, 2.30034820556641E-1, 8.19189910888672E-2));
#280 = IFCFACEOUTERBOUND(#278, .T.);
#281 = IFCFACE((#280));
#282 = IFCPOLYLOOP((#272, #118, #107));
#283 = IFCFACEOUTERBOUND(#282, .T.);
#284 = IFCFACE((#283));
#285 = IFCPOLYLOOP((#286, #287, #272));
#286 = IFCCARTESIANPOINT((-1.82085144042969E-1, 1.51307006835938E-1, 5.55921325683594E-1));
#287 = IFCCARTESIANPOINT((-1.78529296875E-1, 1.33333923339844E-1, 6.26321960449219E-1));
#288 = IFCFACEOUTERBOUND(#285, .T.);
#289 = IFCFACE((#288));
#290 = IFCPOLYLOOP((#287, #286, #291));
#291 = IFCCARTESIANPOINT((-1.80154266357422E-1, 1.38585510253906E-1, 6.25209899902344E-1));
#292 = IFCFACEOUTERBOUND(#290, .T.);
#293 = IFCFACE((#292));
#294 = IFCPOLYLOOP((#112, #279, #107));
#295 = IFCFACEOUTERBOUND(#294, .T.);
#296 = IFCFACE((#295));
#297 = IFCPOLYLOOP((#298, #279, #112));
#298 = IFCCARTESIANPOINT((-1.94184722900391E-1, 2.34690246582031E-1, 8.20079956054688E-2));
#299 = IFCFACEOUTERBOUND(#297, .T.);
#300 = IFCFACE((#299));
#301 = IFCPOLYLOOP((#298, #302, #286));
#302 = IFCCARTESIANPOINT((-1.86637390136719E-1, 1.55962524414063E-1, 5.56009948730469E-1));
#303 = IFCFACEOUTERBOUND(#301, .T.);
#304 = IFCFACE((#303));
#305 = IFCPOLYLOOP((#286, #279, #298));
#306 = IFCFACEOUTERBOUND(#305, .T.);
#307 = IFCFACE((#306));
#308 = IFCPOLYLOOP((#309, #291, #286));
#309 = IFCCARTESIANPOINT((-1.84138870239258E-1, 1.43758178710938E-1, 6.23655395507813E-1));
#310 = IFCFACEOUTERBOUND(#308, .T.);
#311 = IFCFACE((#310));
#312 = IFCPOLYLOOP((#286, #302, #309));
#313 = IFCFACEOUTERBOUND(#312, .T.);
#314 = IFCFACE((#313));
#315 = IFCPOLYLOOP((#140, #316, #298));
#316 = IFCCARTESIANPOINT((-1.99704315185547E-1, 2.37083618164063E-1, 8.20592956542969E-2));
#317 = IFCFACEOUTERBOUND(#315, .T.);
#318 = IFCFACE((#317));
#319 = IFCPOLYLOOP((#298, #112, #140));
#320 = IFCFACEOUTERBOUND(#319, .T.);
#321 = IFCFACE((#320));
#322 = IFCPOLYLOOP((#302, #298, #316));
#323 = IFCFACEOUTERBOUND(#322, .T.);
#324 = IFCFACE((#323));
#325 = IFCPOLYLOOP((#316, #326, #302));
#326 = IFCCARTESIANPOINT((-1.92156967163086E-1, 1.58355865478516E-1, 5.56061462402344E-1));
#327 = IFCFACEOUTERBOUND(#325, .T.);
#328 = IFCFACE((#327));
#329 = IFCPOLYLOOP((#330, #309, #302));
#330 = IFCCARTESIANPOINT((-1.89865386962891E-1, 1.47144958496094E-1, 6.22232360839844E-1));
#331 = IFCFACEOUTERBOUND(#329, .T.);
#332 = IFCFACE((#331));
#333 = IFCPOLYLOOP((#302, #326, #330));
#334 = IFCFACEOUTERBOUND(#333, .T.);
#335 = IFCFACE((#334));
#336 = IFCPOLYLOOP((#141, #337, #316));
#337 = IFCCARTESIANPOINT((-2.06001373291016E-1, 2.37262268066406E-1, 8.20742645263672E-2));
#338 = IFCFACEOUTERBOUND(#336, .T.);
#339 = IFCFACE((#338));
#340 = IFCPOLYLOOP((#316, #140, #141));
#341 = IFCFACEOUTERBOUND(#340, .T.);
#342 = IFCFACE((#341));
#343 = IFCPOLYLOOP((#344, #330, #326));
#344 = IFCCARTESIANPOINT((-1.94404479980469E-1, 1.50099334716797E-1, 6.08417053222656E-1));
#345 = IFCFACEOUTERBOUND(#343, .T.);
#346 = IFCFACE((#345));
#347 = IFCPOLYLOOP((#348, #349, #344));
#348 = IFCCARTESIANPOINT((-1.98454025268555E-1, 1.58534423828125E-1, 5.56076843261719E-1));
#349 = IFCCARTESIANPOINT((-1.99797164916992E-1, 1.47331939697266E-1, 6.20789245605469E-1));
#350 = IFCFACEOUTERBOUND(#347, .T.);
#351 = IFCFACE((#350));
#352 = IFCPOLYLOOP((#326, #348, #344));
#353 = IFCFACEOUTERBOUND(#352, .T.);
#354 = IFCFACE((#353));
#355 = IFCPOLYLOOP((#356, #337, #113));
#356 = IFCCARTESIANPOINT((-2.12119888305664E-1, 2.34892822265625E-1, 8.20448760986328E-2));
#357 = IFCFACEOUTERBOUND(#355, .T.);
#358 = IFCFACE((#357));
#359 = IFCPOLYLOOP((#348, #360, #349));
#360 = IFCCARTESIANPOINT((-2.04572525024414E-1, 1.56164916992188E-1, 5.56048034667969E-1));
#361 = IFCFACEOUTERBOUND(#359, .T.);
#362 = IFCFACE((#361));
#363 = IFCPOLYLOOP((#356, #113, #106));
#364 = IFCFACEOUTERBOUND(#363, .T.);
#365 = IFCFACE((#364));
#366 = IFCPOLYLOOP((#367, #356, #106));
#367 = IFCCARTESIANPOINT((-2.16776351928711E-1, 2.30341033935547E-1, 8.19771118164063E-2));
#368 = IFCFACEOUTERBOUND(#366, .T.);
#369 = IFCFACE((#368));
#370 = IFCPOLYLOOP((#371, #360, #367));
#371 = IFCCARTESIANPOINT((-2.0922900390625E-1, 1.51613220214844E-1, 5.55979553222656E-1));
#372 = IFCFACEOUTERBOUND(#370, .T.);
#373 = IFCFACE((#372));
#374 = IFCPOLYLOOP((#375, #349, #360));
#375 = IFCCARTESIANPOINT((-2.05920501708984E-1, 1.43666198730469E-1, 6.20497863769531E-1));
#376 = IFCFACEOUTERBOUND(#374, .T.);
#377 = IFCFACE((#376));
#378 = IFCPOLYLOOP((#371, #379, #375));
#379 = IFCCARTESIANPOINT((-2.09118576049805E-1, 1.39521820068359E-1, 6.20670776367188E-1));
#380 = IFCFACEOUTERBOUND(#378, .T.);
#381 = IFCFACE((#380));
#382 = IFCPOLYLOOP((#360, #371, #375));
#383 = IFCFACEOUTERBOUND(#382, .T.);
#384 = IFCFACE((#383));
#385 = IFCPOLYLOOP((#367, #106, #386));
#386 = IFCCARTESIANPOINT((-2.19073913574219E-1, 2.36157836914063E-1, 3.10417861938477E-2));
#387 = IFCFACEOUTERBOUND(#385, .T.);
#388 = IFCFACE((#387));
#389 = IFCPOLYLOOP((#164, #367, #386));
#390 = IFCFACEOUTERBOUND(#389, .T.);
#391 = IFCFACE((#390));
#392 = IFCPOLYLOOP((#169, #371, #367));
#393 = IFCFACEOUTERBOUND(#392, .T.);
#394 = IFCFACE((#393));
#395 = IFCPOLYLOOP((#367, #164, #169));
#396 = IFCFACEOUTERBOUND(#395, .T.);
#397 = IFCFACE((#396));
#398 = IFCPOLYLOOP((#169, #174, #379));
#399 = IFCFACEOUTERBOUND(#398, .T.);
#400 = IFCFACE((#399));
#401 = IFCPOLYLOOP((#371, #169, #379));
#402 = IFCFACEOUTERBOUND(#401, .T.);
#403 = IFCFACE((#402));
#404 = IFCPOLYLOOP((#386, #106, #108));
#405 = IFCFACEOUTERBOUND(#404, .T.);
#406 = IFCFACE((#405));
#407 = IFCPOLYLOOP((#108, #164, #386));
#408 = IFCFACEOUTERBOUND(#407, .T.);
#409 = IFCFACE((#408));
#410 = IFCPOLYLOOP((#349, #330, #344));
#411 = IFCFACEOUTERBOUND(#410, .T.);
#412 = IFCFACE((#411));
#413 = IFCPOLYLOOP((#169, #164, #117));
#414 = IFCFACEOUTERBOUND(#413, .T.);
#415 = IFCFACE((#414));
#416 = IFCPOLYLOOP((#185, #181, #198));
#417 = IFCFACEOUTERBOUND(#416, .T.);
#418 = IFCFACE((#417));
#419 = IFCPOLYLOOP((#151, #227, #217));
#420 = IFCFACEOUTERBOUND(#419, .T.);
#421 = IFCFACE((#420));
#422 = IFCPOLYLOOP((#217, #207, #151));
#423 = IFCFACEOUTERBOUND(#422, .T.);
#424 = IFCFACE((#423));
#425 = IFCPOLYLOOP((#261, #236, #254));
#426 = IFCFACEOUTERBOUND(#425, .T.);
#427 = IFCFACE((#426));
#428 = IFCPOLYLOOP((#268, #254, #122));
#429 = IFCFACEOUTERBOUND(#428, .T.);
#430 = IFCFACE((#429));
#431 = IFCPOLYLOOP((#287, #268, #272));
#432 = IFCFACEOUTERBOUND(#431, .T.);
#433 = IFCFACE((#432));
#434 = IFCPOLYLOOP((#286, #272, #279));
#435 = IFCFACEOUTERBOUND(#434, .T.);
#436 = IFCFACE((#435));
#437 = IFCPOLYLOOP((#348, #316, #337));
#438 = IFCFACEOUTERBOUND(#437, .T.);
#439 = IFCFACE((#438));
#440 = IFCPOLYLOOP((#337, #141, #113));
#441 = IFCFACEOUTERBOUND(#440, .T.);
#442 = IFCFACE((#441));
#443 = IFCPOLYLOOP((#348, #337, #356));
#444 = IFCFACEOUTERBOUND(#443, .T.);
#445 = IFCFACE((#444));
#446 = IFCPOLYLOOP((#360, #356, #367));
#447 = IFCFACEOUTERBOUND(#446, .T.);
#448 = IFCFACE((#447));
#449 = IFCPOLYLOOP((#151, #236, #227));
#450 = IFCFACEOUTERBOUND(#449, .T.);
#451 = IFCFACE((#450));
#452 = IFCPOLYLOOP((#316, #348, #326));
#453 = IFCFACEOUTERBOUND(#452, .T.);
#454 = IFCFACE((#453));
#455 = IFCPOLYLOOP((#348, #356, #360));
#456 = IFCFACEOUTERBOUND(#455, .T.);
#457 = IFCFACE((#456));
#458 = IFCPOLYLOOP((#133, #206, #128));
#459 = IFCFACEOUTERBOUND(#458, .T.);
#460 = IFCFACE((#459));
#461 = IFCSHELLBASEDSURFACEMODEL((#104, #6095));
#462 = IFCSURFACESTYLERENDERING(#463, 0., #464, $, $, #465, #466, $, .NOTDEFINED.);
#463 = IFCCOLOURRGB('Surface color', 5.41176497936249E-1, 3.4901961684227E-1, 2.50980406999588E-1);
#464 = IFCCOLOURRGB('Diffuse color', 5.41176497936249E-1, 3.4901961684227E-1, 2.50980406999588E-1);
#465 = IFCCOLOURRGB('Reflection color', 1., 1., 1.);
#466 = IFCCOLOURRGB('Specular color', 1., 1., 1.);
#467 = IFCSURFACESTYLE('3acb42c0_d3bc_49d4_a7ed_98ea0419b48c', .BOTH., (#462));
#468 = IFCPRESENTATIONSTYLEASSIGNMENT((#467));
#469 = IFCMATERIAL('3acb42c0_d3bc_49d4_a7ed_98ea0419b48c');
#470 = IFCSTYLEDITEM(#461, (#468), $);
#471 = IFCSTYLEDREPRESENTATION(#103, 'Body', $, (#470));
#472 = IFCMATERIALDEFINITIONREPRESENTATION($, $, (#471), #469);
#473 = IFCCLOSEDSHELL((#479, #485, #489, #494, #497, #503, #509, #513, #517, #522, #525, #528, #531, #534, #537, #540, #543, #547, #551, #555, #558, #563, #566, #571, #574, #579, #582, #585, #589, #592, #597, #602, #606, #610, #613, #616, #620, #623, #626, #630, #633, #637, #641, #644, #648, #652, #655, #659, #663, #666, #670, #674, #677, #680, #684, #687, #690, #693, #697, #700, #703, #707, #710, #714, #718, #721, #725, #729, #732, #736, #740, #743, #747, #751, #754, #757, #760, #763, #767, #771, #775, #779, #783, #788, #791, #795, #800, #803, #807, #811, #815, #819, #823, #827, #831, #834, #837, #840, #843, #847, #851, #856, #859, #863, #867, #872, #875, #879, #882, #886, #890, #895, #898, #902, #905, #909, #913, #918, #921, #925, #928, #932, #936, #940, #943, #948, #951, #955, #959, #963, #966, #970, #974, #977, #981, #985, #988, #993, #996, #1000, #1004, #1008, #1011, #1015, #1019, #1022, #1025, #1029, #1033, #1037, #1041, #1044, #1048, #1052, #1056, #1060, #1064, #1067, #1070, #1074, #1078, #1081, #1086, #1090, #1093, #1096, #1100, #1103, #1107, #1112, #1115, #1118, #1121, #1125, #1129, #1132, #1135, #1138, #1141, #1144, #1147, #1150, #1153, #1156, #1162, #1167, #1172, #1176, #1179, #1184, #1189, #1192, #1195, #1199, #1203, #1207, #1211, #1217, #1221, #1224, #1227, #1230, #1233, #1236, #1239, #1242, #1245, #1248, #1251, #1254, #1257, #1260, #1263, #1266, #1269, #1272, #1275, #1278, #1281, #1284, #1287, #1290, #1293, #1296, #1300, #1303, #1306, #1309, #1312, #1315, #1318, #1321, #1324, #1327, #1330, #1333, #1336, #1339, #1342, #1345, #1348, #1351, #1354, #1357, #1360, #1363, #1366, #1369, #1372, #1375, #1378, #1381, #1384, #1387, #1390, #1393, #1396, #1399, #1402, #1405, #1408, #1411, #1414, #1417, #1420, #1423, #1426, #1429, #1432, #1435, #1438, #1441, #1444, #1447, #1450, #1453, #1456, #1459, #1462, #1465, #1468, #1471, #1474, #1477, #1480, #1483, #1486, #1489, #1492, #1495, #1498, #1501, #1504, #1507, #1510, #1513, #1516, #1519, #1522, #1525));
#474 = IFCPOLYLOOP((#475, #476, #477));
#475 = IFCCARTESIANPOINT((-2.71988525390625E-1, -2.31580993652344E-1, 9.15022850036621E-3));
#476 = IFCCARTESIANPOINT((-2.40424194335938E-1, -2.33844085693359E-1, 9.15018844604492E-3));
#477 = IFCCARTESIANPOINT((-2.7236865234375E-1, -2.34134979248047E-1, 9.15016651153564E-3));
#478 = IFCFACEOUTERBOUND(#474, .T.);
#479 = IFCFACE((#478));
#480 = IFCPOLYLOOP((#481, #482, #483));
#481 = IFCCARTESIANPOINT((-2.66780975341797E-1, -2.23083801269531E-1, 9.15004634857178E-3));
#482 = IFCCARTESIANPOINT((-2.44201934814453E-1, -2.24875228881836E-1, 9.15007781982422E-3));
#483 = IFCCARTESIANPOINT((-2.70838775634766E-1, -2.28337478637695E-1, 9.15087223052979E-3));
#484 = IFCFACEOUTERBOUND(#480, .T.);
#485 = IFCFACE((#484));
#486 = IFCPOLYLOOP((#487, #475, #483));
#487 = IFCCARTESIANPOINT((-2.41096160888672E-1, -2.30414932250977E-1, 9.15017509460449E-3));
#488 = IFCFACEOUTERBOUND(#486, .T.);
#489 = IFCFACE((#488));
#490 = IFCPOLYLOOP((#491, #492, #477));
#491 = IFCCARTESIANPOINT((-2.40462097167969E-1, -2.37026550292969E-1, 9.15024662017822E-3));
#492 = IFCCARTESIANPOINT((-2.72350524902344E-1, -2.36650314331055E-1, 9.15018844604492E-3));
#493 = IFCFACEOUTERBOUND(#490, .T.);
#494 = IFCFACE((#493));
#495 = IFCPOLYLOOP((#477, #476, #491));
#496 = IFCFACEOUTERBOUND(#495, .T.);
#497 = IFCFACE((#496));
#498 = IFCPOLYLOOP((#499, #500, #501));
#499 = IFCCARTESIANPOINT((-2.71676605224609E-1, -2.40075836181641E-1, 9.15029621124268E-3));
#500 = IFCCARTESIANPOINT((-2.41983062744141E-1, -2.42278991699219E-1, 9.15010929107666E-3));
#501 = IFCCARTESIANPOINT((-2.68572631835938E-1, -2.4561930847168E-1, 9.15007781982422E-3));
#502 = IFCFACEOUTERBOUND(#498, .T.);
#503 = IFCFACE((#502));
#504 = IFCPOLYLOOP((#505, #506, #507));
#505 = IFCCARTESIANPOINT((-2.57541931152344E-1, -2.5120588684082E-1, 9.15006637573242E-3));
#506 = IFCCARTESIANPOINT((-2.63618103027344E-1, -2.49520874023438E-1, 9.15003776550293E-3));
#507 = IFCCARTESIANPOINT((-2.51361251831055E-1, -2.50436676025391E-1, 9.15003204345703E-3));
#508 = IFCFACEOUTERBOUND(#504, .T.);
#509 = IFCFACE((#508));
#510 = IFCPOLYLOOP((#506, #501, #511));
#511 = IFCCARTESIANPOINT((-2.46002655029297E-1, -2.47417068481445E-1, 9.15006065368652E-3));
#512 = IFCFACEOUTERBOUND(#510, .T.);
#513 = IFCFACE((#512));
#514 = IFCPOLYLOOP((#492, #515, #499));
#515 = IFCCARTESIANPOINT((-2.40957672119141E-1, -2.39471649169922E-1, 9.15003204345703E-3));
#516 = IFCFACEOUTERBOUND(#514, .T.);
#517 = IFCFACE((#516));
#518 = IFCPOLYLOOP((#519, #481, #520));
#519 = IFCCARTESIANPOINT((-2.49156524658203E-1, -2.20973495483398E-1, 9.15003776550293E-3));
#520 = IFCCARTESIANPOINT((-2.61413482666016E-1, -2.200576171875E-1, 9.15003204345703E-3));
#521 = IFCFACEOUTERBOUND(#518, .T.);
#522 = IFCFACE((#521));
#523 = IFCPOLYLOOP((#481, #519, #482));
#524 = IFCFACEOUTERBOUND(#523, .T.);
#525 = IFCFACE((#524));
#526 = IFCPOLYLOOP((#487, #476, #475));
#527 = IFCFACEOUTERBOUND(#526, .T.);
#528 = IFCFACE((#527));
#529 = IFCPOLYLOOP((#487, #483, #482));
#530 = IFCFACEOUTERBOUND(#529, .T.);
#531 = IFCFACE((#530));
#532 = IFCPOLYLOOP((#511, #507, #506));
#533 = IFCFACEOUTERBOUND(#532, .T.);
#534 = IFCFACE((#533));
#535 = IFCPOLYLOOP((#501, #500, #511));
#536 = IFCFACEOUTERBOUND(#535, .T.);
#537 = IFCFACE((#536));
#538 = IFCPOLYLOOP((#500, #499, #515));
#539 = IFCFACEOUTERBOUND(#538, .T.);
#540 = IFCFACE((#539));
#541 = IFCPOLYLOOP((#492, #491, #515));
#542 = IFCFACEOUTERBOUND(#541, .T.);
#543 = IFCFACE((#542));
#544 = IFCPOLYLOOP((#519, #520, #545));
#545 = IFCCARTESIANPOINT((-2.55232879638672E-1, -2.19288391113281E-1, 9.15006637573242E-3));
#546 = IFCFACEOUTERBOUND(#544, .T.);
#547 = IFCFACE((#546));
#548 = IFCPOLYLOOP((#492, #549, #477));
#549 = IFCCARTESIANPOINT((-2.71843414306641E-1, -2.36382827758789E-1, 4.56948013305664E-2));
#550 = IFCFACEOUTERBOUND(#548, .T.);
#551 = IFCFACE((#550));
#552 = IFCPOLYLOOP((#483, #475, #553));
#553 = IFCCARTESIANPOINT((-2.71395233154297E-1, -2.30014739990234E-1, 4.56669387817383E-2));
#554 = IFCFACEOUTERBOUND(#552, .T.);
#555 = IFCFACE((#554));
#556 = IFCPOLYLOOP((#475, #477, #553));
#557 = IFCFACEOUTERBOUND(#556, .T.);
#558 = IFCFACE((#557));
#559 = IFCPOLYLOOP((#481, #560, #561));
#560 = IFCCARTESIANPOINT((-2.68625610351563E-1, -2.24716003417969E-1, 2.73520622253418E-2));
#561 = IFCCARTESIANPOINT((-2.68422515869141E-1, -2.2424089050293E-1, 4.56409111022949E-2));
#562 = IFCFACEOUTERBOUND(#559, .T.);
#563 = IFCFACE((#562));
#564 = IFCPOLYLOOP((#561, #560, #483));
#565 = IFCFACEOUTERBOUND(#564, .T.);
#566 = IFCFACE((#565));
#567 = IFCPOLYLOOP((#568, #487, #569));
#568 = IFCCARTESIANPOINT((-2.41943862915039E-1, -2.26623718261719E-1, 4.56434020996094E-2));
#569 = IFCCARTESIANPOINT((-2.41976608276367E-1, -2.27722213745117E-1, 1.93497371673584E-2));
#570 = IFCFACEOUTERBOUND(#567, .T.);
#571 = IFCFACE((#570));
#572 = IFCPOLYLOOP((#568, #569, #482));
#573 = IFCFACEOUTERBOUND(#572, .T.);
#574 = IFCFACE((#573));
#575 = IFCPOLYLOOP((#576, #577, #476));
#576 = IFCCARTESIANPOINT((-2.40119842529297E-1, -2.32213790893555E-1, 4.56671981811523E-2));
#577 = IFCCARTESIANPOINT((-2.39642654418945E-1, -2.34526290893555E-1, 7.99992294311523E-2));
#578 = IFCFACEOUTERBOUND(#575, .T.);
#579 = IFCFACE((#578));
#580 = IFCPOLYLOOP((#577, #491, #476));
#581 = IFCFACEOUTERBOUND(#580, .T.);
#582 = IFCFACE((#581));
#583 = IFCPOLYLOOP((#576, #476, #487));
#584 = IFCFACEOUTERBOUND(#583, .T.);
#585 = IFCFACE((#584));
#586 = IFCPOLYLOOP((#577, #587, #491));
#587 = IFCCARTESIANPOINT((-2.4056803894043E-1, -2.38581893920898E-1, 4.56950607299805E-2));
#588 = IFCFACEOUTERBOUND(#586, .T.);
#589 = IFCFACE((#588));
#590 = IFCPOLYLOOP((#587, #515, #491));
#591 = IFCFACEOUTERBOUND(#590, .T.);
#592 = IFCFACE((#591));
#593 = IFCPOLYLOOP((#594, #595, #511));
#594 = IFCCARTESIANPOINT((-2.43743957519531E-1, -2.44830780029297E-1, 2.74277858734131E-2));
#595 = IFCCARTESIANPOINT((-2.43540756225586E-1, -2.44355728149414E-1, 4.57210884094238E-2));
#596 = IFCFACEOUTERBOUND(#593, .T.);
#597 = IFCFACE((#596));
#598 = IFCPOLYLOOP((#599, #600, #499));
#599 = IFCCARTESIANPOINT((-2.70570983886719E-1, -2.42240753173828E-1, 1.94048194885254E-2));
#600 = IFCCARTESIANPOINT((-2.70019409179688E-1, -2.41972900390625E-1, 4.57186012268066E-2));
#601 = IFCFACEOUTERBOUND(#598, .T.);
#602 = IFCFACE((#601));
#603 = IFCPOLYLOOP((#549, #499, #604));
#604 = IFCCARTESIANPOINT((-2.70777526855469E-1, -2.38408828735352E-1, 8.10209579467773E-2));
#605 = IFCFACEOUTERBOUND(#603, .T.);
#606 = IFCFACE((#605));
#607 = IFCPOLYLOOP((#608, #477, #549));
#608 = IFCCARTESIANPOINT((-2.71549224853516E-1, -2.32264266967773E-1, 8.09068984985352E-2));
#609 = IFCFACEOUTERBOUND(#607, .T.);
#610 = IFCFACE((#609));
#611 = IFCPOLYLOOP((#604, #608, #549));
#612 = IFCFACEOUTERBOUND(#611, .T.);
#613 = IFCFACE((#612));
#614 = IFCPOLYLOOP((#553, #477, #608));
#615 = IFCFACEOUTERBOUND(#614, .T.);
#616 = IFCFACE((#615));
#617 = IFCPOLYLOOP((#618, #483, #553));
#618 = IFCCARTESIANPOINT((-2.69809417724609E-1, -2.26052322387695E-1, 8.08101348876953E-2));
#619 = IFCFACEOUTERBOUND(#617, .T.);
#620 = IFCFACE((#619));
#621 = IFCPOLYLOOP((#608, #618, #553));
#622 = IFCFACEOUTERBOUND(#621, .T.);
#623 = IFCFACE((#622));
#624 = IFCPOLYLOOP((#561, #483, #618));
#625 = IFCFACEOUTERBOUND(#624, .T.);
#626 = IFCFACE((#625));
#627 = IFCPOLYLOOP((#628, #481, #561));
#628 = IFCCARTESIANPOINT((-2.65793060302734E-1, -2.21060699462891E-1, 8.08731384277344E-2));
#629 = IFCFACEOUTERBOUND(#627, .T.);
#630 = IFCFACE((#629));
#631 = IFCPOLYLOOP((#618, #628, #561));
#632 = IFCFACEOUTERBOUND(#631, .T.);
#633 = IFCFACE((#632));
#634 = IFCPOLYLOOP((#635, #481, #628));
#635 = IFCCARTESIANPOINT((-2.63764678955078E-1, -2.20536636352539E-1, 3.29863739013672E-2));
#636 = IFCFACEOUTERBOUND(#634, .T.);
#637 = IFCFACE((#636));
#638 = IFCPOLYLOOP((#639, #520, #635));
#639 = IFCCARTESIANPOINT((-2.60613677978516E-1, -2.18187103271484E-1, 8.11385192871094E-2));
#640 = IFCFACEOUTERBOUND(#638, .T.);
#641 = IFCFACE((#640));
#642 = IFCPOLYLOOP((#628, #639, #635));
#643 = IFCFACEOUTERBOUND(#642, .T.);
#644 = IFCFACE((#643));
#645 = IFCPOLYLOOP((#646, #520, #639));
#646 = IFCCARTESIANPOINT((-2.58236114501953E-1, -2.18721862792969E-1, 3.34625778198242E-2));
#647 = IFCFACEOUTERBOUND(#645, .T.);
#648 = IFCFACE((#647));
#649 = IFCPOLYLOOP((#650, #545, #646));
#650 = IFCCARTESIANPOINT((-2.54470626831055E-1, -2.17425430297852E-1, 8.07633972167969E-2));
#651 = IFCFACEOUTERBOUND(#649, .T.);
#652 = IFCFACE((#651));
#653 = IFCPOLYLOOP((#639, #650, #646));
#654 = IFCFACEOUTERBOUND(#653, .T.);
#655 = IFCFACE((#654));
#656 = IFCPOLYLOOP((#657, #545, #650));
#657 = IFCCARTESIANPOINT((-2.51820053100586E-1, -2.1915087890625E-1, 3.39198989868164E-2));
#658 = IFCFACEOUTERBOUND(#656, .T.);
#659 = IFCFACE((#658));
#660 = IFCPOLYLOOP((#661, #519, #657));
#661 = IFCCARTESIANPOINT((-2.48257400512695E-1, -2.19165908813477E-1, 8.07602767944336E-2));
#662 = IFCFACEOUTERBOUND(#660, .T.);
#663 = IFCFACE((#662));
#664 = IFCPOLYLOOP((#650, #661, #657));
#665 = IFCFACEOUTERBOUND(#664, .T.);
#666 = IFCFACE((#665));
#667 = IFCPOLYLOOP((#668, #519, #661));
#668 = IFCCARTESIANPOINT((-2.45998977661133E-1, -2.22159790039063E-1, 3.38477935791016E-2));
#669 = IFCFACEOUTERBOUND(#667, .T.);
#670 = IFCFACE((#669));
#671 = IFCPOLYLOOP((#672, #482, #668));
#672 = IFCCARTESIANPOINT((-2.43268463134766E-1, -2.2318000793457E-1, 8.08128051757813E-2));
#673 = IFCFACEOUTERBOUND(#671, .T.);
#674 = IFCFACE((#673));
#675 = IFCPOLYLOOP((#661, #672, #668));
#676 = IFCFACEOUTERBOUND(#675, .T.);
#677 = IFCFACE((#676));
#678 = IFCPOLYLOOP((#568, #482, #672));
#679 = IFCFACEOUTERBOUND(#678, .T.);
#680 = IFCFACE((#679));
#681 = IFCPOLYLOOP((#682, #487, #568));
#682 = IFCCARTESIANPOINT((-2.40403289794922E-1, -2.28357162475586E-1, 8.08017044067383E-2));
#683 = IFCFACEOUTERBOUND(#681, .T.);
#684 = IFCFACE((#683));
#685 = IFCPOLYLOOP((#672, #682, #568));
#686 = IFCFACEOUTERBOUND(#685, .T.);
#687 = IFCFACE((#686));
#688 = IFCPOLYLOOP((#576, #487, #682));
#689 = IFCFACEOUTERBOUND(#688, .T.);
#690 = IFCFACE((#689));
#691 = IFCPOLYLOOP((#682, #577, #576));
#692 = IFCFACEOUTERBOUND(#691, .T.);
#693 = IFCFACE((#692));
#694 = IFCPOLYLOOP((#695, #500, #587));
#695 = IFCCARTESIANPOINT((-2.41372573852539E-1, -2.40717269897461E-1, 8.08951110839844E-2));
#696 = IFCFACEOUTERBOUND(#694, .T.);
#697 = IFCFACE((#696));
#698 = IFCPOLYLOOP((#577, #695, #587));
#699 = IFCFACEOUTERBOUND(#698, .T.);
#700 = IFCFACE((#699));
#701 = IFCPOLYLOOP((#595, #500, #695));
#702 = IFCFACEOUTERBOUND(#701, .T.);
#703 = IFCFACE((#702));
#704 = IFCPOLYLOOP((#705, #511, #595));
#705 = IFCCARTESIANPOINT((-2.4538688659668E-1, -2.45704223632813E-1, 8.10095138549805E-2));
#706 = IFCFACEOUTERBOUND(#704, .T.);
#707 = IFCFACE((#706));
#708 = IFCPOLYLOOP((#695, #705, #595));
#709 = IFCFACEOUTERBOUND(#708, .T.);
#710 = IFCFACE((#709));
#711 = IFCPOLYLOOP((#712, #511, #705));
#712 = IFCCARTESIANPOINT((-2.48477325439453E-1, -2.48714935302734E-1, 3.31170120239258E-2));
#713 = IFCFACEOUTERBOUND(#711, .T.);
#714 = IFCFACE((#713));
#715 = IFCPOLYLOOP((#716, #507, #712));
#716 = IFCCARTESIANPOINT((-2.50560928344727E-1, -2.48564956665039E-1, 8.12344970703125E-2));
#717 = IFCFACEOUTERBOUND(#715, .T.);
#718 = IFCFACE((#717));
#719 = IFCPOLYLOOP((#705, #716, #712));
#720 = IFCFACEOUTERBOUND(#719, .T.);
#721 = IFCFACE((#720));
#722 = IFCPOLYLOOP((#723, #507, #716));
#723 = IFCCARTESIANPOINT((-2.53996383666992E-1, -2.50505386352539E-1, 3.36164283752441E-2));
#724 = IFCFACEOUTERBOUND(#722, .T.);
#725 = IFCFACE((#724));
#726 = IFCPOLYLOOP((#727, #505, #723));
#727 = IFCCARTESIANPOINT((-2.56711364746094E-1, -2.49344207763672E-1, 8.09391555786133E-2));
#728 = IFCFACEOUTERBOUND(#726, .T.);
#729 = IFCFACE((#728));
#730 = IFCPOLYLOOP((#716, #727, #723));
#731 = IFCFACEOUTERBOUND(#730, .T.);
#732 = IFCFACE((#731));
#733 = IFCPOLYLOOP((#734, #505, #727));
#734 = IFCCARTESIANPOINT((-2.6040283203125E-1, -2.50052841186523E-1, 3.40665321350098E-2));
#735 = IFCFACEOUTERBOUND(#733, .T.);
#736 = IFCFACE((#735));
#737 = IFCPOLYLOOP((#738, #506, #734));
#738 = IFCCARTESIANPOINT((-2.62924682617188E-1, -2.47603912353516E-1, 8.09350051879883E-2));
#739 = IFCFACEOUTERBOUND(#737, .T.);
#740 = IFCFACE((#739));
#741 = IFCPOLYLOOP((#727, #738, #734));
#742 = IFCFACEOUTERBOUND(#741, .T.);
#743 = IFCFACE((#742));
#744 = IFCPOLYLOOP((#745, #506, #738));
#745 = IFCCARTESIANPOINT((-2.66226013183594E-1, -2.47048156738281E-1, 3.39697036743164E-2));
#746 = IFCFACEOUTERBOUND(#744, .T.);
#747 = IFCFACE((#746));
#748 = IFCPOLYLOOP((#749, #501, #745));
#749 = IFCCARTESIANPOINT((-2.67913330078125E-1, -2.43589340209961E-1, 8.09016036987305E-2));
#750 = IFCFACEOUTERBOUND(#748, .T.);
#751 = IFCFACE((#750));
#752 = IFCPOLYLOOP((#738, #749, #745));
#753 = IFCFACEOUTERBOUND(#752, .T.);
#754 = IFCFACE((#753));
#755 = IFCPOLYLOOP((#600, #501, #749));
#756 = IFCFACEOUTERBOUND(#755, .T.);
#757 = IFCFACE((#756));
#758 = IFCPOLYLOOP((#604, #499, #600));
#759 = IFCFACEOUTERBOUND(#758, .T.);
#760 = IFCFACE((#759));
#761 = IFCPOLYLOOP((#749, #604, #600));
#762 = IFCFACEOUTERBOUND(#761, .T.);
#763 = IFCFACE((#762));
#764 = IFCPOLYLOOP((#628, #618, #765));
#765 = IFCCARTESIANPOINT((-2.68179962158203E-1, -2.22240417480469E-1, 2.27553237915039E-1));
#766 = IFCFACEOUTERBOUND(#764, .T.);
#767 = IFCFACE((#766));
#768 = IFCPOLYLOOP((#765, #608, #769));
#769 = IFCCARTESIANPOINT((-2.68281494140625E-1, -2.24619445800781E-1, 3.75236022949219E-1));
#770 = IFCFACEOUTERBOUND(#768, .T.);
#771 = IFCFACE((#770));
#772 = IFCPOLYLOOP((#682, #773, #577));
#773 = IFCCARTESIANPOINT((-2.35229751586914E-1, -2.16263854980469E-1, 5.46377624511719E-1));
#774 = IFCFACEOUTERBOUND(#772, .T.);
#775 = IFCFACE((#774));
#776 = IFCPOLYLOOP((#695, #777, #705));
#777 = IFCCARTESIANPOINT((-2.38782989501953E-1, -2.34663818359375E-1, 3.13995056152344E-1));
#778 = IFCFACEOUTERBOUND(#776, .T.);
#779 = IFCFACE((#778));
#780 = IFCPOLYLOOP((#604, #749, #781));
#781 = IFCCARTESIANPOINT((-2.62720336914063E-1, -2.31443557739258E-1, 5.48601196289063E-1));
#782 = IFCFACEOUTERBOUND(#780, .T.);
#783 = IFCFACE((#782));
#784 = IFCPOLYLOOP((#785, #786, #661));
#785 = IFCCARTESIANPOINT((-2.49279357910156E-1, -2.05288833618164E-1, 5.47943298339844E-1));
#786 = IFCCARTESIANPOINT((-2.43067886352539E-1, -2.07033218383789E-1, 5.478212890625E-1));
#787 = IFCFACEOUTERBOUND(#784, .T.);
#788 = IFCFACE((#787));
#789 = IFCPOLYLOOP((#661, #650, #785));
#790 = IFCFACEOUTERBOUND(#789, .T.);
#791 = IFCFACE((#790));
#792 = IFCPOLYLOOP((#705, #793, #716));
#793 = IFCCARTESIANPOINT((-2.4019694519043E-1, -2.33567687988281E-1, 5.48360229492188E-1));
#794 = IFCFACEOUTERBOUND(#792, .T.);
#795 = IFCFACE((#794));
#796 = IFCPOLYLOOP((#797, #798, #738));
#797 = IFCCARTESIANPOINT((-2.51517929077148E-1, -2.37197860717773E-1, 5.48681884765625E-1));
#798 = IFCCARTESIANPOINT((-2.577333984375E-1, -2.35461227416992E-1, 5.48498962402344E-1));
#799 = IFCFACEOUTERBOUND(#796, .T.);
#800 = IFCFACE((#799));
#801 = IFCPOLYLOOP((#738, #727, #797));
#802 = IFCFACEOUTERBOUND(#801, .T.);
#803 = IFCFACE((#802));
#804 = IFCPOLYLOOP((#577, #805, #777));
#805 = IFCCARTESIANPOINT((-2.34442092895508E-1, -2.22369598388672E-1, 5.48064025878906E-1));
#806 = IFCFACEOUTERBOUND(#804, .T.);
#807 = IFCFACE((#806));
#808 = IFCPOLYLOOP((#639, #628, #809));
#809 = IFCCARTESIANPOINT((-2.60605865478516E-1, -2.08929565429688E-1, 5.47881774902344E-1));
#810 = IFCFACEOUTERBOUND(#808, .T.);
#811 = IFCFACE((#810));
#812 = IFCPOLYLOOP((#716, #813, #797));
#813 = IFCCARTESIANPOINT((-2.45385330200195E-1, -2.36463928222656E-1, 5.47255615234375E-1));
#814 = IFCFACEOUTERBOUND(#812, .T.);
#815 = IFCFACE((#814));
#816 = IFCPOLYLOOP((#785, #639, #817));
#817 = IFCCARTESIANPOINT((-2.55441787719727E-1, -2.06091400146484E-1, 5.46717895507813E-1));
#818 = IFCFACEOUTERBOUND(#816, .T.);
#819 = IFCFACE((#818));
#820 = IFCPOLYLOOP((#672, #821, #773));
#821 = IFCCARTESIANPOINT((-2.38078720092773E-1, -2.11042266845703E-1, 5.48009826660156E-1));
#822 = IFCFACEOUTERBOUND(#820, .T.);
#823 = IFCFACE((#822));
#824 = IFCPOLYLOOP((#769, #604, #825));
#825 = IFCCARTESIANPOINT((-2.65601470947266E-1, -2.2630110168457E-1, 5.47253356933594E-1));
#826 = IFCFACEOUTERBOUND(#824, .T.);
#827 = IFCFACE((#826));
#828 = IFCPOLYLOOP((#809, #765, #829));
#829 = IFCCARTESIANPOINT((-2.64620269775391E-1, -2.13917922973633E-1, 5.4801025390625E-1));
#830 = IFCFACEOUTERBOUND(#828, .T.);
#831 = IFCFACE((#830));
#832 = IFCPOLYLOOP((#821, #672, #661));
#833 = IFCFACEOUTERBOUND(#832, .T.);
#834 = IFCFACE((#833));
#835 = IFCPOLYLOOP((#661, #786, #821));
#836 = IFCFACEOUTERBOUND(#835, .T.);
#837 = IFCFACE((#836));
#838 = IFCPOLYLOOP((#781, #749, #738));
#839 = IFCFACEOUTERBOUND(#838, .T.);
#840 = IFCFACE((#839));
#841 = IFCPOLYLOOP((#738, #798, #781));
#842 = IFCFACEOUTERBOUND(#841, .T.);
#843 = IFCFACE((#842));
#844 = IFCPOLYLOOP((#829, #769, #845));
#845 = IFCCARTESIANPOINT((-2.66357391357422E-1, -2.20126281738281E-1, 5.48162841796875E-1));
#846 = IFCFACEOUTERBOUND(#844, .T.);
#847 = IFCFACE((#846));
#848 = IFCPOLYLOOP((#777, #849, #793));
#849 = IFCCARTESIANPOINT((-2.36185729980469E-1, -2.28584747314453E-1, 5.48052856445313E-1));
#850 = IFCFACEOUTERBOUND(#848, .T.);
#851 = IFCFACE((#850));
#852 = IFCPOLYLOOP((#825, #853, #854));
#853 = IFCCARTESIANPOINT((-2.64828277587891E-1, -2.24458435058594E-1, 6.18558166503906E-1));
#854 = IFCCARTESIANPOINT((-2.65877044677734E-1, -2.2242463684082E-1, 5.83121337890625E-1));
#855 = IFCFACEOUTERBOUND(#852, .T.);
#856 = IFCFACE((#855));
#857 = IFCPOLYLOOP((#845, #825, #854));
#858 = IFCFACEOUTERBOUND(#857, .T.);
#859 = IFCFACE((#858));
#860 = IFCPOLYLOOP((#829, #845, #861));
#861 = IFCCARTESIANPOINT((-2.65429260253906E-1, -2.16057830810547E-1, 5.8298095703125E-1));
#862 = IFCFACEOUTERBOUND(#860, .T.);
#863 = IFCFACE((#862));
#864 = IFCPOLYLOOP((#809, #829, #865));
#865 = IFCCARTESIANPOINT((-2.62456756591797E-1, -2.10285736083984E-1, 5.82830993652344E-1));
#866 = IFCFACEOUTERBOUND(#864, .T.);
#867 = IFCFACE((#866));
#868 = IFCPOLYLOOP((#869, #870, #817));
#869 = IFCCARTESIANPOINT((-2.5768896484375E-1, -2.06307067871094E-1, 5.8270361328125E-1));
#870 = IFCCARTESIANPOINT((-2.54644958496094E-1, -2.04203491210938E-1, 6.18477172851563E-1));
#871 = IFCFACEOUTERBOUND(#868, .T.);
#872 = IFCFACE((#871));
#873 = IFCPOLYLOOP((#817, #809, #869));
#874 = IFCFACEOUTERBOUND(#873, .T.);
#875 = IFCFACE((#874));
#876 = IFCPOLYLOOP((#817, #870, #877));
#877 = IFCCARTESIANPOINT((-2.52098754882813E-1, -2.04484100341797E-1, 5.82615173339844E-1));
#878 = IFCFACEOUTERBOUND(#876, .T.);
#879 = IFCFACE((#878));
#880 = IFCPOLYLOOP((#785, #817, #877));
#881 = IFCFACEOUTERBOUND(#880, .T.);
#882 = IFCFACE((#881));
#883 = IFCPOLYLOOP((#786, #785, #884));
#884 = IFCCARTESIANPOINT((-2.45730529785156E-1, -2.04933166503906E-1, 5.82568481445313E-1));
#885 = IFCFACEOUTERBOUND(#883, .T.);
#886 = IFCFACE((#885));
#887 = IFCPOLYLOOP((#821, #786, #888));
#888 = IFCCARTESIANPOINT((-2.3995671081543E-1, -2.07906234741211E-1, 5.82581176757813E-1));
#889 = IFCFACEOUTERBOUND(#887, .T.);
#890 = IFCFACE((#889));
#891 = IFCPOLYLOOP((#892, #893, #773));
#892 = IFCCARTESIANPOINT((-2.35976196289063E-1, -2.12673873901367E-1, 5.82648132324219E-1));
#893 = IFCCARTESIANPOINT((-2.34406768798828E-1, -2.14384674072266E-1, 6.18483093261719E-1));
#894 = IFCFACEOUTERBOUND(#891, .T.);
#895 = IFCFACE((#894));
#896 = IFCPOLYLOOP((#773, #821, #892));
#897 = IFCFACEOUTERBOUND(#896, .T.);
#898 = IFCFACE((#897));
#899 = IFCPOLYLOOP((#773, #893, #900));
#900 = IFCCARTESIANPOINT((-2.34151657104492E-1, -2.18263275146484E-1, 5.82751770019531E-1));
#901 = IFCFACEOUTERBOUND(#899, .T.);
#902 = IFCFACE((#901));
#903 = IFCPOLYLOOP((#805, #773, #900));
#904 = IFCFACEOUTERBOUND(#903, .T.);
#905 = IFCFACE((#904));
#906 = IFCPOLYLOOP((#849, #805, #907));
#907 = IFCCARTESIANPOINT((-2.3459944152832E-1, -2.24630081176758E-1, 5.8289208984375E-1));
#908 = IFCFACEOUTERBOUND(#906, .T.);
#909 = IFCFACE((#908));
#910 = IFCPOLYLOOP((#793, #849, #911));
#911 = IFCCARTESIANPOINT((-2.3757194519043E-1, -2.3040217590332E-1, 5.83042053222656E-1));
#912 = IFCFACEOUTERBOUND(#910, .T.);
#913 = IFCFACE((#912));
#914 = IFCPOLYLOOP((#915, #916, #813));
#915 = IFCCARTESIANPOINT((-2.42339736938477E-1, -2.34380859375E-1, 5.8316943359375E-1));
#916 = IFCCARTESIANPOINT((-2.44596694946289E-1, -2.34636947631836E-1, 6.18564331054688E-1));
#917 = IFCFACEOUTERBOUND(#914, .T.);
#918 = IFCFACE((#917));
#919 = IFCPOLYLOOP((#813, #793, #915));
#920 = IFCFACEOUTERBOUND(#919, .T.);
#921 = IFCFACE((#920));
#922 = IFCPOLYLOOP((#813, #916, #923));
#923 = IFCCARTESIANPOINT((-2.47929946899414E-1, -2.36203811645508E-1, 5.83257873535156E-1));
#924 = IFCFACEOUTERBOUND(#922, .T.);
#925 = IFCFACE((#924));
#926 = IFCPOLYLOOP((#797, #813, #923));
#927 = IFCFACEOUTERBOUND(#926, .T.);
#928 = IFCFACE((#927));
#929 = IFCPOLYLOOP((#798, #797, #930));
#930 = IFCCARTESIANPOINT((-2.5429817199707E-1, -2.35754745483398E-1, 5.83304565429688E-1));
#931 = IFCFACEOUTERBOUND(#929, .T.);
#932 = IFCFACE((#931));
#933 = IFCPOLYLOOP((#781, #798, #934));
#934 = IFCCARTESIANPOINT((-2.60071990966797E-1, -2.32781677246094E-1, 5.83291870117188E-1));
#935 = IFCFACEOUTERBOUND(#933, .T.);
#936 = IFCFACE((#935));
#937 = IFCPOLYLOOP((#938, #853, #825));
#938 = IFCCARTESIANPOINT((-2.64052520751953E-1, -2.28014038085938E-1, 5.83224914550781E-1));
#939 = IFCFACEOUTERBOUND(#937, .T.);
#940 = IFCFACE((#939));
#941 = IFCPOLYLOOP((#825, #781, #938));
#942 = IFCFACEOUTERBOUND(#941, .T.);
#943 = IFCFACE((#942));
#944 = IFCPOLYLOOP((#945, #946, #845));
#945 = IFCCARTESIANPOINT((-2.65622955322266E-1, -2.19923263549805E-1, 6.18472229003906E-1));
#946 = IFCCARTESIANPOINT((-2.6552099609375E-1, -2.17427551269531E-1, 6.18451721191406E-1));
#947 = IFCFACEOUTERBOUND(#944, .T.);
#948 = IFCFACE((#947));
#949 = IFCPOLYLOOP((#945, #845, #854));
#950 = IFCFACEOUTERBOUND(#949, .T.);
#951 = IFCFACE((#950));
#952 = IFCPOLYLOOP((#953, #854, #853));
#953 = IFCCARTESIANPOINT((-2.65378326416016E-1, -2.22332641601563E-1, 6.18476806640625E-1));
#954 = IFCFACEOUTERBOUND(#952, .T.);
#955 = IFCFACE((#954));
#956 = IFCPOLYLOOP((#957, #829, #861));
#957 = IFCCARTESIANPOINT((-2.6417041015625E-1, -2.12697494506836E-1, 6.18437744140625E-1));
#958 = IFCFACEOUTERBOUND(#956, .T.);
#959 = IFCFACE((#958));
#960 = IFCPOLYLOOP((#946, #961, #861));
#961 = IFCCARTESIANPOINT((-2.65064758300781E-1, -2.15246109008789E-1, 6.1847314453125E-1));
#962 = IFCFACEOUTERBOUND(#960, .T.);
#963 = IFCFACE((#962));
#964 = IFCPOLYLOOP((#946, #861, #845));
#965 = IFCFACEOUTERBOUND(#964, .T.);
#966 = IFCFACE((#965));
#967 = IFCPOLYLOOP((#968, #809, #865));
#968 = IFCCARTESIANPOINT((-2.60535827636719E-1, -2.07686614990234E-1, 6.18420776367188E-1));
#969 = IFCFACEOUTERBOUND(#967, .T.);
#970 = IFCFACE((#969));
#971 = IFCPOLYLOOP((#829, #957, #972));
#972 = IFCCARTESIANPOINT((-2.62548370361328E-1, -2.09949493408203E-1, 6.1842431640625E-1));
#973 = IFCFACEOUTERBOUND(#971, .T.);
#974 = IFCFACE((#973));
#975 = IFCPOLYLOOP((#972, #865, #829));
#976 = IFCFACEOUTERBOUND(#975, .T.);
#977 = IFCFACE((#976));
#978 = IFCPOLYLOOP((#979, #870, #869));
#979 = IFCCARTESIANPOINT((-2.56596710205078E-1, -2.04998641967773E-1, 6.18412841796875E-1));
#980 = IFCFACEOUTERBOUND(#978, .T.);
#981 = IFCFACE((#980));
#982 = IFCPOLYLOOP((#983, #979, #869));
#983 = IFCCARTESIANPOINT((-2.58679504394531E-1, -2.06223556518555E-1, 6.18417541503906E-1));
#984 = IFCFACEOUTERBOUND(#982, .T.);
#985 = IFCFACE((#984));
#986 = IFCPOLYLOOP((#983, #869, #809));
#987 = IFCFACEOUTERBOUND(#986, .T.);
#988 = IFCFACE((#987));
#989 = IFCPOLYLOOP((#990, #991, #785));
#990 = IFCCARTESIANPOINT((-2.5013508605957E-1, -2.03417495727539E-1, 6.1839501953125E-1));
#991 = IFCCARTESIANPOINT((-2.47620834350586E-1, -2.03518524169922E-1, 6.18380676269531E-1));
#992 = IFCFACEOUTERBOUND(#989, .T.);
#993 = IFCFACE((#992));
#994 = IFCPOLYLOOP((#990, #785, #877));
#995 = IFCFACEOUTERBOUND(#994, .T.);
#996 = IFCFACE((#995));
#997 = IFCPOLYLOOP((#998, #877, #870));
#998 = IFCCARTESIANPOINT((-2.52539901733398E-1, -2.03664093017578E-1, 6.18396606445313E-1));
#999 = IFCFACEOUTERBOUND(#997, .T.);
#1000 = IFCFACE((#999));
#1001 = IFCPOLYLOOP((#1002, #786, #884));
#1002 = IFCCARTESIANPOINT((-2.42918029785156E-1, -2.04856414794922E-1, 6.18386047363281E-1));
#1003 = IFCFACEOUTERBOUND(#1001, .T.);
#1004 = IFCFACE((#1003));
#1005 = IFCPOLYLOOP((#991, #1006, #884));
#1006 = IFCCARTESIANPOINT((-2.45476577758789E-1, -2.03962249755859E-1, 6.18410278320313E-1));
#1007 = IFCFACEOUTERBOUND(#1005, .T.);
#1008 = IFCFACE((#1007));
#1009 = IFCPOLYLOOP((#991, #884, #785));
#1010 = IFCFACEOUTERBOUND(#1009, .T.);
#1011 = IFCFACE((#1010));
#1012 = IFCPOLYLOOP((#821, #888, #1013));
#1013 = IFCCARTESIANPOINT((-2.38273544311523E-1, -2.08123016357422E-1, 6.18399780273438E-1));
#1014 = IFCFACEOUTERBOUND(#1012, .T.);
#1015 = IFCFACE((#1014));
#1016 = IFCPOLYLOOP((#888, #1017, #1013));
#1017 = IFCCARTESIANPOINT((-2.40211013793945E-1, -2.06445831298828E-1, 6.18376403808594E-1));
#1018 = IFCFACEOUTERBOUND(#1016, .T.);
#1019 = IFCFACE((#1018));
#1020 = IFCPOLYLOOP((#786, #1002, #1017));
#1021 = IFCFACEOUTERBOUND(#1020, .T.);
#1022 = IFCFACE((#1021));
#1023 = IFCPOLYLOOP((#1017, #888, #786));
#1024 = IFCFACEOUTERBOUND(#1023, .T.);
#1025 = IFCFACE((#1024));
#1026 = IFCPOLYLOOP((#893, #892, #1027));
#1027 = IFCCARTESIANPOINT((-2.35232452392578E-1, -2.12364395141602E-1, 6.18405395507813E-1));
#1028 = IFCFACEOUTERBOUND(#1026, .T.);
#1029 = IFCFACE((#1028));
#1030 = IFCPOLYLOOP((#892, #821, #1031));
#1031 = IFCCARTESIANPOINT((-2.36742233276367E-1, -2.09882415771484E-1, 6.18385925292969E-1));
#1032 = IFCFACEOUTERBOUND(#1030, .T.);
#1033 = IFCFACE((#1032));
#1034 = IFCPOLYLOOP((#805, #900, #1035));
#1035 = IFCCARTESIANPOINT((-2.33618240356445E-1, -2.18917022705078E-1, 6.1842333984375E-1));
#1036 = IFCFACEOUTERBOUND(#1034, .T.);
#1037 = IFCFACE((#1036));
#1038 = IFCPOLYLOOP((#900, #1039, #1035));
#1039 = IFCCARTESIANPOINT((-2.3386393737793E-1, -2.16500915527344E-1, 6.18412536621094E-1));
#1040 = IFCFACEOUTERBOUND(#1038, .T.);
#1041 = IFCFACE((#1040));
#1042 = IFCPOLYLOOP((#900, #893, #1039));
#1043 = IFCFACEOUTERBOUND(#1042, .T.);
#1044 = IFCFACE((#1043));
#1045 = IFCPOLYLOOP((#849, #907, #1046));
#1046 = IFCCARTESIANPOINT((-2.35059097290039E-1, -2.26123672485352E-1, 6.18436767578125E-1));
#1047 = IFCFACEOUTERBOUND(#1045, .T.);
#1048 = IFCFACE((#1047));
#1049 = IFCPOLYLOOP((#907, #1050, #1046));
#1050 = IFCCARTESIANPOINT((-2.34184967041016E-1, -2.23642166137695E-1, 6.18460571289063E-1));
#1051 = IFCFACEOUTERBOUND(#1049, .T.);
#1052 = IFCFACE((#1051));
#1053 = IFCPOLYLOOP((#907, #805, #1054));
#1054 = IFCCARTESIANPOINT((-2.33718795776367E-1, -2.21417556762695E-1, 6.18421569824219E-1));
#1055 = IFCFACEOUTERBOUND(#1053, .T.);
#1056 = IFCFACE((#1055));
#1057 = IFCPOLYLOOP((#793, #911, #1058));
#1058 = IFCCARTESIANPOINT((-2.38707229614258E-1, -2.31158096313477E-1, 6.18465515136719E-1));
#1059 = IFCFACEOUTERBOUND(#1057, .T.);
#1060 = IFCFACE((#1059));
#1061 = IFCPOLYLOOP((#911, #1062, #1058));
#1062 = IFCCARTESIANPOINT((-2.36652267456055E-1, -2.28833480834961E-1, 6.18520874023438E-1));
#1063 = IFCFACEOUTERBOUND(#1061, .T.);
#1064 = IFCFACE((#1063));
#1065 = IFCPOLYLOOP((#849, #1046, #1062));
#1066 = IFCFACEOUTERBOUND(#1065, .T.);
#1067 = IFCFACE((#1066));
#1068 = IFCPOLYLOOP((#1062, #911, #849));
#1069 = IFCFACEOUTERBOUND(#1068, .T.);
#1070 = IFCFACE((#1069));
#1071 = IFCPOLYLOOP((#916, #915, #1072));
#1072 = IFCCARTESIANPOINT((-2.42627105712891E-1, -2.33837387084961E-1, 6.18485717773438E-1));
#1073 = IFCFACEOUTERBOUND(#1071, .T.);
#1074 = IFCFACE((#1073));
#1075 = IFCPOLYLOOP((#915, #793, #1076));
#1076 = IFCCARTESIANPOINT((-2.40557464599609E-1, -2.32616363525391E-1, 6.18478149414063E-1));
#1077 = IFCFACEOUTERBOUND(#1075, .T.);
#1078 = IFCFACE((#1077));
#1079 = IFCPOLYLOOP((#793, #1058, #1076));
#1080 = IFCFACEOUTERBOUND(#1079, .T.);
#1081 = IFCFACE((#1080));
#1082 = IFCPOLYLOOP((#1083, #1084, #797));
#1083 = IFCCARTESIANPOINT((-2.49134719848633E-1, -2.35426712036133E-1, 6.18497924804688E-1));
#1084 = IFCCARTESIANPOINT((-2.51622085571289E-1, -2.3532600402832E-1, 6.18491577148438E-1));
#1085 = IFCFACEOUTERBOUND(#1082, .T.);
#1086 = IFCFACE((#1085));
#1087 = IFCPOLYLOOP((#923, #1088, #1083));
#1088 = IFCCARTESIANPOINT((-2.46709182739258E-1, -2.3518132019043E-1, 6.18491516113281E-1));
#1089 = IFCFACEOUTERBOUND(#1087, .T.);
#1090 = IFCFACE((#1089));
#1091 = IFCPOLYLOOP((#797, #923, #1083));
#1092 = IFCFACEOUTERBOUND(#1091, .T.);
#1093 = IFCFACE((#1092));
#1094 = IFCPOLYLOOP((#923, #916, #1088));
#1095 = IFCFACEOUTERBOUND(#1094, .T.);
#1096 = IFCFACE((#1095));
#1097 = IFCPOLYLOOP((#798, #930, #1098));
#1098 = IFCCARTESIANPOINT((-2.56352142333984E-1, -2.33973266601563E-1, 6.18494689941406E-1));
#1099 = IFCFACEOUTERBOUND(#1097, .T.);
#1100 = IFCFACE((#1099));
#1101 = IFCPOLYLOOP((#930, #797, #1084));
#1102 = IFCFACEOUTERBOUND(#1101, .T.);
#1103 = IFCFACE((#1102));
#1104 = IFCPOLYLOOP((#1105, #930, #1084));
#1105 = IFCCARTESIANPOINT((-2.53877014160156E-1, -2.3484944152832E-1, 6.18523742675781E-1));
#1106 = IFCFACEOUTERBOUND(#1104, .T.);
#1107 = IFCFACE((#1106));
#1108 = IFCPOLYLOOP((#934, #1109, #1110));
#1109 = IFCCARTESIANPOINT((-2.59102722167969E-1, -2.32347595214844E-1, 6.18485229492188E-1));
#1110 = IFCCARTESIANPOINT((-2.61370513916016E-1, -2.30324203491211E-1, 6.18494934082031E-1));
#1111 = IFCFACEOUTERBOUND(#1108, .T.);
#1112 = IFCFACE((#1111));
#1113 = IFCPOLYLOOP((#781, #934, #1110));
#1114 = IFCFACEOUTERBOUND(#1113, .T.);
#1115 = IFCFACE((#1114));
#1116 = IFCPOLYLOOP((#1109, #934, #798));
#1117 = IFCFACEOUTERBOUND(#1116, .T.);
#1118 = IFCFACE((#1117));
#1119 = IFCPOLYLOOP((#798, #1098, #1109));
#1120 = IFCFACEOUTERBOUND(#1119, .T.);
#1121 = IFCFACE((#1120));
#1122 = IFCPOLYLOOP((#1123, #853, #938));
#1123 = IFCCARTESIANPOINT((-2.64039978027344E-1, -2.26407897949219E-1, 6.18492370605469E-1));
#1124 = IFCFACEOUTERBOUND(#1122, .T.);
#1125 = IFCFACE((#1124));
#1126 = IFCPOLYLOOP((#1127, #1123, #938));
#1127 = IFCCARTESIANPOINT((-2.62825134277344E-1, -2.28475173950195E-1, 6.18497131347656E-1));
#1128 = IFCFACEOUTERBOUND(#1126, .T.);
#1129 = IFCFACE((#1128));
#1130 = IFCPOLYLOOP((#1127, #938, #781));
#1131 = IFCFACEOUTERBOUND(#1130, .T.);
#1132 = IFCFACE((#1131));
#1133 = IFCPOLYLOOP((#545, #520, #646));
#1134 = IFCFACEOUTERBOUND(#1133, .T.);
#1135 = IFCFACE((#1134));
#1136 = IFCPOLYLOOP((#482, #569, #487));
#1137 = IFCFACEOUTERBOUND(#1136, .T.);
#1138 = IFCFACE((#1137));
#1139 = IFCPOLYLOOP((#723, #505, #507));
#1140 = IFCFACEOUTERBOUND(#1139, .T.);
#1141 = IFCFACE((#1140));
#1142 = IFCPOLYLOOP((#734, #506, #505));
#1143 = IFCFACEOUTERBOUND(#1142, .T.);
#1144 = IFCFACE((#1143));
#1145 = IFCPOLYLOOP((#511, #712, #507));
#1146 = IFCFACEOUTERBOUND(#1145, .T.);
#1147 = IFCFACE((#1146));
#1148 = IFCPOLYLOOP((#499, #501, #599));
#1149 = IFCFACEOUTERBOUND(#1148, .T.);
#1150 = IFCFACE((#1149));
#1151 = IFCPOLYLOOP((#511, #500, #594));
#1152 = IFCFACEOUTERBOUND(#1151, .T.);
#1153 = IFCFACE((#1152));
#1154 = IFCPOLYLOOP((#657, #519, #545));
#1155 = IFCFACEOUTERBOUND(#1154, .T.);
#1156 = IFCFACE((#1155));
#1157 = IFCPOLYLOOP((#1158, #1159, #1160));
#1158 = IFCCARTESIANPOINT((-2.60897613525391E-1, -2.27730560302734E-1, 6.20451293945313E-1));
#1159 = IFCCARTESIANPOINT((-2.63600341796875E-1, -2.19499740600586E-1, 6.20465148925781E-1));
#1160 = IFCCARTESIANPOINT((-2.62912078857422E-1, -2.23822555541992E-1, 6.20466796875E-1));
#1161 = IFCFACEOUTERBOUND(#1157, .T.);
#1162 = IFCFACE((#1161));
#1163 = IFCPOLYLOOP((#1164, #1165, #1158));
#1164 = IFCCARTESIANPOINT((-2.57816375732422E-1, -2.30849029541016E-1, 6.20406921386719E-1));
#1165 = IFCCARTESIANPOINT((-2.4950602722168E-1, -2.3342350769043E-1, 6.20459777832031E-1));
#1166 = IFCFACEOUTERBOUND(#1163, .T.);
#1167 = IFCFACE((#1166));
#1168 = IFCPOLYLOOP((#1169, #1159, #1170));
#1169 = IFCCARTESIANPOINT((-2.57866241455078E-1, -2.08117065429688E-1, 6.20464660644531E-1));
#1170 = IFCCARTESIANPOINT((-2.41331970214844E-1, -2.30701232910156E-1, 6.20466796875E-1));
#1171 = IFCFACEOUTERBOUND(#1168, .T.);
#1172 = IFCFACE((#1171));
#1173 = IFCPOLYLOOP((#1170, #1174, #1169));
#1174 = IFCCARTESIANPOINT((-2.35627365112305E-1, -2.19306182861328E-1, 6.20463623046875E-1));
#1175 = IFCFACEOUTERBOUND(#1173, .T.);
#1176 = IFCFACE((#1175));
#1177 = IFCPOLYLOOP((#1159, #1158, #1165));
#1178 = IFCFACEOUTERBOUND(#1177, .T.);
#1179 = IFCFACE((#1178));
#1180 = IFCPOLYLOOP((#1169, #1181, #1182));
#1181 = IFCCARTESIANPOINT((-2.61067199707031E-1, -2.11217681884766E-1, 6.20359680175781E-1));
#1182 = IFCCARTESIANPOINT((-2.62978759765625E-1, -2.15159042358398E-1, 6.20424926757813E-1));
#1183 = IFCFACEOUTERBOUND(#1180, .T.);
#1184 = IFCFACE((#1183));
#1185 = IFCPOLYLOOP((#1186, #1169, #1187));
#1186 = IFCCARTESIANPOINT((-2.54063232421875E-1, -2.06138610839844E-1, 6.20466796875E-1));
#1187 = IFCCARTESIANPOINT((-2.49741226196289E-1, -2.05423522949219E-1, 6.20459655761719E-1));
#1188 = IFCFACEOUTERBOUND(#1185, .T.);
#1189 = IFCFACE((#1188));
#1190 = IFCPOLYLOOP((#1159, #1169, #1182));
#1191 = IFCFACEOUTERBOUND(#1190, .T.);
#1192 = IFCFACE((#1191));
#1193 = IFCPOLYLOOP((#1187, #1169, #1174));
#1194 = IFCFACEOUTERBOUND(#1193, .T.);
#1195 = IFCFACE((#1194));
#1196 = IFCPOLYLOOP((#1197, #1165, #1164));
#1197 = IFCCARTESIANPOINT((-2.53913604736328E-1, -2.32843063354492E-1, 6.20359924316406E-1));
#1198 = IFCFACEOUTERBOUND(#1196, .T.);
#1199 = IFCFACE((#1198));
#1200 = IFCPOLYLOOP((#1170, #1165, #1201));
#1201 = IFCCARTESIANPOINT((-2.45185729980469E-1, -2.32707626342773E-1, 6.20466796875E-1));
#1202 = IFCFACEOUTERBOUND(#1200, .T.);
#1203 = IFCFACE((#1202));
#1204 = IFCPOLYLOOP((#1205, #1174, #1170));
#1205 = IFCCARTESIANPOINT((-2.38246887207031E-1, -2.27589218139648E-1, 6.20466796875E-1));
#1206 = IFCFACEOUTERBOUND(#1204, .T.);
#1207 = IFCFACE((#1206));
#1208 = IFCPOLYLOOP((#1205, #1209, #1174));
#1209 = IFCCARTESIANPOINT((-2.36205612182617E-1, -2.23711120605469E-1, 6.20361389160156E-1));
#1210 = IFCFACEOUTERBOUND(#1208, .T.);
#1211 = IFCFACE((#1210));
#1212 = IFCPOLYLOOP((#1213, #1214, #1215));
#1213 = IFCCARTESIANPOINT((-2.38302810668945E-1, -2.11162017822266E-1, 6.20449890136719E-1));
#1214 = IFCCARTESIANPOINT((-2.41419677734375E-1, -2.07973999023438E-1, 6.20363403320313E-1));
#1215 = IFCCARTESIANPOINT((-2.45357971191406E-1, -2.06059371948242E-1, 6.20426452636719E-1));
#1216 = IFCFACEOUTERBOUND(#1212, .T.);
#1217 = IFCFACE((#1216));
#1218 = IFCPOLYLOOP((#1219, #1213, #1174));
#1219 = IFCCARTESIANPOINT((-2.36351516723633E-1, -2.14936019897461E-1, 6.20466796875E-1));
#1220 = IFCFACEOUTERBOUND(#1218, .T.);
#1221 = IFCFACE((#1220));
#1222 = IFCPOLYLOOP((#1213, #1215, #1187));
#1223 = IFCFACEOUTERBOUND(#1222, .T.);
#1224 = IFCFACE((#1223));
#1225 = IFCPOLYLOOP((#1187, #1174, #1213));
#1226 = IFCFACEOUTERBOUND(#1225, .T.);
#1227 = IFCFACE((#1226));
#1228 = IFCPOLYLOOP((#1170, #1159, #1165));
#1229 = IFCFACEOUTERBOUND(#1228, .T.);
#1230 = IFCFACE((#1229));
#1231 = IFCPOLYLOOP((#1159, #953, #853));
#1232 = IFCFACEOUTERBOUND(#1231, .T.);
#1233 = IFCFACE((#1232));
#1234 = IFCPOLYLOOP((#853, #1160, #1159));
#1235 = IFCFACEOUTERBOUND(#1234, .T.);
#1236 = IFCFACE((#1235));
#1237 = IFCPOLYLOOP((#1182, #1181, #957));
#1238 = IFCFACEOUTERBOUND(#1237, .T.);
#1239 = IFCFACE((#1238));
#1240 = IFCPOLYLOOP((#1181, #1169, #968));
#1241 = IFCFACEOUTERBOUND(#1240, .T.);
#1242 = IFCFACE((#1241));
#1243 = IFCPOLYLOOP((#1159, #1182, #946));
#1244 = IFCFACEOUTERBOUND(#1243, .T.);
#1245 = IFCFACE((#1244));
#1246 = IFCPOLYLOOP((#870, #979, #1169));
#1247 = IFCFACEOUTERBOUND(#1246, .T.);
#1248 = IFCFACE((#1247));
#1249 = IFCPOLYLOOP((#1169, #1186, #870));
#1250 = IFCFACEOUTERBOUND(#1249, .T.);
#1251 = IFCFACE((#1250));
#1252 = IFCPOLYLOOP((#1187, #998, #870));
#1253 = IFCFACEOUTERBOUND(#1252, .T.);
#1254 = IFCFACE((#1253));
#1255 = IFCPOLYLOOP((#870, #1186, #1187));
#1256 = IFCFACEOUTERBOUND(#1255, .T.);
#1257 = IFCFACE((#1256));
#1258 = IFCPOLYLOOP((#893, #1027, #1213));
#1259 = IFCFACEOUTERBOUND(#1258, .T.);
#1260 = IFCFACE((#1259));
#1261 = IFCPOLYLOOP((#1213, #1219, #893));
#1262 = IFCFACEOUTERBOUND(#1261, .T.);
#1263 = IFCFACE((#1262));
#1264 = IFCPOLYLOOP((#1215, #1214, #1002));
#1265 = IFCFACEOUTERBOUND(#1264, .T.);
#1266 = IFCFACE((#1265));
#1267 = IFCPOLYLOOP((#1187, #1215, #991));
#1268 = IFCFACEOUTERBOUND(#1267, .T.);
#1269 = IFCFACE((#1268));
#1270 = IFCPOLYLOOP((#946, #945, #1159));
#1271 = IFCFACEOUTERBOUND(#1270, .T.);
#1272 = IFCFACE((#1271));
#1273 = IFCPOLYLOOP((#983, #968, #1169));
#1274 = IFCFACEOUTERBOUND(#1273, .T.);
#1275 = IFCFACE((#1274));
#1276 = IFCPOLYLOOP((#961, #1182, #957));
#1277 = IFCFACEOUTERBOUND(#1276, .T.);
#1278 = IFCFACE((#1277));
#1279 = IFCPOLYLOOP((#990, #1187, #991));
#1280 = IFCFACEOUTERBOUND(#1279, .T.);
#1281 = IFCFACE((#1280));
#1282 = IFCPOLYLOOP((#1002, #1006, #1215));
#1283 = IFCFACEOUTERBOUND(#1282, .T.);
#1284 = IFCFACE((#1283));
#1285 = IFCPOLYLOOP((#1213, #1031, #1013));
#1286 = IFCFACEOUTERBOUND(#1285, .T.);
#1287 = IFCFACE((#1286));
#1288 = IFCPOLYLOOP((#1213, #1027, #1031));
#1289 = IFCFACEOUTERBOUND(#1288, .T.);
#1290 = IFCFACE((#1289));
#1291 = IFCPOLYLOOP((#1017, #1214, #1013));
#1292 = IFCFACEOUTERBOUND(#1291, .T.);
#1293 = IFCFACE((#1292));
#1294 = IFCPOLYLOOP((#1214, #1213, #1013));
#1295 = IFCFACEOUTERBOUND(#1294, .T.);
#1296 = IFCFACE((#1295));
#1297 = IFCPOLYLOOP((#1298, #1062, #1205));
#1298 = IFCCARTESIANPOINT((-2.40739837646484E-1, -2.31506622314453E-1, 6.19481140136719E-1));
#1299 = IFCFACEOUTERBOUND(#1297, .T.);
#1300 = IFCFACE((#1299));
#1301 = IFCPOLYLOOP((#1201, #916, #1298));
#1302 = IFCFACEOUTERBOUND(#1301, .T.);
#1303 = IFCFACE((#1302));
#1304 = IFCPOLYLOOP((#893, #1219, #1174));
#1305 = IFCFACEOUTERBOUND(#1304, .T.);
#1306 = IFCFACE((#1305));
#1307 = IFCPOLYLOOP((#1174, #1039, #893));
#1308 = IFCFACEOUTERBOUND(#1307, .T.);
#1309 = IFCFACE((#1308));
#1310 = IFCPOLYLOOP((#1209, #1205, #1062));
#1311 = IFCFACEOUTERBOUND(#1310, .T.);
#1312 = IFCFACE((#1311));
#1313 = IFCPOLYLOOP((#1062, #1046, #1209));
#1314 = IFCFACEOUTERBOUND(#1313, .T.);
#1315 = IFCFACE((#1314));
#1316 = IFCPOLYLOOP((#1062, #1298, #1058));
#1317 = IFCFACEOUTERBOUND(#1316, .T.);
#1318 = IFCFACE((#1317));
#1319 = IFCPOLYLOOP((#1174, #1209, #1054));
#1320 = IFCFACEOUTERBOUND(#1319, .T.);
#1321 = IFCFACE((#1320));
#1322 = IFCPOLYLOOP((#916, #1201, #1165));
#1323 = IFCFACEOUTERBOUND(#1322, .T.);
#1324 = IFCFACE((#1323));
#1325 = IFCPOLYLOOP((#1165, #1088, #916));
#1326 = IFCFACEOUTERBOUND(#1325, .T.);
#1327 = IFCFACE((#1326));
#1328 = IFCPOLYLOOP((#1165, #1197, #1084));
#1329 = IFCFACEOUTERBOUND(#1328, .T.);
#1330 = IFCFACE((#1329));
#1331 = IFCPOLYLOOP((#1164, #1158, #1110));
#1332 = IFCFACEOUTERBOUND(#1331, .T.);
#1333 = IFCFACE((#1332));
#1334 = IFCPOLYLOOP((#1158, #1160, #853));
#1335 = IFCFACEOUTERBOUND(#1334, .T.);
#1336 = IFCFACE((#1335));
#1337 = IFCPOLYLOOP((#853, #1123, #1158));
#1338 = IFCFACEOUTERBOUND(#1337, .T.);
#1339 = IFCFACE((#1338));
#1340 = IFCPOLYLOOP((#1197, #1164, #1098));
#1341 = IFCFACEOUTERBOUND(#1340, .T.);
#1342 = IFCFACE((#1341));
#1343 = IFCPOLYLOOP((#1298, #916, #1072));
#1344 = IFCFACEOUTERBOUND(#1343, .T.);
#1345 = IFCFACE((#1344));
#1346 = IFCPOLYLOOP((#1174, #1054, #1035));
#1347 = IFCFACEOUTERBOUND(#1346, .T.);
#1348 = IFCFACE((#1347));
#1349 = IFCPOLYLOOP((#1298, #1076, #1058));
#1350 = IFCFACEOUTERBOUND(#1349, .T.);
#1351 = IFCFACE((#1350));
#1352 = IFCPOLYLOOP((#1046, #1050, #1209));
#1353 = IFCFACEOUTERBOUND(#1352, .T.);
#1354 = IFCFACE((#1353));
#1355 = IFCPOLYLOOP((#1165, #1084, #1083));
#1356 = IFCFACEOUTERBOUND(#1355, .T.);
#1357 = IFCFACE((#1356));
#1358 = IFCPOLYLOOP((#1127, #1110, #1158));
#1359 = IFCFACEOUTERBOUND(#1358, .T.);
#1360 = IFCFACE((#1359));
#1361 = IFCPOLYLOOP((#1098, #1105, #1197));
#1362 = IFCFACEOUTERBOUND(#1361, .T.);
#1363 = IFCFACE((#1362));
#1364 = IFCPOLYLOOP((#1098, #930, #1105));
#1365 = IFCFACEOUTERBOUND(#1364, .T.);
#1366 = IFCFACE((#1365));
#1367 = IFCPOLYLOOP((#1159, #945, #953));
#1368 = IFCFACEOUTERBOUND(#1367, .T.);
#1369 = IFCFACE((#1368));
#1370 = IFCPOLYLOOP((#1181, #972, #957));
#1371 = IFCFACEOUTERBOUND(#1370, .T.);
#1372 = IFCFACE((#1371));
#1373 = IFCPOLYLOOP((#1181, #968, #972));
#1374 = IFCFACEOUTERBOUND(#1373, .T.);
#1375 = IFCFACE((#1374));
#1376 = IFCPOLYLOOP((#1182, #961, #946));
#1377 = IFCFACEOUTERBOUND(#1376, .T.);
#1378 = IFCFACE((#1377));
#1379 = IFCPOLYLOOP((#1187, #990, #998));
#1380 = IFCFACEOUTERBOUND(#1379, .T.);
#1381 = IFCFACE((#1380));
#1382 = IFCPOLYLOOP((#1214, #1017, #1002));
#1383 = IFCFACEOUTERBOUND(#1382, .T.);
#1384 = IFCFACE((#1383));
#1385 = IFCPOLYLOOP((#1215, #1006, #991));
#1386 = IFCFACEOUTERBOUND(#1385, .T.);
#1387 = IFCFACE((#1386));
#1388 = IFCPOLYLOOP((#1169, #979, #983));
#1389 = IFCFACEOUTERBOUND(#1388, .T.);
#1390 = IFCFACE((#1389));
#1391 = IFCPOLYLOOP((#1174, #1035, #1039));
#1392 = IFCFACEOUTERBOUND(#1391, .T.);
#1393 = IFCFACE((#1392));
#1394 = IFCPOLYLOOP((#1209, #1050, #1054));
#1395 = IFCFACEOUTERBOUND(#1394, .T.);
#1396 = IFCFACE((#1395));
#1397 = IFCPOLYLOOP((#1165, #1083, #1088));
#1398 = IFCFACEOUTERBOUND(#1397, .T.);
#1399 = IFCFACE((#1398));
#1400 = IFCPOLYLOOP((#1197, #1105, #1084));
#1401 = IFCFACEOUTERBOUND(#1400, .T.);
#1402 = IFCFACE((#1401));
#1403 = IFCPOLYLOOP((#1164, #1110, #1109));
#1404 = IFCFACEOUTERBOUND(#1403, .T.);
#1405 = IFCFACE((#1404));
#1406 = IFCPOLYLOOP((#1158, #1123, #1127));
#1407 = IFCFACEOUTERBOUND(#1406, .T.);
#1408 = IFCFACE((#1407));
#1409 = IFCPOLYLOOP((#1164, #1109, #1098));
#1410 = IFCFACEOUTERBOUND(#1409, .T.);
#1411 = IFCFACE((#1410));
#1412 = IFCPOLYLOOP((#1298, #1072, #1076));
#1413 = IFCFACEOUTERBOUND(#1412, .T.);
#1414 = IFCFACE((#1413));
#1415 = IFCPOLYLOOP((#499, #549, #492));
#1416 = IFCFACEOUTERBOUND(#1415, .T.);
#1417 = IFCFACE((#1416));
#1418 = IFCPOLYLOOP((#587, #500, #515));
#1419 = IFCFACEOUTERBOUND(#1418, .T.);
#1420 = IFCFACE((#1419));
#1421 = IFCPOLYLOOP((#500, #595, #594));
#1422 = IFCFACEOUTERBOUND(#1421, .T.);
#1423 = IFCFACE((#1422));
#1424 = IFCPOLYLOOP((#599, #501, #600));
#1425 = IFCFACEOUTERBOUND(#1424, .T.);
#1426 = IFCFACE((#1425));
#1427 = IFCPOLYLOOP((#618, #608, #765));
#1428 = IFCFACEOUTERBOUND(#1427, .T.);
#1429 = IFCFACE((#1428));
#1430 = IFCPOLYLOOP((#608, #604, #769));
#1431 = IFCFACEOUTERBOUND(#1430, .T.);
#1432 = IFCFACE((#1431));
#1433 = IFCPOLYLOOP((#672, #773, #682));
#1434 = IFCFACEOUTERBOUND(#1433, .T.);
#1435 = IFCFACE((#1434));
#1436 = IFCPOLYLOOP((#577, #777, #695));
#1437 = IFCFACEOUTERBOUND(#1436, .T.);
#1438 = IFCFACE((#1437));
#1439 = IFCPOLYLOOP((#650, #639, #785));
#1440 = IFCFACEOUTERBOUND(#1439, .T.);
#1441 = IFCFACE((#1440));
#1442 = IFCPOLYLOOP((#777, #793, #705));
#1443 = IFCFACEOUTERBOUND(#1442, .T.);
#1444 = IFCFACE((#1443));
#1445 = IFCPOLYLOOP((#716, #797, #727));
#1446 = IFCFACEOUTERBOUND(#1445, .T.);
#1447 = IFCFACE((#1446));
#1448 = IFCPOLYLOOP((#773, #805, #577));
#1449 = IFCFACEOUTERBOUND(#1448, .T.);
#1450 = IFCFACE((#1449));
#1451 = IFCPOLYLOOP((#628, #765, #809));
#1452 = IFCFACEOUTERBOUND(#1451, .T.);
#1453 = IFCFACE((#1452));
#1454 = IFCPOLYLOOP((#793, #813, #716));
#1455 = IFCFACEOUTERBOUND(#1454, .T.);
#1456 = IFCFACE((#1455));
#1457 = IFCPOLYLOOP((#639, #809, #817));
#1458 = IFCFACEOUTERBOUND(#1457, .T.);
#1459 = IFCFACE((#1458));
#1460 = IFCPOLYLOOP((#765, #769, #829));
#1461 = IFCFACEOUTERBOUND(#1460, .T.);
#1462 = IFCFACE((#1461));
#1463 = IFCPOLYLOOP((#604, #781, #825));
#1464 = IFCFACEOUTERBOUND(#1463, .T.);
#1465 = IFCFACE((#1464));
#1466 = IFCPOLYLOOP((#769, #825, #845));
#1467 = IFCFACEOUTERBOUND(#1466, .T.);
#1468 = IFCFACE((#1467));
#1469 = IFCPOLYLOOP((#805, #849, #777));
#1470 = IFCFACEOUTERBOUND(#1469, .T.);
#1471 = IFCFACE((#1470));
#1472 = IFCPOLYLOOP((#945, #854, #953));
#1473 = IFCFACEOUTERBOUND(#1472, .T.);
#1474 = IFCFACE((#1473));
#1475 = IFCPOLYLOOP((#957, #861, #961));
#1476 = IFCFACEOUTERBOUND(#1475, .T.);
#1477 = IFCFACE((#1476));
#1478 = IFCPOLYLOOP((#968, #865, #972));
#1479 = IFCFACEOUTERBOUND(#1478, .T.);
#1480 = IFCFACE((#1479));
#1481 = IFCPOLYLOOP((#983, #809, #968));
#1482 = IFCFACEOUTERBOUND(#1481, .T.);
#1483 = IFCFACE((#1482));
#1484 = IFCPOLYLOOP((#990, #877, #998));
#1485 = IFCFACEOUTERBOUND(#1484, .T.);
#1486 = IFCFACE((#1485));
#1487 = IFCPOLYLOOP((#1002, #884, #1006));
#1488 = IFCFACEOUTERBOUND(#1487, .T.);
#1489 = IFCFACE((#1488));
#1490 = IFCPOLYLOOP((#821, #1013, #1031));
#1491 = IFCFACEOUTERBOUND(#1490, .T.);
#1492 = IFCFACE((#1491));
#1493 = IFCPOLYLOOP((#892, #1031, #1027));
#1494 = IFCFACEOUTERBOUND(#1493, .T.);
#1495 = IFCFACE((#1494));
#1496 = IFCPOLYLOOP((#805, #1035, #1054));
#1497 = IFCFACEOUTERBOUND(#1496, .T.);
#1498 = IFCFACE((#1497));
#1499 = IFCPOLYLOOP((#907, #1054, #1050));
#1500 = IFCFACEOUTERBOUND(#1499, .T.);
#1501 = IFCFACE((#1500));
#1502 = IFCPOLYLOOP((#915, #1076, #1072));
#1503 = IFCFACEOUTERBOUND(#1502, .T.);
#1504 = IFCFACE((#1503));
#1505 = IFCPOLYLOOP((#1127, #781, #1110));
#1506 = IFCFACEOUTERBOUND(#1505, .T.);
#1507 = IFCFACE((#1506));
#1508 = IFCPOLYLOOP((#483, #560, #481));
#1509 = IFCFACEOUTERBOUND(#1508, .T.);
#1510 = IFCFACE((#1509));
#1511 = IFCPOLYLOOP((#481, #635, #520));
#1512 = IFCFACEOUTERBOUND(#1511, .T.);
#1513 = IFCFACE((#1512));
#1514 = IFCPOLYLOOP((#519, #668, #482));
#1515 = IFCFACEOUTERBOUND(#1514, .T.);
#1516 = IFCFACE((#1515));
#1517 = IFCPOLYLOOP((#506, #745, #501));
#1518 = IFCFACEOUTERBOUND(#1517, .T.);
#1519 = IFCFACE((#1518));
#1520 = IFCPOLYLOOP((#1298, #1205, #1170));
#1521 = IFCFACEOUTERBOUND(#1520, .T.);
#1522 = IFCFACE((#1521));
#1523 = IFCPOLYLOOP((#1201, #1298, #1170));
#1524 = IFCFACEOUTERBOUND(#1523, .T.);
#1525 = IFCFACE((#1524));
#1526 = IFCFACETEDBREP(#473);
#1527 = IFCSURFACESTYLERENDERING(#1528, 0., #1529, $, $, #1530, #1531, $, .NOTDEFINED.);
#1528 = IFCCOLOURRGB('Surface color', 5.41176497936249E-1, 3.4901961684227E-1, 2.50980406999588E-1);
#1529 = IFCCOLOURRGB('Diffuse color', 5.41176497936249E-1, 3.4901961684227E-1, 2.50980406999588E-1);
#1530 = IFCCOLOURRGB('Reflection color', 1., 1., 1.);
#1531 = IFCCOLOURRGB('Specular color', 1., 1., 1.);
#1532 = IFCSURFACESTYLE('3acb42c0_d3bc_49d4_a7ed_98ea0419b48c', .BOTH., (#1527));
#1533 = IFCPRESENTATIONSTYLEASSIGNMENT((#1532));
#1534 = IFCSTYLEDITEM(#1526, (#1533), $);
#1535 = IFCSTYLEDREPRESENTATION(#103, 'Body', $, (#1534));
#1536 = IFCCLOSEDSHELL((#1542, #1546, #1550, #1556, #1560, #1563, #1567, #1571, #1576, #1579, #1582, #1586, #1592, #1598, #1601, #1605, #1609, #1612, #1616, #1621, #1624, #1628, #1632, #1636, #1640, #1643, #1648, #1651, #1654, #1659, #1663, #1668, #1671, #1676, #1682, #1686, #1691, #1694, #1697, #1701, #1705, #1708, #1711, #1714, #1717, #1720, #1726, #1730, #1734, #1737, #1741, #1744, #1748, #1751, #1754, #1757, #1760, #1763, #1766, #1771, #1774, #1778, #1781, #1784, #1787, #1790, #1795, #1799, #1802, #1805, #1808, #1811, #1814, #1817, #1820, #1823, #1827, #1831, #1834, #1837, #1840, #1844, #1847, #1851, #1854, #1857, #1860, #1863, #1866, #1872, #1877, #1881, #1886, #1890, #1894, #1897, #1901, #1905, #1910, #1913, #1917, #1921, #1925, #1930, #1934, #1937, #1941, #1945, #1949, #1953, #1957, #1961, #1964, #1969, #1973, #1978, #1981, #1985, #1989, #1993, #1997, #2000, #2005, #2009, #2013, #2017, #2021, #2024, #2027, #2030, #2034, #2037, #2040, #2043, #2047, #2050, #2053, #2056, #2059, #2062, #2068, #2073, #2079, #2082, #2085, #2089, #2094, #2097, #2102, #2105, #2110, #2113, #2117, #2121, #2124, #2128, #2131, #2137, #2140, #2143, #2147, #2151, #2156, #2162, #2166, #2170, #2174, #2177, #2181, #2185, #2189, #2195, #2199, #2202, #2205, #2209, #2212, #2215, #2218, #2221, #2224, #2228, #2232, #2235, #2238, #2241, #2244, #2247, #2250, #2253, #2256, #2259, #2263, #2267, #2270, #2273, #2276, #2279, #2283, #2286, #2289, #2292, #2295, #2299, #2302, #2305, #2308, #2311, #2314, #2317, #2320, #2323, #2326, #2329, #2332, #2335, #2338, #2341, #2344, #2347, #2350, #2353, #2356, #2359, #2362, #2365, #2368, #2371, #2374, #2377, #2380, #2383, #2386, #2389, #2392, #2395, #2398, #2401, #2404, #2407, #2410, #2413, #2416, #2419, #2422, #2425, #2428, #2431, #2434, #2437, #2440, #2443, #2446, #2449, #2452, #2455, #2458, #2461, #2464, #2467, #2470, #2473, #2476, #2479, #2482, #2485, #2488, #2491, #2494, #2497, #2500, #2503, #2506, #2509, #2512, #2515, #2518, #2521, #2524, #2527, #2530, #2533, #2536, #2539, #2542, #2545, #2548, #2551, #2554, #2557, #2560, #2563, #2566, #2569, #2572, #2575, #2578, #2581));
#1537 = IFCPOLYLOOP((#1538, #1539, #1540));
#1538 = IFCCARTESIANPOINT((-1.24282386779785E-1, 1.32272706819923E-1, 3.94392333984375E-1));
#1539 = IFCCARTESIANPOINT((-1.9708512878418E-1, 1.6268097098008E-1, 4.00583160400391E-1));
#1540 = IFCCARTESIANPOINT((-1.98179809570313E-1, 1.62782350374611E-1, 3.92981506347656E-1));
#1541 = IFCFACEOUTERBOUND(#1537, .T.);
#1542 = IFCFACE((#1541));
#1543 = IFCPOLYLOOP((#1538, #1544, #1539));
#1544 = IFCCARTESIANPOINT((-1.96015411376953E-1, 1.62581636263283E-1, 4.080068359375E-1));
#1545 = IFCFACEOUTERBOUND(#1543, .T.);
#1546 = IFCFACE((#1545));
#1547 = IFCPOLYLOOP((#1538, #1548, #1544));
#1548 = IFCCARTESIANPOINT((-1.95293960571289E-1, 1.62514711214455E-1, 4.13015258789063E-1));
#1549 = IFCFACEOUTERBOUND(#1547, .T.);
#1550 = IFCFACE((#1549));
#1551 = IFCPOLYLOOP((#1552, #1553, #1554));
#1552 = IFCCARTESIANPOINT((-1.92408096313477E-1, 1.62247102571876E-1, 4.33049011230469E-1));
#1553 = IFCCARTESIANPOINT((-1.9312956237793E-1, 1.62313997103126E-1, 4.28040588378906E-1));
#1554 = IFCCARTESIANPOINT((-1.24282577514648E-1, 1.34120454622658E-1, 4.34349639892578E-1));
#1555 = IFCFACEOUTERBOUND(#1551, .T.);
#1556 = IFCFACE((#1555));
#1557 = IFCPOLYLOOP((#1558, #1554, #1553));
#1558 = IFCCARTESIANPOINT((-1.94196548461914E-1, 1.62413209749611E-1, 4.20638336181641E-1));
#1559 = IFCFACEOUTERBOUND(#1557, .T.);
#1560 = IFCFACE((#1559));
#1561 = IFCPOLYLOOP((#1558, #1548, #1554));
#1562 = IFCFACEOUTERBOUND(#1561, .T.);
#1563 = IFCFACE((#1562));
#1564 = IFCPOLYLOOP((#1548, #1565, #1554));
#1565 = IFCCARTESIANPOINT((-1.22305191040039E-1, 1.33266298128517E-1, 4.33570983886719E-1));
#1566 = IFCFACEOUTERBOUND(#1564, .T.);
#1567 = IFCFACE((#1566));
#1568 = IFCPOLYLOOP((#1538, #1569, #1548));
#1569 = IFCCARTESIANPOINT((-1.21162963867188E-1, 1.31044343782814E-1, 3.95739868164063E-1));
#1570 = IFCFACEOUTERBOUND(#1568, .T.);
#1571 = IFCFACE((#1570));
#1572 = IFCPOLYLOOP((#1573, #1569, #1574));
#1573 = IFCCARTESIANPOINT((-1.2132649230957E-1, 1.32843538118751E-1, 4.33185577392578E-1));
#1574 = IFCCARTESIANPOINT((-1.19443580627441E-1, 1.30367280794533E-1, 3.96482574462891E-1));
#1575 = IFCFACEOUTERBOUND(#1572, .T.);
#1576 = IFCFACE((#1575));
#1577 = IFCPOLYLOOP((#1548, #1569, #1565));
#1578 = IFCFACEOUTERBOUND(#1577, .T.);
#1579 = IFCFACE((#1578));
#1580 = IFCPOLYLOOP((#1569, #1573, #1565));
#1581 = IFCFACEOUTERBOUND(#1580, .T.);
#1582 = IFCFACE((#1581));
#1583 = IFCPOLYLOOP((#1573, #1574, #1584));
#1584 = IFCCARTESIANPOINT((-1.19443603515625E-1, 1.32030214144142E-1, 4.32444152832031E-1));
#1585 = IFCFACEOUTERBOUND(#1583, .T.);
#1586 = IFCFACE((#1585));
#1587 = IFCPOLYLOOP((#1588, #1589, #1590));
#1588 = IFCCARTESIANPOINT((1.38228820800781E-1, 1.39184785677345E-1, 4.19084411621094E-1));
#1589 = IFCCARTESIANPOINT((1.47350509643555E-1, 1.43182008577736E-1, 4.23909698486328E-1));
#1590 = IFCCARTESIANPOINT((1.38048385620117E-1, 1.39341493441017E-1, 4.24087493896484E-1));
#1591 = IFCFACEOUTERBOUND(#1587, .T.);
#1592 = IFCFACE((#1591));
#1593 = IFCPOLYLOOP((#1594, #1595, #1596));
#1594 = IFCCARTESIANPOINT((1.38409378051758E-1, 1.3902813894883E-1, 4.14081298828125E-1));
#1595 = IFCCARTESIANPOINT((1.48434005737305E-1, 1.42704591585548E-1, 4.03890594482422E-1));
#1596 = IFCCARTESIANPOINT((1.57375213623047E-1, 1.46858461214455E-1, 4.13719146728516E-1));
#1597 = IFCFACEOUTERBOUND(#1593, .T.);
#1598 = IFCFACE((#1597));
#1599 = IFCPOLYLOOP((#1596, #1589, #1594));
#1600 = IFCFACEOUTERBOUND(#1599, .T.);
#1601 = IFCFACE((#1600));
#1602 = IFCPOLYLOOP((#1603, #1594, #1588));
#1603 = IFCCARTESIANPOINT((1.28926483154297E-1, 1.35112977816017E-1, 4.14262329101563E-1));
#1604 = IFCFACEOUTERBOUND(#1602, .T.);
#1605 = IFCFACE((#1604));
#1606 = IFCPOLYLOOP((#1588, #1607, #1603));
#1607 = IFCCARTESIANPOINT((1.28836196899414E-1, 1.35306917025001E-1, 4.19263732910156E-1));
#1608 = IFCFACEOUTERBOUND(#1606, .T.);
#1609 = IFCFACE((#1608));
#1610 = IFCPOLYLOOP((#1607, #1588, #1590));
#1611 = IFCFACEOUTERBOUND(#1610, .T.);
#1612 = IFCFACE((#1611));
#1613 = IFCPOLYLOOP((#1590, #1614, #1607));
#1614 = IFCCARTESIANPOINT((1.28700286865234E-1, 1.35597566439064E-1, 4.26765716552734E-1));
#1615 = IFCFACEOUTERBOUND(#1613, .T.);
#1616 = IFCFACE((#1615));
#1617 = IFCPOLYLOOP((#1614, #1618, #1619));
#1618 = IFCCARTESIANPOINT((1.33261642456055E-1, 1.37596406771095E-1, 4.29178558349609E-1));
#1619 = IFCCARTESIANPOINT((1.26629585266113E-1, 1.34906862093361E-1, 4.30356292724609E-1));
#1620 = IFCFACEOUTERBOUND(#1617, .T.);
#1621 = IFCFACE((#1620));
#1622 = IFCPOLYLOOP((#1614, #1590, #1618));
#1623 = IFCFACEOUTERBOUND(#1622, .T.);
#1624 = IFCFACE((#1623));
#1625 = IFCPOLYLOOP((#1614, #1619, #1626));
#1626 = IFCCARTESIANPOINT((1.24058380126953E-1, 1.33580446077736E-1, 4.24677764892578E-1));
#1627 = IFCFACEOUTERBOUND(#1625, .T.);
#1628 = IFCFACE((#1627));
#1629 = IFCPOLYLOOP((#1619, #1630, #1626));
#1630 = IFCCARTESIANPOINT((1.1944361114502E-1, 1.32030214144142E-1, 4.32444122314453E-1));
#1631 = IFCFACEOUTERBOUND(#1629, .T.);
#1632 = IFCFACE((#1631));
#1633 = IFCPOLYLOOP((#1630, #1619, #1634));
#1634 = IFCCARTESIANPOINT((1.24282615661621E-1, 1.34120454622658E-1, 4.34349609375E-1));
#1635 = IFCFACEOUTERBOUND(#1633, .T.);
#1636 = IFCFACE((#1635));
#1637 = IFCPOLYLOOP((#1590, #1638, #1618));
#1638 = IFCCARTESIANPOINT((1.37465728759766E-1, 1.39448915316017E-1, 4.31624114990234E-1));
#1639 = IFCFACEOUTERBOUND(#1637, .T.);
#1640 = IFCFACE((#1639));
#1641 = IFCPOLYLOOP((#1618, #1638, #1619));
#1642 = IFCFACEOUTERBOUND(#1641, .T.);
#1643 = IFCFACE((#1642));
#1644 = IFCPOLYLOOP((#1645, #1646, #1589));
#1645 = IFCCARTESIANPOINT((1.56291778564453E-1, 1.47104738069923E-1, 4.28738861083984E-1));
#1646 = IFCCARTESIANPOINT((1.47079727172852E-1, 1.43301393343361E-1, 4.28914733886719E-1));
#1647 = IFCFACEOUTERBOUND(#1644, .T.);
#1648 = IFCFACE((#1647));
#1649 = IFCPOLYLOOP((#1590, #1589, #1646));
#1650 = IFCFACEOUTERBOUND(#1649, .T.);
#1651 = IFCFACE((#1650));
#1652 = IFCPOLYLOOP((#1646, #1638, #1590));
#1653 = IFCFACEOUTERBOUND(#1652, .T.);
#1654 = IFCFACE((#1653));
#1655 = IFCPOLYLOOP((#1656, #1657, #1595));
#1656 = IFCCARTESIANPOINT((1.38951095581055E-1, 1.38558229280861E-1, 3.99071990966797E-1));
#1657 = IFCCARTESIANPOINT((1.48704849243164E-1, 1.42585206819923E-1, 3.98885772705078E-1));
#1658 = IFCFACEOUTERBOUND(#1655, .T.);
#1659 = IFCFACE((#1658));
#1660 = IFCPOLYLOOP((#1595, #1661, #1656));
#1661 = IFCCARTESIANPOINT((1.38770523071289E-1, 1.38714876009376E-1, 4.04075073242188E-1));
#1662 = IFCFACEOUTERBOUND(#1660, .T.);
#1663 = IFCFACE((#1662));
#1664 = IFCPOLYLOOP((#1657, #1665, #1666));
#1665 = IFCCARTESIANPOINT((1.58458618164063E-1, 1.46612214876564E-1, 3.98699554443359E-1));
#1666 = IFCCARTESIANPOINT((1.58097473144531E-1, 1.46694276644142E-1, 4.03706115722656E-1));
#1667 = IFCFACEOUTERBOUND(#1664, .T.);
#1668 = IFCFACE((#1667));
#1669 = IFCPOLYLOOP((#1666, #1595, #1657));
#1670 = IFCFACEOUTERBOUND(#1669, .T.);
#1671 = IFCFACE((#1670));
#1672 = IFCPOLYLOOP((#1656, #1673, #1674));
#1673 = IFCCARTESIANPOINT((1.3407421875E-1, 1.3654474051133E-1, 3.99165100097656E-1));
#1674 = IFCCARTESIANPOINT((1.38228805541992E-1, 1.38142946077736E-1, 3.96553588867188E-1));
#1675 = IFCFACEOUTERBOUND(#1672, .T.);
#1676 = IFCFACE((#1675));
#1677 = IFCPOLYLOOP((#1678, #1679, #1680));
#1678 = IFCCARTESIANPOINT((1.1944361114502E-1, 1.30367280794533E-1, 3.96482574462891E-1));
#1679 = IFCCARTESIANPOINT((1.24282600402832E-1, 1.3227276785508E-1, 3.94392333984375E-1));
#1680 = IFCCARTESIANPOINT((1.2577758026123E-1, 1.33048768831642E-1, 3.97797302246094E-1));
#1681 = IFCFACEOUTERBOUND(#1677, .T.);
#1682 = IFCFACE((#1681));
#1683 = IFCPOLYLOOP((#1680, #1684, #1678));
#1684 = IFCCARTESIANPOINT((1.20665420532227E-1, 1.30955781771095E-1, 3.98276306152344E-1));
#1685 = IFCFACEOUTERBOUND(#1683, .T.);
#1686 = IFCFACE((#1685));
#1687 = IFCPOLYLOOP((#1688, #1689, #1680));
#1688 = IFCCARTESIANPOINT((1.29025924682617E-1, 1.34690065218361E-1, 4.04226226806641E-1));
#1689 = IFCCARTESIANPOINT((1.24275314331055E-1, 1.3273028738633E-1, 4.04351806640625E-1));
#1690 = IFCFACEOUTERBOUND(#1687, .T.);
#1691 = IFCFACE((#1690));
#1692 = IFCPOLYLOOP((#1673, #1688, #1680));
#1693 = IFCFACEOUTERBOUND(#1692, .T.);
#1694 = IFCFACE((#1693));
#1695 = IFCPOLYLOOP((#1661, #1673, #1656));
#1696 = IFCFACEOUTERBOUND(#1695, .T.);
#1697 = IFCFACE((#1696));
#1698 = IFCPOLYLOOP((#1688, #1661, #1699));
#1699 = IFCCARTESIANPOINT((1.38589950561523E-1, 1.38871522737892E-1, 4.09078186035156E-1));
#1700 = IFCFACEOUTERBOUND(#1698, .T.);
#1701 = IFCFACE((#1700));
#1702 = IFCPOLYLOOP((#1699, #1703, #1688));
#1703 = IFCCARTESIANPOINT((1.2901676940918E-1, 1.34919069124611E-1, 4.09260955810547E-1));
#1704 = IFCFACEOUTERBOUND(#1702, .T.);
#1705 = IFCFACE((#1704));
#1706 = IFCPOLYLOOP((#1703, #1699, #1594));
#1707 = IFCFACEOUTERBOUND(#1706, .T.);
#1708 = IFCFACE((#1707));
#1709 = IFCPOLYLOOP((#1594, #1603, #1703));
#1710 = IFCFACEOUTERBOUND(#1709, .T.);
#1711 = IFCFACE((#1710));
#1712 = IFCPOLYLOOP((#1595, #1699, #1661));
#1713 = IFCFACEOUTERBOUND(#1712, .T.);
#1714 = IFCFACE((#1713));
#1715 = IFCPOLYLOOP((#1699, #1595, #1594));
#1716 = IFCFACEOUTERBOUND(#1715, .T.);
#1717 = IFCFACE((#1716));
#1718 = IFCPOLYLOOP((#1596, #1595, #1666));
#1719 = IFCFACEOUTERBOUND(#1718, .T.);
#1720 = IFCFACE((#1719));
#1721 = IFCPOLYLOOP((#1722, #1723, #1724));
#1722 = IFCCARTESIANPOINT((1.7796614074707E-1, 1.54666169954689E-1, 3.98327117919922E-1));
#1723 = IFCCARTESIANPOINT((1.8771989440918E-1, 1.58693147493751E-1, 3.98140899658203E-1));
#1724 = IFCCARTESIANPOINT((1.87087905883789E-1, 1.58663423372658E-1, 4.03152618408203E-1));
#1725 = IFCFACEOUTERBOUND(#1721, .T.);
#1726 = IFCFACE((#1725));
#1727 = IFCPOLYLOOP((#1724, #1728, #1722));
#1728 = IFCCARTESIANPOINT((1.77424423217773E-1, 1.54673707796486E-1, 4.03337127685547E-1));
#1729 = IFCFACEOUTERBOUND(#1727, .T.);
#1730 = IFCFACE((#1729));
#1731 = IFCPOLYLOOP((#1732, #1666, #1728));
#1732 = IFCCARTESIANPOINT((1.76882720947266E-1, 1.54681245638283E-1, 4.08347137451172E-1));
#1733 = IFCFACEOUTERBOUND(#1731, .T.);
#1734 = IFCFACE((#1733));
#1735 = IFCPOLYLOOP((#1666, #1732, #1596));
#1736 = IFCFACEOUTERBOUND(#1735, .T.);
#1737 = IFCFACE((#1736));
#1738 = IFCPOLYLOOP((#1728, #1724, #1739));
#1739 = IFCCARTESIANPOINT((1.86455902099609E-1, 1.58633699251564E-1, 4.08164367675781E-1));
#1740 = IFCFACEOUTERBOUND(#1738, .T.);
#1741 = IFCFACE((#1740));
#1742 = IFCPOLYLOOP((#1739, #1732, #1728));
#1743 = IFCFACEOUTERBOUND(#1742, .T.);
#1744 = IFCFACE((#1743));
#1745 = IFCPOLYLOOP((#1739, #1746, #1732));
#1746 = IFCCARTESIANPOINT((1.85823913574219E-1, 1.58603944612892E-1, 4.13176086425781E-1));
#1747 = IFCFACEOUTERBOUND(#1745, .T.);
#1748 = IFCFACE((#1747));
#1749 = IFCPOLYLOOP((#1630, #1678, #1684));
#1750 = IFCFACEOUTERBOUND(#1749, .T.);
#1751 = IFCFACE((#1750));
#1752 = IFCPOLYLOOP((#1626, #1630, #1684));
#1753 = IFCFACEOUTERBOUND(#1752, .T.);
#1754 = IFCFACE((#1753));
#1755 = IFCPOLYLOOP((#1638, #1634, #1619));
#1756 = IFCFACEOUTERBOUND(#1755, .T.);
#1757 = IFCFACE((#1756));
#1758 = IFCPOLYLOOP((#1626, #1607, #1614));
#1759 = IFCFACEOUTERBOUND(#1758, .T.);
#1760 = IFCFACE((#1759));
#1761 = IFCPOLYLOOP((#1603, #1607, #1626));
#1762 = IFCFACEOUTERBOUND(#1761, .T.);
#1763 = IFCFACE((#1762));
#1764 = IFCPOLYLOOP((#1684, #1689, #1626));
#1765 = IFCFACEOUTERBOUND(#1764, .T.);
#1766 = IFCFACE((#1765));
#1767 = IFCPOLYLOOP((#1768, #1769, #1645));
#1768 = IFCCARTESIANPOINT((1.75257583618164E-1, 1.54703859163673E-1, 4.23377136230469E-1));
#1769 = IFCCARTESIANPOINT((1.92417694091797E-1, 1.62251069857033E-1, 4.33048828125E-1));
#1770 = IFCFACEOUTERBOUND(#1767, .T.);
#1771 = IFCFACE((#1770));
#1772 = IFCPOLYLOOP((#1645, #1638, #1646));
#1773 = IFCFACEOUTERBOUND(#1772, .T.);
#1774 = IFCFACE((#1773));
#1775 = IFCPOLYLOOP((#1768, #1776, #1769));
#1776 = IFCCARTESIANPOINT((1.93139251708984E-1, 1.62317994905861E-1, 4.28040374755859E-1));
#1777 = IFCFACEOUTERBOUND(#1775, .T.);
#1778 = IFCFACE((#1777));
#1779 = IFCPOLYLOOP((#1769, #1638, #1645));
#1780 = IFCFACEOUTERBOUND(#1779, .T.);
#1781 = IFCFACE((#1780));
#1782 = IFCPOLYLOOP((#1638, #1769, #1634));
#1783 = IFCFACEOUTERBOUND(#1782, .T.);
#1784 = IFCFACE((#1783));
#1785 = IFCPOLYLOOP((#1768, #1645, #1589));
#1786 = IFCFACEOUTERBOUND(#1785, .T.);
#1787 = IFCFACE((#1786));
#1788 = IFCPOLYLOOP((#1596, #1746, #1768));
#1789 = IFCFACEOUTERBOUND(#1788, .T.);
#1790 = IFCFACE((#1789));
#1791 = IFCPOLYLOOP((#1792, #1793, #1746));
#1792 = IFCCARTESIANPOINT((1.95303939819336E-1, 1.62518831087501E-1, 4.13015075683594E-1));
#1793 = IFCCARTESIANPOINT((1.94582366943359E-1, 1.62451906038673E-1, 4.18023498535156E-1));
#1794 = IFCFACEOUTERBOUND(#1791, .T.);
#1795 = IFCFACE((#1794));
#1796 = IFCPOLYLOOP((#1793, #1797, #1746));
#1797 = IFCCARTESIANPOINT((1.93860809326172E-1, 1.62384950472267E-1, 4.23031951904297E-1));
#1798 = IFCFACEOUTERBOUND(#1796, .T.);
#1799 = IFCFACE((#1798));
#1800 = IFCPOLYLOOP((#1768, #1746, #1797));
#1801 = IFCFACEOUTERBOUND(#1800, .T.);
#1802 = IFCFACE((#1801));
#1803 = IFCPOLYLOOP((#1797, #1776, #1768));
#1804 = IFCFACEOUTERBOUND(#1803, .T.);
#1805 = IFCFACE((#1804));
#1806 = IFCPOLYLOOP((#1689, #1603, #1626));
#1807 = IFCFACEOUTERBOUND(#1806, .T.);
#1808 = IFCFACE((#1807));
#1809 = IFCPOLYLOOP((#1689, #1688, #1703));
#1810 = IFCFACEOUTERBOUND(#1809, .T.);
#1811 = IFCFACE((#1810));
#1812 = IFCPOLYLOOP((#1703, #1603, #1689));
#1813 = IFCFACEOUTERBOUND(#1812, .T.);
#1814 = IFCFACE((#1813));
#1815 = IFCPOLYLOOP((#1680, #1689, #1684));
#1816 = IFCFACEOUTERBOUND(#1815, .T.);
#1817 = IFCFACE((#1816));
#1818 = IFCPOLYLOOP((#1728, #1666, #1665));
#1819 = IFCFACEOUTERBOUND(#1818, .T.);
#1820 = IFCFACE((#1819));
#1821 = IFCPOLYLOOP((#1665, #1722, #1728));
#1822 = IFCFACEOUTERBOUND(#1821, .T.);
#1823 = IFCFACE((#1822));
#1824 = IFCPOLYLOOP((#1825, #1739, #1724));
#1825 = IFCCARTESIANPOINT((1.96025497436523E-1, 1.62585786653908E-1, 4.08006622314453E-1));
#1826 = IFCFACEOUTERBOUND(#1824, .T.);
#1827 = IFCFACE((#1826));
#1828 = IFCPOLYLOOP((#1724, #1829, #1825));
#1829 = IFCCARTESIANPOINT((1.96747055053711E-1, 1.62652742220314E-1, 4.02998199462891E-1));
#1830 = IFCFACEOUTERBOUND(#1828, .T.);
#1831 = IFCFACE((#1830));
#1832 = IFCPOLYLOOP((#1739, #1825, #1792));
#1833 = IFCFACEOUTERBOUND(#1832, .T.);
#1834 = IFCFACE((#1833));
#1835 = IFCPOLYLOOP((#1792, #1746, #1739));
#1836 = IFCFACEOUTERBOUND(#1835, .T.);
#1837 = IFCFACE((#1836));
#1838 = IFCPOLYLOOP((#1829, #1724, #1723));
#1839 = IFCFACEOUTERBOUND(#1838, .T.);
#1840 = IFCFACE((#1839));
#1841 = IFCPOLYLOOP((#1723, #1842, #1829));
#1842 = IFCCARTESIANPOINT((1.97468612670898E-1, 1.62719667269142E-1, 3.9798974609375E-1));
#1843 = IFCFACEOUTERBOUND(#1841, .T.);
#1844 = IFCFACE((#1843));
#1845 = IFCPOLYLOOP((#1674, #1657, #1656));
#1846 = IFCFACEOUTERBOUND(#1845, .T.);
#1847 = IFCFACE((#1846));
#1848 = IFCPOLYLOOP((#1849, #1665, #1674));
#1849 = IFCCARTESIANPOINT((1.98190170288086E-1, 1.62786622835548E-1, 3.92981323242188E-1));
#1850 = IFCFACEOUTERBOUND(#1848, .T.);
#1851 = IFCFACE((#1850));
#1852 = IFCPOLYLOOP((#1657, #1674, #1665));
#1853 = IFCFACEOUTERBOUND(#1852, .T.);
#1854 = IFCFACE((#1853));
#1855 = IFCPOLYLOOP((#1722, #1849, #1723));
#1856 = IFCFACEOUTERBOUND(#1855, .T.);
#1857 = IFCFACE((#1856));
#1858 = IFCPOLYLOOP((#1842, #1723, #1849));
#1859 = IFCFACEOUTERBOUND(#1858, .T.);
#1860 = IFCFACE((#1859));
#1861 = IFCPOLYLOOP((#1665, #1849, #1722));
#1862 = IFCFACEOUTERBOUND(#1861, .T.);
#1863 = IFCFACE((#1862));
#1864 = IFCPOLYLOOP((#1679, #1849, #1674));
#1865 = IFCFACEOUTERBOUND(#1864, .T.);
#1866 = IFCFACE((#1865));
#1867 = IFCPOLYLOOP((#1868, #1869, #1870));
#1868 = IFCCARTESIANPOINT((-1.9473762512207E-1, 1.64335115267189E-1, 4.17548248291016E-1));
#1869 = IFCCARTESIANPOINT((-1.93457550048828E-1, 1.63748048616798E-1, 4.26474151611328E-1));
#1870 = IFCCARTESIANPOINT((-1.94119155883789E-1, 1.6563180716172E-1, 4.22577880859375E-1));
#1871 = IFCFACEOUTERBOUND(#1867, .T.);
#1872 = IFCFACE((#1871));
#1873 = IFCPOLYLOOP((#1874, #1544, #1875));
#1874 = IFCCARTESIANPOINT((-1.96266006469727E-1, 1.64383668733986E-1, 4.06641479492188E-1));
#1875 = IFCCARTESIANPOINT((-1.95370132446289E-1, 1.64112672640236E-1, 4.12941375732422E-1));
#1876 = IFCFACEOUTERBOUND(#1873, .T.);
#1877 = IFCFACE((#1876));
#1878 = IFCPOLYLOOP((#1875, #1879, #1874));
#1879 = IFCCARTESIANPOINT((-1.9563850402832E-1, 1.6587677176133E-1, 4.11523101806641E-1));
#1880 = IFCFACEOUTERBOUND(#1878, .T.);
#1881 = IFCFACE((#1880));
#1882 = IFCPOLYLOOP((#1883, #1874, #1884));
#1883 = IFCCARTESIANPOINT((-1.97500747680664E-1, 1.64574159456642E-1, 3.97903991699219E-1));
#1884 = IFCCARTESIANPOINT((-1.96844207763672E-1, 1.66192140413673E-1, 4.02834533691406E-1));
#1885 = IFCFACEOUTERBOUND(#1882, .T.);
#1886 = IFCFACE((#1885));
#1887 = IFCPOLYLOOP((#1870, #1869, #1888));
#1888 = IFCCARTESIANPOINT((-1.93349456787109E-1, 1.64988374544533E-1, 4.27916900634766E-1));
#1889 = IFCFACEOUTERBOUND(#1887, .T.);
#1890 = IFCFACE((#1889));
#1891 = IFCPOLYLOOP((#1888, #1892, #1870));
#1892 = IFCCARTESIANPOINT((-1.93557693481445E-1, 1.66995302034767E-1, 4.27494842529297E-1));
#1893 = IFCFACEOUTERBOUND(#1891, .T.);
#1894 = IFCFACE((#1893));
#1895 = IFCPOLYLOOP((#1879, #1875, #1868));
#1896 = IFCFACEOUTERBOUND(#1895, .T.);
#1897 = IFCFACE((#1896));
#1898 = IFCPOLYLOOP((#1868, #1899, #1879));
#1899 = IFCCARTESIANPOINT((-1.95026718139648E-1, 1.67166017366798E-1, 4.16454376220703E-1));
#1900 = IFCFACEOUTERBOUND(#1898, .T.);
#1901 = IFCFACE((#1900));
#1902 = IFCPOLYLOOP((#1884, #1879, #1903));
#1903 = IFCCARTESIANPOINT((-1.96210174560547E-1, 1.67636262728126E-1, 4.07773101806641E-1));
#1904 = IFCFACEOUTERBOUND(#1902, .T.);
#1905 = IFCFACE((#1904));
#1906 = IFCPOLYLOOP((#1907, #1884, #1908));
#1907 = IFCCARTESIANPOINT((-1.97545333862305E-1, 1.67810884310158E-1, 3.97975769042969E-1));
#1908 = IFCCARTESIANPOINT((-1.9689094543457E-1, 1.69202974153908E-1, 4.03034851074219E-1));
#1909 = IFCFACEOUTERBOUND(#1906, .T.);
#1910 = IFCFACE((#1909));
#1911 = IFCPOLYLOOP((#1899, #1868, #1870));
#1912 = IFCFACEOUTERBOUND(#1911, .T.);
#1913 = IFCFACE((#1912));
#1914 = IFCPOLYLOOP((#1870, #1915, #1899));
#1915 = IFCCARTESIANPOINT((-1.94406311035156E-1, 1.68273134066017E-1, 4.21629455566406E-1));
#1916 = IFCFACEOUTERBOUND(#1914, .T.);
#1917 = IFCFACE((#1916));
#1918 = IFCPOLYLOOP((#1903, #1899, #1919));
#1919 = IFCCARTESIANPOINT((-1.95598663330078E-1, 1.6890655691758E-1, 4.12719696044922E-1));
#1920 = IFCFACEOUTERBOUND(#1918, .T.);
#1921 = IFCFACE((#1920));
#1922 = IFCPOLYLOOP((#1908, #1903, #1923));
#1923 = IFCCARTESIANPOINT((-1.9627717590332E-1, 1.70484163118751E-1, 4.07977294921875E-1));
#1924 = IFCFACEOUTERBOUND(#1922, .T.);
#1925 = IFCFACE((#1924));
#1926 = IFCPOLYLOOP((#1927, #1915, #1928));
#1927 = IFCCARTESIANPOINT((-1.95009643554688E-1, 1.70002992464455E-1, 4.17674346923828E-1));
#1928 = IFCCARTESIANPOINT((-1.94344467163086E-1, 1.69501466585548E-1, 4.22702880859375E-1));
#1929 = IFCFACEOUTERBOUND(#1926, .T.);
#1930 = IFCFACE((#1929));
#1931 = IFCPOLYLOOP((#1928, #1932, #1927));
#1932 = IFCCARTESIANPOINT((-1.94819488525391E-1, 1.71235688997658E-1, 4.19736450195313E-1));
#1933 = IFCFACEOUTERBOUND(#1931, .T.);
#1934 = IFCFACE((#1933));
#1935 = IFCPOLYLOOP((#1919, #1915, #1927));
#1936 = IFCFACEOUTERBOUND(#1935, .T.);
#1937 = IFCFACE((#1936));
#1938 = IFCPOLYLOOP((#1923, #1919, #1939));
#1939 = IFCCARTESIANPOINT((-1.9568586730957E-1, 1.71599885775001E-1, 4.12929656982422E-1));
#1940 = IFCFACEOUTERBOUND(#1938, .T.);
#1941 = IFCFACE((#1940));
#1942 = IFCPOLYLOOP((#1932, #1928, #1943));
#1943 = IFCCARTESIANPOINT((-1.93827407836914E-1, 1.70492463900001E-1, 4.27457244873047E-1));
#1944 = IFCFACEOUTERBOUND(#1942, .T.);
#1945 = IFCFACE((#1944));
#1946 = IFCPOLYLOOP((#1932, #1947, #1939));
#1947 = IFCCARTESIANPOINT((-1.95184509277344E-1, 1.73025056673439E-1, 4.17534606933594E-1));
#1948 = IFCFACEOUTERBOUND(#1946, .T.);
#1949 = IFCFACE((#1948));
#1950 = IFCPOLYLOOP((#1951, #1923, #1939));
#1951 = IFCCARTESIANPOINT((-1.96404937744141E-1, 1.7269088919297E-1, 4.07539367675781E-1));
#1952 = IFCFACEOUTERBOUND(#1950, .T.);
#1953 = IFCFACE((#1952));
#1954 = IFCPOLYLOOP((#1939, #1955, #1951));
#1955 = IFCCARTESIANPOINT((-1.95827178955078E-1, 1.73700410677345E-1, 4.12498016357422E-1));
#1956 = IFCFACEOUTERBOUND(#1954, .T.);
#1957 = IFCFACE((#1956));
#1958 = IFCPOLYLOOP((#1959, #1908, #1923));
#1959 = IFCCARTESIANPOINT((-1.9700520324707E-1, 1.71507539583595E-1, 4.02588745117188E-1));
#1960 = IFCFACEOUTERBOUND(#1958, .T.);
#1961 = IFCFACE((#1960));
#1962 = IFCPOLYLOOP((#1923, #1951, #1959));
#1963 = IFCFACEOUTERBOUND(#1962, .T.);
#1964 = IFCFACE((#1963));
#1965 = IFCPOLYLOOP((#1966, #1967, #1959));
#1966 = IFCCARTESIANPOINT((-1.97924697875977E-1, 1.73448793245705E-1, 3.95770874023438E-1));
#1967 = IFCCARTESIANPOINT((-1.97628021240234E-1, 1.7015036184922E-1, 3.97645751953125E-1));
#1968 = IFCFACEOUTERBOUND(#1965, .T.);
#1969 = IFCFACE((#1968));
#1970 = IFCPOLYLOOP((#1959, #1971, #1966));
#1971 = IFCCARTESIANPOINT((-1.97058868408203E-1, 1.73279329134376E-1, 4.02506805419922E-1));
#1972 = IFCFACEOUTERBOUND(#1970, .T.);
#1973 = IFCFACE((#1972));
#1974 = IFCPOLYLOOP((#1943, #1975, #1976));
#1975 = IFCCARTESIANPOINT((-1.93717208862305E-1, 1.71967714144142E-1, 4.29380584716797E-1));
#1976 = IFCCARTESIANPOINT((-1.94388610839844E-1, 1.72167482210548E-1, 4.2375927734375E-1));
#1977 = IFCFACEOUTERBOUND(#1974, .T.);
#1978 = IFCFACE((#1977));
#1979 = IFCPOLYLOOP((#1943, #1976, #1932));
#1980 = IFCFACEOUTERBOUND(#1979, .T.);
#1981 = IFCFACE((#1980));
#1982 = IFCPOLYLOOP((#1947, #1983, #1955));
#1983 = IFCCARTESIANPOINT((-1.94892990112305E-1, 1.74078309847267E-1, 4.20491668701172E-1));
#1984 = IFCFACEOUTERBOUND(#1982, .T.);
#1985 = IFCFACE((#1984));
#1986 = IFCPOLYLOOP((#1987, #1951, #1955));
#1987 = IFCCARTESIANPOINT((-1.96469863891602E-1, 1.74375764681251E-1, 4.07461456298828E-1));
#1988 = IFCFACEOUTERBOUND(#1986, .T.);
#1989 = IFCFACE((#1988));
#1990 = IFCPOLYLOOP((#1955, #1991, #1987));
#1991 = IFCCARTESIANPOINT((-1.96066452026367E-1, 1.75496431185158E-1, 4.11114532470703E-1));
#1992 = IFCFACEOUTERBOUND(#1990, .T.);
#1993 = IFCFACE((#1992));
#1994 = IFCPOLYLOOP((#1987, #1991, #1995));
#1995 = IFCCARTESIANPOINT((-1.97411087036133E-1, 1.76050050569923E-1, 4.00199890136719E-1));
#1996 = IFCFACEOUTERBOUND(#1994, .T.);
#1997 = IFCFACE((#1996));
#1998 = IFCPOLYLOOP((#1971, #1995, #1966));
#1999 = IFCFACEOUTERBOUND(#1998, .T.);
#2000 = IFCFACE((#1999));
#2001 = IFCPOLYLOOP((#1966, #2002, #2003));
#2002 = IFCCARTESIANPOINT((-1.98127502441406E-1, 1.77983095003517E-1, 3.94671234130859E-1));
#2003 = IFCCARTESIANPOINT((-1.98390487670898E-1, 1.75913209749611E-1, 3.92374328613281E-1));
#2004 = IFCFACEOUTERBOUND(#2001, .T.);
#2005 = IFCFACE((#2004));
#2006 = IFCPOLYLOOP((#2007, #1869, #1553));
#2007 = IFCCARTESIANPOINT((-1.92590438842773E-1, 1.64128633333595E-1, 4.32961975097656E-1));
#2008 = IFCFACEOUTERBOUND(#2006, .T.);
#2009 = IFCFACE((#2008));
#2010 = IFCPOLYLOOP((#1892, #1888, #2011));
#2011 = IFCCARTESIANPOINT((-1.92825317382813E-1, 1.66542970491798E-1, 4.32850341796875E-1));
#2012 = IFCFACEOUTERBOUND(#2010, .T.);
#2013 = IFCFACE((#2012));
#2014 = IFCPOLYLOOP((#2011, #2015, #1892));
#2015 = IFCCARTESIANPOINT((-1.93410369873047E-1, 1.68807069612892E-1, 4.29767578125E-1));
#2016 = IFCFACEOUTERBOUND(#2014, .T.);
#2017 = IFCFACE((#2016));
#2018 = IFCPOLYLOOP((#2011, #2019, #2015));
#2019 = IFCCARTESIANPOINT((-1.93216720581055E-1, 1.70609529329689E-1, 4.32662322998047E-1));
#2020 = IFCFACEOUTERBOUND(#2018, .T.);
#2021 = IFCFACE((#2020));
#2022 = IFCPOLYLOOP((#1888, #2007, #2011));
#2023 = IFCFACEOUTERBOUND(#2022, .T.);
#2024 = IFCFACE((#2023));
#2025 = IFCPOLYLOOP((#1558, #1553, #1869));
#2026 = IFCFACEOUTERBOUND(#2025, .T.);
#2027 = IFCFACE((#2026));
#2028 = IFCPOLYLOOP((#1975, #2015, #2019));
#2029 = IFCFACEOUTERBOUND(#2028, .T.);
#2030 = IFCFACE((#2029));
#2031 = IFCPOLYLOOP((#2019, #2032, #1975));
#2032 = IFCCARTESIANPOINT((-1.93581253051758E-1, 1.72494691683205E-1, 4.30963500976563E-1));
#2033 = IFCFACEOUTERBOUND(#2031, .T.);
#2034 = IFCFACE((#2033));
#2035 = IFCPOLYLOOP((#1874, #1883, #1539));
#2036 = IFCFACEOUTERBOUND(#2035, .T.);
#2037 = IFCFACE((#2036));
#2038 = IFCPOLYLOOP((#1548, #1558, #1868));
#2039 = IFCFACEOUTERBOUND(#2038, .T.);
#2040 = IFCFACE((#2039));
#2041 = IFCPOLYLOOP((#1540, #1539, #1883));
#2042 = IFCFACEOUTERBOUND(#2041, .T.);
#2043 = IFCFACE((#2042));
#2044 = IFCPOLYLOOP((#1967, #1966, #2045));
#2045 = IFCCARTESIANPOINT((-1.98279724121094E-1, 1.69088624788673E-1, 3.92689910888672E-1));
#2046 = IFCFACEOUTERBOUND(#2044, .T.);
#2047 = IFCFACE((#2046));
#2048 = IFCPOLYLOOP((#2003, #2045, #1966));
#2049 = IFCFACEOUTERBOUND(#2048, .T.);
#2050 = IFCFACE((#2049));
#2051 = IFCPOLYLOOP((#1976, #1975, #1983));
#2052 = IFCFACEOUTERBOUND(#2051, .T.);
#2053 = IFCFACE((#2052));
#2054 = IFCPOLYLOOP((#2032, #1983, #1975));
#2055 = IFCFACEOUTERBOUND(#2054, .T.);
#2056 = IFCFACE((#2055));
#2057 = IFCPOLYLOOP((#2002, #1966, #1995));
#2058 = IFCFACEOUTERBOUND(#2057, .T.);
#2059 = IFCFACE((#2058));
#2060 = IFCPOLYLOOP((#1995, #1991, #2002));
#2061 = IFCFACEOUTERBOUND(#2060, .T.);
#2062 = IFCFACE((#2061));
#2063 = IFCPOLYLOOP((#2064, #2065, #2066));
#2064 = IFCCARTESIANPOINT((1.93356719970703E-1, 1.64991395784767E-1, 4.27916778564453E-1));
#2065 = IFCCARTESIANPOINT((1.93247985839844E-1, 1.63654695345314E-1, 4.27978576660156E-1));
#2066 = IFCCARTESIANPOINT((1.93958282470703E-1, 1.6380856497422E-1, 4.22966125488281E-1));
#2067 = IFCFACEOUTERBOUND(#2063, .T.);
#2068 = IFCFACE((#2067));
#2069 = IFCPOLYLOOP((#2070, #2066, #2071));
#2070 = IFCCARTESIANPOINT((1.94113754272461E-1, 1.65619233919533E-1, 4.22658111572266E-1));
#2071 = IFCCARTESIANPOINT((1.94668563842773E-1, 1.63962434603126E-1, 4.17953674316406E-1));
#2072 = IFCFACEOUTERBOUND(#2069, .T.);
#2073 = IFCFACE((#2072));
#2074 = IFCPOLYLOOP((#2075, #2076, #2077));
#2075 = IFCCARTESIANPOINT((1.95352630615234E-1, 1.64562837435158E-1, 4.13251953125E-1));
#2076 = IFCCARTESIANPOINT((1.95528717041016E-1, 1.67311158968361E-1, 4.1279345703125E-1));
#2077 = IFCCARTESIANPOINT((1.94840911865234E-1, 1.66983430696876E-1, 4.17814270019531E-1));
#2078 = IFCFACEOUTERBOUND(#2074, .T.);
#2079 = IFCFACE((#2078));
#2080 = IFCPOLYLOOP((#2077, #2071, #2075));
#2081 = IFCFACEOUTERBOUND(#2080, .T.);
#2082 = IFCFACE((#2081));
#2083 = IFCPOLYLOOP((#2064, #2066, #2070));
#2084 = IFCFACEOUTERBOUND(#2083, .T.);
#2085 = IFCFACE((#2084));
#2086 = IFCPOLYLOOP((#2070, #2087, #2064));
#2087 = IFCCARTESIANPOINT((1.93563171386719E-1, 1.66997957064064E-1, 4.27495025634766E-1));
#2088 = IFCFACEOUTERBOUND(#2086, .T.);
#2089 = IFCFACE((#2088));
#2090 = IFCPOLYLOOP((#2091, #2092, #2076));
#2091 = IFCCARTESIANPOINT((1.96059829711914E-1, 1.64741060091408E-1, 4.08237487792969E-1));
#2092 = IFCCARTESIANPOINT((1.9621647644043E-1, 1.67638856722267E-1, 4.07772979736328E-1));
#2093 = IFCFACEOUTERBOUND(#2090, .T.);
#2094 = IFCFACE((#2093));
#2095 = IFCPOLYLOOP((#2076, #2075, #2091));
#2096 = IFCFACEOUTERBOUND(#2095, .T.);
#2097 = IFCFACE((#2096));
#2098 = IFCPOLYLOOP((#2099, #2100, #2092));
#2099 = IFCCARTESIANPOINT((1.96766616821289E-1, 1.6491696341172E-1, 4.03225616455078E-1));
#2100 = IFCCARTESIANPOINT((1.96904235839844E-1, 1.67966554476173E-1, 4.02752471923828E-1));
#2101 = IFCFACEOUTERBOUND(#2098, .T.);
#2102 = IFCFACE((#2101));
#2103 = IFCPOLYLOOP((#2092, #2091, #2099));
#2104 = IFCFACEOUTERBOUND(#2103, .T.);
#2105 = IFCFACE((#2104));
#2106 = IFCPOLYLOOP((#2107, #2108, #2100));
#2107 = IFCCARTESIANPOINT((1.97480712890625E-1, 1.65078004671486E-1, 3.98160034179688E-1));
#2108 = IFCCARTESIANPOINT((1.97591979980469E-1, 1.6829425223008E-1, 3.97731964111328E-1));
#2109 = IFCFACEOUTERBOUND(#2106, .T.);
#2110 = IFCFACE((#2109));
#2111 = IFCPOLYLOOP((#2100, #2099, #2107));
#2112 = IFCFACEOUTERBOUND(#2111, .T.);
#2113 = IFCFACE((#2112));
#2114 = IFCPOLYLOOP((#2115, #2070, #2077));
#2115 = IFCCARTESIANPOINT((1.94250671386719E-1, 1.68079377962501E-1, 4.22768646240234E-1));
#2116 = IFCFACEOUTERBOUND(#2114, .T.);
#2117 = IFCFACE((#2116));
#2118 = IFCPOLYLOOP((#2119, #2077, #2076));
#2119 = IFCCARTESIANPOINT((1.95103881835938E-1, 1.68569612337501E-1, 4.16411590576172E-1));
#2120 = IFCFACEOUTERBOUND(#2118, .T.);
#2121 = IFCFACE((#2120));
#2122 = IFCPOLYLOOP((#2119, #2076, #2092));
#2123 = IFCFACEOUTERBOUND(#2122, .T.);
#2124 = IFCFACE((#2123));
#2125 = IFCPOLYLOOP((#2126, #2092, #2100));
#2126 = IFCCARTESIANPOINT((1.96452117919922E-1, 1.69361207796486E-1, 4.06395538330078E-1));
#2127 = IFCFACEOUTERBOUND(#2125, .T.);
#2128 = IFCFACE((#2127));
#2129 = IFCPOLYLOOP((#2126, #2100, #2108));
#2130 = IFCFACEOUTERBOUND(#2129, .T.);
#2131 = IFCFACE((#2130));
#2132 = IFCPOLYLOOP((#2133, #2134, #2135));
#2133 = IFCCARTESIANPOINT((1.95511947631836E-1, 1.70269532991798E-1, 4.13875549316406E-1));
#2134 = IFCCARTESIANPOINT((1.94915008544922E-1, 1.71264589144142E-1, 4.18995239257813E-1));
#2135 = IFCCARTESIANPOINT((1.94348129272461E-1, 1.69502992464455E-1, 4.22702789306641E-1));
#2136 = IFCFACEOUTERBOUND(#2132, .T.);
#2137 = IFCFACE((#2136));
#2138 = IFCPOLYLOOP((#2119, #2092, #2126));
#2139 = IFCFACEOUTERBOUND(#2138, .T.);
#2140 = IFCFACE((#2139));
#2141 = IFCPOLYLOOP((#2126, #2133, #2119));
#2142 = IFCFACEOUTERBOUND(#2141, .T.);
#2143 = IFCFACE((#2142));
#2144 = IFCPOLYLOOP((#2145, #2115, #2135));
#2145 = IFCCARTESIANPOINT((1.93413986206055E-1, 1.68808198763283E-1, 4.29767242431641E-1));
#2146 = IFCFACEOUTERBOUND(#2144, .T.);
#2147 = IFCFACE((#2146));
#2148 = IFCPOLYLOOP((#2135, #2149, #2145));
#2149 = IFCCARTESIANPOINT((1.93829513549805E-1, 1.70492769075783E-1, 4.27458343505859E-1));
#2150 = IFCFACEOUTERBOUND(#2148, .T.);
#2151 = IFCFACE((#2150));
#2152 = IFCPOLYLOOP((#2153, #2154, #2134));
#2153 = IFCCARTESIANPOINT((1.96219985961914E-1, 1.72420686556251E-1, 4.08961334228516E-1));
#2154 = IFCCARTESIANPOINT((1.95667343139648E-1, 1.7348370535508E-1, 4.13752807617188E-1));
#2155 = IFCFACEOUTERBOUND(#2152, .T.);
#2156 = IFCFACE((#2155));
#2157 = IFCPOLYLOOP((#2158, #2159, #2160));
#2158 = IFCCARTESIANPOINT((1.96831405639648E-1, 1.71276918245705E-1, 4.03920288085938E-1));
#2159 = IFCCARTESIANPOINT((1.9763313293457E-1, 1.70152437044533E-1, 3.97645782470703E-1));
#2160 = IFCCARTESIANPOINT((1.97709671020508E-1, 1.73281099153908E-1, 3.97447662353516E-1));
#2161 = IFCFACEOUTERBOUND(#2157, .T.);
#2162 = IFCFACE((#2161));
#2163 = IFCPOLYLOOP((#2160, #2164, #2158));
#2164 = IFCCARTESIANPOINT((1.97061401367188E-1, 1.73280366732033E-1, 4.02506744384766E-1));
#2165 = IFCFACEOUTERBOUND(#2163, .T.);
#2166 = IFCFACE((#2165));
#2167 = IFCPOLYLOOP((#2145, #2149, #2168));
#2168 = IFCCARTESIANPOINT((1.93717803955078E-1, 1.71968355013283E-1, 4.29381866455078E-1));
#2169 = IFCFACEOUTERBOUND(#2167, .T.);
#2170 = IFCFACE((#2169));
#2171 = IFCPOLYLOOP((#2149, #2172, #2168));
#2172 = IFCCARTESIANPOINT((1.94389724731445E-1, 1.7216778738633E-1, 4.23760284423828E-1));
#2173 = IFCFACEOUTERBOUND(#2171, .T.);
#2174 = IFCFACE((#2173));
#2175 = IFCPOLYLOOP((#2149, #2134, #2172));
#2176 = IFCFACEOUTERBOUND(#2175, .T.);
#2177 = IFCFACE((#2176));
#2178 = IFCPOLYLOOP((#2154, #2153, #2179));
#2179 = IFCCARTESIANPOINT((1.96471115112305E-1, 1.7437628348008E-1, 4.0746142578125E-1));
#2180 = IFCFACEOUTERBOUND(#2178, .T.);
#2181 = IFCFACE((#2180));
#2182 = IFCPOLYLOOP((#2179, #2183, #2154));
#2183 = IFCCARTESIANPOINT((1.96068222045898E-1, 1.75498384310158E-1, 4.11101501464844E-1));
#2184 = IFCFACEOUTERBOUND(#2182, .T.);
#2185 = IFCFACE((#2184));
#2186 = IFCPOLYLOOP((#2187, #2183, #2179));
#2187 = IFCCARTESIANPOINT((1.97406661987305E-1, 1.76043611360939E-1, 4.00240020751953E-1));
#2188 = IFCFACEOUTERBOUND(#2186, .T.);
#2189 = IFCFACE((#2188));
#2190 = IFCPOLYLOOP((#2191, #2192, #2193));
#2191 = IFCCARTESIANPOINT((1.98042572021484E-1, 1.73447542025001E-1, 3.94887420654297E-1));
#2192 = IFCCARTESIANPOINT((1.98392074584961E-1, 1.75913209749611E-1, 3.92374328613281E-1));
#2193 = IFCCARTESIANPOINT((1.9812907409668E-1, 1.77983095003517E-1, 3.94671234130859E-1));
#2194 = IFCFACEOUTERBOUND(#2190, .T.);
#2195 = IFCFACE((#2194));
#2196 = IFCPOLYLOOP((#1776, #2065, #2197));
#2197 = IFCCARTESIANPOINT((1.92598236083984E-1, 1.64131868196876E-1, 4.32961822509766E-1));
#2198 = IFCFACEOUTERBOUND(#2196, .T.);
#2199 = IFCFACE((#2198));
#2200 = IFCPOLYLOOP((#2197, #1769, #1776));
#2201 = IFCFACEOUTERBOUND(#2200, .T.);
#2202 = IFCFACE((#2201));
#2203 = IFCPOLYLOOP((#2065, #2064, #2197));
#2204 = IFCFACEOUTERBOUND(#2203, .T.);
#2205 = IFCFACE((#2204));
#2206 = IFCPOLYLOOP((#2087, #2145, #2207));
#2207 = IFCCARTESIANPOINT((1.92830810546875E-1, 1.66545442415626E-1, 4.32850219726563E-1));
#2208 = IFCFACEOUTERBOUND(#2206, .T.);
#2209 = IFCFACE((#2208));
#2210 = IFCPOLYLOOP((#2207, #2064, #2087));
#2211 = IFCFACEOUTERBOUND(#2210, .T.);
#2212 = IFCFACE((#2211));
#2213 = IFCPOLYLOOP((#2065, #1776, #1797));
#2214 = IFCFACEOUTERBOUND(#2213, .T.);
#2215 = IFCFACE((#2214));
#2216 = IFCPOLYLOOP((#1797, #2066, #2065));
#2217 = IFCFACEOUTERBOUND(#2216, .T.);
#2218 = IFCFACE((#2217));
#2219 = IFCPOLYLOOP((#2066, #1797, #1793));
#2220 = IFCFACEOUTERBOUND(#2219, .T.);
#2221 = IFCFACE((#2220));
#2222 = IFCPOLYLOOP((#1793, #2071, #2066));
#2223 = IFCFACEOUTERBOUND(#2222, .T.);
#2224 = IFCFACE((#2223));
#2225 = IFCPOLYLOOP((#2226, #2145, #2168));
#2226 = IFCCARTESIANPOINT((1.93218246459961E-1, 1.70609529329689E-1, 4.32662322998047E-1));
#2227 = IFCFACEOUTERBOUND(#2225, .T.);
#2228 = IFCFACE((#2227));
#2229 = IFCPOLYLOOP((#2168, #2230, #2226));
#2230 = IFCCARTESIANPOINT((1.93581237792969E-1, 1.72494691683205E-1, 4.30963500976563E-1));
#2231 = IFCFACEOUTERBOUND(#2229, .T.);
#2232 = IFCFACE((#2231));
#2233 = IFCPOLYLOOP((#1825, #2091, #2075));
#2234 = IFCFACEOUTERBOUND(#2233, .T.);
#2235 = IFCFACE((#2234));
#2236 = IFCPOLYLOOP((#2075, #1792, #1825));
#2237 = IFCFACEOUTERBOUND(#2236, .T.);
#2238 = IFCFACE((#2237));
#2239 = IFCPOLYLOOP((#1842, #2107, #2099));
#2240 = IFCFACEOUTERBOUND(#2239, .T.);
#2241 = IFCFACE((#2240));
#2242 = IFCPOLYLOOP((#2099, #1829, #1842));
#2243 = IFCFACEOUTERBOUND(#2242, .T.);
#2244 = IFCFACE((#2243));
#2245 = IFCPOLYLOOP((#1829, #2099, #2091));
#2246 = IFCFACEOUTERBOUND(#2245, .T.);
#2247 = IFCFACE((#2246));
#2248 = IFCPOLYLOOP((#2091, #1825, #1829));
#2249 = IFCFACEOUTERBOUND(#2248, .T.);
#2250 = IFCFACE((#2249));
#2251 = IFCPOLYLOOP((#2071, #1793, #1792));
#2252 = IFCFACEOUTERBOUND(#2251, .T.);
#2253 = IFCFACE((#2252));
#2254 = IFCPOLYLOOP((#1792, #2075, #2071));
#2255 = IFCFACEOUTERBOUND(#2254, .T.);
#2256 = IFCFACE((#2255));
#2257 = IFCPOLYLOOP((#2107, #1842, #1849));
#2258 = IFCFACEOUTERBOUND(#2257, .T.);
#2259 = IFCFACE((#2258));
#2260 = IFCPOLYLOOP((#1849, #2261, #2107));
#2261 = IFCCARTESIANPOINT((1.98235366821289E-1, 1.6572442801133E-1, 3.92845458984375E-1));
#2262 = IFCFACEOUTERBOUND(#2260, .T.);
#2263 = IFCFACE((#2262));
#2264 = IFCPOLYLOOP((#2159, #2108, #2265));
#2265 = IFCCARTESIANPOINT((1.98285949707031E-1, 1.69094117952736E-1, 3.92689636230469E-1));
#2266 = IFCFACEOUTERBOUND(#2264, .T.);
#2267 = IFCFACE((#2266));
#2268 = IFCPOLYLOOP((#2108, #2107, #2261));
#2269 = IFCFACEOUTERBOUND(#2268, .T.);
#2270 = IFCFACE((#2269));
#2271 = IFCPOLYLOOP((#2261, #2265, #2108));
#2272 = IFCFACEOUTERBOUND(#2271, .T.);
#2273 = IFCFACE((#2272));
#2274 = IFCPOLYLOOP((#2159, #2265, #2191));
#2275 = IFCFACEOUTERBOUND(#2274, .T.);
#2276 = IFCFACE((#2275));
#2277 = IFCPOLYLOOP((#2265, #2192, #2191));
#2278 = IFCFACEOUTERBOUND(#2277, .T.);
#2279 = IFCFACE((#2278));
#2280 = IFCPOLYLOOP((#2154, #2183, #2281));
#2281 = IFCCARTESIANPOINT((1.94892288208008E-1, 1.74077485872658E-1, 4.20497131347656E-1));
#2282 = IFCFACEOUTERBOUND(#2280, .T.);
#2283 = IFCFACE((#2282));
#2284 = IFCPOLYLOOP((#2172, #2281, #2168));
#2285 = IFCFACEOUTERBOUND(#2284, .T.);
#2286 = IFCFACE((#2285));
#2287 = IFCPOLYLOOP((#2172, #2154, #2281));
#2288 = IFCFACEOUTERBOUND(#2287, .T.);
#2289 = IFCFACE((#2288));
#2290 = IFCPOLYLOOP((#2230, #2168, #2281));
#2291 = IFCFACEOUTERBOUND(#2290, .T.);
#2292 = IFCFACE((#2291));
#2293 = IFCPOLYLOOP((#2193, #2183, #2187));
#2294 = IFCFACEOUTERBOUND(#2293, .T.);
#2295 = IFCFACE((#2294));
#2296 = IFCPOLYLOOP((#1849, #1540, #2297));
#2297 = IFCCARTESIANPOINT((-1.98226989746094E-1, 1.65721437288673E-1, 3.92845611572266E-1));
#2298 = IFCFACEOUTERBOUND(#2296, .T.);
#2299 = IFCFACE((#2298));
#2300 = IFCPOLYLOOP((#2261, #2297, #2045));
#2301 = IFCFACEOUTERBOUND(#2300, .T.);
#2302 = IFCFACE((#2301));
#2303 = IFCPOLYLOOP((#2192, #2045, #2003));
#2304 = IFCFACEOUTERBOUND(#2303, .T.);
#2305 = IFCFACE((#2304));
#2306 = IFCPOLYLOOP((#1540, #1679, #1538));
#2307 = IFCFACEOUTERBOUND(#2306, .T.);
#2308 = IFCFACE((#2307));
#2309 = IFCPOLYLOOP((#2297, #2261, #1849));
#2310 = IFCFACEOUTERBOUND(#2309, .T.);
#2311 = IFCFACE((#2310));
#2312 = IFCPOLYLOOP((#2045, #2265, #2261));
#2313 = IFCFACEOUTERBOUND(#2312, .T.);
#2314 = IFCFACE((#2313));
#2315 = IFCPOLYLOOP((#2265, #2045, #2192));
#2316 = IFCFACEOUTERBOUND(#2315, .T.);
#2317 = IFCFACE((#2316));
#2318 = IFCPOLYLOOP((#1540, #1849, #1679));
#2319 = IFCFACEOUTERBOUND(#2318, .T.);
#2320 = IFCFACE((#2319));
#2321 = IFCPOLYLOOP((#1983, #2281, #1991));
#2322 = IFCFACEOUTERBOUND(#2321, .T.);
#2323 = IFCFACE((#2322));
#2324 = IFCPOLYLOOP((#1991, #2193, #2002));
#2325 = IFCFACEOUTERBOUND(#2324, .T.);
#2326 = IFCFACE((#2325));
#2327 = IFCPOLYLOOP((#1983, #2032, #2230));
#2328 = IFCFACEOUTERBOUND(#2327, .T.);
#2329 = IFCFACE((#2328));
#2330 = IFCPOLYLOOP((#1983, #2230, #2281));
#2331 = IFCFACEOUTERBOUND(#2330, .T.);
#2332 = IFCFACE((#2331));
#2333 = IFCPOLYLOOP((#2183, #1991, #2281));
#2334 = IFCFACEOUTERBOUND(#2333, .T.);
#2335 = IFCFACE((#2334));
#2336 = IFCPOLYLOOP((#2193, #1991, #2183));
#2337 = IFCFACEOUTERBOUND(#2336, .T.);
#2338 = IFCFACE((#2337));
#2339 = IFCPOLYLOOP((#1678, #1630, #1584));
#2340 = IFCFACEOUTERBOUND(#2339, .T.);
#2341 = IFCFACE((#2340));
#2342 = IFCPOLYLOOP((#1584, #1574, #1678));
#2343 = IFCFACEOUTERBOUND(#2342, .T.);
#2344 = IFCFACE((#2343));
#2345 = IFCPOLYLOOP((#2019, #2011, #1554));
#2346 = IFCFACEOUTERBOUND(#2345, .T.);
#2347 = IFCFACE((#2346));
#2348 = IFCPOLYLOOP((#2197, #2207, #1634));
#2349 = IFCFACEOUTERBOUND(#2348, .T.);
#2350 = IFCFACE((#2349));
#2351 = IFCPOLYLOOP((#2207, #2226, #1634));
#2352 = IFCFACEOUTERBOUND(#2351, .T.);
#2353 = IFCFACE((#2352));
#2354 = IFCPOLYLOOP((#1554, #2011, #2007));
#2355 = IFCFACEOUTERBOUND(#2354, .T.);
#2356 = IFCFACE((#2355));
#2357 = IFCPOLYLOOP((#2226, #2019, #1634));
#2358 = IFCFACEOUTERBOUND(#2357, .T.);
#2359 = IFCFACE((#2358));
#2360 = IFCPOLYLOOP((#1634, #2019, #1554));
#2361 = IFCFACEOUTERBOUND(#2360, .T.);
#2362 = IFCFACE((#2361));
#2363 = IFCPOLYLOOP((#2002, #2193, #2003));
#2364 = IFCFACEOUTERBOUND(#2363, .T.);
#2365 = IFCFACE((#2364));
#2366 = IFCPOLYLOOP((#2192, #2003, #2193));
#2367 = IFCFACEOUTERBOUND(#2366, .T.);
#2368 = IFCFACE((#2367));
#2369 = IFCPOLYLOOP((#1569, #1538, #1678));
#2370 = IFCFACEOUTERBOUND(#2369, .T.);
#2371 = IFCFACE((#2370));
#2372 = IFCPOLYLOOP((#1569, #1678, #1574));
#2373 = IFCFACEOUTERBOUND(#2372, .T.);
#2374 = IFCFACE((#2373));
#2375 = IFCPOLYLOOP((#1679, #1678, #1538));
#2376 = IFCFACEOUTERBOUND(#2375, .T.);
#2377 = IFCFACE((#2376));
#2378 = IFCPOLYLOOP((#2230, #2032, #2019));
#2379 = IFCFACEOUTERBOUND(#2378, .T.);
#2380 = IFCFACE((#2379));
#2381 = IFCPOLYLOOP((#2019, #2226, #2230));
#2382 = IFCFACEOUTERBOUND(#2381, .T.);
#2383 = IFCFACE((#2382));
#2384 = IFCPOLYLOOP((#1573, #1584, #1630));
#2385 = IFCFACEOUTERBOUND(#2384, .T.);
#2386 = IFCFACE((#2385));
#2387 = IFCPOLYLOOP((#1565, #1630, #1554));
#2388 = IFCFACEOUTERBOUND(#2387, .T.);
#2389 = IFCFACE((#2388));
#2390 = IFCPOLYLOOP((#1565, #1573, #1630));
#2391 = IFCFACEOUTERBOUND(#2390, .T.);
#2392 = IFCFACE((#2391));
#2393 = IFCPOLYLOOP((#1634, #1554, #1630));
#2394 = IFCFACEOUTERBOUND(#2393, .T.);
#2395 = IFCFACE((#2394));
#2396 = IFCPOLYLOOP((#1768, #1589, #1596));
#2397 = IFCFACEOUTERBOUND(#2396, .T.);
#2398 = IFCFACE((#2397));
#2399 = IFCPOLYLOOP((#1746, #1596, #1732));
#2400 = IFCFACEOUTERBOUND(#2399, .T.);
#2401 = IFCFACE((#2400));
#2402 = IFCPOLYLOOP((#2015, #1928, #1915));
#2403 = IFCFACEOUTERBOUND(#2402, .T.);
#2404 = IFCFACE((#2403));
#2405 = IFCPOLYLOOP((#1915, #1892, #2015));
#2406 = IFCFACEOUTERBOUND(#2405, .T.);
#2407 = IFCFACE((#2406));
#2408 = IFCPOLYLOOP((#1967, #1907, #1908));
#2409 = IFCFACEOUTERBOUND(#2408, .T.);
#2410 = IFCFACE((#2409));
#2411 = IFCPOLYLOOP((#1908, #1959, #1967));
#2412 = IFCFACEOUTERBOUND(#2411, .T.);
#2413 = IFCFACE((#2412));
#2414 = IFCPOLYLOOP((#1939, #1927, #1932));
#2415 = IFCFACEOUTERBOUND(#2414, .T.);
#2416 = IFCFACE((#2415));
#2417 = IFCPOLYLOOP((#1971, #1951, #1987));
#2418 = IFCFACEOUTERBOUND(#2417, .T.);
#2419 = IFCFACE((#2418));
#2420 = IFCPOLYLOOP((#1955, #1983, #1991));
#2421 = IFCFACEOUTERBOUND(#2420, .T.);
#2422 = IFCFACE((#2421));
#2423 = IFCPOLYLOOP((#2145, #2087, #2115));
#2424 = IFCFACEOUTERBOUND(#2423, .T.);
#2425 = IFCFACE((#2424));
#2426 = IFCPOLYLOOP((#2115, #2077, #2119));
#2427 = IFCFACEOUTERBOUND(#2426, .T.);
#2428 = IFCFACE((#2427));
#2429 = IFCPOLYLOOP((#2119, #2135, #2115));
#2430 = IFCFACEOUTERBOUND(#2429, .T.);
#2431 = IFCFACE((#2430));
#2432 = IFCPOLYLOOP((#2126, #2108, #2159));
#2433 = IFCFACEOUTERBOUND(#2432, .T.);
#2434 = IFCFACE((#2433));
#2435 = IFCPOLYLOOP((#2159, #2158, #2126));
#2436 = IFCFACEOUTERBOUND(#2435, .T.);
#2437 = IFCFACE((#2436));
#2438 = IFCPOLYLOOP((#2153, #2133, #2158));
#2439 = IFCFACEOUTERBOUND(#2438, .T.);
#2440 = IFCFACE((#2439));
#2441 = IFCPOLYLOOP((#2160, #2159, #2191));
#2442 = IFCFACEOUTERBOUND(#2441, .T.);
#2443 = IFCFACE((#2442));
#2444 = IFCPOLYLOOP((#2153, #2158, #2164));
#2445 = IFCFACEOUTERBOUND(#2444, .T.);
#2446 = IFCFACE((#2445));
#2447 = IFCPOLYLOOP((#2164, #2179, #2153));
#2448 = IFCFACEOUTERBOUND(#2447, .T.);
#2449 = IFCFACE((#2448));
#2450 = IFCPOLYLOOP((#1634, #1769, #2197));
#2451 = IFCFACEOUTERBOUND(#2450, .T.);
#2452 = IFCFACE((#2451));
#2453 = IFCPOLYLOOP((#1552, #1554, #2007));
#2454 = IFCFACEOUTERBOUND(#2453, .T.);
#2455 = IFCFACE((#2454));
#2456 = IFCPOLYLOOP((#1589, #1588, #1594));
#2457 = IFCFACEOUTERBOUND(#2456, .T.);
#2458 = IFCFACE((#2457));
#2459 = IFCPOLYLOOP((#1673, #1680, #1674));
#2460 = IFCFACEOUTERBOUND(#2459, .T.);
#2461 = IFCFACE((#2460));
#2462 = IFCPOLYLOOP((#1680, #1679, #1674));
#2463 = IFCFACEOUTERBOUND(#2462, .T.);
#2464 = IFCFACE((#2463));
#2465 = IFCPOLYLOOP((#1673, #1661, #1688));
#2466 = IFCFACEOUTERBOUND(#2465, .T.);
#2467 = IFCFACE((#2466));
#2468 = IFCPOLYLOOP((#1874, #1879, #1884));
#2469 = IFCFACEOUTERBOUND(#2468, .T.);
#2470 = IFCFACE((#2469));
#2471 = IFCPOLYLOOP((#1883, #1884, #1907));
#2472 = IFCFACEOUTERBOUND(#2471, .T.);
#2473 = IFCFACE((#2472));
#2474 = IFCPOLYLOOP((#1879, #1899, #1903));
#2475 = IFCFACEOUTERBOUND(#2474, .T.);
#2476 = IFCFACE((#2475));
#2477 = IFCPOLYLOOP((#1884, #1903, #1908));
#2478 = IFCFACEOUTERBOUND(#2477, .T.);
#2479 = IFCFACE((#2478));
#2480 = IFCPOLYLOOP((#1870, #1892, #1915));
#2481 = IFCFACEOUTERBOUND(#2480, .T.);
#2482 = IFCFACE((#2481));
#2483 = IFCPOLYLOOP((#1899, #1915, #1919));
#2484 = IFCFACEOUTERBOUND(#2483, .T.);
#2485 = IFCFACE((#2484));
#2486 = IFCPOLYLOOP((#1903, #1919, #1923));
#2487 = IFCFACEOUTERBOUND(#2486, .T.);
#2488 = IFCFACE((#2487));
#2489 = IFCPOLYLOOP((#1919, #1927, #1939));
#2490 = IFCFACEOUTERBOUND(#2489, .T.);
#2491 = IFCFACE((#2490));
#2492 = IFCPOLYLOOP((#1928, #2015, #1943));
#2493 = IFCFACEOUTERBOUND(#2492, .T.);
#2494 = IFCFACE((#2493));
#2495 = IFCPOLYLOOP((#1959, #1951, #1971));
#2496 = IFCFACEOUTERBOUND(#2495, .T.);
#2497 = IFCFACE((#2496));
#2498 = IFCPOLYLOOP((#1943, #2015, #1975));
#2499 = IFCFACEOUTERBOUND(#2498, .T.);
#2500 = IFCFACE((#2499));
#2501 = IFCPOLYLOOP((#1976, #1947, #1932));
#2502 = IFCFACEOUTERBOUND(#2501, .T.);
#2503 = IFCFACE((#2502));
#2504 = IFCPOLYLOOP((#1947, #1955, #1939));
#2505 = IFCFACEOUTERBOUND(#2504, .T.);
#2506 = IFCFACE((#2505));
#2507 = IFCPOLYLOOP((#1987, #1995, #1971));
#2508 = IFCFACEOUTERBOUND(#2507, .T.);
#2509 = IFCFACE((#2508));
#2510 = IFCPOLYLOOP((#2007, #1553, #1552));
#2511 = IFCFACEOUTERBOUND(#2510, .T.);
#2512 = IFCFACE((#2511));
#2513 = IFCPOLYLOOP((#1869, #2007, #1888));
#2514 = IFCFACEOUTERBOUND(#2513, .T.);
#2515 = IFCFACE((#2514));
#2516 = IFCPOLYLOOP((#1558, #1869, #1868));
#2517 = IFCFACEOUTERBOUND(#2516, .T.);
#2518 = IFCFACE((#2517));
#2519 = IFCPOLYLOOP((#1875, #1544, #1548));
#2520 = IFCFACEOUTERBOUND(#2519, .T.);
#2521 = IFCFACE((#2520));
#2522 = IFCPOLYLOOP((#1874, #1539, #1544));
#2523 = IFCFACEOUTERBOUND(#2522, .T.);
#2524 = IFCFACE((#2523));
#2525 = IFCPOLYLOOP((#1548, #1868, #1875));
#2526 = IFCFACEOUTERBOUND(#2525, .T.);
#2527 = IFCFACE((#2526));
#2528 = IFCPOLYLOOP((#1907, #2045, #2297));
#2529 = IFCFACEOUTERBOUND(#2528, .T.);
#2530 = IFCFACE((#2529));
#2531 = IFCPOLYLOOP((#2297, #1883, #1907));
#2532 = IFCFACEOUTERBOUND(#2531, .T.);
#2533 = IFCFACE((#2532));
#2534 = IFCPOLYLOOP((#1540, #1883, #2297));
#2535 = IFCFACEOUTERBOUND(#2534, .T.);
#2536 = IFCFACE((#2535));
#2537 = IFCPOLYLOOP((#1967, #2045, #1907));
#2538 = IFCFACEOUTERBOUND(#2537, .T.);
#2539 = IFCFACE((#2538));
#2540 = IFCPOLYLOOP((#1947, #1976, #1983));
#2541 = IFCFACEOUTERBOUND(#2540, .T.);
#2542 = IFCFACE((#2541));
#2543 = IFCPOLYLOOP((#2070, #2071, #2077));
#2544 = IFCFACEOUTERBOUND(#2543, .T.);
#2545 = IFCFACE((#2544));
#2546 = IFCPOLYLOOP((#2087, #2070, #2115));
#2547 = IFCFACEOUTERBOUND(#2546, .T.);
#2548 = IFCFACE((#2547));
#2549 = IFCPOLYLOOP((#2133, #2135, #2119));
#2550 = IFCFACEOUTERBOUND(#2549, .T.);
#2551 = IFCFACE((#2550));
#2552 = IFCPOLYLOOP((#2133, #2126, #2158));
#2553 = IFCFACEOUTERBOUND(#2552, .T.);
#2554 = IFCFACE((#2553));
#2555 = IFCPOLYLOOP((#2135, #2134, #2149));
#2556 = IFCFACEOUTERBOUND(#2555, .T.);
#2557 = IFCFACE((#2556));
#2558 = IFCPOLYLOOP((#2153, #2134, #2133));
#2559 = IFCFACEOUTERBOUND(#2558, .T.);
#2560 = IFCFACE((#2559));
#2561 = IFCPOLYLOOP((#2154, #2172, #2134));
#2562 = IFCFACEOUTERBOUND(#2561, .T.);
#2563 = IFCFACE((#2562));
#2564 = IFCPOLYLOOP((#2187, #2179, #2164));
#2565 = IFCFACEOUTERBOUND(#2564, .T.);
#2566 = IFCFACE((#2565));
#2567 = IFCPOLYLOOP((#2193, #2187, #2160));
#2568 = IFCFACEOUTERBOUND(#2567, .T.);
#2569 = IFCFACE((#2568));
#2570 = IFCPOLYLOOP((#2187, #2164, #2160));
#2571 = IFCFACEOUTERBOUND(#2570, .T.);
#2572 = IFCFACE((#2571));
#2573 = IFCPOLYLOOP((#2193, #2160, #2191));
#2574 = IFCFACEOUTERBOUND(#2573, .T.);
#2575 = IFCFACE((#2574));
#2576 = IFCPOLYLOOP((#2226, #2207, #2145));
#2577 = IFCFACEOUTERBOUND(#2576, .T.);
#2578 = IFCFACE((#2577));
#2579 = IFCPOLYLOOP((#2064, #2207, #2197));
#2580 = IFCFACEOUTERBOUND(#2579, .T.);
#2581 = IFCFACE((#2580));
#2582 = IFCFACETEDBREP(#1536);
#2583 = IFCSURFACESTYLERENDERING(#2584, 0., #2585, $, $, #2586, #2587, $, .NOTDEFINED.);
#2584 = IFCCOLOURRGB('Surface color', 5.41176497936249E-1, 3.4901961684227E-1, 2.50980406999588E-1);
#2585 = IFCCOLOURRGB('Diffuse color', 5.41176497936249E-1, 3.4901961684227E-1, 2.50980406999588E-1);
#2586 = IFCCOLOURRGB('Reflection color', 1., 1., 1.);
#2587 = IFCCOLOURRGB('Specular color', 1., 1., 1.);
#2588 = IFCSURFACESTYLE('3acb42c0_d3bc_49d4_a7ed_98ea0419b48c', .BOTH., (#2583));
#2589 = IFCPRESENTATIONSTYLEASSIGNMENT((#2588));
#2590 = IFCSTYLEDITEM(#2582, (#2589), $);
#2591 = IFCSTYLEDREPRESENTATION(#103, 'Body', $, (#2590));
#2592 = IFCCLOSEDSHELL((#2598, #2604, #2608, #2614, #2617, #2623, #2629, #2633, #2636, #2641, #2644, #2647, #2650, #2654, #2657, #2660, #2663, #2666, #2670, #2674, #2679, #2682, #2685, #2689, #2693, #2697, #2701, #2705, #2710, #2714, #2717, #2721, #2724, #2728, #2732, #2735, #2738, #2742, #2746, #2749, #2752, #2755, #2759, #2762, #2767, #2770, #2773, #2777, #2781, #2785, #2790, #2793, #2798, #2801, #2805, #2809, #2813, #2817, #2820, #2824, #2827, #2830, #2833, #2836, #2839, #2842, #2848, #2854, #2859, #2862, #2865, #2871, #2874, #2880, #2883, #2886, #2890, #2895, #2899, #2903, #2907, #2911, #2914, #2918, #2921, #2924, #2928, #2933, #2936, #2939, #2942, #2945, #2949, #2953, #2956, #2960, #2964, #2968, #2972, #2976, #2980, #2983, #2986, #2990, #2993, #2996, #2999, #3002, #3005, #3008, #3011, #3014, #3017, #3020, #3023, #3026, #3029, #3032, #3035, #3038, #3041, #3044, #3047, #3050, #3053, #3056, #3059, #3062, #3066, #3070, #3074, #3077, #3080, #3083, #3086, #3089, #3093, #3096, #3099, #3102, #3105, #3108, #3111, #3115, #3119, #3123, #3127, #3131, #3135, #3138, #3141, #3144, #3147, #3150, #3153, #3156, #3159, #3162, #3165, #3168, #3171, #3174, #3177, #3180, #3183, #3186, #3189, #3192, #3195, #3198, #3201, #3204, #3207, #3210, #3213, #3216, #3219, #3222, #3225, #3228, #3231, #3234, #3237, #3240, #3243, #3246, #3249, #3252));
#2593 = IFCPOLYLOOP((#2594, #2595, #2596));
#2594 = IFCCARTESIANPOINT((2.69381713867188E-1, -2.25915679931641E-1, 9.15003204345703E-3));
#2595 = IFCCARTESIANPOINT((2.4119953918457E-1, -2.30218368530273E-1, 9.15003204345703E-3));
#2596 = IFCCARTESIANPOINT((2.71629089355469E-1, -2.30387939453125E-1, 9.15003204345703E-3));
#2597 = IFCFACEOUTERBOUND(#2593, .T.);
#2598 = IFCFACE((#2597));
#2599 = IFCPOLYLOOP((#2600, #2601, #2602));
#2600 = IFCCARTESIANPOINT((2.61413513183594E-1, -2.200576171875E-1, 9.15003204345703E-3));
#2601 = IFCCARTESIANPOINT((2.47055099487305E-1, -2.22250122070313E-1, 9.15003204345703E-3));
#2602 = IFCCARTESIANPOINT((2.65861541748047E-1, -2.22355575561523E-1, 9.15003204345703E-3));
#2603 = IFCFACEOUTERBOUND(#2599, .T.);
#2604 = IFCFACE((#2603));
#2605 = IFCPOLYLOOP((#2606, #2594, #2602));
#2606 = IFCCARTESIANPOINT((2.43495727539063E-1, -2.25771102905273E-1, 9.15003204345703E-3));
#2607 = IFCFACEOUTERBOUND(#2605, .T.);
#2608 = IFCFACE((#2607));
#2609 = IFCPOLYLOOP((#2610, #2611, #2612));
#2610 = IFCCARTESIANPOINT((2.40389724731445E-1, -2.35157836914063E-1, 9.15003204345703E-3));
#2611 = IFCCARTESIANPOINT((2.4114567565918E-1, -2.40106353759766E-1, 9.15003204345703E-3));
#2612 = IFCCARTESIANPOINT((2.72385040283203E-1, -2.35336456298828E-1, 9.15003204345703E-3));
#2613 = IFCFACEOUTERBOUND(#2609, .T.);
#2614 = IFCFACE((#2613));
#2615 = IFCPOLYLOOP((#2612, #2596, #2610));
#2616 = IFCFACEOUTERBOUND(#2615, .T.);
#2617 = IFCFACE((#2616));
#2618 = IFCPOLYLOOP((#2619, #2620, #2621));
#2619 = IFCCARTESIANPOINT((2.71575225830078E-1, -2.40275924682617E-1, 9.15003204345703E-3));
#2620 = IFCCARTESIANPOINT((2.43393051147461E-1, -2.4457861328125E-1, 9.15003204345703E-3));
#2621 = IFCCARTESIANPOINT((2.69279022216797E-1, -2.44723190307617E-1, 9.15003204345703E-3));
#2622 = IFCFACEOUTERBOUND(#2618, .T.);
#2623 = IFCFACE((#2622));
#2624 = IFCPOLYLOOP((#2625, #2626, #2627));
#2625 = IFCCARTESIANPOINT((2.61229431152344E-1, -2.50497650146484E-1, 9.15003204345703E-3));
#2626 = IFCCARTESIANPOINT((2.65719665527344E-1, -2.48244155883789E-1, 9.15003204345703E-3));
#2627 = IFCCARTESIANPOINT((2.51361236572266E-1, -2.50436676025391E-1, 9.15003204345703E-3));
#2628 = IFCFACEOUTERBOUND(#2624, .T.);
#2629 = IFCFACE((#2628));
#2630 = IFCPOLYLOOP((#2626, #2621, #2631));
#2631 = IFCCARTESIANPOINT((2.46913192749023E-1, -2.48138717651367E-1, 9.15003204345703E-3));
#2632 = IFCFACEOUTERBOUND(#2630, .T.);
#2633 = IFCFACE((#2632));
#2634 = IFCPOLYLOOP((#2612, #2611, #2619));
#2635 = IFCFACEOUTERBOUND(#2634, .T.);
#2636 = IFCFACE((#2635));
#2637 = IFCPOLYLOOP((#2638, #2639, #2600));
#2638 = IFCCARTESIANPOINT((2.56479034423828E-1, -2.19247085571289E-1, 9.15003204345703E-3));
#2639 = IFCCARTESIANPOINT((2.51545318603516E-1, -2.19996627807617E-1, 9.15003204345703E-3));
#2640 = IFCFACEOUTERBOUND(#2637, .T.);
#2641 = IFCFACE((#2640));
#2642 = IFCPOLYLOOP((#2602, #2601, #2606));
#2643 = IFCFACEOUTERBOUND(#2642, .T.);
#2644 = IFCFACE((#2643));
#2645 = IFCPOLYLOOP((#2595, #2610, #2596));
#2646 = IFCFACEOUTERBOUND(#2645, .T.);
#2647 = IFCFACE((#2646));
#2648 = IFCPOLYLOOP((#2595, #2594, #2606));
#2649 = IFCFACEOUTERBOUND(#2648, .T.);
#2650 = IFCFACE((#2649));
#2651 = IFCPOLYLOOP((#2627, #2652, #2625));
#2652 = IFCCARTESIANPOINT((2.56295715332031E-1, -2.51247207641602E-1, 9.15003204345703E-3));
#2653 = IFCFACEOUTERBOUND(#2651, .T.);
#2654 = IFCFACE((#2653));
#2655 = IFCPOLYLOOP((#2626, #2631, #2627));
#2656 = IFCFACEOUTERBOUND(#2655, .T.);
#2657 = IFCFACE((#2656));
#2658 = IFCPOLYLOOP((#2631, #2621, #2620));
#2659 = IFCFACEOUTERBOUND(#2658, .T.);
#2660 = IFCFACE((#2659));
#2661 = IFCPOLYLOOP((#2619, #2611, #2620));
#2662 = IFCFACEOUTERBOUND(#2661, .T.);
#2663 = IFCFACE((#2662));
#2664 = IFCPOLYLOOP((#2639, #2601, #2600));
#2665 = IFCFACEOUTERBOUND(#2664, .T.);
#2666 = IFCFACE((#2665));
#2667 = IFCPOLYLOOP((#2668, #2612, #2619));
#2668 = IFCCARTESIANPOINT((2.72271331787109E-1, -2.37155258178711E-1, 2.05836296081543E-3));
#2669 = IFCFACEOUTERBOUND(#2667, .T.);
#2670 = IFCFACE((#2669));
#2671 = IFCPOLYLOOP((#2619, #2672, #2668));
#2672 = IFCCARTESIANPOINT((2.71575225830078E-1, -2.40275924682617E-1, 2.05836296081543E-3));
#2673 = IFCFACEOUTERBOUND(#2671, .T.);
#2674 = IFCFACE((#2673));
#2675 = IFCPOLYLOOP((#2676, #2677, #2596));
#2676 = IFCCARTESIANPOINT((2.72342529296875E-1, -2.34080337524414E-1, 2.05836296081543E-3));
#2677 = IFCCARTESIANPOINT((2.71824157714844E-1, -2.31048599243164E-1, 2.05836296081543E-3));
#2678 = IFCFACEOUTERBOUND(#2675, .T.);
#2679 = IFCFACE((#2678));
#2680 = IFCPOLYLOOP((#2596, #2612, #2676));
#2681 = IFCFACEOUTERBOUND(#2680, .T.);
#2682 = IFCFACE((#2681));
#2683 = IFCPOLYLOOP((#2612, #2668, #2676));
#2684 = IFCFACEOUTERBOUND(#2683, .T.);
#2685 = IFCFACE((#2684));
#2686 = IFCPOLYLOOP((#2596, #2687, #2594));
#2687 = IFCCARTESIANPOINT((2.70680908203125E-1, -2.28062622070313E-1, 2.05836296081543E-3));
#2688 = IFCFACEOUTERBOUND(#2686, .T.);
#2689 = IFCFACE((#2688));
#2690 = IFCPOLYLOOP((#2691, #2602, #2594));
#2691 = IFCCARTESIANPOINT((2.66843292236328E-1, -2.23138488769531E-1, 2.05836296081543E-3));
#2692 = IFCFACEOUTERBOUND(#2690, .T.);
#2693 = IFCFACE((#2692));
#2694 = IFCPOLYLOOP((#2594, #2695, #2691));
#2695 = IFCCARTESIANPOINT((2.69004364013672E-1, -2.25411376953125E-1, 2.05836296081543E-3));
#2696 = IFCFACEOUTERBOUND(#2694, .T.);
#2697 = IFCFACE((#2696));
#2698 = IFCPOLYLOOP((#2699, #2638, #2600));
#2699 = IFCCARTESIANPOINT((2.58339233398438E-1, -2.1936653137207E-1, 2.05836296081543E-3));
#2700 = IFCFACEOUTERBOUND(#2698, .T.);
#2701 = IFCFACE((#2700));
#2702 = IFCPOLYLOOP((#2600, #2703, #2699));
#2703 = IFCCARTESIANPOINT((2.61413513183594E-1, -2.200576171875E-1, 2.05836296081543E-3));
#2704 = IFCFACEOUTERBOUND(#2702, .T.);
#2705 = IFCFACE((#2704));
#2706 = IFCPOLYLOOP((#2639, #2707, #2708));
#2707 = IFCCARTESIANPOINT((2.52142776489258E-1, -2.19819686889648E-1, 2.05836296081543E-3));
#2708 = IFCCARTESIANPOINT((2.49201766967773E-1, -2.20950744628906E-1, 2.05836296081543E-3));
#2709 = IFCFACEOUTERBOUND(#2706, .T.);
#2710 = IFCFACE((#2709));
#2711 = IFCPOLYLOOP((#2712, #2707, #2639));
#2712 = IFCCARTESIANPOINT((2.55218795776367E-1, -2.19289428710938E-1, 2.05836296081543E-3));
#2713 = IFCFACEOUTERBOUND(#2711, .T.);
#2714 = IFCFACE((#2713));
#2715 = IFCPOLYLOOP((#2639, #2638, #2712));
#2716 = IFCFACEOUTERBOUND(#2715, .T.);
#2717 = IFCFACE((#2716));
#2718 = IFCPOLYLOOP((#2719, #2703, #2600));
#2719 = IFCCARTESIANPOINT((2.64280395507813E-1, -2.21330810546875E-1, 2.05836296081543E-3));
#2720 = IFCFACEOUTERBOUND(#2718, .T.);
#2721 = IFCFACE((#2720));
#2722 = IFCPOLYLOOP((#2600, #2602, #2719));
#2723 = IFCFACEOUTERBOUND(#2722, .T.);
#2724 = IFCFACE((#2723));
#2725 = IFCPOLYLOOP((#2726, #2606, #2601));
#2726 = IFCCARTESIANPOINT((2.44278854370117E-1, -2.24788619995117E-1, 2.05836296081543E-3));
#2727 = IFCFACEOUTERBOUND(#2725, .T.);
#2728 = IFCFACE((#2727));
#2729 = IFCPOLYLOOP((#2601, #2730, #2726));
#2730 = IFCCARTESIANPOINT((2.46551284790039E-1, -2.22627212524414E-1, 2.05836296081543E-3));
#2731 = IFCFACEOUTERBOUND(#2729, .T.);
#2732 = IFCFACE((#2731));
#2733 = IFCPOLYLOOP((#2596, #2677, #2687));
#2734 = IFCFACEOUTERBOUND(#2733, .T.);
#2735 = IFCFACE((#2734));
#2736 = IFCPOLYLOOP((#2602, #2691, #2719));
#2737 = IFCFACEOUTERBOUND(#2736, .T.);
#2738 = IFCFACE((#2737));
#2739 = IFCPOLYLOOP((#2595, #2606, #2740));
#2740 = IFCCARTESIANPOINT((2.42471817016602E-1, -2.27351852416992E-1, 2.05836296081543E-3));
#2741 = IFCFACEOUTERBOUND(#2739, .T.);
#2742 = IFCFACE((#2741));
#2743 = IFCPOLYLOOP((#2740, #2744, #2595));
#2744 = IFCCARTESIANPOINT((2.4119953918457E-1, -2.30218368530273E-1, 2.05836296081543E-3));
#2745 = IFCFACEOUTERBOUND(#2743, .T.);
#2746 = IFCFACE((#2745));
#2747 = IFCPOLYLOOP((#2740, #2606, #2726));
#2748 = IFCFACEOUTERBOUND(#2747, .T.);
#2749 = IFCFACE((#2748));
#2750 = IFCPOLYLOOP((#2730, #2601, #2708));
#2751 = IFCFACEOUTERBOUND(#2750, .T.);
#2752 = IFCFACE((#2751));
#2753 = IFCPOLYLOOP((#2712, #2638, #2699));
#2754 = IFCFACEOUTERBOUND(#2753, .T.);
#2755 = IFCFACE((#2754));
#2756 = IFCPOLYLOOP((#2757, #2610, #2595));
#2757 = IFCCARTESIANPOINT((2.4050341796875E-1, -2.3333903503418E-1, 2.05836296081543E-3));
#2758 = IFCFACEOUTERBOUND(#2756, .T.);
#2759 = IFCFACE((#2758));
#2760 = IFCPOLYLOOP((#2595, #2744, #2757));
#2761 = IFCFACEOUTERBOUND(#2760, .T.);
#2762 = IFCFACE((#2761));
#2763 = IFCPOLYLOOP((#2764, #2765, #2611));
#2764 = IFCCARTESIANPOINT((2.40432235717773E-1, -2.36413940429688E-1, 2.05836296081543E-3));
#2765 = IFCCARTESIANPOINT((2.40950607299805E-1, -2.39445693969727E-1, 2.05836296081543E-3));
#2766 = IFCFACEOUTERBOUND(#2763, .T.);
#2767 = IFCFACE((#2766));
#2768 = IFCPOLYLOOP((#2611, #2610, #2764));
#2769 = IFCFACEOUTERBOUND(#2768, .T.);
#2770 = IFCFACE((#2769));
#2771 = IFCPOLYLOOP((#2757, #2764, #2610));
#2772 = IFCFACEOUTERBOUND(#2771, .T.);
#2773 = IFCFACE((#2772));
#2774 = IFCPOLYLOOP((#2611, #2775, #2620));
#2775 = IFCCARTESIANPOINT((2.42093841552734E-1, -2.42431671142578E-1, 2.05836296081543E-3));
#2776 = IFCFACEOUTERBOUND(#2774, .T.);
#2777 = IFCFACE((#2776));
#2778 = IFCPOLYLOOP((#2779, #2631, #2620));
#2779 = IFCCARTESIANPOINT((2.45931457519531E-1, -2.4735578918457E-1, 2.05836296081543E-3));
#2780 = IFCFACEOUTERBOUND(#2778, .T.);
#2781 = IFCFACE((#2780));
#2782 = IFCPOLYLOOP((#2620, #2783, #2779));
#2783 = IFCCARTESIANPOINT((2.43770385742188E-1, -2.45082916259766E-1, 2.05836296081543E-3));
#2784 = IFCFACEOUTERBOUND(#2782, .T.);
#2785 = IFCFACE((#2784));
#2786 = IFCPOLYLOOP((#2787, #2788, #2627));
#2787 = IFCCARTESIANPOINT((2.48494369506836E-1, -2.49163482666016E-1, 2.05836296081543E-3));
#2788 = IFCCARTESIANPOINT((2.51361236572266E-1, -2.50436676025391E-1, 2.05836296081543E-3));
#2789 = IFCFACEOUTERBOUND(#2786, .T.);
#2790 = IFCFACE((#2789));
#2791 = IFCPOLYLOOP((#2627, #2631, #2787));
#2792 = IFCFACEOUTERBOUND(#2791, .T.);
#2793 = IFCFACE((#2792));
#2794 = IFCPOLYLOOP((#2795, #2796, #2625));
#2795 = IFCCARTESIANPOINT((2.57555969238281E-1, -2.51204864501953E-1, 2.05836296081543E-3));
#2796 = IFCCARTESIANPOINT((2.60631988525391E-1, -2.50674606323242E-1, 2.05836296081543E-3));
#2797 = IFCFACEOUTERBOUND(#2794, .T.);
#2798 = IFCFACE((#2797));
#2799 = IFCPOLYLOOP((#2625, #2652, #2795));
#2800 = IFCFACEOUTERBOUND(#2799, .T.);
#2801 = IFCFACE((#2800));
#2802 = IFCPOLYLOOP((#2803, #2621, #2626));
#2803 = IFCCARTESIANPOINT((2.68495910644531E-1, -2.45705673217773E-1, 2.05836296081543E-3));
#2804 = IFCFACEOUTERBOUND(#2802, .T.);
#2805 = IFCFACE((#2804));
#2806 = IFCPOLYLOOP((#2626, #2807, #2803));
#2807 = IFCCARTESIANPOINT((2.66223480224609E-1, -2.47867080688477E-1, 2.05836296081543E-3));
#2808 = IFCFACEOUTERBOUND(#2806, .T.);
#2809 = IFCFACE((#2808));
#2810 = IFCPOLYLOOP((#2625, #2796, #2811));
#2811 = IFCCARTESIANPOINT((2.63572998046875E-1, -2.49543548583984E-1, 2.05836296081543E-3));
#2812 = IFCFACEOUTERBOUND(#2810, .T.);
#2813 = IFCFACE((#2812));
#2814 = IFCPOLYLOOP((#2815, #2652, #2627));
#2815 = IFCCARTESIANPOINT((2.54435516357422E-1, -2.51127746582031E-1, 2.05836296081543E-3));
#2816 = IFCFACEOUTERBOUND(#2814, .T.);
#2817 = IFCFACE((#2816));
#2818 = IFCPOLYLOOP((#2627, #2788, #2815));
#2819 = IFCFACEOUTERBOUND(#2818, .T.);
#2820 = IFCFACE((#2819));
#2821 = IFCPOLYLOOP((#2822, #2672, #2619));
#2822 = IFCCARTESIANPOINT((2.70302947998047E-1, -2.43142440795898E-1, 2.05836296081543E-3));
#2823 = IFCFACEOUTERBOUND(#2821, .T.);
#2824 = IFCFACE((#2823));
#2825 = IFCPOLYLOOP((#2619, #2621, #2822));
#2826 = IFCFACEOUTERBOUND(#2825, .T.);
#2827 = IFCFACE((#2826));
#2828 = IFCPOLYLOOP((#2611, #2765, #2775));
#2829 = IFCFACEOUTERBOUND(#2828, .T.);
#2830 = IFCFACE((#2829));
#2831 = IFCPOLYLOOP((#2631, #2779, #2787));
#2832 = IFCFACEOUTERBOUND(#2831, .T.);
#2833 = IFCFACE((#2832));
#2834 = IFCPOLYLOOP((#2822, #2621, #2803));
#2835 = IFCFACEOUTERBOUND(#2834, .T.);
#2836 = IFCFACE((#2835));
#2837 = IFCPOLYLOOP((#2807, #2626, #2811));
#2838 = IFCFACEOUTERBOUND(#2837, .T.);
#2839 = IFCFACE((#2838));
#2840 = IFCPOLYLOOP((#2795, #2652, #2815));
#2841 = IFCFACEOUTERBOUND(#2840, .T.);
#2842 = IFCFACE((#2841));
#2843 = IFCPOLYLOOP((#2844, #2845, #2846));
#2844 = IFCCARTESIANPOINT((2.68413757324219E-1, -2.280849609375E-1, 5.83629086613655E-5));
#2845 = IFCCARTESIANPOINT((2.69944641113281E-1, -2.31763961791992E-1, 5.83629086613655E-5));
#2846 = IFCCARTESIANPOINT((2.70376770019531E-1, -2.35725082397461E-1, 5.83629086613655E-5));
#2847 = IFCFACEOUTERBOUND(#2843, .T.);
#2848 = IFCFACE((#2847));
#2849 = IFCPOLYLOOP((#2850, #2851, #2852));
#2850 = IFCCARTESIANPOINT((2.58850006103516E-1, -2.2146549987793E-1, 5.83629086613655E-5));
#2851 = IFCCARTESIANPOINT((2.62688598632813E-1, -2.2274609375E-1, 5.83629086613655E-5));
#2852 = IFCCARTESIANPOINT((2.65992584228516E-1, -2.25064544677734E-1, 5.83629086613655E-5));
#2853 = IFCFACEOUTERBOUND(#2849, .T.);
#2854 = IFCFACE((#2853));
#2855 = IFCPOLYLOOP((#2846, #2856, #2857));
#2856 = IFCCARTESIANPOINT((2.46866271972656E-1, -2.4550764465332E-1, 5.83629086613655E-5));
#2857 = IFCCARTESIANPOINT((2.4283039855957E-1, -2.38730377197266E-1, 5.83629086613655E-5));
#2858 = IFCFACEOUTERBOUND(#2855, .T.);
#2859 = IFCFACE((#2858));
#2860 = IFCPOLYLOOP((#2857, #2844, #2846));
#2861 = IFCFACEOUTERBOUND(#2860, .T.);
#2862 = IFCFACE((#2861));
#2863 = IFCPOLYLOOP((#2857, #2852, #2844));
#2864 = IFCFACEOUTERBOUND(#2863, .T.);
#2865 = IFCFACE((#2864));
#2866 = IFCPOLYLOOP((#2867, #2868, #2869));
#2867 = IFCCARTESIANPOINT((2.67899108886719E-1, -2.4321484375E-1, 5.83629086613655E-5));
#2868 = IFCCARTESIANPOINT((2.65188568115234E-1, -2.46133544921875E-1, 5.83629086613655E-5));
#2869 = IFCCARTESIANPOINT((2.69676452636719E-1, -2.39647644042969E-1, 5.83629086613655E-5));
#2870 = IFCFACEOUTERBOUND(#2866, .T.);
#2871 = IFCFACE((#2870));
#2872 = IFCPOLYLOOP((#2846, #2869, #2868));
#2873 = IFCFACEOUTERBOUND(#2872, .T.);
#2874 = IFCFACE((#2873));
#2875 = IFCPOLYLOOP((#2876, #2877, #2878));
#2876 = IFCCARTESIANPOINT((2.57907348632813E-1, -2.49166351318359E-1, 5.83629086613655E-5));
#2877 = IFCCARTESIANPOINT((2.53925109863281E-1, -2.49027420043945E-1, 5.83629086613655E-5));
#2878 = IFCCARTESIANPOINT((2.61765258789063E-1, -2.48174346923828E-1, 5.83629086613655E-5));
#2879 = IFCFACEOUTERBOUND(#2875, .T.);
#2880 = IFCFACE((#2879));
#2881 = IFCPOLYLOOP((#2846, #2868, #2877));
#2882 = IFCFACEOUTERBOUND(#2881, .T.);
#2883 = IFCFACE((#2882));
#2884 = IFCPOLYLOOP((#2877, #2868, #2878));
#2885 = IFCFACEOUTERBOUND(#2884, .T.);
#2886 = IFCFACE((#2885));
#2887 = IFCPOLYLOOP((#2850, #2852, #2888));
#2888 = IFCCARTESIANPOINT((2.44876235961914E-1, -2.27280746459961E-1, 5.83629086613655E-5));
#2889 = IFCFACEOUTERBOUND(#2887, .T.);
#2890 = IFCFACE((#2889));
#2891 = IFCPOLYLOOP((#2888, #2892, #2893));
#2892 = IFCCARTESIANPOINT((2.51008972167969E-1, -2.22320907592773E-1, 5.83629086613655E-5));
#2893 = IFCCARTESIANPOINT((2.54867950439453E-1, -2.21329437255859E-1, 5.83629086613655E-5));
#2894 = IFCFACEOUTERBOUND(#2891, .T.);
#2895 = IFCFACE((#2894));
#2896 = IFCPOLYLOOP((#2888, #2852, #2897));
#2897 = IFCCARTESIANPOINT((2.42397598266602E-1, -2.34769348144531E-1, 5.83629086613655E-5));
#2898 = IFCFACEOUTERBOUND(#2896, .T.);
#2899 = IFCFACE((#2898));
#2900 = IFCPOLYLOOP((#2901, #2892, #2888));
#2901 = IFCCARTESIANPOINT((2.47585433959961E-1, -2.24359451293945E-1, 5.83629086613655E-5));
#2902 = IFCFACEOUTERBOUND(#2900, .T.);
#2903 = IFCFACE((#2902));
#2904 = IFCPOLYLOOP((#2905, #2888, #2897));
#2905 = IFCCARTESIANPOINT((2.43097839355469E-1, -2.30846450805664E-1, 5.83629086613655E-5));
#2906 = IFCFACEOUTERBOUND(#2904, .T.);
#2907 = IFCFACE((#2906));
#2908 = IFCPOLYLOOP((#2909, #2856, #2877));
#2909 = IFCCARTESIANPOINT((2.50086090087891E-1, -2.47748840332031E-1, 5.83629086613655E-5));
#2910 = IFCFACEOUTERBOUND(#2908, .T.);
#2911 = IFCFACE((#2910));
#2912 = IFCPOLYLOOP((#2877, #2856, #2846));
#2913 = IFCFACEOUTERBOUND(#2912, .T.);
#2914 = IFCFACE((#2913));
#2915 = IFCPOLYLOOP((#2916, #2857, #2856));
#2916 = IFCCARTESIANPOINT((2.44360595703125E-1, -2.42409713745117E-1, 5.83629086613655E-5));
#2917 = IFCFACEOUTERBOUND(#2915, .T.);
#2918 = IFCFACE((#2917));
#2919 = IFCPOLYLOOP((#2852, #2857, #2897));
#2920 = IFCFACEOUTERBOUND(#2919, .T.);
#2921 = IFCFACE((#2920));
#2922 = IFCPOLYLOOP((#2850, #2888, #2893));
#2923 = IFCFACEOUTERBOUND(#2922, .T.);
#2924 = IFCFACE((#2923));
#2925 = IFCPOLYLOOP((#2672, #2822, #2926));
#2926 = IFCCARTESIANPOINT((2.70625823974609E-1, -2.39961776733398E-1, 1.05836296081543E-3));
#2927 = IFCFACEOUTERBOUND(#2925, .T.);
#2928 = IFCFACE((#2927));
#2929 = IFCPOLYLOOP((#2930, #2931, #2803));
#2930 = IFCCARTESIANPOINT((2.65817321777344E-1, -2.46911041259766E-1, 1.05836296081543E-3));
#2931 = IFCCARTESIANPOINT((2.68721527099609E-1, -2.43783813476563E-1, 1.05836296081543E-3));
#2932 = IFCFACEOUTERBOUND(#2929, .T.);
#2933 = IFCFACE((#2932));
#2934 = IFCPOLYLOOP((#2931, #2822, #2803));
#2935 = IFCFACEOUTERBOUND(#2934, .T.);
#2936 = IFCFACE((#2935));
#2937 = IFCPOLYLOOP((#2867, #2869, #2926));
#2938 = IFCFACEOUTERBOUND(#2937, .T.);
#2939 = IFCFACE((#2938));
#2940 = IFCPOLYLOOP((#2926, #2931, #2867));
#2941 = IFCFACEOUTERBOUND(#2940, .T.);
#2942 = IFCFACE((#2941));
#2943 = IFCPOLYLOOP((#2807, #2811, #2930));
#2944 = IFCFACEOUTERBOUND(#2943, .T.);
#2945 = IFCFACE((#2944));
#2946 = IFCPOLYLOOP((#2796, #2947, #2811));
#2947 = IFCCARTESIANPOINT((2.621494140625E-1, -2.49097671508789E-1, 1.05836296081543E-3));
#2948 = IFCFACEOUTERBOUND(#2946, .T.);
#2949 = IFCFACE((#2948));
#2950 = IFCPOLYLOOP((#2796, #2795, #2951));
#2951 = IFCCARTESIANPOINT((2.58015838623047E-1, -2.50160552978516E-1, 1.05836296081543E-3));
#2952 = IFCFACEOUTERBOUND(#2950, .T.);
#2953 = IFCFACE((#2952));
#2954 = IFCPOLYLOOP((#2795, #2815, #2951));
#2955 = IFCFACEOUTERBOUND(#2954, .T.);
#2956 = IFCFACE((#2955));
#2957 = IFCPOLYLOOP((#2787, #2958, #2788));
#2958 = IFCCARTESIANPOINT((2.49635772705078E-1, -2.48641784667969E-1, 1.05836296081543E-3));
#2959 = IFCFACEOUTERBOUND(#2957, .T.);
#2960 = IFCFACE((#2959));
#2961 = IFCPOLYLOOP((#2787, #2779, #2962));
#2962 = IFCCARTESIANPOINT((2.46185974121094E-1, -2.46240509033203E-1, 1.05836296081543E-3));
#2963 = IFCFACEOUTERBOUND(#2961, .T.);
#2964 = IFCFACE((#2963));
#2965 = IFCPOLYLOOP((#2788, #2966, #2815));
#2966 = IFCCARTESIANPOINT((2.53749038696289E-1, -2.50011688232422E-1, 1.05836296081543E-3));
#2967 = IFCFACEOUTERBOUND(#2965, .T.);
#2968 = IFCFACE((#2967));
#2969 = IFCPOLYLOOP((#2775, #2970, #2783));
#2970 = IFCCARTESIANPOINT((2.43501358032227E-1, -2.42921325683594E-1, 1.05836296081543E-3));
#2971 = IFCFACEOUTERBOUND(#2969, .T.);
#2972 = IFCFACE((#2971));
#2973 = IFCPOLYLOOP((#2764, #2974, #2765));
#2974 = IFCCARTESIANPOINT((2.41861892700195E-1, -2.38979263305664E-1, 1.05836296081543E-3));
#2975 = IFCFACEOUTERBOUND(#2973, .T.);
#2976 = IFCFACE((#2975));
#2977 = IFCPOLYLOOP((#2757, #2978, #2764));
#2978 = IFCCARTESIANPOINT((2.41398178100586E-1, -2.34735366821289E-1, 1.05836296081543E-3));
#2979 = IFCFACEOUTERBOUND(#2977, .T.);
#2980 = IFCFACE((#2979));
#2981 = IFCPOLYLOOP((#2775, #2765, #2974));
#2982 = IFCFACEOUTERBOUND(#2981, .T.);
#2983 = IFCFACE((#2982));
#2984 = IFCPOLYLOOP((#2783, #2962, #2779));
#2985 = IFCFACEOUTERBOUND(#2984, .T.);
#2986 = IFCFACE((#2985));
#2987 = IFCPOLYLOOP((#2988, #2978, #2757));
#2988 = IFCCARTESIANPOINT((2.421484375E-1, -2.30532287597656E-1, 1.05836296081543E-3));
#2989 = IFCFACEOUTERBOUND(#2987, .T.);
#2990 = IFCFACE((#2989));
#2991 = IFCPOLYLOOP((#2930, #2868, #2867));
#2992 = IFCFACEOUTERBOUND(#2991, .T.);
#2993 = IFCFACE((#2992));
#2994 = IFCPOLYLOOP((#2867, #2931, #2930));
#2995 = IFCFACEOUTERBOUND(#2994, .T.);
#2996 = IFCFACE((#2995));
#2997 = IFCPOLYLOOP((#2878, #2868, #2930));
#2998 = IFCFACEOUTERBOUND(#2997, .T.);
#2999 = IFCFACE((#2998));
#3000 = IFCPOLYLOOP((#2930, #2947, #2878));
#3001 = IFCFACEOUTERBOUND(#3000, .T.);
#3002 = IFCFACE((#3001));
#3003 = IFCPOLYLOOP((#2796, #2951, #2947));
#3004 = IFCFACEOUTERBOUND(#3003, .T.);
#3005 = IFCFACE((#3004));
#3006 = IFCPOLYLOOP((#2876, #2878, #2947));
#3007 = IFCFACEOUTERBOUND(#3006, .T.);
#3008 = IFCFACE((#3007));
#3009 = IFCPOLYLOOP((#2947, #2951, #2876));
#3010 = IFCFACEOUTERBOUND(#3009, .T.);
#3011 = IFCFACE((#3010));
#3012 = IFCPOLYLOOP((#2876, #2951, #2966));
#3013 = IFCFACEOUTERBOUND(#3012, .T.);
#3014 = IFCFACE((#3013));
#3015 = IFCPOLYLOOP((#2966, #2877, #2876));
#3016 = IFCFACEOUTERBOUND(#3015, .T.);
#3017 = IFCFACE((#3016));
#3018 = IFCPOLYLOOP((#2966, #2958, #2909));
#3019 = IFCFACEOUTERBOUND(#3018, .T.);
#3020 = IFCFACE((#3019));
#3021 = IFCPOLYLOOP((#2909, #2877, #2966));
#3022 = IFCFACEOUTERBOUND(#3021, .T.);
#3023 = IFCFACE((#3022));
#3024 = IFCPOLYLOOP((#2909, #2958, #2962));
#3025 = IFCFACEOUTERBOUND(#3024, .T.);
#3026 = IFCFACE((#3025));
#3027 = IFCPOLYLOOP((#2962, #2856, #2909));
#3028 = IFCFACEOUTERBOUND(#3027, .T.);
#3029 = IFCFACE((#3028));
#3030 = IFCPOLYLOOP((#2916, #2970, #2974));
#3031 = IFCFACEOUTERBOUND(#3030, .T.);
#3032 = IFCFACE((#3031));
#3033 = IFCPOLYLOOP((#2974, #2857, #2916));
#3034 = IFCFACEOUTERBOUND(#3033, .T.);
#3035 = IFCFACE((#3034));
#3036 = IFCPOLYLOOP((#2764, #2978, #2974));
#3037 = IFCFACEOUTERBOUND(#3036, .T.);
#3038 = IFCFACE((#3037));
#3039 = IFCPOLYLOOP((#2897, #2857, #2974));
#3040 = IFCFACEOUTERBOUND(#3039, .T.);
#3041 = IFCFACE((#3040));
#3042 = IFCPOLYLOOP((#2974, #2978, #2897));
#3043 = IFCFACEOUTERBOUND(#3042, .T.);
#3044 = IFCFACE((#3043));
#3045 = IFCPOLYLOOP((#2970, #2962, #2783));
#3046 = IFCFACEOUTERBOUND(#3045, .T.);
#3047 = IFCFACE((#3046));
#3048 = IFCPOLYLOOP((#2916, #2856, #2962));
#3049 = IFCFACEOUTERBOUND(#3048, .T.);
#3050 = IFCFACE((#3049));
#3051 = IFCPOLYLOOP((#2962, #2970, #2916));
#3052 = IFCFACEOUTERBOUND(#3051, .T.);
#3053 = IFCFACE((#3052));
#3054 = IFCPOLYLOOP((#2978, #2988, #2905));
#3055 = IFCFACEOUTERBOUND(#3054, .T.);
#3056 = IFCFACE((#3055));
#3057 = IFCPOLYLOOP((#2905, #2897, #2978));
#3058 = IFCFACEOUTERBOUND(#3057, .T.);
#3059 = IFCFACE((#3058));
#3060 = IFCPOLYLOOP((#2958, #2966, #2788));
#3061 = IFCFACEOUTERBOUND(#3060, .T.);
#3062 = IFCFACE((#3061));
#3063 = IFCPOLYLOOP((#3064, #2740, #2726));
#3064 = IFCCARTESIANPOINT((2.44053863525391E-1, -2.26711883544922E-1, 1.05836296081543E-3));
#3065 = IFCFACEOUTERBOUND(#3063, .T.);
#3066 = IFCFACE((#3065));
#3067 = IFCPOLYLOOP((#2730, #2708, #3068));
#3068 = IFCCARTESIANPOINT((2.46956634521484E-1, -2.23581878662109E-1, 1.05836296081543E-3));
#3069 = IFCFACEOUTERBOUND(#3067, .T.);
#3070 = IFCFACE((#3069));
#3071 = IFCPOLYLOOP((#3072, #2708, #2707));
#3072 = IFCCARTESIANPOINT((2.50624801635742E-1, -2.21397659301758E-1, 1.05836296081543E-3));
#3073 = IFCFACEOUTERBOUND(#3071, .T.);
#3074 = IFCFACE((#3073));
#3075 = IFCPOLYLOOP((#3068, #2726, #2730));
#3076 = IFCFACEOUTERBOUND(#3075, .T.);
#3077 = IFCFACE((#3076));
#3078 = IFCPOLYLOOP((#2905, #2988, #3064));
#3079 = IFCFACEOUTERBOUND(#3078, .T.);
#3080 = IFCFACE((#3079));
#3081 = IFCPOLYLOOP((#3064, #2888, #2905));
#3082 = IFCFACEOUTERBOUND(#3081, .T.);
#3083 = IFCFACE((#3082));
#3084 = IFCPOLYLOOP((#3064, #2988, #2740));
#3085 = IFCFACEOUTERBOUND(#3084, .T.);
#3086 = IFCFACE((#3085));
#3087 = IFCPOLYLOOP((#2726, #3068, #3064));
#3088 = IFCFACEOUTERBOUND(#3087, .T.);
#3089 = IFCFACE((#3088));
#3090 = IFCPOLYLOOP((#2707, #2712, #3091));
#3091 = IFCCARTESIANPOINT((2.54759536743164E-1, -2.20335342407227E-1, 1.05836296081543E-3));
#3092 = IFCFACEOUTERBOUND(#3090, .T.);
#3093 = IFCFACE((#3092));
#3094 = IFCPOLYLOOP((#2901, #3068, #3072));
#3095 = IFCFACEOUTERBOUND(#3094, .T.);
#3096 = IFCFACE((#3095));
#3097 = IFCPOLYLOOP((#3072, #2892, #2901));
#3098 = IFCFACEOUTERBOUND(#3097, .T.);
#3099 = IFCFACE((#3098));
#3100 = IFCPOLYLOOP((#2707, #3091, #3072));
#3101 = IFCFACEOUTERBOUND(#3100, .T.);
#3102 = IFCFACE((#3101));
#3103 = IFCPOLYLOOP((#2901, #2888, #3064));
#3104 = IFCFACEOUTERBOUND(#3103, .T.);
#3105 = IFCFACE((#3104));
#3106 = IFCPOLYLOOP((#3064, #3068, #2901));
#3107 = IFCFACEOUTERBOUND(#3106, .T.);
#3108 = IFCFACE((#3107));
#3109 = IFCPOLYLOOP((#2712, #2699, #3091));
#3110 = IFCFACEOUTERBOUND(#3109, .T.);
#3111 = IFCFACE((#3110));
#3112 = IFCPOLYLOOP((#2719, #3113, #2703));
#3113 = IFCCARTESIANPOINT((2.63138916015625E-1, -2.2185319519043E-1, 1.05836296081543E-3));
#3114 = IFCFACEOUTERBOUND(#3112, .T.);
#3115 = IFCFACE((#3114));
#3116 = IFCPOLYLOOP((#2719, #2691, #3117));
#3117 = IFCCARTESIANPOINT((2.66678894042969E-1, -2.24337249755859E-1, 1.05836296081543E-3));
#3118 = IFCFACEOUTERBOUND(#3116, .T.);
#3119 = IFCFACE((#3118));
#3120 = IFCPOLYLOOP((#2703, #3121, #2699));
#3121 = IFCCARTESIANPOINT((2.59026092529297E-1, -2.20481140136719E-1, 1.05836296081543E-3));
#3122 = IFCFACEOUTERBOUND(#3120, .T.);
#3123 = IFCFACE((#3122));
#3124 = IFCPOLYLOOP((#2687, #3125, #2695));
#3125 = IFCCARTESIANPOINT((2.69272979736328E-1, -2.27573364257813E-1, 1.05836296081543E-3));
#3126 = IFCFACEOUTERBOUND(#3124, .T.);
#3127 = IFCFACE((#3126));
#3128 = IFCPOLYLOOP((#2676, #3129, #2677));
#3129 = IFCCARTESIANPOINT((2.70913177490234E-1, -2.31515075683594E-1, 1.05836296081543E-3));
#3130 = IFCFACEOUTERBOUND(#3128, .T.);
#3131 = IFCFACE((#3130));
#3132 = IFCPOLYLOOP((#2668, #3133, #2676));
#3133 = IFCCARTESIANPOINT((2.71376159667969E-1, -2.35759078979492E-1, 1.05836296081543E-3));
#3134 = IFCFACEOUTERBOUND(#3132, .T.);
#3135 = IFCFACE((#3134));
#3136 = IFCPOLYLOOP((#2687, #2677, #3129));
#3137 = IFCFACEOUTERBOUND(#3136, .T.);
#3138 = IFCFACE((#3137));
#3139 = IFCPOLYLOOP((#2695, #3117, #2691));
#3140 = IFCFACEOUTERBOUND(#3139, .T.);
#3141 = IFCFACE((#3140));
#3142 = IFCPOLYLOOP((#2668, #2672, #2926));
#3143 = IFCFACEOUTERBOUND(#3142, .T.);
#3144 = IFCFACE((#3143));
#3145 = IFCPOLYLOOP((#2703, #3113, #3121));
#3146 = IFCFACEOUTERBOUND(#3145, .T.);
#3147 = IFCFACE((#3146));
#3148 = IFCPOLYLOOP((#2850, #2893, #3091));
#3149 = IFCFACEOUTERBOUND(#3148, .T.);
#3150 = IFCFACE((#3149));
#3151 = IFCPOLYLOOP((#3091, #3121, #2850));
#3152 = IFCFACEOUTERBOUND(#3151, .T.);
#3153 = IFCFACE((#3152));
#3154 = IFCPOLYLOOP((#3072, #3091, #2893));
#3155 = IFCFACEOUTERBOUND(#3154, .T.);
#3156 = IFCFACE((#3155));
#3157 = IFCPOLYLOOP((#2893, #2892, #3072));
#3158 = IFCFACEOUTERBOUND(#3157, .T.);
#3159 = IFCFACE((#3158));
#3160 = IFCPOLYLOOP((#2851, #2850, #3121));
#3161 = IFCFACEOUTERBOUND(#3160, .T.);
#3162 = IFCFACE((#3161));
#3163 = IFCPOLYLOOP((#3121, #3113, #2851));
#3164 = IFCFACEOUTERBOUND(#3163, .T.);
#3165 = IFCFACE((#3164));
#3166 = IFCPOLYLOOP((#3117, #2852, #2851));
#3167 = IFCFACEOUTERBOUND(#3166, .T.);
#3168 = IFCFACE((#3167));
#3169 = IFCPOLYLOOP((#2851, #3113, #3117));
#3170 = IFCFACEOUTERBOUND(#3169, .T.);
#3171 = IFCFACE((#3170));
#3172 = IFCPOLYLOOP((#2844, #2852, #3117));
#3173 = IFCFACEOUTERBOUND(#3172, .T.);
#3174 = IFCFACE((#3173));
#3175 = IFCPOLYLOOP((#3117, #3125, #2844));
#3176 = IFCFACEOUTERBOUND(#3175, .T.);
#3177 = IFCFACE((#3176));
#3178 = IFCPOLYLOOP((#2695, #3125, #3117));
#3179 = IFCFACEOUTERBOUND(#3178, .T.);
#3180 = IFCFACE((#3179));
#3181 = IFCPOLYLOOP((#2845, #3129, #3133));
#3182 = IFCFACEOUTERBOUND(#3181, .T.);
#3183 = IFCFACE((#3182));
#3184 = IFCPOLYLOOP((#3133, #2846, #2845));
#3185 = IFCFACEOUTERBOUND(#3184, .T.);
#3186 = IFCFACE((#3185));
#3187 = IFCPOLYLOOP((#2676, #3133, #3129));
#3188 = IFCFACEOUTERBOUND(#3187, .T.);
#3189 = IFCFACE((#3188));
#3190 = IFCPOLYLOOP((#2869, #2846, #3133));
#3191 = IFCFACEOUTERBOUND(#3190, .T.);
#3192 = IFCFACE((#3191));
#3193 = IFCPOLYLOOP((#3133, #2926, #2869));
#3194 = IFCFACEOUTERBOUND(#3193, .T.);
#3195 = IFCFACE((#3194));
#3196 = IFCPOLYLOOP((#2845, #2844, #3125));
#3197 = IFCFACEOUTERBOUND(#3196, .T.);
#3198 = IFCFACE((#3197));
#3199 = IFCPOLYLOOP((#3125, #3129, #2845));
#3200 = IFCFACEOUTERBOUND(#3199, .T.);
#3201 = IFCFACE((#3200));
#3202 = IFCPOLYLOOP((#2687, #2695, #2594));
#3203 = IFCFACEOUTERBOUND(#3202, .T.);
#3204 = IFCFACE((#3203));
#3205 = IFCPOLYLOOP((#2639, #2708, #2601));
#3206 = IFCFACEOUTERBOUND(#3205, .T.);
#3207 = IFCFACE((#3206));
#3208 = IFCPOLYLOOP((#2775, #2783, #2620));
#3209 = IFCFACEOUTERBOUND(#3208, .T.);
#3210 = IFCFACE((#3209));
#3211 = IFCPOLYLOOP((#2625, #2811, #2626));
#3212 = IFCFACEOUTERBOUND(#3211, .T.);
#3213 = IFCFACE((#3212));
#3214 = IFCPOLYLOOP((#2822, #2931, #2926));
#3215 = IFCFACEOUTERBOUND(#3214, .T.);
#3216 = IFCFACE((#3215));
#3217 = IFCPOLYLOOP((#2930, #2803, #2807));
#3218 = IFCFACEOUTERBOUND(#3217, .T.);
#3219 = IFCFACE((#3218));
#3220 = IFCPOLYLOOP((#2811, #2947, #2930));
#3221 = IFCFACEOUTERBOUND(#3220, .T.);
#3222 = IFCFACE((#3221));
#3223 = IFCPOLYLOOP((#2815, #2966, #2951));
#3224 = IFCFACEOUTERBOUND(#3223, .T.);
#3225 = IFCFACE((#3224));
#3226 = IFCPOLYLOOP((#2787, #2962, #2958));
#3227 = IFCFACEOUTERBOUND(#3226, .T.);
#3228 = IFCFACE((#3227));
#3229 = IFCPOLYLOOP((#2775, #2974, #2970));
#3230 = IFCFACEOUTERBOUND(#3229, .T.);
#3231 = IFCFACE((#3230));
#3232 = IFCPOLYLOOP((#2988, #2757, #2744));
#3233 = IFCFACEOUTERBOUND(#3232, .T.);
#3234 = IFCFACE((#3233));
#3235 = IFCPOLYLOOP((#2708, #3072, #3068));
#3236 = IFCFACEOUTERBOUND(#3235, .T.);
#3237 = IFCFACE((#3236));
#3238 = IFCPOLYLOOP((#2988, #2744, #2740));
#3239 = IFCFACEOUTERBOUND(#3238, .T.);
#3240 = IFCFACE((#3239));
#3241 = IFCPOLYLOOP((#2699, #3121, #3091));
#3242 = IFCFACEOUTERBOUND(#3241, .T.);
#3243 = IFCFACE((#3242));
#3244 = IFCPOLYLOOP((#2719, #3117, #3113));
#3245 = IFCFACEOUTERBOUND(#3244, .T.);
#3246 = IFCFACE((#3245));
#3247 = IFCPOLYLOOP((#2687, #3129, #3125));
#3248 = IFCFACEOUTERBOUND(#3247, .T.);
#3249 = IFCFACE((#3248));
#3250 = IFCPOLYLOOP((#2668, #2926, #3133));
#3251 = IFCFACEOUTERBOUND(#3250, .T.);
#3252 = IFCFACE((#3251));
#3253 = IFCFACETEDBREP(#2592);
#3254 = IFCSURFACESTYLERENDERING(#3255, 0., #3256, $, $, #3257, #3258, $, .NOTDEFINED.);
#3255 = IFCCOLOURRGB('Surface color', 9.41176488995552E-2, 9.41176488995552E-2, 9.41176488995552E-2);
#3256 = IFCCOLOURRGB('Diffuse color', 9.41176488995552E-2, 9.41176488995552E-2, 9.41176488995552E-2);
#3257 = IFCCOLOURRGB('Reflection color', 1., 1., 1.);
#3258 = IFCCOLOURRGB('Specular color', 1., 1., 1.);
#3259 = IFCSURFACESTYLE('1b3f0722_ecd0_48ac_97f2_5d2a73b6d1e4', .BOTH., (#3254));
#3260 = IFCPRESENTATIONSTYLEASSIGNMENT((#3259));
#3261 = IFCMATERIAL('1b3f0722_ecd0_48ac_97f2_5d2a73b6d1e4');
#3262 = IFCSTYLEDITEM(#3253, (#3260), $);
#3263 = IFCSTYLEDREPRESENTATION(#103, 'Body', $, (#3262));
#3264 = IFCMATERIALDEFINITIONREPRESENTATION($, $, (#3263), #3261);
#3265 = IFCCLOSEDSHELL((#3271, #3275, #3279, #3283, #3289, #3293, #3297, #3300, #3304, #3309, #3312, #3316, #3319, #3322, #3325, #3328, #3331, #3337, #3341, #3345, #3349, #3354, #3357, #3362, #3365, #3370, #3374, #3378, #3381, #3384, #3388, #3392, #3395, #3400, #3403, #3408, #3412, #3415, #3418, #3421, #3424, #3427, #3432, #3435, #3439, #3443, #3446, #3451, #3454, #3457, #3461, #3465, #3469, #3474, #3478, #3481, #3486, #3490, #3494, #3497, #3500, #3503, #3507, #3511, #3514, #3520, #3524, #3528, #3533, #3537, #3541, #3545, #3549, #3555, #3559, #3563, #3567, #3571, #3574, #3579, #3583, #3587, #3590, #3593, #3596, #3600, #3603, #3607, #3610, #3613, #3617, #3621, #3624, #3627, #3630, #3633, #3636, #3639, #3645, #3651, #3655, #3658, #3661, #3667, #3670, #3673, #3679, #3683, #3689, #3693, #3696, #3699, #3705, #3709, #3712, #3715, #3720, #3723, #3727, #3730, #3735, #3738, #3743, #3746, #3749, #3753, #3756, #3759, #3763, #3767, #3770, #3773, #3777, #3781, #3784, #3788, #3791, #3795, #3798, #3803, #3806, #3809, #3814, #3817, #3820, #3823, #3827, #3830, #3834, #3837, #3842, #3845, #3848, #3851, #3855, #3859, #3862, #3865, #3868, #3872, #3875, #3879, #3882, #3885, #3888, #3891, #3894, #3897, #3900, #3903, #3906, #3909, #3912, #3915, #3919, #3923, #3926, #3929, #3932, #3935, #3938, #3942, #3946, #3949, #3953, #3956, #3960, #3964, #3967, #3971, #3974, #3977, #3980, #3983, #3986, #3989, #3992, #3995, #3998, #4001, #4004, #4007, #4010, #4013, #4016, #4019, #4022, #4025, #4028, #4032, #4035, #4039, #4042, #4045, #4048, #4051, #4054, #4057, #4060, #4063, #4066, #4069, #4072, #4075, #4078, #4081, #4084, #4087, #4090, #4093, #4096, #4099, #4102, #4105, #4108, #4111, #4114, #4117, #4120, #4124, #4128, #4132, #4136, #4139, #4142, #4145, #4148, #4151, #4154, #4157, #4160, #4163, #4166, #4169, #4172, #4175, #4178, #4181, #4184, #4187, #4190, #4193, #4196, #4199, #4202, #4205, #4208, #4211, #4214, #4217, #4220, #4223, #4226, #4229, #4232, #4235, #4238, #4241, #4244, #4247));
#3266 = IFCPOLYLOOP((#3267, #3268, #3269));
#3267 = IFCCARTESIANPOINT((-2.41481282511544E-1, -2.24030125893009E-1, 4.10868287076146E-1));
#3268 = IFCCARTESIANPOINT((-1.70709945678246E-1, -2.00532052849627E-1, 4.11783850623851E-1));
#3269 = IFCCARTESIANPOINT((-1.70709945678711E-1, -1.98869135068504E-1, 4.47745422363281E-1));
#3270 = IFCFACEOUTERBOUND(#3266, .T.);
#3271 = IFCFACE((#3270));
#3272 = IFCPOLYLOOP((#3269, #3273, #3267));
#3273 = IFCCARTESIANPOINT((-2.42489515057572E-1, -2.22515883766994E-1, 4.50841032969019E-1));
#3274 = IFCFACEOUTERBOUND(#3272, .T.);
#3275 = IFCFACE((#3274));
#3276 = IFCPOLYLOOP((#3273, #3269, #3277));
#3277 = IFCCARTESIANPOINT((-1.72843043881965E-1, -1.99482215242028E-1, 4.49775909298384E-1));
#3278 = IFCFACEOUTERBOUND(#3276, .T.);
#3279 = IFCFACE((#3278));
#3280 = IFCPOLYLOOP((#3267, #3281, #3268));
#3281 = IFCCARTESIANPOINT((-1.72843050182943E-1, -2.01329905440493E-1, 4.09818603548859E-1));
#3282 = IFCFACEOUTERBOUND(#3280, .T.);
#3283 = IFCFACE((#3282));
#3284 = IFCPOLYLOOP((#3285, #3286, #3287));
#3285 = IFCCARTESIANPOINT((-2.46638885844668E-1, -2.16284062737355E-1, 4.4003763160829E-1));
#3286 = IFCCARTESIANPOINT((-2.48481672682151E-1, -2.13516416549255E-1, 4.22597835800272E-1));
#3287 = IFCCARTESIANPOINT((-2.44834802846659E-1, -2.18993563509179E-1, 4.21380176206243E-1));
#3288 = IFCFACEOUTERBOUND(#3284, .T.);
#3289 = IFCFACE((#3288));
#3290 = IFCPOLYLOOP((#3287, #3291, #3285));
#3291 = IFCCARTESIANPOINT((-2.43305062859744E-1, -2.21291033905811E-1, 4.38567067520182E-1));
#3292 = IFCFACEOUTERBOUND(#3290, .T.);
#3293 = IFCFACE((#3292));
#3294 = IFCPOLYLOOP((#3295, #3267, #3287));
#3295 = IFCCARTESIANPOINT((-2.48569834596717E-1, -2.13384031996545E-1, 4.10376075630896E-1));
#3296 = IFCFACEOUTERBOUND(#3294, .T.);
#3297 = IFCFACE((#3296));
#3298 = IFCPOLYLOOP((#3287, #3286, #3295));
#3299 = IFCFACEOUTERBOUND(#3298, .T.);
#3300 = IFCFACE((#3299));
#3301 = IFCPOLYLOOP((#3286, #3302, #3295));
#3302 = IFCCARTESIANPOINT((-2.49724896425148E-1, -2.11649270679777E-1, 4.12297945550698E-1));
#3303 = IFCFACEOUTERBOUND(#3301, .T.);
#3304 = IFCFACE((#3303));
#3305 = IFCPOLYLOOP((#3273, #3306, #3307));
#3306 = IFCCARTESIANPOINT((-2.49465073350668E-1, -2.12039507518751E-1, 4.5035653494002E-1));
#3307 = IFCCARTESIANPOINT((-2.50530690385587E-1, -2.1043906307842E-1, 4.4828043200651E-1));
#3308 = IFCFACEOUTERBOUND(#3305, .T.);
#3309 = IFCFACE((#3308));
#3310 = IFCPOLYLOOP((#3307, #3285, #3273));
#3311 = IFCFACEOUTERBOUND(#3310, .T.);
#3312 = IFCFACE((#3311));
#3313 = IFCPOLYLOOP((#3286, #3285, #3314));
#3314 = IFCCARTESIANPOINT((-2.50278736787552E-1, -2.10817467884548E-1, 4.37029565528892E-1));
#3315 = IFCFACEOUTERBOUND(#3313, .T.);
#3316 = IFCFACE((#3315));
#3317 = IFCPOLYLOOP((#3307, #3314, #3285));
#3318 = IFCFACEOUTERBOUND(#3317, .T.);
#3319 = IFCFACE((#3318));
#3320 = IFCPOLYLOOP((#3291, #3287, #3267));
#3321 = IFCFACEOUTERBOUND(#3320, .T.);
#3322 = IFCFACE((#3321));
#3323 = IFCPOLYLOOP((#3273, #3285, #3291));
#3324 = IFCFACEOUTERBOUND(#3323, .T.);
#3325 = IFCFACE((#3324));
#3326 = IFCPOLYLOOP((#3273, #3291, #3267));
#3327 = IFCFACEOUTERBOUND(#3326, .T.);
#3328 = IFCFACE((#3327));
#3329 = IFCPOLYLOOP((#3314, #3302, #3286));
#3330 = IFCFACEOUTERBOUND(#3329, .T.);
#3331 = IFCFACE((#3330));
#3332 = IFCPOLYLOOP((#3333, #3334, #3335));
#3333 = IFCCARTESIANPOINT((-1.19443573036164E-1, 1.3203021376662E-1, 4.32444149997741E-1));
#3334 = IFCCARTESIANPOINT((-1.19443572883602E-1, 1.30367281313115E-1, 3.96482569667533E-1));
#3335 = IFCCARTESIANPOINT((-2.06975596392739E-1, 1.6641381811795E-1, 3.92813598724524E-1));
#3336 = IFCFACEOUTERBOUND(#3332, .T.);
#3337 = IFCFACE((#3336));
#3338 = IFCPOLYLOOP((#3335, #3339, #3333));
#3339 = IFCCARTESIANPOINT((-2.06975601196289E-1, 1.68261506868751E-1, 4.32770904541016E-1));
#3340 = IFCFACEOUTERBOUND(#3338, .T.);
#3341 = IFCFACE((#3340));
#3342 = IFCPOLYLOOP((#3333, #3339, #3343));
#3343 = IFCCARTESIANPOINT((-1.21345709780105E-1, 1.32907929756296E-1, 4.34405699677408E-1));
#3344 = IFCFACEOUTERBOUND(#3342, .T.);
#3345 = IFCFACE((#3344));
#3346 = IFCPOLYLOOP((#3347, #3335, #3334));
#3347 = IFCCARTESIANPOINT((-1.2134571509177E-1, 1.31060234041117E-1, 3.94448395210062E-1));
#3348 = IFCFACEOUTERBOUND(#3346, .T.);
#3349 = IFCFACE((#3348));
#3350 = IFCPOLYLOOP((#3335, #3351, #3352));
#3351 = IFCCARTESIANPOINT((-2.06028773389804E-1, 1.63002183129744E-1, 3.92971344729324E-1));
#3352 = IFCCARTESIANPOINT((-2.06028777697313E-1, 1.64849861266288E-1, 4.32928651034131E-1));
#3353 = IFCFACEOUTERBOUND(#3350, .T.);
#3354 = IFCFACE((#3353));
#3355 = IFCPOLYLOOP((#3352, #3339, #3335));
#3356 = IFCFACEOUTERBOUND(#3355, .T.);
#3357 = IFCFACE((#3356));
#3358 = IFCPOLYLOOP((#3359, #3360, #3351));
#3359 = IFCCARTESIANPOINT((-2.04992822029367E-1, 1.59361765612234E-1, 3.95141816027999E-1));
#3360 = IFCCARTESIANPOINT((-2.04992802387742E-1, 1.61024639923813E-1, 4.3110339637833E-1));
#3361 = IFCFACEOUTERBOUND(#3358, .T.);
#3362 = IFCFACE((#3361));
#3363 = IFCPOLYLOOP((#3360, #3352, #3351));
#3364 = IFCFACEOUTERBOUND(#3363, .T.);
#3365 = IFCFACE((#3364));
#3366 = IFCPOLYLOOP((#3367, #3368, #3281));
#3367 = IFCCARTESIANPOINT((-2.22527923583984E-1, -1.94965364621727E-1, 4.09524291992188E-1));
#3368 = IFCCARTESIANPOINT((-2.12449096679688E-1, -1.82022436307518E-1, 4.08925811767578E-1));
#3369 = IFCFACEOUTERBOUND(#3366, .T.);
#3370 = IFCFACE((#3369));
#3371 = IFCPOLYLOOP((#3372, #3281, #3368));
#3372 = IFCCARTESIANPOINT((-2.0186330978103E-1, -1.51620476109744E-1, 4.07519979171885E-1));
#3373 = IFCFACEOUTERBOUND(#3371, .T.);
#3374 = IFCFACE((#3373));
#3375 = IFCPOLYLOOP((#3367, #3267, #3376));
#3376 = IFCCARTESIANPOINT((-2.34787155310103E-1, -2.05216481658018E-1, 4.09998322196007E-1));
#3377 = IFCFACEOUTERBOUND(#3375, .T.);
#3378 = IFCFACE((#3377));
#3379 = IFCPOLYLOOP((#3281, #3267, #3367));
#3380 = IFCFACEOUTERBOUND(#3379, .T.);
#3381 = IFCFACE((#3380));
#3382 = IFCPOLYLOOP((#3267, #3295, #3376));
#3383 = IFCFACEOUTERBOUND(#3382, .T.);
#3384 = IFCFACE((#3383));
#3385 = IFCPOLYLOOP((#3386, #3281, #3372));
#3386 = IFCCARTESIANPOINT((-1.66109950654317E-1, 7.83686571778812E-2, 3.96884940189339E-1));
#3387 = IFCFACEOUTERBOUND(#3385, .T.);
#3388 = IFCFACE((#3387));
#3389 = IFCPOLYLOOP((#3390, #3347, #3386));
#3390 = IFCCARTESIANPOINT((-1.65142150878906E-1, 9.22044084800796E-2, 3.96245147705078E-1));
#3391 = IFCFACEOUTERBOUND(#3389, .T.);
#3392 = IFCFACE((#3391));
#3393 = IFCPOLYLOOP((#3386, #3347, #3281));
#3394 = IFCFACEOUTERBOUND(#3393, .T.);
#3395 = IFCFACE((#3394));
#3396 = IFCPOLYLOOP((#3347, #3397, #3398));
#3397 = IFCCARTESIANPOINT((-1.66504364013672E-1, 1.06240968538673E-1, 3.95596069335938E-1));
#3398 = IFCCARTESIANPOINT((-1.70482162475586E-1, 1.19767488314064E-1, 3.94970581054688E-1));
#3399 = IFCFACEOUTERBOUND(#3396, .T.);
#3400 = IFCFACE((#3399));
#3401 = IFCPOLYLOOP((#3397, #3347, #3390));
#3402 = IFCFACEOUTERBOUND(#3401, .T.);
#3403 = IFCFACE((#3402));
#3404 = IFCPOLYLOOP((#3347, #3405, #3406));
#3405 = IFCCARTESIANPOINT((-1.77006500244141E-1, 1.32272065950783E-1, 3.94392364501953E-1));
#3406 = IFCCARTESIANPOINT((-1.85670791625977E-1, 1.43409334017189E-1, 3.93877349853516E-1));
#3407 = IFCFACEOUTERBOUND(#3404, .T.);
#3408 = IFCFACE((#3407));
#3409 = IFCPOLYLOOP((#3351, #3335, #3410));
#3410 = IFCCARTESIANPOINT((-1.95766744369635E-1, 1.53289042510039E-1, 3.93420508358559E-1));
#3411 = IFCFACEOUTERBOUND(#3409, .T.);
#3412 = IFCFACE((#3411));
#3413 = IFCPOLYLOOP((#3347, #3406, #3410));
#3414 = IFCFACEOUTERBOUND(#3413, .T.);
#3415 = IFCFACE((#3414));
#3416 = IFCPOLYLOOP((#3410, #3335, #3347));
#3417 = IFCFACEOUTERBOUND(#3416, .T.);
#3418 = IFCFACE((#3417));
#3419 = IFCPOLYLOOP((#3405, #3347, #3398));
#3420 = IFCFACEOUTERBOUND(#3419, .T.);
#3421 = IFCFACE((#3420));
#3422 = IFCPOLYLOOP((#3269, #3268, #3334));
#3423 = IFCFACEOUTERBOUND(#3422, .T.);
#3424 = IFCFACE((#3423));
#3425 = IFCPOLYLOOP((#3334, #3333, #3269));
#3426 = IFCFACEOUTERBOUND(#3425, .T.);
#3427 = IFCFACE((#3426));
#3428 = IFCPOLYLOOP((#3429, #3273, #3430));
#3429 = IFCCARTESIANPOINT((-2.35398788528555E-1, -2.03784408997601E-1, 4.49974855650124E-1));
#3430 = IFCCARTESIANPOINT((-2.22527923583984E-1, -1.93117681668846E-1, 4.49481597900391E-1));
#3431 = IFCFACEOUTERBOUND(#3428, .T.);
#3432 = IFCFACE((#3431));
#3433 = IFCPOLYLOOP((#3277, #3430, #3273));
#3434 = IFCFACEOUTERBOUND(#3433, .T.);
#3435 = IFCFACE((#3434));
#3436 = IFCPOLYLOOP((#3437, #3277, #3343));
#3437 = IFCCARTESIANPOINT((-1.8905917710213E-1, -1.45776426176679E-1, 4.47292485825797E-1));
#3438 = IFCFACEOUTERBOUND(#3436, .T.);
#3439 = IFCFACE((#3438));
#3440 = IFCPOLYLOOP((#3441, #3277, #3437));
#3441 = IFCCARTESIANPOINT((-2.12642135620117E-1, -1.80489843534081E-1, 4.48897674560547E-1));
#3442 = IFCFACEOUTERBOUND(#3440, .T.);
#3443 = IFCFACE((#3442));
#3444 = IFCPOLYLOOP((#3430, #3277, #3441));
#3445 = IFCFACEOUTERBOUND(#3444, .T.);
#3446 = IFCFACE((#3445));
#3447 = IFCPOLYLOOP((#3448, #3437, #3449));
#3448 = IFCCARTESIANPOINT((-2.01860490965668E-1, -1.49753736954454E-1, 4.47476336585876E-1));
#3449 = IFCCARTESIANPOINT((-1.66054673856134E-1, 8.05711061588313E-2, 4.36825817357811E-1));
#3450 = IFCFACEOUTERBOUND(#3447, .T.);
#3451 = IFCFACE((#3450));
#3452 = IFCPOLYLOOP((#3429, #3306, #3273));
#3453 = IFCFACEOUTERBOUND(#3452, .T.);
#3454 = IFCFACE((#3453));
#3455 = IFCPOLYLOOP((#3343, #3449, #3437));
#3456 = IFCFACEOUTERBOUND(#3455, .T.);
#3457 = IFCFACE((#3456));
#3458 = IFCPOLYLOOP((#3343, #3459, #3449));
#3459 = IFCCARTESIANPOINT((-1.65298714861626E-1, 8.81791943178282E-2, 4.36473954811102E-1));
#3460 = IFCFACEOUTERBOUND(#3458, .T.);
#3461 = IFCFACE((#3460));
#3462 = IFCPOLYLOOP((#3343, #3463, #3459));
#3463 = IFCCARTESIANPOINT((-1.65193878173828E-1, 9.64046648277358E-2, 4.36093658447266E-1));
#3464 = IFCFACEOUTERBOUND(#3462, .T.);
#3465 = IFCFACE((#3464));
#3466 = IFCPOLYLOOP((#3343, #3467, #3463));
#3467 = IFCCARTESIANPOINT((-1.65922973632813E-1, 1.0460577566758E-1, 4.35714447021484E-1));
#3468 = IFCFACEOUTERBOUND(#3466, .T.);
#3469 = IFCFACE((#3468));
#3470 = IFCPOLYLOOP((#3343, #3471, #3472));
#3471 = IFCCARTESIANPOINT((-1.70049057006836E-1, 1.20520845247658E-1, 4.34978485107422E-1));
#3472 = IFCCARTESIANPOINT((-1.67534683227539E-1, 1.12681733919533E-1, 4.35341003417969E-1));
#3473 = IFCFACEOUTERBOUND(#3470, .T.);
#3474 = IFCFACE((#3473));
#3475 = IFCPOLYLOOP((#3343, #3476, #3471));
#3476 = IFCCARTESIANPOINT((-1.734482421875E-1, 1.28021089388283E-1, 4.34631683349609E-1));
#3477 = IFCFACEOUTERBOUND(#3475, .T.);
#3478 = IFCFACE((#3477));
#3479 = IFCPOLYLOOP((#3472, #3467, #3343));
#3480 = IFCFACEOUTERBOUND(#3479, .T.);
#3481 = IFCFACE((#3480));
#3482 = IFCPOLYLOOP((#3343, #3483, #3484));
#3483 = IFCCARTESIANPOINT((-1.82577438354492E-1, 1.41706270052345E-1, 4.33998840332031E-1));
#3484 = IFCCARTESIANPOINT((-1.7756379699707E-1, 1.34968690706642E-1, 4.34310394287109E-1));
#3485 = IFCFACEOUTERBOUND(#3482, .T.);
#3486 = IFCFACE((#3485));
#3487 = IFCPOLYLOOP((#3343, #3488, #3483));
#3488 = IFCCARTESIANPOINT((-1.88108139038086E-1, 1.47814027620705E-1, 4.33716430664063E-1));
#3489 = IFCFACEOUTERBOUND(#3487, .T.);
#3490 = IFCFACE((#3489));
#3491 = IFCPOLYLOOP((#3492, #3339, #3352));
#3492 = IFCCARTESIANPOINT((-1.94057099077203E-1, 1.5351855076331E-1, 4.33452643105979E-1));
#3493 = IFCFACEOUTERBOUND(#3491, .T.);
#3494 = IFCFACE((#3493));
#3495 = IFCPOLYLOOP((#3492, #3488, #3343));
#3496 = IFCFACEOUTERBOUND(#3495, .T.);
#3497 = IFCFACE((#3496));
#3498 = IFCPOLYLOOP((#3492, #3343, #3339));
#3499 = IFCFACEOUTERBOUND(#3498, .T.);
#3500 = IFCFACE((#3499));
#3501 = IFCPOLYLOOP((#3484, #3476, #3343));
#3502 = IFCFACEOUTERBOUND(#3501, .T.);
#3503 = IFCFACE((#3502));
#3504 = IFCPOLYLOOP((#3437, #3505, #3441));
#3505 = IFCCARTESIANPOINT((-2.0696402373531E-1, -1.67249416859459E-1, 4.4828539397827E-1));
#3506 = IFCFACEOUTERBOUND(#3504, .T.);
#3507 = IFCFACE((#3506));
#3508 = IFCPOLYLOOP((#3437, #3509, #3505));
#3509 = IFCCARTESIANPOINT((-2.0428312129062E-1, -1.58807359857976E-1, 4.47895005684637E-1));
#3510 = IFCFACEOUTERBOUND(#3508, .T.);
#3511 = IFCFACE((#3510));
#3512 = IFCPOLYLOOP((#3437, #3448, #3509));
#3513 = IFCFACEOUTERBOUND(#3512, .T.);
#3514 = IFCFACE((#3513));
#3515 = IFCPOLYLOOP((#3516, #3517, #3518));
#3516 = IFCCARTESIANPOINT((-1.68124340987042E-1, 7.85211673566296E-2, 3.98880009454224E-1));
#3517 = IFCCARTESIANPOINT((-2.03840515136719E-1, -1.50395673917381E-1, 4.27484710693359E-1));
#3518 = IFCCARTESIANPOINT((-2.03845853209891E-1, -1.4959844811063E-1, 4.45466723539103E-1));
#3519 = IFCFACEOUTERBOUND(#3515, .T.);
#3520 = IFCFACE((#3519));
#3521 = IFCPOLYLOOP((#3518, #3522, #3516));
#3522 = IFCCARTESIANPOINT((-1.68117655379299E-1, 8.02274283011097E-2, 4.34838667133982E-1));
#3523 = IFCFACEOUTERBOUND(#3521, .T.);
#3524 = IFCFACE((#3523));
#3525 = IFCPOLYLOOP((#3526, #3517, #3516));
#3526 = IFCCARTESIANPOINT((-2.03846251009752E-1, -1.5126362196679E-1, 4.09506325153154E-1));
#3527 = IFCFACEOUTERBOUND(#3525, .T.);
#3528 = IFCFACE((#3527));
#3529 = IFCPOLYLOOP((#3302, #3530, #3531));
#3530 = IFCCARTESIANPOINT((-2.44355308977756E-1, -2.07840632257478E-1, 4.29284030921948E-1));
#3531 = IFCCARTESIANPOINT((-2.44355457888434E-1, -2.08424776510972E-1, 4.16653489980641E-1));
#3532 = IFCFACEOUTERBOUND(#3529, .T.);
#3533 = IFCFACE((#3532));
#3534 = IFCPOLYLOOP((#3530, #3535, #3531));
#3535 = IFCCARTESIANPOINT((-2.38322722899703E-1, -2.04653276060345E-1, 4.20984034897578E-1));
#3536 = IFCFACEOUTERBOUND(#3534, .T.);
#3537 = IFCFACE((#3536));
#3538 = IFCPOLYLOOP((#3535, #3530, #3539));
#3539 = IFCCARTESIANPOINT((-2.38322723388672E-1, -2.03821817563622E-1, 4.3896484375E-1));
#3540 = IFCFACEOUTERBOUND(#3538, .T.);
#3541 = IFCFACE((#3540));
#3542 = IFCPOLYLOOP((#3543, #3518, #3517));
#3543 = IFCCARTESIANPOINT((-2.05633056640625E-1, -1.58690870450585E-1, 4.45887542724609E-1));
#3544 = IFCFACEOUTERBOUND(#3542, .T.);
#3545 = IFCFACE((#3544));
#3546 = IFCPOLYLOOP((#3547, #3543, #3517));
#3547 = IFCCARTESIANPOINT((-2.08310745239258E-1, -1.67232206510155E-1, 4.46282501220703E-1));
#3548 = IFCFACEOUTERBOUND(#3546, .T.);
#3549 = IFCFACE((#3548));
#3550 = IFCPOLYLOOP((#3551, #3552, #3553));
#3551 = IFCCARTESIANPOINT((-2.16321578979492E-1, -1.82558935330956E-1, 4.469912109375E-1));
#3552 = IFCCARTESIANPOINT((-2.11873580932617E-1, -1.75188230680077E-1, 4.46650390625E-1));
#3553 = IFCCARTESIANPOINT((-2.11873580932617E-1, -1.76851148770897E-1, 4.10688812255859E-1));
#3554 = IFCFACEOUTERBOUND(#3550, .T.);
#3555 = IFCFACE((#3554));
#3556 = IFCPOLYLOOP((#3553, #3557, #3551));
#3557 = IFCCARTESIANPOINT((-2.16321578979492E-1, -1.84221845792381E-1, 4.11029632568359E-1));
#3558 = IFCFACEOUTERBOUND(#3556, .T.);
#3559 = IFCFACE((#3558));
#3560 = IFCPOLYLOOP((#3551, #3557, #3561));
#3561 = IFCCARTESIANPOINT((-2.21654708862305E-1, -1.91007230924217E-1, 4.11343414306641E-1));
#3562 = IFCFACEOUTERBOUND(#3560, .T.);
#3563 = IFCFACE((#3562));
#3564 = IFCPOLYLOOP((#3561, #3565, #3551));
#3565 = IFCCARTESIANPOINT((-2.21654708862305E-1, -1.89344312833397E-1, 4.47304992675781E-1));
#3566 = IFCFACEOUTERBOUND(#3564, .T.);
#3567 = IFCFACE((#3566));
#3568 = IFCPOLYLOOP((#3552, #3547, #3569));
#3569 = IFCCARTESIANPOINT((-2.08310745239258E-1, -1.68895124600975E-1, 4.10320922851563E-1));
#3570 = IFCFACEOUTERBOUND(#3568, .T.);
#3571 = IFCFACE((#3570));
#3572 = IFCPOLYLOOP((#3569, #3553, #3552));
#3573 = IFCFACEOUTERBOUND(#3572, .T.);
#3574 = IFCFACE((#3573));
#3575 = IFCPOLYLOOP((#3539, #3576, #3577));
#3576 = IFCCARTESIANPOINT((-2.34976440429688E-1, -2.0115912453994E-1, 4.47851318359375E-1));
#3577 = IFCCARTESIANPOINT((-2.27873001098633E-1, -1.9554437844619E-1, 4.47591674804688E-1));
#3578 = IFCFACEOUTERBOUND(#3575, .T.);
#3579 = IFCFACE((#3578));
#3580 = IFCPOLYLOOP((#3581, #3576, #3539));
#3581 = IFCCARTESIANPOINT((-2.42965026855469E-1, -2.0618854729995E-1, 4.48083892822266E-1));
#3582 = IFCFACEOUTERBOUND(#3580, .T.);
#3583 = IFCFACE((#3582));
#3584 = IFCPOLYLOOP((#3539, #3585, #3581));
#3585 = IFCCARTESIANPOINT((-2.44355372294386E-1, -2.07177532817361E-1, 4.43624759373473E-1));
#3586 = IFCFACEOUTERBOUND(#3584, .T.);
#3587 = IFCFACE((#3586));
#3588 = IFCPOLYLOOP((#3314, #3585, #3539));
#3589 = IFCFACEOUTERBOUND(#3588, .T.);
#3590 = IFCFACE((#3589));
#3591 = IFCPOLYLOOP((#3539, #3530, #3314));
#3592 = IFCFACEOUTERBOUND(#3591, .T.);
#3593 = IFCFACE((#3592));
#3594 = IFCPOLYLOOP((#3577, #3565, #3561));
#3595 = IFCFACEOUTERBOUND(#3594, .T.);
#3596 = IFCFACE((#3595));
#3597 = IFCPOLYLOOP((#3561, #3598, #3577));
#3598 = IFCCARTESIANPOINT((-2.27873001098633E-1, -1.9720729653701E-1, 4.11630096435547E-1));
#3599 = IFCFACEOUTERBOUND(#3597, .T.);
#3600 = IFCFACE((#3599));
#3601 = IFCPOLYLOOP((#3535, #3539, #3577));
#3602 = IFCFACEOUTERBOUND(#3601, .T.);
#3603 = IFCFACE((#3602));
#3604 = IFCPOLYLOOP((#3526, #3605, #3517));
#3605 = IFCCARTESIANPOINT((-2.05633056640625E-1, -1.60353788541405E-1, 4.09925933837891E-1));
#3606 = IFCFACEOUTERBOUND(#3604, .T.);
#3607 = IFCFACE((#3606));
#3608 = IFCPOLYLOOP((#3569, #3517, #3605));
#3609 = IFCFACEOUTERBOUND(#3608, .T.);
#3610 = IFCFACE((#3609));
#3611 = IFCPOLYLOOP((#3547, #3517, #3569));
#3612 = IFCFACEOUTERBOUND(#3611, .T.);
#3613 = IFCFACE((#3612));
#3614 = IFCPOLYLOOP((#3615, #3531, #3535));
#3615 = IFCCARTESIANPOINT((-2.42963539069343E-1, -2.07850566755403E-1, 4.12122327796279E-1));
#3616 = IFCFACEOUTERBOUND(#3614, .T.);
#3617 = IFCFACE((#3616));
#3618 = IFCPOLYLOOP((#3535, #3619, #3615));
#3619 = IFCCARTESIANPOINT((-2.34976440429688E-1, -2.02822038816063E-1, 4.11889739990234E-1));
#3620 = IFCFACEOUTERBOUND(#3618, .T.);
#3621 = IFCFACE((#3620));
#3622 = IFCPOLYLOOP((#3619, #3535, #3598));
#3623 = IFCFACEOUTERBOUND(#3622, .T.);
#3624 = IFCFACE((#3623));
#3625 = IFCPOLYLOOP((#3535, #3577, #3598));
#3626 = IFCFACEOUTERBOUND(#3625, .T.);
#3627 = IFCFACE((#3626));
#3628 = IFCPOLYLOOP((#3314, #3307, #3585));
#3629 = IFCFACEOUTERBOUND(#3628, .T.);
#3630 = IFCFACE((#3629));
#3631 = IFCPOLYLOOP((#3307, #3581, #3585));
#3632 = IFCFACEOUTERBOUND(#3631, .T.);
#3633 = IFCFACE((#3632));
#3634 = IFCPOLYLOOP((#3314, #3530, #3302));
#3635 = IFCFACEOUTERBOUND(#3634, .T.);
#3636 = IFCFACE((#3635));
#3637 = IFCPOLYLOOP((#3531, #3615, #3302));
#3638 = IFCFACEOUTERBOUND(#3637, .T.);
#3639 = IFCFACE((#3638));
#3640 = IFCPOLYLOOP((#3641, #3642, #3643));
#3641 = IFCCARTESIANPOINT((-1.88383804321289E-1, 1.44722902132423E-1, 4.22847595214844E-1));
#3642 = IFCCARTESIANPOINT((-1.92545771845182E-1, 1.48688934576459E-1, 4.1965778364711E-1));
#3643 = IFCCARTESIANPOINT((-1.88383804321289E-1, 1.44307161165626E-1, 4.13857208251953E-1));
#3644 = IFCFACEOUTERBOUND(#3640, .T.);
#3645 = IFCFACE((#3644));
#3646 = IFCPOLYLOOP((#3647, #3648, #3649));
#3647 = IFCCARTESIANPOINT((-1.84292724609375E-1, 1.39719514681251E-1, 4.140693359375E-1));
#3648 = IFCCARTESIANPOINT((-1.80638793945313E-1, 1.3497995169297E-1, 4.14288513183594E-1));
#3649 = IFCCARTESIANPOINT((-1.80638793945313E-1, 1.35395692659767E-1, 4.23278900146484E-1));
#3650 = IFCFACEOUTERBOUND(#3646, .T.);
#3651 = IFCFACE((#3650));
#3652 = IFCPOLYLOOP((#3649, #3653, #3647));
#3653 = IFCCARTESIANPOINT((-1.84292724609375E-1, 1.40135255648048E-1, 4.23059753417969E-1));
#3654 = IFCFACEOUTERBOUND(#3652, .T.);
#3655 = IFCFACE((#3654));
#3656 = IFCPOLYLOOP((#3643, #3647, #3653));
#3657 = IFCFACEOUTERBOUND(#3656, .T.);
#3658 = IFCFACE((#3657));
#3659 = IFCPOLYLOOP((#3653, #3641, #3643));
#3660 = IFCFACEOUTERBOUND(#3659, .T.);
#3661 = IFCFACE((#3660));
#3662 = IFCPOLYLOOP((#3663, #3664, #3665));
#3663 = IFCCARTESIANPOINT((-1.77421997070313E-1, 1.3050421316758E-1, 4.23505096435547E-1));
#3664 = IFCCARTESIANPOINT((-1.77421997070313E-1, 1.30088502718361E-1, 4.14514709472656E-1));
#3665 = IFCCARTESIANPOINT((-1.7464816329319E-1, 1.25471283284384E-1, 4.23712595345617E-1));
#3666 = IFCFACEOUTERBOUND(#3662, .T.);
#3667 = IFCFACE((#3666));
#3668 = IFCPOLYLOOP((#3664, #3663, #3649));
#3669 = IFCFACEOUTERBOUND(#3668, .T.);
#3670 = IFCFACE((#3669));
#3671 = IFCPOLYLOOP((#3649, #3648, #3664));
#3672 = IFCFACEOUTERBOUND(#3671, .T.);
#3673 = IFCFACE((#3672));
#3674 = IFCPOLYLOOP((#3675, #3676, #3677));
#3675 = IFCCARTESIANPOINT((-1.7230500793457E-1, 1.19862642122658E-1, 4.14987548828125E-1));
#3676 = IFCCARTESIANPOINT((-1.70402679443359E-1, 1.14528962923439E-1, 4.15234191894531E-1));
#3677 = IFCCARTESIANPOINT((-1.70402679443359E-1, 1.14944703890236E-1, 4.24224578857422E-1));
#3678 = IFCFACEOUTERBOUND(#3674, .T.);
#3679 = IFCFACE((#3678));
#3680 = IFCPOLYLOOP((#3677, #3681, #3675));
#3681 = IFCCARTESIANPOINT((-1.7230500793457E-1, 1.20278383089455E-1, 4.23977966308594E-1));
#3682 = IFCFACEOUTERBOUND(#3680, .T.);
#3683 = IFCFACE((#3682));
#3684 = IFCPOLYLOOP((#3685, #3686, #3687));
#3685 = IFCCARTESIANPOINT((-1.67903121948242E-1, 1.03408143831642E-1, 4.15748443603516E-1));
#3686 = IFCCARTESIANPOINT((-1.67903121948242E-1, 1.03823884798439E-1, 4.24738830566406E-1));
#3687 = IFCCARTESIANPOINT((-1.6893537902832E-1, 1.09459871126564E-1, 4.24478210449219E-1));
#3688 = IFCFACEOUTERBOUND(#3684, .T.);
#3689 = IFCFACE((#3688));
#3690 = IFCPOLYLOOP((#3687, #3691, #3685));
#3691 = IFCCARTESIANPOINT((-1.6893537902832E-1, 1.09044160677345E-1, 4.15487823486328E-1));
#3692 = IFCFACEOUTERBOUND(#3690, .T.);
#3693 = IFCFACE((#3692));
#3694 = IFCPOLYLOOP((#3691, #3687, #3677));
#3695 = IFCFACEOUTERBOUND(#3694, .T.);
#3696 = IFCFACE((#3695));
#3697 = IFCPOLYLOOP((#3677, #3676, #3691));
#3698 = IFCFACEOUTERBOUND(#3697, .T.);
#3699 = IFCFACE((#3698));
#3700 = IFCPOLYLOOP((#3701, #3702, #3703));
#3701 = IFCCARTESIANPOINT((-1.67143676757813E-1, 9.16826799644546E-2, 4.16290649414063E-1));
#3702 = IFCCARTESIANPOINT((-1.67143676757813E-1, 9.20983904136733E-2, 4.25281036376953E-1));
#3703 = IFCCARTESIANPOINT((-1.67305877685547E-1, 9.80367143882827E-2, 4.25006439208984E-1));
#3704 = IFCFACEOUTERBOUND(#3700, .T.);
#3705 = IFCFACE((#3704));
#3706 = IFCPOLYLOOP((#3703, #3707, #3701));
#3707 = IFCCARTESIANPOINT((-1.67305877685547E-1, 9.76210039390639E-2, 4.16016052246094E-1));
#3708 = IFCFACEOUTERBOUND(#3706, .T.);
#3709 = IFCFACE((#3708));
#3710 = IFCPOLYLOOP((#3707, #3703, #3686));
#3711 = IFCFACEOUTERBOUND(#3710, .T.);
#3712 = IFCFACE((#3711));
#3713 = IFCPOLYLOOP((#3686, #3685, #3707));
#3714 = IFCFACEOUTERBOUND(#3713, .T.);
#3715 = IFCFACE((#3714));
#3716 = IFCPOLYLOOP((#3717, #3718, #3702));
#3717 = IFCCARTESIANPOINT((-1.6741650390625E-1, 8.55931719078139E-2, 4.16572235107422E-1));
#3718 = IFCCARTESIANPOINT((-1.6741650390625E-1, 8.60089128746108E-2, 4.25562622070313E-1));
#3719 = IFCFACEOUTERBOUND(#3716, .T.);
#3720 = IFCFACE((#3719));
#3721 = IFCPOLYLOOP((#3702, #3701, #3717));
#3722 = IFCFACEOUTERBOUND(#3721, .T.);
#3723 = IFCFACE((#3722));
#3724 = IFCPOLYLOOP((#3725, #3642, #3641));
#3725 = IFCCARTESIANPOINT((-1.9183248060722E-1, 1.48568917201575E-1, 4.31685400793814E-1));
#3726 = IFCFACEOUTERBOUND(#3724, .T.);
#3727 = IFCFACE((#3726));
#3728 = IFCPOLYLOOP((#3642, #3725, #3360));
#3729 = IFCFACEOUTERBOUND(#3728, .T.);
#3730 = IFCFACE((#3729));
#3731 = IFCPOLYLOOP((#3732, #3733, #3641));
#3732 = IFCCARTESIANPOINT((-1.84963485717773E-1, 1.41348787142189E-1, 4.32013244628906E-1));
#3733 = IFCCARTESIANPOINT((-1.88246704101563E-1, 1.44994783235939E-1, 4.31844635009766E-1));
#3734 = IFCFACEOUTERBOUND(#3731, .T.);
#3735 = IFCFACE((#3734));
#3736 = IFCPOLYLOOP((#3641, #3653, #3732));
#3737 = IFCFACEOUTERBOUND(#3736, .T.);
#3738 = IFCFACE((#3737));
#3739 = IFCPOLYLOOP((#3649, #3740, #3741));
#3740 = IFCCARTESIANPOINT((-1.79229232788086E-1, 1.33767610384376E-1, 4.32363800048828E-1));
#3741 = IFCCARTESIANPOINT((-1.81957672119141E-1, 1.37606386019142E-1, 4.32186309814453E-1));
#3742 = IFCFACEOUTERBOUND(#3739, .T.);
#3743 = IFCFACE((#3742));
#3744 = IFCPOLYLOOP((#3741, #3732, #3653));
#3745 = IFCFACEOUTERBOUND(#3744, .T.);
#3746 = IFCFACE((#3745));
#3747 = IFCPOLYLOOP((#3653, #3649, #3741));
#3748 = IFCFACEOUTERBOUND(#3747, .T.);
#3749 = IFCFACE((#3748));
#3750 = IFCPOLYLOOP((#3663, #3751, #3740));
#3751 = IFCCARTESIANPOINT((-1.76778198242188E-1, 1.29832429720314E-1, 4.32545776367188E-1));
#3752 = IFCFACEOUTERBOUND(#3750, .T.);
#3753 = IFCFACE((#3752));
#3754 = IFCPOLYLOOP((#3740, #3649, #3663));
#3755 = IFCFACEOUTERBOUND(#3754, .T.);
#3756 = IFCFACE((#3755));
#3757 = IFCPOLYLOOP((#3360, #3359, #3642));
#3758 = IFCFACEOUTERBOUND(#3757, .T.);
#3759 = IFCFACE((#3758));
#3760 = IFCPOLYLOOP((#3761, #3647, #3643));
#3761 = IFCCARTESIANPOINT((-1.84963485717773E-1, 1.39685884310158E-1, 3.96051666259766E-1));
#3762 = IFCFACEOUTERBOUND(#3760, .T.);
#3763 = IFCFACE((#3762));
#3764 = IFCPOLYLOOP((#3643, #3765, #3761));
#3765 = IFCCARTESIANPOINT((-1.91807385995073E-1, 1.46881596662353E-1, 3.95718920103671E-1));
#3766 = IFCFACEOUTERBOUND(#3764, .T.);
#3767 = IFCFACE((#3766));
#3768 = IFCPOLYLOOP((#3642, #3765, #3643));
#3769 = IFCFACEOUTERBOUND(#3768, .T.);
#3770 = IFCFACE((#3769));
#3771 = IFCPOLYLOOP((#3648, #3647, #3761));
#3772 = IFCFACEOUTERBOUND(#3771, .T.);
#3773 = IFCFACE((#3772));
#3774 = IFCPOLYLOOP((#3761, #3775, #3648));
#3775 = IFCCARTESIANPOINT((-1.79229232788086E-1, 1.32104707552345E-1, 3.96402221679688E-1));
#3776 = IFCFACEOUTERBOUND(#3774, .T.);
#3777 = IFCFACE((#3776));
#3778 = IFCPOLYLOOP((#3665, #3779, #3751));
#3779 = IFCCARTESIANPOINT((-1.74604537963867E-1, 1.25800874544533E-1, 4.32732208251953E-1));
#3780 = IFCFACEOUTERBOUND(#3778, .T.);
#3781 = IFCFACE((#3780));
#3782 = IFCPOLYLOOP((#3751, #3663, #3665));
#3783 = IFCFACEOUTERBOUND(#3782, .T.);
#3784 = IFCFACE((#3783));
#3785 = IFCPOLYLOOP((#3664, #3775, #3786));
#3786 = IFCCARTESIANPOINT((-1.74604537963867E-1, 1.24137971712501E-1, 3.96770629882813E-1));
#3787 = IFCFACEOUTERBOUND(#3785, .T.);
#3788 = IFCFACE((#3787));
#3789 = IFCPOLYLOOP((#3775, #3664, #3648));
#3790 = IFCFACEOUTERBOUND(#3789, .T.);
#3791 = IFCFACE((#3790));
#3792 = IFCPOLYLOOP((#3665, #3681, #3793));
#3793 = IFCCARTESIANPOINT((-1.72708267211914E-1, 1.21672944857033E-1, 4.32923095703125E-1));
#3794 = IFCFACEOUTERBOUND(#3792, .T.);
#3795 = IFCFACE((#3794));
#3796 = IFCPOLYLOOP((#3793, #3779, #3665));
#3797 = IFCFACEOUTERBOUND(#3796, .T.);
#3798 = IFCFACE((#3797));
#3799 = IFCPOLYLOOP((#3677, #3800, #3801));
#3800 = IFCCARTESIANPOINT((-1.69747909545898E-1, 1.1312790091172E-1, 4.33318206787109E-1));
#3801 = IFCCARTESIANPOINT((-1.71089401245117E-1, 1.17448610140236E-1, 4.33118438720703E-1));
#3802 = IFCFACEOUTERBOUND(#3799, .T.);
#3803 = IFCFACE((#3802));
#3804 = IFCPOLYLOOP((#3801, #3793, #3681));
#3805 = IFCFACEOUTERBOUND(#3804, .T.);
#3806 = IFCFACE((#3805));
#3807 = IFCPOLYLOOP((#3681, #3677, #3801));
#3808 = IFCFACEOUTERBOUND(#3807, .T.);
#3809 = IFCFACE((#3808));
#3810 = IFCPOLYLOOP((#3686, #3811, #3812));
#3811 = IFCCARTESIANPOINT((-1.67897094726563E-1, 1.04197267366798E-1, 4.33731170654297E-1));
#3812 = IFCCARTESIANPOINT((-1.68683807373047E-1, 1.08710786653908E-1, 4.335224609375E-1));
#3813 = IFCFACEOUTERBOUND(#3810, .T.);
#3814 = IFCFACE((#3813));
#3815 = IFCPOLYLOOP((#3812, #3687, #3686));
#3816 = IFCFACEOUTERBOUND(#3815, .T.);
#3817 = IFCFACE((#3816));
#3818 = IFCPOLYLOOP((#3687, #3812, #3800));
#3819 = IFCFACEOUTERBOUND(#3818, .T.);
#3820 = IFCFACE((#3819));
#3821 = IFCPOLYLOOP((#3800, #3677, #3687));
#3822 = IFCFACEOUTERBOUND(#3821, .T.);
#3823 = IFCFACE((#3822));
#3824 = IFCPOLYLOOP((#3825, #3811, #3686));
#3825 = IFCCARTESIANPOINT((-1.67387771606445E-1, 9.95874040855483E-2, 4.33944366455078E-1));
#3826 = IFCFACEOUTERBOUND(#3824, .T.);
#3827 = IFCFACE((#3826));
#3828 = IFCPOLYLOOP((#3686, #3703, #3825));
#3829 = IFCFACEOUTERBOUND(#3828, .T.);
#3830 = IFCFACE((#3829));
#3831 = IFCPOLYLOOP((#3703, #3702, #3832));
#3832 = IFCCARTESIANPOINT((-1.67155838012695E-1, 9.48811357750014E-2, 4.34161987304688E-1));
#3833 = IFCFACEOUTERBOUND(#3831, .T.);
#3834 = IFCFACE((#3833));
#3835 = IFCPOLYLOOP((#3832, #3825, #3703));
#3836 = IFCFACEOUTERBOUND(#3835, .T.);
#3837 = IFCFACE((#3836));
#3838 = IFCPOLYLOOP((#3718, #3839, #3840));
#3839 = IFCCARTESIANPOINT((-1.67525712296602E-1, 8.51625486647531E-2, 4.3461339551038E-1));
#3840 = IFCCARTESIANPOINT((-1.67201293945313E-1, 9.00784624351577E-2, 4.34384063720703E-1));
#3841 = IFCFACEOUTERBOUND(#3838, .T.);
#3842 = IFCFACE((#3841));
#3843 = IFCPOLYLOOP((#3840, #3702, #3718));
#3844 = IFCFACEOUTERBOUND(#3843, .T.);
#3845 = IFCFACE((#3844));
#3846 = IFCPOLYLOOP((#3840, #3832, #3702));
#3847 = IFCFACEOUTERBOUND(#3846, .T.);
#3848 = IFCFACE((#3847));
#3849 = IFCPOLYLOOP((#3522, #3839, #3718));
#3850 = IFCFACEOUTERBOUND(#3849, .T.);
#3851 = IFCFACE((#3850));
#3852 = IFCPOLYLOOP((#3853, #3676, #3675));
#3853 = IFCCARTESIANPOINT((-1.71089401245117E-1, 1.15785676790626E-1, 3.97156860351563E-1));
#3854 = IFCFACEOUTERBOUND(#3852, .T.);
#3855 = IFCFACE((#3854));
#3856 = IFCPOLYLOOP((#3857, #3685, #3691));
#3857 = IFCCARTESIANPOINT((-1.68683807373047E-1, 1.07047853304298E-1, 3.97560882568359E-1));
#3858 = IFCFACEOUTERBOUND(#3856, .T.);
#3859 = IFCFACE((#3858));
#3860 = IFCPOLYLOOP((#3676, #3853, #3857));
#3861 = IFCFACEOUTERBOUND(#3860, .T.);
#3862 = IFCFACE((#3861));
#3863 = IFCPOLYLOOP((#3857, #3691, #3676));
#3864 = IFCFACEOUTERBOUND(#3863, .T.);
#3865 = IFCFACE((#3864));
#3866 = IFCPOLYLOOP((#3675, #3665, #3786));
#3867 = IFCFACEOUTERBOUND(#3866, .T.);
#3868 = IFCFACE((#3867));
#3869 = IFCPOLYLOOP((#3870, #3707, #3685));
#3870 = IFCCARTESIANPOINT((-1.67387771606445E-1, 9.79244707359389E-2, 3.97982788085938E-1));
#3871 = IFCFACEOUTERBOUND(#3869, .T.);
#3872 = IFCFACE((#3871));
#3873 = IFCPOLYLOOP((#3685, #3857, #3870));
#3874 = IFCFACEOUTERBOUND(#3873, .T.);
#3875 = IFCFACE((#3874));
#3876 = IFCPOLYLOOP((#3870, #3877, #3701));
#3877 = IFCCARTESIANPOINT((-1.67201293945313E-1, 8.84155596031264E-2, 3.98422485351563E-1));
#3878 = IFCFACEOUTERBOUND(#3876, .T.);
#3879 = IFCFACE((#3878));
#3880 = IFCPOLYLOOP((#3701, #3707, #3870));
#3881 = IFCFACEOUTERBOUND(#3880, .T.);
#3882 = IFCFACE((#3881));
#3883 = IFCPOLYLOOP((#3701, #3877, #3717));
#3884 = IFCFACEOUTERBOUND(#3883, .T.);
#3885 = IFCFACE((#3884));
#3886 = IFCPOLYLOOP((#3516, #3718, #3717));
#3887 = IFCFACEOUTERBOUND(#3886, .T.);
#3888 = IFCFACE((#3887));
#3889 = IFCPOLYLOOP((#3516, #3522, #3718));
#3890 = IFCFACEOUTERBOUND(#3889, .T.);
#3891 = IFCFACE((#3890));
#3892 = IFCPOLYLOOP((#3681, #3665, #3675));
#3893 = IFCFACEOUTERBOUND(#3892, .T.);
#3894 = IFCFACE((#3893));
#3895 = IFCPOLYLOOP((#3725, #3641, #3733));
#3896 = IFCFACEOUTERBOUND(#3895, .T.);
#3897 = IFCFACE((#3896));
#3898 = IFCPOLYLOOP((#3359, #3765, #3642));
#3899 = IFCFACEOUTERBOUND(#3898, .T.);
#3900 = IFCFACE((#3899));
#3901 = IFCPOLYLOOP((#3664, #3786, #3665));
#3902 = IFCFACEOUTERBOUND(#3901, .T.);
#3903 = IFCFACE((#3902));
#3904 = IFCPOLYLOOP((#3675, #3786, #3853));
#3905 = IFCFACEOUTERBOUND(#3904, .T.);
#3906 = IFCFACE((#3905));
#3907 = IFCPOLYLOOP((#3516, #3717, #3877));
#3908 = IFCFACEOUTERBOUND(#3907, .T.);
#3909 = IFCFACE((#3908));
#3910 = IFCPOLYLOOP((#3449, #3522, #3518));
#3911 = IFCFACEOUTERBOUND(#3910, .T.);
#3912 = IFCFACE((#3911));
#3913 = IFCPOLYLOOP((#3518, #3448, #3449));
#3914 = IFCFACEOUTERBOUND(#3913, .T.);
#3915 = IFCFACE((#3914));
#3916 = IFCPOLYLOOP((#3917, #3839, #3522));
#3917 = IFCCARTESIANPOINT((-1.65933487037444E-1, 8.39834299627208E-2, 4.36376562155427E-1));
#3918 = IFCFACEOUTERBOUND(#3916, .T.);
#3919 = IFCFACE((#3918));
#3920 = IFCPOLYLOOP((#3921, #3839, #3917));
#3921 = IFCCARTESIANPOINT((-1.66576744859445E-1, 8.82242821301251E-2, 4.35185262547862E-1));
#3922 = IFCFACEOUTERBOUND(#3920, .T.);
#3923 = IFCFACE((#3922));
#3924 = IFCPOLYLOOP((#3917, #3459, #3921));
#3925 = IFCFACEOUTERBOUND(#3924, .T.);
#3926 = IFCFACE((#3925));
#3927 = IFCPOLYLOOP((#3492, #3360, #3725));
#3928 = IFCFACEOUTERBOUND(#3927, .T.);
#3929 = IFCFACE((#3928));
#3930 = IFCPOLYLOOP((#3492, #3352, #3360));
#3931 = IFCFACEOUTERBOUND(#3930, .T.);
#3932 = IFCFACE((#3931));
#3933 = IFCPOLYLOOP((#3921, #3840, #3839));
#3934 = IFCFACEOUTERBOUND(#3933, .T.);
#3935 = IFCFACE((#3934));
#3936 = IFCPOLYLOOP((#3921, #3832, #3840));
#3937 = IFCFACEOUTERBOUND(#3936, .T.);
#3938 = IFCFACE((#3937));
#3939 = IFCPOLYLOOP((#3825, #3832, #3940));
#3940 = IFCCARTESIANPOINT((-1.66193298339844E-1, 9.63221147789077E-2, 4.35096405029297E-1));
#3941 = IFCFACEOUTERBOUND(#3939, .T.);
#3942 = IFCFACE((#3941));
#3943 = IFCPOLYLOOP((#3812, #3811, #3944));
#3944 = IFCCARTESIANPOINT((-1.66912933349609E-1, 1.04418794466408E-1, 4.34722015380859E-1));
#3945 = IFCFACEOUTERBOUND(#3943, .T.);
#3946 = IFCFACE((#3945));
#3947 = IFCPOLYLOOP((#3811, #3825, #3944));
#3948 = IFCFACEOUTERBOUND(#3947, .T.);
#3949 = IFCFACE((#3948));
#3950 = IFCPOLYLOOP((#3800, #3812, #3951));
#3951 = IFCCARTESIANPOINT((-1.68502777099609E-1, 1.12385316683205E-1, 4.34353637695313E-1));
#3952 = IFCFACEOUTERBOUND(#3950, .T.);
#3953 = IFCFACE((#3952));
#3954 = IFCPOLYLOOP((#3951, #3801, #3800));
#3955 = IFCFACEOUTERBOUND(#3954, .T.);
#3956 = IFCFACE((#3955));
#3957 = IFCPOLYLOOP((#3958, #3793, #3801));
#3958 = IFCCARTESIANPOINT((-1.70982284545898E-1, 1.20115571810158E-1, 4.33996154785156E-1));
#3959 = IFCFACEOUTERBOUND(#3957, .T.);
#3960 = IFCFACE((#3959));
#3961 = IFCPOLYLOOP((#3962, #3751, #3779));
#3962 = IFCCARTESIANPOINT((-1.74334671020508E-1, 1.27512727571876E-1, 4.33654113769531E-1));
#3963 = IFCFACEOUTERBOUND(#3961, .T.);
#3964 = IFCFACE((#3963));
#3965 = IFCPOLYLOOP((#3793, #3958, #3962));
#3966 = IFCFACEOUTERBOUND(#3965, .T.);
#3967 = IFCFACE((#3966));
#3968 = IFCPOLYLOOP((#3740, #3751, #3969));
#3969 = IFCCARTESIANPOINT((-1.78396270751953E-1, 1.34368898226173E-1, 4.33337066650391E-1));
#3970 = IFCFACEOUTERBOUND(#3968, .T.);
#3971 = IFCFACE((#3970));
#3972 = IFCPOLYLOOP((#3917, #3522, #3449));
#3973 = IFCFACEOUTERBOUND(#3972, .T.);
#3974 = IFCFACE((#3973));
#3975 = IFCPOLYLOOP((#3459, #3463, #3940));
#3976 = IFCFACEOUTERBOUND(#3975, .T.);
#3977 = IFCFACE((#3976));
#3978 = IFCPOLYLOOP((#3940, #3921, #3459));
#3979 = IFCFACEOUTERBOUND(#3978, .T.);
#3980 = IFCFACE((#3979));
#3981 = IFCPOLYLOOP((#3825, #3940, #3944));
#3982 = IFCFACEOUTERBOUND(#3981, .T.);
#3983 = IFCFACE((#3982));
#3984 = IFCPOLYLOOP((#3944, #3940, #3463));
#3985 = IFCFACEOUTERBOUND(#3984, .T.);
#3986 = IFCFACE((#3985));
#3987 = IFCPOLYLOOP((#3463, #3467, #3944));
#3988 = IFCFACEOUTERBOUND(#3987, .T.);
#3989 = IFCFACE((#3988));
#3990 = IFCPOLYLOOP((#3958, #3951, #3472));
#3991 = IFCFACEOUTERBOUND(#3990, .T.);
#3992 = IFCFACE((#3991));
#3993 = IFCPOLYLOOP((#3472, #3471, #3958));
#3994 = IFCFACEOUTERBOUND(#3993, .T.);
#3995 = IFCFACE((#3994));
#3996 = IFCPOLYLOOP((#3801, #3951, #3958));
#3997 = IFCFACEOUTERBOUND(#3996, .T.);
#3998 = IFCFACE((#3997));
#3999 = IFCPOLYLOOP((#3962, #3476, #3484));
#4000 = IFCFACEOUTERBOUND(#3999, .T.);
#4001 = IFCFACE((#4000));
#4002 = IFCPOLYLOOP((#3484, #3969, #3962));
#4003 = IFCFACEOUTERBOUND(#4002, .T.);
#4004 = IFCFACE((#4003));
#4005 = IFCPOLYLOOP((#3751, #3962, #3969));
#4006 = IFCFACEOUTERBOUND(#4005, .T.);
#4007 = IFCFACE((#4006));
#4008 = IFCPOLYLOOP((#3476, #3962, #3958));
#4009 = IFCFACEOUTERBOUND(#4008, .T.);
#4010 = IFCFACE((#4009));
#4011 = IFCPOLYLOOP((#3958, #3471, #3476));
#4012 = IFCFACEOUTERBOUND(#4011, .T.);
#4013 = IFCFACE((#4012));
#4014 = IFCPOLYLOOP((#3951, #3812, #3944));
#4015 = IFCFACEOUTERBOUND(#4014, .T.);
#4016 = IFCFACE((#4015));
#4017 = IFCPOLYLOOP((#3951, #3944, #3467));
#4018 = IFCFACEOUTERBOUND(#4017, .T.);
#4019 = IFCFACE((#4018));
#4020 = IFCPOLYLOOP((#3467, #3472, #3951));
#4021 = IFCFACEOUTERBOUND(#4020, .T.);
#4022 = IFCFACE((#4021));
#4023 = IFCPOLYLOOP((#3449, #3459, #3917));
#4024 = IFCFACEOUTERBOUND(#4023, .T.);
#4025 = IFCFACE((#4024));
#4026 = IFCPOLYLOOP((#3969, #3741, #3740));
#4027 = IFCFACEOUTERBOUND(#4026, .T.);
#4028 = IFCFACE((#4027));
#4029 = IFCPOLYLOOP((#4030, #3732, #3741));
#4030 = IFCCARTESIANPOINT((-1.83349182128906E-1, 1.41024782015236E-1, 4.33029296875E-1));
#4031 = IFCFACEOUTERBOUND(#4029, .T.);
#4032 = IFCFACE((#4031));
#4033 = IFCPOLYLOOP((#3732, #4030, #3733));
#4034 = IFCFACEOUTERBOUND(#4033, .T.);
#4035 = IFCFACE((#4034));
#4036 = IFCPOLYLOOP((#4037, #3725, #3733));
#4037 = IFCCARTESIANPOINT((-1.888193359375E-1, 1.47065706087501E-1, 4.32749969482422E-1));
#4038 = IFCFACEOUTERBOUND(#4036, .T.);
#4039 = IFCFACE((#4038));
#4040 = IFCPOLYLOOP((#3492, #3725, #4037));
#4041 = IFCFACEOUTERBOUND(#4040, .T.);
#4042 = IFCFACE((#4041));
#4043 = IFCPOLYLOOP((#4037, #3488, #3492));
#4044 = IFCFACEOUTERBOUND(#4043, .T.);
#4045 = IFCFACE((#4044));
#4046 = IFCPOLYLOOP((#3488, #4037, #4030));
#4047 = IFCFACEOUTERBOUND(#4046, .T.);
#4048 = IFCFACE((#4047));
#4049 = IFCPOLYLOOP((#4030, #3483, #3488));
#4050 = IFCFACEOUTERBOUND(#4049, .T.);
#4051 = IFCFACE((#4050));
#4052 = IFCPOLYLOOP((#3969, #3484, #3483));
#4053 = IFCFACEOUTERBOUND(#4052, .T.);
#4054 = IFCFACE((#4053));
#4055 = IFCPOLYLOOP((#3483, #4030, #3969));
#4056 = IFCFACEOUTERBOUND(#4055, .T.);
#4057 = IFCFACE((#4056));
#4058 = IFCPOLYLOOP((#3741, #3969, #4030));
#4059 = IFCFACEOUTERBOUND(#4058, .T.);
#4060 = IFCFACE((#4059));
#4061 = IFCPOLYLOOP((#3793, #3962, #3779));
#4062 = IFCFACEOUTERBOUND(#4061, .T.);
#4063 = IFCFACE((#4062));
#4064 = IFCPOLYLOOP((#4030, #4037, #3733));
#4065 = IFCFACEOUTERBOUND(#4064, .T.);
#4066 = IFCFACE((#4065));
#4067 = IFCPOLYLOOP((#3921, #3940, #3832));
#4068 = IFCFACEOUTERBOUND(#4067, .T.);
#4069 = IFCFACE((#4068));
#4070 = IFCPOLYLOOP((#3509, #3448, #3518));
#4071 = IFCFACEOUTERBOUND(#4070, .T.);
#4072 = IFCFACE((#4071));
#4073 = IFCPOLYLOOP((#3505, #3509, #3543));
#4074 = IFCFACEOUTERBOUND(#4073, .T.);
#4075 = IFCFACE((#4074));
#4076 = IFCPOLYLOOP((#3518, #3543, #3509));
#4077 = IFCFACEOUTERBOUND(#4076, .T.);
#4078 = IFCFACE((#4077));
#4079 = IFCPOLYLOOP((#3552, #3505, #3547));
#4080 = IFCFACEOUTERBOUND(#4079, .T.);
#4081 = IFCFACE((#4080));
#4082 = IFCPOLYLOOP((#3543, #3547, #3505));
#4083 = IFCFACEOUTERBOUND(#4082, .T.);
#4084 = IFCFACE((#4083));
#4085 = IFCPOLYLOOP((#3551, #3441, #3552));
#4086 = IFCFACEOUTERBOUND(#4085, .T.);
#4087 = IFCFACE((#4086));
#4088 = IFCPOLYLOOP((#3505, #3552, #3441));
#4089 = IFCFACEOUTERBOUND(#4088, .T.);
#4090 = IFCFACE((#4089));
#4091 = IFCPOLYLOOP((#3430, #3551, #3565));
#4092 = IFCFACEOUTERBOUND(#4091, .T.);
#4093 = IFCFACE((#4092));
#4094 = IFCPOLYLOOP((#3565, #3577, #3430));
#4095 = IFCFACEOUTERBOUND(#4094, .T.);
#4096 = IFCFACE((#4095));
#4097 = IFCPOLYLOOP((#3429, #3430, #3577));
#4098 = IFCFACEOUTERBOUND(#4097, .T.);
#4099 = IFCFACE((#4098));
#4100 = IFCPOLYLOOP((#3430, #3441, #3551));
#4101 = IFCFACEOUTERBOUND(#4100, .T.);
#4102 = IFCFACE((#4101));
#4103 = IFCPOLYLOOP((#3581, #3429, #3576));
#4104 = IFCFACEOUTERBOUND(#4103, .T.);
#4105 = IFCFACE((#4104));
#4106 = IFCPOLYLOOP((#3577, #3576, #3429));
#4107 = IFCFACEOUTERBOUND(#4106, .T.);
#4108 = IFCFACE((#4107));
#4109 = IFCPOLYLOOP((#3307, #3306, #3581));
#4110 = IFCFACEOUTERBOUND(#4109, .T.);
#4111 = IFCFACE((#4110));
#4112 = IFCPOLYLOOP((#3429, #3581, #3306));
#4113 = IFCFACEOUTERBOUND(#4112, .T.);
#4114 = IFCFACE((#4113));
#4115 = IFCPOLYLOOP((#3386, #3372, #3516));
#4116 = IFCFACEOUTERBOUND(#4115, .T.);
#4117 = IFCFACE((#4116));
#4118 = IFCPOLYLOOP((#3516, #3372, #3526));
#4119 = IFCFACEOUTERBOUND(#4118, .T.);
#4120 = IFCFACE((#4119));
#4121 = IFCPOLYLOOP((#3386, #3516, #4122));
#4122 = IFCCARTESIANPOINT((-1.67517403432401E-1, 8.13568634541775E-2, 3.98525581758987E-1));
#4123 = IFCFACEOUTERBOUND(#4121, .T.);
#4124 = IFCFACE((#4123));
#4125 = IFCPOLYLOOP((#4122, #4126, #3386));
#4126 = IFCCARTESIANPOINT((-1.65945614041106E-1, 8.16753194373864E-2, 3.96982762187497E-1));
#4127 = IFCFACEOUTERBOUND(#4125, .T.);
#4128 = IFCFACE((#4127));
#4129 = IFCPOLYLOOP((#4130, #4126, #4122));
#4130 = IFCCARTESIANPOINT((-1.65873794555664E-1, 8.52081621421889E-2, 3.97069183349609E-1));
#4131 = IFCFACEOUTERBOUND(#4129, .T.);
#4132 = IFCFACE((#4131));
#4133 = IFCPOLYLOOP((#4122, #4134, #4130));
#4134 = IFCCARTESIANPOINT((-1.66871096614979E-1, 8.53265498836156E-2, 3.98064777316714E-1));
#4135 = IFCFACEOUTERBOUND(#4133, .T.);
#4136 = IFCFACE((#4135));
#4137 = IFCPOLYLOOP((#4122, #3516, #3877));
#4138 = IFCFACEOUTERBOUND(#4137, .T.);
#4139 = IFCFACE((#4138));
#4140 = IFCPOLYLOOP((#3870, #3390, #3877));
#4141 = IFCFACEOUTERBOUND(#4140, .T.);
#4142 = IFCFACE((#4141));
#4143 = IFCPOLYLOOP((#3857, #3853, #3397));
#4144 = IFCFACEOUTERBOUND(#4143, .T.);
#4145 = IFCFACE((#4144));
#4146 = IFCPOLYLOOP((#3398, #3853, #3786));
#4147 = IFCFACEOUTERBOUND(#4146, .T.);
#4148 = IFCFACE((#4147));
#4149 = IFCPOLYLOOP((#3857, #3397, #3870));
#4150 = IFCFACEOUTERBOUND(#4149, .T.);
#4151 = IFCFACE((#4150));
#4152 = IFCPOLYLOOP((#3775, #3761, #3405));
#4153 = IFCFACEOUTERBOUND(#4152, .T.);
#4154 = IFCFACE((#4153));
#4155 = IFCPOLYLOOP((#3877, #4134, #4122));
#4156 = IFCFACEOUTERBOUND(#4155, .T.);
#4157 = IFCFACE((#4156));
#4158 = IFCPOLYLOOP((#3786, #3775, #3405));
#4159 = IFCFACEOUTERBOUND(#4158, .T.);
#4160 = IFCFACE((#4159));
#4161 = IFCPOLYLOOP((#3765, #3406, #3761));
#4162 = IFCFACEOUTERBOUND(#4161, .T.);
#4163 = IFCFACE((#4162));
#4164 = IFCPOLYLOOP((#4134, #3877, #4130));
#4165 = IFCFACEOUTERBOUND(#4164, .T.);
#4166 = IFCFACE((#4165));
#4167 = IFCPOLYLOOP((#3390, #4126, #4130));
#4168 = IFCFACEOUTERBOUND(#4167, .T.);
#4169 = IFCFACE((#4168));
#4170 = IFCPOLYLOOP((#3390, #3386, #4126));
#4171 = IFCFACEOUTERBOUND(#4170, .T.);
#4172 = IFCFACE((#4171));
#4173 = IFCPOLYLOOP((#3870, #3397, #3390));
#4174 = IFCFACEOUTERBOUND(#4173, .T.);
#4175 = IFCFACE((#4174));
#4176 = IFCPOLYLOOP((#3786, #3405, #3398));
#4177 = IFCFACEOUTERBOUND(#4176, .T.);
#4178 = IFCFACE((#4177));
#4179 = IFCPOLYLOOP((#3359, #3410, #3765));
#4180 = IFCFACEOUTERBOUND(#4179, .T.);
#4181 = IFCFACE((#4180));
#4182 = IFCPOLYLOOP((#3359, #3351, #3410));
#4183 = IFCFACEOUTERBOUND(#4182, .T.);
#4184 = IFCFACE((#4183));
#4185 = IFCPOLYLOOP((#3853, #3398, #3397));
#4186 = IFCFACEOUTERBOUND(#4185, .T.);
#4187 = IFCFACE((#4186));
#4188 = IFCPOLYLOOP((#3761, #3406, #3405));
#4189 = IFCFACEOUTERBOUND(#4188, .T.);
#4190 = IFCFACE((#4189));
#4191 = IFCPOLYLOOP((#3877, #3390, #4130));
#4192 = IFCFACEOUTERBOUND(#4191, .T.);
#4193 = IFCFACE((#4192));
#4194 = IFCPOLYLOOP((#3410, #3406, #3765));
#4195 = IFCFACEOUTERBOUND(#4194, .T.);
#4196 = IFCFACE((#4195));
#4197 = IFCPOLYLOOP((#3598, #3367, #3376));
#4198 = IFCFACEOUTERBOUND(#4197, .T.);
#4199 = IFCFACE((#4198));
#4200 = IFCPOLYLOOP((#3561, #3367, #3598));
#4201 = IFCFACEOUTERBOUND(#4200, .T.);
#4202 = IFCFACE((#4201));
#4203 = IFCPOLYLOOP((#3619, #3598, #3376));
#4204 = IFCFACEOUTERBOUND(#4203, .T.);
#4205 = IFCFACE((#4204));
#4206 = IFCPOLYLOOP((#3615, #3295, #3302));
#4207 = IFCFACEOUTERBOUND(#4206, .T.);
#4208 = IFCFACE((#4207));
#4209 = IFCPOLYLOOP((#3376, #3295, #3615));
#4210 = IFCFACEOUTERBOUND(#4209, .T.);
#4211 = IFCFACE((#4210));
#4212 = IFCPOLYLOOP((#3615, #3619, #3376));
#4213 = IFCFACEOUTERBOUND(#4212, .T.);
#4214 = IFCFACE((#4213));
#4215 = IFCPOLYLOOP((#3372, #3569, #3605));
#4216 = IFCFACEOUTERBOUND(#4215, .T.);
#4217 = IFCFACE((#4216));
#4218 = IFCPOLYLOOP((#3605, #3526, #3372));
#4219 = IFCFACEOUTERBOUND(#4218, .T.);
#4220 = IFCFACE((#4219));
#4221 = IFCPOLYLOOP((#3372, #3368, #3569));
#4222 = IFCFACEOUTERBOUND(#4221, .T.);
#4223 = IFCFACE((#4222));
#4224 = IFCPOLYLOOP((#3557, #3367, #3561));
#4225 = IFCFACEOUTERBOUND(#4224, .T.);
#4226 = IFCFACE((#4225));
#4227 = IFCPOLYLOOP((#3557, #3553, #3368));
#4228 = IFCFACEOUTERBOUND(#4227, .T.);
#4229 = IFCFACE((#4228));
#4230 = IFCPOLYLOOP((#3569, #3368, #3553));
#4231 = IFCFACEOUTERBOUND(#4230, .T.);
#4232 = IFCFACE((#4231));
#4233 = IFCPOLYLOOP((#3557, #3368, #3367));
#4234 = IFCFACEOUTERBOUND(#4233, .T.);
#4235 = IFCFACE((#4234));
#4236 = IFCPOLYLOOP((#3333, #3277, #3269));
#4237 = IFCFACEOUTERBOUND(#4236, .T.);
#4238 = IFCFACE((#4237));
#4239 = IFCPOLYLOOP((#3333, #3343, #3277));
#4240 = IFCFACEOUTERBOUND(#4239, .T.);
#4241 = IFCFACE((#4240));
#4242 = IFCPOLYLOOP((#3347, #3268, #3281));
#4243 = IFCFACEOUTERBOUND(#4242, .T.);
#4244 = IFCFACE((#4243));
#4245 = IFCPOLYLOOP((#3347, #3334, #3268));
#4246 = IFCFACEOUTERBOUND(#4245, .T.);
#4247 = IFCFACE((#4246));
#4248 = IFCFACETEDBREP(#3265);
#4249 = IFCSURFACESTYLERENDERING(#4250, 0., #4251, $, $, #4252, #4253, $, .NOTDEFINED.);
#4250 = IFCCOLOURRGB('Surface color', 5.41176497936249E-1, 3.4901961684227E-1, 2.50980406999588E-1);
#4251 = IFCCOLOURRGB('Diffuse color', 5.41176497936249E-1, 3.4901961684227E-1, 2.50980406999588E-1);
#4252 = IFCCOLOURRGB('Reflection color', 1., 1., 1.);
#4253 = IFCCOLOURRGB('Specular color', 1., 1., 1.);
#4254 = IFCSURFACESTYLE('3acb42c0_d3bc_49d4_a7ed_98ea0419b48c', .BOTH., (#4249));
#4255 = IFCPRESENTATIONSTYLEASSIGNMENT((#4254));
#4256 = IFCSTYLEDITEM(#4248, (#4255), $);
#4257 = IFCSTYLEDREPRESENTATION(#103, 'Body', $, (#4256));
#4258 = IFCCLOSEDSHELL((#4264, #4269, #4275, #4278, #4284, #4289, #4292, #4297, #4300, #4303, #4307, #4310, #4313, #4316, #4321, #4325, #4328, #4332, #4336, #4339, #4344, #4347, #4352, #4356, #4360, #4365, #4368, #4372, #4375, #4379, #4383, #4387, #4390, #4393, #4397, #4400, #4403, #4406, #4410, #4414, #4418, #4421, #4425, #4428, #4432, #4436, #4441, #4444, #4449, #4453, #4457, #4462, #4465, #4469, #4472, #4476, #4480, #4483, #4487, #4490, #4493, #4496, #4499, #4502, #4508, #4513, #4519, #4522, #4526, #4531, #4535, #4538, #4543, #4546, #4550, #4555, #4559, #4562, #4565, #4568, #4571, #4574, #4577, #4580, #4583, #4586, #4589, #4592, #4595, #4598, #4601, #4604, #4607, #4610, #4613, #4616, #4619, #4622, #4625, #4628, #4631, #4634, #4637, #4640, #4643, #4646, #4649, #4652, #4655, #4658, #4661, #4664, #4667, #4670, #4673, #4676, #4679, #4682, #4685, #4688, #4691, #4694, #4697, #4700, #4703, #4706, #4709, #4712, #4715, #4718, #4721, #4724, #4727, #4730, #4733, #4736));
#4259 = IFCPOLYLOOP((#4260, #4261, #4262));
#4260 = IFCCARTESIANPOINT((2.17748901367188E-1, 2.42708068847656E-1, 9.15003204345703E-3));
#4261 = IFCCARTESIANPOINT((1.90694641113281E-1, 2.41969177246094E-1, 9.15003204345703E-3));
#4262 = IFCCARTESIANPOINT((2.20328430175781E-1, 2.369033203125E-1, 9.15003204345703E-3));
#4263 = IFCFACEOUTERBOUND(#4259, .T.);
#4264 = IFCFACE((#4263));
#4265 = IFCPOLYLOOP((#4266, #4260, #4267));
#4266 = IFCCARTESIANPOINT((1.95060607910156E-1, 2.46593933105469E-1, 9.15003204345703E-3));
#4267 = IFCCARTESIANPOINT((2.13146331787109E-1, 2.47085876464844E-1, 9.15003204345703E-3));
#4268 = IFCFACEOUTERBOUND(#4265, .T.);
#4269 = IFCFACE((#4268));
#4270 = IFCPOLYLOOP((#4271, #4272, #4273));
#4271 = IFCCARTESIANPOINT((1.88426940917969E-1, 2.36028381347656E-1, 9.15003204345703E-3));
#4272 = IFCCARTESIANPOINT((1.88596817016602E-1, 2.29671752929688E-1, 9.15003204345703E-3));
#4273 = IFCCARTESIANPOINT((2.20498306274414E-1, 2.30546691894531E-1, 9.15003204345703E-3));
#4274 = IFCFACEOUTERBOUND(#4270, .T.);
#4275 = IFCFACE((#4274));
#4276 = IFCPOLYLOOP((#4273, #4262, #4271));
#4277 = IFCFACEOUTERBOUND(#4276, .T.);
#4278 = IFCFACE((#4277));
#4279 = IFCPOLYLOOP((#4280, #4281, #4282));
#4280 = IFCCARTESIANPOINT((2.18230606079102E-1, 2.24605895996094E-1, 9.15003204345703E-3));
#4281 = IFCCARTESIANPOINT((1.91176345825195E-1, 2.23867004394531E-1, 9.15003204345703E-3));
#4282 = IFCCARTESIANPOINT((2.13864624023438E-1, 2.19981170654297E-1, 9.15003204345703E-3));
#4283 = IFCFACEOUTERBOUND(#4279, .T.);
#4284 = IFCFACE((#4283));
#4285 = IFCPOLYLOOP((#4282, #4286, #4287));
#4286 = IFCCARTESIANPOINT((1.95778915405273E-1, 2.19489196777344E-1, 9.15003204345703E-3));
#4287 = IFCCARTESIANPOINT((2.08060028076172E-1, 2.173818359375E-1, 9.15003204345703E-3));
#4288 = IFCFACEOUTERBOUND(#4285, .T.);
#4289 = IFCFACE((#4288));
#4290 = IFCPOLYLOOP((#4273, #4272, #4280));
#4291 = IFCFACEOUTERBOUND(#4290, .T.);
#4292 = IFCFACE((#4291));
#4293 = IFCPOLYLOOP((#4294, #4267, #4295));
#4294 = IFCCARTESIANPOINT((2.00865219116211E-1, 2.49193237304688E-1, 9.15003204345703E-3));
#4295 = IFCCARTESIANPOINT((2.07214981079102E-1, 2.49365447998047E-1, 9.15003204345703E-3));
#4296 = IFCFACEOUTERBOUND(#4293, .T.);
#4297 = IFCFACE((#4296));
#4298 = IFCPOLYLOOP((#4260, #4266, #4261));
#4299 = IFCFACEOUTERBOUND(#4298, .T.);
#4300 = IFCFACE((#4299));
#4301 = IFCPOLYLOOP((#4261, #4271, #4262));
#4302 = IFCFACEOUTERBOUND(#4301, .T.);
#4303 = IFCFACE((#4302));
#4304 = IFCPOLYLOOP((#4286, #4305, #4287));
#4305 = IFCCARTESIANPOINT((2.01710266113281E-1, 2.17209625244141E-1, 9.15003204345703E-3));
#4306 = IFCFACEOUTERBOUND(#4304, .T.);
#4307 = IFCFACE((#4306));
#4308 = IFCPOLYLOOP((#4281, #4286, #4282));
#4309 = IFCFACEOUTERBOUND(#4308, .T.);
#4310 = IFCFACE((#4309));
#4311 = IFCPOLYLOOP((#4280, #4272, #4281));
#4312 = IFCFACEOUTERBOUND(#4311, .T.);
#4313 = IFCFACE((#4312));
#4314 = IFCPOLYLOOP((#4267, #4294, #4266));
#4315 = IFCFACEOUTERBOUND(#4314, .T.);
#4316 = IFCFACE((#4315));
#4317 = IFCPOLYLOOP((#4318, #4262, #4319));
#4318 = IFCCARTESIANPOINT((2.19484588623047E-1, 2.39563568115234E-1, 2.05836296081543E-3));
#4319 = IFCCARTESIANPOINT((2.20328430175781E-1, 2.369033203125E-1, 2.05836296081543E-3));
#4320 = IFCFACEOUTERBOUND(#4317, .T.);
#4321 = IFCFACE((#4320));
#4322 = IFCPOLYLOOP((#4318, #4323, #4260));
#4323 = IFCCARTESIANPOINT((2.18192535400391E-1, 2.42041107177734E-1, 2.05836296081543E-3));
#4324 = IFCFACEOUTERBOUND(#4322, .T.);
#4325 = IFCFACE((#4324));
#4326 = IFCPOLYLOOP((#4260, #4262, #4318));
#4327 = IFCFACEOUTERBOUND(#4326, .T.);
#4328 = IFCFACE((#4327));
#4329 = IFCPOLYLOOP((#4260, #4323, #4330));
#4330 = IFCCARTESIANPOINT((2.16500289916992E-1, 2.44266021728516E-1, 2.05836296081543E-3));
#4331 = IFCFACEOUTERBOUND(#4329, .T.);
#4332 = IFCFACE((#4331));
#4333 = IFCPOLYLOOP((#4330, #4334, #4267));
#4334 = IFCCARTESIANPOINT((2.14455871582031E-1, 2.46168487548828E-1, 2.05836296081543E-3));
#4335 = IFCFACEOUTERBOUND(#4333, .T.);
#4336 = IFCFACE((#4335));
#4337 = IFCPOLYLOOP((#4267, #4260, #4330));
#4338 = IFCFACEOUTERBOUND(#4337, .T.);
#4339 = IFCFACE((#4338));
#4340 = IFCPOLYLOOP((#4341, #4342, #4295));
#4341 = IFCCARTESIANPOINT((2.10299453735352E-1, 2.48510894775391E-1, 2.05836296081543E-3));
#4342 = IFCCARTESIANPOINT((2.08008544921875E-1, 2.49205230712891E-1, 2.05836296081543E-3));
#4343 = IFCFACEOUTERBOUND(#4340, .T.);
#4344 = IFCFACE((#4343));
#4345 = IFCPOLYLOOP((#4295, #4267, #4341));
#4346 = IFCFACEOUTERBOUND(#4345, .T.);
#4347 = IFCFACE((#4346));
#4348 = IFCPOLYLOOP((#4294, #4349, #4350));
#4349 = IFCCARTESIANPOINT((2.01650283813477E-1, 2.49353790283203E-1, 2.05836296081543E-3));
#4350 = IFCCARTESIANPOINT((1.97831604003906E-1, 2.48184112548828E-1, 2.05836296081543E-3));
#4351 = IFCFACEOUTERBOUND(#4348, .T.);
#4352 = IFCFACE((#4351));
#4353 = IFCPOLYLOOP((#4354, #4271, #4261));
#4354 = IFCCARTESIANPOINT((1.88882858276367E-1, 2.37976318359375E-1, 2.05836296081543E-3));
#4355 = IFCFACEOUTERBOUND(#4353, .T.);
#4356 = IFCFACE((#4355));
#4357 = IFCPOLYLOOP((#4261, #4358, #4354));
#4358 = IFCCARTESIANPOINT((1.89906372070313E-1, 2.40576477050781E-1, 2.05836296081543E-3));
#4359 = IFCFACEOUTERBOUND(#4357, .T.);
#4360 = IFCFACE((#4359));
#4361 = IFCPOLYLOOP((#4362, #4363, #4261));
#4362 = IFCCARTESIANPOINT((1.93215866088867E-1, 2.45057708740234E-1, 2.05836296081543E-3));
#4363 = IFCCARTESIANPOINT((1.91367919921875E-1, 2.42957641601563E-1, 2.05836296081543E-3));
#4364 = IFCFACEOUTERBOUND(#4361, .T.);
#4365 = IFCFACE((#4364));
#4366 = IFCPOLYLOOP((#4261, #4266, #4362));
#4367 = IFCFACEOUTERBOUND(#4366, .T.);
#4368 = IFCFACE((#4367));
#4369 = IFCPOLYLOOP((#4370, #4349, #4294));
#4370 = IFCCARTESIANPOINT((2.05640823364258E-1, 2.49557434082031E-1, 2.05836296081543E-3));
#4371 = IFCFACEOUTERBOUND(#4369, .T.);
#4372 = IFCFACE((#4371));
#4373 = IFCPOLYLOOP((#4294, #4295, #4370));
#4374 = IFCFACEOUTERBOUND(#4373, .T.);
#4375 = IFCFACE((#4374));
#4376 = IFCPOLYLOOP((#4377, #4272, #4271));
#4377 = IFCCARTESIANPOINT((1.88215042114258E-1, 2.32439514160156E-1, 2.05836296081543E-3));
#4378 = IFCFACEOUTERBOUND(#4376, .T.);
#4379 = IFCFACE((#4378));
#4380 = IFCPOLYLOOP((#4271, #4381, #4377));
#4381 = IFCCARTESIANPOINT((1.88315689086914E-1, 2.35236206054688E-1, 2.05836296081543E-3));
#4382 = IFCFACEOUTERBOUND(#4380, .T.);
#4383 = IFCFACE((#4382));
#4384 = IFCPOLYLOOP((#4267, #4334, #4385));
#4385 = IFCCARTESIANPOINT((2.12464797973633E-1, 2.47492614746094E-1, 2.05836296081543E-3));
#4386 = IFCFACEOUTERBOUND(#4384, .T.);
#4387 = IFCFACE((#4386));
#4388 = IFCPOLYLOOP((#4267, #4385, #4341));
#4389 = IFCFACEOUTERBOUND(#4388, .T.);
#4390 = IFCFACE((#4389));
#4391 = IFCPOLYLOOP((#4295, #4342, #4370));
#4392 = IFCFACEOUTERBOUND(#4391, .T.);
#4393 = IFCFACE((#4392));
#4394 = IFCPOLYLOOP((#4266, #4395, #4362));
#4395 = IFCCARTESIANPOINT((1.95390380859375E-1, 2.46819061279297E-1, 2.05836296081543E-3));
#4396 = IFCFACEOUTERBOUND(#4394, .T.);
#4397 = IFCFACE((#4396));
#4398 = IFCPOLYLOOP((#4381, #4271, #4354));
#4399 = IFCFACEOUTERBOUND(#4398, .T.);
#4400 = IFCFACE((#4399));
#4401 = IFCPOLYLOOP((#4358, #4261, #4363));
#4402 = IFCFACEOUTERBOUND(#4401, .T.);
#4403 = IFCFACE((#4402));
#4404 = IFCPOLYLOOP((#4395, #4266, #4350));
#4405 = IFCFACEOUTERBOUND(#4404, .T.);
#4406 = IFCFACE((#4405));
#4407 = IFCPOLYLOOP((#4377, #4408, #4272));
#4408 = IFCCARTESIANPOINT((1.88591079711914E-1, 2.29669738769531E-1, 2.05836296081543E-3));
#4409 = IFCFACEOUTERBOUND(#4407, .T.);
#4410 = IFCFACE((#4409));
#4411 = IFCPOLYLOOP((#4408, #4412, #4272));
#4412 = IFCCARTESIANPOINT((1.89443237304688E-1, 2.27011962890625E-1, 2.05836296081543E-3));
#4413 = IFCFACEOUTERBOUND(#4411, .T.);
#4414 = IFCFACE((#4413));
#4415 = IFCPOLYLOOP((#4412, #4416, #4281));
#4416 = IFCCARTESIANPOINT((1.90736328125E-1, 2.24534942626953E-1, 2.05836296081543E-3));
#4417 = IFCFACEOUTERBOUND(#4415, .T.);
#4418 = IFCFACE((#4417));
#4419 = IFCPOLYLOOP((#4281, #4272, #4412));
#4420 = IFCFACEOUTERBOUND(#4419, .T.);
#4421 = IFCFACE((#4420));
#4422 = IFCPOLYLOOP((#4281, #4416, #4423));
#4423 = IFCCARTESIANPOINT((1.92425857543945E-1, 2.22309478759766E-1, 2.05836296081543E-3));
#4424 = IFCFACEOUTERBOUND(#4422, .T.);
#4425 = IFCFACE((#4424));
#4426 = IFCPOLYLOOP((#4286, #4281, #4423));
#4427 = IFCFACEOUTERBOUND(#4426, .T.);
#4428 = IFCFACE((#4427));
#4429 = IFCPOLYLOOP((#4423, #4430, #4286));
#4430 = IFCCARTESIANPOINT((1.94467346191406E-1, 2.20406280517578E-1, 2.05836296081543E-3));
#4431 = IFCFACEOUTERBOUND(#4429, .T.);
#4432 = IFCFACE((#4431));
#4433 = IFCPOLYLOOP((#4434, #4286, #4430));
#4434 = IFCCARTESIANPOINT((1.96457855224609E-1, 2.19081848144531E-1, 2.05836296081543E-3));
#4435 = IFCFACEOUTERBOUND(#4433, .T.);
#4436 = IFCFACE((#4435));
#4437 = IFCPOLYLOOP((#4438, #4439, #4305));
#4438 = IFCCARTESIANPOINT((1.98624160766602E-1, 2.18063629150391E-1, 2.05836296081543E-3));
#4439 = IFCCARTESIANPOINT((2.00916641235352E-1, 2.17369567871094E-1, 2.05836296081543E-3));
#4440 = IFCFACEOUTERBOUND(#4437, .T.);
#4441 = IFCFACE((#4440));
#4442 = IFCPOLYLOOP((#4305, #4286, #4438));
#4443 = IFCFACEOUTERBOUND(#4442, .T.);
#4444 = IFCFACE((#4443));
#4445 = IFCPOLYLOOP((#4287, #4446, #4447));
#4446 = IFCCARTESIANPOINT((2.07276245117188E-1, 2.17221710205078E-1, 2.05836296081543E-3));
#4447 = IFCCARTESIANPOINT((2.11093704223633E-1, 2.18391296386719E-1, 2.05836296081543E-3));
#4448 = IFCFACEOUTERBOUND(#4445, .T.);
#4449 = IFCFACE((#4448));
#4450 = IFCPOLYLOOP((#4451, #4273, #4280));
#4451 = IFCCARTESIANPOINT((2.20043655395508E-1, 2.28599304199219E-1, 2.05836296081543E-3));
#4452 = IFCFACEOUTERBOUND(#4450, .T.);
#4453 = IFCFACE((#4452));
#4454 = IFCPOLYLOOP((#4280, #4455, #4451));
#4455 = IFCCARTESIANPOINT((2.19019073486328E-1, 2.25998291015625E-1, 2.05836296081543E-3));
#4456 = IFCFACEOUTERBOUND(#4454, .T.);
#4457 = IFCFACE((#4456));
#4458 = IFCPOLYLOOP((#4459, #4460, #4280));
#4459 = IFCCARTESIANPOINT((2.15708587646484E-1, 2.21516937255859E-1, 2.05836296081543E-3));
#4460 = IFCCARTESIANPOINT((2.17556777954102E-1, 2.23616821289063E-1, 2.05836296081543E-3));
#4461 = IFCFACEOUTERBOUND(#4458, .T.);
#4462 = IFCFACE((#4461));
#4463 = IFCPOLYLOOP((#4280, #4282, #4459));
#4464 = IFCFACEOUTERBOUND(#4463, .T.);
#4465 = IFCFACE((#4464));
#4466 = IFCPOLYLOOP((#4467, #4446, #4287));
#4467 = IFCCARTESIANPOINT((2.0328564453125E-1, 2.17017700195313E-1, 2.05836296081543E-3));
#4468 = IFCFACEOUTERBOUND(#4466, .T.);
#4469 = IFCFACE((#4468));
#4470 = IFCPOLYLOOP((#4287, #4305, #4467));
#4471 = IFCFACEOUTERBOUND(#4470, .T.);
#4472 = IFCFACE((#4471));
#4473 = IFCPOLYLOOP((#4474, #4262, #4273));
#4474 = IFCCARTESIANPOINT((2.20709854125977E-1, 2.34136199951172E-1, 2.05836296081543E-3));
#4475 = IFCFACEOUTERBOUND(#4473, .T.);
#4476 = IFCFACE((#4475));
#4477 = IFCPOLYLOOP((#4273, #4478, #4474));
#4478 = IFCCARTESIANPOINT((2.20611083984375E-1, 2.31340057373047E-1, 2.05836296081543E-3));
#4479 = IFCFACEOUTERBOUND(#4477, .T.);
#4480 = IFCFACE((#4479));
#4481 = IFCPOLYLOOP((#4286, #4434, #4438));
#4482 = IFCFACEOUTERBOUND(#4481, .T.);
#4483 = IFCFACE((#4482));
#4484 = IFCPOLYLOOP((#4282, #4447, #4485));
#4485 = IFCCARTESIANPOINT((2.13534301757813E-1, 2.19755981445313E-1, 2.05836296081543E-3));
#4486 = IFCFACEOUTERBOUND(#4484, .T.);
#4487 = IFCFACE((#4486));
#4488 = IFCPOLYLOOP((#4467, #4305, #4439));
#4489 = IFCFACEOUTERBOUND(#4488, .T.);
#4490 = IFCFACE((#4489));
#4491 = IFCPOLYLOOP((#4280, #4460, #4455));
#4492 = IFCFACEOUTERBOUND(#4491, .T.);
#4493 = IFCFACE((#4492));
#4494 = IFCPOLYLOOP((#4273, #4451, #4478));
#4495 = IFCFACEOUTERBOUND(#4494, .T.);
#4496 = IFCFACE((#4495));
#4497 = IFCPOLYLOOP((#4262, #4474, #4319));
#4498 = IFCFACEOUTERBOUND(#4497, .T.);
#4499 = IFCFACE((#4498));
#4500 = IFCPOLYLOOP((#4459, #4282, #4485));
#4501 = IFCFACEOUTERBOUND(#4500, .T.);
#4502 = IFCFACE((#4501));
#4503 = IFCPOLYLOOP((#4504, #4505, #4506));
#4504 = IFCCARTESIANPOINT((2.16459747314453E-1, 2.41039001464844E-1, 5.83629086613655E-5));
#4505 = IFCCARTESIANPOINT((2.18377700805664E-1, 2.36462127685547E-1, 5.83629086613655E-5));
#4506 = IFCCARTESIANPOINT((1.94767654418945E-1, 2.43773651123047E-1, 5.83629086613655E-5));
#4507 = IFCFACEOUTERBOUND(#4503, .T.);
#4508 = IFCFACE((#4507));
#4509 = IFCPOLYLOOP((#4504, #4510, #4511));
#4510 = IFCCARTESIANPOINT((2.08684173583984E-1, 2.46956359863281E-1, 5.83629086613655E-5));
#4511 = IFCCARTESIANPOINT((2.13225845336914E-1, 2.44590942382813E-1, 5.83629086613655E-5));
#4512 = IFCFACEOUTERBOUND(#4509, .T.);
#4513 = IFCFACE((#4512));
#4514 = IFCPOLYLOOP((#4515, #4516, #4517));
#4515 = IFCCARTESIANPOINT((2.18616241455078E-1, 2.31501983642578E-1, 5.83629086613655E-5));
#4516 = IFCCARTESIANPOINT((2.14157348632813E-1, 2.22801513671875E-1, 5.83629086613655E-5));
#4517 = IFCCARTESIANPOINT((1.90310363769531E-1, 2.35073455810547E-1, 5.83629086613655E-5));
#4518 = IFCFACEOUTERBOUND(#4514, .T.);
#4519 = IFCFACE((#4518));
#4520 = IFCPOLYLOOP((#4517, #4505, #4515));
#4521 = IFCFACEOUTERBOUND(#4520, .T.);
#4522 = IFCFACE((#4521));
#4523 = IFCPOLYLOOP((#4516, #4515, #4524));
#4524 = IFCCARTESIANPOINT((2.17228485107422E-1, 2.26890930175781E-1, 5.83629086613655E-5));
#4525 = IFCFACEOUTERBOUND(#4523, .T.);
#4526 = IFCFACE((#4525));
#4527 = IFCPOLYLOOP((#4528, #4529, #4516));
#4528 = IFCCARTESIANPOINT((2.09889312744141E-1, 2.20050354003906E-1, 5.83629086613655E-5));
#4529 = IFCCARTESIANPOINT((2.05161422729492E-1, 2.18992858886719E-1, 5.83629086613655E-5));
#4530 = IFCFACEOUTERBOUND(#4527, .T.);
#4531 = IFCFACE((#4530));
#4532 = IFCPOLYLOOP((#4516, #4529, #4533));
#4533 = IFCCARTESIANPOINT((2.00240676879883E-1, 2.19618194580078E-1, 5.83629086613655E-5));
#4534 = IFCFACEOUTERBOUND(#4532, .T.);
#4535 = IFCFACE((#4534));
#4536 = IFCPOLYLOOP((#4504, #4506, #4510));
#4537 = IFCFACEOUTERBOUND(#4536, .T.);
#4538 = IFCFACE((#4537));
#4539 = IFCPOLYLOOP((#4506, #4540, #4541));
#4540 = IFCCARTESIANPOINT((1.99036163330078E-1, 2.46525024414063E-1, 5.83629086613655E-5));
#4541 = IFCCARTESIANPOINT((2.03764175415039E-1, 2.47582427978516E-1, 5.83629086613655E-5));
#4542 = IFCFACEOUTERBOUND(#4539, .T.);
#4543 = IFCFACE((#4542));
#4544 = IFCPOLYLOOP((#4505, #4517, #4506));
#4545 = IFCFACEOUTERBOUND(#4544, .T.);
#4546 = IFCFACE((#4545));
#4547 = IFCPOLYLOOP((#4548, #4506, #4517));
#4548 = IFCCARTESIANPOINT((1.91696884155273E-1, 2.39683868408203E-1, 5.83629086613655E-5));
#4549 = IFCFACEOUTERBOUND(#4547, .T.);
#4550 = IFCFACE((#4549));
#4551 = IFCPOLYLOOP((#4552, #4533, #4553));
#4552 = IFCCARTESIANPOINT((1.92468475341797E-1, 2.25537170410156E-1, 5.83629086613655E-5));
#4553 = IFCCARTESIANPOINT((1.95697662353516E-1, 2.21983795166016E-1, 5.83629086613655E-5));
#4554 = IFCFACEOUTERBOUND(#4551, .T.);
#4555 = IFCFACE((#4554));
#4556 = IFCPOLYLOOP((#4557, #4517, #4552));
#4557 = IFCCARTESIANPOINT((1.90542465209961E-1, 2.30111145019531E-1, 5.83629086613655E-5));
#4558 = IFCFACEOUTERBOUND(#4556, .T.);
#4559 = IFCFACE((#4558));
#4560 = IFCPOLYLOOP((#4516, #4533, #4552));
#4561 = IFCFACEOUTERBOUND(#4560, .T.);
#4562 = IFCFACE((#4561));
#4563 = IFCPOLYLOOP((#4516, #4552, #4517));
#4564 = IFCFACEOUTERBOUND(#4563, .T.);
#4565 = IFCFACE((#4564));
#4566 = IFCPOLYLOOP((#4506, #4541, #4510));
#4567 = IFCFACEOUTERBOUND(#4566, .T.);
#4568 = IFCFACE((#4567));
#4569 = IFCPOLYLOOP((#4505, #4319, #4474));
#4570 = IFCFACEOUTERBOUND(#4569, .T.);
#4571 = IFCFACE((#4570));
#4572 = IFCPOLYLOOP((#4515, #4474, #4478));
#4573 = IFCFACEOUTERBOUND(#4572, .T.);
#4574 = IFCFACE((#4573));
#4575 = IFCPOLYLOOP((#4524, #4451, #4455));
#4576 = IFCFACEOUTERBOUND(#4575, .T.);
#4577 = IFCFACE((#4576));
#4578 = IFCPOLYLOOP((#4516, #4460, #4459));
#4579 = IFCFACEOUTERBOUND(#4578, .T.);
#4580 = IFCFACE((#4579));
#4581 = IFCPOLYLOOP((#4524, #4455, #4460));
#4582 = IFCFACEOUTERBOUND(#4581, .T.);
#4583 = IFCFACE((#4582));
#4584 = IFCPOLYLOOP((#4515, #4478, #4451));
#4585 = IFCFACEOUTERBOUND(#4584, .T.);
#4586 = IFCFACE((#4585));
#4587 = IFCPOLYLOOP((#4528, #4485, #4447));
#4588 = IFCFACEOUTERBOUND(#4587, .T.);
#4589 = IFCFACE((#4588));
#4590 = IFCPOLYLOOP((#4528, #4447, #4446));
#4591 = IFCFACEOUTERBOUND(#4590, .T.);
#4592 = IFCFACE((#4591));
#4593 = IFCPOLYLOOP((#4533, #4467, #4439));
#4594 = IFCFACEOUTERBOUND(#4593, .T.);
#4595 = IFCFACE((#4594));
#4596 = IFCPOLYLOOP((#4533, #4438, #4434));
#4597 = IFCFACEOUTERBOUND(#4596, .T.);
#4598 = IFCFACE((#4597));
#4599 = IFCPOLYLOOP((#4533, #4439, #4438));
#4600 = IFCFACEOUTERBOUND(#4599, .T.);
#4601 = IFCFACE((#4600));
#4602 = IFCPOLYLOOP((#4529, #4446, #4467));
#4603 = IFCFACEOUTERBOUND(#4602, .T.);
#4604 = IFCFACE((#4603));
#4605 = IFCPOLYLOOP((#4516, #4459, #4485));
#4606 = IFCFACEOUTERBOUND(#4605, .T.);
#4607 = IFCFACE((#4606));
#4608 = IFCPOLYLOOP((#4515, #4505, #4474));
#4609 = IFCFACEOUTERBOUND(#4608, .T.);
#4610 = IFCFACE((#4609));
#4611 = IFCPOLYLOOP((#4524, #4515, #4451));
#4612 = IFCFACEOUTERBOUND(#4611, .T.);
#4613 = IFCFACE((#4612));
#4614 = IFCPOLYLOOP((#4528, #4516, #4485));
#4615 = IFCFACEOUTERBOUND(#4614, .T.);
#4616 = IFCFACE((#4615));
#4617 = IFCPOLYLOOP((#4533, #4529, #4467));
#4618 = IFCFACEOUTERBOUND(#4617, .T.);
#4619 = IFCFACE((#4618));
#4620 = IFCPOLYLOOP((#4528, #4446, #4529));
#4621 = IFCFACEOUTERBOUND(#4620, .T.);
#4622 = IFCFACE((#4621));
#4623 = IFCPOLYLOOP((#4524, #4460, #4516));
#4624 = IFCFACEOUTERBOUND(#4623, .T.);
#4625 = IFCFACE((#4624));
#4626 = IFCPOLYLOOP((#4553, #4430, #4423));
#4627 = IFCFACEOUTERBOUND(#4626, .T.);
#4628 = IFCFACE((#4627));
#4629 = IFCPOLYLOOP((#4552, #4423, #4416));
#4630 = IFCFACEOUTERBOUND(#4629, .T.);
#4631 = IFCFACE((#4630));
#4632 = IFCPOLYLOOP((#4552, #4553, #4423));
#4633 = IFCFACEOUTERBOUND(#4632, .T.);
#4634 = IFCFACE((#4633));
#4635 = IFCPOLYLOOP((#4557, #4552, #4412));
#4636 = IFCFACEOUTERBOUND(#4635, .T.);
#4637 = IFCFACE((#4636));
#4638 = IFCPOLYLOOP((#4408, #4557, #4412));
#4639 = IFCFACEOUTERBOUND(#4638, .T.);
#4640 = IFCFACE((#4639));
#4641 = IFCPOLYLOOP((#4434, #4553, #4533));
#4642 = IFCFACEOUTERBOUND(#4641, .T.);
#4643 = IFCFACE((#4642));
#4644 = IFCPOLYLOOP((#4553, #4434, #4430));
#4645 = IFCFACEOUTERBOUND(#4644, .T.);
#4646 = IFCFACE((#4645));
#4647 = IFCPOLYLOOP((#4517, #4557, #4377));
#4648 = IFCFACEOUTERBOUND(#4647, .T.);
#4649 = IFCFACE((#4648));
#4650 = IFCPOLYLOOP((#4548, #4354, #4358));
#4651 = IFCFACEOUTERBOUND(#4650, .T.);
#4652 = IFCFACE((#4651));
#4653 = IFCPOLYLOOP((#4506, #4363, #4362));
#4654 = IFCFACEOUTERBOUND(#4653, .T.);
#4655 = IFCFACE((#4654));
#4656 = IFCPOLYLOOP((#4548, #4358, #4363));
#4657 = IFCFACEOUTERBOUND(#4656, .T.);
#4658 = IFCFACE((#4657));
#4659 = IFCPOLYLOOP((#4517, #4381, #4354));
#4660 = IFCFACEOUTERBOUND(#4659, .T.);
#4661 = IFCFACE((#4660));
#4662 = IFCPOLYLOOP((#4540, #4395, #4350));
#4663 = IFCFACEOUTERBOUND(#4662, .T.);
#4664 = IFCFACE((#4663));
#4665 = IFCPOLYLOOP((#4540, #4350, #4349));
#4666 = IFCFACEOUTERBOUND(#4665, .T.);
#4667 = IFCFACE((#4666));
#4668 = IFCPOLYLOOP((#4510, #4370, #4342));
#4669 = IFCFACEOUTERBOUND(#4668, .T.);
#4670 = IFCFACE((#4669));
#4671 = IFCPOLYLOOP((#4510, #4341, #4385));
#4672 = IFCFACEOUTERBOUND(#4671, .T.);
#4673 = IFCFACE((#4672));
#4674 = IFCPOLYLOOP((#4510, #4342, #4341));
#4675 = IFCFACEOUTERBOUND(#4674, .T.);
#4676 = IFCFACE((#4675));
#4677 = IFCPOLYLOOP((#4541, #4349, #4370));
#4678 = IFCFACEOUTERBOUND(#4677, .T.);
#4679 = IFCFACE((#4678));
#4680 = IFCPOLYLOOP((#4506, #4362, #4395));
#4681 = IFCFACEOUTERBOUND(#4680, .T.);
#4682 = IFCFACE((#4681));
#4683 = IFCPOLYLOOP((#4548, #4517, #4354));
#4684 = IFCFACEOUTERBOUND(#4683, .T.);
#4685 = IFCFACE((#4684));
#4686 = IFCPOLYLOOP((#4506, #4548, #4363));
#4687 = IFCFACEOUTERBOUND(#4686, .T.);
#4688 = IFCFACE((#4687));
#4689 = IFCPOLYLOOP((#4541, #4540, #4349));
#4690 = IFCFACEOUTERBOUND(#4689, .T.);
#4691 = IFCFACE((#4690));
#4692 = IFCPOLYLOOP((#4511, #4510, #4385));
#4693 = IFCFACEOUTERBOUND(#4692, .T.);
#4694 = IFCFACE((#4693));
#4695 = IFCPOLYLOOP((#4541, #4370, #4510));
#4696 = IFCFACEOUTERBOUND(#4695, .T.);
#4697 = IFCFACE((#4696));
#4698 = IFCPOLYLOOP((#4506, #4395, #4540));
#4699 = IFCFACEOUTERBOUND(#4698, .T.);
#4700 = IFCFACE((#4699));
#4701 = IFCPOLYLOOP((#4504, #4511, #4330));
#4702 = IFCFACEOUTERBOUND(#4701, .T.);
#4703 = IFCFACE((#4702));
#4704 = IFCPOLYLOOP((#4504, #4330, #4323));
#4705 = IFCFACEOUTERBOUND(#4704, .T.);
#4706 = IFCFACE((#4705));
#4707 = IFCPOLYLOOP((#4505, #4504, #4318));
#4708 = IFCFACEOUTERBOUND(#4707, .T.);
#4709 = IFCFACE((#4708));
#4710 = IFCPOLYLOOP((#4318, #4319, #4505));
#4711 = IFCFACEOUTERBOUND(#4710, .T.);
#4712 = IFCFACE((#4711));
#4713 = IFCPOLYLOOP((#4334, #4511, #4385));
#4714 = IFCFACEOUTERBOUND(#4713, .T.);
#4715 = IFCFACE((#4714));
#4716 = IFCPOLYLOOP((#4408, #4377, #4557));
#4717 = IFCFACEOUTERBOUND(#4716, .T.);
#4718 = IFCFACE((#4717));
#4719 = IFCPOLYLOOP((#4294, #4350, #4266));
#4720 = IFCFACEOUTERBOUND(#4719, .T.);
#4721 = IFCFACE((#4720));
#4722 = IFCPOLYLOOP((#4287, #4447, #4282));
#4723 = IFCFACEOUTERBOUND(#4722, .T.);
#4724 = IFCFACE((#4723));
#4725 = IFCPOLYLOOP((#4552, #4416, #4412));
#4726 = IFCFACEOUTERBOUND(#4725, .T.);
#4727 = IFCFACE((#4726));
#4728 = IFCPOLYLOOP((#4517, #4377, #4381));
#4729 = IFCFACEOUTERBOUND(#4728, .T.);
#4730 = IFCFACE((#4729));
#4731 = IFCPOLYLOOP((#4511, #4334, #4330));
#4732 = IFCFACEOUTERBOUND(#4731, .T.);
#4733 = IFCFACE((#4732));
#4734 = IFCPOLYLOOP((#4504, #4323, #4318));
#4735 = IFCFACEOUTERBOUND(#4734, .T.);
#4736 = IFCFACE((#4735));
#4737 = IFCFACETEDBREP(#4258);
#4738 = IFCSURFACESTYLERENDERING(#4739, 0., #4740, $, $, #4741, #4742, $, .NOTDEFINED.);
#4739 = IFCCOLOURRGB('Surface color', 9.41176488995552E-2, 9.41176488995552E-2, 9.41176488995552E-2);
#4740 = IFCCOLOURRGB('Diffuse color', 9.41176488995552E-2, 9.41176488995552E-2, 9.41176488995552E-2);
#4741 = IFCCOLOURRGB('Reflection color', 1., 1., 1.);
#4742 = IFCCOLOURRGB('Specular color', 1., 1., 1.);
#4743 = IFCSURFACESTYLE('1b3f0722_ecd0_48ac_97f2_5d2a73b6d1e4', .BOTH., (#4738));
#4744 = IFCPRESENTATIONSTYLEASSIGNMENT((#4743));
#4745 = IFCSTYLEDITEM(#4737, (#4744), $);
#4746 = IFCSTYLEDREPRESENTATION(#103, 'Body', $, (#4745));
#4747 = IFCCLOSEDSHELL((#4753, #4757, #4762, #4766, #4770, #4775, #4778, #4782, #4785, #4791, #4796, #4801, #4805, #4808, #4811, #4814, #4817, #4820, #4825, #4828, #4831, #4834, #4837, #4840, #4843, #4846, #4849, #4852, #4855, #4858, #4861, #4864, #4867, #4870, #4874, #4877, #4880, #4883, #4886, #4889));
#4748 = IFCPOLYLOOP((#4749, #4750, #4751));
#4749 = IFCCARTESIANPOINT((1.51553909301758E-1, -7.73758374916001E-2, 4.29324188232422E-1));
#4750 = IFCCARTESIANPOINT((1.51553909301758E-1, -7.68596479164048E-2, 4.40312072753906E-1));
#4751 = IFCCARTESIANPOINT((1.57745788574219E-1, -1.16815595792381E-1, 4.42189117431641E-1));
#4752 = IFCFACEOUTERBOUND(#4748, .T.);
#4753 = IFCFACE((#4752));
#4754 = IFCPOLYLOOP((#4751, #4755, #4749));
#4755 = IFCCARTESIANPOINT((1.57745788574219E-1, -1.17331785367577E-1, 4.31201232910156E-1));
#4756 = IFCFACEOUTERBOUND(#4754, .T.);
#4757 = IFCFACE((#4756));
#4758 = IFCPOLYLOOP((#4751, #4759, #4760));
#4759 = IFCCARTESIANPOINT((1.51795379638672E-1, -7.83446332679673E-2, 4.41943481445313E-1));
#4760 = IFCCARTESIANPOINT((1.57619781494141E-1, -1.15964246915428E-1, 4.42964080810547E-1));
#4761 = IFCFACEOUTERBOUND(#4758, .T.);
#4762 = IFCFACE((#4761));
#4763 = IFCPOLYLOOP((#4760, #4759, #4764));
#4764 = IFCCARTESIANPOINT((1.57436187744141E-1, -1.14723936246483E-1, 4.44093078613281E-1));
#4765 = IFCFACEOUTERBOUND(#4763, .T.);
#4766 = IFCFACE((#4765));
#4767 = IFCPOLYLOOP((#4755, #4768, #4749));
#4768 = IFCCARTESIANPOINT((1.57630920410156E-1, -1.1662534921035E-1, 4.30425140380859E-1));
#4769 = IFCFACEOUTERBOUND(#4767, .T.);
#4770 = IFCFACE((#4769));
#4771 = IFCPOLYLOOP((#4772, #4768, #4773));
#4772 = IFCCARTESIANPOINT((1.51727264404297E-1, -7.85469953285142E-2, 4.28258148193359E-1));
#4773 = IFCCARTESIANPOINT((1.5743620300293E-1, -1.15427839444725E-1, 4.29109558105469E-1));
#4774 = IFCFACEOUTERBOUND(#4771, .T.);
#4775 = IFCFACE((#4774));
#4776 = IFCPOLYLOOP((#4750, #4759, #4751));
#4777 = IFCFACEOUTERBOUND(#4776, .T.);
#4778 = IFCFACE((#4777));
#4779 = IFCPOLYLOOP((#4773, #4780, #4772));
#4780 = IFCCARTESIANPOINT((1.51863510131836E-1, -7.94674817787095E-2, 4.27420227050781E-1));
#4781 = IFCFACEOUTERBOUND(#4779, .T.);
#4782 = IFCFACE((#4781));
#4783 = IFCPOLYLOOP((#4768, #4772, #4749));
#4784 = IFCFACEOUTERBOUND(#4783, .T.);
#4785 = IFCFACE((#4784));
#4786 = IFCPOLYLOOP((#4787, #4788, #4789));
#4787 = IFCCARTESIANPOINT((-1.51553924560547E-1, -7.73758374916001E-2, 4.29324188232422E-1));
#4788 = IFCCARTESIANPOINT((-1.51863510131836E-1, -7.94674817787095E-2, 4.27420227050781E-1));
#4789 = IFCCARTESIANPOINT((-1.57745788574219E-1, -1.16815595792381E-1, 4.42189117431641E-1));
#4790 = IFCFACEOUTERBOUND(#4786, .T.);
#4791 = IFCFACE((#4790));
#4792 = IFCPOLYLOOP((#4789, #4793, #4794));
#4793 = IFCCARTESIANPOINT((-1.51863510131836E-1, -7.87636090980454E-2, 4.42403747558594E-1));
#4794 = IFCCARTESIANPOINT((-1.51553924560547E-1, -7.68596479164048E-2, 4.40312103271484E-1));
#4795 = IFCFACEOUTERBOUND(#4792, .T.);
#4796 = IFCFACE((#4795));
#4797 = IFCPOLYLOOP((#4798, #4788, #4799));
#4798 = IFCCARTESIANPOINT((-1.57745788574219E-1, -1.17331785367577E-1, 4.31201202392578E-1));
#4799 = IFCCARTESIANPOINT((-1.57436187744141E-1, -1.15427824185936E-1, 4.29109558105469E-1));
#4800 = IFCFACEOUTERBOUND(#4797, .T.);
#4801 = IFCFACE((#4800));
#4802 = IFCPOLYLOOP((#4793, #4789, #4803));
#4803 = IFCCARTESIANPOINT((-1.57436187744141E-1, -1.14723951505272E-1, 4.44093078613281E-1));
#4804 = IFCFACEOUTERBOUND(#4802, .T.);
#4805 = IFCFACE((#4804));
#4806 = IFCPOLYLOOP((#4789, #4794, #4787));
#4807 = IFCFACEOUTERBOUND(#4806, .T.);
#4808 = IFCFACE((#4807));
#4809 = IFCPOLYLOOP((#4773, #4799, #4788));
#4810 = IFCFACEOUTERBOUND(#4809, .T.);
#4811 = IFCFACE((#4810));
#4812 = IFCPOLYLOOP((#4759, #4793, #4803));
#4813 = IFCFACEOUTERBOUND(#4812, .T.);
#4814 = IFCFACE((#4813));
#4815 = IFCPOLYLOOP((#4751, #4789, #4798));
#4816 = IFCFACEOUTERBOUND(#4815, .T.);
#4817 = IFCFACE((#4816));
#4818 = IFCPOLYLOOP((#4798, #4755, #4751));
#4819 = IFCFACEOUTERBOUND(#4818, .T.);
#4820 = IFCFACE((#4819));
#4821 = IFCPOLYLOOP((#4750, #4822, #4823));
#4822 = IFCCARTESIANPOINT((3.78884773254395E-2, -7.69886914955064E-2, 4.37565124511719E-1));
#4823 = IFCCARTESIANPOINT((-1.09658973693848E-1, -7.69207746253892E-2, 4.39010894775391E-1));
#4824 = IFCFACEOUTERBOUND(#4821, .T.);
#4825 = IFCFACE((#4824));
#4826 = IFCPOLYLOOP((#4794, #4750, #4823));
#4827 = IFCFACEOUTERBOUND(#4826, .T.);
#4828 = IFCFACE((#4827));
#4829 = IFCPOLYLOOP((#4787, #4794, #4823));
#4830 = IFCFACEOUTERBOUND(#4829, .T.);
#4831 = IFCFACE((#4830));
#4832 = IFCPOLYLOOP((#4773, #4768, #4799));
#4833 = IFCFACEOUTERBOUND(#4832, .T.);
#4834 = IFCFACE((#4833));
#4835 = IFCPOLYLOOP((#4798, #4799, #4755));
#4836 = IFCFACEOUTERBOUND(#4835, .T.);
#4837 = IFCFACE((#4836));
#4838 = IFCPOLYLOOP((#4803, #4789, #4764));
#4839 = IFCFACEOUTERBOUND(#4838, .T.);
#4840 = IFCFACE((#4839));
#4841 = IFCPOLYLOOP((#4751, #4760, #4789));
#4842 = IFCFACEOUTERBOUND(#4841, .T.);
#4843 = IFCFACE((#4842));
#4844 = IFCPOLYLOOP((#4789, #4760, #4764));
#4845 = IFCFACEOUTERBOUND(#4844, .T.);
#4846 = IFCFACE((#4845));
#4847 = IFCPOLYLOOP((#4749, #4788, #4787));
#4848 = IFCFACEOUTERBOUND(#4847, .T.);
#4849 = IFCFACE((#4848));
#4850 = IFCPOLYLOOP((#4788, #4749, #4772));
#4851 = IFCFACEOUTERBOUND(#4850, .T.);
#4852 = IFCFACE((#4851));
#4853 = IFCPOLYLOOP((#4772, #4780, #4788));
#4854 = IFCFACEOUTERBOUND(#4853, .T.);
#4855 = IFCFACE((#4854));
#4856 = IFCPOLYLOOP((#4794, #4759, #4750));
#4857 = IFCFACEOUTERBOUND(#4856, .T.);
#4858 = IFCFACE((#4857));
#4859 = IFCPOLYLOOP((#4794, #4793, #4759));
#4860 = IFCFACEOUTERBOUND(#4859, .T.);
#4861 = IFCFACE((#4860));
#4862 = IFCPOLYLOOP((#4788, #4798, #4789));
#4863 = IFCFACEOUTERBOUND(#4862, .T.);
#4864 = IFCFACE((#4863));
#4865 = IFCPOLYLOOP((#4773, #4788, #4780));
#4866 = IFCFACEOUTERBOUND(#4865, .T.);
#4867 = IFCFACE((#4866));
#4868 = IFCPOLYLOOP((#4759, #4803, #4764));
#4869 = IFCFACEOUTERBOUND(#4868, .T.);
#4870 = IFCFACE((#4869));
#4871 = IFCPOLYLOOP((#4749, #4872, #4750));
#4872 = IFCCARTESIANPOINT((8.52490768432617E-2, -7.73153516517564E-2, 4.3061181640625E-1));
#4873 = IFCFACEOUTERBOUND(#4871, .T.);
#4874 = IFCFACE((#4873));
#4875 = IFCPOLYLOOP((#4749, #4787, #4872));
#4876 = IFCFACEOUTERBOUND(#4875, .T.);
#4877 = IFCFACE((#4876));
#4878 = IFCPOLYLOOP((#4750, #4872, #4822));
#4879 = IFCFACEOUTERBOUND(#4878, .T.);
#4880 = IFCFACE((#4879));
#4881 = IFCPOLYLOOP((#4787, #4822, #4872));
#4882 = IFCFACEOUTERBOUND(#4881, .T.);
#4883 = IFCFACE((#4882));
#4884 = IFCPOLYLOOP((#4822, #4787, #4823));
#4885 = IFCFACEOUTERBOUND(#4884, .T.);
#4886 = IFCFACE((#4885));
#4887 = IFCPOLYLOOP((#4768, #4755, #4799));
#4888 = IFCFACEOUTERBOUND(#4887, .T.);
#4889 = IFCFACE((#4888));
#4890 = IFCFACETEDBREP(#4747);
#4891 = IFCSURFACESTYLERENDERING(#4892, 0., #4893, $, $, #4894, #4895, $, .NOTDEFINED.);
#4892 = IFCCOLOURRGB('Surface color', 5.41176497936249E-1, 3.4901961684227E-1, 2.50980406999588E-1);
#4893 = IFCCOLOURRGB('Diffuse color', 5.41176497936249E-1, 3.4901961684227E-1, 2.50980406999588E-1);
#4894 = IFCCOLOURRGB('Reflection color', 1., 1., 1.);
#4895 = IFCCOLOURRGB('Specular color', 1., 1., 1.);
#4896 = IFCSURFACESTYLE('3acb42c0_d3bc_49d4_a7ed_98ea0419b48c', .BOTH., (#4891));
#4897 = IFCPRESENTATIONSTYLEASSIGNMENT((#4896));
#4898 = IFCSTYLEDITEM(#4890, (#4897), $);
#4899 = IFCSTYLEDREPRESENTATION(#103, 'Body', $, (#4898));
#4900 = IFCCLOSEDSHELL((#4906, #4910, #4914, #4918, #4924, #4928, #4932, #4935, #4939, #4943, #4947, #4951, #4954, #4957, #4960, #4963, #4966, #4972, #4976, #4980, #4984, #4988, #4992, #4997, #5000, #5005, #5009, #5013, #5016, #5019, #5023, #5027, #5030, #5035, #5038, #5043, #5047, #5050, #5053, #5056, #5059, #5062, #5067, #5070, #5074, #5078, #5081, #5086, #5089, #5092, #5096, #5100, #5104, #5109, #5113, #5116, #5121, #5125, #5129, #5132, #5135, #5138, #5142, #5146, #5149, #5155, #5159, #5163, #5168, #5172, #5176, #5180, #5184, #5190, #5194, #5199, #5202, #5206, #5209, #5214, #5219, #5222, #5225, #5228, #5232, #5235, #5238, #5242, #5245, #5248, #5253, #5256, #5259, #5262, #5265, #5268, #5271, #5274, #5280, #5286, #5290, #5293, #5296, #5302, #5305, #5308, #5314, #5318, #5324, #5328, #5331, #5334, #5340, #5344, #5347, #5350, #5354, #5358, #5362, #5365, #5369, #5373, #5378, #5381, #5384, #5387, #5391, #5394, #5399, #5402, #5405, #5409, #5412, #5415, #5419, #5423, #5426, #5430, #5433, #5438, #5441, #5444, #5448, #5452, #5455, #5458, #5462, #5465, #5469, #5472, #5476, #5480, #5483, #5486, #5490, #5494, #5497, #5500, #5503, #5507, #5510, #5513, #5517, #5520, #5523, #5526, #5529, #5532, #5535, #5538, #5541, #5544, #5547, #5550, #5554, #5558, #5561, #5564, #5567, #5570, #5573, #5577, #5581, #5584, #5588, #5591, #5595, #5599, #5602, #5606, #5609, #5612, #5615, #5618, #5621, #5624, #5627, #5630, #5633, #5636, #5639, #5642, #5645, #5648, #5651, #5654, #5657, #5660, #5663, #5667, #5670, #5674, #5677, #5680, #5683, #5686, #5689, #5692, #5695, #5698, #5701, #5704, #5707, #5710, #5713, #5716, #5719, #5722, #5725, #5728, #5731, #5734, #5737, #5740, #5743, #5746, #5749, #5752, #5755, #5760, #5763, #5768, #5771, #5774, #5777, #5780, #5783, #5786, #5789, #5792, #5795, #5798, #5801, #5804, #5807, #5810, #5813, #5816, #5819, #5822, #5825, #5828, #5831, #5834, #5837, #5840, #5843, #5846, #5849, #5852, #5855, #5858, #5861, #5864, #5867, #5870, #5873, #5876, #5879, #5882));
#4901 = IFCPOLYLOOP((#4902, #4903, #4904));
#4902 = IFCCARTESIANPOINT((2.414813206204E-1, -2.24030125893009E-1, 4.10868287076146E-1));
#4903 = IFCCARTESIANPOINT((2.42489553166428E-1, -2.22515883766994E-1, 4.50841032969019E-1));
#4904 = IFCCARTESIANPOINT((1.70709983787567E-1, -1.98869135068504E-1, 4.47745422363281E-1));
#4905 = IFCFACEOUTERBOUND(#4901, .T.);
#4906 = IFCFACE((#4905));
#4907 = IFCPOLYLOOP((#4904, #4908, #4902));
#4908 = IFCCARTESIANPOINT((1.70709983787102E-1, -2.00532052849627E-1, 4.11783850623851E-1));
#4909 = IFCFACEOUTERBOUND(#4907, .T.);
#4910 = IFCFACE((#4909));
#4911 = IFCPOLYLOOP((#4903, #4912, #4904));
#4912 = IFCCARTESIANPOINT((1.72843081990821E-1, -1.99482215242028E-1, 4.49775909298384E-1));
#4913 = IFCFACEOUTERBOUND(#4911, .T.);
#4914 = IFCFACE((#4913));
#4915 = IFCPOLYLOOP((#4902, #4908, #4916));
#4916 = IFCCARTESIANPOINT((1.72843088291798E-1, -2.01329905440493E-1, 4.09818603548859E-1));
#4917 = IFCFACEOUTERBOUND(#4915, .T.);
#4918 = IFCFACE((#4917));
#4919 = IFCPOLYLOOP((#4920, #4921, #4922));
#4920 = IFCCARTESIANPOINT((2.46638923953524E-1, -2.16284062737355E-1, 4.4003763160829E-1));
#4921 = IFCCARTESIANPOINT((2.433051009686E-1, -2.21291033905811E-1, 4.38567067520182E-1));
#4922 = IFCCARTESIANPOINT((2.44834840955515E-1, -2.18993563509179E-1, 4.21380176206243E-1));
#4923 = IFCFACEOUTERBOUND(#4919, .T.);
#4924 = IFCFACE((#4923));
#4925 = IFCPOLYLOOP((#4922, #4926, #4920));
#4926 = IFCCARTESIANPOINT((2.48481710791007E-1, -2.13516416549255E-1, 4.22597835800272E-1));
#4927 = IFCFACEOUTERBOUND(#4925, .T.);
#4928 = IFCFACE((#4927));
#4929 = IFCPOLYLOOP((#4930, #4926, #4922));
#4930 = IFCCARTESIANPOINT((2.48569872705573E-1, -2.13384031996545E-1, 4.10376075630896E-1));
#4931 = IFCFACEOUTERBOUND(#4929, .T.);
#4932 = IFCFACE((#4931));
#4933 = IFCPOLYLOOP((#4922, #4902, #4930));
#4934 = IFCFACEOUTERBOUND(#4933, .T.);
#4935 = IFCFACE((#4934));
#4936 = IFCPOLYLOOP((#4926, #4930, #4937));
#4937 = IFCCARTESIANPOINT((2.49724934534004E-1, -2.11649270679777E-1, 4.12297945550698E-1));
#4938 = IFCFACEOUTERBOUND(#4936, .T.);
#4939 = IFCFACE((#4938));
#4940 = IFCPOLYLOOP((#4903, #4920, #4941));
#4941 = IFCCARTESIANPOINT((2.50530728494443E-1, -2.1043906307842E-1, 4.4828043200651E-1));
#4942 = IFCFACEOUTERBOUND(#4940, .T.);
#4943 = IFCFACE((#4942));
#4944 = IFCPOLYLOOP((#4941, #4945, #4903));
#4945 = IFCCARTESIANPOINT((2.49465111459524E-1, -2.12039507518751E-1, 4.5035653494002E-1));
#4946 = IFCFACEOUTERBOUND(#4944, .T.);
#4947 = IFCFACE((#4946));
#4948 = IFCPOLYLOOP((#4926, #4949, #4920));
#4949 = IFCCARTESIANPOINT((2.50278774896408E-1, -2.10817467884548E-1, 4.37029565528892E-1));
#4950 = IFCFACEOUTERBOUND(#4948, .T.);
#4951 = IFCFACE((#4950));
#4952 = IFCPOLYLOOP((#4941, #4920, #4949));
#4953 = IFCFACEOUTERBOUND(#4952, .T.);
#4954 = IFCFACE((#4953));
#4955 = IFCPOLYLOOP((#4921, #4902, #4922));
#4956 = IFCFACEOUTERBOUND(#4955, .T.);
#4957 = IFCFACE((#4956));
#4958 = IFCPOLYLOOP((#4903, #4921, #4920));
#4959 = IFCFACEOUTERBOUND(#4958, .T.);
#4960 = IFCFACE((#4959));
#4961 = IFCPOLYLOOP((#4903, #4902, #4921));
#4962 = IFCFACEOUTERBOUND(#4961, .T.);
#4963 = IFCFACE((#4962));
#4964 = IFCPOLYLOOP((#4949, #4926, #4937));
#4965 = IFCFACEOUTERBOUND(#4964, .T.);
#4966 = IFCFACE((#4965));
#4967 = IFCPOLYLOOP((#4968, #4969, #4970));
#4968 = IFCCARTESIANPOINT((1.1944361114502E-1, 1.3203021376662E-1, 4.32444149997741E-1));
#4969 = IFCCARTESIANPOINT((2.06975639305145E-1, 1.68261506868751E-1, 4.32770904541016E-1));
#4970 = IFCCARTESIANPOINT((2.06975634501595E-1, 1.6641381811795E-1, 3.92813598724524E-1));
#4971 = IFCFACEOUTERBOUND(#4967, .T.);
#4972 = IFCFACE((#4971));
#4973 = IFCPOLYLOOP((#4970, #4974, #4968));
#4974 = IFCCARTESIANPOINT((1.19443610992458E-1, 1.30367281313115E-1, 3.96482569667533E-1));
#4975 = IFCFACEOUTERBOUND(#4973, .T.);
#4976 = IFCFACE((#4975));
#4977 = IFCPOLYLOOP((#4968, #4978, #4969));
#4978 = IFCCARTESIANPOINT((1.21345747888961E-1, 1.32907929756296E-1, 4.34405699677408E-1));
#4979 = IFCFACEOUTERBOUND(#4977, .T.);
#4980 = IFCFACE((#4979));
#4981 = IFCPOLYLOOP((#4982, #4974, #4970));
#4982 = IFCCARTESIANPOINT((1.21345753200626E-1, 1.31060234041117E-1, 3.94448395210062E-1));
#4983 = IFCFACEOUTERBOUND(#4981, .T.);
#4984 = IFCFACE((#4983));
#4985 = IFCPOLYLOOP((#4970, #4969, #4986));
#4986 = IFCCARTESIANPOINT((2.06028815806169E-1, 1.64849861266288E-1, 4.32928651034131E-1));
#4987 = IFCFACEOUTERBOUND(#4985, .T.);
#4988 = IFCFACE((#4987));
#4989 = IFCPOLYLOOP((#4986, #4990, #4970));
#4990 = IFCCARTESIANPOINT((2.0602881149866E-1, 1.63002183129744E-1, 3.92971344729324E-1));
#4991 = IFCFACEOUTERBOUND(#4989, .T.);
#4992 = IFCFACE((#4991));
#4993 = IFCPOLYLOOP((#4994, #4990, #4995));
#4994 = IFCCARTESIANPOINT((2.04992860138223E-1, 1.59361765612234E-1, 3.95141816027999E-1));
#4995 = IFCCARTESIANPOINT((2.04992840496598E-1, 1.61024639923813E-1, 4.3110339637833E-1));
#4996 = IFCFACEOUTERBOUND(#4993, .T.);
#4997 = IFCFACE((#4996));
#4998 = IFCPOLYLOOP((#4995, #4990, #4986));
#4999 = IFCFACEOUTERBOUND(#4998, .T.);
#5000 = IFCFACE((#4999));
#5001 = IFCPOLYLOOP((#5002, #4916, #5003));
#5002 = IFCCARTESIANPOINT((2.2252796169284E-1, -1.94965364621727E-1, 4.09524291992188E-1));
#5003 = IFCCARTESIANPOINT((2.12449134788543E-1, -1.82022436307518E-1, 4.08925811767578E-1));
#5004 = IFCFACEOUTERBOUND(#5001, .T.);
#5005 = IFCFACE((#5004));
#5006 = IFCPOLYLOOP((#5007, #5003, #4916));
#5007 = IFCCARTESIANPOINT((2.01863347889886E-1, -1.51620476109744E-1, 4.07519979171885E-1));
#5008 = IFCFACEOUTERBOUND(#5006, .T.);
#5009 = IFCFACE((#5008));
#5010 = IFCPOLYLOOP((#5002, #5011, #4902));
#5011 = IFCCARTESIANPOINT((2.34787193418959E-1, -2.05216481658018E-1, 4.09998322196007E-1));
#5012 = IFCFACEOUTERBOUND(#5010, .T.);
#5013 = IFCFACE((#5012));
#5014 = IFCPOLYLOOP((#4916, #5002, #4902));
#5015 = IFCFACEOUTERBOUND(#5014, .T.);
#5016 = IFCFACE((#5015));
#5017 = IFCPOLYLOOP((#4902, #5011, #4930));
#5018 = IFCFACEOUTERBOUND(#5017, .T.);
#5019 = IFCFACE((#5018));
#5020 = IFCPOLYLOOP((#5021, #5007, #4916));
#5021 = IFCCARTESIANPOINT((1.66109988763173E-1, 7.83686571778812E-2, 3.96884940189339E-1));
#5022 = IFCFACEOUTERBOUND(#5020, .T.);
#5023 = IFCFACE((#5022));
#5024 = IFCPOLYLOOP((#5025, #5021, #4982));
#5025 = IFCCARTESIANPOINT((1.65142188987762E-1, 9.22044084800796E-2, 3.96245147705078E-1));
#5026 = IFCFACEOUTERBOUND(#5024, .T.);
#5027 = IFCFACE((#5026));
#5028 = IFCPOLYLOOP((#5021, #4916, #4982));
#5029 = IFCFACEOUTERBOUND(#5028, .T.);
#5030 = IFCFACE((#5029));
#5031 = IFCPOLYLOOP((#4982, #5032, #5033));
#5032 = IFCCARTESIANPOINT((1.70482200584442E-1, 1.19767488314064E-1, 3.94970581054688E-1));
#5033 = IFCCARTESIANPOINT((1.66504402122528E-1, 1.06240968538673E-1, 3.95596069335938E-1));
#5034 = IFCFACEOUTERBOUND(#5031, .T.);
#5035 = IFCFACE((#5034));
#5036 = IFCPOLYLOOP((#5033, #5025, #4982));
#5037 = IFCFACEOUTERBOUND(#5036, .T.);
#5038 = IFCFACE((#5037));
#5039 = IFCPOLYLOOP((#4982, #5040, #5041));
#5040 = IFCCARTESIANPOINT((1.85670829734833E-1, 1.43409334017189E-1, 3.93877349853516E-1));
#5041 = IFCCARTESIANPOINT((1.77006538352997E-1, 1.32272065950783E-1, 3.94392364501953E-1));
#5042 = IFCFACEOUTERBOUND(#5039, .T.);
#5043 = IFCFACE((#5042));
#5044 = IFCPOLYLOOP((#4990, #5045, #4970));
#5045 = IFCCARTESIANPOINT((1.95766782478491E-1, 1.53289042510039E-1, 3.93420508358559E-1));
#5046 = IFCFACEOUTERBOUND(#5044, .T.);
#5047 = IFCFACE((#5046));
#5048 = IFCPOLYLOOP((#4982, #5045, #5040));
#5049 = IFCFACEOUTERBOUND(#5048, .T.);
#5050 = IFCFACE((#5049));
#5051 = IFCPOLYLOOP((#5045, #4982, #4970));
#5052 = IFCFACEOUTERBOUND(#5051, .T.);
#5053 = IFCFACE((#5052));
#5054 = IFCPOLYLOOP((#5041, #5032, #4982));
#5055 = IFCFACEOUTERBOUND(#5054, .T.);
#5056 = IFCFACE((#5055));
#5057 = IFCPOLYLOOP((#4904, #4968, #4974));
#5058 = IFCFACEOUTERBOUND(#5057, .T.);
#5059 = IFCFACE((#5058));
#5060 = IFCPOLYLOOP((#4974, #4908, #4904));
#5061 = IFCFACEOUTERBOUND(#5060, .T.);
#5062 = IFCFACE((#5061));
#5063 = IFCPOLYLOOP((#5064, #5065, #4903));
#5064 = IFCCARTESIANPOINT((2.35398826637411E-1, -2.03784408997601E-1, 4.49974855650124E-1));
#5065 = IFCCARTESIANPOINT((2.2252796169284E-1, -1.93117681668846E-1, 4.49481597900391E-1));
#5066 = IFCFACEOUTERBOUND(#5063, .T.);
#5067 = IFCFACE((#5066));
#5068 = IFCPOLYLOOP((#4912, #4903, #5065));
#5069 = IFCFACEOUTERBOUND(#5068, .T.);
#5070 = IFCFACE((#5069));
#5071 = IFCPOLYLOOP((#5072, #4978, #4912));
#5072 = IFCCARTESIANPOINT((1.89059215210986E-1, -1.45776426176679E-1, 4.47292485825797E-1));
#5073 = IFCFACEOUTERBOUND(#5071, .T.);
#5074 = IFCFACE((#5073));
#5075 = IFCPOLYLOOP((#5076, #5072, #4912));
#5076 = IFCCARTESIANPOINT((2.12642173728973E-1, -1.80489843534081E-1, 4.48897674560547E-1));
#5077 = IFCFACEOUTERBOUND(#5075, .T.);
#5078 = IFCFACE((#5077));
#5079 = IFCPOLYLOOP((#5065, #5076, #4912));
#5080 = IFCFACEOUTERBOUND(#5079, .T.);
#5081 = IFCFACE((#5080));
#5082 = IFCPOLYLOOP((#5083, #5084, #5072));
#5083 = IFCCARTESIANPOINT((2.01860529074524E-1, -1.49753736954454E-1, 4.47476336585876E-1));
#5084 = IFCCARTESIANPOINT((1.6605471196499E-1, 8.05711061588313E-2, 4.36825817357811E-1));
#5085 = IFCFACEOUTERBOUND(#5082, .T.);
#5086 = IFCFACE((#5085));
#5087 = IFCPOLYLOOP((#5064, #4903, #4945));
#5088 = IFCFACEOUTERBOUND(#5087, .T.);
#5089 = IFCFACE((#5088));
#5090 = IFCPOLYLOOP((#4978, #5072, #5084));
#5091 = IFCFACEOUTERBOUND(#5090, .T.);
#5092 = IFCFACE((#5091));
#5093 = IFCPOLYLOOP((#4978, #5084, #5094));
#5094 = IFCCARTESIANPOINT((1.65298752970482E-1, 8.81791943178282E-2, 4.36473954811102E-1));
#5095 = IFCFACEOUTERBOUND(#5093, .T.);
#5096 = IFCFACE((#5095));
#5097 = IFCPOLYLOOP((#4978, #5094, #5098));
#5098 = IFCCARTESIANPOINT((1.65193916282684E-1, 9.64046648277358E-2, 4.36093658447266E-1));
#5099 = IFCFACEOUTERBOUND(#5097, .T.);
#5100 = IFCFACE((#5099));
#5101 = IFCPOLYLOOP((#4978, #5098, #5102));
#5102 = IFCCARTESIANPOINT((1.65923011741668E-1, 1.0460577566758E-1, 4.35714447021484E-1));
#5103 = IFCFACEOUTERBOUND(#5101, .T.);
#5104 = IFCFACE((#5103));
#5105 = IFCPOLYLOOP((#4978, #5106, #5107));
#5106 = IFCCARTESIANPOINT((1.67534721336395E-1, 1.12681733919533E-1, 4.35341003417969E-1));
#5107 = IFCCARTESIANPOINT((1.70049095115692E-1, 1.20520845247658E-1, 4.34978485107422E-1));
#5108 = IFCFACEOUTERBOUND(#5105, .T.);
#5109 = IFCFACE((#5108));
#5110 = IFCPOLYLOOP((#4978, #5107, #5111));
#5111 = IFCCARTESIANPOINT((1.73448280296356E-1, 1.28021089388283E-1, 4.34631683349609E-1));
#5112 = IFCFACEOUTERBOUND(#5110, .T.);
#5113 = IFCFACE((#5112));
#5114 = IFCPOLYLOOP((#5106, #4978, #5102));
#5115 = IFCFACEOUTERBOUND(#5114, .T.);
#5116 = IFCFACE((#5115));
#5117 = IFCPOLYLOOP((#4978, #5118, #5119));
#5118 = IFCCARTESIANPOINT((1.77563835105926E-1, 1.34968690706642E-1, 4.34310394287109E-1));
#5119 = IFCCARTESIANPOINT((1.82577476463348E-1, 1.41706270052345E-1, 4.33998840332031E-1));
#5120 = IFCFACEOUTERBOUND(#5117, .T.);
#5121 = IFCFACE((#5120));
#5122 = IFCPOLYLOOP((#4978, #5119, #5123));
#5123 = IFCCARTESIANPOINT((1.88108177146942E-1, 1.47814027620705E-1, 4.33716430664063E-1));
#5124 = IFCFACEOUTERBOUND(#5122, .T.);
#5125 = IFCFACE((#5124));
#5126 = IFCPOLYLOOP((#5127, #4986, #4969));
#5127 = IFCCARTESIANPOINT((1.94057137186059E-1, 1.5351855076331E-1, 4.33452643105979E-1));
#5128 = IFCFACEOUTERBOUND(#5126, .T.);
#5129 = IFCFACE((#5128));
#5130 = IFCPOLYLOOP((#5127, #4978, #5123));
#5131 = IFCFACEOUTERBOUND(#5130, .T.);
#5132 = IFCFACE((#5131));
#5133 = IFCPOLYLOOP((#5127, #4969, #4978));
#5134 = IFCFACEOUTERBOUND(#5133, .T.);
#5135 = IFCFACE((#5134));
#5136 = IFCPOLYLOOP((#5118, #4978, #5111));
#5137 = IFCFACEOUTERBOUND(#5136, .T.);
#5138 = IFCFACE((#5137));
#5139 = IFCPOLYLOOP((#5072, #5076, #5140));
#5140 = IFCCARTESIANPOINT((2.06964061844166E-1, -1.67249416859459E-1, 4.4828539397827E-1));
#5141 = IFCFACEOUTERBOUND(#5139, .T.);
#5142 = IFCFACE((#5141));
#5143 = IFCPOLYLOOP((#5072, #5140, #5144));
#5144 = IFCCARTESIANPOINT((2.04283159399476E-1, -1.58807359857976E-1, 4.47895005684637E-1));
#5145 = IFCFACEOUTERBOUND(#5143, .T.);
#5146 = IFCFACE((#5145));
#5147 = IFCPOLYLOOP((#5072, #5144, #5083));
#5148 = IFCFACEOUTERBOUND(#5147, .T.);
#5149 = IFCFACE((#5148));
#5150 = IFCPOLYLOOP((#5151, #5152, #5153));
#5151 = IFCCARTESIANPOINT((1.68124379095898E-1, 7.85211673566296E-2, 3.98880009454224E-1));
#5152 = IFCCARTESIANPOINT((1.68117693488155E-1, 8.02274283011097E-2, 4.34838667133982E-1));
#5153 = IFCCARTESIANPOINT((2.03845891318747E-1, -1.4959844811063E-1, 4.45466723539103E-1));
#5154 = IFCFACEOUTERBOUND(#5150, .T.);
#5155 = IFCFACE((#5154));
#5156 = IFCPOLYLOOP((#5153, #5157, #5151));
#5157 = IFCCARTESIANPOINT((2.03840553245575E-1, -1.50395673917381E-1, 4.27484710693359E-1));
#5158 = IFCFACEOUTERBOUND(#5156, .T.);
#5159 = IFCFACE((#5158));
#5160 = IFCPOLYLOOP((#5161, #5151, #5157));
#5161 = IFCCARTESIANPOINT((2.03846289118608E-1, -1.5126362196679E-1, 4.09506325153154E-1));
#5162 = IFCFACEOUTERBOUND(#5160, .T.);
#5163 = IFCFACE((#5162));
#5164 = IFCPOLYLOOP((#4937, #5165, #5166));
#5165 = IFCCARTESIANPOINT((2.4435549599729E-1, -2.08424776510972E-1, 4.16653489980641E-1));
#5166 = IFCCARTESIANPOINT((2.44355347086612E-1, -2.07840632257478E-1, 4.29284030921948E-1));
#5167 = IFCFACEOUTERBOUND(#5164, .T.);
#5168 = IFCFACE((#5167));
#5169 = IFCPOLYLOOP((#5166, #5165, #5170));
#5170 = IFCCARTESIANPOINT((2.38322761008559E-1, -2.04653276060345E-1, 4.20984034897578E-1));
#5171 = IFCFACEOUTERBOUND(#5169, .T.);
#5172 = IFCFACE((#5171));
#5173 = IFCPOLYLOOP((#5170, #5174, #5166));
#5174 = IFCCARTESIANPOINT((2.38322761497528E-1, -2.03821817563622E-1, 4.3896484375E-1));
#5175 = IFCFACEOUTERBOUND(#5173, .T.);
#5176 = IFCFACE((#5175));
#5177 = IFCPOLYLOOP((#5178, #5157, #5153));
#5178 = IFCCARTESIANPOINT((2.05633094749481E-1, -1.58690870450585E-1, 4.45887542724609E-1));
#5179 = IFCFACEOUTERBOUND(#5177, .T.);
#5180 = IFCFACE((#5179));
#5181 = IFCPOLYLOOP((#5182, #5157, #5178));
#5182 = IFCCARTESIANPOINT((2.08310783348114E-1, -1.67232206510155E-1, 4.46282501220703E-1));
#5183 = IFCFACEOUTERBOUND(#5181, .T.);
#5184 = IFCFACE((#5183));
#5185 = IFCPOLYLOOP((#5186, #5187, #5188));
#5186 = IFCCARTESIANPOINT((2.16321617088348E-1, -1.82558935330956E-1, 4.469912109375E-1));
#5187 = IFCCARTESIANPOINT((2.16321617088348E-1, -1.84221845792381E-1, 4.11029632568359E-1));
#5188 = IFCCARTESIANPOINT((2.11873619041473E-1, -1.76851148770897E-1, 4.10688812255859E-1));
#5189 = IFCFACEOUTERBOUND(#5185, .T.);
#5190 = IFCFACE((#5189));
#5191 = IFCPOLYLOOP((#5188, #5192, #5186));
#5192 = IFCCARTESIANPOINT((2.11873619041473E-1, -1.75188230680077E-1, 4.46650390625E-1));
#5193 = IFCFACEOUTERBOUND(#5191, .T.);
#5194 = IFCFACE((#5193));
#5195 = IFCPOLYLOOP((#5186, #5196, #5197));
#5196 = IFCCARTESIANPOINT((2.21654746971161E-1, -1.89344312833397E-1, 4.47304992675781E-1));
#5197 = IFCCARTESIANPOINT((2.21654746971161E-1, -1.91007230924217E-1, 4.11343414306641E-1));
#5198 = IFCFACEOUTERBOUND(#5195, .T.);
#5199 = IFCFACE((#5198));
#5200 = IFCPOLYLOOP((#5197, #5187, #5186));
#5201 = IFCFACEOUTERBOUND(#5200, .T.);
#5202 = IFCFACE((#5201));
#5203 = IFCPOLYLOOP((#5192, #5188, #5204));
#5204 = IFCCARTESIANPOINT((2.08310783348114E-1, -1.68895124600975E-1, 4.10320922851563E-1));
#5205 = IFCFACEOUTERBOUND(#5203, .T.);
#5206 = IFCFACE((#5205));
#5207 = IFCPOLYLOOP((#5204, #5182, #5192));
#5208 = IFCFACEOUTERBOUND(#5207, .T.);
#5209 = IFCFACE((#5208));
#5210 = IFCPOLYLOOP((#5174, #5211, #5212));
#5211 = IFCCARTESIANPOINT((2.27873039207489E-1, -1.9554437844619E-1, 4.47591674804688E-1));
#5212 = IFCCARTESIANPOINT((2.34976478538543E-1, -2.0115912453994E-1, 4.47851318359375E-1));
#5213 = IFCFACEOUTERBOUND(#5210, .T.);
#5214 = IFCFACE((#5213));
#5215 = IFCPOLYLOOP((#5216, #5217, #5174));
#5216 = IFCCARTESIANPOINT((2.42965064964325E-1, -2.0618854729995E-1, 4.48083892822266E-1));
#5217 = IFCCARTESIANPOINT((2.44355410403242E-1, -2.07177532817361E-1, 4.43624759373473E-1));
#5218 = IFCFACEOUTERBOUND(#5215, .T.);
#5219 = IFCFACE((#5218));
#5220 = IFCPOLYLOOP((#5174, #5212, #5216));
#5221 = IFCFACEOUTERBOUND(#5220, .T.);
#5222 = IFCFACE((#5221));
#5223 = IFCPOLYLOOP((#4949, #5166, #5174));
#5224 = IFCFACEOUTERBOUND(#5223, .T.);
#5225 = IFCFACE((#5224));
#5226 = IFCPOLYLOOP((#5174, #5217, #4949));
#5227 = IFCFACEOUTERBOUND(#5226, .T.);
#5228 = IFCFACE((#5227));
#5229 = IFCPOLYLOOP((#5211, #5230, #5197));
#5230 = IFCCARTESIANPOINT((2.27873039207489E-1, -1.9720729653701E-1, 4.11630096435547E-1));
#5231 = IFCFACEOUTERBOUND(#5229, .T.);
#5232 = IFCFACE((#5231));
#5233 = IFCPOLYLOOP((#5197, #5196, #5211));
#5234 = IFCFACEOUTERBOUND(#5233, .T.);
#5235 = IFCFACE((#5234));
#5236 = IFCPOLYLOOP((#5170, #5211, #5174));
#5237 = IFCFACEOUTERBOUND(#5236, .T.);
#5238 = IFCFACE((#5237));
#5239 = IFCPOLYLOOP((#5161, #5157, #5240));
#5240 = IFCCARTESIANPOINT((2.05633094749481E-1, -1.60353788541405E-1, 4.09925933837891E-1));
#5241 = IFCFACEOUTERBOUND(#5239, .T.);
#5242 = IFCFACE((#5241));
#5243 = IFCPOLYLOOP((#5204, #5240, #5157));
#5244 = IFCFACEOUTERBOUND(#5243, .T.);
#5245 = IFCFACE((#5244));
#5246 = IFCPOLYLOOP((#5182, #5204, #5157));
#5247 = IFCFACEOUTERBOUND(#5246, .T.);
#5248 = IFCFACE((#5247));
#5249 = IFCPOLYLOOP((#5250, #5251, #5170));
#5250 = IFCCARTESIANPOINT((2.42963577178199E-1, -2.07850566755403E-1, 4.12122327796279E-1));
#5251 = IFCCARTESIANPOINT((2.34976478538543E-1, -2.02822038816063E-1, 4.11889739990234E-1));
#5252 = IFCFACEOUTERBOUND(#5249, .T.);
#5253 = IFCFACE((#5252));
#5254 = IFCPOLYLOOP((#5170, #5165, #5250));
#5255 = IFCFACEOUTERBOUND(#5254, .T.);
#5256 = IFCFACE((#5255));
#5257 = IFCPOLYLOOP((#5251, #5230, #5170));
#5258 = IFCFACEOUTERBOUND(#5257, .T.);
#5259 = IFCFACE((#5258));
#5260 = IFCPOLYLOOP((#5170, #5230, #5211));
#5261 = IFCFACEOUTERBOUND(#5260, .T.);
#5262 = IFCFACE((#5261));
#5263 = IFCPOLYLOOP((#4949, #5217, #4941));
#5264 = IFCFACEOUTERBOUND(#5263, .T.);
#5265 = IFCFACE((#5264));
#5266 = IFCPOLYLOOP((#4941, #5217, #5216));
#5267 = IFCFACEOUTERBOUND(#5266, .T.);
#5268 = IFCFACE((#5267));
#5269 = IFCPOLYLOOP((#4949, #4937, #5166));
#5270 = IFCFACEOUTERBOUND(#5269, .T.);
#5271 = IFCFACE((#5270));
#5272 = IFCPOLYLOOP((#5165, #4937, #5250));
#5273 = IFCFACEOUTERBOUND(#5272, .T.);
#5274 = IFCFACE((#5273));
#5275 = IFCPOLYLOOP((#5276, #5277, #5278));
#5276 = IFCCARTESIANPOINT((1.88383842430145E-1, 1.44722902132423E-1, 4.22847595214844E-1));
#5277 = IFCCARTESIANPOINT((1.88383842430145E-1, 1.44307161165626E-1, 4.13857208251953E-1));
#5278 = IFCCARTESIANPOINT((1.92545809954038E-1, 1.48688934576459E-1, 4.1965778364711E-1));
#5279 = IFCFACEOUTERBOUND(#5275, .T.);
#5280 = IFCFACE((#5279));
#5281 = IFCPOLYLOOP((#5282, #5283, #5284));
#5282 = IFCCARTESIANPOINT((1.84292762718231E-1, 1.39719514681251E-1, 4.140693359375E-1));
#5283 = IFCCARTESIANPOINT((1.84292762718231E-1, 1.40135255648048E-1, 4.23059753417969E-1));
#5284 = IFCCARTESIANPOINT((1.80638832054168E-1, 1.35395692659767E-1, 4.23278900146484E-1));
#5285 = IFCFACEOUTERBOUND(#5281, .T.);
#5286 = IFCFACE((#5285));
#5287 = IFCPOLYLOOP((#5284, #5288, #5282));
#5288 = IFCCARTESIANPOINT((1.80638832054168E-1, 1.3497995169297E-1, 4.14288513183594E-1));
#5289 = IFCFACEOUTERBOUND(#5287, .T.);
#5290 = IFCFACE((#5289));
#5291 = IFCPOLYLOOP((#5277, #5276, #5283));
#5292 = IFCFACEOUTERBOUND(#5291, .T.);
#5293 = IFCFACE((#5292));
#5294 = IFCPOLYLOOP((#5283, #5282, #5277));
#5295 = IFCFACEOUTERBOUND(#5294, .T.);
#5296 = IFCFACE((#5295));
#5297 = IFCPOLYLOOP((#5298, #5299, #5300));
#5298 = IFCCARTESIANPOINT((1.77422035179168E-1, 1.3050421316758E-1, 4.23505096435547E-1));
#5299 = IFCCARTESIANPOINT((1.74648201402046E-1, 1.25471283284384E-1, 4.23712595345617E-1));
#5300 = IFCCARTESIANPOINT((1.77422035179168E-1, 1.30088502718361E-1, 4.14514709472656E-1));
#5301 = IFCFACEOUTERBOUND(#5297, .T.);
#5302 = IFCFACE((#5301));
#5303 = IFCPOLYLOOP((#5300, #5288, #5284));
#5304 = IFCFACEOUTERBOUND(#5303, .T.);
#5305 = IFCFACE((#5304));
#5306 = IFCPOLYLOOP((#5284, #5298, #5300));
#5307 = IFCFACEOUTERBOUND(#5306, .T.);
#5308 = IFCFACE((#5307));
#5309 = IFCPOLYLOOP((#5310, #5311, #5312));
#5310 = IFCCARTESIANPOINT((1.72305046043426E-1, 1.19862642122658E-1, 4.14987548828125E-1));
#5311 = IFCCARTESIANPOINT((1.72305046043426E-1, 1.20278383089455E-1, 4.23977966308594E-1));
#5312 = IFCCARTESIANPOINT((1.70402717552215E-1, 1.14944703890236E-1, 4.24224578857422E-1));
#5313 = IFCFACEOUTERBOUND(#5309, .T.);
#5314 = IFCFACE((#5313));
#5315 = IFCPOLYLOOP((#5312, #5316, #5310));
#5316 = IFCCARTESIANPOINT((1.70402717552215E-1, 1.14528962923439E-1, 4.15234191894531E-1));
#5317 = IFCFACEOUTERBOUND(#5315, .T.);
#5318 = IFCFACE((#5317));
#5319 = IFCPOLYLOOP((#5320, #5321, #5322));
#5320 = IFCCARTESIANPOINT((1.67903160057098E-1, 1.03408143831642E-1, 4.15748443603516E-1));
#5321 = IFCCARTESIANPOINT((1.68935417137176E-1, 1.09044160677345E-1, 4.15487823486328E-1));
#5322 = IFCCARTESIANPOINT((1.68935417137176E-1, 1.09459871126564E-1, 4.24478210449219E-1));
#5323 = IFCFACEOUTERBOUND(#5319, .T.);
#5324 = IFCFACE((#5323));
#5325 = IFCPOLYLOOP((#5322, #5326, #5320));
#5326 = IFCCARTESIANPOINT((1.67903160057098E-1, 1.03823884798439E-1, 4.24738830566406E-1));
#5327 = IFCFACEOUTERBOUND(#5325, .T.);
#5328 = IFCFACE((#5327));
#5329 = IFCPOLYLOOP((#5321, #5316, #5312));
#5330 = IFCFACEOUTERBOUND(#5329, .T.);
#5331 = IFCFACE((#5330));
#5332 = IFCPOLYLOOP((#5312, #5322, #5321));
#5333 = IFCFACEOUTERBOUND(#5332, .T.);
#5334 = IFCFACE((#5333));
#5335 = IFCPOLYLOOP((#5336, #5337, #5338));
#5336 = IFCCARTESIANPOINT((1.67143714866668E-1, 9.16826799644546E-2, 4.16290649414063E-1));
#5337 = IFCCARTESIANPOINT((1.67305915794403E-1, 9.76210039390639E-2, 4.16016052246094E-1));
#5338 = IFCCARTESIANPOINT((1.67305915794403E-1, 9.80367143882827E-2, 4.25006439208984E-1));
#5339 = IFCFACEOUTERBOUND(#5335, .T.);
#5340 = IFCFACE((#5339));
#5341 = IFCPOLYLOOP((#5338, #5342, #5336));
#5342 = IFCCARTESIANPOINT((1.67143714866668E-1, 9.20983904136733E-2, 4.25281036376953E-1));
#5343 = IFCFACEOUTERBOUND(#5341, .T.);
#5344 = IFCFACE((#5343));
#5345 = IFCPOLYLOOP((#5337, #5320, #5326));
#5346 = IFCFACEOUTERBOUND(#5345, .T.);
#5347 = IFCFACE((#5346));
#5348 = IFCPOLYLOOP((#5326, #5338, #5337));
#5349 = IFCFACEOUTERBOUND(#5348, .T.);
#5350 = IFCFACE((#5349));
#5351 = IFCPOLYLOOP((#5352, #5336, #5342));
#5352 = IFCCARTESIANPOINT((1.67416542015106E-1, 8.55931719078139E-2, 4.16572235107422E-1));
#5353 = IFCFACEOUTERBOUND(#5351, .T.);
#5354 = IFCFACE((#5353));
#5355 = IFCPOLYLOOP((#5342, #5356, #5352));
#5356 = IFCCARTESIANPOINT((1.67416542015106E-1, 8.60089128746108E-2, 4.25562622070313E-1));
#5357 = IFCFACEOUTERBOUND(#5355, .T.);
#5358 = IFCFACE((#5357));
#5359 = IFCPOLYLOOP((#5360, #5276, #5278));
#5360 = IFCCARTESIANPOINT((1.91832518716076E-1, 1.48568917201575E-1, 4.31685400793814E-1));
#5361 = IFCFACEOUTERBOUND(#5359, .T.);
#5362 = IFCFACE((#5361));
#5363 = IFCPOLYLOOP((#5278, #4995, #5360));
#5364 = IFCFACEOUTERBOUND(#5363, .T.);
#5365 = IFCFACE((#5364));
#5366 = IFCPOLYLOOP((#5367, #5283, #5276));
#5367 = IFCCARTESIANPOINT((1.84963523826629E-1, 1.41348787142189E-1, 4.32013244628906E-1));
#5368 = IFCFACEOUTERBOUND(#5366, .T.);
#5369 = IFCFACE((#5368));
#5370 = IFCPOLYLOOP((#5276, #5371, #5367));
#5371 = IFCCARTESIANPOINT((1.88246742210418E-1, 1.44994783235939E-1, 4.31844635009766E-1));
#5372 = IFCFACEOUTERBOUND(#5370, .T.);
#5373 = IFCFACE((#5372));
#5374 = IFCPOLYLOOP((#5284, #5375, #5376));
#5375 = IFCCARTESIANPOINT((1.81957710227997E-1, 1.37606386019142E-1, 4.32186309814453E-1));
#5376 = IFCCARTESIANPOINT((1.79229270896942E-1, 1.33767610384376E-1, 4.32363800048828E-1));
#5377 = IFCFACEOUTERBOUND(#5374, .T.);
#5378 = IFCFACE((#5377));
#5379 = IFCPOLYLOOP((#5375, #5284, #5283));
#5380 = IFCFACEOUTERBOUND(#5379, .T.);
#5381 = IFCFACE((#5380));
#5382 = IFCPOLYLOOP((#5283, #5367, #5375));
#5383 = IFCFACEOUTERBOUND(#5382, .T.);
#5384 = IFCFACE((#5383));
#5385 = IFCPOLYLOOP((#5298, #5284, #5376));
#5386 = IFCFACEOUTERBOUND(#5385, .T.);
#5387 = IFCFACE((#5386));
#5388 = IFCPOLYLOOP((#5376, #5389, #5298));
#5389 = IFCCARTESIANPOINT((1.76778236351043E-1, 1.29832429720314E-1, 4.32545776367188E-1));
#5390 = IFCFACEOUTERBOUND(#5388, .T.);
#5391 = IFCFACE((#5390));
#5392 = IFCPOLYLOOP((#4995, #5278, #4994));
#5393 = IFCFACEOUTERBOUND(#5392, .T.);
#5394 = IFCFACE((#5393));
#5395 = IFCPOLYLOOP((#5396, #5397, #5277));
#5396 = IFCCARTESIANPOINT((1.84963523826629E-1, 1.39685884310158E-1, 3.96051666259766E-1));
#5397 = IFCCARTESIANPOINT((1.91807424103929E-1, 1.46881596662353E-1, 3.95718920103671E-1));
#5398 = IFCFACEOUTERBOUND(#5395, .T.);
#5399 = IFCFACE((#5398));
#5400 = IFCPOLYLOOP((#5277, #5282, #5396));
#5401 = IFCFACEOUTERBOUND(#5400, .T.);
#5402 = IFCFACE((#5401));
#5403 = IFCPOLYLOOP((#5278, #5277, #5397));
#5404 = IFCFACEOUTERBOUND(#5403, .T.);
#5405 = IFCFACE((#5404));
#5406 = IFCPOLYLOOP((#5288, #5407, #5396));
#5407 = IFCCARTESIANPOINT((1.79229270896942E-1, 1.32104707552345E-1, 3.96402221679688E-1));
#5408 = IFCFACEOUTERBOUND(#5406, .T.);
#5409 = IFCFACE((#5408));
#5410 = IFCPOLYLOOP((#5396, #5282, #5288));
#5411 = IFCFACEOUTERBOUND(#5410, .T.);
#5412 = IFCFACE((#5411));
#5413 = IFCPOLYLOOP((#5299, #5298, #5389));
#5414 = IFCFACEOUTERBOUND(#5413, .T.);
#5415 = IFCFACE((#5414));
#5416 = IFCPOLYLOOP((#5389, #5417, #5299));
#5417 = IFCCARTESIANPOINT((1.74604576072723E-1, 1.25800874544533E-1, 4.32732208251953E-1));
#5418 = IFCFACEOUTERBOUND(#5416, .T.);
#5419 = IFCFACE((#5418));
#5420 = IFCPOLYLOOP((#5300, #5421, #5407));
#5421 = IFCCARTESIANPOINT((1.74604576072723E-1, 1.24137971712501E-1, 3.96770629882813E-1));
#5422 = IFCFACEOUTERBOUND(#5420, .T.);
#5423 = IFCFACE((#5422));
#5424 = IFCPOLYLOOP((#5407, #5288, #5300));
#5425 = IFCFACEOUTERBOUND(#5424, .T.);
#5426 = IFCFACE((#5425));
#5427 = IFCPOLYLOOP((#5299, #5417, #5428));
#5428 = IFCCARTESIANPOINT((1.7270830532077E-1, 1.21672944857033E-1, 4.32923095703125E-1));
#5429 = IFCFACEOUTERBOUND(#5427, .T.);
#5430 = IFCFACE((#5429));
#5431 = IFCPOLYLOOP((#5428, #5311, #5299));
#5432 = IFCFACEOUTERBOUND(#5431, .T.);
#5433 = IFCFACE((#5432));
#5434 = IFCPOLYLOOP((#5312, #5435, #5436));
#5435 = IFCCARTESIANPOINT((1.71089439353973E-1, 1.17448610140236E-1, 4.33118438720703E-1));
#5436 = IFCCARTESIANPOINT((1.69747947654754E-1, 1.1312790091172E-1, 4.33318206787109E-1));
#5437 = IFCFACEOUTERBOUND(#5434, .T.);
#5438 = IFCFACE((#5437));
#5439 = IFCPOLYLOOP((#5435, #5312, #5311));
#5440 = IFCFACEOUTERBOUND(#5439, .T.);
#5441 = IFCFACE((#5440));
#5442 = IFCPOLYLOOP((#5311, #5428, #5435));
#5443 = IFCFACEOUTERBOUND(#5442, .T.);
#5444 = IFCFACE((#5443));
#5445 = IFCPOLYLOOP((#5326, #5322, #5446));
#5446 = IFCCARTESIANPOINT((1.68683845481903E-1, 1.08710786653908E-1, 4.335224609375E-1));
#5447 = IFCFACEOUTERBOUND(#5445, .T.);
#5448 = IFCFACE((#5447));
#5449 = IFCPOLYLOOP((#5446, #5450, #5326));
#5450 = IFCCARTESIANPOINT((1.67897132835418E-1, 1.04197267366798E-1, 4.33731170654297E-1));
#5451 = IFCFACEOUTERBOUND(#5449, .T.);
#5452 = IFCFACE((#5451));
#5453 = IFCPOLYLOOP((#5322, #5312, #5436));
#5454 = IFCFACEOUTERBOUND(#5453, .T.);
#5455 = IFCFACE((#5454));
#5456 = IFCPOLYLOOP((#5436, #5446, #5322));
#5457 = IFCFACEOUTERBOUND(#5456, .T.);
#5458 = IFCFACE((#5457));
#5459 = IFCPOLYLOOP((#5460, #5338, #5326));
#5460 = IFCCARTESIANPOINT((1.67387809715301E-1, 9.95874040855483E-2, 4.33944366455078E-1));
#5461 = IFCFACEOUTERBOUND(#5459, .T.);
#5462 = IFCFACE((#5461));
#5463 = IFCPOLYLOOP((#5326, #5450, #5460));
#5464 = IFCFACEOUTERBOUND(#5463, .T.);
#5465 = IFCFACE((#5464));
#5466 = IFCPOLYLOOP((#5338, #5460, #5467));
#5467 = IFCCARTESIANPOINT((1.67155876121551E-1, 9.48811357750014E-2, 4.34161987304688E-1));
#5468 = IFCFACEOUTERBOUND(#5466, .T.);
#5469 = IFCFACE((#5468));
#5470 = IFCPOLYLOOP((#5467, #5342, #5338));
#5471 = IFCFACEOUTERBOUND(#5470, .T.);
#5472 = IFCFACE((#5471));
#5473 = IFCPOLYLOOP((#5356, #5342, #5474));
#5474 = IFCCARTESIANPOINT((1.67201332054168E-1, 9.00784624351577E-2, 4.34384063720703E-1));
#5475 = IFCFACEOUTERBOUND(#5473, .T.);
#5476 = IFCFACE((#5475));
#5477 = IFCPOLYLOOP((#5474, #5478, #5356));
#5478 = IFCCARTESIANPOINT((1.67525750405458E-1, 8.51625486647531E-2, 4.3461339551038E-1));
#5479 = IFCFACEOUTERBOUND(#5477, .T.);
#5480 = IFCFACE((#5479));
#5481 = IFCPOLYLOOP((#5474, #5342, #5467));
#5482 = IFCFACEOUTERBOUND(#5481, .T.);
#5483 = IFCFACE((#5482));
#5484 = IFCPOLYLOOP((#5152, #5356, #5478));
#5485 = IFCFACEOUTERBOUND(#5484, .T.);
#5486 = IFCFACE((#5485));
#5487 = IFCPOLYLOOP((#5488, #5310, #5316));
#5488 = IFCCARTESIANPOINT((1.71089439353973E-1, 1.15785676790626E-1, 3.97156860351563E-1));
#5489 = IFCFACEOUTERBOUND(#5487, .T.);
#5490 = IFCFACE((#5489));
#5491 = IFCPOLYLOOP((#5492, #5321, #5320));
#5492 = IFCCARTESIANPOINT((1.68683845481903E-1, 1.07047853304298E-1, 3.97560882568359E-1));
#5493 = IFCFACEOUTERBOUND(#5491, .T.);
#5494 = IFCFACE((#5493));
#5495 = IFCPOLYLOOP((#5316, #5321, #5492));
#5496 = IFCFACEOUTERBOUND(#5495, .T.);
#5497 = IFCFACE((#5496));
#5498 = IFCPOLYLOOP((#5492, #5488, #5316));
#5499 = IFCFACEOUTERBOUND(#5498, .T.);
#5500 = IFCFACE((#5499));
#5501 = IFCPOLYLOOP((#5310, #5421, #5299));
#5502 = IFCFACEOUTERBOUND(#5501, .T.);
#5503 = IFCFACE((#5502));
#5504 = IFCPOLYLOOP((#5505, #5492, #5320));
#5505 = IFCCARTESIANPOINT((1.67387809715301E-1, 9.79244707359389E-2, 3.97982788085938E-1));
#5506 = IFCFACEOUTERBOUND(#5504, .T.);
#5507 = IFCFACE((#5506));
#5508 = IFCPOLYLOOP((#5320, #5337, #5505));
#5509 = IFCFACEOUTERBOUND(#5508, .T.);
#5510 = IFCFACE((#5509));
#5511 = IFCPOLYLOOP((#5505, #5337, #5336));
#5512 = IFCFACEOUTERBOUND(#5511, .T.);
#5513 = IFCFACE((#5512));
#5514 = IFCPOLYLOOP((#5336, #5515, #5505));
#5515 = IFCCARTESIANPOINT((1.67201332054168E-1, 8.84155596031264E-2, 3.98422485351563E-1));
#5516 = IFCFACEOUTERBOUND(#5514, .T.);
#5517 = IFCFACE((#5516));
#5518 = IFCPOLYLOOP((#5336, #5352, #5515));
#5519 = IFCFACEOUTERBOUND(#5518, .T.);
#5520 = IFCFACE((#5519));
#5521 = IFCPOLYLOOP((#5151, #5352, #5356));
#5522 = IFCFACEOUTERBOUND(#5521, .T.);
#5523 = IFCFACE((#5522));
#5524 = IFCPOLYLOOP((#5151, #5356, #5152));
#5525 = IFCFACEOUTERBOUND(#5524, .T.);
#5526 = IFCFACE((#5525));
#5527 = IFCPOLYLOOP((#5311, #5310, #5299));
#5528 = IFCFACEOUTERBOUND(#5527, .T.);
#5529 = IFCFACE((#5528));
#5530 = IFCPOLYLOOP((#5360, #5371, #5276));
#5531 = IFCFACEOUTERBOUND(#5530, .T.);
#5532 = IFCFACE((#5531));
#5533 = IFCPOLYLOOP((#4994, #5278, #5397));
#5534 = IFCFACEOUTERBOUND(#5533, .T.);
#5535 = IFCFACE((#5534));
#5536 = IFCPOLYLOOP((#5300, #5299, #5421));
#5537 = IFCFACEOUTERBOUND(#5536, .T.);
#5538 = IFCFACE((#5537));
#5539 = IFCPOLYLOOP((#5310, #5488, #5421));
#5540 = IFCFACEOUTERBOUND(#5539, .T.);
#5541 = IFCFACE((#5540));
#5542 = IFCPOLYLOOP((#5151, #5515, #5352));
#5543 = IFCFACEOUTERBOUND(#5542, .T.);
#5544 = IFCFACE((#5543));
#5545 = IFCPOLYLOOP((#5084, #5083, #5153));
#5546 = IFCFACEOUTERBOUND(#5545, .T.);
#5547 = IFCFACE((#5546));
#5548 = IFCPOLYLOOP((#5153, #5152, #5084));
#5549 = IFCFACEOUTERBOUND(#5548, .T.);
#5550 = IFCFACE((#5549));
#5551 = IFCPOLYLOOP((#5552, #5152, #5478));
#5552 = IFCCARTESIANPOINT((1.659335251463E-1, 8.39834299627208E-2, 4.36376562155427E-1));
#5553 = IFCFACEOUTERBOUND(#5551, .T.);
#5554 = IFCFACE((#5553));
#5555 = IFCPOLYLOOP((#5556, #5094, #5552));
#5556 = IFCCARTESIANPOINT((1.66576782968301E-1, 8.82242821301251E-2, 4.35185262547862E-1));
#5557 = IFCFACEOUTERBOUND(#5555, .T.);
#5558 = IFCFACE((#5557));
#5559 = IFCPOLYLOOP((#5552, #5478, #5556));
#5560 = IFCFACEOUTERBOUND(#5559, .T.);
#5561 = IFCFACE((#5560));
#5562 = IFCPOLYLOOP((#5127, #5360, #4995));
#5563 = IFCFACEOUTERBOUND(#5562, .T.);
#5564 = IFCFACE((#5563));
#5565 = IFCPOLYLOOP((#5127, #4995, #4986));
#5566 = IFCFACEOUTERBOUND(#5565, .T.);
#5567 = IFCFACE((#5566));
#5568 = IFCPOLYLOOP((#5556, #5478, #5474));
#5569 = IFCFACEOUTERBOUND(#5568, .T.);
#5570 = IFCFACE((#5569));
#5571 = IFCPOLYLOOP((#5556, #5474, #5467));
#5572 = IFCFACEOUTERBOUND(#5571, .T.);
#5573 = IFCFACE((#5572));
#5574 = IFCPOLYLOOP((#5460, #5575, #5467));
#5575 = IFCCARTESIANPOINT((1.661933364487E-1, 9.63221147789077E-2, 4.35096405029297E-1));
#5576 = IFCFACEOUTERBOUND(#5574, .T.);
#5577 = IFCFACE((#5576));
#5578 = IFCPOLYLOOP((#5446, #5579, #5450));
#5579 = IFCCARTESIANPOINT((1.66912971458465E-1, 1.04418794466408E-1, 4.34722015380859E-1));
#5580 = IFCFACEOUTERBOUND(#5578, .T.);
#5581 = IFCFACE((#5580));
#5582 = IFCPOLYLOOP((#5450, #5579, #5460));
#5583 = IFCFACEOUTERBOUND(#5582, .T.);
#5584 = IFCFACE((#5583));
#5585 = IFCPOLYLOOP((#5436, #5586, #5446));
#5586 = IFCCARTESIANPOINT((1.68502815208465E-1, 1.12385316683205E-1, 4.34353637695313E-1));
#5587 = IFCFACEOUTERBOUND(#5585, .T.);
#5588 = IFCFACE((#5587));
#5589 = IFCPOLYLOOP((#5586, #5436, #5435));
#5590 = IFCFACEOUTERBOUND(#5589, .T.);
#5591 = IFCFACE((#5590));
#5592 = IFCPOLYLOOP((#5593, #5435, #5428));
#5593 = IFCCARTESIANPOINT((1.70982322654754E-1, 1.20115571810158E-1, 4.33996154785156E-1));
#5594 = IFCFACEOUTERBOUND(#5592, .T.);
#5595 = IFCFACE((#5594));
#5596 = IFCPOLYLOOP((#5597, #5417, #5389));
#5597 = IFCCARTESIANPOINT((1.74334709129364E-1, 1.27512727571876E-1, 4.33654113769531E-1));
#5598 = IFCFACEOUTERBOUND(#5596, .T.);
#5599 = IFCFACE((#5598));
#5600 = IFCPOLYLOOP((#5428, #5597, #5593));
#5601 = IFCFACEOUTERBOUND(#5600, .T.);
#5602 = IFCFACE((#5601));
#5603 = IFCPOLYLOOP((#5376, #5604, #5389));
#5604 = IFCCARTESIANPOINT((1.78396308860809E-1, 1.34368898226173E-1, 4.33337066650391E-1));
#5605 = IFCFACEOUTERBOUND(#5603, .T.);
#5606 = IFCFACE((#5605));
#5607 = IFCPOLYLOOP((#5552, #5084, #5152));
#5608 = IFCFACEOUTERBOUND(#5607, .T.);
#5609 = IFCFACE((#5608));
#5610 = IFCPOLYLOOP((#5094, #5556, #5575));
#5611 = IFCFACEOUTERBOUND(#5610, .T.);
#5612 = IFCFACE((#5611));
#5613 = IFCPOLYLOOP((#5575, #5098, #5094));
#5614 = IFCFACEOUTERBOUND(#5613, .T.);
#5615 = IFCFACE((#5614));
#5616 = IFCPOLYLOOP((#5460, #5579, #5575));
#5617 = IFCFACEOUTERBOUND(#5616, .T.);
#5618 = IFCFACE((#5617));
#5619 = IFCPOLYLOOP((#5579, #5102, #5098));
#5620 = IFCFACEOUTERBOUND(#5619, .T.);
#5621 = IFCFACE((#5620));
#5622 = IFCPOLYLOOP((#5098, #5575, #5579));
#5623 = IFCFACEOUTERBOUND(#5622, .T.);
#5624 = IFCFACE((#5623));
#5625 = IFCPOLYLOOP((#5593, #5107, #5106));
#5626 = IFCFACEOUTERBOUND(#5625, .T.);
#5627 = IFCFACE((#5626));
#5628 = IFCPOLYLOOP((#5106, #5586, #5593));
#5629 = IFCFACEOUTERBOUND(#5628, .T.);
#5630 = IFCFACE((#5629));
#5631 = IFCPOLYLOOP((#5435, #5593, #5586));
#5632 = IFCFACEOUTERBOUND(#5631, .T.);
#5633 = IFCFACE((#5632));
#5634 = IFCPOLYLOOP((#5597, #5604, #5118));
#5635 = IFCFACEOUTERBOUND(#5634, .T.);
#5636 = IFCFACE((#5635));
#5637 = IFCPOLYLOOP((#5118, #5111, #5597));
#5638 = IFCFACEOUTERBOUND(#5637, .T.);
#5639 = IFCFACE((#5638));
#5640 = IFCPOLYLOOP((#5389, #5604, #5597));
#5641 = IFCFACEOUTERBOUND(#5640, .T.);
#5642 = IFCFACE((#5641));
#5643 = IFCPOLYLOOP((#5111, #5107, #5593));
#5644 = IFCFACEOUTERBOUND(#5643, .T.);
#5645 = IFCFACE((#5644));
#5646 = IFCPOLYLOOP((#5593, #5597, #5111));
#5647 = IFCFACEOUTERBOUND(#5646, .T.);
#5648 = IFCFACE((#5647));
#5649 = IFCPOLYLOOP((#5586, #5579, #5446));
#5650 = IFCFACEOUTERBOUND(#5649, .T.);
#5651 = IFCFACE((#5650));
#5652 = IFCPOLYLOOP((#5586, #5106, #5102));
#5653 = IFCFACEOUTERBOUND(#5652, .T.);
#5654 = IFCFACE((#5653));
#5655 = IFCPOLYLOOP((#5102, #5579, #5586));
#5656 = IFCFACEOUTERBOUND(#5655, .T.);
#5657 = IFCFACE((#5656));
#5658 = IFCPOLYLOOP((#5084, #5552, #5094));
#5659 = IFCFACEOUTERBOUND(#5658, .T.);
#5660 = IFCFACE((#5659));
#5661 = IFCPOLYLOOP((#5604, #5376, #5375));
#5662 = IFCFACEOUTERBOUND(#5661, .T.);
#5663 = IFCFACE((#5662));
#5664 = IFCPOLYLOOP((#5665, #5375, #5367));
#5665 = IFCCARTESIANPOINT((1.83349220237762E-1, 1.41024782015236E-1, 4.33029296875E-1));
#5666 = IFCFACEOUTERBOUND(#5664, .T.);
#5667 = IFCFACE((#5666));
#5668 = IFCPOLYLOOP((#5367, #5371, #5665));
#5669 = IFCFACEOUTERBOUND(#5668, .T.);
#5670 = IFCFACE((#5669));
#5671 = IFCPOLYLOOP((#5672, #5371, #5360));
#5672 = IFCCARTESIANPOINT((1.88819374046356E-1, 1.47065706087501E-1, 4.32749969482422E-1));
#5673 = IFCFACEOUTERBOUND(#5671, .T.);
#5674 = IFCFACE((#5673));
#5675 = IFCPOLYLOOP((#5127, #5123, #5672));
#5676 = IFCFACEOUTERBOUND(#5675, .T.);
#5677 = IFCFACE((#5676));
#5678 = IFCPOLYLOOP((#5672, #5360, #5127));
#5679 = IFCFACEOUTERBOUND(#5678, .T.);
#5680 = IFCFACE((#5679));
#5681 = IFCPOLYLOOP((#5123, #5119, #5665));
#5682 = IFCFACEOUTERBOUND(#5681, .T.);
#5683 = IFCFACE((#5682));
#5684 = IFCPOLYLOOP((#5665, #5672, #5123));
#5685 = IFCFACEOUTERBOUND(#5684, .T.);
#5686 = IFCFACE((#5685));
#5687 = IFCPOLYLOOP((#5604, #5665, #5119));
#5688 = IFCFACEOUTERBOUND(#5687, .T.);
#5689 = IFCFACE((#5688));
#5690 = IFCPOLYLOOP((#5119, #5118, #5604));
#5691 = IFCFACEOUTERBOUND(#5690, .T.);
#5692 = IFCFACE((#5691));
#5693 = IFCPOLYLOOP((#5375, #5665, #5604));
#5694 = IFCFACEOUTERBOUND(#5693, .T.);
#5695 = IFCFACE((#5694));
#5696 = IFCPOLYLOOP((#5428, #5417, #5597));
#5697 = IFCFACEOUTERBOUND(#5696, .T.);
#5698 = IFCFACE((#5697));
#5699 = IFCPOLYLOOP((#5665, #5371, #5672));
#5700 = IFCFACEOUTERBOUND(#5699, .T.);
#5701 = IFCFACE((#5700));
#5702 = IFCPOLYLOOP((#5556, #5467, #5575));
#5703 = IFCFACEOUTERBOUND(#5702, .T.);
#5704 = IFCFACE((#5703));
#5705 = IFCPOLYLOOP((#5144, #5153, #5083));
#5706 = IFCFACEOUTERBOUND(#5705, .T.);
#5707 = IFCFACE((#5706));
#5708 = IFCPOLYLOOP((#5140, #5178, #5144));
#5709 = IFCFACEOUTERBOUND(#5708, .T.);
#5710 = IFCFACE((#5709));
#5711 = IFCPOLYLOOP((#5153, #5144, #5178));
#5712 = IFCFACEOUTERBOUND(#5711, .T.);
#5713 = IFCFACE((#5712));
#5714 = IFCPOLYLOOP((#5192, #5182, #5140));
#5715 = IFCFACEOUTERBOUND(#5714, .T.);
#5716 = IFCFACE((#5715));
#5717 = IFCPOLYLOOP((#5178, #5140, #5182));
#5718 = IFCFACEOUTERBOUND(#5717, .T.);
#5719 = IFCFACE((#5718));
#5720 = IFCPOLYLOOP((#5186, #5192, #5076));
#5721 = IFCFACEOUTERBOUND(#5720, .T.);
#5722 = IFCFACE((#5721));
#5723 = IFCPOLYLOOP((#5140, #5076, #5192));
#5724 = IFCFACEOUTERBOUND(#5723, .T.);
#5725 = IFCFACE((#5724));
#5726 = IFCPOLYLOOP((#5065, #5196, #5186));
#5727 = IFCFACEOUTERBOUND(#5726, .T.);
#5728 = IFCFACE((#5727));
#5729 = IFCPOLYLOOP((#5196, #5065, #5211));
#5730 = IFCFACEOUTERBOUND(#5729, .T.);
#5731 = IFCFACE((#5730));
#5732 = IFCPOLYLOOP((#5064, #5211, #5065));
#5733 = IFCFACEOUTERBOUND(#5732, .T.);
#5734 = IFCFACE((#5733));
#5735 = IFCPOLYLOOP((#5065, #5186, #5076));
#5736 = IFCFACEOUTERBOUND(#5735, .T.);
#5737 = IFCFACE((#5736));
#5738 = IFCPOLYLOOP((#5216, #5212, #5064));
#5739 = IFCFACEOUTERBOUND(#5738, .T.);
#5740 = IFCFACE((#5739));
#5741 = IFCPOLYLOOP((#5211, #5064, #5212));
#5742 = IFCFACEOUTERBOUND(#5741, .T.);
#5743 = IFCFACE((#5742));
#5744 = IFCPOLYLOOP((#4941, #5216, #4945));
#5745 = IFCFACEOUTERBOUND(#5744, .T.);
#5746 = IFCFACE((#5745));
#5747 = IFCPOLYLOOP((#5064, #4945, #5216));
#5748 = IFCFACEOUTERBOUND(#5747, .T.);
#5749 = IFCFACE((#5748));
#5750 = IFCPOLYLOOP((#5021, #5151, #5007));
#5751 = IFCFACEOUTERBOUND(#5750, .T.);
#5752 = IFCFACE((#5751));
#5753 = IFCPOLYLOOP((#5151, #5161, #5007));
#5754 = IFCFACEOUTERBOUND(#5753, .T.);
#5755 = IFCFACE((#5754));
#5756 = IFCPOLYLOOP((#5021, #5757, #5758));
#5757 = IFCCARTESIANPOINT((1.65945652149962E-1, 8.16753194373864E-2, 3.96982762187497E-1));
#5758 = IFCCARTESIANPOINT((1.67517441541257E-1, 8.13568634541775E-2, 3.98525581758987E-1));
#5759 = IFCFACEOUTERBOUND(#5756, .T.);
#5760 = IFCFACE((#5759));
#5761 = IFCPOLYLOOP((#5758, #5151, #5021));
#5762 = IFCFACEOUTERBOUND(#5761, .T.);
#5763 = IFCFACE((#5762));
#5764 = IFCPOLYLOOP((#5765, #5766, #5758));
#5765 = IFCCARTESIANPOINT((1.6587383266452E-1, 8.52081621421889E-2, 3.97069183349609E-1));
#5766 = IFCCARTESIANPOINT((1.66871134723835E-1, 8.53265498836156E-2, 3.98064777316714E-1));
#5767 = IFCFACEOUTERBOUND(#5764, .T.);
#5768 = IFCFACE((#5767));
#5769 = IFCPOLYLOOP((#5758, #5757, #5765));
#5770 = IFCFACEOUTERBOUND(#5769, .T.);
#5771 = IFCFACE((#5770));
#5772 = IFCPOLYLOOP((#5758, #5515, #5151));
#5773 = IFCFACEOUTERBOUND(#5772, .T.);
#5774 = IFCFACE((#5773));
#5775 = IFCPOLYLOOP((#5505, #5515, #5025));
#5776 = IFCFACEOUTERBOUND(#5775, .T.);
#5777 = IFCFACE((#5776));
#5778 = IFCPOLYLOOP((#5492, #5033, #5488));
#5779 = IFCFACEOUTERBOUND(#5778, .T.);
#5780 = IFCFACE((#5779));
#5781 = IFCPOLYLOOP((#5032, #5421, #5488));
#5782 = IFCFACEOUTERBOUND(#5781, .T.);
#5783 = IFCFACE((#5782));
#5784 = IFCPOLYLOOP((#5492, #5505, #5033));
#5785 = IFCFACEOUTERBOUND(#5784, .T.);
#5786 = IFCFACE((#5785));
#5787 = IFCPOLYLOOP((#5407, #5041, #5396));
#5788 = IFCFACEOUTERBOUND(#5787, .T.);
#5789 = IFCFACE((#5788));
#5790 = IFCPOLYLOOP((#5515, #5758, #5766));
#5791 = IFCFACEOUTERBOUND(#5790, .T.);
#5792 = IFCFACE((#5791));
#5793 = IFCPOLYLOOP((#5421, #5041, #5407));
#5794 = IFCFACEOUTERBOUND(#5793, .T.);
#5795 = IFCFACE((#5794));
#5796 = IFCPOLYLOOP((#5397, #5396, #5040));
#5797 = IFCFACEOUTERBOUND(#5796, .T.);
#5798 = IFCFACE((#5797));
#5799 = IFCPOLYLOOP((#5766, #5765, #5515));
#5800 = IFCFACEOUTERBOUND(#5799, .T.);
#5801 = IFCFACE((#5800));
#5802 = IFCPOLYLOOP((#5025, #5765, #5757));
#5803 = IFCFACEOUTERBOUND(#5802, .T.);
#5804 = IFCFACE((#5803));
#5805 = IFCPOLYLOOP((#5025, #5757, #5021));
#5806 = IFCFACEOUTERBOUND(#5805, .T.);
#5807 = IFCFACE((#5806));
#5808 = IFCPOLYLOOP((#5505, #5025, #5033));
#5809 = IFCFACEOUTERBOUND(#5808, .T.);
#5810 = IFCFACE((#5809));
#5811 = IFCPOLYLOOP((#5421, #5032, #5041));
#5812 = IFCFACEOUTERBOUND(#5811, .T.);
#5813 = IFCFACE((#5812));
#5814 = IFCPOLYLOOP((#4994, #5397, #5045));
#5815 = IFCFACEOUTERBOUND(#5814, .T.);
#5816 = IFCFACE((#5815));
#5817 = IFCPOLYLOOP((#4994, #5045, #4990));
#5818 = IFCFACEOUTERBOUND(#5817, .T.);
#5819 = IFCFACE((#5818));
#5820 = IFCPOLYLOOP((#5488, #5033, #5032));
#5821 = IFCFACEOUTERBOUND(#5820, .T.);
#5822 = IFCFACE((#5821));
#5823 = IFCPOLYLOOP((#5396, #5041, #5040));
#5824 = IFCFACEOUTERBOUND(#5823, .T.);
#5825 = IFCFACE((#5824));
#5826 = IFCPOLYLOOP((#5515, #5765, #5025));
#5827 = IFCFACEOUTERBOUND(#5826, .T.);
#5828 = IFCFACE((#5827));
#5829 = IFCPOLYLOOP((#5045, #5397, #5040));
#5830 = IFCFACEOUTERBOUND(#5829, .T.);
#5831 = IFCFACE((#5830));
#5832 = IFCPOLYLOOP((#5230, #5011, #5002));
#5833 = IFCFACEOUTERBOUND(#5832, .T.);
#5834 = IFCFACE((#5833));
#5835 = IFCPOLYLOOP((#5197, #5230, #5002));
#5836 = IFCFACEOUTERBOUND(#5835, .T.);
#5837 = IFCFACE((#5836));
#5838 = IFCPOLYLOOP((#5251, #5011, #5230));
#5839 = IFCFACEOUTERBOUND(#5838, .T.);
#5840 = IFCFACE((#5839));
#5841 = IFCPOLYLOOP((#5250, #4937, #4930));
#5842 = IFCFACEOUTERBOUND(#5841, .T.);
#5843 = IFCFACE((#5842));
#5844 = IFCPOLYLOOP((#5011, #5250, #4930));
#5845 = IFCFACEOUTERBOUND(#5844, .T.);
#5846 = IFCFACE((#5845));
#5847 = IFCPOLYLOOP((#5250, #5011, #5251));
#5848 = IFCFACEOUTERBOUND(#5847, .T.);
#5849 = IFCFACE((#5848));
#5850 = IFCPOLYLOOP((#5007, #5240, #5204));
#5851 = IFCFACEOUTERBOUND(#5850, .T.);
#5852 = IFCFACE((#5851));
#5853 = IFCPOLYLOOP((#5240, #5007, #5161));
#5854 = IFCFACEOUTERBOUND(#5853, .T.);
#5855 = IFCFACE((#5854));
#5856 = IFCPOLYLOOP((#5007, #5204, #5003));
#5857 = IFCFACEOUTERBOUND(#5856, .T.);
#5858 = IFCFACE((#5857));
#5859 = IFCPOLYLOOP((#5187, #5197, #5002));
#5860 = IFCFACEOUTERBOUND(#5859, .T.);
#5861 = IFCFACE((#5860));
#5862 = IFCPOLYLOOP((#5187, #5003, #5188));
#5863 = IFCFACEOUTERBOUND(#5862, .T.);
#5864 = IFCFACE((#5863));
#5865 = IFCPOLYLOOP((#5204, #5188, #5003));
#5866 = IFCFACEOUTERBOUND(#5865, .T.);
#5867 = IFCFACE((#5866));
#5868 = IFCPOLYLOOP((#5187, #5002, #5003));
#5869 = IFCFACEOUTERBOUND(#5868, .T.);
#5870 = IFCFACE((#5869));
#5871 = IFCPOLYLOOP((#4968, #4904, #4912));
#5872 = IFCFACEOUTERBOUND(#5871, .T.);
#5873 = IFCFACE((#5872));
#5874 = IFCPOLYLOOP((#4968, #4912, #4978));
#5875 = IFCFACEOUTERBOUND(#5874, .T.);
#5876 = IFCFACE((#5875));
#5877 = IFCPOLYLOOP((#4982, #4916, #4908));
#5878 = IFCFACEOUTERBOUND(#5877, .T.);
#5879 = IFCFACE((#5878));
#5880 = IFCPOLYLOOP((#4982, #4908, #4974));
#5881 = IFCFACEOUTERBOUND(#5880, .T.);
#5882 = IFCFACE((#5881));
#5883 = IFCFACETEDBREP(#4900);
#5884 = IFCSURFACESTYLERENDERING(#5885, 0., #5886, $, $, #5887, #5888, $, .NOTDEFINED.);
#5885 = IFCCOLOURRGB('Surface color', 5.41176497936249E-1, 3.4901961684227E-1, 2.50980406999588E-1);
#5886 = IFCCOLOURRGB('Diffuse color', 5.41176497936249E-1, 3.4901961684227E-1, 2.50980406999588E-1);
#5887 = IFCCOLOURRGB('Reflection color', 1., 1., 1.);
#5888 = IFCCOLOURRGB('Specular color', 1., 1., 1.);
#5889 = IFCSURFACESTYLE('3acb42c0_d3bc_49d4_a7ed_98ea0419b48c', .BOTH., (#5884));
#5890 = IFCPRESENTATIONSTYLEASSIGNMENT((#5889));
#5891 = IFCSTYLEDITEM(#5883, (#5890), $);
#5892 = IFCSTYLEDREPRESENTATION(#103, 'Body', $, (#5891));
#5893 = IFCCLOSEDSHELL((#5899, #5905, #5908, #5912, #5918, #5923, #5928, #5931, #5935, #5939, #5943, #5946, #5949, #5953, #5958, #5962, #5965, #5968, #5972, #5978, #5982, #5987, #5990, #5993, #5996, #6000, #6003, #6006, #6009, #6012, #6015, #6018, #6021, #6024, #6027, #6030, #6033, #6036, #6039, #6042, #6045, #6048, #6051, #6054, #6057, #6060, #6063, #6066, #6069, #6072, #6075, #6078, #6081, #6084));
#5894 = IFCPOLYLOOP((#5895, #5896, #5897));
#5895 = IFCCARTESIANPOINT((1.23129547119141E-1, 1.05953035189064E-1, 4.18709625244141E-1));
#5896 = IFCCARTESIANPOINT((1.29011795043945E-1, 6.86049211753921E-2, 4.33478515625E-1));
#5897 = IFCCARTESIANPOINT((1.29011795043945E-1, 6.80887163414077E-2, 4.22490600585938E-1));
#5898 = IFCFACEOUTERBOUND(#5894, .T.);
#5899 = IFCFACE((#5898));
#5900 = IFCPOLYLOOP((#5901, #5902, #5903));
#5901 = IFCCARTESIANPOINT((1.22819953918457E-1, 1.08044679476173E-1, 4.20613586425781E-1));
#5902 = IFCCARTESIANPOINT((1.22819953918457E-1, 1.0856085379258E-1, 4.31601501464844E-1));
#5903 = IFCCARTESIANPOINT((1.23129547119141E-1, 1.06656923128517E-1, 4.33693145751953E-1));
#5904 = IFCFACEOUTERBOUND(#5900, .T.);
#5905 = IFCFACE((#5904));
#5906 = IFCPOLYLOOP((#5903, #5896, #5901));
#5907 = IFCFACEOUTERBOUND(#5906, .T.);
#5908 = IFCFACE((#5907));
#5909 = IFCPOLYLOOP((#5910, #5895, #5897));
#5910 = IFCCARTESIANPOINT((1.28702209472656E-1, 6.99926775230483E-2, 4.20398956298828E-1));
#5911 = IFCFACEOUTERBOUND(#5909, .T.);
#5912 = IFCFACE((#5911));
#5913 = IFCPOLYLOOP((#5914, #5915, #5916));
#5914 = IFCCARTESIANPOINT((-1.29011795043945E-1, 6.80887163414077E-2, 4.22490631103516E-1));
#5915 = IFCCARTESIANPOINT((-1.26188697814941E-1, 8.62648638023452E-2, 4.20755096435547E-1));
#5916 = IFCCARTESIANPOINT((-1.28836044311523E-1, 6.91695574058608E-2, 4.21303253173828E-1));
#5917 = IFCFACEOUTERBOUND(#5913, .T.);
#5918 = IFCFACE((#5917));
#5919 = IFCPOLYLOOP((#5920, #5921, #5914));
#5920 = IFCCARTESIANPOINT((-1.29011795043945E-1, 6.86049211753921E-2, 4.33478515625E-1));
#5921 = IFCCARTESIANPOINT((-1.28702209472656E-1, 7.06965654625014E-2, 4.35382476806641E-1));
#5922 = IFCFACEOUTERBOUND(#5919, .T.);
#5923 = IFCFACE((#5922));
#5924 = IFCPOLYLOOP((#5925, #5926, #5914));
#5925 = IFCCARTESIANPOINT((-1.22819953918457E-1, 1.0856085379258E-1, 4.31601501464844E-1));
#5926 = IFCCARTESIANPOINT((-1.22819953918457E-1, 1.08044679476173E-1, 4.20613586425781E-1));
#5927 = IFCFACEOUTERBOUND(#5924, .T.);
#5928 = IFCFACE((#5927));
#5929 = IFCPOLYLOOP((#5914, #5921, #5925));
#5930 = IFCFACEOUTERBOUND(#5929, .T.);
#5931 = IFCFACE((#5930));
#5932 = IFCPOLYLOOP((#5916, #5915, #5933));
#5933 = IFCCARTESIANPOINT((-1.28702209472656E-1, 6.99926775230483E-2, 4.20398956298828E-1));
#5934 = IFCFACEOUTERBOUND(#5932, .T.);
#5935 = IFCFACE((#5934));
#5936 = IFCPOLYLOOP((#5925, #5921, #5937));
#5937 = IFCCARTESIANPOINT((-1.23129547119141E-1, 1.06656923128517E-1, 4.33693145751953E-1));
#5938 = IFCFACEOUTERBOUND(#5936, .T.);
#5939 = IFCFACE((#5938));
#5940 = IFCPOLYLOOP((#5941, #5915, #5926));
#5941 = IFCCARTESIANPOINT((-1.23129547119141E-1, 1.05953035189064E-1, 4.18709625244141E-1));
#5942 = IFCFACEOUTERBOUND(#5940, .T.);
#5943 = IFCFACE((#5942));
#5944 = IFCPOLYLOOP((#5926, #5915, #5914));
#5945 = IFCFACEOUTERBOUND(#5944, .T.);
#5946 = IFCFACE((#5945));
#5947 = IFCPOLYLOOP((#5910, #5933, #5941));
#5948 = IFCFACEOUTERBOUND(#5947, .T.);
#5949 = IFCFACE((#5948));
#5950 = IFCPOLYLOOP((#5921, #5951, #5903));
#5951 = IFCCARTESIANPOINT((1.28702209472656E-1, 7.06965654625014E-2, 4.35382476806641E-1));
#5952 = IFCFACEOUTERBOUND(#5950, .T.);
#5953 = IFCFACE((#5952));
#5954 = IFCPOLYLOOP((#5896, #5955, #5956));
#5955 = IFCCARTESIANPOINT((-9.67588500976563E-2, 6.85565202964858E-2, 4.32448425292969E-1));
#5956 = IFCCARTESIANPOINT((-4.03161849975586E-2, 6.84919756187514E-2, 4.31074920654297E-1));
#5957 = IFCFACEOUTERBOUND(#5954, .T.);
#5958 = IFCFACE((#5957));
#5959 = IFCPOLYLOOP((#5960, #5955, #5914));
#5960 = IFCCARTESIANPOINT((-7.05533218383789E-2, 6.81804826988296E-2, 4.24443542480469E-1));
#5961 = IFCFACEOUTERBOUND(#5959, .T.);
#5962 = IFCFACE((#5961));
#5963 = IFCPOLYLOOP((#5955, #5960, #5956));
#5964 = IFCFACEOUTERBOUND(#5963, .T.);
#5965 = IFCFACE((#5964));
#5966 = IFCPOLYLOOP((#5896, #5920, #5955));
#5967 = IFCFACEOUTERBOUND(#5966, .T.);
#5968 = IFCFACE((#5967));
#5969 = IFCPOLYLOOP((#5896, #5956, #5970));
#5970 = IFCCARTESIANPOINT((8.26481857299805E-2, 6.85282915367202E-2, 4.31847503662109E-1));
#5971 = IFCFACEOUTERBOUND(#5969, .T.);
#5972 = IFCFACE((#5971));
#5973 = IFCPOLYLOOP((#5974, #5975, #5976));
#5974 = IFCCARTESIANPOINT((5.45371563021035E-10, 1.08173738314064E-1, 4.23360565185547E-1));
#5975 = IFCCARTESIANPOINT((7.52011337280273E-2, 1.08114137483986E-1, 4.22092376708984E-1));
#5976 = IFCCARTESIANPOINT((-7.69983978271484E-2, 1.08109163118751E-1, 4.21986724853516E-1));
#5977 = IFCFACEOUTERBOUND(#5973, .T.);
#5978 = IFCFACE((#5977));
#5979 = IFCPOLYLOOP((#5980, #5974, #5976));
#5980 = IFCCARTESIANPOINT((-6.14099769592285E-2, 1.08173738314064E-1, 4.23360565185547E-1));
#5981 = IFCFACEOUTERBOUND(#5979, .T.);
#5982 = IFCFACE((#5981));
#5983 = IFCPOLYLOOP((#5984, #5925, #5985));
#5984 = IFCCARTESIANPOINT((-7.67624740600586E-2, 1.08504396273048E-1, 4.30399688720703E-1));
#5985 = IFCCARTESIANPOINT((3.07049884796143E-2, 1.08431825472267E-1, 4.28854522705078E-1));
#5986 = IFCFACEOUTERBOUND(#5983, .T.);
#5987 = IFCFACE((#5986));
#5988 = IFCPOLYLOOP((#5925, #5902, #5985));
#5989 = IFCFACEOUTERBOUND(#5988, .T.);
#5990 = IFCFACE((#5989));
#5991 = IFCPOLYLOOP((#5976, #5975, #5926));
#5992 = IFCFACEOUTERBOUND(#5991, .T.);
#5993 = IFCFACE((#5992));
#5994 = IFCPOLYLOOP((#5975, #5985, #5902));
#5995 = IFCFACEOUTERBOUND(#5994, .T.);
#5996 = IFCFACE((#5995));
#5997 = IFCPOLYLOOP((#5980, #5998, #5985));
#5998 = IFCCARTESIANPOINT((-6.14099769592285E-2, 1.08431825472267E-1, 4.28854522705078E-1));
#5999 = IFCFACEOUTERBOUND(#5997, .T.);
#6000 = IFCFACE((#5999));
#6001 = IFCPOLYLOOP((#5985, #5974, #5980));
#6002 = IFCFACEOUTERBOUND(#6001, .T.);
#6003 = IFCFACE((#6002));
#6004 = IFCPOLYLOOP((#5984, #5998, #5980));
#6005 = IFCFACEOUTERBOUND(#6004, .T.);
#6006 = IFCFACE((#6005));
#6007 = IFCPOLYLOOP((#5980, #5976, #5984));
#6008 = IFCFACEOUTERBOUND(#6007, .T.);
#6009 = IFCFACE((#6008));
#6010 = IFCPOLYLOOP((#5984, #5976, #5926));
#6011 = IFCFACEOUTERBOUND(#6010, .T.);
#6012 = IFCFACE((#6011));
#6013 = IFCPOLYLOOP((#5926, #5925, #5984));
#6014 = IFCFACEOUTERBOUND(#6013, .T.);
#6015 = IFCFACE((#6014));
#6016 = IFCPOLYLOOP((#5897, #5916, #5910));
#6017 = IFCFACEOUTERBOUND(#6016, .T.);
#6018 = IFCFACE((#6017));
#6019 = IFCPOLYLOOP((#5914, #5916, #5897));
#6020 = IFCFACEOUTERBOUND(#6019, .T.);
#6021 = IFCFACE((#6020));
#6022 = IFCPOLYLOOP((#5916, #5933, #5910));
#6023 = IFCFACEOUTERBOUND(#6022, .T.);
#6024 = IFCFACE((#6023));
#6025 = IFCPOLYLOOP((#5951, #5920, #5896));
#6026 = IFCFACEOUTERBOUND(#6025, .T.);
#6027 = IFCFACE((#6026));
#6028 = IFCPOLYLOOP((#5926, #5895, #5941));
#6029 = IFCFACEOUTERBOUND(#6028, .T.);
#6030 = IFCFACE((#6029));
#6031 = IFCPOLYLOOP((#5926, #5901, #5895));
#6032 = IFCFACEOUTERBOUND(#6031, .T.);
#6033 = IFCFACE((#6032));
#6034 = IFCPOLYLOOP((#5902, #5925, #5903));
#6035 = IFCFACEOUTERBOUND(#6034, .T.);
#6036 = IFCFACE((#6035));
#6037 = IFCPOLYLOOP((#5937, #5903, #5925));
#6038 = IFCFACEOUTERBOUND(#6037, .T.);
#6039 = IFCFACE((#6038));
#6040 = IFCPOLYLOOP((#5901, #5896, #5895));
#6041 = IFCFACEOUTERBOUND(#6040, .T.);
#6042 = IFCFACE((#6041));
#6043 = IFCPOLYLOOP((#5903, #5951, #5896));
#6044 = IFCFACEOUTERBOUND(#6043, .T.);
#6045 = IFCFACE((#6044));
#6046 = IFCPOLYLOOP((#5915, #5941, #5933));
#6047 = IFCFACEOUTERBOUND(#6046, .T.);
#6048 = IFCFACE((#6047));
#6049 = IFCPOLYLOOP((#5910, #5941, #5895));
#6050 = IFCFACEOUTERBOUND(#6049, .T.);
#6051 = IFCFACE((#6050));
#6052 = IFCPOLYLOOP((#5921, #5903, #5937));
#6053 = IFCFACEOUTERBOUND(#6052, .T.);
#6054 = IFCFACE((#6053));
#6055 = IFCPOLYLOOP((#5955, #5920, #5914));
#6056 = IFCFACEOUTERBOUND(#6055, .T.);
#6057 = IFCFACE((#6056));
#6058 = IFCPOLYLOOP((#5914, #5897, #5960));
#6059 = IFCFACEOUTERBOUND(#6058, .T.);
#6060 = IFCFACE((#6059));
#6061 = IFCPOLYLOOP((#5897, #5956, #5960));
#6062 = IFCFACEOUTERBOUND(#6061, .T.);
#6063 = IFCFACE((#6062));
#6064 = IFCPOLYLOOP((#5956, #5897, #5970));
#6065 = IFCFACEOUTERBOUND(#6064, .T.);
#6066 = IFCFACE((#6065));
#6067 = IFCPOLYLOOP((#5970, #5897, #5896));
#6068 = IFCFACEOUTERBOUND(#6067, .T.);
#6069 = IFCFACE((#6068));
#6070 = IFCPOLYLOOP((#5975, #5901, #5926));
#6071 = IFCFACEOUTERBOUND(#6070, .T.);
#6072 = IFCFACE((#6071));
#6073 = IFCPOLYLOOP((#5984, #5985, #5998));
#6074 = IFCFACEOUTERBOUND(#6073, .T.);
#6075 = IFCFACE((#6074));
#6076 = IFCPOLYLOOP((#5901, #5975, #5902));
#6077 = IFCFACEOUTERBOUND(#6076, .T.);
#6078 = IFCFACE((#6077));
#6079 = IFCPOLYLOOP((#5974, #5985, #5975));
#6080 = IFCFACEOUTERBOUND(#6079, .T.);
#6081 = IFCFACE((#6080));
#6082 = IFCPOLYLOOP((#5921, #5920, #5951));
#6083 = IFCFACEOUTERBOUND(#6082, .T.);
#6084 = IFCFACE((#6083));
#6085 = IFCFACETEDBREP(#5893);
#6086 = IFCSURFACESTYLERENDERING(#6087, 0., #6088, $, $, #6089, #6090, $, .NOTDEFINED.);
#6087 = IFCCOLOURRGB('Surface color', 5.41176497936249E-1, 3.4901961684227E-1, 2.50980406999588E-1);
#6088 = IFCCOLOURRGB('Diffuse color', 5.41176497936249E-1, 3.4901961684227E-1, 2.50980406999588E-1);
#6089 = IFCCOLOURRGB('Reflection color', 1., 1., 1.);
#6090 = IFCCOLOURRGB('Specular color', 1., 1., 1.);
#6091 = IFCSURFACESTYLE('3acb42c0_d3bc_49d4_a7ed_98ea0419b48c', .BOTH., (#6086));
#6092 = IFCPRESENTATIONSTYLEASSIGNMENT((#6091));
#6093 = IFCSTYLEDITEM(#6085, (#6092), $);
#6094 = IFCSTYLEDREPRESENTATION(#103, 'Body', $, (#6093));
#6095 = IFCOPENSHELL((#6101, #6106, #6112, #6115, #6121, #6126, #6129, #6134, #6137, #6140, #6144, #6147, #6150, #6153, #6157, #6162, #6167, #6170, #6174, #6178, #6181, #6184, #6187, #6191, #6195, #6198, #6203, #6206, #6209, #6213, #6217, #6221, #6225, #6228, #6232, #6236, #6239, #6243, #6246, #6250, #6254, #6258, #6261, #6265, #6269, #6273, #6277, #6281, #6284, #6288, #6292, #6296, #6299, #6303, #6306, #6310, #6314, #6317, #6321, #6324, #6330, #6333, #6336, #6340, #6343, #6347, #6350, #6354, #6357, #6361, #6366, #6369, #6373, #6376, #6379, #6382, #6385, #6388, #6391, #6394, #6397, #6400, #6403, #6406, #6409, #6412, #6415, #6418, #6421, #6424, #6427, #6430, #6433, #6436, #6439, #6442, #6445, #6448, #6451));
#6096 = IFCPOLYLOOP((#6097, #6098, #6099));
#6097 = IFCCARTESIANPOINT((1.91532165527344E-1, 2.23158386230469E-1, 9.15505886077881E-3));
#6098 = IFCCARTESIANPOINT((1.88499893188477E-1, 2.29923492431641E-1, 9.15255451202393E-3));
#6099 = IFCCARTESIANPOINT((2.1895198059082E-1, 2.25651397705078E-1, 9.15404033660889E-3));
#6100 = IFCFACEOUTERBOUND(#6096, .T.);
#6101 = IFCFACE((#6100));
#6102 = IFCPOLYLOOP((#6103, #6104, #6097));
#6103 = IFCCARTESIANPOINT((2.14965942382813E-1, 2.20724914550781E-1, 9.15807914733887E-3));
#6104 = IFCCARTESIANPOINT((1.96765960693359E-1, 2.18783233642578E-1, 9.16429233551025E-3));
#6105 = IFCFACEOUTERBOUND(#6102, .T.);
#6106 = IFCFACE((#6105));
#6107 = IFCPOLYLOOP((#6108, #6109, #6110));
#6108 = IFCCARTESIANPOINT((1.884140625E-1, 2.36027435302734E-1, 9.15133666992188E-3));
#6109 = IFCCARTESIANPOINT((2.20657485961914E-1, 2.35763427734375E-1, 9.15185165405273E-3));
#6110 = IFCCARTESIANPOINT((2.20524124145508E-1, 2.30584564208984E-1, 9.15244483947754E-3));
#6111 = IFCFACEOUTERBOUND(#6107, .T.);
#6112 = IFCFACE((#6111));
#6113 = IFCPOLYLOOP((#6110, #6098, #6108));
#6114 = IFCFACEOUTERBOUND(#6113, .T.);
#6115 = IFCFACE((#6114));
#6116 = IFCPOLYLOOP((#6117, #6118, #6119));
#6117 = IFCCARTESIANPOINT((1.89985565185547E-1, 2.40952728271484E-1, 9.15315532684326E-3));
#6118 = IFCCARTESIANPOINT((1.94122116088867E-1, 2.46008972167969E-1, 9.15782928466797E-3));
#6119 = IFCCARTESIANPOINT((2.16997009277344E-1, 2.43823760986328E-1, 9.15573406219482E-3));
#6120 = IFCFACEOUTERBOUND(#6116, .T.);
#6121 = IFCFACE((#6120));
#6122 = IFCPOLYLOOP((#6118, #6123, #6124));
#6123 = IFCCARTESIANPOINT((1.99718887329102E-1, 2.48989196777344E-1, 9.17130279541016E-3));
#6124 = IFCCARTESIANPOINT((2.12084274291992E-1, 2.47816345214844E-1, 9.16579437255859E-3));
#6125 = IFCFACEOUTERBOUND(#6122, .T.);
#6126 = IFCFACE((#6125));
#6127 = IFCPOLYLOOP((#6108, #6117, #6109));
#6128 = IFCFACEOUTERBOUND(#6127, .T.);
#6129 = IFCFACE((#6128));
#6130 = IFCPOLYLOOP((#6131, #6132, #6104));
#6131 = IFCCARTESIANPOINT((2.06923614501953E-1, 2.17045562744141E-1, 9.16635131835938E-3));
#6132 = IFCCARTESIANPOINT((2.01752059936523E-1, 2.17141876220703E-1, 9.31188106536865E-3));
#6133 = IFCFACEOUTERBOUND(#6130, .T.);
#6134 = IFCFACE((#6133));
#6135 = IFCPOLYLOOP((#6097, #6099, #6103));
#6136 = IFCFACEOUTERBOUND(#6135, .T.);
#6137 = IFCFACE((#6136));
#6138 = IFCPOLYLOOP((#6099, #6098, #6110));
#6139 = IFCFACEOUTERBOUND(#6138, .T.);
#6140 = IFCFACE((#6139));
#6141 = IFCPOLYLOOP((#6124, #6123, #6142));
#6142 = IFCCARTESIANPOINT((2.05936370849609E-1, 2.49592590332031E-1, 9.34980487823486E-3));
#6143 = IFCFACEOUTERBOUND(#6141, .T.);
#6144 = IFCFACE((#6143));
#6145 = IFCPOLYLOOP((#6119, #6118, #6124));
#6146 = IFCFACEOUTERBOUND(#6145, .T.);
#6147 = IFCFACE((#6146));
#6148 = IFCPOLYLOOP((#6117, #6119, #6109));
#6149 = IFCFACEOUTERBOUND(#6148, .T.);
#6150 = IFCFACE((#6149));
#6151 = IFCPOLYLOOP((#6104, #6103, #6131));
#6152 = IFCFACEOUTERBOUND(#6151, .T.);
#6153 = IFCFACE((#6152));
#6154 = IFCPOLYLOOP((#6110, #6109, #6155));
#6155 = IFCCARTESIANPOINT((2.1917024230957E-1, 2.24822082519531E-1, 8.18884811401367E-2));
#6156 = IFCFACEOUTERBOUND(#6154, .T.);
#6157 = IFCFACE((#6156));
#6158 = IFCPOLYLOOP((#6159, #6110, #6160));
#6159 = IFCCARTESIANPOINT((2.11801712036133E-1, 1.39798095703125E-1, 5.5578466796875E-1));
#6160 = IFCCARTESIANPOINT((2.11622894287109E-1, 1.46094329833984E-1, 5.55890686035156E-1));
#6161 = IFCFACEOUTERBOUND(#6158, .T.);
#6162 = IFCFACE((#6161));
#6163 = IFCPOLYLOOP((#6159, #6164, #6165));
#6164 = IFCCARTESIANPOINT((2.10939575195313E-1, 1.33812591552734E-1, 6.21249389648438E-1));
#6165 = IFCCARTESIANPOINT((2.10548431396484E-1, 1.27312957763672E-1, 6.22352172851563E-1));
#6166 = IFCFACEOUTERBOUND(#6163, .T.);
#6167 = IFCFACE((#6166));
#6168 = IFCPOLYLOOP((#6160, #6164, #6159));
#6169 = IFCFACEOUTERBOUND(#6168, .T.);
#6170 = IFCFACE((#6169));
#6171 = IFCPOLYLOOP((#6172, #6099, #6110));
#6172 = IFCCARTESIANPOINT((2.1697932434082E-1, 2.12408447265625E-1, 8.16734390258789E-2));
#6173 = IFCFACEOUTERBOUND(#6171, .T.);
#6174 = IFCFACE((#6173));
#6175 = IFCPOLYLOOP((#6110, #6159, #6176));
#6176 = IFCCARTESIANPOINT((2.08354904174805E-1, 1.22369903564453E-1, 6.23543273925781E-1));
#6177 = IFCFACEOUTERBOUND(#6175, .T.);
#6178 = IFCFACE((#6177));
#6179 = IFCPOLYLOOP((#6176, #6172, #6110));
#6180 = IFCFACEOUTERBOUND(#6179, .T.);
#6181 = IFCFACE((#6180));
#6182 = IFCPOLYLOOP((#6159, #6165, #6176));
#6183 = IFCFACEOUTERBOUND(#6182, .T.);
#6184 = IFCFACE((#6183));
#6185 = IFCPOLYLOOP((#6172, #6103, #6099));
#6186 = IFCFACEOUTERBOUND(#6185, .T.);
#6187 = IFCFACE((#6186));
#6188 = IFCPOLYLOOP((#6189, #6103, #6172));
#6189 = IFCCARTESIANPOINT((2.1242707824707E-1, 2.07752807617188E-1, 8.15853881835938E-2));
#6190 = IFCFACEOUTERBOUND(#6188, .T.);
#6191 = IFCFACE((#6190));
#6192 = IFCPOLYLOOP((#6172, #6176, #6193));
#6193 = IFCCARTESIANPOINT((2.03918670654297E-1, 1.17571197509766E-1, 6.25052124023438E-1));
#6194 = IFCFACEOUTERBOUND(#6192, .T.);
#6195 = IFCFACE((#6194));
#6196 = IFCPOLYLOOP((#6193, #6189, #6172));
#6197 = IFCFACEOUTERBOUND(#6196, .T.);
#6198 = IFCFACE((#6197));
#6199 = IFCPOLYLOOP((#6200, #6201, #6189));
#6200 = IFCCARTESIANPOINT((2.06907470703125E-1, 2.05359436035156E-1, 8.1534049987793E-2));
#6201 = IFCCARTESIANPOINT((2.10602310180664E-1, 2.14729400634766E-1, 3.05987701416016E-2));
#6202 = IFCFACEOUTERBOUND(#6199, .T.);
#6203 = IFCFACE((#6202));
#6204 = IFCPOLYLOOP((#6200, #6189, #6193));
#6205 = IFCFACEOUTERBOUND(#6204, .T.);
#6206 = IFCFACE((#6205));
#6207 = IFCPOLYLOOP((#6132, #6131, #6200));
#6208 = IFCFACEOUTERBOUND(#6207, .T.);
#6209 = IFCFACE((#6208));
#6210 = IFCPOLYLOOP((#6132, #6200, #6211));
#6211 = IFCCARTESIANPOINT((1.93063125610352E-1, 1.26453460693359E-1, 5.55518737792969E-1));
#6212 = IFCFACEOUTERBOUND(#6210, .T.);
#6213 = IFCFACE((#6212));
#6214 = IFCPOLYLOOP((#6211, #6200, #6215));
#6215 = IFCCARTESIANPOINT((1.98111587524414E-1, 1.14775787353516E-1, 6.26644287109375E-1));
#6216 = IFCFACEOUTERBOUND(#6214, .T.);
#6217 = IFCFACE((#6216));
#6218 = IFCPOLYLOOP((#6215, #6219, #6211));
#6219 = IFCCARTESIANPOINT((1.93954727172852E-1, 1.14211639404297E-1, 6.27438598632813E-1));
#6220 = IFCFACEOUTERBOUND(#6218, .T.);
#6221 = IFCFACE((#6220));
#6222 = IFCPOLYLOOP((#6223, #6104, #6132));
#6223 = IFCCARTESIANPOINT((1.94491912841797E-1, 2.07550262451172E-1, 8.1548225402832E-2));
#6224 = IFCFACEOUTERBOUND(#6222, .T.);
#6225 = IFCFACE((#6224));
#6226 = IFCPOLYLOOP((#6132, #6211, #6223));
#6227 = IFCFACEOUTERBOUND(#6226, .T.);
#6228 = IFCFACE((#6227));
#6229 = IFCPOLYLOOP((#6230, #6223, #6211));
#6230 = IFCCARTESIANPOINT((1.86944580078125E-1, 1.28822479248047E-1, 5.55550537109375E-1));
#6231 = IFCFACEOUTERBOUND(#6229, .T.);
#6232 = IFCFACE((#6231));
#6233 = IFCPOLYLOOP((#6234, #6211, #6219));
#6234 = IFCCARTESIANPOINT((1.88781311035156E-1, 1.15187255859375E-1, 6.28168884277344E-1));
#6235 = IFCFACEOUTERBOUND(#6233, .T.);
#6236 = IFCFACE((#6235));
#6237 = IFCPOLYLOOP((#6211, #6234, #6230));
#6238 = IFCFACEOUTERBOUND(#6237, .T.);
#6239 = IFCFACE((#6238));
#6240 = IFCPOLYLOOP((#6223, #6241, #6097));
#6241 = IFCCARTESIANPOINT((1.8983544921875E-1, 2.12102233886719E-1, 8.16153564453125E-2));
#6242 = IFCFACEOUTERBOUND(#6240, .T.);
#6243 = IFCFACE((#6242));
#6244 = IFCPOLYLOOP((#6097, #6104, #6223));
#6245 = IFCFACEOUTERBOUND(#6244, .T.);
#6246 = IFCFACE((#6245));
#6247 = IFCPOLYLOOP((#6248, #6241, #6223));
#6248 = IFCCARTESIANPOINT((1.81132904052734E-1, 1.21276397705078E-1, 6.28251342773438E-1));
#6249 = IFCFACEOUTERBOUND(#6247, .T.);
#6250 = IFCFACE((#6249));
#6251 = IFCPOLYLOOP((#6230, #6252, #6248));
#6252 = IFCCARTESIANPOINT((1.84234497070313E-1, 1.17731201171875E-1, 6.28431884765625E-1));
#6253 = IFCFACEOUTERBOUND(#6251, .T.);
#6254 = IFCFACE((#6253));
#6255 = IFCPOLYLOOP((#6256, #6098, #6241));
#6256 = IFCCARTESIANPOINT((1.78754730224609E-1, 1.26857147216797E-1, 6.27554016113281E-1));
#6257 = IFCFACEOUTERBOUND(#6255, .T.);
#6258 = IFCFACE((#6257));
#6259 = IFCPOLYLOOP((#6108, #6098, #6256));
#6260 = IFCFACEOUTERBOUND(#6259, .T.);
#6261 = IFCFACE((#6260));
#6262 = IFCPOLYLOOP((#6256, #6263, #6108));
#6263 = IFCCARTESIANPOINT((1.79715393066406E-1, 1.45189392089844E-1, 5.55813415527344E-1));
#6264 = IFCFACEOUTERBOUND(#6262, .T.);
#6265 = IFCFACE((#6264));
#6266 = IFCPOLYLOOP((#6256, #6267, #6263));
#6267 = IFCCARTESIANPOINT((1.783369140625E-1, 1.32210235595703E-1, 6.26620422363281E-1));
#6268 = IFCFACEOUTERBOUND(#6266, .T.);
#6269 = IFCFACE((#6268));
#6270 = IFCPOLYLOOP((#6271, #6117, #6108));
#6271 = IFCCARTESIANPOINT((1.89632476806641E-1, 2.30034698486328E-1, 8.19197235107422E-2));
#6272 = IFCFACEOUTERBOUND(#6270, .T.);
#6273 = IFCFACE((#6272));
#6274 = IFCPOLYLOOP((#6275, #6271, #6108));
#6275 = IFCCARTESIANPOINT((1.8208512878418E-1, 1.51306884765625E-1, 5.55922180175781E-1));
#6276 = IFCFACEOUTERBOUND(#6274, .T.);
#6277 = IFCFACE((#6276));
#6278 = IFCPOLYLOOP((#6279, #6263, #6267));
#6279 = IFCCARTESIANPOINT((1.80154266357422E-1, 1.38585510253906E-1, 6.25209899902344E-1));
#6280 = IFCFACEOUTERBOUND(#6278, .T.);
#6281 = IFCFACE((#6280));
#6282 = IFCPOLYLOOP((#6263, #6279, #6275));
#6283 = IFCFACEOUTERBOUND(#6282, .T.);
#6284 = IFCFACE((#6283));
#6285 = IFCPOLYLOOP((#6286, #6118, #6271));
#6286 = IFCCARTESIANPOINT((1.94184722900391E-1, 2.34690216064453E-1, 8.20083084106445E-2));
#6287 = IFCFACEOUTERBOUND(#6285, .T.);
#6288 = IFCFACE((#6287));
#6289 = IFCPOLYLOOP((#6290, #6286, #6271));
#6290 = IFCCARTESIANPOINT((1.86637390136719E-1, 1.55962524414063E-1, 5.56010070800781E-1));
#6291 = IFCFACEOUTERBOUND(#6289, .T.);
#6292 = IFCFACE((#6291));
#6293 = IFCPOLYLOOP((#6294, #6275, #6279));
#6294 = IFCCARTESIANPOINT((1.84138885498047E-1, 1.43758178710938E-1, 6.23655395507813E-1));
#6295 = IFCFACEOUTERBOUND(#6293, .T.);
#6296 = IFCFACE((#6295));
#6297 = IFCPOLYLOOP((#6275, #6294, #6290));
#6298 = IFCFACEOUTERBOUND(#6297, .T.);
#6299 = IFCFACE((#6298));
#6300 = IFCPOLYLOOP((#6286, #6301, #6123));
#6301 = IFCCARTESIANPOINT((1.99704315185547E-1, 2.37083648681641E-1, 8.20592269897461E-2));
#6302 = IFCFACEOUTERBOUND(#6300, .T.);
#6303 = IFCFACE((#6302));
#6304 = IFCPOLYLOOP((#6123, #6118, #6286));
#6305 = IFCFACEOUTERBOUND(#6304, .T.);
#6306 = IFCFACE((#6305));
#6307 = IFCPOLYLOOP((#6308, #6301, #6286));
#6308 = IFCCARTESIANPOINT((1.92156967163086E-1, 1.58355743408203E-1, 5.56062194824219E-1));
#6309 = IFCFACEOUTERBOUND(#6307, .T.);
#6310 = IFCFACE((#6309));
#6311 = IFCPOLYLOOP((#6312, #6290, #6294));
#6312 = IFCCARTESIANPOINT((1.89865432739258E-1, 1.47144989013672E-1, 6.22232360839844E-1));
#6313 = IFCFACEOUTERBOUND(#6311, .T.);
#6314 = IFCFACE((#6313));
#6315 = IFCPOLYLOOP((#6290, #6312, #6308));
#6316 = IFCFACEOUTERBOUND(#6315, .T.);
#6317 = IFCFACE((#6316));
#6318 = IFCPOLYLOOP((#6301, #6319, #6142));
#6319 = IFCCARTESIANPOINT((2.06001388549805E-1, 2.37262268066406E-1, 8.20742950439453E-2));
#6320 = IFCFACEOUTERBOUND(#6318, .T.);
#6321 = IFCFACE((#6320));
#6322 = IFCPOLYLOOP((#6142, #6123, #6301));
#6323 = IFCFACEOUTERBOUND(#6322, .T.);
#6324 = IFCFACE((#6323));
#6325 = IFCPOLYLOOP((#6326, #6327, #6328));
#6326 = IFCCARTESIANPOINT((1.98454040527344E-1, 1.58534484863281E-1, 5.56076477050781E-1));
#6327 = IFCCARTESIANPOINT((1.94404556274414E-1, 1.50099365234375E-1, 6.084169921875E-1));
#6328 = IFCCARTESIANPOINT((1.9979719543457E-1, 1.47331939697266E-1, 6.20789245605469E-1));
#6329 = IFCFACEOUTERBOUND(#6325, .T.);
#6330 = IFCFACE((#6329));
#6331 = IFCPOLYLOOP((#6308, #6327, #6326));
#6332 = IFCFACEOUTERBOUND(#6331, .T.);
#6333 = IFCFACE((#6332));
#6334 = IFCPOLYLOOP((#6319, #6124, #6142));
#6335 = IFCFACEOUTERBOUND(#6334, .T.);
#6336 = IFCFACE((#6335));
#6337 = IFCPOLYLOOP((#6338, #6124, #6319));
#6338 = IFCCARTESIANPOINT((2.12119888305664E-1, 2.34892822265625E-1, 8.20450897216797E-2));
#6339 = IFCFACEOUTERBOUND(#6337, .T.);
#6340 = IFCFACE((#6339));
#6341 = IFCPOLYLOOP((#6338, #6319, #6326));
#6342 = IFCFACEOUTERBOUND(#6341, .T.);
#6343 = IFCFACE((#6342));
#6344 = IFCPOLYLOOP((#6345, #6338, #6326));
#6345 = IFCCARTESIANPOINT((2.04572555541992E-1, 1.56165191650391E-1, 5.56046203613281E-1));
#6346 = IFCFACEOUTERBOUND(#6344, .T.);
#6347 = IFCFACE((#6346));
#6348 = IFCPOLYLOOP((#6326, #6328, #6345));
#6349 = IFCFACEOUTERBOUND(#6348, .T.);
#6350 = IFCFACE((#6349));
#6351 = IFCPOLYLOOP((#6352, #6119, #6338));
#6352 = IFCCARTESIANPOINT((2.16776351928711E-1, 2.30341064453125E-1, 8.19768753051758E-2));
#6353 = IFCFACEOUTERBOUND(#6351, .T.);
#6354 = IFCFACE((#6353));
#6355 = IFCPOLYLOOP((#6338, #6345, #6352));
#6356 = IFCFACEOUTERBOUND(#6355, .T.);
#6357 = IFCFACE((#6356));
#6358 = IFCPOLYLOOP((#6359, #6345, #6328));
#6359 = IFCCARTESIANPOINT((2.05920501708984E-1, 1.43666198730469E-1, 6.20497863769531E-1));
#6360 = IFCFACEOUTERBOUND(#6358, .T.);
#6361 = IFCFACE((#6360));
#6362 = IFCPOLYLOOP((#6363, #6359, #6364));
#6363 = IFCCARTESIANPOINT((2.0922900390625E-1, 1.51613220214844E-1, 5.55979553222656E-1));
#6364 = IFCCARTESIANPOINT((2.09118591308594E-1, 1.39521820068359E-1, 6.20670776367188E-1));
#6365 = IFCFACEOUTERBOUND(#6362, .T.);
#6366 = IFCFACE((#6365));
#6367 = IFCPOLYLOOP((#6345, #6359, #6363));
#6368 = IFCFACEOUTERBOUND(#6367, .T.);
#6369 = IFCFACE((#6368));
#6370 = IFCPOLYLOOP((#6371, #6155, #6109));
#6371 = IFCCARTESIANPOINT((2.1907389831543E-1, 2.3615771484375E-1, 3.10426158905029E-2));
#6372 = IFCFACEOUTERBOUND(#6370, .T.);
#6373 = IFCFACE((#6372));
#6374 = IFCPOLYLOOP((#6352, #6371, #6119));
#6375 = IFCFACEOUTERBOUND(#6374, .T.);
#6376 = IFCFACE((#6375));
#6377 = IFCPOLYLOOP((#6155, #6371, #6352));
#6378 = IFCFACEOUTERBOUND(#6377, .T.);
#6379 = IFCFACE((#6378));
#6380 = IFCPOLYLOOP((#6160, #6155, #6363));
#6381 = IFCFACEOUTERBOUND(#6380, .T.);
#6382 = IFCFACE((#6381));
#6383 = IFCPOLYLOOP((#6160, #6364, #6164));
#6384 = IFCFACEOUTERBOUND(#6383, .T.);
#6385 = IFCFACE((#6384));
#6386 = IFCPOLYLOOP((#6363, #6364, #6160));
#6387 = IFCFACEOUTERBOUND(#6386, .T.);
#6388 = IFCFACE((#6387));
#6389 = IFCPOLYLOOP((#6201, #6200, #6131));
#6390 = IFCFACEOUTERBOUND(#6389, .T.);
#6391 = IFCFACE((#6390));
#6392 = IFCPOLYLOOP((#6119, #6371, #6109));
#6393 = IFCFACEOUTERBOUND(#6392, .T.);
#6394 = IFCFACE((#6393));
#6395 = IFCPOLYLOOP((#6328, #6327, #6312));
#6396 = IFCFACEOUTERBOUND(#6395, .T.);
#6397 = IFCFACE((#6396));
#6398 = IFCPOLYLOOP((#6308, #6312, #6327));
#6399 = IFCFACEOUTERBOUND(#6398, .T.);
#6400 = IFCFACE((#6399));
#6401 = IFCPOLYLOOP((#6110, #6155, #6160));
#6402 = IFCFACEOUTERBOUND(#6401, .T.);
#6403 = IFCFACE((#6402));
#6404 = IFCPOLYLOOP((#6201, #6103, #6189));
#6405 = IFCFACEOUTERBOUND(#6404, .T.);
#6406 = IFCFACE((#6405));
#6407 = IFCPOLYLOOP((#6248, #6223, #6230));
#6408 = IFCFACEOUTERBOUND(#6407, .T.);
#6409 = IFCFACE((#6408));
#6410 = IFCPOLYLOOP((#6098, #6097, #6241));
#6411 = IFCFACEOUTERBOUND(#6410, .T.);
#6412 = IFCFACE((#6411));
#6413 = IFCPOLYLOOP((#6256, #6241, #6248));
#6414 = IFCFACEOUTERBOUND(#6413, .T.);
#6415 = IFCFACE((#6414));
#6416 = IFCPOLYLOOP((#6275, #6108, #6263));
#6417 = IFCFACEOUTERBOUND(#6416, .T.);
#6418 = IFCFACE((#6417));
#6419 = IFCPOLYLOOP((#6118, #6117, #6271));
#6420 = IFCFACEOUTERBOUND(#6419, .T.);
#6421 = IFCFACE((#6420));
#6422 = IFCPOLYLOOP((#6290, #6271, #6275));
#6423 = IFCFACEOUTERBOUND(#6422, .T.);
#6424 = IFCFACE((#6423));
#6425 = IFCPOLYLOOP((#6308, #6286, #6290));
#6426 = IFCFACEOUTERBOUND(#6425, .T.);
#6427 = IFCFACE((#6426));
#6428 = IFCPOLYLOOP((#6308, #6326, #6301));
#6429 = IFCFACEOUTERBOUND(#6428, .T.);
#6430 = IFCFACE((#6429));
#6431 = IFCPOLYLOOP((#6119, #6124, #6338));
#6432 = IFCFACEOUTERBOUND(#6431, .T.);
#6433 = IFCFACE((#6432));
#6434 = IFCPOLYLOOP((#6155, #6352, #6363));
#6435 = IFCFACEOUTERBOUND(#6434, .T.);
#6436 = IFCFACE((#6435));
#6437 = IFCPOLYLOOP((#6200, #6193, #6215));
#6438 = IFCFACEOUTERBOUND(#6437, .T.);
#6439 = IFCFACE((#6438));
#6440 = IFCPOLYLOOP((#6234, #6252, #6230));
#6441 = IFCFACEOUTERBOUND(#6440, .T.);
#6442 = IFCFACE((#6441));
#6443 = IFCPOLYLOOP((#6345, #6363, #6352));
#6444 = IFCFACEOUTERBOUND(#6443, .T.);
#6445 = IFCFACE((#6444));
#6446 = IFCPOLYLOOP((#6131, #6103, #6201));
#6447 = IFCFACEOUTERBOUND(#6446, .T.);
#6448 = IFCFACE((#6447));
#6449 = IFCPOLYLOOP((#6326, #6319, #6301));
#6450 = IFCFACEOUTERBOUND(#6449, .T.);
#6451 = IFCFACE((#6450));
#6452 = IFCSURFACESTYLERENDERING(#6453, 0., #6454, $, $, #6455, #6456, $, .NOTDEFINED.);
#6453 = IFCCOLOURRGB('Surface color', 5.41176497936249E-1, 3.4901961684227E-1, 2.50980406999588E-1);
#6454 = IFCCOLOURRGB('Diffuse color', 5.41176497936249E-1, 3.4901961684227E-1, 2.50980406999588E-1);
#6455 = IFCCOLOURRGB('Reflection color', 1., 1., 1.);
#6456 = IFCCOLOURRGB('Specular color', 1., 1., 1.);
#6457 = IFCSURFACESTYLE('3acb42c0_d3bc_49d4_a7ed_98ea0419b48c', .BOTH., (#6452));
#6458 = IFCPRESENTATIONSTYLEASSIGNMENT((#6457));
#6459 = IFCSTYLEDITEM($, (#6458), $);
#6460 = IFCSTYLEDREPRESENTATION(#103, 'Body', $, (#6459));
#6461 = IFCCLOSEDSHELL((#6467, #6472, #6478, #6481, #6487, #6492, #6495, #6500, #6503, #6506, #6510, #6513, #6516, #6519, #6525, #6530, #6536, #6539, #6543, #6548, #6552, #6555, #6560, #6563, #6567, #6572, #6576, #6579, #6582, #6585, #6590, #6594, #6597, #6601, #6605, #6608, #6613, #6616, #6620, #6625, #6628, #6633, #6636, #6641, #6644, #6649, #6652, #6656, #6659, #6662, #6666, #6669, #6672, #6675, #6679, #6683, #6687, #6690, #6694, #6697, #6701, #6705, #6710, #6713, #6717, #6722, #6725, #6730, #6733, #6738, #6741, #6746, #6749, #6752, #6756, #6759, #6762, #6765, #6768, #6771, #6775, #6779, #6782, #6786, #6790, #6793, #6796, #6799, #6803, #6807, #6810, #6814, #6818, #6821, #6824, #6827, #6831, #6834, #6837, #6840, #6843, #6846, #6849, #6852, #6855, #6858, #6861, #6864, #6867, #6870, #6873, #6876, #6879, #6882, #6886, #6889, #6892, #6895, #6898, #6901, #6904, #6907, #6910, #6913, #6916, #6920, #6923, #6927, #6930, #6934, #6937, #6940, #6943, #6947, #6951, #6955, #6958, #6962, #6966, #6969, #6972, #6975, #6978, #6981, #6984, #6987, #6990, #6993, #6996, #6999, #7002, #7005, #7008, #7011, #7014, #7017, #7020, #7023, #7026, #7029, #7032, #7035, #7038, #7041, #7044, #7047, #7050, #7053, #7056, #7059, #7062, #7065));
#6462 = IFCPOLYLOOP((#6463, #6464, #6465));
#6463 = IFCCARTESIANPOINT((-2.17748901367188E-1, 2.42708068847656E-1, 9.15003204345703E-3));
#6464 = IFCCARTESIANPOINT((-2.20328430175781E-1, 2.369033203125E-1, 9.15003204345703E-3));
#6465 = IFCCARTESIANPOINT((-1.90694641113281E-1, 2.41969177246094E-1, 9.15003204345703E-3));
#6466 = IFCFACEOUTERBOUND(#6462, .T.);
#6467 = IFCFACE((#6466));
#6468 = IFCPOLYLOOP((#6469, #6470, #6463));
#6469 = IFCCARTESIANPOINT((-1.95060607910156E-1, 2.46593933105469E-1, 9.15003204345703E-3));
#6470 = IFCCARTESIANPOINT((-2.13146331787109E-1, 2.47085876464844E-1, 9.15003204345703E-3));
#6471 = IFCFACEOUTERBOUND(#6468, .T.);
#6472 = IFCFACE((#6471));
#6473 = IFCPOLYLOOP((#6474, #6475, #6476));
#6474 = IFCCARTESIANPOINT((-2.20498306274414E-1, 2.30546691894531E-1, 9.15003204345703E-3));
#6475 = IFCCARTESIANPOINT((-1.88596817016602E-1, 2.29671752929688E-1, 9.15003204345703E-3));
#6476 = IFCCARTESIANPOINT((-1.88426940917969E-1, 2.36028381347656E-1, 9.15003204345703E-3));
#6477 = IFCFACEOUTERBOUND(#6473, .T.);
#6478 = IFCFACE((#6477));
#6479 = IFCPOLYLOOP((#6476, #6464, #6474));
#6480 = IFCFACEOUTERBOUND(#6479, .T.);
#6481 = IFCFACE((#6480));
#6482 = IFCPOLYLOOP((#6483, #6484, #6485));
#6483 = IFCCARTESIANPOINT((-2.18230606079102E-1, 2.24605895996094E-1, 9.15003204345703E-3));
#6484 = IFCCARTESIANPOINT((-2.13864624023438E-1, 2.19981170654297E-1, 9.15003204345703E-3));
#6485 = IFCCARTESIANPOINT((-1.91176345825195E-1, 2.23867004394531E-1, 9.15003204345703E-3));
#6486 = IFCFACEOUTERBOUND(#6482, .T.);
#6487 = IFCFACE((#6486));
#6488 = IFCPOLYLOOP((#6484, #6489, #6490));
#6489 = IFCCARTESIANPOINT((-2.08060028076172E-1, 2.173818359375E-1, 9.15003204345703E-3));
#6490 = IFCCARTESIANPOINT((-1.95778915405273E-1, 2.19489196777344E-1, 9.15003204345703E-3));
#6491 = IFCFACEOUTERBOUND(#6488, .T.);
#6492 = IFCFACE((#6491));
#6493 = IFCPOLYLOOP((#6474, #6483, #6475));
#6494 = IFCFACEOUTERBOUND(#6493, .T.);
#6495 = IFCFACE((#6494));
#6496 = IFCPOLYLOOP((#6497, #6498, #6470));
#6497 = IFCCARTESIANPOINT((-2.00865219116211E-1, 2.49193237304688E-1, 9.15003204345703E-3));
#6498 = IFCCARTESIANPOINT((-2.07214981079102E-1, 2.49365447998047E-1, 9.15003204345703E-3));
#6499 = IFCFACEOUTERBOUND(#6496, .T.);
#6500 = IFCFACE((#6499));
#6501 = IFCPOLYLOOP((#6463, #6465, #6469));
#6502 = IFCFACEOUTERBOUND(#6501, .T.);
#6503 = IFCFACE((#6502));
#6504 = IFCPOLYLOOP((#6465, #6464, #6476));
#6505 = IFCFACEOUTERBOUND(#6504, .T.);
#6506 = IFCFACE((#6505));
#6507 = IFCPOLYLOOP((#6490, #6489, #6508));
#6508 = IFCCARTESIANPOINT((-2.01710266113281E-1, 2.17209625244141E-1, 9.15003204345703E-3));
#6509 = IFCFACEOUTERBOUND(#6507, .T.);
#6510 = IFCFACE((#6509));
#6511 = IFCPOLYLOOP((#6485, #6484, #6490));
#6512 = IFCFACEOUTERBOUND(#6511, .T.);
#6513 = IFCFACE((#6512));
#6514 = IFCPOLYLOOP((#6483, #6485, #6475));
#6515 = IFCFACEOUTERBOUND(#6514, .T.);
#6516 = IFCFACE((#6515));
#6517 = IFCPOLYLOOP((#6470, #6469, #6497));
#6518 = IFCFACEOUTERBOUND(#6517, .T.);
#6519 = IFCFACE((#6518));
#6520 = IFCPOLYLOOP((#6521, #6522, #6523));
#6521 = IFCCARTESIANPOINT((-2.16458877563477E-1, 2.41040344238281E-1, 5.83629086613655E-5));
#6522 = IFCCARTESIANPOINT((-1.9476676940918E-1, 2.43772827148438E-1, 5.83629086613655E-5));
#6523 = IFCCARTESIANPOINT((-2.18377700805664E-1, 2.36462127685547E-1, 5.83629086613655E-5));
#6524 = IFCFACEOUTERBOUND(#6520, .T.);
#6525 = IFCFACE((#6524));
#6526 = IFCPOLYLOOP((#6521, #6527, #6528));
#6527 = IFCCARTESIANPOINT((-2.13225845336914E-1, 2.44590942382813E-1, 5.83629086613655E-5));
#6528 = IFCCARTESIANPOINT((-2.08684143066406E-1, 2.46956359863281E-1, 5.83629086613655E-5));
#6529 = IFCFACEOUTERBOUND(#6526, .T.);
#6530 = IFCFACE((#6529));
#6531 = IFCPOLYLOOP((#6532, #6533, #6534));
#6532 = IFCCARTESIANPOINT((-1.90310119628906E-1, 2.35071533203125E-1, 5.83629086613655E-5));
#6533 = IFCCARTESIANPOINT((-2.14158203125E-1, 2.22802307128906E-1, 5.83629086613655E-5));
#6534 = IFCCARTESIANPOINT((-2.18616500854492E-1, 2.31504089355469E-1, 5.83629086613655E-5));
#6535 = IFCFACEOUTERBOUND(#6531, .T.);
#6536 = IFCFACE((#6535));
#6537 = IFCPOLYLOOP((#6534, #6523, #6532));
#6538 = IFCFACEOUTERBOUND(#6537, .T.);
#6539 = IFCFACE((#6538));
#6540 = IFCPOLYLOOP((#6533, #6541, #6534));
#6541 = IFCCARTESIANPOINT((-2.17228485107422E-1, 2.26890930175781E-1, 5.83629086613655E-5));
#6542 = IFCFACEOUTERBOUND(#6540, .T.);
#6543 = IFCFACE((#6542));
#6544 = IFCPOLYLOOP((#6545, #6533, #6546));
#6545 = IFCCARTESIANPOINT((-2.09998092651367E-1, 2.20095855712891E-1, 5.83629086613655E-5));
#6546 = IFCCARTESIANPOINT((-2.05161392211914E-1, 2.18992858886719E-1, 5.83629086613655E-5));
#6547 = IFCFACEOUTERBOUND(#6544, .T.);
#6548 = IFCFACE((#6547));
#6549 = IFCPOLYLOOP((#6533, #6550, #6546));
#6550 = IFCCARTESIANPOINT((-2.00240814208984E-1, 2.19618133544922E-1, 5.83629086613655E-5));
#6551 = IFCFACEOUTERBOUND(#6549, .T.);
#6552 = IFCFACE((#6551));
#6553 = IFCPOLYLOOP((#6521, #6528, #6522));
#6554 = IFCFACEOUTERBOUND(#6553, .T.);
#6555 = IFCFACE((#6554));
#6556 = IFCPOLYLOOP((#6522, #6557, #6558));
#6557 = IFCCARTESIANPOINT((-2.03763870239258E-1, 2.47582397460938E-1, 5.83629086613655E-5));
#6558 = IFCCARTESIANPOINT((-1.98927185058594E-1, 2.46479461669922E-1, 5.83629086613655E-5));
#6559 = IFCFACEOUTERBOUND(#6556, .T.);
#6560 = IFCFACE((#6559));
#6561 = IFCPOLYLOOP((#6523, #6522, #6532));
#6562 = IFCFACEOUTERBOUND(#6561, .T.);
#6563 = IFCFACE((#6562));
#6564 = IFCPOLYLOOP((#6565, #6532, #6522));
#6565 = IFCCARTESIANPOINT((-1.91696884155273E-1, 2.39683868408203E-1, 5.83629086613655E-5));
#6566 = IFCFACEOUTERBOUND(#6564, .T.);
#6567 = IFCFACE((#6566));
#6568 = IFCPOLYLOOP((#6569, #6570, #6550));
#6569 = IFCCARTESIANPOINT((-1.92469390869141E-1, 2.25535736083984E-1, 5.83629086613655E-5));
#6570 = IFCCARTESIANPOINT((-1.95697662353516E-1, 2.21983795166016E-1, 5.83629086613655E-5));
#6571 = IFCFACEOUTERBOUND(#6568, .T.);
#6572 = IFCFACE((#6571));
#6573 = IFCPOLYLOOP((#6574, #6569, #6532));
#6574 = IFCCARTESIANPOINT((-1.90542465209961E-1, 2.30111145019531E-1, 5.83629086613655E-5));
#6575 = IFCFACEOUTERBOUND(#6573, .T.);
#6576 = IFCFACE((#6575));
#6577 = IFCPOLYLOOP((#6533, #6569, #6550));
#6578 = IFCFACEOUTERBOUND(#6577, .T.);
#6579 = IFCFACE((#6578));
#6580 = IFCPOLYLOOP((#6533, #6532, #6569));
#6581 = IFCFACEOUTERBOUND(#6580, .T.);
#6582 = IFCFACE((#6581));
#6583 = IFCPOLYLOOP((#6522, #6528, #6557));
#6584 = IFCFACEOUTERBOUND(#6583, .T.);
#6585 = IFCFACE((#6584));
#6586 = IFCPOLYLOOP((#6587, #6588, #6464));
#6587 = IFCCARTESIANPOINT((-2.19484588623047E-1, 2.39563568115234E-1, 2.05836296081543E-3));
#6588 = IFCCARTESIANPOINT((-2.20328430175781E-1, 2.369033203125E-1, 2.05836296081543E-3));
#6589 = IFCFACEOUTERBOUND(#6586, .T.);
#6590 = IFCFACE((#6589));
#6591 = IFCPOLYLOOP((#6463, #6592, #6587));
#6592 = IFCCARTESIANPOINT((-2.18192535400391E-1, 2.42041107177734E-1, 2.05836296081543E-3));
#6593 = IFCFACEOUTERBOUND(#6591, .T.);
#6594 = IFCFACE((#6593));
#6595 = IFCPOLYLOOP((#6587, #6464, #6463));
#6596 = IFCFACEOUTERBOUND(#6595, .T.);
#6597 = IFCFACE((#6596));
#6598 = IFCPOLYLOOP((#6463, #6599, #6592));
#6599 = IFCCARTESIANPOINT((-2.16500289916992E-1, 2.44266021728516E-1, 2.05836296081543E-3));
#6600 = IFCFACEOUTERBOUND(#6598, .T.);
#6601 = IFCFACE((#6600));
#6602 = IFCPOLYLOOP((#6470, #6603, #6599));
#6603 = IFCCARTESIANPOINT((-2.14455871582031E-1, 2.46168487548828E-1, 2.05836296081543E-3));
#6604 = IFCFACEOUTERBOUND(#6602, .T.);
#6605 = IFCFACE((#6604));
#6606 = IFCPOLYLOOP((#6599, #6463, #6470));
#6607 = IFCFACEOUTERBOUND(#6606, .T.);
#6608 = IFCFACE((#6607));
#6609 = IFCPOLYLOOP((#6498, #6610, #6611));
#6610 = IFCCARTESIANPOINT((-2.08008544921875E-1, 2.49205230712891E-1, 2.05836296081543E-3));
#6611 = IFCCARTESIANPOINT((-2.10299453735352E-1, 2.48510894775391E-1, 2.05836296081543E-3));
#6612 = IFCFACEOUTERBOUND(#6609, .T.);
#6613 = IFCFACE((#6612));
#6614 = IFCPOLYLOOP((#6611, #6470, #6498));
#6615 = IFCFACEOUTERBOUND(#6614, .T.);
#6616 = IFCFACE((#6615));
#6617 = IFCPOLYLOOP((#6497, #6469, #6618));
#6618 = IFCCARTESIANPOINT((-1.97831604003906E-1, 2.48184112548828E-1, 2.05836296081543E-3));
#6619 = IFCFACEOUTERBOUND(#6617, .T.);
#6620 = IFCFACE((#6619));
#6621 = IFCPOLYLOOP((#6622, #6623, #6465));
#6622 = IFCCARTESIANPOINT((-1.88882858276367E-1, 2.37976318359375E-1, 2.05836296081543E-3));
#6623 = IFCCARTESIANPOINT((-1.89906372070313E-1, 2.40576477050781E-1, 2.05836296081543E-3));
#6624 = IFCFACEOUTERBOUND(#6621, .T.);
#6625 = IFCFACE((#6624));
#6626 = IFCPOLYLOOP((#6465, #6476, #6622));
#6627 = IFCFACEOUTERBOUND(#6626, .T.);
#6628 = IFCFACE((#6627));
#6629 = IFCPOLYLOOP((#6465, #6630, #6631));
#6630 = IFCCARTESIANPOINT((-1.91367919921875E-1, 2.42957641601563E-1, 2.05836296081543E-3));
#6631 = IFCCARTESIANPOINT((-1.93215866088867E-1, 2.45057708740234E-1, 2.05836296081543E-3));
#6632 = IFCFACEOUTERBOUND(#6629, .T.);
#6633 = IFCFACE((#6632));
#6634 = IFCPOLYLOOP((#6631, #6469, #6465));
#6635 = IFCFACEOUTERBOUND(#6634, .T.);
#6636 = IFCFACE((#6635));
#6637 = IFCPOLYLOOP((#6497, #6638, #6639));
#6638 = IFCCARTESIANPOINT((-2.01650283813477E-1, 2.49353790283203E-1, 2.05836296081543E-3));
#6639 = IFCCARTESIANPOINT((-2.05640823364258E-1, 2.49557434082031E-1, 2.05836296081543E-3));
#6640 = IFCFACEOUTERBOUND(#6637, .T.);
#6641 = IFCFACE((#6640));
#6642 = IFCPOLYLOOP((#6639, #6498, #6497));
#6643 = IFCFACEOUTERBOUND(#6642, .T.);
#6644 = IFCFACE((#6643));
#6645 = IFCPOLYLOOP((#6646, #6647, #6476));
#6646 = IFCCARTESIANPOINT((-1.88215042114258E-1, 2.32439514160156E-1, 2.05836296081543E-3));
#6647 = IFCCARTESIANPOINT((-1.88315689086914E-1, 2.35236206054688E-1, 2.05836296081543E-3));
#6648 = IFCFACEOUTERBOUND(#6645, .T.);
#6649 = IFCFACE((#6648));
#6650 = IFCPOLYLOOP((#6476, #6475, #6646));
#6651 = IFCFACEOUTERBOUND(#6650, .T.);
#6652 = IFCFACE((#6651));
#6653 = IFCPOLYLOOP((#6470, #6654, #6603));
#6654 = IFCCARTESIANPOINT((-2.12464797973633E-1, 2.47492614746094E-1, 2.05836296081543E-3));
#6655 = IFCFACEOUTERBOUND(#6653, .T.);
#6656 = IFCFACE((#6655));
#6657 = IFCPOLYLOOP((#6470, #6611, #6654));
#6658 = IFCFACEOUTERBOUND(#6657, .T.);
#6659 = IFCFACE((#6658));
#6660 = IFCPOLYLOOP((#6498, #6639, #6610));
#6661 = IFCFACEOUTERBOUND(#6660, .T.);
#6662 = IFCFACE((#6661));
#6663 = IFCPOLYLOOP((#6469, #6631, #6664));
#6664 = IFCCARTESIANPOINT((-1.95390380859375E-1, 2.46819061279297E-1, 2.05836296081543E-3));
#6665 = IFCFACEOUTERBOUND(#6663, .T.);
#6666 = IFCFACE((#6665));
#6667 = IFCPOLYLOOP((#6647, #6622, #6476));
#6668 = IFCFACEOUTERBOUND(#6667, .T.);
#6669 = IFCFACE((#6668));
#6670 = IFCPOLYLOOP((#6623, #6630, #6465));
#6671 = IFCFACEOUTERBOUND(#6670, .T.);
#6672 = IFCFACE((#6671));
#6673 = IFCPOLYLOOP((#6664, #6618, #6469));
#6674 = IFCFACEOUTERBOUND(#6673, .T.);
#6675 = IFCFACE((#6674));
#6676 = IFCPOLYLOOP((#6646, #6475, #6677));
#6677 = IFCCARTESIANPOINT((-1.88591079711914E-1, 2.29669738769531E-1, 2.05836296081543E-3));
#6678 = IFCFACEOUTERBOUND(#6676, .T.);
#6679 = IFCFACE((#6678));
#6680 = IFCPOLYLOOP((#6677, #6475, #6681));
#6681 = IFCCARTESIANPOINT((-1.89443237304688E-1, 2.27011962890625E-1, 2.05836296081543E-3));
#6682 = IFCFACEOUTERBOUND(#6680, .T.);
#6683 = IFCFACE((#6682));
#6684 = IFCPOLYLOOP((#6485, #6685, #6681));
#6685 = IFCCARTESIANPOINT((-1.90736328125E-1, 2.24534942626953E-1, 2.05836296081543E-3));
#6686 = IFCFACEOUTERBOUND(#6684, .T.);
#6687 = IFCFACE((#6686));
#6688 = IFCPOLYLOOP((#6681, #6475, #6485));
#6689 = IFCFACEOUTERBOUND(#6688, .T.);
#6690 = IFCFACE((#6689));
#6691 = IFCPOLYLOOP((#6485, #6692, #6685));
#6692 = IFCCARTESIANPOINT((-1.92425857543945E-1, 2.22309478759766E-1, 2.05836296081543E-3));
#6693 = IFCFACEOUTERBOUND(#6691, .T.);
#6694 = IFCFACE((#6693));
#6695 = IFCPOLYLOOP((#6692, #6485, #6490));
#6696 = IFCFACEOUTERBOUND(#6695, .T.);
#6697 = IFCFACE((#6696));
#6698 = IFCPOLYLOOP((#6490, #6699, #6692));
#6699 = IFCCARTESIANPOINT((-1.94467346191406E-1, 2.20406280517578E-1, 2.05836296081543E-3));
#6700 = IFCFACEOUTERBOUND(#6698, .T.);
#6701 = IFCFACE((#6700));
#6702 = IFCPOLYLOOP((#6703, #6699, #6490));
#6703 = IFCCARTESIANPOINT((-1.96457855224609E-1, 2.19081848144531E-1, 2.05836296081543E-3));
#6704 = IFCFACEOUTERBOUND(#6702, .T.);
#6705 = IFCFACE((#6704));
#6706 = IFCPOLYLOOP((#6508, #6707, #6708));
#6707 = IFCCARTESIANPOINT((-2.00916641235352E-1, 2.17369567871094E-1, 2.05836296081543E-3));
#6708 = IFCCARTESIANPOINT((-1.98624160766602E-1, 2.18063629150391E-1, 2.05836296081543E-3));
#6709 = IFCFACEOUTERBOUND(#6706, .T.);
#6710 = IFCFACE((#6709));
#6711 = IFCPOLYLOOP((#6708, #6490, #6508));
#6712 = IFCFACEOUTERBOUND(#6711, .T.);
#6713 = IFCFACE((#6712));
#6714 = IFCPOLYLOOP((#6489, #6484, #6715));
#6715 = IFCCARTESIANPOINT((-2.11093704223633E-1, 2.18391296386719E-1, 2.05836296081543E-3));
#6716 = IFCFACEOUTERBOUND(#6714, .T.);
#6717 = IFCFACE((#6716));
#6718 = IFCPOLYLOOP((#6719, #6720, #6483));
#6719 = IFCCARTESIANPOINT((-2.20043655395508E-1, 2.28599304199219E-1, 2.05836296081543E-3));
#6720 = IFCCARTESIANPOINT((-2.19019073486328E-1, 2.25998291015625E-1, 2.05836296081543E-3));
#6721 = IFCFACEOUTERBOUND(#6718, .T.);
#6722 = IFCFACE((#6721));
#6723 = IFCPOLYLOOP((#6483, #6474, #6719));
#6724 = IFCFACEOUTERBOUND(#6723, .T.);
#6725 = IFCFACE((#6724));
#6726 = IFCPOLYLOOP((#6483, #6727, #6728));
#6727 = IFCCARTESIANPOINT((-2.17556777954102E-1, 2.23616821289063E-1, 2.05836296081543E-3));
#6728 = IFCCARTESIANPOINT((-2.15708587646484E-1, 2.21516937255859E-1, 2.05836296081543E-3));
#6729 = IFCFACEOUTERBOUND(#6726, .T.);
#6730 = IFCFACE((#6729));
#6731 = IFCPOLYLOOP((#6728, #6484, #6483));
#6732 = IFCFACEOUTERBOUND(#6731, .T.);
#6733 = IFCFACE((#6732));
#6734 = IFCPOLYLOOP((#6489, #6735, #6736));
#6735 = IFCCARTESIANPOINT((-2.07276245117188E-1, 2.17221710205078E-1, 2.05836296081543E-3));
#6736 = IFCCARTESIANPOINT((-2.0328564453125E-1, 2.17017700195313E-1, 2.05836296081543E-3));
#6737 = IFCFACEOUTERBOUND(#6734, .T.);
#6738 = IFCFACE((#6737));
#6739 = IFCPOLYLOOP((#6736, #6508, #6489));
#6740 = IFCFACEOUTERBOUND(#6739, .T.);
#6741 = IFCFACE((#6740));
#6742 = IFCPOLYLOOP((#6743, #6744, #6474));
#6743 = IFCCARTESIANPOINT((-2.20709854125977E-1, 2.34136199951172E-1, 2.05836296081543E-3));
#6744 = IFCCARTESIANPOINT((-2.20611083984375E-1, 2.31340057373047E-1, 2.05836296081543E-3));
#6745 = IFCFACEOUTERBOUND(#6742, .T.);
#6746 = IFCFACE((#6745));
#6747 = IFCPOLYLOOP((#6474, #6464, #6743));
#6748 = IFCFACEOUTERBOUND(#6747, .T.);
#6749 = IFCFACE((#6748));
#6750 = IFCPOLYLOOP((#6490, #6708, #6703));
#6751 = IFCFACEOUTERBOUND(#6750, .T.);
#6752 = IFCFACE((#6751));
#6753 = IFCPOLYLOOP((#6484, #6754, #6715));
#6754 = IFCCARTESIANPOINT((-2.13534301757813E-1, 2.19755981445313E-1, 2.05836296081543E-3));
#6755 = IFCFACEOUTERBOUND(#6753, .T.);
#6756 = IFCFACE((#6755));
#6757 = IFCPOLYLOOP((#6736, #6707, #6508));
#6758 = IFCFACEOUTERBOUND(#6757, .T.);
#6759 = IFCFACE((#6758));
#6760 = IFCPOLYLOOP((#6483, #6720, #6727));
#6761 = IFCFACEOUTERBOUND(#6760, .T.);
#6762 = IFCFACE((#6761));
#6763 = IFCPOLYLOOP((#6474, #6744, #6719));
#6764 = IFCFACEOUTERBOUND(#6763, .T.);
#6765 = IFCFACE((#6764));
#6766 = IFCPOLYLOOP((#6464, #6588, #6743));
#6767 = IFCFACEOUTERBOUND(#6766, .T.);
#6768 = IFCFACE((#6767));
#6769 = IFCPOLYLOOP((#6728, #6754, #6484));
#6770 = IFCFACEOUTERBOUND(#6769, .T.);
#6771 = IFCFACE((#6770));
#6772 = IFCPOLYLOOP((#6773, #6588, #6587));
#6773 = IFCCARTESIANPOINT((-2.19353057861328E-1, 2.36682739257813E-1, 1.05836296081543E-3));
#6774 = IFCFACEOUTERBOUND(#6772, .T.);
#6775 = IFCFACE((#6774));
#6776 = IFCPOLYLOOP((#6777, #6592, #6599));
#6777 = IFCCARTESIANPOINT((-2.17300262451172E-1, 2.4158056640625E-1, 1.05836296081543E-3));
#6778 = IFCFACEOUTERBOUND(#6776, .T.);
#6779 = IFCFACE((#6778));
#6780 = IFCPOLYLOOP((#6777, #6587, #6592));
#6781 = IFCFACEOUTERBOUND(#6780, .T.);
#6782 = IFCFACE((#6781));
#6783 = IFCPOLYLOOP((#6784, #6603, #6654));
#6784 = IFCCARTESIANPOINT((-2.13840866088867E-1, 2.45379699707031E-1, 1.05836296081543E-3));
#6785 = IFCFACEOUTERBOUND(#6783, .T.);
#6786 = IFCFACE((#6785));
#6787 = IFCPOLYLOOP((#6788, #6611, #6610));
#6788 = IFCCARTESIANPOINT((-2.08980270385742E-1, 2.47911193847656E-1, 1.05836296081543E-3));
#6789 = IFCFACEOUTERBOUND(#6787, .T.);
#6790 = IFCFACE((#6789));
#6791 = IFCPOLYLOOP((#6788, #6610, #6639));
#6792 = IFCFACEOUTERBOUND(#6791, .T.);
#6793 = IFCFACE((#6792));
#6794 = IFCPOLYLOOP((#6788, #6654, #6611));
#6795 = IFCFACEOUTERBOUND(#6794, .T.);
#6796 = IFCFACE((#6795));
#6797 = IFCPOLYLOOP((#6784, #6599, #6603));
#6798 = IFCFACEOUTERBOUND(#6797, .T.);
#6799 = IFCFACE((#6798));
#6800 = IFCPOLYLOOP((#6801, #6638, #6618));
#6801 = IFCCARTESIANPOINT((-1.98537704467773E-1, 2.47400817871094E-1, 1.05836296081543E-3));
#6802 = IFCFACEOUTERBOUND(#6800, .T.);
#6803 = IFCFACE((#6802));
#6804 = IFCPOLYLOOP((#6805, #6664, #6631));
#6805 = IFCCARTESIANPOINT((-1.94085922241211E-1, 2.44504669189453E-1, 1.05836296081543E-3));
#6806 = IFCFACEOUTERBOUND(#6804, .T.);
#6807 = IFCFACE((#6806));
#6808 = IFCPOLYLOOP((#6801, #6618, #6664));
#6809 = IFCFACEOUTERBOUND(#6808, .T.);
#6810 = IFCFACE((#6809));
#6811 = IFCPOLYLOOP((#6812, #6630, #6623));
#6812 = IFCCARTESIANPOINT((-1.90801620483398E-1, 2.40130187988281E-1, 1.05836296081543E-3));
#6813 = IFCFACEOUTERBOUND(#6811, .T.);
#6814 = IFCFACE((#6813));
#6815 = IFCPOLYLOOP((#6816, #6622, #6647));
#6816 = IFCCARTESIANPOINT((-1.89318145751953E-1, 2.35196441650391E-1, 1.05836296081543E-3));
#6817 = IFCFACEOUTERBOUND(#6815, .T.);
#6818 = IFCFACE((#6817));
#6819 = IFCPOLYLOOP((#6816, #6647, #6646));
#6820 = IFCFACEOUTERBOUND(#6819, .T.);
#6821 = IFCFACE((#6820));
#6822 = IFCPOLYLOOP((#6812, #6623, #6622));
#6823 = IFCFACEOUTERBOUND(#6822, .T.);
#6824 = IFCFACE((#6823));
#6825 = IFCPOLYLOOP((#6805, #6631, #6630));
#6826 = IFCFACEOUTERBOUND(#6825, .T.);
#6827 = IFCFACE((#6826));
#6828 = IFCPOLYLOOP((#6829, #6639, #6638));
#6829 = IFCCARTESIANPOINT((-2.03714126586914E-1, 2.48581237792969E-1, 1.05836296081543E-3));
#6830 = IFCFACEOUTERBOUND(#6828, .T.);
#6831 = IFCFACE((#6830));
#6832 = IFCPOLYLOOP((#6523, #6773, #6777));
#6833 = IFCFACEOUTERBOUND(#6832, .T.);
#6834 = IFCFACE((#6833));
#6835 = IFCPOLYLOOP((#6777, #6521, #6523));
#6836 = IFCFACEOUTERBOUND(#6835, .T.);
#6837 = IFCFACE((#6836));
#6838 = IFCPOLYLOOP((#6777, #6773, #6587));
#6839 = IFCFACEOUTERBOUND(#6838, .T.);
#6840 = IFCFACE((#6839));
#6841 = IFCPOLYLOOP((#6527, #6784, #6788));
#6842 = IFCFACEOUTERBOUND(#6841, .T.);
#6843 = IFCFACE((#6842));
#6844 = IFCPOLYLOOP((#6788, #6528, #6527));
#6845 = IFCFACEOUTERBOUND(#6844, .T.);
#6846 = IFCFACE((#6845));
#6847 = IFCPOLYLOOP((#6788, #6784, #6654));
#6848 = IFCFACEOUTERBOUND(#6847, .T.);
#6849 = IFCFACE((#6848));
#6850 = IFCPOLYLOOP((#6777, #6599, #6784));
#6851 = IFCFACEOUTERBOUND(#6850, .T.);
#6852 = IFCFACE((#6851));
#6853 = IFCPOLYLOOP((#6527, #6521, #6777));
#6854 = IFCFACEOUTERBOUND(#6853, .T.);
#6855 = IFCFACE((#6854));
#6856 = IFCPOLYLOOP((#6777, #6784, #6527));
#6857 = IFCFACEOUTERBOUND(#6856, .T.);
#6858 = IFCFACE((#6857));
#6859 = IFCPOLYLOOP((#6557, #6528, #6788));
#6860 = IFCFACEOUTERBOUND(#6859, .T.);
#6861 = IFCFACE((#6860));
#6862 = IFCPOLYLOOP((#6788, #6829, #6557));
#6863 = IFCFACEOUTERBOUND(#6862, .T.);
#6864 = IFCFACE((#6863));
#6865 = IFCPOLYLOOP((#6788, #6639, #6829));
#6866 = IFCFACEOUTERBOUND(#6865, .T.);
#6867 = IFCFACE((#6866));
#6868 = IFCPOLYLOOP((#6558, #6801, #6805));
#6869 = IFCFACEOUTERBOUND(#6868, .T.);
#6870 = IFCFACE((#6869));
#6871 = IFCPOLYLOOP((#6805, #6522, #6558));
#6872 = IFCFACEOUTERBOUND(#6871, .T.);
#6873 = IFCFACE((#6872));
#6874 = IFCPOLYLOOP((#6805, #6801, #6664));
#6875 = IFCFACEOUTERBOUND(#6874, .T.);
#6876 = IFCFACE((#6875));
#6877 = IFCPOLYLOOP((#6812, #6622, #6816));
#6878 = IFCFACEOUTERBOUND(#6877, .T.);
#6879 = IFCFACE((#6878));
#6880 = IFCPOLYLOOP((#6630, #6812, #6805));
#6881 = IFCFACEOUTERBOUND(#6880, .T.);
#6882 = IFCFACE((#6881));
#6883 = IFCPOLYLOOP((#6816, #6884, #6574));
#6884 = IFCCARTESIANPOINT((-1.89566772460938E-1, 2.29890441894531E-1, 1.05836296081543E-3));
#6885 = IFCFACEOUTERBOUND(#6883, .T.);
#6886 = IFCFACE((#6885));
#6887 = IFCPOLYLOOP((#6574, #6532, #6816));
#6888 = IFCFACEOUTERBOUND(#6887, .T.);
#6889 = IFCFACE((#6888));
#6890 = IFCPOLYLOOP((#6565, #6812, #6816));
#6891 = IFCFACEOUTERBOUND(#6890, .T.);
#6892 = IFCFACE((#6891));
#6893 = IFCPOLYLOOP((#6816, #6532, #6565));
#6894 = IFCFACEOUTERBOUND(#6893, .T.);
#6895 = IFCFACE((#6894));
#6896 = IFCPOLYLOOP((#6801, #6829, #6638));
#6897 = IFCFACEOUTERBOUND(#6896, .T.);
#6898 = IFCFACE((#6897));
#6899 = IFCPOLYLOOP((#6565, #6522, #6805));
#6900 = IFCFACEOUTERBOUND(#6899, .T.);
#6901 = IFCFACE((#6900));
#6902 = IFCPOLYLOOP((#6805, #6812, #6565));
#6903 = IFCFACEOUTERBOUND(#6902, .T.);
#6904 = IFCFACE((#6903));
#6905 = IFCPOLYLOOP((#6558, #6557, #6829));
#6906 = IFCFACEOUTERBOUND(#6905, .T.);
#6907 = IFCFACE((#6906));
#6908 = IFCPOLYLOOP((#6829, #6801, #6558));
#6909 = IFCFACEOUTERBOUND(#6908, .T.);
#6910 = IFCFACE((#6909));
#6911 = IFCPOLYLOOP((#6677, #6884, #6646));
#6912 = IFCFACEOUTERBOUND(#6911, .T.);
#6913 = IFCFACE((#6912));
#6914 = IFCPOLYLOOP((#6816, #6646, #6884));
#6915 = IFCFACEOUTERBOUND(#6914, .T.);
#6916 = IFCFACE((#6915));
#6917 = IFCPOLYLOOP((#6918, #6884, #6681));
#6918 = IFCCARTESIANPOINT((-1.91628234863281E-1, 2.24995574951172E-1, 1.05836296081543E-3));
#6919 = IFCFACEOUTERBOUND(#6917, .T.);
#6920 = IFCFACE((#6919));
#6921 = IFCPOLYLOOP((#6692, #6918, #6685));
#6922 = IFCFACEOUTERBOUND(#6921, .T.);
#6923 = IFCFACE((#6922));
#6924 = IFCPOLYLOOP((#6699, #6703, #6925));
#6925 = IFCCARTESIANPOINT((-1.95082504272461E-1, 2.21195037841797E-1, 1.05836296081543E-3));
#6926 = IFCFACEOUTERBOUND(#6924, .T.);
#6927 = IFCFACE((#6926));
#6928 = IFCPOLYLOOP((#6925, #6692, #6699));
#6929 = IFCFACEOUTERBOUND(#6928, .T.);
#6930 = IFCFACE((#6929));
#6931 = IFCPOLYLOOP((#6708, #6932, #6703));
#6932 = IFCCARTESIANPOINT((-1.99944686889648E-1, 2.18663299560547E-1, 1.05836296081543E-3));
#6933 = IFCFACEOUTERBOUND(#6931, .T.);
#6934 = IFCFACE((#6933));
#6935 = IFCPOLYLOOP((#6707, #6932, #6708));
#6936 = IFCFACEOUTERBOUND(#6935, .T.);
#6937 = IFCFACE((#6936));
#6938 = IFCPOLYLOOP((#6707, #6736, #6932));
#6939 = IFCFACEOUTERBOUND(#6938, .T.);
#6940 = IFCFACE((#6939));
#6941 = IFCPOLYLOOP((#6677, #6681, #6884));
#6942 = IFCFACEOUTERBOUND(#6941, .T.);
#6943 = IFCFACE((#6942));
#6944 = IFCPOLYLOOP((#6735, #6945, #6736));
#6945 = IFCCARTESIANPOINT((-2.05211151123047E-1, 2.17994018554688E-1, 1.05836296081543E-3));
#6946 = IFCFACEOUTERBOUND(#6944, .T.);
#6947 = IFCFACE((#6946));
#6948 = IFCPOLYLOOP((#6754, #6949, #6715));
#6949 = IFCCARTESIANPOINT((-2.10387557983398E-1, 2.19174499511719E-1, 1.05836296081543E-3));
#6950 = IFCFACEOUTERBOUND(#6948, .T.);
#6951 = IFCFACE((#6950));
#6952 = IFCPOLYLOOP((#6728, #6953, #6754));
#6953 = IFCCARTESIANPOINT((-2.1483903503418E-1, 2.22070465087891E-1, 1.05836296081543E-3));
#6954 = IFCFACEOUTERBOUND(#6952, .T.);
#6955 = IFCFACE((#6954));
#6956 = IFCPOLYLOOP((#6715, #6949, #6735));
#6957 = IFCFACEOUTERBOUND(#6956, .T.);
#6958 = IFCFACE((#6957));
#6959 = IFCPOLYLOOP((#6720, #6960, #6727));
#6960 = IFCCARTESIANPOINT((-2.18123779296875E-1, 2.26444610595703E-1, 1.05836296081543E-3));
#6961 = IFCFACEOUTERBOUND(#6959, .T.);
#6962 = IFCFACE((#6961));
#6963 = IFCPOLYLOOP((#6744, #6964, #6719));
#6964 = IFCCARTESIANPOINT((-2.19608520507813E-1, 2.31379241943359E-1, 1.05836296081543E-3));
#6965 = IFCFACEOUTERBOUND(#6963, .T.);
#6966 = IFCFACE((#6965));
#6967 = IFCPOLYLOOP((#6743, #6964, #6744));
#6968 = IFCFACEOUTERBOUND(#6967, .T.);
#6969 = IFCFACE((#6968));
#6970 = IFCPOLYLOOP((#6719, #6960, #6720));
#6971 = IFCFACEOUTERBOUND(#6970, .T.);
#6972 = IFCFACE((#6971));
#6973 = IFCPOLYLOOP((#6727, #6953, #6728));
#6974 = IFCFACEOUTERBOUND(#6973, .T.);
#6975 = IFCFACE((#6974));
#6976 = IFCPOLYLOOP((#6588, #6773, #6743));
#6977 = IFCFACEOUTERBOUND(#6976, .T.);
#6978 = IFCFACE((#6977));
#6979 = IFCPOLYLOOP((#6570, #6569, #6918));
#6980 = IFCFACEOUTERBOUND(#6979, .T.);
#6981 = IFCFACE((#6980));
#6982 = IFCPOLYLOOP((#6918, #6925, #6570));
#6983 = IFCFACEOUTERBOUND(#6982, .T.);
#6984 = IFCFACE((#6983));
#6985 = IFCPOLYLOOP((#6692, #6925, #6918));
#6986 = IFCFACEOUTERBOUND(#6985, .T.);
#6987 = IFCFACE((#6986));
#6988 = IFCPOLYLOOP((#6546, #6550, #6932));
#6989 = IFCFACEOUTERBOUND(#6988, .T.);
#6990 = IFCFACE((#6989));
#6991 = IFCPOLYLOOP((#6932, #6945, #6546));
#6992 = IFCFACEOUTERBOUND(#6991, .T.);
#6993 = IFCFACE((#6992));
#6994 = IFCPOLYLOOP((#6736, #6945, #6932));
#6995 = IFCFACEOUTERBOUND(#6994, .T.);
#6996 = IFCFACE((#6995));
#6997 = IFCPOLYLOOP((#6932, #6925, #6703));
#6998 = IFCFACEOUTERBOUND(#6997, .T.);
#6999 = IFCFACE((#6998));
#7000 = IFCPOLYLOOP((#6570, #6925, #6932));
#7001 = IFCFACEOUTERBOUND(#7000, .T.);
#7002 = IFCFACE((#7001));
#7003 = IFCPOLYLOOP((#6932, #6550, #6570));
#7004 = IFCFACEOUTERBOUND(#7003, .T.);
#7005 = IFCFACE((#7004));
#7006 = IFCPOLYLOOP((#6574, #6884, #6918));
#7007 = IFCFACEOUTERBOUND(#7006, .T.);
#7008 = IFCFACE((#7007));
#7009 = IFCPOLYLOOP((#6918, #6569, #6574));
#7010 = IFCFACEOUTERBOUND(#7009, .T.);
#7011 = IFCFACE((#7010));
#7012 = IFCPOLYLOOP((#6945, #6949, #6545));
#7013 = IFCFACEOUTERBOUND(#7012, .T.);
#7014 = IFCFACE((#7013));
#7015 = IFCPOLYLOOP((#6545, #6546, #6945));
#7016 = IFCFACEOUTERBOUND(#7015, .T.);
#7017 = IFCFACE((#7016));
#7018 = IFCPOLYLOOP((#6545, #6949, #6953));
#7019 = IFCFACEOUTERBOUND(#7018, .T.);
#7020 = IFCFACE((#7019));
#7021 = IFCPOLYLOOP((#6953, #6533, #6545));
#7022 = IFCFACEOUTERBOUND(#7021, .T.);
#7023 = IFCFACE((#7022));
#7024 = IFCPOLYLOOP((#6754, #6953, #6949));
#7025 = IFCFACEOUTERBOUND(#7024, .T.);
#7026 = IFCFACE((#7025));
#7027 = IFCPOLYLOOP((#6541, #6960, #6964));
#7028 = IFCFACEOUTERBOUND(#7027, .T.);
#7029 = IFCFACE((#7028));
#7030 = IFCPOLYLOOP((#6964, #6534, #6541));
#7031 = IFCFACEOUTERBOUND(#7030, .T.);
#7032 = IFCFACE((#7031));
#7033 = IFCPOLYLOOP((#6719, #6964, #6960));
#7034 = IFCFACEOUTERBOUND(#7033, .T.);
#7035 = IFCFACE((#7034));
#7036 = IFCPOLYLOOP((#6743, #6773, #6964));
#7037 = IFCFACEOUTERBOUND(#7036, .T.);
#7038 = IFCFACE((#7037));
#7039 = IFCPOLYLOOP((#6523, #6534, #6964));
#7040 = IFCFACEOUTERBOUND(#7039, .T.);
#7041 = IFCFACE((#7040));
#7042 = IFCPOLYLOOP((#6964, #6773, #6523));
#7043 = IFCFACEOUTERBOUND(#7042, .T.);
#7044 = IFCFACE((#7043));
#7045 = IFCPOLYLOOP((#6960, #6953, #6727));
#7046 = IFCFACEOUTERBOUND(#7045, .T.);
#7047 = IFCFACE((#7046));
#7048 = IFCPOLYLOOP((#6541, #6533, #6953));
#7049 = IFCFACEOUTERBOUND(#7048, .T.);
#7050 = IFCFACE((#7049));
#7051 = IFCPOLYLOOP((#6953, #6960, #6541));
#7052 = IFCFACEOUTERBOUND(#7051, .T.);
#7053 = IFCFACE((#7052));
#7054 = IFCPOLYLOOP((#6949, #6945, #6735));
#7055 = IFCFACEOUTERBOUND(#7054, .T.);
#7056 = IFCFACE((#7055));
#7057 = IFCPOLYLOOP((#6497, #6618, #6638));
#7058 = IFCFACEOUTERBOUND(#7057, .T.);
#7059 = IFCFACE((#7058));
#7060 = IFCPOLYLOOP((#6489, #6715, #6735));
#7061 = IFCFACEOUTERBOUND(#7060, .T.);
#7062 = IFCFACE((#7061));
#7063 = IFCPOLYLOOP((#6918, #6681, #6685));
#7064 = IFCFACEOUTERBOUND(#7063, .T.);
#7065 = IFCFACE((#7064));
#7066 = IFCFACETEDBREP(#6461);
#7067 = IFCSURFACESTYLERENDERING(#7068, 0., #7069, $, $, #7070, #7071, $, .NOTDEFINED.);
#7068 = IFCCOLOURRGB('Surface color', 9.41176488995552E-2, 9.41176488995552E-2, 9.41176488995552E-2);
#7069 = IFCCOLOURRGB('Diffuse color', 9.41176488995552E-2, 9.41176488995552E-2, 9.41176488995552E-2);
#7070 = IFCCOLOURRGB('Reflection color', 1., 1., 1.);
#7071 = IFCCOLOURRGB('Specular color', 1., 1., 1.);
#7072 = IFCSURFACESTYLE('1b3f0722_ecd0_48ac_97f2_5d2a73b6d1e4', .BOTH., (#7067));
#7073 = IFCPRESENTATIONSTYLEASSIGNMENT((#7072));
#7074 = IFCSTYLEDITEM(#7066, (#7073), $);
#7075 = IFCSTYLEDREPRESENTATION(#103, 'Body', $, (#7074));
#7076 = IFCCLOSEDSHELL((#7082, #7086, #7090, #7094, #7098, #7102, #7106, #7112, #7118, #7121, #7124, #7128, #7132, #7136, #7140, #7143, #7147, #7150, #7154, #7158, #7162, #7165, #7168, #7172, #7175, #7180, #7183, #7186, #7189, #7192, #7195, #7198, #7201, #7204, #7207, #7210, #7213, #7217, #7221, #7224, #7227, #7231, #7234, #7237, #7240, #7243, #7246, #7249, #7252, #7255, #7258, #7261, #7264, #7267));
#7077 = IFCPOLYLOOP((#7078, #7079, #7080));
#7078 = IFCCARTESIANPOINT((1.48137924194336E-1, -5.48160535560532E-2, 4.39276519775391E-1));
#7079 = IFCCARTESIANPOINT((1.42044891357422E-1, -1.60439588294907E-2, 4.25803863525391E-1));
#7080 = IFCCARTESIANPOINT((1.41946060180664E-1, -1.5376295255272E-2, 4.26411590576172E-1));
#7081 = IFCFACEOUTERBOUND(#7077, .T.);
#7082 = IFCFACE((#7081));
#7083 = IFCPOLYLOOP((#7080, #7084, #7078));
#7084 = IFCCARTESIANPOINT((1.47828323364258E-1, -5.27243940101548E-2, 4.41180480957031E-1));
#7085 = IFCFACEOUTERBOUND(#7083, .T.);
#7086 = IFCFACE((#7085));
#7087 = IFCPOLYLOOP((#7080, #7088, #7084));
#7088 = IFCCARTESIANPOINT((1.42255661010742E-1, -1.67640516029282E-2, 4.39491149902344E-1));
#7089 = IFCFACEOUTERBOUND(#7087, .T.);
#7090 = IFCFACE((#7089));
#7091 = IFCPOLYLOOP((#7092, #7079, #7078));
#7092 = IFCCARTESIANPOINT((1.48137924194336E-1, -5.53322431312486E-2, 4.28288635253906E-1));
#7093 = IFCFACEOUTERBOUND(#7091, .T.);
#7094 = IFCFACE((#7093));
#7095 = IFCPOLYLOOP((#7079, #7092, #7096));
#7096 = IFCCARTESIANPOINT((1.47828338623047E-1, -5.3428297208397E-2, 4.26196990966797E-1));
#7097 = IFCFACEOUTERBOUND(#7095, .T.);
#7098 = IFCFACE((#7097));
#7099 = IFCPOLYLOOP((#7100, #7088, #7080));
#7100 = IFCCARTESIANPOINT((1.42030426025391E-1, -1.53789350257798E-2, 4.37969482421875E-1));
#7101 = IFCFACEOUTERBOUND(#7099, .T.);
#7102 = IFCFACE((#7101));
#7103 = IFCPOLYLOOP((#7104, #7079, #7096));
#7104 = IFCCARTESIANPOINT((1.42216552734375E-1, -1.72037183509751E-2, 4.24748138427734E-1));
#7105 = IFCFACEOUTERBOUND(#7103, .T.);
#7106 = IFCFACE((#7105));
#7107 = IFCPOLYLOOP((#7108, #7109, #7110));
#7108 = IFCCARTESIANPOINT((-1.41946060180664E-1, -1.48601056800767E-2, 4.37399505615234E-1));
#7109 = IFCCARTESIANPOINT((-1.48137924194336E-1, -5.48160535560532E-2, 4.39276519775391E-1));
#7110 = IFCCARTESIANPOINT((-1.42214111328125E-1, -1.65559064613267E-2, 4.38203063964844E-1));
#7111 = IFCFACEOUTERBOUND(#7107, .T.);
#7112 = IFCFACE((#7111));
#7113 = IFCPOLYLOOP((#7114, #7115, #7116));
#7114 = IFCCARTESIANPOINT((-1.42255661010742E-1, -1.74679242835923E-2, 4.24507659912109E-1));
#7115 = IFCCARTESIANPOINT((-1.48137924194336E-1, -5.53322431312486E-2, 4.28288635253906E-1));
#7116 = IFCCARTESIANPOINT((-1.42047119140625E-1, -1.60590497718736E-2, 4.25790100097656E-1));
#7117 = IFCFACEOUTERBOUND(#7113, .T.);
#7118 = IFCFACE((#7117));
#7119 = IFCPOLYLOOP((#7115, #7109, #7108));
#7120 = IFCFACEOUTERBOUND(#7119, .T.);
#7121 = IFCFACE((#7120));
#7122 = IFCPOLYLOOP((#7108, #7116, #7115));
#7123 = IFCFACEOUTERBOUND(#7122, .T.);
#7124 = IFCFACE((#7123));
#7125 = IFCPOLYLOOP((#7108, #7126, #7116));
#7126 = IFCCARTESIANPOINT((-1.41946060180664E-1, -1.5376295255272E-2, 4.26411590576172E-1));
#7127 = IFCFACEOUTERBOUND(#7125, .T.);
#7128 = IFCFACE((#7127));
#7129 = IFCPOLYLOOP((#7130, #7110, #7109));
#7130 = IFCCARTESIANPOINT((-1.42255661010742E-1, -1.67640516029282E-2, 4.39491149902344E-1));
#7131 = IFCFACEOUTERBOUND(#7129, .T.);
#7132 = IFCFACE((#7131));
#7133 = IFCPOLYLOOP((#7109, #7134, #7130));
#7134 = IFCCARTESIANPOINT((-1.47828323364258E-1, -5.27244092689439E-2, 4.41180480957031E-1));
#7135 = IFCFACEOUTERBOUND(#7133, .T.);
#7136 = IFCFACE((#7135));
#7137 = IFCPOLYLOOP((#7138, #7110, #7130));
#7138 = IFCCARTESIANPOINT((-1.42054870605469E-1, -1.55292798744126E-2, 4.38134643554688E-1));
#7139 = IFCFACEOUTERBOUND(#7137, .T.);
#7140 = IFCFACE((#7139));
#7141 = IFCPOLYLOOP((#7108, #7110, #7138));
#7142 = IFCFACEOUTERBOUND(#7141, .T.);
#7143 = IFCFACE((#7142));
#7144 = IFCPOLYLOOP((#7096, #7145, #7114));
#7145 = IFCCARTESIANPOINT((-1.47828323364258E-1, -5.3428297208397E-2, 4.26196990966797E-1));
#7146 = IFCFACEOUTERBOUND(#7144, .T.);
#7147 = IFCFACE((#7146));
#7148 = IFCPOLYLOOP((#7088, #7130, #7134));
#7149 = IFCFACEOUTERBOUND(#7148, .T.);
#7150 = IFCFACE((#7149));
#7151 = IFCPOLYLOOP((#7109, #7115, #7152));
#7152 = IFCCARTESIANPOINT((-6.94396514892578E-2, -5.4884596036522E-2, 4.37817199707031E-1));
#7153 = IFCFACEOUTERBOUND(#7151, .T.);
#7154 = IFCFACE((#7153));
#7155 = IFCPOLYLOOP((#7152, #7156, #7078));
#7156 = IFCCARTESIANPOINT((8.33275833129883E-2, -5.48644391761704E-2, 4.38246398925781E-1));
#7157 = IFCFACEOUTERBOUND(#7155, .T.);
#7158 = IFCFACE((#7157));
#7159 = IFCPOLYLOOP((#7092, #7160, #7115));
#7160 = IFCCARTESIANPOINT((9.25861968994141E-2, -5.50580121742173E-2, 4.34125946044922E-1));
#7161 = IFCFACEOUTERBOUND(#7159, .T.);
#7162 = IFCFACE((#7161));
#7163 = IFCPOLYLOOP((#7152, #7115, #7160));
#7164 = IFCFACEOUTERBOUND(#7163, .T.);
#7165 = IFCFACE((#7164));
#7166 = IFCPOLYLOOP((#7092, #7078, #7160));
#7167 = IFCFACEOUTERBOUND(#7166, .T.);
#7168 = IFCFACE((#7167));
#7169 = IFCPOLYLOOP((#7160, #7156, #7170));
#7170 = IFCCARTESIANPOINT((7.4068962097168E-2, -5.49450971351548E-2, 4.36529571533203E-1));
#7171 = IFCFACEOUTERBOUND(#7169, .T.);
#7172 = IFCFACE((#7171));
#7173 = IFCPOLYLOOP((#7160, #7078, #7156));
#7174 = IFCFACEOUTERBOUND(#7173, .T.);
#7175 = IFCFACE((#7174));
#7176 = IFCPOLYLOOP((#7177, #7178, #7080));
#7177 = IFCCARTESIANPOINT((3.5486515045166E-2, -1.52633649574204E-2, 4.28815185546875E-1));
#7178 = IFCCARTESIANPOINT((8.87162933349609E-2, -1.53117658363267E-2, 4.27785095214844E-1));
#7179 = IFCFACEOUTERBOUND(#7176, .T.);
#7180 = IFCFACE((#7179));
#7181 = IFCPOLYLOOP((#7080, #7126, #7177));
#7182 = IFCFACEOUTERBOUND(#7181, .T.);
#7183 = IFCFACE((#7182));
#7184 = IFCPOLYLOOP((#7126, #7108, #7100));
#7185 = IFCFACEOUTERBOUND(#7184, .T.);
#7186 = IFCFACE((#7185));
#7187 = IFCPOLYLOOP((#7100, #7177, #7126));
#7188 = IFCFACEOUTERBOUND(#7187, .T.);
#7189 = IFCFACE((#7188));
#7190 = IFCPOLYLOOP((#7115, #7096, #7092));
#7191 = IFCFACEOUTERBOUND(#7190, .T.);
#7192 = IFCFACE((#7191));
#7193 = IFCPOLYLOOP((#7096, #7115, #7145));
#7194 = IFCFACEOUTERBOUND(#7193, .T.);
#7195 = IFCFACE((#7194));
#7196 = IFCPOLYLOOP((#7134, #7109, #7078));
#7197 = IFCFACEOUTERBOUND(#7196, .T.);
#7198 = IFCFACE((#7197));
#7199 = IFCPOLYLOOP((#7078, #7084, #7134));
#7200 = IFCFACEOUTERBOUND(#7199, .T.);
#7201 = IFCFACE((#7200));
#7202 = IFCPOLYLOOP((#7116, #7126, #7080));
#7203 = IFCFACEOUTERBOUND(#7202, .T.);
#7204 = IFCFACE((#7203));
#7205 = IFCPOLYLOOP((#7116, #7104, #7114));
#7206 = IFCFACEOUTERBOUND(#7205, .T.);
#7207 = IFCFACE((#7206));
#7208 = IFCPOLYLOOP((#7080, #7079, #7116));
#7209 = IFCFACEOUTERBOUND(#7208, .T.);
#7210 = IFCFACE((#7209));
#7211 = IFCPOLYLOOP((#7116, #7079, #7104));
#7212 = IFCFACEOUTERBOUND(#7211, .T.);
#7213 = IFCFACE((#7212));
#7214 = IFCPOLYLOOP((#7130, #7100, #7215));
#7215 = IFCCARTESIANPOINT((-1.37493682861328E-1, -1.55592023597642E-2, 4.38167541503906E-1));
#7216 = IFCFACEOUTERBOUND(#7214, .T.);
#7217 = IFCFACE((#7216));
#7218 = IFCPOLYLOOP((#7100, #7219, #7215));
#7219 = IFCCARTESIANPOINT((-1.39747665405273E-1, -1.55443402992173E-2, 4.38151184082031E-1));
#7220 = IFCFACEOUTERBOUND(#7218, .T.);
#7221 = IFCFACE((#7220));
#7222 = IFCPOLYLOOP((#7088, #7100, #7130));
#7223 = IFCFACEOUTERBOUND(#7222, .T.);
#7224 = IFCFACE((#7223));
#7225 = IFCPOLYLOOP((#7108, #7138, #7100));
#7226 = IFCFACEOUTERBOUND(#7225, .T.);
#7227 = IFCFACE((#7226));
#7228 = IFCPOLYLOOP((#7229, #7219, #7100));
#7229 = IFCCARTESIANPOINT((-1.40874664306641E-1, -1.55368940101548E-2, 4.38143035888672E-1));
#7230 = IFCFACEOUTERBOUND(#7228, .T.);
#7231 = IFCFACE((#7230));
#7232 = IFCPOLYLOOP((#7138, #7130, #7215));
#7233 = IFCFACEOUTERBOUND(#7232, .T.);
#7234 = IFCFACE((#7233));
#7235 = IFCPOLYLOOP((#7215, #7219, #7229));
#7236 = IFCFACEOUTERBOUND(#7235, .T.);
#7237 = IFCFACE((#7236));
#7238 = IFCPOLYLOOP((#7229, #7100, #7138));
#7239 = IFCFACEOUTERBOUND(#7238, .T.);
#7240 = IFCFACE((#7239));
#7241 = IFCPOLYLOOP((#7215, #7229, #7138));
#7242 = IFCFACEOUTERBOUND(#7241, .T.);
#7243 = IFCFACE((#7242));
#7244 = IFCPOLYLOOP((#7115, #7114, #7145));
#7245 = IFCFACEOUTERBOUND(#7244, .T.);
#7246 = IFCFACE((#7245));
#7247 = IFCPOLYLOOP((#7096, #7114, #7104));
#7248 = IFCFACEOUTERBOUND(#7247, .T.);
#7249 = IFCFACE((#7248));
#7250 = IFCPOLYLOOP((#7088, #7134, #7084));
#7251 = IFCFACEOUTERBOUND(#7250, .T.);
#7252 = IFCFACE((#7251));
#7253 = IFCPOLYLOOP((#7156, #7152, #7170));
#7254 = IFCFACEOUTERBOUND(#7253, .T.);
#7255 = IFCFACE((#7254));
#7256 = IFCPOLYLOOP((#7152, #7078, #7109));
#7257 = IFCFACEOUTERBOUND(#7256, .T.);
#7258 = IFCFACE((#7257));
#7259 = IFCPOLYLOOP((#7152, #7160, #7170));
#7260 = IFCFACEOUTERBOUND(#7259, .T.);
#7261 = IFCFACE((#7260));
#7262 = IFCPOLYLOOP((#7178, #7100, #7080));
#7263 = IFCFACEOUTERBOUND(#7262, .T.);
#7264 = IFCFACE((#7263));
#7265 = IFCPOLYLOOP((#7177, #7100, #7178));
#7266 = IFCFACEOUTERBOUND(#7265, .T.);
#7267 = IFCFACE((#7266));
#7268 = IFCFACETEDBREP(#7076);
#7269 = IFCSURFACESTYLERENDERING(#7270, 0., #7271, $, $, #7272, #7273, $, .NOTDEFINED.);
#7270 = IFCCOLOURRGB('Surface color', 5.41176497936249E-1, 3.4901961684227E-1, 2.50980406999588E-1);
#7271 = IFCCOLOURRGB('Diffuse color', 5.41176497936249E-1, 3.4901961684227E-1, 2.50980406999588E-1);
#7272 = IFCCOLOURRGB('Reflection color', 1., 1., 1.);
#7273 = IFCCOLOURRGB('Specular color', 1., 1., 1.);
#7274 = IFCSURFACESTYLE('3acb42c0_d3bc_49d4_a7ed_98ea0419b48c', .BOTH., (#7269));
#7275 = IFCPRESENTATIONSTYLEASSIGNMENT((#7274));
#7276 = IFCSTYLEDITEM(#7268, (#7275), $);
#7277 = IFCSTYLEDREPRESENTATION(#103, 'Body', $, (#7276));
#7278 = IFCCLOSEDSHELL((#7284, #7288, #7292, #7297, #7301, #7307, #7311, #7315, #7319, #7323, #7328, #7331, #7334, #7337, #7341, #7344, #7347, #7350, #7353, #7356, #7359, #7362, #7365, #7369, #7372, #7375, #7378, #7381, #7384, #7387, #7390, #7393, #7396, #7399));
#7279 = IFCPOLYLOOP((#7280, #7281, #7282));
#7280 = IFCCARTESIANPOINT((1.38589797973633E-1, 6.79808218613425E-3, 4.36382049560547E-1));
#7281 = IFCCARTESIANPOINT((1.32707534790039E-1, 4.48500688804702E-2, 4.365966796875E-1));
#7282 = IFCCARTESIANPOINT((1.38280197143555E-1, 8.88971121445456E-3, 4.38286010742188E-1));
#7283 = IFCFACEOUTERBOUND(#7279, .T.);
#7284 = IFCFACE((#7283));
#7285 = IFCPOLYLOOP((#7281, #7280, #7286));
#7286 = IFCCARTESIANPOINT((1.32397933959961E-1, 4.62378557457046E-2, 4.23517120361328E-1));
#7287 = IFCFACEOUTERBOUND(#7285, .T.);
#7288 = IFCFACE((#7287));
#7289 = IFCPOLYLOOP((#7281, #7286, #7290));
#7290 = IFCCARTESIANPOINT((1.32397933959961E-1, 4.67540300621108E-2, 4.34505004882813E-1));
#7291 = IFCFACEOUTERBOUND(#7289, .T.);
#7292 = IFCFACE((#7291));
#7293 = IFCPOLYLOOP((#7294, #7280, #7295));
#7294 = IFCCARTESIANPOINT((1.38332717895508E-1, 7.86288626328269E-3, 4.23657287597656E-1));
#7295 = IFCCARTESIANPOINT((1.38472320556641E-1, 7.00433523789206E-3, 4.24600494384766E-1));
#7296 = IFCFACEOUTERBOUND(#7293, .T.);
#7297 = IFCFACE((#7296));
#7298 = IFCPOLYLOOP((#7299, #7280, #7294));
#7299 = IFCCARTESIANPOINT((1.32707534790039E-1, 4.41461809410171E-2, 4.21613159179688E-1));
#7300 = IFCFACEOUTERBOUND(#7298, .T.);
#7301 = IFCFACE((#7300));
#7302 = IFCPOLYLOOP((#7303, #7304, #7305));
#7303 = IFCCARTESIANPOINT((-1.38589797973633E-1, 6.28189261093894E-3, 4.25394165039063E-1));
#7304 = IFCCARTESIANPOINT((-1.38280212402344E-1, 8.88971121445456E-3, 4.38286010742188E-1));
#7305 = IFCCARTESIANPOINT((-1.38350173950195E-1, 7.75552542343894E-3, 4.23775238037109E-1));
#7306 = IFCFACEOUTERBOUND(#7302, .T.);
#7307 = IFCFACE((#7306));
#7308 = IFCPOLYLOOP((#7305, #7304, #7309));
#7309 = IFCCARTESIANPOINT((-1.32397933959961E-1, 4.67540300621108E-2, 4.34505035400391E-1));
#7310 = IFCFACEOUTERBOUND(#7308, .T.);
#7311 = IFCFACE((#7310));
#7312 = IFCPOLYLOOP((#7309, #7313, #7305));
#7313 = IFCCARTESIANPOINT((-1.32786254882813E-1, 4.36987932457046E-2, 4.22927459716797E-1));
#7314 = IFCFACEOUTERBOUND(#7312, .T.);
#7315 = IFCFACE((#7314));
#7316 = IFCPOLYLOOP((#7317, #7304, #7303));
#7317 = IFCCARTESIANPOINT((-1.38589797973633E-1, 6.79808218613425E-3, 4.36382049560547E-1));
#7318 = IFCFACEOUTERBOUND(#7316, .T.);
#7319 = IFCFACE((#7318));
#7320 = IFCPOLYLOOP((#7309, #7304, #7321));
#7321 = IFCCARTESIANPOINT((-1.32707534790039E-1, 4.48500688804702E-2, 4.365966796875E-1));
#7322 = IFCFACEOUTERBOUND(#7320, .T.);
#7323 = IFCFACE((#7322));
#7324 = IFCPOLYLOOP((#7325, #7313, #7326));
#7325 = IFCCARTESIANPOINT((-1.32656234741211E-1, 4.44927690757827E-2, 4.21928649902344E-1));
#7326 = IFCCARTESIANPOINT((-1.3239794921875E-1, 4.62378557457046E-2, 4.23517120361328E-1));
#7327 = IFCFACEOUTERBOUND(#7324, .T.);
#7328 = IFCFACE((#7327));
#7329 = IFCPOLYLOOP((#7305, #7313, #7325));
#7330 = IFCFACEOUTERBOUND(#7329, .T.);
#7331 = IFCFACE((#7330));
#7332 = IFCPOLYLOOP((#7294, #7305, #7325));
#7333 = IFCFACEOUTERBOUND(#7332, .T.);
#7334 = IFCFACE((#7333));
#7335 = IFCPOLYLOOP((#7304, #7282, #7281));
#7336 = IFCFACEOUTERBOUND(#7335, .T.);
#7337 = IFCFACE((#7336));
#7338 = IFCPOLYLOOP((#7339, #7280, #7317));
#7339 = IFCCARTESIANPOINT((1.38589797973633E-1, 6.28189261093894E-3, 4.25394165039063E-1));
#7340 = IFCFACEOUTERBOUND(#7338, .T.);
#7341 = IFCFACE((#7340));
#7342 = IFCPOLYLOOP((#7317, #7303, #7339));
#7343 = IFCFACEOUTERBOUND(#7342, .T.);
#7344 = IFCFACE((#7343));
#7345 = IFCPOLYLOOP((#7326, #7309, #7290));
#7346 = IFCFACEOUTERBOUND(#7345, .T.);
#7347 = IFCFACE((#7346));
#7348 = IFCPOLYLOOP((#7290, #7286, #7326));
#7349 = IFCFACEOUTERBOUND(#7348, .T.);
#7350 = IFCFACE((#7349));
#7351 = IFCPOLYLOOP((#7339, #7303, #7295));
#7352 = IFCFACEOUTERBOUND(#7351, .T.);
#7353 = IFCFACE((#7352));
#7354 = IFCPOLYLOOP((#7295, #7305, #7294));
#7355 = IFCFACEOUTERBOUND(#7354, .T.);
#7356 = IFCFACE((#7355));
#7357 = IFCPOLYLOOP((#7305, #7295, #7303));
#7358 = IFCFACEOUTERBOUND(#7357, .T.);
#7359 = IFCFACE((#7358));
#7360 = IFCPOLYLOOP((#7304, #7317, #7282));
#7361 = IFCFACEOUTERBOUND(#7360, .T.);
#7362 = IFCFACE((#7361));
#7363 = IFCPOLYLOOP((#7282, #7317, #7280));
#7364 = IFCFACEOUTERBOUND(#7363, .T.);
#7365 = IFCFACE((#7364));
#7366 = IFCPOLYLOOP((#7325, #7326, #7367));
#7367 = IFCCARTESIANPOINT((-2.32834577560425E-3, 4.48428667320327E-2, 4.22247314453125E-1));
#7368 = IFCFACEOUTERBOUND(#7366, .T.);
#7369 = IFCFACE((#7368));
#7370 = IFCPOLYLOOP((#7367, #7326, #7286));
#7371 = IFCFACEOUTERBOUND(#7370, .T.);
#7372 = IFCFACE((#7371));
#7373 = IFCPOLYLOOP((#7367, #7286, #7299));
#7374 = IFCFACEOUTERBOUND(#7373, .T.);
#7375 = IFCFACE((#7374));
#7376 = IFCPOLYLOOP((#7309, #7321, #7290));
#7377 = IFCFACEOUTERBOUND(#7376, .T.);
#7378 = IFCFACE((#7377));
#7379 = IFCPOLYLOOP((#7280, #7339, #7295));
#7380 = IFCFACEOUTERBOUND(#7379, .T.);
#7381 = IFCFACE((#7380));
#7382 = IFCPOLYLOOP((#7299, #7286, #7280));
#7383 = IFCFACEOUTERBOUND(#7382, .T.);
#7384 = IFCFACE((#7383));
#7385 = IFCPOLYLOOP((#7313, #7309, #7326));
#7386 = IFCFACEOUTERBOUND(#7385, .T.);
#7387 = IFCFACE((#7386));
#7388 = IFCPOLYLOOP((#7294, #7325, #7299));
#7389 = IFCFACEOUTERBOUND(#7388, .T.);
#7390 = IFCFACE((#7389));
#7391 = IFCPOLYLOOP((#7304, #7281, #7321));
#7392 = IFCFACEOUTERBOUND(#7391, .T.);
#7393 = IFCFACE((#7392));
#7394 = IFCPOLYLOOP((#7299, #7325, #7367));
#7395 = IFCFACEOUTERBOUND(#7394, .T.);
#7396 = IFCFACE((#7395));
#7397 = IFCPOLYLOOP((#7281, #7290, #7321));
#7398 = IFCFACEOUTERBOUND(#7397, .T.);
#7399 = IFCFACE((#7398));
#7400 = IFCFACETEDBREP(#7278);
#7401 = IFCSURFACESTYLERENDERING(#7402, 0., #7403, $, $, #7404, #7405, $, .NOTDEFINED.);
#7402 = IFCCOLOURRGB('Surface color', 5.41176497936249E-1, 3.4901961684227E-1, 2.50980406999588E-1);
#7403 = IFCCOLOURRGB('Diffuse color', 5.41176497936249E-1, 3.4901961684227E-1, 2.50980406999588E-1);
#7404 = IFCCOLOURRGB('Reflection color', 1., 1., 1.);
#7405 = IFCCOLOURRGB('Specular color', 1., 1., 1.);
#7406 = IFCSURFACESTYLE('3acb42c0_d3bc_49d4_a7ed_98ea0419b48c', .BOTH., (#7401));
#7407 = IFCPRESENTATIONSTYLEASSIGNMENT((#7406));
#7408 = IFCSTYLEDITEM(#7400, (#7407), $);
#7409 = IFCSTYLEDREPRESENTATION(#103, 'Body', $, (#7408));
#7410 = IFCCLOSEDSHELL((#7416, #7420, #7424, #7428, #7434, #7438, #7441, #7444, #7449, #7453, #7456, #7462, #7466, #7470, #7473, #7479, #7482, #7485, #7490, #7494, #7497, #7501, #7504, #7507, #7511, #7514, #7517, #7520, #7524, #7527, #7530, #7534, #7537, #7542, #7547, #7550, #7553, #7557, #7561, #7564, #7568, #7571, #7575, #7580, #7584, #7587, #7591, #7595, #7599, #7602, #7606, #7611, #7615, #7618, #7622, #7625, #7628, #7632, #7636, #7639, #7643, #7648, #7652, #7656, #7659, #7662, #7666, #7670, #7674, #7679, #7683, #7687, #7690, #7694, #7697, #7700, #7704, #7708, #7713, #7717, #7721, #7725, #7729, #7733, #7738, #7742, #7746, #7750, #7754, #7758, #7763, #7767, #7771, #7775, #7779, #7783, #7788, #7792, #7796, #7800, #7804, #7808, #7813, #7817, #7821, #7825, #7829, #7833, #7838, #7842, #7846, #7850, #7855, #7858, #7861, #7866, #7870, #7874, #7879, #7882, #7885, #7889, #7892, #7897, #7902, #7905, #7909, #7912, #7915, #7919, #7922, #7926, #7929, #7934, #7938, #7942, #7945, #7948, #7952, #7956, #7959, #7963, #7966, #7971, #7975, #7979, #7983, #7986, #7990, #7993, #7997, #8000, #8005, #8009, #8012, #8016, #8019, #8023, #8026, #8030, #8033, #8037, #8040, #8046, #8049, #8053, #8056, #8060, #8063, #8067, #8070, #8074, #8077, #8081, #8084, #8089, #8092, #8096, #8099, #8103, #8106, #8110, #8113, #8117, #8120, #8124, #8127, #8132, #8135, #8139, #8142, #8146, #8149, #8153, #8156, #8160, #8163, #8167, #8170, #8175, #8178, #8182, #8185, #8189, #8192, #8196, #8199, #8203, #8206, #8209, #8213, #8218, #8221, #8225, #8228, #8232, #8235, #8239, #8242, #8246, #8249, #8252, #8256, #8261, #8264, #8268, #8271, #8275, #8278, #8282, #8285, #8289, #8292, #8295, #8299, #8303, #8307, #8310, #8314, #8317, #8321, #8324, #8328, #8331, #8335, #8339, #8342, #8346, #8350, #8353, #8357, #8360, #8364, #8367, #8371, #8374, #8378, #8382, #8385, #8389, #8393, #8396, #8400, #8403, #8407, #8410, #8414, #8417, #8421, #8425, #8428, #8432, #8436, #8439, #8443, #8446, #8450, #8453, #8457, #8460, #8464, #8467, #8471, #8475, #8479, #8482, #8486, #8489, #8493, #8496, #8500, #8503, #8507, #8510, #8514, #8518, #8522, #8525, #8529, #8532, #8536, #8539, #8543, #8546, #8550, #8553, #8557, #8562, #8565, #8569, #8572, #8576, #8579, #8583, #8586, #8590, #8593, #8597, #8602, #8606, #8610, #8613, #8617, #8620, #8624, #8627, #8631, #8635, #8639, #8643, #8646, #8650, #8654, #8657, #8661, #8664, #8668, #8673, #8677, #8681, #8684, #8688, #8691, #8695, #8698, #8702, #8707, #8711, #8715, #8719, #8722, #8726, #8729, #8733, #8738, #8742, #8746, #8750, #8754, #8757, #8761, #8766, #8770, #8774, #8778, #8782, #8786, #8791, #8795, #8799, #8803, #8807, #8811, #8816, #8820, #8824, #8828, #8832, #8836, #8841, #8845, #8849, #8853, #8857, #8861, #8866, #8870, #8874, #8878, #8882, #8886, #8891, #8895, #8898, #8902, #8905, #8909, #8913, #8916, #8920, #8925, #8929, #8932, #8936, #8940, #8943, #8947, #8951, #8955, #8959, #8963, #8966, #8970, #8974, #8977, #8982, #8985, #8988, #8992, #8996, #9000, #9004, #9008, #9013, #9016, #9019, #9023, #9027, #9031, #9035, #9040, #9043, #9047, #9050, #9053, #9058, #9061, #9065, #9070, #9073, #9076, #9081, #9084, #9087, #9091, #9095, #9098, #9102, #9106, #9109, #9113, #9117, #9121, #9124, #9128, #9132, #9136, #9139, #9142, #9146, #9150, #9153, #9158, #9161, #9165, #9168, #9172, #9175, #9178, #9183, #9188, #9192, #9195, #9200, #9205, #9209, #9212, #9215, #9220, #9225, #9229, #9232, #9237, #9242, #9246, #9249, #9252, #9255, #9259, #9263, #9266, #9270, #9274, #9277, #9280, #9283, #9286, #9289, #9292, #9295, #9298, #9301, #9304, #9307, #9312, #9315, #9319, #9324, #9328, #9331, #9336, #9341, #9345, #9348, #9351, #9356, #9361, #9365, #9368, #9373, #9378, #9382, #9385, #9388, #9391, #9394, #9397, #9400, #9403, #9406, #9409, #9412, #9415, #9418, #9421, #9424, #9429, #9434, #9438, #9441, #9444, #9448, #9451, #9455, #9458, #9461, #9464, #9467, #9470, #9474, #9478, #9481, #9484, #9488, #9491, #9494, #9498, #9502, #9506, #9510, #9514, #9518, #9522, #9526, #9530, #9534, #9538, #9542, #9546, #9550, #9554, #9558, #9562, #9566, #9569, #9573, #9576, #9579, #9582, #9587, #9591, #9594, #9598, #9601, #9605, #9609, #9613, #9617, #9620, #9623, #9627, #9631, #9635, #9639, #9643, #9647, #9651, #9655, #9659, #9663, #9666, #9670, #9673, #9677, #9681, #9684, #9688, #9692, #9696, #9700, #9703, #9707, #9710, #9715, #9719, #9722, #9725, #9728, #9732, #9737, #9742, #9746, #9749, #9754, #9759, #9763, #9766, #9769, #9774, #9779, #9783, #9786, #9791, #9796, #9800, #9803, #9806, #9809, #9812, #9815, #9818, #9821, #9824, #9827, #9830, #9833, #9836, #9839, #9842, #9847, #9852, #9856, #9859, #9862, #9865, #9868, #9873, #9876, #9879, #9882, #9886, #9891, #9895, #9898, #9903, #9908, #9912, #9915, #9918, #9923, #9928, #9932, #9935, #9940, #9945, #9949, #9952, #9955, #9958, #9961, #9964, #9967, #9970, #9973, #9976, #9979, #9982, #9985, #9988, #9992, #9996, #10000, #10004, #10007, #10011, #10014, #10018, #10021, #10024, #10028, #10031, #10035, #10039, #10043, #10046, #10050, #10054, #10057, #10061, #10064, #10068, #10072, #10076, #10080, #10084, #10088, #10092, #10096, #10100, #10104, #10108, #10111, #10114, #10118, #10122, #10126, #10129, #10132, #10136, #10140, #10144, #10149, #10153, #10156, #10159, #10163, #10167, #10171, #10175, #10179, #10183, #10187, #10191, #10195, #10198, #10202, #10205, #10208, #10211, #10214, #10218, #10221, #10225, #10229, #10233, #10237, #10241, #10244, #10248, #10252, #10255, #10258, #10262, #10266, #10270, #10273, #10277, #10280, #10284, #10288, #10291, #10294, #10297, #10300, #10303, #10306, #10309, #10312, #10315, #10318, #10321, #10324, #10327, #10330, #10333, #10336, #10339, #10342, #10345, #10348, #10351, #10354, #10357, #10360, #10363, #10366, #10369, #10372, #10375, #10378, #10381, #10384, #10387, #10390, #10393, #10396, #10399, #10402, #10405, #10408, #10411, #10414, #10417, #10420, #10423, #10426, #10429, #10432, #10435, #10438, #10441, #10444, #10447, #10450, #10453, #10456, #10459, #10462, #10465, #10468, #10471, #10474, #10477, #10480, #10483, #10486, #10489, #10492, #10495, #10498, #10501, #10504, #10507, #10510, #10513, #10516, #10519, #10522, #10525, #10528, #10531, #10534, #10537, #10540, #10543, #10546, #10549, #10552, #10555, #10558, #10561, #10564, #10567, #10570, #10573, #10576, #10579, #10582, #10585, #10588, #10591, #10594, #10597, #10600, #10603, #10606, #10609, #10612, #10615, #10618, #10621, #10624, #10627, #10630, #10633, #10636, #10639, #10642, #10645, #10648, #10651, #10654, #10657, #10660, #10663, #10666, #10669, #10672, #10675, #10678, #10681, #10684, #10687, #10690, #10693, #10696, #10699, #10702, #10705, #10708, #10711, #10715, #10718, #10721, #10724, #10727, #10730, #10733, #10736, #10739, #10742, #10745, #10748, #10751, #10754, #10757, #10760, #10763, #10767, #10771, #10775, #10779, #10783, #10787, #10791, #10794, #10798, #10802, #10806, #10809, #10813, #10817, #10820, #10823, #10826, #10829, #10832, #10836, #10840, #10844, #10848, #10852, #10856, #10860, #10863, #10867, #10871, #10875, #10878, #10882, #10886, #10889, #10892, #10895, #10898, #10901, #10905, #10908, #10912, #10916, #10920, #10924, #10928, #10931, #10934, #10937, #10942, #10946, #10950, #10953, #10956, #10960, #10964, #10969, #10972, #10975, #10978, #10981, #10984, #10989, #10993, #10998, #11002, #11006, #11009, #11012, #11015, #11020, #11025, #11028, #11031, #11035, #11039, #11044, #11047, #11050, #11053, #11056, #11059, #11064, #11068, #11072, #11076, #11080, #11084, #11087, #11090, #11093, #11098, #11102, #11106, #11109, #11112, #11116, #11120, #11125, #11128, #11131, #11134, #11137, #11140, #11144, #11148, #11152, #11156, #11160, #11164, #11168, #11171, #11174, #11177, #11182, #11186, #11190, #11193, #11196, #11200, #11204, #11209, #11212, #11215, #11218, #11221, #11224, #11227, #11230, #11233, #11236, #11240, #11244, #11248, #11252, #11256, #11260, #11264, #11267, #11270, #11273, #11278, #11282, #11286, #11289, #11292, #11296, #11300, #11305, #11308, #11311, #11314, #11317, #11320, #11325, #11328, #11332, #11337, #11340, #11344, #11348, #11351, #11354, #11357, #11362, #11367, #11370, #11373, #11376, #11380, #11384, #11389, #11392, #11395, #11398, #11401, #11404, #11407, #11410, #11415, #11418, #11423, #11426, #11429, #11433, #11437, #11441, #11446, #11449, #11452, #11456, #11460, #11464, #11469, #11472, #11475, #11479, #11482, #11486, #11489, #11493, #11497, #11501, #11506, #11509, #11512, #11516, #11519, #11523, #11528, #11531, #11535, #11539, #11543, #11548, #11551, #11555, #11559, #11562, #11565, #11568, #11571, #11574, #11577, #11580, #11583, #11586, #11589, #11593, #11598, #11601, #11605, #11609, #11613, #11618, #11621, #11624, #11628, #11633, #11636, #11641, #11644, #11647, #11651, #11654, #11658, #11662, #11666, #11671, #11674, #11677, #11682, #11685, #11689, #11692, #11695, #11698, #11701, #11704, #11707, #11710, #11713, #11716, #11719, #11722, #11725, #11728, #11731, #11734, #11737, #11740, #11743, #11746, #11749, #11752, #11755, #11758, #11761, #11764, #11770, #11776, #11780, #11786, #11791, #11795, #11801, #11807, #11811, #11814, #11817, #11820, #11823, #11828, #11832, #11837, #11840, #11845, #11849, #11854, #11858, #11861, #11864, #11867, #11873, #11877, #11881, #11887, #11891, #11896, #11900, #11903, #11906, #11909, #11915, #11921, #11925, #11928, #11931, #11936, #11940, #11946, #11949, #11952, #11955, #11958, #11961, #11964, #11967, #11973, #11977, #11981, #11987, #11991, #11996, #12000, #12003, #12006, #12011, #12015, #12021, #12024, #12027, #12033, #12037, #12042, #12046, #12049, #12052, #12055, #12058, #12063, #12067, #12071, #12075, #12081, #12085, #12089, #12093, #12097, #12100, #12105, #12109, #12115, #12119, #12122, #12126, #12130, #12134, #12139, #12143, #12146, #12152, #12156, #12160, #12166, #12170, #12176, #12179, #12182, #12185, #12188, #12194, #12198, #12202, #12208, #12212, #12218, #12221, #12224, #12227, #12230, #12233, #12236, #12242, #12246, #12251, #12254, #12259, #12263, #12269, #12272, #12275, #12278, #12284, #12288, #12293, #12297, #12300, #12306, #12310, #12315, #12319, #12322, #12325, #12328, #12331, #12334, #12337, #12340, #12346, #12351, #12354, #12359, #12363, #12369, #12372, #12375, #12378, #12384, #12388, #12393, #12397, #12400, #12405, #12409, #12415, #12418, #12421, #12424, #12427, #12433, #12439, #12442, #12446, #12450, #12455, #12459, #12465, #12469, #12473, #12477, #12482, #12486, #12492, #12496, #12499, #12502, #12505, #12509, #12512, #12516, #12519, #12522, #12525, #12528, #12532, #12538, #12542, #12546, #12552, #12558, #12562, #12565, #12568, #12571, #12574, #12578, #12582, #12586, #12592, #12595, #12598, #12602, #12605, #12610, #12613, #12617, #12622, #12625, #12629, #12632, #12635, #12639, #12642, #12646, #12649, #12652, #12655, #12658, #12661, #12664, #12667, #12670, #12673, #12676, #12679, #12682, #12685, #12688, #12691, #12694, #12697, #12700, #12703, #12706, #12709, #12712, #12715, #12718, #12721, #12725, #12731, #12737, #12740, #12743, #12746, #12749, #12752, #12755, #12758, #12762, #12766, #12769, #12773, #12778, #12782, #12785, #12788, #12791, #12796, #12800, #12804, #12808, #12814, #12819, #12824, #12827, #12832, #12835, #12840, #12843, #12848, #12851, #12857, #12862, #12867, #12870, #12875, #12878, #12883, #12886, #12889, #12892, #12896, #12899, #12905, #12909, #12914, #12917, #12922, #12925, #12929, #12934, #12937, #12941, #12944, #12949, #12952, #12957, #12960, #12963, #12966, #12969, #12974, #12977, #12980, #12983, #12987, #12990, #12993, #12999, #13003, #13008, #13011, #13015, #13019, #13022, #13026, #13030, #13034, #13038, #13041, #13045, #13048, #13053, #13056, #13060, #13065, #13068, #13072, #13075, #13080, #13083, #13088, #13091, #13094, #13097, #13100, #13106, #13109, #13112, #13116, #13119, #13123, #13126, #13131, #13134, #13137, #13140, #13143, #13146, #13149, #13154, #13157, #13162, #13165, #13168, #13171, #13174, #13177, #13180, #13186, #13190, #13195, #13198, #13202, #13206, #13210, #13213, #13217, #13221, #13225, #13229, #13234, #13237, #13241, #13244, #13248, #13252, #13256, #13260, #13263, #13266, #13269, #13274, #13278, #13281, #13285, #13288, #13292, #13295, #13299, #13303, #13306, #13309, #13312, #13315, #13318, #13322, #13326, #13330, #13334, #13337, #13340, #13343, #13347, #13350, #13353, #13356, #13360, #13363, #13366, #13372, #13376, #13380, #13386, #13389, #13393, #13396, #13401, #13405, #13408, #13413, #13416, #13420, #13423, #13427, #13431, #13434, #13437, #13440, #13443, #13446, #13449, #13453, #13456, #13459, #13465, #13470, #13476, #13479, #13483, #13486, #13490, #13494, #13497, #13500, #13504, #13507, #13513, #13517, #13521, #13525, #13529, #13533, #13536, #13539, #13544, #13547, #13552, #13557, #13561, #13564, #13569, #13573, #13576, #13581, #13584, #13588, #13591, #13595, #13598, #13603, #13606, #13610, #13613, #13618, #13621, #13625, #13628, #13631, #13634, #13639, #13642, #13646, #13649, #13654, #13657, #13661, #13664, #13667, #13670, #13673, #13676, #13679, #13682, #13687, #13690, #13694, #13697, #13702, #13705, #13709, #13712, #13715, #13718, #13723, #13726, #13729, #13733, #13737, #13740, #13743, #13746, #13751, #13755, #13760, #13763, #13767, #13770, #13773, #13777, #13781, #13785, #13790, #13793, #13797, #13800, #13803, #13806, #13809, #13813, #13816, #13820, #13824, #13827, #13830, #13834, #13837, #13841, #13845, #13850, #13853, #13857, #13860, #13863, #13866, #13869, #13872, #13875, #13878, #13882, #13885, #13889, #13893, #13896, #13901, #13904, #13908, #13911, #13914, #13917, #13922, #13925, #13929, #13932, #13937, #13940, #13944, #13947, #13950, #13953, #13956, #13959, #13962, #13966, #13969, #13972, #13976, #13979, #13983, #13987, #13990, #13994, #13997, #14000, #14004, #14008, #14011, #14015, #14019, #14023, #14026, #14030, #14033, #14036, #14039, #14042, #14046, #14050, #14053, #14057, #14061, #14065, #14069, #14072, #14075, #14079, #14083, #14087, #14092, #14096, #14099, #14102, #14105, #14108, #14111, #14114, #14118, #14122, #14126, #14131, #14135, #14138, #14141, #14144, #14148, #14152, #14156, #14161, #14165, #14168, #14171, #14174, #14179, #14183, #14187, #14191, #14195, #14198, #14201, #14204, #14208, #14212, #14216, #14219, #14223, #14227, #14231, #14234, #14237, #14240, #14243, #14246, #14249, #14252, #14255, #14259, #14263, #14267, #14270, #14274, #14278, #14282, #14285, #14288, #14291, #14295, #14299, #14303, #14306, #14310, #14314, #14318, #14321, #14324, #14327, #14330, #14333, #14337, #14341, #14345, #14348, #14352, #14355, #14358, #14361, #14365, #14368, #14371, #14374, #14378, #14381, #14385, #14388, #14392, #14396, #14399, #14402, #14405, #14408, #14411, #14414, #14417, #14420, #14423, #14426, #14429, #14432, #14435, #14438, #14441, #14444, #14447, #14450, #14453, #14456, #14459, #14462, #14465, #14468, #14471, #14474, #14477, #14480, #14483, #14486, #14489, #14492, #14495, #14498, #14501, #14504, #14507, #14510, #14513, #14516, #14519, #14522, #14525, #14528, #14531, #14534, #14537, #14540, #14543, #14546, #14549, #14552, #14555, #14558, #14561, #14564, #14567, #14570, #14573, #14576, #14579, #14582, #14585, #14588, #14591, #14594, #14597, #14600, #14603, #14606, #14609, #14612, #14615, #14618, #14621, #14624, #14627, #14630, #14633, #14636, #14639, #14642, #14645, #14648, #14651, #14654, #14657, #14660, #14663, #14666, #14669, #14672, #14675, #14678, #14681, #14684, #14687, #14690, #14693, #14696, #14699, #14702, #14705, #14708, #14711, #14714, #14717, #14720, #14723, #14726, #14729, #14732, #14735, #14738, #14741, #14744, #14747, #14750, #14753, #14756, #14759, #14762, #14765, #14768, #14771, #14774, #14777, #14780, #14783, #14786, #14789, #14792, #14795, #14798, #14801, #14804, #14807, #14810, #14813, #14816, #14819, #14822, #14825, #14828, #14831, #14834, #14837, #14840, #14843, #14846, #14849, #14852, #14855, #14858, #14861, #14864, #14867, #14870, #14873, #14876, #14879, #14882, #14885, #14888, #14891, #14894, #14897, #14900, #14903, #14906, #14909, #14912, #14915, #14918, #14921, #14924, #14927, #14930, #14933, #14936, #14939, #14942, #14945, #14948, #14951, #14954, #14957, #14960, #14963, #14966, #14969, #14972, #14975, #14978, #14981, #14984, #14987, #14990, #14993, #14996, #14999, #15002, #15005, #15008, #15011, #15014, #15017, #15020, #15023, #15026, #15029, #15032, #15035, #15038, #15041, #15044, #15047, #15050, #15053, #15056, #15059, #15062, #15065, #15068, #15071, #15074, #15077, #15080, #15083, #15086, #15089, #15092, #15095, #15098, #15101, #15104, #15107, #15110, #15113, #15116, #15119, #15122, #15125, #15128, #15131, #15134, #15137, #15140, #15143, #15146, #15149, #15152, #15155, #15158, #15161, #15164, #15167, #15170, #15173, #15176, #15179, #15182, #15185, #15188, #15191, #15194, #15197, #15200, #15203, #15206, #15209, #15212, #15215, #15218, #15221, #15224, #15227, #15230, #15233, #15236, #15239, #15242, #15245, #15248, #15251, #15254, #15257, #15260, #15263, #15266, #15269, #15272, #15275, #15278, #15281, #15284, #15287, #15290, #15293, #15296, #15299, #15302, #15305, #15308, #15311, #15314, #15317, #15320, #15323, #15326, #15329, #15332, #15335, #15338, #15341, #15344, #15347, #15350, #15353, #15356, #15359, #15362, #15365, #15368, #15371, #15374, #15377, #15380, #15383, #15386, #15389, #15392, #15395, #15398, #15401, #15404, #15407, #15410, #15413, #15416, #15419, #15422, #15425, #15428, #15431, #15434, #15437, #15440, #15443, #15446, #15449, #15452, #15455, #15458, #15461, #15464, #15467, #15470, #15473, #15476, #15479, #15482, #15485, #15488, #15491, #15494, #15497, #15500, #15503, #15506, #15509, #15512, #15515, #15518, #15521, #15524, #15527, #15530, #15533, #15536, #15539, #15542, #15545, #15548, #15551, #15554, #15557, #15560, #15563, #15566, #15569, #15572, #15575, #15578, #15581, #15584, #15587, #15590, #15593, #15596, #15599, #15602, #15605, #15608, #15611, #15614, #15617, #15620, #15623, #15626, #15629, #15632, #15635, #15638, #15641, #15644, #15647, #15650, #15653, #15656, #15659, #15662, #15665, #15668, #15671, #15674, #15677, #15680, #15683, #15686, #15689, #15692, #15695, #15698, #15701, #15704, #15707, #15710, #15713, #15716, #15719, #15722, #15725, #15728, #15731, #15734, #15737, #15740, #15743, #15746, #15749, #15752, #15755, #15758, #15761, #15764, #15767, #15770, #15773, #15776, #15779, #15782, #15785, #15788, #15791, #15794, #15797, #15800, #15803, #15806, #15809, #15812, #15815, #15818, #15821, #15824, #15827, #15830, #15833, #15836, #15839, #15842, #15845, #15848, #15851, #15854, #15857, #15860, #15863, #15866, #15869, #15872, #15875, #15878, #15881, #15884, #15887, #15890, #15893, #15896, #15899, #15902, #15905, #15908, #15911, #15914, #15917, #15920, #15923, #15926, #15929, #15932, #15935, #15938, #15941, #15944, #15947, #15950, #15953, #15956, #15959, #15962, #15965, #15968, #15971, #15974, #15977, #15980, #15983, #15986, #15989, #15992, #15995, #15998, #16001, #16004, #16007, #16010, #16013, #16016, #16019, #16022, #16025, #16028, #16031, #16034, #16037, #16040, #16043, #16046, #16049, #16052, #16055, #16058, #16061, #16064, #16067, #16070, #16073, #16076, #16079, #16082, #16085, #16088, #16091, #16094, #16097, #16100, #16103, #16106, #16109, #16112, #16115, #16118, #16121, #16124, #16127, #16130, #16133, #16136, #16139, #16142, #16145, #16148, #16151, #16154, #16157, #16160, #16163, #16166, #16169, #16172, #16175, #16178, #16181, #16184, #16187, #16190, #16193, #16196, #16199, #16202, #16205, #16208, #16211, #16214, #16217, #16220, #16223, #16226, #16229, #16232, #16235, #16238, #16241, #16244, #16247, #16250, #16253, #16256, #16259, #16262, #16265, #16268, #16271, #16274, #16277, #16280, #16283, #16286, #16289, #16292, #16295, #16298, #16301, #16304, #16307, #16310, #16313, #16316));
#7411 = IFCPOLYLOOP((#7412, #7413, #7414));
#7412 = IFCCARTESIANPOINT((2.58020263671875E-1, -2.02983154296875E-1, 6.41011535644531E-1));
#7413 = IFCCARTESIANPOINT((2.55789932250977E-1, -2.04597274780273E-1, 6.40345703125E-1));
#7414 = IFCCARTESIANPOINT((2.58399505615234E-1, -2.17052963256836E-1, 6.40506652832031E-1));
#7415 = IFCFACEOUTERBOUND(#7411, .T.);
#7416 = IFCFACE((#7415));
#7417 = IFCPOLYLOOP((#7414, #7418, #7412));
#7418 = IFCCARTESIANPOINT((2.60271820068359E-1, -2.14853881835938E-1, 6.41109497070313E-1));
#7419 = IFCFACEOUTERBOUND(#7417, .T.);
#7420 = IFCFACE((#7419));
#7421 = IFCPOLYLOOP((#7422, #7412, #7418));
#7422 = IFCCARTESIANPOINT((2.5991796875E-1, -2.01003280639648E-1, 6.41566101074219E-1));
#7423 = IFCFACEOUTERBOUND(#7421, .T.);
#7424 = IFCFACE((#7423));
#7425 = IFCPOLYLOOP((#7418, #7426, #7422));
#7426 = IFCCARTESIANPOINT((2.61725280761719E-1, -2.12368942260742E-1, 6.41578369140625E-1));
#7427 = IFCFACEOUTERBOUND(#7425, .T.);
#7428 = IFCFACE((#7427));
#7429 = IFCPOLYLOOP((#7430, #7431, #7432));
#7430 = IFCCARTESIANPOINT((2.53273208618164E-1, -2.05742080688477E-1, 6.39585388183594E-1));
#7431 = IFCCARTESIANPOINT((2.50554153442383E-1, -2.06382247924805E-1, 6.38757690429688E-1));
#7432 = IFCCARTESIANPOINT((2.53590835571289E-1, -2.20114303588867E-1, 6.38973449707031E-1));
#7433 = IFCFACEOUTERBOUND(#7429, .T.);
#7434 = IFCFACE((#7433));
#7435 = IFCPOLYLOOP((#7432, #7436, #7430));
#7436 = IFCCARTESIANPOINT((2.56155578613281E-1, -2.18844757080078E-1, 6.39788208007813E-1));
#7437 = IFCFACEOUTERBOUND(#7435, .T.);
#7438 = IFCFACE((#7437));
#7439 = IFCPOLYLOOP((#7413, #7430, #7436));
#7440 = IFCFACEOUTERBOUND(#7439, .T.);
#7441 = IFCFACE((#7440));
#7442 = IFCPOLYLOOP((#7436, #7414, #7413));
#7443 = IFCFACEOUTERBOUND(#7442, .T.);
#7444 = IFCFACE((#7443));
#7445 = IFCPOLYLOOP((#7446, #7431, #7447));
#7446 = IFCCARTESIANPOINT((2.50797775268555E-1, -2.2082243347168E-1, 6.38093139648438E-1));
#7447 = IFCCARTESIANPOINT((2.4774169921875E-1, -2.065263671875E-1, 6.37896484375E-1));
#7448 = IFCFACEOUTERBOUND(#7445, .T.);
#7449 = IFCFACE((#7448));
#7450 = IFCPOLYLOOP((#7447, #7451, #7446));
#7451 = IFCCARTESIANPOINT((2.47896224975586E-1, -2.20978759765625E-1, 6.37185607910156E-1));
#7452 = IFCFACEOUTERBOUND(#7450, .T.);
#7453 = IFCFACE((#7452));
#7454 = IFCPOLYLOOP((#7431, #7446, #7432));
#7455 = IFCFACEOUTERBOUND(#7454, .T.);
#7456 = IFCFACE((#7455));
#7457 = IFCPOLYLOOP((#7458, #7459, #7460));
#7458 = IFCCARTESIANPOINT((2.42273162841797E-1, -2.05364013671875E-1, 6.36208862304688E-1));
#7459 = IFCCARTESIANPOINT((2.39741592407227E-1, -2.18242858886719E-1, 6.34684265136719E-1));
#7460 = IFCCARTESIANPOINT((2.42248153686523E-1, -2.19678100585938E-1, 6.35442810058594E-1));
#7461 = IFCFACEOUTERBOUND(#7457, .T.);
#7462 = IFCFACE((#7461));
#7463 = IFCPOLYLOOP((#7460, #7464, #7458));
#7464 = IFCCARTESIANPOINT((2.44944961547852E-1, -2.06183822631836E-1, 6.37035583496094E-1));
#7465 = IFCFACEOUTERBOUND(#7463, .T.);
#7466 = IFCFACE((#7465));
#7467 = IFCPOLYLOOP((#7464, #7460, #7468));
#7468 = IFCCARTESIANPOINT((2.45006301879883E-1, -2.20593826293945E-1, 6.36289367675781E-1));
#7469 = IFCFACEOUTERBOUND(#7467, .T.);
#7470 = IFCFACE((#7469));
#7471 = IFCPOLYLOOP((#7468, #7447, #7464));
#7472 = IFCFACEOUTERBOUND(#7471, .T.);
#7473 = IFCFACE((#7472));
#7474 = IFCPOLYLOOP((#7475, #7476, #7477));
#7475 = IFCCARTESIANPOINT((2.37713363647461E-1, -2.02366073608398E-1, 6.34783630371094E-1));
#7476 = IFCCARTESIANPOINT((2.37576690673828E-1, -2.16336303710938E-1, 6.34040954589844E-1));
#7477 = IFCCARTESIANPOINT((2.39835205078125E-1, -2.04076965332031E-1, 6.35450134277344E-1));
#7478 = IFCFACEOUTERBOUND(#7474, .T.);
#7479 = IFCFACE((#7478));
#7480 = IFCPOLYLOOP((#7477, #7476, #7459));
#7481 = IFCFACEOUTERBOUND(#7480, .T.);
#7482 = IFCFACE((#7481));
#7483 = IFCPOLYLOOP((#7459, #7458, #7477));
#7484 = IFCFACEOUTERBOUND(#7483, .T.);
#7485 = IFCFACE((#7484));
#7486 = IFCPOLYLOOP((#7487, #7488, #7422));
#7487 = IFCCARTESIANPOINT((2.608994140625E-1, -1.71615356445313E-1, 6.42802917480469E-1));
#7488 = IFCCARTESIANPOINT((2.57301727294922E-1, -1.74939498901367E-1, 6.41953002929688E-1));
#7489 = IFCFACEOUTERBOUND(#7486, .T.);
#7490 = IFCFACE((#7489));
#7491 = IFCPOLYLOOP((#7422, #7492, #7487));
#7492 = IFCCARTESIANPOINT((2.61440124511719E-1, -1.98767028808594E-1, 6.41993347167969E-1));
#7493 = IFCFACEOUTERBOUND(#7491, .T.);
#7494 = IFCFACE((#7493));
#7495 = IFCPOLYLOOP((#7488, #7412, #7422));
#7496 = IFCFACEOUTERBOUND(#7495, .T.);
#7497 = IFCFACE((#7496));
#7498 = IFCPOLYLOOP((#7488, #7499, #7413));
#7499 = IFCCARTESIANPOINT((2.52673065185547E-1, -1.77121994018555E-1, 6.40691650390625E-1));
#7500 = IFCFACEOUTERBOUND(#7498, .T.);
#7501 = IFCFACE((#7500));
#7502 = IFCPOLYLOOP((#7413, #7412, #7488));
#7503 = IFCFACEOUTERBOUND(#7502, .T.);
#7504 = IFCFACE((#7503));
#7505 = IFCPOLYLOOP((#7499, #7430, #7413));
#7506 = IFCFACEOUTERBOUND(#7505, .T.);
#7507 = IFCFACE((#7506));
#7508 = IFCPOLYLOOP((#7499, #7509, #7431));
#7509 = IFCCARTESIANPOINT((2.47452743530273E-1, -1.77753890991211E-1, 6.39151977539063E-1));
#7510 = IFCFACEOUTERBOUND(#7508, .T.);
#7511 = IFCFACE((#7510));
#7512 = IFCPOLYLOOP((#7431, #7430, #7499));
#7513 = IFCFACEOUTERBOUND(#7512, .T.);
#7514 = IFCFACE((#7513));
#7515 = IFCPOLYLOOP((#7509, #7447, #7431));
#7516 = IFCFACEOUTERBOUND(#7515, .T.);
#7517 = IFCFACE((#7516));
#7518 = IFCPOLYLOOP((#7464, #7447, #7509));
#7519 = IFCFACEOUTERBOUND(#7518, .T.);
#7520 = IFCFACE((#7519));
#7521 = IFCPOLYLOOP((#7464, #7509, #7522));
#7522 = IFCCARTESIANPOINT((2.42326126098633E-1, -1.76855972290039E-1, 6.37530212402344E-1));
#7523 = IFCFACEOUTERBOUND(#7521, .T.);
#7524 = IFCFACE((#7523));
#7525 = IFCPOLYLOOP((#7522, #7458, #7464));
#7526 = IFCFACEOUTERBOUND(#7525, .T.);
#7527 = IFCFACE((#7526));
#7528 = IFCPOLYLOOP((#7477, #7458, #7522));
#7529 = IFCFACEOUTERBOUND(#7528, .T.);
#7530 = IFCFACE((#7529));
#7531 = IFCPOLYLOOP((#7477, #7522, #7532));
#7532 = IFCCARTESIANPOINT((2.37978179931641E-1, -1.74514602661133E-1, 6.36020690917969E-1));
#7533 = IFCFACEOUTERBOUND(#7531, .T.);
#7534 = IFCFACE((#7533));
#7535 = IFCPOLYLOOP((#7532, #7475, #7477));
#7536 = IFCFACEOUTERBOUND(#7535, .T.);
#7537 = IFCFACE((#7536));
#7538 = IFCPOLYLOOP((#7539, #7540, #7532));
#7539 = IFCCARTESIANPOINT((2.34841552734375E-1, -1.71143035888672E-1, 6.347353515625E-1));
#7540 = IFCCARTESIANPOINT((2.34581436157227E-1, -1.98057632446289E-1, 6.33764038085938E-1));
#7541 = IFCFACEOUTERBOUND(#7538, .T.);
#7542 = IFCFACE((#7541));
#7543 = IFCPOLYLOOP((#7544, #7545, #7488));
#7544 = IFCCARTESIANPOINT((2.56642517089844E-1, -1.47046875E-1, 6.427705078125E-1));
#7545 = IFCCARTESIANPOINT((2.52124694824219E-1, -1.48698699951172E-1, 6.41605895996094E-1));
#7546 = IFCFACEOUTERBOUND(#7543, .T.);
#7547 = IFCFACE((#7546));
#7548 = IFCPOLYLOOP((#7488, #7487, #7544));
#7549 = IFCFACEOUTERBOUND(#7548, .T.);
#7550 = IFCFACE((#7549));
#7551 = IFCPOLYLOOP((#7545, #7499, #7488));
#7552 = IFCFACEOUTERBOUND(#7551, .T.);
#7553 = IFCFACE((#7552));
#7554 = IFCPOLYLOOP((#7555, #7509, #7499));
#7555 = IFCCARTESIANPOINT((2.47193496704102E-1, -1.49191833496094E-1, 6.40148681640625E-1));
#7556 = IFCFACEOUTERBOUND(#7554, .T.);
#7557 = IFCFACE((#7556));
#7558 = IFCPOLYLOOP((#7559, #7532, #7522));
#7559 = IFCCARTESIANPOINT((2.42383590698242E-1, -1.48540420532227E-1, 6.385322265625E-1));
#7560 = IFCFACEOUTERBOUND(#7558, .T.);
#7561 = IFCFACE((#7560));
#7562 = IFCPOLYLOOP((#7522, #7555, #7559));
#7563 = IFCFACEOUTERBOUND(#7562, .T.);
#7564 = IFCFACE((#7563));
#7565 = IFCPOLYLOOP((#7566, #7539, #7532));
#7566 = IFCCARTESIANPOINT((2.38230484008789E-1, -1.4680778503418E-1, 6.36889282226563E-1));
#7567 = IFCFACEOUTERBOUND(#7565, .T.);
#7568 = IFCFACE((#7567));
#7569 = IFCPOLYLOOP((#7532, #7559, #7566));
#7570 = IFCFACEOUTERBOUND(#7569, .T.);
#7571 = IFCFACE((#7570));
#7572 = IFCPOLYLOOP((#7573, #7539, #7566));
#7573 = IFCCARTESIANPOINT((2.35086090087891E-1, -1.44303176879883E-1, 6.35302490234375E-1));
#7574 = IFCFACEOUTERBOUND(#7572, .T.);
#7575 = IFCFACE((#7574));
#7576 = IFCPOLYLOOP((#7577, #7578, #7544));
#7577 = IFCCARTESIANPOINT((2.56046813964844E-1, -1.19336349487305E-1, 6.43538879394531E-1));
#7578 = IFCCARTESIANPOINT((2.51632354736328E-1, -1.20511825561523E-1, 6.424111328125E-1));
#7579 = IFCFACEOUTERBOUND(#7576, .T.);
#7580 = IFCFACE((#7579));
#7581 = IFCPOLYLOOP((#7544, #7582, #7577));
#7582 = IFCCARTESIANPOINT((2.60403747558594E-1, -1.44544464111328E-1, 6.4355419921875E-1));
#7583 = IFCFACEOUTERBOUND(#7581, .T.);
#7584 = IFCFACE((#7583));
#7585 = IFCPOLYLOOP((#7578, #7545, #7544));
#7586 = IFCFACEOUTERBOUND(#7585, .T.);
#7587 = IFCFACE((#7586));
#7588 = IFCPOLYLOOP((#7589, #7555, #7545));
#7589 = IFCCARTESIANPOINT((2.46967086791992E-1, -1.20882629394531E-1, 6.40978149414063E-1));
#7590 = IFCFACEOUTERBOUND(#7588, .T.);
#7591 = IFCFACE((#7590));
#7592 = IFCPOLYLOOP((#7593, #7559, #7589));
#7593 = IFCCARTESIANPOINT((2.42447326660156E-1, -1.20456771850586E-1, 6.39316162109375E-1));
#7594 = IFCFACEOUTERBOUND(#7592, .T.);
#7595 = IFCFACE((#7594));
#7596 = IFCPOLYLOOP((#7597, #7573, #7566));
#7597 = IFCCARTESIANPOINT((2.38471343994141E-1, -1.19276565551758E-1, 6.37502136230469E-1));
#7598 = IFCFACEOUTERBOUND(#7596, .T.);
#7599 = IFCFACE((#7598));
#7600 = IFCPOLYLOOP((#7566, #7593, #7597));
#7601 = IFCFACEOUTERBOUND(#7600, .T.);
#7602 = IFCFACE((#7601));
#7603 = IFCPOLYLOOP((#7604, #7573, #7597));
#7604 = IFCCARTESIANPOINT((2.35316558837891E-1, -1.17556228637695E-1, 6.35592346191406E-1));
#7605 = IFCFACEOUTERBOUND(#7603, .T.);
#7606 = IFCFACE((#7605));
#7607 = IFCPOLYLOOP((#7608, #7609, #7577));
#7608 = IFCCARTESIANPOINT((2.55512557983398E-1, -9.18469848632813E-2, 6.44474609375E-1));
#7609 = IFCCARTESIANPOINT((2.51195755004883E-1, -9.26086730957031E-2, 6.43328857421875E-1));
#7610 = IFCFACEOUTERBOUND(#7607, .T.);
#7611 = IFCFACE((#7610));
#7612 = IFCPOLYLOOP((#7577, #7613, #7608));
#7613 = IFCCARTESIANPOINT((2.59955444335938E-1, -1.17572235107422E-1, 6.44313232421875E-1));
#7614 = IFCFACEOUTERBOUND(#7612, .T.);
#7615 = IFCFACE((#7614));
#7616 = IFCPOLYLOOP((#7609, #7578, #7577));
#7617 = IFCFACEOUTERBOUND(#7616, .T.);
#7618 = IFCFACE((#7617));
#7619 = IFCPOLYLOOP((#7578, #7609, #7620));
#7620 = IFCCARTESIANPOINT((2.4677375793457E-1, -9.28759460449219E-2, 6.41866821289063E-1));
#7621 = IFCFACEOUTERBOUND(#7619, .T.);
#7622 = IFCFACE((#7621));
#7623 = IFCPOLYLOOP((#7620, #7589, #7578));
#7624 = IFCFACEOUTERBOUND(#7623, .T.);
#7625 = IFCFACE((#7624));
#7626 = IFCPOLYLOOP((#7593, #7589, #7620));
#7627 = IFCFACEOUTERBOUND(#7626, .T.);
#7628 = IFCFACE((#7627));
#7629 = IFCPOLYLOOP((#7620, #7630, #7593));
#7630 = IFCCARTESIANPOINT((2.42517837524414E-1, -9.26513519287109E-2, 6.40114685058594E-1));
#7631 = IFCFACEOUTERBOUND(#7629, .T.);
#7632 = IFCFACE((#7631));
#7633 = IFCPOLYLOOP((#7634, #7604, #7597));
#7634 = IFCCARTESIANPOINT((2.38702163696289E-1, -9.19584350585938E-2, 6.38100219726563E-1));
#7635 = IFCFACEOUTERBOUND(#7633, .T.);
#7636 = IFCFACE((#7635));
#7637 = IFCPOLYLOOP((#7597, #7630, #7634));
#7638 = IFCFACEOUTERBOUND(#7637, .T.);
#7639 = IFCFACE((#7638));
#7640 = IFCPOLYLOOP((#7641, #7604, #7634));
#7641 = IFCCARTESIANPOINT((2.35536483764648E-1, -9.09265899658203E-2, 6.35856323242188E-1));
#7642 = IFCFACEOUTERBOUND(#7640, .T.);
#7643 = IFCFACE((#7642));
#7644 = IFCPOLYLOOP((#7645, #7608, #7646));
#7645 = IFCCARTESIANPOINT((2.55030364990234E-1, -6.46178436279297E-2, 6.4576806640625E-1));
#7646 = IFCCARTESIANPOINT((2.59548980712891E-1, -9.07248229980469E-2, 6.4529150390625E-1));
#7647 = IFCFACEOUTERBOUND(#7644, .T.);
#7648 = IFCFACE((#7647));
#7649 = IFCPOLYLOOP((#7650, #7609, #7608));
#7650 = IFCCARTESIANPOINT((2.50809692382813E-1, -6.503515625E-2, 6.44537048339844E-1));
#7651 = IFCFACEOUTERBOUND(#7649, .T.);
#7652 = IFCFACE((#7651));
#7653 = IFCPOLYLOOP((#7609, #7650, #7654));
#7654 = IFCCARTESIANPOINT((2.46611343383789E-1, -6.52187347412109E-2, 6.42980834960938E-1));
#7655 = IFCFACEOUTERBOUND(#7653, .T.);
#7656 = IFCFACE((#7655));
#7657 = IFCPOLYLOOP((#7654, #7620, #7609));
#7658 = IFCFACEOUTERBOUND(#7657, .T.);
#7659 = IFCFACE((#7658));
#7660 = IFCPOLYLOOP((#7630, #7620, #7654));
#7661 = IFCFACEOUTERBOUND(#7660, .T.);
#7662 = IFCFACE((#7661));
#7663 = IFCPOLYLOOP((#7654, #7664, #7630));
#7664 = IFCCARTESIANPOINT((2.42595764160156E-1, -6.51663513183594E-2, 6.410830078125E-1));
#7665 = IFCFACEOUTERBOUND(#7663, .T.);
#7666 = IFCFACE((#7665));
#7667 = IFCPOLYLOOP((#7668, #7634, #7664));
#7668 = IFCCARTESIANPOINT((2.3892707824707E-1, -6.48853302001953E-2, 6.38829895019531E-1));
#7669 = IFCFACEOUTERBOUND(#7667, .T.);
#7670 = IFCFACE((#7669));
#7671 = IFCPOLYLOOP((#7672, #7641, #7668));
#7672 = IFCCARTESIANPOINT((2.3575456237793E-1, -6.4431640625E-2, 6.36234436035156E-1));
#7673 = IFCFACEOUTERBOUND(#7671, .T.);
#7674 = IFCFACE((#7673));
#7675 = IFCPOLYLOOP((#7676, #7645, #7677));
#7676 = IFCCARTESIANPOINT((2.54484375E-1, -3.76854705810547E-2, 6.475029296875E-1));
#7677 = IFCCARTESIANPOINT((2.59168914794922E-1, -6.40298767089844E-2, 6.46691162109375E-1));
#7678 = IFCFACEOUTERBOUND(#7675, .T.);
#7679 = IFCFACE((#7678));
#7680 = IFCPOLYLOOP((#7681, #7650, #7645));
#7681 = IFCCARTESIANPOINT((2.50382461547852E-1, -3.78304595947266E-2, 6.46088256835938E-1));
#7682 = IFCFACEOUTERBOUND(#7680, .T.);
#7683 = IFCFACE((#7682));
#7684 = IFCPOLYLOOP((#7650, #7681, #7685));
#7685 = IFCCARTESIANPOINT((2.46411056518555E-1, -3.79469604492188E-2, 6.44341735839844E-1));
#7686 = IFCFACEOUTERBOUND(#7684, .T.);
#7687 = IFCFACE((#7686));
#7688 = IFCPOLYLOOP((#7685, #7654, #7650));
#7689 = IFCFACEOUTERBOUND(#7688, .T.);
#7690 = IFCFACE((#7689));
#7691 = IFCPOLYLOOP((#7654, #7685, #7692));
#7692 = IFCCARTESIANPOINT((2.42634948730469E-1, -3.802880859375E-2, 6.42213073730469E-1));
#7693 = IFCFACEOUTERBOUND(#7691, .T.);
#7694 = IFCFACE((#7693));
#7695 = IFCPOLYLOOP((#7692, #7664, #7654));
#7696 = IFCFACEOUTERBOUND(#7695, .T.);
#7697 = IFCFACE((#7696));
#7698 = IFCPOLYLOOP((#7668, #7664, #7692));
#7699 = IFCFACEOUTERBOUND(#7698, .T.);
#7700 = IFCFACE((#7699));
#7701 = IFCPOLYLOOP((#7692, #7702, #7668));
#7702 = IFCCARTESIANPOINT((2.39123260498047E-1, -3.80698699951172E-2, 6.396552734375E-1));
#7703 = IFCFACEOUTERBOUND(#7701, .T.);
#7704 = IFCFACE((#7703));
#7705 = IFCPOLYLOOP((#7706, #7672, #7702));
#7706 = IFCCARTESIANPOINT((2.3597248840332E-1, -3.80653381347656E-2, 6.36665588378906E-1));
#7707 = IFCFACEOUTERBOUND(#7705, .T.);
#7708 = IFCFACE((#7707));
#7709 = IFCPOLYLOOP((#7710, #7676, #7711));
#7710 = IFCCARTESIANPOINT((2.53661575317383E-1, -1.21296062469482E-2, 6.49740295410156E-1));
#7711 = IFCCARTESIANPOINT((2.58673461914063E-1, -3.75166168212891E-2, 6.4862646484375E-1));
#7712 = IFCFACEOUTERBOUND(#7709, .T.);
#7713 = IFCFACE((#7712));
#7714 = IFCPOLYLOOP((#7715, #7681, #7676));
#7715 = IFCCARTESIANPOINT((2.49713012695313E-1, -1.26558513641357E-2, 6.48015441894531E-1));
#7716 = IFCFACEOUTERBOUND(#7714, .T.);
#7717 = IFCFACE((#7716));
#7718 = IFCPOLYLOOP((#7719, #7685, #7681));
#7719 = IFCCARTESIANPOINT((2.45976470947266E-1, -1.3289701461792E-2, 6.45954650878906E-1));
#7720 = IFCFACEOUTERBOUND(#7718, .T.);
#7721 = IFCFACE((#7720));
#7722 = IFCPOLYLOOP((#7723, #7692, #7685));
#7723 = IFCCARTESIANPOINT((2.42442916870117E-1, -1.40220928192139E-2, 6.43484741210938E-1));
#7724 = IFCFACEOUTERBOUND(#7722, .T.);
#7725 = IFCFACE((#7724));
#7726 = IFCPOLYLOOP((#7727, #7702, #7692));
#7727 = IFCCARTESIANPOINT((2.39108093261719E-1, -1.48370800018311E-2, 6.40536193847656E-1));
#7728 = IFCFACEOUTERBOUND(#7726, .T.);
#7729 = IFCFACE((#7728));
#7730 = IFCPOLYLOOP((#7731, #7706, #7702));
#7731 = IFCCARTESIANPOINT((2.36027221679688E-1, -1.56861248016357E-2, 6.37095336914063E-1));
#7732 = IFCFACEOUTERBOUND(#7730, .T.);
#7733 = IFCFACE((#7732));
#7734 = IFCPOLYLOOP((#7735, #7710, #7736));
#7735 = IFCCARTESIANPOINT((2.52097946166992E-1, 1.30965900421143E-2, 6.52568664550781E-1));
#7736 = IFCCARTESIANPOINT((2.57825958251953E-1, -1.16735210418701E-2, 6.51185913085938E-1));
#7737 = IFCFACEOUTERBOUND(#7734, .T.);
#7738 = IFCFACE((#7737));
#7739 = IFCPOLYLOOP((#7740, #7715, #7710));
#7740 = IFCCARTESIANPOINT((2.48298477172852E-1, 1.21385517120361E-2, 6.50404235839844E-1));
#7741 = IFCFACEOUTERBOUND(#7739, .T.);
#7742 = IFCFACE((#7741));
#7743 = IFCPOLYLOOP((#7744, #7719, #7715));
#7744 = IFCCARTESIANPOINT((2.44776321411133E-1, 1.09833087921143E-2, 6.4790185546875E-1));
#7745 = IFCFACEOUTERBOUND(#7743, .T.);
#7746 = IFCFACE((#7745));
#7747 = IFCPOLYLOOP((#7748, #7723, #7719));
#7748 = IFCCARTESIANPOINT((2.41461349487305E-1, 9.64221382141113E-3, 6.44972473144531E-1));
#7749 = IFCFACEOUTERBOUND(#7747, .T.);
#7750 = IFCFACE((#7749));
#7751 = IFCPOLYLOOP((#7752, #7727, #7723));
#7752 = IFCCARTESIANPOINT((2.38288543701172E-1, 8.13864326477051E-3, 6.41531066894531E-1));
#7753 = IFCFACEOUTERBOUND(#7751, .T.);
#7754 = IFCFACE((#7753));
#7755 = IFCPOLYLOOP((#7756, #7731, #7727));
#7756 = IFCCARTESIANPOINT((2.35278305053711E-1, 6.5542163848877E-3, 6.37556457519531E-1));
#7757 = IFCFACEOUTERBOUND(#7755, .T.);
#7758 = IFCFACE((#7757));
#7759 = IFCPOLYLOOP((#7760, #7735, #7761));
#7760 = IFCCARTESIANPOINT((2.49118438720703E-1, 3.78568420410156E-2, 6.56134094238281E-1));
#7761 = IFCCARTESIANPOINT((2.56217559814453E-1, 1.39265155792236E-2, 6.54462097167969E-1));
#7762 = IFCFACEOUTERBOUND(#7759, .T.);
#7763 = IFCFACE((#7762));
#7764 = IFCPOLYLOOP((#7765, #7740, #7735));
#7765 = IFCCARTESIANPOINT((2.45427688598633E-1, 3.64225463867188E-2, 6.53383117675781E-1));
#7766 = IFCFACEOUTERBOUND(#7764, .T.);
#7767 = IFCFACE((#7766));
#7768 = IFCPOLYLOOP((#7769, #7744, #7740));
#7769 = IFCCARTESIANPOINT((2.42064331054688E-1, 3.47430725097656E-2, 6.50293701171875E-1));
#7770 = IFCFACEOUTERBOUND(#7768, .T.);
#7771 = IFCFACE((#7770));
#7772 = IFCPOLYLOOP((#7773, #7748, #7744));
#7773 = IFCCARTESIANPOINT((2.38909103393555E-1, 3.28313293457031E-2, 6.46767578125E-1));
#7774 = IFCFACEOUTERBOUND(#7772, .T.);
#7775 = IFCFACE((#7774));
#7776 = IFCPOLYLOOP((#7777, #7752, #7748));
#7777 = IFCCARTESIANPOINT((2.35848007202148E-1, 3.07160663604736E-2, 6.42710510253906E-1));
#7778 = IFCFACEOUTERBOUND(#7776, .T.);
#7779 = IFCFACE((#7778));
#7780 = IFCPOLYLOOP((#7781, #7756, #7752));
#7781 = IFCCARTESIANPOINT((2.32872711181641E-1, 2.85025043487549E-2, 6.38096740722656E-1));
#7782 = IFCFACEOUTERBOUND(#7780, .T.);
#7783 = IFCFACE((#7782));
#7784 = IFCPOLYLOOP((#7785, #7760, #7786));
#7785 = IFCCARTESIANPOINT((2.44047164916992E-1, 6.18997192382813E-2, 6.60581604003906E-1));
#7786 = IFCCARTESIANPOINT((2.53210891723633E-1, 3.91372680664063E-2, 6.58619506835938E-1));
#7787 = IFCFACEOUTERBOUND(#7784, .T.);
#7788 = IFCFACE((#7787));
#7789 = IFCPOLYLOOP((#7790, #7765, #7760));
#7790 = IFCCARTESIANPOINT((2.40418228149414E-1, 5.9962158203125E-2, 6.57078369140625E-1));
#7791 = IFCFACEOUTERBOUND(#7789, .T.);
#7792 = IFCFACE((#7791));
#7793 = IFCPOLYLOOP((#7794, #7769, #7765));
#7794 = IFCCARTESIANPOINT((2.37152587890625E-1, 5.77680053710938E-2, 6.5323779296875E-1));
#7795 = IFCFACEOUTERBOUND(#7793, .T.);
#7796 = IFCFACE((#7795));
#7797 = IFCPOLYLOOP((#7798, #7773, #7769));
#7798 = IFCCARTESIANPOINT((2.3409294128418E-1, 5.53313598632813E-2, 6.489580078125E-1));
#7799 = IFCFACEOUTERBOUND(#7797, .T.);
#7800 = IFCFACE((#7799));
#7801 = IFCPOLYLOOP((#7802, #7777, #7773));
#7802 = IFCCARTESIANPOINT((2.3108740234375E-1, 5.2684326171875E-2, 6.44141174316406E-1));
#7803 = IFCFACEOUTERBOUND(#7801, .T.);
#7804 = IFCFACE((#7803));
#7805 = IFCPOLYLOOP((#7806, #7781, #7777));
#7806 = IFCCARTESIANPOINT((2.281044921875E-1, 4.99472045898438E-2, 6.38759399414063E-1));
#7807 = IFCFACEOUTERBOUND(#7805, .T.);
#7808 = IFCFACE((#7807));
#7809 = IFCPOLYLOOP((#7810, #7785, #7811));
#7810 = IFCCARTESIANPOINT((2.36463287353516E-1, 8.48744812011719E-2, 6.65966674804688E-1));
#7811 = IFCCARTESIANPOINT((2.48138046264648E-1, 6.36858825683594E-2, 6.63821899414063E-1));
#7812 = IFCFACEOUTERBOUND(#7809, .T.);
#7813 = IFCFACE((#7812));
#7814 = IFCPOLYLOOP((#7815, #7790, #7785));
#7815 = IFCCARTESIANPOINT((2.3287776184082E-1, 8.24081726074219E-2, 6.6153955078125E-1));
#7816 = IFCFACEOUTERBOUND(#7814, .T.);
#7817 = IFCFACE((#7816));
#7818 = IFCPOLYLOOP((#7819, #7794, #7790));
#7819 = IFCCARTESIANPOINT((2.29678237915039E-1, 7.970556640625E-2, 6.56777465820313E-1));
#7820 = IFCFACEOUTERBOUND(#7818, .T.);
#7821 = IFCFACE((#7820));
#7822 = IFCPOLYLOOP((#7823, #7798, #7794));
#7823 = IFCCARTESIANPOINT((2.26679763793945E-1, 7.67814025878906E-2, 6.51579772949219E-1));
#7824 = IFCFACEOUTERBOUND(#7822, .T.);
#7825 = IFCFACE((#7824));
#7826 = IFCPOLYLOOP((#7827, #7802, #7798));
#7827 = IFCCARTESIANPOINT((2.23702758789063E-1, 7.36695556640625E-2, 6.45849914550781E-1));
#7828 = IFCFACEOUTERBOUND(#7826, .T.);
#7829 = IFCFACE((#7828));
#7830 = IFCPOLYLOOP((#7831, #7806, #7802));
#7831 = IFCCARTESIANPOINT((2.20697891235352E-1, 7.0497802734375E-2, 6.39560424804688E-1));
#7832 = IFCFACEOUTERBOUND(#7830, .T.);
#7833 = IFCFACE((#7832));
#7834 = IFCPOLYLOOP((#7835, #7810, #7836));
#7835 = IFCCARTESIANPOINT((2.26184234619141E-1, 1.06297027587891E-1, 6.72209899902344E-1));
#7836 = IFCCARTESIANPOINT((2.40551254272461E-1, 8.72162475585938E-2, 6.70131225585938E-1));
#7837 = IFCFACEOUTERBOUND(#7834, .T.);
#7838 = IFCFACE((#7837));
#7839 = IFCPOLYLOOP((#7840, #7815, #7810));
#7840 = IFCCARTESIANPOINT((2.22629287719727E-1, 1.03281677246094E-1, 6.66703247070313E-1));
#7841 = IFCFACEOUTERBOUND(#7839, .T.);
#7842 = IFCFACE((#7841));
#7843 = IFCPOLYLOOP((#7844, #7819, #7815));
#7844 = IFCCARTESIANPOINT((2.19470901489258E-1, 1.00077056884766E-1, 6.60865051269531E-1));
#7845 = IFCFACEOUTERBOUND(#7843, .T.);
#7846 = IFCFACE((#7845));
#7847 = IFCPOLYLOOP((#7848, #7823, #7819));
#7848 = IFCCARTESIANPOINT((2.16505996704102E-1, 9.66982116699219E-2, 6.54600158691406E-1));
#7849 = IFCFACEOUTERBOUND(#7847, .T.);
#7850 = IFCFACE((#7849));
#7851 = IFCPOLYLOOP((#7852, #7853, #7827));
#7852 = IFCCARTESIANPOINT((2.13536773681641E-1, 9.31792907714844E-2, 6.478173828125E-1));
#7853 = IFCCARTESIANPOINT((2.10500869750977E-1, 8.96490783691406E-2, 6.40491455078125E-1));
#7854 = IFCFACEOUTERBOUND(#7851, .T.);
#7855 = IFCFACE((#7854));
#7856 = IFCPOLYLOOP((#7827, #7823, #7852));
#7857 = IFCFACEOUTERBOUND(#7856, .T.);
#7858 = IFCFACE((#7857));
#7859 = IFCPOLYLOOP((#7853, #7831, #7827));
#7860 = IFCFACEOUTERBOUND(#7859, .T.);
#7861 = IFCFACE((#7860));
#7862 = IFCPOLYLOOP((#7863, #7835, #7864));
#7863 = IFCCARTESIANPOINT((2.1312956237793E-1, 1.25698425292969E-1, 6.79201110839844E-1));
#7864 = IFCCARTESIANPOINT((2.30263854980469E-1, 1.09235076904297E-1, 6.77452331542969E-1));
#7865 = IFCFACEOUTERBOUND(#7862, .T.);
#7866 = IFCFACE((#7865));
#7867 = IFCPOLYLOOP((#7868, #7840, #7835));
#7868 = IFCCARTESIANPOINT((2.09620971679688E-1, 1.22135833740234E-1, 6.72479797363281E-1));
#7869 = IFCFACEOUTERBOUND(#7867, .T.);
#7870 = IFCFACE((#7869));
#7871 = IFCPOLYLOOP((#7872, #7844, #7840));
#7872 = IFCCARTESIANPOINT((2.06508361816406E-1, 1.18452911376953E-1, 6.65431091308594E-1));
#7873 = IFCFACEOUTERBOUND(#7871, .T.);
#7874 = IFCFACE((#7873));
#7875 = IFCPOLYLOOP((#7876, #7877, #7848));
#7876 = IFCCARTESIANPOINT((2.0357926940918E-1, 1.14664459228516E-1, 6.57968872070313E-1));
#7877 = IFCCARTESIANPOINT((2.00626327514648E-1, 1.10803802490234E-1, 6.50010864257813E-1));
#7878 = IFCFACEOUTERBOUND(#7875, .T.);
#7879 = IFCFACE((#7878));
#7880 = IFCPOLYLOOP((#7848, #7844, #7876));
#7881 = IFCFACEOUTERBOUND(#7880, .T.);
#7882 = IFCFACE((#7881));
#7883 = IFCPOLYLOOP((#7877, #7852, #7848));
#7884 = IFCFACEOUTERBOUND(#7883, .T.);
#7885 = IFCFACE((#7884));
#7886 = IFCPOLYLOOP((#7852, #7877, #7887));
#7887 = IFCCARTESIANPOINT((1.97578628540039E-1, 1.06995300292969E-1, 6.41535339355469E-1));
#7888 = IFCFACEOUTERBOUND(#7886, .T.);
#7889 = IFCFACE((#7888));
#7890 = IFCPOLYLOOP((#7887, #7853, #7852));
#7891 = IFCFACEOUTERBOUND(#7890, .T.);
#7892 = IFCFACE((#7891));
#7893 = IFCPOLYLOOP((#7894, #7863, #7895));
#7894 = IFCCARTESIANPOINT((1.9763525390625E-1, 1.42908172607422E-1, 6.86642761230469E-1));
#7895 = IFCCARTESIANPOINT((2.17168334960938E-1, 1.29247375488281E-1, 6.85654968261719E-1));
#7896 = IFCFACEOUTERBOUND(#7893, .T.);
#7897 = IFCFACE((#7896));
#7898 = IFCPOLYLOOP((#7899, #7900, #7868));
#7899 = IFCCARTESIANPOINT((1.94211547851563E-1, 1.3880908203125E-1, 6.78621948242188E-1));
#7900 = IFCCARTESIANPOINT((1.91173095703125E-1, 1.34675384521484E-1, 6.70278503417969E-1));
#7901 = IFCFACEOUTERBOUND(#7898, .T.);
#7902 = IFCFACE((#7901));
#7903 = IFCPOLYLOOP((#7868, #7863, #7899));
#7904 = IFCFACEOUTERBOUND(#7903, .T.);
#7905 = IFCFACE((#7904));
#7906 = IFCPOLYLOOP((#7900, #7907, #7872));
#7907 = IFCCARTESIANPOINT((1.88306015014648E-1, 1.30521514892578E-1, 6.61538146972656E-1));
#7908 = IFCFACEOUTERBOUND(#7906, .T.);
#7909 = IFCFACE((#7908));
#7910 = IFCPOLYLOOP((#7872, #7868, #7900));
#7911 = IFCFACEOUTERBOUND(#7910, .T.);
#7912 = IFCFACE((#7911));
#7913 = IFCPOLYLOOP((#7907, #7876, #7872));
#7914 = IFCFACEOUTERBOUND(#7913, .T.);
#7915 = IFCFACE((#7914));
#7916 = IFCPOLYLOOP((#7876, #7907, #7917));
#7917 = IFCCARTESIANPOINT((1.85401260375977E-1, 1.26378936767578E-1, 6.52329895019531E-1));
#7918 = IFCFACEOUTERBOUND(#7916, .T.);
#7919 = IFCFACE((#7918));
#7920 = IFCPOLYLOOP((#7917, #7877, #7876));
#7921 = IFCFACEOUTERBOUND(#7920, .T.);
#7922 = IFCFACE((#7921));
#7923 = IFCPOLYLOOP((#7877, #7917, #7924));
#7924 = IFCCARTESIANPOINT((1.82383407592773E-1, 1.22363037109375E-1, 6.42637084960938E-1));
#7925 = IFCFACEOUTERBOUND(#7923, .T.);
#7926 = IFCFACE((#7925));
#7927 = IFCPOLYLOOP((#7924, #7887, #7877));
#7928 = IFCFACEOUTERBOUND(#7927, .T.);
#7929 = IFCFACE((#7928));
#7930 = IFCPOLYLOOP((#7931, #7932, #7894));
#7931 = IFCCARTESIANPOINT((1.80166564941406E-1, 1.58059387207031E-1, 6.94169860839844E-1));
#7932 = IFCCARTESIANPOINT((1.76863555908203E-1, 1.53405395507813E-1, 6.84826171875E-1));
#7933 = IFCFACEOUTERBOUND(#7930, .T.);
#7934 = IFCFACE((#7933));
#7935 = IFCPOLYLOOP((#7894, #7936, #7931));
#7936 = IFCCARTESIANPOINT((2.01579437255859E-1, 1.47069946289063E-1, 6.94391479492188E-1));
#7937 = IFCFACEOUTERBOUND(#7935, .T.);
#7938 = IFCFACE((#7937));
#7939 = IFCPOLYLOOP((#7932, #7940, #7899));
#7940 = IFCCARTESIANPOINT((1.7392594909668E-1, 1.48814514160156E-1, 6.75165100097656E-1));
#7941 = IFCFACEOUTERBOUND(#7939, .T.);
#7942 = IFCFACE((#7941));
#7943 = IFCPOLYLOOP((#7899, #7894, #7932));
#7944 = IFCFACEOUTERBOUND(#7943, .T.);
#7945 = IFCFACE((#7944));
#7946 = IFCPOLYLOOP((#7940, #7900, #7899));
#7947 = IFCFACEOUTERBOUND(#7946, .T.);
#7948 = IFCFACE((#7947));
#7949 = IFCPOLYLOOP((#7950, #7907, #7900));
#7950 = IFCCARTESIANPOINT((1.71145614624023E-1, 1.44300506591797E-1, 6.65126037597656E-1));
#7951 = IFCFACEOUTERBOUND(#7949, .T.);
#7952 = IFCFACE((#7951));
#7953 = IFCPOLYLOOP((#7907, #7950, #7954));
#7954 = IFCCARTESIANPOINT((1.68318893432617E-1, 1.39892211914063E-1, 6.54651245117188E-1));
#7955 = IFCFACEOUTERBOUND(#7953, .T.);
#7956 = IFCFACE((#7955));
#7957 = IFCPOLYLOOP((#7954, #7917, #7907));
#7958 = IFCFACEOUTERBOUND(#7957, .T.);
#7959 = IFCFACE((#7958));
#7960 = IFCPOLYLOOP((#7917, #7954, #7961));
#7961 = IFCCARTESIANPOINT((1.65369522094727E-1, 1.35692718505859E-1, 6.43730102539063E-1));
#7962 = IFCFACEOUTERBOUND(#7960, .T.);
#7963 = IFCFACE((#7962));
#7964 = IFCPOLYLOOP((#7961, #7924, #7917));
#7965 = IFCFACEOUTERBOUND(#7964, .T.);
#7966 = IFCFACE((#7965));
#7967 = IFCPOLYLOOP((#7968, #7931, #7969));
#7968 = IFCCARTESIANPOINT((1.61139129638672E-1, 1.71305786132813E-1, 7.01461608886719E-1));
#7969 = IFCCARTESIANPOINT((1.83966690063477E-1, 1.62860900878906E-1, 7.0323583984375E-1));
#7970 = IFCFACEOUTERBOUND(#7967, .T.);
#7971 = IFCFACE((#7970));
#7972 = IFCPOLYLOOP((#7973, #7932, #7931));
#7973 = IFCCARTESIANPOINT((1.5799755859375E-1, 1.66076416015625E-1, 6.90827453613281E-1));
#7974 = IFCFACEOUTERBOUND(#7972, .T.);
#7975 = IFCFACE((#7974));
#7976 = IFCPOLYLOOP((#7977, #7940, #7932));
#7977 = IFCCARTESIANPOINT((1.55193450927734E-1, 1.61014862060547E-1, 6.79881286621094E-1));
#7978 = IFCFACEOUTERBOUND(#7976, .T.);
#7979 = IFCFACE((#7978));
#7980 = IFCPOLYLOOP((#7940, #7977, #7981));
#7981 = IFCCARTESIANPOINT((1.5253076171875E-1, 1.56134063720703E-1, 6.68577392578125E-1));
#7982 = IFCFACEOUTERBOUND(#7980, .T.);
#7983 = IFCFACE((#7982));
#7984 = IFCPOLYLOOP((#7981, #7950, #7940));
#7985 = IFCFACEOUTERBOUND(#7984, .T.);
#7986 = IFCFACE((#7985));
#7987 = IFCPOLYLOOP((#7950, #7981, #7988));
#7988 = IFCCARTESIANPOINT((1.49817535400391E-1, 1.51459716796875E-1, 6.56872619628906E-1));
#7989 = IFCFACEOUTERBOUND(#7987, .T.);
#7990 = IFCFACE((#7989));
#7991 = IFCPOLYLOOP((#7988, #7954, #7950));
#7992 = IFCFACEOUTERBOUND(#7991, .T.);
#7993 = IFCFACE((#7992));
#7994 = IFCPOLYLOOP((#7954, #7988, #7995));
#7995 = IFCCARTESIANPOINT((1.46979888916016E-1, 1.47080169677734E-1, 6.447626953125E-1));
#7996 = IFCFACEOUTERBOUND(#7994, .T.);
#7997 = IFCFACE((#7996));
#7998 = IFCPOLYLOOP((#7995, #7961, #7954));
#7999 = IFCFACEOUTERBOUND(#7998, .T.);
#8000 = IFCFACE((#7999));
#8001 = IFCPOLYLOOP((#8002, #7968, #8003));
#8002 = IFCCARTESIANPOINT((1.4079850769043E-1, 1.82772003173828E-1, 7.08364318847656E-1));
#8003 = IFCCARTESIANPOINT((1.64742263793945E-1, 1.76772308349609E-1, 7.11811889648438E-1));
#8004 = IFCFACEOUTERBOUND(#8001, .T.);
#8005 = IFCFACE((#8004));
#8006 = IFCPOLYLOOP((#7968, #8002, #8007));
#8007 = IFCCARTESIANPOINT((1.37882919311523E-1, 1.76993713378906E-1, 6.9650146484375E-1));
#8008 = IFCFACEOUTERBOUND(#8006, .T.);
#8009 = IFCFACE((#8008));
#8010 = IFCPOLYLOOP((#8007, #7973, #7968));
#8011 = IFCFACEOUTERBOUND(#8010, .T.);
#8012 = IFCFACE((#8011));
#8013 = IFCPOLYLOOP((#7973, #8007, #8014));
#8014 = IFCCARTESIANPOINT((1.35269744873047E-1, 1.71489929199219E-1, 6.84331909179688E-1));
#8015 = IFCFACEOUTERBOUND(#8013, .T.);
#8016 = IFCFACE((#8015));
#8017 = IFCPOLYLOOP((#8014, #7977, #7973));
#8018 = IFCFACEOUTERBOUND(#8017, .T.);
#8019 = IFCFACE((#8018));
#8020 = IFCPOLYLOOP((#7977, #8014, #8021));
#8021 = IFCCARTESIANPOINT((1.32780609130859E-1, 1.66272827148438E-1, 6.71825378417969E-1));
#8022 = IFCFACEOUTERBOUND(#8020, .T.);
#8023 = IFCFACE((#8022));
#8024 = IFCPOLYLOOP((#8021, #7981, #7977));
#8025 = IFCFACEOUTERBOUND(#8024, .T.);
#8026 = IFCFACE((#8025));
#8027 = IFCPOLYLOOP((#7981, #8021, #8028));
#8028 = IFCCARTESIANPOINT((1.30240768432617E-1, 1.61364562988281E-1, 6.5895361328125E-1));
#8029 = IFCFACEOUTERBOUND(#8027, .T.);
#8030 = IFCFACE((#8029));
#8031 = IFCPOLYLOOP((#8028, #7988, #7981));
#8032 = IFCFACEOUTERBOUND(#8031, .T.);
#8033 = IFCFACE((#8032));
#8034 = IFCPOLYLOOP((#7988, #8028, #8035));
#8035 = IFCCARTESIANPOINT((1.27581573486328E-1, 1.56837371826172E-1, 6.45719116210938E-1));
#8036 = IFCFACEOUTERBOUND(#8034, .T.);
#8037 = IFCFACE((#8036));
#8038 = IFCPOLYLOOP((#8035, #7995, #7988));
#8039 = IFCFACEOUTERBOUND(#8038, .T.);
#8040 = IFCFACE((#8039));
#8041 = IFCPOLYLOOP((#8042, #8043, #8044));
#8042 = IFCCARTESIANPOINT((1.44129501342773E-1, 1.88877868652344E-1, 7.19936828613281E-1));
#8043 = IFCCARTESIANPOINT((1.22303718566895E-1, 1.99228149414063E-1, 7.2747802734375E-1));
#8044 = IFCCARTESIANPOINT((1.19342758178711E-1, 1.92562805175781E-1, 7.14767211914063E-1));
#8045 = IFCFACEOUTERBOUND(#8041, .T.);
#8046 = IFCFACE((#8045));
#8047 = IFCPOLYLOOP((#8044, #8002, #8042));
#8048 = IFCFACEOUTERBOUND(#8047, .T.);
#8049 = IFCFACE((#8048));
#8050 = IFCPOLYLOOP((#8002, #8044, #8051));
#8051 = IFCCARTESIANPOINT((1.16741912841797E-1, 1.86312255859375E-1, 7.01759643554688E-1));
#8052 = IFCFACEOUTERBOUND(#8050, .T.);
#8053 = IFCFACE((#8052));
#8054 = IFCPOLYLOOP((#8051, #8007, #8002));
#8055 = IFCFACEOUTERBOUND(#8054, .T.);
#8056 = IFCFACE((#8055));
#8057 = IFCPOLYLOOP((#8007, #8051, #8058));
#8058 = IFCCARTESIANPOINT((1.14402359008789E-1, 1.80440155029297E-1, 6.88450500488281E-1));
#8059 = IFCFACEOUTERBOUND(#8057, .T.);
#8060 = IFCFACE((#8059));
#8061 = IFCPOLYLOOP((#8058, #8014, #8007));
#8062 = IFCFACEOUTERBOUND(#8061, .T.);
#8063 = IFCFACE((#8062));
#8064 = IFCPOLYLOOP((#8014, #8058, #8065));
#8065 = IFCCARTESIANPOINT((1.12168167114258E-1, 1.74957672119141E-1, 6.74824523925781E-1));
#8066 = IFCFACEOUTERBOUND(#8064, .T.);
#8067 = IFCFACE((#8066));
#8068 = IFCPOLYLOOP((#8065, #8021, #8014));
#8069 = IFCFACEOUTERBOUND(#8068, .T.);
#8070 = IFCFACE((#8069));
#8071 = IFCPOLYLOOP((#8021, #8065, #8072));
#8072 = IFCCARTESIANPOINT((1.09886512756348E-1, 1.69883392333984E-1, 6.60868225097656E-1));
#8073 = IFCFACEOUTERBOUND(#8071, .T.);
#8074 = IFCFACE((#8073));
#8075 = IFCPOLYLOOP((#8072, #8028, #8021));
#8076 = IFCFACEOUTERBOUND(#8075, .T.);
#8077 = IFCFACE((#8076));
#8078 = IFCPOLYLOOP((#8028, #8072, #8079));
#8079 = IFCCARTESIANPOINT((1.07496437072754E-1, 1.65273162841797E-1, 6.46590576171875E-1));
#8080 = IFCFACEOUTERBOUND(#8078, .T.);
#8081 = IFCFACE((#8080));
#8082 = IFCPOLYLOOP((#8079, #8035, #8028));
#8083 = IFCFACEOUTERBOUND(#8082, .T.);
#8084 = IFCFACE((#8083));
#8085 = IFCPOLYLOOP((#8043, #8086, #8087));
#8086 = IFCCARTESIANPOINT((9.93923034667969E-2, 2.07770599365234E-1, 7.34209777832031E-1));
#8087 = IFCCARTESIANPOINT((9.68950805664063E-2, 2.00648895263672E-1, 7.20479187011719E-1));
#8088 = IFCFACEOUTERBOUND(#8085, .T.);
#8089 = IFCFACE((#8088));
#8090 = IFCPOLYLOOP((#8087, #8044, #8043));
#8091 = IFCFACEOUTERBOUND(#8090, .T.);
#8092 = IFCFACE((#8091));
#8093 = IFCPOLYLOOP((#8044, #8087, #8094));
#8094 = IFCCARTESIANPOINT((9.46950607299805E-2, 1.94022216796875E-1, 7.0644580078125E-1));
#8095 = IFCFACEOUTERBOUND(#8093, .T.);
#8096 = IFCFACE((#8095));
#8097 = IFCPOLYLOOP((#8094, #8051, #8044));
#8098 = IFCFACEOUTERBOUND(#8097, .T.);
#8099 = IFCFACE((#8098));
#8100 = IFCPOLYLOOP((#8051, #8094, #8101));
#8101 = IFCCARTESIANPOINT((9.27101593017578E-2, 1.87870056152344E-1, 6.92115539550781E-1));
#8102 = IFCFACEOUTERBOUND(#8100, .T.);
#8103 = IFCFACE((#8102));
#8104 = IFCPOLYLOOP((#8101, #8058, #8051));
#8105 = IFCFACEOUTERBOUND(#8104, .T.);
#8106 = IFCFACE((#8105));
#8107 = IFCPOLYLOOP((#8058, #8101, #8108));
#8108 = IFCCARTESIANPOINT((9.08108596801758E-2, 1.8220263671875E-1, 6.77487121582031E-1));
#8109 = IFCFACEOUTERBOUND(#8107, .T.);
#8110 = IFCFACE((#8109));
#8111 = IFCPOLYLOOP((#8108, #8065, #8058));
#8112 = IFCFACEOUTERBOUND(#8111, .T.);
#8113 = IFCFACE((#8112));
#8114 = IFCPOLYLOOP((#8065, #8108, #8115));
#8115 = IFCCARTESIANPOINT((8.88701705932617E-2, 1.77035186767578E-1, 6.62560729980469E-1));
#8116 = IFCFACEOUTERBOUND(#8114, .T.);
#8117 = IFCFACE((#8116));
#8118 = IFCPOLYLOOP((#8115, #8072, #8065));
#8119 = IFCFACEOUTERBOUND(#8118, .T.);
#8120 = IFCFACE((#8119));
#8121 = IFCPOLYLOOP((#8072, #8115, #8122));
#8122 = IFCCARTESIANPOINT((8.68368835449219E-2, 1.72407775878906E-1, 6.47351440429688E-1));
#8123 = IFCFACEOUTERBOUND(#8121, .T.);
#8124 = IFCFACE((#8123));
#8125 = IFCPOLYLOOP((#8122, #8079, #8072));
#8126 = IFCFACEOUTERBOUND(#8125, .T.);
#8127 = IFCFACE((#8126));
#8128 = IFCPOLYLOOP((#8086, #8129, #8130));
#8129 = IFCCARTESIANPOINT((7.5500617980957E-2, 2.14296020507813E-1, 7.39743041992188E-1));
#8130 = IFCCARTESIANPOINT((7.35508499145508E-2, 2.06830627441406E-1, 7.25168762207031E-1));
#8131 = IFCFACEOUTERBOUND(#8128, .T.);
#8132 = IFCFACE((#8131));
#8133 = IFCPOLYLOOP((#8130, #8087, #8086));
#8134 = IFCFACEOUTERBOUND(#8133, .T.);
#8135 = IFCFACE((#8134));
#8136 = IFCPOLYLOOP((#8087, #8130, #8137));
#8137 = IFCCARTESIANPOINT((7.18292999267578E-2, 1.99929443359375E-1, 7.10286437988281E-1));
#8138 = IFCFACEOUTERBOUND(#8136, .T.);
#8139 = IFCFACE((#8138));
#8140 = IFCPOLYLOOP((#8137, #8094, #8087));
#8141 = IFCFACEOUTERBOUND(#8140, .T.);
#8142 = IFCFACE((#8141));
#8143 = IFCPOLYLOOP((#8094, #8137, #8144));
#8144 = IFCCARTESIANPOINT((7.02726364135742E-2, 1.93586090087891E-1, 6.95111267089844E-1));
#8145 = IFCFACEOUTERBOUND(#8143, .T.);
#8146 = IFCFACE((#8145));
#8147 = IFCPOLYLOOP((#8144, #8101, #8094));
#8148 = IFCFACEOUTERBOUND(#8147, .T.);
#8149 = IFCFACE((#8148));
#8150 = IFCPOLYLOOP((#8101, #8144, #8151));
#8151 = IFCCARTESIANPOINT((6.87809371948242E-2, 1.87809997558594E-1, 6.79654113769531E-1));
#8152 = IFCFACEOUTERBOUND(#8150, .T.);
#8153 = IFCFACE((#8152));
#8154 = IFCPOLYLOOP((#8151, #8108, #8101));
#8155 = IFCFACEOUTERBOUND(#8154, .T.);
#8156 = IFCFACE((#8155));
#8157 = IFCPOLYLOOP((#8108, #8151, #8158));
#8158 = IFCCARTESIANPOINT((6.72562026977539E-2, 1.82613311767578E-1, 6.63927062988281E-1));
#8159 = IFCFACEOUTERBOUND(#8157, .T.);
#8160 = IFCFACE((#8159));
#8161 = IFCPOLYLOOP((#8158, #8115, #8108));
#8162 = IFCFACEOUTERBOUND(#8161, .T.);
#8163 = IFCFACE((#8162));
#8164 = IFCPOLYLOOP((#8115, #8158, #8165));
#8165 = IFCCARTESIANPOINT((6.56585998535156E-2, 1.78022125244141E-1, 6.47950561523438E-1));
#8166 = IFCFACEOUTERBOUND(#8164, .T.);
#8167 = IFCFACE((#8166));
#8168 = IFCPOLYLOOP((#8165, #8122, #8115));
#8169 = IFCFACEOUTERBOUND(#8168, .T.);
#8170 = IFCFACE((#8169));
#8171 = IFCPOLYLOOP((#8129, #8172, #8173));
#8172 = IFCCARTESIANPOINT((5.07647285461426E-2, 2.18600280761719E-1, 7.43685119628906E-1));
#8173 = IFCCARTESIANPOINT((4.94307174682617E-2, 2.10917541503906E-1, 7.28501831054688E-1));
#8174 = IFCFACEOUTERBOUND(#8171, .T.);
#8175 = IFCFACE((#8174));
#8176 = IFCPOLYLOOP((#8173, #8130, #8129));
#8177 = IFCFACEOUTERBOUND(#8176, .T.);
#8178 = IFCFACE((#8177));
#8179 = IFCPOLYLOOP((#8130, #8173, #8180));
#8180 = IFCCARTESIANPOINT((4.82513961791992E-2, 2.03853271484375E-1, 7.13006286621094E-1));
#8181 = IFCFACEOUTERBOUND(#8179, .T.);
#8182 = IFCFACE((#8181));
#8183 = IFCPOLYLOOP((#8180, #8137, #8130));
#8184 = IFCFACEOUTERBOUND(#8183, .T.);
#8185 = IFCFACE((#8184));
#8186 = IFCPOLYLOOP((#8137, #8180, #8187));
#8187 = IFCCARTESIANPOINT((4.71836814880371E-2, 1.97412445068359E-1, 6.97221069335938E-1));
#8188 = IFCFACEOUTERBOUND(#8186, .T.);
#8189 = IFCFACE((#8188));
#8190 = IFCPOLYLOOP((#8187, #8144, #8137));
#8191 = IFCFACEOUTERBOUND(#8190, .T.);
#8192 = IFCFACE((#8191));
#8193 = IFCPOLYLOOP((#8144, #8187, #8194));
#8194 = IFCCARTESIANPOINT((4.61596450805664E-2, 1.91603851318359E-1, 6.81166625976563E-1));
#8195 = IFCFACEOUTERBOUND(#8193, .T.);
#8196 = IFCFACE((#8195));
#8197 = IFCPOLYLOOP((#8194, #8151, #8144));
#8198 = IFCFACEOUTERBOUND(#8197, .T.);
#8199 = IFCFACE((#8198));
#8200 = IFCPOLYLOOP((#8151, #8194, #8201));
#8201 = IFCCARTESIANPOINT((4.51126365661621E-2, 1.86437225341797E-1, 6.64864440917969E-1));
#8202 = IFCFACEOUTERBOUND(#8200, .T.);
#8203 = IFCFACE((#8202));
#8204 = IFCPOLYLOOP((#8201, #8158, #8151));
#8205 = IFCFACEOUTERBOUND(#8204, .T.);
#8206 = IFCFACE((#8205));
#8207 = IFCPOLYLOOP((#8165, #8158, #8201));
#8208 = IFCFACEOUTERBOUND(#8207, .T.);
#8209 = IFCFACE((#8208));
#8210 = IFCPOLYLOOP((#8201, #8211, #8165));
#8211 = IFCCARTESIANPOINT((4.40154190063477E-2, 1.81927276611328E-1, 6.48339294433594E-1));
#8212 = IFCFACEOUTERBOUND(#8210, .T.);
#8213 = IFCFACE((#8212));
#8214 = IFCPOLYLOOP((#8172, #8215, #8216));
#8215 = IFCCARTESIANPOINT((2.55171718597412E-2, 2.20856109619141E-1, 7.45946472167969E-1));
#8216 = IFCCARTESIANPOINT((2.48401508331299E-2, 2.13070404052734E-1, 7.30407409667969E-1));
#8217 = IFCFACEOUTERBOUND(#8214, .T.);
#8218 = IFCFACE((#8217));
#8219 = IFCPOLYLOOP((#8216, #8173, #8172));
#8220 = IFCFACEOUTERBOUND(#8219, .T.);
#8221 = IFCFACE((#8220));
#8222 = IFCPOLYLOOP((#8173, #8216, #8223));
#8223 = IFCCARTESIANPOINT((2.42412414550781E-2, 2.05938659667969E-1, 7.14553405761719E-1));
#8224 = IFCFACEOUTERBOUND(#8222, .T.);
#8225 = IFCFACE((#8224));
#8226 = IFCPOLYLOOP((#8223, #8180, #8173));
#8227 = IFCFACEOUTERBOUND(#8226, .T.);
#8228 = IFCFACE((#8227));
#8229 = IFCPOLYLOOP((#8180, #8223, #8230));
#8230 = IFCCARTESIANPOINT((2.36986446380615E-2, 1.99473358154297E-1, 6.98411682128906E-1));
#8231 = IFCFACEOUTERBOUND(#8229, .T.);
#8232 = IFCFACE((#8231));
#8233 = IFCPOLYLOOP((#8230, #8187, #8180));
#8234 = IFCFACEOUTERBOUND(#8233, .T.);
#8235 = IFCFACE((#8234));
#8236 = IFCPOLYLOOP((#8187, #8230, #8237));
#8237 = IFCCARTESIANPOINT((2.31779956817627E-2, 1.93682861328125E-1, 6.82009094238281E-1));
#8238 = IFCFACEOUTERBOUND(#8236, .T.);
#8239 = IFCFACE((#8238));
#8240 = IFCPOLYLOOP((#8237, #8194, #8187));
#8241 = IFCFACEOUTERBOUND(#8240, .T.);
#8242 = IFCFACE((#8241));
#8243 = IFCPOLYLOOP((#8194, #8237, #8244));
#8244 = IFCCARTESIANPOINT((2.26455783843994E-2, 1.88575225830078E-1, 6.65373352050781E-1));
#8245 = IFCFACEOUTERBOUND(#8243, .T.);
#8246 = IFCFACE((#8245));
#8247 = IFCPOLYLOOP((#8244, #8201, #8194));
#8248 = IFCFACEOUTERBOUND(#8247, .T.);
#8249 = IFCFACE((#8248));
#8250 = IFCPOLYLOOP((#8211, #8201, #8244));
#8251 = IFCFACEOUTERBOUND(#8250, .T.);
#8252 = IFCFACE((#8251));
#8253 = IFCPOLYLOOP((#8244, #8254, #8211));
#8254 = IFCCARTESIANPOINT((2.20875644683838E-2, 1.84157653808594E-1, 6.48531982421875E-1));
#8255 = IFCFACEOUTERBOUND(#8253, .T.);
#8256 = IFCFACE((#8255));
#8257 = IFCPOLYLOOP((#8215, #8258, #8259));
#8258 = IFCCARTESIANPOINT((7.92464447840757E-10, 2.21510284423828E-1, 7.46669738769531E-1));
#8259 = IFCCARTESIANPOINT((-1.05819717646227E-8, 2.13698638916016E-1, 7.31014892578125E-1));
#8260 = IFCFACEOUTERBOUND(#8257, .T.);
#8261 = IFCFACE((#8260));
#8262 = IFCPOLYLOOP((#8259, #8216, #8215));
#8263 = IFCFACEOUTERBOUND(#8262, .T.);
#8264 = IFCFACE((#8263));
#8265 = IFCPOLYLOOP((#8216, #8259, #8266));
#8266 = IFCCARTESIANPOINT((-1.30968546727672E-8, 2.06553680419922E-1, 7.15044006347656E-1));
#8267 = IFCFACEOUTERBOUND(#8265, .T.);
#8268 = IFCFACE((#8267));
#8269 = IFCPOLYLOOP((#8266, #8223, #8216));
#8270 = IFCFACEOUTERBOUND(#8269, .T.);
#8271 = IFCFACE((#8270));
#8272 = IFCPOLYLOOP((#8223, #8266, #8273));
#8273 = IFCCARTESIANPOINT((-9.47229182202136E-9, 2.00090545654297E-1, 6.98786254882813E-1));
#8274 = IFCFACEOUTERBOUND(#8272, .T.);
#8275 = IFCFACE((#8274));
#8276 = IFCPOLYLOOP((#8273, #8230, #8223));
#8277 = IFCFACEOUTERBOUND(#8276, .T.);
#8278 = IFCFACE((#8277));
#8279 = IFCPOLYLOOP((#8230, #8273, #8280));
#8280 = IFCCARTESIANPOINT((-3.5832122193824E-9, 1.94317504882813E-1, 6.82270629882813E-1));
#8281 = IFCFACEOUTERBOUND(#8279, .T.);
#8282 = IFCFACE((#8281));
#8283 = IFCPOLYLOOP((#8280, #8237, #8230));
#8284 = IFCFACEOUTERBOUND(#8283, .T.);
#8285 = IFCFACE((#8284));
#8286 = IFCPOLYLOOP((#8237, #8280, #8287));
#8287 = IFCCARTESIANPOINT((9.05369461179362E-10, 1.89241973876953E-1, 6.65527038574219E-1));
#8288 = IFCFACEOUTERBOUND(#8286, .T.);
#8289 = IFCFACE((#8288));
#8290 = IFCPOLYLOOP((#8287, #8244, #8237));
#8291 = IFCFACEOUTERBOUND(#8290, .T.);
#8292 = IFCFACE((#8291));
#8293 = IFCPOLYLOOP((#8254, #8244, #8287));
#8294 = IFCFACEOUTERBOUND(#8293, .T.);
#8295 = IFCFACE((#8294));
#8296 = IFCPOLYLOOP((#8287, #8297, #8254));
#8297 = IFCCARTESIANPOINT((3.93344362237258E-9, 1.84868499755859E-1, 6.48584045410156E-1));
#8298 = IFCFACEOUTERBOUND(#8296, .T.);
#8299 = IFCFACE((#8298));
#8300 = IFCPOLYLOOP((#8259, #8258, #8301));
#8301 = IFCCARTESIANPOINT((-2.54953002929688E-2, 2.20857330322266E-1, 7.45947814941406E-1));
#8302 = IFCFACEOUTERBOUND(#8300, .T.);
#8303 = IFCFACE((#8302));
#8304 = IFCPOLYLOOP((#8301, #8305, #8259));
#8305 = IFCCARTESIANPOINT((-2.48201847076416E-2, 2.13071563720703E-1, 7.30408569335938E-1));
#8306 = IFCFACEOUTERBOUND(#8304, .T.);
#8307 = IFCFACE((#8306));
#8308 = IFCPOLYLOOP((#8266, #8259, #8305));
#8309 = IFCFACEOUTERBOUND(#8308, .T.);
#8310 = IFCFACE((#8309));
#8311 = IFCPOLYLOOP((#8305, #8312, #8266));
#8312 = IFCCARTESIANPOINT((-2.42231616973877E-2, 2.05939727783203E-1, 7.14554321289063E-1));
#8313 = IFCFACEOUTERBOUND(#8311, .T.);
#8314 = IFCFACE((#8313));
#8315 = IFCPOLYLOOP((#8273, #8266, #8312));
#8316 = IFCFACEOUTERBOUND(#8315, .T.);
#8317 = IFCFACE((#8316));
#8318 = IFCPOLYLOOP((#8312, #8319, #8273));
#8319 = IFCCARTESIANPOINT((-2.36824417114258E-2, 1.99474334716797E-1, 6.98412414550781E-1));
#8320 = IFCFACEOUTERBOUND(#8318, .T.);
#8321 = IFCFACE((#8320));
#8322 = IFCPOLYLOOP((#8280, #8273, #8319));
#8323 = IFCFACEOUTERBOUND(#8322, .T.);
#8324 = IFCFACE((#8323));
#8325 = IFCPOLYLOOP((#8319, #8326, #8280));
#8326 = IFCCARTESIANPOINT((-2.31636638641357E-2, 1.93683746337891E-1, 6.82009643554688E-1));
#8327 = IFCFACEOUTERBOUND(#8325, .T.);
#8328 = IFCFACE((#8327));
#8329 = IFCPOLYLOOP((#8287, #8280, #8326));
#8330 = IFCFACEOUTERBOUND(#8329, .T.);
#8331 = IFCFACE((#8330));
#8332 = IFCPOLYLOOP((#8326, #8333, #8287));
#8333 = IFCCARTESIANPOINT((-2.26331176757813E-2, 1.88576019287109E-1, 6.65373718261719E-1));
#8334 = IFCFACEOUTERBOUND(#8332, .T.);
#8335 = IFCFACE((#8334));
#8336 = IFCPOLYLOOP((#8287, #8333, #8337));
#8337 = IFCCARTESIANPOINT((-2.20769805908203E-2, 1.84158386230469E-1, 6.48532165527344E-1));
#8338 = IFCFACEOUTERBOUND(#8336, .T.);
#8339 = IFCFACE((#8338));
#8340 = IFCPOLYLOOP((#8337, #8297, #8287));
#8341 = IFCFACEOUTERBOUND(#8340, .T.);
#8342 = IFCFACE((#8341));
#8343 = IFCPOLYLOOP((#8305, #8301, #8344));
#8344 = IFCCARTESIANPOINT((-5.07883644104004E-2, 2.18597137451172E-1, 7.4368212890625E-1));
#8345 = IFCFACEOUTERBOUND(#8343, .T.);
#8346 = IFCFACE((#8345));
#8347 = IFCPOLYLOOP((#8344, #8348, #8305));
#8348 = IFCCARTESIANPOINT((-4.94531021118164E-2, 2.10914520263672E-1, 7.28499267578125E-1));
#8349 = IFCFACEOUTERBOUND(#8347, .T.);
#8350 = IFCFACE((#8349));
#8351 = IFCPOLYLOOP((#8312, #8305, #8348));
#8352 = IFCFACEOUTERBOUND(#8351, .T.);
#8353 = IFCFACE((#8352));
#8354 = IFCPOLYLOOP((#8348, #8355, #8312));
#8355 = IFCCARTESIANPOINT((-4.82725143432617E-2, 2.03850402832031E-1, 7.13004211425781E-1));
#8356 = IFCFACEOUTERBOUND(#8354, .T.);
#8357 = IFCFACE((#8356));
#8358 = IFCPOLYLOOP((#8319, #8312, #8355));
#8359 = IFCFACEOUTERBOUND(#8358, .T.);
#8360 = IFCFACE((#8359));
#8361 = IFCPOLYLOOP((#8355, #8362, #8319));
#8362 = IFCCARTESIANPOINT((-4.72035217285156E-2, 1.97409698486328E-1, 6.97219421386719E-1));
#8363 = IFCFACEOUTERBOUND(#8361, .T.);
#8364 = IFCFACE((#8363));
#8365 = IFCPOLYLOOP((#8326, #8319, #8362));
#8366 = IFCFACEOUTERBOUND(#8365, .T.);
#8367 = IFCFACE((#8366));
#8368 = IFCPOLYLOOP((#8362, #8369, #8326));
#8369 = IFCCARTESIANPOINT((-4.61781997680664E-2, 1.91601257324219E-1, 6.81165405273438E-1));
#8370 = IFCFACEOUTERBOUND(#8368, .T.);
#8371 = IFCFACE((#8370));
#8372 = IFCPOLYLOOP((#8333, #8326, #8369));
#8373 = IFCFACEOUTERBOUND(#8372, .T.);
#8374 = IFCFACE((#8373));
#8375 = IFCPOLYLOOP((#8369, #8376, #8333));
#8376 = IFCCARTESIANPOINT((-4.51299133300781E-2, 1.86434753417969E-1, 6.64863647460938E-1));
#8377 = IFCFACEOUTERBOUND(#8375, .T.);
#8378 = IFCFACE((#8377));
#8379 = IFCPOLYLOOP((#8333, #8376, #8380));
#8380 = IFCCARTESIANPOINT((-4.40314178466797E-2, 1.81924957275391E-1, 6.48338928222656E-1));
#8381 = IFCFACEOUTERBOUND(#8379, .T.);
#8382 = IFCFACE((#8381));
#8383 = IFCPOLYLOOP((#8380, #8337, #8333));
#8384 = IFCFACEOUTERBOUND(#8383, .T.);
#8385 = IFCFACE((#8384));
#8386 = IFCPOLYLOOP((#8348, #8344, #8387));
#8387 = IFCCARTESIANPOINT((-7.55166244506836E-2, 2.14292327880859E-1, 7.39739624023438E-1));
#8388 = IFCFACEOUTERBOUND(#8386, .T.);
#8389 = IFCFACE((#8388));
#8390 = IFCPOLYLOOP((#8387, #8391, #8348));
#8391 = IFCCARTESIANPOINT((-7.35649948120117E-2, 2.06827362060547E-1, 7.25165832519531E-1));
#8392 = IFCFACEOUTERBOUND(#8390, .T.);
#8393 = IFCFACE((#8392));
#8394 = IFCPOLYLOOP((#8355, #8348, #8391));
#8395 = IFCFACEOUTERBOUND(#8394, .T.);
#8396 = IFCFACE((#8395));
#8397 = IFCPOLYLOOP((#8391, #8398, #8355));
#8398 = IFCCARTESIANPOINT((-7.18415832519531E-2, 1.99926605224609E-1, 7.10283996582031E-1));
#8399 = IFCFACEOUTERBOUND(#8397, .T.);
#8400 = IFCFACE((#8399));
#8401 = IFCPOLYLOOP((#8362, #8355, #8398));
#8402 = IFCFACEOUTERBOUND(#8401, .T.);
#8403 = IFCFACE((#8402));
#8404 = IFCPOLYLOOP((#8398, #8405, #8362));
#8405 = IFCCARTESIANPOINT((-7.02830429077148E-2, 1.93583679199219E-1, 6.95109313964844E-1));
#8406 = IFCFACEOUTERBOUND(#8404, .T.);
#8407 = IFCFACE((#8406));
#8408 = IFCPOLYLOOP((#8369, #8362, #8405));
#8409 = IFCFACEOUTERBOUND(#8408, .T.);
#8410 = IFCFACE((#8409));
#8411 = IFCPOLYLOOP((#8405, #8412, #8369));
#8412 = IFCCARTESIANPOINT((-6.87894592285156E-2, 1.87808013916016E-1, 6.79652648925781E-1));
#8413 = IFCFACEOUTERBOUND(#8411, .T.);
#8414 = IFCFACE((#8413));
#8415 = IFCPOLYLOOP((#8376, #8369, #8412));
#8416 = IFCFACEOUTERBOUND(#8415, .T.);
#8417 = IFCFACE((#8416));
#8418 = IFCPOLYLOOP((#8412, #8419, #8376));
#8419 = IFCCARTESIANPOINT((-6.72628479003906E-2, 1.82611785888672E-1, 6.63926086425781E-1));
#8420 = IFCFACEOUTERBOUND(#8418, .T.);
#8421 = IFCFACE((#8420));
#8422 = IFCPOLYLOOP((#8376, #8419, #8423));
#8423 = IFCCARTESIANPOINT((-6.56633605957031E-2, 1.78021026611328E-1, 6.47950134277344E-1));
#8424 = IFCFACEOUTERBOUND(#8422, .T.);
#8425 = IFCFACE((#8424));
#8426 = IFCPOLYLOOP((#8423, #8380, #8376));
#8427 = IFCFACEOUTERBOUND(#8426, .T.);
#8428 = IFCFACE((#8427));
#8429 = IFCPOLYLOOP((#8391, #8387, #8430));
#8430 = IFCCARTESIANPOINT((-9.94007415771484E-2, 2.07767791748047E-1, 7.34207397460938E-1));
#8431 = IFCFACEOUTERBOUND(#8429, .T.);
#8432 = IFCFACE((#8431));
#8433 = IFCPOLYLOOP((#8430, #8434, #8391));
#8434 = IFCCARTESIANPOINT((-9.69029159545898E-2, 2.00646301269531E-1, 7.20477172851563E-1));
#8435 = IFCFACEOUTERBOUND(#8433, .T.);
#8436 = IFCFACE((#8435));
#8437 = IFCPOLYLOOP((#8398, #8391, #8434));
#8438 = IFCFACEOUTERBOUND(#8437, .T.);
#8439 = IFCFACE((#8438));
#8440 = IFCPOLYLOOP((#8434, #8441, #8398));
#8441 = IFCCARTESIANPOINT((-9.47022857666016E-2, 1.94019866943359E-1, 7.06444091796875E-1));
#8442 = IFCFACEOUTERBOUND(#8440, .T.);
#8443 = IFCFACE((#8442));
#8444 = IFCPOLYLOOP((#8405, #8398, #8441));
#8445 = IFCFACEOUTERBOUND(#8444, .T.);
#8446 = IFCFACE((#8445));
#8447 = IFCPOLYLOOP((#8441, #8448, #8405));
#8448 = IFCCARTESIANPOINT((-9.27167510986328E-2, 1.87867889404297E-1, 6.92114196777344E-1));
#8449 = IFCFACEOUTERBOUND(#8447, .T.);
#8450 = IFCFACE((#8449));
#8451 = IFCPOLYLOOP((#8412, #8405, #8448));
#8452 = IFCFACEOUTERBOUND(#8451, .T.);
#8453 = IFCFACE((#8452));
#8454 = IFCPOLYLOOP((#8448, #8455, #8412));
#8455 = IFCCARTESIANPOINT((-9.08168258666992E-2, 1.8220068359375E-1, 6.77486145019531E-1));
#8456 = IFCFACEOUTERBOUND(#8454, .T.);
#8457 = IFCFACE((#8456));
#8458 = IFCPOLYLOOP((#8419, #8412, #8455));
#8459 = IFCFACEOUTERBOUND(#8458, .T.);
#8460 = IFCFACE((#8459));
#8461 = IFCPOLYLOOP((#8455, #8462, #8419));
#8462 = IFCCARTESIANPOINT((-8.88755035400391E-2, 1.77033447265625E-1, 6.6256005859375E-1));
#8463 = IFCFACEOUTERBOUND(#8461, .T.);
#8464 = IFCFACE((#8463));
#8465 = IFCPOLYLOOP((#8423, #8419, #8462));
#8466 = IFCFACEOUTERBOUND(#8465, .T.);
#8467 = IFCFACE((#8466));
#8468 = IFCPOLYLOOP((#8462, #8469, #8423));
#8469 = IFCCARTESIANPOINT((-8.68415908813477E-2, 1.72406280517578E-1, 6.4735107421875E-1));
#8470 = IFCFACEOUTERBOUND(#8468, .T.);
#8471 = IFCFACE((#8470));
#8472 = IFCPOLYLOOP((#8434, #8430, #8473));
#8473 = IFCCARTESIANPOINT((-1.22297546386719E-1, 1.99230743408203E-1, 7.27479614257813E-1));
#8474 = IFCFACEOUTERBOUND(#8472, .T.);
#8475 = IFCFACE((#8474));
#8476 = IFCPOLYLOOP((#8473, #8477, #8434));
#8477 = IFCCARTESIANPOINT((-1.19335357666016E-1, 1.92565856933594E-1, 7.14768493652344E-1));
#8478 = IFCFACEOUTERBOUND(#8476, .T.);
#8479 = IFCFACE((#8478));
#8480 = IFCPOLYLOOP((#8441, #8434, #8477));
#8481 = IFCFACEOUTERBOUND(#8480, .T.);
#8482 = IFCFACE((#8481));
#8483 = IFCPOLYLOOP((#8477, #8484, #8441));
#8484 = IFCCARTESIANPOINT((-1.16733261108398E-1, 1.86315795898438E-1, 7.01760681152344E-1));
#8485 = IFCFACEOUTERBOUND(#8483, .T.);
#8486 = IFCFACE((#8485));
#8487 = IFCPOLYLOOP((#8448, #8441, #8484));
#8488 = IFCFACEOUTERBOUND(#8487, .T.);
#8489 = IFCFACE((#8488));
#8490 = IFCPOLYLOOP((#8484, #8491, #8448));
#8491 = IFCCARTESIANPOINT((-1.14392448425293E-1, 1.80444152832031E-1, 6.88451354980469E-1));
#8492 = IFCFACEOUTERBOUND(#8490, .T.);
#8493 = IFCFACE((#8492));
#8494 = IFCPOLYLOOP((#8455, #8448, #8491));
#8495 = IFCFACEOUTERBOUND(#8494, .T.);
#8496 = IFCFACE((#8495));
#8497 = IFCPOLYLOOP((#8491, #8498, #8455));
#8498 = IFCCARTESIANPOINT((-1.12156997680664E-1, 1.74962097167969E-1, 6.74825134277344E-1));
#8499 = IFCFACEOUTERBOUND(#8497, .T.);
#8500 = IFCFACE((#8499));
#8501 = IFCPOLYLOOP((#8462, #8455, #8498));
#8502 = IFCFACEOUTERBOUND(#8501, .T.);
#8503 = IFCFACE((#8502));
#8504 = IFCPOLYLOOP((#8498, #8505, #8462));
#8505 = IFCCARTESIANPOINT((-1.09874084472656E-1, 1.69888305664063E-1, 6.60868591308594E-1));
#8506 = IFCFACEOUTERBOUND(#8504, .T.);
#8507 = IFCFACE((#8506));
#8508 = IFCPOLYLOOP((#8469, #8462, #8505));
#8509 = IFCFACEOUTERBOUND(#8508, .T.);
#8510 = IFCFACE((#8509));
#8511 = IFCPOLYLOOP((#8505, #8512, #8469));
#8512 = IFCCARTESIANPOINT((-1.07482749938965E-1, 1.65278503417969E-1, 6.46590698242188E-1));
#8513 = IFCFACEOUTERBOUND(#8511, .T.);
#8514 = IFCFACE((#8513));
#8515 = IFCPOLYLOOP((#8477, #8473, #8516));
#8516 = IFCCARTESIANPOINT((-1.44119644165039E-1, 1.88883178710938E-1, 7.19940490722656E-1));
#8517 = IFCFACEOUTERBOUND(#8515, .T.);
#8518 = IFCFACE((#8517));
#8519 = IFCPOLYLOOP((#8516, #8520, #8477));
#8520 = IFCCARTESIANPOINT((-1.40788833618164E-1, 1.82777130126953E-1, 7.08367431640625E-1));
#8521 = IFCFACEOUTERBOUND(#8519, .T.);
#8522 = IFCFACE((#8521));
#8523 = IFCPOLYLOOP((#8484, #8477, #8520));
#8524 = IFCFACEOUTERBOUND(#8523, .T.);
#8525 = IFCFACE((#8524));
#8526 = IFCPOLYLOOP((#8520, #8527, #8484));
#8527 = IFCCARTESIANPOINT((-1.37873428344727E-1, 1.76998626708984E-1, 6.96504028320313E-1));
#8528 = IFCFACEOUTERBOUND(#8526, .T.);
#8529 = IFCFACE((#8528));
#8530 = IFCPOLYLOOP((#8491, #8484, #8527));
#8531 = IFCFACEOUTERBOUND(#8530, .T.);
#8532 = IFCFACE((#8531));
#8533 = IFCPOLYLOOP((#8527, #8534, #8491));
#8534 = IFCCARTESIANPOINT((-1.3526042175293E-1, 1.71494689941406E-1, 6.84333984375E-1));
#8535 = IFCFACEOUTERBOUND(#8533, .T.);
#8536 = IFCFACE((#8535));
#8537 = IFCPOLYLOOP((#8498, #8491, #8534));
#8538 = IFCFACEOUTERBOUND(#8537, .T.);
#8539 = IFCFACE((#8538));
#8540 = IFCPOLYLOOP((#8534, #8541, #8498));
#8541 = IFCCARTESIANPOINT((-1.32771453857422E-1, 1.66277374267578E-1, 6.71826904296875E-1));
#8542 = IFCFACEOUTERBOUND(#8540, .T.);
#8543 = IFCFACE((#8542));
#8544 = IFCPOLYLOOP((#8505, #8498, #8541));
#8545 = IFCFACEOUTERBOUND(#8544, .T.);
#8546 = IFCFACE((#8545));
#8547 = IFCPOLYLOOP((#8541, #8548, #8505));
#8548 = IFCCARTESIANPOINT((-1.30231781005859E-1, 1.61368927001953E-1, 6.58954650878906E-1));
#8549 = IFCFACEOUTERBOUND(#8547, .T.);
#8550 = IFCFACE((#8549));
#8551 = IFCPOLYLOOP((#8512, #8505, #8548));
#8552 = IFCFACEOUTERBOUND(#8551, .T.);
#8553 = IFCFACE((#8552));
#8554 = IFCPOLYLOOP((#8548, #8555, #8512));
#8555 = IFCCARTESIANPOINT((-1.27572761535645E-1, 1.56841522216797E-1, 6.45719604492188E-1));
#8556 = IFCFACEOUTERBOUND(#8554, .T.);
#8557 = IFCFACE((#8556));
#8558 = IFCPOLYLOOP((#8559, #8520, #8560));
#8559 = IFCCARTESIANPOINT((-1.61131286621094E-1, 1.71310913085938E-1, 7.01464599609375E-1));
#8560 = IFCCARTESIANPOINT((-1.64734130859375E-1, 1.76777709960938E-1, 7.11815368652344E-1));
#8561 = IFCFACEOUTERBOUND(#8558, .T.);
#8562 = IFCFACE((#8561));
#8563 = IFCPOLYLOOP((#8527, #8520, #8559));
#8564 = IFCFACEOUTERBOUND(#8563, .T.);
#8565 = IFCFACE((#8564));
#8566 = IFCPOLYLOOP((#8559, #8567, #8527));
#8567 = IFCCARTESIANPOINT((-1.57990005493164E-1, 1.66081268310547E-1, 6.90829956054688E-1));
#8568 = IFCFACEOUTERBOUND(#8566, .T.);
#8569 = IFCFACE((#8568));
#8570 = IFCPOLYLOOP((#8534, #8527, #8567));
#8571 = IFCFACEOUTERBOUND(#8570, .T.);
#8572 = IFCFACE((#8571));
#8573 = IFCPOLYLOOP((#8567, #8574, #8534));
#8574 = IFCCARTESIANPOINT((-1.55186172485352E-1, 1.61019409179688E-1, 6.79883239746094E-1));
#8575 = IFCFACEOUTERBOUND(#8573, .T.);
#8576 = IFCFACE((#8575));
#8577 = IFCPOLYLOOP((#8541, #8534, #8574));
#8578 = IFCFACEOUTERBOUND(#8577, .T.);
#8579 = IFCFACE((#8578));
#8580 = IFCPOLYLOOP((#8574, #8581, #8541));
#8581 = IFCCARTESIANPOINT((-1.52523773193359E-1, 1.56138336181641E-1, 6.68578857421875E-1));
#8582 = IFCFACEOUTERBOUND(#8580, .T.);
#8583 = IFCFACE((#8582));
#8584 = IFCPOLYLOOP((#8548, #8541, #8581));
#8585 = IFCFACEOUTERBOUND(#8584, .T.);
#8586 = IFCFACE((#8585));
#8587 = IFCPOLYLOOP((#8581, #8588, #8548));
#8588 = IFCCARTESIANPOINT((-1.49810806274414E-1, 1.51463714599609E-1, 6.56873596191406E-1));
#8589 = IFCFACEOUTERBOUND(#8587, .T.);
#8590 = IFCFACE((#8589));
#8591 = IFCPOLYLOOP((#8555, #8548, #8588));
#8592 = IFCFACEOUTERBOUND(#8591, .T.);
#8593 = IFCFACE((#8592));
#8594 = IFCPOLYLOOP((#8588, #8595, #8555));
#8595 = IFCCARTESIANPOINT((-1.46973449707031E-1, 1.47083862304688E-1, 6.4476318359375E-1));
#8596 = IFCFACEOUTERBOUND(#8594, .T.);
#8597 = IFCFACE((#8596));
#8598 = IFCPOLYLOOP((#8599, #8559, #8600));
#8599 = IFCCARTESIANPOINT((-1.80167526245117E-1, 1.58058715820313E-1, 6.94169921875E-1));
#8600 = IFCCARTESIANPOINT((-1.83967086791992E-1, 1.62860656738281E-1, 7.03235900878906E-1));
#8601 = IFCFACEOUTERBOUND(#8598, .T.);
#8602 = IFCFACE((#8601));
#8603 = IFCPOLYLOOP((#8604, #8567, #8599));
#8604 = IFCCARTESIANPOINT((-1.76865081787109E-1, 1.53404357910156E-1, 6.84826232910156E-1));
#8605 = IFCFACEOUTERBOUND(#8603, .T.);
#8606 = IFCFACE((#8605));
#8607 = IFCPOLYLOOP((#8608, #8574, #8604));
#8608 = IFCCARTESIANPOINT((-1.73928039550781E-1, 1.48813079833984E-1, 6.75165161132813E-1));
#8609 = IFCFACEOUTERBOUND(#8607, .T.);
#8610 = IFCFACE((#8609));
#8611 = IFCPOLYLOOP((#8581, #8574, #8608));
#8612 = IFCFACEOUTERBOUND(#8611, .T.);
#8613 = IFCFACE((#8612));
#8614 = IFCPOLYLOOP((#8608, #8615, #8581));
#8615 = IFCCARTESIANPOINT((-1.71148254394531E-1, 1.44298675537109E-1, 6.65126037597656E-1));
#8616 = IFCFACEOUTERBOUND(#8614, .T.);
#8617 = IFCFACE((#8616));
#8618 = IFCPOLYLOOP((#8588, #8581, #8615));
#8619 = IFCFACEOUTERBOUND(#8618, .T.);
#8620 = IFCFACE((#8619));
#8621 = IFCPOLYLOOP((#8615, #8622, #8588));
#8622 = IFCCARTESIANPOINT((-1.68322082519531E-1, 1.39890014648438E-1, 6.54651306152344E-1));
#8623 = IFCFACEOUTERBOUND(#8621, .T.);
#8624 = IFCFACE((#8623));
#8625 = IFCPOLYLOOP((#8595, #8588, #8622));
#8626 = IFCFACEOUTERBOUND(#8625, .T.);
#8627 = IFCFACE((#8626));
#8628 = IFCPOLYLOOP((#8622, #8629, #8595));
#8629 = IFCCARTESIANPOINT((-1.65373260498047E-1, 1.35690124511719E-1, 6.43730102539063E-1));
#8630 = IFCFACEOUTERBOUND(#8628, .T.);
#8631 = IFCFACE((#8630));
#8632 = IFCPOLYLOOP((#8633, #8604, #8599));
#8633 = IFCCARTESIANPOINT((-1.97629776000977E-1, 1.42913818359375E-1, 6.86645812988281E-1));
#8634 = IFCFACEOUTERBOUND(#8632, .T.);
#8635 = IFCFACE((#8634));
#8636 = IFCPOLYLOOP((#8599, #8637, #8633));
#8637 = IFCCARTESIANPOINT((-2.01573318481445E-1, 1.47076232910156E-1, 6.94395080566406E-1));
#8638 = IFCFACEOUTERBOUND(#8636, .T.);
#8639 = IFCFACE((#8638));
#8640 = IFCPOLYLOOP((#8641, #8608, #8604));
#8641 = IFCCARTESIANPOINT((-1.9420671081543E-1, 1.38814025878906E-1, 6.7862451171875E-1));
#8642 = IFCFACEOUTERBOUND(#8640, .T.);
#8643 = IFCFACE((#8642));
#8644 = IFCPOLYLOOP((#8604, #8633, #8641));
#8645 = IFCFACEOUTERBOUND(#8644, .T.);
#8646 = IFCFACE((#8645));
#8647 = IFCPOLYLOOP((#8648, #8608, #8641));
#8648 = IFCCARTESIANPOINT((-1.91168884277344E-1, 1.34679626464844E-1, 6.70280517578125E-1));
#8649 = IFCFACEOUTERBOUND(#8647, .T.);
#8650 = IFCFACE((#8649));
#8651 = IFCPOLYLOOP((#8652, #8615, #8648));
#8652 = IFCCARTESIANPOINT((-1.88302429199219E-1, 1.30525085449219E-1, 6.61539672851563E-1));
#8653 = IFCFACEOUTERBOUND(#8651, .T.);
#8654 = IFCFACE((#8653));
#8655 = IFCPOLYLOOP((#8622, #8615, #8652));
#8656 = IFCFACEOUTERBOUND(#8655, .T.);
#8657 = IFCFACE((#8656));
#8658 = IFCPOLYLOOP((#8652, #8659, #8622));
#8659 = IFCCARTESIANPOINT((-1.85398300170898E-1, 1.26381805419922E-1, 6.52330871582031E-1));
#8660 = IFCFACEOUTERBOUND(#8658, .T.);
#8661 = IFCFACE((#8660));
#8662 = IFCPOLYLOOP((#8629, #8622, #8659));
#8663 = IFCFACEOUTERBOUND(#8662, .T.);
#8664 = IFCFACE((#8663));
#8665 = IFCPOLYLOOP((#8659, #8666, #8629));
#8666 = IFCCARTESIANPOINT((-1.82381072998047E-1, 1.22365203857422E-1, 6.42637573242188E-1));
#8667 = IFCFACEOUTERBOUND(#8665, .T.);
#8668 = IFCFACE((#8667));
#8669 = IFCPOLYLOOP((#8670, #8633, #8671));
#8670 = IFCCARTESIANPOINT((-2.13143020629883E-1, 1.25680786132813E-1, 6.7919384765625E-1));
#8671 = IFCCARTESIANPOINT((-2.17182266235352E-1, 1.29228820800781E-1, 6.85646423339844E-1));
#8672 = IFCFACEOUTERBOUND(#8669, .T.);
#8673 = IFCFACE((#8672));
#8674 = IFCPOLYLOOP((#8675, #8641, #8670));
#8675 = IFCCARTESIANPOINT((-2.09633941650391E-1, 1.22119140625E-1, 6.72473754882813E-1));
#8676 = IFCFACEOUTERBOUND(#8674, .T.);
#8677 = IFCFACE((#8676));
#8678 = IFCPOLYLOOP((#8679, #8652, #8648));
#8679 = IFCCARTESIANPOINT((-2.0652082824707E-1, 1.18437164306641E-1, 6.65426208496094E-1));
#8680 = IFCFACEOUTERBOUND(#8678, .T.);
#8681 = IFCFACE((#8680));
#8682 = IFCPOLYLOOP((#8648, #8675, #8679));
#8683 = IFCFACEOUTERBOUND(#8682, .T.);
#8684 = IFCFACE((#8683));
#8685 = IFCPOLYLOOP((#8686, #8652, #8679));
#8686 = IFCCARTESIANPOINT((-2.03591232299805E-1, 1.14649658203125E-1, 6.57965270996094E-1));
#8687 = IFCFACEOUTERBOUND(#8685, .T.);
#8688 = IFCFACE((#8687));
#8689 = IFCPOLYLOOP((#8659, #8652, #8686));
#8690 = IFCFACEOUTERBOUND(#8689, .T.);
#8691 = IFCFACE((#8690));
#8692 = IFCPOLYLOOP((#8686, #8693, #8659));
#8693 = IFCCARTESIANPOINT((-2.00637786865234E-1, 1.10789947509766E-1, 6.50008422851563E-1));
#8694 = IFCFACEOUTERBOUND(#8692, .T.);
#8695 = IFCFACE((#8694));
#8696 = IFCPOLYLOOP((#8666, #8659, #8693));
#8697 = IFCFACEOUTERBOUND(#8696, .T.);
#8698 = IFCFACE((#8697));
#8699 = IFCPOLYLOOP((#8693, #8700, #8666));
#8700 = IFCCARTESIANPOINT((-1.97589599609375E-1, 1.06982391357422E-1, 6.415341796875E-1));
#8701 = IFCFACEOUTERBOUND(#8699, .T.);
#8702 = IFCFACE((#8701));
#8703 = IFCPOLYLOOP((#8704, #8670, #8705));
#8704 = IFCCARTESIANPOINT((-2.26191207885742E-1, 1.06284637451172E-1, 6.72205932617188E-1));
#8705 = IFCCARTESIANPOINT((-2.30270797729492E-1, 1.09222412109375E-1, 6.77447692871094E-1));
#8706 = IFCFACEOUTERBOUND(#8703, .T.);
#8707 = IFCFACE((#8706));
#8708 = IFCPOLYLOOP((#8709, #8675, #8704));
#8709 = IFCCARTESIANPOINT((-2.22636276245117E-1, 1.03269500732422E-1, 6.66700012207031E-1));
#8710 = IFCFACEOUTERBOUND(#8708, .T.);
#8711 = IFCFACE((#8710));
#8712 = IFCPOLYLOOP((#8713, #8679, #8709));
#8713 = IFCCARTESIANPOINT((-2.19477905273438E-1, 1.00065155029297E-1, 6.60862426757813E-1));
#8714 = IFCFACEOUTERBOUND(#8712, .T.);
#8715 = IFCFACE((#8714));
#8716 = IFCPOLYLOOP((#8717, #8693, #8686));
#8717 = IFCCARTESIANPOINT((-2.1651301574707E-1, 9.66865539550781E-2, 6.54598205566406E-1));
#8718 = IFCFACEOUTERBOUND(#8716, .T.);
#8719 = IFCFACE((#8718));
#8720 = IFCPOLYLOOP((#8686, #8713, #8717));
#8721 = IFCFACEOUTERBOUND(#8720, .T.);
#8722 = IFCFACE((#8721));
#8723 = IFCPOLYLOOP((#8724, #8693, #8717));
#8724 = IFCCARTESIANPOINT((-2.13543807983398E-1, 9.31678771972656E-2, 6.47816101074219E-1));
#8725 = IFCFACEOUTERBOUND(#8723, .T.);
#8726 = IFCFACE((#8725));
#8727 = IFCPOLYLOOP((#8700, #8693, #8724));
#8728 = IFCFACEOUTERBOUND(#8727, .T.);
#8729 = IFCFACE((#8728));
#8730 = IFCPOLYLOOP((#8724, #8731, #8700));
#8731 = IFCCARTESIANPOINT((-2.10507919311523E-1, 8.96379089355469E-2, 6.40490844726563E-1));
#8732 = IFCFACEOUTERBOUND(#8730, .T.);
#8733 = IFCFACE((#8732));
#8734 = IFCPOLYLOOP((#8735, #8704, #8736));
#8735 = IFCCARTESIANPOINT((-2.36468460083008E-1, 8.48617248535156E-2, 6.65963989257813E-1));
#8736 = IFCCARTESIANPOINT((-2.40555862426758E-1, 8.72044982910156E-2, 6.70128112792969E-1));
#8737 = IFCFACEOUTERBOUND(#8734, .T.);
#8738 = IFCFACE((#8737));
#8739 = IFCPOLYLOOP((#8740, #8709, #8735));
#8740 = IFCCARTESIANPOINT((-2.32883499145508E-1, 8.23943786621094E-2, 6.61537353515625E-1));
#8741 = IFCFACEOUTERBOUND(#8739, .T.);
#8742 = IFCFACE((#8741));
#8743 = IFCPOLYLOOP((#8744, #8713, #8740));
#8744 = IFCCARTESIANPOINT((-2.29684539794922E-1, 7.96907348632813E-2, 6.56775695800781E-1));
#8745 = IFCFACEOUTERBOUND(#8743, .T.);
#8746 = IFCFACE((#8745));
#8747 = IFCPOLYLOOP((#8748, #8717, #8744));
#8748 = IFCCARTESIANPOINT((-2.26686614990234E-1, 7.67655334472656E-2, 6.51578491210938E-1));
#8749 = IFCFACEOUTERBOUND(#8747, .T.);
#8750 = IFCFACE((#8749));
#8751 = IFCPOLYLOOP((#8752, #8731, #8724));
#8752 = IFCCARTESIANPOINT((-2.23710174560547E-1, 7.36526794433594E-2, 6.4584912109375E-1));
#8753 = IFCFACEOUTERBOUND(#8751, .T.);
#8754 = IFCFACE((#8753));
#8755 = IFCPOLYLOOP((#8724, #8748, #8752));
#8756 = IFCFACEOUTERBOUND(#8755, .T.);
#8757 = IFCFACE((#8756));
#8758 = IFCPOLYLOOP((#8759, #8731, #8752));
#8759 = IFCCARTESIANPOINT((-2.20705871582031E-1, 7.04799194335938E-2, 6.3956005859375E-1));
#8760 = IFCFACEOUTERBOUND(#8758, .T.);
#8761 = IFCFACE((#8760));
#8762 = IFCPOLYLOOP((#8763, #8735, #8764));
#8763 = IFCCARTESIANPOINT((-2.44047286987305E-1, 6.18992004394531E-2, 6.60581481933594E-1));
#8764 = IFCCARTESIANPOINT((-2.4813818359375E-1, 6.3685302734375E-2, 6.6382177734375E-1));
#8765 = IFCFACEOUTERBOUND(#8762, .T.);
#8766 = IFCFACE((#8765));
#8767 = IFCPOLYLOOP((#8768, #8740, #8763));
#8768 = IFCCARTESIANPOINT((-2.40418334960938E-1, 5.99617004394531E-2, 6.57078247070313E-1));
#8769 = IFCFACEOUTERBOUND(#8767, .T.);
#8770 = IFCFACE((#8769));
#8771 = IFCPOLYLOOP((#8772, #8744, #8768));
#8772 = IFCCARTESIANPOINT((-2.37152679443359E-1, 5.77676391601563E-2, 6.53237731933594E-1));
#8773 = IFCFACEOUTERBOUND(#8771, .T.);
#8774 = IFCFACE((#8773));
#8775 = IFCPOLYLOOP((#8776, #8748, #8772));
#8776 = IFCCARTESIANPOINT((-2.34093017578125E-1, 5.53310546875E-2, 6.48957946777344E-1));
#8777 = IFCFACEOUTERBOUND(#8775, .T.);
#8778 = IFCFACE((#8777));
#8779 = IFCPOLYLOOP((#8780, #8752, #8776));
#8780 = IFCCARTESIANPOINT((-2.31087463378906E-1, 5.268408203125E-2, 6.4414111328125E-1));
#8781 = IFCFACEOUTERBOUND(#8779, .T.);
#8782 = IFCFACE((#8781));
#8783 = IFCPOLYLOOP((#8784, #8759, #8780));
#8784 = IFCCARTESIANPOINT((-2.28104537963867E-1, 4.99469909667969E-2, 6.38759399414063E-1));
#8785 = IFCFACEOUTERBOUND(#8783, .T.);
#8786 = IFCFACE((#8785));
#8787 = IFCPOLYLOOP((#8788, #8763, #8789));
#8788 = IFCCARTESIANPOINT((-2.49119216918945E-1, 3.78516845703125E-2, 6.56133117675781E-1));
#8789 = IFCCARTESIANPOINT((-2.53211761474609E-1, 3.91314392089844E-2, 6.58618347167969E-1));
#8790 = IFCFACEOUTERBOUND(#8787, .T.);
#8791 = IFCFACE((#8790));
#8792 = IFCPOLYLOOP((#8793, #8768, #8788));
#8793 = IFCCARTESIANPOINT((-2.45428359985352E-1, 3.64180603027344E-2, 6.53382263183594E-1));
#8794 = IFCFACEOUTERBOUND(#8792, .T.);
#8795 = IFCFACE((#8794));
#8796 = IFCPOLYLOOP((#8797, #8772, #8793));
#8797 = IFCCARTESIANPOINT((-2.42064926147461E-1, 3.47391967773438E-2, 6.50293029785156E-1));
#8798 = IFCFACEOUTERBOUND(#8796, .T.);
#8799 = IFCFACE((#8798));
#8800 = IFCPOLYLOOP((#8801, #8776, #8797));
#8801 = IFCCARTESIANPOINT((-2.38909591674805E-1, 3.2828125E-2, 6.4676708984375E-1));
#8802 = IFCFACEOUTERBOUND(#8800, .T.);
#8803 = IFCFACE((#8802));
#8804 = IFCPOLYLOOP((#8805, #8780, #8801));
#8805 = IFCCARTESIANPOINT((-2.35848403930664E-1, 3.07135028839111E-2, 6.42710205078125E-1));
#8806 = IFCFACEOUTERBOUND(#8804, .T.);
#8807 = IFCFACE((#8806));
#8808 = IFCPOLYLOOP((#8809, #8784, #8805));
#8809 = IFCCARTESIANPOINT((-2.32873001098633E-1, 2.85006122589111E-2, 6.38096618652344E-1));
#8810 = IFCFACEOUTERBOUND(#8808, .T.);
#8811 = IFCFACE((#8810));
#8812 = IFCPOLYLOOP((#8813, #8788, #8814));
#8813 = IFCCARTESIANPOINT((-2.52097564697266E-1, 1.31002521514893E-2, 6.52570129394531E-1));
#8814 = IFCCARTESIANPOINT((-2.56216888427734E-1, 1.3934175491333E-2, 6.54463806152344E-1));
#8815 = IFCFACEOUTERBOUND(#8812, .T.);
#8816 = IFCFACE((#8815));
#8817 = IFCPOLYLOOP((#8818, #8793, #8813));
#8818 = IFCCARTESIANPOINT((-2.48298385620117E-1, 1.21382465362549E-2, 6.50405456542969E-1));
#8819 = IFCFACEOUTERBOUND(#8817, .T.);
#8820 = IFCFACE((#8819));
#8821 = IFCPOLYLOOP((#8822, #8797, #8818));
#8822 = IFCCARTESIANPOINT((-2.44776519775391E-1, 1.09790363311768E-2, 6.4790283203125E-1));
#8823 = IFCFACEOUTERBOUND(#8821, .T.);
#8824 = IFCFACE((#8823));
#8825 = IFCPOLYLOOP((#8826, #8801, #8822));
#8826 = IFCCARTESIANPOINT((-2.41461853027344E-1, 9.63394355773926E-3, 6.44973266601563E-1));
#8827 = IFCFACEOUTERBOUND(#8825, .T.);
#8828 = IFCFACE((#8827));
#8829 = IFCPOLYLOOP((#8830, #8805, #8826));
#8830 = IFCCARTESIANPOINT((-2.38289337158203E-1, 8.12637519836426E-3, 6.41531616210938E-1));
#8831 = IFCFACEOUTERBOUND(#8829, .T.);
#8832 = IFCFACE((#8831));
#8833 = IFCPOLYLOOP((#8834, #8809, #8830));
#8834 = IFCCARTESIANPOINT((-2.35279388427734E-1, 6.53799629211426E-3, 6.37556762695313E-1));
#8835 = IFCFACEOUTERBOUND(#8833, .T.);
#8836 = IFCFACE((#8835));
#8837 = IFCPOLYLOOP((#8838, #8813, #8839));
#8838 = IFCCARTESIANPOINT((-2.53661499023438E-1, -1.2125150680542E-2, 6.49740295410156E-1));
#8839 = IFCCARTESIANPOINT((-2.57825927734375E-1, -1.16711559295654E-2, 6.51185913085938E-1));
#8840 = IFCFACEOUTERBOUND(#8837, .T.);
#8841 = IFCFACE((#8840));
#8842 = IFCPOLYLOOP((#8843, #8818, #8838));
#8843 = IFCCARTESIANPOINT((-2.49712921142578E-1, -1.26493053436279E-2, 6.48015441894531E-1));
#8844 = IFCFACEOUTERBOUND(#8842, .T.);
#8845 = IFCFACE((#8844));
#8846 = IFCPOLYLOOP((#8847, #8822, #8843));
#8847 = IFCCARTESIANPOINT((-2.45976364135742E-1, -1.32810802459717E-2, 6.4595458984375E-1));
#8848 = IFCFACEOUTERBOUND(#8846, .T.);
#8849 = IFCFACE((#8848));
#8850 = IFCPOLYLOOP((#8851, #8826, #8847));
#8851 = IFCCARTESIANPOINT((-2.42442779541016E-1, -1.4011381149292E-2, 6.43484680175781E-1));
#8852 = IFCFACEOUTERBOUND(#8850, .T.);
#8853 = IFCFACE((#8852));
#8854 = IFCPOLYLOOP((#8855, #8830, #8851));
#8855 = IFCCARTESIANPOINT((-2.39107925415039E-1, -1.48242931365967E-2, 6.405361328125E-1));
#8856 = IFCFACEOUTERBOUND(#8854, .T.);
#8857 = IFCFACE((#8856));
#8858 = IFCPOLYLOOP((#8859, #8834, #8855));
#8859 = IFCCARTESIANPOINT((-2.36027038574219E-1, -1.56712627410889E-2, 6.3709521484375E-1));
#8860 = IFCFACEOUTERBOUND(#8858, .T.);
#8861 = IFCFACE((#8860));
#8862 = IFCPOLYLOOP((#8863, #8838, #8864));
#8863 = IFCCARTESIANPOINT((-2.54484359741211E-1, -3.76854705810547E-2, 6.475029296875E-1));
#8864 = IFCCARTESIANPOINT((-2.58673431396484E-1, -3.75166168212891E-2, 6.4862646484375E-1));
#8865 = IFCFACEOUTERBOUND(#8862, .T.);
#8866 = IFCFACE((#8865));
#8867 = IFCPOLYLOOP((#8868, #8843, #8863));
#8868 = IFCCARTESIANPOINT((-2.50382446289063E-1, -3.78304595947266E-2, 6.46088256835938E-1));
#8869 = IFCFACEOUTERBOUND(#8867, .T.);
#8870 = IFCFACE((#8869));
#8871 = IFCPOLYLOOP((#8872, #8847, #8868));
#8872 = IFCCARTESIANPOINT((-2.46411041259766E-1, -3.79469604492188E-2, 6.44341735839844E-1));
#8873 = IFCFACEOUTERBOUND(#8871, .T.);
#8874 = IFCFACE((#8873));
#8875 = IFCPOLYLOOP((#8876, #8851, #8872));
#8876 = IFCCARTESIANPOINT((-2.4263493347168E-1, -3.802880859375E-2, 6.42213073730469E-1));
#8877 = IFCFACEOUTERBOUND(#8875, .T.);
#8878 = IFCFACE((#8877));
#8879 = IFCPOLYLOOP((#8880, #8855, #8876));
#8880 = IFCCARTESIANPOINT((-2.39123245239258E-1, -3.80698699951172E-2, 6.396552734375E-1));
#8881 = IFCFACEOUTERBOUND(#8879, .T.);
#8882 = IFCFACE((#8881));
#8883 = IFCPOLYLOOP((#8884, #8859, #8880));
#8884 = IFCCARTESIANPOINT((-2.35972473144531E-1, -3.80653381347656E-2, 6.36665588378906E-1));
#8885 = IFCFACEOUTERBOUND(#8883, .T.);
#8886 = IFCFACE((#8885));
#8887 = IFCPOLYLOOP((#8888, #8863, #8889));
#8888 = IFCCARTESIANPOINT((-2.55030349731445E-1, -6.46159362792969E-2, 6.4576806640625E-1));
#8889 = IFCCARTESIANPOINT((-2.59168914794922E-1, -6.402880859375E-2, 6.46691162109375E-1));
#8890 = IFCFACEOUTERBOUND(#8887, .T.);
#8891 = IFCFACE((#8890));
#8892 = IFCPOLYLOOP((#8893, #8868, #8888));
#8893 = IFCCARTESIANPOINT((-2.50809692382813E-1, -6.50323944091797E-2, 6.44537048339844E-1));
#8894 = IFCFACEOUTERBOUND(#8892, .T.);
#8895 = IFCFACE((#8894));
#8896 = IFCPOLYLOOP((#8872, #8868, #8893));
#8897 = IFCFACEOUTERBOUND(#8896, .T.);
#8898 = IFCFACE((#8897));
#8899 = IFCPOLYLOOP((#8893, #8900, #8872));
#8900 = IFCCARTESIANPOINT((-2.46611343383789E-1, -6.52151031494141E-2, 6.42980834960938E-1));
#8901 = IFCFACEOUTERBOUND(#8899, .T.);
#8902 = IFCFACE((#8901));
#8903 = IFCPOLYLOOP((#8876, #8872, #8900));
#8904 = IFCFACEOUTERBOUND(#8903, .T.);
#8905 = IFCFACE((#8904));
#8906 = IFCPOLYLOOP((#8900, #8907, #8876));
#8907 = IFCCARTESIANPOINT((-2.42595764160156E-1, -6.5161865234375E-2, 6.410830078125E-1));
#8908 = IFCFACEOUTERBOUND(#8906, .T.);
#8909 = IFCFACE((#8908));
#8910 = IFCPOLYLOOP((#8876, #8907, #8911));
#8911 = IFCCARTESIANPOINT((-2.3892707824707E-1, -6.48799896240234E-2, 6.38829895019531E-1));
#8912 = IFCFACEOUTERBOUND(#8910, .T.);
#8913 = IFCFACE((#8912));
#8914 = IFCPOLYLOOP((#8911, #8880, #8876));
#8915 = IFCFACEOUTERBOUND(#8914, .T.);
#8916 = IFCFACE((#8915));
#8917 = IFCPOLYLOOP((#8918, #8884, #8880));
#8918 = IFCCARTESIANPOINT((-2.3575456237793E-1, -6.44254455566406E-2, 6.36234436035156E-1));
#8919 = IFCFACEOUTERBOUND(#8917, .T.);
#8920 = IFCFACE((#8919));
#8921 = IFCPOLYLOOP((#8922, #8888, #8923));
#8922 = IFCCARTESIANPOINT((-2.55512542724609E-1, -9.18479614257813E-2, 6.44474548339844E-1));
#8923 = IFCCARTESIANPOINT((-2.59548980712891E-1, -9.07257995605469E-2, 6.4529150390625E-1));
#8924 = IFCFACEOUTERBOUND(#8921, .T.);
#8925 = IFCFACE((#8924));
#8926 = IFCPOLYLOOP((#8927, #8893, #8922));
#8927 = IFCCARTESIANPOINT((-2.51195724487305E-1, -9.26096649169922E-2, 6.43328796386719E-1));
#8928 = IFCFACEOUTERBOUND(#8926, .T.);
#8929 = IFCFACE((#8928));
#8930 = IFCPOLYLOOP((#8900, #8893, #8927));
#8931 = IFCFACEOUTERBOUND(#8930, .T.);
#8932 = IFCFACE((#8931));
#8933 = IFCPOLYLOOP((#8927, #8934, #8900));
#8934 = IFCCARTESIANPOINT((-2.46773727416992E-1, -9.28769378662109E-2, 6.41866821289063E-1));
#8935 = IFCFACEOUTERBOUND(#8933, .T.);
#8936 = IFCFACE((#8935));
#8937 = IFCPOLYLOOP((#8900, #8934, #8938));
#8938 = IFCCARTESIANPOINT((-2.42517822265625E-1, -9.265234375E-2, 6.40114624023438E-1));
#8939 = IFCFACEOUTERBOUND(#8937, .T.);
#8940 = IFCFACE((#8939));
#8941 = IFCPOLYLOOP((#8938, #8907, #8900));
#8942 = IFCFACEOUTERBOUND(#8941, .T.);
#8943 = IFCFACE((#8942));
#8944 = IFCPOLYLOOP((#8945, #8911, #8907));
#8945 = IFCCARTESIANPOINT((-2.387021484375E-1, -9.19594268798828E-2, 6.38100219726563E-1));
#8946 = IFCFACEOUTERBOUND(#8944, .T.);
#8947 = IFCFACE((#8946));
#8948 = IFCPOLYLOOP((#8949, #8918, #8911));
#8949 = IFCCARTESIANPOINT((-2.35536468505859E-1, -9.09275817871094E-2, 6.35856323242188E-1));
#8950 = IFCFACEOUTERBOUND(#8948, .T.);
#8951 = IFCFACE((#8950));
#8952 = IFCPOLYLOOP((#8953, #8927, #8922));
#8953 = IFCCARTESIANPOINT((-2.56046783447266E-1, -1.19337478637695E-1, 6.43538879394531E-1));
#8954 = IFCFACEOUTERBOUND(#8952, .T.);
#8955 = IFCFACE((#8954));
#8956 = IFCPOLYLOOP((#8922, #8957, #8953));
#8957 = IFCCARTESIANPOINT((-2.59955444335938E-1, -1.17573043823242E-1, 6.44313232421875E-1));
#8958 = IFCFACEOUTERBOUND(#8956, .T.);
#8959 = IFCFACE((#8958));
#8960 = IFCPOLYLOOP((#8961, #8927, #8953));
#8961 = IFCCARTESIANPOINT((-2.51632339477539E-1, -1.20513275146484E-1, 6.424111328125E-1));
#8962 = IFCFACEOUTERBOUND(#8960, .T.);
#8963 = IFCFACE((#8962));
#8964 = IFCPOLYLOOP((#8934, #8927, #8961));
#8965 = IFCFACEOUTERBOUND(#8964, .T.);
#8966 = IFCFACE((#8965));
#8967 = IFCPOLYLOOP((#8961, #8968, #8934));
#8968 = IFCCARTESIANPOINT((-2.46967071533203E-1, -1.20884384155273E-1, 6.40978149414063E-1));
#8969 = IFCFACEOUTERBOUND(#8967, .T.);
#8970 = IFCFACE((#8969));
#8971 = IFCPOLYLOOP((#8934, #8968, #8972));
#8972 = IFCCARTESIANPOINT((-2.42447311401367E-1, -1.20458847045898E-1, 6.39316162109375E-1));
#8973 = IFCFACEOUTERBOUND(#8971, .T.);
#8974 = IFCFACE((#8973));
#8975 = IFCPOLYLOOP((#8972, #8938, #8934));
#8976 = IFCFACEOUTERBOUND(#8975, .T.);
#8977 = IFCFACE((#8976));
#8978 = IFCPOLYLOOP((#8979, #8980, #8945));
#8979 = IFCCARTESIANPOINT((-2.38471328735352E-1, -1.19278961181641E-1, 6.37502197265625E-1));
#8980 = IFCCARTESIANPOINT((-2.35316543579102E-1, -1.17558929443359E-1, 6.35592346191406E-1));
#8981 = IFCFACEOUTERBOUND(#8978, .T.);
#8982 = IFCFACE((#8981));
#8983 = IFCPOLYLOOP((#8945, #8938, #8979));
#8984 = IFCFACEOUTERBOUND(#8983, .T.);
#8985 = IFCFACE((#8984));
#8986 = IFCPOLYLOOP((#8980, #8949, #8945));
#8987 = IFCFACEOUTERBOUND(#8986, .T.);
#8988 = IFCFACE((#8987));
#8989 = IFCPOLYLOOP((#8990, #8961, #8953));
#8990 = IFCCARTESIANPOINT((-2.56642517089844E-1, -1.47046615600586E-1, 6.42770568847656E-1));
#8991 = IFCFACEOUTERBOUND(#8989, .T.);
#8992 = IFCFACE((#8991));
#8993 = IFCPOLYLOOP((#8953, #8994, #8990));
#8994 = IFCCARTESIANPOINT((-2.60403747558594E-1, -1.44544189453125E-1, 6.4355419921875E-1));
#8995 = IFCFACEOUTERBOUND(#8993, .T.);
#8996 = IFCFACE((#8995));
#8997 = IFCPOLYLOOP((#8998, #8961, #8990));
#8998 = IFCCARTESIANPOINT((-2.5212467956543E-1, -1.48698455810547E-1, 6.41605895996094E-1));
#8999 = IFCFACEOUTERBOUND(#8997, .T.);
#9000 = IFCFACE((#8999));
#9001 = IFCPOLYLOOP((#9002, #8968, #8998));
#9002 = IFCCARTESIANPOINT((-2.47193481445313E-1, -1.49191604614258E-1, 6.40148681640625E-1));
#9003 = IFCFACEOUTERBOUND(#9001, .T.);
#9004 = IFCFACE((#9003));
#9005 = IFCPOLYLOOP((#9006, #8972, #8968));
#9006 = IFCCARTESIANPOINT((-2.42383575439453E-1, -1.4854020690918E-1, 6.385322265625E-1));
#9007 = IFCFACEOUTERBOUND(#9005, .T.);
#9008 = IFCFACE((#9007));
#9009 = IFCPOLYLOOP((#9010, #9011, #8979));
#9010 = IFCCARTESIANPOINT((-2.3823046875E-1, -1.46807601928711E-1, 6.36889282226563E-1));
#9011 = IFCCARTESIANPOINT((-2.35086074829102E-1, -1.44302993774414E-1, 6.35302490234375E-1));
#9012 = IFCFACEOUTERBOUND(#9009, .T.);
#9013 = IFCFACE((#9012));
#9014 = IFCPOLYLOOP((#8979, #8972, #9010));
#9015 = IFCFACEOUTERBOUND(#9014, .T.);
#9016 = IFCFACE((#9015));
#9017 = IFCPOLYLOOP((#9011, #8980, #8979));
#9018 = IFCFACEOUTERBOUND(#9017, .T.);
#9019 = IFCFACE((#9018));
#9020 = IFCPOLYLOOP((#9021, #8998, #8990));
#9021 = IFCCARTESIANPOINT((-2.57301727294922E-1, -1.74939010620117E-1, 6.41953002929688E-1));
#9022 = IFCFACEOUTERBOUND(#9020, .T.);
#9023 = IFCFACE((#9022));
#9024 = IFCPOLYLOOP((#8990, #9025, #9021));
#9025 = IFCCARTESIANPOINT((-2.60899383544922E-1, -1.71614822387695E-1, 6.42802917480469E-1));
#9026 = IFCFACEOUTERBOUND(#9024, .T.);
#9027 = IFCFACE((#9026));
#9028 = IFCPOLYLOOP((#9029, #8998, #9021));
#9029 = IFCCARTESIANPOINT((-2.52673034667969E-1, -1.77121551513672E-1, 6.40691650390625E-1));
#9030 = IFCFACEOUTERBOUND(#9028, .T.);
#9031 = IFCFACE((#9030));
#9032 = IFCPOLYLOOP((#9033, #9002, #9029));
#9033 = IFCCARTESIANPOINT((-2.47452728271484E-1, -1.77753479003906E-1, 6.39151977539063E-1));
#9034 = IFCFACEOUTERBOUND(#9032, .T.);
#9035 = IFCFACE((#9034));
#9036 = IFCPOLYLOOP((#9037, #9038, #9006));
#9037 = IFCCARTESIANPOINT((-2.42326110839844E-1, -1.76855606079102E-1, 6.37530212402344E-1));
#9038 = IFCCARTESIANPOINT((-2.37978164672852E-1, -1.74514282226563E-1, 6.36020690917969E-1));
#9039 = IFCFACEOUTERBOUND(#9036, .T.);
#9040 = IFCFACE((#9039));
#9041 = IFCPOLYLOOP((#9006, #9002, #9037));
#9042 = IFCFACEOUTERBOUND(#9041, .T.);
#9043 = IFCFACE((#9042));
#9044 = IFCPOLYLOOP((#9038, #9045, #9010));
#9045 = IFCCARTESIANPOINT((-2.34841537475586E-1, -1.71142761230469E-1, 6.347353515625E-1));
#9046 = IFCFACEOUTERBOUND(#9044, .T.);
#9047 = IFCFACE((#9046));
#9048 = IFCPOLYLOOP((#9010, #9006, #9038));
#9049 = IFCFACEOUTERBOUND(#9048, .T.);
#9050 = IFCFACE((#9049));
#9051 = IFCPOLYLOOP((#9045, #9011, #9010));
#9052 = IFCFACEOUTERBOUND(#9051, .T.);
#9053 = IFCFACE((#9052));
#9054 = IFCPOLYLOOP((#9055, #9056, #9021));
#9055 = IFCCARTESIANPOINT((-2.5991796875E-1, -2.01002899169922E-1, 6.41566101074219E-1));
#9056 = IFCCARTESIANPOINT((-2.58020263671875E-1, -2.02982788085938E-1, 6.41011535644531E-1));
#9057 = IFCFACEOUTERBOUND(#9054, .T.);
#9058 = IFCFACE((#9057));
#9059 = IFCPOLYLOOP((#9055, #9021, #9025));
#9060 = IFCFACEOUTERBOUND(#9059, .T.);
#9061 = IFCFACE((#9060));
#9062 = IFCPOLYLOOP((#9025, #9063, #9055));
#9063 = IFCCARTESIANPOINT((-2.61440124511719E-1, -1.98766662597656E-1, 6.41993347167969E-1));
#9064 = IFCFACEOUTERBOUND(#9062, .T.);
#9065 = IFCFACE((#9064));
#9066 = IFCPOLYLOOP((#9067, #9068, #9029));
#9067 = IFCCARTESIANPOINT((-2.55789916992188E-1, -2.04596908569336E-1, 6.40345703125E-1));
#9068 = IFCCARTESIANPOINT((-2.53273193359375E-1, -2.05741714477539E-1, 6.39585388183594E-1));
#9069 = IFCFACEOUTERBOUND(#9066, .T.);
#9070 = IFCFACE((#9069));
#9071 = IFCPOLYLOOP((#9067, #9029, #9021));
#9072 = IFCFACEOUTERBOUND(#9071, .T.);
#9073 = IFCFACE((#9072));
#9074 = IFCPOLYLOOP((#9021, #9056, #9067));
#9075 = IFCFACEOUTERBOUND(#9074, .T.);
#9076 = IFCFACE((#9075));
#9077 = IFCPOLYLOOP((#9078, #9079, #9033));
#9078 = IFCCARTESIANPOINT((-2.50554138183594E-1, -2.06381896972656E-1, 6.38757751464844E-1));
#9079 = IFCCARTESIANPOINT((-2.47741683959961E-1, -2.06526016235352E-1, 6.37896484375E-1));
#9080 = IFCFACEOUTERBOUND(#9077, .T.);
#9081 = IFCFACE((#9080));
#9082 = IFCPOLYLOOP((#9078, #9033, #9029));
#9083 = IFCFACEOUTERBOUND(#9082, .T.);
#9084 = IFCFACE((#9083));
#9085 = IFCPOLYLOOP((#9029, #9068, #9078));
#9086 = IFCFACEOUTERBOUND(#9085, .T.);
#9087 = IFCFACE((#9086));
#9088 = IFCPOLYLOOP((#9037, #9033, #9089));
#9089 = IFCCARTESIANPOINT((-2.44944946289063E-1, -2.06183486938477E-1, 6.37035583496094E-1));
#9090 = IFCFACEOUTERBOUND(#9088, .T.);
#9091 = IFCFACE((#9090));
#9092 = IFCPOLYLOOP((#9089, #9093, #9037));
#9093 = IFCCARTESIANPOINT((-2.42273147583008E-1, -2.05363677978516E-1, 6.36208923339844E-1));
#9094 = IFCFACEOUTERBOUND(#9092, .T.);
#9095 = IFCFACE((#9094));
#9096 = IFCPOLYLOOP((#9033, #9079, #9089));
#9097 = IFCFACEOUTERBOUND(#9096, .T.);
#9098 = IFCFACE((#9097));
#9099 = IFCPOLYLOOP((#9038, #9037, #9100));
#9100 = IFCCARTESIANPOINT((-2.39835189819336E-1, -2.04076629638672E-1, 6.354501953125E-1));
#9101 = IFCFACEOUTERBOUND(#9099, .T.);
#9102 = IFCFACE((#9101));
#9103 = IFCPOLYLOOP((#9100, #9104, #9038));
#9104 = IFCCARTESIANPOINT((-2.37713348388672E-1, -2.02365737915039E-1, 6.34783630371094E-1));
#9105 = IFCFACEOUTERBOUND(#9103, .T.);
#9106 = IFCFACE((#9105));
#9107 = IFCPOLYLOOP((#9037, #9093, #9100));
#9108 = IFCFACEOUTERBOUND(#9107, .T.);
#9109 = IFCFACE((#9108));
#9110 = IFCPOLYLOOP((#9111, #9045, #9038));
#9111 = IFCCARTESIANPOINT((-2.34581420898438E-1, -1.98057312011719E-1, 6.33764038085938E-1));
#9112 = IFCFACEOUTERBOUND(#9110, .T.);
#9113 = IFCFACE((#9112));
#9114 = IFCPOLYLOOP((#9115, #9067, #9056));
#9115 = IFCCARTESIANPOINT((-2.58399505615234E-1, -2.17052764892578E-1, 6.40506652832031E-1));
#9116 = IFCFACEOUTERBOUND(#9114, .T.);
#9117 = IFCFACE((#9116));
#9118 = IFCPOLYLOOP((#9056, #9119, #9115));
#9119 = IFCCARTESIANPOINT((-2.60271789550781E-1, -2.1485368347168E-1, 6.41109497070313E-1));
#9120 = IFCFACEOUTERBOUND(#9118, .T.);
#9121 = IFCFACE((#9120));
#9122 = IFCPOLYLOOP((#9119, #9056, #9055));
#9123 = IFCFACEOUTERBOUND(#9122, .T.);
#9124 = IFCFACE((#9123));
#9125 = IFCPOLYLOOP((#9055, #9126, #9119));
#9126 = IFCCARTESIANPOINT((-2.61725280761719E-1, -2.12368743896484E-1, 6.41578369140625E-1));
#9127 = IFCFACEOUTERBOUND(#9125, .T.);
#9128 = IFCFACE((#9127));
#9129 = IFCPOLYLOOP((#9130, #9078, #9068));
#9130 = IFCCARTESIANPOINT((-2.535908203125E-1, -2.20114105224609E-1, 6.38973449707031E-1));
#9131 = IFCFACEOUTERBOUND(#9129, .T.);
#9132 = IFCFACE((#9131));
#9133 = IFCPOLYLOOP((#9068, #9134, #9130));
#9134 = IFCCARTESIANPOINT((-2.56155578613281E-1, -2.1884455871582E-1, 6.39788208007813E-1));
#9135 = IFCFACEOUTERBOUND(#9133, .T.);
#9136 = IFCFACE((#9135));
#9137 = IFCPOLYLOOP((#9134, #9068, #9067));
#9138 = IFCFACEOUTERBOUND(#9137, .T.);
#9139 = IFCFACE((#9138));
#9140 = IFCPOLYLOOP((#9067, #9115, #9134));
#9141 = IFCFACEOUTERBOUND(#9140, .T.);
#9142 = IFCFACE((#9141));
#9143 = IFCPOLYLOOP((#9079, #9078, #9144));
#9144 = IFCCARTESIANPOINT((-2.50797760009766E-1, -2.20822235107422E-1, 6.38093139648438E-1));
#9145 = IFCFACEOUTERBOUND(#9143, .T.);
#9146 = IFCFACE((#9145));
#9147 = IFCPOLYLOOP((#9144, #9148, #9079));
#9148 = IFCCARTESIANPOINT((-2.47896209716797E-1, -2.20978576660156E-1, 6.37185607910156E-1));
#9149 = IFCFACEOUTERBOUND(#9147, .T.);
#9150 = IFCFACE((#9149));
#9151 = IFCPOLYLOOP((#9144, #9078, #9130));
#9152 = IFCFACEOUTERBOUND(#9151, .T.);
#9153 = IFCFACE((#9152));
#9154 = IFCPOLYLOOP((#9155, #9156, #9093));
#9155 = IFCCARTESIANPOINT((-2.42248138427734E-1, -2.1967790222168E-1, 6.35442810058594E-1));
#9156 = IFCCARTESIANPOINT((-2.39741577148438E-1, -2.18242660522461E-1, 6.34684265136719E-1));
#9157 = IFCFACEOUTERBOUND(#9154, .T.);
#9158 = IFCFACE((#9157));
#9159 = IFCPOLYLOOP((#9093, #9089, #9155));
#9160 = IFCFACEOUTERBOUND(#9159, .T.);
#9161 = IFCFACE((#9160));
#9162 = IFCPOLYLOOP((#9163, #9155, #9089));
#9163 = IFCCARTESIANPOINT((-2.45006286621094E-1, -2.20593627929688E-1, 6.36289367675781E-1));
#9164 = IFCFACEOUTERBOUND(#9162, .T.);
#9165 = IFCFACE((#9164));
#9166 = IFCPOLYLOOP((#9089, #9079, #9163));
#9167 = IFCFACEOUTERBOUND(#9166, .T.);
#9168 = IFCFACE((#9167));
#9169 = IFCPOLYLOOP((#9170, #9104, #9100));
#9170 = IFCCARTESIANPOINT((-2.37576675415039E-1, -2.16336120605469E-1, 6.34040954589844E-1));
#9171 = IFCFACEOUTERBOUND(#9169, .T.);
#9172 = IFCFACE((#9171));
#9173 = IFCPOLYLOOP((#9156, #9170, #9100));
#9174 = IFCFACEOUTERBOUND(#9173, .T.);
#9175 = IFCFACE((#9174));
#9176 = IFCPOLYLOOP((#9100, #9093, #9156));
#9177 = IFCFACEOUTERBOUND(#9176, .T.);
#9178 = IFCFACE((#9177));
#9179 = IFCPOLYLOOP((#9180, #7426, #9181));
#9180 = IFCCARTESIANPOINT((2.63187133789063E-1, -2.07025543212891E-1, 6.42041076660156E-1));
#9181 = IFCCARTESIANPOINT((2.63187530517578E-1, -2.20089950561523E-1, 6.4169482421875E-1));
#9182 = IFCFACEOUTERBOUND(#9179, .T.);
#9183 = IFCFACE((#9182));
#9184 = IFCPOLYLOOP((#7492, #9185, #9186));
#9185 = IFCCARTESIANPOINT((2.63186279296875E-1, -1.93961517333984E-1, 6.42402160644531E-1));
#9186 = IFCCARTESIANPOINT((2.63185485839844E-1, -1.80897750854492E-1, 6.42773498535156E-1));
#9187 = IFCFACEOUTERBOUND(#9184, .T.);
#9188 = IFCFACE((#9187));
#9189 = IFCPOLYLOOP((#7487, #9186, #9190));
#9190 = IFCCARTESIANPOINT((2.63185363769531E-1, -1.67834594726563E-1, 6.43148498535156E-1));
#9191 = IFCFACEOUTERBOUND(#9189, .T.);
#9192 = IFCFACE((#9191));
#9193 = IFCPOLYLOOP((#9185, #7492, #9180));
#9194 = IFCFACEOUTERBOUND(#9193, .T.);
#9195 = IFCFACE((#9194));
#9196 = IFCPOLYLOOP((#7582, #9197, #9198));
#9197 = IFCCARTESIANPOINT((2.63186431884766E-1, -1.54771835327148E-1, 6.43521911621094E-1));
#9198 = IFCCARTESIANPOINT((2.63188873291016E-1, -1.41706558227539E-1, 6.43897033691406E-1));
#9199 = IFCFACEOUTERBOUND(#9196, .T.);
#9200 = IFCFACE((#9199));
#9201 = IFCPOLYLOOP((#7613, #9202, #9203));
#9202 = IFCCARTESIANPOINT((2.63192352294922E-1, -1.28638320922852E-1, 6.44282897949219E-1));
#9203 = IFCCARTESIANPOINT((2.63195007324219E-1, -1.15579406738281E-1, 6.44704345703125E-1));
#9204 = IFCFACEOUTERBOUND(#9201, .T.);
#9205 = IFCFACE((#9204));
#9206 = IFCPOLYLOOP((#7613, #9203, #9207));
#9207 = IFCCARTESIANPOINT((2.63195037841797E-1, -1.02534317016602E-1, 6.45190979003906E-1));
#9208 = IFCFACEOUTERBOUND(#9206, .T.);
#9209 = IFCFACE((#9208));
#9210 = IFCPOLYLOOP((#7582, #9198, #9202));
#9211 = IFCFACEOUTERBOUND(#9210, .T.);
#9212 = IFCFACE((#9211));
#9213 = IFCPOLYLOOP((#7487, #9190, #9197));
#9214 = IFCFACEOUTERBOUND(#9213, .T.);
#9215 = IFCFACE((#9214));
#9216 = IFCPOLYLOOP((#7646, #9217, #9218));
#9217 = IFCCARTESIANPOINT((2.63192596435547E-1, -8.94638366699219E-2, 6.45775695800781E-1));
#9218 = IFCCARTESIANPOINT((2.63185211181641E-1, -7.63587341308594E-2, 6.46486083984375E-1));
#9219 = IFCFACEOUTERBOUND(#9216, .T.);
#9220 = IFCFACE((#9219));
#9221 = IFCPOLYLOOP((#7677, #9222, #9223));
#9222 = IFCCARTESIANPOINT((2.63157958984375E-1, -6.33733978271484E-2, 6.47324157714844E-1));
#9223 = IFCCARTESIANPOINT((2.63086456298828E-1, -5.05511322021484E-2, 6.48301635742188E-1));
#9224 = IFCFACEOUTERBOUND(#9221, .T.);
#9225 = IFCFACE((#9224));
#9226 = IFCPOLYLOOP((#7711, #9223, #9227));
#9227 = IFCCARTESIANPOINT((2.62921234130859E-1, -3.73274078369141E-2, 6.49493896484375E-1));
#9228 = IFCFACEOUTERBOUND(#9226, .T.);
#9229 = IFCFACE((#9228));
#9230 = IFCPOLYLOOP((#7677, #9218, #9222));
#9231 = IFCFACEOUTERBOUND(#9230, .T.);
#9232 = IFCFACE((#9231));
#9233 = IFCPOLYLOOP((#7736, #9234, #9235));
#9234 = IFCCARTESIANPOINT((2.6264208984375E-1, -2.44367809295654E-2, 6.50835754394531E-1));
#9235 = IFCCARTESIANPOINT((2.62207763671875E-1, -1.12200603485107E-2, 6.52398193359375E-1));
#9236 = IFCFACEOUTERBOUND(#9233, .T.);
#9237 = IFCFACE((#9236));
#9238 = IFCPOLYLOOP((#7761, #9239, #9240));
#9239 = IFCCARTESIANPOINT((2.61579742431641E-1, 1.83590877056122E-3, 6.54156982421875E-1));
#9240 = IFCCARTESIANPOINT((2.60683868408203E-1, 1.47494525909424E-2, 6.56137878417969E-1));
#9241 = IFCFACEOUTERBOUND(#9238, .T.);
#9242 = IFCFACE((#9241));
#9243 = IFCPOLYLOOP((#7761, #9240, #9244));
#9244 = IFCCARTESIANPOINT((2.59436462402344E-1, 2.76271076202393E-2, 6.58376159667969E-1));
#9245 = IFCFACEOUTERBOUND(#9243, .T.);
#9246 = IFCFACE((#9245));
#9247 = IFCPOLYLOOP((#7736, #9235, #9239));
#9248 = IFCFACEOUTERBOUND(#9247, .T.);
#9249 = IFCFACE((#9248));
#9250 = IFCPOLYLOOP((#7711, #9227, #9234));
#9251 = IFCFACEOUTERBOUND(#9250, .T.);
#9252 = IFCFACE((#9251));
#9253 = IFCPOLYLOOP((#7646, #9207, #9217));
#9254 = IFCFACEOUTERBOUND(#9253, .T.);
#9255 = IFCFACE((#9254));
#9256 = IFCPOLYLOOP((#7414, #7436, #9257));
#9257 = IFCCARTESIANPOINT((2.58791351318359E-1, -2.31149307250977E-1, 6.399873046875E-1));
#9258 = IFCFACEOUTERBOUND(#9256, .T.);
#9259 = IFCFACE((#9258));
#9260 = IFCPOLYLOOP((#9257, #9261, #7414));
#9261 = IFCCARTESIANPOINT((2.61152130126953E-1, -2.2783984375E-1, 6.4083544921875E-1));
#9262 = IFCFACEOUTERBOUND(#9260, .T.);
#9263 = IFCFACE((#9262));
#9264 = IFCPOLYLOOP((#9261, #7426, #7418));
#9265 = IFCFACEOUTERBOUND(#9264, .T.);
#9266 = IFCFACE((#9265));
#9267 = IFCPOLYLOOP((#7432, #7446, #9268));
#9268 = IFCCARTESIANPOINT((2.52026702880859E-1, -2.35108337402344E-1, 6.37708374023438E-1));
#9269 = IFCFACEOUTERBOUND(#9267, .T.);
#9270 = IFCFACE((#9269));
#9271 = IFCPOLYLOOP((#9268, #9272, #7432));
#9272 = IFCCARTESIANPOINT((2.556982421875E-1, -2.33658737182617E-1, 6.38925598144531E-1));
#9273 = IFCFACEOUTERBOUND(#9271, .T.);
#9274 = IFCFACE((#9273));
#9275 = IFCPOLYLOOP((#7436, #7432, #9272));
#9276 = IFCFACEOUTERBOUND(#9275, .T.);
#9277 = IFCFACE((#9276));
#9278 = IFCPOLYLOOP((#9272, #9257, #7436));
#9279 = IFCFACEOUTERBOUND(#9278, .T.);
#9280 = IFCFACE((#9279));
#9281 = IFCPOLYLOOP((#7582, #7487, #9197));
#9282 = IFCFACEOUTERBOUND(#9281, .T.);
#9283 = IFCFACE((#9282));
#9284 = IFCPOLYLOOP((#7613, #9207, #7646));
#9285 = IFCFACEOUTERBOUND(#9284, .T.);
#9286 = IFCFACE((#9285));
#9287 = IFCPOLYLOOP((#9202, #7613, #7582));
#9288 = IFCFACEOUTERBOUND(#9287, .T.);
#9289 = IFCFACE((#9288));
#9290 = IFCPOLYLOOP((#7646, #9218, #7677));
#9291 = IFCFACEOUTERBOUND(#9290, .T.);
#9292 = IFCFACE((#9291));
#9293 = IFCPOLYLOOP((#7487, #7492, #9186));
#9294 = IFCFACEOUTERBOUND(#9293, .T.);
#9295 = IFCFACE((#9294));
#9296 = IFCPOLYLOOP((#7711, #7677, #9223));
#9297 = IFCFACEOUTERBOUND(#9296, .T.);
#9298 = IFCFACE((#9297));
#9299 = IFCPOLYLOOP((#7761, #7736, #9239));
#9300 = IFCFACEOUTERBOUND(#9299, .T.);
#9301 = IFCFACE((#9300));
#9302 = IFCPOLYLOOP((#7786, #7761, #9244));
#9303 = IFCFACEOUTERBOUND(#9302, .T.);
#9304 = IFCFACE((#9303));
#9305 = IFCPOLYLOOP((#7711, #9234, #7736));
#9306 = IFCFACEOUTERBOUND(#9305, .T.);
#9307 = IFCFACE((#9306));
#9308 = IFCPOLYLOOP((#7786, #9309, #9310));
#9309 = IFCCARTESIANPOINT((2.57751586914063E-1, 4.04226989746094E-2, 6.60896179199219E-1));
#9310 = IFCCARTESIANPOINT((2.55546463012695E-1, 5.30610961914063E-2, 6.63718200683594E-1));
#9311 = IFCFACEOUTERBOUND(#9308, .T.);
#9312 = IFCFACE((#9311));
#9313 = IFCPOLYLOOP((#7786, #9244, #9309));
#9314 = IFCFACEOUTERBOUND(#9313, .T.);
#9315 = IFCFACE((#9314));
#9316 = IFCPOLYLOOP((#7811, #9310, #9317));
#9317 = IFCCARTESIANPOINT((2.52753021240234E-1, 6.55032653808594E-2, 6.66856628417969E-1));
#9318 = IFCFACEOUTERBOUND(#9316, .T.);
#9319 = IFCFACE((#9318));
#9320 = IFCPOLYLOOP((#7836, #9321, #9322));
#9321 = IFCCARTESIANPOINT((2.49315826416016E-1, 7.77127380371094E-2, 6.70318725585938E-1));
#9322 = IFCCARTESIANPOINT((2.45215194702148E-1, 8.96273498535156E-2, 6.7408837890625E-1));
#9323 = IFCFACEOUTERBOUND(#9320, .T.);
#9324 = IFCFACE((#9323));
#9325 = IFCPOLYLOOP((#7836, #9322, #9326));
#9326 = IFCCARTESIANPOINT((2.40436447143555E-1, 1.01177551269531E-1, 6.78146118164063E-1));
#9327 = IFCFACEOUTERBOUND(#9325, .T.);
#9328 = IFCFACE((#9327));
#9329 = IFCPOLYLOOP((#7811, #9317, #9321));
#9330 = IFCFACEOUTERBOUND(#9329, .T.);
#9331 = IFCFACE((#9330));
#9332 = IFCPOLYLOOP((#7864, #9333, #9334));
#9333 = IFCCARTESIANPOINT((2.34949234008789E-1, 1.12290252685547E-1, 6.82481323242188E-1));
#9334 = IFCCARTESIANPOINT((2.28733062744141E-1, 1.22899139404297E-1, 6.87077453613281E-1));
#9335 = IFCFACEOUTERBOUND(#9332, .T.);
#9336 = IFCFACE((#9335));
#9337 = IFCPOLYLOOP((#7895, #9338, #9339));
#9338 = IFCCARTESIANPOINT((2.21822357177734E-1, 1.32968811035156E-1, 6.91885803222656E-1));
#9339 = IFCCARTESIANPOINT((2.14267822265625E-1, 1.42482177734375E-1, 6.96848754882813E-1));
#9340 = IFCFACEOUTERBOUND(#9337, .T.);
#9341 = IFCFACE((#9340));
#9342 = IFCPOLYLOOP((#7936, #9339, #9343));
#9343 = IFCCARTESIANPOINT((2.06129974365234E-1, 1.51464752197266E-1, 7.01905029296875E-1));
#9344 = IFCFACEOUTERBOUND(#9342, .T.);
#9345 = IFCFACE((#9344));
#9346 = IFCPOLYLOOP((#7895, #9334, #9338));
#9347 = IFCFACEOUTERBOUND(#9346, .T.);
#9348 = IFCFACE((#9347));
#9349 = IFCPOLYLOOP((#7864, #9326, #9333));
#9350 = IFCFACEOUTERBOUND(#9349, .T.);
#9351 = IFCFACE((#9350));
#9352 = IFCPOLYLOOP((#7969, #9353, #9354));
#9353 = IFCCARTESIANPOINT((1.97470703125E-1, 1.59949798583984E-1, 7.06993103027344E-1));
#9354 = IFCCARTESIANPOINT((1.88347625732422E-1, 1.67959167480469E-1, 7.12052490234375E-1));
#9355 = IFCFACEOUTERBOUND(#9352, .T.);
#9356 = IFCFACE((#9355));
#9357 = IFCPOLYLOOP((#8003, #9358, #9359));
#9358 = IFCCARTESIANPOINT((1.78811004638672E-1, 1.75508514404297E-1, 7.17029602050781E-1));
#9359 = IFCCARTESIANPOINT((1.68885955810547E-1, 1.82600036621094E-1, 7.218974609375E-1));
#9360 = IFCFACEOUTERBOUND(#9357, .T.);
#9361 = IFCFACE((#9360));
#9362 = IFCPOLYLOOP((#8003, #9359, #9363));
#9363 = IFCCARTESIANPOINT((1.58591583251953E-1, 1.89233001708984E-1, 7.26636169433594E-1));
#9364 = IFCFACEOUTERBOUND(#9362, .T.);
#9365 = IFCFACE((#9364));
#9366 = IFCPOLYLOOP((#7969, #9354, #9358));
#9367 = IFCFACEOUTERBOUND(#9366, .T.);
#9368 = IFCFACE((#9367));
#9369 = IFCPOLYLOOP((#8042, #9370, #9371));
#9370 = IFCCARTESIANPOINT((1.47947845458984E-1, 1.95408081054688E-1, 7.31228881835938E-1));
#9371 = IFCCARTESIANPOINT((1.36974319458008E-1, 2.01124877929688E-1, 7.35656921386719E-1));
#9372 = IFCFACEOUTERBOUND(#9369, .T.);
#9373 = IFCFACE((#9372));
#9374 = IFCPOLYLOOP((#8043, #9375, #9376));
#9375 = IFCCARTESIANPOINT((1.25687744140625E-1, 2.06377319335938E-1, 7.39892883300781E-1));
#9376 = IFCCARTESIANPOINT((1.14104141235352E-1, 2.11154174804688E-1, 7.43902038574219E-1));
#9377 = IFCFACEOUTERBOUND(#9374, .T.);
#9378 = IFCFACE((#9377));
#9379 = IFCPOLYLOOP((#8086, #9376, #9380));
#9380 = IFCCARTESIANPOINT((1.02239082336426E-1, 2.15429748535156E-1, 7.47630004882813E-1));
#9381 = IFCFACEOUTERBOUND(#9379, .T.);
#9382 = IFCFACE((#9381));
#9383 = IFCPOLYLOOP((#8043, #9371, #9375));
#9384 = IFCFACEOUTERBOUND(#9383, .T.);
#9385 = IFCFACE((#9384));
#9386 = IFCPOLYLOOP((#8042, #9363, #9370));
#9387 = IFCFACEOUTERBOUND(#9386, .T.);
#9388 = IFCFACE((#9387));
#9389 = IFCPOLYLOOP((#7936, #9343, #9353));
#9390 = IFCFACEOUTERBOUND(#9389, .T.);
#9391 = IFCFACE((#9390));
#9392 = IFCPOLYLOOP((#7836, #7811, #9321));
#9393 = IFCFACEOUTERBOUND(#9392, .T.);
#9394 = IFCFACE((#9393));
#9395 = IFCPOLYLOOP((#7895, #7864, #9334));
#9396 = IFCFACEOUTERBOUND(#9395, .T.);
#9397 = IFCFACE((#9396));
#9398 = IFCPOLYLOOP((#7936, #7895, #9339));
#9399 = IFCFACEOUTERBOUND(#9398, .T.);
#9400 = IFCFACE((#9399));
#9401 = IFCPOLYLOOP((#7836, #9326, #7864));
#9402 = IFCFACEOUTERBOUND(#9401, .T.);
#9403 = IFCFACE((#9402));
#9404 = IFCPOLYLOOP((#8003, #7968, #7969));
#9405 = IFCFACEOUTERBOUND(#9404, .T.);
#9406 = IFCFACE((#9405));
#9407 = IFCPOLYLOOP((#7969, #9358, #8003));
#9408 = IFCFACEOUTERBOUND(#9407, .T.);
#9409 = IFCFACE((#9408));
#9410 = IFCPOLYLOOP((#8043, #8042, #9371));
#9411 = IFCFACEOUTERBOUND(#9410, .T.);
#9412 = IFCFACE((#9411));
#9413 = IFCPOLYLOOP((#8086, #8043, #9376));
#9414 = IFCFACEOUTERBOUND(#9413, .T.);
#9415 = IFCFACE((#9414));
#9416 = IFCPOLYLOOP((#8042, #8002, #8003));
#9417 = IFCFACEOUTERBOUND(#9416, .T.);
#9418 = IFCFACE((#9417));
#9419 = IFCPOLYLOOP((#8003, #9363, #8042));
#9420 = IFCFACEOUTERBOUND(#9419, .T.);
#9421 = IFCFACE((#9420));
#9422 = IFCPOLYLOOP((#7936, #9353, #7969));
#9423 = IFCFACEOUTERBOUND(#9422, .T.);
#9424 = IFCFACE((#9423));
#9425 = IFCPOLYLOOP((#8129, #9426, #9427));
#9426 = IFCCARTESIANPOINT((9.01070938110352E-2, 2.19172760009766E-1, 7.51016052246094E-1));
#9427 = IFCCARTESIANPOINT((7.77190322875977E-2, 2.22344451904297E-1, 7.53994445800781E-1));
#9428 = IFCFACEOUTERBOUND(#9425, .T.);
#9429 = IFCFACE((#9428));
#9430 = IFCPOLYLOOP((#8172, #9431, #9432));
#9431 = IFCCARTESIANPOINT((6.5093132019043E-2, 2.24915435791016E-1, 7.56507568359375E-1));
#9432 = IFCCARTESIANPOINT((5.22809181213379E-2, 2.26901397705078E-1, 7.5853564453125E-1));
#9433 = IFCFACEOUTERBOUND(#9430, .T.);
#9434 = IFCFACE((#9433));
#9435 = IFCPOLYLOOP((#8172, #9432, #9436));
#9436 = IFCCARTESIANPOINT((3.9335880279541E-2, 2.28336456298828E-1, 7.6007470703125E-1));
#9437 = IFCFACEOUTERBOUND(#9435, .T.);
#9438 = IFCFACE((#9437));
#9439 = IFCPOLYLOOP((#8129, #9427, #9431));
#9440 = IFCFACEOUTERBOUND(#9439, .T.);
#9441 = IFCFACE((#9440));
#9442 = IFCPOLYLOOP((#8129, #9431, #8172));
#9443 = IFCFACEOUTERBOUND(#9442, .T.);
#9444 = IFCFACE((#9443));
#9445 = IFCPOLYLOOP((#8215, #9436, #9446));
#9446 = IFCCARTESIANPOINT((2.62862091064453E-2, 2.29282928466797E-1, 7.61146240234375E-1));
#9447 = IFCFACEOUTERBOUND(#9445, .T.);
#9448 = IFCFACE((#9447));
#9449 = IFCPOLYLOOP((#8172, #9436, #8215));
#9450 = IFCFACEOUTERBOUND(#9449, .T.);
#9451 = IFCFACE((#9450));
#9452 = IFCPOLYLOOP((#9453, #8258, #8215));
#9453 = IFCCARTESIANPOINT((1.31587085723877E-2, 2.29808166503906E-1, 7.61776123046875E-1));
#9454 = IFCFACEOUTERBOUND(#9452, .T.);
#9455 = IFCFACE((#9454));
#9456 = IFCPOLYLOOP((#9446, #9453, #8215));
#9457 = IFCFACEOUTERBOUND(#9456, .T.);
#9458 = IFCFACE((#9457));
#9459 = IFCPOLYLOOP((#8086, #9426, #8129));
#9460 = IFCFACEOUTERBOUND(#9459, .T.);
#9461 = IFCFACE((#9460));
#9462 = IFCPOLYLOOP((#9426, #8086, #9380));
#9463 = IFCFACEOUTERBOUND(#9462, .T.);
#9464 = IFCFACE((#9463));
#9465 = IFCPOLYLOOP((#7786, #9310, #7811));
#9466 = IFCFACEOUTERBOUND(#9465, .T.);
#9467 = IFCFACE((#9466));
#9468 = IFCPOLYLOOP((#9268, #7446, #7451));
#9469 = IFCFACEOUTERBOUND(#9468, .T.);
#9470 = IFCFACE((#9469));
#9471 = IFCPOLYLOOP((#7451, #9472, #9268));
#9472 = IFCCARTESIANPOINT((2.44099807739258E-1, -2.34766159057617E-1, 6.35189392089844E-1));
#9473 = IFCFACEOUTERBOUND(#9471, .T.);
#9474 = IFCFACE((#9473));
#9475 = IFCPOLYLOOP((#7460, #9476, #9472));
#9476 = IFCCARTESIANPOINT((2.40467559814453E-1, -2.33029693603516E-1, 6.34092041015625E-1));
#9477 = IFCFACEOUTERBOUND(#9475, .T.);
#9478 = IFCFACE((#9477));
#9479 = IFCPOLYLOOP((#9472, #7468, #7460));
#9480 = IFCFACEOUTERBOUND(#9479, .T.);
#9481 = IFCFACE((#9480));
#9482 = IFCPOLYLOOP((#9476, #7459, #7476));
#9483 = IFCFACEOUTERBOUND(#9482, .T.);
#9484 = IFCFACE((#9483));
#9485 = IFCPOLYLOOP((#7476, #9486, #9476));
#9486 = IFCCARTESIANPOINT((2.3514469909668E-1, -2.26913665771484E-1, 6.32626281738281E-1));
#9487 = IFCFACEOUTERBOUND(#9485, .T.);
#9488 = IFCFACE((#9487));
#9489 = IFCPOLYLOOP((#7540, #9486, #7476));
#9490 = IFCFACEOUTERBOUND(#9489, .T.);
#9491 = IFCFACE((#9490));
#9492 = IFCPOLYLOOP((#7475, #7540, #7476));
#9493 = IFCFACEOUTERBOUND(#9492, .T.);
#9494 = IFCFACE((#9493));
#9495 = IFCPOLYLOOP((#7540, #7539, #9496));
#9496 = IFCCARTESIANPOINT((2.33188781738281E-1, -1.80301422119141E-1, 6.33528747558594E-1));
#9497 = IFCFACEOUTERBOUND(#9495, .T.);
#9498 = IFCFACE((#9497));
#9499 = IFCPOLYLOOP((#7573, #7604, #9500));
#9500 = IFCCARTESIANPOINT((2.33185119628906E-1, -1.28562469482422E-1, 6.3374560546875E-1));
#9501 = IFCFACEOUTERBOUND(#9499, .T.);
#9502 = IFCFACE((#9501));
#9503 = IFCPOLYLOOP((#7604, #7641, #9504));
#9504 = IFCCARTESIANPOINT((2.33186431884766E-1, -1.02671997070313E-1, 6.33514221191406E-1));
#9505 = IFCFACEOUTERBOUND(#9503, .T.);
#9506 = IFCFACE((#9505));
#9507 = IFCPOLYLOOP((#7539, #7573, #9508));
#9508 = IFCCARTESIANPOINT((2.33187652587891E-1, -1.54430999755859E-1, 6.33826843261719E-1));
#9509 = IFCFACEOUTERBOUND(#9507, .T.);
#9510 = IFCFACE((#9509));
#9511 = IFCPOLYLOOP((#9512, #7672, #7706));
#9512 = IFCCARTESIANPOINT((2.33251541137695E-1, -5.07538452148438E-2, 6.33301696777344E-1));
#9513 = IFCFACEOUTERBOUND(#9511, .T.);
#9514 = IFCFACE((#9513));
#9515 = IFCPOLYLOOP((#7731, #7756, #9516));
#9516 = IFCCARTESIANPOINT((2.33056015014648E-1, -5.78121757507324E-3, 6.33131164550781E-1));
#9517 = IFCFACEOUTERBOUND(#9515, .T.);
#9518 = IFCFACE((#9517));
#9519 = IFCPOLYLOOP((#7756, #7781, #9520));
#9520 = IFCCARTESIANPOINT((2.31538864135742E-1, 1.57225971221924E-2, 6.33008605957031E-1));
#9521 = IFCFACEOUTERBOUND(#9519, .T.);
#9522 = IFCFACE((#9521));
#9523 = IFCPOLYLOOP((#7706, #7731, #9524));
#9524 = IFCCARTESIANPOINT((2.33341491699219E-1, -2.70893230438232E-2, 6.33233642578125E-1));
#9525 = IFCFACEOUTERBOUND(#9523, .T.);
#9526 = IFCFACE((#9525));
#9527 = IFCPOLYLOOP((#9528, #7641, #7672));
#9528 = IFCCARTESIANPOINT((2.33201293945313E-1, -7.68782653808594E-2, 6.33362365722656E-1));
#9529 = IFCFACEOUTERBOUND(#9527, .T.);
#9530 = IFCFACE((#9529));
#9531 = IFCPOLYLOOP((#9532, #9486, #7540));
#9532 = IFCCARTESIANPOINT((2.33188095092773E-1, -2.06162490844727E-1, 6.32812316894531E-1));
#9533 = IFCFACEOUTERBOUND(#9531, .T.);
#9534 = IFCFACE((#9533));
#9535 = IFCPOLYLOOP((#9486, #9532, #9536));
#9536 = IFCCARTESIANPOINT((2.33187911987305E-1, -2.19088775634766E-1, 6.32317199707031E-1));
#9537 = IFCFACEOUTERBOUND(#9535, .T.);
#9538 = IFCFACE((#9537));
#9539 = IFCPOLYLOOP((#7539, #9540, #9496));
#9540 = IFCCARTESIANPOINT((2.33188598632813E-1, -1.67367233276367E-1, 6.33733581542969E-1));
#9541 = IFCFACEOUTERBOUND(#9539, .T.);
#9542 = IFCFACE((#9541));
#9543 = IFCPOLYLOOP((#9544, #9532, #7540));
#9544 = IFCCARTESIANPOINT((2.33188491821289E-1, -1.93233154296875E-1, 6.33218322753906E-1));
#9545 = IFCFACEOUTERBOUND(#9543, .T.);
#9546 = IFCFACE((#9545));
#9547 = IFCPOLYLOOP((#7573, #9548, #9508));
#9548 = IFCCARTESIANPOINT((2.33186294555664E-1, -1.41495742797852E-1, 6.33823120117188E-1));
#9549 = IFCFACEOUTERBOUND(#9547, .T.);
#9550 = IFCFACE((#9549));
#9551 = IFCPOLYLOOP((#7604, #9552, #9500));
#9552 = IFCCARTESIANPOINT((2.33184860229492E-1, -1.15621719360352E-1, 6.33630493164063E-1));
#9553 = IFCFACEOUTERBOUND(#9551, .T.);
#9554 = IFCFACE((#9553));
#9555 = IFCPOLYLOOP((#7641, #9528, #9556));
#9556 = IFCCARTESIANPOINT((2.33191253662109E-1, -8.97539672851563E-2, 6.33420227050781E-1));
#9557 = IFCFACEOUTERBOUND(#9555, .T.);
#9558 = IFCFACE((#9557));
#9559 = IFCPOLYLOOP((#7672, #9512, #9560));
#9560 = IFCCARTESIANPOINT((2.33220123291016E-1, -6.38928985595703E-2, 6.33328491210938E-1));
#9561 = IFCFACEOUTERBOUND(#9559, .T.);
#9562 = IFCFACE((#9561));
#9563 = IFCPOLYLOOP((#7706, #9564, #9512));
#9564 = IFCCARTESIANPOINT((2.33298965454102E-1, -3.80113220214844E-2, 6.33271301269531E-1));
#9565 = IFCFACEOUTERBOUND(#9563, .T.);
#9566 = IFCFACE((#9565));
#9567 = IFCPOLYLOOP((#9560, #9528, #7672));
#9568 = IFCFACEOUTERBOUND(#9567, .T.);
#9569 = IFCFACE((#9568));
#9570 = IFCPOLYLOOP((#7756, #9520, #9571));
#9571 = IFCCARTESIANPOINT((2.32508056640625E-1, 5.00924873352051E-3, 6.3307080078125E-1));
#9572 = IFCFACEOUTERBOUND(#9570, .T.);
#9573 = IFCFACE((#9572));
#9574 = IFCPOLYLOOP((#9571, #9516, #7756));
#9575 = IFCFACEOUTERBOUND(#9574, .T.);
#9576 = IFCFACE((#9575));
#9577 = IFCPOLYLOOP((#9524, #9564, #7706));
#9578 = IFCFACEOUTERBOUND(#9577, .T.);
#9579 = IFCFACE((#9578));
#9580 = IFCPOLYLOOP((#9556, #9504, #7641));
#9581 = IFCFACEOUTERBOUND(#9580, .T.);
#9582 = IFCFACE((#9581));
#9583 = IFCPOLYLOOP((#9584, #7781, #9585));
#9584 = IFCCARTESIANPOINT((2.30044799804688E-1, 2.63466510772705E-2, 6.32947204589844E-1));
#9585 = IFCCARTESIANPOINT((2.27939056396484E-1, 3.68889770507813E-2, 6.32888671875E-1));
#9586 = IFCFACEOUTERBOUND(#9583, .T.);
#9587 = IFCFACE((#9586));
#9588 = IFCPOLYLOOP((#9589, #9585, #7806));
#9589 = IFCCARTESIANPOINT((2.25192230224609E-1, 4.72987976074219E-2, 6.32833312988281E-1));
#9590 = IFCFACEOUTERBOUND(#9588, .T.);
#9591 = IFCFACE((#9590));
#9592 = IFCPOLYLOOP((#7781, #7806, #9585));
#9593 = IFCFACEOUTERBOUND(#9592, .T.);
#9594 = IFCFACE((#9593));
#9595 = IFCPOLYLOOP((#7806, #7831, #9596));
#9596 = IFCCARTESIANPOINT((2.2178759765625E-1, 5.75103454589844E-2, 6.32781005859375E-1));
#9597 = IFCFACEOUTERBOUND(#9595, .T.);
#9598 = IFCFACE((#9597));
#9599 = IFCPOLYLOOP((#9589, #7806, #9596));
#9600 = IFCFACEOUTERBOUND(#9599, .T.);
#9601 = IFCFACE((#9600));
#9602 = IFCPOLYLOOP((#7853, #9603, #7831));
#9603 = IFCCARTESIANPOINT((2.12914215087891E-1, 7.70718688964844E-2, 6.32686279296875E-1));
#9604 = IFCFACEOUTERBOUND(#9602, .T.);
#9605 = IFCFACE((#9604));
#9606 = IFCPOLYLOOP((#7831, #9607, #9596));
#9607 = IFCCARTESIANPOINT((2.1770166015625E-1, 6.74565124511719E-2, 6.3273193359375E-1));
#9608 = IFCFACEOUTERBOUND(#9606, .T.);
#9609 = IFCFACE((#9608));
#9610 = IFCPOLYLOOP((#7853, #9611, #9603));
#9611 = IFCCARTESIANPOINT((2.07425155639648E-1, 8.62996215820313E-2, 6.32643737792969E-1));
#9612 = IFCFACEOUTERBOUND(#9610, .T.);
#9613 = IFCFACE((#9612));
#9614 = IFCPOLYLOOP((#7853, #9615, #9611));
#9615 = IFCCARTESIANPOINT((2.01251037597656E-1, 9.50914306640625E-2, 6.32603759765625E-1));
#9616 = IFCFACEOUTERBOUND(#9614, .T.);
#9617 = IFCFACE((#9616));
#9618 = IFCPOLYLOOP((#9603, #9607, #7831));
#9619 = IFCFACEOUTERBOUND(#9618, .T.);
#9620 = IFCFACE((#9619));
#9621 = IFCPOLYLOOP((#9615, #7853, #7887));
#9622 = IFCFACEOUTERBOUND(#9621, .T.);
#9623 = IFCFACE((#9622));
#9624 = IFCPOLYLOOP((#9625, #9615, #7887));
#9625 = IFCCARTESIANPOINT((1.94455093383789E-1, 1.03424377441406E-1, 6.32564880371094E-1));
#9626 = IFCFACEOUTERBOUND(#9624, .T.);
#9627 = IFCFACE((#9626));
#9628 = IFCPOLYLOOP((#7924, #7961, #9629));
#9629 = IFCCARTESIANPOINT((1.70977935791016E-1, 1.25503295898438E-1, 6.32438354492188E-1));
#9630 = IFCFACEOUTERBOUND(#9628, .T.);
#9631 = IFCFACE((#9630));
#9632 = IFCPOLYLOOP((#7995, #9633, #7961));
#9633 = IFCCARTESIANPOINT((1.53303909301758E-1, 1.37716278076172E-1, 6.32333801269531E-1));
#9634 = IFCFACEOUTERBOUND(#9632, .T.);
#9635 = IFCFACE((#9634));
#9636 = IFCPOLYLOOP((#7924, #9637, #7887));
#9637 = IFCCARTESIANPOINT((1.87108169555664E-1, 1.1128173828125E-1, 6.32525512695313E-1));
#9638 = IFCFACEOUTERBOUND(#9636, .T.);
#9639 = IFCFACE((#9638));
#9640 = IFCPOLYLOOP((#8035, #8079, #9641));
#9641 = IFCCARTESIANPOINT((1.14964248657227E-1, 1.57153289794922E-1, 6.32087951660156E-1));
#9642 = IFCFACEOUTERBOUND(#9640, .T.);
#9643 = IFCFACE((#9642));
#9644 = IFCPOLYLOOP((#8165, #9645, #8122));
#9645 = IFCCARTESIANPOINT((7.44019470214844E-2, 1.71427185058594E-1, 6.31826965332031E-1));
#9646 = IFCFACEOUTERBOUND(#9644, .T.);
#9647 = IFCFACE((#9646));
#9648 = IFCPOLYLOOP((#8211, #9649, #8165));
#9649 = IFCCARTESIANPOINT((5.34674415588379E-2, 1.76297760009766E-1, 6.31692565917969E-1));
#9650 = IFCFACEOUTERBOUND(#9648, .T.);
#9651 = IFCFACE((#9650));
#9652 = IFCPOLYLOOP((#8122, #9653, #8079));
#9653 = IFCCARTESIANPOINT((9.49104537963867E-2, 1.64962005615234E-1, 6.3195849609375E-1));
#9654 = IFCFACEOUTERBOUND(#9652, .T.);
#9655 = IFCFACE((#9654));
#9656 = IFCPOLYLOOP((#7995, #8035, #9657));
#9657 = IFCCARTESIANPOINT((1.34505004882813E-1, 1.48137542724609E-1, 6.32214477539063E-1));
#9658 = IFCFACEOUTERBOUND(#9656, .T.);
#9659 = IFCFACE((#9658));
#9660 = IFCPOLYLOOP((#8254, #9661, #8211));
#9661 = IFCCARTESIANPOINT((3.22087821960449E-2, 1.794716796875E-1, 6.31569580078125E-1));
#9662 = IFCFACEOUTERBOUND(#9660, .T.);
#9663 = IFCFACE((#9662));
#9664 = IFCPOLYLOOP((#7887, #9637, #9625));
#9665 = IFCFACEOUTERBOUND(#9664, .T.);
#9666 = IFCFACE((#9665));
#9667 = IFCPOLYLOOP((#7924, #9629, #9668));
#9668 = IFCCARTESIANPOINT((1.79265029907227E-1, 1.1864599609375E-1, 6.3248388671875E-1));
#9669 = IFCFACEOUTERBOUND(#9667, .T.);
#9670 = IFCFACE((#9669));
#9671 = IFCPOLYLOOP((#9668, #9637, #7924));
#9672 = IFCFACEOUTERBOUND(#9671, .T.);
#9673 = IFCFACE((#9672));
#9674 = IFCPOLYLOOP((#7995, #9675, #9633));
#9675 = IFCCARTESIANPOINT((1.44021789550781E-1, 1.43127044677734E-1, 6.32275512695313E-1));
#9676 = IFCFACEOUTERBOUND(#9674, .T.);
#9677 = IFCFACE((#9676));
#9678 = IFCPOLYLOOP((#8035, #9641, #9679));
#9679 = IFCCARTESIANPOINT((1.24804412841797E-1, 1.52798736572266E-1, 6.32151672363281E-1));
#9680 = IFCFACEOUTERBOUND(#9678, .T.);
#9681 = IFCFACE((#9680));
#9682 = IFCPOLYLOOP((#9657, #9675, #7995));
#9683 = IFCFACEOUTERBOUND(#9682, .T.);
#9684 = IFCFACE((#9683));
#9685 = IFCPOLYLOOP((#9633, #9686, #7961));
#9686 = IFCCARTESIANPOINT((1.62305130004883E-1, 1.31855682373047E-1, 6.32388366699219E-1));
#9687 = IFCFACEOUTERBOUND(#9685, .T.);
#9688 = IFCFACE((#9687));
#9689 = IFCPOLYLOOP((#8079, #9653, #9690));
#9690 = IFCCARTESIANPOINT((1.04997673034668E-1, 1.61209747314453E-1, 6.32023498535156E-1));
#9691 = IFCFACEOUTERBOUND(#9689, .T.);
#9692 = IFCFACE((#9691));
#9693 = IFCPOLYLOOP((#8122, #9645, #9694));
#9694 = IFCCARTESIANPOINT((8.4709846496582E-2, 1.68379577636719E-1, 6.31893005371094E-1));
#9695 = IFCFACEOUTERBOUND(#9693, .T.);
#9696 = IFCFACE((#9695));
#9697 = IFCPOLYLOOP((#8165, #9698, #9645));
#9698 = IFCCARTESIANPOINT((6.39867210388184E-2, 1.74074462890625E-1, 6.31760070800781E-1));
#9699 = IFCFACEOUTERBOUND(#9697, .T.);
#9700 = IFCFACE((#9699));
#9701 = IFCPOLYLOOP((#9694, #9653, #8122));
#9702 = IFCFACEOUTERBOUND(#9701, .T.);
#9703 = IFCFACE((#9702));
#9704 = IFCPOLYLOOP((#8211, #9705, #9649));
#9705 = IFCCARTESIANPOINT((4.28667945861816E-2, 1.78095092773438E-1, 6.31627746582031E-1));
#9706 = IFCFACEOUTERBOUND(#9704, .T.);
#9707 = IFCFACE((#9706));
#9708 = IFCPOLYLOOP((#8211, #9661, #9705));
#9709 = IFCFACEOUTERBOUND(#9708, .T.);
#9710 = IFCFACE((#9709));
#9711 = IFCPOLYLOOP((#8254, #9712, #9713));
#9712 = IFCCARTESIANPOINT((1.07597408294678E-2, 1.81013397216797E-1, 6.31490905761719E-1));
#9713 = IFCCARTESIANPOINT((2.15032825469971E-2, 1.8043994140625E-1, 6.315224609375E-1));
#9714 = IFCFACEOUTERBOUND(#9711, .T.);
#9715 = IFCFACE((#9714));
#9716 = IFCPOLYLOOP((#9712, #8297, #9717));
#9717 = IFCCARTESIANPOINT((7.76576871430734E-9, 1.81202667236328E-1, 6.31479431152344E-1));
#9718 = IFCFACEOUTERBOUND(#9716, .T.);
#9719 = IFCFACE((#9718));
#9720 = IFCPOLYLOOP((#9713, #9661, #8254));
#9721 = IFCFACEOUTERBOUND(#9720, .T.);
#9722 = IFCFACE((#9721));
#9723 = IFCPOLYLOOP((#9649, #9698, #8165));
#9724 = IFCFACEOUTERBOUND(#9723, .T.);
#9725 = IFCFACE((#9724));
#9726 = IFCPOLYLOOP((#8254, #8297, #9712));
#9727 = IFCFACEOUTERBOUND(#9726, .T.);
#9728 = IFCFACE((#9727));
#9729 = IFCPOLYLOOP((#9730, #8258, #9453));
#9730 = IFCCARTESIANPOINT((2.30115201702574E-8, 2.29971130371094E-1, 7.61982971191406E-1));
#9731 = IFCFACEOUTERBOUND(#9729, .T.);
#9732 = IFCFACE((#9731));
#9733 = IFCPOLYLOOP((#8301, #9734, #9735));
#9734 = IFCCARTESIANPOINT((-1.31454839706421E-2, 2.29809509277344E-1, 7.61777648925781E-1));
#9735 = IFCCARTESIANPOINT((-2.62624111175537E-2, 2.29284240722656E-1, 7.61147766113281E-1));
#9736 = IFCFACEOUTERBOUND(#9733, .T.);
#9737 = IFCFACE((#9736));
#9738 = IFCPOLYLOOP((#8344, #9739, #9740));
#9739 = IFCCARTESIANPOINT((-3.93335876464844E-2, 2.28335632324219E-1, 7.60073913574219E-1));
#9740 = IFCCARTESIANPOINT((-5.23057823181152E-2, 2.26898132324219E-1, 7.585322265625E-1));
#9741 = IFCFACEOUTERBOUND(#9738, .T.);
#9742 = IFCFACE((#9741));
#9743 = IFCPOLYLOOP((#8344, #9740, #9744));
#9744 = IFCCARTESIANPOINT((-6.51208267211914E-2, 2.24911254882813E-1, 7.56503356933594E-1));
#9745 = IFCFACEOUTERBOUND(#9743, .T.);
#9746 = IFCFACE((#9745));
#9747 = IFCPOLYLOOP((#8301, #9735, #9739));
#9748 = IFCFACEOUTERBOUND(#9747, .T.);
#9749 = IFCFACE((#9748));
#9750 = IFCPOLYLOOP((#8387, #9751, #9752));
#9751 = IFCCARTESIANPOINT((-7.77368698120117E-2, 2.2234033203125E-1, 7.53990539550781E-1));
#9752 = IFCCARTESIANPOINT((-9.01195373535156E-2, 2.19168792724609E-1, 7.51012451171875E-1));
#9753 = IFCFACEOUTERBOUND(#9750, .T.);
#9754 = IFCFACE((#9753));
#9755 = IFCPOLYLOOP((#8430, #9756, #9757));
#9756 = IFCCARTESIANPOINT((-1.02248100280762E-1, 2.15426727294922E-1, 7.47627319335938E-1));
#9757 = IFCCARTESIANPOINT((-1.14106369018555E-1, 2.11153594970703E-1, 7.43901489257813E-1));
#9758 = IFCFACEOUTERBOUND(#9755, .T.);
#9759 = IFCFACE((#9758));
#9760 = IFCPOLYLOOP((#8473, #9757, #9761));
#9761 = IFCCARTESIANPOINT((-1.2568278503418E-1, 2.06379486083984E-1, 7.39894653320313E-1));
#9762 = IFCFACEOUTERBOUND(#9760, .T.);
#9763 = IFCFACE((#9762));
#9764 = IFCPOLYLOOP((#8430, #9752, #9756));
#9765 = IFCFACEOUTERBOUND(#9764, .T.);
#9766 = IFCFACE((#9765));
#9767 = IFCPOLYLOOP((#8387, #9744, #9751));
#9768 = IFCFACEOUTERBOUND(#9767, .T.);
#9769 = IFCFACE((#9768));
#9770 = IFCPOLYLOOP((#8516, #9771, #9772));
#9771 = IFCCARTESIANPOINT((-1.36965621948242E-1, 2.01128936767578E-1, 7.3566015625E-1));
#9772 = IFCCARTESIANPOINT((-1.47937774658203E-1, 1.9541357421875E-1, 7.31233032226563E-1));
#9773 = IFCFACEOUTERBOUND(#9770, .T.);
#9774 = IFCFACE((#9773));
#9775 = IFCPOLYLOOP((#8560, #9776, #9777));
#9776 = IFCCARTESIANPOINT((-1.58580978393555E-1, 1.89239776611328E-1, 7.26641052246094E-1));
#9777 = IFCCARTESIANPOINT((-1.68877502441406E-1, 1.82605743408203E-1, 7.21901428222656E-1));
#9778 = IFCFACEOUTERBOUND(#9775, .T.);
#9779 = IFCFACE((#9778));
#9780 = IFCPOLYLOOP((#8560, #9777, #9781));
#9781 = IFCCARTESIANPOINT((-1.78808166503906E-1, 1.75509948730469E-1, 7.1703076171875E-1));
#9782 = IFCFACEOUTERBOUND(#9780, .T.);
#9783 = IFCFACE((#9782));
#9784 = IFCPOLYLOOP((#8516, #9772, #9776));
#9785 = IFCFACEOUTERBOUND(#9784, .T.);
#9786 = IFCFACE((#9785));
#9787 = IFCPOLYLOOP((#8600, #9788, #9789));
#9788 = IFCCARTESIANPOINT((-1.88347442626953E-1, 1.67959320068359E-1, 7.12052551269531E-1));
#9789 = IFCCARTESIANPOINT((-1.97465682983398E-1, 1.59955657958984E-1, 7.06996337890625E-1));
#9790 = IFCFACEOUTERBOUND(#9787, .T.);
#9791 = IFCFACE((#9790));
#9792 = IFCPOLYLOOP((#8637, #9793, #9794));
#9793 = IFCCARTESIANPOINT((-2.06123199462891E-1, 1.51471771240234E-1, 7.01909118652344E-1));
#9794 = IFCCARTESIANPOINT((-2.14271484375E-1, 1.4247607421875E-1, 6.96845947265625E-1));
#9795 = IFCFACEOUTERBOUND(#9792, .T.);
#9796 = IFCFACE((#9795));
#9797 = IFCPOLYLOOP((#8671, #9794, #9798));
#9798 = IFCCARTESIANPOINT((-2.21836776733398E-1, 1.32949310302734E-1, 6.91876037597656E-1));
#9799 = IFCFACEOUTERBOUND(#9797, .T.);
#9800 = IFCFACE((#9799));
#9801 = IFCPOLYLOOP((#8637, #9789, #9793));
#9802 = IFCFACEOUTERBOUND(#9801, .T.);
#9803 = IFCFACE((#9802));
#9804 = IFCPOLYLOOP((#8600, #9781, #9788));
#9805 = IFCFACEOUTERBOUND(#9804, .T.);
#9806 = IFCFACE((#9805));
#9807 = IFCPOLYLOOP((#8473, #9761, #9771));
#9808 = IFCFACEOUTERBOUND(#9807, .T.);
#9809 = IFCFACE((#9808));
#9810 = IFCPOLYLOOP((#8301, #8258, #9734));
#9811 = IFCFACEOUTERBOUND(#9810, .T.);
#9812 = IFCFACE((#9811));
#9813 = IFCPOLYLOOP((#8387, #8344, #9744));
#9814 = IFCFACEOUTERBOUND(#9813, .T.);
#9815 = IFCFACE((#9814));
#9816 = IFCPOLYLOOP((#8430, #8387, #9752));
#9817 = IFCFACEOUTERBOUND(#9816, .T.);
#9818 = IFCFACE((#9817));
#9819 = IFCPOLYLOOP((#8301, #9739, #8344));
#9820 = IFCFACEOUTERBOUND(#9819, .T.);
#9821 = IFCFACE((#9820));
#9822 = IFCPOLYLOOP((#8516, #8473, #9771));
#9823 = IFCFACEOUTERBOUND(#9822, .T.);
#9824 = IFCFACE((#9823));
#9825 = IFCPOLYLOOP((#8600, #8559, #8560));
#9826 = IFCFACEOUTERBOUND(#9825, .T.);
#9827 = IFCFACE((#9826));
#9828 = IFCPOLYLOOP((#8560, #9781, #8600));
#9829 = IFCFACEOUTERBOUND(#9828, .T.);
#9830 = IFCFACE((#9829));
#9831 = IFCPOLYLOOP((#8637, #8600, #9789));
#9832 = IFCFACEOUTERBOUND(#9831, .T.);
#9833 = IFCFACE((#9832));
#9834 = IFCPOLYLOOP((#8560, #8520, #8516));
#9835 = IFCFACEOUTERBOUND(#9834, .T.);
#9836 = IFCFACE((#9835));
#9837 = IFCPOLYLOOP((#8516, #9776, #8560));
#9838 = IFCFACEOUTERBOUND(#9837, .T.);
#9839 = IFCFACE((#9838));
#9840 = IFCPOLYLOOP((#8430, #9757, #8473));
#9841 = IFCFACEOUTERBOUND(#9840, .T.);
#9842 = IFCFACE((#9841));
#9843 = IFCPOLYLOOP((#8705, #9844, #9845));
#9844 = IFCCARTESIANPOINT((-2.28746246337891E-1, 1.22880187988281E-1, 6.87068298339844E-1));
#9845 = IFCCARTESIANPOINT((-2.34956146240234E-1, 1.1227734375E-1, 6.82476013183594E-1));
#9846 = IFCFACEOUTERBOUND(#9843, .T.);
#9847 = IFCFACE((#9846));
#9848 = IFCPOLYLOOP((#8736, #9849, #9850));
#9849 = IFCCARTESIANPOINT((-2.40440948486328E-1, 1.01165863037109E-1, 6.78142150878906E-1));
#9850 = IFCCARTESIANPOINT((-2.45219223022461E-1, 8.96166076660156E-2, 6.74084838867188E-1));
#9851 = IFCFACEOUTERBOUND(#9848, .T.);
#9852 = IFCFACE((#9851));
#9853 = IFCPOLYLOOP((#8736, #9850, #9854));
#9854 = IFCCARTESIANPOINT((-2.49317855834961E-1, 7.77080383300781E-2, 6.70317016601563E-1));
#9855 = IFCFACEOUTERBOUND(#9853, .T.);
#9856 = IFCFACE((#9855));
#9857 = IFCPOLYLOOP((#8705, #9845, #9849));
#9858 = IFCFACEOUTERBOUND(#9857, .T.);
#9859 = IFCFACE((#9858));
#9860 = IFCPOLYLOOP((#8705, #8671, #9844));
#9861 = IFCFACEOUTERBOUND(#9860, .T.);
#9862 = IFCFACE((#9861));
#9863 = IFCPOLYLOOP((#8764, #8736, #9854));
#9864 = IFCFACEOUTERBOUND(#9863, .T.);
#9865 = IFCFACE((#9864));
#9866 = IFCPOLYLOOP((#9849, #8736, #8705));
#9867 = IFCFACEOUTERBOUND(#9866, .T.);
#9868 = IFCFACE((#9867));
#9869 = IFCPOLYLOOP((#9870, #8764, #9871));
#9870 = IFCCARTESIANPOINT((-2.55546829223633E-1, 5.30564880371094E-2, 6.63717468261719E-1));
#9871 = IFCCARTESIANPOINT((-2.52753158569336E-1, 6.55026245117188E-2, 6.66856506347656E-1));
#9872 = IFCFACEOUTERBOUND(#9869, .T.);
#9873 = IFCFACE((#9872));
#9874 = IFCPOLYLOOP((#9794, #8671, #8637));
#9875 = IFCFACEOUTERBOUND(#9874, .T.);
#9876 = IFCFACE((#9875));
#9877 = IFCPOLYLOOP((#8671, #9798, #9844));
#9878 = IFCFACEOUTERBOUND(#9877, .T.);
#9879 = IFCFACE((#9878));
#9880 = IFCPOLYLOOP((#9730, #9734, #8258));
#9881 = IFCFACEOUTERBOUND(#9880, .T.);
#9882 = IFCFACE((#9881));
#9883 = IFCPOLYLOOP((#8789, #9870, #9884));
#9884 = IFCCARTESIANPOINT((-2.57752563476563E-1, 4.0416259765625E-2, 6.60894836425781E-1));
#9885 = IFCFACEOUTERBOUND(#9883, .T.);
#9886 = IFCFACE((#9885));
#9887 = IFCPOLYLOOP((#8814, #9888, #9889));
#9888 = IFCCARTESIANPOINT((-2.59436553955078E-1, 2.76299457550049E-2, 6.58376342773438E-1));
#9889 = IFCCARTESIANPOINT((-2.60682891845703E-1, 1.4761079788208E-2, 6.56139770507813E-1));
#9890 = IFCFACEOUTERBOUND(#9887, .T.);
#9891 = IFCFACE((#9890));
#9892 = IFCPOLYLOOP((#8814, #9889, #9893));
#9893 = IFCCARTESIANPOINT((-2.61579010009766E-1, 1.84395015239716E-3, 6.54158386230469E-1));
#9894 = IFCFACEOUTERBOUND(#9892, .T.);
#9895 = IFCFACE((#9894));
#9896 = IFCPOLYLOOP((#8789, #9884, #9888));
#9897 = IFCFACEOUTERBOUND(#9896, .T.);
#9898 = IFCFACE((#9897));
#9899 = IFCPOLYLOOP((#8839, #9900, #9901));
#9900 = IFCCARTESIANPOINT((-2.62207733154297E-1, -1.12197856903076E-2, 6.52398254394531E-1));
#9901 = IFCCARTESIANPOINT((-2.62642242431641E-1, -2.4438383102417E-2, 6.5083544921875E-1));
#9902 = IFCFACEOUTERBOUND(#9899, .T.);
#9903 = IFCFACE((#9902));
#9904 = IFCPOLYLOOP((#8864, #9905, #9906));
#9905 = IFCCARTESIANPOINT((-2.62921234130859E-1, -3.73274078369141E-2, 6.49493896484375E-1));
#9906 = IFCCARTESIANPOINT((-2.63086395263672E-1, -5.05504150390625E-2, 6.48301696777344E-1));
#9907 = IFCFACEOUTERBOUND(#9904, .T.);
#9908 = IFCFACE((#9907));
#9909 = IFCPOLYLOOP((#8889, #9906, #9910));
#9910 = IFCCARTESIANPOINT((-2.63157958984375E-1, -6.33731842041016E-2, 6.4732421875E-1));
#9911 = IFCFACEOUTERBOUND(#9909, .T.);
#9912 = IFCFACE((#9911));
#9913 = IFCPOLYLOOP((#8864, #9901, #9905));
#9914 = IFCFACEOUTERBOUND(#9913, .T.);
#9915 = IFCFACE((#9914));
#9916 = IFCPOLYLOOP((#8839, #9893, #9900));
#9917 = IFCFACEOUTERBOUND(#9916, .T.);
#9918 = IFCFACE((#9917));
#9919 = IFCPOLYLOOP((#8923, #9920, #9921));
#9920 = IFCCARTESIANPOINT((-2.63185211181641E-1, -7.63592529296875E-2, 6.46486083984375E-1));
#9921 = IFCCARTESIANPOINT((-2.63192596435547E-1, -8.94647979736328E-2, 6.45775634765625E-1));
#9922 = IFCFACEOUTERBOUND(#9919, .T.);
#9923 = IFCFACE((#9922));
#9924 = IFCPOLYLOOP((#8957, #9925, #9926));
#9925 = IFCCARTESIANPOINT((-2.63195007324219E-1, -1.02535202026367E-1, 6.4519091796875E-1));
#9926 = IFCCARTESIANPOINT((-2.63195007324219E-1, -1.15579895019531E-1, 6.44704345703125E-1));
#9927 = IFCFACEOUTERBOUND(#9924, .T.);
#9928 = IFCFACE((#9927));
#9929 = IFCPOLYLOOP((#8957, #9926, #9930));
#9930 = IFCCARTESIANPOINT((-2.63192352294922E-1, -1.28638381958008E-1, 6.44282897949219E-1));
#9931 = IFCFACEOUTERBOUND(#9929, .T.);
#9932 = IFCFACE((#9931));
#9933 = IFCPOLYLOOP((#8923, #9921, #9925));
#9934 = IFCFACEOUTERBOUND(#9933, .T.);
#9935 = IFCFACE((#9934));
#9936 = IFCPOLYLOOP((#8994, #9937, #9938));
#9937 = IFCCARTESIANPOINT((-2.63188873291016E-1, -1.41706268310547E-1, 6.43897033691406E-1));
#9938 = IFCCARTESIANPOINT((-2.63186431884766E-1, -1.54771347045898E-1, 6.4352197265625E-1));
#9939 = IFCFACEOUTERBOUND(#9936, .T.);
#9940 = IFCFACE((#9939));
#9941 = IFCPOLYLOOP((#9025, #9942, #9943));
#9942 = IFCCARTESIANPOINT((-2.63185363769531E-1, -1.67834030151367E-1, 6.43148498535156E-1));
#9943 = IFCCARTESIANPOINT((-2.63185485839844E-1, -1.80897232055664E-1, 6.42773559570313E-1));
#9944 = IFCFACEOUTERBOUND(#9941, .T.);
#9945 = IFCFACE((#9944));
#9946 = IFCPOLYLOOP((#9063, #9943, #9947));
#9947 = IFCCARTESIANPOINT((-2.63186279296875E-1, -1.93961120605469E-1, 6.42402160644531E-1));
#9948 = IFCFACEOUTERBOUND(#9946, .T.);
#9949 = IFCFACE((#9948));
#9950 = IFCPOLYLOOP((#9025, #9938, #9942));
#9951 = IFCFACEOUTERBOUND(#9950, .T.);
#9952 = IFCFACE((#9951));
#9953 = IFCPOLYLOOP((#8994, #9930, #9937));
#9954 = IFCFACEOUTERBOUND(#9953, .T.);
#9955 = IFCFACE((#9954));
#9956 = IFCPOLYLOOP((#8889, #9910, #9920));
#9957 = IFCFACEOUTERBOUND(#9956, .T.);
#9958 = IFCFACE((#9957));
#9959 = IFCPOLYLOOP((#8814, #8789, #9888));
#9960 = IFCFACEOUTERBOUND(#9959, .T.);
#9961 = IFCFACE((#9960));
#9962 = IFCPOLYLOOP((#8864, #8839, #9901));
#9963 = IFCFACEOUTERBOUND(#9962, .T.);
#9964 = IFCFACE((#9963));
#9965 = IFCPOLYLOOP((#8889, #8864, #9906));
#9966 = IFCFACEOUTERBOUND(#9965, .T.);
#9967 = IFCFACE((#9966));
#9968 = IFCPOLYLOOP((#8814, #9893, #8839));
#9969 = IFCFACEOUTERBOUND(#9968, .T.);
#9970 = IFCFACE((#9969));
#9971 = IFCPOLYLOOP((#8957, #8923, #9925));
#9972 = IFCFACEOUTERBOUND(#9971, .T.);
#9973 = IFCFACE((#9972));
#9974 = IFCPOLYLOOP((#9025, #8994, #9938));
#9975 = IFCFACEOUTERBOUND(#9974, .T.);
#9976 = IFCFACE((#9975));
#9977 = IFCPOLYLOOP((#9063, #9025, #9943));
#9978 = IFCFACEOUTERBOUND(#9977, .T.);
#9979 = IFCFACE((#9978));
#9980 = IFCPOLYLOOP((#8957, #9930, #8994));
#9981 = IFCFACEOUTERBOUND(#9980, .T.);
#9982 = IFCFACE((#9981));
#9983 = IFCPOLYLOOP((#8889, #9920, #8923));
#9984 = IFCFACEOUTERBOUND(#9983, .T.);
#9985 = IFCFACE((#9984));
#9986 = IFCPOLYLOOP((#9126, #9055, #9063));
#9987 = IFCFACEOUTERBOUND(#9986, .T.);
#9988 = IFCFACE((#9987));
#9989 = IFCPOLYLOOP((#9063, #9990, #9126));
#9990 = IFCCARTESIANPOINT((-2.63187103271484E-1, -2.07025344848633E-1, 6.42041076660156E-1));
#9991 = IFCFACEOUTERBOUND(#9989, .T.);
#9992 = IFCFACE((#9991));
#9993 = IFCPOLYLOOP((#9126, #9990, #9994));
#9994 = IFCCARTESIANPOINT((-2.631875E-1, -2.20089950561523E-1, 6.4169482421875E-1));
#9995 = IFCFACEOUTERBOUND(#9993, .T.);
#9996 = IFCFACE((#9995));
#9997 = IFCPOLYLOOP((#9119, #9126, #9998));
#9998 = IFCCARTESIANPOINT((-2.61152099609375E-1, -2.2783984375E-1, 6.4083544921875E-1));
#9999 = IFCFACEOUTERBOUND(#9997, .T.);
#10000 = IFCFACE((#9999));
#10001 = IFCPOLYLOOP((#10002, #9134, #9115));
#10002 = IFCCARTESIANPOINT((-2.58791320800781E-1, -2.31149307250977E-1, 6.399873046875E-1));
#10003 = IFCFACEOUTERBOUND(#10001, .T.);
#10004 = IFCFACE((#10003));
#10005 = IFCPOLYLOOP((#9115, #9998, #10002));
#10006 = IFCFACEOUTERBOUND(#10005, .T.);
#10007 = IFCFACE((#10006));
#10008 = IFCPOLYLOOP((#9134, #10002, #10009));
#10009 = IFCCARTESIANPOINT((-2.55698226928711E-1, -2.33658737182617E-1, 6.38925598144531E-1));
#10010 = IFCFACEOUTERBOUND(#10008, .T.);
#10011 = IFCFACE((#10010));
#10012 = IFCPOLYLOOP((#10009, #9130, #9134));
#10013 = IFCFACEOUTERBOUND(#10012, .T.);
#10014 = IFCFACE((#10013));
#10015 = IFCPOLYLOOP((#10016, #9144, #9130));
#10016 = IFCCARTESIANPOINT((-2.5202668762207E-1, -2.35108337402344E-1, 6.37708374023438E-1));
#10017 = IFCFACEOUTERBOUND(#10015, .T.);
#10018 = IFCFACE((#10017));
#10019 = IFCPOLYLOOP((#9130, #10009, #10016));
#10020 = IFCFACEOUTERBOUND(#10019, .T.);
#10021 = IFCFACE((#10020));
#10022 = IFCPOLYLOOP((#8764, #9870, #8789));
#10023 = IFCFACEOUTERBOUND(#10022, .T.);
#10024 = IFCFACE((#10023));
#10025 = IFCPOLYLOOP((#9717, #8297, #10026));
#10026 = IFCCARTESIANPOINT((-1.07542610168457E-2, 1.81014221191406E-1, 6.31490905761719E-1));
#10027 = IFCFACEOUTERBOUND(#10025, .T.);
#10028 = IFCFACE((#10027));
#10029 = IFCPOLYLOOP((#8337, #10026, #8297));
#10030 = IFCFACEOUTERBOUND(#10029, .T.);
#10031 = IFCFACE((#10030));
#10032 = IFCPOLYLOOP((#10033, #10026, #8337));
#10033 = IFCCARTESIANPOINT((-2.14945735931396E-2, 1.80440582275391E-1, 6.31522399902344E-1));
#10034 = IFCFACEOUTERBOUND(#10032, .T.);
#10035 = IFCFACE((#10034));
#10036 = IFCPOLYLOOP((#8380, #10037, #8337));
#10037 = IFCCARTESIANPOINT((-3.2211856842041E-2, 1.79470703125E-1, 6.31569580078125E-1));
#10038 = IFCFACEOUTERBOUND(#10036, .T.);
#10039 = IFCFACE((#10038));
#10040 = IFCPOLYLOOP((#8423, #10041, #8380));
#10041 = IFCCARTESIANPOINT((-5.34782676696777E-2, 1.76296325683594E-1, 6.31692626953125E-1));
#10042 = IFCFACEOUTERBOUND(#10040, .T.);
#10043 = IFCFACE((#10042));
#10044 = IFCPOLYLOOP((#8337, #10037, #10033));
#10045 = IFCFACEOUTERBOUND(#10044, .T.);
#10046 = IFCFACE((#10045));
#10047 = IFCPOLYLOOP((#8380, #10041, #10048));
#10048 = IFCCARTESIANPOINT((-4.28815116882324E-2, 1.78092895507813E-1, 6.31627868652344E-1));
#10049 = IFCFACEOUTERBOUND(#10047, .T.);
#10050 = IFCFACE((#10049));
#10051 = IFCPOLYLOOP((#8423, #10052, #10041));
#10052 = IFCCARTESIANPOINT((-6.39896049499512E-2, 1.74073791503906E-1, 6.31760070800781E-1));
#10053 = IFCFACEOUTERBOUND(#10051, .T.);
#10054 = IFCFACE((#10053));
#10055 = IFCPOLYLOOP((#10048, #10037, #8380));
#10056 = IFCFACEOUTERBOUND(#10055, .T.);
#10057 = IFCFACE((#10056));
#10058 = IFCPOLYLOOP((#10059, #10052, #8423));
#10059 = IFCCARTESIANPOINT((-7.44056015014648E-2, 1.71425659179688E-1, 6.31826965332031E-1));
#10060 = IFCFACEOUTERBOUND(#10058, .T.);
#10061 = IFCFACE((#10060));
#10062 = IFCPOLYLOOP((#8469, #10059, #8423));
#10063 = IFCFACEOUTERBOUND(#10062, .T.);
#10064 = IFCFACE((#10063));
#10065 = IFCPOLYLOOP((#8555, #10066, #8512));
#10066 = IFCCARTESIANPOINT((-1.14950477600098E-1, 1.57158752441406E-1, 6.32087829589844E-1));
#10067 = IFCFACEOUTERBOUND(#10065, .T.);
#10068 = IFCFACE((#10067));
#10069 = IFCPOLYLOOP((#8595, #10070, #8555));
#10070 = IFCCARTESIANPOINT((-1.34497482299805E-1, 1.48141723632813E-1, 6.32214416503906E-1));
#10071 = IFCFACEOUTERBOUND(#10069, .T.);
#10072 = IFCFACE((#10071));
#10073 = IFCPOLYLOOP((#8512, #10074, #8469));
#10074 = IFCCARTESIANPOINT((-9.49049911499023E-2, 1.64964385986328E-1, 6.31958435058594E-1));
#10075 = IFCFACEOUTERBOUND(#10073, .T.);
#10076 = IFCFACE((#10075));
#10077 = IFCPOLYLOOP((#8629, #8666, #10078));
#10078 = IFCCARTESIANPOINT((-1.70978958129883E-1, 1.25503387451172E-1, 6.32438354492188E-1));
#10079 = IFCFACEOUTERBOUND(#10077, .T.);
#10080 = IFCFACE((#10079));
#10081 = IFCPOLYLOOP((#8700, #8731, #10082));
#10082 = IFCCARTESIANPOINT((-2.01260894775391E-1, 9.50797119140625E-2, 6.32603820800781E-1));
#10083 = IFCFACEOUTERBOUND(#10081, .T.);
#10084 = IFCFACE((#10083));
#10085 = IFCPOLYLOOP((#8731, #8759, #10086));
#10086 = IFCCARTESIANPOINT((-2.12922119140625E-1, 7.70557861328125E-2, 6.32686340332031E-1));
#10087 = IFCFACEOUTERBOUND(#10085, .T.);
#10088 = IFCFACE((#10087));
#10089 = IFCPOLYLOOP((#8666, #8700, #10090));
#10090 = IFCCARTESIANPOINT((-1.87112106323242E-1, 1.11276672363281E-1, 6.32525573730469E-1));
#10091 = IFCFACEOUTERBOUND(#10089, .T.);
#10092 = IFCFACE((#10091));
#10093 = IFCPOLYLOOP((#8629, #10094, #8595));
#10094 = IFCCARTESIANPOINT((-1.53303863525391E-1, 1.37715698242188E-1, 6.32333801269531E-1));
#10095 = IFCFACEOUTERBOUND(#10093, .T.);
#10096 = IFCFACE((#10095));
#10097 = IFCPOLYLOOP((#8759, #8784, #10098));
#10098 = IFCCARTESIANPOINT((-2.21792251586914E-1, 5.74991760253906E-2, 6.32781005859375E-1));
#10099 = IFCFACEOUTERBOUND(#10097, .T.);
#10100 = IFCFACE((#10099));
#10101 = IFCPOLYLOOP((#8469, #10102, #10059));
#10102 = IFCCARTESIANPOINT((-8.47139205932617E-2, 1.68378295898438E-1, 6.31893005371094E-1));
#10103 = IFCFACEOUTERBOUND(#10101, .T.);
#10104 = IFCFACE((#10103));
#10105 = IFCPOLYLOOP((#8512, #10106, #10074));
#10106 = IFCCARTESIANPOINT((-1.04982727050781E-1, 1.61215576171875E-1, 6.32023376464844E-1));
#10107 = IFCFACEOUTERBOUND(#10105, .T.);
#10108 = IFCFACE((#10107));
#10109 = IFCPOLYLOOP((#8512, #10066, #10106));
#10110 = IFCFACEOUTERBOUND(#10109, .T.);
#10111 = IFCFACE((#10110));
#10112 = IFCPOLYLOOP((#10074, #10102, #8469));
#10113 = IFCFACEOUTERBOUND(#10112, .T.);
#10114 = IFCFACE((#10113));
#10115 = IFCPOLYLOOP((#8555, #10070, #10116));
#10116 = IFCCARTESIANPOINT((-1.24795768737793E-1, 1.52802703857422E-1, 6.32151672363281E-1));
#10117 = IFCFACEOUTERBOUND(#10115, .T.);
#10118 = IFCFACE((#10117));
#10119 = IFCPOLYLOOP((#8595, #10094, #10120));
#10120 = IFCCARTESIANPOINT((-1.44015625E-1, 1.43130462646484E-1, 6.32275451660156E-1));
#10121 = IFCFACEOUTERBOUND(#10119, .T.);
#10122 = IFCFACE((#10121));
#10123 = IFCPOLYLOOP((#8629, #10124, #10094));
#10124 = IFCCARTESIANPOINT((-1.62309417724609E-1, 1.31852722167969E-1, 6.32388427734375E-1));
#10125 = IFCFACEOUTERBOUND(#10123, .T.);
#10126 = IFCFACE((#10125));
#10127 = IFCPOLYLOOP((#10120, #10070, #8595));
#10128 = IFCFACEOUTERBOUND(#10127, .T.);
#10129 = IFCFACE((#10128));
#10130 = IFCPOLYLOOP((#10116, #10066, #8555));
#10131 = IFCFACEOUTERBOUND(#10130, .T.);
#10132 = IFCFACE((#10131));
#10133 = IFCPOLYLOOP((#8700, #10082, #10134));
#10134 = IFCCARTESIANPOINT((-1.94465560913086E-1, 1.03412384033203E-1, 6.3256494140625E-1));
#10135 = IFCFACEOUTERBOUND(#10133, .T.);
#10136 = IFCFACE((#10135));
#10137 = IFCPOLYLOOP((#10090, #10138, #8666));
#10138 = IFCCARTESIANPOINT((-1.79263336181641E-1, 1.18647491455078E-1, 6.32483825683594E-1));
#10139 = IFCFACEOUTERBOUND(#10137, .T.);
#10140 = IFCFACE((#10139));
#10141 = IFCPOLYLOOP((#8731, #10086, #10142));
#10142 = IFCCARTESIANPOINT((-2.07432205200195E-1, 8.62887268066406E-2, 6.32643798828125E-1));
#10143 = IFCFACEOUTERBOUND(#10141, .T.);
#10144 = IFCFACE((#10143));
#10145 = IFCPOLYLOOP((#8784, #10146, #10147));
#10146 = IFCCARTESIANPOINT((-2.27938064575195E-1, 3.68934631347656E-2, 6.32888671875E-1));
#10147 = IFCCARTESIANPOINT((-2.25192260742188E-1, 4.72986450195313E-2, 6.32833312988281E-1));
#10148 = IFCFACEOUTERBOUND(#10145, .T.);
#10149 = IFCFACE((#10148));
#10150 = IFCPOLYLOOP((#10098, #10151, #8759));
#10151 = IFCCARTESIANPOINT((-2.17710189819336E-1, 6.74375915527344E-2, 6.32731994628906E-1));
#10152 = IFCFACEOUTERBOUND(#10150, .T.);
#10153 = IFCFACE((#10152));
#10154 = IFCPOLYLOOP((#10078, #10124, #8629));
#10155 = IFCFACEOUTERBOUND(#10154, .T.);
#10156 = IFCFACE((#10155));
#10157 = IFCPOLYLOOP((#10146, #8784, #8809));
#10158 = IFCFACEOUTERBOUND(#10157, .T.);
#10159 = IFCFACE((#10158));
#10160 = IFCPOLYLOOP((#10161, #8809, #8834));
#10161 = IFCCARTESIANPOINT((-2.31540084838867E-1, 1.57069721221924E-2, 6.33008666992188E-1));
#10162 = IFCFACEOUTERBOUND(#10160, .T.);
#10163 = IFCFACE((#10162));
#10164 = IFCPOLYLOOP((#10165, #8859, #8884));
#10165 = IFCCARTESIANPOINT((-2.33341201782227E-1, -2.70773296356201E-2, 6.33233581542969E-1));
#10166 = IFCFACEOUTERBOUND(#10164, .T.);
#10167 = IFCFACE((#10166));
#10168 = IFCPOLYLOOP((#10169, #8834, #8859));
#10169 = IFCCARTESIANPOINT((-2.33056625366211E-1, -5.78268241882324E-3, 6.33131164550781E-1));
#10170 = IFCFACEOUTERBOUND(#10168, .T.);
#10171 = IFCFACE((#10170));
#10172 = IFCPOLYLOOP((#10173, #8918, #8949));
#10173 = IFCCARTESIANPOINT((-2.33201278686523E-1, -7.68733673095703E-2, 6.333623046875E-1));
#10174 = IFCFACEOUTERBOUND(#10172, .T.);
#10175 = IFCFACE((#10174));
#10176 = IFCPOLYLOOP((#10177, #8980, #9011));
#10177 = IFCCARTESIANPOINT((-2.33185104370117E-1, -1.28563781738281E-1, 6.3374560546875E-1));
#10178 = IFCFACEOUTERBOUND(#10176, .T.);
#10179 = IFCFACE((#10178));
#10180 = IFCPOLYLOOP((#10181, #9011, #9045));
#10181 = IFCCARTESIANPOINT((-2.33187637329102E-1, -1.54430541992188E-1, 6.33826843261719E-1));
#10182 = IFCFACEOUTERBOUND(#10180, .T.);
#10183 = IFCFACE((#10182));
#10184 = IFCPOLYLOOP((#10185, #8949, #8980));
#10185 = IFCCARTESIANPOINT((-2.33186416625977E-1, -1.02675552368164E-1, 6.33514221191406E-1));
#10186 = IFCFACEOUTERBOUND(#10184, .T.);
#10187 = IFCFACE((#10186));
#10188 = IFCPOLYLOOP((#8884, #8918, #10189));
#10189 = IFCCARTESIANPOINT((-2.33251602172852E-1, -5.07528381347656E-2, 6.333017578125E-1));
#10190 = IFCFACEOUTERBOUND(#10188, .T.);
#10191 = IFCFACE((#10190));
#10192 = IFCPOLYLOOP((#10016, #10193, #9148));
#10193 = IFCCARTESIANPOINT((-2.44099792480469E-1, -2.34766159057617E-1, 6.35189392089844E-1));
#10194 = IFCFACEOUTERBOUND(#10192, .T.);
#10195 = IFCFACE((#10194));
#10196 = IFCPOLYLOOP((#9148, #9144, #10016));
#10197 = IFCFACEOUTERBOUND(#10196, .T.);
#10198 = IFCFACE((#10197));
#10199 = IFCPOLYLOOP((#10193, #10200, #9155));
#10200 = IFCCARTESIANPOINT((-2.40467544555664E-1, -2.33029693603516E-1, 6.34092041015625E-1));
#10201 = IFCFACEOUTERBOUND(#10199, .T.);
#10202 = IFCFACE((#10201));
#10203 = IFCPOLYLOOP((#9155, #9163, #10193));
#10204 = IFCFACEOUTERBOUND(#10203, .T.);
#10205 = IFCFACE((#10204));
#10206 = IFCPOLYLOOP((#9148, #10193, #9163));
#10207 = IFCFACEOUTERBOUND(#10206, .T.);
#10208 = IFCFACE((#10207));
#10209 = IFCPOLYLOOP((#9111, #9104, #9170));
#10210 = IFCFACEOUTERBOUND(#10209, .T.);
#10211 = IFCFACE((#10210));
#10212 = IFCPOLYLOOP((#9170, #9156, #10200));
#10213 = IFCFACEOUTERBOUND(#10212, .T.);
#10214 = IFCFACE((#10213));
#10215 = IFCPOLYLOOP((#10200, #10216, #9170));
#10216 = IFCCARTESIANPOINT((-2.35144683837891E-1, -2.26913665771484E-1, 6.32626281738281E-1));
#10217 = IFCFACEOUTERBOUND(#10215, .T.);
#10218 = IFCFACE((#10217));
#10219 = IFCPOLYLOOP((#9111, #9170, #10216));
#10220 = IFCFACEOUTERBOUND(#10219, .T.);
#10221 = IFCFACE((#10220));
#10222 = IFCPOLYLOOP((#10223, #9111, #10216));
#10223 = IFCCARTESIANPOINT((-2.33188079833984E-1, -2.06162307739258E-1, 6.32812316894531E-1));
#10224 = IFCFACEOUTERBOUND(#10222, .T.);
#10225 = IFCFACE((#10224));
#10226 = IFCPOLYLOOP((#10227, #9045, #9111));
#10227 = IFCCARTESIANPOINT((-2.33188766479492E-1, -1.80301177978516E-1, 6.33528747558594E-1));
#10228 = IFCFACEOUTERBOUND(#10226, .T.);
#10229 = IFCFACE((#10228));
#10230 = IFCPOLYLOOP((#8809, #10161, #10231));
#10231 = IFCCARTESIANPOINT((-2.30044998168945E-1, 2.63453998565674E-2, 6.32947204589844E-1));
#10232 = IFCFACEOUTERBOUND(#10230, .T.);
#10233 = IFCFACE((#10232));
#10234 = IFCPOLYLOOP((#8834, #10169, #10235));
#10235 = IFCCARTESIANPOINT((-2.32509429931641E-1, 4.98904609680176E-3, 6.33070922851563E-1));
#10236 = IFCFACEOUTERBOUND(#10234, .T.);
#10237 = IFCFACE((#10236));
#10238 = IFCPOLYLOOP((#8859, #10239, #10169));
#10239 = IFCCARTESIANPOINT((-2.33295700073242E-1, -1.64822216033936E-2, 6.33186340332031E-1));
#10240 = IFCFACEOUTERBOUND(#10238, .T.);
#10241 = IFCFACE((#10240));
#10242 = IFCPOLYLOOP((#10235, #10161, #8834));
#10243 = IFCFACEOUTERBOUND(#10242, .T.);
#10244 = IFCFACE((#10243));
#10245 = IFCPOLYLOOP((#8884, #10246, #10165));
#10246 = IFCCARTESIANPOINT((-2.33298950195313E-1, -3.80113220214844E-2, 6.33271301269531E-1));
#10247 = IFCFACEOUTERBOUND(#10245, .T.);
#10248 = IFCFACE((#10247));
#10249 = IFCPOLYLOOP((#8918, #10173, #10250));
#10250 = IFCCARTESIANPOINT((-2.33220123291016E-1, -6.38858489990234E-2, 6.33328491210938E-1));
#10251 = IFCFACEOUTERBOUND(#10249, .T.);
#10252 = IFCFACE((#10251));
#10253 = IFCPOLYLOOP((#10189, #10246, #8884));
#10254 = IFCFACEOUTERBOUND(#10253, .T.);
#10255 = IFCFACE((#10254));
#10256 = IFCPOLYLOOP((#10165, #10239, #8859));
#10257 = IFCFACEOUTERBOUND(#10256, .T.);
#10258 = IFCFACE((#10257));
#10259 = IFCPOLYLOOP((#8949, #10185, #10260));
#10260 = IFCCARTESIANPOINT((-2.3319123840332E-1, -8.97549743652344E-2, 6.33420227050781E-1));
#10261 = IFCFACEOUTERBOUND(#10259, .T.);
#10262 = IFCFACE((#10261));
#10263 = IFCPOLYLOOP((#8980, #10177, #10264));
#10264 = IFCCARTESIANPOINT((-2.33184844970703E-1, -1.15624755859375E-1, 6.33630493164063E-1));
#10265 = IFCFACEOUTERBOUND(#10263, .T.);
#10266 = IFCFACE((#10265));
#10267 = IFCPOLYLOOP((#9011, #10268, #10177));
#10268 = IFCCARTESIANPOINT((-2.33186279296875E-1, -1.4149560546875E-1, 6.33823120117188E-1));
#10269 = IFCFACEOUTERBOUND(#10267, .T.);
#10270 = IFCFACE((#10269));
#10271 = IFCPOLYLOOP((#10264, #10185, #8980));
#10272 = IFCFACEOUTERBOUND(#10271, .T.);
#10273 = IFCFACE((#10272));
#10274 = IFCPOLYLOOP((#9045, #10275, #10181));
#10275 = IFCCARTESIANPOINT((-2.33188583374023E-1, -1.67366989135742E-1, 6.33733581542969E-1));
#10276 = IFCFACEOUTERBOUND(#10274, .T.);
#10277 = IFCFACE((#10276));
#10278 = IFCPOLYLOOP((#9045, #10227, #10275));
#10279 = IFCFACEOUTERBOUND(#10278, .T.);
#10280 = IFCFACE((#10279));
#10281 = IFCPOLYLOOP((#9111, #10223, #10282));
#10282 = IFCCARTESIANPOINT((-2.331884765625E-1, -1.93232849121094E-1, 6.33218322753906E-1));
#10283 = IFCFACEOUTERBOUND(#10281, .T.);
#10284 = IFCFACE((#10283));
#10285 = IFCPOLYLOOP((#10216, #10286, #10223));
#10286 = IFCCARTESIANPOINT((-2.33187896728516E-1, -2.19088775634766E-1, 6.32317199707031E-1));
#10287 = IFCFACEOUTERBOUND(#10285, .T.);
#10288 = IFCFACE((#10287));
#10289 = IFCPOLYLOOP((#10282, #10227, #9111));
#10290 = IFCFACEOUTERBOUND(#10289, .T.);
#10291 = IFCFACE((#10290));
#10292 = IFCPOLYLOOP((#10181, #10268, #9011));
#10293 = IFCFACEOUTERBOUND(#10292, .T.);
#10294 = IFCFACE((#10293));
#10295 = IFCPOLYLOOP((#10260, #10173, #8949));
#10296 = IFCFACEOUTERBOUND(#10295, .T.);
#10297 = IFCFACE((#10296));
#10298 = IFCPOLYLOOP((#10146, #8809, #10231));
#10299 = IFCFACEOUTERBOUND(#10298, .T.);
#10300 = IFCFACE((#10299));
#10301 = IFCPOLYLOOP((#7426, #9180, #7492));
#10302 = IFCFACEOUTERBOUND(#10301, .T.);
#10303 = IFCFACE((#10302));
#10304 = IFCPOLYLOOP((#7492, #7422, #7426));
#10305 = IFCFACEOUTERBOUND(#10304, .T.);
#10306 = IFCFACE((#10305));
#10307 = IFCPOLYLOOP((#7468, #7451, #7447));
#10308 = IFCFACEOUTERBOUND(#10307, .T.);
#10309 = IFCFACE((#10308));
#10310 = IFCPOLYLOOP((#7540, #7475, #7532));
#10311 = IFCFACEOUTERBOUND(#10310, .T.);
#10312 = IFCFACE((#10311));
#10313 = IFCPOLYLOOP((#7544, #7487, #7582));
#10314 = IFCFACEOUTERBOUND(#10313, .T.);
#10315 = IFCFACE((#10314));
#10316 = IFCPOLYLOOP((#7555, #7499, #7545));
#10317 = IFCFACEOUTERBOUND(#10316, .T.);
#10318 = IFCFACE((#10317));
#10319 = IFCPOLYLOOP((#7522, #7509, #7555));
#10320 = IFCFACEOUTERBOUND(#10319, .T.);
#10321 = IFCFACE((#10320));
#10322 = IFCPOLYLOOP((#7577, #7582, #7613));
#10323 = IFCFACEOUTERBOUND(#10322, .T.);
#10324 = IFCFACE((#10323));
#10325 = IFCPOLYLOOP((#7589, #7545, #7578));
#10326 = IFCFACEOUTERBOUND(#10325, .T.);
#10327 = IFCFACE((#10326));
#10328 = IFCPOLYLOOP((#7559, #7555, #7589));
#10329 = IFCFACEOUTERBOUND(#10328, .T.);
#10330 = IFCFACE((#10329));
#10331 = IFCPOLYLOOP((#7566, #7559, #7593));
#10332 = IFCFACEOUTERBOUND(#10331, .T.);
#10333 = IFCFACE((#10332));
#10334 = IFCPOLYLOOP((#7608, #7613, #7646));
#10335 = IFCFACEOUTERBOUND(#10334, .T.);
#10336 = IFCFACE((#10335));
#10337 = IFCPOLYLOOP((#7597, #7593, #7630));
#10338 = IFCFACEOUTERBOUND(#10337, .T.);
#10339 = IFCFACE((#10338));
#10340 = IFCPOLYLOOP((#7645, #7646, #7677));
#10341 = IFCFACEOUTERBOUND(#10340, .T.);
#10342 = IFCFACE((#10341));
#10343 = IFCPOLYLOOP((#7650, #7608, #7645));
#10344 = IFCFACEOUTERBOUND(#10343, .T.);
#10345 = IFCFACE((#10344));
#10346 = IFCPOLYLOOP((#7634, #7630, #7664));
#10347 = IFCFACEOUTERBOUND(#10346, .T.);
#10348 = IFCFACE((#10347));
#10349 = IFCPOLYLOOP((#7641, #7634, #7668));
#10350 = IFCFACEOUTERBOUND(#10349, .T.);
#10351 = IFCFACE((#10350));
#10352 = IFCPOLYLOOP((#7676, #7677, #7711));
#10353 = IFCFACEOUTERBOUND(#10352, .T.);
#10354 = IFCFACE((#10353));
#10355 = IFCPOLYLOOP((#7681, #7645, #7676));
#10356 = IFCFACEOUTERBOUND(#10355, .T.);
#10357 = IFCFACE((#10356));
#10358 = IFCPOLYLOOP((#7672, #7668, #7702));
#10359 = IFCFACEOUTERBOUND(#10358, .T.);
#10360 = IFCFACE((#10359));
#10361 = IFCPOLYLOOP((#7710, #7711, #7736));
#10362 = IFCFACEOUTERBOUND(#10361, .T.);
#10363 = IFCFACE((#10362));
#10364 = IFCPOLYLOOP((#7715, #7676, #7710));
#10365 = IFCFACEOUTERBOUND(#10364, .T.);
#10366 = IFCFACE((#10365));
#10367 = IFCPOLYLOOP((#7719, #7681, #7715));
#10368 = IFCFACEOUTERBOUND(#10367, .T.);
#10369 = IFCFACE((#10368));
#10370 = IFCPOLYLOOP((#7723, #7685, #7719));
#10371 = IFCFACEOUTERBOUND(#10370, .T.);
#10372 = IFCFACE((#10371));
#10373 = IFCPOLYLOOP((#7727, #7692, #7723));
#10374 = IFCFACEOUTERBOUND(#10373, .T.);
#10375 = IFCFACE((#10374));
#10376 = IFCPOLYLOOP((#7731, #7702, #7727));
#10377 = IFCFACEOUTERBOUND(#10376, .T.);
#10378 = IFCFACE((#10377));
#10379 = IFCPOLYLOOP((#7735, #7736, #7761));
#10380 = IFCFACEOUTERBOUND(#10379, .T.);
#10381 = IFCFACE((#10380));
#10382 = IFCPOLYLOOP((#7740, #7710, #7735));
#10383 = IFCFACEOUTERBOUND(#10382, .T.);
#10384 = IFCFACE((#10383));
#10385 = IFCPOLYLOOP((#7744, #7715, #7740));
#10386 = IFCFACEOUTERBOUND(#10385, .T.);
#10387 = IFCFACE((#10386));
#10388 = IFCPOLYLOOP((#7748, #7719, #7744));
#10389 = IFCFACEOUTERBOUND(#10388, .T.);
#10390 = IFCFACE((#10389));
#10391 = IFCPOLYLOOP((#7752, #7723, #7748));
#10392 = IFCFACEOUTERBOUND(#10391, .T.);
#10393 = IFCFACE((#10392));
#10394 = IFCPOLYLOOP((#7756, #7727, #7752));
#10395 = IFCFACEOUTERBOUND(#10394, .T.);
#10396 = IFCFACE((#10395));
#10397 = IFCPOLYLOOP((#7760, #7761, #7786));
#10398 = IFCFACEOUTERBOUND(#10397, .T.);
#10399 = IFCFACE((#10398));
#10400 = IFCPOLYLOOP((#7765, #7735, #7760));
#10401 = IFCFACEOUTERBOUND(#10400, .T.);
#10402 = IFCFACE((#10401));
#10403 = IFCPOLYLOOP((#7769, #7740, #7765));
#10404 = IFCFACEOUTERBOUND(#10403, .T.);
#10405 = IFCFACE((#10404));
#10406 = IFCPOLYLOOP((#7773, #7744, #7769));
#10407 = IFCFACEOUTERBOUND(#10406, .T.);
#10408 = IFCFACE((#10407));
#10409 = IFCPOLYLOOP((#7777, #7748, #7773));
#10410 = IFCFACEOUTERBOUND(#10409, .T.);
#10411 = IFCFACE((#10410));
#10412 = IFCPOLYLOOP((#7781, #7752, #7777));
#10413 = IFCFACEOUTERBOUND(#10412, .T.);
#10414 = IFCFACE((#10413));
#10415 = IFCPOLYLOOP((#7785, #7786, #7811));
#10416 = IFCFACEOUTERBOUND(#10415, .T.);
#10417 = IFCFACE((#10416));
#10418 = IFCPOLYLOOP((#7790, #7760, #7785));
#10419 = IFCFACEOUTERBOUND(#10418, .T.);
#10420 = IFCFACE((#10419));
#10421 = IFCPOLYLOOP((#7794, #7765, #7790));
#10422 = IFCFACEOUTERBOUND(#10421, .T.);
#10423 = IFCFACE((#10422));
#10424 = IFCPOLYLOOP((#7798, #7769, #7794));
#10425 = IFCFACEOUTERBOUND(#10424, .T.);
#10426 = IFCFACE((#10425));
#10427 = IFCPOLYLOOP((#7802, #7773, #7798));
#10428 = IFCFACEOUTERBOUND(#10427, .T.);
#10429 = IFCFACE((#10428));
#10430 = IFCPOLYLOOP((#7806, #7777, #7802));
#10431 = IFCFACEOUTERBOUND(#10430, .T.);
#10432 = IFCFACE((#10431));
#10433 = IFCPOLYLOOP((#7810, #7811, #7836));
#10434 = IFCFACEOUTERBOUND(#10433, .T.);
#10435 = IFCFACE((#10434));
#10436 = IFCPOLYLOOP((#7815, #7785, #7810));
#10437 = IFCFACEOUTERBOUND(#10436, .T.);
#10438 = IFCFACE((#10437));
#10439 = IFCPOLYLOOP((#7819, #7790, #7815));
#10440 = IFCFACEOUTERBOUND(#10439, .T.);
#10441 = IFCFACE((#10440));
#10442 = IFCPOLYLOOP((#7823, #7794, #7819));
#10443 = IFCFACEOUTERBOUND(#10442, .T.);
#10444 = IFCFACE((#10443));
#10445 = IFCPOLYLOOP((#7827, #7798, #7823));
#10446 = IFCFACEOUTERBOUND(#10445, .T.);
#10447 = IFCFACE((#10446));
#10448 = IFCPOLYLOOP((#7831, #7802, #7827));
#10449 = IFCFACEOUTERBOUND(#10448, .T.);
#10450 = IFCFACE((#10449));
#10451 = IFCPOLYLOOP((#7835, #7836, #7864));
#10452 = IFCFACEOUTERBOUND(#10451, .T.);
#10453 = IFCFACE((#10452));
#10454 = IFCPOLYLOOP((#7840, #7810, #7835));
#10455 = IFCFACEOUTERBOUND(#10454, .T.);
#10456 = IFCFACE((#10455));
#10457 = IFCPOLYLOOP((#7844, #7815, #7840));
#10458 = IFCFACEOUTERBOUND(#10457, .T.);
#10459 = IFCFACE((#10458));
#10460 = IFCPOLYLOOP((#7848, #7819, #7844));
#10461 = IFCFACEOUTERBOUND(#10460, .T.);
#10462 = IFCFACE((#10461));
#10463 = IFCPOLYLOOP((#7852, #7823, #7848));
#10464 = IFCFACEOUTERBOUND(#10463, .T.);
#10465 = IFCFACE((#10464));
#10466 = IFCPOLYLOOP((#7863, #7864, #7895));
#10467 = IFCFACEOUTERBOUND(#10466, .T.);
#10468 = IFCFACE((#10467));
#10469 = IFCPOLYLOOP((#7868, #7835, #7863));
#10470 = IFCFACEOUTERBOUND(#10469, .T.);
#10471 = IFCFACE((#10470));
#10472 = IFCPOLYLOOP((#7872, #7840, #7868));
#10473 = IFCFACEOUTERBOUND(#10472, .T.);
#10474 = IFCFACE((#10473));
#10475 = IFCPOLYLOOP((#7876, #7844, #7872));
#10476 = IFCFACEOUTERBOUND(#10475, .T.);
#10477 = IFCFACE((#10476));
#10478 = IFCPOLYLOOP((#7894, #7895, #7936));
#10479 = IFCFACEOUTERBOUND(#10478, .T.);
#10480 = IFCFACE((#10479));
#10481 = IFCPOLYLOOP((#7899, #7863, #7894));
#10482 = IFCFACEOUTERBOUND(#10481, .T.);
#10483 = IFCFACE((#10482));
#10484 = IFCPOLYLOOP((#7931, #7936, #7969));
#10485 = IFCFACEOUTERBOUND(#10484, .T.);
#10486 = IFCFACE((#10485));
#10487 = IFCPOLYLOOP((#7950, #7900, #7940));
#10488 = IFCFACEOUTERBOUND(#10487, .T.);
#10489 = IFCFACE((#10488));
#10490 = IFCPOLYLOOP((#7973, #7931, #7968));
#10491 = IFCFACEOUTERBOUND(#10490, .T.);
#10492 = IFCFACE((#10491));
#10493 = IFCPOLYLOOP((#7977, #7932, #7973));
#10494 = IFCFACEOUTERBOUND(#10493, .T.);
#10495 = IFCFACE((#10494));
#10496 = IFCPOLYLOOP((#8567, #8559, #8599));
#10497 = IFCFACEOUTERBOUND(#10496, .T.);
#10498 = IFCFACE((#10497));
#10499 = IFCPOLYLOOP((#8574, #8567, #8604));
#10500 = IFCFACEOUTERBOUND(#10499, .T.);
#10501 = IFCFACE((#10500));
#10502 = IFCPOLYLOOP((#8599, #8600, #8637));
#10503 = IFCFACEOUTERBOUND(#10502, .T.);
#10504 = IFCFACE((#10503));
#10505 = IFCPOLYLOOP((#8615, #8608, #8648));
#10506 = IFCFACEOUTERBOUND(#10505, .T.);
#10507 = IFCFACE((#10506));
#10508 = IFCPOLYLOOP((#8633, #8637, #8671));
#10509 = IFCFACEOUTERBOUND(#10508, .T.);
#10510 = IFCFACE((#10509));
#10511 = IFCPOLYLOOP((#8641, #8633, #8670));
#10512 = IFCFACEOUTERBOUND(#10511, .T.);
#10513 = IFCFACE((#10512));
#10514 = IFCPOLYLOOP((#8648, #8641, #8675));
#10515 = IFCFACEOUTERBOUND(#10514, .T.);
#10516 = IFCFACE((#10515));
#10517 = IFCPOLYLOOP((#8670, #8671, #8705));
#10518 = IFCFACEOUTERBOUND(#10517, .T.);
#10519 = IFCFACE((#10518));
#10520 = IFCPOLYLOOP((#8675, #8670, #8704));
#10521 = IFCFACEOUTERBOUND(#10520, .T.);
#10522 = IFCFACE((#10521));
#10523 = IFCPOLYLOOP((#8679, #8675, #8709));
#10524 = IFCFACEOUTERBOUND(#10523, .T.);
#10525 = IFCFACE((#10524));
#10526 = IFCPOLYLOOP((#8686, #8679, #8713));
#10527 = IFCFACEOUTERBOUND(#10526, .T.);
#10528 = IFCFACE((#10527));
#10529 = IFCPOLYLOOP((#8704, #8705, #8736));
#10530 = IFCFACEOUTERBOUND(#10529, .T.);
#10531 = IFCFACE((#10530));
#10532 = IFCPOLYLOOP((#8709, #8704, #8735));
#10533 = IFCFACEOUTERBOUND(#10532, .T.);
#10534 = IFCFACE((#10533));
#10535 = IFCPOLYLOOP((#8713, #8709, #8740));
#10536 = IFCFACEOUTERBOUND(#10535, .T.);
#10537 = IFCFACE((#10536));
#10538 = IFCPOLYLOOP((#8717, #8713, #8744));
#10539 = IFCFACEOUTERBOUND(#10538, .T.);
#10540 = IFCFACE((#10539));
#10541 = IFCPOLYLOOP((#8724, #8717, #8748));
#10542 = IFCFACEOUTERBOUND(#10541, .T.);
#10543 = IFCFACE((#10542));
#10544 = IFCPOLYLOOP((#8735, #8736, #8764));
#10545 = IFCFACEOUTERBOUND(#10544, .T.);
#10546 = IFCFACE((#10545));
#10547 = IFCPOLYLOOP((#8740, #8735, #8763));
#10548 = IFCFACEOUTERBOUND(#10547, .T.);
#10549 = IFCFACE((#10548));
#10550 = IFCPOLYLOOP((#8744, #8740, #8768));
#10551 = IFCFACEOUTERBOUND(#10550, .T.);
#10552 = IFCFACE((#10551));
#10553 = IFCPOLYLOOP((#8748, #8744, #8772));
#10554 = IFCFACEOUTERBOUND(#10553, .T.);
#10555 = IFCFACE((#10554));
#10556 = IFCPOLYLOOP((#8752, #8748, #8776));
#10557 = IFCFACEOUTERBOUND(#10556, .T.);
#10558 = IFCFACE((#10557));
#10559 = IFCPOLYLOOP((#8759, #8752, #8780));
#10560 = IFCFACEOUTERBOUND(#10559, .T.);
#10561 = IFCFACE((#10560));
#10562 = IFCPOLYLOOP((#8763, #8764, #8789));
#10563 = IFCFACEOUTERBOUND(#10562, .T.);
#10564 = IFCFACE((#10563));
#10565 = IFCPOLYLOOP((#8768, #8763, #8788));
#10566 = IFCFACEOUTERBOUND(#10565, .T.);
#10567 = IFCFACE((#10566));
#10568 = IFCPOLYLOOP((#8772, #8768, #8793));
#10569 = IFCFACEOUTERBOUND(#10568, .T.);
#10570 = IFCFACE((#10569));
#10571 = IFCPOLYLOOP((#8776, #8772, #8797));
#10572 = IFCFACEOUTERBOUND(#10571, .T.);
#10573 = IFCFACE((#10572));
#10574 = IFCPOLYLOOP((#8780, #8776, #8801));
#10575 = IFCFACEOUTERBOUND(#10574, .T.);
#10576 = IFCFACE((#10575));
#10577 = IFCPOLYLOOP((#8784, #8780, #8805));
#10578 = IFCFACEOUTERBOUND(#10577, .T.);
#10579 = IFCFACE((#10578));
#10580 = IFCPOLYLOOP((#8788, #8789, #8814));
#10581 = IFCFACEOUTERBOUND(#10580, .T.);
#10582 = IFCFACE((#10581));
#10583 = IFCPOLYLOOP((#8793, #8788, #8813));
#10584 = IFCFACEOUTERBOUND(#10583, .T.);
#10585 = IFCFACE((#10584));
#10586 = IFCPOLYLOOP((#8797, #8793, #8818));
#10587 = IFCFACEOUTERBOUND(#10586, .T.);
#10588 = IFCFACE((#10587));
#10589 = IFCPOLYLOOP((#8801, #8797, #8822));
#10590 = IFCFACEOUTERBOUND(#10589, .T.);
#10591 = IFCFACE((#10590));
#10592 = IFCPOLYLOOP((#8805, #8801, #8826));
#10593 = IFCFACEOUTERBOUND(#10592, .T.);
#10594 = IFCFACE((#10593));
#10595 = IFCPOLYLOOP((#8809, #8805, #8830));
#10596 = IFCFACEOUTERBOUND(#10595, .T.);
#10597 = IFCFACE((#10596));
#10598 = IFCPOLYLOOP((#8813, #8814, #8839));
#10599 = IFCFACEOUTERBOUND(#10598, .T.);
#10600 = IFCFACE((#10599));
#10601 = IFCPOLYLOOP((#8818, #8813, #8838));
#10602 = IFCFACEOUTERBOUND(#10601, .T.);
#10603 = IFCFACE((#10602));
#10604 = IFCPOLYLOOP((#8822, #8818, #8843));
#10605 = IFCFACEOUTERBOUND(#10604, .T.);
#10606 = IFCFACE((#10605));
#10607 = IFCPOLYLOOP((#8826, #8822, #8847));
#10608 = IFCFACEOUTERBOUND(#10607, .T.);
#10609 = IFCFACE((#10608));
#10610 = IFCPOLYLOOP((#8830, #8826, #8851));
#10611 = IFCFACEOUTERBOUND(#10610, .T.);
#10612 = IFCFACE((#10611));
#10613 = IFCPOLYLOOP((#8834, #8830, #8855));
#10614 = IFCFACEOUTERBOUND(#10613, .T.);
#10615 = IFCFACE((#10614));
#10616 = IFCPOLYLOOP((#8838, #8839, #8864));
#10617 = IFCFACEOUTERBOUND(#10616, .T.);
#10618 = IFCFACE((#10617));
#10619 = IFCPOLYLOOP((#8843, #8838, #8863));
#10620 = IFCFACEOUTERBOUND(#10619, .T.);
#10621 = IFCFACE((#10620));
#10622 = IFCPOLYLOOP((#8847, #8843, #8868));
#10623 = IFCFACEOUTERBOUND(#10622, .T.);
#10624 = IFCFACE((#10623));
#10625 = IFCPOLYLOOP((#8851, #8847, #8872));
#10626 = IFCFACEOUTERBOUND(#10625, .T.);
#10627 = IFCFACE((#10626));
#10628 = IFCPOLYLOOP((#8855, #8851, #8876));
#10629 = IFCFACEOUTERBOUND(#10628, .T.);
#10630 = IFCFACE((#10629));
#10631 = IFCPOLYLOOP((#8859, #8855, #8880));
#10632 = IFCFACEOUTERBOUND(#10631, .T.);
#10633 = IFCFACE((#10632));
#10634 = IFCPOLYLOOP((#8863, #8864, #8889));
#10635 = IFCFACEOUTERBOUND(#10634, .T.);
#10636 = IFCFACE((#10635));
#10637 = IFCPOLYLOOP((#8868, #8863, #8888));
#10638 = IFCFACEOUTERBOUND(#10637, .T.);
#10639 = IFCFACE((#10638));
#10640 = IFCPOLYLOOP((#8918, #8880, #8911));
#10641 = IFCFACEOUTERBOUND(#10640, .T.);
#10642 = IFCFACE((#10641));
#10643 = IFCPOLYLOOP((#8888, #8889, #8923));
#10644 = IFCFACEOUTERBOUND(#10643, .T.);
#10645 = IFCFACE((#10644));
#10646 = IFCPOLYLOOP((#8893, #8888, #8922));
#10647 = IFCFACEOUTERBOUND(#10646, .T.);
#10648 = IFCFACE((#10647));
#10649 = IFCPOLYLOOP((#8945, #8907, #8938));
#10650 = IFCFACEOUTERBOUND(#10649, .T.);
#10651 = IFCFACE((#10650));
#10652 = IFCPOLYLOOP((#8949, #8911, #8945));
#10653 = IFCFACEOUTERBOUND(#10652, .T.);
#10654 = IFCFACE((#10653));
#10655 = IFCPOLYLOOP((#8922, #8923, #8957));
#10656 = IFCFACEOUTERBOUND(#10655, .T.);
#10657 = IFCFACE((#10656));
#10658 = IFCPOLYLOOP((#8979, #8938, #8972));
#10659 = IFCFACEOUTERBOUND(#10658, .T.);
#10660 = IFCFACE((#10659));
#10661 = IFCPOLYLOOP((#8953, #8957, #8994));
#10662 = IFCFACEOUTERBOUND(#10661, .T.);
#10663 = IFCFACE((#10662));
#10664 = IFCPOLYLOOP((#8968, #8961, #8998));
#10665 = IFCFACEOUTERBOUND(#10664, .T.);
#10666 = IFCFACE((#10665));
#10667 = IFCPOLYLOOP((#9006, #8968, #9002));
#10668 = IFCFACEOUTERBOUND(#10667, .T.);
#10669 = IFCFACE((#10668));
#10670 = IFCPOLYLOOP((#9010, #8972, #9006));
#10671 = IFCFACEOUTERBOUND(#10670, .T.);
#10672 = IFCFACE((#10671));
#10673 = IFCPOLYLOOP((#8990, #8994, #9025));
#10674 = IFCFACEOUTERBOUND(#10673, .T.);
#10675 = IFCFACE((#10674));
#10676 = IFCPOLYLOOP((#9002, #8998, #9029));
#10677 = IFCFACEOUTERBOUND(#10676, .T.);
#10678 = IFCFACE((#10677));
#10679 = IFCPOLYLOOP((#9037, #9002, #9033));
#10680 = IFCFACEOUTERBOUND(#10679, .T.);
#10681 = IFCFACE((#10680));
#10682 = IFCPOLYLOOP((#9111, #9038, #9104));
#10683 = IFCFACEOUTERBOUND(#10682, .T.);
#10684 = IFCFACE((#10683));
#10685 = IFCPOLYLOOP((#9163, #9079, #9148));
#10686 = IFCFACEOUTERBOUND(#10685, .T.);
#10687 = IFCFACE((#10686));
#10688 = IFCPOLYLOOP((#7426, #9261, #9181));
#10689 = IFCFACEOUTERBOUND(#10688, .T.);
#10690 = IFCFACE((#10689));
#10691 = IFCPOLYLOOP((#9261, #7418, #7414));
#10692 = IFCFACEOUTERBOUND(#10691, .T.);
#10693 = IFCFACE((#10692));
#10694 = IFCPOLYLOOP((#9472, #7451, #7468));
#10695 = IFCFACEOUTERBOUND(#10694, .T.);
#10696 = IFCFACE((#10695));
#10697 = IFCPOLYLOOP((#9476, #7460, #7459));
#10698 = IFCFACEOUTERBOUND(#10697, .T.);
#10699 = IFCFACE((#10698));
#10700 = IFCPOLYLOOP((#7540, #9496, #9544));
#10701 = IFCFACEOUTERBOUND(#10700, .T.);
#10702 = IFCFACE((#10701));
#10703 = IFCPOLYLOOP((#7573, #9500, #9548));
#10704 = IFCFACEOUTERBOUND(#10703, .T.);
#10705 = IFCFACE((#10704));
#10706 = IFCPOLYLOOP((#7604, #9504, #9552));
#10707 = IFCFACEOUTERBOUND(#10706, .T.);
#10708 = IFCFACE((#10707));
#10709 = IFCPOLYLOOP((#7539, #9508, #9540));
#10710 = IFCFACEOUTERBOUND(#10709, .T.);
#10711 = IFCFACE((#10710));
#10712 = IFCPOLYLOOP((#7731, #9516, #10713));
#10713 = IFCCARTESIANPOINT((2.33295913696289E-1, -1.6499174118042E-2, 6.33186401367188E-1));
#10714 = IFCFACEOUTERBOUND(#10712, .T.);
#10715 = IFCFACE((#10714));
#10716 = IFCPOLYLOOP((#7781, #9584, #9520));
#10717 = IFCFACEOUTERBOUND(#10716, .T.);
#10718 = IFCFACE((#10717));
#10719 = IFCPOLYLOOP((#7731, #10713, #9524));
#10720 = IFCFACEOUTERBOUND(#10719, .T.);
#10721 = IFCFACE((#10720));
#10722 = IFCPOLYLOOP((#7961, #9686, #9629));
#10723 = IFCFACEOUTERBOUND(#10722, .T.);
#10724 = IFCFACE((#10723));
#10725 = IFCPOLYLOOP((#8079, #9690, #9641));
#10726 = IFCFACEOUTERBOUND(#10725, .T.);
#10727 = IFCFACE((#10726));
#10728 = IFCPOLYLOOP((#8035, #9679, #9657));
#10729 = IFCFACEOUTERBOUND(#10728, .T.);
#10730 = IFCFACE((#10729));
#10731 = IFCPOLYLOOP((#8764, #9854, #9871));
#10732 = IFCFACEOUTERBOUND(#10731, .T.);
#10733 = IFCFACE((#10732));
#10734 = IFCPOLYLOOP((#9990, #9063, #9947));
#10735 = IFCFACEOUTERBOUND(#10734, .T.);
#10736 = IFCFACE((#10735));
#10737 = IFCPOLYLOOP((#9126, #9994, #9998));
#10738 = IFCFACEOUTERBOUND(#10737, .T.);
#10739 = IFCFACE((#10738));
#10740 = IFCPOLYLOOP((#9998, #9115, #9119));
#10741 = IFCFACEOUTERBOUND(#10740, .T.);
#10742 = IFCFACE((#10741));
#10743 = IFCPOLYLOOP((#8666, #10138, #10078));
#10744 = IFCFACEOUTERBOUND(#10743, .T.);
#10745 = IFCFACE((#10744));
#10746 = IFCPOLYLOOP((#8731, #10142, #10082));
#10747 = IFCFACEOUTERBOUND(#10746, .T.);
#10748 = IFCFACE((#10747));
#10749 = IFCPOLYLOOP((#8759, #10151, #10086));
#10750 = IFCFACEOUTERBOUND(#10749, .T.);
#10751 = IFCFACE((#10750));
#10752 = IFCPOLYLOOP((#8700, #10134, #10090));
#10753 = IFCFACEOUTERBOUND(#10752, .T.);
#10754 = IFCFACE((#10753));
#10755 = IFCPOLYLOOP((#8784, #10147, #10098));
#10756 = IFCFACEOUTERBOUND(#10755, .T.);
#10757 = IFCFACE((#10756));
#10758 = IFCPOLYLOOP((#8918, #10250, #10189));
#10759 = IFCFACEOUTERBOUND(#10758, .T.);
#10760 = IFCFACE((#10759));
#10761 = IFCPOLYLOOP((#10200, #9156, #9155));
#10762 = IFCFACEOUTERBOUND(#10761, .T.);
#10763 = IFCFACE((#10762));
#10764 = IFCPOLYLOOP((#10765, #10286, #10216));
#10765 = IFCCARTESIANPOINT((-2.33187896728516E-1, -2.19088775634766E-1, 6.28961547851563E-1));
#10766 = IFCFACEOUTERBOUND(#10764, .T.);
#10767 = IFCFACE((#10766));
#10768 = IFCPOLYLOOP((#10193, #10769, #10200));
#10769 = IFCCARTESIANPOINT((-2.45404693603516E-1, -2.35117965698242E-1, 6.20466796875E-1));
#10770 = IFCFACEOUTERBOUND(#10768, .T.);
#10771 = IFCFACE((#10770));
#10772 = IFCPOLYLOOP((#10200, #10773, #10216));
#10773 = IFCCARTESIANPOINT((-2.40467544555664E-1, -2.33029693603516E-1, 6.20466796875E-1));
#10774 = IFCFACEOUTERBOUND(#10772, .T.);
#10775 = IFCFACE((#10774));
#10776 = IFCPOLYLOOP((#10016, #10777, #10193));
#10777 = IFCCARTESIANPOINT((-2.50671295166016E-1, -2.35354721069336E-1, 6.20466796875E-1));
#10778 = IFCFACEOUTERBOUND(#10776, .T.);
#10779 = IFCFACE((#10778));
#10780 = IFCPOLYLOOP((#10009, #10781, #10016));
#10781 = IFCCARTESIANPOINT((-2.55698226928711E-1, -2.33658737182617E-1, 6.20466796875E-1));
#10782 = IFCFACEOUTERBOUND(#10780, .T.);
#10783 = IFCFACE((#10782));
#10784 = IFCPOLYLOOP((#10002, #9998, #10785));
#10785 = IFCCARTESIANPOINT((-2.59598815917969E-1, -2.3020475769043E-1, 6.20466796875E-1));
#10786 = IFCFACEOUTERBOUND(#10784, .T.);
#10787 = IFCFACE((#10786));
#10788 = IFCPOLYLOOP((#9998, #9994, #10789));
#10789 = IFCCARTESIANPOINT((-2.631875E-1, -2.20089950561523E-1, 6.31080810546875E-1));
#10790 = IFCFACEOUTERBOUND(#10788, .T.);
#10791 = IFCFACE((#10790));
#10792 = IFCPOLYLOOP((#10002, #10785, #10009));
#10793 = IFCFACEOUTERBOUND(#10792, .T.);
#10794 = IFCFACE((#10793));
#10795 = IFCPOLYLOOP((#10796, #10765, #10216));
#10796 = IFCCARTESIANPOINT((-2.34116973876953E-1, -2.24496368408203E-1, 6.20466796875E-1));
#10797 = IFCFACEOUTERBOUND(#10795, .T.);
#10798 = IFCFACE((#10797));
#10799 = IFCPOLYLOOP((#10796, #10216, #10800));
#10800 = IFCCARTESIANPOINT((-2.36643447875977E-1, -2.29335662841797E-1, 6.20466796875E-1));
#10801 = IFCFACEOUTERBOUND(#10799, .T.);
#10802 = IFCFACE((#10801));
#10803 = IFCPOLYLOOP((#9998, #10804, #10785));
#10804 = IFCCARTESIANPOINT((-2.62240539550781E-1, -2.25397125244141E-1, 6.20466796875E-1));
#10805 = IFCFACEOUTERBOUND(#10803, .T.);
#10806 = IFCFACE((#10805));
#10807 = IFCPOLYLOOP((#9998, #10789, #10804));
#10808 = IFCFACEOUTERBOUND(#10807, .T.);
#10809 = IFCFACE((#10808));
#10810 = IFCPOLYLOOP((#10789, #10811, #10804));
#10811 = IFCCARTESIANPOINT((-2.631875E-1, -2.20089950561523E-1, 6.20466796875E-1));
#10812 = IFCFACEOUTERBOUND(#10810, .T.);
#10813 = IFCFACE((#10812));
#10814 = IFCPOLYLOOP((#10815, #10765, #10796));
#10815 = IFCCARTESIANPOINT((-2.33187896728516E-1, -2.19088775634766E-1, 6.20466796875E-1));
#10816 = IFCFACEOUTERBOUND(#10814, .T.);
#10817 = IFCFACE((#10816));
#10818 = IFCPOLYLOOP((#10769, #10773, #10200));
#10819 = IFCFACEOUTERBOUND(#10818, .T.);
#10820 = IFCFACE((#10819));
#10821 = IFCPOLYLOOP((#10773, #10800, #10216));
#10822 = IFCFACEOUTERBOUND(#10821, .T.);
#10823 = IFCFACE((#10822));
#10824 = IFCPOLYLOOP((#10777, #10769, #10193));
#10825 = IFCFACEOUTERBOUND(#10824, .T.);
#10826 = IFCFACE((#10825));
#10827 = IFCPOLYLOOP((#10781, #10777, #10016));
#10828 = IFCFACEOUTERBOUND(#10827, .T.);
#10829 = IFCFACE((#10828));
#10830 = IFCPOLYLOOP((#10785, #10781, #10009));
#10831 = IFCFACEOUTERBOUND(#10830, .T.);
#10832 = IFCFACE((#10831));
#10833 = IFCPOLYLOOP((#10834, #9486, #9536));
#10834 = IFCCARTESIANPOINT((2.33187911987305E-1, -2.19088775634766E-1, 6.28961547851563E-1));
#10835 = IFCFACEOUTERBOUND(#10833, .T.);
#10836 = IFCFACE((#10835));
#10837 = IFCPOLYLOOP((#9472, #9476, #10838));
#10838 = IFCCARTESIANPOINT((2.45404708862305E-1, -2.35117965698242E-1, 6.20466796875E-1));
#10839 = IFCFACEOUTERBOUND(#10837, .T.);
#10840 = IFCFACE((#10839));
#10841 = IFCPOLYLOOP((#9476, #9486, #10842));
#10842 = IFCCARTESIANPOINT((2.40467559814453E-1, -2.33029693603516E-1, 6.20466796875E-1));
#10843 = IFCFACEOUTERBOUND(#10841, .T.);
#10844 = IFCFACE((#10843));
#10845 = IFCPOLYLOOP((#9268, #9472, #10846));
#10846 = IFCCARTESIANPOINT((2.50671310424805E-1, -2.35354721069336E-1, 6.20466796875E-1));
#10847 = IFCFACEOUTERBOUND(#10845, .T.);
#10848 = IFCFACE((#10847));
#10849 = IFCPOLYLOOP((#9272, #9268, #10850));
#10850 = IFCCARTESIANPOINT((2.556982421875E-1, -2.33658737182617E-1, 6.20466796875E-1));
#10851 = IFCFACEOUTERBOUND(#10849, .T.);
#10852 = IFCFACE((#10851));
#10853 = IFCPOLYLOOP((#9257, #10854, #9261));
#10854 = IFCCARTESIANPOINT((2.59598815917969E-1, -2.3020475769043E-1, 6.20466796875E-1));
#10855 = IFCFACEOUTERBOUND(#10853, .T.);
#10856 = IFCFACE((#10855));
#10857 = IFCPOLYLOOP((#9261, #10858, #9181));
#10858 = IFCCARTESIANPOINT((2.63187530517578E-1, -2.20089950561523E-1, 6.31080810546875E-1));
#10859 = IFCFACEOUTERBOUND(#10857, .T.);
#10860 = IFCFACE((#10859));
#10861 = IFCPOLYLOOP((#9257, #9272, #10854));
#10862 = IFCFACEOUTERBOUND(#10861, .T.);
#10863 = IFCFACE((#10862));
#10864 = IFCPOLYLOOP((#10865, #9486, #10834));
#10865 = IFCCARTESIANPOINT((2.34116989135742E-1, -2.24496368408203E-1, 6.20466796875E-1));
#10866 = IFCFACEOUTERBOUND(#10864, .T.);
#10867 = IFCFACE((#10866));
#10868 = IFCPOLYLOOP((#10865, #10869, #9486));
#10869 = IFCCARTESIANPOINT((2.36643463134766E-1, -2.29335662841797E-1, 6.20466796875E-1));
#10870 = IFCFACEOUTERBOUND(#10868, .T.);
#10871 = IFCFACE((#10870));
#10872 = IFCPOLYLOOP((#9261, #10854, #10873));
#10873 = IFCCARTESIANPOINT((2.62240570068359E-1, -2.25397125244141E-1, 6.20466796875E-1));
#10874 = IFCFACEOUTERBOUND(#10872, .T.);
#10875 = IFCFACE((#10874));
#10876 = IFCPOLYLOOP((#9261, #10873, #10858));
#10877 = IFCFACEOUTERBOUND(#10876, .T.);
#10878 = IFCFACE((#10877));
#10879 = IFCPOLYLOOP((#10858, #10873, #10880));
#10880 = IFCCARTESIANPOINT((2.63187530517578E-1, -2.20089950561523E-1, 6.20466796875E-1));
#10881 = IFCFACEOUTERBOUND(#10879, .T.);
#10882 = IFCFACE((#10881));
#10883 = IFCPOLYLOOP((#10884, #10865, #10834));
#10884 = IFCCARTESIANPOINT((2.33187911987305E-1, -2.19088775634766E-1, 6.20466796875E-1));
#10885 = IFCFACEOUTERBOUND(#10883, .T.);
#10886 = IFCFACE((#10885));
#10887 = IFCPOLYLOOP((#9476, #10842, #10838));
#10888 = IFCFACEOUTERBOUND(#10887, .T.);
#10889 = IFCFACE((#10888));
#10890 = IFCPOLYLOOP((#9486, #10869, #10842));
#10891 = IFCFACEOUTERBOUND(#10890, .T.);
#10892 = IFCFACE((#10891));
#10893 = IFCPOLYLOOP((#9472, #10838, #10846));
#10894 = IFCFACEOUTERBOUND(#10893, .T.);
#10895 = IFCFACE((#10894));
#10896 = IFCPOLYLOOP((#9268, #10846, #10850));
#10897 = IFCFACEOUTERBOUND(#10896, .T.);
#10898 = IFCFACE((#10897));
#10899 = IFCPOLYLOOP((#9272, #10850, #10854));
#10900 = IFCFACEOUTERBOUND(#10899, .T.);
#10901 = IFCFACE((#10900));
#10902 = IFCPOLYLOOP((#10903, #9180, #9181));
#10903 = IFCCARTESIANPOINT((2.63591461181641E-1, -2.11165451049805E-1, 6.31325622558594E-1));
#10904 = IFCFACEOUTERBOUND(#10902, .T.);
#10905 = IFCFACE((#10904));
#10906 = IFCPOLYLOOP((#9181, #10858, #10903));
#10907 = IFCFACEOUTERBOUND(#10906, .T.);
#10908 = IFCFACE((#10907));
#10909 = IFCPOLYLOOP((#9180, #10903, #10910));
#10910 = IFCCARTESIANPOINT((2.63985595703125E-1, -2.0224040222168E-1, 6.31574340820313E-1));
#10911 = IFCFACEOUTERBOUND(#10909, .T.);
#10912 = IFCFACE((#10911));
#10913 = IFCPOLYLOOP((#10914, #9186, #9185));
#10914 = IFCCARTESIANPOINT((2.64735260009766E-1, -1.84388870239258E-1, 6.32087585449219E-1));
#10915 = IFCFACEOUTERBOUND(#10913, .T.);
#10916 = IFCFACE((#10915));
#10917 = IFCPOLYLOOP((#9185, #10918, #10914));
#10918 = IFCCARTESIANPOINT((2.64367645263672E-1, -1.93314865112305E-1, 6.31828002929688E-1));
#10919 = IFCFACEOUTERBOUND(#10917, .T.);
#10920 = IFCFACE((#10919));
#10921 = IFCPOLYLOOP((#9190, #9186, #10922));
#10922 = IFCCARTESIANPOINT((2.65086181640625E-1, -1.75462448120117E-1, 6.32354125976563E-1));
#10923 = IFCFACEOUTERBOUND(#10921, .T.);
#10924 = IFCFACE((#10923));
#10925 = IFCPOLYLOOP((#10922, #10926, #9190));
#10926 = IFCCARTESIANPOINT((2.65418060302734E-1, -1.66535629272461E-1, 6.32628540039063E-1));
#10927 = IFCFACEOUTERBOUND(#10925, .T.);
#10928 = IFCFACE((#10927));
#10929 = IFCPOLYLOOP((#10922, #9186, #10914));
#10930 = IFCFACEOUTERBOUND(#10929, .T.);
#10931 = IFCFACE((#10930));
#10932 = IFCPOLYLOOP((#9185, #9180, #10910));
#10933 = IFCFACEOUTERBOUND(#10932, .T.);
#10934 = IFCFACE((#10933));
#10935 = IFCPOLYLOOP((#10910, #10918, #9185));
#10936 = IFCFACEOUTERBOUND(#10935, .T.);
#10937 = IFCFACE((#10936));
#10938 = IFCPOLYLOOP((#9197, #10939, #10940));
#10939 = IFCCARTESIANPOINT((2.65728607177734E-1, -1.57608474731445E-1, 6.32911926269531E-1));
#10940 = IFCCARTESIANPOINT((2.66015502929688E-1, -1.4868098449707E-1, 6.33205322265625E-1));
#10941 = IFCFACEOUTERBOUND(#10938, .T.);
#10942 = IFCFACE((#10941));
#10943 = IFCPOLYLOOP((#10944, #9202, #9198));
#10944 = IFCCARTESIANPOINT((2.66515808105469E-1, -1.30825576782227E-1, 6.33831665039063E-1));
#10945 = IFCFACEOUTERBOUND(#10943, .T.);
#10946 = IFCFACE((#10945));
#10947 = IFCPOLYLOOP((#9198, #10948, #10944));
#10948 = IFCCARTESIANPOINT((2.66277282714844E-1, -1.39753265380859E-1, 6.33510314941406E-1));
#10949 = IFCFACEOUTERBOUND(#10947, .T.);
#10950 = IFCFACE((#10949));
#10951 = IFCPOLYLOOP((#10948, #9198, #9197));
#10952 = IFCFACEOUTERBOUND(#10951, .T.);
#10953 = IFCFACE((#10952));
#10954 = IFCPOLYLOOP((#9197, #10940, #10948));
#10955 = IFCFACEOUTERBOUND(#10954, .T.);
#10956 = IFCFACE((#10955));
#10957 = IFCPOLYLOOP((#10958, #9203, #9202));
#10958 = IFCCARTESIANPOINT((2.6693408203125E-1, -1.12971389770508E-1, 6.3454443359375E-1));
#10959 = IFCFACEOUTERBOUND(#10957, .T.);
#10960 = IFCFACE((#10959));
#10961 = IFCPOLYLOOP((#9202, #10962, #10958));
#10962 = IFCCARTESIANPOINT((2.66733856201172E-1, -1.21898178100586E-1, 6.34174560546875E-1));
#10963 = IFCFACEOUTERBOUND(#10961, .T.);
#10964 = IFCFACE((#10963));
#10965 = IFCPOLYLOOP((#10966, #9207, #10967));
#10966 = IFCCARTESIANPOINT((2.67292022705078E-1, -9.51208038330078E-2, 6.35386169433594E-1));
#10967 = IFCCARTESIANPOINT((2.67119232177734E-1, -1.04045501708984E-1, 6.34946533203125E-1));
#10968 = IFCFACEOUTERBOUND(#10965, .T.);
#10969 = IFCFACE((#10968));
#10970 = IFCPOLYLOOP((#10967, #9207, #9203));
#10971 = IFCFACEOUTERBOUND(#10970, .T.);
#10972 = IFCFACE((#10971));
#10973 = IFCPOLYLOOP((#9203, #10958, #10967));
#10974 = IFCFACEOUTERBOUND(#10973, .T.);
#10975 = IFCFACE((#10974));
#10976 = IFCPOLYLOOP((#10962, #9202, #10944));
#10977 = IFCFACEOUTERBOUND(#10976, .T.);
#10978 = IFCFACE((#10977));
#10979 = IFCPOLYLOOP((#10939, #9197, #9190));
#10980 = IFCFACEOUTERBOUND(#10979, .T.);
#10981 = IFCFACE((#10980));
#10982 = IFCPOLYLOOP((#9190, #10926, #10939));
#10983 = IFCFACEOUTERBOUND(#10982, .T.);
#10984 = IFCFACE((#10983));
#10985 = IFCPOLYLOOP((#9217, #10986, #10987));
#10986 = IFCCARTESIANPOINT((2.67455169677734E-1, -8.61975860595703E-2, 6.35868713378906E-1));
#10987 = IFCCARTESIANPOINT((2.67611389160156E-1, -7.72761535644531E-2, 6.36399475097656E-1));
#10988 = IFCFACEOUTERBOUND(#10985, .T.);
#10989 = IFCFACE((#10988));
#10990 = IFCPOLYLOOP((#9217, #10987, #10991));
#10991 = IFCCARTESIANPOINT((2.67760437011719E-1, -6.83570556640625E-2, 6.36984252929688E-1));
#10992 = IFCFACEOUTERBOUND(#10990, .T.);
#10993 = IFCFACE((#10992));
#10994 = IFCPOLYLOOP((#10995, #9222, #10996));
#10995 = IFCCARTESIANPOINT((2.67986053466797E-1, -5.05326690673828E-2, 6.3834765625E-1));
#10996 = IFCCARTESIANPOINT((2.67890319824219E-1, -5.94419403076172E-2, 6.37630859375E-1));
#10997 = IFCFACEOUTERBOUND(#10994, .T.);
#10998 = IFCFACE((#10997));
#10999 = IFCPOLYLOOP((#11000, #9227, #9223));
#11000 = IFCCARTESIANPOINT((2.68015258789063E-1, -3.27393035888672E-2, 6.40025085449219E-1));
#11001 = IFCFACEOUTERBOUND(#10999, .T.);
#11002 = IFCFACE((#11001));
#11003 = IFCPOLYLOOP((#9223, #11004, #11000));
#11004 = IFCCARTESIANPOINT((2.6803271484375E-1, -4.16311645507813E-2, 6.39142944335938E-1));
#11005 = IFCFACEOUTERBOUND(#11003, .T.);
#11006 = IFCFACE((#11005));
#11007 = IFCPOLYLOOP((#11004, #9222, #10995));
#11008 = IFCFACEOUTERBOUND(#11007, .T.);
#11009 = IFCFACE((#11008));
#11010 = IFCPOLYLOOP((#10996, #9222, #9218));
#11011 = IFCFACEOUTERBOUND(#11010, .T.);
#11012 = IFCFACE((#11011));
#11013 = IFCPOLYLOOP((#9218, #10991, #10996));
#11014 = IFCFACEOUTERBOUND(#11013, .T.);
#11015 = IFCFACE((#11014));
#11016 = IFCPOLYLOOP((#9227, #11017, #11018));
#11017 = IFCCARTESIANPOINT((2.67918792724609E-1, -2.38589763641357E-2, 6.41002319335938E-1));
#11018 = IFCCARTESIANPOINT((2.67728302001953E-1, -1.4992094039917E-2, 6.420830078125E-1));
#11019 = IFCFACEOUTERBOUND(#11016, .T.);
#11020 = IFCFACE((#11019));
#11021 = IFCPOLYLOOP((#11022, #9235, #11023));
#11022 = IFCCARTESIANPOINT((2.67005065917969E-1, 2.6926896572113E-3, 6.44587036132813E-1));
#11023 = IFCCARTESIANPOINT((2.67428863525391E-1, -6.14054679870605E-3, 6.43275512695313E-1));
#11024 = IFCFACEOUTERBOUND(#11021, .T.);
#11025 = IFCFACE((#11024));
#11026 = IFCPOLYLOOP((#11023, #9235, #9234));
#11027 = IFCFACEOUTERBOUND(#11026, .T.);
#11028 = IFCFACE((#11027));
#11029 = IFCPOLYLOOP((#9234, #11018, #11023));
#11030 = IFCFACEOUTERBOUND(#11029, .T.);
#11031 = IFCFACE((#11030));
#11032 = IFCPOLYLOOP((#11033, #9240, #9239));
#11033 = IFCCARTESIANPOINT((2.65715637207031E-1, 2.02736835479736E-2, 6.47578308105469E-1));
#11034 = IFCFACEOUTERBOUND(#11032, .T.);
#11035 = IFCFACE((#11034));
#11036 = IFCPOLYLOOP((#9239, #11037, #11033));
#11037 = IFCCARTESIANPOINT((2.66439819335938E-1, 1.15002460479736E-2, 6.46020690917969E-1));
#11038 = IFCFACEOUTERBOUND(#11036, .T.);
#11039 = IFCFACE((#11038));
#11040 = IFCPOLYLOOP((#9240, #11041, #11042));
#11041 = IFCCARTESIANPOINT((2.64814971923828E-1, 2.90045490264893E-2, 6.49261962890625E-1));
#11042 = IFCCARTESIANPOINT((2.63720367431641E-1, 3.76843872070313E-2, 6.51073486328125E-1));
#11043 = IFCFACEOUTERBOUND(#11040, .T.);
#11044 = IFCFACE((#11043));
#11045 = IFCPOLYLOOP((#11041, #9240, #11033));
#11046 = IFCFACEOUTERBOUND(#11045, .T.);
#11047 = IFCFACE((#11046));
#11048 = IFCPOLYLOOP((#11037, #9235, #11022));
#11049 = IFCFACEOUTERBOUND(#11048, .T.);
#11050 = IFCFACE((#11049));
#11051 = IFCPOLYLOOP((#11017, #9227, #11000));
#11052 = IFCFACEOUTERBOUND(#11051, .T.);
#11053 = IFCFACE((#11052));
#11054 = IFCPOLYLOOP((#10986, #9217, #9207));
#11055 = IFCFACEOUTERBOUND(#11054, .T.);
#11056 = IFCFACE((#11055));
#11057 = IFCPOLYLOOP((#9207, #10966, #10986));
#11058 = IFCFACEOUTERBOUND(#11057, .T.);
#11059 = IFCFACE((#11058));
#11060 = IFCPOLYLOOP((#11061, #9309, #11062));
#11061 = IFCCARTESIANPOINT((2.60879272460938E-1, 5.48570861816406E-2, 6.55088317871094E-1));
#11062 = IFCCARTESIANPOINT((2.62414306640625E-1, 4.63047180175781E-2, 6.53015014648438E-1));
#11063 = IFCFACEOUTERBOUND(#11060, .T.);
#11064 = IFCFACE((#11063));
#11065 = IFCPOLYLOOP((#9309, #11061, #11066));
#11066 = IFCCARTESIANPOINT((2.59097747802734E-1, 6.33330993652344E-2, 6.57295471191406E-1));
#11067 = IFCFACEOUTERBOUND(#11065, .T.);
#11068 = IFCFACE((#11067));
#11069 = IFCPOLYLOOP((#11070, #9321, #9317));
#11070 = IFCCARTESIANPOINT((2.54738784790039E-1, 8.00076293945313E-2, 6.62110595703125E-1));
#11071 = IFCFACEOUTERBOUND(#11069, .T.);
#11072 = IFCFACE((#11071));
#11073 = IFCPOLYLOOP((#9317, #11074, #11070));
#11074 = IFCCARTESIANPOINT((2.57053955078125E-1, 7.17224426269531E-2, 6.59637390136719E-1));
#11075 = IFCFACEOUTERBOUND(#11073, .T.);
#11076 = IFCFACE((#11075));
#11077 = IFCPOLYLOOP((#11078, #9322, #9321));
#11078 = IFCCARTESIANPOINT((2.49264785766602E-1, 9.61882629394531E-2, 6.6743310546875E-1));
#11079 = IFCFACEOUTERBOUND(#11077, .T.);
#11080 = IFCFACE((#11079));
#11081 = IFCPOLYLOOP((#9321, #11082, #11078));
#11082 = IFCCARTESIANPOINT((2.52144866943359E-1, 8.81693420410156E-2, 6.64710632324219E-1));
#11083 = IFCFACEOUTERBOUND(#11081, .T.);
#11084 = IFCFACE((#11083));
#11085 = IFCPOLYLOOP((#11082, #9321, #11070));
#11086 = IFCFACEOUTERBOUND(#11085, .T.);
#11087 = IFCFACE((#11086));
#11088 = IFCPOLYLOOP((#11074, #9317, #9310));
#11089 = IFCFACEOUTERBOUND(#11088, .T.);
#11090 = IFCFACE((#11089));
#11091 = IFCPOLYLOOP((#9310, #11066, #11074));
#11092 = IFCFACEOUTERBOUND(#11091, .T.);
#11093 = IFCFACE((#11092));
#11094 = IFCPOLYLOOP((#11095, #9326, #11096));
#11095 = IFCCARTESIANPOINT((2.42616668701172E-1, 1.11720550537109E-1, 6.73227416992188E-1));
#11096 = IFCCARTESIANPOINT((2.46091186523438E-1, 1.04045104980469E-1, 6.70273498535156E-1));
#11097 = IFCFACEOUTERBOUND(#11094, .T.);
#11098 = IFCFACE((#11097));
#11099 = IFCPOLYLOOP((#11100, #9334, #9333));
#11100 = IFCCARTESIANPOINT((2.34735321044922E-1, 1.26449981689453E-1, 6.79457824707031E-1));
#11101 = IFCFACEOUTERBOUND(#11099, .T.);
#11102 = IFCFACE((#11101));
#11103 = IFCPOLYLOOP((#9333, #11104, #11100));
#11104 = IFCCARTESIANPOINT((2.38833847045898E-1, 1.19195281982422E-1, 6.76290344238281E-1));
#11105 = IFCFACEOUTERBOUND(#11103, .T.);
#11106 = IFCFACE((#11105));
#11107 = IFCPOLYLOOP((#11104, #9333, #9326));
#11108 = IFCFACEOUTERBOUND(#11107, .T.);
#11109 = IFCFACE((#11108));
#11110 = IFCPOLYLOOP((#9326, #11095, #11104));
#11111 = IFCFACEOUTERBOUND(#11110, .T.);
#11112 = IFCFACE((#11111));
#11113 = IFCPOLYLOOP((#11114, #9338, #9334));
#11114 = IFCCARTESIANPOINT((2.25593826293945E-1, 1.40251739501953E-1, 6.86071350097656E-1));
#11115 = IFCFACEOUTERBOUND(#11113, .T.);
#11116 = IFCFACE((#11115));
#11117 = IFCPOLYLOOP((#9334, #11118, #11114));
#11118 = IFCCARTESIANPOINT((2.30317733764648E-1, 1.33469085693359E-1, 6.82723205566406E-1));
#11119 = IFCFACEOUTERBOUND(#11117, .T.);
#11120 = IFCFACE((#11119));
#11121 = IFCPOLYLOOP((#11122, #9339, #11123));
#11122 = IFCCARTESIANPOINT((2.15293960571289E-1, 1.53119567871094E-1, 6.92946044921875E-1));
#11123 = IFCCARTESIANPOINT((2.20580307006836E-1, 1.46800933837891E-1, 6.89484741210938E-1));
#11124 = IFCFACEOUTERBOUND(#11121, .T.);
#11125 = IFCFACE((#11124));
#11126 = IFCPOLYLOOP((#11123, #9339, #9338));
#11127 = IFCFACEOUTERBOUND(#11126, .T.);
#11128 = IFCFACE((#11127));
#11129 = IFCPOLYLOOP((#9338, #11114, #11123));
#11130 = IFCFACEOUTERBOUND(#11129, .T.);
#11131 = IFCFACE((#11130));
#11132 = IFCPOLYLOOP((#11118, #9334, #11100));
#11133 = IFCFACEOUTERBOUND(#11132, .T.);
#11134 = IFCFACE((#11133));
#11135 = IFCPOLYLOOP((#11096, #9326, #9322));
#11136 = IFCFACEOUTERBOUND(#11135, .T.);
#11137 = IFCFACE((#11136));
#11138 = IFCPOLYLOOP((#9322, #11078, #11096));
#11139 = IFCFACEOUTERBOUND(#11138, .T.);
#11140 = IFCFACE((#11139));
#11141 = IFCPOLYLOOP((#11142, #9353, #9343));
#11142 = IFCCARTESIANPOINT((2.039697265625E-1, 1.65076812744141E-1, 6.99942687988281E-1));
#11143 = IFCFACEOUTERBOUND(#11141, .T.);
#11144 = IFCFACE((#11143));
#11145 = IFCPOLYLOOP((#9343, #11146, #11142));
#11146 = IFCCARTESIANPOINT((2.09751510620117E-1, 1.59210540771484E-1, 6.96437805175781E-1));
#11147 = IFCFACEOUTERBOUND(#11145, .T.);
#11148 = IFCFACE((#11147));
#11149 = IFCPOLYLOOP((#11150, #9353, #11142));
#11150 = IFCCARTESIANPOINT((1.97965316772461E-1, 1.70721282958984E-1, 7.03443176269531E-1));
#11151 = IFCFACEOUTERBOUND(#11149, .T.);
#11152 = IFCFACE((#11151));
#11153 = IFCPOLYLOOP((#11154, #9358, #9354));
#11154 = IFCCARTESIANPOINT((1.85353912353516E-1, 1.81356384277344E-1, 7.10363403320313E-1));
#11155 = IFCFACEOUTERBOUND(#11153, .T.);
#11156 = IFCFACE((#11155));
#11157 = IFCPOLYLOOP((#9354, #11158, #11154));
#11158 = IFCCARTESIANPOINT((1.91755065917969E-1, 1.76146911621094E-1, 7.06921936035156E-1));
#11159 = IFCFACEOUTERBOUND(#11157, .T.);
#11160 = IFCFACE((#11159));
#11161 = IFCPOLYLOOP((#11162, #9359, #9358));
#11162 = IFCCARTESIANPOINT((1.72008560180664E-1, 1.91134307861328E-1, 7.17103637695313E-1));
#11163 = IFCFACEOUTERBOUND(#11161, .T.);
#11164 = IFCFACE((#11163));
#11165 = IFCPOLYLOOP((#9358, #11166, #11162));
#11166 = IFCCARTESIANPOINT((1.78769729614258E-1, 1.86351623535156E-1, 7.13759399414063E-1));
#11167 = IFCFACEOUTERBOUND(#11165, .T.);
#11168 = IFCFACE((#11167));
#11169 = IFCPOLYLOOP((#11166, #9358, #11154));
#11170 = IFCFACEOUTERBOUND(#11169, .T.);
#11171 = IFCFACE((#11170));
#11172 = IFCPOLYLOOP((#11158, #9354, #9353));
#11173 = IFCFACEOUTERBOUND(#11172, .T.);
#11174 = IFCFACE((#11173));
#11175 = IFCPOLYLOOP((#9353, #11150, #11158));
#11176 = IFCFACEOUTERBOUND(#11175, .T.);
#11177 = IFCFACE((#11176));
#11178 = IFCPOLYLOOP((#11179, #9363, #11180));
#11179 = IFCCARTESIANPOINT((1.57979583740234E-1, 2.00068908691406E-1, 7.23611511230469E-1));
#11180 = IFCCARTESIANPOINT((1.6507649230957E-1, 1.95706176757813E-1, 7.20389770507813E-1));
#11181 = IFCFACEOUTERBOUND(#11178, .T.);
#11182 = IFCFACE((#11181));
#11183 = IFCPOLYLOOP((#11184, #9371, #9370));
#11184 = IFCCARTESIANPOINT((1.43315536499023E-1, 2.08173858642578E-1, 7.29836608886719E-1));
#11185 = IFCFACEOUTERBOUND(#11183, .T.);
#11186 = IFCFACE((#11185));
#11187 = IFCPOLYLOOP((#9370, #11188, #11184));
#11188 = IFCCARTESIANPOINT((1.50723907470703E-1, 2.04224243164063E-1, 7.26762573242188E-1));
#11189 = IFCFACEOUTERBOUND(#11187, .T.);
#11190 = IFCFACE((#11189));
#11191 = IFCPOLYLOOP((#9370, #9363, #11179));
#11192 = IFCFACEOUTERBOUND(#11191, .T.);
#11193 = IFCFACE((#11192));
#11194 = IFCPOLYLOOP((#11179, #11188, #9370));
#11195 = IFCFACEOUTERBOUND(#11194, .T.);
#11196 = IFCFACE((#11195));
#11197 = IFCPOLYLOOP((#9375, #9371, #11198));
#11198 = IFCCARTESIANPOINT((1.35760528564453E-1, 2.11919464111328E-1, 7.32827331542969E-1));
#11199 = IFCFACEOUTERBOUND(#11197, .T.);
#11200 = IFCFACE((#11199));
#11201 = IFCPOLYLOOP((#11198, #11202, #9375));
#11202 = IFCCARTESIANPOINT((1.28064849853516E-1, 2.15460784912109E-1, 7.35726623535156E-1));
#11203 = IFCFACEOUTERBOUND(#11201, .T.);
#11204 = IFCFACE((#11203));
#11205 = IFCPOLYLOOP((#9376, #11206, #11207));
#11206 = IFCCARTESIANPOINT((1.2023397064209E-1, 2.18789642333984E-1, 7.38519409179688E-1));
#11207 = IFCCARTESIANPOINT((1.12273284912109E-1, 2.21895843505859E-1, 7.41188781738281E-1));
#11208 = IFCFACEOUTERBOUND(#11205, .T.);
#11209 = IFCFACE((#11208));
#11210 = IFCPOLYLOOP((#11206, #9376, #9375));
#11211 = IFCFACEOUTERBOUND(#11210, .T.);
#11212 = IFCFACE((#11211));
#11213 = IFCPOLYLOOP((#9375, #11202, #11206));
#11214 = IFCFACEOUTERBOUND(#11213, .T.);
#11215 = IFCFACE((#11214));
#11216 = IFCPOLYLOOP((#11198, #9371, #11184));
#11217 = IFCFACEOUTERBOUND(#11216, .T.);
#11218 = IFCFACE((#11217));
#11219 = IFCPOLYLOOP((#11180, #9363, #9359));
#11220 = IFCFACEOUTERBOUND(#11219, .T.);
#11221 = IFCFACE((#11220));
#11222 = IFCPOLYLOOP((#9359, #11162, #11180));
#11223 = IFCFACEOUTERBOUND(#11222, .T.);
#11224 = IFCFACE((#11223));
#11225 = IFCPOLYLOOP((#11146, #9343, #9339));
#11226 = IFCFACEOUTERBOUND(#11225, .T.);
#11227 = IFCFACE((#11226));
#11228 = IFCPOLYLOOP((#9339, #11122, #11146));
#11229 = IFCFACEOUTERBOUND(#11228, .T.);
#11230 = IFCFACE((#11229));
#11231 = IFCPOLYLOOP((#11062, #9309, #9244));
#11232 = IFCFACEOUTERBOUND(#11231, .T.);
#11233 = IFCFACE((#11232));
#11234 = IFCPOLYLOOP((#9244, #11042, #11062));
#11235 = IFCFACEOUTERBOUND(#11234, .T.);
#11236 = IFCFACE((#11235));
#11237 = IFCPOLYLOOP((#11238, #9426, #9380));
#11238 = IFCCARTESIANPOINT((9.5984001159668E-2, 2.27399536132813E-1, 7.46089660644531E-1));
#11239 = IFCFACEOUTERBOUND(#11237, .T.);
#11240 = IFCFACE((#11239));
#11241 = IFCPOLYLOOP((#9380, #11242, #11238));
#11242 = IFCCARTESIANPOINT((1.04188171386719E-1, 2.24769195556641E-1, 7.43717834472656E-1));
#11243 = IFCFACEOUTERBOUND(#11241, .T.);
#11244 = IFCFACE((#11243));
#11245 = IFCPOLYLOOP((#9426, #11238, #11246));
#11246 = IFCCARTESIANPOINT((8.7666145324707E-2, 2.29776702880859E-1, 7.48287353515625E-1));
#11247 = IFCFACEOUTERBOUND(#11245, .T.);
#11248 = IFCFACE((#11247));
#11249 = IFCPOLYLOOP((#11250, #9431, #9427));
#11250 = IFCCARTESIANPOINT((7.07109222412109E-2, 2.33730804443359E-1, 7.520927734375E-1));
#11251 = IFCFACEOUTERBOUND(#11249, .T.);
#11252 = IFCFACE((#11251));
#11253 = IFCPOLYLOOP((#9427, #11254, #11250));
#11254 = IFCCARTESIANPOINT((7.92399978637695E-2, 2.31890533447266E-1, 7.50294067382813E-1));
#11255 = IFCFACEOUTERBOUND(#11253, .T.);
#11256 = IFCFACE((#11255));
#11257 = IFCPOLYLOOP((#9432, #9431, #11258));
#11258 = IFCCARTESIANPOINT((6.20854415893555E-2, 2.35292022705078E-1, 7.53670104980469E-1));
#11259 = IFCFACEOUTERBOUND(#11257, .T.);
#11260 = IFCFACE((#11259));
#11261 = IFCPOLYLOOP((#11258, #11262, #9432));
#11262 = IFCCARTESIANPOINT((5.33746032714844E-2, 2.36587310791016E-1, 7.55026062011719E-1));
#11263 = IFCFACEOUTERBOUND(#11261, .T.);
#11264 = IFCFACE((#11263));
#11265 = IFCPOLYLOOP((#11258, #9431, #11250));
#11266 = IFCFACEOUTERBOUND(#11265, .T.);
#11267 = IFCFACE((#11266));
#11268 = IFCPOLYLOOP((#9427, #9426, #11246));
#11269 = IFCFACEOUTERBOUND(#11268, .T.);
#11270 = IFCFACE((#11269));
#11271 = IFCPOLYLOOP((#11246, #11254, #9427));
#11272 = IFCFACEOUTERBOUND(#11271, .T.);
#11273 = IFCFACE((#11272));
#11274 = IFCPOLYLOOP((#9436, #11275, #11276));
#11275 = IFCCARTESIANPOINT((4.45906105041504E-2, 2.37634521484375E-1, 7.56164001464844E-1));
#11276 = IFCCARTESIANPOINT((3.57456474304199E-2, 2.38451416015625E-1, 7.57087341308594E-1));
#11277 = IFCFACEOUTERBOUND(#11274, .T.);
#11278 = IFCFACE((#11277));
#11279 = IFCPOLYLOOP((#11280, #9453, #9446));
#11280 = IFCCARTESIANPOINT((1.79215965270996E-2, 2.39465423583984E-1, 7.58304138183594E-1));
#11281 = IFCFACEOUTERBOUND(#11279, .T.);
#11282 = IFCFACE((#11281));
#11283 = IFCPOLYLOOP((#9446, #11284, #11280));
#11284 = IFCCARTESIANPOINT((2.68519115447998E-2, 2.39055755615234E-1, 7.57799621582031E-1));
#11285 = IFCFACEOUTERBOUND(#11283, .T.);
#11286 = IFCFACE((#11285));
#11287 = IFCPOLYLOOP((#9446, #9436, #11276));
#11288 = IFCFACEOUTERBOUND(#11287, .T.);
#11289 = IFCFACE((#11288));
#11290 = IFCPOLYLOOP((#11276, #11284, #9446));
#11291 = IFCFACEOUTERBOUND(#11290, .T.);
#11292 = IFCFACE((#11291));
#11293 = IFCPOLYLOOP((#9730, #9453, #11294));
#11294 = IFCCARTESIANPOINT((8.96689510345459E-3, 2.39698150634766E-1, 7.58604309082031E-1));
#11295 = IFCFACEOUTERBOUND(#11293, .T.);
#11296 = IFCFACE((#11295));
#11297 = IFCPOLYLOOP((#11294, #11298, #9730));
#11298 = IFCCARTESIANPOINT((5.86197757002083E-17, 2.39771789550781E-1, 7.5870361328125E-1));
#11299 = IFCFACEOUTERBOUND(#11297, .T.);
#11300 = IFCFACE((#11299));
#11301 = IFCPOLYLOOP((#9734, #11302, #11303));
#11302 = IFCCARTESIANPOINT((-8.96689510345459E-3, 2.39698150634766E-1, 7.58604309082031E-1));
#11303 = IFCCARTESIANPOINT((-1.79215965270996E-2, 2.39465423583984E-1, 7.58304138183594E-1));
#11304 = IFCFACEOUTERBOUND(#11301, .T.);
#11305 = IFCFACE((#11304));
#11306 = IFCPOLYLOOP((#9730, #11298, #11302));
#11307 = IFCFACEOUTERBOUND(#11306, .T.);
#11308 = IFCFACE((#11307));
#11309 = IFCPOLYLOOP((#11302, #9734, #9730));
#11310 = IFCFACEOUTERBOUND(#11309, .T.);
#11311 = IFCFACE((#11310));
#11312 = IFCPOLYLOOP((#11294, #9453, #11280));
#11313 = IFCFACEOUTERBOUND(#11312, .T.);
#11314 = IFCFACE((#11313));
#11315 = IFCPOLYLOOP((#11275, #9436, #9432));
#11316 = IFCFACEOUTERBOUND(#11315, .T.);
#11317 = IFCFACE((#11316));
#11318 = IFCPOLYLOOP((#9432, #11262, #11275));
#11319 = IFCFACEOUTERBOUND(#11318, .T.);
#11320 = IFCFACE((#11319));
#11321 = IFCPOLYLOOP((#9735, #11322, #11323));
#11322 = IFCCARTESIANPOINT((-2.68519115447998E-2, 2.39055755615234E-1, 7.57799621582031E-1));
#11323 = IFCCARTESIANPOINT((-3.57456474304199E-2, 2.38451416015625E-1, 7.57087341308594E-1));
#11324 = IFCFACEOUTERBOUND(#11321, .T.);
#11325 = IFCFACE((#11324));
#11326 = IFCPOLYLOOP((#11323, #9739, #9735));
#11327 = IFCFACEOUTERBOUND(#11326, .T.);
#11328 = IFCFACE((#11327));
#11329 = IFCPOLYLOOP((#9739, #11323, #11330));
#11330 = IFCCARTESIANPOINT((-4.45906066894531E-2, 2.37634521484375E-1, 7.56164001464844E-1));
#11331 = IFCFACEOUTERBOUND(#11329, .T.);
#11332 = IFCFACE((#11331));
#11333 = IFCPOLYLOOP((#9740, #11334, #11335));
#11334 = IFCCARTESIANPOINT((-5.33746032714844E-2, 2.36587310791016E-1, 7.55026062011719E-1));
#11335 = IFCCARTESIANPOINT((-6.20854377746582E-2, 2.35292022705078E-1, 7.53670104980469E-1));
#11336 = IFCFACEOUTERBOUND(#11333, .T.);
#11337 = IFCFACE((#11336));
#11338 = IFCPOLYLOOP((#11335, #9744, #9740));
#11339 = IFCFACEOUTERBOUND(#11338, .T.);
#11340 = IFCFACE((#11339));
#11341 = IFCPOLYLOOP((#9751, #9744, #11342));
#11342 = IFCCARTESIANPOINT((-7.07109222412109E-2, 2.33730804443359E-1, 7.520927734375E-1));
#11343 = IFCFACEOUTERBOUND(#11341, .T.);
#11344 = IFCFACE((#11343));
#11345 = IFCPOLYLOOP((#11342, #11346, #9751));
#11346 = IFCCARTESIANPOINT((-7.92399978637695E-2, 2.31890533447266E-1, 7.50294067382813E-1));
#11347 = IFCFACEOUTERBOUND(#11345, .T.);
#11348 = IFCFACE((#11347));
#11349 = IFCPOLYLOOP((#11342, #9744, #11335));
#11350 = IFCFACEOUTERBOUND(#11349, .T.);
#11351 = IFCFACE((#11350));
#11352 = IFCPOLYLOOP((#9740, #9739, #11330));
#11353 = IFCFACEOUTERBOUND(#11352, .T.);
#11354 = IFCFACE((#11353));
#11355 = IFCPOLYLOOP((#11330, #11334, #9740));
#11356 = IFCFACEOUTERBOUND(#11355, .T.);
#11357 = IFCFACE((#11356));
#11358 = IFCPOLYLOOP((#9752, #11359, #11360));
#11359 = IFCCARTESIANPOINT((-8.7666145324707E-2, 2.29776702880859E-1, 7.48287353515625E-1));
#11360 = IFCCARTESIANPOINT((-9.59839935302734E-2, 2.27399536132813E-1, 7.46089660644531E-1));
#11361 = IFCFACEOUTERBOUND(#11358, .T.);
#11362 = IFCFACE((#11361));
#11363 = IFCPOLYLOOP((#9756, #11364, #11365));
#11364 = IFCCARTESIANPOINT((-1.04188163757324E-1, 2.24769195556641E-1, 7.43717834472656E-1));
#11365 = IFCCARTESIANPOINT((-1.12273277282715E-1, 2.21895843505859E-1, 7.41188781738281E-1));
#11366 = IFCFACEOUTERBOUND(#11363, .T.);
#11367 = IFCFACE((#11366));
#11368 = IFCPOLYLOOP((#11365, #9757, #9756));
#11369 = IFCFACEOUTERBOUND(#11368, .T.);
#11370 = IFCFACE((#11369));
#11371 = IFCPOLYLOOP((#9756, #9752, #11360));
#11372 = IFCFACEOUTERBOUND(#11371, .T.);
#11373 = IFCFACE((#11372));
#11374 = IFCPOLYLOOP((#11360, #11364, #9756));
#11375 = IFCFACEOUTERBOUND(#11374, .T.);
#11376 = IFCFACE((#11375));
#11377 = IFCPOLYLOOP((#9761, #9757, #11378));
#11378 = IFCCARTESIANPOINT((-1.20233963012695E-1, 2.18789642333984E-1, 7.38519409179688E-1));
#11379 = IFCFACEOUTERBOUND(#11377, .T.);
#11380 = IFCFACE((#11379));
#11381 = IFCPOLYLOOP((#11378, #11382, #9761));
#11382 = IFCCARTESIANPOINT((-1.28064834594727E-1, 2.15460815429688E-1, 7.35726623535156E-1));
#11383 = IFCFACEOUTERBOUND(#11381, .T.);
#11384 = IFCFACE((#11383));
#11385 = IFCPOLYLOOP((#9771, #11386, #11387));
#11386 = IFCCARTESIANPOINT((-1.35760528564453E-1, 2.11919464111328E-1, 7.32827331542969E-1));
#11387 = IFCCARTESIANPOINT((-1.43315536499023E-1, 2.08173858642578E-1, 7.29836608886719E-1));
#11388 = IFCFACEOUTERBOUND(#11385, .T.);
#11389 = IFCFACE((#11388));
#11390 = IFCPOLYLOOP((#9761, #11382, #11386));
#11391 = IFCFACEOUTERBOUND(#11390, .T.);
#11392 = IFCFACE((#11391));
#11393 = IFCPOLYLOOP((#11386, #9771, #9761));
#11394 = IFCFACEOUTERBOUND(#11393, .T.);
#11395 = IFCFACE((#11394));
#11396 = IFCPOLYLOOP((#11378, #9757, #11365));
#11397 = IFCFACEOUTERBOUND(#11396, .T.);
#11398 = IFCFACE((#11397));
#11399 = IFCPOLYLOOP((#9751, #11346, #11359));
#11400 = IFCFACEOUTERBOUND(#11399, .T.);
#11401 = IFCFACE((#11400));
#11402 = IFCPOLYLOOP((#11359, #9752, #9751));
#11403 = IFCFACEOUTERBOUND(#11402, .T.);
#11404 = IFCFACE((#11403));
#11405 = IFCPOLYLOOP((#9735, #9734, #11303));
#11406 = IFCFACEOUTERBOUND(#11405, .T.);
#11407 = IFCFACE((#11406));
#11408 = IFCPOLYLOOP((#11303, #11322, #9735));
#11409 = IFCFACEOUTERBOUND(#11408, .T.);
#11410 = IFCFACE((#11409));
#11411 = IFCPOLYLOOP((#9772, #11412, #11413));
#11412 = IFCCARTESIANPOINT((-1.50723907470703E-1, 2.04224243164063E-1, 7.26762573242188E-1));
#11413 = IFCCARTESIANPOINT((-1.57979583740234E-1, 2.00068939208984E-1, 7.23611511230469E-1));
#11414 = IFCFACEOUTERBOUND(#11411, .T.);
#11415 = IFCFACE((#11414));
#11416 = IFCPOLYLOOP((#11413, #9776, #9772));
#11417 = IFCFACEOUTERBOUND(#11416, .T.);
#11418 = IFCFACE((#11417));
#11419 = IFCPOLYLOOP((#11420, #11421, #9777));
#11420 = IFCCARTESIANPOINT((-1.6507649230957E-1, 1.95706176757813E-1, 7.20389770507813E-1));
#11421 = IFCCARTESIANPOINT((-1.72008560180664E-1, 1.91134307861328E-1, 7.17103637695313E-1));
#11422 = IFCFACEOUTERBOUND(#11419, .T.);
#11423 = IFCFACE((#11422));
#11424 = IFCPOLYLOOP((#9777, #9776, #11420));
#11425 = IFCFACEOUTERBOUND(#11424, .T.);
#11426 = IFCFACE((#11425));
#11427 = IFCPOLYLOOP((#9781, #9777, #11421));
#11428 = IFCFACEOUTERBOUND(#11427, .T.);
#11429 = IFCFACE((#11428));
#11430 = IFCPOLYLOOP((#11421, #11431, #9781));
#11431 = IFCCARTESIANPOINT((-1.78769729614258E-1, 1.86351623535156E-1, 7.13759399414063E-1));
#11432 = IFCFACEOUTERBOUND(#11430, .T.);
#11433 = IFCFACE((#11432));
#11434 = IFCPOLYLOOP((#9788, #9781, #11435));
#11435 = IFCCARTESIANPOINT((-1.85353912353516E-1, 1.81356384277344E-1, 7.10363403320313E-1));
#11436 = IFCFACEOUTERBOUND(#11434, .T.);
#11437 = IFCFACE((#11436));
#11438 = IFCPOLYLOOP((#11435, #11439, #9788));
#11439 = IFCCARTESIANPOINT((-1.91755065917969E-1, 1.76146911621094E-1, 7.06921936035156E-1));
#11440 = IFCFACEOUTERBOUND(#11438, .T.);
#11441 = IFCFACE((#11440));
#11442 = IFCPOLYLOOP((#11443, #11444, #9793));
#11443 = IFCCARTESIANPOINT((-2.039697265625E-1, 1.65076812744141E-1, 6.99942687988281E-1));
#11444 = IFCCARTESIANPOINT((-2.09751510620117E-1, 1.59210540771484E-1, 6.96437805175781E-1));
#11445 = IFCFACEOUTERBOUND(#11442, .T.);
#11446 = IFCFACE((#11445));
#11447 = IFCPOLYLOOP((#9793, #9789, #11443));
#11448 = IFCFACEOUTERBOUND(#11447, .T.);
#11449 = IFCFACE((#11448));
#11450 = IFCPOLYLOOP((#9794, #9793, #11444));
#11451 = IFCFACEOUTERBOUND(#11450, .T.);
#11452 = IFCFACE((#11451));
#11453 = IFCPOLYLOOP((#11444, #11454, #9794));
#11454 = IFCCARTESIANPOINT((-2.15293960571289E-1, 1.53119567871094E-1, 6.92946044921875E-1));
#11455 = IFCFACEOUTERBOUND(#11453, .T.);
#11456 = IFCFACE((#11455));
#11457 = IFCPOLYLOOP((#9798, #9794, #11458));
#11458 = IFCCARTESIANPOINT((-2.20580307006836E-1, 1.46800933837891E-1, 6.89484741210938E-1));
#11459 = IFCFACEOUTERBOUND(#11457, .T.);
#11460 = IFCFACE((#11459));
#11461 = IFCPOLYLOOP((#11458, #11462, #9798));
#11462 = IFCCARTESIANPOINT((-2.25593826293945E-1, 1.40251739501953E-1, 6.86071350097656E-1));
#11463 = IFCFACEOUTERBOUND(#11461, .T.);
#11464 = IFCFACE((#11463));
#11465 = IFCPOLYLOOP((#11466, #11467, #9845));
#11466 = IFCCARTESIANPOINT((-2.34735321044922E-1, 1.26449981689453E-1, 6.79457824707031E-1));
#11467 = IFCCARTESIANPOINT((-2.38833847045898E-1, 1.19195281982422E-1, 6.76290344238281E-1));
#11468 = IFCFACEOUTERBOUND(#11465, .T.);
#11469 = IFCFACE((#11468));
#11470 = IFCPOLYLOOP((#9845, #9844, #11466));
#11471 = IFCFACEOUTERBOUND(#11470, .T.);
#11472 = IFCFACE((#11471));
#11473 = IFCPOLYLOOP((#9844, #9798, #11462));
#11474 = IFCFACEOUTERBOUND(#11473, .T.);
#11475 = IFCFACE((#11474));
#11476 = IFCPOLYLOOP((#11462, #11477, #9844));
#11477 = IFCCARTESIANPOINT((-2.30317733764648E-1, 1.33469085693359E-1, 6.82723205566406E-1));
#11478 = IFCFACEOUTERBOUND(#11476, .T.);
#11479 = IFCFACE((#11478));
#11480 = IFCPOLYLOOP((#9789, #9788, #11439));
#11481 = IFCFACEOUTERBOUND(#11480, .T.);
#11482 = IFCFACE((#11481));
#11483 = IFCPOLYLOOP((#11439, #11484, #9789));
#11484 = IFCCARTESIANPOINT((-1.97965316772461E-1, 1.70721282958984E-1, 7.03443176269531E-1));
#11485 = IFCFACEOUTERBOUND(#11483, .T.);
#11486 = IFCFACE((#11485));
#11487 = IFCPOLYLOOP((#9849, #9845, #11467));
#11488 = IFCFACEOUTERBOUND(#11487, .T.);
#11489 = IFCFACE((#11488));
#11490 = IFCPOLYLOOP((#11467, #11491, #9849));
#11491 = IFCCARTESIANPOINT((-2.42616668701172E-1, 1.11720550537109E-1, 6.73227416992188E-1));
#11492 = IFCFACEOUTERBOUND(#11490, .T.);
#11493 = IFCFACE((#11492));
#11494 = IFCPOLYLOOP((#9850, #9849, #11495));
#11495 = IFCCARTESIANPOINT((-2.46091186523438E-1, 1.04045104980469E-1, 6.70273498535156E-1));
#11496 = IFCFACEOUTERBOUND(#11494, .T.);
#11497 = IFCFACE((#11496));
#11498 = IFCPOLYLOOP((#11495, #11499, #9850));
#11499 = IFCCARTESIANPOINT((-2.49264785766602E-1, 9.61882629394531E-2, 6.6743310546875E-1));
#11500 = IFCFACEOUTERBOUND(#11498, .T.);
#11501 = IFCFACE((#11500));
#11502 = IFCPOLYLOOP((#11503, #11504, #9871));
#11503 = IFCCARTESIANPOINT((-2.54738784790039E-1, 8.00076293945313E-2, 6.62110595703125E-1));
#11504 = IFCCARTESIANPOINT((-2.57053955078125E-1, 7.17224426269531E-2, 6.59637390136719E-1));
#11505 = IFCFACEOUTERBOUND(#11502, .T.);
#11506 = IFCFACE((#11505));
#11507 = IFCPOLYLOOP((#9871, #9854, #11503));
#11508 = IFCFACEOUTERBOUND(#11507, .T.);
#11509 = IFCFACE((#11508));
#11510 = IFCPOLYLOOP((#9870, #9871, #11504));
#11511 = IFCFACEOUTERBOUND(#11510, .T.);
#11512 = IFCFACE((#11511));
#11513 = IFCPOLYLOOP((#11504, #11514, #9870));
#11514 = IFCCARTESIANPOINT((-2.59097747802734E-1, 6.33330993652344E-2, 6.57295471191406E-1));
#11515 = IFCFACEOUTERBOUND(#11513, .T.);
#11516 = IFCFACE((#11515));
#11517 = IFCPOLYLOOP((#9854, #9850, #11499));
#11518 = IFCFACEOUTERBOUND(#11517, .T.);
#11519 = IFCFACE((#11518));
#11520 = IFCPOLYLOOP((#11499, #11521, #9854));
#11521 = IFCCARTESIANPOINT((-2.52144866943359E-1, 8.81693420410156E-2, 6.64710632324219E-1));
#11522 = IFCFACEOUTERBOUND(#11520, .T.);
#11523 = IFCFACE((#11522));
#11524 = IFCPOLYLOOP((#11525, #11526, #9888));
#11525 = IFCCARTESIANPOINT((-2.62414306640625E-1, 4.63047180175781E-2, 6.53015014648438E-1));
#11526 = IFCCARTESIANPOINT((-2.63720367431641E-1, 3.76843872070313E-2, 6.51073486328125E-1));
#11527 = IFCFACEOUTERBOUND(#11524, .T.);
#11528 = IFCFACE((#11527));
#11529 = IFCPOLYLOOP((#9888, #9884, #11525));
#11530 = IFCFACEOUTERBOUND(#11529, .T.);
#11531 = IFCFACE((#11530));
#11532 = IFCPOLYLOOP((#9889, #11526, #11533));
#11533 = IFCCARTESIANPOINT((-2.64814971923828E-1, 2.90045490264893E-2, 6.49261962890625E-1));
#11534 = IFCFACEOUTERBOUND(#11532, .T.);
#11535 = IFCFACE((#11534));
#11536 = IFCPOLYLOOP((#9893, #9889, #11537));
#11537 = IFCCARTESIANPOINT((-2.65715637207031E-1, 2.02736835479736E-2, 6.47578308105469E-1));
#11538 = IFCFACEOUTERBOUND(#11536, .T.);
#11539 = IFCFACE((#11538));
#11540 = IFCPOLYLOOP((#11537, #11541, #9893));
#11541 = IFCCARTESIANPOINT((-2.66439819335938E-1, 1.15002460479736E-2, 6.46020690917969E-1));
#11542 = IFCFACEOUTERBOUND(#11540, .T.);
#11543 = IFCFACE((#11542));
#11544 = IFCPOLYLOOP((#11545, #11546, #9901));
#11545 = IFCCARTESIANPOINT((-2.67428863525391E-1, -6.14054679870605E-3, 6.43275512695313E-1));
#11546 = IFCCARTESIANPOINT((-2.67728302001953E-1, -1.4992094039917E-2, 6.420830078125E-1));
#11547 = IFCFACEOUTERBOUND(#11544, .T.);
#11548 = IFCFACE((#11547));
#11549 = IFCPOLYLOOP((#9901, #9900, #11545));
#11550 = IFCFACEOUTERBOUND(#11549, .T.);
#11551 = IFCFACE((#11550));
#11552 = IFCPOLYLOOP((#11553, #9900, #11541));
#11553 = IFCCARTESIANPOINT((-2.67005065917969E-1, 2.6926896572113E-3, 6.44587036132813E-1));
#11554 = IFCFACEOUTERBOUND(#11552, .T.);
#11555 = IFCFACE((#11554));
#11556 = IFCPOLYLOOP((#11557, #9884, #11514));
#11557 = IFCCARTESIANPOINT((-2.60879272460938E-1, 5.48570861816406E-2, 6.55088317871094E-1));
#11558 = IFCFACEOUTERBOUND(#11556, .T.);
#11559 = IFCFACE((#11558));
#11560 = IFCPOLYLOOP((#9772, #9771, #11387));
#11561 = IFCFACEOUTERBOUND(#11560, .T.);
#11562 = IFCFACE((#11561));
#11563 = IFCPOLYLOOP((#11387, #11412, #9772));
#11564 = IFCFACEOUTERBOUND(#11563, .T.);
#11565 = IFCFACE((#11564));
#11566 = IFCPOLYLOOP((#9380, #9376, #11207));
#11567 = IFCFACEOUTERBOUND(#11566, .T.);
#11568 = IFCFACE((#11567));
#11569 = IFCPOLYLOOP((#11207, #11242, #9380));
#11570 = IFCFACEOUTERBOUND(#11569, .T.);
#11571 = IFCFACE((#11570));
#11572 = IFCPOLYLOOP((#9217, #10991, #9218));
#11573 = IFCFACEOUTERBOUND(#11572, .T.);
#11574 = IFCFACE((#11573));
#11575 = IFCPOLYLOOP((#9222, #11004, #9223));
#11576 = IFCFACEOUTERBOUND(#11575, .T.);
#11577 = IFCFACE((#11576));
#11578 = IFCPOLYLOOP((#9227, #11018, #9234));
#11579 = IFCFACEOUTERBOUND(#11578, .T.);
#11580 = IFCFACE((#11579));
#11581 = IFCPOLYLOOP((#9235, #11037, #9239));
#11582 = IFCFACEOUTERBOUND(#11581, .T.);
#11583 = IFCFACE((#11582));
#11584 = IFCPOLYLOOP((#9309, #11066, #9310));
#11585 = IFCFACEOUTERBOUND(#11584, .T.);
#11586 = IFCFACE((#11585));
#11587 = IFCPOLYLOOP((#9240, #11042, #9244));
#11588 = IFCFACEOUTERBOUND(#11587, .T.);
#11589 = IFCFACE((#11588));
#11590 = IFCPOLYLOOP((#11546, #11591, #9905));
#11591 = IFCCARTESIANPOINT((-2.67918792724609E-1, -2.38589763641357E-2, 6.41002319335938E-1));
#11592 = IFCFACEOUTERBOUND(#11590, .T.);
#11593 = IFCFACE((#11592));
#11594 = IFCPOLYLOOP((#11595, #11596, #9906));
#11595 = IFCCARTESIANPOINT((-2.68015258789063E-1, -3.27393035888672E-2, 6.40025085449219E-1));
#11596 = IFCCARTESIANPOINT((-2.6803271484375E-1, -4.16311645507813E-2, 6.39142944335938E-1));
#11597 = IFCFACEOUTERBOUND(#11594, .T.);
#11598 = IFCFACE((#11597));
#11599 = IFCPOLYLOOP((#9906, #9905, #11595));
#11600 = IFCFACEOUTERBOUND(#11599, .T.);
#11601 = IFCFACE((#11600));
#11602 = IFCPOLYLOOP((#11596, #11603, #9910));
#11603 = IFCCARTESIANPOINT((-2.67986053466797E-1, -5.05326690673828E-2, 6.3834765625E-1));
#11604 = IFCFACEOUTERBOUND(#11602, .T.);
#11605 = IFCFACE((#11604));
#11606 = IFCPOLYLOOP((#9920, #9910, #11607));
#11607 = IFCCARTESIANPOINT((-2.67890319824219E-1, -5.94419250488281E-2, 6.37630859375E-1));
#11608 = IFCFACEOUTERBOUND(#11606, .T.);
#11609 = IFCFACE((#11608));
#11610 = IFCPOLYLOOP((#11607, #11611, #9920));
#11611 = IFCCARTESIANPOINT((-2.67760437011719E-1, -6.83570556640625E-2, 6.36984252929688E-1));
#11612 = IFCFACEOUTERBOUND(#11610, .T.);
#11613 = IFCFACE((#11612));
#11614 = IFCPOLYLOOP((#11615, #11616, #9921));
#11615 = IFCCARTESIANPOINT((-2.67611389160156E-1, -7.72761535644531E-2, 6.36399475097656E-1));
#11616 = IFCCARTESIANPOINT((-2.67455169677734E-1, -8.61975860595703E-2, 6.35868713378906E-1));
#11617 = IFCFACEOUTERBOUND(#11614, .T.);
#11618 = IFCFACE((#11617));
#11619 = IFCPOLYLOOP((#11615, #9921, #11611));
#11620 = IFCFACEOUTERBOUND(#11619, .T.);
#11621 = IFCFACE((#11620));
#11622 = IFCPOLYLOOP((#9925, #9921, #11616));
#11623 = IFCFACEOUTERBOUND(#11622, .T.);
#11624 = IFCFACE((#11623));
#11625 = IFCPOLYLOOP((#11616, #11626, #9925));
#11626 = IFCCARTESIANPOINT((-2.67292022705078E-1, -9.51207885742188E-2, 6.35386169433594E-1));
#11627 = IFCFACEOUTERBOUND(#11625, .T.);
#11628 = IFCFACE((#11627));
#11629 = IFCPOLYLOOP((#11630, #11631, #9926));
#11630 = IFCCARTESIANPOINT((-2.67119232177734E-1, -1.04045486450195E-1, 6.34946533203125E-1));
#11631 = IFCCARTESIANPOINT((-2.6693408203125E-1, -1.12971374511719E-1, 6.3454443359375E-1));
#11632 = IFCFACEOUTERBOUND(#11629, .T.);
#11633 = IFCFACE((#11632));
#11634 = IFCPOLYLOOP((#9926, #9925, #11630));
#11635 = IFCFACEOUTERBOUND(#11634, .T.);
#11636 = IFCFACE((#11635));
#11637 = IFCPOLYLOOP((#11638, #11639, #9937));
#11638 = IFCCARTESIANPOINT((-2.66515808105469E-1, -1.30825561523438E-1, 6.33831665039063E-1));
#11639 = IFCCARTESIANPOINT((-2.66277282714844E-1, -1.39753265380859E-1, 6.33510314941406E-1));
#11640 = IFCFACEOUTERBOUND(#11637, .T.);
#11641 = IFCFACE((#11640));
#11642 = IFCPOLYLOOP((#9937, #9930, #11638));
#11643 = IFCFACEOUTERBOUND(#11642, .T.);
#11644 = IFCFACE((#11643));
#11645 = IFCPOLYLOOP((#9938, #9937, #11639));
#11646 = IFCFACEOUTERBOUND(#11645, .T.);
#11647 = IFCFACE((#11646));
#11648 = IFCPOLYLOOP((#11639, #11649, #9938));
#11649 = IFCCARTESIANPOINT((-2.66015502929688E-1, -1.4868098449707E-1, 6.33205322265625E-1));
#11650 = IFCFACEOUTERBOUND(#11648, .T.);
#11651 = IFCFACE((#11650));
#11652 = IFCPOLYLOOP((#9930, #9926, #11631));
#11653 = IFCFACEOUTERBOUND(#11652, .T.);
#11654 = IFCFACE((#11653));
#11655 = IFCPOLYLOOP((#11631, #11656, #9930));
#11656 = IFCCARTESIANPOINT((-2.66733856201172E-1, -1.21898170471191E-1, 6.34174560546875E-1));
#11657 = IFCFACEOUTERBOUND(#11655, .T.);
#11658 = IFCFACE((#11657));
#11659 = IFCPOLYLOOP((#9942, #9938, #11660));
#11660 = IFCCARTESIANPOINT((-2.65728607177734E-1, -1.57608459472656E-1, 6.32911926269531E-1));
#11661 = IFCFACEOUTERBOUND(#11659, .T.);
#11662 = IFCFACE((#11661));
#11663 = IFCPOLYLOOP((#11660, #11664, #9942));
#11664 = IFCCARTESIANPOINT((-2.65418060302734E-1, -1.66535629272461E-1, 6.32628540039063E-1));
#11665 = IFCFACEOUTERBOUND(#11663, .T.);
#11666 = IFCFACE((#11665));
#11667 = IFCPOLYLOOP((#11668, #11669, #9943));
#11668 = IFCCARTESIANPOINT((-2.65086181640625E-1, -1.75462448120117E-1, 6.32354125976563E-1));
#11669 = IFCCARTESIANPOINT((-2.64735260009766E-1, -1.84388870239258E-1, 6.32087585449219E-1));
#11670 = IFCFACEOUTERBOUND(#11667, .T.);
#11671 = IFCFACE((#11670));
#11672 = IFCPOLYLOOP((#9942, #11664, #11668));
#11673 = IFCFACEOUTERBOUND(#11672, .T.);
#11674 = IFCFACE((#11673));
#11675 = IFCPOLYLOOP((#11668, #9943, #9942));
#11676 = IFCFACEOUTERBOUND(#11675, .T.);
#11677 = IFCFACE((#11676));
#11678 = IFCPOLYLOOP((#9947, #11679, #11680));
#11679 = IFCCARTESIANPOINT((-2.64367645263672E-1, -1.93314880371094E-1, 6.31828002929688E-1));
#11680 = IFCCARTESIANPOINT((-2.63985595703125E-1, -2.02240417480469E-1, 6.31574340820313E-1));
#11681 = IFCFACEOUTERBOUND(#11678, .T.);
#11682 = IFCFACE((#11681));
#11683 = IFCPOLYLOOP((#11680, #9990, #9947));
#11684 = IFCFACEOUTERBOUND(#11683, .T.);
#11685 = IFCFACE((#11684));
#11686 = IFCPOLYLOOP((#9994, #9990, #11687));
#11687 = IFCCARTESIANPOINT((-2.63591461181641E-1, -2.11165451049805E-1, 6.31325622558594E-1));
#11688 = IFCFACEOUTERBOUND(#11686, .T.);
#11689 = IFCFACE((#11688));
#11690 = IFCPOLYLOOP((#11687, #10789, #9994));
#11691 = IFCFACEOUTERBOUND(#11690, .T.);
#11692 = IFCFACE((#11691));
#11693 = IFCPOLYLOOP((#9990, #11680, #11687));
#11694 = IFCFACEOUTERBOUND(#11693, .T.);
#11695 = IFCFACE((#11694));
#11696 = IFCPOLYLOOP((#9947, #9943, #11669));
#11697 = IFCFACEOUTERBOUND(#11696, .T.);
#11698 = IFCFACE((#11697));
#11699 = IFCPOLYLOOP((#11669, #11679, #9947));
#11700 = IFCFACEOUTERBOUND(#11699, .T.);
#11701 = IFCFACE((#11700));
#11702 = IFCPOLYLOOP((#9938, #11649, #11660));
#11703 = IFCFACEOUTERBOUND(#11702, .T.);
#11704 = IFCFACE((#11703));
#11705 = IFCPOLYLOOP((#9870, #11514, #9884));
#11706 = IFCFACEOUTERBOUND(#11705, .T.);
#11707 = IFCFACE((#11706));
#11708 = IFCPOLYLOOP((#9893, #11541, #9900));
#11709 = IFCFACEOUTERBOUND(#11708, .T.);
#11710 = IFCFACE((#11709));
#11711 = IFCPOLYLOOP((#9888, #11526, #9889));
#11712 = IFCFACEOUTERBOUND(#11711, .T.);
#11713 = IFCFACE((#11712));
#11714 = IFCPOLYLOOP((#11596, #9910, #9906));
#11715 = IFCFACEOUTERBOUND(#11714, .T.);
#11716 = IFCFACE((#11715));
#11717 = IFCPOLYLOOP((#11611, #9921, #9920));
#11718 = IFCFACEOUTERBOUND(#11717, .T.);
#11719 = IFCFACE((#11718));
#11720 = IFCPOLYLOOP((#11420, #9776, #11413));
#11721 = IFCFACEOUTERBOUND(#11720, .T.);
#11722 = IFCFACE((#11721));
#11723 = IFCPOLYLOOP((#11435, #9781, #11431));
#11724 = IFCFACEOUTERBOUND(#11723, .T.);
#11725 = IFCFACE((#11724));
#11726 = IFCPOLYLOOP((#11443, #9789, #11484));
#11727 = IFCFACEOUTERBOUND(#11726, .T.);
#11728 = IFCFACE((#11727));
#11729 = IFCPOLYLOOP((#11466, #9844, #11477));
#11730 = IFCFACEOUTERBOUND(#11729, .T.);
#11731 = IFCFACE((#11730));
#11732 = IFCPOLYLOOP((#11458, #9794, #11454));
#11733 = IFCFACEOUTERBOUND(#11732, .T.);
#11734 = IFCFACE((#11733));
#11735 = IFCPOLYLOOP((#11495, #9849, #11491));
#11736 = IFCFACEOUTERBOUND(#11735, .T.);
#11737 = IFCFACE((#11736));
#11738 = IFCPOLYLOOP((#11503, #9854, #11521));
#11739 = IFCFACEOUTERBOUND(#11738, .T.);
#11740 = IFCFACE((#11739));
#11741 = IFCPOLYLOOP((#11525, #9884, #11557));
#11742 = IFCFACEOUTERBOUND(#11741, .T.);
#11743 = IFCFACE((#11742));
#11744 = IFCPOLYLOOP((#11545, #9900, #11553));
#11745 = IFCFACEOUTERBOUND(#11744, .T.);
#11746 = IFCFACE((#11745));
#11747 = IFCPOLYLOOP((#11537, #9889, #11533));
#11748 = IFCFACEOUTERBOUND(#11747, .T.);
#11749 = IFCFACE((#11748));
#11750 = IFCPOLYLOOP((#11595, #9905, #11591));
#11751 = IFCFACEOUTERBOUND(#11750, .T.);
#11752 = IFCFACE((#11751));
#11753 = IFCPOLYLOOP((#11607, #9910, #11603));
#11754 = IFCFACEOUTERBOUND(#11753, .T.);
#11755 = IFCFACE((#11754));
#11756 = IFCPOLYLOOP((#11630, #9925, #11626));
#11757 = IFCFACEOUTERBOUND(#11756, .T.);
#11758 = IFCFACE((#11757));
#11759 = IFCPOLYLOOP((#11638, #9930, #11656));
#11760 = IFCFACEOUTERBOUND(#11759, .T.);
#11761 = IFCFACE((#11760));
#11762 = IFCPOLYLOOP((#9901, #11546, #9905));
#11763 = IFCFACEOUTERBOUND(#11762, .T.);
#11764 = IFCFACE((#11763));
#11765 = IFCPOLYLOOP((#11766, #11767, #11768));
#11766 = IFCCARTESIANPOINT((2.34875930786133E-1, -1.6691813659668E-1, 6.29763122558594E-1));
#11767 = IFCCARTESIANPOINT((2.34875885009766E-1, -1.65890258789063E-1, 6.29773559570313E-1));
#11768 = IFCCARTESIANPOINT((2.36563262939453E-1, -1.669091796875E-1, 6.29143371582031E-1));
#11769 = IFCFACEOUTERBOUND(#11765, .T.);
#11770 = IFCFACE((#11769));
#11771 = IFCPOLYLOOP((#11772, #11773, #11774));
#11772 = IFCCARTESIANPOINT((2.3993766784668E-1, -1.59663803100586E-1, 6.27950988769531E-1));
#11773 = IFCCARTESIANPOINT((2.46687225341797E-1, -1.59585220336914E-1, 6.25456298828125E-1));
#11774 = IFCCARTESIANPOINT((2.46687286376953E-1, -1.63739639282227E-1, 6.254404296875E-1));
#11775 = IFCFACEOUTERBOUND(#11771, .T.);
#11776 = IFCFACE((#11775));
#11777 = IFCPOLYLOOP((#11774, #11778, #11772));
#11778 = IFCCARTESIANPOINT((2.39937850952148E-1, -1.63793823242188E-1, 6.2792724609375E-1));
#11779 = IFCFACEOUTERBOUND(#11777, .T.);
#11780 = IFCFACE((#11779));
#11781 = IFCPOLYLOOP((#11782, #11783, #11784));
#11782 = IFCCARTESIANPOINT((-2.46687347412109E-1, -1.78375366210938E-1, 6.25337829589844E-1));
#11783 = IFCCARTESIANPOINT((-2.60185913085938E-1, -1.78283401489258E-1, 6.20466796875E-1));
#11784 = IFCCARTESIANPOINT((-2.60186096191406E-1, -1.65955154418945E-1, 6.20466796875E-1));
#11785 = IFCFACEOUTERBOUND(#11781, .T.);
#11786 = IFCFACE((#11785));
#11787 = IFCPOLYLOOP((#11788, #11789, #11784));
#11788 = IFCCARTESIANPOINT((-2.33187637329102E-1, -1.54430541992188E-1, 6.3047119140625E-1));
#11789 = IFCCARTESIANPOINT((-2.33188583374023E-1, -1.67366989135742E-1, 6.303779296875E-1));
#11790 = IFCFACEOUTERBOUND(#11787, .T.);
#11791 = IFCFACE((#11790));
#11792 = IFCPOLYLOOP((#11784, #11793, #11788));
#11793 = IFCCARTESIANPOINT((-2.60186645507813E-1, -1.53626831054688E-1, 6.20466796875E-1));
#11794 = IFCFACEOUTERBOUND(#11792, .T.);
#11795 = IFCFACE((#11794));
#11796 = IFCPOLYLOOP((#11797, #11798, #11799));
#11797 = IFCCARTESIANPOINT((-2.33186279296875E-1, -1.4149560546875E-1, 6.30467529296875E-1));
#11798 = IFCCARTESIANPOINT((-2.60187255859375E-1, -1.45318817138672E-1, 6.20466796875E-1));
#11799 = IFCCARTESIANPOINT((-2.60187957763672E-1, -1.37010818481445E-1, 6.20466796875E-1));
#11800 = IFCFACEOUTERBOUND(#11796, .T.);
#11801 = IFCFACE((#11800));
#11802 = IFCPOLYLOOP((#11803, #11804, #11805));
#11803 = IFCCARTESIANPOINT((-2.60189392089844E-1, -1.20394912719727E-1, 6.20466796875E-1));
#11804 = IFCCARTESIANPOINT((-2.33184844970703E-1, -1.15624755859375E-1, 6.30274841308594E-1));
#11805 = IFCCARTESIANPOINT((-2.33185104370117E-1, -1.28563781738281E-1, 6.30389953613281E-1));
#11806 = IFCFACEOUTERBOUND(#11802, .T.);
#11807 = IFCFACE((#11806));
#11808 = IFCPOLYLOOP((#11805, #11809, #11803));
#11809 = IFCCARTESIANPOINT((-2.60188690185547E-1, -1.28702835083008E-1, 6.20466796875E-1));
#11810 = IFCFACEOUTERBOUND(#11808, .T.);
#11811 = IFCFACE((#11810));
#11812 = IFCPOLYLOOP((#11805, #11797, #11799));
#11813 = IFCFACEOUTERBOUND(#11812, .T.);
#11814 = IFCFACE((#11813));
#11815 = IFCPOLYLOOP((#11799, #11809, #11805));
#11816 = IFCFACEOUTERBOUND(#11815, .T.);
#11817 = IFCFACE((#11816));
#11818 = IFCPOLYLOOP((#11798, #11797, #11788));
#11819 = IFCFACEOUTERBOUND(#11818, .T.);
#11820 = IFCFACE((#11819));
#11821 = IFCPOLYLOOP((#11788, #11793, #11798));
#11822 = IFCFACEOUTERBOUND(#11821, .T.);
#11823 = IFCFACE((#11822));
#11824 = IFCPOLYLOOP((#11825, #11804, #11826));
#11825 = IFCCARTESIANPOINT((-2.33186416625977E-1, -1.02675552368164E-1, 6.30158569335938E-1));
#11826 = IFCCARTESIANPOINT((-2.6018994140625E-1, -1.1208708190918E-1, 6.20466796875E-1));
#11827 = IFCFACEOUTERBOUND(#11824, .T.);
#11828 = IFCFACE((#11827));
#11829 = IFCPOLYLOOP((#11826, #11830, #11825));
#11830 = IFCCARTESIANPOINT((-2.60190246582031E-1, -1.03779357910156E-1, 6.20466796875E-1));
#11831 = IFCFACEOUTERBOUND(#11829, .T.);
#11832 = IFCFACE((#11831));
#11833 = IFCPOLYLOOP((#11834, #11835, #11825));
#11834 = IFCCARTESIANPOINT((-2.60190246582031E-1, -9.54717559814453E-2, 6.20466796875E-1));
#11835 = IFCCARTESIANPOINT((-2.3319123840332E-1, -8.97549743652344E-2, 6.30064575195313E-1));
#11836 = IFCFACEOUTERBOUND(#11833, .T.);
#11837 = IFCFACE((#11836));
#11838 = IFCPOLYLOOP((#11825, #11830, #11834));
#11839 = IFCFACEOUTERBOUND(#11838, .T.);
#11840 = IFCFACE((#11839));
#11841 = IFCPOLYLOOP((#11842, #11843, #11835));
#11842 = IFCCARTESIANPOINT((-2.60187774658203E-1, -7.88584289550781E-2, 6.20466796875E-1));
#11843 = IFCCARTESIANPOINT((-2.33201278686523E-1, -7.68733673095703E-2, 6.30006713867188E-1));
#11844 = IFCFACEOUTERBOUND(#11841, .T.);
#11845 = IFCFACE((#11844));
#11846 = IFCPOLYLOOP((#11835, #11847, #11842));
#11847 = IFCCARTESIANPOINT((-2.60189880371094E-1, -8.71643218994141E-2, 6.20466796875E-1));
#11848 = IFCFACEOUTERBOUND(#11846, .T.);
#11849 = IFCFACE((#11848));
#11850 = IFCPOLYLOOP((#11851, #11843, #11852));
#11851 = IFCCARTESIANPOINT((-2.33220123291016E-1, -6.38858489990234E-2, 6.29972839355469E-1));
#11852 = IFCCARTESIANPOINT((-2.60177825927734E-1, -7.05553436279297E-2, 6.20466796875E-1));
#11853 = IFCFACEOUTERBOUND(#11850, .T.);
#11854 = IFCFACE((#11853));
#11855 = IFCPOLYLOOP((#11852, #11856, #11851));
#11856 = IFCCARTESIANPOINT((-2.60152648925781E-1, -6.22550201416016E-2, 6.20466796875E-1));
#11857 = IFCFACEOUTERBOUND(#11855, .T.);
#11858 = IFCFACE((#11857));
#11859 = IFCPOLYLOOP((#11852, #11843, #11842));
#11860 = IFCFACEOUTERBOUND(#11859, .T.);
#11861 = IFCFACE((#11860));
#11862 = IFCPOLYLOOP((#11847, #11835, #11834));
#11863 = IFCFACEOUTERBOUND(#11862, .T.);
#11864 = IFCFACE((#11863));
#11865 = IFCPOLYLOOP((#11826, #11804, #11803));
#11866 = IFCFACEOUTERBOUND(#11865, .T.);
#11867 = IFCFACE((#11866));
#11868 = IFCPOLYLOOP((#11869, #11870, #11871));
#11869 = IFCCARTESIANPOINT((-2.33251602172852E-1, -5.07528381347656E-2, 6.29946105957031E-1));
#11870 = IFCCARTESIANPOINT((-2.60104888916016E-1, -5.39574279785156E-2, 6.20466796875E-1));
#11871 = IFCCARTESIANPOINT((-2.60027191162109E-1, -4.56625366210938E-2, 6.20466796875E-1));
#11872 = IFCFACEOUTERBOUND(#11868, .T.);
#11873 = IFCFACE((#11872));
#11874 = IFCPOLYLOOP((#11875, #11869, #11871));
#11875 = IFCCARTESIANPOINT((-2.33298950195313E-1, -3.80113220214844E-2, 6.29915649414063E-1));
#11876 = IFCFACEOUTERBOUND(#11874, .T.);
#11877 = IFCFACE((#11876));
#11878 = IFCPOLYLOOP((#11871, #11879, #11875));
#11879 = IFCCARTESIANPOINT((-2.59912200927734E-1, -3.73703002929688E-2, 6.20466796875E-1));
#11880 = IFCFACEOUTERBOUND(#11878, .T.);
#11881 = IFCFACE((#11880));
#11882 = IFCPOLYLOOP((#11883, #11884, #11885));
#11883 = IFCCARTESIANPOINT((-2.59541015625E-1, -2.07936229705811E-2, 6.20466796875E-1));
#11884 = IFCCARTESIANPOINT((-2.33295700073242E-1, -1.64822216033936E-2, 6.29830688476563E-1));
#11885 = IFCCARTESIANPOINT((-2.33341201782227E-1, -2.70773296356201E-2, 6.29877990722656E-1));
#11886 = IFCFACEOUTERBOUND(#11882, .T.);
#11887 = IFCFACE((#11886));
#11888 = IFCPOLYLOOP((#11885, #11889, #11883));
#11889 = IFCCARTESIANPOINT((-2.59752593994141E-1, -2.90806713104248E-2, 6.20466796875E-1));
#11890 = IFCFACEOUTERBOUND(#11888, .T.);
#11891 = IFCFACE((#11890));
#11892 = IFCPOLYLOOP((#11893, #11894, #11884));
#11893 = IFCCARTESIANPOINT((-2.58914916992188E-1, -4.2415599822998E-3, 6.20466796875E-1));
#11894 = IFCCARTESIANPOINT((-2.33056625366211E-1, -5.78268241882324E-3, 6.29775512695313E-1));
#11895 = IFCFACEOUTERBOUND(#11892, .T.);
#11896 = IFCFACE((#11895));
#11897 = IFCPOLYLOOP((#11884, #11898, #11893));
#11898 = IFCCARTESIANPOINT((-2.59267852783203E-1, -1.25121746063232E-2, 6.20466796875E-1));
#11899 = IFCFACEOUTERBOUND(#11897, .T.);
#11900 = IFCFACE((#11899));
#11901 = IFCPOLYLOOP((#11898, #11884, #11883));
#11902 = IFCFACEOUTERBOUND(#11901, .T.);
#11903 = IFCFACE((#11902));
#11904 = IFCPOLYLOOP((#11889, #11885, #11875));
#11905 = IFCFACEOUTERBOUND(#11904, .T.);
#11906 = IFCFACE((#11905));
#11907 = IFCPOLYLOOP((#11875, #11879, #11889));
#11908 = IFCFACEOUTERBOUND(#11907, .T.);
#11909 = IFCFACE((#11908));
#11910 = IFCPOLYLOOP((#11911, #11912, #11913));
#11911 = IFCCARTESIANPOINT((-2.57888458251953E-1, 1.22538471221924E-2, 6.20466796875E-1));
#11912 = IFCCARTESIANPOINT((-2.32509429931641E-1, 4.98904609680176E-3, 6.29715270996094E-1));
#11913 = IFCCARTESIANPOINT((-2.58461883544922E-1, 4.01487922668457E-3, 6.20466796875E-1));
#11914 = IFCFACEOUTERBOUND(#11910, .T.);
#11915 = IFCFACE((#11914));
#11916 = IFCPOLYLOOP((#11917, #11918, #11919));
#11917 = IFCCARTESIANPOINT((-2.56299133300781E-1, 2.86660480499268E-2, 6.20466796875E-1));
#11918 = IFCCARTESIANPOINT((-2.30044998168945E-1, 2.63453998565674E-2, 6.29591613769531E-1));
#11919 = IFCCARTESIANPOINT((-2.31540084838867E-1, 1.57069721221924E-2, 6.29653076171875E-1));
#11920 = IFCFACEOUTERBOUND(#11916, .T.);
#11921 = IFCFACE((#11920));
#11922 = IFCPOLYLOOP((#11919, #11923, #11917));
#11923 = IFCCARTESIANPOINT((-2.5717431640625E-1, 2.0472017288208E-2, 6.20466796875E-1));
#11924 = IFCFACEOUTERBOUND(#11922, .T.);
#11925 = IFCFACE((#11924));
#11926 = IFCPOLYLOOP((#11923, #11919, #11912));
#11927 = IFCFACEOUTERBOUND(#11926, .T.);
#11928 = IFCFACE((#11927));
#11929 = IFCPOLYLOOP((#11912, #11911, #11923));
#11930 = IFCFACEOUTERBOUND(#11929, .T.);
#11931 = IFCFACE((#11930));
#11932 = IFCPOLYLOOP((#11933, #11934, #11918));
#11933 = IFCCARTESIANPOINT((-2.53984359741211E-1, 4.49684143066406E-2, 6.20466796875E-1));
#11934 = IFCCARTESIANPOINT((-2.27938064575195E-1, 3.68934631347656E-2, 6.29533020019531E-1));
#11935 = IFCFACEOUTERBOUND(#11932, .T.);
#11936 = IFCFACE((#11935));
#11937 = IFCPOLYLOOP((#11918, #11938, #11933));
#11938 = IFCCARTESIANPOINT((-2.55242584228516E-1, 3.68326110839844E-2, 6.20466796875E-1));
#11939 = IFCFACEOUTERBOUND(#11937, .T.);
#11940 = IFCFACE((#11939));
#11941 = IFCPOLYLOOP((#11942, #11943, #11944));
#11942 = IFCCARTESIANPOINT((-2.50779586791992E-1, 6.11069946289063E-2, 6.20466796875E-1));
#11943 = IFCCARTESIANPOINT((-2.25192260742188E-1, 4.72986450195313E-2, 6.29477661132813E-1));
#11944 = IFCCARTESIANPOINT((-2.52503936767578E-1, 5.30660400390625E-2, 6.20466796875E-1));
#11945 = IFCFACEOUTERBOUND(#11941, .T.);
#11946 = IFCFACE((#11945));
#11947 = IFCPOLYLOOP((#11944, #11943, #11934));
#11948 = IFCFACEOUTERBOUND(#11947, .T.);
#11949 = IFCFACE((#11948));
#11950 = IFCPOLYLOOP((#11934, #11933, #11944));
#11951 = IFCFACEOUTERBOUND(#11950, .T.);
#11952 = IFCFACE((#11951));
#11953 = IFCPOLYLOOP((#11938, #11918, #11917));
#11954 = IFCFACEOUTERBOUND(#11953, .T.);
#11955 = IFCFACE((#11954));
#11956 = IFCPOLYLOOP((#11913, #11912, #11894));
#11957 = IFCFACEOUTERBOUND(#11956, .T.);
#11958 = IFCFACE((#11957));
#11959 = IFCPOLYLOOP((#11894, #11893, #11913));
#11960 = IFCFACEOUTERBOUND(#11959, .T.);
#11961 = IFCFACE((#11960));
#11962 = IFCPOLYLOOP((#11870, #11869, #11851));
#11963 = IFCFACEOUTERBOUND(#11962, .T.);
#11964 = IFCFACE((#11963));
#11965 = IFCPOLYLOOP((#11851, #11856, #11870));
#11966 = IFCFACEOUTERBOUND(#11965, .T.);
#11967 = IFCFACE((#11966));
#11968 = IFCPOLYLOOP((#11969, #11970, #11971));
#11969 = IFCCARTESIANPOINT((-2.46510406494141E-1, 7.69396667480469E-2, 6.20466796875E-1));
#11970 = IFCCARTESIANPOINT((-2.17710189819336E-1, 6.74375915527344E-2, 6.29376342773438E-1));
#11971 = IFCCARTESIANPOINT((-2.21792251586914E-1, 5.74991760253906E-2, 6.29425415039063E-1));
#11972 = IFCFACEOUTERBOUND(#11968, .T.);
#11973 = IFCFACE((#11972));
#11974 = IFCPOLYLOOP((#11971, #11975, #11969));
#11975 = IFCCARTESIANPOINT((-2.48789138793945E-1, 6.90715026855469E-2, 6.20466796875E-1));
#11976 = IFCFACEOUTERBOUND(#11974, .T.);
#11977 = IFCFACE((#11976));
#11978 = IFCPOLYLOOP((#11970, #11969, #11979));
#11979 = IFCCARTESIANPOINT((-2.43921249389648E-1, 8.4691650390625E-2, 6.20466796875E-1));
#11980 = IFCFACEOUTERBOUND(#11978, .T.);
#11981 = IFCFACE((#11980));
#11982 = IFCPOLYLOOP((#11983, #11984, #11985));
#11983 = IFCCARTESIANPOINT((-2.37722930908203E-1, 9.97677307128906E-2, 6.20466796875E-1));
#11984 = IFCCARTESIANPOINT((-2.07432205200195E-1, 8.62887268066406E-2, 6.29288146972656E-1));
#11985 = IFCCARTESIANPOINT((-2.12922119140625E-1, 7.70557861328125E-2, 6.29330688476563E-1));
#11986 = IFCFACEOUTERBOUND(#11982, .T.);
#11987 = IFCFACE((#11986));
#11988 = IFCPOLYLOOP((#11985, #11989, #11983));
#11989 = IFCCARTESIANPOINT((-2.40999481201172E-1, 9.23076171875E-2, 6.20466796875E-1));
#11990 = IFCFACEOUTERBOUND(#11988, .T.);
#11991 = IFCFACE((#11990));
#11992 = IFCPOLYLOOP((#11993, #11984, #11994));
#11993 = IFCCARTESIANPOINT((-2.01260894775391E-1, 9.50797119140625E-2, 6.29248168945313E-1));
#11994 = IFCCARTESIANPOINT((-2.34069442749023E-1, 1.07052124023438E-1, 6.20466796875E-1));
#11995 = IFCFACEOUTERBOUND(#11992, .T.);
#11996 = IFCFACE((#11995));
#11997 = IFCPOLYLOOP((#11994, #11998, #11993));
#11998 = IFCCARTESIANPOINT((-2.30020584106445E-1, 1.14141723632813E-1, 6.20466796875E-1));
#11999 = IFCFACEOUTERBOUND(#11997, .T.);
#12000 = IFCFACE((#11999));
#12001 = IFCPOLYLOOP((#11994, #11984, #11983));
#12002 = IFCFACEOUTERBOUND(#12001, .T.);
#12003 = IFCFACE((#12002));
#12004 = IFCPOLYLOOP((#11989, #11985, #11979));
#12005 = IFCFACEOUTERBOUND(#12004, .T.);
#12006 = IFCFACE((#12005));
#12007 = IFCPOLYLOOP((#12008, #11993, #12009));
#12008 = IFCCARTESIANPOINT((-1.94465560913086E-1, 1.03412384033203E-1, 6.29209350585938E-1));
#12009 = IFCCARTESIANPOINT((-2.25581726074219E-1, 1.21005767822266E-1, 6.20466796875E-1));
#12010 = IFCFACEOUTERBOUND(#12007, .T.);
#12011 = IFCFACE((#12010));
#12012 = IFCPOLYLOOP((#12009, #12013, #12008));
#12013 = IFCCARTESIANPOINT((-2.20766418457031E-1, 1.27607055664063E-1, 6.20466796875E-1));
#12014 = IFCFACEOUTERBOUND(#12012, .T.);
#12015 = IFCFACE((#12014));
#12016 = IFCPOLYLOOP((#12017, #12018, #12019));
#12017 = IFCCARTESIANPOINT((-1.87112106323242E-1, 1.11276672363281E-1, 6.29169921875E-1));
#12018 = IFCCARTESIANPOINT((-2.1558821105957E-1, 1.33908264160156E-1, 6.20466796875E-1));
#12019 = IFCCARTESIANPOINT((-2.10060684204102E-1, 1.39872161865234E-1, 6.20466796875E-1));
#12020 = IFCFACEOUTERBOUND(#12016, .T.);
#12021 = IFCFACE((#12020));
#12022 = IFCPOLYLOOP((#12008, #12013, #12018));
#12023 = IFCFACEOUTERBOUND(#12022, .T.);
#12024 = IFCFACE((#12023));
#12025 = IFCPOLYLOOP((#12018, #12017, #12008));
#12026 = IFCFACEOUTERBOUND(#12025, .T.);
#12027 = IFCFACE((#12026));
#12028 = IFCPOLYLOOP((#12029, #12030, #12031));
#12029 = IFCCARTESIANPOINT((-1.79263336181641E-1, 1.18647491455078E-1, 6.29128234863281E-1));
#12030 = IFCCARTESIANPOINT((-2.04197372436523E-1, 1.45461486816406E-1, 6.20466796875E-1));
#12031 = IFCCARTESIANPOINT((-1.98011840820313E-1, 1.50638977050781E-1, 6.20466796875E-1));
#12032 = IFCFACEOUTERBOUND(#12028, .T.);
#12033 = IFCFACE((#12032));
#12034 = IFCPOLYLOOP((#12031, #12035, #12029));
#12035 = IFCCARTESIANPOINT((-1.70978958129883E-1, 1.25503387451172E-1, 6.29082702636719E-1));
#12036 = IFCFACEOUTERBOUND(#12034, .T.);
#12037 = IFCFACE((#12036));
#12038 = IFCPOLYLOOP((#12039, #12035, #12040));
#12039 = IFCCARTESIANPOINT((-1.62309417724609E-1, 1.31852722167969E-1, 6.29032775878906E-1));
#12040 = IFCCARTESIANPOINT((-1.91517639160156E-1, 1.55367370605469E-1, 6.20466796875E-1));
#12041 = IFCFACEOUTERBOUND(#12038, .T.);
#12042 = IFCFACE((#12041));
#12043 = IFCPOLYLOOP((#12040, #12044, #12039));
#12044 = IFCCARTESIANPOINT((-1.84719284057617E-1, 1.59630981445313E-1, 6.20466796875E-1));
#12045 = IFCFACEOUTERBOUND(#12043, .T.);
#12046 = IFCFACE((#12045));
#12047 = IFCPOLYLOOP((#12040, #12035, #12031));
#12048 = IFCFACEOUTERBOUND(#12047, .T.);
#12049 = IFCFACE((#12048));
#12050 = IFCPOLYLOOP((#12029, #12017, #12019));
#12051 = IFCFACEOUTERBOUND(#12050, .T.);
#12052 = IFCFACE((#12051));
#12053 = IFCPOLYLOOP((#12019, #12030, #12029));
#12054 = IFCFACEOUTERBOUND(#12053, .T.);
#12055 = IFCFACE((#12054));
#12056 = IFCPOLYLOOP((#12009, #11993, #11998));
#12057 = IFCFACEOUTERBOUND(#12056, .T.);
#12058 = IFCFACE((#12057));
#12059 = IFCPOLYLOOP((#12060, #12039, #12061));
#12060 = IFCCARTESIANPOINT((-1.53303863525391E-1, 1.37715698242188E-1, 6.28978210449219E-1));
#12061 = IFCCARTESIANPOINT((-1.77635498046875E-1, 1.63463958740234E-1, 6.20466796875E-1));
#12062 = IFCFACEOUTERBOUND(#12059, .T.);
#12063 = IFCFACE((#12062));
#12064 = IFCPOLYLOOP((#12061, #12065, #12060));
#12065 = IFCCARTESIANPOINT((-1.70301239013672E-1, 1.66903533935547E-1, 6.20466796875E-1));
#12066 = IFCFACEOUTERBOUND(#12064, .T.);
#12067 = IFCFACE((#12066));
#12068 = IFCPOLYLOOP((#12069, #12060, #12065));
#12069 = IFCCARTESIANPOINT((-1.44015625E-1, 1.43130462646484E-1, 6.28919799804688E-1));
#12070 = IFCFACEOUTERBOUND(#12068, .T.);
#12071 = IFCFACE((#12070));
#12072 = IFCPOLYLOOP((#12065, #12073, #12069));
#12073 = IFCCARTESIANPOINT((-1.62751449584961E-1, 1.69987121582031E-1, 6.20466796875E-1));
#12074 = IFCFACEOUTERBOUND(#12072, .T.);
#12075 = IFCFACE((#12074));
#12076 = IFCPOLYLOOP((#12077, #12078, #12079));
#12077 = IFCCARTESIANPOINT((-1.47149871826172E-1, 1.75235687255859E-1, 6.20466796875E-1));
#12078 = IFCCARTESIANPOINT((-1.39172470092773E-1, 1.77476745605469E-1, 6.20466796875E-1));
#12079 = IFCCARTESIANPOINT((-1.24795768737793E-1, 1.52802703857422E-1, 6.28796020507813E-1));
#12080 = IFCFACEOUTERBOUND(#12076, .T.);
#12081 = IFCFACE((#12080));
#12082 = IFCPOLYLOOP((#12079, #12083, #12077));
#12083 = IFCCARTESIANPOINT((-1.34497482299805E-1, 1.48141723632813E-1, 6.28858764648438E-1));
#12084 = IFCFACEOUTERBOUND(#12082, .T.);
#12085 = IFCFACE((#12084));
#12086 = IFCPOLYLOOP((#12087, #12079, #12078));
#12087 = IFCCARTESIANPOINT((-1.14950477600098E-1, 1.57158752441406E-1, 6.28732177734375E-1));
#12088 = IFCFACEOUTERBOUND(#12086, .T.);
#12089 = IFCFACE((#12088));
#12090 = IFCPOLYLOOP((#12078, #12091, #12087));
#12091 = IFCCARTESIANPOINT((-1.31126861572266E-1, 1.79513275146484E-1, 6.20466796875E-1));
#12092 = IFCFACEOUTERBOUND(#12090, .T.);
#12093 = IFCFACE((#12092));
#12094 = IFCPOLYLOOP((#12095, #12077, #12083));
#12095 = IFCCARTESIANPOINT((-1.55021911621094E-1, 1.72751892089844E-1, 6.20466796875E-1));
#12096 = IFCFACEOUTERBOUND(#12094, .T.);
#12097 = IFCFACE((#12096));
#12098 = IFCPOLYLOOP((#12083, #12069, #12095));
#12099 = IFCFACEOUTERBOUND(#12098, .T.);
#12100 = IFCFACE((#12099));
#12101 = IFCPOLYLOOP((#12102, #12087, #12103));
#12102 = IFCCARTESIANPOINT((-1.04982727050781E-1, 1.61215576171875E-1, 6.28667724609375E-1));
#12103 = IFCCARTESIANPOINT((-1.23050750732422E-1, 1.81377258300781E-1, 6.20466796875E-1));
#12104 = IFCFACEOUTERBOUND(#12101, .T.);
#12105 = IFCFACE((#12104));
#12106 = IFCPOLYLOOP((#12103, #12107, #12102));
#12107 = IFCCARTESIANPOINT((-1.1495694732666E-1, 1.83081085205078E-1, 6.20466796875E-1));
#12108 = IFCFACEOUTERBOUND(#12106, .T.);
#12109 = IFCFACE((#12108));
#12110 = IFCPOLYLOOP((#12111, #12112, #12113));
#12111 = IFCCARTESIANPOINT((-9.87154922485352E-2, 1.86043792724609E-1, 6.20466796875E-1));
#12112 = IFCCARTESIANPOINT((-9.05674514770508E-2, 1.87320373535156E-1, 6.20466796875E-1));
#12113 = IFCCARTESIANPOINT((-8.47139205932617E-2, 1.68378295898438E-1, 6.28537353515625E-1));
#12114 = IFCFACEOUTERBOUND(#12110, .T.);
#12115 = IFCFACE((#12114));
#12116 = IFCPOLYLOOP((#12113, #12117, #12111));
#12117 = IFCCARTESIANPOINT((-9.49049911499023E-2, 1.64964385986328E-1, 6.28602783203125E-1));
#12118 = IFCFACEOUTERBOUND(#12116, .T.);
#12119 = IFCFACE((#12118));
#12120 = IFCPOLYLOOP((#12117, #12102, #12107));
#12121 = IFCFACEOUTERBOUND(#12120, .T.);
#12122 = IFCFACE((#12121));
#12123 = IFCPOLYLOOP((#12107, #12124, #12117));
#12124 = IFCCARTESIANPOINT((-1.06845260620117E-1, 1.84633636474609E-1, 6.20466796875E-1));
#12125 = IFCFACEOUTERBOUND(#12123, .T.);
#12126 = IFCFACE((#12125));
#12127 = IFCPOLYLOOP((#12128, #12113, #12112));
#12128 = IFCCARTESIANPOINT((-7.44056015014648E-2, 1.71425659179688E-1, 6.28471313476563E-1));
#12129 = IFCFACEOUTERBOUND(#12127, .T.);
#12130 = IFCFACE((#12129));
#12131 = IFCPOLYLOOP((#12112, #12132, #12128));
#12132 = IFCCARTESIANPOINT((-8.24009475708008E-2, 1.88472320556641E-1, 6.20466796875E-1));
#12133 = IFCFACEOUTERBOUND(#12131, .T.);
#12134 = IFCFACE((#12133));
#12135 = IFCPOLYLOOP((#12136, #12128, #12137));
#12136 = IFCCARTESIANPOINT((-6.39896049499512E-2, 1.74073791503906E-1, 6.28404418945313E-1));
#12137 = IFCCARTESIANPOINT((-7.42157897949219E-2, 1.89508483886719E-1, 6.20466796875E-1));
#12138 = IFCFACEOUTERBOUND(#12135, .T.);
#12139 = IFCFACE((#12138));
#12140 = IFCPOLYLOOP((#12137, #12141, #12136));
#12141 = IFCCARTESIANPOINT((-6.60117797851563E-2, 1.90437744140625E-1, 6.20466796875E-1));
#12142 = IFCFACEOUTERBOUND(#12140, .T.);
#12143 = IFCFACE((#12142));
#12144 = IFCPOLYLOOP((#11975, #11971, #11942));
#12145 = IFCFACEOUTERBOUND(#12144, .T.);
#12146 = IFCFACE((#12145));
#12147 = IFCPOLYLOOP((#12148, #12149, #12150));
#12148 = IFCCARTESIANPOINT((-5.34782676696777E-2, 1.76296325683594E-1, 6.28337036132813E-1));
#12149 = IFCCARTESIANPOINT((-5.77912292480469E-2, 1.91266815185547E-1, 6.20466796875E-1));
#12150 = IFCCARTESIANPOINT((-4.95578880310059E-2, 1.91994567871094E-1, 6.20466796875E-1));
#12151 = IFCFACEOUTERBOUND(#12147, .T.);
#12152 = IFCFACE((#12151));
#12153 = IFCPOLYLOOP((#12150, #12154, #12148));
#12154 = IFCCARTESIANPOINT((-4.28815116882324E-2, 1.78092895507813E-1, 6.28272216796875E-1));
#12155 = IFCFACEOUTERBOUND(#12153, .T.);
#12156 = IFCFACE((#12155));
#12157 = IFCPOLYLOOP((#12154, #12150, #12158));
#12158 = IFCCARTESIANPOINT((-4.13137359619141E-2, 1.926181640625E-1, 6.20466796875E-1));
#12159 = IFCFACEOUTERBOUND(#12157, .T.);
#12160 = IFCFACE((#12159));
#12161 = IFCPOLYLOOP((#12162, #12163, #12164));
#12162 = IFCCARTESIANPOINT((-3.2211856842041E-2, 1.79470703125E-1, 6.28213989257813E-1));
#12163 = IFCCARTESIANPOINT((-3.30607490539551E-2, 1.93134765625E-1, 6.20466796875E-1));
#12164 = IFCCARTESIANPOINT((-2.48009052276611E-2, 1.9354150390625E-1, 6.20466796875E-1));
#12165 = IFCFACEOUTERBOUND(#12161, .T.);
#12166 = IFCFACE((#12165));
#12167 = IFCPOLYLOOP((#12164, #12168, #12162));
#12168 = IFCCARTESIANPOINT((-2.14945735931396E-2, 1.80440582275391E-1, 6.28166748046875E-1));
#12169 = IFCFACEOUTERBOUND(#12167, .T.);
#12170 = IFCFACE((#12169));
#12171 = IFCPOLYLOOP((#12172, #12173, #12174));
#12172 = IFCCARTESIANPOINT((-1.07542610168457E-2, 1.81014221191406E-1, 6.2813525390625E-1));
#12173 = IFCCARTESIANPOINT((-1.65361785888672E-2, 1.93835571289063E-1, 6.20466796875E-1));
#12174 = IFCCARTESIANPOINT((-8.2685489654541E-3, 1.94014099121094E-1, 6.20466796875E-1));
#12175 = IFCFACEOUTERBOUND(#12171, .T.);
#12176 = IFCFACE((#12175));
#12177 = IFCPOLYLOOP((#12173, #12172, #12168));
#12178 = IFCFACEOUTERBOUND(#12177, .T.);
#12179 = IFCFACE((#12178));
#12180 = IFCPOLYLOOP((#12168, #12164, #12173));
#12181 = IFCFACEOUTERBOUND(#12180, .T.);
#12182 = IFCFACE((#12181));
#12183 = IFCPOLYLOOP((#12162, #12154, #12158));
#12184 = IFCFACEOUTERBOUND(#12183, .T.);
#12185 = IFCFACE((#12184));
#12186 = IFCPOLYLOOP((#12158, #12163, #12162));
#12187 = IFCFACEOUTERBOUND(#12186, .T.);
#12188 = IFCFACE((#12187));
#12189 = IFCPOLYLOOP((#12190, #12191, #12192));
#12190 = IFCCARTESIANPOINT((7.76576871430734E-9, 1.81202667236328E-1, 6.28123779296875E-1));
#12191 = IFCCARTESIANPOINT((7.74709042161703E-9, 1.94074249267578E-1, 6.20466796875E-1));
#12192 = IFCCARTESIANPOINT((8.26856422424316E-3, 1.94014099121094E-1, 6.20466796875E-1));
#12193 = IFCFACEOUTERBOUND(#12189, .T.);
#12194 = IFCFACE((#12193));
#12195 = IFCPOLYLOOP((#12192, #12196, #12190));
#12196 = IFCCARTESIANPOINT((1.07597408294678E-2, 1.81013397216797E-1, 6.28135314941406E-1));
#12197 = IFCFACEOUTERBOUND(#12195, .T.);
#12198 = IFCFACE((#12197));
#12199 = IFCPOLYLOOP((#12196, #12192, #12200));
#12200 = IFCCARTESIANPOINT((1.65361938476563E-2, 1.93835571289063E-1, 6.20466796875E-1));
#12201 = IFCFACEOUTERBOUND(#12199, .T.);
#12202 = IFCFACE((#12201));
#12203 = IFCPOLYLOOP((#12204, #12205, #12206));
#12204 = IFCCARTESIANPOINT((3.22087821960449E-2, 1.794716796875E-1, 6.28213928222656E-1));
#12205 = IFCCARTESIANPOINT((2.15032825469971E-2, 1.8043994140625E-1, 6.28166809082031E-1));
#12206 = IFCCARTESIANPOINT((2.48009204864502E-2, 1.9354150390625E-1, 6.20466796875E-1));
#12207 = IFCFACEOUTERBOUND(#12203, .T.);
#12208 = IFCFACE((#12207));
#12209 = IFCPOLYLOOP((#12206, #12210, #12204));
#12210 = IFCCARTESIANPOINT((3.30607643127441E-2, 1.93134765625E-1, 6.20466796875E-1));
#12211 = IFCFACEOUTERBOUND(#12209, .T.);
#12212 = IFCFACE((#12211));
#12213 = IFCPOLYLOOP((#12214, #12215, #12216));
#12214 = IFCCARTESIANPOINT((4.28667945861816E-2, 1.78095092773438E-1, 6.28272155761719E-1));
#12215 = IFCCARTESIANPOINT((4.13137512207031E-2, 1.926181640625E-1, 6.20466796875E-1));
#12216 = IFCCARTESIANPOINT((4.95579032897949E-2, 1.91994567871094E-1, 6.20466796875E-1));
#12217 = IFCFACEOUTERBOUND(#12213, .T.);
#12218 = IFCFACE((#12217));
#12219 = IFCPOLYLOOP((#12215, #12214, #12204));
#12220 = IFCFACEOUTERBOUND(#12219, .T.);
#12221 = IFCFACE((#12220));
#12222 = IFCPOLYLOOP((#12204, #12210, #12215));
#12223 = IFCFACEOUTERBOUND(#12222, .T.);
#12224 = IFCFACE((#12223));
#12225 = IFCPOLYLOOP((#12205, #12196, #12200));
#12226 = IFCFACEOUTERBOUND(#12225, .T.);
#12227 = IFCFACE((#12226));
#12228 = IFCPOLYLOOP((#12200, #12206, #12205));
#12229 = IFCFACEOUTERBOUND(#12228, .T.);
#12230 = IFCFACE((#12229));
#12231 = IFCPOLYLOOP((#12190, #12172, #12174));
#12232 = IFCFACEOUTERBOUND(#12231, .T.);
#12233 = IFCFACE((#12232));
#12234 = IFCPOLYLOOP((#12174, #12191, #12190));
#12235 = IFCFACEOUTERBOUND(#12234, .T.);
#12236 = IFCFACE((#12235));
#12237 = IFCPOLYLOOP((#12238, #12239, #12240));
#12238 = IFCCARTESIANPOINT((6.60117950439453E-2, 1.90437744140625E-1, 6.20466796875E-1));
#12239 = IFCCARTESIANPOINT((6.39867210388184E-2, 1.74074462890625E-1, 6.28404418945313E-1));
#12240 = IFCCARTESIANPOINT((5.34674415588379E-2, 1.76297760009766E-1, 6.28336975097656E-1));
#12241 = IFCFACEOUTERBOUND(#12237, .T.);
#12242 = IFCFACE((#12241));
#12243 = IFCPOLYLOOP((#12240, #12244, #12238));
#12244 = IFCCARTESIANPOINT((5.77912445068359E-2, 1.91266815185547E-1, 6.20466796875E-1));
#12245 = IFCFACEOUTERBOUND(#12243, .T.);
#12246 = IFCFACE((#12245));
#12247 = IFCPOLYLOOP((#12248, #12249, #12239));
#12248 = IFCCARTESIANPOINT((7.42158050537109E-2, 1.89508483886719E-1, 6.20466796875E-1));
#12249 = IFCCARTESIANPOINT((7.44019470214844E-2, 1.71427185058594E-1, 6.28471313476563E-1));
#12250 = IFCFACEOUTERBOUND(#12247, .T.);
#12251 = IFCFACE((#12250));
#12252 = IFCPOLYLOOP((#12239, #12238, #12248));
#12253 = IFCFACEOUTERBOUND(#12252, .T.);
#12254 = IFCFACE((#12253));
#12255 = IFCPOLYLOOP((#12256, #12257, #12249));
#12256 = IFCCARTESIANPOINT((9.05674591064453E-2, 1.87320373535156E-1, 6.20466796875E-1));
#12257 = IFCCARTESIANPOINT((8.4709846496582E-2, 1.68379577636719E-1, 6.28537353515625E-1));
#12258 = IFCFACEOUTERBOUND(#12255, .T.);
#12259 = IFCFACE((#12258));
#12260 = IFCPOLYLOOP((#12249, #12261, #12256));
#12261 = IFCCARTESIANPOINT((8.24009628295898E-2, 1.88472320556641E-1, 6.20466796875E-1));
#12262 = IFCFACEOUTERBOUND(#12260, .T.);
#12263 = IFCFACE((#12262));
#12264 = IFCPOLYLOOP((#12265, #12266, #12267));
#12265 = IFCCARTESIANPOINT((1.06845268249512E-1, 1.84633636474609E-1, 6.20466796875E-1));
#12266 = IFCCARTESIANPOINT((9.49104537963867E-2, 1.64962005615234E-1, 6.28602844238281E-1));
#12267 = IFCCARTESIANPOINT((9.87154998779297E-2, 1.86043792724609E-1, 6.20466796875E-1));
#12268 = IFCFACEOUTERBOUND(#12264, .T.);
#12269 = IFCFACE((#12268));
#12270 = IFCPOLYLOOP((#12267, #12266, #12257));
#12271 = IFCFACEOUTERBOUND(#12270, .T.);
#12272 = IFCFACE((#12271));
#12273 = IFCPOLYLOOP((#12257, #12256, #12267));
#12274 = IFCFACEOUTERBOUND(#12273, .T.);
#12275 = IFCFACE((#12274));
#12276 = IFCPOLYLOOP((#12261, #12249, #12248));
#12277 = IFCFACEOUTERBOUND(#12276, .T.);
#12278 = IFCFACE((#12277));
#12279 = IFCPOLYLOOP((#12280, #12281, #12282));
#12280 = IFCCARTESIANPOINT((1.23050765991211E-1, 1.81377258300781E-1, 6.20466796875E-1));
#12281 = IFCCARTESIANPOINT((1.14964248657227E-1, 1.57153289794922E-1, 6.28732299804688E-1));
#12282 = IFCCARTESIANPOINT((1.04997673034668E-1, 1.61209747314453E-1, 6.28667846679688E-1));
#12283 = IFCFACEOUTERBOUND(#12279, .T.);
#12284 = IFCFACE((#12283));
#12285 = IFCPOLYLOOP((#12282, #12286, #12280));
#12286 = IFCCARTESIANPOINT((1.14956954956055E-1, 1.83081085205078E-1, 6.20466796875E-1));
#12287 = IFCFACEOUTERBOUND(#12285, .T.);
#12288 = IFCFACE((#12287));
#12289 = IFCPOLYLOOP((#12290, #12291, #12281));
#12290 = IFCCARTESIANPOINT((1.39172485351563E-1, 1.77476745605469E-1, 6.20466796875E-1));
#12291 = IFCCARTESIANPOINT((1.24804412841797E-1, 1.52798736572266E-1, 6.28796081542969E-1));
#12292 = IFCFACEOUTERBOUND(#12289, .T.);
#12293 = IFCFACE((#12292));
#12294 = IFCPOLYLOOP((#12281, #12295, #12290));
#12295 = IFCCARTESIANPOINT((1.31126876831055E-1, 1.79513275146484E-1, 6.20466796875E-1));
#12296 = IFCFACEOUTERBOUND(#12294, .T.);
#12297 = IFCFACE((#12296));
#12298 = IFCPOLYLOOP((#12295, #12281, #12280));
#12299 = IFCFACEOUTERBOUND(#12298, .T.);
#12300 = IFCFACE((#12299));
#12301 = IFCPOLYLOOP((#12302, #12303, #12304));
#12302 = IFCCARTESIANPOINT((1.55021926879883E-1, 1.72751892089844E-1, 6.20466796875E-1));
#12303 = IFCCARTESIANPOINT((1.44021789550781E-1, 1.43127044677734E-1, 6.28919860839844E-1));
#12304 = IFCCARTESIANPOINT((1.34505004882813E-1, 1.48137542724609E-1, 6.28858825683594E-1));
#12305 = IFCFACEOUTERBOUND(#12301, .T.);
#12306 = IFCFACE((#12305));
#12307 = IFCPOLYLOOP((#12304, #12308, #12302));
#12308 = IFCCARTESIANPOINT((1.47149887084961E-1, 1.75235687255859E-1, 6.20466796875E-1));
#12309 = IFCFACEOUTERBOUND(#12307, .T.);
#12310 = IFCFACE((#12309));
#12311 = IFCPOLYLOOP((#12312, #12313, #12303));
#12312 = IFCCARTESIANPOINT((1.70301254272461E-1, 1.66903533935547E-1, 6.20466796875E-1));
#12313 = IFCCARTESIANPOINT((1.53303909301758E-1, 1.37716278076172E-1, 6.28978210449219E-1));
#12314 = IFCFACEOUTERBOUND(#12311, .T.);
#12315 = IFCFACE((#12314));
#12316 = IFCPOLYLOOP((#12303, #12317, #12312));
#12317 = IFCCARTESIANPOINT((1.6275146484375E-1, 1.69987121582031E-1, 6.20466796875E-1));
#12318 = IFCFACEOUTERBOUND(#12316, .T.);
#12319 = IFCFACE((#12318));
#12320 = IFCPOLYLOOP((#12317, #12303, #12302));
#12321 = IFCFACEOUTERBOUND(#12320, .T.);
#12322 = IFCFACE((#12321));
#12323 = IFCPOLYLOOP((#12308, #12304, #12291));
#12324 = IFCFACEOUTERBOUND(#12323, .T.);
#12325 = IFCFACE((#12324));
#12326 = IFCPOLYLOOP((#12291, #12290, #12308));
#12327 = IFCFACEOUTERBOUND(#12326, .T.);
#12328 = IFCFACE((#12327));
#12329 = IFCPOLYLOOP((#12286, #12282, #12266));
#12330 = IFCFACEOUTERBOUND(#12329, .T.);
#12331 = IFCFACE((#12330));
#12332 = IFCPOLYLOOP((#12266, #12265, #12286));
#12333 = IFCFACEOUTERBOUND(#12332, .T.);
#12334 = IFCFACE((#12333));
#12335 = IFCPOLYLOOP((#12240, #12214, #12216));
#12336 = IFCFACEOUTERBOUND(#12335, .T.);
#12337 = IFCFACE((#12336));
#12338 = IFCPOLYLOOP((#12216, #12244, #12240));
#12339 = IFCFACEOUTERBOUND(#12338, .T.);
#12340 = IFCFACE((#12339));
#12341 = IFCPOLYLOOP((#12342, #12343, #12344));
#12342 = IFCCARTESIANPOINT((1.84719299316406E-1, 1.59630981445313E-1, 6.20466796875E-1));
#12343 = IFCCARTESIANPOINT((1.62305130004883E-1, 1.31855682373047E-1, 6.29032775878906E-1));
#12344 = IFCCARTESIANPOINT((1.77635513305664E-1, 1.63463928222656E-1, 6.20466796875E-1));
#12345 = IFCFACEOUTERBOUND(#12341, .T.);
#12346 = IFCFACE((#12345));
#12347 = IFCPOLYLOOP((#12348, #12349, #12343));
#12348 = IFCCARTESIANPOINT((1.91517669677734E-1, 1.55367370605469E-1, 6.20466796875E-1));
#12349 = IFCCARTESIANPOINT((1.70977935791016E-1, 1.25503295898438E-1, 6.29082702636719E-1));
#12350 = IFCFACEOUTERBOUND(#12347, .T.);
#12351 = IFCFACE((#12350));
#12352 = IFCPOLYLOOP((#12343, #12342, #12348));
#12353 = IFCFACEOUTERBOUND(#12352, .T.);
#12354 = IFCFACE((#12353));
#12355 = IFCPOLYLOOP((#12356, #12349, #12357));
#12356 = IFCCARTESIANPOINT((1.79265029907227E-1, 1.1864599609375E-1, 6.29128234863281E-1));
#12357 = IFCCARTESIANPOINT((1.98011856079102E-1, 1.50638977050781E-1, 6.20466796875E-1));
#12358 = IFCFACEOUTERBOUND(#12355, .T.);
#12359 = IFCFACE((#12358));
#12360 = IFCPOLYLOOP((#12357, #12361, #12356));
#12361 = IFCCARTESIANPOINT((2.04197387695313E-1, 1.45461486816406E-1, 6.20466796875E-1));
#12362 = IFCFACEOUTERBOUND(#12360, .T.);
#12363 = IFCFACE((#12362));
#12364 = IFCPOLYLOOP((#12365, #12366, #12367));
#12365 = IFCCARTESIANPOINT((1.87108169555664E-1, 1.1128173828125E-1, 6.29169860839844E-1));
#12366 = IFCCARTESIANPOINT((2.10060699462891E-1, 1.39872161865234E-1, 6.20466796875E-1));
#12367 = IFCCARTESIANPOINT((2.15588226318359E-1, 1.33908264160156E-1, 6.20466796875E-1));
#12368 = IFCFACEOUTERBOUND(#12364, .T.);
#12369 = IFCFACE((#12368));
#12370 = IFCPOLYLOOP((#12366, #12365, #12356));
#12371 = IFCFACEOUTERBOUND(#12370, .T.);
#12372 = IFCFACE((#12371));
#12373 = IFCPOLYLOOP((#12356, #12361, #12366));
#12374 = IFCFACEOUTERBOUND(#12373, .T.);
#12375 = IFCFACE((#12374));
#12376 = IFCPOLYLOOP((#12357, #12349, #12348));
#12377 = IFCFACEOUTERBOUND(#12376, .T.);
#12378 = IFCFACE((#12377));
#12379 = IFCPOLYLOOP((#12380, #12381, #12382));
#12380 = IFCCARTESIANPOINT((2.25581741333008E-1, 1.21005767822266E-1, 6.20466796875E-1));
#12381 = IFCCARTESIANPOINT((2.01251037597656E-1, 9.50914306640625E-2, 6.29248107910156E-1));
#12382 = IFCCARTESIANPOINT((1.94455093383789E-1, 1.03424377441406E-1, 6.29209289550781E-1));
#12383 = IFCFACEOUTERBOUND(#12379, .T.);
#12384 = IFCFACE((#12383));
#12385 = IFCPOLYLOOP((#12382, #12386, #12380));
#12386 = IFCCARTESIANPOINT((2.2076643371582E-1, 1.27607055664063E-1, 6.20466796875E-1));
#12387 = IFCFACEOUTERBOUND(#12385, .T.);
#12388 = IFCFACE((#12387));
#12389 = IFCPOLYLOOP((#12381, #12390, #12391));
#12390 = IFCCARTESIANPOINT((2.30020599365234E-1, 1.14141723632813E-1, 6.20466796875E-1));
#12391 = IFCCARTESIANPOINT((2.34069458007813E-1, 1.07052124023438E-1, 6.20466796875E-1));
#12392 = IFCFACEOUTERBOUND(#12389, .T.);
#12393 = IFCFACE((#12392));
#12394 = IFCPOLYLOOP((#12391, #12395, #12381));
#12395 = IFCCARTESIANPOINT((2.07425155639648E-1, 8.62996215820313E-2, 6.292880859375E-1));
#12396 = IFCFACEOUTERBOUND(#12394, .T.);
#12397 = IFCFACE((#12396));
#12398 = IFCPOLYLOOP((#12390, #12381, #12380));
#12399 = IFCFACEOUTERBOUND(#12398, .T.);
#12400 = IFCFACE((#12399));
#12401 = IFCPOLYLOOP((#12402, #12395, #12403));
#12402 = IFCCARTESIANPOINT((2.12914215087891E-1, 7.70718688964844E-2, 6.29330627441406E-1));
#12403 = IFCCARTESIANPOINT((2.37722946166992E-1, 9.97677307128906E-2, 6.20466796875E-1));
#12404 = IFCFACEOUTERBOUND(#12401, .T.);
#12405 = IFCFACE((#12404));
#12406 = IFCPOLYLOOP((#12403, #12407, #12402));
#12407 = IFCCARTESIANPOINT((2.40999496459961E-1, 9.23076477050781E-2, 6.20466796875E-1));
#12408 = IFCFACEOUTERBOUND(#12406, .T.);
#12409 = IFCFACE((#12408));
#12410 = IFCPOLYLOOP((#12411, #12412, #12413));
#12411 = IFCCARTESIANPOINT((2.1770166015625E-1, 6.74565124511719E-2, 6.29376281738281E-1));
#12412 = IFCCARTESIANPOINT((2.43921264648438E-1, 8.4691650390625E-2, 6.20466796875E-1));
#12413 = IFCCARTESIANPOINT((2.4651042175293E-1, 7.69396667480469E-2, 6.20466796875E-1));
#12414 = IFCFACEOUTERBOUND(#12410, .T.);
#12415 = IFCFACE((#12414));
#12416 = IFCPOLYLOOP((#12412, #12411, #12402));
#12417 = IFCFACEOUTERBOUND(#12416, .T.);
#12418 = IFCFACE((#12417));
#12419 = IFCPOLYLOOP((#12403, #12395, #12391));
#12420 = IFCFACEOUTERBOUND(#12419, .T.);
#12421 = IFCFACE((#12420));
#12422 = IFCPOLYLOOP((#12382, #12365, #12367));
#12423 = IFCFACEOUTERBOUND(#12422, .T.);
#12424 = IFCFACE((#12423));
#12425 = IFCPOLYLOOP((#12367, #12386, #12382));
#12426 = IFCFACEOUTERBOUND(#12425, .T.);
#12427 = IFCFACE((#12426));
#12428 = IFCPOLYLOOP((#12429, #12430, #12431));
#12429 = IFCCARTESIANPOINT((2.50779602050781E-1, 6.11070251464844E-2, 6.20466796875E-1));
#12430 = IFCCARTESIANPOINT((2.25192230224609E-1, 4.72987976074219E-2, 6.29477661132813E-1));
#12431 = IFCCARTESIANPOINT((2.2178759765625E-1, 5.75103454589844E-2, 6.29425354003906E-1));
#12432 = IFCFACEOUTERBOUND(#12428, .T.);
#12433 = IFCFACE((#12432));
#12434 = IFCPOLYLOOP((#12435, #12436, #12437));
#12435 = IFCCARTESIANPOINT((2.52503952026367E-1, 5.30660400390625E-2, 6.20466796875E-1));
#12436 = IFCCARTESIANPOINT((2.53984375E-1, 4.49684143066406E-2, 6.20466796875E-1));
#12437 = IFCCARTESIANPOINT((2.27939056396484E-1, 3.68889770507813E-2, 6.29533020019531E-1));
#12438 = IFCFACEOUTERBOUND(#12434, .T.);
#12439 = IFCFACE((#12438));
#12440 = IFCPOLYLOOP((#12437, #12430, #12435));
#12441 = IFCFACEOUTERBOUND(#12440, .T.);
#12442 = IFCFACE((#12441));
#12443 = IFCPOLYLOOP((#12444, #12437, #12436));
#12444 = IFCCARTESIANPOINT((2.30044799804688E-1, 2.63466510772705E-2, 6.29591552734375E-1));
#12445 = IFCFACEOUTERBOUND(#12443, .T.);
#12446 = IFCFACE((#12445));
#12447 = IFCPOLYLOOP((#12436, #12448, #12444));
#12448 = IFCCARTESIANPOINT((2.55242599487305E-1, 3.68326110839844E-2, 6.20466796875E-1));
#12449 = IFCFACEOUTERBOUND(#12447, .T.);
#12450 = IFCFACE((#12449));
#12451 = IFCPOLYLOOP((#12452, #12444, #12453));
#12452 = IFCCARTESIANPOINT((2.31538864135742E-1, 1.57225971221924E-2, 6.29652954101563E-1));
#12453 = IFCCARTESIANPOINT((2.56299133300781E-1, 2.86660480499268E-2, 6.20466796875E-1));
#12454 = IFCFACEOUTERBOUND(#12451, .T.);
#12455 = IFCFACE((#12454));
#12456 = IFCPOLYLOOP((#12453, #12457, #12452));
#12457 = IFCCARTESIANPOINT((2.57174346923828E-1, 2.0472017288208E-2, 6.20466796875E-1));
#12458 = IFCFACEOUTERBOUND(#12456, .T.);
#12459 = IFCFACE((#12458));
#12460 = IFCPOLYLOOP((#12461, #12462, #12463));
#12461 = IFCCARTESIANPOINT((2.584619140625E-1, 4.01487922668457E-3, 6.20466796875E-1));
#12462 = IFCCARTESIANPOINT((2.58914916992188E-1, -4.2415599822998E-3, 6.20466796875E-1));
#12463 = IFCCARTESIANPOINT((2.33056015014648E-1, -5.78121757507324E-3, 6.29775512695313E-1));
#12464 = IFCFACEOUTERBOUND(#12460, .T.);
#12465 = IFCFACE((#12464));
#12466 = IFCPOLYLOOP((#12463, #12467, #12461));
#12467 = IFCCARTESIANPOINT((2.32508056640625E-1, 5.00924873352051E-3, 6.29715148925781E-1));
#12468 = IFCFACEOUTERBOUND(#12466, .T.);
#12469 = IFCFACE((#12468));
#12470 = IFCPOLYLOOP((#12471, #12463, #12462));
#12471 = IFCCARTESIANPOINT((2.33295913696289E-1, -1.6499174118042E-2, 6.29830810546875E-1));
#12472 = IFCFACEOUTERBOUND(#12470, .T.);
#12473 = IFCFACE((#12472));
#12474 = IFCPOLYLOOP((#12462, #12475, #12471));
#12475 = IFCCARTESIANPOINT((2.59267852783203E-1, -1.25121746063232E-2, 6.20466796875E-1));
#12476 = IFCFACEOUTERBOUND(#12474, .T.);
#12477 = IFCFACE((#12476));
#12478 = IFCPOLYLOOP((#12479, #12471, #12480));
#12479 = IFCCARTESIANPOINT((2.33341491699219E-1, -2.70893230438232E-2, 6.29878051757813E-1));
#12480 = IFCCARTESIANPOINT((2.59541015625E-1, -2.07936229705811E-2, 6.20466796875E-1));
#12481 = IFCFACEOUTERBOUND(#12478, .T.);
#12482 = IFCFACE((#12481));
#12483 = IFCPOLYLOOP((#12480, #12484, #12479));
#12484 = IFCCARTESIANPOINT((2.59752624511719E-1, -2.90806713104248E-2, 6.20466796875E-1));
#12485 = IFCFACEOUTERBOUND(#12483, .T.);
#12486 = IFCFACE((#12485));
#12487 = IFCPOLYLOOP((#12488, #12489, #12490));
#12488 = IFCCARTESIANPOINT((2.33298965454102E-1, -3.80113220214844E-2, 6.29915649414063E-1));
#12489 = IFCCARTESIANPOINT((2.59912231445313E-1, -3.73703002929688E-2, 6.20466796875E-1));
#12490 = IFCCARTESIANPOINT((2.60027191162109E-1, -4.56625366210938E-2, 6.20466796875E-1));
#12491 = IFCFACEOUTERBOUND(#12487, .T.);
#12492 = IFCFACE((#12491));
#12493 = IFCPOLYLOOP((#12490, #12494, #12488));
#12494 = IFCCARTESIANPOINT((2.33251541137695E-1, -5.07538452148438E-2, 6.29946105957031E-1));
#12495 = IFCFACEOUTERBOUND(#12493, .T.);
#12496 = IFCFACE((#12495));
#12497 = IFCPOLYLOOP((#12488, #12479, #12484));
#12498 = IFCFACEOUTERBOUND(#12497, .T.);
#12499 = IFCFACE((#12498));
#12500 = IFCPOLYLOOP((#12484, #12489, #12488));
#12501 = IFCFACEOUTERBOUND(#12500, .T.);
#12502 = IFCFACE((#12501));
#12503 = IFCPOLYLOOP((#12467, #12452, #12457));
#12504 = IFCFACEOUTERBOUND(#12503, .T.);
#12505 = IFCFACE((#12504));
#12506 = IFCPOLYLOOP((#12457, #12507, #12467));
#12507 = IFCCARTESIANPOINT((2.57888488769531E-1, 1.22538471221924E-2, 6.20466796875E-1));
#12508 = IFCFACEOUTERBOUND(#12506, .T.);
#12509 = IFCFACE((#12508));
#12510 = IFCPOLYLOOP((#12431, #12411, #12413));
#12511 = IFCFACEOUTERBOUND(#12510, .T.);
#12512 = IFCFACE((#12511));
#12513 = IFCPOLYLOOP((#12413, #12514, #12431));
#12514 = IFCCARTESIANPOINT((2.48789154052734E-1, 6.90715026855469E-2, 6.20466796875E-1));
#12515 = IFCFACEOUTERBOUND(#12513, .T.);
#12516 = IFCFACE((#12515));
#12517 = IFCPOLYLOOP((#12344, #12343, #12313));
#12518 = IFCFACEOUTERBOUND(#12517, .T.);
#12519 = IFCFACE((#12518));
#12520 = IFCPOLYLOOP((#12313, #12312, #12344));
#12521 = IFCFACEOUTERBOUND(#12520, .T.);
#12522 = IFCFACE((#12521));
#12523 = IFCPOLYLOOP((#12148, #12136, #12141));
#12524 = IFCFACEOUTERBOUND(#12523, .T.);
#12525 = IFCFACE((#12524));
#12526 = IFCPOLYLOOP((#12141, #12149, #12148));
#12527 = IFCFACEOUTERBOUND(#12526, .T.);
#12528 = IFCFACE((#12527));
#12529 = IFCPOLYLOOP((#11789, #12530, #11782));
#12530 = IFCCARTESIANPOINT((-2.33188781738281E-1, -1.78467330932617E-1, 6.30208862304688E-1));
#12531 = IFCFACEOUTERBOUND(#12529, .T.);
#12532 = IFCFACE((#12531));
#12533 = IFCPOLYLOOP((#12534, #12535, #12536));
#12534 = IFCCARTESIANPOINT((2.33220123291016E-1, -6.38928985595703E-2, 6.29972839355469E-1));
#12535 = IFCCARTESIANPOINT((2.60152648925781E-1, -6.22550201416016E-2, 6.20466796875E-1));
#12536 = IFCCARTESIANPOINT((2.60177825927734E-1, -7.05553436279297E-2, 6.20466796875E-1));
#12537 = IFCFACEOUTERBOUND(#12533, .T.);
#12538 = IFCFACE((#12537));
#12539 = IFCPOLYLOOP((#12536, #12540, #12534));
#12540 = IFCCARTESIANPOINT((2.33201293945313E-1, -7.68782653808594E-2, 6.30006713867188E-1));
#12541 = IFCFACEOUTERBOUND(#12539, .T.);
#12542 = IFCFACE((#12541));
#12543 = IFCPOLYLOOP((#12544, #12540, #12536));
#12544 = IFCCARTESIANPOINT((2.60187805175781E-1, -7.88584289550781E-2, 6.20466796875E-1));
#12545 = IFCFACEOUTERBOUND(#12543, .T.);
#12546 = IFCFACE((#12545));
#12547 = IFCPOLYLOOP((#12548, #12549, #12550));
#12548 = IFCCARTESIANPOINT((2.60190277099609E-1, -9.54717559814453E-2, 6.20466796875E-1));
#12549 = IFCCARTESIANPOINT((2.33191253662109E-1, -8.97539672851563E-2, 6.30064575195313E-1));
#12550 = IFCCARTESIANPOINT((2.60189880371094E-1, -8.71643218994141E-2, 6.20466796875E-1));
#12551 = IFCFACEOUTERBOUND(#12547, .T.);
#12552 = IFCFACE((#12551));
#12553 = IFCPOLYLOOP((#12554, #12555, #12556));
#12554 = IFCCARTESIANPOINT((2.33186431884766E-1, -1.02671997070313E-1, 6.30158569335938E-1));
#12555 = IFCCARTESIANPOINT((2.60190277099609E-1, -1.03779357910156E-1, 6.20466796875E-1));
#12556 = IFCCARTESIANPOINT((2.6018994140625E-1, -1.1208708190918E-1, 6.20466796875E-1));
#12557 = IFCFACEOUTERBOUND(#12553, .T.);
#12558 = IFCFACE((#12557));
#12559 = IFCPOLYLOOP((#12556, #12560, #12554));
#12560 = IFCCARTESIANPOINT((2.33184860229492E-1, -1.15621719360352E-1, 6.30274841308594E-1));
#12561 = IFCFACEOUTERBOUND(#12559, .T.);
#12562 = IFCFACE((#12561));
#12563 = IFCPOLYLOOP((#12554, #12549, #12548));
#12564 = IFCFACEOUTERBOUND(#12563, .T.);
#12565 = IFCFACE((#12564));
#12566 = IFCPOLYLOOP((#12548, #12555, #12554));
#12567 = IFCFACEOUTERBOUND(#12566, .T.);
#12568 = IFCFACE((#12567));
#12569 = IFCPOLYLOOP((#12549, #12540, #12544));
#12570 = IFCFACEOUTERBOUND(#12569, .T.);
#12571 = IFCFACE((#12570));
#12572 = IFCPOLYLOOP((#12544, #12550, #12549));
#12573 = IFCFACEOUTERBOUND(#12572, .T.);
#12574 = IFCFACE((#12573));
#12575 = IFCPOLYLOOP((#12560, #12556, #12576));
#12576 = IFCCARTESIANPOINT((2.60189392089844E-1, -1.20394927978516E-1, 6.20466796875E-1));
#12577 = IFCFACEOUTERBOUND(#12575, .T.);
#12578 = IFCFACE((#12577));
#12579 = IFCPOLYLOOP((#12580, #12560, #12576));
#12580 = IFCCARTESIANPOINT((2.33185119628906E-1, -1.28562469482422E-1, 6.30389953613281E-1));
#12581 = IFCFACEOUTERBOUND(#12579, .T.);
#12582 = IFCFACE((#12581));
#12583 = IFCPOLYLOOP((#12576, #12584, #12580));
#12584 = IFCCARTESIANPOINT((2.60188720703125E-1, -1.28702835083008E-1, 6.20466796875E-1));
#12585 = IFCFACEOUTERBOUND(#12583, .T.);
#12586 = IFCFACE((#12585));
#12587 = IFCPOLYLOOP((#12588, #12589, #12590));
#12588 = IFCCARTESIANPOINT((2.60187255859375E-1, -1.45318817138672E-1, 6.20466796875E-1));
#12589 = IFCCARTESIANPOINT((2.33186294555664E-1, -1.41495742797852E-1, 6.30467529296875E-1));
#12590 = IFCCARTESIANPOINT((2.60187957763672E-1, -1.37010818481445E-1, 6.20466796875E-1));
#12591 = IFCFACEOUTERBOUND(#12587, .T.);
#12592 = IFCFACE((#12591));
#12593 = IFCPOLYLOOP((#12580, #12584, #12590));
#12594 = IFCFACEOUTERBOUND(#12593, .T.);
#12595 = IFCFACE((#12594));
#12596 = IFCPOLYLOOP((#12590, #12589, #12580));
#12597 = IFCFACEOUTERBOUND(#12596, .T.);
#12598 = IFCFACE((#12597));
#12599 = IFCPOLYLOOP((#12534, #12494, #12600));
#12600 = IFCCARTESIANPOINT((2.60104888916016E-1, -5.39574279785156E-2, 6.20466796875E-1));
#12601 = IFCFACEOUTERBOUND(#12599, .T.);
#12602 = IFCFACE((#12601));
#12603 = IFCPOLYLOOP((#12600, #12535, #12534));
#12604 = IFCFACEOUTERBOUND(#12603, .T.);
#12605 = IFCFACE((#12604));
#12606 = IFCPOLYLOOP((#11773, #12607, #12608));
#12607 = IFCCARTESIANPOINT((2.33187652587891E-1, -1.54430999755859E-1, 6.3047119140625E-1));
#12608 = IFCCARTESIANPOINT((2.60186645507813E-1, -1.53626831054688E-1, 6.20466796875E-1));
#12609 = IFCFACEOUTERBOUND(#12606, .T.);
#12610 = IFCFACE((#12609));
#12611 = IFCPOLYLOOP((#12607, #11773, #11772));
#12612 = IFCFACEOUTERBOUND(#12611, .T.);
#12613 = IFCFACE((#12612));
#12614 = IFCPOLYLOOP((#12615, #11773, #12608));
#12615 = IFCCARTESIANPOINT((2.60186279296875E-1, -1.60730697631836E-1, 6.20466796875E-1));
#12616 = IFCFACEOUTERBOUND(#12614, .T.);
#12617 = IFCFACE((#12616));
#12618 = IFCPOLYLOOP((#12619, #12620, #11774));
#12619 = IFCCARTESIANPOINT((2.6018603515625E-1, -1.67834518432617E-1, 6.20466796875E-1));
#12620 = IFCCARTESIANPOINT((2.4668733215332E-1, -1.67893981933594E-1, 6.254189453125E-1));
#12621 = IFCFACEOUTERBOUND(#12618, .T.);
#12622 = IFCFACE((#12621));
#12623 = IFCPOLYLOOP((#11774, #12615, #12619));
#12624 = IFCFACEOUTERBOUND(#12623, .T.);
#12625 = IFCFACE((#12624));
#12626 = IFCPOLYLOOP((#12627, #11778, #11774));
#12627 = IFCCARTESIANPOINT((2.39938415527344E-1, -1.65858322143555E-1, 6.27911987304688E-1));
#12628 = IFCFACEOUTERBOUND(#12626, .T.);
#12629 = IFCFACE((#12628));
#12630 = IFCPOLYLOOP((#11774, #12620, #12627));
#12631 = IFCFACEOUTERBOUND(#12630, .T.);
#12632 = IFCFACE((#12631));
#12633 = IFCPOLYLOOP((#11774, #11773, #12615));
#12634 = IFCFACEOUTERBOUND(#12633, .T.);
#12635 = IFCFACE((#12634));
#12636 = IFCPOLYLOOP((#12637, #11772, #11778));
#12637 = IFCCARTESIANPOINT((2.36563125610352E-1, -1.63820907592773E-1, 6.29170593261719E-1));
#12638 = IFCFACEOUTERBOUND(#12636, .T.);
#12639 = IFCFACE((#12638));
#12640 = IFCPOLYLOOP((#12607, #11772, #12637));
#12641 = IFCFACEOUTERBOUND(#12640, .T.);
#12642 = IFCFACE((#12641));
#12643 = IFCPOLYLOOP((#11767, #11766, #12644));
#12644 = IFCCARTESIANPOINT((2.33188629150391E-1, -1.67953369140625E-1, 6.3037109375E-1));
#12645 = IFCFACEOUTERBOUND(#12643, .T.);
#12646 = IFCFACE((#12645));
#12647 = IFCPOLYLOOP((#12627, #11768, #11767));
#12648 = IFCFACEOUTERBOUND(#12647, .T.);
#12649 = IFCFACE((#12648));
#12650 = IFCPOLYLOOP((#11767, #12637, #12627));
#12651 = IFCFACEOUTERBOUND(#12650, .T.);
#12652 = IFCFACE((#12651));
#12653 = IFCPOLYLOOP((#12644, #11768, #12620));
#12654 = IFCFACEOUTERBOUND(#12653, .T.);
#12655 = IFCFACE((#12654));
#12656 = IFCPOLYLOOP((#12607, #12637, #11767));
#12657 = IFCFACEOUTERBOUND(#12656, .T.);
#12658 = IFCFACE((#12657));
#12659 = IFCPOLYLOOP((#12620, #11768, #12627));
#12660 = IFCFACEOUTERBOUND(#12659, .T.);
#12661 = IFCFACE((#12660));
#12662 = IFCPOLYLOOP((#12607, #12589, #12588));
#12663 = IFCFACEOUTERBOUND(#12662, .T.);
#12664 = IFCFACE((#12663));
#12665 = IFCPOLYLOOP((#12588, #12608, #12607));
#12666 = IFCFACEOUTERBOUND(#12665, .T.);
#12667 = IFCFACE((#12666));
#12668 = IFCPOLYLOOP((#11766, #11768, #12644));
#12669 = IFCFACEOUTERBOUND(#12668, .T.);
#12670 = IFCFACE((#12669));
#12671 = IFCPOLYLOOP((#12490, #12600, #12494));
#12672 = IFCFACEOUTERBOUND(#12671, .T.);
#12673 = IFCFACE((#12672));
#12674 = IFCPOLYLOOP((#11767, #12644, #12607));
#12675 = IFCFACEOUTERBOUND(#12674, .T.);
#12676 = IFCFACE((#12675));
#12677 = IFCPOLYLOOP((#11784, #11789, #11782));
#12678 = IFCFACEOUTERBOUND(#12677, .T.);
#12679 = IFCFACE((#12678));
#12680 = IFCPOLYLOOP((#12637, #11778, #12627));
#12681 = IFCFACEOUTERBOUND(#12680, .T.);
#12682 = IFCFACE((#12681));
#12683 = IFCPOLYLOOP((#11985, #11970, #11979));
#12684 = IFCFACEOUTERBOUND(#12683, .T.);
#12685 = IFCFACE((#12684));
#12686 = IFCPOLYLOOP((#12095, #12069, #12073));
#12687 = IFCFACEOUTERBOUND(#12686, .T.);
#12688 = IFCFACE((#12687));
#12689 = IFCPOLYLOOP((#12111, #12117, #12124));
#12690 = IFCFACEOUTERBOUND(#12689, .T.);
#12691 = IFCFACE((#12690));
#12692 = IFCPOLYLOOP((#12137, #12128, #12132));
#12693 = IFCFACEOUTERBOUND(#12692, .T.);
#12694 = IFCFACE((#12693));
#12695 = IFCPOLYLOOP((#12103, #12087, #12091));
#12696 = IFCFACEOUTERBOUND(#12695, .T.);
#12697 = IFCFACE((#12696));
#12698 = IFCPOLYLOOP((#12061, #12039, #12044));
#12699 = IFCFACEOUTERBOUND(#12698, .T.);
#12700 = IFCFACE((#12699));
#12701 = IFCPOLYLOOP((#11971, #11943, #11942));
#12702 = IFCFACEOUTERBOUND(#12701, .T.);
#12703 = IFCFACE((#12702));
#12704 = IFCPOLYLOOP((#12412, #12402, #12407));
#12705 = IFCFACEOUTERBOUND(#12704, .T.);
#12706 = IFCFACE((#12705));
#12707 = IFCPOLYLOOP((#12429, #12431, #12514));
#12708 = IFCFACEOUTERBOUND(#12707, .T.);
#12709 = IFCFACE((#12708));
#12710 = IFCPOLYLOOP((#12435, #12430, #12429));
#12711 = IFCFACEOUTERBOUND(#12710, .T.);
#12712 = IFCFACE((#12711));
#12713 = IFCPOLYLOOP((#12453, #12444, #12448));
#12714 = IFCFACEOUTERBOUND(#12713, .T.);
#12715 = IFCFACE((#12714));
#12716 = IFCPOLYLOOP((#12461, #12467, #12507));
#12717 = IFCFACEOUTERBOUND(#12716, .T.);
#12718 = IFCFACE((#12717));
#12719 = IFCPOLYLOOP((#12480, #12471, #12475));
#12720 = IFCFACEOUTERBOUND(#12719, .T.);
#12721 = IFCFACE((#12720));
#12722 = IFCPOLYLOOP((#12620, #12619, #12723));
#12723 = IFCCARTESIANPOINT((2.57284057617188E-1, -1.79081405639648E-1, 6.20466796875E-1));
#12724 = IFCFACEOUTERBOUND(#12722, .T.);
#12725 = IFCFACE((#12724));
#12726 = IFCPOLYLOOP((#12727, #12728, #12729));
#12727 = IFCCARTESIANPOINT((2.50630462646484E-1, -1.88805053710938E-1, 6.20466796875E-1));
#12728 = IFCCARTESIANPOINT((2.33188491821289E-1, -1.93233154296875E-1, 6.29862670898438E-1));
#12729 = IFCCARTESIANPOINT((2.33188781738281E-1, -1.80594467163086E-1, 6.30167236328125E-1));
#12730 = IFCFACEOUTERBOUND(#12726, .T.);
#12731 = IFCFACE((#12730));
#12732 = IFCPOLYLOOP((#12733, #12734, #12735));
#12733 = IFCCARTESIANPOINT((2.33188095092773E-1, -2.06162490844727E-1, 6.29456726074219E-1));
#12734 = IFCCARTESIANPOINT((2.4284001159668E-1, -1.98000274658203E-1, 6.20466796875E-1));
#12735 = IFCCARTESIANPOINT((2.360849609375E-1, -2.07851226806641E-1, 6.20466796875E-1));
#12736 = IFCFACEOUTERBOUND(#12732, .T.);
#12737 = IFCFACE((#12736));
#12738 = IFCPOLYLOOP((#10884, #10834, #12735));
#12739 = IFCFACEOUTERBOUND(#12738, .T.);
#12740 = IFCFACE((#12739));
#12741 = IFCPOLYLOOP((#12734, #12728, #12727));
#12742 = IFCFACEOUTERBOUND(#12741, .T.);
#12743 = IFCFACE((#12742));
#12744 = IFCPOLYLOOP((#12729, #12644, #12620));
#12745 = IFCFACEOUTERBOUND(#12744, .T.);
#12746 = IFCFACE((#12745));
#12747 = IFCPOLYLOOP((#12728, #12734, #12733));
#12748 = IFCFACEOUTERBOUND(#12747, .T.);
#12749 = IFCFACE((#12748));
#12750 = IFCPOLYLOOP((#12723, #12729, #12620));
#12751 = IFCFACEOUTERBOUND(#12750, .T.);
#12752 = IFCFACE((#12751));
#12753 = IFCPOLYLOOP((#12727, #12729, #12723));
#12754 = IFCFACEOUTERBOUND(#12753, .T.);
#12755 = IFCFACE((#12754));
#12756 = IFCPOLYLOOP((#10834, #12733, #12735));
#12757 = IFCFACEOUTERBOUND(#12756, .T.);
#12758 = IFCFACE((#12757));
#12759 = IFCPOLYLOOP((#11782, #12760, #11783));
#12760 = IFCCARTESIANPOINT((-2.57381195068359E-1, -1.87839508056641E-1, 6.20466796875E-1));
#12761 = IFCFACEOUTERBOUND(#12759, .T.);
#12762 = IFCFACE((#12761));
#12763 = IFCPOLYLOOP((#12530, #12764, #12760));
#12764 = IFCCARTESIANPOINT((-2.331884765625E-1, -1.93232849121094E-1, 6.29862670898438E-1));
#12765 = IFCFACEOUTERBOUND(#12763, .T.);
#12766 = IFCFACE((#12765));
#12767 = IFCPOLYLOOP((#12760, #11782, #12530));
#12768 = IFCFACEOUTERBOUND(#12767, .T.);
#12769 = IFCFACE((#12768));
#12770 = IFCPOLYLOOP((#12764, #12771, #12760));
#12771 = IFCCARTESIANPOINT((-2.50619735717773E-1, -1.95361083984375E-1, 6.20466796875E-1));
#12772 = IFCFACEOUTERBOUND(#12770, .T.);
#12773 = IFCFACE((#12772));
#12774 = IFCPOLYLOOP((#12775, #12776, #12764));
#12775 = IFCCARTESIANPOINT((-2.33188079833984E-1, -2.06162307739258E-1, 6.29456726074219E-1));
#12776 = IFCCARTESIANPOINT((-2.42761245727539E-1, -2.02004760742188E-1, 6.20466796875E-1));
#12777 = IFCFACEOUTERBOUND(#12774, .T.);
#12778 = IFCFACE((#12777));
#12779 = IFCPOLYLOOP((#12775, #12780, #12776));
#12780 = IFCCARTESIANPOINT((-2.36019058227539E-1, -2.09490509033203E-1, 6.20466796875E-1));
#12781 = IFCFACEOUTERBOUND(#12779, .T.);
#12782 = IFCFACE((#12781));
#12783 = IFCPOLYLOOP((#10765, #10815, #12780));
#12784 = IFCFACEOUTERBOUND(#12783, .T.);
#12785 = IFCFACE((#12784));
#12786 = IFCPOLYLOOP((#12776, #12771, #12764));
#12787 = IFCFACEOUTERBOUND(#12786, .T.);
#12788 = IFCFACE((#12787));
#12789 = IFCPOLYLOOP((#10765, #12780, #12775));
#12790 = IFCFACEOUTERBOUND(#12789, .T.);
#12791 = IFCFACE((#12790));
#12792 = IFCPOLYLOOP((#12793, #10939, #12794));
#12793 = IFCCARTESIANPOINT((2.6460107421875E-1, -1.51154006958008E-1, 6.26836059570313E-1));
#12794 = IFCCARTESIANPOINT((2.64302032470703E-1, -1.68389236450195E-1, 6.26547668457031E-1));
#12795 = IFCFACEOUTERBOUND(#12792, .T.);
#12796 = IFCFACE((#12795));
#12797 = IFCPOLYLOOP((#12794, #12798, #12793));
#12798 = IFCCARTESIANPOINT((2.63893859863281E-1, -1.52390518188477E-1, 6.23651428222656E-1));
#12799 = IFCFACEOUTERBOUND(#12797, .T.);
#12800 = IFCFACE((#12799));
#12801 = IFCPOLYLOOP((#12794, #10922, #12802));
#12802 = IFCCARTESIANPOINT((2.63960632324219E-1, -1.8562370300293E-1, 6.26277221679688E-1));
#12803 = IFCFACEOUTERBOUND(#12801, .T.);
#12804 = IFCFACE((#12803));
#12805 = IFCPOLYLOOP((#12802, #12806, #12794));
#12806 = IFCCARTESIANPOINT((2.63744018554688E-1, -1.69316024780273E-1, 6.23507263183594E-1));
#12807 = IFCFACEOUTERBOUND(#12805, .T.);
#12808 = IFCFACE((#12807));
#12809 = IFCPOLYLOOP((#12810, #12811, #12812));
#12810 = IFCCARTESIANPOINT((1.92115753173828E-1, 1.71573364257813E-1, 6.85308166503906E-1));
#12811 = IFCCARTESIANPOINT((2.04526519775391E-1, 1.60732666015625E-1, 6.8007373046875E-1));
#12812 = IFCCARTESIANPOINT((1.92476425170898E-1, 1.66999816894531E-1, 6.63694396972656E-1));
#12813 = IFCFACEOUTERBOUND(#12809, .T.);
#12814 = IFCFACE((#12813));
#12815 = IFCPOLYLOOP((#12811, #12816, #12817));
#12816 = IFCCARTESIANPOINT((2.15932800292969E-1, 1.48810668945313E-1, 6.74826232910156E-1));
#12817 = IFCCARTESIANPOINT((2.0508332824707E-1, 1.56388488769531E-1, 6.60204711914063E-1));
#12818 = IFCFACEOUTERBOUND(#12815, .T.);
#12819 = IFCFACE((#12818));
#12820 = IFCPOLYLOOP((#12817, #12821, #12822));
#12821 = IFCCARTESIANPOINT((2.0564013671875E-1, 1.52044342041016E-1, 6.40335754394531E-1));
#12822 = IFCCARTESIANPOINT((1.92837112426758E-1, 1.62426300048828E-1, 6.4208056640625E-1));
#12823 = IFCFACEOUTERBOUND(#12820, .T.);
#12824 = IFCFACE((#12823));
#12825 = IFCPOLYLOOP((#12822, #12812, #12817));
#12826 = IFCFACEOUTERBOUND(#12825, .T.);
#12827 = IFCFACE((#12826));
#12828 = IFCPOLYLOOP((#12829, #12830, #12821));
#12829 = IFCCARTESIANPOINT((2.16571640014648E-1, 1.44501800537109E-1, 6.56706420898438E-1));
#12830 = IFCCARTESIANPOINT((2.17210479736328E-1, 1.40192932128906E-1, 6.38586608886719E-1));
#12831 = IFCFACEOUTERBOUND(#12828, .T.);
#12832 = IFCFACE((#12831));
#12833 = IFCPOLYLOOP((#12821, #12817, #12829));
#12834 = IFCFACEOUTERBOUND(#12833, .T.);
#12835 = IFCFACE((#12834));
#12836 = IFCPOLYLOOP((#12837, #12838, #12830));
#12837 = IFCCARTESIANPOINT((2.26824432373047E-1, 1.31478942871094E-1, 6.5326904296875E-1));
#12838 = IFCCARTESIANPOINT((2.27439743041992E-1, 1.27092529296875E-1, 6.36867919921875E-1));
#12839 = IFCFACEOUTERBOUND(#12836, .T.);
#12840 = IFCFACE((#12839));
#12841 = IFCPOLYLOOP((#12830, #12829, #12837));
#12842 = IFCFACEOUTERBOUND(#12841, .T.);
#12843 = IFCFACE((#12842));
#12844 = IFCPOLYLOOP((#12845, #12846, #12838));
#12845 = IFCCARTESIANPOINT((2.35724792480469E-1, 1.17459045410156E-1, 6.49962280273438E-1));
#12846 = IFCCARTESIANPOINT((2.36219528198242E-1, 1.12963592529297E-1, 6.35214538574219E-1));
#12847 = IFCFACEOUTERBOUND(#12844, .T.);
#12848 = IFCFACE((#12847));
#12849 = IFCPOLYLOOP((#12838, #12837, #12845));
#12850 = IFCFACEOUTERBOUND(#12849, .T.);
#12851 = IFCFACE((#12850));
#12852 = IFCPOLYLOOP((#12853, #12854, #12855));
#12853 = IFCCARTESIANPOINT((1.34778076171875E-1, 2.04546997070313E-1, 7.04737182617188E-1));
#12854 = IFCCARTESIANPOINT((1.50044006347656E-1, 1.97696136474609E-1, 7.00188598632813E-1));
#12855 = IFCCARTESIANPOINT((1.33795623779297E-1, 1.97174499511719E-1, 6.76647033691406E-1));
#12856 = IFCFACEOUTERBOUND(#12852, .T.);
#12857 = IFCFACE((#12856));
#12858 = IFCPOLYLOOP((#12854, #12859, #12860));
#12859 = IFCCARTESIANPOINT((1.64762649536133E-1, 1.89977111816406E-1, 6.95408996582031E-1));
#12860 = IFCCARTESIANPOINT((1.49364105224609E-1, 1.91167999267578E-1, 6.73614685058594E-1));
#12861 = IFCFACEOUTERBOUND(#12858, .T.);
#12862 = IFCFACE((#12861));
#12863 = IFCPOLYLOOP((#12860, #12864, #12865));
#12864 = IFCCARTESIANPOINT((1.48684188842773E-1, 1.84639862060547E-1, 6.47040710449219E-1));
#12865 = IFCCARTESIANPOINT((1.32813171386719E-1, 1.89802032470703E-1, 6.48556945800781E-1));
#12866 = IFCFACEOUTERBOUND(#12863, .T.);
#12867 = IFCFACE((#12866));
#12868 = IFCPOLYLOOP((#12865, #12855, #12860));
#12869 = IFCFACEOUTERBOUND(#12868, .T.);
#12870 = IFCFACE((#12869));
#12871 = IFCPOLYLOOP((#12872, #12873, #12864));
#12872 = IFCCARTESIANPOINT((1.64448822021484E-1, 1.84248046875E-1, 6.70428283691406E-1));
#12873 = IFCCARTESIANPOINT((1.64134979248047E-1, 1.78519012451172E-1, 6.45447509765625E-1));
#12874 = IFCFACEOUTERBOUND(#12871, .T.);
#12875 = IFCFACE((#12874));
#12876 = IFCPOLYLOOP((#12864, #12860, #12872));
#12877 = IFCFACEOUTERBOUND(#12876, .T.);
#12878 = IFCFACE((#12877));
#12879 = IFCPOLYLOOP((#12880, #12881, #12873));
#12880 = IFCCARTESIANPOINT((1.78877136230469E-1, 1.76247680664063E-1, 6.67113098144531E-1));
#12881 = IFCCARTESIANPOINT((1.78930847167969E-1, 1.71195709228516E-1, 6.43789916992188E-1));
#12882 = IFCFACEOUTERBOUND(#12879, .T.);
#12883 = IFCFACE((#12882));
#12884 = IFCPOLYLOOP((#12873, #12872, #12880));
#12885 = IFCFACEOUTERBOUND(#12884, .T.);
#12886 = IFCFACE((#12885));
#12887 = IFCPOLYLOOP((#12812, #12822, #12881));
#12888 = IFCFACEOUTERBOUND(#12887, .T.);
#12889 = IFCFACE((#12888));
#12890 = IFCPOLYLOOP((#12881, #12880, #12812));
#12891 = IFCFACEOUTERBOUND(#12890, .T.);
#12892 = IFCFACE((#12891));
#12893 = IFCPOLYLOOP((#12859, #12894, #12872));
#12894 = IFCCARTESIANPOINT((1.78823440551758E-1, 1.81299652099609E-1, 6.90436218261719E-1));
#12895 = IFCFACEOUTERBOUND(#12893, .T.);
#12896 = IFCFACE((#12895));
#12897 = IFCPOLYLOOP((#12894, #12810, #12880));
#12898 = IFCFACEOUTERBOUND(#12897, .T.);
#12899 = IFCFACE((#12898));
#12900 = IFCPOLYLOOP((#12901, #12902, #12903));
#12901 = IFCCARTESIANPOINT((8.644921875E-2, 2.20194000244141E-1, 7.16332214355469E-1));
#12902 = IFCCARTESIANPOINT((8.5232292175293E-2, 2.10611297607422E-1, 6.84377075195313E-1));
#12903 = IFCCARTESIANPOINT((6.85209350585938E-2, 2.13575775146484E-1, 6.8627978515625E-1));
#12904 = IFCFACEOUTERBOUND(#12900, .T.);
#12905 = IFCFACE((#12904));
#12906 = IFCPOLYLOOP((#12903, #12907, #12901));
#12907 = IFCCARTESIANPOINT((6.96159286499023E-2, 2.23653289794922E-1, 7.19186279296875E-1));
#12908 = IFCFACEOUTERBOUND(#12906, .T.);
#12909 = IFCFACE((#12908));
#12910 = IFCPOLYLOOP((#12911, #12912, #12902));
#12911 = IFCCARTESIANPOINT((1.0294206237793E-1, 2.15827850341797E-1, 7.12905090332031E-1));
#12912 = IFCCARTESIANPOINT((1.01695953369141E-1, 2.06886505126953E-1, 6.82092346191406E-1));
#12913 = IFCFACEOUTERBOUND(#12910, .T.);
#12914 = IFCFACE((#12913));
#12915 = IFCPOLYLOOP((#12902, #12901, #12911));
#12916 = IFCFACEOUTERBOUND(#12915, .T.);
#12917 = IFCFACE((#12916));
#12918 = IFCPOLYLOOP((#12919, #12902, #12920));
#12919 = IFCCARTESIANPOINT((7.57393798828125E-2, 2.02338043212891E-1, 6.52923583984375E-1));
#12920 = IFCCARTESIANPOINT((8.40153656005859E-2, 2.01028625488281E-1, 6.52421936035156E-1));
#12921 = IFCFACEOUTERBOUND(#12918, .T.);
#12922 = IFCFACE((#12921));
#12923 = IFCPOLYLOOP((#12903, #12902, #12919));
#12924 = IFCFACEOUTERBOUND(#12923, .T.);
#12925 = IFCFACE((#12924));
#12926 = IFCPOLYLOOP((#12919, #12927, #12903));
#12927 = IFCCARTESIANPOINT((6.74259414672852E-2, 2.03498229980469E-1, 6.53373291015625E-1));
#12928 = IFCFACEOUTERBOUND(#12926, .T.);
#12929 = IFCFACE((#12928));
#12930 = IFCPOLYLOOP((#12919, #12931, #12932));
#12931 = IFCCARTESIANPOINT((7.51559448242188E-2, 1.97412628173828E-1, 6.36695190429688E-1));
#12932 = IFCCARTESIANPOINT((6.68784408569336E-2, 1.9845947265625E-1, 6.36920043945313E-1));
#12933 = IFCFACEOUTERBOUND(#12930, .T.);
#12934 = IFCFACE((#12933));
#12935 = IFCPOLYLOOP((#12932, #12927, #12919));
#12936 = IFCFACEOUTERBOUND(#12935, .T.);
#12937 = IFCFACE((#12936));
#12938 = IFCPOLYLOOP((#12920, #12939, #12931));
#12939 = IFCCARTESIANPOINT((8.34068984985352E-2, 1.96237274169922E-1, 6.36444396972656E-1));
#12940 = IFCFACEOUTERBOUND(#12938, .T.);
#12941 = IFCFACE((#12940));
#12942 = IFCPOLYLOOP((#12931, #12919, #12920));
#12943 = IFCFACEOUTERBOUND(#12942, .T.);
#12944 = IFCFACE((#12943));
#12945 = IFCPOLYLOOP((#12946, #12947, #12939));
#12946 = IFCCARTESIANPOINT((9.22526092529297E-2, 1.99565734863281E-1, 6.51872497558594E-1));
#12947 = IFCCARTESIANPOINT((9.16307144165039E-2, 1.949267578125E-1, 6.36169677734375E-1));
#12948 = IFCFACEOUTERBOUND(#12945, .T.);
#12949 = IFCFACE((#12948));
#12950 = IFCPOLYLOOP((#12939, #12920, #12946));
#12951 = IFCFACEOUTERBOUND(#12950, .T.);
#12952 = IFCFACE((#12951));
#12953 = IFCPOLYLOOP((#12954, #12955, #12947));
#12954 = IFCCARTESIANPOINT((1.00449844360352E-1, 1.97945190429688E-1, 6.51279541015625E-1));
#12955 = IFCCARTESIANPOINT((9.9826789855957E-2, 1.93474517822266E-1, 6.35873168945313E-1));
#12956 = IFCFACEOUTERBOUND(#12953, .T.);
#12957 = IFCFACE((#12956));
#12958 = IFCPOLYLOOP((#12947, #12946, #12954));
#12959 = IFCFACEOUTERBOUND(#12958, .T.);
#12960 = IFCFACE((#12959));
#12961 = IFCPOLYLOOP((#12946, #12912, #12954));
#12962 = IFCFACEOUTERBOUND(#12961, .T.);
#12963 = IFCFACE((#12962));
#12964 = IFCPOLYLOOP((#12902, #12912, #12946));
#12965 = IFCFACEOUTERBOUND(#12964, .T.);
#12966 = IFCFACE((#12965));
#12967 = IFCPOLYLOOP((#12946, #12920, #12902));
#12968 = IFCFACEOUTERBOUND(#12967, .T.);
#12969 = IFCFACE((#12968));
#12970 = IFCPOLYLOOP((#12971, #12972, #12954));
#12971 = IFCCARTESIANPOINT((1.17890777587891E-1, 2.02406036376953E-1, 6.79493103027344E-1));
#12972 = IFCCARTESIANPOINT((1.16719177246094E-1, 1.94214233398438E-1, 6.4997998046875E-1));
#12973 = IFCFACEOUTERBOUND(#12970, .T.);
#12974 = IFCFACE((#12973));
#12975 = IFCPOLYLOOP((#12954, #12912, #12971));
#12976 = IFCFACEOUTERBOUND(#12975, .T.);
#12977 = IFCFACE((#12976));
#12978 = IFCPOLYLOOP((#12855, #12865, #12972));
#12979 = IFCFACEOUTERBOUND(#12978, .T.);
#12980 = IFCFACE((#12979));
#12981 = IFCPOLYLOOP((#12972, #12971, #12855));
#12982 = IFCFACEOUTERBOUND(#12981, .T.);
#12983 = IFCFACE((#12982));
#12984 = IFCPOLYLOOP((#12985, #12971, #12912));
#12985 = IFCCARTESIANPOINT((1.19062370300293E-1, 2.10597839355469E-1, 7.09006286621094E-1));
#12986 = IFCFACEOUTERBOUND(#12984, .T.);
#12987 = IFCFACE((#12986));
#12988 = IFCPOLYLOOP((#12912, #12911, #12985));
#12989 = IFCFACEOUTERBOUND(#12988, .T.);
#12990 = IFCFACE((#12989));
#12991 = IFCPOLYLOOP((#12985, #12853, #12971));
#12992 = IFCFACEOUTERBOUND(#12991, .T.);
#12993 = IFCFACE((#12992));
#12994 = IFCPOLYLOOP((#12995, #12996, #12997));
#12995 = IFCCARTESIANPOINT((8.88503551483154E-3, 2.34362609863281E-1, 7.41337097167969E-1));
#12996 = IFCCARTESIANPOINT((8.80317687988281E-3, 2.29027069091797E-1, 7.24069946289063E-1));
#12997 = IFCCARTESIANPOINT((1.94144217857684E-9, 2.29097412109375E-1, 7.24144409179688E-1));
#12998 = IFCFACEOUTERBOUND(#12994, .T.);
#12999 = IFCFACE((#12998));
#13000 = IFCPOLYLOOP((#12997, #13001, #12995));
#13001 = IFCCARTESIANPOINT((9.70721089288418E-10, 2.34434600830078E-1, 7.41424011230469E-1));
#13002 = IFCFACEOUTERBOUND(#13000, .T.);
#13003 = IFCFACE((#13002));
#13004 = IFCPOLYLOOP((#13005, #13006, #12996));
#13005 = IFCCARTESIANPOINT((1.77591552734375E-2, 2.34136535644531E-1, 7.41074462890625E-1));
#13006 = IFCCARTESIANPOINT((1.7596715927124E-2, 2.28807647705078E-1, 7.23844787597656E-1));
#13007 = IFCFACEOUTERBOUND(#13004, .T.);
#13008 = IFCFACE((#13007));
#13009 = IFCPOLYLOOP((#12996, #12995, #13005));
#13010 = IFCFACEOUTERBOUND(#13009, .T.);
#13011 = IFCFACE((#13010));
#13012 = IFCPOLYLOOP((#12996, #13013, #12997));
#13013 = IFCCARTESIANPOINT((3.88288435715367E-9, 2.18423004150391E-1, 6.89585205078125E-1));
#13014 = IFCFACEOUTERBOUND(#13012, .T.);
#13015 = IFCFACE((#13014));
#13016 = IFCPOLYLOOP((#13017, #13013, #12996));
#13017 = IFCCARTESIANPOINT((1.72718334197998E-2, 2.1814990234375E-1, 6.89385437011719E-1));
#13018 = IFCFACEOUTERBOUND(#13016, .T.);
#13019 = IFCFACE((#13018));
#13020 = IFCPOLYLOOP((#12996, #13006, #13017));
#13021 = IFCFACEOUTERBOUND(#13020, .T.);
#13022 = IFCFACE((#13021));
#13023 = IFCPOLYLOOP((#13024, #13017, #13006));
#13024 = IFCCARTESIANPOINT((2.63709812164307E-2, 2.28426544189453E-1, 7.23466430664063E-1));
#13025 = IFCFACEOUTERBOUND(#13023, .T.);
#13026 = IFCFACE((#13025));
#13027 = IFCPOLYLOOP((#13028, #13017, #13024));
#13028 = IFCCARTESIANPOINT((3.44870262145996E-2, 2.17290740966797E-1, 6.88777099609375E-1));
#13029 = IFCFACEOUTERBOUND(#13027, .T.);
#13030 = IFCFACE((#13029));
#13031 = IFCPOLYLOOP((#13024, #13032, #13028));
#13032 = IFCCARTESIANPOINT((3.51163368225098E-2, 2.27871063232422E-1, 7.22932250976563E-1));
#13033 = IFCFACEOUTERBOUND(#13031, .T.);
#13034 = IFCFACE((#13033));
#13035 = IFCPOLYLOOP((#13036, #13024, #13006));
#13036 = IFCCARTESIANPOINT((2.66114463806152E-2, 2.33741149902344E-1, 7.40632995605469E-1));
#13037 = IFCFACEOUTERBOUND(#13035, .T.);
#13038 = IFCFACE((#13037));
#13039 = IFCPOLYLOOP((#13006, #13005, #13036));
#13040 = IFCFACEOUTERBOUND(#13039, .T.);
#13041 = IFCFACE((#13040));
#13042 = IFCPOLYLOOP((#13043, #13032, #13024));
#13043 = IFCCARTESIANPOINT((3.54309921264648E-2, 2.33161224365234E-1, 7.40009826660156E-1));
#13044 = IFCFACEOUTERBOUND(#13042, .T.);
#13045 = IFCFACE((#13044));
#13046 = IFCPOLYLOOP((#13024, #13036, #13043));
#13047 = IFCFACEOUTERBOUND(#13046, .T.);
#13048 = IFCFACE((#13047));
#13049 = IFCPOLYLOOP((#13050, #13017, #13051));
#13050 = IFCCARTESIANPOINT((8.47574043273926E-3, 2.07684875488281E-1, 6.55001159667969E-1));
#13051 = IFCCARTESIANPOINT((1.69469528198242E-2, 2.07492126464844E-1, 6.54926147460938E-1));
#13052 = IFCFACEOUTERBOUND(#13049, .T.);
#13053 = IFCFACE((#13052));
#13054 = IFCPOLYLOOP((#13013, #13017, #13050));
#13055 = IFCFACEOUTERBOUND(#13054, .T.);
#13056 = IFCFACE((#13055));
#13057 = IFCPOLYLOOP((#13050, #13058, #13013));
#13058 = IFCCARTESIANPOINT((5.82432676310418E-9, 2.07748626708984E-1, 6.55026000976563E-1));
#13059 = IFCFACEOUTERBOUND(#13057, .T.);
#13060 = IFCFACE((#13059));
#13061 = IFCPOLYLOOP((#13050, #13062, #13063));
#13062 = IFCCARTESIANPOINT((8.39388179779053E-3, 2.02349334716797E-1, 6.37734008789063E-1));
#13063 = IFCCARTESIANPOINT((6.79504773870576E-9, 2.02411437988281E-1, 6.37746398925781E-1));
#13064 = IFCFACEOUTERBOUND(#13061, .T.);
#13065 = IFCFACE((#13064));
#13066 = IFCPOLYLOOP((#13063, #13058, #13050));
#13067 = IFCFACEOUTERBOUND(#13066, .T.);
#13068 = IFCFACE((#13067));
#13069 = IFCPOLYLOOP((#13051, #13070, #13062));
#13070 = IFCCARTESIANPOINT((1.67845115661621E-2, 2.02163238525391E-1, 6.37696472167969E-1));
#13071 = IFCFACEOUTERBOUND(#13069, .T.);
#13072 = IFCFACE((#13071));
#13073 = IFCPOLYLOOP((#13062, #13050, #13051));
#13074 = IFCFACEOUTERBOUND(#13073, .T.);
#13075 = IFCFACE((#13074));
#13076 = IFCPOLYLOOP((#13077, #13078, #13070));
#13077 = IFCCARTESIANPOINT((2.54091186523438E-2, 2.07168060302734E-1, 6.54799987792969E-1));
#13078 = IFCCARTESIANPOINT((2.51686534881592E-2, 2.01853454589844E-1, 6.37633422851563E-1));
#13079 = IFCFACEOUTERBOUND(#13076, .T.);
#13080 = IFCFACE((#13079));
#13081 = IFCPOLYLOOP((#13070, #13051, #13077));
#13082 = IFCFACEOUTERBOUND(#13081, .T.);
#13083 = IFCFACE((#13082));
#13084 = IFCPOLYLOOP((#13085, #13086, #13078));
#13085 = IFCCARTESIANPOINT((3.38577156066895E-2, 2.06710418701172E-1, 6.54621948242188E-1));
#13086 = IFCCARTESIANPOINT((3.35430603027344E-2, 2.01420257568359E-1, 6.37544372558594E-1));
#13087 = IFCFACEOUTERBOUND(#13084, .T.);
#13088 = IFCFACE((#13087));
#13089 = IFCPOLYLOOP((#13078, #13077, #13085));
#13090 = IFCFACEOUTERBOUND(#13089, .T.);
#13091 = IFCFACE((#13090));
#13092 = IFCPOLYLOOP((#13077, #13028, #13085));
#13093 = IFCFACEOUTERBOUND(#13092, .T.);
#13094 = IFCFACE((#13093));
#13095 = IFCPOLYLOOP((#13017, #13028, #13077));
#13096 = IFCFACEOUTERBOUND(#13095, .T.);
#13097 = IFCFACE((#13096));
#13098 = IFCPOLYLOOP((#13077, #13051, #13017));
#13099 = IFCFACEOUTERBOUND(#13098, .T.);
#13100 = IFCFACE((#13099));
#13101 = IFCPOLYLOOP((#13102, #13103, #13104));
#13102 = IFCCARTESIANPOINT((4.22882194519043E-2, 2.06116912841797E-1, 6.5439111328125E-1));
#13103 = IFCCARTESIANPOINT((5.1588939666748E-2, 2.15785919189453E-1, 6.87746398925781E-1));
#13104 = IFCCARTESIANPOINT((5.06961059570313E-2, 2.05385223388672E-1, 6.54106628417969E-1));
#13105 = IFCFACEOUTERBOUND(#13101, .T.);
#13106 = IFCFACE((#13105));
#13107 = IFCPOLYLOOP((#13028, #13103, #13102));
#13108 = IFCFACEOUTERBOUND(#13107, .T.);
#13109 = IFCFACE((#13108));
#13110 = IFCPOLYLOOP((#13102, #13085, #13028));
#13111 = IFCFACEOUTERBOUND(#13110, .T.);
#13112 = IFCFACE((#13111));
#13113 = IFCPOLYLOOP((#13102, #13114, #13086));
#13114 = IFCCARTESIANPOINT((4.19044876098633E-2, 2.00863983154297E-1, 6.37428955078125E-1));
#13115 = IFCFACEOUTERBOUND(#13113, .T.);
#13116 = IFCFACE((#13115));
#13117 = IFCPOLYLOOP((#13086, #13085, #13102));
#13118 = IFCFACEOUTERBOUND(#13117, .T.);
#13119 = IFCFACE((#13118));
#13120 = IFCPOLYLOOP((#13104, #13121, #13114));
#13121 = IFCCARTESIANPOINT((5.02496871948242E-2, 2.00184875488281E-1, 6.37286682128906E-1));
#13122 = IFCFACEOUTERBOUND(#13120, .T.);
#13123 = IFCFACE((#13122));
#13124 = IFCPOLYLOOP((#13114, #13102, #13104));
#13125 = IFCFACEOUTERBOUND(#13124, .T.);
#13126 = IFCFACE((#13125));
#13127 = IFCPOLYLOOP((#13128, #13129, #13121));
#13128 = IFCCARTESIANPOINT((5.90768547058105E-2, 2.04513092041016E-1, 6.53767639160156E-1));
#13129 = IFCCARTESIANPOINT((5.85754241943359E-2, 1.99383270263672E-1, 6.371171875E-1));
#13130 = IFCFACEOUTERBOUND(#13127, .T.);
#13131 = IFCFACE((#13130));
#13132 = IFCPOLYLOOP((#13121, #13104, #13128));
#13133 = IFCFACEOUTERBOUND(#13132, .T.);
#13134 = IFCFACE((#13133));
#13135 = IFCPOLYLOOP((#12927, #12932, #13129));
#13136 = IFCFACEOUTERBOUND(#13135, .T.);
#13137 = IFCFACE((#13136));
#13138 = IFCPOLYLOOP((#13129, #13128, #12927));
#13139 = IFCFACEOUTERBOUND(#13138, .T.);
#13140 = IFCFACE((#13139));
#13141 = IFCPOLYLOOP((#13128, #12903, #12927));
#13142 = IFCFACEOUTERBOUND(#13141, .T.);
#13143 = IFCFACE((#13142));
#13144 = IFCPOLYLOOP((#13103, #12903, #13128));
#13145 = IFCFACEOUTERBOUND(#13144, .T.);
#13146 = IFCFACE((#13145));
#13147 = IFCPOLYLOOP((#13128, #13104, #13103));
#13148 = IFCFACEOUTERBOUND(#13147, .T.);
#13149 = IFCFACE((#13148));
#13150 = IFCPOLYLOOP((#13151, #13152, #13032));
#13151 = IFCCARTESIANPOINT((4.42068786621094E-2, 2.32381591796875E-1, 7.39201843261719E-1));
#13152 = IFCCARTESIANPOINT((4.38231468200684E-2, 2.27128662109375E-1, 7.22239685058594E-1));
#13153 = IFCFACEOUTERBOUND(#13150, .T.);
#13154 = IFCFACE((#13153));
#13155 = IFCPOLYLOOP((#13032, #13043, #13151));
#13156 = IFCFACEOUTERBOUND(#13155, .T.);
#13157 = IFCFACE((#13156));
#13158 = IFCPOLYLOOP((#13159, #13160, #13152));
#13159 = IFCCARTESIANPOINT((5.29281883239746E-2, 2.31386962890625E-1, 7.38206115722656E-1));
#13160 = IFCCARTESIANPOINT((5.24817733764648E-2, 2.26186614990234E-1, 7.2138623046875E-1));
#13161 = IFCFACEOUTERBOUND(#13158, .T.);
#13162 = IFCFACE((#13161));
#13163 = IFCPOLYLOOP((#13152, #13151, #13159));
#13164 = IFCFACEOUTERBOUND(#13163, .T.);
#13165 = IFCFACE((#13164));
#13166 = IFCPOLYLOOP((#13152, #13028, #13032));
#13167 = IFCFACEOUTERBOUND(#13166, .T.);
#13168 = IFCFACE((#13167));
#13169 = IFCPOLYLOOP((#13103, #13028, #13152));
#13170 = IFCFACEOUTERBOUND(#13169, .T.);
#13171 = IFCFACE((#13170));
#13172 = IFCPOLYLOOP((#13152, #13160, #13103));
#13173 = IFCFACEOUTERBOUND(#13172, .T.);
#13174 = IFCFACE((#13173));
#13175 = IFCPOLYLOOP((#12907, #12903, #13103));
#13176 = IFCFACEOUTERBOUND(#13175, .T.);
#13177 = IFCFACE((#13176));
#13178 = IFCPOLYLOOP((#13103, #13160, #12907));
#13179 = IFCFACEOUTERBOUND(#13178, .T.);
#13180 = IFCFACE((#13179));
#13181 = IFCPOLYLOOP((#13182, #13183, #13184));
#13182 = IFCCARTESIANPOINT((-5.15889282226563E-2, 2.15785919189453E-1, 6.87746398925781E-1));
#13183 = IFCCARTESIANPOINT((-6.85209274291992E-2, 2.13575775146484E-1, 6.8627978515625E-1));
#13184 = IFCCARTESIANPOINT((-6.96159210205078E-2, 2.23653289794922E-1, 7.19186279296875E-1));
#13185 = IFCFACEOUTERBOUND(#13181, .T.);
#13186 = IFCFACE((#13185));
#13187 = IFCPOLYLOOP((#13184, #13188, #13182));
#13188 = IFCCARTESIANPOINT((-5.24817657470703E-2, 2.26186614990234E-1, 7.2138623046875E-1));
#13189 = IFCFACEOUTERBOUND(#13187, .T.);
#13190 = IFCFACE((#13189));
#13191 = IFCPOLYLOOP((#13192, #13193, #13182));
#13192 = IFCCARTESIANPOINT((-4.38231391906738E-2, 2.27128662109375E-1, 7.22239685058594E-1));
#13193 = IFCCARTESIANPOINT((-3.44870185852051E-2, 2.17290740966797E-1, 6.88777099609375E-1));
#13194 = IFCFACEOUTERBOUND(#13191, .T.);
#13195 = IFCFACE((#13194));
#13196 = IFCPOLYLOOP((#13182, #13188, #13192));
#13197 = IFCFACEOUTERBOUND(#13196, .T.);
#13198 = IFCFACE((#13197));
#13199 = IFCPOLYLOOP((#13193, #13192, #13200));
#13200 = IFCCARTESIANPOINT((-3.51163330078125E-2, 2.27871063232422E-1, 7.22932250976563E-1));
#13201 = IFCFACEOUTERBOUND(#13199, .T.);
#13202 = IFCFACE((#13201));
#13203 = IFCPOLYLOOP((#13192, #13188, #13204));
#13204 = IFCCARTESIANPOINT((-5.29281845092773E-2, 2.31386962890625E-1, 7.38206115722656E-1));
#13205 = IFCFACEOUTERBOUND(#13203, .T.);
#13206 = IFCFACE((#13205));
#13207 = IFCPOLYLOOP((#13204, #13208, #13192));
#13208 = IFCCARTESIANPOINT((-4.42068748474121E-2, 2.32381591796875E-1, 7.39201843261719E-1));
#13209 = IFCFACEOUTERBOUND(#13207, .T.);
#13210 = IFCFACE((#13209));
#13211 = IFCPOLYLOOP((#13200, #13192, #13208));
#13212 = IFCFACEOUTERBOUND(#13211, .T.);
#13213 = IFCFACE((#13212));
#13214 = IFCPOLYLOOP((#13208, #13215, #13200));
#13215 = IFCCARTESIANPOINT((-3.54309883117676E-2, 2.33161224365234E-1, 7.40009826660156E-1));
#13216 = IFCFACEOUTERBOUND(#13214, .T.);
#13217 = IFCFACE((#13216));
#13218 = IFCPOLYLOOP((#13219, #13183, #13182));
#13219 = IFCCARTESIANPOINT((-5.90768432617188E-2, 2.04513092041016E-1, 6.53767639160156E-1));
#13220 = IFCFACEOUTERBOUND(#13218, .T.);
#13221 = IFCFACE((#13220));
#13222 = IFCPOLYLOOP((#13182, #13223, #13219));
#13223 = IFCCARTESIANPOINT((-5.06960945129395E-2, 2.05385223388672E-1, 6.54106628417969E-1));
#13224 = IFCFACEOUTERBOUND(#13222, .T.);
#13225 = IFCFACE((#13224));
#13226 = IFCPOLYLOOP((#13183, #13219, #13227));
#13227 = IFCCARTESIANPOINT((-6.74259262084961E-2, 2.03498229980469E-1, 6.53373291015625E-1));
#13228 = IFCFACEOUTERBOUND(#13226, .T.);
#13229 = IFCFACE((#13228));
#13230 = IFCPOLYLOOP((#13231, #13232, #13227));
#13231 = IFCCARTESIANPOINT((-5.85754089355469E-2, 1.99383270263672E-1, 6.371171875E-1));
#13232 = IFCCARTESIANPOINT((-6.68784332275391E-2, 1.9845947265625E-1, 6.36920043945313E-1));
#13233 = IFCFACEOUTERBOUND(#13230, .T.);
#13234 = IFCFACE((#13233));
#13235 = IFCPOLYLOOP((#13227, #13219, #13231));
#13236 = IFCFACEOUTERBOUND(#13235, .T.);
#13237 = IFCFACE((#13236));
#13238 = IFCPOLYLOOP((#13239, #13231, #13219));
#13239 = IFCCARTESIANPOINT((-5.02496757507324E-2, 2.00184875488281E-1, 6.37286682128906E-1));
#13240 = IFCFACEOUTERBOUND(#13238, .T.);
#13241 = IFCFACE((#13240));
#13242 = IFCPOLYLOOP((#13219, #13223, #13239));
#13243 = IFCFACEOUTERBOUND(#13242, .T.);
#13244 = IFCFACE((#13243));
#13245 = IFCPOLYLOOP((#13246, #13239, #13223));
#13246 = IFCCARTESIANPOINT((-4.19044723510742E-2, 2.00863983154297E-1, 6.37428955078125E-1));
#13247 = IFCFACEOUTERBOUND(#13245, .T.);
#13248 = IFCFACE((#13247));
#13249 = IFCPOLYLOOP((#13223, #13250, #13246));
#13250 = IFCCARTESIANPOINT((-4.22882041931152E-2, 2.06116912841797E-1, 6.5439111328125E-1));
#13251 = IFCFACEOUTERBOUND(#13249, .T.);
#13252 = IFCFACE((#13251));
#13253 = IFCPOLYLOOP((#13254, #13246, #13250));
#13254 = IFCCARTESIANPOINT((-3.35430450439453E-2, 2.01420257568359E-1, 6.37544372558594E-1));
#13255 = IFCFACEOUTERBOUND(#13253, .T.);
#13256 = IFCFACE((#13255));
#13257 = IFCPOLYLOOP((#13250, #13258, #13254));
#13258 = IFCCARTESIANPOINT((-3.38577041625977E-2, 2.06710418701172E-1, 6.54621948242188E-1));
#13259 = IFCFACEOUTERBOUND(#13257, .T.);
#13260 = IFCFACE((#13259));
#13261 = IFCPOLYLOOP((#13250, #13182, #13193));
#13262 = IFCFACEOUTERBOUND(#13261, .T.);
#13263 = IFCFACE((#13262));
#13264 = IFCPOLYLOOP((#13193, #13258, #13250));
#13265 = IFCFACEOUTERBOUND(#13264, .T.);
#13266 = IFCFACE((#13265));
#13267 = IFCPOLYLOOP((#13182, #13250, #13223));
#13268 = IFCFACEOUTERBOUND(#13267, .T.);
#13269 = IFCFACE((#13268));
#13270 = IFCPOLYLOOP((#13271, #13193, #13272));
#13271 = IFCCARTESIANPOINT((-2.5409107208252E-2, 2.07168060302734E-1, 6.54799987792969E-1));
#13272 = IFCCARTESIANPOINT((-1.72718257904053E-2, 2.1814990234375E-1, 6.89385437011719E-1));
#13273 = IFCFACEOUTERBOUND(#13270, .T.);
#13274 = IFCFACE((#13273));
#13275 = IFCPOLYLOOP((#13272, #13276, #13271));
#13276 = IFCCARTESIANPOINT((-1.69469413757324E-2, 2.07492126464844E-1, 6.54926147460938E-1));
#13277 = IFCFACEOUTERBOUND(#13275, .T.);
#13278 = IFCFACE((#13277));
#13279 = IFCPOLYLOOP((#13193, #13271, #13258));
#13280 = IFCFACEOUTERBOUND(#13279, .T.);
#13281 = IFCFACE((#13280));
#13282 = IFCPOLYLOOP((#13283, #13254, #13258));
#13283 = IFCCARTESIANPOINT((-2.51686382293701E-2, 2.01853454589844E-1, 6.37633422851563E-1));
#13284 = IFCFACEOUTERBOUND(#13282, .T.);
#13285 = IFCFACE((#13284));
#13286 = IFCPOLYLOOP((#13258, #13271, #13283));
#13287 = IFCFACEOUTERBOUND(#13286, .T.);
#13288 = IFCFACE((#13287));
#13289 = IFCPOLYLOOP((#13290, #13283, #13271));
#13290 = IFCCARTESIANPOINT((-1.67844982147217E-2, 2.02163238525391E-1, 6.37696472167969E-1));
#13291 = IFCFACEOUTERBOUND(#13289, .T.);
#13292 = IFCFACE((#13291));
#13293 = IFCPOLYLOOP((#13271, #13276, #13290));
#13294 = IFCFACEOUTERBOUND(#13293, .T.);
#13295 = IFCFACE((#13294));
#13296 = IFCPOLYLOOP((#13297, #13290, #13276));
#13297 = IFCCARTESIANPOINT((-8.3938684463501E-3, 2.02349334716797E-1, 6.37734008789063E-1));
#13298 = IFCFACEOUTERBOUND(#13296, .T.);
#13299 = IFCFACE((#13298));
#13300 = IFCPOLYLOOP((#13276, #13301, #13297));
#13301 = IFCCARTESIANPOINT((-8.47572898864746E-3, 2.07684875488281E-1, 6.55001159667969E-1));
#13302 = IFCFACEOUTERBOUND(#13300, .T.);
#13303 = IFCFACE((#13302));
#13304 = IFCPOLYLOOP((#13063, #13297, #13301));
#13305 = IFCFACEOUTERBOUND(#13304, .T.);
#13306 = IFCFACE((#13305));
#13307 = IFCPOLYLOOP((#13301, #13058, #13063));
#13308 = IFCFACEOUTERBOUND(#13307, .T.);
#13309 = IFCFACE((#13308));
#13310 = IFCPOLYLOOP((#13301, #13272, #13013));
#13311 = IFCFACEOUTERBOUND(#13310, .T.);
#13312 = IFCFACE((#13311));
#13313 = IFCPOLYLOOP((#13013, #13058, #13301));
#13314 = IFCFACEOUTERBOUND(#13313, .T.);
#13315 = IFCFACE((#13314));
#13316 = IFCPOLYLOOP((#13272, #13301, #13276));
#13317 = IFCFACEOUTERBOUND(#13316, .T.);
#13318 = IFCFACE((#13317));
#13319 = IFCPOLYLOOP((#13320, #13200, #13215));
#13320 = IFCCARTESIANPOINT((-2.63709754943848E-2, 2.28426544189453E-1, 7.23466430664063E-1));
#13321 = IFCFACEOUTERBOUND(#13319, .T.);
#13322 = IFCFACE((#13321));
#13323 = IFCPOLYLOOP((#13215, #13324, #13320));
#13324 = IFCCARTESIANPOINT((-2.66114444732666E-2, 2.33741149902344E-1, 7.40632995605469E-1));
#13325 = IFCFACEOUTERBOUND(#13323, .T.);
#13326 = IFCFACE((#13325));
#13327 = IFCPOLYLOOP((#13328, #13320, #13324));
#13328 = IFCCARTESIANPOINT((-1.75967102050781E-2, 2.28807647705078E-1, 7.23844787597656E-1));
#13329 = IFCFACEOUTERBOUND(#13327, .T.);
#13330 = IFCFACE((#13329));
#13331 = IFCPOLYLOOP((#13324, #13332, #13328));
#13332 = IFCCARTESIANPOINT((-1.77591533660889E-2, 2.34136535644531E-1, 7.41074462890625E-1));
#13333 = IFCFACEOUTERBOUND(#13331, .T.);
#13334 = IFCFACE((#13333));
#13335 = IFCPOLYLOOP((#13320, #13272, #13193));
#13336 = IFCFACEOUTERBOUND(#13335, .T.);
#13337 = IFCFACE((#13336));
#13338 = IFCPOLYLOOP((#13193, #13200, #13320));
#13339 = IFCFACEOUTERBOUND(#13338, .T.);
#13340 = IFCFACE((#13339));
#13341 = IFCPOLYLOOP((#13272, #13320, #13328));
#13342 = IFCFACEOUTERBOUND(#13341, .T.);
#13343 = IFCFACE((#13342));
#13344 = IFCPOLYLOOP((#13345, #13013, #13272));
#13345 = IFCCARTESIANPOINT((-8.80317306518555E-3, 2.29027069091797E-1, 7.24069946289063E-1));
#13346 = IFCFACEOUTERBOUND(#13344, .T.);
#13347 = IFCFACE((#13346));
#13348 = IFCPOLYLOOP((#13272, #13328, #13345));
#13349 = IFCFACEOUTERBOUND(#13348, .T.);
#13350 = IFCFACE((#13349));
#13351 = IFCPOLYLOOP((#13013, #13345, #12997));
#13352 = IFCFACEOUTERBOUND(#13351, .T.);
#13353 = IFCFACE((#13352));
#13354 = IFCPOLYLOOP((#13345, #13328, #13332));
#13355 = IFCFACEOUTERBOUND(#13354, .T.);
#13356 = IFCFACE((#13355));
#13357 = IFCPOLYLOOP((#13332, #13358, #13345));
#13358 = IFCCARTESIANPOINT((-8.88503360748291E-3, 2.34362609863281E-1, 7.41337097167969E-1));
#13359 = IFCFACEOUTERBOUND(#13357, .T.);
#13360 = IFCFACE((#13359));
#13361 = IFCPOLYLOOP((#12997, #13345, #13358));
#13362 = IFCFACEOUTERBOUND(#13361, .T.);
#13363 = IFCFACE((#13362));
#13364 = IFCPOLYLOOP((#13358, #13001, #12997));
#13365 = IFCFACEOUTERBOUND(#13364, .T.);
#13366 = IFCFACE((#13365));
#13367 = IFCPOLYLOOP((#13368, #13369, #13370));
#13368 = IFCCARTESIANPOINT((-1.34778076171875E-1, 2.04546997070313E-1, 7.04737182617188E-1));
#13369 = IFCCARTESIANPOINT((-1.19062370300293E-1, 2.10597839355469E-1, 7.09006286621094E-1));
#13370 = IFCCARTESIANPOINT((-1.17890769958496E-1, 2.02406036376953E-1, 6.79493103027344E-1));
#13371 = IFCFACEOUTERBOUND(#13367, .T.);
#13372 = IFCFACE((#13371));
#13373 = IFCPOLYLOOP((#13374, #13370, #13369));
#13374 = IFCCARTESIANPOINT((-1.01695945739746E-1, 2.06886505126953E-1, 6.82092346191406E-1));
#13375 = IFCFACEOUTERBOUND(#13373, .T.);
#13376 = IFCFACE((#13375));
#13377 = IFCPOLYLOOP((#13369, #13378, #13374));
#13378 = IFCCARTESIANPOINT((-1.02942054748535E-1, 2.15827850341797E-1, 7.12905090332031E-1));
#13379 = IFCFACEOUTERBOUND(#13377, .T.);
#13380 = IFCFACE((#13379));
#13381 = IFCPOLYLOOP((#13382, #13383, #13384));
#13382 = IFCCARTESIANPOINT((-1.16719169616699E-1, 1.94214233398438E-1, 6.4997998046875E-1));
#13383 = IFCCARTESIANPOINT((-1.3281315612793E-1, 1.89802032470703E-1, 6.48556945800781E-1));
#13384 = IFCCARTESIANPOINT((-1.33795608520508E-1, 1.97174499511719E-1, 6.76647033691406E-1));
#13385 = IFCFACEOUTERBOUND(#13381, .T.);
#13386 = IFCFACE((#13385));
#13387 = IFCPOLYLOOP((#13384, #13370, #13382));
#13388 = IFCFACEOUTERBOUND(#13387, .T.);
#13389 = IFCFACE((#13388));
#13390 = IFCPOLYLOOP((#13391, #13382, #13370));
#13391 = IFCCARTESIANPOINT((-1.00449836730957E-1, 1.97945190429688E-1, 6.51279541015625E-1));
#13392 = IFCFACEOUTERBOUND(#13390, .T.);
#13393 = IFCFACE((#13392));
#13394 = IFCPOLYLOOP((#13370, #13374, #13391));
#13395 = IFCFACEOUTERBOUND(#13394, .T.);
#13396 = IFCFACE((#13395));
#13397 = IFCPOLYLOOP((#13398, #13374, #13399));
#13398 = IFCCARTESIANPOINT((-9.22526016235352E-2, 1.99565734863281E-1, 6.51872497558594E-1));
#13399 = IFCCARTESIANPOINT((-8.52322845458984E-2, 2.10611297607422E-1, 6.84377075195313E-1));
#13400 = IFCFACEOUTERBOUND(#13397, .T.);
#13401 = IFCFACE((#13400));
#13402 = IFCPOLYLOOP((#13399, #13403, #13398));
#13403 = IFCCARTESIANPOINT((-8.40153503417969E-2, 2.01028625488281E-1, 6.52421936035156E-1));
#13404 = IFCFACEOUTERBOUND(#13402, .T.);
#13405 = IFCFACE((#13404));
#13406 = IFCPOLYLOOP((#13374, #13398, #13391));
#13407 = IFCFACEOUTERBOUND(#13406, .T.);
#13408 = IFCFACE((#13407));
#13409 = IFCPOLYLOOP((#13410, #13411, #13391));
#13410 = IFCCARTESIANPOINT((-9.16306991577148E-2, 1.949267578125E-1, 6.36169677734375E-1));
#13411 = IFCCARTESIANPOINT((-9.98267822265625E-2, 1.93474517822266E-1, 6.35873168945313E-1));
#13412 = IFCFACEOUTERBOUND(#13409, .T.);
#13413 = IFCFACE((#13412));
#13414 = IFCPOLYLOOP((#13391, #13398, #13410));
#13415 = IFCFACEOUTERBOUND(#13414, .T.);
#13416 = IFCFACE((#13415));
#13417 = IFCPOLYLOOP((#13418, #13410, #13398));
#13418 = IFCCARTESIANPOINT((-8.34068908691406E-2, 1.96237274169922E-1, 6.36444396972656E-1));
#13419 = IFCFACEOUTERBOUND(#13417, .T.);
#13420 = IFCFACE((#13419));
#13421 = IFCPOLYLOOP((#13398, #13403, #13418));
#13422 = IFCFACEOUTERBOUND(#13421, .T.);
#13423 = IFCFACE((#13422));
#13424 = IFCPOLYLOOP((#13425, #13418, #13403));
#13425 = IFCCARTESIANPOINT((-7.51559371948242E-2, 1.97412628173828E-1, 6.36695190429688E-1));
#13426 = IFCFACEOUTERBOUND(#13424, .T.);
#13427 = IFCFACE((#13426));
#13428 = IFCPOLYLOOP((#13403, #13429, #13425));
#13429 = IFCCARTESIANPOINT((-7.5739372253418E-2, 2.02338043212891E-1, 6.52923583984375E-1));
#13430 = IFCFACEOUTERBOUND(#13428, .T.);
#13431 = IFCFACE((#13430));
#13432 = IFCPOLYLOOP((#13232, #13425, #13429));
#13433 = IFCFACEOUTERBOUND(#13432, .T.);
#13434 = IFCFACE((#13433));
#13435 = IFCPOLYLOOP((#13429, #13227, #13232));
#13436 = IFCFACEOUTERBOUND(#13435, .T.);
#13437 = IFCFACE((#13436));
#13438 = IFCPOLYLOOP((#13429, #13399, #13183));
#13439 = IFCFACEOUTERBOUND(#13438, .T.);
#13440 = IFCFACE((#13439));
#13441 = IFCPOLYLOOP((#13183, #13227, #13429));
#13442 = IFCFACEOUTERBOUND(#13441, .T.);
#13443 = IFCFACE((#13442));
#13444 = IFCPOLYLOOP((#13399, #13429, #13403));
#13445 = IFCFACEOUTERBOUND(#13444, .T.);
#13446 = IFCFACE((#13445));
#13447 = IFCPOLYLOOP((#13399, #13374, #13378));
#13448 = IFCFACEOUTERBOUND(#13447, .T.);
#13449 = IFCFACE((#13448));
#13450 = IFCPOLYLOOP((#13378, #13451, #13399));
#13451 = IFCCARTESIANPOINT((-8.64492111206055E-2, 2.20194000244141E-1, 7.16332214355469E-1));
#13452 = IFCFACEOUTERBOUND(#13450, .T.);
#13453 = IFCFACE((#13452));
#13454 = IFCPOLYLOOP((#13183, #13399, #13451));
#13455 = IFCFACEOUTERBOUND(#13454, .T.);
#13456 = IFCFACE((#13455));
#13457 = IFCPOLYLOOP((#13451, #13184, #13183));
#13458 = IFCFACEOUTERBOUND(#13457, .T.);
#13459 = IFCFACE((#13458));
#13460 = IFCPOLYLOOP((#13461, #13462, #13463));
#13461 = IFCCARTESIANPOINT((-1.92115737915039E-1, 1.71573364257813E-1, 6.85308166503906E-1));
#13462 = IFCCARTESIANPOINT((-1.78823425292969E-1, 1.81299652099609E-1, 6.90436218261719E-1));
#13463 = IFCCARTESIANPOINT((-1.78877136230469E-1, 1.76247680664063E-1, 6.67113098144531E-1));
#13464 = IFCFACEOUTERBOUND(#13460, .T.);
#13465 = IFCFACE((#13464));
#13466 = IFCPOLYLOOP((#13462, #13467, #13468));
#13467 = IFCCARTESIANPOINT((-1.64762649536133E-1, 1.89977111816406E-1, 6.95408996582031E-1));
#13468 = IFCCARTESIANPOINT((-1.64448806762695E-1, 1.84248077392578E-1, 6.70428283691406E-1));
#13469 = IFCFACEOUTERBOUND(#13466, .T.);
#13470 = IFCFACE((#13469));
#13471 = IFCPOLYLOOP((#13472, #13473, #13474));
#13472 = IFCCARTESIANPOINT((-1.78930847167969E-1, 1.71195709228516E-1, 6.43789916992188E-1));
#13473 = IFCCARTESIANPOINT((-1.92837097167969E-1, 1.62426300048828E-1, 6.4208056640625E-1));
#13474 = IFCCARTESIANPOINT((-1.92476425170898E-1, 1.66999816894531E-1, 6.63694396972656E-1));
#13475 = IFCFACEOUTERBOUND(#13471, .T.);
#13476 = IFCFACE((#13475));
#13477 = IFCPOLYLOOP((#13474, #13463, #13472));
#13478 = IFCFACEOUTERBOUND(#13477, .T.);
#13479 = IFCFACE((#13478));
#13480 = IFCPOLYLOOP((#13481, #13472, #13463));
#13481 = IFCCARTESIANPOINT((-1.64134963989258E-1, 1.78519012451172E-1, 6.45447509765625E-1));
#13482 = IFCFACEOUTERBOUND(#13480, .T.);
#13483 = IFCFACE((#13482));
#13484 = IFCPOLYLOOP((#13463, #13468, #13481));
#13485 = IFCFACEOUTERBOUND(#13484, .T.);
#13486 = IFCFACE((#13485));
#13487 = IFCPOLYLOOP((#13488, #13481, #13468));
#13488 = IFCCARTESIANPOINT((-1.48684188842773E-1, 1.84639862060547E-1, 6.47040710449219E-1));
#13489 = IFCFACEOUTERBOUND(#13487, .T.);
#13490 = IFCFACE((#13489));
#13491 = IFCPOLYLOOP((#13468, #13492, #13488));
#13492 = IFCCARTESIANPOINT((-1.4936408996582E-1, 1.91167999267578E-1, 6.73614685058594E-1));
#13493 = IFCFACEOUTERBOUND(#13491, .T.);
#13494 = IFCFACE((#13493));
#13495 = IFCPOLYLOOP((#13383, #13488, #13492));
#13496 = IFCFACEOUTERBOUND(#13495, .T.);
#13497 = IFCFACE((#13496));
#13498 = IFCPOLYLOOP((#13492, #13384, #13383));
#13499 = IFCFACEOUTERBOUND(#13498, .T.);
#13500 = IFCFACE((#13499));
#13501 = IFCPOLYLOOP((#13467, #13502, #13492));
#13502 = IFCCARTESIANPOINT((-1.50044006347656E-1, 1.97696136474609E-1, 7.00188598632813E-1));
#13503 = IFCFACEOUTERBOUND(#13501, .T.);
#13504 = IFCFACE((#13503));
#13505 = IFCPOLYLOOP((#13502, #13368, #13384));
#13506 = IFCFACEOUTERBOUND(#13505, .T.);
#13507 = IFCFACE((#13506));
#13508 = IFCPOLYLOOP((#13509, #13510, #13511));
#13509 = IFCCARTESIANPOINT((-2.27439727783203E-1, 1.27092529296875E-1, 6.36867919921875E-1));
#13510 = IFCCARTESIANPOINT((-2.36219528198242E-1, 1.12963592529297E-1, 6.35214538574219E-1));
#13511 = IFCCARTESIANPOINT((-2.35724792480469E-1, 1.17459045410156E-1, 6.49962280273438E-1));
#13512 = IFCFACEOUTERBOUND(#13508, .T.);
#13513 = IFCFACE((#13512));
#13514 = IFCPOLYLOOP((#13511, #13515, #13509));
#13515 = IFCCARTESIANPOINT((-2.26824417114258E-1, 1.31478942871094E-1, 6.5326904296875E-1));
#13516 = IFCFACEOUTERBOUND(#13514, .T.);
#13517 = IFCFACE((#13516));
#13518 = IFCPOLYLOOP((#13519, #13509, #13515));
#13519 = IFCCARTESIANPOINT((-2.17210464477539E-1, 1.40192932128906E-1, 6.38586608886719E-1));
#13520 = IFCFACEOUTERBOUND(#13518, .T.);
#13521 = IFCFACE((#13520));
#13522 = IFCPOLYLOOP((#13515, #13523, #13519));
#13523 = IFCCARTESIANPOINT((-2.16571624755859E-1, 1.44501800537109E-1, 6.56706420898438E-1));
#13524 = IFCFACEOUTERBOUND(#13522, .T.);
#13525 = IFCFACE((#13524));
#13526 = IFCPOLYLOOP((#13527, #13519, #13523));
#13527 = IFCCARTESIANPOINT((-2.05640121459961E-1, 1.52044342041016E-1, 6.40335754394531E-1));
#13528 = IFCFACEOUTERBOUND(#13526, .T.);
#13529 = IFCFACE((#13528));
#13530 = IFCPOLYLOOP((#13523, #13531, #13527));
#13531 = IFCCARTESIANPOINT((-2.0508332824707E-1, 1.56388488769531E-1, 6.60204711914063E-1));
#13532 = IFCFACEOUTERBOUND(#13530, .T.);
#13533 = IFCFACE((#13532));
#13534 = IFCPOLYLOOP((#13473, #13527, #13531));
#13535 = IFCFACEOUTERBOUND(#13534, .T.);
#13536 = IFCFACE((#13535));
#13537 = IFCPOLYLOOP((#13531, #13474, #13473));
#13538 = IFCFACEOUTERBOUND(#13537, .T.);
#13539 = IFCFACE((#13538));
#13540 = IFCPOLYLOOP((#13541, #13542, #13531));
#13541 = IFCCARTESIANPOINT((-2.15932800292969E-1, 1.48810668945313E-1, 6.74826232910156E-1));
#13542 = IFCCARTESIANPOINT((-2.04526519775391E-1, 1.60732666015625E-1, 6.8007373046875E-1));
#13543 = IFCFACEOUTERBOUND(#13540, .T.);
#13544 = IFCFACE((#13543));
#13545 = IFCPOLYLOOP((#13542, #13461, #13474));
#13546 = IFCFACEOUTERBOUND(#13545, .T.);
#13547 = IFCFACE((#13546));
#13548 = IFCPOLYLOOP((#13549, #10880, #13550));
#13549 = IFCCARTESIANPOINT((2.63573333740234E-1, -1.86241104125977E-1, 6.23372009277344E-1));
#13550 = IFCCARTESIANPOINT((2.63186187744141E-1, -1.93962249755859E-1, 6.20466796875E-1));
#13551 = IFCFACEOUTERBOUND(#13548, .T.);
#13552 = IFCFACE((#13551));
#13553 = IFCPOLYLOOP((#12806, #13554, #13555));
#13554 = IFCCARTESIANPOINT((2.6318603515625E-1, -1.67834594726563E-1, 6.20466796875E-1));
#13555 = IFCCARTESIANPOINT((2.63186279296875E-1, -1.60730819702148E-1, 6.20466796875E-1));
#13556 = IFCFACEOUTERBOUND(#13553, .T.);
#13557 = IFCFACE((#13556));
#13558 = IFCPOLYLOOP((#12798, #13555, #13559));
#13559 = IFCCARTESIANPOINT((2.63186645507813E-1, -1.53627014160156E-1, 6.20466796875E-1));
#13560 = IFCFACEOUTERBOUND(#13558, .T.);
#13561 = IFCFACE((#13560));
#13562 = IFCPOLYLOOP((#13554, #12806, #13549));
#13563 = IFCFACEOUTERBOUND(#13562, .T.);
#13564 = IFCFACE((#13563));
#13565 = IFCPOLYLOOP((#12798, #13566, #13567));
#13566 = IFCCARTESIANPOINT((2.63187255859375E-1, -1.45319046020508E-1, 6.20466796875E-1));
#13567 = IFCCARTESIANPOINT((2.63187957763672E-1, -1.37011047363281E-1, 6.20466796875E-1));
#13568 = IFCFACEOUTERBOUND(#13565, .T.);
#13569 = IFCFACE((#13568));
#13570 = IFCPOLYLOOP((#13571, #12793, #12798));
#13571 = IFCCARTESIANPOINT((2.63188720703125E-1, -1.28703048706055E-1, 6.20466796875E-1));
#13572 = IFCFACEOUTERBOUND(#13570, .T.);
#13573 = IFCFACE((#13572));
#13574 = IFCPOLYLOOP((#12798, #13567, #13571));
#13575 = IFCFACEOUTERBOUND(#13574, .T.);
#13576 = IFCFACE((#13575));
#13577 = IFCPOLYLOOP((#13578, #13579, #10967));
#13578 = IFCCARTESIANPOINT((2.6318994140625E-1, -1.12087173461914E-1, 6.20466796875E-1));
#13579 = IFCCARTESIANPOINT((2.63190277099609E-1, -1.03779357910156E-1, 6.20466796875E-1));
#13580 = IFCFACEOUTERBOUND(#13577, .T.);
#13581 = IFCFACE((#13580));
#13582 = IFCPOLYLOOP((#10967, #10958, #13578));
#13583 = IFCFACEOUTERBOUND(#13582, .T.);
#13584 = IFCFACE((#13583));
#13585 = IFCPOLYLOOP((#13579, #13586, #10966));
#13586 = IFCCARTESIANPOINT((2.63190277099609E-1, -9.54716644287109E-2, 6.20466796875E-1));
#13587 = IFCFACEOUTERBOUND(#13585, .T.);
#13588 = IFCFACE((#13587));
#13589 = IFCPOLYLOOP((#10966, #10967, #13579));
#13590 = IFCFACEOUTERBOUND(#13589, .T.);
#13591 = IFCFACE((#13590));
#13592 = IFCPOLYLOOP((#12793, #13571, #13593));
#13593 = IFCCARTESIANPOINT((2.63189392089844E-1, -1.20395080566406E-1, 6.20466796875E-1));
#13594 = IFCFACEOUTERBOUND(#13592, .T.);
#13595 = IFCFACE((#13594));
#13596 = IFCPOLYLOOP((#13566, #12798, #13559));
#13597 = IFCFACEOUTERBOUND(#13596, .T.);
#13598 = IFCFACE((#13597));
#13599 = IFCPOLYLOOP((#13600, #13601, #10987));
#13600 = IFCCARTESIANPOINT((2.63189880371094E-1, -8.71640930175781E-2, 6.20466796875E-1));
#13601 = IFCCARTESIANPOINT((2.63187805175781E-1, -7.88567047119141E-2, 6.20466796875E-1));
#13602 = IFCFACEOUTERBOUND(#13599, .T.);
#13603 = IFCFACE((#13602));
#13604 = IFCPOLYLOOP((#10987, #10986, #13600));
#13605 = IFCFACEOUTERBOUND(#13604, .T.);
#13606 = IFCFACE((#13605));
#13607 = IFCPOLYLOOP((#13601, #13608, #10991));
#13608 = IFCCARTESIANPOINT((2.63177886962891E-1, -7.05494384765625E-2, 6.20466796875E-1));
#13609 = IFCFACEOUTERBOUND(#13607, .T.);
#13610 = IFCFACE((#13609));
#13611 = IFCPOLYLOOP((#10991, #10987, #13601));
#13612 = IFCFACEOUTERBOUND(#13611, .T.);
#13613 = IFCFACE((#13612));
#13614 = IFCPOLYLOOP((#13615, #13616, #10995));
#13615 = IFCCARTESIANPOINT((2.63152679443359E-1, -6.22422790527344E-2, 6.20466796875E-1));
#13616 = IFCCARTESIANPOINT((2.63104888916016E-1, -5.39351806640625E-2, 6.20466796875E-1));
#13617 = IFCFACEOUTERBOUND(#13614, .T.);
#13618 = IFCFACE((#13617));
#13619 = IFCPOLYLOOP((#10995, #10996, #13615));
#13620 = IFCFACEOUTERBOUND(#13619, .T.);
#13621 = IFCFACE((#13620));
#13622 = IFCPOLYLOOP((#13616, #13623, #11004));
#13623 = IFCCARTESIANPOINT((2.63027069091797E-1, -4.56281280517578E-2, 6.20466796875E-1));
#13624 = IFCFACEOUTERBOUND(#13622, .T.);
#13625 = IFCFACE((#13624));
#13626 = IFCPOLYLOOP((#11004, #10995, #13616));
#13627 = IFCFACEOUTERBOUND(#13626, .T.);
#13628 = IFCFACE((#13627));
#13629 = IFCPOLYLOOP((#13608, #13615, #10996));
#13630 = IFCFACEOUTERBOUND(#13629, .T.);
#13631 = IFCFACE((#13630));
#13632 = IFCPOLYLOOP((#10996, #10991, #13608));
#13633 = IFCFACEOUTERBOUND(#13632, .T.);
#13634 = IFCFACE((#13633));
#13635 = IFCPOLYLOOP((#13636, #13637, #11017));
#13636 = IFCCARTESIANPOINT((2.62911865234375E-1, -3.73210601806641E-2, 6.20466796875E-1));
#13637 = IFCCARTESIANPOINT((2.62751892089844E-1, -2.90139446258545E-2, 6.20466796875E-1));
#13638 = IFCFACEOUTERBOUND(#13635, .T.);
#13639 = IFCFACE((#13638));
#13640 = IFCPOLYLOOP((#11017, #11000, #13636));
#13641 = IFCFACEOUTERBOUND(#13640, .T.);
#13642 = IFCFACE((#13641));
#13643 = IFCPOLYLOOP((#13637, #13644, #11018));
#13644 = IFCCARTESIANPOINT((2.62539764404297E-1, -2.07067546844482E-2, 6.20466796875E-1));
#13645 = IFCFACEOUTERBOUND(#13643, .T.);
#13646 = IFCFACE((#13645));
#13647 = IFCPOLYLOOP((#11018, #11017, #13637));
#13648 = IFCFACEOUTERBOUND(#13647, .T.);
#13649 = IFCFACE((#13648));
#13650 = IFCPOLYLOOP((#13651, #13652, #11022));
#13651 = IFCCARTESIANPOINT((2.62265869140625E-1, -1.24000225067139E-2, 6.20466796875E-1));
#13652 = IFCCARTESIANPOINT((2.61911773681641E-1, -4.09657096862793E-3, 6.20466796875E-1));
#13653 = IFCFACEOUTERBOUND(#13650, .T.);
#13654 = IFCFACE((#13653));
#13655 = IFCPOLYLOOP((#11022, #11023, #13651));
#13656 = IFCFACEOUTERBOUND(#13655, .T.);
#13657 = IFCFACE((#13656));
#13658 = IFCPOLYLOOP((#13652, #13659, #11037));
#13659 = IFCCARTESIANPOINT((2.61456695556641E-1, 4.20024299621582E-3, 6.20466796875E-1));
#13660 = IFCFACEOUTERBOUND(#13658, .T.);
#13661 = IFCFACE((#13660));
#13662 = IFCPOLYLOOP((#11037, #11022, #13652));
#13663 = IFCFACEOUTERBOUND(#13662, .T.);
#13664 = IFCFACE((#13663));
#13665 = IFCPOLYLOOP((#13644, #13651, #11023));
#13666 = IFCFACEOUTERBOUND(#13665, .T.);
#13667 = IFCFACE((#13666));
#13668 = IFCPOLYLOOP((#11023, #11018, #13644));
#13669 = IFCFACEOUTERBOUND(#13668, .T.);
#13670 = IFCFACE((#13669));
#13671 = IFCPOLYLOOP((#13623, #13636, #11000));
#13672 = IFCFACEOUTERBOUND(#13671, .T.);
#13673 = IFCFACE((#13672));
#13674 = IFCPOLYLOOP((#11000, #11004, #13623));
#13675 = IFCFACEOUTERBOUND(#13674, .T.);
#13676 = IFCFACE((#13675));
#13677 = IFCPOLYLOOP((#13586, #13600, #10986));
#13678 = IFCFACEOUTERBOUND(#13677, .T.);
#13679 = IFCFACE((#13678));
#13680 = IFCPOLYLOOP((#10986, #10966, #13586));
#13681 = IFCFACEOUTERBOUND(#13680, .T.);
#13682 = IFCFACE((#13681));
#13683 = IFCPOLYLOOP((#13684, #13685, #11042));
#13684 = IFCCARTESIANPOINT((2.60160980224609E-1, 2.0760347366333E-2, 6.20466796875E-1));
#13685 = IFCCARTESIANPOINT((2.59278900146484E-1, 2.90169086456299E-2, 6.20466796875E-1));
#13686 = IFCFACEOUTERBOUND(#13683, .T.);
#13687 = IFCFACE((#13686));
#13688 = IFCPOLYLOOP((#11042, #11041, #13684));
#13689 = IFCFACEOUTERBOUND(#13688, .T.);
#13690 = IFCFACE((#13689));
#13691 = IFCPOLYLOOP((#13685, #13692, #11062));
#13692 = IFCCARTESIANPOINT((2.58213073730469E-1, 3.72532958984375E-2, 6.20466796875E-1));
#13693 = IFCFACEOUTERBOUND(#13691, .T.);
#13694 = IFCFACE((#13693));
#13695 = IFCPOLYLOOP((#11062, #11042, #13685));
#13696 = IFCFACEOUTERBOUND(#13695, .T.);
#13697 = IFCFACE((#13696));
#13698 = IFCPOLYLOOP((#13699, #13700, #11066));
#13699 = IFCCARTESIANPOINT((2.56942810058594E-1, 4.54660949707031E-2, 6.20466796875E-1));
#13700 = IFCCARTESIANPOINT((2.55446960449219E-1, 5.36491394042969E-2, 6.20466796875E-1));
#13701 = IFCFACEOUTERBOUND(#13698, .T.);
#13702 = IFCFACE((#13701));
#13703 = IFCPOLYLOOP((#11066, #11061, #13699));
#13704 = IFCFACEOUTERBOUND(#13703, .T.);
#13705 = IFCFACE((#13704));
#13706 = IFCPOLYLOOP((#13700, #13707, #11074));
#13707 = IFCCARTESIANPOINT((2.53702667236328E-1, 6.17848815917969E-2, 6.20466796875E-1));
#13708 = IFCFACEOUTERBOUND(#13706, .T.);
#13709 = IFCFACE((#13708));
#13710 = IFCPOLYLOOP((#11074, #11066, #13700));
#13711 = IFCFACEOUTERBOUND(#13710, .T.);
#13712 = IFCFACE((#13711));
#13713 = IFCPOLYLOOP((#13692, #13699, #11061));
#13714 = IFCFACEOUTERBOUND(#13713, .T.);
#13715 = IFCFACE((#13714));
#13716 = IFCPOLYLOOP((#11061, #11062, #13692));
#13717 = IFCFACEOUTERBOUND(#13716, .T.);
#13718 = IFCFACE((#13717));
#13719 = IFCPOLYLOOP((#13720, #13721, #11082));
#13720 = IFCCARTESIANPOINT((2.51686599731445E-1, 6.98530578613281E-2, 6.20466796875E-1));
#13721 = IFCCARTESIANPOINT((2.4937548828125E-1, 7.7833251953125E-2, 6.20466796875E-1));
#13722 = IFCFACEOUTERBOUND(#13719, .T.);
#13723 = IFCFACE((#13722));
#13724 = IFCPOLYLOOP((#11082, #11070, #13720));
#13725 = IFCFACEOUTERBOUND(#13724, .T.);
#13726 = IFCFACE((#13725));
#13727 = IFCPOLYLOOP((#13721, #11078, #11082));
#13728 = IFCFACEOUTERBOUND(#13727, .T.);
#13729 = IFCFACE((#13728));
#13730 = IFCPOLYLOOP((#12845, #13731, #12846));
#13731 = IFCCARTESIANPOINT((2.46746002197266E-1, 8.57052001953125E-2, 6.20466796875E-1));
#13732 = IFCFACEOUTERBOUND(#13730, .T.);
#13733 = IFCFACE((#13732));
#13734 = IFCPOLYLOOP((#12846, #13731, #13735));
#13735 = IFCCARTESIANPOINT((2.43774841308594E-1, 9.34485473632813E-2, 6.20466796875E-1));
#13736 = IFCFACEOUTERBOUND(#13734, .T.);
#13737 = IFCFACE((#13736));
#13738 = IFCPOLYLOOP((#12845, #13721, #13731));
#13739 = IFCFACEOUTERBOUND(#13738, .T.);
#13740 = IFCFACE((#13739));
#13741 = IFCPOLYLOOP((#13707, #13720, #11070));
#13742 = IFCFACEOUTERBOUND(#13741, .T.);
#13743 = IFCFACE((#13742));
#13744 = IFCPOLYLOOP((#11070, #11074, #13707));
#13745 = IFCFACEOUTERBOUND(#13744, .T.);
#13746 = IFCFACE((#13745));
#13747 = IFCPOLYLOOP((#12846, #13748, #13749));
#13748 = IFCCARTESIANPOINT((2.40438705444336E-1, 1.0104296875E-1, 6.20466796875E-1));
#13749 = IFCCARTESIANPOINT((2.36714263916016E-1, 1.08468109130859E-1, 6.20466796875E-1));
#13750 = IFCFACEOUTERBOUND(#13747, .T.);
#13751 = IFCFACE((#13750));
#13752 = IFCPOLYLOOP((#12846, #13749, #13753));
#13753 = IFCCARTESIANPOINT((2.32584213256836E-1, 1.15700775146484E-1, 6.20466796875E-1));
#13754 = IFCFACEOUTERBOUND(#13752, .T.);
#13755 = IFCFACE((#13754));
#13756 = IFCPOLYLOOP((#12838, #13757, #13758));
#13757 = IFCCARTESIANPOINT((2.28055038452148E-1, 1.22706115722656E-1, 6.20466796875E-1));
#13758 = IFCCARTESIANPOINT((2.23139251708984E-1, 1.29446472167969E-1, 6.20466796875E-1));
#13759 = IFCFACEOUTERBOUND(#13756, .T.);
#13760 = IFCFACE((#13759));
#13761 = IFCPOLYLOOP((#12830, #12838, #13758));
#13762 = IFCFACEOUTERBOUND(#13761, .T.);
#13763 = IFCFACE((#13762));
#13764 = IFCPOLYLOOP((#13758, #13765, #12830));
#13765 = IFCCARTESIANPOINT((2.17849319458008E-1, 1.35884063720703E-1, 6.20466796875E-1));
#13766 = IFCFACEOUTERBOUND(#13764, .T.);
#13767 = IFCFACE((#13766));
#13768 = IFCPOLYLOOP((#12838, #12846, #13753));
#13769 = IFCFACEOUTERBOUND(#13768, .T.);
#13770 = IFCFACE((#13769));
#13771 = IFCPOLYLOOP((#13753, #13757, #12838));
#13772 = IFCFACEOUTERBOUND(#13771, .T.);
#13773 = IFCFACE((#13772));
#13774 = IFCPOLYLOOP((#12821, #12830, #13775));
#13775 = IFCCARTESIANPOINT((2.12197723388672E-1, 1.41981201171875E-1, 6.20466796875E-1));
#13776 = IFCFACEOUTERBOUND(#13774, .T.);
#13777 = IFCFACE((#13776));
#13778 = IFCPOLYLOOP((#13775, #13779, #12821));
#13779 = IFCCARTESIANPOINT((2.0619694519043E-1, 1.47700164794922E-1, 6.20466796875E-1));
#13780 = IFCFACEOUTERBOUND(#13778, .T.);
#13781 = IFCFACE((#13780));
#13782 = IFCPOLYLOOP((#12821, #13779, #13783));
#13783 = IFCCARTESIANPOINT((1.99859481811523E-1, 1.53003265380859E-1, 6.20466796875E-1));
#13784 = IFCFACEOUTERBOUND(#13782, .T.);
#13785 = IFCFACE((#13784));
#13786 = IFCPOLYLOOP((#12822, #13787, #13788));
#13787 = IFCCARTESIANPOINT((1.93197799682617E-1, 1.57852752685547E-1, 6.20466796875E-1));
#13788 = IFCCARTESIANPOINT((1.86228500366211E-1, 1.62223876953125E-1, 6.20466796875E-1));
#13789 = IFCFACEOUTERBOUND(#13786, .T.);
#13790 = IFCFACE((#13789));
#13791 = IFCPOLYLOOP((#12881, #12822, #13788));
#13792 = IFCFACEOUTERBOUND(#13791, .T.);
#13793 = IFCFACE((#13792));
#13794 = IFCPOLYLOOP((#13788, #13795, #12881));
#13795 = IFCCARTESIANPOINT((1.78984558105469E-1, 1.66143768310547E-1, 6.20466796875E-1));
#13796 = IFCFACEOUTERBOUND(#13794, .T.);
#13797 = IFCFACE((#13796));
#13798 = IFCPOLYLOOP((#12822, #12821, #13783));
#13799 = IFCFACEOUTERBOUND(#13798, .T.);
#13800 = IFCFACE((#13799));
#13801 = IFCPOLYLOOP((#13783, #13787, #12822));
#13802 = IFCFACEOUTERBOUND(#13801, .T.);
#13803 = IFCFACE((#13802));
#13804 = IFCPOLYLOOP((#13775, #12830, #13765));
#13805 = IFCFACEOUTERBOUND(#13804, .T.);
#13806 = IFCFACE((#13805));
#13807 = IFCPOLYLOOP((#13748, #12846, #13735));
#13808 = IFCFACEOUTERBOUND(#13807, .T.);
#13809 = IFCFACE((#13808));
#13810 = IFCPOLYLOOP((#13811, #13684, #11041));
#13811 = IFCCARTESIANPOINT((2.60880004882813E-1, 1.24870014190674E-2, 6.20466796875E-1));
#13812 = IFCFACEOUTERBOUND(#13810, .T.);
#13813 = IFCFACE((#13812));
#13814 = IFCPOLYLOOP((#11041, #11033, #13811));
#13815 = IFCFACEOUTERBOUND(#13814, .T.);
#13816 = IFCFACE((#13815));
#13817 = IFCPOLYLOOP((#12873, #12881, #13818));
#13818 = IFCCARTESIANPOINT((1.71503082275391E-1, 1.69652435302734E-1, 6.20466796875E-1));
#13819 = IFCFACEOUTERBOUND(#13817, .T.);
#13820 = IFCFACE((#13819));
#13821 = IFCPOLYLOOP((#13818, #13822, #12873));
#13822 = IFCCARTESIANPOINT((1.63821151733398E-1, 1.72789947509766E-1, 6.20466796875E-1));
#13823 = IFCFACEOUTERBOUND(#13821, .T.);
#13824 = IFCFACE((#13823));
#13825 = IFCPOLYLOOP((#12798, #12794, #12806));
#13826 = IFCFACEOUTERBOUND(#13825, .T.);
#13827 = IFCFACE((#13826));
#13828 = IFCPOLYLOOP((#12806, #13555, #12798));
#13829 = IFCFACEOUTERBOUND(#13828, .T.);
#13830 = IFCFACE((#13829));
#13831 = IFCPOLYLOOP((#12873, #13822, #13832));
#13832 = IFCCARTESIANPOINT((1.55975845336914E-1, 1.75596374511719E-1, 6.20466796875E-1));
#13833 = IFCFACEOUTERBOUND(#13831, .T.);
#13834 = IFCFACE((#13833));
#13835 = IFCPOLYLOOP((#12864, #12873, #13832));
#13836 = IFCFACEOUTERBOUND(#13835, .T.);
#13837 = IFCFACE((#13836));
#13838 = IFCPOLYLOOP((#13832, #13839, #12864));
#13839 = IFCCARTESIANPOINT((1.48004287719727E-1, 1.78111724853516E-1, 6.20466796875E-1));
#13840 = IFCFACEOUTERBOUND(#13838, .T.);
#13841 = IFCFACE((#13840));
#13842 = IFCPOLYLOOP((#13839, #13843, #12864));
#13843 = IFCCARTESIANPOINT((1.39943542480469E-1, 1.80376098632813E-1, 6.20466796875E-1));
#13844 = IFCFACEOUTERBOUND(#13842, .T.);
#13845 = IFCFACE((#13844));
#13846 = IFCPOLYLOOP((#13847, #13848, #12865));
#13847 = IFCCARTESIANPOINT((1.31830718994141E-1, 1.82429534912109E-1, 6.20466796875E-1));
#13848 = IFCCARTESIANPOINT((1.2369669342041E-1, 1.84306915283203E-1, 6.20466796875E-1));
#13849 = IFCFACEOUTERBOUND(#13846, .T.);
#13850 = IFCFACE((#13849));
#13851 = IFCPOLYLOOP((#12972, #12865, #13848));
#13852 = IFCFACEOUTERBOUND(#13851, .T.);
#13853 = IFCFACE((#13852));
#13854 = IFCPOLYLOOP((#13848, #13855, #12972));
#13855 = IFCCARTESIANPOINT((1.15547584533691E-1, 1.86022430419922E-1, 6.20466796875E-1));
#13856 = IFCFACEOUTERBOUND(#13854, .T.);
#13857 = IFCFACE((#13856));
#13858 = IFCPOLYLOOP((#12865, #12864, #13843));
#13859 = IFCFACEOUTERBOUND(#13858, .T.);
#13860 = IFCFACE((#13859));
#13861 = IFCPOLYLOOP((#13843, #13847, #12865));
#13862 = IFCFACEOUTERBOUND(#13861, .T.);
#13863 = IFCFACE((#13862));
#13864 = IFCPOLYLOOP((#13659, #13811, #11033));
#13865 = IFCFACEOUTERBOUND(#13864, .T.);
#13866 = IFCFACE((#13865));
#13867 = IFCPOLYLOOP((#11033, #11037, #13659));
#13868 = IFCFACEOUTERBOUND(#13867, .T.);
#13869 = IFCFACE((#13868));
#13870 = IFCPOLYLOOP((#12794, #10926, #10922));
#13871 = IFCFACEOUTERBOUND(#13870, .T.);
#13872 = IFCFACE((#13871));
#13873 = IFCPOLYLOOP((#13795, #13818, #12881));
#13874 = IFCFACEOUTERBOUND(#13873, .T.);
#13875 = IFCFACE((#13874));
#13876 = IFCPOLYLOOP((#12802, #10880, #13549));
#13877 = IFCFACEOUTERBOUND(#13876, .T.);
#13878 = IFCFACE((#13877));
#13879 = IFCPOLYLOOP((#13880, #12955, #12972));
#13880 = IFCCARTESIANPOINT((1.07383293151855E-1, 1.87585052490234E-1, 6.20466796875E-1));
#13881 = IFCFACEOUTERBOUND(#13879, .T.);
#13882 = IFCFACE((#13881));
#13883 = IFCPOLYLOOP((#12972, #13855, #13880));
#13884 = IFCFACEOUTERBOUND(#13883, .T.);
#13885 = IFCFACE((#13884));
#13886 = IFCPOLYLOOP((#12955, #13880, #13887));
#13887 = IFCCARTESIANPOINT((9.92037353515625E-2, 1.89003845214844E-1, 6.20466796875E-1));
#13888 = IFCFACEOUTERBOUND(#13886, .T.);
#13889 = IFCFACE((#13888));
#13890 = IFCPOLYLOOP((#12955, #13887, #13891));
#13891 = IFCCARTESIANPOINT((9.10088119506836E-2, 1.90287780761719E-1, 6.20466796875E-1));
#13892 = IFCFACEOUTERBOUND(#13890, .T.);
#13893 = IFCFACE((#13892));
#13894 = IFCPOLYLOOP((#13891, #12947, #12955));
#13895 = IFCFACEOUTERBOUND(#13894, .T.);
#13896 = IFCFACE((#13895));
#13897 = IFCPOLYLOOP((#12939, #13898, #13899));
#13898 = IFCCARTESIANPOINT((8.27984390258789E-2, 1.91445922851563E-1, 6.20466796875E-1));
#13899 = IFCCARTESIANPOINT((7.4572509765625E-2, 1.92487213134766E-1, 6.20466796875E-1));
#13900 = IFCFACEOUTERBOUND(#13897, .T.);
#13901 = IFCFACE((#13900));
#13902 = IFCPOLYLOOP((#13899, #12931, #12939));
#13903 = IFCFACEOUTERBOUND(#13902, .T.);
#13904 = IFCFACE((#13903));
#13905 = IFCPOLYLOOP((#12931, #13899, #13906));
#13906 = IFCCARTESIANPOINT((6.63309478759766E-2, 1.93420715332031E-1, 6.20466796875E-1));
#13907 = IFCFACEOUTERBOUND(#13905, .T.);
#13908 = IFCFACE((#13907));
#13909 = IFCPOLYLOOP((#13906, #12932, #12931));
#13910 = IFCFACEOUTERBOUND(#13909, .T.);
#13911 = IFCFACE((#13910));
#13912 = IFCPOLYLOOP((#12947, #13891, #13898));
#13913 = IFCFACEOUTERBOUND(#13912, .T.);
#13914 = IFCFACE((#13913));
#13915 = IFCPOLYLOOP((#13898, #12939, #12947));
#13916 = IFCFACEOUTERBOUND(#13915, .T.);
#13917 = IFCFACE((#13916));
#13918 = IFCPOLYLOOP((#13129, #13919, #13920));
#13919 = IFCCARTESIANPOINT((5.80739898681641E-2, 1.94253479003906E-1, 6.20466796875E-1));
#13920 = IFCCARTESIANPOINT((4.98032722473145E-2, 1.94984527587891E-1, 6.20466796875E-1));
#13921 = IFCFACEOUTERBOUND(#13918, .T.);
#13922 = IFCFACE((#13921));
#13923 = IFCPOLYLOOP((#13920, #13121, #13129));
#13924 = IFCFACEOUTERBOUND(#13923, .T.);
#13925 = IFCFACE((#13924));
#13926 = IFCPOLYLOOP((#13121, #13920, #13927));
#13927 = IFCCARTESIANPOINT((4.15207557678223E-2, 1.95611022949219E-1, 6.20466796875E-1));
#13928 = IFCFACEOUTERBOUND(#13926, .T.);
#13929 = IFCFACE((#13928));
#13930 = IFCPOLYLOOP((#13927, #13114, #13121));
#13931 = IFCFACEOUTERBOUND(#13930, .T.);
#13932 = IFCFACE((#13931));
#13933 = IFCPOLYLOOP((#13086, #13934, #13935));
#13934 = IFCCARTESIANPOINT((3.32284049987793E-2, 1.96130096435547E-1, 6.20466796875E-1));
#13935 = IFCCARTESIANPOINT((2.4928186416626E-2, 1.96538818359375E-1, 6.20466796875E-1));
#13936 = IFCFACEOUTERBOUND(#13933, .T.);
#13937 = IFCFACE((#13936));
#13938 = IFCPOLYLOOP((#13935, #13078, #13086));
#13939 = IFCFACEOUTERBOUND(#13938, .T.);
#13940 = IFCFACE((#13939));
#13941 = IFCPOLYLOOP((#13078, #13935, #13942));
#13942 = IFCCARTESIANPOINT((1.66220722198486E-2, 1.96834350585938E-1, 6.20466796875E-1));
#13943 = IFCFACEOUTERBOUND(#13941, .T.);
#13944 = IFCFACE((#13943));
#13945 = IFCPOLYLOOP((#13942, #13070, #13078));
#13946 = IFCFACEOUTERBOUND(#13945, .T.);
#13947 = IFCFACE((#13946));
#13948 = IFCPOLYLOOP((#13114, #13927, #13934));
#13949 = IFCFACEOUTERBOUND(#13948, .T.);
#13950 = IFCFACE((#13949));
#13951 = IFCPOLYLOOP((#13934, #13086, #13114));
#13952 = IFCFACEOUTERBOUND(#13951, .T.);
#13953 = IFCFACE((#13952));
#13954 = IFCPOLYLOOP((#12932, #13906, #13919));
#13955 = IFCFACEOUTERBOUND(#13954, .T.);
#13956 = IFCFACE((#13955));
#13957 = IFCPOLYLOOP((#13919, #13129, #12932));
#13958 = IFCFACEOUTERBOUND(#13957, .T.);
#13959 = IFCFACE((#13958));
#13960 = IFCPOLYLOOP((#12955, #12954, #12972));
#13961 = IFCFACEOUTERBOUND(#13960, .T.);
#13962 = IFCFACE((#13961));
#13963 = IFCPOLYLOOP((#13964, #13062, #13070));
#13964 = IFCCARTESIANPOINT((8.3120231628418E-3, 1.97013793945313E-1, 6.20466796875E-1));
#13965 = IFCFACEOUTERBOUND(#13963, .T.);
#13966 = IFCFACE((#13965));
#13967 = IFCPOLYLOOP((#13070, #13942, #13964));
#13968 = IFCFACEOUTERBOUND(#13967, .T.);
#13969 = IFCFACE((#13968));
#13970 = IFCPOLYLOOP((#12802, #10858, #10880));
#13971 = IFCFACEOUTERBOUND(#13970, .T.);
#13972 = IFCFACE((#13971));
#13973 = IFCPOLYLOOP((#13062, #13964, #13974));
#13974 = IFCCARTESIANPOINT((7.76576871430734E-9, 1.97074249267578E-1, 6.20466796875E-1));
#13975 = IFCFACEOUTERBOUND(#13973, .T.);
#13976 = IFCFACE((#13975));
#13977 = IFCPOLYLOOP((#13974, #13063, #13062));
#13978 = IFCFACEOUTERBOUND(#13977, .T.);
#13979 = IFCFACE((#13978));
#13980 = IFCPOLYLOOP((#13290, #13297, #13981));
#13981 = IFCCARTESIANPOINT((-8.31200695037842E-3, 1.97013793945313E-1, 6.20466796875E-1));
#13982 = IFCFACEOUTERBOUND(#13980, .T.);
#13983 = IFCFACE((#13982));
#13984 = IFCPOLYLOOP((#13981, #13985, #13290));
#13985 = IFCCARTESIANPOINT((-1.66220550537109E-2, 1.96834350585938E-1, 6.20466796875E-1));
#13986 = IFCFACEOUTERBOUND(#13984, .T.);
#13987 = IFCFACE((#13986));
#13988 = IFCPOLYLOOP((#13283, #13290, #13985));
#13989 = IFCFACEOUTERBOUND(#13988, .T.);
#13990 = IFCFACE((#13989));
#13991 = IFCPOLYLOOP((#13985, #13992, #13283));
#13992 = IFCCARTESIANPOINT((-2.49281711578369E-2, 1.96538818359375E-1, 6.20466796875E-1));
#13993 = IFCFACEOUTERBOUND(#13991, .T.);
#13994 = IFCFACE((#13993));
#13995 = IFCPOLYLOOP((#13297, #13063, #13974));
#13996 = IFCFACEOUTERBOUND(#13995, .T.);
#13997 = IFCFACE((#13996));
#13998 = IFCPOLYLOOP((#13974, #13981, #13297));
#13999 = IFCFACEOUTERBOUND(#13998, .T.);
#14000 = IFCFACE((#13999));
#14001 = IFCPOLYLOOP((#13246, #13254, #14002));
#14002 = IFCCARTESIANPOINT((-3.3228385925293E-2, 1.96130096435547E-1, 6.20466796875E-1));
#14003 = IFCFACEOUTERBOUND(#14001, .T.);
#14004 = IFCFACE((#14003));
#14005 = IFCPOLYLOOP((#14002, #14006, #13246));
#14006 = IFCCARTESIANPOINT((-4.15207366943359E-2, 1.95611022949219E-1, 6.20466796875E-1));
#14007 = IFCFACEOUTERBOUND(#14005, .T.);
#14008 = IFCFACE((#14007));
#14009 = IFCPOLYLOOP((#13239, #13246, #14006));
#14010 = IFCFACEOUTERBOUND(#14009, .T.);
#14011 = IFCFACE((#14010));
#14012 = IFCPOLYLOOP((#14006, #14013, #13239));
#14013 = IFCCARTESIANPOINT((-4.98032569885254E-2, 1.94984527587891E-1, 6.20466796875E-1));
#14014 = IFCFACEOUTERBOUND(#14012, .T.);
#14015 = IFCFACE((#14014));
#14016 = IFCPOLYLOOP((#13232, #13231, #14017));
#14017 = IFCCARTESIANPOINT((-5.8073974609375E-2, 1.94253479003906E-1, 6.20466796875E-1));
#14018 = IFCFACEOUTERBOUND(#14016, .T.);
#14019 = IFCFACE((#14018));
#14020 = IFCPOLYLOOP((#14017, #14021, #13232));
#14021 = IFCCARTESIANPOINT((-6.63309326171875E-2, 1.93420715332031E-1, 6.20466796875E-1));
#14022 = IFCFACEOUTERBOUND(#14020, .T.);
#14023 = IFCFACE((#14022));
#14024 = IFCPOLYLOOP((#13425, #13232, #14021));
#14025 = IFCFACEOUTERBOUND(#14024, .T.);
#14026 = IFCFACE((#14025));
#14027 = IFCPOLYLOOP((#14021, #14028, #13425));
#14028 = IFCCARTESIANPOINT((-7.45724945068359E-2, 1.92487213134766E-1, 6.20466796875E-1));
#14029 = IFCFACEOUTERBOUND(#14027, .T.);
#14030 = IFCFACE((#14029));
#14031 = IFCPOLYLOOP((#13231, #13239, #14013));
#14032 = IFCFACEOUTERBOUND(#14031, .T.);
#14033 = IFCFACE((#14032));
#14034 = IFCPOLYLOOP((#14013, #14017, #13231));
#14035 = IFCFACEOUTERBOUND(#14034, .T.);
#14036 = IFCFACE((#14035));
#14037 = IFCPOLYLOOP((#13254, #13283, #13992));
#14038 = IFCFACEOUTERBOUND(#14037, .T.);
#14039 = IFCFACE((#14038));
#14040 = IFCPOLYLOOP((#13992, #14002, #13254));
#14041 = IFCFACEOUTERBOUND(#14040, .T.);
#14042 = IFCFACE((#14041));
#14043 = IFCPOLYLOOP((#13410, #13418, #14044));
#14044 = IFCCARTESIANPOINT((-8.27984237670898E-2, 1.91445922851563E-1, 6.20466796875E-1));
#14045 = IFCFACEOUTERBOUND(#14043, .T.);
#14046 = IFCFACE((#14045));
#14047 = IFCPOLYLOOP((#14044, #14048, #13410));
#14048 = IFCCARTESIANPOINT((-9.10088043212891E-2, 1.90287780761719E-1, 6.20466796875E-1));
#14049 = IFCFACEOUTERBOUND(#14047, .T.);
#14050 = IFCFACE((#14049));
#14051 = IFCPOLYLOOP((#13411, #13410, #14048));
#14052 = IFCFACEOUTERBOUND(#14051, .T.);
#14053 = IFCFACE((#14052));
#14054 = IFCPOLYLOOP((#14048, #14055, #13411));
#14055 = IFCCARTESIANPOINT((-9.9203727722168E-2, 1.89003845214844E-1, 6.20466796875E-1));
#14056 = IFCFACEOUTERBOUND(#14054, .T.);
#14057 = IFCFACE((#14056));
#14058 = IFCPOLYLOOP((#13382, #13411, #14059));
#14059 = IFCCARTESIANPOINT((-1.07383285522461E-1, 1.87585052490234E-1, 6.20466796875E-1));
#14060 = IFCFACEOUTERBOUND(#14058, .T.);
#14061 = IFCFACE((#14060));
#14062 = IFCPOLYLOOP((#14059, #14063, #13382));
#14063 = IFCCARTESIANPOINT((-1.15547576904297E-1, 1.86022399902344E-1, 6.20466796875E-1));
#14064 = IFCFACEOUTERBOUND(#14062, .T.);
#14065 = IFCFACE((#14064));
#14066 = IFCPOLYLOOP((#14067, #13383, #13382));
#14067 = IFCCARTESIANPOINT((-1.23696685791016E-1, 1.84306915283203E-1, 6.20466796875E-1));
#14068 = IFCFACEOUTERBOUND(#14066, .T.);
#14069 = IFCFACE((#14068));
#14070 = IFCPOLYLOOP((#13382, #14063, #14067));
#14071 = IFCFACEOUTERBOUND(#14070, .T.);
#14072 = IFCFACE((#14071));
#14073 = IFCPOLYLOOP((#14059, #13411, #14055));
#14074 = IFCFACEOUTERBOUND(#14073, .T.);
#14075 = IFCFACE((#14074));
#14076 = IFCPOLYLOOP((#14077, #13488, #13383));
#14077 = IFCCARTESIANPOINT((-1.3994352722168E-1, 1.80376098632813E-1, 6.20466796875E-1));
#14078 = IFCFACEOUTERBOUND(#14076, .T.);
#14079 = IFCFACE((#14078));
#14080 = IFCPOLYLOOP((#13383, #14081, #14077));
#14081 = IFCCARTESIANPOINT((-1.31830703735352E-1, 1.82429534912109E-1, 6.20466796875E-1));
#14082 = IFCFACEOUTERBOUND(#14080, .T.);
#14083 = IFCFACE((#14082));
#14084 = IFCPOLYLOOP((#13488, #14077, #14085));
#14085 = IFCCARTESIANPOINT((-1.48004272460938E-1, 1.78111724853516E-1, 6.20466796875E-1));
#14086 = IFCFACEOUTERBOUND(#14084, .T.);
#14087 = IFCFACE((#14086));
#14088 = IFCPOLYLOOP((#13481, #14089, #14090));
#14089 = IFCCARTESIANPOINT((-1.55975830078125E-1, 1.75596374511719E-1, 6.20466796875E-1));
#14090 = IFCCARTESIANPOINT((-1.63821136474609E-1, 1.72789947509766E-1, 6.20466796875E-1));
#14091 = IFCFACEOUTERBOUND(#14088, .T.);
#14092 = IFCFACE((#14091));
#14093 = IFCPOLYLOOP((#14094, #13472, #13481));
#14094 = IFCCARTESIANPOINT((-1.71503067016602E-1, 1.69652435302734E-1, 6.20466796875E-1));
#14095 = IFCFACEOUTERBOUND(#14093, .T.);
#14096 = IFCFACE((#14095));
#14097 = IFCPOLYLOOP((#13481, #14090, #14094));
#14098 = IFCFACEOUTERBOUND(#14097, .T.);
#14099 = IFCFACE((#14098));
#14100 = IFCPOLYLOOP((#14089, #13481, #13488));
#14101 = IFCFACEOUTERBOUND(#14100, .T.);
#14102 = IFCFACE((#14101));
#14103 = IFCPOLYLOOP((#13488, #14085, #14089));
#14104 = IFCFACEOUTERBOUND(#14103, .T.);
#14105 = IFCFACE((#14104));
#14106 = IFCPOLYLOOP((#14081, #13383, #14067));
#14107 = IFCFACEOUTERBOUND(#14106, .T.);
#14108 = IFCFACE((#14107));
#14109 = IFCPOLYLOOP((#13418, #13425, #14028));
#14110 = IFCFACEOUTERBOUND(#14109, .T.);
#14111 = IFCFACE((#14110));
#14112 = IFCPOLYLOOP((#14028, #14044, #13418));
#14113 = IFCFACEOUTERBOUND(#14112, .T.);
#14114 = IFCFACE((#14113));
#14115 = IFCPOLYLOOP((#14116, #13473, #13472));
#14116 = IFCCARTESIANPOINT((-1.86228485107422E-1, 1.62223876953125E-1, 6.20466796875E-1));
#14117 = IFCFACEOUTERBOUND(#14115, .T.);
#14118 = IFCFACE((#14117));
#14119 = IFCPOLYLOOP((#13472, #14120, #14116));
#14120 = IFCCARTESIANPOINT((-1.7898454284668E-1, 1.66143768310547E-1, 6.20466796875E-1));
#14121 = IFCFACEOUTERBOUND(#14119, .T.);
#14122 = IFCFACE((#14121));
#14123 = IFCPOLYLOOP((#13473, #14116, #14124));
#14124 = IFCCARTESIANPOINT((-1.93197784423828E-1, 1.57852752685547E-1, 6.20466796875E-1));
#14125 = IFCFACEOUTERBOUND(#14123, .T.);
#14126 = IFCFACE((#14125));
#14127 = IFCPOLYLOOP((#13527, #14128, #14129));
#14128 = IFCCARTESIANPOINT((-1.99859466552734E-1, 1.53003265380859E-1, 6.20466796875E-1));
#14129 = IFCCARTESIANPOINT((-2.06196929931641E-1, 1.47700164794922E-1, 6.20466796875E-1));
#14130 = IFCFACEOUTERBOUND(#14127, .T.);
#14131 = IFCFACE((#14130));
#14132 = IFCPOLYLOOP((#14133, #13519, #13527));
#14133 = IFCCARTESIANPOINT((-2.12197692871094E-1, 1.41981201171875E-1, 6.20466796875E-1));
#14134 = IFCFACEOUTERBOUND(#14132, .T.);
#14135 = IFCFACE((#14134));
#14136 = IFCPOLYLOOP((#13527, #14129, #14133));
#14137 = IFCFACEOUTERBOUND(#14136, .T.);
#14138 = IFCFACE((#14137));
#14139 = IFCPOLYLOOP((#14128, #13527, #13473));
#14140 = IFCFACEOUTERBOUND(#14139, .T.);
#14141 = IFCFACE((#14140));
#14142 = IFCPOLYLOOP((#13473, #14124, #14128));
#14143 = IFCFACEOUTERBOUND(#14142, .T.);
#14144 = IFCFACE((#14143));
#14145 = IFCPOLYLOOP((#14146, #13509, #13519));
#14146 = IFCCARTESIANPOINT((-2.23139236450195E-1, 1.29446472167969E-1, 6.20466796875E-1));
#14147 = IFCFACEOUTERBOUND(#14145, .T.);
#14148 = IFCFACE((#14147));
#14149 = IFCPOLYLOOP((#13519, #14150, #14146));
#14150 = IFCCARTESIANPOINT((-2.17849304199219E-1, 1.35884063720703E-1, 6.20466796875E-1));
#14151 = IFCFACEOUTERBOUND(#14149, .T.);
#14152 = IFCFACE((#14151));
#14153 = IFCPOLYLOOP((#13509, #14146, #14154));
#14154 = IFCCARTESIANPOINT((-2.28055023193359E-1, 1.22706146240234E-1, 6.20466796875E-1));
#14155 = IFCFACEOUTERBOUND(#14153, .T.);
#14156 = IFCFACE((#14155));
#14157 = IFCPOLYLOOP((#13510, #14158, #14159));
#14158 = IFCCARTESIANPOINT((-2.32584197998047E-1, 1.15700775146484E-1, 6.20466796875E-1));
#14159 = IFCCARTESIANPOINT((-2.36714248657227E-1, 1.08468109130859E-1, 6.20466796875E-1));
#14160 = IFCFACEOUTERBOUND(#14157, .T.);
#14161 = IFCFACE((#14160));
#14162 = IFCPOLYLOOP((#13510, #14159, #14163));
#14163 = IFCCARTESIANPOINT((-2.40438690185547E-1, 1.0104296875E-1, 6.20466796875E-1));
#14164 = IFCFACEOUTERBOUND(#14162, .T.);
#14165 = IFCFACE((#14164));
#14166 = IFCPOLYLOOP((#14158, #13510, #13509));
#14167 = IFCFACEOUTERBOUND(#14166, .T.);
#14168 = IFCFACE((#14167));
#14169 = IFCPOLYLOOP((#13509, #14154, #14158));
#14170 = IFCFACEOUTERBOUND(#14169, .T.);
#14171 = IFCFACE((#14170));
#14172 = IFCPOLYLOOP((#14150, #13519, #14133));
#14173 = IFCFACEOUTERBOUND(#14172, .T.);
#14174 = IFCFACE((#14173));
#14175 = IFCPOLYLOOP((#13510, #14176, #14177));
#14176 = IFCCARTESIANPOINT((-2.43774826049805E-1, 9.34485473632813E-2, 6.20466796875E-1));
#14177 = IFCCARTESIANPOINT((-2.46745986938477E-1, 8.57052001953125E-2, 6.20466796875E-1));
#14178 = IFCFACEOUTERBOUND(#14175, .T.);
#14179 = IFCFACE((#14178));
#14180 = IFCPOLYLOOP((#14177, #14181, #13511));
#14181 = IFCCARTESIANPOINT((-2.49375473022461E-1, 7.7833251953125E-2, 6.20466796875E-1));
#14182 = IFCFACEOUTERBOUND(#14180, .T.);
#14183 = IFCFACE((#14182));
#14184 = IFCPOLYLOOP((#14185, #11504, #11503));
#14185 = IFCCARTESIANPOINT((-2.53702651977539E-1, 6.17848815917969E-2, 6.20466796875E-1));
#14186 = IFCFACEOUTERBOUND(#14184, .T.);
#14187 = IFCFACE((#14186));
#14188 = IFCPOLYLOOP((#11503, #14189, #14185));
#14189 = IFCCARTESIANPOINT((-2.51686599731445E-1, 6.985302734375E-2, 6.20466796875E-1));
#14190 = IFCFACEOUTERBOUND(#14188, .T.);
#14191 = IFCFACE((#14190));
#14192 = IFCPOLYLOOP((#14193, #11514, #11504));
#14193 = IFCCARTESIANPOINT((-2.5544694519043E-1, 5.36491394042969E-2, 6.20466796875E-1));
#14194 = IFCFACEOUTERBOUND(#14192, .T.);
#14195 = IFCFACE((#14194));
#14196 = IFCPOLYLOOP((#11504, #14185, #14193));
#14197 = IFCFACEOUTERBOUND(#14196, .T.);
#14198 = IFCFACE((#14197));
#14199 = IFCPOLYLOOP((#14189, #11503, #11521));
#14200 = IFCFACEOUTERBOUND(#14199, .T.);
#14201 = IFCFACE((#14200));
#14202 = IFCPOLYLOOP((#11521, #14181, #14189));
#14203 = IFCFACEOUTERBOUND(#14202, .T.);
#14204 = IFCFACE((#14203));
#14205 = IFCPOLYLOOP((#14206, #11525, #11557));
#14206 = IFCCARTESIANPOINT((-2.58213043212891E-1, 3.72532958984375E-2, 6.20466796875E-1));
#14207 = IFCFACEOUTERBOUND(#14205, .T.);
#14208 = IFCFACE((#14207));
#14209 = IFCPOLYLOOP((#11557, #14210, #14206));
#14210 = IFCCARTESIANPOINT((-2.56942779541016E-1, 4.54660949707031E-2, 6.20466796875E-1));
#14211 = IFCFACEOUTERBOUND(#14209, .T.);
#14212 = IFCFACE((#14211));
#14213 = IFCPOLYLOOP((#14214, #11526, #11525));
#14214 = IFCCARTESIANPOINT((-2.59278869628906E-1, 2.90169086456299E-2, 6.20466796875E-1));
#14215 = IFCFACEOUTERBOUND(#14213, .T.);
#14216 = IFCFACE((#14215));
#14217 = IFCPOLYLOOP((#11525, #14206, #14214));
#14218 = IFCFACEOUTERBOUND(#14217, .T.);
#14219 = IFCFACE((#14218));
#14220 = IFCPOLYLOOP((#14221, #11537, #11533));
#14221 = IFCCARTESIANPOINT((-2.60880004882813E-1, 1.24870014190674E-2, 6.20466796875E-1));
#14222 = IFCFACEOUTERBOUND(#14220, .T.);
#14223 = IFCFACE((#14222));
#14224 = IFCPOLYLOOP((#11533, #14225, #14221));
#14225 = IFCCARTESIANPOINT((-2.60160949707031E-1, 2.0760347366333E-2, 6.20466796875E-1));
#14226 = IFCFACEOUTERBOUND(#14224, .T.);
#14227 = IFCFACE((#14226));
#14228 = IFCPOLYLOOP((#14229, #11541, #11537));
#14229 = IFCCARTESIANPOINT((-2.61456695556641E-1, 4.20024299621582E-3, 6.20466796875E-1));
#14230 = IFCFACEOUTERBOUND(#14228, .T.);
#14231 = IFCFACE((#14230));
#14232 = IFCPOLYLOOP((#11537, #14221, #14229));
#14233 = IFCFACEOUTERBOUND(#14232, .T.);
#14234 = IFCFACE((#14233));
#14235 = IFCPOLYLOOP((#14225, #11533, #11526));
#14236 = IFCFACEOUTERBOUND(#14235, .T.);
#14237 = IFCFACE((#14236));
#14238 = IFCPOLYLOOP((#11526, #14214, #14225));
#14239 = IFCFACEOUTERBOUND(#14238, .T.);
#14240 = IFCFACE((#14239));
#14241 = IFCPOLYLOOP((#14210, #11557, #11514));
#14242 = IFCFACEOUTERBOUND(#14241, .T.);
#14243 = IFCFACE((#14242));
#14244 = IFCPOLYLOOP((#11514, #14193, #14210));
#14245 = IFCFACEOUTERBOUND(#14244, .T.);
#14246 = IFCFACE((#14245));
#14247 = IFCPOLYLOOP((#14176, #13510, #14163));
#14248 = IFCFACEOUTERBOUND(#14247, .T.);
#14249 = IFCFACE((#14248));
#14250 = IFCPOLYLOOP((#14120, #13472, #14094));
#14251 = IFCFACEOUTERBOUND(#14250, .T.);
#14252 = IFCFACE((#14251));
#14253 = IFCPOLYLOOP((#13411, #13382, #13391));
#14254 = IFCFACEOUTERBOUND(#14253, .T.);
#14255 = IFCFACE((#14254));
#14256 = IFCPOLYLOOP((#14257, #11545, #11553));
#14257 = IFCCARTESIANPOINT((-2.62265869140625E-1, -1.24000225067139E-2, 6.20466796875E-1));
#14258 = IFCFACEOUTERBOUND(#14256, .T.);
#14259 = IFCFACE((#14258));
#14260 = IFCPOLYLOOP((#11553, #14261, #14257));
#14261 = IFCCARTESIANPOINT((-2.61911743164063E-1, -4.09657096862793E-3, 6.20466796875E-1));
#14262 = IFCFACEOUTERBOUND(#14260, .T.);
#14263 = IFCFACE((#14262));
#14264 = IFCPOLYLOOP((#14265, #11546, #11545));
#14265 = IFCCARTESIANPOINT((-2.62539733886719E-1, -2.07067546844482E-2, 6.20466796875E-1));
#14266 = IFCFACEOUTERBOUND(#14264, .T.);
#14267 = IFCFACE((#14266));
#14268 = IFCPOLYLOOP((#11545, #14257, #14265));
#14269 = IFCFACEOUTERBOUND(#14268, .T.);
#14270 = IFCFACE((#14269));
#14271 = IFCPOLYLOOP((#14272, #11595, #11591));
#14272 = IFCCARTESIANPOINT((-2.62911834716797E-1, -3.7321044921875E-2, 6.20466796875E-1));
#14273 = IFCFACEOUTERBOUND(#14271, .T.);
#14274 = IFCFACE((#14273));
#14275 = IFCPOLYLOOP((#11591, #14276, #14272));
#14276 = IFCCARTESIANPOINT((-2.62751861572266E-1, -2.90139446258545E-2, 6.20466796875E-1));
#14277 = IFCFACEOUTERBOUND(#14275, .T.);
#14278 = IFCFACE((#14277));
#14279 = IFCPOLYLOOP((#14280, #11596, #11595));
#14280 = IFCCARTESIANPOINT((-2.63027038574219E-1, -4.56281127929688E-2, 6.20466796875E-1));
#14281 = IFCFACEOUTERBOUND(#14279, .T.);
#14282 = IFCFACE((#14281));
#14283 = IFCPOLYLOOP((#11595, #14272, #14280));
#14284 = IFCFACEOUTERBOUND(#14283, .T.);
#14285 = IFCFACE((#14284));
#14286 = IFCPOLYLOOP((#14276, #11591, #11546));
#14287 = IFCFACEOUTERBOUND(#14286, .T.);
#14288 = IFCFACE((#14287));
#14289 = IFCPOLYLOOP((#11546, #14265, #14276));
#14290 = IFCFACEOUTERBOUND(#14289, .T.);
#14291 = IFCFACE((#14290));
#14292 = IFCPOLYLOOP((#14293, #11607, #11603));
#14293 = IFCCARTESIANPOINT((-2.63152679443359E-1, -6.22422790527344E-2, 6.20466796875E-1));
#14294 = IFCFACEOUTERBOUND(#14292, .T.);
#14295 = IFCFACE((#14294));
#14296 = IFCPOLYLOOP((#11603, #14297, #14293));
#14297 = IFCCARTESIANPOINT((-2.63104858398438E-1, -5.39351806640625E-2, 6.20466796875E-1));
#14298 = IFCFACEOUTERBOUND(#14296, .T.);
#14299 = IFCFACE((#14298));
#14300 = IFCPOLYLOOP((#14301, #11611, #11607));
#14301 = IFCCARTESIANPOINT((-2.63177856445313E-1, -7.05494384765625E-2, 6.20466796875E-1));
#14302 = IFCFACEOUTERBOUND(#14300, .T.);
#14303 = IFCFACE((#14302));
#14304 = IFCPOLYLOOP((#11607, #14293, #14301));
#14305 = IFCFACEOUTERBOUND(#14304, .T.);
#14306 = IFCFACE((#14305));
#14307 = IFCPOLYLOOP((#14308, #11616, #11615));
#14308 = IFCCARTESIANPOINT((-2.63189880371094E-1, -8.71640930175781E-2, 6.20466796875E-1));
#14309 = IFCFACEOUTERBOUND(#14307, .T.);
#14310 = IFCFACE((#14309));
#14311 = IFCPOLYLOOP((#11615, #14312, #14308));
#14312 = IFCCARTESIANPOINT((-2.63187805175781E-1, -7.88567047119141E-2, 6.20466796875E-1));
#14313 = IFCFACEOUTERBOUND(#14311, .T.);
#14314 = IFCFACE((#14313));
#14315 = IFCPOLYLOOP((#14316, #11626, #11616));
#14316 = IFCCARTESIANPOINT((-2.63190246582031E-1, -9.54716644287109E-2, 6.20466796875E-1));
#14317 = IFCFACEOUTERBOUND(#14315, .T.);
#14318 = IFCFACE((#14317));
#14319 = IFCPOLYLOOP((#11616, #14308, #14316));
#14320 = IFCFACEOUTERBOUND(#14319, .T.);
#14321 = IFCFACE((#14320));
#14322 = IFCPOLYLOOP((#14312, #11615, #11611));
#14323 = IFCFACEOUTERBOUND(#14322, .T.);
#14324 = IFCFACE((#14323));
#14325 = IFCPOLYLOOP((#11611, #14301, #14312));
#14326 = IFCFACEOUTERBOUND(#14325, .T.);
#14327 = IFCFACE((#14326));
#14328 = IFCPOLYLOOP((#14297, #11603, #11596));
#14329 = IFCFACEOUTERBOUND(#14328, .T.);
#14330 = IFCFACE((#14329));
#14331 = IFCPOLYLOOP((#11596, #14280, #14297));
#14332 = IFCFACEOUTERBOUND(#14331, .T.);
#14333 = IFCFACE((#14332));
#14334 = IFCPOLYLOOP((#14335, #11631, #11630));
#14335 = IFCCARTESIANPOINT((-2.6318994140625E-1, -1.12087173461914E-1, 6.20466796875E-1));
#14336 = IFCFACEOUTERBOUND(#14334, .T.);
#14337 = IFCFACE((#14336));
#14338 = IFCPOLYLOOP((#11630, #14339, #14335));
#14339 = IFCCARTESIANPOINT((-2.63190246582031E-1, -1.03779357910156E-1, 6.20466796875E-1));
#14340 = IFCFACEOUTERBOUND(#14338, .T.);
#14341 = IFCFACE((#14340));
#14342 = IFCPOLYLOOP((#14343, #11656, #11631));
#14343 = IFCCARTESIANPOINT((-2.63189392089844E-1, -1.20395080566406E-1, 6.20466796875E-1));
#14344 = IFCFACEOUTERBOUND(#14342, .T.);
#14345 = IFCFACE((#14344));
#14346 = IFCPOLYLOOP((#11631, #14335, #14343));
#14347 = IFCFACEOUTERBOUND(#14346, .T.);
#14348 = IFCFACE((#14347));
#14349 = IFCPOLYLOOP((#14350, #11638, #11656));
#14350 = IFCCARTESIANPOINT((-2.63188690185547E-1, -1.28703048706055E-1, 6.20466796875E-1));
#14351 = IFCFACEOUTERBOUND(#14349, .T.);
#14352 = IFCFACE((#14351));
#14353 = IFCPOLYLOOP((#11656, #14343, #14350));
#14354 = IFCFACEOUTERBOUND(#14353, .T.);
#14355 = IFCFACE((#14354));
#14356 = IFCPOLYLOOP((#14339, #11630, #11626));
#14357 = IFCFACEOUTERBOUND(#14356, .T.);
#14358 = IFCFACE((#14357));
#14359 = IFCPOLYLOOP((#11626, #14316, #14339));
#14360 = IFCFACEOUTERBOUND(#14359, .T.);
#14361 = IFCFACE((#14360));
#14362 = IFCPOLYLOOP((#14363, #11639, #11638));
#14363 = IFCCARTESIANPOINT((-2.63187957763672E-1, -1.37011047363281E-1, 6.20466796875E-1));
#14364 = IFCFACEOUTERBOUND(#14362, .T.);
#14365 = IFCFACE((#14364));
#14366 = IFCPOLYLOOP((#11638, #14350, #14363));
#14367 = IFCFACEOUTERBOUND(#14366, .T.);
#14368 = IFCFACE((#14367));
#14369 = IFCPOLYLOOP((#14261, #11553, #11541));
#14370 = IFCFACEOUTERBOUND(#14369, .T.);
#14371 = IFCFACE((#14370));
#14372 = IFCPOLYLOOP((#11541, #14229, #14261));
#14373 = IFCFACEOUTERBOUND(#14372, .T.);
#14374 = IFCFACE((#14373));
#14375 = IFCPOLYLOOP((#14376, #11649, #11639));
#14376 = IFCCARTESIANPOINT((-2.63187255859375E-1, -1.45319046020508E-1, 6.20466796875E-1));
#14377 = IFCFACEOUTERBOUND(#14375, .T.);
#14378 = IFCFACE((#14377));
#14379 = IFCPOLYLOOP((#11639, #14363, #14376));
#14380 = IFCFACEOUTERBOUND(#14379, .T.);
#14381 = IFCFACE((#14380));
#14382 = IFCPOLYLOOP((#14383, #11660, #11649));
#14383 = IFCCARTESIANPOINT((-2.63186645507813E-1, -1.53627014160156E-1, 6.20466796875E-1));
#14384 = IFCFACEOUTERBOUND(#14382, .T.);
#14385 = IFCFACE((#14384));
#14386 = IFCPOLYLOOP((#11649, #14376, #14383));
#14387 = IFCFACEOUTERBOUND(#14386, .T.);
#14388 = IFCFACE((#14387));
#14389 = IFCPOLYLOOP((#11668, #11664, #14390));
#14390 = IFCCARTESIANPOINT((-2.63186096191406E-1, -1.6595524597168E-1, 6.20466796875E-1));
#14391 = IFCFACEOUTERBOUND(#14389, .T.);
#14392 = IFCFACE((#14391));
#14393 = IFCPOLYLOOP((#14390, #14394, #11668));
#14394 = IFCCARTESIANPOINT((-2.63185913085938E-1, -1.78283401489258E-1, 6.20466796875E-1));
#14395 = IFCFACEOUTERBOUND(#14393, .T.);
#14396 = IFCFACE((#14395));
#14397 = IFCPOLYLOOP((#10811, #11680, #14394));
#14398 = IFCFACEOUTERBOUND(#14397, .T.);
#14399 = IFCFACE((#14398));
#14400 = IFCPOLYLOOP((#14390, #11664, #11660));
#14401 = IFCFACEOUTERBOUND(#14400, .T.);
#14402 = IFCFACE((#14401));
#14403 = IFCPOLYLOOP((#11660, #14383, #14390));
#14404 = IFCFACEOUTERBOUND(#14403, .T.);
#14405 = IFCFACE((#14404));
#14406 = IFCPOLYLOOP((#13510, #14177, #13511));
#14407 = IFCFACEOUTERBOUND(#14406, .T.);
#14408 = IFCFACE((#14407));
#14409 = IFCPOLYLOOP((#10903, #12802, #10910));
#14410 = IFCFACEOUTERBOUND(#14409, .T.);
#14411 = IFCFACE((#14410));
#14412 = IFCPOLYLOOP((#10918, #12802, #10914));
#14413 = IFCFACEOUTERBOUND(#14412, .T.);
#14414 = IFCFACE((#14413));
#14415 = IFCPOLYLOOP((#10914, #12802, #10922));
#14416 = IFCFACEOUTERBOUND(#14415, .T.);
#14417 = IFCFACE((#14416));
#14418 = IFCPOLYLOOP((#10910, #12802, #10918));
#14419 = IFCFACEOUTERBOUND(#14418, .T.);
#14420 = IFCFACE((#14419));
#14421 = IFCPOLYLOOP((#12794, #10939, #10926));
#14422 = IFCFACEOUTERBOUND(#14421, .T.);
#14423 = IFCFACE((#14422));
#14424 = IFCPOLYLOOP((#12793, #10940, #10939));
#14425 = IFCFACEOUTERBOUND(#14424, .T.);
#14426 = IFCFACE((#14425));
#14427 = IFCPOLYLOOP((#12793, #10948, #10940));
#14428 = IFCFACEOUTERBOUND(#14427, .T.);
#14429 = IFCFACE((#14428));
#14430 = IFCPOLYLOOP((#10944, #10948, #12793));
#14431 = IFCFACEOUTERBOUND(#14430, .T.);
#14432 = IFCFACE((#14431));
#14433 = IFCPOLYLOOP((#10858, #12802, #10903));
#14434 = IFCFACEOUTERBOUND(#14433, .T.);
#14435 = IFCFACE((#14434));
#14436 = IFCPOLYLOOP((#12793, #10962, #10944));
#14437 = IFCFACEOUTERBOUND(#14436, .T.);
#14438 = IFCFACE((#14437));
#14439 = IFCPOLYLOOP((#12793, #10958, #10962));
#14440 = IFCFACEOUTERBOUND(#14439, .T.);
#14441 = IFCFACE((#14440));
#14442 = IFCPOLYLOOP((#11114, #11118, #12837));
#14443 = IFCFACEOUTERBOUND(#14442, .T.);
#14444 = IFCFACE((#14443));
#14445 = IFCPOLYLOOP((#12837, #12816, #11114));
#14446 = IFCFACEOUTERBOUND(#14445, .T.);
#14447 = IFCFACE((#14446));
#14448 = IFCPOLYLOOP((#12816, #12837, #12829));
#14449 = IFCFACEOUTERBOUND(#14448, .T.);
#14450 = IFCFACE((#14449));
#14451 = IFCPOLYLOOP((#12811, #11146, #11122));
#14452 = IFCFACEOUTERBOUND(#14451, .T.);
#14453 = IFCFACE((#14452));
#14454 = IFCPOLYLOOP((#12810, #11150, #11142));
#14455 = IFCFACEOUTERBOUND(#14454, .T.);
#14456 = IFCFACE((#14455));
#14457 = IFCPOLYLOOP((#12854, #11179, #11180));
#14458 = IFCFACEOUTERBOUND(#14457, .T.);
#14459 = IFCFACE((#14458));
#14460 = IFCPOLYLOOP((#12853, #11184, #11188));
#14461 = IFCFACEOUTERBOUND(#14460, .T.);
#14462 = IFCFACE((#14461));
#14463 = IFCPOLYLOOP((#12911, #11242, #11207));
#14464 = IFCFACEOUTERBOUND(#14463, .T.);
#14465 = IFCFACE((#14464));
#14466 = IFCPOLYLOOP((#12901, #11246, #11238));
#14467 = IFCFACEOUTERBOUND(#14466, .T.);
#14468 = IFCFACE((#14467));
#14469 = IFCPOLYLOOP((#11202, #11198, #12853));
#14470 = IFCFACEOUTERBOUND(#14469, .T.);
#14471 = IFCFACE((#14470));
#14472 = IFCPOLYLOOP((#12853, #12985, #11202));
#14473 = IFCFACEOUTERBOUND(#14472, .T.);
#14474 = IFCFACE((#14473));
#14475 = IFCPOLYLOOP((#12859, #12854, #11180));
#14476 = IFCFACEOUTERBOUND(#14475, .T.);
#14477 = IFCFACE((#14476));
#14478 = IFCPOLYLOOP((#11180, #11162, #12859));
#14479 = IFCFACEOUTERBOUND(#14478, .T.);
#14480 = IFCFACE((#14479));
#14481 = IFCPOLYLOOP((#11258, #11250, #12907));
#14482 = IFCFACEOUTERBOUND(#14481, .T.);
#14483 = IFCFACE((#14482));
#14484 = IFCPOLYLOOP((#12907, #13159, #11258));
#14485 = IFCFACEOUTERBOUND(#14484, .T.);
#14486 = IFCFACE((#14485));
#14487 = IFCPOLYLOOP((#12907, #13160, #13159));
#14488 = IFCFACEOUTERBOUND(#14487, .T.);
#14489 = IFCFACE((#14488));
#14490 = IFCPOLYLOOP((#12894, #11166, #11154));
#14491 = IFCFACEOUTERBOUND(#14490, .T.);
#14492 = IFCFACE((#14491));
#14493 = IFCPOLYLOOP((#11254, #11246, #12901));
#14494 = IFCFACEOUTERBOUND(#14493, .T.);
#14495 = IFCFACE((#14494));
#14496 = IFCPOLYLOOP((#12901, #12907, #11254));
#14497 = IFCFACEOUTERBOUND(#14496, .T.);
#14498 = IFCFACE((#14497));
#14499 = IFCPOLYLOOP((#11262, #13159, #13151));
#14500 = IFCFACEOUTERBOUND(#14499, .T.);
#14501 = IFCFACE((#14500));
#14502 = IFCPOLYLOOP((#13151, #11275, #11262));
#14503 = IFCFACEOUTERBOUND(#14502, .T.);
#14504 = IFCFACE((#14503));
#14505 = IFCPOLYLOOP((#11275, #13151, #13043));
#14506 = IFCFACEOUTERBOUND(#14505, .T.);
#14507 = IFCFACE((#14506));
#14508 = IFCPOLYLOOP((#13043, #11276, #11275));
#14509 = IFCFACEOUTERBOUND(#14508, .T.);
#14510 = IFCFACE((#14509));
#14511 = IFCPOLYLOOP((#11284, #13036, #13005));
#14512 = IFCFACEOUTERBOUND(#14511, .T.);
#14513 = IFCFACE((#14512));
#14514 = IFCPOLYLOOP((#13005, #11280, #11284));
#14515 = IFCFACEOUTERBOUND(#14514, .T.);
#14516 = IFCFACE((#14515));
#14517 = IFCPOLYLOOP((#11280, #13005, #12995));
#14518 = IFCFACEOUTERBOUND(#14517, .T.);
#14519 = IFCFACE((#14518));
#14520 = IFCPOLYLOOP((#12995, #11294, #11280));
#14521 = IFCFACEOUTERBOUND(#14520, .T.);
#14522 = IFCFACE((#14521));
#14523 = IFCPOLYLOOP((#11276, #13043, #13036));
#14524 = IFCFACEOUTERBOUND(#14523, .T.);
#14525 = IFCFACE((#14524));
#14526 = IFCPOLYLOOP((#13036, #11284, #11276));
#14527 = IFCFACEOUTERBOUND(#14526, .T.);
#14528 = IFCFACE((#14527));
#14529 = IFCPOLYLOOP((#12793, #13593, #10958));
#14530 = IFCFACEOUTERBOUND(#14529, .T.);
#14531 = IFCFACE((#14530));
#14532 = IFCPOLYLOOP((#12845, #11096, #11078));
#14533 = IFCFACEOUTERBOUND(#14532, .T.);
#14534 = IFCFACE((#14533));
#14535 = IFCPOLYLOOP((#12845, #11095, #11096));
#14536 = IFCFACEOUTERBOUND(#14535, .T.);
#14537 = IFCFACE((#14536));
#14538 = IFCPOLYLOOP((#12845, #11100, #11104));
#14539 = IFCFACEOUTERBOUND(#14538, .T.);
#14540 = IFCFACE((#14539));
#14541 = IFCPOLYLOOP((#12845, #12837, #11118));
#14542 = IFCFACEOUTERBOUND(#14541, .T.);
#14543 = IFCFACE((#14542));
#14544 = IFCPOLYLOOP((#11118, #11100, #12845));
#14545 = IFCFACEOUTERBOUND(#14544, .T.);
#14546 = IFCFACE((#14545));
#14547 = IFCPOLYLOOP((#12845, #11104, #11095));
#14548 = IFCFACEOUTERBOUND(#14547, .T.);
#14549 = IFCFACE((#14548));
#14550 = IFCPOLYLOOP((#12816, #11123, #11114));
#14551 = IFCFACEOUTERBOUND(#14550, .T.);
#14552 = IFCFACE((#14551));
#14553 = IFCPOLYLOOP((#12816, #12811, #11122));
#14554 = IFCFACEOUTERBOUND(#14553, .T.);
#14555 = IFCFACE((#14554));
#14556 = IFCPOLYLOOP((#11122, #11123, #12816));
#14557 = IFCFACEOUTERBOUND(#14556, .T.);
#14558 = IFCFACE((#14557));
#14559 = IFCPOLYLOOP((#12811, #12810, #11142));
#14560 = IFCFACEOUTERBOUND(#14559, .T.);
#14561 = IFCFACE((#14560));
#14562 = IFCPOLYLOOP((#11142, #11146, #12811));
#14563 = IFCFACEOUTERBOUND(#14562, .T.);
#14564 = IFCFACE((#14563));
#14565 = IFCPOLYLOOP((#13721, #12845, #11078));
#14566 = IFCFACEOUTERBOUND(#14565, .T.);
#14567 = IFCFACE((#14566));
#14568 = IFCPOLYLOOP((#12810, #12894, #11154));
#14569 = IFCFACEOUTERBOUND(#14568, .T.);
#14570 = IFCFACE((#14569));
#14571 = IFCPOLYLOOP((#11154, #11158, #12810));
#14572 = IFCFACEOUTERBOUND(#14571, .T.);
#14573 = IFCFACE((#14572));
#14574 = IFCPOLYLOOP((#12894, #12859, #11162));
#14575 = IFCFACEOUTERBOUND(#14574, .T.);
#14576 = IFCFACE((#14575));
#14577 = IFCPOLYLOOP((#11162, #11166, #12894));
#14578 = IFCFACEOUTERBOUND(#14577, .T.);
#14579 = IFCFACE((#14578));
#14580 = IFCPOLYLOOP((#12853, #11198, #11184));
#14581 = IFCFACEOUTERBOUND(#14580, .T.);
#14582 = IFCFACE((#14581));
#14583 = IFCPOLYLOOP((#12985, #11206, #11202));
#14584 = IFCFACEOUTERBOUND(#14583, .T.);
#14585 = IFCFACE((#14584));
#14586 = IFCPOLYLOOP((#12985, #12911, #11207));
#14587 = IFCFACEOUTERBOUND(#14586, .T.);
#14588 = IFCFACE((#14587));
#14589 = IFCPOLYLOOP((#11207, #11206, #12985));
#14590 = IFCFACEOUTERBOUND(#14589, .T.);
#14591 = IFCFACE((#14590));
#14592 = IFCPOLYLOOP((#12854, #12853, #11188));
#14593 = IFCFACEOUTERBOUND(#14592, .T.);
#14594 = IFCFACE((#14593));
#14595 = IFCPOLYLOOP((#11188, #11179, #12854));
#14596 = IFCFACEOUTERBOUND(#14595, .T.);
#14597 = IFCFACE((#14596));
#14598 = IFCPOLYLOOP((#12911, #12901, #11238));
#14599 = IFCFACEOUTERBOUND(#14598, .T.);
#14600 = IFCFACE((#14599));
#14601 = IFCPOLYLOOP((#11238, #11242, #12911));
#14602 = IFCFACEOUTERBOUND(#14601, .T.);
#14603 = IFCFACE((#14602));
#14604 = IFCPOLYLOOP((#12907, #11250, #11254));
#14605 = IFCFACEOUTERBOUND(#14604, .T.);
#14606 = IFCFACE((#14605));
#14607 = IFCPOLYLOOP((#13159, #11262, #11258));
#14608 = IFCFACEOUTERBOUND(#14607, .T.);
#14609 = IFCFACE((#14608));
#14610 = IFCPOLYLOOP((#12810, #11158, #11150));
#14611 = IFCFACEOUTERBOUND(#14610, .T.);
#14612 = IFCFACE((#14611));
#14613 = IFCPOLYLOOP((#11294, #12995, #13001));
#14614 = IFCFACEOUTERBOUND(#14613, .T.);
#14615 = IFCFACE((#14614));
#14616 = IFCPOLYLOOP((#13001, #11298, #11294));
#14617 = IFCFACEOUTERBOUND(#14616, .T.);
#14618 = IFCFACE((#14617));
#14619 = IFCPOLYLOOP((#11302, #11298, #13001));
#14620 = IFCFACEOUTERBOUND(#14619, .T.);
#14621 = IFCFACE((#14620));
#14622 = IFCPOLYLOOP((#13001, #13358, #11302));
#14623 = IFCFACEOUTERBOUND(#14622, .T.);
#14624 = IFCFACE((#14623));
#14625 = IFCPOLYLOOP((#11322, #11303, #13332));
#14626 = IFCFACEOUTERBOUND(#14625, .T.);
#14627 = IFCFACE((#14626));
#14628 = IFCPOLYLOOP((#13332, #13324, #11322));
#14629 = IFCFACEOUTERBOUND(#14628, .T.);
#14630 = IFCFACE((#14629));
#14631 = IFCPOLYLOOP((#11303, #11302, #13358));
#14632 = IFCFACEOUTERBOUND(#14631, .T.);
#14633 = IFCFACE((#14632));
#14634 = IFCPOLYLOOP((#13358, #13332, #11303));
#14635 = IFCFACEOUTERBOUND(#14634, .T.);
#14636 = IFCFACE((#14635));
#14637 = IFCPOLYLOOP((#11323, #11322, #13324));
#14638 = IFCFACEOUTERBOUND(#14637, .T.);
#14639 = IFCFACE((#14638));
#14640 = IFCPOLYLOOP((#13324, #13215, #11323));
#14641 = IFCFACEOUTERBOUND(#14640, .T.);
#14642 = IFCFACE((#14641));
#14643 = IFCPOLYLOOP((#13204, #13188, #13184));
#14644 = IFCFACEOUTERBOUND(#14643, .T.);
#14645 = IFCFACE((#14644));
#14646 = IFCPOLYLOOP((#11359, #11346, #13184));
#14647 = IFCFACEOUTERBOUND(#14646, .T.);
#14648 = IFCFACE((#14647));
#14649 = IFCPOLYLOOP((#13184, #13451, #11359));
#14650 = IFCFACEOUTERBOUND(#14649, .T.);
#14651 = IFCFACE((#14650));
#14652 = IFCPOLYLOOP((#11330, #11323, #13215));
#14653 = IFCFACEOUTERBOUND(#14652, .T.);
#14654 = IFCFACE((#14653));
#14655 = IFCPOLYLOOP((#13215, #13208, #11330));
#14656 = IFCFACEOUTERBOUND(#14655, .T.);
#14657 = IFCFACE((#14656));
#14658 = IFCPOLYLOOP((#11334, #11330, #13208));
#14659 = IFCFACEOUTERBOUND(#14658, .T.);
#14660 = IFCFACE((#14659));
#14661 = IFCPOLYLOOP((#13208, #13204, #11334));
#14662 = IFCFACEOUTERBOUND(#14661, .T.);
#14663 = IFCFACE((#14662));
#14664 = IFCPOLYLOOP((#13184, #11342, #11335));
#14665 = IFCFACEOUTERBOUND(#14664, .T.);
#14666 = IFCFACE((#14665));
#14667 = IFCPOLYLOOP((#11335, #13204, #13184));
#14668 = IFCFACEOUTERBOUND(#14667, .T.);
#14669 = IFCFACE((#14668));
#14670 = IFCPOLYLOOP((#13184, #11346, #11342));
#14671 = IFCFACEOUTERBOUND(#14670, .T.);
#14672 = IFCFACE((#14671));
#14673 = IFCPOLYLOOP((#13451, #11360, #11359));
#14674 = IFCFACEOUTERBOUND(#14673, .T.);
#14675 = IFCFACE((#14674));
#14676 = IFCPOLYLOOP((#13378, #11364, #11360));
#14677 = IFCFACEOUTERBOUND(#14676, .T.);
#14678 = IFCFACE((#14677));
#14679 = IFCPOLYLOOP((#11360, #13451, #13378));
#14680 = IFCFACEOUTERBOUND(#14679, .T.);
#14681 = IFCFACE((#14680));
#14682 = IFCPOLYLOOP((#13204, #11335, #11334));
#14683 = IFCFACEOUTERBOUND(#14682, .T.);
#14684 = IFCFACE((#14683));
#14685 = IFCPOLYLOOP((#11378, #11365, #13378));
#14686 = IFCFACEOUTERBOUND(#14685, .T.);
#14687 = IFCFACE((#14686));
#14688 = IFCPOLYLOOP((#13378, #13369, #11378));
#14689 = IFCFACEOUTERBOUND(#14688, .T.);
#14690 = IFCFACE((#14689));
#14691 = IFCPOLYLOOP((#13368, #11386, #11382));
#14692 = IFCFACEOUTERBOUND(#14691, .T.);
#14693 = IFCFACE((#14692));
#14694 = IFCPOLYLOOP((#11382, #13369, #13368));
#14695 = IFCFACEOUTERBOUND(#14694, .T.);
#14696 = IFCFACE((#14695));
#14697 = IFCPOLYLOOP((#13467, #11420, #11413));
#14698 = IFCFACEOUTERBOUND(#14697, .T.);
#14699 = IFCFACE((#14698));
#14700 = IFCPOLYLOOP((#11413, #13502, #13467));
#14701 = IFCFACEOUTERBOUND(#14700, .T.);
#14702 = IFCFACE((#14701));
#14703 = IFCPOLYLOOP((#13462, #11435, #11431));
#14704 = IFCFACEOUTERBOUND(#14703, .T.);
#14705 = IFCFACE((#14704));
#14706 = IFCPOLYLOOP((#11431, #13467, #13462));
#14707 = IFCFACEOUTERBOUND(#14706, .T.);
#14708 = IFCFACE((#14707));
#14709 = IFCPOLYLOOP((#13502, #11412, #11387));
#14710 = IFCFACEOUTERBOUND(#14709, .T.);
#14711 = IFCFACE((#14710));
#14712 = IFCPOLYLOOP((#11387, #13368, #13502));
#14713 = IFCFACEOUTERBOUND(#14712, .T.);
#14714 = IFCFACE((#14713));
#14715 = IFCPOLYLOOP((#13541, #13523, #13515));
#14716 = IFCFACEOUTERBOUND(#14715, .T.);
#14717 = IFCFACE((#14716));
#14718 = IFCPOLYLOOP((#13511, #11466, #11477));
#14719 = IFCFACEOUTERBOUND(#14718, .T.);
#14720 = IFCFACE((#14719));
#14721 = IFCPOLYLOOP((#11477, #13515, #13511));
#14722 = IFCFACEOUTERBOUND(#14721, .T.);
#14723 = IFCFACE((#14722));
#14724 = IFCPOLYLOOP((#13542, #11443, #11484));
#14725 = IFCFACEOUTERBOUND(#14724, .T.);
#14726 = IFCFACE((#14725));
#14727 = IFCPOLYLOOP((#11484, #13461, #13542));
#14728 = IFCFACEOUTERBOUND(#14727, .T.);
#14729 = IFCFACE((#14728));
#14730 = IFCPOLYLOOP((#13541, #11454, #11444));
#14731 = IFCFACEOUTERBOUND(#14730, .T.);
#14732 = IFCFACE((#14731));
#14733 = IFCPOLYLOOP((#11444, #13542, #13541));
#14734 = IFCFACEOUTERBOUND(#14733, .T.);
#14735 = IFCFACE((#14734));
#14736 = IFCPOLYLOOP((#13515, #11477, #11462));
#14737 = IFCFACEOUTERBOUND(#14736, .T.);
#14738 = IFCFACE((#14737));
#14739 = IFCPOLYLOOP((#11462, #13541, #13515));
#14740 = IFCFACEOUTERBOUND(#14739, .T.);
#14741 = IFCFACE((#14740));
#14742 = IFCPOLYLOOP((#13461, #11439, #11435));
#14743 = IFCFACEOUTERBOUND(#14742, .T.);
#14744 = IFCFACE((#14743));
#14745 = IFCPOLYLOOP((#11435, #13462, #13461));
#14746 = IFCFACEOUTERBOUND(#14745, .T.);
#14747 = IFCFACE((#14746));
#14748 = IFCPOLYLOOP((#13369, #11382, #11378));
#14749 = IFCFACEOUTERBOUND(#14748, .T.);
#14750 = IFCFACE((#14749));
#14751 = IFCPOLYLOOP((#13368, #11387, #11386));
#14752 = IFCFACEOUTERBOUND(#14751, .T.);
#14753 = IFCFACE((#14752));
#14754 = IFCPOLYLOOP((#13467, #11421, #11420));
#14755 = IFCFACEOUTERBOUND(#14754, .T.);
#14756 = IFCFACE((#14755));
#14757 = IFCPOLYLOOP((#13502, #11413, #11412));
#14758 = IFCFACEOUTERBOUND(#14757, .T.);
#14759 = IFCFACE((#14758));
#14760 = IFCPOLYLOOP((#11365, #11364, #13378));
#14761 = IFCFACEOUTERBOUND(#14760, .T.);
#14762 = IFCFACE((#14761));
#14763 = IFCPOLYLOOP((#13461, #11484, #11439));
#14764 = IFCFACEOUTERBOUND(#14763, .T.);
#14765 = IFCFACE((#14764));
#14766 = IFCPOLYLOOP((#13541, #11458, #11454));
#14767 = IFCFACEOUTERBOUND(#14766, .T.);
#14768 = IFCFACE((#14767));
#14769 = IFCPOLYLOOP((#13541, #11462, #11458));
#14770 = IFCFACEOUTERBOUND(#14769, .T.);
#14771 = IFCFACE((#14770));
#14772 = IFCPOLYLOOP((#13511, #11467, #11466));
#14773 = IFCFACEOUTERBOUND(#14772, .T.);
#14774 = IFCFACE((#14773));
#14775 = IFCPOLYLOOP((#13511, #11495, #11491));
#14776 = IFCFACEOUTERBOUND(#14775, .T.);
#14777 = IFCFACE((#14776));
#14778 = IFCPOLYLOOP((#13511, #11499, #11495));
#14779 = IFCFACEOUTERBOUND(#14778, .T.);
#14780 = IFCFACE((#14779));
#14781 = IFCPOLYLOOP((#13511, #11491, #11467));
#14782 = IFCFACEOUTERBOUND(#14781, .T.);
#14783 = IFCFACE((#14782));
#14784 = IFCPOLYLOOP((#11668, #14394, #11669));
#14785 = IFCFACEOUTERBOUND(#14784, .T.);
#14786 = IFCFACE((#14785));
#14787 = IFCPOLYLOOP((#11669, #14394, #11679));
#14788 = IFCFACEOUTERBOUND(#14787, .T.);
#14789 = IFCFACE((#14788));
#14790 = IFCPOLYLOOP((#11680, #10811, #11687));
#14791 = IFCFACEOUTERBOUND(#14790, .T.);
#14792 = IFCFACE((#14791));
#14793 = IFCPOLYLOOP((#11687, #10811, #10789));
#14794 = IFCFACEOUTERBOUND(#14793, .T.);
#14795 = IFCFACE((#14794));
#14796 = IFCPOLYLOOP((#14181, #11499, #13511));
#14797 = IFCFACEOUTERBOUND(#14796, .T.);
#14798 = IFCFACE((#14797));
#14799 = IFCPOLYLOOP((#12802, #13549, #12806));
#14800 = IFCFACEOUTERBOUND(#14799, .T.);
#14801 = IFCFACE((#14800));
#14802 = IFCPOLYLOOP((#12811, #12817, #12812));
#14803 = IFCFACEOUTERBOUND(#14802, .T.);
#14804 = IFCFACE((#14803));
#14805 = IFCPOLYLOOP((#12816, #12829, #12817));
#14806 = IFCFACEOUTERBOUND(#14805, .T.);
#14807 = IFCFACE((#14806));
#14808 = IFCPOLYLOOP((#12854, #12860, #12855));
#14809 = IFCFACEOUTERBOUND(#14808, .T.);
#14810 = IFCFACE((#14809));
#14811 = IFCPOLYLOOP((#12859, #12872, #12860));
#14812 = IFCFACEOUTERBOUND(#14811, .T.);
#14813 = IFCFACE((#14812));
#14814 = IFCPOLYLOOP((#12894, #12880, #12872));
#14815 = IFCFACEOUTERBOUND(#14814, .T.);
#14816 = IFCFACE((#14815));
#14817 = IFCPOLYLOOP((#12810, #12812, #12880));
#14818 = IFCFACEOUTERBOUND(#14817, .T.);
#14819 = IFCFACE((#14818));
#14820 = IFCPOLYLOOP((#12853, #12855, #12971));
#14821 = IFCFACEOUTERBOUND(#14820, .T.);
#14822 = IFCFACE((#14821));
#14823 = IFCPOLYLOOP((#13368, #13370, #13384));
#14824 = IFCFACEOUTERBOUND(#14823, .T.);
#14825 = IFCFACE((#14824));
#14826 = IFCPOLYLOOP((#13461, #13463, #13474));
#14827 = IFCFACEOUTERBOUND(#14826, .T.);
#14828 = IFCFACE((#14827));
#14829 = IFCPOLYLOOP((#13462, #13468, #13463));
#14830 = IFCFACEOUTERBOUND(#14829, .T.);
#14831 = IFCFACE((#14830));
#14832 = IFCPOLYLOOP((#13467, #13492, #13468));
#14833 = IFCFACEOUTERBOUND(#14832, .T.);
#14834 = IFCFACE((#14833));
#14835 = IFCPOLYLOOP((#13502, #13384, #13492));
#14836 = IFCFACEOUTERBOUND(#14835, .T.);
#14837 = IFCFACE((#14836));
#14838 = IFCPOLYLOOP((#13541, #13531, #13523));
#14839 = IFCFACEOUTERBOUND(#14838, .T.);
#14840 = IFCFACE((#14839));
#14841 = IFCPOLYLOOP((#13542, #13474, #13531));
#14842 = IFCFACEOUTERBOUND(#14841, .T.);
#14843 = IFCFACE((#14842));
#14844 = IFCPOLYLOOP((#13554, #13549, #13550));
#14845 = IFCFACEOUTERBOUND(#14844, .T.);
#14846 = IFCFACE((#14845));
#14847 = IFCPOLYLOOP((#13578, #10958, #13593));
#14848 = IFCFACEOUTERBOUND(#14847, .T.);
#14849 = IFCFACE((#14848));
#14850 = IFCPOLYLOOP((#11521, #11499, #14181));
#14851 = IFCFACEOUTERBOUND(#14850, .T.);
#14852 = IFCFACE((#14851));
#14853 = IFCPOLYLOOP((#11680, #11679, #14394));
#14854 = IFCFACEOUTERBOUND(#14853, .T.);
#14855 = IFCFACE((#14854));
#14856 = IFCPOLYLOOP((#11431, #11421, #13467));
#14857 = IFCFACEOUTERBOUND(#14856, .T.);
#14858 = IFCFACE((#14857));
#14859 = IFCPOLYLOOP((#11444, #11443, #13542));
#14860 = IFCFACEOUTERBOUND(#14859, .T.);
#14861 = IFCFACE((#14860));
#14862 = IFCPOLYLOOP((#12760, #10811, #14394));
#14863 = IFCFACEOUTERBOUND(#14862, .T.);
#14864 = IFCFACE((#14863));
#14865 = IFCPOLYLOOP((#14394, #11783, #12760));
#14866 = IFCFACEOUTERBOUND(#14865, .T.);
#14867 = IFCFACE((#14866));
#14868 = IFCPOLYLOOP((#12771, #10781, #10811));
#14869 = IFCFACEOUTERBOUND(#14868, .T.);
#14870 = IFCFACE((#14869));
#14871 = IFCPOLYLOOP((#10785, #10804, #10811));
#14872 = IFCFACEOUTERBOUND(#14871, .T.);
#14873 = IFCFACE((#14872));
#14874 = IFCPOLYLOOP((#10781, #10785, #10811));
#14875 = IFCFACEOUTERBOUND(#14874, .T.);
#14876 = IFCFACE((#14875));
#14877 = IFCPOLYLOOP((#12771, #12776, #10777));
#14878 = IFCFACEOUTERBOUND(#14877, .T.);
#14879 = IFCFACE((#14878));
#14880 = IFCPOLYLOOP((#10777, #10781, #12771));
#14881 = IFCFACEOUTERBOUND(#14880, .T.);
#14882 = IFCFACE((#14881));
#14883 = IFCPOLYLOOP((#12760, #12771, #10811));
#14884 = IFCFACEOUTERBOUND(#14883, .T.);
#14885 = IFCFACE((#14884));
#14886 = IFCPOLYLOOP((#10769, #10777, #12776));
#14887 = IFCFACEOUTERBOUND(#14886, .T.);
#14888 = IFCFACE((#14887));
#14889 = IFCPOLYLOOP((#10773, #12776, #12780));
#14890 = IFCFACEOUTERBOUND(#14889, .T.);
#14891 = IFCFACE((#14890));
#14892 = IFCPOLYLOOP((#12780, #10815, #10796));
#14893 = IFCFACEOUTERBOUND(#14892, .T.);
#14894 = IFCFACE((#14893));
#14895 = IFCPOLYLOOP((#10773, #10769, #12776));
#14896 = IFCFACEOUTERBOUND(#14895, .T.);
#14897 = IFCFACE((#14896));
#14898 = IFCPOLYLOOP((#12780, #10800, #10773));
#14899 = IFCFACEOUTERBOUND(#14898, .T.);
#14900 = IFCFACE((#14899));
#14901 = IFCPOLYLOOP((#12780, #10796, #10800));
#14902 = IFCFACEOUTERBOUND(#14901, .T.);
#14903 = IFCFACE((#14902));
#14904 = IFCPOLYLOOP((#12735, #10865, #10884));
#14905 = IFCFACEOUTERBOUND(#14904, .T.);
#14906 = IFCFACE((#14905));
#14907 = IFCPOLYLOOP((#12734, #10842, #12735));
#14908 = IFCFACEOUTERBOUND(#14907, .T.);
#14909 = IFCFACE((#14908));
#14910 = IFCPOLYLOOP((#12734, #10846, #10838));
#14911 = IFCFACEOUTERBOUND(#14910, .T.);
#14912 = IFCFACE((#14911));
#14913 = IFCPOLYLOOP((#10869, #10865, #12735));
#14914 = IFCFACEOUTERBOUND(#14913, .T.);
#14915 = IFCFACE((#14914));
#14916 = IFCPOLYLOOP((#10842, #10869, #12735));
#14917 = IFCFACEOUTERBOUND(#14916, .T.);
#14918 = IFCFACE((#14917));
#14919 = IFCPOLYLOOP((#10842, #12734, #10838));
#14920 = IFCFACEOUTERBOUND(#14919, .T.);
#14921 = IFCFACE((#14920));
#14922 = IFCPOLYLOOP((#12727, #10850, #10846));
#14923 = IFCFACEOUTERBOUND(#14922, .T.);
#14924 = IFCFACE((#14923));
#14925 = IFCPOLYLOOP((#10846, #12734, #12727));
#14926 = IFCFACEOUTERBOUND(#14925, .T.);
#14927 = IFCFACE((#14926));
#14928 = IFCPOLYLOOP((#13554, #12723, #12619));
#14929 = IFCFACEOUTERBOUND(#14928, .T.);
#14930 = IFCFACE((#14929));
#14931 = IFCPOLYLOOP((#12723, #13554, #13550));
#14932 = IFCFACEOUTERBOUND(#14931, .T.);
#14933 = IFCFACE((#14932));
#14934 = IFCPOLYLOOP((#10880, #12727, #13550));
#14935 = IFCFACEOUTERBOUND(#14934, .T.);
#14936 = IFCFACE((#14935));
#14937 = IFCPOLYLOOP((#10873, #10854, #10880));
#14938 = IFCFACEOUTERBOUND(#14937, .T.);
#14939 = IFCFACE((#14938));
#14940 = IFCPOLYLOOP((#10850, #10880, #10854));
#14941 = IFCFACEOUTERBOUND(#14940, .T.);
#14942 = IFCFACE((#14941));
#14943 = IFCPOLYLOOP((#12727, #10880, #10850));
#14944 = IFCFACEOUTERBOUND(#14943, .T.);
#14945 = IFCFACE((#14944));
#14946 = IFCPOLYLOOP((#12723, #13550, #12727));
#14947 = IFCFACEOUTERBOUND(#14946, .T.);
#14948 = IFCFACE((#14947));
#14949 = IFCPOLYLOOP((#11784, #11783, #14394));
#14950 = IFCFACEOUTERBOUND(#14949, .T.);
#14951 = IFCFACE((#14950));
#14952 = IFCPOLYLOOP((#14394, #14390, #11784));
#14953 = IFCFACEOUTERBOUND(#14952, .T.);
#14954 = IFCFACE((#14953));
#14955 = IFCPOLYLOOP((#11798, #11793, #14383));
#14956 = IFCFACEOUTERBOUND(#14955, .T.);
#14957 = IFCFACE((#14956));
#14958 = IFCPOLYLOOP((#14383, #14376, #11798));
#14959 = IFCFACEOUTERBOUND(#14958, .T.);
#14960 = IFCFACE((#14959));
#14961 = IFCPOLYLOOP((#11784, #14390, #14383));
#14962 = IFCFACEOUTERBOUND(#14961, .T.);
#14963 = IFCFACE((#14962));
#14964 = IFCPOLYLOOP((#14383, #11793, #11784));
#14965 = IFCFACEOUTERBOUND(#14964, .T.);
#14966 = IFCFACE((#14965));
#14967 = IFCPOLYLOOP((#11809, #11799, #14363));
#14968 = IFCFACEOUTERBOUND(#14967, .T.);
#14969 = IFCFACE((#14968));
#14970 = IFCPOLYLOOP((#14363, #14350, #11809));
#14971 = IFCFACEOUTERBOUND(#14970, .T.);
#14972 = IFCFACE((#14971));
#14973 = IFCPOLYLOOP((#11826, #11803, #14343));
#14974 = IFCFACEOUTERBOUND(#14973, .T.);
#14975 = IFCFACE((#14974));
#14976 = IFCPOLYLOOP((#14343, #14335, #11826));
#14977 = IFCFACEOUTERBOUND(#14976, .T.);
#14978 = IFCFACE((#14977));
#14979 = IFCPOLYLOOP((#11803, #11809, #14350));
#14980 = IFCFACEOUTERBOUND(#14979, .T.);
#14981 = IFCFACE((#14980));
#14982 = IFCPOLYLOOP((#14350, #14343, #11803));
#14983 = IFCFACEOUTERBOUND(#14982, .T.);
#14984 = IFCFACE((#14983));
#14985 = IFCPOLYLOOP((#11799, #11798, #14376));
#14986 = IFCFACEOUTERBOUND(#14985, .T.);
#14987 = IFCFACE((#14986));
#14988 = IFCPOLYLOOP((#14376, #14363, #11799));
#14989 = IFCFACEOUTERBOUND(#14988, .T.);
#14990 = IFCFACE((#14989));
#14991 = IFCPOLYLOOP((#11834, #11830, #14339));
#14992 = IFCFACEOUTERBOUND(#14991, .T.);
#14993 = IFCFACE((#14992));
#14994 = IFCPOLYLOOP((#14339, #14316, #11834));
#14995 = IFCFACEOUTERBOUND(#14994, .T.);
#14996 = IFCFACE((#14995));
#14997 = IFCPOLYLOOP((#11842, #11847, #14308));
#14998 = IFCFACEOUTERBOUND(#14997, .T.);
#14999 = IFCFACE((#14998));
#15000 = IFCPOLYLOOP((#14308, #14312, #11842));
#15001 = IFCFACEOUTERBOUND(#15000, .T.);
#15002 = IFCFACE((#15001));
#15003 = IFCPOLYLOOP((#11847, #11834, #14316));
#15004 = IFCFACEOUTERBOUND(#15003, .T.);
#15005 = IFCFACE((#15004));
#15006 = IFCPOLYLOOP((#14316, #14308, #11847));
#15007 = IFCFACEOUTERBOUND(#15006, .T.);
#15008 = IFCFACE((#15007));
#15009 = IFCPOLYLOOP((#11856, #11852, #14301));
#15010 = IFCFACEOUTERBOUND(#15009, .T.);
#15011 = IFCFACE((#15010));
#15012 = IFCPOLYLOOP((#14301, #14293, #11856));
#15013 = IFCFACEOUTERBOUND(#15012, .T.);
#15014 = IFCFACE((#15013));
#15015 = IFCPOLYLOOP((#11871, #11870, #14297));
#15016 = IFCFACEOUTERBOUND(#15015, .T.);
#15017 = IFCFACE((#15016));
#15018 = IFCPOLYLOOP((#14297, #14280, #11871));
#15019 = IFCFACEOUTERBOUND(#15018, .T.);
#15020 = IFCFACE((#15019));
#15021 = IFCPOLYLOOP((#11870, #11856, #14293));
#15022 = IFCFACEOUTERBOUND(#15021, .T.);
#15023 = IFCFACE((#15022));
#15024 = IFCPOLYLOOP((#14293, #14297, #11870));
#15025 = IFCFACEOUTERBOUND(#15024, .T.);
#15026 = IFCFACE((#15025));
#15027 = IFCPOLYLOOP((#11852, #11842, #14312));
#15028 = IFCFACEOUTERBOUND(#15027, .T.);
#15029 = IFCFACE((#15028));
#15030 = IFCPOLYLOOP((#14312, #14301, #11852));
#15031 = IFCFACEOUTERBOUND(#15030, .T.);
#15032 = IFCFACE((#15031));
#15033 = IFCPOLYLOOP((#11830, #11826, #14335));
#15034 = IFCFACEOUTERBOUND(#15033, .T.);
#15035 = IFCFACE((#15034));
#15036 = IFCPOLYLOOP((#14335, #14339, #11830));
#15037 = IFCFACEOUTERBOUND(#15036, .T.);
#15038 = IFCFACE((#15037));
#15039 = IFCPOLYLOOP((#11889, #11879, #14272));
#15040 = IFCFACEOUTERBOUND(#15039, .T.);
#15041 = IFCFACE((#15040));
#15042 = IFCPOLYLOOP((#14272, #14276, #11889));
#15043 = IFCFACEOUTERBOUND(#15042, .T.);
#15044 = IFCFACE((#15043));
#15045 = IFCPOLYLOOP((#11898, #11883, #14265));
#15046 = IFCFACEOUTERBOUND(#15045, .T.);
#15047 = IFCFACE((#15046));
#15048 = IFCPOLYLOOP((#14265, #14257, #11898));
#15049 = IFCFACEOUTERBOUND(#15048, .T.);
#15050 = IFCFACE((#15049));
#15051 = IFCPOLYLOOP((#11883, #11889, #14276));
#15052 = IFCFACEOUTERBOUND(#15051, .T.);
#15053 = IFCFACE((#15052));
#15054 = IFCPOLYLOOP((#14276, #14265, #11883));
#15055 = IFCFACEOUTERBOUND(#15054, .T.);
#15056 = IFCFACE((#15055));
#15057 = IFCPOLYLOOP((#11913, #11893, #14261));
#15058 = IFCFACEOUTERBOUND(#15057, .T.);
#15059 = IFCFACE((#15058));
#15060 = IFCPOLYLOOP((#14261, #14229, #11913));
#15061 = IFCFACEOUTERBOUND(#15060, .T.);
#15062 = IFCFACE((#15061));
#15063 = IFCPOLYLOOP((#11923, #11911, #14221));
#15064 = IFCFACEOUTERBOUND(#15063, .T.);
#15065 = IFCFACE((#15064));
#15066 = IFCPOLYLOOP((#14221, #14225, #11923));
#15067 = IFCFACEOUTERBOUND(#15066, .T.);
#15068 = IFCFACE((#15067));
#15069 = IFCPOLYLOOP((#11911, #11913, #14229));
#15070 = IFCFACEOUTERBOUND(#15069, .T.);
#15071 = IFCFACE((#15070));
#15072 = IFCPOLYLOOP((#14229, #14221, #11911));
#15073 = IFCFACEOUTERBOUND(#15072, .T.);
#15074 = IFCFACE((#15073));
#15075 = IFCPOLYLOOP((#11893, #11898, #14257));
#15076 = IFCFACEOUTERBOUND(#15075, .T.);
#15077 = IFCFACE((#15076));
#15078 = IFCPOLYLOOP((#14257, #14261, #11893));
#15079 = IFCFACEOUTERBOUND(#15078, .T.);
#15080 = IFCFACE((#15079));
#15081 = IFCPOLYLOOP((#11938, #11917, #14214));
#15082 = IFCFACEOUTERBOUND(#15081, .T.);
#15083 = IFCFACE((#15082));
#15084 = IFCPOLYLOOP((#14214, #14206, #11938));
#15085 = IFCFACEOUTERBOUND(#15084, .T.);
#15086 = IFCFACE((#15085));
#15087 = IFCPOLYLOOP((#11944, #11933, #14210));
#15088 = IFCFACEOUTERBOUND(#15087, .T.);
#15089 = IFCFACE((#15088));
#15090 = IFCPOLYLOOP((#14210, #14193, #11944));
#15091 = IFCFACEOUTERBOUND(#15090, .T.);
#15092 = IFCFACE((#15091));
#15093 = IFCPOLYLOOP((#11933, #11938, #14206));
#15094 = IFCFACEOUTERBOUND(#15093, .T.);
#15095 = IFCFACE((#15094));
#15096 = IFCPOLYLOOP((#14206, #14210, #11933));
#15097 = IFCFACEOUTERBOUND(#15096, .T.);
#15098 = IFCFACE((#15097));
#15099 = IFCPOLYLOOP((#11975, #11942, #14185));
#15100 = IFCFACEOUTERBOUND(#15099, .T.);
#15101 = IFCFACE((#15100));
#15102 = IFCPOLYLOOP((#14185, #14189, #11975));
#15103 = IFCFACEOUTERBOUND(#15102, .T.);
#15104 = IFCFACE((#15103));
#15105 = IFCPOLYLOOP((#11979, #11969, #14181));
#15106 = IFCFACEOUTERBOUND(#15105, .T.);
#15107 = IFCFACE((#15106));
#15108 = IFCPOLYLOOP((#14181, #14177, #11979));
#15109 = IFCFACEOUTERBOUND(#15108, .T.);
#15110 = IFCFACE((#15109));
#15111 = IFCPOLYLOOP((#11989, #11979, #14177));
#15112 = IFCFACEOUTERBOUND(#15111, .T.);
#15113 = IFCFACE((#15112));
#15114 = IFCPOLYLOOP((#14177, #14176, #11989));
#15115 = IFCFACEOUTERBOUND(#15114, .T.);
#15116 = IFCFACE((#15115));
#15117 = IFCPOLYLOOP((#11969, #11975, #14189));
#15118 = IFCFACEOUTERBOUND(#15117, .T.);
#15119 = IFCFACE((#15118));
#15120 = IFCPOLYLOOP((#14189, #14181, #11969));
#15121 = IFCFACEOUTERBOUND(#15120, .T.);
#15122 = IFCFACE((#15121));
#15123 = IFCPOLYLOOP((#11942, #11944, #14193));
#15124 = IFCFACEOUTERBOUND(#15123, .T.);
#15125 = IFCFACE((#15124));
#15126 = IFCPOLYLOOP((#14193, #14185, #11942));
#15127 = IFCFACEOUTERBOUND(#15126, .T.);
#15128 = IFCFACE((#15127));
#15129 = IFCPOLYLOOP((#11917, #11923, #14225));
#15130 = IFCFACEOUTERBOUND(#15129, .T.);
#15131 = IFCFACE((#15130));
#15132 = IFCPOLYLOOP((#14225, #14214, #11917));
#15133 = IFCFACEOUTERBOUND(#15132, .T.);
#15134 = IFCFACE((#15133));
#15135 = IFCPOLYLOOP((#11879, #11871, #14280));
#15136 = IFCFACEOUTERBOUND(#15135, .T.);
#15137 = IFCFACE((#15136));
#15138 = IFCPOLYLOOP((#14280, #14272, #11879));
#15139 = IFCFACEOUTERBOUND(#15138, .T.);
#15140 = IFCFACE((#15139));
#15141 = IFCPOLYLOOP((#11994, #11983, #14163));
#15142 = IFCFACEOUTERBOUND(#15141, .T.);
#15143 = IFCFACE((#15142));
#15144 = IFCPOLYLOOP((#14163, #14159, #11994));
#15145 = IFCFACEOUTERBOUND(#15144, .T.);
#15146 = IFCFACE((#15145));
#15147 = IFCPOLYLOOP((#12009, #11998, #14158));
#15148 = IFCFACEOUTERBOUND(#15147, .T.);
#15149 = IFCFACE((#15148));
#15150 = IFCPOLYLOOP((#14158, #14154, #12009));
#15151 = IFCFACEOUTERBOUND(#15150, .T.);
#15152 = IFCFACE((#15151));
#15153 = IFCPOLYLOOP((#11998, #11994, #14159));
#15154 = IFCFACEOUTERBOUND(#15153, .T.);
#15155 = IFCFACE((#15154));
#15156 = IFCPOLYLOOP((#14159, #14158, #11998));
#15157 = IFCFACEOUTERBOUND(#15156, .T.);
#15158 = IFCFACE((#15157));
#15159 = IFCPOLYLOOP((#12018, #12013, #14146));
#15160 = IFCFACEOUTERBOUND(#15159, .T.);
#15161 = IFCFACE((#15160));
#15162 = IFCPOLYLOOP((#14146, #14150, #12018));
#15163 = IFCFACEOUTERBOUND(#15162, .T.);
#15164 = IFCFACE((#15163));
#15165 = IFCPOLYLOOP((#12030, #12019, #14133));
#15166 = IFCFACEOUTERBOUND(#15165, .T.);
#15167 = IFCFACE((#15166));
#15168 = IFCPOLYLOOP((#14133, #14129, #12030));
#15169 = IFCFACEOUTERBOUND(#15168, .T.);
#15170 = IFCFACE((#15169));
#15171 = IFCPOLYLOOP((#12019, #12018, #14150));
#15172 = IFCFACEOUTERBOUND(#15171, .T.);
#15173 = IFCFACE((#15172));
#15174 = IFCPOLYLOOP((#14150, #14133, #12019));
#15175 = IFCFACEOUTERBOUND(#15174, .T.);
#15176 = IFCFACE((#15175));
#15177 = IFCPOLYLOOP((#12013, #12009, #14154));
#15178 = IFCFACEOUTERBOUND(#15177, .T.);
#15179 = IFCFACE((#15178));
#15180 = IFCPOLYLOOP((#14154, #14146, #12013));
#15181 = IFCFACEOUTERBOUND(#15180, .T.);
#15182 = IFCFACE((#15181));
#15183 = IFCPOLYLOOP((#12040, #12031, #14128));
#15184 = IFCFACEOUTERBOUND(#15183, .T.);
#15185 = IFCFACE((#15184));
#15186 = IFCPOLYLOOP((#14128, #14124, #12040));
#15187 = IFCFACEOUTERBOUND(#15186, .T.);
#15188 = IFCFACE((#15187));
#15189 = IFCPOLYLOOP((#12044, #14116, #14120));
#15190 = IFCFACEOUTERBOUND(#15189, .T.);
#15191 = IFCFACE((#15190));
#15192 = IFCPOLYLOOP((#14120, #12061, #12044));
#15193 = IFCFACEOUTERBOUND(#15192, .T.);
#15194 = IFCFACE((#15193));
#15195 = IFCPOLYLOOP((#12040, #14124, #14116));
#15196 = IFCFACEOUTERBOUND(#15195, .T.);
#15197 = IFCFACE((#15196));
#15198 = IFCPOLYLOOP((#14116, #12044, #12040));
#15199 = IFCFACEOUTERBOUND(#15198, .T.);
#15200 = IFCFACE((#15199));
#15201 = IFCPOLYLOOP((#12065, #14094, #14090));
#15202 = IFCFACEOUTERBOUND(#15201, .T.);
#15203 = IFCFACE((#15202));
#15204 = IFCPOLYLOOP((#14090, #12073, #12065));
#15205 = IFCFACEOUTERBOUND(#15204, .T.);
#15206 = IFCFACE((#15205));
#15207 = IFCPOLYLOOP((#12095, #14089, #14085));
#15208 = IFCFACEOUTERBOUND(#15207, .T.);
#15209 = IFCFACE((#15208));
#15210 = IFCPOLYLOOP((#14085, #12077, #12095));
#15211 = IFCFACEOUTERBOUND(#15210, .T.);
#15212 = IFCFACE((#15211));
#15213 = IFCPOLYLOOP((#12073, #14090, #14089));
#15214 = IFCFACEOUTERBOUND(#15213, .T.);
#15215 = IFCFACE((#15214));
#15216 = IFCPOLYLOOP((#14089, #12095, #12073));
#15217 = IFCFACEOUTERBOUND(#15216, .T.);
#15218 = IFCFACE((#15217));
#15219 = IFCPOLYLOOP((#12061, #14120, #14094));
#15220 = IFCFACEOUTERBOUND(#15219, .T.);
#15221 = IFCFACE((#15220));
#15222 = IFCPOLYLOOP((#14094, #12065, #12061));
#15223 = IFCFACEOUTERBOUND(#15222, .T.);
#15224 = IFCFACE((#15223));
#15225 = IFCPOLYLOOP((#12031, #12030, #14129));
#15226 = IFCFACEOUTERBOUND(#15225, .T.);
#15227 = IFCFACE((#15226));
#15228 = IFCPOLYLOOP((#14129, #14128, #12031));
#15229 = IFCFACEOUTERBOUND(#15228, .T.);
#15230 = IFCFACE((#15229));
#15231 = IFCPOLYLOOP((#12078, #14077, #14081));
#15232 = IFCFACEOUTERBOUND(#15231, .T.);
#15233 = IFCFACE((#15232));
#15234 = IFCPOLYLOOP((#14081, #12091, #12078));
#15235 = IFCFACEOUTERBOUND(#15234, .T.);
#15236 = IFCFACE((#15235));
#15237 = IFCPOLYLOOP((#12103, #14067, #14063));
#15238 = IFCFACEOUTERBOUND(#15237, .T.);
#15239 = IFCFACE((#15238));
#15240 = IFCPOLYLOOP((#14063, #12107, #12103));
#15241 = IFCFACEOUTERBOUND(#15240, .T.);
#15242 = IFCFACE((#15241));
#15243 = IFCPOLYLOOP((#12091, #14081, #14067));
#15244 = IFCFACEOUTERBOUND(#15243, .T.);
#15245 = IFCFACE((#15244));
#15246 = IFCPOLYLOOP((#14067, #12103, #12091));
#15247 = IFCFACEOUTERBOUND(#15246, .T.);
#15248 = IFCFACE((#15247));
#15249 = IFCPOLYLOOP((#12124, #14059, #14055));
#15250 = IFCFACEOUTERBOUND(#15249, .T.);
#15251 = IFCFACE((#15250));
#15252 = IFCPOLYLOOP((#14055, #12111, #12124));
#15253 = IFCFACEOUTERBOUND(#15252, .T.);
#15254 = IFCFACE((#15253));
#15255 = IFCPOLYLOOP((#12112, #14048, #14044));
#15256 = IFCFACEOUTERBOUND(#15255, .T.);
#15257 = IFCFACE((#15256));
#15258 = IFCPOLYLOOP((#14044, #12132, #12112));
#15259 = IFCFACEOUTERBOUND(#15258, .T.);
#15260 = IFCFACE((#15259));
#15261 = IFCPOLYLOOP((#12111, #14055, #14048));
#15262 = IFCFACEOUTERBOUND(#15261, .T.);
#15263 = IFCFACE((#15262));
#15264 = IFCPOLYLOOP((#14048, #12112, #12111));
#15265 = IFCFACEOUTERBOUND(#15264, .T.);
#15266 = IFCFACE((#15265));
#15267 = IFCPOLYLOOP((#12107, #14063, #14059));
#15268 = IFCFACEOUTERBOUND(#15267, .T.);
#15269 = IFCFACE((#15268));
#15270 = IFCPOLYLOOP((#14059, #12124, #12107));
#15271 = IFCFACEOUTERBOUND(#15270, .T.);
#15272 = IFCFACE((#15271));
#15273 = IFCPOLYLOOP((#12137, #14028, #14021));
#15274 = IFCFACEOUTERBOUND(#15273, .T.);
#15275 = IFCFACE((#15274));
#15276 = IFCPOLYLOOP((#14021, #12141, #12137));
#15277 = IFCFACEOUTERBOUND(#15276, .T.);
#15278 = IFCFACE((#15277));
#15279 = IFCPOLYLOOP((#12150, #12149, #14017));
#15280 = IFCFACEOUTERBOUND(#15279, .T.);
#15281 = IFCFACE((#15280));
#15282 = IFCPOLYLOOP((#14017, #14013, #12150));
#15283 = IFCFACEOUTERBOUND(#15282, .T.);
#15284 = IFCFACE((#15283));
#15285 = IFCPOLYLOOP((#12149, #12141, #14021));
#15286 = IFCFACEOUTERBOUND(#15285, .T.);
#15287 = IFCFACE((#15286));
#15288 = IFCPOLYLOOP((#14021, #14017, #12149));
#15289 = IFCFACEOUTERBOUND(#15288, .T.);
#15290 = IFCFACE((#15289));
#15291 = IFCPOLYLOOP((#12163, #12158, #14006));
#15292 = IFCFACEOUTERBOUND(#15291, .T.);
#15293 = IFCFACE((#15292));
#15294 = IFCPOLYLOOP((#14006, #14002, #12163));
#15295 = IFCFACEOUTERBOUND(#15294, .T.);
#15296 = IFCFACE((#15295));
#15297 = IFCPOLYLOOP((#12173, #12164, #13992));
#15298 = IFCFACEOUTERBOUND(#15297, .T.);
#15299 = IFCFACE((#15298));
#15300 = IFCPOLYLOOP((#13992, #13985, #12173));
#15301 = IFCFACEOUTERBOUND(#15300, .T.);
#15302 = IFCFACE((#15301));
#15303 = IFCPOLYLOOP((#12174, #12173, #13985));
#15304 = IFCFACEOUTERBOUND(#15303, .T.);
#15305 = IFCFACE((#15304));
#15306 = IFCPOLYLOOP((#13985, #13981, #12174));
#15307 = IFCFACEOUTERBOUND(#15306, .T.);
#15308 = IFCFACE((#15307));
#15309 = IFCPOLYLOOP((#12164, #12163, #14002));
#15310 = IFCFACEOUTERBOUND(#15309, .T.);
#15311 = IFCFACE((#15310));
#15312 = IFCPOLYLOOP((#14002, #13992, #12164));
#15313 = IFCFACEOUTERBOUND(#15312, .T.);
#15314 = IFCFACE((#15313));
#15315 = IFCPOLYLOOP((#12158, #12150, #14013));
#15316 = IFCFACEOUTERBOUND(#15315, .T.);
#15317 = IFCFACE((#15316));
#15318 = IFCPOLYLOOP((#14013, #14006, #12158));
#15319 = IFCFACEOUTERBOUND(#15318, .T.);
#15320 = IFCFACE((#15319));
#15321 = IFCPOLYLOOP((#12132, #14044, #14028));
#15322 = IFCFACEOUTERBOUND(#15321, .T.);
#15323 = IFCFACE((#15322));
#15324 = IFCPOLYLOOP((#14028, #12137, #12132));
#15325 = IFCFACEOUTERBOUND(#15324, .T.);
#15326 = IFCFACE((#15325));
#15327 = IFCPOLYLOOP((#12077, #14085, #14077));
#15328 = IFCFACEOUTERBOUND(#15327, .T.);
#15329 = IFCFACE((#15328));
#15330 = IFCPOLYLOOP((#14077, #12078, #12077));
#15331 = IFCFACEOUTERBOUND(#15330, .T.);
#15332 = IFCFACE((#15331));
#15333 = IFCPOLYLOOP((#11983, #11989, #14176));
#15334 = IFCFACEOUTERBOUND(#15333, .T.);
#15335 = IFCFACE((#15334));
#15336 = IFCPOLYLOOP((#14176, #14163, #11983));
#15337 = IFCFACEOUTERBOUND(#15336, .T.);
#15338 = IFCFACE((#15337));
#15339 = IFCPOLYLOOP((#12191, #13974, #13964));
#15340 = IFCFACEOUTERBOUND(#15339, .T.);
#15341 = IFCFACE((#15340));
#15342 = IFCPOLYLOOP((#13964, #12192, #12191));
#15343 = IFCFACEOUTERBOUND(#15342, .T.);
#15344 = IFCFACE((#15343));
#15345 = IFCPOLYLOOP((#12200, #13942, #13935));
#15346 = IFCFACEOUTERBOUND(#15345, .T.);
#15347 = IFCFACE((#15346));
#15348 = IFCPOLYLOOP((#13935, #12206, #12200));
#15349 = IFCFACEOUTERBOUND(#15348, .T.);
#15350 = IFCFACE((#15349));
#15351 = IFCPOLYLOOP((#12192, #13964, #13942));
#15352 = IFCFACEOUTERBOUND(#15351, .T.);
#15353 = IFCFACE((#15352));
#15354 = IFCPOLYLOOP((#13942, #12200, #12192));
#15355 = IFCFACEOUTERBOUND(#15354, .T.);
#15356 = IFCFACE((#15355));
#15357 = IFCPOLYLOOP((#12210, #13934, #13927));
#15358 = IFCFACEOUTERBOUND(#15357, .T.);
#15359 = IFCFACE((#15358));
#15360 = IFCPOLYLOOP((#13927, #12215, #12210));
#15361 = IFCFACEOUTERBOUND(#15360, .T.);
#15362 = IFCFACE((#15361));
#15363 = IFCPOLYLOOP((#12216, #13920, #13919));
#15364 = IFCFACEOUTERBOUND(#15363, .T.);
#15365 = IFCFACE((#15364));
#15366 = IFCPOLYLOOP((#13919, #12244, #12216));
#15367 = IFCFACEOUTERBOUND(#15366, .T.);
#15368 = IFCFACE((#15367));
#15369 = IFCPOLYLOOP((#12215, #13927, #13920));
#15370 = IFCFACEOUTERBOUND(#15369, .T.);
#15371 = IFCFACE((#15370));
#15372 = IFCPOLYLOOP((#13920, #12216, #12215));
#15373 = IFCFACEOUTERBOUND(#15372, .T.);
#15374 = IFCFACE((#15373));
#15375 = IFCPOLYLOOP((#12206, #13935, #13934));
#15376 = IFCFACEOUTERBOUND(#15375, .T.);
#15377 = IFCFACE((#15376));
#15378 = IFCPOLYLOOP((#13934, #12210, #12206));
#15379 = IFCFACEOUTERBOUND(#15378, .T.);
#15380 = IFCFACE((#15379));
#15381 = IFCPOLYLOOP((#12248, #12238, #13906));
#15382 = IFCFACEOUTERBOUND(#15381, .T.);
#15383 = IFCFACE((#15382));
#15384 = IFCPOLYLOOP((#13906, #13899, #12248));
#15385 = IFCFACEOUTERBOUND(#15384, .T.);
#15386 = IFCFACE((#15385));
#15387 = IFCPOLYLOOP((#12256, #12261, #13898));
#15388 = IFCFACEOUTERBOUND(#15387, .T.);
#15389 = IFCFACE((#15388));
#15390 = IFCPOLYLOOP((#13898, #13891, #12256));
#15391 = IFCFACEOUTERBOUND(#15390, .T.);
#15392 = IFCFACE((#15391));
#15393 = IFCPOLYLOOP((#12261, #12248, #13899));
#15394 = IFCFACEOUTERBOUND(#15393, .T.);
#15395 = IFCFACE((#15394));
#15396 = IFCPOLYLOOP((#13899, #13898, #12261));
#15397 = IFCFACEOUTERBOUND(#15396, .T.);
#15398 = IFCFACE((#15397));
#15399 = IFCPOLYLOOP((#12265, #12267, #13887));
#15400 = IFCFACEOUTERBOUND(#15399, .T.);
#15401 = IFCFACE((#15400));
#15402 = IFCPOLYLOOP((#13887, #13880, #12265));
#15403 = IFCFACEOUTERBOUND(#15402, .T.);
#15404 = IFCFACE((#15403));
#15405 = IFCPOLYLOOP((#12280, #12286, #13855));
#15406 = IFCFACEOUTERBOUND(#15405, .T.);
#15407 = IFCFACE((#15406));
#15408 = IFCPOLYLOOP((#13855, #13848, #12280));
#15409 = IFCFACEOUTERBOUND(#15408, .T.);
#15410 = IFCFACE((#15409));
#15411 = IFCPOLYLOOP((#12286, #12265, #13880));
#15412 = IFCFACEOUTERBOUND(#15411, .T.);
#15413 = IFCFACE((#15412));
#15414 = IFCPOLYLOOP((#13880, #13855, #12286));
#15415 = IFCFACEOUTERBOUND(#15414, .T.);
#15416 = IFCFACE((#15415));
#15417 = IFCPOLYLOOP((#12267, #12256, #13891));
#15418 = IFCFACEOUTERBOUND(#15417, .T.);
#15419 = IFCFACE((#15418));
#15420 = IFCPOLYLOOP((#13891, #13887, #12267));
#15421 = IFCFACEOUTERBOUND(#15420, .T.);
#15422 = IFCFACE((#15421));
#15423 = IFCPOLYLOOP((#12244, #13919, #13906));
#15424 = IFCFACEOUTERBOUND(#15423, .T.);
#15425 = IFCFACE((#15424));
#15426 = IFCPOLYLOOP((#13906, #12238, #12244));
#15427 = IFCFACEOUTERBOUND(#15426, .T.);
#15428 = IFCFACE((#15427));
#15429 = IFCPOLYLOOP((#12290, #12295, #13847));
#15430 = IFCFACEOUTERBOUND(#15429, .T.);
#15431 = IFCFACE((#15430));
#15432 = IFCPOLYLOOP((#13847, #13843, #12290));
#15433 = IFCFACEOUTERBOUND(#15432, .T.);
#15434 = IFCFACE((#15433));
#15435 = IFCPOLYLOOP((#12302, #12308, #13839));
#15436 = IFCFACEOUTERBOUND(#15435, .T.);
#15437 = IFCFACE((#15436));
#15438 = IFCPOLYLOOP((#13839, #13832, #12302));
#15439 = IFCFACEOUTERBOUND(#15438, .T.);
#15440 = IFCFACE((#15439));
#15441 = IFCPOLYLOOP((#12308, #12290, #13843));
#15442 = IFCFACEOUTERBOUND(#15441, .T.);
#15443 = IFCFACE((#15442));
#15444 = IFCPOLYLOOP((#13843, #13839, #12308));
#15445 = IFCFACEOUTERBOUND(#15444, .T.);
#15446 = IFCFACE((#15445));
#15447 = IFCPOLYLOOP((#12312, #12317, #13822));
#15448 = IFCFACEOUTERBOUND(#15447, .T.);
#15449 = IFCFACE((#15448));
#15450 = IFCPOLYLOOP((#13822, #13818, #12312));
#15451 = IFCFACEOUTERBOUND(#15450, .T.);
#15452 = IFCFACE((#15451));
#15453 = IFCPOLYLOOP((#12342, #12344, #13795));
#15454 = IFCFACEOUTERBOUND(#15453, .T.);
#15455 = IFCFACE((#15454));
#15456 = IFCPOLYLOOP((#13795, #13788, #12342));
#15457 = IFCFACEOUTERBOUND(#15456, .T.);
#15458 = IFCFACE((#15457));
#15459 = IFCPOLYLOOP((#12344, #12312, #13818));
#15460 = IFCFACEOUTERBOUND(#15459, .T.);
#15461 = IFCFACE((#15460));
#15462 = IFCPOLYLOOP((#13818, #13795, #12344));
#15463 = IFCFACEOUTERBOUND(#15462, .T.);
#15464 = IFCFACE((#15463));
#15465 = IFCPOLYLOOP((#12317, #12302, #13832));
#15466 = IFCFACEOUTERBOUND(#15465, .T.);
#15467 = IFCFACE((#15466));
#15468 = IFCPOLYLOOP((#13832, #13822, #12317));
#15469 = IFCFACEOUTERBOUND(#15468, .T.);
#15470 = IFCFACE((#15469));
#15471 = IFCPOLYLOOP((#12348, #13787, #13783));
#15472 = IFCFACEOUTERBOUND(#15471, .T.);
#15473 = IFCFACE((#15472));
#15474 = IFCPOLYLOOP((#13783, #12357, #12348));
#15475 = IFCFACEOUTERBOUND(#15474, .T.);
#15476 = IFCFACE((#15475));
#15477 = IFCPOLYLOOP((#12361, #13779, #13775));
#15478 = IFCFACEOUTERBOUND(#15477, .T.);
#15479 = IFCFACE((#15478));
#15480 = IFCPOLYLOOP((#13775, #12366, #12361));
#15481 = IFCFACEOUTERBOUND(#15480, .T.);
#15482 = IFCFACE((#15481));
#15483 = IFCPOLYLOOP((#12357, #13783, #13779));
#15484 = IFCFACEOUTERBOUND(#15483, .T.);
#15485 = IFCFACE((#15484));
#15486 = IFCPOLYLOOP((#13779, #12361, #12357));
#15487 = IFCFACEOUTERBOUND(#15486, .T.);
#15488 = IFCFACE((#15487));
#15489 = IFCPOLYLOOP((#12367, #13765, #13758));
#15490 = IFCFACEOUTERBOUND(#15489, .T.);
#15491 = IFCFACE((#15490));
#15492 = IFCPOLYLOOP((#13758, #12386, #12367));
#15493 = IFCFACEOUTERBOUND(#15492, .T.);
#15494 = IFCFACE((#15493));
#15495 = IFCPOLYLOOP((#12380, #13757, #13753));
#15496 = IFCFACEOUTERBOUND(#15495, .T.);
#15497 = IFCFACE((#15496));
#15498 = IFCPOLYLOOP((#13753, #12390, #12380));
#15499 = IFCFACEOUTERBOUND(#15498, .T.);
#15500 = IFCFACE((#15499));
#15501 = IFCPOLYLOOP((#12390, #13753, #13749));
#15502 = IFCFACEOUTERBOUND(#15501, .T.);
#15503 = IFCFACE((#15502));
#15504 = IFCPOLYLOOP((#13749, #12391, #12390));
#15505 = IFCFACEOUTERBOUND(#15504, .T.);
#15506 = IFCFACE((#15505));
#15507 = IFCPOLYLOOP((#12386, #13758, #13757));
#15508 = IFCFACEOUTERBOUND(#15507, .T.);
#15509 = IFCFACE((#15508));
#15510 = IFCPOLYLOOP((#13757, #12380, #12386));
#15511 = IFCFACEOUTERBOUND(#15510, .T.);
#15512 = IFCFACE((#15511));
#15513 = IFCPOLYLOOP((#12366, #13775, #13765));
#15514 = IFCFACEOUTERBOUND(#15513, .T.);
#15515 = IFCFACE((#15514));
#15516 = IFCPOLYLOOP((#13765, #12367, #12366));
#15517 = IFCFACEOUTERBOUND(#15516, .T.);
#15518 = IFCFACE((#15517));
#15519 = IFCPOLYLOOP((#12348, #12342, #13788));
#15520 = IFCFACEOUTERBOUND(#15519, .T.);
#15521 = IFCFACE((#15520));
#15522 = IFCPOLYLOOP((#13788, #13787, #12348));
#15523 = IFCFACEOUTERBOUND(#15522, .T.);
#15524 = IFCFACE((#15523));
#15525 = IFCPOLYLOOP((#12295, #12280, #13848));
#15526 = IFCFACEOUTERBOUND(#15525, .T.);
#15527 = IFCFACE((#15526));
#15528 = IFCPOLYLOOP((#13848, #13847, #12295));
#15529 = IFCFACEOUTERBOUND(#15528, .T.);
#15530 = IFCFACE((#15529));
#15531 = IFCPOLYLOOP((#12403, #13748, #13735));
#15532 = IFCFACEOUTERBOUND(#15531, .T.);
#15533 = IFCFACE((#15532));
#15534 = IFCPOLYLOOP((#13735, #12407, #12403));
#15535 = IFCFACEOUTERBOUND(#15534, .T.);
#15536 = IFCFACE((#15535));
#15537 = IFCPOLYLOOP((#12412, #13731, #13721));
#15538 = IFCFACEOUTERBOUND(#15537, .T.);
#15539 = IFCFACE((#15538));
#15540 = IFCPOLYLOOP((#13721, #12413, #12412));
#15541 = IFCFACEOUTERBOUND(#15540, .T.);
#15542 = IFCFACE((#15541));
#15543 = IFCPOLYLOOP((#12407, #13735, #13731));
#15544 = IFCFACEOUTERBOUND(#15543, .T.);
#15545 = IFCFACE((#15544));
#15546 = IFCPOLYLOOP((#13731, #12412, #12407));
#15547 = IFCFACEOUTERBOUND(#15546, .T.);
#15548 = IFCFACE((#15547));
#15549 = IFCPOLYLOOP((#12514, #13720, #13707));
#15550 = IFCFACEOUTERBOUND(#15549, .T.);
#15551 = IFCFACE((#15550));
#15552 = IFCPOLYLOOP((#13707, #12429, #12514));
#15553 = IFCFACEOUTERBOUND(#15552, .T.);
#15554 = IFCFACE((#15553));
#15555 = IFCPOLYLOOP((#12435, #13700, #13699));
#15556 = IFCFACEOUTERBOUND(#15555, .T.);
#15557 = IFCFACE((#15556));
#15558 = IFCPOLYLOOP((#13699, #12436, #12435));
#15559 = IFCFACEOUTERBOUND(#15558, .T.);
#15560 = IFCFACE((#15559));
#15561 = IFCPOLYLOOP((#12429, #13707, #13700));
#15562 = IFCFACEOUTERBOUND(#15561, .T.);
#15563 = IFCFACE((#15562));
#15564 = IFCPOLYLOOP((#13700, #12435, #12429));
#15565 = IFCFACEOUTERBOUND(#15564, .T.);
#15566 = IFCFACE((#15565));
#15567 = IFCPOLYLOOP((#12413, #13721, #13720));
#15568 = IFCFACEOUTERBOUND(#15567, .T.);
#15569 = IFCFACE((#15568));
#15570 = IFCPOLYLOOP((#13720, #12514, #12413));
#15571 = IFCFACEOUTERBOUND(#15570, .T.);
#15572 = IFCFACE((#15571));
#15573 = IFCPOLYLOOP((#12448, #13692, #13685));
#15574 = IFCFACEOUTERBOUND(#15573, .T.);
#15575 = IFCFACE((#15574));
#15576 = IFCPOLYLOOP((#13685, #12453, #12448));
#15577 = IFCFACEOUTERBOUND(#15576, .T.);
#15578 = IFCFACE((#15577));
#15579 = IFCPOLYLOOP((#12457, #13684, #13811));
#15580 = IFCFACEOUTERBOUND(#15579, .T.);
#15581 = IFCFACE((#15580));
#15582 = IFCPOLYLOOP((#13811, #12507, #12457));
#15583 = IFCFACEOUTERBOUND(#15582, .T.);
#15584 = IFCFACE((#15583));
#15585 = IFCPOLYLOOP((#12453, #13685, #13684));
#15586 = IFCFACEOUTERBOUND(#15585, .T.);
#15587 = IFCFACE((#15586));
#15588 = IFCPOLYLOOP((#13684, #12457, #12453));
#15589 = IFCFACEOUTERBOUND(#15588, .T.);
#15590 = IFCFACE((#15589));
#15591 = IFCPOLYLOOP((#12461, #13659, #13652));
#15592 = IFCFACEOUTERBOUND(#15591, .T.);
#15593 = IFCFACE((#15592));
#15594 = IFCPOLYLOOP((#13652, #12462, #12461));
#15595 = IFCFACEOUTERBOUND(#15594, .T.);
#15596 = IFCFACE((#15595));
#15597 = IFCPOLYLOOP((#12475, #13651, #13644));
#15598 = IFCFACEOUTERBOUND(#15597, .T.);
#15599 = IFCFACE((#15598));
#15600 = IFCPOLYLOOP((#13644, #12480, #12475));
#15601 = IFCFACEOUTERBOUND(#15600, .T.);
#15602 = IFCFACE((#15601));
#15603 = IFCPOLYLOOP((#12480, #13644, #13637));
#15604 = IFCFACEOUTERBOUND(#15603, .T.);
#15605 = IFCFACE((#15604));
#15606 = IFCPOLYLOOP((#13637, #12484, #12480));
#15607 = IFCFACEOUTERBOUND(#15606, .T.);
#15608 = IFCFACE((#15607));
#15609 = IFCPOLYLOOP((#12462, #13652, #13651));
#15610 = IFCFACEOUTERBOUND(#15609, .T.);
#15611 = IFCFACE((#15610));
#15612 = IFCPOLYLOOP((#13651, #12475, #12462));
#15613 = IFCFACEOUTERBOUND(#15612, .T.);
#15614 = IFCFACE((#15613));
#15615 = IFCPOLYLOOP((#12507, #13811, #13659));
#15616 = IFCFACEOUTERBOUND(#15615, .T.);
#15617 = IFCFACE((#15616));
#15618 = IFCPOLYLOOP((#13659, #12461, #12507));
#15619 = IFCFACEOUTERBOUND(#15618, .T.);
#15620 = IFCFACE((#15619));
#15621 = IFCPOLYLOOP((#12436, #13699, #13692));
#15622 = IFCFACEOUTERBOUND(#15621, .T.);
#15623 = IFCFACE((#15622));
#15624 = IFCPOLYLOOP((#13692, #12448, #12436));
#15625 = IFCFACEOUTERBOUND(#15624, .T.);
#15626 = IFCFACE((#15625));
#15627 = IFCPOLYLOOP((#12489, #13636, #13623));
#15628 = IFCFACEOUTERBOUND(#15627, .T.);
#15629 = IFCFACE((#15628));
#15630 = IFCPOLYLOOP((#13623, #12490, #12489));
#15631 = IFCFACEOUTERBOUND(#15630, .T.);
#15632 = IFCFACE((#15631));
#15633 = IFCPOLYLOOP((#12600, #13616, #13615));
#15634 = IFCFACEOUTERBOUND(#15633, .T.);
#15635 = IFCFACE((#15634));
#15636 = IFCPOLYLOOP((#13615, #12535, #12600));
#15637 = IFCFACEOUTERBOUND(#15636, .T.);
#15638 = IFCFACE((#15637));
#15639 = IFCPOLYLOOP((#12490, #13623, #13616));
#15640 = IFCFACEOUTERBOUND(#15639, .T.);
#15641 = IFCFACE((#15640));
#15642 = IFCPOLYLOOP((#13616, #12600, #12490));
#15643 = IFCFACEOUTERBOUND(#15642, .T.);
#15644 = IFCFACE((#15643));
#15645 = IFCPOLYLOOP((#12536, #13608, #13601));
#15646 = IFCFACEOUTERBOUND(#15645, .T.);
#15647 = IFCFACE((#15646));
#15648 = IFCPOLYLOOP((#13601, #12544, #12536));
#15649 = IFCFACEOUTERBOUND(#15648, .T.);
#15650 = IFCFACE((#15649));
#15651 = IFCPOLYLOOP((#12550, #13600, #13586));
#15652 = IFCFACEOUTERBOUND(#15651, .T.);
#15653 = IFCFACE((#15652));
#15654 = IFCPOLYLOOP((#13586, #12548, #12550));
#15655 = IFCFACEOUTERBOUND(#15654, .T.);
#15656 = IFCFACE((#15655));
#15657 = IFCPOLYLOOP((#12544, #13601, #13600));
#15658 = IFCFACEOUTERBOUND(#15657, .T.);
#15659 = IFCFACE((#15658));
#15660 = IFCPOLYLOOP((#13600, #12550, #12544));
#15661 = IFCFACEOUTERBOUND(#15660, .T.);
#15662 = IFCFACE((#15661));
#15663 = IFCPOLYLOOP((#12535, #13615, #13608));
#15664 = IFCFACEOUTERBOUND(#15663, .T.);
#15665 = IFCFACE((#15664));
#15666 = IFCPOLYLOOP((#13608, #12536, #12535));
#15667 = IFCFACEOUTERBOUND(#15666, .T.);
#15668 = IFCFACE((#15667));
#15669 = IFCPOLYLOOP((#12555, #13579, #13578));
#15670 = IFCFACEOUTERBOUND(#15669, .T.);
#15671 = IFCFACE((#15670));
#15672 = IFCPOLYLOOP((#13578, #12556, #12555));
#15673 = IFCFACEOUTERBOUND(#15672, .T.);
#15674 = IFCFACE((#15673));
#15675 = IFCPOLYLOOP((#12576, #13593, #13571));
#15676 = IFCFACEOUTERBOUND(#15675, .T.);
#15677 = IFCFACE((#15676));
#15678 = IFCPOLYLOOP((#13571, #12584, #12576));
#15679 = IFCFACEOUTERBOUND(#15678, .T.);
#15680 = IFCFACE((#15679));
#15681 = IFCPOLYLOOP((#12556, #13578, #13593));
#15682 = IFCFACEOUTERBOUND(#15681, .T.);
#15683 = IFCFACE((#15682));
#15684 = IFCPOLYLOOP((#13593, #12576, #12556));
#15685 = IFCFACEOUTERBOUND(#15684, .T.);
#15686 = IFCFACE((#15685));
#15687 = IFCPOLYLOOP((#12590, #13567, #13566));
#15688 = IFCFACEOUTERBOUND(#15687, .T.);
#15689 = IFCFACE((#15688));
#15690 = IFCPOLYLOOP((#13566, #12588, #12590));
#15691 = IFCFACEOUTERBOUND(#15690, .T.);
#15692 = IFCFACE((#15691));
#15693 = IFCPOLYLOOP((#12615, #12608, #13559));
#15694 = IFCFACEOUTERBOUND(#15693, .T.);
#15695 = IFCFACE((#15694));
#15696 = IFCPOLYLOOP((#13559, #13555, #12615));
#15697 = IFCFACEOUTERBOUND(#15696, .T.);
#15698 = IFCFACE((#15697));
#15699 = IFCPOLYLOOP((#12615, #13555, #13554));
#15700 = IFCFACEOUTERBOUND(#15699, .T.);
#15701 = IFCFACE((#15700));
#15702 = IFCPOLYLOOP((#13554, #12619, #12615));
#15703 = IFCFACEOUTERBOUND(#15702, .T.);
#15704 = IFCFACE((#15703));
#15705 = IFCPOLYLOOP((#12588, #13566, #13559));
#15706 = IFCFACEOUTERBOUND(#15705, .T.);
#15707 = IFCFACE((#15706));
#15708 = IFCPOLYLOOP((#13559, #12608, #12588));
#15709 = IFCFACEOUTERBOUND(#15708, .T.);
#15710 = IFCFACE((#15709));
#15711 = IFCPOLYLOOP((#12584, #13571, #13567));
#15712 = IFCFACEOUTERBOUND(#15711, .T.);
#15713 = IFCFACE((#15712));
#15714 = IFCPOLYLOOP((#13567, #12590, #12584));
#15715 = IFCFACEOUTERBOUND(#15714, .T.);
#15716 = IFCFACE((#15715));
#15717 = IFCPOLYLOOP((#12548, #13586, #13579));
#15718 = IFCFACEOUTERBOUND(#15717, .T.);
#15719 = IFCFACE((#15718));
#15720 = IFCPOLYLOOP((#13579, #12555, #12548));
#15721 = IFCFACEOUTERBOUND(#15720, .T.);
#15722 = IFCFACE((#15721));
#15723 = IFCPOLYLOOP((#12484, #13637, #13636));
#15724 = IFCFACEOUTERBOUND(#15723, .T.);
#15725 = IFCFACE((#15724));
#15726 = IFCPOLYLOOP((#13636, #12489, #12484));
#15727 = IFCFACEOUTERBOUND(#15726, .T.);
#15728 = IFCFACE((#15727));
#15729 = IFCPOLYLOOP((#12391, #13749, #13748));
#15730 = IFCFACEOUTERBOUND(#15729, .T.);
#15731 = IFCFACE((#15730));
#15732 = IFCPOLYLOOP((#13748, #12403, #12391));
#15733 = IFCFACEOUTERBOUND(#15732, .T.);
#15734 = IFCFACE((#15733));
#15735 = IFCPOLYLOOP((#12191, #12174, #13981));
#15736 = IFCFACEOUTERBOUND(#15735, .T.);
#15737 = IFCFACE((#15736));
#15738 = IFCPOLYLOOP((#13981, #13974, #12191));
#15739 = IFCFACEOUTERBOUND(#15738, .T.);
#15740 = IFCFACE((#15739));
#15741 = IFCPOLYLOOP((#12437, #12444, #9584));
#15742 = IFCFACEOUTERBOUND(#15741, .T.);
#15743 = IFCFACE((#15742));
#15744 = IFCPOLYLOOP((#9584, #9585, #12437));
#15745 = IFCFACEOUTERBOUND(#15744, .T.);
#15746 = IFCFACE((#15745));
#15747 = IFCPOLYLOOP((#12303, #12313, #9633));
#15748 = IFCFACEOUTERBOUND(#15747, .T.);
#15749 = IFCFACE((#15748));
#15750 = IFCPOLYLOOP((#9633, #9675, #12303));
#15751 = IFCFACEOUTERBOUND(#15750, .T.);
#15752 = IFCFACE((#15751));
#15753 = IFCPOLYLOOP((#12154, #12162, #10037));
#15754 = IFCFACEOUTERBOUND(#15753, .T.);
#15755 = IFCFACE((#15754));
#15756 = IFCPOLYLOOP((#10037, #10048, #12154));
#15757 = IFCFACEOUTERBOUND(#15756, .T.);
#15758 = IFCFACE((#15757));
#15759 = IFCPOLYLOOP((#11984, #10142, #10086));
#15760 = IFCFACEOUTERBOUND(#15759, .T.);
#15761 = IFCFACE((#15760));
#15762 = IFCPOLYLOOP((#10086, #11985, #11984));
#15763 = IFCFACEOUTERBOUND(#15762, .T.);
#15764 = IFCFACE((#15763));
#15765 = IFCPOLYLOOP((#11797, #11805, #10177));
#15766 = IFCFACEOUTERBOUND(#15765, .T.);
#15767 = IFCFACE((#15766));
#15768 = IFCPOLYLOOP((#10177, #10268, #11797));
#15769 = IFCFACEOUTERBOUND(#15768, .T.);
#15770 = IFCFACE((#15769));
#15771 = IFCPOLYLOOP((#12589, #12607, #9508));
#15772 = IFCFACEOUTERBOUND(#15771, .T.);
#15773 = IFCFACE((#15772));
#15774 = IFCPOLYLOOP((#9508, #9548, #12589));
#15775 = IFCFACEOUTERBOUND(#15774, .T.);
#15776 = IFCFACE((#15775));
#15777 = IFCPOLYLOOP((#10268, #11788, #11797));
#15778 = IFCFACEOUTERBOUND(#15777, .T.);
#15779 = IFCFACE((#15778));
#15780 = IFCPOLYLOOP((#10275, #11789, #11788));
#15781 = IFCFACEOUTERBOUND(#15780, .T.);
#15782 = IFCFACE((#15781));
#15783 = IFCPOLYLOOP((#10286, #10765, #12775));
#15784 = IFCFACEOUTERBOUND(#15783, .T.);
#15785 = IFCFACE((#15784));
#15786 = IFCPOLYLOOP((#10227, #12764, #12530));
#15787 = IFCFACEOUTERBOUND(#15786, .T.);
#15788 = IFCFACE((#15787));
#15789 = IFCPOLYLOOP((#10223, #12775, #12764));
#15790 = IFCFACEOUTERBOUND(#15789, .T.);
#15791 = IFCFACE((#15790));
#15792 = IFCPOLYLOOP((#12530, #11789, #10275));
#15793 = IFCFACEOUTERBOUND(#15792, .T.);
#15794 = IFCFACE((#15793));
#15795 = IFCPOLYLOOP((#11788, #10181, #10275));
#15796 = IFCFACEOUTERBOUND(#15795, .T.);
#15797 = IFCFACE((#15796));
#15798 = IFCPOLYLOOP((#10227, #12530, #10275));
#15799 = IFCFACEOUTERBOUND(#15798, .T.);
#15800 = IFCFACE((#15799));
#15801 = IFCPOLYLOOP((#10286, #12775, #10223));
#15802 = IFCFACEOUTERBOUND(#15801, .T.);
#15803 = IFCFACE((#15802));
#15804 = IFCPOLYLOOP((#10282, #10223, #12764));
#15805 = IFCFACEOUTERBOUND(#15804, .T.);
#15806 = IFCFACE((#15805));
#15807 = IFCPOLYLOOP((#10227, #10282, #12764));
#15808 = IFCFACEOUTERBOUND(#15807, .T.);
#15809 = IFCFACE((#15808));
#15810 = IFCPOLYLOOP((#11788, #10268, #10181));
#15811 = IFCFACEOUTERBOUND(#15810, .T.);
#15812 = IFCFACE((#15811));
#15813 = IFCPOLYLOOP((#10231, #10161, #11919));
#15814 = IFCFACEOUTERBOUND(#15813, .T.);
#15815 = IFCFACE((#15814));
#15816 = IFCPOLYLOOP((#11912, #11919, #10161));
#15817 = IFCFACEOUTERBOUND(#15816, .T.);
#15818 = IFCFACE((#15817));
#15819 = IFCPOLYLOOP((#10146, #10231, #11918));
#15820 = IFCFACEOUTERBOUND(#15819, .T.);
#15821 = IFCFACE((#15820));
#15822 = IFCPOLYLOOP((#11919, #11918, #10231));
#15823 = IFCFACEOUTERBOUND(#15822, .T.);
#15824 = IFCFACE((#15823));
#15825 = IFCPOLYLOOP((#10169, #11884, #11894));
#15826 = IFCFACEOUTERBOUND(#15825, .T.);
#15827 = IFCFACE((#15826));
#15828 = IFCPOLYLOOP((#10235, #11894, #11912));
#15829 = IFCFACEOUTERBOUND(#15828, .T.);
#15830 = IFCFACE((#15829));
#15831 = IFCPOLYLOOP((#10169, #11894, #10235));
#15832 = IFCFACEOUTERBOUND(#15831, .T.);
#15833 = IFCFACE((#15832));
#15834 = IFCPOLYLOOP((#10161, #10235, #11912));
#15835 = IFCFACEOUTERBOUND(#15834, .T.);
#15836 = IFCFACE((#15835));
#15837 = IFCPOLYLOOP((#10098, #11971, #10151));
#15838 = IFCFACEOUTERBOUND(#15837, .T.);
#15839 = IFCFACE((#15838));
#15840 = IFCPOLYLOOP((#11970, #10151, #11971));
#15841 = IFCFACEOUTERBOUND(#15840, .T.);
#15842 = IFCFACE((#15841));
#15843 = IFCPOLYLOOP((#10086, #11970, #11985));
#15844 = IFCFACEOUTERBOUND(#15843, .T.);
#15845 = IFCFACE((#15844));
#15846 = IFCPOLYLOOP((#10151, #11970, #10086));
#15847 = IFCFACEOUTERBOUND(#15846, .T.);
#15848 = IFCFACE((#15847));
#15849 = IFCPOLYLOOP((#10147, #10146, #11934));
#15850 = IFCFACEOUTERBOUND(#15849, .T.);
#15851 = IFCFACE((#15850));
#15852 = IFCPOLYLOOP((#11918, #11934, #10146));
#15853 = IFCFACEOUTERBOUND(#15852, .T.);
#15854 = IFCFACE((#15853));
#15855 = IFCPOLYLOOP((#10147, #11943, #10098));
#15856 = IFCFACEOUTERBOUND(#15855, .T.);
#15857 = IFCFACE((#15856));
#15858 = IFCPOLYLOOP((#11943, #11971, #10098));
#15859 = IFCFACEOUTERBOUND(#15858, .T.);
#15860 = IFCFACE((#15859));
#15861 = IFCPOLYLOOP((#11934, #11943, #10147));
#15862 = IFCFACEOUTERBOUND(#15861, .T.);
#15863 = IFCFACE((#15862));
#15864 = IFCPOLYLOOP((#10260, #10185, #11825));
#15865 = IFCFACEOUTERBOUND(#15864, .T.);
#15866 = IFCFACE((#15865));
#15867 = IFCPOLYLOOP((#11835, #11843, #10173));
#15868 = IFCFACEOUTERBOUND(#15867, .T.);
#15869 = IFCFACE((#15868));
#15870 = IFCPOLYLOOP((#10264, #11805, #11804));
#15871 = IFCFACEOUTERBOUND(#15870, .T.);
#15872 = IFCFACE((#15871));
#15873 = IFCPOLYLOOP((#11804, #11825, #10185));
#15874 = IFCFACEOUTERBOUND(#15873, .T.);
#15875 = IFCFACE((#15874));
#15876 = IFCPOLYLOOP((#11805, #10264, #10177));
#15877 = IFCFACEOUTERBOUND(#15876, .T.);
#15878 = IFCFACE((#15877));
#15879 = IFCPOLYLOOP((#11835, #10173, #10260));
#15880 = IFCFACEOUTERBOUND(#15879, .T.);
#15881 = IFCFACE((#15880));
#15882 = IFCPOLYLOOP((#11825, #11835, #10260));
#15883 = IFCFACEOUTERBOUND(#15882, .T.);
#15884 = IFCFACE((#15883));
#15885 = IFCPOLYLOOP((#11804, #10185, #10264));
#15886 = IFCFACEOUTERBOUND(#15885, .T.);
#15887 = IFCFACE((#15886));
#15888 = IFCPOLYLOOP((#10250, #10173, #11843));
#15889 = IFCFACEOUTERBOUND(#15888, .T.);
#15890 = IFCFACE((#15889));
#15891 = IFCPOLYLOOP((#10189, #11851, #11869));
#15892 = IFCFACEOUTERBOUND(#15891, .T.);
#15893 = IFCFACE((#15892));
#15894 = IFCPOLYLOOP((#11843, #11851, #10250));
#15895 = IFCFACEOUTERBOUND(#15894, .T.);
#15896 = IFCFACE((#15895));
#15897 = IFCPOLYLOOP((#11869, #11875, #10246));
#15898 = IFCFACEOUTERBOUND(#15897, .T.);
#15899 = IFCFACE((#15898));
#15900 = IFCPOLYLOOP((#10250, #11851, #10189));
#15901 = IFCFACEOUTERBOUND(#15900, .T.);
#15902 = IFCFACE((#15901));
#15903 = IFCPOLYLOOP((#10246, #11875, #10165));
#15904 = IFCFACEOUTERBOUND(#15903, .T.);
#15905 = IFCFACE((#15904));
#15906 = IFCPOLYLOOP((#10239, #10165, #11885));
#15907 = IFCFACEOUTERBOUND(#15906, .T.);
#15908 = IFCFACE((#15907));
#15909 = IFCPOLYLOOP((#10165, #11875, #11885));
#15910 = IFCFACEOUTERBOUND(#15909, .T.);
#15911 = IFCFACE((#15910));
#15912 = IFCPOLYLOOP((#11885, #11884, #10239));
#15913 = IFCFACEOUTERBOUND(#15912, .T.);
#15914 = IFCFACE((#15913));
#15915 = IFCPOLYLOOP((#10246, #10189, #11869));
#15916 = IFCFACEOUTERBOUND(#15915, .T.);
#15917 = IFCFACE((#15916));
#15918 = IFCPOLYLOOP((#10169, #10239, #11884));
#15919 = IFCFACEOUTERBOUND(#15918, .T.);
#15920 = IFCFACE((#15919));
#15921 = IFCPOLYLOOP((#9564, #9524, #12488));
#15922 = IFCFACEOUTERBOUND(#15921, .T.);
#15923 = IFCFACE((#15922));
#15924 = IFCPOLYLOOP((#9524, #10713, #12479));
#15925 = IFCFACEOUTERBOUND(#15924, .T.);
#15926 = IFCFACE((#15925));
#15927 = IFCPOLYLOOP((#12467, #9571, #9520));
#15928 = IFCFACEOUTERBOUND(#15927, .T.);
#15929 = IFCFACE((#15928));
#15930 = IFCPOLYLOOP((#9571, #12463, #9516));
#15931 = IFCFACEOUTERBOUND(#15930, .T.);
#15932 = IFCFACE((#15931));
#15933 = IFCPOLYLOOP((#10713, #9516, #12471));
#15934 = IFCFACEOUTERBOUND(#15933, .T.);
#15935 = IFCFACE((#15934));
#15936 = IFCPOLYLOOP((#12494, #9512, #9564));
#15937 = IFCFACEOUTERBOUND(#15936, .T.);
#15938 = IFCFACE((#15937));
#15939 = IFCPOLYLOOP((#9552, #12580, #9500));
#15940 = IFCFACEOUTERBOUND(#15939, .T.);
#15941 = IFCFACE((#15940));
#15942 = IFCPOLYLOOP((#9500, #12589, #9548));
#15943 = IFCFACEOUTERBOUND(#15942, .T.);
#15944 = IFCFACE((#15943));
#15945 = IFCPOLYLOOP((#12560, #9552, #9504));
#15946 = IFCFACEOUTERBOUND(#15945, .T.);
#15947 = IFCFACE((#15946));
#15948 = IFCPOLYLOOP((#9512, #12534, #9560));
#15949 = IFCFACEOUTERBOUND(#15948, .T.);
#15950 = IFCFACE((#15949));
#15951 = IFCPOLYLOOP((#9528, #12549, #9556));
#15952 = IFCFACEOUTERBOUND(#15951, .T.);
#15953 = IFCFACE((#15952));
#15954 = IFCPOLYLOOP((#12540, #9528, #9560));
#15955 = IFCFACEOUTERBOUND(#15954, .T.);
#15956 = IFCFACE((#15955));
#15957 = IFCPOLYLOOP((#12554, #9504, #9556));
#15958 = IFCFACEOUTERBOUND(#15957, .T.);
#15959 = IFCFACE((#15958));
#15960 = IFCPOLYLOOP((#9520, #9584, #12452));
#15961 = IFCFACEOUTERBOUND(#15960, .T.);
#15962 = IFCFACE((#15961));
#15963 = IFCPOLYLOOP((#12488, #12494, #9564));
#15964 = IFCFACEOUTERBOUND(#15963, .T.);
#15965 = IFCFACE((#15964));
#15966 = IFCPOLYLOOP((#12488, #9524, #12479));
#15967 = IFCFACEOUTERBOUND(#15966, .T.);
#15968 = IFCFACE((#15967));
#15969 = IFCPOLYLOOP((#9584, #12444, #12452));
#15970 = IFCFACEOUTERBOUND(#15969, .T.);
#15971 = IFCFACE((#15970));
#15972 = IFCPOLYLOOP((#9571, #12467, #12463));
#15973 = IFCFACEOUTERBOUND(#15972, .T.);
#15974 = IFCFACE((#15973));
#15975 = IFCPOLYLOOP((#9520, #12452, #12467));
#15976 = IFCFACEOUTERBOUND(#15975, .T.);
#15977 = IFCFACE((#15976));
#15978 = IFCPOLYLOOP((#12463, #12471, #9516));
#15979 = IFCFACEOUTERBOUND(#15978, .T.);
#15980 = IFCFACE((#15979));
#15981 = IFCPOLYLOOP((#12554, #12560, #9504));
#15982 = IFCFACEOUTERBOUND(#15981, .T.);
#15983 = IFCFACE((#15982));
#15984 = IFCPOLYLOOP((#12589, #9500, #12580));
#15985 = IFCFACEOUTERBOUND(#15984, .T.);
#15986 = IFCFACE((#15985));
#15987 = IFCPOLYLOOP((#12560, #12580, #9552));
#15988 = IFCFACEOUTERBOUND(#15987, .T.);
#15989 = IFCFACE((#15988));
#15990 = IFCPOLYLOOP((#12549, #9528, #12540));
#15991 = IFCFACEOUTERBOUND(#15990, .T.);
#15992 = IFCFACE((#15991));
#15993 = IFCPOLYLOOP((#12549, #12554, #9556));
#15994 = IFCFACEOUTERBOUND(#15993, .T.);
#15995 = IFCFACE((#15994));
#15996 = IFCPOLYLOOP((#9560, #12534, #12540));
#15997 = IFCFACEOUTERBOUND(#15996, .T.);
#15998 = IFCFACE((#15997));
#15999 = IFCPOLYLOOP((#12534, #9512, #12494));
#16000 = IFCFACEOUTERBOUND(#15999, .T.);
#16001 = IFCFACE((#16000));
#16002 = IFCPOLYLOOP((#12471, #12479, #10713));
#16003 = IFCFACEOUTERBOUND(#16002, .T.);
#16004 = IFCFACE((#16003));
#16005 = IFCPOLYLOOP((#12365, #9668, #12356));
#16006 = IFCFACEOUTERBOUND(#16005, .T.);
#16007 = IFCFACE((#16006));
#16008 = IFCPOLYLOOP((#12382, #9637, #12365));
#16009 = IFCFACEOUTERBOUND(#16008, .T.);
#16010 = IFCFACE((#16009));
#16011 = IFCPOLYLOOP((#9637, #9668, #12365));
#16012 = IFCFACEOUTERBOUND(#16011, .T.);
#16013 = IFCFACE((#16012));
#16014 = IFCPOLYLOOP((#9625, #12382, #12381));
#16015 = IFCFACEOUTERBOUND(#16014, .T.);
#16016 = IFCFACE((#16015));
#16017 = IFCPOLYLOOP((#9615, #9625, #12381));
#16018 = IFCFACEOUTERBOUND(#16017, .T.);
#16019 = IFCFACE((#16018));
#16020 = IFCPOLYLOOP((#9637, #12382, #9625));
#16021 = IFCFACEOUTERBOUND(#16020, .T.);
#16022 = IFCFACE((#16021));
#16023 = IFCPOLYLOOP((#9633, #12313, #12343));
#16024 = IFCFACEOUTERBOUND(#16023, .T.);
#16025 = IFCFACE((#16024));
#16026 = IFCPOLYLOOP((#9686, #9633, #12343));
#16027 = IFCFACEOUTERBOUND(#16026, .T.);
#16028 = IFCFACE((#16027));
#16029 = IFCPOLYLOOP((#12349, #12356, #9629));
#16030 = IFCFACEOUTERBOUND(#16029, .T.);
#16031 = IFCFACE((#16030));
#16032 = IFCPOLYLOOP((#12343, #12349, #9686));
#16033 = IFCFACEOUTERBOUND(#16032, .T.);
#16034 = IFCFACE((#16033));
#16035 = IFCPOLYLOOP((#12349, #9629, #9686));
#16036 = IFCFACEOUTERBOUND(#16035, .T.);
#16037 = IFCFACE((#16036));
#16038 = IFCPOLYLOOP((#12356, #9668, #9629));
#16039 = IFCFACEOUTERBOUND(#16038, .T.);
#16040 = IFCFACE((#16039));
#16041 = IFCPOLYLOOP((#9589, #9596, #12431));
#16042 = IFCFACEOUTERBOUND(#16041, .T.);
#16043 = IFCFACE((#16042));
#16044 = IFCPOLYLOOP((#12430, #9589, #12431));
#16045 = IFCFACEOUTERBOUND(#16044, .T.);
#16046 = IFCFACE((#16045));
#16047 = IFCPOLYLOOP((#9607, #12431, #9596));
#16048 = IFCFACEOUTERBOUND(#16047, .T.);
#16049 = IFCFACE((#16048));
#16050 = IFCPOLYLOOP((#9589, #12430, #9585));
#16051 = IFCFACEOUTERBOUND(#16050, .T.);
#16052 = IFCFACE((#16051));
#16053 = IFCPOLYLOOP((#12437, #9585, #12430));
#16054 = IFCFACEOUTERBOUND(#16053, .T.);
#16055 = IFCFACE((#16054));
#16056 = IFCPOLYLOOP((#9611, #9615, #12395));
#16057 = IFCFACEOUTERBOUND(#16056, .T.);
#16058 = IFCFACE((#16057));
#16059 = IFCPOLYLOOP((#9615, #12381, #12395));
#16060 = IFCFACEOUTERBOUND(#16059, .T.);
#16061 = IFCFACE((#16060));
#16062 = IFCPOLYLOOP((#12402, #9611, #12395));
#16063 = IFCFACEOUTERBOUND(#16062, .T.);
#16064 = IFCFACE((#16063));
#16065 = IFCPOLYLOOP((#9603, #12411, #9607));
#16066 = IFCFACEOUTERBOUND(#16065, .T.);
#16067 = IFCFACE((#16066));
#16068 = IFCPOLYLOOP((#12431, #9607, #12411));
#16069 = IFCFACEOUTERBOUND(#16068, .T.);
#16070 = IFCFACE((#16069));
#16071 = IFCPOLYLOOP((#9611, #12402, #9603));
#16072 = IFCFACEOUTERBOUND(#16071, .T.);
#16073 = IFCFACE((#16072));
#16074 = IFCPOLYLOOP((#12411, #9603, #12402));
#16075 = IFCFACEOUTERBOUND(#16074, .T.);
#16076 = IFCFACE((#16075));
#16077 = IFCPOLYLOOP((#9657, #12303, #9675));
#16078 = IFCFACEOUTERBOUND(#16077, .T.);
#16079 = IFCFACE((#16078));
#16080 = IFCPOLYLOOP((#9679, #12304, #9657));
#16081 = IFCFACEOUTERBOUND(#16080, .T.);
#16082 = IFCFACE((#16081));
#16083 = IFCPOLYLOOP((#12303, #9657, #12304));
#16084 = IFCFACEOUTERBOUND(#16083, .T.);
#16085 = IFCFACE((#16084));
#16086 = IFCPOLYLOOP((#9641, #12291, #9679));
#16087 = IFCFACEOUTERBOUND(#16086, .T.);
#16088 = IFCFACE((#16087));
#16089 = IFCPOLYLOOP((#12304, #9679, #12291));
#16090 = IFCFACEOUTERBOUND(#16089, .T.);
#16091 = IFCFACE((#16090));
#16092 = IFCPOLYLOOP((#12281, #9641, #9690));
#16093 = IFCFACEOUTERBOUND(#16092, .T.);
#16094 = IFCFACE((#16093));
#16095 = IFCPOLYLOOP((#12291, #9641, #12281));
#16096 = IFCFACEOUTERBOUND(#16095, .T.);
#16097 = IFCFACE((#16096));
#16098 = IFCPOLYLOOP((#12282, #12281, #9690));
#16099 = IFCFACEOUTERBOUND(#16098, .T.);
#16100 = IFCFACE((#16099));
#16101 = IFCPOLYLOOP((#9690, #9653, #12282));
#16102 = IFCFACEOUTERBOUND(#16101, .T.);
#16103 = IFCFACE((#16102));
#16104 = IFCPOLYLOOP((#12257, #12266, #9694));
#16105 = IFCFACEOUTERBOUND(#16104, .T.);
#16106 = IFCFACE((#16105));
#16107 = IFCPOLYLOOP((#12266, #9653, #9694));
#16108 = IFCFACEOUTERBOUND(#16107, .T.);
#16109 = IFCFACE((#16108));
#16110 = IFCPOLYLOOP((#9653, #12266, #12282));
#16111 = IFCFACEOUTERBOUND(#16110, .T.);
#16112 = IFCFACE((#16111));
#16113 = IFCPOLYLOOP((#9645, #12249, #12257));
#16114 = IFCFACEOUTERBOUND(#16113, .T.);
#16115 = IFCFACE((#16114));
#16116 = IFCPOLYLOOP((#9645, #9698, #12249));
#16117 = IFCFACEOUTERBOUND(#16116, .T.);
#16118 = IFCFACE((#16117));
#16119 = IFCPOLYLOOP((#12239, #12249, #9698));
#16120 = IFCFACEOUTERBOUND(#16119, .T.);
#16121 = IFCFACE((#16120));
#16122 = IFCPOLYLOOP((#9649, #12239, #9698));
#16123 = IFCFACEOUTERBOUND(#16122, .T.);
#16124 = IFCFACE((#16123));
#16125 = IFCPOLYLOOP((#9694, #9645, #12257));
#16126 = IFCFACEOUTERBOUND(#16125, .T.);
#16127 = IFCFACE((#16126));
#16128 = IFCPOLYLOOP((#9705, #12240, #9649));
#16129 = IFCFACEOUTERBOUND(#16128, .T.);
#16130 = IFCFACE((#16129));
#16131 = IFCPOLYLOOP((#12239, #9649, #12240));
#16132 = IFCFACEOUTERBOUND(#16131, .T.);
#16133 = IFCFACE((#16132));
#16134 = IFCPOLYLOOP((#9661, #12214, #9705));
#16135 = IFCFACEOUTERBOUND(#16134, .T.);
#16136 = IFCFACE((#16135));
#16137 = IFCPOLYLOOP((#12240, #9705, #12214));
#16138 = IFCFACEOUTERBOUND(#16137, .T.);
#16139 = IFCFACE((#16138));
#16140 = IFCPOLYLOOP((#9713, #12204, #9661));
#16141 = IFCFACEOUTERBOUND(#16140, .T.);
#16142 = IFCFACE((#16141));
#16143 = IFCPOLYLOOP((#10037, #12162, #12168));
#16144 = IFCFACEOUTERBOUND(#16143, .T.);
#16145 = IFCFACE((#16144));
#16146 = IFCPOLYLOOP((#12205, #12204, #9713));
#16147 = IFCFACEOUTERBOUND(#16146, .T.);
#16148 = IFCFACE((#16147));
#16149 = IFCPOLYLOOP((#12214, #9661, #12204));
#16150 = IFCFACEOUTERBOUND(#16149, .T.);
#16151 = IFCFACE((#16150));
#16152 = IFCPOLYLOOP((#9713, #9712, #12205));
#16153 = IFCFACEOUTERBOUND(#16152, .T.);
#16154 = IFCFACE((#16153));
#16155 = IFCPOLYLOOP((#12190, #12196, #9717));
#16156 = IFCFACEOUTERBOUND(#16155, .T.);
#16157 = IFCFACE((#16156));
#16158 = IFCPOLYLOOP((#12196, #9712, #9717));
#16159 = IFCFACEOUTERBOUND(#16158, .T.);
#16160 = IFCFACE((#16159));
#16161 = IFCPOLYLOOP((#9712, #12196, #12205));
#16162 = IFCFACEOUTERBOUND(#16161, .T.);
#16163 = IFCFACE((#16162));
#16164 = IFCPOLYLOOP((#10037, #12168, #10033));
#16165 = IFCFACEOUTERBOUND(#16164, .T.);
#16166 = IFCFACE((#16165));
#16167 = IFCPOLYLOOP((#12172, #10033, #12168));
#16168 = IFCFACEOUTERBOUND(#16167, .T.);
#16169 = IFCFACE((#16168));
#16170 = IFCPOLYLOOP((#10026, #12172, #12190));
#16171 = IFCFACEOUTERBOUND(#16170, .T.);
#16172 = IFCFACE((#16171));
#16173 = IFCPOLYLOOP((#10033, #12172, #10026));
#16174 = IFCFACEOUTERBOUND(#16173, .T.);
#16175 = IFCFACE((#16174));
#16176 = IFCPOLYLOOP((#9717, #10026, #12190));
#16177 = IFCFACEOUTERBOUND(#16176, .T.);
#16178 = IFCFACE((#16177));
#16179 = IFCPOLYLOOP((#9496, #9540, #12644));
#16180 = IFCFACEOUTERBOUND(#16179, .T.);
#16181 = IFCFACE((#16180));
#16182 = IFCPOLYLOOP((#12729, #9544, #9496));
#16183 = IFCFACEOUTERBOUND(#16182, .T.);
#16184 = IFCFACE((#16183));
#16185 = IFCPOLYLOOP((#9532, #9544, #12728));
#16186 = IFCFACEOUTERBOUND(#16185, .T.);
#16187 = IFCFACE((#16186));
#16188 = IFCPOLYLOOP((#12733, #9536, #9532));
#16189 = IFCFACEOUTERBOUND(#16188, .T.);
#16190 = IFCFACE((#16189));
#16191 = IFCPOLYLOOP((#12607, #9540, #9508));
#16192 = IFCFACEOUTERBOUND(#16191, .T.);
#16193 = IFCFACE((#16192));
#16194 = IFCPOLYLOOP((#9496, #12644, #12729));
#16195 = IFCFACEOUTERBOUND(#16194, .T.);
#16196 = IFCFACE((#16195));
#16197 = IFCPOLYLOOP((#9540, #12607, #12644));
#16198 = IFCFACEOUTERBOUND(#16197, .T.);
#16199 = IFCFACE((#16198));
#16200 = IFCPOLYLOOP((#9536, #12733, #10834));
#16201 = IFCFACEOUTERBOUND(#16200, .T.);
#16202 = IFCFACE((#16201));
#16203 = IFCPOLYLOOP((#9532, #12728, #12733));
#16204 = IFCFACEOUTERBOUND(#16203, .T.);
#16205 = IFCFACE((#16204));
#16206 = IFCPOLYLOOP((#9544, #12729, #12728));
#16207 = IFCFACEOUTERBOUND(#16206, .T.);
#16208 = IFCFACE((#16207));
#16209 = IFCPOLYLOOP((#11993, #10142, #11984));
#16210 = IFCFACEOUTERBOUND(#16209, .T.);
#16211 = IFCFACE((#16210));
#16212 = IFCPOLYLOOP((#12008, #10082, #11993));
#16213 = IFCFACEOUTERBOUND(#16212, .T.);
#16214 = IFCFACE((#16213));
#16215 = IFCPOLYLOOP((#10142, #11993, #10082));
#16216 = IFCFACEOUTERBOUND(#16215, .T.);
#16217 = IFCFACE((#16216));
#16218 = IFCPOLYLOOP((#10090, #10134, #12008));
#16219 = IFCFACEOUTERBOUND(#16218, .T.);
#16220 = IFCFACE((#16219));
#16221 = IFCPOLYLOOP((#10082, #12008, #10134));
#16222 = IFCFACEOUTERBOUND(#16221, .T.);
#16223 = IFCFACE((#16222));
#16224 = IFCPOLYLOOP((#12017, #10138, #10090));
#16225 = IFCFACEOUTERBOUND(#16224, .T.);
#16226 = IFCFACE((#16225));
#16227 = IFCPOLYLOOP((#12008, #12017, #10090));
#16228 = IFCFACEOUTERBOUND(#16227, .T.);
#16229 = IFCFACE((#16228));
#16230 = IFCPOLYLOOP((#12029, #10138, #12017));
#16231 = IFCFACEOUTERBOUND(#16230, .T.);
#16232 = IFCFACE((#16231));
#16233 = IFCPOLYLOOP((#10138, #12029, #10078));
#16234 = IFCFACEOUTERBOUND(#16233, .T.);
#16235 = IFCFACE((#16234));
#16236 = IFCPOLYLOOP((#10078, #12035, #10124));
#16237 = IFCFACEOUTERBOUND(#16236, .T.);
#16238 = IFCFACE((#16237));
#16239 = IFCPOLYLOOP((#12039, #10124, #12035));
#16240 = IFCFACEOUTERBOUND(#16239, .T.);
#16241 = IFCFACE((#16240));
#16242 = IFCPOLYLOOP((#10094, #10124, #12039));
#16243 = IFCFACEOUTERBOUND(#16242, .T.);
#16244 = IFCFACE((#16243));
#16245 = IFCPOLYLOOP((#10078, #12029, #12035));
#16246 = IFCFACEOUTERBOUND(#16245, .T.);
#16247 = IFCFACE((#16246));
#16248 = IFCPOLYLOOP((#10120, #10094, #12060));
#16249 = IFCFACEOUTERBOUND(#16248, .T.);
#16250 = IFCFACE((#16249));
#16251 = IFCPOLYLOOP((#12039, #12060, #10094));
#16252 = IFCFACEOUTERBOUND(#16251, .T.);
#16253 = IFCFACE((#16252));
#16254 = IFCPOLYLOOP((#10070, #10120, #12069));
#16255 = IFCFACEOUTERBOUND(#16254, .T.);
#16256 = IFCFACE((#16255));
#16257 = IFCPOLYLOOP((#12060, #12069, #10120));
#16258 = IFCFACEOUTERBOUND(#16257, .T.);
#16259 = IFCFACE((#16258));
#16260 = IFCPOLYLOOP((#10070, #12069, #12083));
#16261 = IFCFACEOUTERBOUND(#16260, .T.);
#16262 = IFCFACE((#16261));
#16263 = IFCPOLYLOOP((#10116, #12083, #12079));
#16264 = IFCFACEOUTERBOUND(#16263, .T.);
#16265 = IFCFACE((#16264));
#16266 = IFCPOLYLOOP((#12087, #10066, #12079));
#16267 = IFCFACEOUTERBOUND(#16266, .T.);
#16268 = IFCFACE((#16267));
#16269 = IFCPOLYLOOP((#12079, #10066, #10116));
#16270 = IFCFACEOUTERBOUND(#16269, .T.);
#16271 = IFCFACE((#16270));
#16272 = IFCPOLYLOOP((#10070, #12083, #10116));
#16273 = IFCFACEOUTERBOUND(#16272, .T.);
#16274 = IFCFACE((#16273));
#16275 = IFCPOLYLOOP((#10106, #12087, #12102));
#16276 = IFCFACEOUTERBOUND(#16275, .T.);
#16277 = IFCFACE((#16276));
#16278 = IFCPOLYLOOP((#10106, #12102, #10074));
#16279 = IFCFACEOUTERBOUND(#16278, .T.);
#16280 = IFCFACE((#16279));
#16281 = IFCPOLYLOOP((#12117, #10074, #12102));
#16282 = IFCFACEOUTERBOUND(#16281, .T.);
#16283 = IFCFACE((#16282));
#16284 = IFCPOLYLOOP((#10102, #10074, #12117));
#16285 = IFCFACEOUTERBOUND(#16284, .T.);
#16286 = IFCFACE((#16285));
#16287 = IFCPOLYLOOP((#10066, #12087, #10106));
#16288 = IFCFACEOUTERBOUND(#16287, .T.);
#16289 = IFCFACE((#16288));
#16290 = IFCPOLYLOOP((#10059, #10102, #12113));
#16291 = IFCFACEOUTERBOUND(#16290, .T.);
#16292 = IFCFACE((#16291));
#16293 = IFCPOLYLOOP((#12117, #12113, #10102));
#16294 = IFCFACEOUTERBOUND(#16293, .T.);
#16295 = IFCFACE((#16294));
#16296 = IFCPOLYLOOP((#10052, #10059, #12128));
#16297 = IFCFACEOUTERBOUND(#16296, .T.);
#16298 = IFCFACE((#16297));
#16299 = IFCPOLYLOOP((#12113, #12128, #10059));
#16300 = IFCFACEOUTERBOUND(#16299, .T.);
#16301 = IFCFACE((#16300));
#16302 = IFCPOLYLOOP((#12128, #12136, #10052));
#16303 = IFCFACEOUTERBOUND(#16302, .T.);
#16304 = IFCFACE((#16303));
#16305 = IFCPOLYLOOP((#10041, #12136, #12148));
#16306 = IFCFACEOUTERBOUND(#16305, .T.);
#16307 = IFCFACE((#16306));
#16308 = IFCPOLYLOOP((#10041, #12148, #10048));
#16309 = IFCFACEOUTERBOUND(#16308, .T.);
#16310 = IFCFACE((#16309));
#16311 = IFCPOLYLOOP((#12154, #10048, #12148));
#16312 = IFCFACEOUTERBOUND(#16311, .T.);
#16313 = IFCFACE((#16312));
#16314 = IFCPOLYLOOP((#10052, #12136, #10041));
#16315 = IFCFACEOUTERBOUND(#16314, .T.);
#16316 = IFCFACE((#16315));
#16317 = IFCFACETEDBREP(#7410);
#16318 = IFCSURFACESTYLERENDERING(#16319, 0., #16320, $, $, #16321, #16322, $, .NOTDEFINED.);
#16319 = IFCCOLOURRGB('Surface color', 9.41176488995552E-2, 9.41176488995552E-2, 9.41176488995552E-2);
#16320 = IFCCOLOURRGB('Diffuse color', 9.41176488995552E-2, 9.41176488995552E-2, 9.41176488995552E-2);
#16321 = IFCCOLOURRGB('Reflection color', 1., 1., 1.);
#16322 = IFCCOLOURRGB('Specular color', 1., 1., 1.);
#16323 = IFCSURFACESTYLE('1b3f0722_ecd0_48ac_97f2_5d2a73b6d1e4', .BOTH., (#16318));
#16324 = IFCPRESENTATIONSTYLEASSIGNMENT((#16323));
#16325 = IFCSTYLEDITEM(#16317, (#16324), $);
#16326 = IFCSTYLEDREPRESENTATION(#103, 'Body', $, (#16325));
#16327 = IFCCLOSEDSHELL((#16333, #16337, #16341, #16346, #16349, #16354, #16358, #16362, #16365, #16370, #16373, #16377, #16382, #16386, #16390, #16394, #16399, #16402, #16407, #16410, #16414, #16419, #16422, #16425, #16429, #16434, #16438, #16441, #16445, #16449, #16453, #16457, #16461, #16465, #16468, #16473, #16476, #16481, #16484, #16487, #16491, #16495, #16499, #16503, #16508, #16511, #16515, #16519, #16523, #16526, #16531, #16534, #16537, #16542, #16546, #16550, #16554, #16558, #16561, #16566, #16569, #16573, #16578, #16581, #16584, #16587, #16593, #16598, #16604, #16608, #16611, #16615, #16618, #16624, #16628, #16633, #16637, #16641, #16644, #16647, #16651, #16657, #16661, #16665, #16670, #16673, #16678, #16683, #16686, #16689, #16693, #16696, #16700, #16703, #16709, #16715, #16719, #16723, #16726, #16729, #16732, #16736, #16740, #16743, #16748, #16751, #16755, #16759, #16764, #16767, #16770, #16773, #16776, #16782, #16785, #16788, #16793, #16796, #16799, #16802, #16806, #16809, #16812, #16818, #16821, #16825, #16828, #16833, #16836, #16839, #16842, #16845, #16851, #16857, #16860, #16863, #16867, #16872, #16876, #16879, #16883, #16886, #16889, #16894, #16897, #16902, #16905, #16908, #16911, #16914, #16918, #16922, #16927, #16930, #16933, #16936, #16939, #16942, #16945, #16948, #16951, #16954, #16958, #16961, #16964, #16968, #16972, #16977, #16980, #16983, #16986, #16989, #16992, #16996, #16999, #17003, #17007, #17010, #17014, #17018, #17022, #17025, #17028, #17031, #17034, #17037, #17040, #17043, #17046, #17049, #17052, #17055, #17058, #17061, #17064, #17067, #17070, #17073, #17076, #17079, #17082, #17085, #17088, #17091, #17094, #17097, #17100, #17103, #17106, #17109, #17112, #17115, #17118, #17121, #17124, #17127, #17130, #17133, #17136, #17139, #17142, #17145, #17148, #17151, #17154, #17157, #17160, #17163, #17166, #17169, #17172, #17175, #17178, #17181, #17184, #17187, #17190, #17193, #17196, #17199, #17202, #17205, #17208, #17211, #17214, #17217, #17220, #17223, #17226, #17229, #17232, #17235, #17238, #17241, #17244, #17247, #17250, #17253, #17256, #17259, #17262, #17265, #17268, #17271, #17274, #17277, #17280, #17283, #17286, #17289, #17292, #17295, #17298, #17301, #17304, #17307, #17310, #17313, #17316, #17319, #17322, #17325, #17328, #17331, #17334, #17337, #17340, #17343, #17346, #17349, #17352, #17355, #17358, #17361, #17364, #17367, #17370, #17373, #17376, #17379));
#16328 = IFCPOLYLOOP((#16329, #16330, #16331));
#16329 = IFCCARTESIANPOINT((-2.16772674560547E-1, -2.36010620117188E-1, 4.11422302246094E-1));
#16330 = IFCCARTESIANPOINT((-2.47370330810547E-1, -2.33662979125977E-1, 4.11313842773438E-1));
#16331 = IFCCARTESIANPOINT((-2.43533508300781E-1, -2.24727279663086E-1, 4.10900543212891E-1));
#16332 = IFCFACEOUTERBOUND(#16328, .T.);
#16333 = IFCFACE((#16332));
#16334 = IFCPOLYLOOP((#16331, #16335, #16329));
#16335 = IFCCARTESIANPOINT((-2.00137680053711E-1, -2.37169311523438E-1, 4.11475891113281E-1));
#16336 = IFCFACEOUTERBOUND(#16334, .T.);
#16337 = IFCFACE((#16336));
#16338 = IFCPOLYLOOP((#16335, #16331, #16339));
#16339 = IFCCARTESIANPOINT((-1.76266860961914E-1, -2.38684463500977E-1, 4.11545959472656E-1));
#16340 = IFCFACEOUTERBOUND(#16338, .T.);
#16341 = IFCFACE((#16340));
#16342 = IFCPOLYLOOP((#16343, #16344, #16331));
#16343 = IFCCARTESIANPOINT((-1.24805541992188E-1, -2.41265838623047E-1, 4.11665313720703E-1));
#16344 = IFCCARTESIANPOINT((-1.50197631835938E-1, -2.40089706420898E-1, 4.11610931396484E-1));
#16345 = IFCFACEOUTERBOUND(#16342, .T.);
#16346 = IFCFACE((#16345));
#16347 = IFCPOLYLOOP((#16344, #16339, #16331));
#16348 = IFCFACEOUTERBOUND(#16347, .T.);
#16349 = IFCFACE((#16348));
#16350 = IFCPOLYLOOP((#16351, #16352, #16331));
#16351 = IFCCARTESIANPOINT((2.41825073242188E-1, -2.24163528442383E-1, 4.10874481201172E-1));
#16352 = IFCCARTESIANPOINT((-5.02061157226563E-2, -2.43429901123047E-1, 4.11765380859375E-1));
#16353 = IFCFACEOUTERBOUND(#16350, .T.);
#16354 = IFCFACE((#16353));
#16355 = IFCPOLYLOOP((#16331, #16356, #16343));
#16356 = IFCCARTESIANPOINT((-1.00215805053711E-1, -2.42176574707031E-1, 4.11707427978516E-1));
#16357 = IFCFACEOUTERBOUND(#16355, .T.);
#16358 = IFCFACE((#16357));
#16359 = IFCPOLYLOOP((#16331, #16360, #16356));
#16360 = IFCCARTESIANPOINT((-7.53802185058594E-2, -2.4291194152832E-1, 4.11741424560547E-1));
#16361 = IFCFACEOUTERBOUND(#16359, .T.);
#16362 = IFCFACE((#16361));
#16363 = IFCPOLYLOOP((#16352, #16360, #16331));
#16364 = IFCFACEOUTERBOUND(#16363, .T.);
#16365 = IFCFACE((#16364));
#16366 = IFCPOLYLOOP((#16367, #16368, #16351));
#16367 = IFCCARTESIANPOINT((-8.35865020751953E-3, -2.43846313476563E-1, 4.11784637451172E-1));
#16368 = IFCCARTESIANPOINT((-3.35324287414551E-2, -2.43662460327148E-1, 4.11776123046875E-1));
#16369 = IFCFACEOUTERBOUND(#16366, .T.);
#16370 = IFCFACE((#16369));
#16371 = IFCPOLYLOOP((#16352, #16351, #16368));
#16372 = IFCFACEOUTERBOUND(#16371, .T.);
#16373 = IFCFACE((#16372));
#16374 = IFCPOLYLOOP((#16351, #16331, #16375));
#16375 = IFCCARTESIANPOINT((-1.76764450073242E-1, -2.02694839477539E-1, 4.09881713867188E-1));
#16376 = IFCFACEOUTERBOUND(#16374, .T.);
#16377 = IFCFACE((#16376));
#16378 = IFCPOLYLOOP((#16379, #16380, #16351));
#16379 = IFCCARTESIANPOINT((1.9977360534668E-1, -2.37193634033203E-1, 4.11476989746094E-1));
#16380 = IFCCARTESIANPOINT((1.83132278442383E-1, -2.38257675170898E-1, 4.11526214599609E-1));
#16381 = IFCFACEOUTERBOUND(#16378, .T.);
#16382 = IFCFACE((#16381));
#16383 = IFCPOLYLOOP((#16384, #16367, #16351));
#16384 = IFCCARTESIANPOINT((1.64927845001221E-2, -2.43804412841797E-1, 4.11782684326172E-1));
#16385 = IFCFACEOUTERBOUND(#16383, .T.);
#16386 = IFCFACE((#16385));
#16387 = IFCPOLYLOOP((#16388, #16351, #16380));
#16388 = IFCCARTESIANPOINT((1.66485305786133E-1, -2.39229125976563E-1, 4.11571136474609E-1));
#16389 = IFCFACEOUTERBOUND(#16387, .T.);
#16390 = IFCFACE((#16389));
#16391 = IFCPOLYLOOP((#16388, #16392, #16351));
#16392 = IFCCARTESIANPOINT((1.41624908447266E-1, -2.40514739990234E-1, 4.11630584716797E-1));
#16393 = IFCFACEOUTERBOUND(#16391, .T.);
#16394 = IFCFACE((#16393));
#16395 = IFCPOLYLOOP((#16351, #16396, #16397));
#16396 = IFCCARTESIANPOINT((2.46832656860352E-1, -2.3371012878418E-1, 4.11315887451172E-1));
#16397 = IFCCARTESIANPOINT((2.16408737182617E-1, -2.36036956787109E-1, 4.11423522949219E-1));
#16398 = IFCFACEOUTERBOUND(#16395, .T.);
#16399 = IFCFACE((#16398));
#16400 = IFCPOLYLOOP((#16379, #16351, #16397));
#16401 = IFCFACEOUTERBOUND(#16400, .T.);
#16402 = IFCFACE((#16401));
#16403 = IFCPOLYLOOP((#16404, #16405, #16351));
#16404 = IFCCARTESIANPOINT((4.9841236114502E-2, -2.43435989379883E-1, 4.11765655517578E-1));
#16405 = IFCCARTESIANPOINT((3.31675224304199E-2, -2.4366650390625E-1, 4.11776306152344E-1));
#16406 = IFCFACEOUTERBOUND(#16403, .T.);
#16407 = IFCFACE((#16406));
#16408 = IFCPOLYLOOP((#16405, #16384, #16351));
#16409 = IFCFACEOUTERBOUND(#16408, .T.);
#16410 = IFCFACE((#16409));
#16411 = IFCPOLYLOOP((#16404, #16351, #16412));
#16412 = IFCCARTESIANPOINT((7.50130157470703E-2, -2.4292106628418E-1, 4.11741821289063E-1));
#16413 = IFCFACEOUTERBOUND(#16411, .T.);
#16414 = IFCFACE((#16413));
#16415 = IFCPOLYLOOP((#16416, #16351, #16417));
#16416 = IFCCARTESIANPOINT((9.98510818481445E-2, -2.42188735961914E-1, 4.11707977294922E-1));
#16417 = IFCCARTESIANPOINT((1.16515556335449E-1, -2.41587753295898E-1, 4.11680206298828E-1));
#16418 = IFCFACEOUTERBOUND(#16415, .T.);
#16419 = IFCFACE((#16418));
#16420 = IFCPOLYLOOP((#16351, #16416, #16412));
#16421 = IFCFACEOUTERBOUND(#16420, .T.);
#16422 = IFCFACE((#16421));
#16423 = IFCPOLYLOOP((#16417, #16351, #16392));
#16424 = IFCFACEOUTERBOUND(#16423, .T.);
#16425 = IFCFACE((#16424));
#16426 = IFCPOLYLOOP((#16427, #16351, #16375));
#16427 = IFCCARTESIANPOINT((1.7676448059082E-1, -2.02694854736328E-1, 4.09881713867188E-1));
#16428 = IFCFACEOUTERBOUND(#16426, .T.);
#16429 = IFCFACE((#16428));
#16430 = IFCPOLYLOOP((#16431, #16432, #16351));
#16431 = IFCCARTESIANPOINT((2.41825073242188E-1, -2.22315856933594E-1, 4.50831787109375E-1));
#16432 = IFCCARTESIANPOINT((2.47832733154297E-1, -2.34692794799805E-1, 4.31382720947266E-1));
#16433 = IFCFACEOUTERBOUND(#16430, .T.);
#16434 = IFCFACE((#16433));
#16435 = IFCPOLYLOOP((#16436, #16432, #16431));
#16436 = IFCCARTESIANPOINT((2.46823654174805E-1, -2.31845230102539E-1, 4.51272430419922E-1));
#16437 = IFCFACEOUTERBOUND(#16435, .T.);
#16438 = IFCFACE((#16437));
#16439 = IFCPOLYLOOP((#16432, #16396, #16351));
#16440 = IFCFACEOUTERBOUND(#16439, .T.);
#16441 = IFCFACE((#16440));
#16442 = IFCPOLYLOOP((#16436, #16443, #16432));
#16443 = IFCCARTESIANPOINT((2.47832733154297E-1, -2.33861328125E-1, 4.49363525390625E-1));
#16444 = IFCFACEOUTERBOUND(#16442, .T.);
#16445 = IFCFACE((#16444));
#16446 = IFCPOLYLOOP((#16432, #16447, #16396));
#16447 = IFCCARTESIANPOINT((2.47832733154297E-1, -2.3552424621582E-1, 4.13401947021484E-1));
#16448 = IFCFACEOUTERBOUND(#16446, .T.);
#16449 = IFCFACE((#16448));
#16450 = IFCPOLYLOOP((#16451, #16331, #16330));
#16451 = IFCCARTESIANPOINT((-2.43533508300781E-1, -2.22879608154297E-1, 4.50857849121094E-1));
#16452 = IFCFACEOUTERBOUND(#16450, .T.);
#16453 = IFCFACE((#16452));
#16454 = IFCPOLYLOOP((#16330, #16455, #16451));
#16455 = IFCCARTESIANPOINT((-2.47369155883789E-1, -2.31812606811523E-1, 4.51270904541016E-1));
#16456 = IFCFACEOUTERBOUND(#16454, .T.);
#16457 = IFCFACE((#16456));
#16458 = IFCPOLYLOOP((#16455, #16330, #16459));
#16459 = IFCCARTESIANPOINT((-2.48196716308594E-1, -2.35495208740234E-1, 4.13400573730469E-1));
#16460 = IFCFACEOUTERBOUND(#16458, .T.);
#16461 = IFCFACE((#16460));
#16462 = IFCPOLYLOOP((#16351, #16427, #16463));
#16463 = IFCCARTESIANPOINT((1.76764450073242E-1, -2.0084716796875E-1, 4.49839050292969E-1));
#16464 = IFCFACEOUTERBOUND(#16462, .T.);
#16465 = IFCFACE((#16464));
#16466 = IFCPOLYLOOP((#16463, #16431, #16351));
#16467 = IFCFACEOUTERBOUND(#16466, .T.);
#16468 = IFCFACE((#16467));
#16469 = IFCPOLYLOOP((#16427, #16470, #16471));
#16470 = IFCCARTESIANPOINT((1.70709945678711E-1, -2.00604598999023E-1, 4.11787200927734E-1));
#16471 = IFCCARTESIANPOINT((1.70709945678711E-1, -1.98941680908203E-1, 4.47748779296875E-1));
#16472 = IFCFACEOUTERBOUND(#16469, .T.);
#16473 = IFCFACE((#16472));
#16474 = IFCPOLYLOOP((#16463, #16427, #16471));
#16475 = IFCFACEOUTERBOUND(#16474, .T.);
#16476 = IFCFACE((#16475));
#16477 = IFCPOLYLOOP((#16478, #16479, #16375));
#16478 = IFCCARTESIANPOINT((-1.76764434814453E-1, -2.0084716796875E-1, 4.49839050292969E-1));
#16479 = IFCCARTESIANPOINT((-1.70709945678711E-1, -2.00604598999023E-1, 4.11787200927734E-1));
#16480 = IFCFACEOUTERBOUND(#16477, .T.);
#16481 = IFCFACE((#16480));
#16482 = IFCPOLYLOOP((#16451, #16478, #16375));
#16483 = IFCFACEOUTERBOUND(#16482, .T.);
#16484 = IFCFACE((#16483));
#16485 = IFCPOLYLOOP((#16375, #16331, #16451));
#16486 = IFCFACEOUTERBOUND(#16485, .T.);
#16487 = IFCFACE((#16486));
#16488 = IFCPOLYLOOP((#16478, #16489, #16479));
#16489 = IFCCARTESIANPOINT((-1.70709945678711E-1, -1.98941680908203E-1, 4.47748779296875E-1));
#16490 = IFCFACEOUTERBOUND(#16488, .T.);
#16491 = IFCFACE((#16490));
#16492 = IFCPOLYLOOP((#16493, #16451, #16455));
#16493 = IFCCARTESIANPOINT((-2.16772674560547E-1, -2.34162933349609E-1, 4.51379608154297E-1));
#16494 = IFCFACEOUTERBOUND(#16492, .T.);
#16495 = IFCFACE((#16494));
#16496 = IFCPOLYLOOP((#16451, #16493, #16497));
#16497 = IFCCARTESIANPOINT((-2.00137680053711E-1, -2.35321640014648E-1, 4.51433197021484E-1));
#16498 = IFCFACEOUTERBOUND(#16496, .T.);
#16499 = IFCFACE((#16498));
#16500 = IFCPOLYLOOP((#16497, #16501, #16451));
#16501 = IFCCARTESIANPOINT((-1.76266815185547E-1, -2.36836807250977E-1, 4.51503234863281E-1));
#16502 = IFCFACEOUTERBOUND(#16500, .T.);
#16503 = IFCFACE((#16502));
#16504 = IFCPOLYLOOP((#16505, #16451, #16506));
#16505 = IFCCARTESIANPOINT((-1.24805435180664E-1, -2.39418167114258E-1, 4.51622619628906E-1));
#16506 = IFCCARTESIANPOINT((-1.50197631835938E-1, -2.38242034912109E-1, 4.51568237304688E-1));
#16507 = IFCFACEOUTERBOUND(#16504, .T.);
#16508 = IFCFACE((#16507));
#16509 = IFCPOLYLOOP((#16506, #16451, #16501));
#16510 = IFCFACEOUTERBOUND(#16509, .T.);
#16511 = IFCFACE((#16510));
#16512 = IFCPOLYLOOP((#16431, #16451, #16513));
#16513 = IFCCARTESIANPOINT((-5.02061157226563E-2, -2.41582229614258E-1, 4.51722686767578E-1));
#16514 = IFCFACEOUTERBOUND(#16512, .T.);
#16515 = IFCFACE((#16514));
#16516 = IFCPOLYLOOP((#16451, #16505, #16517));
#16517 = IFCCARTESIANPOINT((-1.00215805053711E-1, -2.40328903198242E-1, 4.51664733886719E-1));
#16518 = IFCFACEOUTERBOUND(#16516, .T.);
#16519 = IFCFACE((#16518));
#16520 = IFCPOLYLOOP((#16451, #16517, #16521));
#16521 = IFCCARTESIANPOINT((-7.53802185058594E-2, -2.41064270019531E-1, 4.5169873046875E-1));
#16522 = IFCFACEOUTERBOUND(#16520, .T.);
#16523 = IFCFACE((#16522));
#16524 = IFCPOLYLOOP((#16513, #16451, #16521));
#16525 = IFCFACEOUTERBOUND(#16524, .T.);
#16526 = IFCFACE((#16525));
#16527 = IFCPOLYLOOP((#16528, #16431, #16529));
#16528 = IFCCARTESIANPOINT((-8.37100219726563E-3, -2.41998458862305E-1, 4.51741943359375E-1));
#16529 = IFCCARTESIANPOINT((-3.35324287414551E-2, -2.4181477355957E-1, 4.51733428955078E-1));
#16530 = IFCFACEOUTERBOUND(#16527, .T.);
#16531 = IFCFACE((#16530));
#16532 = IFCPOLYLOOP((#16513, #16529, #16431));
#16533 = IFCFACEOUTERBOUND(#16532, .T.);
#16534 = IFCFACE((#16533));
#16535 = IFCPOLYLOOP((#16431, #16478, #16451));
#16536 = IFCFACEOUTERBOUND(#16535, .T.);
#16537 = IFCFACE((#16536));
#16538 = IFCPOLYLOOP((#16539, #16431, #16540));
#16539 = IFCCARTESIANPOINT((1.9977360534668E-1, -2.35345947265625E-1, 4.51434295654297E-1));
#16540 = IFCCARTESIANPOINT((1.83132278442383E-1, -2.36410003662109E-1, 4.51483520507813E-1));
#16541 = IFCFACEOUTERBOUND(#16538, .T.);
#16542 = IFCFACE((#16541));
#16543 = IFCPOLYLOOP((#16544, #16431, #16528));
#16544 = IFCCARTESIANPOINT((1.64927845001221E-2, -2.41956741333008E-1, 4.51739990234375E-1));
#16545 = IFCFACEOUTERBOUND(#16543, .T.);
#16546 = IFCFACE((#16545));
#16547 = IFCPOLYLOOP((#16548, #16540, #16431));
#16548 = IFCCARTESIANPOINT((1.66485305786133E-1, -2.37381439208984E-1, 4.51528442382813E-1));
#16549 = IFCFACEOUTERBOUND(#16547, .T.);
#16550 = IFCFACE((#16549));
#16551 = IFCPOLYLOOP((#16548, #16431, #16552));
#16552 = IFCCARTESIANPOINT((1.41624893188477E-1, -2.38667083740234E-1, 4.51587890625E-1));
#16553 = IFCFACEOUTERBOUND(#16551, .T.);
#16554 = IFCFACE((#16553));
#16555 = IFCPOLYLOOP((#16556, #16436, #16431));
#16556 = IFCCARTESIANPOINT((2.22787567138672E-1, -2.33726898193359E-1, 4.51359436035156E-1));
#16557 = IFCFACEOUTERBOUND(#16555, .T.);
#16558 = IFCFACE((#16557));
#16559 = IFCPOLYLOOP((#16539, #16556, #16431));
#16560 = IFCFACEOUTERBOUND(#16559, .T.);
#16561 = IFCFACE((#16560));
#16562 = IFCPOLYLOOP((#16563, #16431, #16564));
#16563 = IFCCARTESIANPOINT((4.9841236114502E-2, -2.41588317871094E-1, 4.51722961425781E-1));
#16564 = IFCCARTESIANPOINT((3.31675224304199E-2, -2.41818832397461E-1, 4.51733612060547E-1));
#16565 = IFCFACEOUTERBOUND(#16562, .T.);
#16566 = IFCFACE((#16565));
#16567 = IFCPOLYLOOP((#16564, #16431, #16544));
#16568 = IFCFACEOUTERBOUND(#16567, .T.);
#16569 = IFCFACE((#16568));
#16570 = IFCPOLYLOOP((#16563, #16571, #16431));
#16571 = IFCCARTESIANPOINT((7.50085144042969E-2, -2.41073394775391E-1, 4.51699188232422E-1));
#16572 = IFCFACEOUTERBOUND(#16570, .T.);
#16573 = IFCFACE((#16572));
#16574 = IFCPOLYLOOP((#16575, #16576, #16431));
#16575 = IFCCARTESIANPOINT((9.98510818481445E-2, -2.40341049194336E-1, 4.51665283203125E-1));
#16576 = IFCCARTESIANPOINT((1.16515556335449E-1, -2.39740081787109E-1, 4.51637512207031E-1));
#16577 = IFCFACEOUTERBOUND(#16574, .T.);
#16578 = IFCFACE((#16577));
#16579 = IFCPOLYLOOP((#16431, #16571, #16575));
#16580 = IFCFACEOUTERBOUND(#16579, .T.);
#16581 = IFCFACE((#16580));
#16582 = IFCPOLYLOOP((#16576, #16552, #16431));
#16583 = IFCFACEOUTERBOUND(#16582, .T.);
#16584 = IFCFACE((#16583));
#16585 = IFCPOLYLOOP((#16463, #16478, #16431));
#16586 = IFCFACEOUTERBOUND(#16585, .T.);
#16587 = IFCFACE((#16586));
#16588 = IFCPOLYLOOP((#16589, #16590, #16591));
#16589 = IFCCARTESIANPOINT((1.23890083312988E-1, -2.42366073608398E-1, 4.31737548828125E-1));
#16590 = IFCCARTESIANPOINT((1.03232986450195E-1, -2.43564498901367E-1, 4.22783355712891E-1));
#16591 = IFCCARTESIANPOINT((1.23044708251953E-1, -2.43236862182617E-1, 4.13752502441406E-1));
#16592 = IFCFACEOUTERBOUND(#16588, .T.);
#16593 = IFCFACE((#16592));
#16594 = IFCPOLYLOOP((#16595, #16596, #16590));
#16595 = IFCCARTESIANPOINT((8.26031036376953E-2, -2.44623596191406E-1, 4.13816619873047E-1));
#16596 = IFCCARTESIANPOINT((1.02876022338867E-1, -2.43999450683594E-1, 4.13796722412109E-1));
#16597 = IFCFACEOUTERBOUND(#16594, .T.);
#16598 = IFCFACE((#16597));
#16599 = IFCPOLYLOOP((#16600, #16601, #16602));
#16600 = IFCCARTESIANPOINT((1.44461242675781E-1, -2.41888748168945E-1, 4.22080780029297E-1));
#16601 = IFCCARTESIANPOINT((1.49856262207031E-1, -2.42021759033203E-1, 4.13699737548828E-1));
#16602 = IFCCARTESIANPOINT((1.66015762329102E-1, -2.411650390625E-1, 4.1365771484375E-1));
#16603 = IFCFACEOUTERBOUND(#16599, .T.);
#16604 = IFCFACE((#16603));
#16605 = IFCPOLYLOOP((#16602, #16606, #16600));
#16606 = IFCCARTESIANPOINT((1.65204315185547E-1, -2.40373550415039E-1, 4.31645416259766E-1));
#16607 = IFCFACEOUTERBOUND(#16605, .T.);
#16608 = IFCFACE((#16607));
#16609 = IFCPOLYLOOP((#16606, #16589, #16600));
#16610 = IFCFACEOUTERBOUND(#16609, .T.);
#16611 = IFCFACE((#16610));
#16612 = IFCPOLYLOOP((#16613, #16595, #16590));
#16613 = IFCCARTESIANPOINT((8.25758819580078E-2, -2.43789093017578E-1, 4.31803344726563E-1));
#16614 = IFCFACEOUTERBOUND(#16612, .T.);
#16615 = IFCFACE((#16614));
#16616 = IFCPOLYLOOP((#16589, #16613, #16590));
#16617 = IFCFACEOUTERBOUND(#16616, .T.);
#16618 = IFCFACE((#16617));
#16619 = IFCPOLYLOOP((#16620, #16621, #16622));
#16620 = IFCCARTESIANPOINT((1.85374755859375E-1, -2.40034057617188E-1, 4.13612976074219E-1));
#16621 = IFCCARTESIANPOINT((1.98013763427734E-1, -2.39223190307617E-1, 4.13571044921875E-1));
#16622 = IFCCARTESIANPOINT((2.06518539428711E-1, -2.38435134887695E-1, 4.18041198730469E-1));
#16623 = IFCFACEOUTERBOUND(#16619, .T.);
#16624 = IFCFACE((#16623));
#16625 = IFCPOLYLOOP((#16622, #16626, #16620));
#16626 = IFCCARTESIANPOINT((1.85861419677734E-1, -2.39579467773438E-1, 4.22599090576172E-1));
#16627 = IFCFACEOUTERBOUND(#16625, .T.);
#16628 = IFCFACE((#16627));
#16629 = IFCPOLYLOOP((#16622, #16630, #16631));
#16630 = IFCCARTESIANPOINT((2.12847152709961E-1, -2.38205352783203E-1, 4.13525543212891E-1));
#16631 = IFCCARTESIANPOINT((2.27686813354492E-1, -2.37116958618164E-1, 4.13477386474609E-1));
#16632 = IFCFACEOUTERBOUND(#16629, .T.);
#16633 = IFCFACE((#16632));
#16634 = IFCPOLYLOOP((#16631, #16635, #16622));
#16635 = IFCCARTESIANPOINT((2.27175628662109E-1, -2.36732696533203E-1, 4.22467437744141E-1));
#16636 = IFCFACEOUTERBOUND(#16634, .T.);
#16637 = IFCFACE((#16636));
#16638 = IFCPOLYLOOP((#16626, #16622, #16639));
#16639 = IFCCARTESIANPOINT((2.06518524169922E-1, -2.37811538696289E-1, 4.31526947021484E-1));
#16640 = IFCFACEOUTERBOUND(#16638, .T.);
#16641 = IFCFACE((#16640));
#16642 = IFCPOLYLOOP((#16606, #16602, #16626));
#16643 = IFCFACEOUTERBOUND(#16642, .T.);
#16644 = IFCFACE((#16643));
#16645 = IFCPOLYLOOP((#16639, #16606, #16626));
#16646 = IFCFACEOUTERBOUND(#16645, .T.);
#16647 = IFCFACE((#16646));
#16648 = IFCPOLYLOOP((#16606, #16639, #16649));
#16649 = IFCCARTESIANPOINT((1.85861419677734E-1, -2.38748016357422E-1, 4.40579864501953E-1));
#16650 = IFCFACEOUTERBOUND(#16648, .T.);
#16651 = IFCFACE((#16650));
#16652 = IFCPOLYLOOP((#16653, #16654, #16655));
#16653 = IFCCARTESIANPOINT((2.27981719970703E-1, -2.3543180847168E-1, 4.49436431884766E-1));
#16654 = IFCCARTESIANPOINT((2.1284716796875E-1, -2.36542404174805E-1, 4.49487854003906E-1));
#16655 = IFCCARTESIANPOINT((2.06518524169922E-1, -2.37187957763672E-1, 4.45012542724609E-1));
#16656 = IFCFACEOUTERBOUND(#16652, .T.);
#16657 = IFCFACE((#16656));
#16658 = IFCPOLYLOOP((#16655, #16659, #16653));
#16659 = IFCCARTESIANPOINT((2.27175628662109E-1, -2.35901245117188E-1, 4.404482421875E-1));
#16660 = IFCFACEOUTERBOUND(#16658, .T.);
#16661 = IFCFACE((#16660));
#16662 = IFCPOLYLOOP((#16606, #16649, #16663));
#16663 = IFCCARTESIANPOINT((1.66015777587891E-1, -2.39501663208008E-1, 4.49629425048828E-1));
#16664 = IFCFACEOUTERBOUND(#16662, .T.);
#16665 = IFCFACE((#16664));
#16666 = IFCPOLYLOOP((#16655, #16667, #16668));
#16667 = IFCCARTESIANPOINT((1.98013702392578E-1, -2.37560119628906E-1, 4.49536499023438E-1));
#16668 = IFCCARTESIANPOINT((1.85374801635742E-1, -2.38371383666992E-1, 4.49569549560547E-1));
#16669 = IFCFACEOUTERBOUND(#16666, .T.);
#16670 = IFCFACE((#16669));
#16671 = IFCPOLYLOOP((#16668, #16649, #16655));
#16672 = IFCFACEOUTERBOUND(#16671, .T.);
#16673 = IFCFACE((#16672));
#16674 = IFCPOLYLOOP((#16675, #16676, #16613));
#16675 = IFCCARTESIANPOINT((1.03232986450195E-1, -2.42733032226563E-1, 4.40764129638672E-1));
#16676 = IFCCARTESIANPOINT((8.26256484985352E-2, -2.42959487915039E-1, 4.49790222167969E-1));
#16677 = IFCFACEOUTERBOUND(#16674, .T.);
#16678 = IFCFACE((#16677));
#16679 = IFCPOLYLOOP((#16680, #16681, #16675));
#16680 = IFCCARTESIANPOINT((1.24859489440918E-1, -2.41502380371094E-1, 4.49723571777344E-1));
#16681 = IFCCARTESIANPOINT((1.02876007080078E-1, -2.42336807250977E-1, 4.49752563476563E-1));
#16682 = IFCFACEOUTERBOUND(#16679, .T.);
#16683 = IFCFACE((#16682));
#16684 = IFCPOLYLOOP((#16675, #16589, #16680));
#16685 = IFCFACEOUTERBOUND(#16684, .T.);
#16686 = IFCFACE((#16685));
#16687 = IFCPOLYLOOP((#16613, #16589, #16675));
#16688 = IFCFACEOUTERBOUND(#16687, .T.);
#16689 = IFCFACE((#16688));
#16690 = IFCPOLYLOOP((#16691, #16680, #16589));
#16691 = IFCCARTESIANPOINT((1.4446125793457E-1, -2.40999618530273E-1, 4.4130908203125E-1));
#16692 = IFCFACEOUTERBOUND(#16690, .T.);
#16693 = IFCFACE((#16692));
#16694 = IFCPOLYLOOP((#16589, #16606, #16691));
#16695 = IFCFACEOUTERBOUND(#16694, .T.);
#16696 = IFCFACE((#16695));
#16697 = IFCPOLYLOOP((#16663, #16698, #16691));
#16698 = IFCCARTESIANPOINT((1.49856094360352E-1, -2.40358612060547E-1, 4.49666625976563E-1));
#16699 = IFCFACEOUTERBOUND(#16697, .T.);
#16700 = IFCFACE((#16699));
#16701 = IFCPOLYLOOP((#16691, #16606, #16663));
#16702 = IFCFACEOUTERBOUND(#16701, .T.);
#16703 = IFCFACE((#16702));
#16704 = IFCPOLYLOOP((#16705, #16706, #16707));
#16705 = IFCCARTESIANPOINT((-4.16780166625977E-2, -2.45471038818359E-1, 4.13858734130859E-1));
#16706 = IFCCARTESIANPOINT((-6.21465759277344E-2, -2.44698043823242E-1, 4.22835784912109E-1));
#16707 = IFCCARTESIANPOINT((-6.24437713623047E-2, -2.45112716674805E-1, 4.13850128173828E-1));
#16708 = IFCFACEOUTERBOUND(#16704, .T.);
#16709 = IFCFACE((#16708));
#16710 = IFCPOLYLOOP((#16711, #16712, #16713));
#16711 = IFCCARTESIANPOINT((-2.10039405822754E-2, -2.45687744140625E-1, 4.13875701904297E-1));
#16712 = IFCCARTESIANPOINT((-2.10856765508652E-4, -2.45760986328125E-1, 4.13870666503906E-1));
#16713 = IFCCARTESIANPOINT((-1.22670635581017E-4, -2.44926635742188E-1, 4.3185595703125E-1));
#16714 = IFCFACEOUTERBOUND(#16710, .T.);
#16715 = IFCFACE((#16714));
#16716 = IFCPOLYLOOP((#16713, #16717, #16711));
#16717 = IFCCARTESIANPOINT((-2.07973041534424E-2, -2.45270202636719E-1, 4.22862243652344E-1));
#16718 = IFCFACEOUTERBOUND(#16716, .T.);
#16719 = IFCFACE((#16718));
#16720 = IFCPOLYLOOP((#16717, #16721, #16705));
#16721 = IFCCARTESIANPOINT((-4.14719390869141E-2, -2.44639709472656E-1, 4.31842681884766E-1));
#16722 = IFCFACEOUTERBOUND(#16720, .T.);
#16723 = IFCFACE((#16722));
#16724 = IFCPOLYLOOP((#16705, #16711, #16717));
#16725 = IFCFACEOUTERBOUND(#16724, .T.);
#16726 = IFCFACE((#16725));
#16727 = IFCPOLYLOOP((#16713, #16721, #16717));
#16728 = IFCFACEOUTERBOUND(#16727, .T.);
#16729 = IFCFACE((#16728));
#16730 = IFCPOLYLOOP((#16706, #16705, #16721));
#16731 = IFCFACEOUTERBOUND(#16730, .T.);
#16732 = IFCFACE((#16731));
#16733 = IFCPOLYLOOP((#16734, #16707, #16706));
#16734 = IFCCARTESIANPOINT((-8.289208984375E-2, -2.44615600585938E-1, 4.13815979003906E-1));
#16735 = IFCFACEOUTERBOUND(#16733, .T.);
#16736 = IFCFACE((#16735));
#16737 = IFCPOLYLOOP((#16706, #16738, #16734));
#16738 = IFCCARTESIANPOINT((-8.28212127685547E-2, -2.43782318115234E-1, 4.31803039550781E-1));
#16739 = IFCFACEOUTERBOUND(#16737, .T.);
#16740 = IFCFACE((#16739));
#16741 = IFCPOLYLOOP((#16721, #16738, #16706));
#16742 = IFCFACEOUTERBOUND(#16741, .T.);
#16743 = IFCFACE((#16742));
#16744 = IFCPOLYLOOP((#16712, #16745, #16746));
#16745 = IFCCARTESIANPOINT((2.022922706604E-2, -2.45694366455078E-1, 4.13876129150391E-1));
#16746 = IFCCARTESIANPOINT((2.05519695281982E-2, -2.45271896362305E-1, 4.228623046875E-1));
#16747 = IFCFACEOUTERBOUND(#16744, .T.);
#16748 = IFCFACE((#16747));
#16749 = IFCPOLYLOOP((#16746, #16713, #16712));
#16750 = IFCFACEOUTERBOUND(#16749, .T.);
#16751 = IFCFACE((#16750));
#16752 = IFCPOLYLOOP((#16595, #16613, #16753));
#16753 = IFCCARTESIANPOINT((6.19012451171875E-2, -2.44703125E-1, 4.22835998535156E-1));
#16754 = IFCFACEOUTERBOUND(#16752, .T.);
#16755 = IFCFACE((#16754));
#16756 = IFCPOLYLOOP((#16753, #16757, #16595));
#16757 = IFCCARTESIANPOINT((6.22293434143066E-2, -2.45117156982422E-1, 4.13850341796875E-1));
#16758 = IFCFACEOUTERBOUND(#16756, .T.);
#16759 = IFCFACE((#16758));
#16760 = IFCPOLYLOOP((#16761, #16762, #16753));
#16761 = IFCCARTESIANPOINT((4.12266159057617E-2, -2.44643096923828E-1, 4.31842834472656E-1));
#16762 = IFCCARTESIANPOINT((4.14258613586426E-2, -2.45474548339844E-1, 4.13858856201172E-1));
#16763 = IFCFACEOUTERBOUND(#16760, .T.);
#16764 = IFCFACE((#16763));
#16765 = IFCPOLYLOOP((#16613, #16761, #16753));
#16766 = IFCFACEOUTERBOUND(#16765, .T.);
#16767 = IFCFACE((#16766));
#16768 = IFCPOLYLOOP((#16746, #16745, #16762));
#16769 = IFCFACEOUTERBOUND(#16768, .T.);
#16770 = IFCFACE((#16769));
#16771 = IFCPOLYLOOP((#16762, #16761, #16746));
#16772 = IFCFACEOUTERBOUND(#16771, .T.);
#16773 = IFCFACE((#16772));
#16774 = IFCPOLYLOOP((#16761, #16713, #16746));
#16775 = IFCFACEOUTERBOUND(#16774, .T.);
#16776 = IFCFACE((#16775));
#16777 = IFCPOLYLOOP((#16778, #16779, #16780));
#16778 = IFCCARTESIANPOINT((2.05519695281982E-2, -2.44440444946289E-1, 4.40843109130859E-1));
#16779 = IFCCARTESIANPOINT((2.02292556762695E-2, -2.44031814575195E-1, 4.49829895019531E-1));
#16780 = IFCCARTESIANPOINT((-1.2164294719696E-4, -2.4409748840332E-1, 4.49841491699219E-1));
#16781 = IFCFACEOUTERBOUND(#16777, .T.);
#16782 = IFCFACE((#16781));
#16783 = IFCPOLYLOOP((#16780, #16713, #16778));
#16784 = IFCFACEOUTERBOUND(#16783, .T.);
#16785 = IFCFACE((#16784));
#16786 = IFCPOLYLOOP((#16713, #16761, #16778));
#16787 = IFCFACEOUTERBOUND(#16786, .T.);
#16788 = IFCFACE((#16787));
#16789 = IFCPOLYLOOP((#16676, #16790, #16791));
#16790 = IFCCARTESIANPOINT((6.25585823059082E-2, -2.43446899414063E-1, 4.49803070068359E-1));
#16791 = IFCCARTESIANPOINT((6.19012451171875E-2, -2.43871673583984E-1, 4.40816802978516E-1));
#16792 = IFCFACEOUTERBOUND(#16789, .T.);
#16793 = IFCFACE((#16792));
#16794 = IFCPOLYLOOP((#16791, #16613, #16676));
#16795 = IFCFACEOUTERBOUND(#16794, .T.);
#16796 = IFCFACE((#16795));
#16797 = IFCPOLYLOOP((#16761, #16613, #16791));
#16798 = IFCFACEOUTERBOUND(#16797, .T.);
#16799 = IFCFACE((#16798));
#16800 = IFCPOLYLOOP((#16761, #16791, #16790));
#16801 = IFCFACEOUTERBOUND(#16800, .T.);
#16802 = IFCFACE((#16801));
#16803 = IFCPOLYLOOP((#16790, #16804, #16761));
#16804 = IFCCARTESIANPOINT((4.15669593811035E-2, -2.43809783935547E-1, 4.49826538085938E-1));
#16805 = IFCFACEOUTERBOUND(#16803, .T.);
#16806 = IFCFACE((#16805));
#16807 = IFCPOLYLOOP((#16778, #16761, #16804));
#16808 = IFCFACEOUTERBOUND(#16807, .T.);
#16809 = IFCFACE((#16808));
#16810 = IFCPOLYLOOP((#16804, #16779, #16778));
#16811 = IFCFACEOUTERBOUND(#16810, .T.);
#16812 = IFCFACE((#16811));
#16813 = IFCPOLYLOOP((#16814, #16815, #16816));
#16814 = IFCCARTESIANPOINT((-6.21465759277344E-2, -2.43866592407227E-1, 4.40816558837891E-1));
#16815 = IFCCARTESIANPOINT((-6.24438667297363E-2, -2.43450256347656E-1, 4.49802124023438E-1));
#16816 = IFCCARTESIANPOINT((-8.28921051025391E-2, -2.42952102661133E-1, 4.49790283203125E-1));
#16817 = IFCFACEOUTERBOUND(#16813, .T.);
#16818 = IFCFACE((#16817));
#16819 = IFCPOLYLOOP((#16816, #16738, #16814));
#16820 = IFCFACEOUTERBOUND(#16819, .T.);
#16821 = IFCFACE((#16820));
#16822 = IFCPOLYLOOP((#16721, #16823, #16814));
#16823 = IFCCARTESIANPOINT((-4.16488456726074E-2, -2.43808258056641E-1, 4.49826812744141E-1));
#16824 = IFCFACEOUTERBOUND(#16822, .T.);
#16825 = IFCFACE((#16824));
#16826 = IFCPOLYLOOP((#16738, #16721, #16814));
#16827 = IFCFACEOUTERBOUND(#16826, .T.);
#16828 = IFCFACE((#16827));
#16829 = IFCPOLYLOOP((#16830, #16831, #16823));
#16830 = IFCCARTESIANPOINT((-2.07973041534424E-2, -2.44438751220703E-1, 4.40843017578125E-1));
#16831 = IFCCARTESIANPOINT((-2.05931911468506E-2, -2.44029296875E-1, 4.49828918457031E-1));
#16832 = IFCFACEOUTERBOUND(#16829, .T.);
#16833 = IFCFACE((#16832));
#16834 = IFCPOLYLOOP((#16823, #16721, #16830));
#16835 = IFCFACEOUTERBOUND(#16834, .T.);
#16836 = IFCFACE((#16835));
#16837 = IFCPOLYLOOP((#16780, #16831, #16830));
#16838 = IFCFACEOUTERBOUND(#16837, .T.);
#16839 = IFCFACE((#16838));
#16840 = IFCPOLYLOOP((#16830, #16713, #16780));
#16841 = IFCFACEOUTERBOUND(#16840, .T.);
#16842 = IFCFACE((#16841));
#16843 = IFCPOLYLOOP((#16721, #16713, #16830));
#16844 = IFCFACEOUTERBOUND(#16843, .T.);
#16845 = IFCFACE((#16844));
#16846 = IFCPOLYLOOP((#16847, #16848, #16849));
#16847 = IFCCARTESIANPOINT((-2.06852828979492E-1, -2.38412078857422E-1, 4.18040161132813E-1));
#16848 = IFCCARTESIANPOINT((-2.06852844238281E-1, -2.37788482666016E-1, 4.3152587890625E-1));
#16849 = IFCCARTESIANPOINT((-2.27524810791016E-1, -2.36914077758789E-1, 4.17970916748047E-1));
#16850 = IFCFACEOUTERBOUND(#16846, .T.);
#16851 = IFCFACE((#16850));
#16852 = IFCPOLYLOOP((#16853, #16854, #16855));
#16853 = IFCCARTESIANPOINT((-1.8607666015625E-1, -2.39588180541992E-1, 4.22095855712891E-1));
#16854 = IFCCARTESIANPOINT((-1.65508941650391E-1, -2.40980331420898E-1, 4.18159240722656E-1));
#16855 = IFCCARTESIANPOINT((-1.6550895690918E-1, -2.40356750488281E-1, 4.31644653320313E-1));
#16856 = IFCFACEOUTERBOUND(#16852, .T.);
#16857 = IFCFACE((#16856));
#16858 = IFCPOLYLOOP((#16848, #16847, #16853));
#16859 = IFCFACEOUTERBOUND(#16858, .T.);
#16860 = IFCFACE((#16859));
#16861 = IFCPOLYLOOP((#16855, #16848, #16853));
#16862 = IFCFACEOUTERBOUND(#16861, .T.);
#16863 = IFCFACE((#16862));
#16864 = IFCPOLYLOOP((#16865, #16734, #16738));
#16865 = IFCCARTESIANPOINT((-1.03493148803711E-1, -2.43555526733398E-1, 4.22782928466797E-1));
#16866 = IFCFACEOUTERBOUND(#16864, .T.);
#16867 = IFCFACE((#16866));
#16868 = IFCPOLYLOOP((#16869, #16870, #16865));
#16869 = IFCCARTESIANPOINT((-1.2434831237793E-1, -2.43182235717773E-1, 4.13755889892578E-1));
#16870 = IFCCARTESIANPOINT((-1.04245590209961E-1, -2.43953964233398E-1, 4.13792449951172E-1));
#16871 = IFCFACEOUTERBOUND(#16868, .T.);
#16872 = IFCFACE((#16871));
#16873 = IFCPOLYLOOP((#16865, #16874, #16869));
#16874 = IFCCARTESIANPOINT((-1.24165092468262E-1, -2.42354690551758E-1, 4.31737030029297E-1));
#16875 = IFCFACEOUTERBOUND(#16873, .T.);
#16876 = IFCFACE((#16875));
#16877 = IFCPOLYLOOP((#16738, #16874, #16865));
#16878 = IFCFACEOUTERBOUND(#16877, .T.);
#16879 = IFCFACE((#16878));
#16880 = IFCPOLYLOOP((#16881, #16869, #16874));
#16881 = IFCCARTESIANPOINT((-1.44824234008789E-1, -2.41880599975586E-1, 4.21891784667969E-1));
#16882 = IFCFACEOUTERBOUND(#16880, .T.);
#16883 = IFCFACE((#16882));
#16884 = IFCPOLYLOOP((#16855, #16854, #16881));
#16885 = IFCFACEOUTERBOUND(#16884, .T.);
#16886 = IFCFACE((#16885));
#16887 = IFCPOLYLOOP((#16874, #16855, #16881));
#16888 = IFCFACEOUTERBOUND(#16887, .T.);
#16889 = IFCFACE((#16888));
#16890 = IFCPOLYLOOP((#16874, #16891, #16892));
#16891 = IFCCARTESIANPOINT((-1.24348304748535E-1, -2.41519317626953E-1, 4.49717803955078E-1));
#16892 = IFCCARTESIANPOINT((-1.44824279785156E-1, -2.40974044799805E-1, 4.41496520996094E-1));
#16893 = IFCFACEOUTERBOUND(#16890, .T.);
#16894 = IFCFACE((#16893));
#16895 = IFCPOLYLOOP((#16855, #16874, #16892));
#16896 = IFCFACEOUTERBOUND(#16895, .T.);
#16897 = IFCFACE((#16896));
#16898 = IFCPOLYLOOP((#16899, #16900, #16891));
#16899 = IFCCARTESIANPOINT((-1.03493148803711E-1, -2.42724060058594E-1, 4.40763732910156E-1));
#16900 = IFCCARTESIANPOINT((-1.04245536804199E-1, -2.42291122436523E-1, 4.49752593994141E-1));
#16901 = IFCFACEOUTERBOUND(#16898, .T.);
#16902 = IFCFACE((#16901));
#16903 = IFCPOLYLOOP((#16891, #16874, #16899));
#16904 = IFCFACEOUTERBOUND(#16903, .T.);
#16905 = IFCFACE((#16904));
#16906 = IFCPOLYLOOP((#16738, #16816, #16899));
#16907 = IFCFACEOUTERBOUND(#16906, .T.);
#16908 = IFCFACE((#16907));
#16909 = IFCPOLYLOOP((#16874, #16738, #16899));
#16910 = IFCFACEOUTERBOUND(#16909, .T.);
#16911 = IFCFACE((#16910));
#16912 = IFCPOLYLOOP((#16816, #16900, #16899));
#16913 = IFCFACEOUTERBOUND(#16912, .T.);
#16914 = IFCFACE((#16913));
#16915 = IFCPOLYLOOP((#16848, #16855, #16916));
#16916 = IFCCARTESIANPOINT((-1.86076644897461E-1, -2.38710250854492E-1, 4.41081756591797E-1));
#16917 = IFCFACEOUTERBOUND(#16915, .T.);
#16918 = IFCFACE((#16917));
#16919 = IFCPOLYLOOP((#16855, #16920, #16916));
#16920 = IFCCARTESIANPOINT((-1.65508972167969E-1, -2.39733154296875E-1, 4.45130249023438E-1));
#16921 = IFCFACEOUTERBOUND(#16919, .T.);
#16922 = IFCFACE((#16921));
#16923 = IFCPOLYLOOP((#16924, #16925, #16848));
#16924 = IFCCARTESIANPOINT((-2.06852844238281E-1, -2.37164901733398E-1, 4.45011474609375E-1));
#16925 = IFCCARTESIANPOINT((-2.26849014282227E-1, -2.35512939453125E-1, 4.49449859619141E-1));
#16926 = IFCFACEOUTERBOUND(#16923, .T.);
#16927 = IFCFACE((#16926));
#16928 = IFCPOLYLOOP((#16655, #16654, #16667));
#16929 = IFCFACEOUTERBOUND(#16928, .T.);
#16930 = IFCFACE((#16929));
#16931 = IFCPOLYLOOP((#16659, #16639, #16432));
#16932 = IFCFACEOUTERBOUND(#16931, .T.);
#16933 = IFCFACE((#16932));
#16934 = IFCPOLYLOOP((#16432, #16443, #16659));
#16935 = IFCFACEOUTERBOUND(#16934, .T.);
#16936 = IFCFACE((#16935));
#16937 = IFCPOLYLOOP((#16680, #16691, #16698));
#16938 = IFCFACEOUTERBOUND(#16937, .T.);
#16939 = IFCFACE((#16938));
#16940 = IFCPOLYLOOP((#16631, #16447, #16635));
#16941 = IFCFACEOUTERBOUND(#16940, .T.);
#16942 = IFCFACE((#16941));
#16943 = IFCPOLYLOOP((#16432, #16635, #16447));
#16944 = IFCFACEOUTERBOUND(#16943, .T.);
#16945 = IFCFACE((#16944));
#16946 = IFCPOLYLOOP((#16635, #16639, #16622));
#16947 = IFCFACEOUTERBOUND(#16946, .T.);
#16948 = IFCFACE((#16947));
#16949 = IFCPOLYLOOP((#16639, #16635, #16432));
#16950 = IFCFACEOUTERBOUND(#16949, .T.);
#16951 = IFCFACE((#16950));
#16952 = IFCPOLYLOOP((#16622, #16621, #16630));
#16953 = IFCFACEOUTERBOUND(#16952, .T.);
#16954 = IFCFACE((#16953));
#16955 = IFCPOLYLOOP((#16600, #16956, #16601));
#16956 = IFCCARTESIANPOINT((1.30650009155273E-1, -2.42916244506836E-1, 4.13742980957031E-1));
#16957 = IFCFACEOUTERBOUND(#16955, .T.);
#16958 = IFCFACE((#16957));
#16959 = IFCPOLYLOOP((#16600, #16589, #16591));
#16960 = IFCFACEOUTERBOUND(#16959, .T.);
#16961 = IFCFACE((#16960));
#16962 = IFCPOLYLOOP((#16591, #16956, #16600));
#16963 = IFCFACEOUTERBOUND(#16962, .T.);
#16964 = IFCFACE((#16963));
#16965 = IFCPOLYLOOP((#16892, #16891, #16966));
#16966 = IFCCARTESIANPOINT((-1.38383361816406E-1, -2.40905395507813E-1, 4.49689208984375E-1));
#16967 = IFCFACEOUTERBOUND(#16965, .T.);
#16968 = IFCFACE((#16967));
#16969 = IFCPOLYLOOP((#16892, #16966, #16970));
#16970 = IFCCARTESIANPOINT((-1.55994079589844E-1, -2.40043273925781E-1, 4.49650085449219E-1));
#16971 = IFCFACEOUTERBOUND(#16969, .T.);
#16972 = IFCFACE((#16971));
#16973 = IFCPOLYLOOP((#16916, #16974, #16975));
#16974 = IFCCARTESIANPOINT((-1.79281005859375E-1, -2.38744293212891E-1, 4.49590545654297E-1));
#16975 = IFCCARTESIANPOINT((-2.01276718139648E-1, -2.37346374511719E-1, 4.49527526855469E-1));
#16976 = IFCFACEOUTERBOUND(#16973, .T.);
#16977 = IFCFACE((#16976));
#16978 = IFCPOLYLOOP((#16920, #16970, #16974));
#16979 = IFCFACEOUTERBOUND(#16978, .T.);
#16980 = IFCFACE((#16979));
#16981 = IFCPOLYLOOP((#16892, #16970, #16920));
#16982 = IFCFACEOUTERBOUND(#16981, .T.);
#16983 = IFCFACE((#16982));
#16984 = IFCPOLYLOOP((#16975, #16925, #16924));
#16985 = IFCFACEOUTERBOUND(#16984, .T.);
#16986 = IFCFACE((#16985));
#16987 = IFCPOLYLOOP((#16920, #16974, #16916));
#16988 = IFCFACEOUTERBOUND(#16987, .T.);
#16989 = IFCFACE((#16988));
#16990 = IFCPOLYLOOP((#16924, #16916, #16975));
#16991 = IFCFACEOUTERBOUND(#16990, .T.);
#16992 = IFCFACE((#16991));
#16993 = IFCPOLYLOOP((#16994, #16459, #16849));
#16994 = IFCCARTESIANPOINT((-2.48196716308594E-1, -2.33832305908203E-1, 4.49362182617188E-1));
#16995 = IFCFACEOUTERBOUND(#16993, .T.);
#16996 = IFCFACE((#16995));
#16997 = IFCPOLYLOOP((#16849, #16925, #16994));
#16998 = IFCFACEOUTERBOUND(#16997, .T.);
#16999 = IFCFACE((#16998));
#17000 = IFCPOLYLOOP((#16869, #16881, #17001));
#17001 = IFCCARTESIANPOINT((-1.38383590698242E-1, -2.42568298339844E-1, 4.13727752685547E-1));
#17002 = IFCFACEOUTERBOUND(#17000, .T.);
#17003 = IFCFACE((#17002));
#17004 = IFCPOLYLOOP((#16881, #16854, #17005));
#17005 = IFCCARTESIANPOINT((-1.55993881225586E-1, -2.41706253051758E-1, 4.13687103271484E-1));
#17006 = IFCFACEOUTERBOUND(#17004, .T.);
#17007 = IFCFACE((#17006));
#17008 = IFCPOLYLOOP((#16881, #17005, #17001));
#17009 = IFCFACEOUTERBOUND(#17008, .T.);
#17010 = IFCFACE((#17009));
#17011 = IFCPOLYLOOP((#16854, #16853, #17012));
#17012 = IFCCARTESIANPOINT((-1.79281173706055E-1, -2.40407302856445E-1, 4.13626525878906E-1));
#17013 = IFCFACEOUTERBOUND(#17011, .T.);
#17014 = IFCFACE((#17013));
#17015 = IFCPOLYLOOP((#16853, #16847, #17016));
#17016 = IFCCARTESIANPOINT((-2.01277008056641E-1, -2.39009521484375E-1, 4.13560241699219E-1));
#17017 = IFCFACEOUTERBOUND(#17015, .T.);
#17018 = IFCFACE((#17017));
#17019 = IFCPOLYLOOP((#16847, #16849, #17020));
#17020 = IFCCARTESIANPOINT((-2.2452360534668E-1, -2.37360946655273E-1, 4.13489105224609E-1));
#17021 = IFCFACEOUTERBOUND(#17019, .T.);
#17022 = IFCFACE((#17021));
#17023 = IFCPOLYLOOP((#16854, #17012, #17005));
#17024 = IFCFACEOUTERBOUND(#17023, .T.);
#17025 = IFCFACE((#17024));
#17026 = IFCPOLYLOOP((#16853, #17016, #17012));
#17027 = IFCFACEOUTERBOUND(#17026, .T.);
#17028 = IFCFACE((#17027));
#17029 = IFCPOLYLOOP((#16847, #17020, #17016));
#17030 = IFCFACEOUTERBOUND(#17029, .T.);
#17031 = IFCFACE((#17030));
#17032 = IFCPOLYLOOP((#16849, #16459, #17020));
#17033 = IFCFACEOUTERBOUND(#17032, .T.);
#17034 = IFCFACE((#17033));
#17035 = IFCPOLYLOOP((#16479, #16489, #16471));
#17036 = IFCFACEOUTERBOUND(#17035, .T.);
#17037 = IFCFACE((#17036));
#17038 = IFCPOLYLOOP((#16471, #16470, #16479));
#17039 = IFCFACEOUTERBOUND(#17038, .T.);
#17040 = IFCFACE((#17039));
#17041 = IFCPOLYLOOP((#16478, #16463, #16471));
#17042 = IFCFACEOUTERBOUND(#17041, .T.);
#17043 = IFCFACE((#17042));
#17044 = IFCPOLYLOOP((#16478, #16471, #16489));
#17045 = IFCFACEOUTERBOUND(#17044, .T.);
#17046 = IFCFACE((#17045));
#17047 = IFCPOLYLOOP((#16443, #16436, #16653));
#17048 = IFCFACEOUTERBOUND(#17047, .T.);
#17049 = IFCFACE((#17048));
#17050 = IFCPOLYLOOP((#16556, #16653, #16436));
#17051 = IFCFACEOUTERBOUND(#17050, .T.);
#17052 = IFCFACE((#17051));
#17053 = IFCPOLYLOOP((#16654, #16653, #16556));
#17054 = IFCFACEOUTERBOUND(#17053, .T.);
#17055 = IFCFACE((#17054));
#17056 = IFCPOLYLOOP((#16668, #16667, #16540));
#17057 = IFCFACEOUTERBOUND(#17056, .T.);
#17058 = IFCFACE((#17057));
#17059 = IFCPOLYLOOP((#16667, #16654, #16539));
#17060 = IFCFACEOUTERBOUND(#17059, .T.);
#17061 = IFCFACE((#17060));
#17062 = IFCPOLYLOOP((#16698, #16663, #16548));
#17063 = IFCFACEOUTERBOUND(#17062, .T.);
#17064 = IFCFACE((#17063));
#17065 = IFCPOLYLOOP((#16680, #16698, #16552));
#17066 = IFCFACEOUTERBOUND(#17065, .T.);
#17067 = IFCFACE((#17066));
#17068 = IFCPOLYLOOP((#16663, #16668, #16540));
#17069 = IFCFACEOUTERBOUND(#17068, .T.);
#17070 = IFCFACE((#17069));
#17071 = IFCPOLYLOOP((#16681, #16680, #16576));
#17072 = IFCFACEOUTERBOUND(#17071, .T.);
#17073 = IFCFACE((#17072));
#17074 = IFCPOLYLOOP((#16676, #16681, #16575));
#17075 = IFCFACEOUTERBOUND(#17074, .T.);
#17076 = IFCFACE((#17075));
#17077 = IFCPOLYLOOP((#16804, #16790, #16563));
#17078 = IFCFACEOUTERBOUND(#17077, .T.);
#17079 = IFCFACE((#17078));
#17080 = IFCPOLYLOOP((#16779, #16804, #16564));
#17081 = IFCFACEOUTERBOUND(#17080, .T.);
#17082 = IFCFACE((#17081));
#17083 = IFCPOLYLOOP((#16790, #16676, #16571));
#17084 = IFCFACEOUTERBOUND(#17083, .T.);
#17085 = IFCFACE((#17084));
#17086 = IFCPOLYLOOP((#16540, #16667, #16539));
#17087 = IFCFACEOUTERBOUND(#17086, .T.);
#17088 = IFCFACE((#17087));
#17089 = IFCPOLYLOOP((#16552, #16698, #16548));
#17090 = IFCFACEOUTERBOUND(#17089, .T.);
#17091 = IFCFACE((#17090));
#17092 = IFCPOLYLOOP((#16540, #16548, #16663));
#17093 = IFCFACEOUTERBOUND(#17092, .T.);
#17094 = IFCFACE((#17093));
#17095 = IFCPOLYLOOP((#16556, #16539, #16654));
#17096 = IFCFACEOUTERBOUND(#17095, .T.);
#17097 = IFCFACE((#17096));
#17098 = IFCPOLYLOOP((#16552, #16576, #16680));
#17099 = IFCFACEOUTERBOUND(#17098, .T.);
#17100 = IFCFACE((#17099));
#17101 = IFCPOLYLOOP((#16575, #16571, #16676));
#17102 = IFCFACEOUTERBOUND(#17101, .T.);
#17103 = IFCFACE((#17102));
#17104 = IFCPOLYLOOP((#16571, #16563, #16790));
#17105 = IFCFACEOUTERBOUND(#17104, .T.);
#17106 = IFCFACE((#17105));
#17107 = IFCPOLYLOOP((#16681, #16576, #16575));
#17108 = IFCFACEOUTERBOUND(#17107, .T.);
#17109 = IFCFACE((#17108));
#17110 = IFCPOLYLOOP((#16804, #16563, #16564));
#17111 = IFCFACEOUTERBOUND(#17110, .T.);
#17112 = IFCFACE((#17111));
#17113 = IFCPOLYLOOP((#16564, #16544, #16779));
#17114 = IFCFACEOUTERBOUND(#17113, .T.);
#17115 = IFCFACE((#17114));
#17116 = IFCPOLYLOOP((#16544, #16780, #16779));
#17117 = IFCFACEOUTERBOUND(#17116, .T.);
#17118 = IFCFACE((#17117));
#17119 = IFCPOLYLOOP((#16823, #16831, #16529));
#17120 = IFCFACEOUTERBOUND(#17119, .T.);
#17121 = IFCFACE((#17120));
#17122 = IFCPOLYLOOP((#16831, #16780, #16528));
#17123 = IFCFACEOUTERBOUND(#17122, .T.);
#17124 = IFCFACE((#17123));
#17125 = IFCPOLYLOOP((#16815, #16823, #16513));
#17126 = IFCFACEOUTERBOUND(#17125, .T.);
#17127 = IFCFACE((#17126));
#17128 = IFCPOLYLOOP((#16816, #16815, #16521));
#17129 = IFCFACEOUTERBOUND(#17128, .T.);
#17130 = IFCFACE((#17129));
#17131 = IFCPOLYLOOP((#16966, #16891, #16505));
#17132 = IFCFACEOUTERBOUND(#17131, .T.);
#17133 = IFCFACE((#17132));
#17134 = IFCPOLYLOOP((#16891, #16900, #16505));
#17135 = IFCFACEOUTERBOUND(#17134, .T.);
#17136 = IFCFACE((#17135));
#17137 = IFCPOLYLOOP((#16501, #16497, #16975));
#17138 = IFCFACEOUTERBOUND(#17137, .T.);
#17139 = IFCFACE((#17138));
#17140 = IFCPOLYLOOP((#16975, #16974, #16501));
#17141 = IFCFACEOUTERBOUND(#17140, .T.);
#17142 = IFCFACE((#17141));
#17143 = IFCPOLYLOOP((#16974, #16970, #16501));
#17144 = IFCFACEOUTERBOUND(#17143, .T.);
#17145 = IFCFACE((#17144));
#17146 = IFCPOLYLOOP((#16970, #16966, #16506));
#17147 = IFCFACEOUTERBOUND(#17146, .T.);
#17148 = IFCFACE((#17147));
#17149 = IFCPOLYLOOP((#16900, #16816, #16517));
#17150 = IFCFACEOUTERBOUND(#17149, .T.);
#17151 = IFCFACE((#17150));
#17152 = IFCPOLYLOOP((#16975, #16493, #16925));
#17153 = IFCFACEOUTERBOUND(#17152, .T.);
#17154 = IFCFACE((#17153));
#17155 = IFCPOLYLOOP((#16831, #16528, #16529));
#17156 = IFCFACEOUTERBOUND(#17155, .T.);
#17157 = IFCFACE((#17156));
#17158 = IFCPOLYLOOP((#16823, #16529, #16513));
#17159 = IFCFACEOUTERBOUND(#17158, .T.);
#17160 = IFCFACE((#17159));
#17161 = IFCPOLYLOOP((#16900, #16517, #16505));
#17162 = IFCFACEOUTERBOUND(#17161, .T.);
#17163 = IFCFACE((#17162));
#17164 = IFCPOLYLOOP((#16517, #16816, #16521));
#17165 = IFCFACEOUTERBOUND(#17164, .T.);
#17166 = IFCFACE((#17165));
#17167 = IFCPOLYLOOP((#16521, #16815, #16513));
#17168 = IFCFACEOUTERBOUND(#17167, .T.);
#17169 = IFCFACE((#17168));
#17170 = IFCPOLYLOOP((#16506, #16966, #16505));
#17171 = IFCFACEOUTERBOUND(#17170, .T.);
#17172 = IFCFACE((#17171));
#17173 = IFCPOLYLOOP((#16493, #16975, #16497));
#17174 = IFCFACEOUTERBOUND(#17173, .T.);
#17175 = IFCFACE((#17174));
#17176 = IFCPOLYLOOP((#16506, #16501, #16970));
#17177 = IFCFACEOUTERBOUND(#17176, .T.);
#17178 = IFCFACE((#17177));
#17179 = IFCPOLYLOOP((#16994, #16925, #16455));
#17180 = IFCFACEOUTERBOUND(#17179, .T.);
#17181 = IFCFACE((#17180));
#17182 = IFCPOLYLOOP((#16544, #16528, #16780));
#17183 = IFCFACEOUTERBOUND(#17182, .T.);
#17184 = IFCFACE((#17183));
#17185 = IFCPOLYLOOP((#16631, #16396, #16447));
#17186 = IFCFACEOUTERBOUND(#17185, .T.);
#17187 = IFCFACE((#17186));
#17188 = IFCPOLYLOOP((#16630, #16397, #16631));
#17189 = IFCFACEOUTERBOUND(#17188, .T.);
#17190 = IFCFACE((#17189));
#17191 = IFCPOLYLOOP((#16620, #16380, #16621));
#17192 = IFCFACEOUTERBOUND(#17191, .T.);
#17193 = IFCFACE((#17192));
#17194 = IFCPOLYLOOP((#16621, #16379, #16630));
#17195 = IFCFACEOUTERBOUND(#17194, .T.);
#17196 = IFCFACE((#17195));
#17197 = IFCPOLYLOOP((#16601, #16388, #16602));
#17198 = IFCFACEOUTERBOUND(#17197, .T.);
#17199 = IFCFACE((#17198));
#17200 = IFCPOLYLOOP((#16956, #16392, #16601));
#17201 = IFCFACEOUTERBOUND(#17200, .T.);
#17202 = IFCFACE((#17201));
#17203 = IFCPOLYLOOP((#16602, #16380, #16620));
#17204 = IFCFACEOUTERBOUND(#17203, .T.);
#17205 = IFCFACE((#17204));
#17206 = IFCPOLYLOOP((#16596, #16417, #16591));
#17207 = IFCFACEOUTERBOUND(#17206, .T.);
#17208 = IFCFACE((#17207));
#17209 = IFCPOLYLOOP((#16595, #16416, #16596));
#17210 = IFCFACEOUTERBOUND(#17209, .T.);
#17211 = IFCFACE((#17210));
#17212 = IFCPOLYLOOP((#16762, #16404, #16757));
#17213 = IFCFACEOUTERBOUND(#17212, .T.);
#17214 = IFCFACE((#17213));
#17215 = IFCPOLYLOOP((#16745, #16405, #16762));
#17216 = IFCFACEOUTERBOUND(#17215, .T.);
#17217 = IFCFACE((#17216));
#17218 = IFCPOLYLOOP((#16757, #16412, #16595));
#17219 = IFCFACEOUTERBOUND(#17218, .T.);
#17220 = IFCFACE((#17219));
#17221 = IFCPOLYLOOP((#16591, #16417, #16956));
#17222 = IFCFACEOUTERBOUND(#17221, .T.);
#17223 = IFCFACE((#17222));
#17224 = IFCPOLYLOOP((#16380, #16379, #16621));
#17225 = IFCFACEOUTERBOUND(#17224, .T.);
#17226 = IFCFACE((#17225));
#17227 = IFCPOLYLOOP((#16392, #16388, #16601));
#17228 = IFCFACEOUTERBOUND(#17227, .T.);
#17229 = IFCFACE((#17228));
#17230 = IFCPOLYLOOP((#16380, #16602, #16388));
#17231 = IFCFACEOUTERBOUND(#17230, .T.);
#17232 = IFCFACE((#17231));
#17233 = IFCPOLYLOOP((#16397, #16630, #16379));
#17234 = IFCFACEOUTERBOUND(#17233, .T.);
#17235 = IFCFACE((#17234));
#17236 = IFCPOLYLOOP((#16392, #16956, #16417));
#17237 = IFCFACEOUTERBOUND(#17236, .T.);
#17238 = IFCFACE((#17237));
#17239 = IFCPOLYLOOP((#16416, #16595, #16412));
#17240 = IFCFACEOUTERBOUND(#17239, .T.);
#17241 = IFCFACE((#17240));
#17242 = IFCPOLYLOOP((#16412, #16757, #16404));
#17243 = IFCFACEOUTERBOUND(#17242, .T.);
#17244 = IFCFACE((#17243));
#17245 = IFCPOLYLOOP((#16596, #16416, #16417));
#17246 = IFCFACEOUTERBOUND(#17245, .T.);
#17247 = IFCFACE((#17246));
#17248 = IFCPOLYLOOP((#16762, #16405, #16404));
#17249 = IFCFACEOUTERBOUND(#17248, .T.);
#17250 = IFCFACE((#17249));
#17251 = IFCPOLYLOOP((#16405, #16745, #16384));
#17252 = IFCFACEOUTERBOUND(#17251, .T.);
#17253 = IFCFACE((#17252));
#17254 = IFCPOLYLOOP((#16384, #16745, #16712));
#17255 = IFCFACEOUTERBOUND(#17254, .T.);
#17256 = IFCFACE((#17255));
#17257 = IFCPOLYLOOP((#16705, #16368, #16711));
#17258 = IFCFACEOUTERBOUND(#17257, .T.);
#17259 = IFCFACE((#17258));
#17260 = IFCPOLYLOOP((#16711, #16367, #16712));
#17261 = IFCFACEOUTERBOUND(#17260, .T.);
#17262 = IFCFACE((#17261));
#17263 = IFCPOLYLOOP((#16707, #16352, #16705));
#17264 = IFCFACEOUTERBOUND(#17263, .T.);
#17265 = IFCFACE((#17264));
#17266 = IFCPOLYLOOP((#16734, #16360, #16707));
#17267 = IFCFACEOUTERBOUND(#17266, .T.);
#17268 = IFCFACE((#17267));
#17269 = IFCPOLYLOOP((#17001, #16343, #16869));
#17270 = IFCFACEOUTERBOUND(#17269, .T.);
#17271 = IFCFACE((#17270));
#17272 = IFCPOLYLOOP((#16869, #16343, #16870));
#17273 = IFCFACEOUTERBOUND(#17272, .T.);
#17274 = IFCFACE((#17273));
#17275 = IFCPOLYLOOP((#17016, #16335, #16339));
#17276 = IFCFACEOUTERBOUND(#17275, .T.);
#17277 = IFCFACE((#17276));
#17278 = IFCPOLYLOOP((#16339, #17012, #17016));
#17279 = IFCFACEOUTERBOUND(#17278, .T.);
#17280 = IFCFACE((#17279));
#17281 = IFCPOLYLOOP((#17012, #16339, #17005));
#17282 = IFCFACEOUTERBOUND(#17281, .T.);
#17283 = IFCFACE((#17282));
#17284 = IFCPOLYLOOP((#17005, #16344, #17001));
#17285 = IFCFACEOUTERBOUND(#17284, .T.);
#17286 = IFCFACE((#17285));
#17287 = IFCPOLYLOOP((#16870, #16356, #16734));
#17288 = IFCFACEOUTERBOUND(#17287, .T.);
#17289 = IFCFACE((#17288));
#17290 = IFCPOLYLOOP((#17016, #17020, #16329));
#17291 = IFCFACEOUTERBOUND(#17290, .T.);
#17292 = IFCFACE((#17291));
#17293 = IFCPOLYLOOP((#17020, #16459, #16330));
#17294 = IFCFACEOUTERBOUND(#17293, .T.);
#17295 = IFCFACE((#17294));
#17296 = IFCPOLYLOOP((#16329, #17020, #16330));
#17297 = IFCFACEOUTERBOUND(#17296, .T.);
#17298 = IFCFACE((#17297));
#17299 = IFCPOLYLOOP((#16711, #16368, #16367));
#17300 = IFCFACEOUTERBOUND(#17299, .T.);
#17301 = IFCFACE((#17300));
#17302 = IFCPOLYLOOP((#16705, #16352, #16368));
#17303 = IFCFACEOUTERBOUND(#17302, .T.);
#17304 = IFCFACE((#17303));
#17305 = IFCPOLYLOOP((#16870, #16343, #16356));
#17306 = IFCFACEOUTERBOUND(#17305, .T.);
#17307 = IFCFACE((#17306));
#17308 = IFCPOLYLOOP((#16356, #16360, #16734));
#17309 = IFCFACEOUTERBOUND(#17308, .T.);
#17310 = IFCFACE((#17309));
#17311 = IFCPOLYLOOP((#16360, #16352, #16707));
#17312 = IFCFACEOUTERBOUND(#17311, .T.);
#17313 = IFCFACE((#17312));
#17314 = IFCPOLYLOOP((#16344, #16343, #17001));
#17315 = IFCFACEOUTERBOUND(#17314, .T.);
#17316 = IFCFACE((#17315));
#17317 = IFCPOLYLOOP((#16329, #16335, #17016));
#17318 = IFCFACEOUTERBOUND(#17317, .T.);
#17319 = IFCFACE((#17318));
#17320 = IFCPOLYLOOP((#16344, #17005, #16339));
#17321 = IFCFACEOUTERBOUND(#17320, .T.);
#17322 = IFCFACE((#17321));
#17323 = IFCPOLYLOOP((#16384, #16712, #16367));
#17324 = IFCFACEOUTERBOUND(#17323, .T.);
#17325 = IFCFACE((#17324));
#17326 = IFCPOLYLOOP((#16427, #16375, #16479));
#17327 = IFCFACEOUTERBOUND(#17326, .T.);
#17328 = IFCFACE((#17327));
#17329 = IFCPOLYLOOP((#16470, #16427, #16479));
#17330 = IFCFACEOUTERBOUND(#17329, .T.);
#17331 = IFCFACE((#17330));
#17332 = IFCPOLYLOOP((#16459, #16994, #16455));
#17333 = IFCFACEOUTERBOUND(#17332, .T.);
#17334 = IFCFACE((#17333));
#17335 = IFCPOLYLOOP((#16620, #16626, #16602));
#17336 = IFCFACEOUTERBOUND(#17335, .T.);
#17337 = IFCFACE((#17336));
#17338 = IFCPOLYLOOP((#16649, #16668, #16663));
#17339 = IFCFACEOUTERBOUND(#17338, .T.);
#17340 = IFCFACE((#17339));
#17341 = IFCPOLYLOOP((#16814, #16823, #16815));
#17342 = IFCFACEOUTERBOUND(#17341, .T.);
#17343 = IFCFACE((#17342));
#17344 = IFCPOLYLOOP((#16870, #16734, #16865));
#17345 = IFCFACEOUTERBOUND(#17344, .T.);
#17346 = IFCFACE((#17345));
#17347 = IFCPOLYLOOP((#16443, #16653, #16659));
#17348 = IFCFACEOUTERBOUND(#17347, .T.);
#17349 = IFCFACE((#17348));
#17350 = IFCPOLYLOOP((#16590, #16596, #16591));
#17351 = IFCFACEOUTERBOUND(#17350, .T.);
#17352 = IFCFACE((#17351));
#17353 = IFCPOLYLOOP((#16659, #16655, #16639));
#17354 = IFCFACEOUTERBOUND(#17353, .T.);
#17355 = IFCFACE((#17354));
#17356 = IFCPOLYLOOP((#16655, #16649, #16639));
#17357 = IFCFACEOUTERBOUND(#17356, .T.);
#17358 = IFCFACE((#17357));
#17359 = IFCPOLYLOOP((#16681, #16676, #16675));
#17360 = IFCFACEOUTERBOUND(#17359, .T.);
#17361 = IFCFACE((#17360));
#17362 = IFCPOLYLOOP((#16753, #16762, #16757));
#17363 = IFCFACEOUTERBOUND(#17362, .T.);
#17364 = IFCFACE((#17363));
#17365 = IFCPOLYLOOP((#16920, #16855, #16892));
#17366 = IFCFACEOUTERBOUND(#17365, .T.);
#17367 = IFCFACE((#17366));
#17368 = IFCPOLYLOOP((#16916, #16924, #16848));
#17369 = IFCFACEOUTERBOUND(#17368, .T.);
#17370 = IFCFACE((#17369));
#17371 = IFCPOLYLOOP((#16925, #16849, #16848));
#17372 = IFCFACEOUTERBOUND(#17371, .T.);
#17373 = IFCFACE((#17372));
#17374 = IFCPOLYLOOP((#16925, #16493, #16455));
#17375 = IFCFACEOUTERBOUND(#17374, .T.);
#17376 = IFCFACE((#17375));
#17377 = IFCPOLYLOOP((#16631, #16397, #16396));
#17378 = IFCFACEOUTERBOUND(#17377, .T.);
#17379 = IFCFACE((#17378));
#17380 = IFCFACETEDBREP(#16327);
#17381 = IFCSURFACESTYLERENDERING(#17382, 0., #17383, $, $, #17384, #17385, $, .NOTDEFINED.);
#17382 = IFCCOLOURRGB('Surface color', 5.41176497936249E-1, 3.4901961684227E-1, 2.50980406999588E-1);
#17383 = IFCCOLOURRGB('Diffuse color', 5.41176497936249E-1, 3.4901961684227E-1, 2.50980406999588E-1);
#17384 = IFCCOLOURRGB('Reflection color', 1., 1., 1.);
#17385 = IFCCOLOURRGB('Specular color', 1., 1., 1.);
#17386 = IFCSURFACESTYLE('3acb42c0_d3bc_49d4_a7ed_98ea0419b48c', .BOTH., (#17381));
#17387 = IFCPRESENTATIONSTYLEASSIGNMENT((#17386));
#17388 = IFCSTYLEDITEM(#17380, (#17387), $);
#17389 = IFCSTYLEDREPRESENTATION(#103, 'Body', $, (#17388));
#17390 = IFCCLOSEDSHELL((#17396, #17402, #17406, #17412, #17415, #17421, #17427, #17431, #17434, #17439, #17442, #17445, #17448, #17452, #17455, #17458, #17461, #17464, #17470, #17474, #17479, #17483, #17488, #17492, #17495, #17500, #17503, #17507, #17512, #17516, #17520, #17523, #17526, #17530, #17535, #17538, #17542, #17546, #17549, #17554, #17557, #17562, #17565, #17569, #17574, #17577, #17581, #17585, #17588, #17593, #17596, #17601, #17604, #17607, #17610, #17613, #17616, #17619, #17624, #17627, #17631, #17634, #17637, #17642, #17645, #17650, #17653, #17657, #17662, #17665, #17669, #17673, #17676, #17681, #17684, #17688, #17691, #17694, #17697, #17700, #17703, #17706, #17709, #17712, #17715, #17718, #17721, #17724, #17727, #17730, #17733, #17736, #17739, #17742, #17745, #17748, #17751, #17754, #17757, #17760, #17763, #17766, #17769, #17772, #17775, #17778, #17781, #17784, #17787, #17790, #17793, #17796, #17799, #17802, #17805, #17808, #17811, #17814, #17817, #17820, #17823, #17826, #17829, #17832, #17835, #17838, #17841, #17844, #17847, #17850, #17853, #17856, #17859, #17862, #17865, #17868));
#17391 = IFCPOLYLOOP((#17392, #17393, #17394));
#17392 = IFCCARTESIANPOINT((-2.69381713867188E-1, -2.25915679931641E-1, 9.15003204345703E-3));
#17393 = IFCCARTESIANPOINT((-2.71629089355469E-1, -2.30387939453125E-1, 9.15003204345703E-3));
#17394 = IFCCARTESIANPOINT((-2.4119953918457E-1, -2.30218368530273E-1, 9.15003204345703E-3));
#17395 = IFCFACEOUTERBOUND(#17391, .T.);
#17396 = IFCFACE((#17395));
#17397 = IFCPOLYLOOP((#17398, #17399, #17400));
#17398 = IFCCARTESIANPOINT((-2.61413513183594E-1, -2.200576171875E-1, 9.15003204345703E-3));
#17399 = IFCCARTESIANPOINT((-2.65861541748047E-1, -2.22355575561523E-1, 9.15003204345703E-3));
#17400 = IFCCARTESIANPOINT((-2.47055099487305E-1, -2.22250122070313E-1, 9.15003204345703E-3));
#17401 = IFCFACEOUTERBOUND(#17397, .T.);
#17402 = IFCFACE((#17401));
#17403 = IFCPOLYLOOP((#17404, #17399, #17392));
#17404 = IFCCARTESIANPOINT((-2.43495727539063E-1, -2.25771102905273E-1, 9.15003204345703E-3));
#17405 = IFCFACEOUTERBOUND(#17403, .T.);
#17406 = IFCFACE((#17405));
#17407 = IFCPOLYLOOP((#17408, #17409, #17410));
#17408 = IFCCARTESIANPOINT((-2.72385040283203E-1, -2.35336456298828E-1, 9.15003204345703E-3));
#17409 = IFCCARTESIANPOINT((-2.4114567565918E-1, -2.40106353759766E-1, 9.15003204345703E-3));
#17410 = IFCCARTESIANPOINT((-2.40389724731445E-1, -2.35157836914063E-1, 9.15003204345703E-3));
#17411 = IFCFACEOUTERBOUND(#17407, .T.);
#17412 = IFCFACE((#17411));
#17413 = IFCPOLYLOOP((#17410, #17393, #17408));
#17414 = IFCFACEOUTERBOUND(#17413, .T.);
#17415 = IFCFACE((#17414));
#17416 = IFCPOLYLOOP((#17417, #17418, #17419));
#17417 = IFCCARTESIANPOINT((-2.71575225830078E-1, -2.40275924682617E-1, 9.15003204345703E-3));
#17418 = IFCCARTESIANPOINT((-2.69279022216797E-1, -2.44723190307617E-1, 9.15003204345703E-3));
#17419 = IFCCARTESIANPOINT((-2.43393051147461E-1, -2.4457861328125E-1, 9.15003204345703E-3));
#17420 = IFCFACEOUTERBOUND(#17416, .T.);
#17421 = IFCFACE((#17420));
#17422 = IFCPOLYLOOP((#17423, #17424, #17425));
#17423 = IFCCARTESIANPOINT((-2.61229431152344E-1, -2.50497650146484E-1, 9.15003204345703E-3));
#17424 = IFCCARTESIANPOINT((-2.51361236572266E-1, -2.50436676025391E-1, 9.15003204345703E-3));
#17425 = IFCCARTESIANPOINT((-2.65719665527344E-1, -2.48244155883789E-1, 9.15003204345703E-3));
#17426 = IFCFACEOUTERBOUND(#17422, .T.);
#17427 = IFCFACE((#17426));
#17428 = IFCPOLYLOOP((#17425, #17429, #17418));
#17429 = IFCCARTESIANPOINT((-2.46913192749023E-1, -2.48138717651367E-1, 9.15003204345703E-3));
#17430 = IFCFACEOUTERBOUND(#17428, .T.);
#17431 = IFCFACE((#17430));
#17432 = IFCPOLYLOOP((#17408, #17417, #17409));
#17433 = IFCFACEOUTERBOUND(#17432, .T.);
#17434 = IFCFACE((#17433));
#17435 = IFCPOLYLOOP((#17436, #17398, #17437));
#17436 = IFCCARTESIANPOINT((-2.56479034423828E-1, -2.19247085571289E-1, 9.15003204345703E-3));
#17437 = IFCCARTESIANPOINT((-2.51545318603516E-1, -2.19996627807617E-1, 9.15003204345703E-3));
#17438 = IFCFACEOUTERBOUND(#17435, .T.);
#17439 = IFCFACE((#17438));
#17440 = IFCPOLYLOOP((#17399, #17404, #17400));
#17441 = IFCFACEOUTERBOUND(#17440, .T.);
#17442 = IFCFACE((#17441));
#17443 = IFCPOLYLOOP((#17394, #17393, #17410));
#17444 = IFCFACEOUTERBOUND(#17443, .T.);
#17445 = IFCFACE((#17444));
#17446 = IFCPOLYLOOP((#17394, #17404, #17392));
#17447 = IFCFACEOUTERBOUND(#17446, .T.);
#17448 = IFCFACE((#17447));
#17449 = IFCPOLYLOOP((#17424, #17423, #17450));
#17450 = IFCCARTESIANPOINT((-2.56295715332031E-1, -2.51247207641602E-1, 9.15003204345703E-3));
#17451 = IFCFACEOUTERBOUND(#17449, .T.);
#17452 = IFCFACE((#17451));
#17453 = IFCPOLYLOOP((#17425, #17424, #17429));
#17454 = IFCFACEOUTERBOUND(#17453, .T.);
#17455 = IFCFACE((#17454));
#17456 = IFCPOLYLOOP((#17429, #17419, #17418));
#17457 = IFCFACEOUTERBOUND(#17456, .T.);
#17458 = IFCFACE((#17457));
#17459 = IFCPOLYLOOP((#17417, #17419, #17409));
#17460 = IFCFACEOUTERBOUND(#17459, .T.);
#17461 = IFCFACE((#17460));
#17462 = IFCPOLYLOOP((#17437, #17398, #17400));
#17463 = IFCFACEOUTERBOUND(#17462, .T.);
#17464 = IFCFACE((#17463));
#17465 = IFCPOLYLOOP((#17466, #17467, #17468));
#17466 = IFCCARTESIANPOINT((-2.63026580810547E-1, -2.22922424316406E-1, 5.83629086613655E-5));
#17467 = IFCCARTESIANPOINT((-2.69393188476563E-1, -2.30075347900391E-1, 5.83629086613655E-5));
#17468 = IFCCARTESIANPOINT((-2.66813079833984E-1, -2.25905029296875E-1, 5.83629086613655E-5));
#17469 = IFCFACEOUTERBOUND(#17465, .T.);
#17470 = IFCFACE((#17469));
#17471 = IFCPOLYLOOP((#17467, #17466, #17472));
#17472 = IFCCARTESIANPOINT((-2.58411193847656E-1, -2.21394378662109E-1, 5.83629086613655E-5));
#17473 = IFCFACEOUTERBOUND(#17471, .T.);
#17474 = IFCFACE((#17473));
#17475 = IFCPOLYLOOP((#17467, #17476, #17477));
#17476 = IFCCARTESIANPOINT((-2.49034469604492E-1, -2.23334121704102E-1, 5.83629086613655E-5));
#17477 = IFCCARTESIANPOINT((-2.43382827758789E-1, -2.40418746948242E-1, 5.83629086613655E-5));
#17478 = IFCFACEOUTERBOUND(#17475, .T.);
#17479 = IFCFACE((#17478));
#17480 = IFCPOLYLOOP((#17477, #17481, #17467));
#17481 = IFCCARTESIANPOINT((-2.63739929199219E-1, -2.47160202026367E-1, 5.83629086613655E-5));
#17482 = IFCFACEOUTERBOUND(#17480, .T.);
#17483 = IFCFACE((#17482));
#17484 = IFCPOLYLOOP((#17485, #17486, #17467));
#17485 = IFCCARTESIANPOINT((-2.69676452636719E-1, -2.39647644042969E-1, 5.83629086613655E-5));
#17486 = IFCCARTESIANPOINT((-2.70379211425781E-1, -2.34835601806641E-1, 5.83629086613655E-5));
#17487 = IFCFACEOUTERBOUND(#17484, .T.);
#17488 = IFCFACE((#17487));
#17489 = IFCPOLYLOOP((#17490, #17485, #17481));
#17490 = IFCCARTESIANPOINT((-2.67457366943359E-1, -2.43817169189453E-1, 5.83629086613655E-5));
#17491 = IFCFACEOUTERBOUND(#17489, .T.);
#17492 = IFCFACE((#17491));
#17493 = IFCPOLYLOOP((#17485, #17467, #17481));
#17494 = IFCFACEOUTERBOUND(#17493, .T.);
#17495 = IFCFACE((#17494));
#17496 = IFCPOLYLOOP((#17497, #17481, #17498));
#17497 = IFCCARTESIANPOINT((-2.59223297119141E-1, -2.4895881652832E-1, 5.83629086613655E-5));
#17498 = IFCCARTESIANPOINT((-2.54363311767578E-1, -2.49100158691406E-1, 5.83629086613655E-5));
#17499 = IFCFACEOUTERBOUND(#17496, .T.);
#17500 = IFCFACE((#17499));
#17501 = IFCPOLYLOOP((#17472, #17476, #17467));
#17502 = IFCFACEOUTERBOUND(#17501, .T.);
#17503 = IFCFACE((#17502));
#17504 = IFCPOLYLOOP((#17477, #17476, #17505));
#17505 = IFCCARTESIANPOINT((-2.45317794799805E-1, -2.26677291870117E-1, 5.83629086613655E-5));
#17506 = IFCFACEOUTERBOUND(#17504, .T.);
#17507 = IFCFACE((#17506));
#17508 = IFCPOLYLOOP((#17505, #17509, #17510));
#17509 = IFCCARTESIANPOINT((-2.43097305297852E-1, -2.30846435546875E-1, 5.83629086613655E-5));
#17510 = IFCCARTESIANPOINT((-2.4239567565918E-1, -2.35657913208008E-1, 5.83629086613655E-5));
#17511 = IFCFACEOUTERBOUND(#17508, .T.);
#17512 = IFCFACE((#17511));
#17513 = IFCPOLYLOOP((#17514, #17498, #17481));
#17514 = IFCCARTESIANPOINT((-2.49748443603516E-1, -2.47571105957031E-1, 5.83629086613655E-5));
#17515 = IFCFACEOUTERBOUND(#17513, .T.);
#17516 = IFCFACE((#17515));
#17517 = IFCPOLYLOOP((#17518, #17514, #17477));
#17518 = IFCCARTESIANPOINT((-2.4593180847168E-1, -2.44558334350586E-1, 5.83629086613655E-5));
#17519 = IFCFACEOUTERBOUND(#17517, .T.);
#17520 = IFCFACE((#17519));
#17521 = IFCPOLYLOOP((#17481, #17477, #17514));
#17522 = IFCFACEOUTERBOUND(#17521, .T.);
#17523 = IFCFACE((#17522));
#17524 = IFCPOLYLOOP((#17477, #17505, #17510));
#17525 = IFCFACEOUTERBOUND(#17524, .T.);
#17526 = IFCFACE((#17525));
#17527 = IFCPOLYLOOP((#17476, #17472, #17528));
#17528 = IFCCARTESIANPOINT((-2.53551345825195E-1, -2.21535537719727E-1, 5.83629086613655E-5));
#17529 = IFCFACEOUTERBOUND(#17527, .T.);
#17530 = IFCFACE((#17529));
#17531 = IFCPOLYLOOP((#17532, #17533, #17417));
#17532 = IFCCARTESIANPOINT((-2.72303070068359E-1, -2.36833099365234E-1, 2.05836296081543E-3));
#17533 = IFCCARTESIANPOINT((-2.71575225830078E-1, -2.40275924682617E-1, 2.05836296081543E-3));
#17534 = IFCFACEOUTERBOUND(#17531, .T.);
#17535 = IFCFACE((#17534));
#17536 = IFCPOLYLOOP((#17417, #17408, #17532));
#17537 = IFCFACEOUTERBOUND(#17536, .T.);
#17538 = IFCFACE((#17537));
#17539 = IFCPOLYLOOP((#17540, #17532, #17408));
#17540 = IFCCARTESIANPOINT((-2.7227001953125E-1, -2.33313323974609E-1, 2.05836296081543E-3));
#17541 = IFCFACEOUTERBOUND(#17539, .T.);
#17542 = IFCFACE((#17541));
#17543 = IFCPOLYLOOP((#17393, #17544, #17540));
#17544 = IFCCARTESIANPOINT((-2.71862731933594E-1, -2.31190521240234E-1, 2.05836296081543E-3));
#17545 = IFCFACEOUTERBOUND(#17543, .T.);
#17546 = IFCFACE((#17545));
#17547 = IFCPOLYLOOP((#17540, #17408, #17393));
#17548 = IFCFACEOUTERBOUND(#17547, .T.);
#17549 = IFCFACE((#17548));
#17550 = IFCPOLYLOOP((#17551, #17552, #17393));
#17551 = IFCCARTESIANPOINT((-2.70214660644531E-1, -2.27202224731445E-1, 2.05836296081543E-3));
#17552 = IFCCARTESIANPOINT((-2.71172332763672E-1, -2.29141250610352E-1, 2.05836296081543E-3));
#17553 = IFCFACEOUTERBOUND(#17550, .T.);
#17554 = IFCFACE((#17553));
#17555 = IFCPOLYLOOP((#17393, #17392, #17551));
#17556 = IFCFACEOUTERBOUND(#17555, .T.);
#17557 = IFCFACE((#17556));
#17558 = IFCPOLYLOOP((#17559, #17560, #17392));
#17559 = IFCCARTESIANPOINT((-2.66542938232422E-1, -2.22886581420898E-1, 2.05836296081543E-3));
#17560 = IFCCARTESIANPOINT((-2.69005493164063E-1, -2.25410186767578E-1, 2.05836296081543E-3));
#17561 = IFCFACEOUTERBOUND(#17558, .T.);
#17562 = IFCFACE((#17561));
#17563 = IFCPOLYLOOP((#17392, #17399, #17559));
#17564 = IFCFACEOUTERBOUND(#17563, .T.);
#17565 = IFCFACE((#17564));
#17566 = IFCPOLYLOOP((#17399, #17398, #17567));
#17567 = IFCCARTESIANPOINT((-2.63589385986328E-1, -2.20960296630859E-1, 2.05836296081543E-3));
#17568 = IFCFACEOUTERBOUND(#17566, .T.);
#17569 = IFCFACE((#17568));
#17570 = IFCPOLYLOOP((#17437, #17571, #17572));
#17571 = IFCCARTESIANPOINT((-2.52142303466797E-1, -2.19818313598633E-1, 2.05836296081543E-3));
#17572 = IFCCARTESIANPOINT((-2.55034408569336E-1, -2.19303649902344E-1, 2.05836296081543E-3));
#17573 = IFCFACEOUTERBOUND(#17570, .T.);
#17574 = IFCFACE((#17573));
#17575 = IFCPOLYLOOP((#17572, #17436, #17437));
#17576 = IFCFACEOUTERBOUND(#17575, .T.);
#17577 = IFCFACE((#17576));
#17578 = IFCPOLYLOOP((#17400, #17404, #17579));
#17579 = IFCCARTESIANPOINT((-2.45366317749023E-1, -2.23645950317383E-1, 2.05836296081543E-3));
#17580 = IFCFACEOUTERBOUND(#17578, .T.);
#17581 = IFCFACE((#17580));
#17582 = IFCPOLYLOOP((#17583, #17571, #17437));
#17583 = IFCCARTESIANPOINT((-2.48519149780273E-1, -2.21316421508789E-1, 2.05836296081543E-3));
#17584 = IFCFACEOUTERBOUND(#17582, .T.);
#17585 = IFCFACE((#17584));
#17586 = IFCPOLYLOOP((#17437, #17400, #17583));
#17587 = IFCFACEOUTERBOUND(#17586, .T.);
#17588 = IFCFACE((#17587));
#17589 = IFCPOLYLOOP((#17590, #17591, #17398));
#17590 = IFCCARTESIANPOINT((-2.57972351074219E-1, -2.19325729370117E-1, 2.05836296081543E-3));
#17591 = IFCCARTESIANPOINT((-2.60856292724609E-1, -2.19884948730469E-1, 2.05836296081543E-3));
#17592 = IFCFACEOUTERBOUND(#17589, .T.);
#17593 = IFCFACE((#17592));
#17594 = IFCPOLYLOOP((#17398, #17436, #17590));
#17595 = IFCFACEOUTERBOUND(#17594, .T.);
#17596 = IFCFACE((#17595));
#17597 = IFCPOLYLOOP((#17394, #17598, #17599));
#17598 = IFCCARTESIANPOINT((-2.41198425292969E-1, -2.30218109130859E-1, 2.05836296081543E-3));
#17599 = IFCCARTESIANPOINT((-2.42879119873047E-1, -2.26676071166992E-1, 2.05836296081543E-3));
#17600 = IFCFACEOUTERBOUND(#17597, .T.);
#17601 = IFCFACE((#17600));
#17602 = IFCPOLYLOOP((#17599, #17404, #17394));
#17603 = IFCFACEOUTERBOUND(#17602, .T.);
#17604 = IFCFACE((#17603));
#17605 = IFCPOLYLOOP((#17393, #17552, #17544));
#17606 = IFCFACEOUTERBOUND(#17605, .T.);
#17607 = IFCFACE((#17606));
#17608 = IFCPOLYLOOP((#17392, #17560, #17551));
#17609 = IFCFACEOUTERBOUND(#17608, .T.);
#17610 = IFCFACE((#17609));
#17611 = IFCPOLYLOOP((#17436, #17572, #17590));
#17612 = IFCFACEOUTERBOUND(#17611, .T.);
#17613 = IFCFACE((#17612));
#17614 = IFCPOLYLOOP((#17579, #17583, #17400));
#17615 = IFCFACEOUTERBOUND(#17614, .T.);
#17616 = IFCFACE((#17615));
#17617 = IFCPOLYLOOP((#17591, #17567, #17398));
#17618 = IFCFACEOUTERBOUND(#17617, .T.);
#17619 = IFCFACE((#17618));
#17620 = IFCPOLYLOOP((#17409, #17621, #17622));
#17621 = IFCCARTESIANPOINT((-2.40914703369141E-1, -2.39303298950195E-1, 2.05836296081543E-3));
#17622 = IFCCARTESIANPOINT((-2.405068359375E-1, -2.37180511474609E-1, 2.05836296081543E-3));
#17623 = IFCFACEOUTERBOUND(#17620, .T.);
#17624 = IFCFACE((#17623));
#17625 = IFCPOLYLOOP((#17622, #17410, #17409));
#17626 = IFCFACEOUTERBOUND(#17625, .T.);
#17627 = IFCFACE((#17626));
#17628 = IFCPOLYLOOP((#17394, #17410, #17629));
#17629 = IFCCARTESIANPOINT((-2.40468704223633E-1, -2.33661224365234E-1, 2.05836296081543E-3));
#17630 = IFCFACEOUTERBOUND(#17628, .T.);
#17631 = IFCFACE((#17630));
#17632 = IFCPOLYLOOP((#17629, #17598, #17394));
#17633 = IFCFACEOUTERBOUND(#17632, .T.);
#17634 = IFCFACE((#17633));
#17635 = IFCPOLYLOOP((#17410, #17622, #17629));
#17636 = IFCFACEOUTERBOUND(#17635, .T.);
#17637 = IFCFACE((#17636));
#17638 = IFCPOLYLOOP((#17639, #17640, #17409));
#17639 = IFCCARTESIANPOINT((-2.42559295654297E-1, -2.43292144775391E-1, 2.05836296081543E-3));
#17640 = IFCCARTESIANPOINT((-2.41603668212891E-1, -2.41352813720703E-1, 2.05836296081543E-3));
#17641 = IFCFACEOUTERBOUND(#17638, .T.);
#17642 = IFCFACE((#17641));
#17643 = IFCPOLYLOOP((#17409, #17419, #17639));
#17644 = IFCFACEOUTERBOUND(#17643, .T.);
#17645 = IFCFACE((#17644));
#17646 = IFCPOLYLOOP((#17647, #17648, #17419));
#17647 = IFCCARTESIANPOINT((-2.46230880737305E-1, -2.47607925415039E-1, 2.05836296081543E-3));
#17648 = IFCCARTESIANPOINT((-2.43767105102539E-1, -2.45084411621094E-1, 2.05836296081543E-3));
#17649 = IFCFACEOUTERBOUND(#17646, .T.);
#17650 = IFCFACE((#17649));
#17651 = IFCPOLYLOOP((#17419, #17429, #17647));
#17652 = IFCFACEOUTERBOUND(#17651, .T.);
#17653 = IFCFACE((#17652));
#17654 = IFCPOLYLOOP((#17429, #17424, #17655));
#17655 = IFCCARTESIANPOINT((-2.49186828613281E-1, -2.49533615112305E-1, 2.05836296081543E-3));
#17656 = IFCFACEOUTERBOUND(#17654, .T.);
#17657 = IFCFACE((#17656));
#17658 = IFCPOLYLOOP((#17423, #17659, #17660));
#17659 = IFCCARTESIANPOINT((-2.60632843017578E-1, -2.50675888061523E-1, 2.05836296081543E-3));
#17660 = IFCCARTESIANPOINT((-2.57739837646484E-1, -2.51190856933594E-1, 2.05836296081543E-3));
#17661 = IFCFACEOUTERBOUND(#17658, .T.);
#17662 = IFCFACE((#17661));
#17663 = IFCPOLYLOOP((#17660, #17450, #17423));
#17664 = IFCFACEOUTERBOUND(#17663, .T.);
#17665 = IFCFACE((#17664));
#17666 = IFCPOLYLOOP((#17425, #17418, #17667));
#17667 = IFCCARTESIANPOINT((-2.67408050537109E-1, -2.46848434448242E-1, 2.05836296081543E-3));
#17668 = IFCFACEOUTERBOUND(#17666, .T.);
#17669 = IFCFACE((#17668));
#17670 = IFCPOLYLOOP((#17671, #17659, #17423));
#17671 = IFCCARTESIANPOINT((-2.64255584716797E-1, -2.49177749633789E-1, 2.05836296081543E-3));
#17672 = IFCFACEOUTERBOUND(#17670, .T.);
#17673 = IFCFACE((#17672));
#17674 = IFCPOLYLOOP((#17423, #17425, #17671));
#17675 = IFCFACEOUTERBOUND(#17674, .T.);
#17676 = IFCFACE((#17675));
#17677 = IFCPOLYLOOP((#17678, #17679, #17424));
#17678 = IFCCARTESIANPOINT((-2.54801544189453E-1, -2.51168884277344E-1, 2.05836296081543E-3));
#17679 = IFCCARTESIANPOINT((-2.51919082641602E-1, -2.50609237670898E-1, 2.05836296081543E-3));
#17680 = IFCFACEOUTERBOUND(#17677, .T.);
#17681 = IFCFACE((#17680));
#17682 = IFCPOLYLOOP((#17424, #17450, #17678));
#17683 = IFCFACEOUTERBOUND(#17682, .T.);
#17684 = IFCFACE((#17683));
#17685 = IFCPOLYLOOP((#17417, #17533, #17686));
#17686 = IFCCARTESIANPOINT((-2.69896545410156E-1, -2.43818389892578E-1, 2.05836296081543E-3));
#17687 = IFCFACEOUTERBOUND(#17685, .T.);
#17688 = IFCFACE((#17687));
#17689 = IFCPOLYLOOP((#17686, #17418, #17417));
#17690 = IFCFACEOUTERBOUND(#17689, .T.);
#17691 = IFCFACE((#17690));
#17692 = IFCPOLYLOOP((#17409, #17640, #17621));
#17693 = IFCFACEOUTERBOUND(#17692, .T.);
#17694 = IFCFACE((#17693));
#17695 = IFCPOLYLOOP((#17424, #17679, #17655));
#17696 = IFCFACEOUTERBOUND(#17695, .T.);
#17697 = IFCFACE((#17696));
#17698 = IFCPOLYLOOP((#17648, #17639, #17419));
#17699 = IFCFACEOUTERBOUND(#17698, .T.);
#17700 = IFCFACE((#17699));
#17701 = IFCPOLYLOOP((#17450, #17660, #17678));
#17702 = IFCFACEOUTERBOUND(#17701, .T.);
#17703 = IFCFACE((#17702));
#17704 = IFCPOLYLOOP((#17425, #17667, #17671));
#17705 = IFCFACEOUTERBOUND(#17704, .T.);
#17706 = IFCFACE((#17705));
#17707 = IFCPOLYLOOP((#17485, #17533, #17532));
#17708 = IFCFACEOUTERBOUND(#17707, .T.);
#17709 = IFCFACE((#17708));
#17710 = IFCPOLYLOOP((#17486, #17532, #17540));
#17711 = IFCFACEOUTERBOUND(#17710, .T.);
#17712 = IFCFACE((#17711));
#17713 = IFCPOLYLOOP((#17467, #17544, #17552));
#17714 = IFCFACEOUTERBOUND(#17713, .T.);
#17715 = IFCFACE((#17714));
#17716 = IFCPOLYLOOP((#17467, #17552, #17551));
#17717 = IFCFACEOUTERBOUND(#17716, .T.);
#17718 = IFCFACE((#17717));
#17719 = IFCPOLYLOOP((#17486, #17540, #17544));
#17720 = IFCFACEOUTERBOUND(#17719, .T.);
#17721 = IFCFACE((#17720));
#17722 = IFCPOLYLOOP((#17468, #17560, #17559));
#17723 = IFCFACEOUTERBOUND(#17722, .T.);
#17724 = IFCFACE((#17723));
#17725 = IFCPOLYLOOP((#17466, #17559, #17567));
#17726 = IFCFACEOUTERBOUND(#17725, .T.);
#17727 = IFCFACE((#17726));
#17728 = IFCPOLYLOOP((#17472, #17591, #17590));
#17729 = IFCFACEOUTERBOUND(#17728, .T.);
#17730 = IFCFACE((#17729));
#17731 = IFCPOLYLOOP((#17528, #17572, #17571));
#17732 = IFCFACEOUTERBOUND(#17731, .T.);
#17733 = IFCFACE((#17732));
#17734 = IFCPOLYLOOP((#17472, #17590, #17572));
#17735 = IFCFACEOUTERBOUND(#17734, .T.);
#17736 = IFCFACE((#17735));
#17737 = IFCPOLYLOOP((#17466, #17567, #17591));
#17738 = IFCFACEOUTERBOUND(#17737, .T.);
#17739 = IFCFACE((#17738));
#17740 = IFCPOLYLOOP((#17468, #17551, #17560));
#17741 = IFCFACEOUTERBOUND(#17740, .T.);
#17742 = IFCFACE((#17741));
#17743 = IFCPOLYLOOP((#17486, #17485, #17532));
#17744 = IFCFACEOUTERBOUND(#17743, .T.);
#17745 = IFCFACE((#17744));
#17746 = IFCPOLYLOOP((#17467, #17486, #17544));
#17747 = IFCFACEOUTERBOUND(#17746, .T.);
#17748 = IFCFACE((#17747));
#17749 = IFCPOLYLOOP((#17466, #17468, #17559));
#17750 = IFCFACEOUTERBOUND(#17749, .T.);
#17751 = IFCFACE((#17750));
#17752 = IFCPOLYLOOP((#17472, #17466, #17591));
#17753 = IFCFACEOUTERBOUND(#17752, .T.);
#17754 = IFCFACE((#17753));
#17755 = IFCPOLYLOOP((#17467, #17551, #17468));
#17756 = IFCFACEOUTERBOUND(#17755, .T.);
#17757 = IFCFACE((#17756));
#17758 = IFCPOLYLOOP((#17476, #17583, #17579));
#17759 = IFCFACEOUTERBOUND(#17758, .T.);
#17760 = IFCFACE((#17759));
#17761 = IFCPOLYLOOP((#17505, #17579, #17599));
#17762 = IFCFACEOUTERBOUND(#17761, .T.);
#17763 = IFCFACE((#17762));
#17764 = IFCPOLYLOOP((#17571, #17583, #17476));
#17765 = IFCFACEOUTERBOUND(#17764, .T.);
#17766 = IFCFACE((#17765));
#17767 = IFCPOLYLOOP((#17476, #17528, #17571));
#17768 = IFCFACEOUTERBOUND(#17767, .T.);
#17769 = IFCFACE((#17768));
#17770 = IFCPOLYLOOP((#17599, #17598, #17509));
#17771 = IFCFACEOUTERBOUND(#17770, .T.);
#17772 = IFCFACE((#17771));
#17773 = IFCPOLYLOOP((#17579, #17505, #17476));
#17774 = IFCFACEOUTERBOUND(#17773, .T.);
#17775 = IFCFACE((#17774));
#17776 = IFCPOLYLOOP((#17572, #17528, #17472));
#17777 = IFCFACEOUTERBOUND(#17776, .T.);
#17778 = IFCFACE((#17777));
#17779 = IFCPOLYLOOP((#17510, #17629, #17622));
#17780 = IFCFACEOUTERBOUND(#17779, .T.);
#17781 = IFCFACE((#17780));
#17782 = IFCPOLYLOOP((#17510, #17622, #17621));
#17783 = IFCFACEOUTERBOUND(#17782, .T.);
#17784 = IFCFACE((#17783));
#17785 = IFCPOLYLOOP((#17477, #17640, #17639));
#17786 = IFCFACEOUTERBOUND(#17785, .T.);
#17787 = IFCFACE((#17786));
#17788 = IFCPOLYLOOP((#17518, #17639, #17648));
#17789 = IFCFACEOUTERBOUND(#17788, .T.);
#17790 = IFCFACE((#17789));
#17791 = IFCPOLYLOOP((#17477, #17621, #17640));
#17792 = IFCFACEOUTERBOUND(#17791, .T.);
#17793 = IFCFACE((#17792));
#17794 = IFCPOLYLOOP((#17514, #17647, #17655));
#17795 = IFCFACEOUTERBOUND(#17794, .T.);
#17796 = IFCFACE((#17795));
#17797 = IFCPOLYLOOP((#17514, #17655, #17679));
#17798 = IFCFACEOUTERBOUND(#17797, .T.);
#17799 = IFCFACE((#17798));
#17800 = IFCPOLYLOOP((#17498, #17678, #17660));
#17801 = IFCFACEOUTERBOUND(#17800, .T.);
#17802 = IFCFACE((#17801));
#17803 = IFCPOLYLOOP((#17481, #17497, #17659));
#17804 = IFCFACEOUTERBOUND(#17803, .T.);
#17805 = IFCFACE((#17804));
#17806 = IFCPOLYLOOP((#17659, #17671, #17481));
#17807 = IFCFACEOUTERBOUND(#17806, .T.);
#17808 = IFCFACE((#17807));
#17809 = IFCPOLYLOOP((#17497, #17660, #17659));
#17810 = IFCFACEOUTERBOUND(#17809, .T.);
#17811 = IFCFACE((#17810));
#17812 = IFCPOLYLOOP((#17498, #17679, #17678));
#17813 = IFCFACEOUTERBOUND(#17812, .T.);
#17814 = IFCFACE((#17813));
#17815 = IFCPOLYLOOP((#17518, #17648, #17647));
#17816 = IFCFACEOUTERBOUND(#17815, .T.);
#17817 = IFCFACE((#17816));
#17818 = IFCPOLYLOOP((#17510, #17509, #17629));
#17819 = IFCFACEOUTERBOUND(#17818, .T.);
#17820 = IFCFACE((#17819));
#17821 = IFCPOLYLOOP((#17477, #17510, #17621));
#17822 = IFCFACEOUTERBOUND(#17821, .T.);
#17823 = IFCFACE((#17822));
#17824 = IFCPOLYLOOP((#17514, #17518, #17647));
#17825 = IFCFACEOUTERBOUND(#17824, .T.);
#17826 = IFCFACE((#17825));
#17827 = IFCPOLYLOOP((#17498, #17514, #17679));
#17828 = IFCFACEOUTERBOUND(#17827, .T.);
#17829 = IFCFACE((#17828));
#17830 = IFCPOLYLOOP((#17477, #17639, #17518));
#17831 = IFCFACEOUTERBOUND(#17830, .T.);
#17832 = IFCFACE((#17831));
#17833 = IFCPOLYLOOP((#17490, #17667, #17686));
#17834 = IFCFACEOUTERBOUND(#17833, .T.);
#17835 = IFCFACE((#17834));
#17836 = IFCPOLYLOOP((#17686, #17533, #17485));
#17837 = IFCFACEOUTERBOUND(#17836, .T.);
#17838 = IFCFACE((#17837));
#17839 = IFCPOLYLOOP((#17490, #17481, #17667));
#17840 = IFCFACEOUTERBOUND(#17839, .T.);
#17841 = IFCFACE((#17840));
#17842 = IFCPOLYLOOP((#17660, #17497, #17498));
#17843 = IFCFACEOUTERBOUND(#17842, .T.);
#17844 = IFCFACE((#17843));
#17845 = IFCPOLYLOOP((#17399, #17567, #17559));
#17846 = IFCFACEOUTERBOUND(#17845, .T.);
#17847 = IFCFACE((#17846));
#17848 = IFCPOLYLOOP((#17404, #17599, #17579));
#17849 = IFCFACEOUTERBOUND(#17848, .T.);
#17850 = IFCFACE((#17849));
#17851 = IFCPOLYLOOP((#17429, #17655, #17647));
#17852 = IFCFACEOUTERBOUND(#17851, .T.);
#17853 = IFCFACE((#17852));
#17854 = IFCPOLYLOOP((#17418, #17686, #17667));
#17855 = IFCFACEOUTERBOUND(#17854, .T.);
#17856 = IFCFACE((#17855));
#17857 = IFCPOLYLOOP((#17599, #17509, #17505));
#17858 = IFCFACEOUTERBOUND(#17857, .T.);
#17859 = IFCFACE((#17858));
#17860 = IFCPOLYLOOP((#17509, #17598, #17629));
#17861 = IFCFACEOUTERBOUND(#17860, .T.);
#17862 = IFCFACE((#17861));
#17863 = IFCPOLYLOOP((#17686, #17485, #17490));
#17864 = IFCFACEOUTERBOUND(#17863, .T.);
#17865 = IFCFACE((#17864));
#17866 = IFCPOLYLOOP((#17481, #17671, #17667));
#17867 = IFCFACEOUTERBOUND(#17866, .T.);
#17868 = IFCFACE((#17867));
#17869 = IFCFACETEDBREP(#17390);
#17870 = IFCSURFACESTYLERENDERING(#17871, 0., #17872, $, $, #17873, #17874, $, .NOTDEFINED.);
#17871 = IFCCOLOURRGB('Surface color', 9.41176488995552E-2, 9.41176488995552E-2, 9.41176488995552E-2);
#17872 = IFCCOLOURRGB('Diffuse color', 9.41176488995552E-2, 9.41176488995552E-2, 9.41176488995552E-2);
#17873 = IFCCOLOURRGB('Reflection color', 1., 1., 1.);
#17874 = IFCCOLOURRGB('Specular color', 1., 1., 1.);
#17875 = IFCSURFACESTYLE('1b3f0722_ecd0_48ac_97f2_5d2a73b6d1e4', .BOTH., (#17870));
#17876 = IFCPRESENTATIONSTYLEASSIGNMENT((#17875));
#17877 = IFCSTYLEDITEM(#17869, (#17876), $);
#17878 = IFCSTYLEDREPRESENTATION(#103, 'Body', $, (#17877));
#17879 = IFCCLOSEDSHELL((#17885, #17891, #17894, #17899, #17902, #17905, #17910, #17914, #17920, #17924, #17928, #17932, #17936, #17940, #17944, #17947, #17950, #17953, #17957, #17960, #17963, #17966, #17969, #17972, #17975, #17979, #17982, #17985, #17988, #17991, #17994, #17997, #18000, #18003, #18006, #18009, #18012, #18015, #18018, #18021));
#17880 = IFCPOLYLOOP((#17881, #17882, #17883));
#17881 = IFCCARTESIANPOINT((1.61441497802734E-1, -1.40570432828514E-1, 4.45307281494141E-1));
#17882 = IFCCARTESIANPOINT((1.67014205932617E-1, -1.76530775235741E-1, 4.46996612548828E-1));
#17883 = IFCCARTESIANPOINT((1.67195190429688E-1, -1.7775353066787E-1, 4.45883575439453E-1));
#17884 = IFCFACEOUTERBOUND(#17880, .T.);
#17885 = IFCFACE((#17884));
#17886 = IFCPOLYLOOP((#17887, #17888, #17889));
#17887 = IFCCARTESIANPOINT((1.67323791503906E-1, -1.78622434781639E-1, 4.45092651367188E-1));
#17888 = IFCCARTESIANPOINT((1.67323791503906E-1, -1.7913861672744E-1, 4.34104766845703E-1));
#17889 = IFCCARTESIANPOINT((1.67125595092773E-1, -1.77919775174706E-1, 4.32765716552734E-1));
#17890 = IFCFACEOUTERBOUND(#17886, .T.);
#17891 = IFCFACE((#17890));
#17892 = IFCPOLYLOOP((#17881, #17883, #17887));
#17893 = IFCFACEOUTERBOUND(#17892, .T.);
#17894 = IFCFACE((#17893));
#17895 = IFCPOLYLOOP((#17887, #17896, #17897));
#17896 = IFCCARTESIANPOINT((1.67014190673828E-1, -1.77234663175194E-1, 4.32013092041016E-1));
#17897 = IFCCARTESIANPOINT((1.61295455932617E-1, -1.40287656949608E-1, 4.31221893310547E-1));
#17898 = IFCFACEOUTERBOUND(#17895, .T.);
#17899 = IFCFACE((#17898));
#17900 = IFCPOLYLOOP((#17897, #17881, #17887));
#17901 = IFCFACEOUTERBOUND(#17900, .T.);
#17902 = IFCFACE((#17901));
#17903 = IFCPOLYLOOP((#17889, #17896, #17887));
#17904 = IFCFACEOUTERBOUND(#17903, .T.);
#17905 = IFCFACE((#17904));
#17906 = IFCPOLYLOOP((#17907, #17881, #17908));
#17907 = IFCCARTESIANPOINT((1.61131896972656E-1, -1.38666486905663E-1, 4.43215637207031E-1));
#17908 = IFCCARTESIANPOINT((1.61131896972656E-1, -1.39182676480858E-1, 4.32227722167969E-1));
#17909 = IFCFACEOUTERBOUND(#17906, .T.);
#17910 = IFCFACE((#17909));
#17911 = IFCPOLYLOOP((#17896, #17912, #17897));
#17912 = IFCCARTESIANPOINT((1.61441497802734E-1, -1.41274320767967E-1, 4.30323760986328E-1));
#17913 = IFCFACEOUTERBOUND(#17911, .T.);
#17914 = IFCFACE((#17913));
#17915 = IFCPOLYLOOP((#17916, #17917, #17918));
#17916 = IFCCARTESIANPOINT((-1.67323791503906E-1, -1.78622434781639E-1, 4.45092651367188E-1));
#17917 = IFCCARTESIANPOINT((-1.67068161010742E-1, -1.76895361112206E-1, 4.46664733886719E-1));
#17918 = IFCCARTESIANPOINT((-1.61441497802734E-1, -1.40570440457909E-1, 4.45307281494141E-1));
#17919 = IFCFACEOUTERBOUND(#17915, .T.);
#17920 = IFCFACE((#17919));
#17921 = IFCPOLYLOOP((#17916, #17918, #17922));
#17922 = IFCCARTESIANPOINT((-1.61441497802734E-1, -1.41274328397362E-1, 4.30323760986328E-1));
#17923 = IFCFACEOUTERBOUND(#17921, .T.);
#17924 = IFCFACE((#17923));
#17925 = IFCPOLYLOOP((#17922, #17926, #17916));
#17926 = IFCCARTESIANPOINT((-1.67323791503906E-1, -1.7913861672744E-1, 4.34104736328125E-1));
#17927 = IFCFACEOUTERBOUND(#17925, .T.);
#17928 = IFCFACE((#17927));
#17929 = IFCPOLYLOOP((#17930, #17922, #17918));
#17930 = IFCCARTESIANPOINT((-1.61131912231445E-1, -1.39182676480858E-1, 4.32227722167969E-1));
#17931 = IFCFACEOUTERBOUND(#17929, .T.);
#17932 = IFCFACE((#17931));
#17933 = IFCPOLYLOOP((#17926, #17922, #17934));
#17934 = IFCCARTESIANPOINT((-1.67211410522461E-1, -1.78447416471092E-1, 4.33345397949219E-1));
#17935 = IFCFACEOUTERBOUND(#17933, .T.);
#17936 = IFCFACE((#17935));
#17937 = IFCPOLYLOOP((#17922, #17938, #17934));
#17938 = IFCCARTESIANPOINT((-1.67014190673828E-1, -1.77234670804588E-1, 4.32013092041016E-1));
#17939 = IFCFACEOUTERBOUND(#17937, .T.);
#17940 = IFCFACE((#17939));
#17941 = IFCPOLYLOOP((#17942, #17930, #17918));
#17942 = IFCCARTESIANPOINT((-1.61131912231445E-1, -1.38666486905663E-1, 4.43215637207031E-1));
#17943 = IFCFACEOUTERBOUND(#17941, .T.);
#17944 = IFCFACE((#17943));
#17945 = IFCPOLYLOOP((#17896, #17938, #17922));
#17946 = IFCFACEOUTERBOUND(#17945, .T.);
#17947 = IFCFACE((#17946));
#17948 = IFCPOLYLOOP((#17881, #17918, #17917));
#17949 = IFCFACEOUTERBOUND(#17948, .T.);
#17950 = IFCFACE((#17949));
#17951 = IFCPOLYLOOP((#17888, #17887, #17916));
#17952 = IFCFACEOUTERBOUND(#17951, .T.);
#17953 = IFCFACE((#17952));
#17954 = IFCPOLYLOOP((#17916, #17955, #17888));
#17955 = IFCCARTESIANPOINT((-9.69117279052734E-2, -1.79087415860741E-1, 4.35194763183594E-1));
#17956 = IFCFACEOUTERBOUND(#17954, .T.);
#17957 = IFCFACE((#17956));
#17958 = IFCPOLYLOOP((#17916, #17926, #17955));
#17959 = IFCFACEOUTERBOUND(#17958, .T.);
#17960 = IFCFACE((#17959));
#17961 = IFCPOLYLOOP((#17926, #17888, #17955));
#17962 = IFCFACEOUTERBOUND(#17961, .T.);
#17963 = IFCFACE((#17962));
#17964 = IFCPOLYLOOP((#17889, #17934, #17896));
#17965 = IFCFACEOUTERBOUND(#17964, .T.);
#17966 = IFCFACE((#17965));
#17967 = IFCPOLYLOOP((#17888, #17934, #17889));
#17968 = IFCFACEOUTERBOUND(#17967, .T.);
#17969 = IFCFACE((#17968));
#17970 = IFCPOLYLOOP((#17934, #17888, #17926));
#17971 = IFCFACEOUTERBOUND(#17970, .T.);
#17972 = IFCFACE((#17971));
#17973 = IFCPOLYLOOP((#17934, #17938, #17896));
#17974 = IFCFACEOUTERBOUND(#17973, .T.);
#17975 = IFCFACE((#17974));
#17976 = IFCPOLYLOOP((#17883, #17917, #17977));
#17977 = IFCCARTESIANPOINT((1.59051406860352E-1, -1.78107671903221E-1, 4.45561218261719E-1));
#17978 = IFCFACEOUTERBOUND(#17976, .T.);
#17979 = IFCFACE((#17978));
#17980 = IFCPOLYLOOP((#17882, #17917, #17883));
#17981 = IFCFACEOUTERBOUND(#17980, .T.);
#17982 = IFCFACE((#17981));
#17983 = IFCPOLYLOOP((#17977, #17917, #17916));
#17984 = IFCFACEOUTERBOUND(#17983, .T.);
#17985 = IFCFACE((#17984));
#17986 = IFCPOLYLOOP((#17977, #17916, #17887));
#17987 = IFCFACEOUTERBOUND(#17986, .T.);
#17988 = IFCFACE((#17987));
#17989 = IFCPOLYLOOP((#17883, #17977, #17887));
#17990 = IFCFACEOUTERBOUND(#17989, .T.);
#17991 = IFCFACE((#17990));
#17992 = IFCPOLYLOOP((#17908, #17922, #17930));
#17993 = IFCFACEOUTERBOUND(#17992, .T.);
#17994 = IFCFACE((#17993));
#17995 = IFCPOLYLOOP((#17922, #17897, #17912));
#17996 = IFCFACEOUTERBOUND(#17995, .T.);
#17997 = IFCFACE((#17996));
#17998 = IFCPOLYLOOP((#17908, #17897, #17922));
#17999 = IFCFACEOUTERBOUND(#17998, .T.);
#18000 = IFCFACE((#17999));
#18001 = IFCPOLYLOOP((#17907, #17918, #17881));
#18002 = IFCFACEOUTERBOUND(#18001, .T.);
#18003 = IFCFACE((#18002));
#18004 = IFCPOLYLOOP((#17942, #17918, #17907));
#18005 = IFCFACEOUTERBOUND(#18004, .T.);
#18006 = IFCFACE((#18005));
#18007 = IFCPOLYLOOP((#17881, #17897, #17908));
#18008 = IFCFACEOUTERBOUND(#18007, .T.);
#18009 = IFCFACE((#18008));
#18010 = IFCPOLYLOOP((#17896, #17922, #17912));
#18011 = IFCFACEOUTERBOUND(#18010, .T.);
#18012 = IFCFACE((#18011));
#18013 = IFCPOLYLOOP((#17881, #17917, #17882));
#18014 = IFCFACEOUTERBOUND(#18013, .T.);
#18015 = IFCFACE((#18014));
#18016 = IFCPOLYLOOP((#17908, #17930, #17942));
#18017 = IFCFACEOUTERBOUND(#18016, .T.);
#18018 = IFCFACE((#18017));
#18019 = IFCPOLYLOOP((#17942, #17907, #17908));
#18020 = IFCFACEOUTERBOUND(#18019, .T.);
#18021 = IFCFACE((#18020));
#18022 = IFCFACETEDBREP(#17879);
#18023 = IFCSURFACESTYLERENDERING(#18024, 0., #18025, $, $, #18026, #18027, $, .NOTDEFINED.);
#18024 = IFCCOLOURRGB('Surface color', 5.41176497936249E-1, 3.4901961684227E-1, 2.50980406999588E-1);
#18025 = IFCCOLOURRGB('Diffuse color', 5.41176497936249E-1, 3.4901961684227E-1, 2.50980406999588E-1);
#18026 = IFCCOLOURRGB('Reflection color', 1., 1., 1.);
#18027 = IFCCOLOURRGB('Specular color', 1., 1., 1.);
#18028 = IFCSURFACESTYLE('3acb42c0_d3bc_49d4_a7ed_98ea0419b48c', .BOTH., (#18023));
#18029 = IFCPRESENTATIONSTYLEASSIGNMENT((#18028));
#18030 = IFCSTYLEDITEM(#18022, (#18029), $);
#18031 = IFCSTYLEDREPRESENTATION(#103, 'Body', $, (#18030));
#18032 = IFCCLOSEDSHELL((#18038, #18044, #18048, #18053, #18056, #18062, #18068, #18072, #18076, #18081, #18084, #18087, #18090, #18093, #18096, #18099, #18102, #18106, #18112, #18117, #18121, #18127, #18132, #18137, #18140, #18143, #18146, #18151, #18155, #18158, #18161, #18166, #18171, #18174, #18177, #18180, #18184, #18188, #18191, #18196, #18199, #18204, #18209, #18212, #18215, #18219, #18222, #18227, #18232, #18236, #18240, #18243, #18246, #18250, #18253, #18256, #18260, #18263, #18267, #18271, #18274, #18278, #18282, #18285, #18289, #18293, #18296, #18300, #18304, #18307, #18310, #18314, #18317, #18320, #18323, #18327, #18330, #18333, #18337, #18340, #18344, #18348, #18351, #18355, #18359, #18362, #18366, #18370, #18373, #18377, #18381, #18384, #18387, #18390, #18393, #18397, #18401, #18405, #18409, #18412, #18416, #18420, #18424, #18428, #18431, #18435, #18440, #18444, #18448, #18452, #18456, #18460, #18464, #18468, #18472, #18476, #18481, #18484, #18488, #18492, #18497, #18500, #18504, #18507, #18511, #18515, #18520, #18523, #18527, #18530, #18534, #18538, #18543, #18546, #18550, #18553, #18557, #18561, #18565, #18568, #18573, #18576, #18580, #18584, #18588, #18591, #18595, #18599, #18602, #18606, #18610, #18613, #18617, #18621, #18625, #18629, #18633, #18636, #18640, #18644, #18647, #18650, #18654, #18658, #18661, #18666, #18669, #18673, #18676, #18680, #18684, #18687, #18691, #18695, #18698, #18701, #18705, #18709, #18712, #18716, #18720, #18723, #18728, #18731, #18735, #18738, #18743, #18746, #18749, #18752, #18756, #18760, #18763, #18766, #18769, #18772, #18775, #18778, #18781, #18784, #18787, #18790, #18793, #18796, #18799, #18802, #18805, #18808, #18811, #18814, #18817, #18820, #18823, #18826, #18829, #18832, #18835, #18838, #18841, #18844, #18847, #18850, #18853, #18856, #18859, #18862, #18865, #18868, #18871, #18874, #18877, #18880, #18883, #18886, #18889, #18892, #18895, #18898, #18901, #18904, #18907, #18910, #18913, #18916, #18919, #18922, #18925, #18928, #18931, #18934, #18937, #18940, #18943, #18946, #18949, #18952, #18955, #18958, #18961, #18964, #18967, #18970, #18973, #18976, #18979, #18982, #18985, #18988, #18991, #18994, #18997, #19000, #19003, #19006, #19009, #19012, #19015, #19018, #19021, #19024, #19027, #19030, #19033, #19036, #19039, #19042, #19045, #19048, #19051, #19054, #19057, #19060, #19063, #19066, #19069, #19072, #19075, #19078, #19081, #19084));
#18033 = IFCPOLYLOOP((#18034, #18035, #18036));
#18034 = IFCCARTESIANPOINT((2.40957672119141E-1, -2.39471649169922E-1, 9.15003204345703E-3));
#18035 = IFCCARTESIANPOINT((2.40462097167969E-1, -2.37026550292969E-1, 9.15024662017822E-3));
#18036 = IFCCARTESIANPOINT((2.72350524902344E-1, -2.36650314331055E-1, 9.15018844604492E-3));
#18037 = IFCFACEOUTERBOUND(#18033, .T.);
#18038 = IFCFACE((#18037));
#18039 = IFCPOLYLOOP((#18040, #18041, #18042));
#18040 = IFCCARTESIANPOINT((2.46002578735352E-1, -2.474169921875E-1, 9.15006065368652E-3));
#18041 = IFCCARTESIANPOINT((2.41983016967773E-1, -2.42278915405273E-1, 9.15010929107666E-3));
#18042 = IFCCARTESIANPOINT((2.68572601318359E-1, -2.4561930847168E-1, 9.15007781982422E-3));
#18043 = IFCFACEOUTERBOUND(#18039, .T.);
#18044 = IFCFACE((#18043));
#18045 = IFCPOLYLOOP((#18046, #18041, #18034));
#18046 = IFCCARTESIANPOINT((2.71676635742188E-1, -2.40075790405273E-1, 9.15029525756836E-3));
#18047 = IFCFACEOUTERBOUND(#18045, .T.);
#18048 = IFCFACE((#18047));
#18049 = IFCPOLYLOOP((#18035, #18050, #18051));
#18050 = IFCCARTESIANPOINT((2.40424194335938E-1, -2.33844085693359E-1, 9.15018844604492E-3));
#18051 = IFCCARTESIANPOINT((2.7236865234375E-1, -2.34134979248047E-1, 9.15016746520996E-3));
#18052 = IFCFACEOUTERBOUND(#18049, .T.);
#18053 = IFCFACE((#18052));
#18054 = IFCPOLYLOOP((#18051, #18036, #18035));
#18055 = IFCFACEOUTERBOUND(#18054, .T.);
#18056 = IFCFACE((#18055));
#18057 = IFCPOLYLOOP((#18058, #18059, #18060));
#18058 = IFCCARTESIANPOINT((2.41096160888672E-1, -2.30414947509766E-1, 9.15017509460449E-3));
#18059 = IFCCARTESIANPOINT((2.44201950073242E-1, -2.24875198364258E-1, 9.1500768661499E-3));
#18060 = IFCCARTESIANPOINT((2.70838745117188E-1, -2.28337371826172E-1, 9.15087223052979E-3));
#18061 = IFCFACEOUTERBOUND(#18057, .T.);
#18062 = IFCFACE((#18061));
#18063 = IFCPOLYLOOP((#18064, #18065, #18066));
#18064 = IFCCARTESIANPOINT((2.55232879638672E-1, -2.19288391113281E-1, 9.15006637573242E-3));
#18065 = IFCCARTESIANPOINT((2.61413482666016E-1, -2.200576171875E-1, 9.15003204345703E-3));
#18066 = IFCCARTESIANPOINT((2.49156524658203E-1, -2.20973495483398E-1, 9.15003776550293E-3));
#18067 = IFCFACEOUTERBOUND(#18063, .T.);
#18068 = IFCFACE((#18067));
#18069 = IFCPOLYLOOP((#18066, #18070, #18059));
#18070 = IFCCARTESIANPOINT((2.66780944824219E-1, -2.23083786010742E-1, 9.15004634857178E-3));
#18071 = IFCFACEOUTERBOUND(#18069, .T.);
#18072 = IFCFACE((#18071));
#18073 = IFCPOLYLOOP((#18050, #18058, #18074));
#18074 = IFCCARTESIANPOINT((2.71988525390625E-1, -2.31580993652344E-1, 9.15022850036621E-3));
#18075 = IFCFACEOUTERBOUND(#18073, .T.);
#18076 = IFCFACE((#18075));
#18077 = IFCPOLYLOOP((#18078, #18079, #18040));
#18078 = IFCCARTESIANPOINT((2.63618103027344E-1, -2.49520874023438E-1, 9.15003776550293E-3));
#18079 = IFCCARTESIANPOINT((2.51361251831055E-1, -2.50436676025391E-1, 9.15003204345703E-3));
#18080 = IFCFACEOUTERBOUND(#18077, .T.);
#18081 = IFCFACE((#18080));
#18082 = IFCPOLYLOOP((#18040, #18042, #18078));
#18083 = IFCFACEOUTERBOUND(#18082, .T.);
#18084 = IFCFACE((#18083));
#18085 = IFCPOLYLOOP((#18046, #18034, #18036));
#18086 = IFCFACEOUTERBOUND(#18085, .T.);
#18087 = IFCFACE((#18086));
#18088 = IFCPOLYLOOP((#18046, #18042, #18041));
#18089 = IFCFACEOUTERBOUND(#18088, .T.);
#18090 = IFCFACE((#18089));
#18091 = IFCPOLYLOOP((#18070, #18066, #18065));
#18092 = IFCFACEOUTERBOUND(#18091, .T.);
#18093 = IFCFACE((#18092));
#18094 = IFCPOLYLOOP((#18059, #18070, #18060));
#18095 = IFCFACEOUTERBOUND(#18094, .T.);
#18096 = IFCFACE((#18095));
#18097 = IFCPOLYLOOP((#18060, #18074, #18058));
#18098 = IFCFACEOUTERBOUND(#18097, .T.);
#18099 = IFCFACE((#18098));
#18100 = IFCPOLYLOOP((#18050, #18074, #18051));
#18101 = IFCFACEOUTERBOUND(#18100, .T.);
#18102 = IFCFACE((#18101));
#18103 = IFCPOLYLOOP((#18078, #18104, #18079));
#18104 = IFCCARTESIANPOINT((2.57541931152344E-1, -2.5120588684082E-1, 9.15006637573242E-3));
#18105 = IFCFACEOUTERBOUND(#18103, .T.);
#18106 = IFCFACE((#18105));
#18107 = IFCPOLYLOOP((#18108, #18109, #18110));
#18108 = IFCCARTESIANPOINT((2.38338684082031E-1, -2.1112809753418E-1, 6.20466796875E-1));
#18109 = IFCCARTESIANPOINT((2.36351516723633E-1, -2.14936752319336E-1, 6.20466796875E-1));
#18110 = IFCCARTESIANPOINT((2.35623458862305E-1, -2.1934245300293E-1, 6.20466796875E-1));
#18111 = IFCFACEOUTERBOUND(#18107, .T.);
#18112 = IFCFACE((#18111));
#18113 = IFCPOLYLOOP((#18114, #18115, #18108));
#18114 = IFCCARTESIANPOINT((2.45363800048828E-1, -2.06077377319336E-1, 6.20466796875E-1));
#18115 = IFCCARTESIANPOINT((2.41355087280273E-1, -2.08110626220703E-1, 6.20466796875E-1));
#18116 = IFCFACEOUTERBOUND(#18113, .T.);
#18117 = IFCFACE((#18116));
#18118 = IFCPOLYLOOP((#18119, #18108, #18110));
#18119 = IFCCARTESIANPOINT((2.49696151733398E-1, -2.05421813964844E-1, 6.20466796875E-1));
#18120 = IFCFACEOUTERBOUND(#18118, .T.);
#18121 = IFCFACE((#18120));
#18122 = IFCPOLYLOOP((#18123, #18124, #18125));
#18123 = IFCCARTESIANPOINT((2.63619171142578E-1, -2.19499282836914E-1, 6.20466796875E-1));
#18124 = IFCCARTESIANPOINT((2.62957672119141E-1, -2.15168502807617E-1, 6.20466796875E-1));
#18125 = IFCCARTESIANPOINT((2.41331237792969E-1, -2.30701278686523E-1, 6.20466796875E-1));
#18126 = IFCFACEOUTERBOUND(#18122, .T.);
#18127 = IFCFACE((#18126));
#18128 = IFCPOLYLOOP((#18125, #18129, #18130));
#18129 = IFCCARTESIANPOINT((2.36279724121094E-1, -2.23674911499023E-1, 6.20466796875E-1));
#18130 = IFCCARTESIANPOINT((2.38344528198242E-1, -2.27723724365234E-1, 6.20466796875E-1));
#18131 = IFCFACEOUTERBOUND(#18128, .T.);
#18132 = IFCFACE((#18131));
#18133 = IFCPOLYLOOP((#18134, #18135, #18125));
#18134 = IFCCARTESIANPOINT((2.4518603515625E-1, -2.32707321166992E-1, 6.20466796875E-1));
#18135 = IFCCARTESIANPOINT((2.49543304443359E-1, -2.33421966552734E-1, 6.20466796875E-1));
#18136 = IFCFACEOUTERBOUND(#18133, .T.);
#18137 = IFCFACE((#18136));
#18138 = IFCPOLYLOOP((#18110, #18129, #18125));
#18139 = IFCFACEOUTERBOUND(#18138, .T.);
#18140 = IFCFACE((#18139));
#18141 = IFCPOLYLOOP((#18135, #18123, #18125));
#18142 = IFCFACEOUTERBOUND(#18141, .T.);
#18143 = IFCFACE((#18142));
#18144 = IFCPOLYLOOP((#18114, #18108, #18119));
#18145 = IFCFACEOUTERBOUND(#18144, .T.);
#18146 = IFCFACE((#18145));
#18147 = IFCPOLYLOOP((#18148, #18149, #18119));
#18148 = IFCCARTESIANPOINT((2.57909027099609E-1, -2.08140518188477E-1, 6.20466796875E-1));
#18149 = IFCCARTESIANPOINT((2.54063140869141E-1, -2.06138320922852E-1, 6.20466796875E-1));
#18150 = IFCFACEOUTERBOUND(#18147, .T.);
#18151 = IFCFACE((#18150));
#18152 = IFCPOLYLOOP((#18124, #18153, #18148));
#18153 = IFCCARTESIANPOINT((2.60884155273438E-1, -2.11103881835938E-1, 6.20466796875E-1));
#18154 = IFCFACEOUTERBOUND(#18152, .T.);
#18155 = IFCFACE((#18154));
#18156 = IFCPOLYLOOP((#18110, #18125, #18124));
#18157 = IFCFACEOUTERBOUND(#18156, .T.);
#18158 = IFCFACE((#18157));
#18159 = IFCPOLYLOOP((#18124, #18148, #18110));
#18160 = IFCFACEOUTERBOUND(#18159, .T.);
#18161 = IFCFACE((#18160));
#18162 = IFCPOLYLOOP((#18163, #18135, #18164));
#18163 = IFCCARTESIANPOINT((2.57788848876953E-1, -2.30796951293945E-1, 6.20466796875E-1));
#18164 = IFCCARTESIANPOINT((2.53875518798828E-1, -2.3276611328125E-1, 6.20466796875E-1));
#18165 = IFCFACEOUTERBOUND(#18162, .T.);
#18166 = IFCFACE((#18165));
#18167 = IFCPOLYLOOP((#18168, #18123, #18169));
#18168 = IFCCARTESIANPOINT((2.62912078857422E-1, -2.23822555541992E-1, 6.20466796875E-1));
#18169 = IFCCARTESIANPOINT((2.60902008056641E-1, -2.27714492797852E-1, 6.20466796875E-1));
#18170 = IFCFACEOUTERBOUND(#18167, .T.);
#18171 = IFCFACE((#18170));
#18172 = IFCPOLYLOOP((#18163, #18169, #18135));
#18173 = IFCFACEOUTERBOUND(#18172, .T.);
#18174 = IFCFACE((#18173));
#18175 = IFCPOLYLOOP((#18135, #18169, #18123));
#18176 = IFCFACEOUTERBOUND(#18175, .T.);
#18177 = IFCFACE((#18176));
#18178 = IFCPOLYLOOP((#18110, #18148, #18119));
#18179 = IFCFACEOUTERBOUND(#18178, .T.);
#18180 = IFCFACE((#18179));
#18181 = IFCPOLYLOOP((#18051, #18182, #18036));
#18182 = IFCCARTESIANPOINT((2.71843414306641E-1, -2.36382827758789E-1, 4.56948051452637E-2));
#18183 = IFCFACEOUTERBOUND(#18181, .T.);
#18184 = IFCFACE((#18183));
#18185 = IFCPOLYLOOP((#18060, #18186, #18074));
#18186 = IFCCARTESIANPOINT((2.71395233154297E-1, -2.30014739990234E-1, 4.56669387817383E-2));
#18187 = IFCFACEOUTERBOUND(#18185, .T.);
#18188 = IFCFACE((#18187));
#18189 = IFCPOLYLOOP((#18186, #18051, #18074));
#18190 = IFCFACEOUTERBOUND(#18189, .T.);
#18191 = IFCFACE((#18190));
#18192 = IFCPOLYLOOP((#18193, #18194, #18070));
#18193 = IFCCARTESIANPOINT((2.68422515869141E-1, -2.2424089050293E-1, 4.56409111022949E-2));
#18194 = IFCCARTESIANPOINT((2.68625610351563E-1, -2.24716003417969E-1, 2.73520622253418E-2));
#18195 = IFCFACEOUTERBOUND(#18192, .T.);
#18196 = IFCFACE((#18195));
#18197 = IFCPOLYLOOP((#18193, #18060, #18194));
#18198 = IFCFACEOUTERBOUND(#18197, .T.);
#18199 = IFCFACE((#18198));
#18200 = IFCPOLYLOOP((#18201, #18202, #18058));
#18201 = IFCCARTESIANPOINT((2.41943862915039E-1, -2.26623718261719E-1, 4.56434020996094E-2));
#18202 = IFCCARTESIANPOINT((2.41976608276367E-1, -2.27722198486328E-1, 1.93497047424316E-2));
#18203 = IFCFACEOUTERBOUND(#18200, .T.);
#18204 = IFCFACE((#18203));
#18205 = IFCPOLYLOOP((#18050, #18206, #18207));
#18206 = IFCCARTESIANPOINT((2.39644638061523E-1, -2.34530639648438E-1, 7.99654083251953E-2));
#18207 = IFCCARTESIANPOINT((2.40119842529297E-1, -2.32213790893555E-1, 4.56671981811523E-2));
#18208 = IFCFACEOUTERBOUND(#18205, .T.);
#18209 = IFCFACE((#18208));
#18210 = IFCPOLYLOOP((#18206, #18050, #18035));
#18211 = IFCFACEOUTERBOUND(#18210, .T.);
#18212 = IFCFACE((#18211));
#18213 = IFCPOLYLOOP((#18207, #18058, #18050));
#18214 = IFCFACEOUTERBOUND(#18213, .T.);
#18215 = IFCFACE((#18214));
#18216 = IFCPOLYLOOP((#18035, #18217, #18206));
#18217 = IFCCARTESIANPOINT((2.4056803894043E-1, -2.38581893920898E-1, 4.56950645446777E-2));
#18218 = IFCFACEOUTERBOUND(#18216, .T.);
#18219 = IFCFACE((#18218));
#18220 = IFCPOLYLOOP((#18217, #18035, #18034));
#18221 = IFCFACEOUTERBOUND(#18220, .T.);
#18222 = IFCFACE((#18221));
#18223 = IFCPOLYLOOP((#18041, #18224, #18225));
#18224 = IFCCARTESIANPOINT((2.43743957519531E-1, -2.44830780029297E-1, 2.74277877807617E-2));
#18225 = IFCCARTESIANPOINT((2.43540756225586E-1, -2.44355728149414E-1, 4.57210922241211E-2));
#18226 = IFCFACEOUTERBOUND(#18223, .T.);
#18227 = IFCFACE((#18226));
#18228 = IFCPOLYLOOP((#18046, #18229, #18230));
#18229 = IFCCARTESIANPOINT((2.70019409179688E-1, -2.41972900390625E-1, 4.57186012268066E-2));
#18230 = IFCCARTESIANPOINT((2.70570983886719E-1, -2.42240753173828E-1, 1.94048137664795E-2));
#18231 = IFCFACEOUTERBOUND(#18228, .T.);
#18232 = IFCFACE((#18231));
#18233 = IFCPOLYLOOP((#18182, #18234, #18046));
#18234 = IFCCARTESIANPOINT((2.70777801513672E-1, -2.38409683227539E-1, 8.09924850463867E-2));
#18235 = IFCFACEOUTERBOUND(#18233, .T.);
#18236 = IFCFACE((#18235));
#18237 = IFCPOLYLOOP((#18238, #18182, #18051));
#18238 = IFCCARTESIANPOINT((2.71549835205078E-1, -2.32265670776367E-1, 8.08565216064453E-2));
#18239 = IFCFACEOUTERBOUND(#18237, .T.);
#18240 = IFCFACE((#18239));
#18241 = IFCPOLYLOOP((#18234, #18182, #18238));
#18242 = IFCFACEOUTERBOUND(#18241, .T.);
#18243 = IFCFACE((#18242));
#18244 = IFCPOLYLOOP((#18186, #18238, #18051));
#18245 = IFCFACEOUTERBOUND(#18244, .T.);
#18246 = IFCFACE((#18245));
#18247 = IFCPOLYLOOP((#18248, #18186, #18060));
#18248 = IFCCARTESIANPOINT((2.69808715820313E-1, -2.26050735473633E-1, 8.08709487915039E-2));
#18249 = IFCFACEOUTERBOUND(#18247, .T.);
#18250 = IFCFACE((#18249));
#18251 = IFCPOLYLOOP((#18238, #18186, #18248));
#18252 = IFCFACEOUTERBOUND(#18251, .T.);
#18253 = IFCFACE((#18252));
#18254 = IFCPOLYLOOP((#18193, #18248, #18060));
#18255 = IFCFACEOUTERBOUND(#18254, .T.);
#18256 = IFCFACE((#18255));
#18257 = IFCPOLYLOOP((#18258, #18193, #18070));
#18258 = IFCCARTESIANPOINT((2.65793182373047E-1, -2.21060928344727E-1, 8.08673095703125E-2));
#18259 = IFCFACEOUTERBOUND(#18257, .T.);
#18260 = IFCFACE((#18259));
#18261 = IFCPOLYLOOP((#18248, #18193, #18258));
#18262 = IFCFACEOUTERBOUND(#18261, .T.);
#18263 = IFCFACE((#18262));
#18264 = IFCPOLYLOOP((#18265, #18258, #18070));
#18265 = IFCCARTESIANPOINT((2.63764953613281E-1, -2.20536834716797E-1, 3.29840812683105E-2));
#18266 = IFCFACEOUTERBOUND(#18264, .T.);
#18267 = IFCFACE((#18266));
#18268 = IFCPOLYLOOP((#18269, #18265, #18065));
#18269 = IFCCARTESIANPOINT((2.60617095947266E-1, -2.181953125E-1, 8.08291854858398E-2));
#18270 = IFCFACEOUTERBOUND(#18268, .T.);
#18271 = IFCFACE((#18270));
#18272 = IFCPOLYLOOP((#18258, #18265, #18269));
#18273 = IFCFACEOUTERBOUND(#18272, .T.);
#18274 = IFCFACE((#18273));
#18275 = IFCPOLYLOOP((#18276, #18269, #18065));
#18276 = IFCCARTESIANPOINT((2.58238067626953E-1, -2.18721755981445E-1, 3.34748420715332E-2));
#18277 = IFCFACEOUTERBOUND(#18275, .T.);
#18278 = IFCFACE((#18277));
#18279 = IFCPOLYLOOP((#18280, #18276, #18064));
#18280 = IFCCARTESIANPOINT((2.54469268798828E-1, -2.17422714233398E-1, 8.08671646118164E-2));
#18281 = IFCFACEOUTERBOUND(#18279, .T.);
#18282 = IFCFACE((#18281));
#18283 = IFCPOLYLOOP((#18269, #18276, #18280));
#18284 = IFCFACEOUTERBOUND(#18283, .T.);
#18285 = IFCFACE((#18284));
#18286 = IFCPOLYLOOP((#18287, #18280, #18064));
#18287 = IFCCARTESIANPOINT((2.51819549560547E-1, -2.19151214599609E-1, 3.39137992858887E-2));
#18288 = IFCFACEOUTERBOUND(#18286, .T.);
#18289 = IFCFACE((#18288));
#18290 = IFCPOLYLOOP((#18291, #18287, #18066));
#18291 = IFCCARTESIANPOINT((2.48257781982422E-1, -2.19166259765625E-1, 8.07449951171875E-2));
#18292 = IFCFACEOUTERBOUND(#18290, .T.);
#18293 = IFCFACE((#18292));
#18294 = IFCPOLYLOOP((#18280, #18287, #18291));
#18295 = IFCFACEOUTERBOUND(#18294, .T.);
#18296 = IFCFACE((#18295));
#18297 = IFCPOLYLOOP((#18298, #18291, #18066));
#18298 = IFCCARTESIANPOINT((2.45999099731445E-1, -2.22159652709961E-1, 3.38485069274902E-2));
#18299 = IFCFACEOUTERBOUND(#18297, .T.);
#18300 = IFCFACE((#18299));
#18301 = IFCPOLYLOOP((#18302, #18298, #18059));
#18302 = IFCCARTESIANPOINT((2.43268341064453E-1, -2.23179641723633E-1, 8.08266906738281E-2));
#18303 = IFCFACEOUTERBOUND(#18301, .T.);
#18304 = IFCFACE((#18303));
#18305 = IFCPOLYLOOP((#18291, #18298, #18302));
#18306 = IFCFACEOUTERBOUND(#18305, .T.);
#18307 = IFCFACE((#18306));
#18308 = IFCPOLYLOOP((#18201, #18302, #18059));
#18309 = IFCFACEOUTERBOUND(#18308, .T.);
#18310 = IFCFACE((#18309));
#18311 = IFCPOLYLOOP((#18312, #18201, #18058));
#18312 = IFCCARTESIANPOINT((2.40403335571289E-1, -2.28357269287109E-1, 8.07975616455078E-2));
#18313 = IFCFACEOUTERBOUND(#18311, .T.);
#18314 = IFCFACE((#18313));
#18315 = IFCPOLYLOOP((#18302, #18201, #18312));
#18316 = IFCFACEOUTERBOUND(#18315, .T.);
#18317 = IFCFACE((#18316));
#18318 = IFCPOLYLOOP((#18207, #18312, #18058));
#18319 = IFCFACEOUTERBOUND(#18318, .T.);
#18320 = IFCFACE((#18319));
#18321 = IFCPOLYLOOP((#18312, #18207, #18206));
#18322 = IFCFACEOUTERBOUND(#18321, .T.);
#18323 = IFCFACE((#18322));
#18324 = IFCPOLYLOOP((#18325, #18217, #18041));
#18325 = IFCCARTESIANPOINT((2.41372863769531E-1, -2.40718002319336E-1, 8.08667831420898E-2));
#18326 = IFCFACEOUTERBOUND(#18324, .T.);
#18327 = IFCFACE((#18326));
#18328 = IFCPOLYLOOP((#18206, #18217, #18325));
#18329 = IFCFACEOUTERBOUND(#18328, .T.);
#18330 = IFCFACE((#18329));
#18331 = IFCPOLYLOOP((#18225, #18325, #18041));
#18332 = IFCFACEOUTERBOUND(#18331, .T.);
#18333 = IFCFACE((#18332));
#18334 = IFCPOLYLOOP((#18335, #18225, #18040));
#18335 = IFCCARTESIANPOINT((2.45384201049805E-1, -2.45698013305664E-1, 8.12688293457031E-2));
#18336 = IFCFACEOUTERBOUND(#18334, .T.);
#18337 = IFCFACE((#18336));
#18338 = IFCPOLYLOOP((#18325, #18225, #18335));
#18339 = IFCFACEOUTERBOUND(#18338, .T.);
#18340 = IFCFACE((#18339));
#18341 = IFCPOLYLOOP((#18342, #18335, #18040));
#18342 = IFCCARTESIANPOINT((2.48479385375977E-1, -2.48716232299805E-1, 3.31069412231445E-2));
#18343 = IFCFACEOUTERBOUND(#18341, .T.);
#18344 = IFCFACE((#18343));
#18345 = IFCPOLYLOOP((#18346, #18342, #18079));
#18346 = IFCCARTESIANPOINT((2.50563110351563E-1, -2.48569869995117E-1, 8.10459899902344E-2));
#18347 = IFCFACEOUTERBOUND(#18345, .T.);
#18348 = IFCFACE((#18347));
#18349 = IFCPOLYLOOP((#18335, #18342, #18346));
#18350 = IFCFACEOUTERBOUND(#18349, .T.);
#18351 = IFCFACE((#18350));
#18352 = IFCPOLYLOOP((#18353, #18346, #18079));
#18353 = IFCCARTESIANPOINT((2.5399528503418E-1, -2.50505111694336E-1, 3.36235771179199E-2));
#18354 = IFCFACEOUTERBOUND(#18352, .T.);
#18355 = IFCFACE((#18354));
#18356 = IFCPOLYLOOP((#18357, #18353, #18104));
#18357 = IFCCARTESIANPOINT((2.56711059570313E-1, -2.49343322753906E-1, 8.09736328125E-2));
#18358 = IFCFACEOUTERBOUND(#18356, .T.);
#18359 = IFCFACE((#18358));
#18360 = IFCPOLYLOOP((#18346, #18353, #18357));
#18361 = IFCFACEOUTERBOUND(#18360, .T.);
#18362 = IFCFACE((#18361));
#18363 = IFCPOLYLOOP((#18364, #18357, #18104));
#18364 = IFCCARTESIANPOINT((2.60403106689453E-1, -2.50052810668945E-1, 3.40648651123047E-2));
#18365 = IFCFACEOUTERBOUND(#18363, .T.);
#18366 = IFCFACE((#18365));
#18367 = IFCPOLYLOOP((#18368, #18364, #18078));
#18368 = IFCCARTESIANPOINT((2.62924713134766E-1, -2.47604461669922E-1, 8.09153213500977E-2));
#18369 = IFCFACEOUTERBOUND(#18367, .T.);
#18370 = IFCFACE((#18369));
#18371 = IFCPOLYLOOP((#18357, #18364, #18368));
#18372 = IFCFACEOUTERBOUND(#18371, .T.);
#18373 = IFCFACE((#18372));
#18374 = IFCPOLYLOOP((#18375, #18368, #18078));
#18375 = IFCCARTESIANPOINT((2.662255859375E-1, -2.47048629760742E-1, 3.39657554626465E-2));
#18376 = IFCFACEOUTERBOUND(#18374, .T.);
#18377 = IFCFACE((#18376));
#18378 = IFCPOLYLOOP((#18379, #18375, #18042));
#18379 = IFCCARTESIANPOINT((2.67912200927734E-1, -2.43586502075195E-1, 8.10102233886719E-2));
#18380 = IFCFACEOUTERBOUND(#18378, .T.);
#18381 = IFCFACE((#18380));
#18382 = IFCPOLYLOOP((#18368, #18375, #18379));
#18383 = IFCFACEOUTERBOUND(#18382, .T.);
#18384 = IFCFACE((#18383));
#18385 = IFCPOLYLOOP((#18229, #18379, #18042));
#18386 = IFCFACEOUTERBOUND(#18385, .T.);
#18387 = IFCFACE((#18386));
#18388 = IFCPOLYLOOP((#18234, #18229, #18046));
#18389 = IFCFACEOUTERBOUND(#18388, .T.);
#18390 = IFCFACE((#18389));
#18391 = IFCPOLYLOOP((#18379, #18229, #18234));
#18392 = IFCFACEOUTERBOUND(#18391, .T.);
#18393 = IFCFACE((#18392));
#18394 = IFCPOLYLOOP((#18395, #18238, #18248));
#18395 = IFCCARTESIANPOINT((2.68507781982422E-1, -2.2514875793457E-1, 3.54854736328125E-1));
#18396 = IFCFACEOUTERBOUND(#18394, .T.);
#18397 = IFCFACE((#18396));
#18398 = IFCPOLYLOOP((#18302, #18312, #18399));
#18399 = IFCCARTESIANPOINT((2.35229187011719E-1, -2.16260772705078E-1, 5.46463317871094E-1));
#18400 = IFCFACEOUTERBOUND(#18398, .T.);
#18401 = IFCFACE((#18400));
#18402 = IFCPOLYLOOP((#18312, #18206, #18403));
#18403 = IFCCARTESIANPOINT((2.37447021484375E-1, -2.29396331787109E-1, 2.77498016357422E-1));
#18404 = IFCFACEOUTERBOUND(#18402, .T.);
#18405 = IFCFACE((#18404));
#18406 = IFCPOLYLOOP((#18407, #18403, #18206));
#18407 = IFCCARTESIANPOINT((2.39159362792969E-1, -2.35543716430664E-1, 2.80108093261719E-1));
#18408 = IFCFACEOUTERBOUND(#18406, .T.);
#18409 = IFCFACE((#18408));
#18410 = IFCPOLYLOOP((#18206, #18325, #18407));
#18411 = IFCFACEOUTERBOUND(#18410, .T.);
#18412 = IFCFACE((#18411));
#18413 = IFCPOLYLOOP((#18414, #18248, #18258));
#18414 = IFCCARTESIANPOINT((2.67223663330078E-1, -2.20003356933594E-1, 3.13669555664063E-1));
#18415 = IFCFACEOUTERBOUND(#18413, .T.);
#18416 = IFCFACE((#18415));
#18417 = IFCPOLYLOOP((#18418, #18258, #18269));
#18418 = IFCCARTESIANPOINT((2.60603912353516E-1, -2.08926010131836E-1, 5.47989135742188E-1));
#18419 = IFCFACEOUTERBOUND(#18417, .T.);
#18420 = IFCFACE((#18419));
#18421 = IFCPOLYLOOP((#18422, #18269, #18280));
#18422 = IFCCARTESIANPOINT((2.55441207885742E-1, -2.06090026855469E-1, 5.46768859863281E-1));
#18423 = IFCFACEOUTERBOUND(#18421, .T.);
#18424 = IFCFACE((#18423));
#18425 = IFCPOLYLOOP((#18357, #18368, #18426));
#18426 = IFCCARTESIANPOINT((2.57732849121094E-1, -2.35460906982422E-1, 5.48543273925781E-1));
#18427 = IFCFACEOUTERBOUND(#18425, .T.);
#18428 = IFCFACE((#18427));
#18429 = IFCPOLYLOOP((#18426, #18368, #18379));
#18430 = IFCFACEOUTERBOUND(#18429, .T.);
#18431 = IFCFACE((#18430));
#18432 = IFCPOLYLOOP((#18346, #18357, #18433));
#18433 = IFCCARTESIANPOINT((2.51516250610352E-1, -2.37197967529297E-1, 5.4866845703125E-1));
#18434 = IFCFACEOUTERBOUND(#18432, .T.);
#18435 = IFCFACE((#18434));
#18436 = IFCPOLYLOOP((#18437, #18302, #18438));
#18437 = IFCCARTESIANPOINT((2.43066940307617E-1, -2.07030090332031E-1, 5.47909606933594E-1));
#18438 = IFCCARTESIANPOINT((2.38076431274414E-1, -2.11041595458984E-1, 5.48108215332031E-1));
#18439 = IFCFACEOUTERBOUND(#18436, .T.);
#18440 = IFCFACE((#18439));
#18441 = IFCPOLYLOOP((#18335, #18346, #18442));
#18442 = IFCCARTESIANPOINT((2.45385208129883E-1, -2.36463531494141E-1, 5.47271484375E-1));
#18443 = IFCFACEOUTERBOUND(#18441, .T.);
#18444 = IFCFACE((#18443));
#18445 = IFCPOLYLOOP((#18446, #18234, #18395));
#18446 = IFCCARTESIANPOINT((2.65601470947266E-1, -2.26301116943359E-1, 5.47253112792969E-1));
#18447 = IFCFACEOUTERBOUND(#18445, .T.);
#18448 = IFCFACE((#18447));
#18449 = IFCPOLYLOOP((#18450, #18414, #18418));
#18450 = IFCCARTESIANPOINT((2.64620239257813E-1, -2.13918685913086E-1, 5.48022521972656E-1));
#18451 = IFCFACEOUTERBOUND(#18449, .T.);
#18452 = IFCFACE((#18451));
#18453 = IFCPOLYLOOP((#18454, #18280, #18437));
#18454 = IFCCARTESIANPOINT((2.49279632568359E-1, -2.05290130615234E-1, 5.47919311523438E-1));
#18455 = IFCFACEOUTERBOUND(#18453, .T.);
#18456 = IFCFACE((#18455));
#18457 = IFCPOLYLOOP((#18399, #18403, #18458));
#18458 = IFCCARTESIANPOINT((2.34442886352539E-1, -2.22366958618164E-1, 5.48061889648438E-1));
#18459 = IFCFACEOUTERBOUND(#18457, .T.);
#18460 = IFCFACE((#18459));
#18461 = IFCPOLYLOOP((#18403, #18407, #18462));
#18462 = IFCCARTESIANPOINT((2.36182723999023E-1, -2.28580551147461E-1, 5.48103393554688E-1));
#18463 = IFCFACEOUTERBOUND(#18461, .T.);
#18464 = IFCFACE((#18463));
#18465 = IFCPOLYLOOP((#18407, #18335, #18466));
#18466 = IFCCARTESIANPOINT((2.40192825317383E-1, -2.33560821533203E-1, 5.48499694824219E-1));
#18467 = IFCFACEOUTERBOUND(#18465, .T.);
#18468 = IFCFACE((#18467));
#18469 = IFCPOLYLOOP((#18470, #18379, #18446));
#18470 = IFCCARTESIANPOINT((2.62717742919922E-1, -2.31439605712891E-1, 5.48753723144531E-1));
#18471 = IFCFACEOUTERBOUND(#18469, .T.);
#18472 = IFCFACE((#18471));
#18473 = IFCPOLYLOOP((#18474, #18395, #18450));
#18474 = IFCCARTESIANPOINT((2.66357421875E-1, -2.20125900268555E-1, 5.48183227539063E-1));
#18475 = IFCFACEOUTERBOUND(#18473, .T.);
#18476 = IFCFACE((#18475));
#18477 = IFCPOLYLOOP((#18446, #18478, #18479));
#18478 = IFCCARTESIANPOINT((2.65877044677734E-1, -2.2242463684082E-1, 5.83121337890625E-1));
#18479 = IFCCARTESIANPOINT((2.64839050292969E-1, -2.2443684387207E-1, 6.18476745605469E-1));
#18480 = IFCFACEOUTERBOUND(#18477, .T.);
#18481 = IFCFACE((#18480));
#18482 = IFCPOLYLOOP((#18474, #18478, #18446));
#18483 = IFCFACEOUTERBOUND(#18482, .T.);
#18484 = IFCFACE((#18483));
#18485 = IFCPOLYLOOP((#18450, #18486, #18474));
#18486 = IFCCARTESIANPOINT((2.65429260253906E-1, -2.16057830810547E-1, 5.8298095703125E-1));
#18487 = IFCFACEOUTERBOUND(#18485, .T.);
#18488 = IFCFACE((#18487));
#18489 = IFCPOLYLOOP((#18418, #18490, #18450));
#18490 = IFCCARTESIANPOINT((2.62456756591797E-1, -2.10285736083984E-1, 5.828310546875E-1));
#18491 = IFCFACEOUTERBOUND(#18489, .T.);
#18492 = IFCFACE((#18491));
#18493 = IFCPOLYLOOP((#18494, #18422, #18495));
#18494 = IFCCARTESIANPOINT((2.5768896484375E-1, -2.06307067871094E-1, 5.82703674316406E-1));
#18495 = IFCCARTESIANPOINT((2.54636596679688E-1, -2.04200958251953E-1, 6.18399719238281E-1));
#18496 = IFCFACEOUTERBOUND(#18493, .T.);
#18497 = IFCFACE((#18496));
#18498 = IFCPOLYLOOP((#18422, #18494, #18418));
#18499 = IFCFACEOUTERBOUND(#18498, .T.);
#18500 = IFCFACE((#18499));
#18501 = IFCPOLYLOOP((#18422, #18502, #18495));
#18502 = IFCCARTESIANPOINT((2.52098754882813E-1, -2.04484100341797E-1, 5.82615173339844E-1));
#18503 = IFCFACEOUTERBOUND(#18501, .T.);
#18504 = IFCFACE((#18503));
#18505 = IFCPOLYLOOP((#18454, #18502, #18422));
#18506 = IFCFACEOUTERBOUND(#18505, .T.);
#18507 = IFCFACE((#18506));
#18508 = IFCPOLYLOOP((#18437, #18509, #18454));
#18509 = IFCCARTESIANPOINT((2.45730529785156E-1, -2.04933166503906E-1, 5.82568542480469E-1));
#18510 = IFCFACEOUTERBOUND(#18508, .T.);
#18511 = IFCFACE((#18510));
#18512 = IFCPOLYLOOP((#18438, #18513, #18437));
#18513 = IFCCARTESIANPOINT((2.3995671081543E-1, -2.07906234741211E-1, 5.82581176757813E-1));
#18514 = IFCFACEOUTERBOUND(#18512, .T.);
#18515 = IFCFACE((#18514));
#18516 = IFCPOLYLOOP((#18517, #18399, #18518));
#18517 = IFCCARTESIANPOINT((2.35976196289063E-1, -2.12673873901367E-1, 5.82648132324219E-1));
#18518 = IFCCARTESIANPOINT((2.34402420043945E-1, -2.14398025512695E-1, 6.1840478515625E-1));
#18519 = IFCFACEOUTERBOUND(#18516, .T.);
#18520 = IFCFACE((#18519));
#18521 = IFCPOLYLOOP((#18399, #18517, #18438));
#18522 = IFCFACEOUTERBOUND(#18521, .T.);
#18523 = IFCFACE((#18522));
#18524 = IFCPOLYLOOP((#18399, #18525, #18518));
#18525 = IFCCARTESIANPOINT((2.34151657104492E-1, -2.18263275146484E-1, 5.82751770019531E-1));
#18526 = IFCFACEOUTERBOUND(#18524, .T.);
#18527 = IFCFACE((#18526));
#18528 = IFCPOLYLOOP((#18458, #18525, #18399));
#18529 = IFCFACEOUTERBOUND(#18528, .T.);
#18530 = IFCFACE((#18529));
#18531 = IFCPOLYLOOP((#18462, #18532, #18458));
#18532 = IFCCARTESIANPOINT((2.3459944152832E-1, -2.24630081176758E-1, 5.82892150878906E-1));
#18533 = IFCFACEOUTERBOUND(#18531, .T.);
#18534 = IFCFACE((#18533));
#18535 = IFCPOLYLOOP((#18466, #18536, #18462));
#18536 = IFCCARTESIANPOINT((2.3757194519043E-1, -2.3040217590332E-1, 5.83042053222656E-1));
#18537 = IFCFACEOUTERBOUND(#18535, .T.);
#18538 = IFCFACE((#18537));
#18539 = IFCPOLYLOOP((#18540, #18442, #18541));
#18540 = IFCCARTESIANPOINT((2.42339736938477E-1, -2.34380844116211E-1, 5.8316943359375E-1));
#18541 = IFCCARTESIANPOINT((2.44604827880859E-1, -2.34642791748047E-1, 6.18484680175781E-1));
#18542 = IFCFACEOUTERBOUND(#18539, .T.);
#18543 = IFCFACE((#18542));
#18544 = IFCPOLYLOOP((#18442, #18540, #18466));
#18545 = IFCFACEOUTERBOUND(#18544, .T.);
#18546 = IFCFACE((#18545));
#18547 = IFCPOLYLOOP((#18442, #18548, #18541));
#18548 = IFCCARTESIANPOINT((2.47929946899414E-1, -2.36203811645508E-1, 5.83257873535156E-1));
#18549 = IFCFACEOUTERBOUND(#18547, .T.);
#18550 = IFCFACE((#18549));
#18551 = IFCPOLYLOOP((#18433, #18548, #18442));
#18552 = IFCFACEOUTERBOUND(#18551, .T.);
#18553 = IFCFACE((#18552));
#18554 = IFCPOLYLOOP((#18426, #18555, #18433));
#18555 = IFCCARTESIANPOINT((2.5429817199707E-1, -2.35754745483398E-1, 5.83304565429688E-1));
#18556 = IFCFACEOUTERBOUND(#18554, .T.);
#18557 = IFCFACE((#18556));
#18558 = IFCPOLYLOOP((#18470, #18559, #18426));
#18559 = IFCCARTESIANPOINT((2.60071990966797E-1, -2.32781677246094E-1, 5.83291931152344E-1));
#18560 = IFCFACEOUTERBOUND(#18558, .T.);
#18561 = IFCFACE((#18560));
#18562 = IFCPOLYLOOP((#18563, #18446, #18479));
#18563 = IFCCARTESIANPOINT((2.64052520751953E-1, -2.28014038085938E-1, 5.83224914550781E-1));
#18564 = IFCFACEOUTERBOUND(#18562, .T.);
#18565 = IFCFACE((#18564));
#18566 = IFCPOLYLOOP((#18446, #18563, #18470));
#18567 = IFCFACEOUTERBOUND(#18566, .T.);
#18568 = IFCFACE((#18567));
#18569 = IFCPOLYLOOP((#18570, #18474, #18571));
#18570 = IFCCARTESIANPOINT((2.65622375488281E-1, -2.19923370361328E-1, 6.18476501464844E-1));
#18571 = IFCCARTESIANPOINT((2.65525512695313E-1, -2.17452026367188E-1, 6.1845166015625E-1));
#18572 = IFCFACEOUTERBOUND(#18569, .T.);
#18573 = IFCFACE((#18572));
#18574 = IFCPOLYLOOP((#18478, #18474, #18570));
#18575 = IFCFACEOUTERBOUND(#18574, .T.);
#18576 = IFCFACE((#18575));
#18577 = IFCPOLYLOOP((#18479, #18478, #18578));
#18578 = IFCCARTESIANPOINT((2.65382659912109E-1, -2.22315643310547E-1, 6.18475891113281E-1));
#18579 = IFCFACEOUTERBOUND(#18577, .T.);
#18580 = IFCFACE((#18579));
#18581 = IFCPOLYLOOP((#18486, #18450, #18582));
#18582 = IFCCARTESIANPOINT((2.64171203613281E-1, -2.12698989868164E-1, 6.18439147949219E-1));
#18583 = IFCFACEOUTERBOUND(#18581, .T.);
#18584 = IFCFACE((#18583));
#18585 = IFCPOLYLOOP((#18571, #18486, #18586));
#18586 = IFCCARTESIANPOINT((2.65065765380859E-1, -2.15249664306641E-1, 6.18473022460938E-1));
#18587 = IFCFACEOUTERBOUND(#18585, .T.);
#18588 = IFCFACE((#18587));
#18589 = IFCPOLYLOOP((#18474, #18486, #18571));
#18590 = IFCFACEOUTERBOUND(#18589, .T.);
#18591 = IFCFACE((#18590));
#18592 = IFCPOLYLOOP((#18490, #18418, #18593));
#18593 = IFCCARTESIANPOINT((2.60665649414063E-1, -2.07815307617188E-1, 6.18421142578125E-1));
#18594 = IFCFACEOUTERBOUND(#18592, .T.);
#18595 = IFCFACE((#18594));
#18596 = IFCPOLYLOOP((#18597, #18582, #18450));
#18597 = IFCCARTESIANPOINT((2.62561340332031E-1, -2.09969268798828E-1, 6.18421875E-1));
#18598 = IFCFACEOUTERBOUND(#18596, .T.);
#18599 = IFCFACE((#18598));
#18600 = IFCPOLYLOOP((#18450, #18490, #18597));
#18601 = IFCFACEOUTERBOUND(#18600, .T.);
#18602 = IFCFACE((#18601));
#18603 = IFCPOLYLOOP((#18494, #18495, #18604));
#18604 = IFCCARTESIANPOINT((2.56630676269531E-1, -2.05013763427734E-1, 6.18411987304688E-1));
#18605 = IFCFACEOUTERBOUND(#18603, .T.);
#18606 = IFCFACE((#18605));
#18607 = IFCPOLYLOOP((#18608, #18494, #18604));
#18608 = IFCCARTESIANPOINT((2.58778045654297E-1, -2.06285293579102E-1, 6.18419982910156E-1));
#18609 = IFCFACEOUTERBOUND(#18607, .T.);
#18610 = IFCFACE((#18609));
#18611 = IFCPOLYLOOP((#18418, #18494, #18608));
#18612 = IFCFACEOUTERBOUND(#18611, .T.);
#18613 = IFCFACE((#18612));
#18614 = IFCPOLYLOOP((#18615, #18502, #18454));
#18615 = IFCCARTESIANPOINT((2.501357421875E-1, -2.03418273925781E-1, 6.18398681640625E-1));
#18616 = IFCFACEOUTERBOUND(#18614, .T.);
#18617 = IFCFACE((#18616));
#18618 = IFCPOLYLOOP((#18454, #18619, #18615));
#18619 = IFCCARTESIANPOINT((2.47647521972656E-1, -2.03514236450195E-1, 6.183798828125E-1));
#18620 = IFCFACEOUTERBOUND(#18618, .T.);
#18621 = IFCFACE((#18620));
#18622 = IFCPOLYLOOP((#18495, #18502, #18623));
#18623 = IFCCARTESIANPOINT((2.52526123046875E-1, -2.03660415649414E-1, 6.18395568847656E-1));
#18624 = IFCFACEOUTERBOUND(#18622, .T.);
#18625 = IFCFACE((#18624));
#18626 = IFCPOLYLOOP((#18509, #18437, #18627));
#18627 = IFCCARTESIANPOINT((2.42914978027344E-1, -2.04857269287109E-1, 6.1838671875E-1));
#18628 = IFCFACEOUTERBOUND(#18626, .T.);
#18629 = IFCFACE((#18628));
#18630 = IFCPOLYLOOP((#18619, #18509, #18631));
#18631 = IFCCARTESIANPOINT((2.4548161315918E-1, -2.03961364746094E-1, 6.18409545898438E-1));
#18632 = IFCFACEOUTERBOUND(#18630, .T.);
#18633 = IFCFACE((#18632));
#18634 = IFCPOLYLOOP((#18454, #18509, #18619));
#18635 = IFCFACEOUTERBOUND(#18634, .T.);
#18636 = IFCFACE((#18635));
#18637 = IFCPOLYLOOP((#18638, #18513, #18438));
#18638 = IFCCARTESIANPOINT((2.3802734375E-1, -2.08358367919922E-1, 6.18393188476563E-1));
#18639 = IFCFACEOUTERBOUND(#18637, .T.);
#18640 = IFCFACE((#18639));
#18641 = IFCPOLYLOOP((#18513, #18638, #18642));
#18642 = IFCCARTESIANPOINT((2.40173934936523E-1, -2.06469207763672E-1, 6.18380493164063E-1));
#18643 = IFCFACEOUTERBOUND(#18641, .T.);
#18644 = IFCFACE((#18643));
#18645 = IFCPOLYLOOP((#18642, #18627, #18437));
#18646 = IFCFACEOUTERBOUND(#18645, .T.);
#18647 = IFCFACE((#18646));
#18648 = IFCPOLYLOOP((#18437, #18513, #18642));
#18649 = IFCFACEOUTERBOUND(#18648, .T.);
#18650 = IFCFACE((#18649));
#18651 = IFCPOLYLOOP((#18652, #18517, #18518));
#18652 = IFCCARTESIANPOINT((2.35224838256836E-1, -2.12382934570313E-1, 6.18405334472656E-1));
#18653 = IFCFACEOUTERBOUND(#18651, .T.);
#18654 = IFCFACE((#18653));
#18655 = IFCPOLYLOOP((#18656, #18438, #18517));
#18656 = IFCCARTESIANPOINT((2.36500946044922E-1, -2.10235488891602E-1, 6.18402160644531E-1));
#18657 = IFCFACEOUTERBOUND(#18655, .T.);
#18658 = IFCFACE((#18657));
#18659 = IFCPOLYLOOP((#18438, #18656, #18638));
#18660 = IFCFACEOUTERBOUND(#18659, .T.);
#18661 = IFCFACE((#18660));
#18662 = IFCPOLYLOOP((#18458, #18663, #18664));
#18663 = IFCCARTESIANPOINT((2.33715774536133E-1, -2.21398788452148E-1, 6.18419799804688E-1));
#18664 = IFCCARTESIANPOINT((2.3361930847168E-1, -2.1891633605957E-1, 6.18426635742188E-1));
#18665 = IFCFACEOUTERBOUND(#18662, .T.);
#18666 = IFCFACE((#18665));
#18667 = IFCPOLYLOOP((#18664, #18525, #18458));
#18668 = IFCFACEOUTERBOUND(#18667, .T.);
#18669 = IFCFACE((#18668));
#18670 = IFCPOLYLOOP((#18525, #18664, #18671));
#18671 = IFCCARTESIANPOINT((2.33860794067383E-1, -2.16513153076172E-1, 6.18411254882813E-1));
#18672 = IFCFACEOUTERBOUND(#18670, .T.);
#18673 = IFCFACE((#18672));
#18674 = IFCPOLYLOOP((#18671, #18518, #18525));
#18675 = IFCFACEOUTERBOUND(#18674, .T.);
#18676 = IFCFACE((#18675));
#18677 = IFCPOLYLOOP((#18678, #18532, #18462));
#18678 = IFCCARTESIANPOINT((2.35072616577148E-1, -2.26154449462891E-1, 6.1844482421875E-1));
#18679 = IFCFACEOUTERBOUND(#18677, .T.);
#18680 = IFCFACE((#18679));
#18681 = IFCPOLYLOOP((#18532, #18678, #18682));
#18682 = IFCCARTESIANPOINT((2.34184844970703E-1, -2.23637969970703E-1, 6.18459228515625E-1));
#18683 = IFCFACEOUTERBOUND(#18681, .T.);
#18684 = IFCFACE((#18683));
#18685 = IFCPOLYLOOP((#18663, #18458, #18532));
#18686 = IFCFACEOUTERBOUND(#18685, .T.);
#18687 = IFCFACE((#18686));
#18688 = IFCPOLYLOOP((#18689, #18536, #18466));
#18689 = IFCCARTESIANPOINT((2.38580322265625E-1, -2.3103271484375E-1, 6.18465637207031E-1));
#18690 = IFCFACEOUTERBOUND(#18688, .T.);
#18691 = IFCFACE((#18690));
#18692 = IFCPOLYLOOP((#18536, #18689, #18693));
#18693 = IFCCARTESIANPOINT((2.36676574707031E-1, -2.2887239074707E-1, 6.18447509765625E-1));
#18694 = IFCFACEOUTERBOUND(#18692, .T.);
#18695 = IFCFACE((#18694));
#18696 = IFCPOLYLOOP((#18693, #18462, #18536));
#18697 = IFCFACEOUTERBOUND(#18696, .T.);
#18698 = IFCFACE((#18697));
#18699 = IFCPOLYLOOP((#18462, #18693, #18678));
#18700 = IFCFACEOUTERBOUND(#18699, .T.);
#18701 = IFCFACE((#18700));
#18702 = IFCPOLYLOOP((#18703, #18540, #18541));
#18703 = IFCCARTESIANPOINT((2.42594360351563E-1, -2.33822814941406E-1, 6.18484252929688E-1));
#18704 = IFCFACEOUTERBOUND(#18702, .T.);
#18705 = IFCFACE((#18704));
#18706 = IFCPOLYLOOP((#18707, #18466, #18540));
#18707 = IFCCARTESIANPOINT((2.40457382202148E-1, -2.32553451538086E-1, 6.18479614257813E-1));
#18708 = IFCFACEOUTERBOUND(#18706, .T.);
#18709 = IFCFACE((#18708));
#18710 = IFCPOLYLOOP((#18466, #18707, #18689));
#18711 = IFCFACEOUTERBOUND(#18710, .T.);
#18712 = IFCFACE((#18711));
#18713 = IFCPOLYLOOP((#18714, #18548, #18433));
#18714 = IFCCARTESIANPOINT((2.49135131835938E-1, -2.35425979614258E-1, 6.18502258300781E-1));
#18715 = IFCFACEOUTERBOUND(#18713, .T.);
#18716 = IFCFACE((#18715));
#18717 = IFCPOLYLOOP((#18548, #18714, #18718));
#18718 = IFCCARTESIANPOINT((2.46725646972656E-1, -2.35185394287109E-1, 6.18490417480469E-1));
#18719 = IFCFACEOUTERBOUND(#18717, .T.);
#18720 = IFCFACE((#18719));
#18721 = IFCPOLYLOOP((#18718, #18541, #18548));
#18722 = IFCFACEOUTERBOUND(#18721, .T.);
#18723 = IFCFACE((#18722));
#18724 = IFCPOLYLOOP((#18555, #18725, #18726));
#18725 = IFCCARTESIANPOINT((2.56370574951172E-1, -2.33965072631836E-1, 6.18496704101563E-1));
#18726 = IFCCARTESIANPOINT((2.53876403808594E-1, -2.34849746704102E-1, 6.18523681640625E-1));
#18727 = IFCFACEOUTERBOUND(#18724, .T.);
#18728 = IFCFACE((#18727));
#18729 = IFCPOLYLOOP((#18426, #18725, #18555));
#18730 = IFCFACEOUTERBOUND(#18729, .T.);
#18731 = IFCFACE((#18730));
#18732 = IFCPOLYLOOP((#18733, #18555, #18726));
#18733 = IFCCARTESIANPOINT((2.51604019165039E-1, -2.35329772949219E-1, 6.184912109375E-1));
#18734 = IFCFACEOUTERBOUND(#18732, .T.);
#18735 = IFCFACE((#18734));
#18736 = IFCPOLYLOOP((#18555, #18733, #18433));
#18737 = IFCFACEOUTERBOUND(#18736, .T.);
#18738 = IFCFACE((#18737));
#18739 = IFCPOLYLOOP((#18559, #18740, #18741));
#18740 = IFCCARTESIANPOINT((2.61242889404297E-1, -2.30454559326172E-1, 6.18494750976563E-1));
#18741 = IFCCARTESIANPOINT((2.59076751708984E-1, -2.32364227294922E-1, 6.18488525390625E-1));
#18742 = IFCFACEOUTERBOUND(#18739, .T.);
#18743 = IFCFACE((#18742));
#18744 = IFCPOLYLOOP((#18470, #18740, #18559));
#18745 = IFCFACEOUTERBOUND(#18744, .T.);
#18746 = IFCFACE((#18745));
#18747 = IFCPOLYLOOP((#18741, #18725, #18426));
#18748 = IFCFACEOUTERBOUND(#18747, .T.);
#18749 = IFCFACE((#18748));
#18750 = IFCPOLYLOOP((#18426, #18559, #18741));
#18751 = IFCFACEOUTERBOUND(#18750, .T.);
#18752 = IFCFACE((#18751));
#18753 = IFCPOLYLOOP((#18563, #18479, #18754));
#18754 = IFCCARTESIANPOINT((2.64027557373047E-1, -2.26436126708984E-1, 6.18491333007813E-1));
#18755 = IFCFACEOUTERBOUND(#18753, .T.);
#18756 = IFCFACE((#18755));
#18757 = IFCPOLYLOOP((#18758, #18563, #18754));
#18758 = IFCCARTESIANPOINT((2.62767944335938E-1, -2.28566482543945E-1, 6.184990234375E-1));
#18759 = IFCFACEOUTERBOUND(#18757, .T.);
#18760 = IFCFACE((#18759));
#18761 = IFCPOLYLOOP((#18470, #18563, #18758));
#18762 = IFCFACEOUTERBOUND(#18761, .T.);
#18763 = IFCFACE((#18762));
#18764 = IFCPOLYLOOP((#18194, #18060, #18070));
#18765 = IFCFACEOUTERBOUND(#18764, .T.);
#18766 = IFCFACE((#18765));
#18767 = IFCPOLYLOOP((#18064, #18276, #18065));
#18768 = IFCFACEOUTERBOUND(#18767, .T.);
#18769 = IFCFACE((#18768));
#18770 = IFCPOLYLOOP((#18059, #18058, #18202));
#18771 = IFCFACEOUTERBOUND(#18770, .T.);
#18772 = IFCFACE((#18771));
#18773 = IFCPOLYLOOP((#18353, #18079, #18104));
#18774 = IFCFACEOUTERBOUND(#18773, .T.);
#18775 = IFCFACE((#18774));
#18776 = IFCPOLYLOOP((#18364, #18104, #18078));
#18777 = IFCFACEOUTERBOUND(#18776, .T.);
#18778 = IFCFACE((#18777));
#18779 = IFCPOLYLOOP((#18040, #18079, #18342));
#18780 = IFCFACEOUTERBOUND(#18779, .T.);
#18781 = IFCFACE((#18780));
#18782 = IFCPOLYLOOP((#18046, #18230, #18042));
#18783 = IFCFACEOUTERBOUND(#18782, .T.);
#18784 = IFCFACE((#18783));
#18785 = IFCPOLYLOOP((#18040, #18224, #18041));
#18786 = IFCFACEOUTERBOUND(#18785, .T.);
#18787 = IFCFACE((#18786));
#18788 = IFCPOLYLOOP((#18287, #18064, #18066));
#18789 = IFCFACEOUTERBOUND(#18788, .T.);
#18790 = IFCFACE((#18789));
#18791 = IFCPOLYLOOP((#18168, #18169, #18754));
#18792 = IFCFACEOUTERBOUND(#18791, .T.);
#18793 = IFCFACE((#18792));
#18794 = IFCPOLYLOOP((#18169, #18163, #18740));
#18795 = IFCFACEOUTERBOUND(#18794, .T.);
#18796 = IFCFACE((#18795));
#18797 = IFCPOLYLOOP((#18168, #18754, #18479));
#18798 = IFCFACEOUTERBOUND(#18797, .T.);
#18799 = IFCFACE((#18798));
#18800 = IFCPOLYLOOP((#18169, #18740, #18758));
#18801 = IFCFACEOUTERBOUND(#18800, .T.);
#18802 = IFCFACE((#18801));
#18803 = IFCPOLYLOOP((#18163, #18164, #18725));
#18804 = IFCFACEOUTERBOUND(#18803, .T.);
#18805 = IFCFACE((#18804));
#18806 = IFCPOLYLOOP((#18135, #18134, #18718));
#18807 = IFCFACEOUTERBOUND(#18806, .T.);
#18808 = IFCFACE((#18807));
#18809 = IFCPOLYLOOP((#18164, #18135, #18733));
#18810 = IFCFACEOUTERBOUND(#18809, .T.);
#18811 = IFCFACE((#18810));
#18812 = IFCPOLYLOOP((#18125, #18130, #18689));
#18813 = IFCFACEOUTERBOUND(#18812, .T.);
#18814 = IFCFACE((#18813));
#18815 = IFCPOLYLOOP((#18129, #18110, #18663));
#18816 = IFCFACEOUTERBOUND(#18815, .T.);
#18817 = IFCFACE((#18816));
#18818 = IFCPOLYLOOP((#18130, #18129, #18678));
#18819 = IFCFACEOUTERBOUND(#18818, .T.);
#18820 = IFCFACE((#18819));
#18821 = IFCPOLYLOOP((#18134, #18125, #18703));
#18822 = IFCFACEOUTERBOUND(#18821, .T.);
#18823 = IFCFACE((#18822));
#18824 = IFCPOLYLOOP((#18110, #18109, #18671));
#18825 = IFCFACEOUTERBOUND(#18824, .T.);
#18826 = IFCFACE((#18825));
#18827 = IFCPOLYLOOP((#18726, #18725, #18164));
#18828 = IFCFACEOUTERBOUND(#18827, .T.);
#18829 = IFCFACE((#18828));
#18830 = IFCPOLYLOOP((#18134, #18703, #18541));
#18831 = IFCFACEOUTERBOUND(#18830, .T.);
#18832 = IFCFACE((#18831));
#18833 = IFCPOLYLOOP((#18541, #18718, #18134));
#18834 = IFCFACEOUTERBOUND(#18833, .T.);
#18835 = IFCFACE((#18834));
#18836 = IFCPOLYLOOP((#18714, #18733, #18135));
#18837 = IFCFACEOUTERBOUND(#18836, .T.);
#18838 = IFCFACE((#18837));
#18839 = IFCPOLYLOOP((#18125, #18689, #18707));
#18840 = IFCFACEOUTERBOUND(#18839, .T.);
#18841 = IFCFACE((#18840));
#18842 = IFCPOLYLOOP((#18664, #18663, #18110));
#18843 = IFCFACEOUTERBOUND(#18842, .T.);
#18844 = IFCFACE((#18843));
#18845 = IFCPOLYLOOP((#18682, #18678, #18129));
#18846 = IFCFACEOUTERBOUND(#18845, .T.);
#18847 = IFCFACE((#18846));
#18848 = IFCPOLYLOOP((#18671, #18109, #18518));
#18849 = IFCFACEOUTERBOUND(#18848, .T.);
#18850 = IFCFACE((#18849));
#18851 = IFCPOLYLOOP((#18652, #18518, #18109));
#18852 = IFCFACEOUTERBOUND(#18851, .T.);
#18853 = IFCFACE((#18852));
#18854 = IFCPOLYLOOP((#18109, #18108, #18652));
#18855 = IFCFACEOUTERBOUND(#18854, .T.);
#18856 = IFCFACE((#18855));
#18857 = IFCPOLYLOOP((#18108, #18115, #18638));
#18858 = IFCFACEOUTERBOUND(#18857, .T.);
#18859 = IFCFACE((#18858));
#18860 = IFCPOLYLOOP((#18638, #18656, #18108));
#18861 = IFCFACEOUTERBOUND(#18860, .T.);
#18862 = IFCFACE((#18861));
#18863 = IFCPOLYLOOP((#18627, #18642, #18115));
#18864 = IFCFACEOUTERBOUND(#18863, .T.);
#18865 = IFCFACE((#18864));
#18866 = IFCPOLYLOOP((#18114, #18627, #18115));
#18867 = IFCFACEOUTERBOUND(#18866, .T.);
#18868 = IFCFACE((#18867));
#18869 = IFCPOLYLOOP((#18119, #18149, #18623));
#18870 = IFCFACEOUTERBOUND(#18869, .T.);
#18871 = IFCFACE((#18870));
#18872 = IFCPOLYLOOP((#18114, #18119, #18619));
#18873 = IFCFACEOUTERBOUND(#18872, .T.);
#18874 = IFCFACE((#18873));
#18875 = IFCPOLYLOOP((#18148, #18153, #18593));
#18876 = IFCFACEOUTERBOUND(#18875, .T.);
#18877 = IFCFACE((#18876));
#18878 = IFCPOLYLOOP((#18124, #18123, #18571));
#18879 = IFCFACEOUTERBOUND(#18878, .T.);
#18880 = IFCFACE((#18879));
#18881 = IFCPOLYLOOP((#18153, #18124, #18582));
#18882 = IFCFACEOUTERBOUND(#18881, .T.);
#18883 = IFCFACE((#18882));
#18884 = IFCPOLYLOOP((#18149, #18148, #18604));
#18885 = IFCFACEOUTERBOUND(#18884, .T.);
#18886 = IFCFACE((#18885));
#18887 = IFCPOLYLOOP((#18123, #18168, #18578));
#18888 = IFCFACEOUTERBOUND(#18887, .T.);
#18889 = IFCFACE((#18888));
#18890 = IFCPOLYLOOP((#18114, #18631, #18627));
#18891 = IFCFACEOUTERBOUND(#18890, .T.);
#18892 = IFCFACE((#18891));
#18893 = IFCPOLYLOOP((#18119, #18615, #18619));
#18894 = IFCFACEOUTERBOUND(#18893, .T.);
#18895 = IFCFACE((#18894));
#18896 = IFCPOLYLOOP((#18149, #18495, #18623));
#18897 = IFCFACEOUTERBOUND(#18896, .T.);
#18898 = IFCFACE((#18897));
#18899 = IFCPOLYLOOP((#18604, #18495, #18149));
#18900 = IFCFACEOUTERBOUND(#18899, .T.);
#18901 = IFCFACE((#18900));
#18902 = IFCPOLYLOOP((#18124, #18586, #18582));
#18903 = IFCFACEOUTERBOUND(#18902, .T.);
#18904 = IFCFACE((#18903));
#18905 = IFCPOLYLOOP((#18123, #18570, #18571));
#18906 = IFCFACEOUTERBOUND(#18905, .T.);
#18907 = IFCFACE((#18906));
#18908 = IFCPOLYLOOP((#18168, #18479, #18578));
#18909 = IFCFACEOUTERBOUND(#18908, .T.);
#18910 = IFCFACE((#18909));
#18911 = IFCPOLYLOOP((#18593, #18608, #18148));
#18912 = IFCFACEOUTERBOUND(#18911, .T.);
#18913 = IFCFACE((#18912));
#18914 = IFCPOLYLOOP((#18201, #18059, #18202));
#18915 = IFCFACEOUTERBOUND(#18914, .T.);
#18916 = IFCFACE((#18915));
#18917 = IFCPOLYLOOP((#18169, #18758, #18754));
#18918 = IFCFACEOUTERBOUND(#18917, .T.);
#18919 = IFCFACE((#18918));
#18920 = IFCPOLYLOOP((#18163, #18741, #18740));
#18921 = IFCFACEOUTERBOUND(#18920, .T.);
#18922 = IFCFACE((#18921));
#18923 = IFCPOLYLOOP((#18163, #18725, #18741));
#18924 = IFCFACEOUTERBOUND(#18923, .T.);
#18925 = IFCFACE((#18924));
#18926 = IFCPOLYLOOP((#18135, #18718, #18714));
#18927 = IFCFACEOUTERBOUND(#18926, .T.);
#18928 = IFCFACE((#18927));
#18929 = IFCPOLYLOOP((#18164, #18733, #18726));
#18930 = IFCFACEOUTERBOUND(#18929, .T.);
#18931 = IFCFACE((#18930));
#18932 = IFCPOLYLOOP((#18130, #18693, #18689));
#18933 = IFCFACEOUTERBOUND(#18932, .T.);
#18934 = IFCFACE((#18933));
#18935 = IFCPOLYLOOP((#18129, #18663, #18682));
#18936 = IFCFACEOUTERBOUND(#18935, .T.);
#18937 = IFCFACE((#18936));
#18938 = IFCPOLYLOOP((#18130, #18678, #18693));
#18939 = IFCFACEOUTERBOUND(#18938, .T.);
#18940 = IFCFACE((#18939));
#18941 = IFCPOLYLOOP((#18125, #18707, #18703));
#18942 = IFCFACEOUTERBOUND(#18941, .T.);
#18943 = IFCFACE((#18942));
#18944 = IFCPOLYLOOP((#18110, #18671, #18664));
#18945 = IFCFACEOUTERBOUND(#18944, .T.);
#18946 = IFCFACE((#18945));
#18947 = IFCPOLYLOOP((#18108, #18656, #18652));
#18948 = IFCFACEOUTERBOUND(#18947, .T.);
#18949 = IFCFACE((#18948));
#18950 = IFCPOLYLOOP((#18115, #18642, #18638));
#18951 = IFCFACEOUTERBOUND(#18950, .T.);
#18952 = IFCFACE((#18951));
#18953 = IFCPOLYLOOP((#18119, #18623, #18615));
#18954 = IFCFACEOUTERBOUND(#18953, .T.);
#18955 = IFCFACE((#18954));
#18956 = IFCPOLYLOOP((#18114, #18619, #18631));
#18957 = IFCFACEOUTERBOUND(#18956, .T.);
#18958 = IFCFACE((#18957));
#18959 = IFCPOLYLOOP((#18153, #18597, #18593));
#18960 = IFCFACEOUTERBOUND(#18959, .T.);
#18961 = IFCFACE((#18960));
#18962 = IFCPOLYLOOP((#18124, #18571, #18586));
#18963 = IFCFACEOUTERBOUND(#18962, .T.);
#18964 = IFCFACE((#18963));
#18965 = IFCPOLYLOOP((#18153, #18582, #18597));
#18966 = IFCFACEOUTERBOUND(#18965, .T.);
#18967 = IFCFACE((#18966));
#18968 = IFCPOLYLOOP((#18148, #18608, #18604));
#18969 = IFCFACEOUTERBOUND(#18968, .T.);
#18970 = IFCFACE((#18969));
#18971 = IFCPOLYLOOP((#18123, #18578, #18570));
#18972 = IFCFACEOUTERBOUND(#18971, .T.);
#18973 = IFCFACE((#18972));
#18974 = IFCPOLYLOOP((#18182, #18046, #18036));
#18975 = IFCFACEOUTERBOUND(#18974, .T.);
#18976 = IFCFACE((#18975));
#18977 = IFCPOLYLOOP((#18041, #18217, #18034));
#18978 = IFCFACEOUTERBOUND(#18977, .T.);
#18979 = IFCFACE((#18978));
#18980 = IFCPOLYLOOP((#18224, #18040, #18225));
#18981 = IFCFACEOUTERBOUND(#18980, .T.);
#18982 = IFCFACE((#18981));
#18983 = IFCPOLYLOOP((#18042, #18230, #18229));
#18984 = IFCFACEOUTERBOUND(#18983, .T.);
#18985 = IFCFACE((#18984));
#18986 = IFCPOLYLOOP((#18234, #18238, #18395));
#18987 = IFCFACEOUTERBOUND(#18986, .T.);
#18988 = IFCFACE((#18987));
#18989 = IFCPOLYLOOP((#18280, #18291, #18437));
#18990 = IFCFACEOUTERBOUND(#18989, .T.);
#18991 = IFCFACE((#18990));
#18992 = IFCPOLYLOOP((#18291, #18302, #18437));
#18993 = IFCFACEOUTERBOUND(#18992, .T.);
#18994 = IFCFACE((#18993));
#18995 = IFCPOLYLOOP((#18312, #18403, #18399));
#18996 = IFCFACEOUTERBOUND(#18995, .T.);
#18997 = IFCFACE((#18996));
#18998 = IFCPOLYLOOP((#18325, #18335, #18407));
#18999 = IFCFACEOUTERBOUND(#18998, .T.);
#19000 = IFCFACE((#18999));
#19001 = IFCPOLYLOOP((#18395, #18248, #18414));
#19002 = IFCFACEOUTERBOUND(#19001, .T.);
#19003 = IFCFACE((#19002));
#19004 = IFCPOLYLOOP((#18414, #18258, #18418));
#19005 = IFCFACEOUTERBOUND(#19004, .T.);
#19006 = IFCFACE((#19005));
#19007 = IFCPOLYLOOP((#18418, #18269, #18422));
#19008 = IFCFACEOUTERBOUND(#19007, .T.);
#19009 = IFCFACE((#19008));
#19010 = IFCPOLYLOOP((#18357, #18426, #18433));
#19011 = IFCFACEOUTERBOUND(#19010, .T.);
#19012 = IFCFACE((#19011));
#19013 = IFCPOLYLOOP((#18302, #18399, #18438));
#19014 = IFCFACEOUTERBOUND(#19013, .T.);
#19015 = IFCFACE((#19014));
#19016 = IFCPOLYLOOP((#18346, #18433, #18442));
#19017 = IFCFACEOUTERBOUND(#19016, .T.);
#19018 = IFCFACE((#19017));
#19019 = IFCPOLYLOOP((#18379, #18234, #18446));
#19020 = IFCFACEOUTERBOUND(#19019, .T.);
#19021 = IFCFACE((#19020));
#19022 = IFCPOLYLOOP((#18395, #18414, #18450));
#19023 = IFCFACEOUTERBOUND(#19022, .T.);
#19024 = IFCFACE((#19023));
#19025 = IFCPOLYLOOP((#18422, #18280, #18454));
#19026 = IFCFACEOUTERBOUND(#19025, .T.);
#19027 = IFCFACE((#19026));
#19028 = IFCPOLYLOOP((#18403, #18462, #18458));
#19029 = IFCFACEOUTERBOUND(#19028, .T.);
#19030 = IFCFACE((#19029));
#19031 = IFCPOLYLOOP((#18407, #18466, #18462));
#19032 = IFCFACEOUTERBOUND(#19031, .T.);
#19033 = IFCFACE((#19032));
#19034 = IFCPOLYLOOP((#18335, #18442, #18466));
#19035 = IFCFACEOUTERBOUND(#19034, .T.);
#19036 = IFCFACE((#19035));
#19037 = IFCPOLYLOOP((#18426, #18379, #18470));
#19038 = IFCFACEOUTERBOUND(#19037, .T.);
#19039 = IFCFACE((#19038));
#19040 = IFCPOLYLOOP((#18446, #18395, #18474));
#19041 = IFCFACEOUTERBOUND(#19040, .T.);
#19042 = IFCFACE((#19041));
#19043 = IFCPOLYLOOP((#18478, #18570, #18578));
#19044 = IFCFACEOUTERBOUND(#19043, .T.);
#19045 = IFCFACE((#19044));
#19046 = IFCPOLYLOOP((#18486, #18582, #18586));
#19047 = IFCFACEOUTERBOUND(#19046, .T.);
#19048 = IFCFACE((#19047));
#19049 = IFCPOLYLOOP((#18490, #18593, #18597));
#19050 = IFCFACEOUTERBOUND(#19049, .T.);
#19051 = IFCFACE((#19050));
#19052 = IFCPOLYLOOP((#18418, #18608, #18593));
#19053 = IFCFACEOUTERBOUND(#19052, .T.);
#19054 = IFCFACE((#19053));
#19055 = IFCPOLYLOOP((#18502, #18615, #18623));
#19056 = IFCFACEOUTERBOUND(#19055, .T.);
#19057 = IFCFACE((#19056));
#19058 = IFCPOLYLOOP((#18509, #18627, #18631));
#19059 = IFCFACEOUTERBOUND(#19058, .T.);
#19060 = IFCFACE((#19059));
#19061 = IFCPOLYLOOP((#18656, #18517, #18652));
#19062 = IFCFACEOUTERBOUND(#19061, .T.);
#19063 = IFCFACE((#19062));
#19064 = IFCPOLYLOOP((#18663, #18532, #18682));
#19065 = IFCFACEOUTERBOUND(#19064, .T.);
#19066 = IFCFACE((#19065));
#19067 = IFCPOLYLOOP((#18707, #18540, #18703));
#19068 = IFCFACEOUTERBOUND(#19067, .T.);
#19069 = IFCFACE((#19068));
#19070 = IFCPOLYLOOP((#18714, #18433, #18733));
#19071 = IFCFACEOUTERBOUND(#19070, .T.);
#19072 = IFCFACE((#19071));
#19073 = IFCPOLYLOOP((#18470, #18758, #18740));
#19074 = IFCFACEOUTERBOUND(#19073, .T.);
#19075 = IFCFACE((#19074));
#19076 = IFCPOLYLOOP((#18265, #18070, #18065));
#19077 = IFCFACEOUTERBOUND(#19076, .T.);
#19078 = IFCFACE((#19077));
#19079 = IFCPOLYLOOP((#18298, #18066, #18059));
#19080 = IFCFACEOUTERBOUND(#19079, .T.);
#19081 = IFCFACE((#19080));
#19082 = IFCPOLYLOOP((#18375, #18078, #18042));
#19083 = IFCFACEOUTERBOUND(#19082, .T.);
#19084 = IFCFACE((#19083));
#19085 = IFCFACETEDBREP(#18032);
#19086 = IFCSURFACESTYLERENDERING(#19087, 0., #19088, $, $, #19089, #19090, $, .NOTDEFINED.);
#19087 = IFCCOLOURRGB('Surface color', 5.41176497936249E-1, 3.4901961684227E-1, 2.50980406999588E-1);
#19088 = IFCCOLOURRGB('Diffuse color', 5.41176497936249E-1, 3.4901961684227E-1, 2.50980406999588E-1);
#19089 = IFCCOLOURRGB('Reflection color', 1., 1., 1.);
#19090 = IFCCOLOURRGB('Specular color', 1., 1., 1.);
#19091 = IFCSURFACESTYLE('3acb42c0_d3bc_49d4_a7ed_98ea0419b48c', .BOTH., (#19086));
#19092 = IFCPRESENTATIONSTYLEASSIGNMENT((#19091));
#19093 = IFCSTYLEDITEM(#19085, (#19092), $);
#19094 = IFCSTYLEDREPRESENTATION(#103, 'Body', $, (#19093));
#19095 = IFCRELCONTAINEDINSPATIALSTRUCTURE('3pp9qax1vDfghU1Lq_qars', #2, $, $, (#37), #28);
ENDSEC;
END-ISO-10303-21;
