ISO-10303-21;
HEADER;
FILE_DESCRIPTION((''),'2;1');
FILE_NAME('model.ifc','2026-09-01T23:24:36',('Skanna'),('Skanna'),'skanna-web bim 0.1','skanna-web bim 0.1','');
FILE_SCHEMA(('IFC4'));
ENDSEC;
DATA;
#1=IFCPERSON($,$,'Skanna',$,$,$,$,$);
#2=IFCORGANIZATION($,'Skanna',$,$,$);
#3=IFCPERSONANDORGANIZATION(#1,#2,$);
#4=IFCAPPLICATION(#2,'0.1','Skanna Web BIM Author','skanna-web');
#5=IFCOWNERHISTORY(#3,#4,$,.ADDED.,$,$,$,1788305076);
#6=IFCSIUNIT(*,.LENGTHUNIT.,$,.METRE.);
#7=IFCSIUNIT(*,.AREAUNIT.,$,.SQUARE_METRE.);
#8=IFCSIUNIT(*,.VOLUMEUNIT.,$,.CUBIC_METRE.);
#9=IFCUNITASSIGNMENT((#6,#7,#8));
#10=IFCCARTESIANPOINT((0.,0.,0.));
#11=IFCAXIS2PLACEMENT3D(#10,$,$);
#12=IFCGEOMETRICREPRESENTATIONCONTEXT($,'Model',3,1.E-05,#11,$);
#13=IFCPROJECT('1Z8CoBXqjvmODg69IZCl4a',#5,'1A - Falcon Hill','Authored in Skanna Web',$,$,$,(#12),#9);
#14=IFCCARTESIANPOINT((0.,0.,0.));
#15=IFCAXIS2PLACEMENT3D(#14,$,$);
#16=IFCLOCALPLACEMENT($,#15);
#17=IFCSITE('1dd2CKbSLWKxSycJFwAbx1',#5,'Site',$,$,#16,$,$,.ELEMENT.,$,$,$,$,$);
#18=IFCCARTESIANPOINT((0.,0.,0.));
#19=IFCAXIS2PLACEMENT3D(#18,$,$);
#20=IFCLOCALPLACEMENT(#16,#19);
#21=IFCBUILDING('3XU$xobWMW7NY781pY_KFC',#5,'Building',$,$,#20,$,$,.ELEMENT.,$,$,$);
#22=IFCRELAGGREGATES('0bdZswNXCSYUfBkmbtJ9X3',#5,$,$,#13,(#17));
#23=IFCRELAGGREGATES('3cW5m5UkKF0f6U0HkAWogH',#5,$,$,#17,(#21));
#24=IFCCARTESIANPOINT((0.,0.,0.));
#25=IFCAXIS2PLACEMENT3D(#24,$,$);
#26=IFCLOCALPLACEMENT(#20,#25);
#27=IFCBUILDINGSTOREY('1o2NFGGr$0yWsqCZGhnbGF',#5,'Ground floor',$,$,#26,$,$,.ELEMENT.,0.);
#28=IFCCARTESIANPOINT((0.076,0.11,0.));
#29=IFCDIRECTION((0.,0.,1.));
#30=IFCDIRECTION((0.,1.,0.));
#31=IFCAXIS2PLACEMENT3D(#28,#29,#30);
#32=IFCLOCALPLACEMENT(#26,#31);
#33=IFCCARTESIANPOINT((9.745,0.));
#34=IFCAXIS2PLACEMENT2D(#33,$);
#35=IFCRECTANGLEPROFILEDEF(.AREA.,$,#34,19.49,0.15);
#36=IFCCARTESIANPOINT((0.,0.,0.));
#37=IFCAXIS2PLACEMENT3D(#36,$,$);
#38=IFCDIRECTION((0.,0.,1.));
#39=IFCEXTRUDEDAREASOLID(#35,#37,#38,2.7);
#40=IFCSHAPEREPRESENTATION(#12,'Body','SweptSolid',(#39));
#41=IFCPRODUCTDEFINITIONSHAPE($,$,(#40));
#42=IFCWALL('1ESwXU2Is5OE8y4NOxDlsU',#5,'Wall 1',$,$,#32,#41,$,.STANDARD.);
#43=IFCCARTESIANPOINT((0.005,19.527,0.));
#44=IFCDIRECTION((0.,0.,1.));
#45=IFCDIRECTION((1.,0.,0.));
#46=IFCAXIS2PLACEMENT3D(#43,#44,#45);
#47=IFCLOCALPLACEMENT(#26,#46);
#48=IFCCARTESIANPOINT((5.2325,0.));
#49=IFCAXIS2PLACEMENT2D(#48,$);
#50=IFCRECTANGLEPROFILEDEF(.AREA.,$,#49,10.465,0.15);
#51=IFCCARTESIANPOINT((0.,0.,0.));
#52=IFCAXIS2PLACEMENT3D(#51,$,$);
#53=IFCDIRECTION((0.,0.,1.));
#54=IFCEXTRUDEDAREASOLID(#50,#52,#53,2.7);
#55=IFCSHAPEREPRESENTATION(#12,'Body','SweptSolid',(#54));
#56=IFCPRODUCTDEFINITIONSHAPE($,$,(#55));
#57=IFCWALL('1C5xDX6f5SgkMQJWWSSwKI',#5,'Wall 2',$,$,#47,#56,$,.STANDARD.);
#58=IFCCARTESIANPOINT((5.1755,19.527,0.));
#59=IFCDIRECTION((0.,0.,1.));
#60=IFCDIRECTION((1.,0.,0.));
#61=IFCAXIS2PLACEMENT3D(#58,#59,#60);
#62=IFCLOCALPLACEMENT(#26,#61);
#63=IFCCARTESIANPOINT((0.4675,0.));
#64=IFCAXIS2PLACEMENT2D(#63,$);
#65=IFCRECTANGLEPROFILEDEF(.AREA.,$,#64,0.935,0.21);
#66=IFCCARTESIANPOINT((0.,0.,0.));
#67=IFCAXIS2PLACEMENT3D(#66,$,$);
#68=IFCDIRECTION((0.,0.,1.));
#69=IFCEXTRUDEDAREASOLID(#65,#67,#68,2.2);
#70=IFCSHAPEREPRESENTATION(#12,'Body','SweptSolid',(#69));
#71=IFCPRODUCTDEFINITIONSHAPE($,$,(#70));
#72=IFCOPENINGELEMENT('0WZf5P$Yu$iu$6Rg6ocGEF',#5,'Opening (door)',$,$,#62,#71,$,.OPENING.);
#73=IFCRELVOIDSELEMENT('1LUrnGbGu9uOodvOsiwMZB',#5,$,$,#57,#72);
#74=IFCCARTESIANPOINT((5.1755,19.527,0.));
#75=IFCDIRECTION((0.,0.,1.));
#76=IFCDIRECTION((1.,0.,0.));
#77=IFCAXIS2PLACEMENT3D(#74,#75,#76);
#78=IFCLOCALPLACEMENT(#26,#77);
#79=IFCCARTESIANPOINT((0.0275,0.));
#80=IFCAXIS2PLACEMENT2D(#79,$);
#81=IFCRECTANGLEPROFILEDEF(.AREA.,$,#80,0.055,0.08);
#82=IFCCARTESIANPOINT((0.,0.,0.));
#83=IFCAXIS2PLACEMENT3D(#82,$,$);
#84=IFCDIRECTION((0.,0.,1.));
#85=IFCEXTRUDEDAREASOLID(#81,#83,#84,2.2);
#86=IFCCARTESIANPOINT((0.9075,0.));
#87=IFCAXIS2PLACEMENT2D(#86,$);
#88=IFCRECTANGLEPROFILEDEF(.AREA.,$,#87,0.055,0.08);
#89=IFCCARTESIANPOINT((0.,0.,0.));
#90=IFCAXIS2PLACEMENT3D(#89,$,$);
#91=IFCDIRECTION((0.,0.,1.));
#92=IFCEXTRUDEDAREASOLID(#88,#90,#91,2.2);
#93=IFCCARTESIANPOINT((0.4675,0.));
#94=IFCAXIS2PLACEMENT2D(#93,$);
#95=IFCRECTANGLEPROFILEDEF(.AREA.,$,#94,0.825,0.08);
#96=IFCCARTESIANPOINT((0.,0.,2.145));
#97=IFCAXIS2PLACEMENT3D(#96,$,$);
#98=IFCDIRECTION((0.,0.,1.));
#99=IFCEXTRUDEDAREASOLID(#95,#97,#98,0.055);
#100=IFCCARTESIANPOINT((0.4675,0.));
#101=IFCAXIS2PLACEMENT2D(#100,$);
#102=IFCRECTANGLEPROFILEDEF(.AREA.,$,#101,0.825,0.06);
#103=IFCCARTESIANPOINT((0.,0.,0.));
#104=IFCAXIS2PLACEMENT3D(#103,$,$);
#105=IFCDIRECTION((0.,0.,1.));
#106=IFCEXTRUDEDAREASOLID(#102,#104,#105,2.145);
#107=IFCCOLOURRGB($,0.956863,0.94902,0.933333);
#108=IFCSURFACESTYLESHADING(#107,0.);
#109=IFCSURFACESTYLE('Frame',.BOTH.,(#108));
#110=IFCSTYLEDITEM(#85,(#109),$);
#111=IFCSTYLEDITEM(#92,(#109),$);
#112=IFCSTYLEDITEM(#99,(#109),$);
#113=IFCCOLOURRGB($,1.,1.,1.);
#114=IFCSURFACESTYLESHADING(#113,0.);
#115=IFCSURFACESTYLE('Door leaf',.BOTH.,(#114));
#116=IFCSTYLEDITEM(#106,(#115),$);
#117=IFCSHAPEREPRESENTATION(#12,'Body','SweptSolid',(#85,#92,#99,#106));
#118=IFCPRODUCTDEFINITIONSHAPE($,$,(#117));
#119=IFCDOOR('0MUr6_8LxCrmZTKlZktPzS',#5,'Door 1',$,$,#78,#118,$,2.2,0.935,.DOOR.,.SINGLE_SWING_LEFT.,$);
#120=IFCRELFILLSELEMENT('0QadDSbuWRS_Wc_6mhWqKw',#5,$,$,#72,#119);
#121=IFCCARTESIANPOINT((2.04,19.527,0.9));
#122=IFCDIRECTION((0.,0.,1.));
#123=IFCDIRECTION((1.,0.,0.));
#124=IFCAXIS2PLACEMENT3D(#121,#122,#123);
#125=IFCLOCALPLACEMENT(#26,#124);
#126=IFCCARTESIANPOINT((0.72,0.));
#127=IFCAXIS2PLACEMENT2D(#126,$);
#128=IFCRECTANGLEPROFILEDEF(.AREA.,$,#127,1.44,0.21);
#129=IFCCARTESIANPOINT((0.,0.,0.));
#130=IFCAXIS2PLACEMENT3D(#129,$,$);
#131=IFCDIRECTION((0.,0.,1.));
#132=IFCEXTRUDEDAREASOLID(#128,#130,#131,1.3);
#133=IFCSHAPEREPRESENTATION(#12,'Body','SweptSolid',(#132));
#134=IFCPRODUCTDEFINITIONSHAPE($,$,(#133));
#135=IFCOPENINGELEMENT('113UqVSIpi0kxCGiV2MIBa',#5,'Opening (window)',$,$,#125,#134,$,.OPENING.);
#136=IFCRELVOIDSELEMENT('2FNWdnAKLCpdxOCBh2YgVm',#5,$,$,#57,#135);
#137=IFCCARTESIANPOINT((2.04,19.527,0.9));
#138=IFCDIRECTION((0.,0.,1.));
#139=IFCDIRECTION((1.,0.,0.));
#140=IFCAXIS2PLACEMENT3D(#137,#138,#139);
#141=IFCLOCALPLACEMENT(#26,#140);
#142=IFCCARTESIANPOINT((0.0275,0.));
#143=IFCAXIS2PLACEMENT2D(#142,$);
#144=IFCRECTANGLEPROFILEDEF(.AREA.,$,#143,0.055,0.08);
#145=IFCCARTESIANPOINT((0.,0.,0.));
#146=IFCAXIS2PLACEMENT3D(#145,$,$);
#147=IFCDIRECTION((0.,0.,1.));
#148=IFCEXTRUDEDAREASOLID(#144,#146,#147,1.3);
#149=IFCCARTESIANPOINT((1.4125,0.));
#150=IFCAXIS2PLACEMENT2D(#149,$);
#151=IFCRECTANGLEPROFILEDEF(.AREA.,$,#150,0.055,0.08);
#152=IFCCARTESIANPOINT((0.,0.,0.));
#153=IFCAXIS2PLACEMENT3D(#152,$,$);
#154=IFCDIRECTION((0.,0.,1.));
#155=IFCEXTRUDEDAREASOLID(#151,#153,#154,1.3);
#156=IFCCARTESIANPOINT((0.72,0.));
#157=IFCAXIS2PLACEMENT2D(#156,$);
#158=IFCRECTANGLEPROFILEDEF(.AREA.,$,#157,1.33,0.08);
#159=IFCCARTESIANPOINT((0.,0.,1.245));
#160=IFCAXIS2PLACEMENT3D(#159,$,$);
#161=IFCDIRECTION((0.,0.,1.));
#162=IFCEXTRUDEDAREASOLID(#158,#160,#161,0.055);
#163=IFCCARTESIANPOINT((0.72,0.));
#164=IFCAXIS2PLACEMENT2D(#163,$);
#165=IFCRECTANGLEPROFILEDEF(.AREA.,$,#164,1.33,0.08);
#166=IFCCARTESIANPOINT((0.,0.,0.));
#167=IFCAXIS2PLACEMENT3D(#166,$,$);
#168=IFCDIRECTION((0.,0.,1.));
#169=IFCEXTRUDEDAREASOLID(#165,#167,#168,0.055);
#170=IFCCARTESIANPOINT((0.72,0.));
#171=IFCAXIS2PLACEMENT2D(#170,$);
#172=IFCRECTANGLEPROFILEDEF(.AREA.,$,#171,0.055,0.08);
#173=IFCCARTESIANPOINT((0.,0.,0.055));
#174=IFCAXIS2PLACEMENT3D(#173,$,$);
#175=IFCDIRECTION((0.,0.,1.));
#176=IFCEXTRUDEDAREASOLID(#172,#174,#175,1.19);
#177=IFCCARTESIANPOINT((0.074,0.));
#178=IFCAXIS2PLACEMENT2D(#177,$);
#179=IFCRECTANGLEPROFILEDEF(.AREA.,$,#178,0.038,0.08);
#180=IFCCARTESIANPOINT((0.,0.,0.055));
#181=IFCAXIS2PLACEMENT3D(#180,$,$);
#182=IFCDIRECTION((0.,0.,1.));
#183=IFCEXTRUDEDAREASOLID(#179,#181,#182,1.19);
#184=IFCCARTESIANPOINT((0.6735,0.));
#185=IFCAXIS2PLACEMENT2D(#184,$);
#186=IFCRECTANGLEPROFILEDEF(.AREA.,$,#185,0.038,0.08);
#187=IFCCARTESIANPOINT((0.,0.,0.055));
#188=IFCAXIS2PLACEMENT3D(#187,$,$);
#189=IFCDIRECTION((0.,0.,1.));
#190=IFCEXTRUDEDAREASOLID(#186,#188,#189,1.19);
#191=IFCCARTESIANPOINT((0.37375,0.));
#192=IFCAXIS2PLACEMENT2D(#191,$);
#193=IFCRECTANGLEPROFILEDEF(.AREA.,$,#192,0.5615,0.08);
#194=IFCCARTESIANPOINT((0.,0.,1.207));
#195=IFCAXIS2PLACEMENT3D(#194,$,$);
#196=IFCDIRECTION((0.,0.,1.));
#197=IFCEXTRUDEDAREASOLID(#193,#195,#196,0.038);
#198=IFCCARTESIANPOINT((0.37375,0.));
#199=IFCAXIS2PLACEMENT2D(#198,$);
#200=IFCRECTANGLEPROFILEDEF(.AREA.,$,#199,0.5615,0.08);
#201=IFCCARTESIANPOINT((0.,0.,0.055));
#202=IFCAXIS2PLACEMENT3D(#201,$,$);
#203=IFCDIRECTION((0.,0.,1.));
#204=IFCEXTRUDEDAREASOLID(#200,#202,#203,0.038);
#205=IFCCARTESIANPOINT((0.7665,0.));
#206=IFCAXIS2PLACEMENT2D(#205,$);
#207=IFCRECTANGLEPROFILEDEF(.AREA.,$,#206,0.038,0.08);
#208=IFCCARTESIANPOINT((0.,0.,0.055));
#209=IFCAXIS2PLACEMENT3D(#208,$,$);
#210=IFCDIRECTION((0.,0.,1.));
#211=IFCEXTRUDEDAREASOLID(#207,#209,#210,1.19);
#212=IFCCARTESIANPOINT((1.366,0.));
#213=IFCAXIS2PLACEMENT2D(#212,$);
#214=IFCRECTANGLEPROFILEDEF(.AREA.,$,#213,0.038,0.08);
#215=IFCCARTESIANPOINT((0.,0.,0.055));
#216=IFCAXIS2PLACEMENT3D(#215,$,$);
#217=IFCDIRECTION((0.,0.,1.));
#218=IFCEXTRUDEDAREASOLID(#214,#216,#217,1.19);
#219=IFCCARTESIANPOINT((1.06625,0.));
#220=IFCAXIS2PLACEMENT2D(#219,$);
#221=IFCRECTANGLEPROFILEDEF(.AREA.,$,#220,0.5615,0.08);
#222=IFCCARTESIANPOINT((0.,0.,1.207));
#223=IFCAXIS2PLACEMENT3D(#222,$,$);
#224=IFCDIRECTION((0.,0.,1.));
#225=IFCEXTRUDEDAREASOLID(#221,#223,#224,0.038);
#226=IFCCARTESIANPOINT((1.06625,0.));
#227=IFCAXIS2PLACEMENT2D(#226,$);
#228=IFCRECTANGLEPROFILEDEF(.AREA.,$,#227,0.5615,0.08);
#229=IFCCARTESIANPOINT((0.,0.,0.055));
#230=IFCAXIS2PLACEMENT3D(#229,$,$);
#231=IFCDIRECTION((0.,0.,1.));
#232=IFCEXTRUDEDAREASOLID(#228,#230,#231,0.038);
#233=IFCCARTESIANPOINT((0.37375,0.));
#234=IFCAXIS2PLACEMENT2D(#233,$);
#235=IFCRECTANGLEPROFILEDEF(.AREA.,$,#234,0.5615,0.06);
#236=IFCCARTESIANPOINT((0.,0.,0.093));
#237=IFCAXIS2PLACEMENT3D(#236,$,$);
#238=IFCDIRECTION((0.,0.,1.));
#239=IFCEXTRUDEDAREASOLID(#235,#237,#238,1.114);
#240=IFCCARTESIANPOINT((1.06625,0.));
#241=IFCAXIS2PLACEMENT2D(#240,$);
#242=IFCRECTANGLEPROFILEDEF(.AREA.,$,#241,0.5615,0.06);
#243=IFCCARTESIANPOINT((0.,0.,0.093));
#244=IFCAXIS2PLACEMENT3D(#243,$,$);
#245=IFCDIRECTION((0.,0.,1.));
#246=IFCEXTRUDEDAREASOLID(#242,#244,#245,1.114);
#247=IFCSTYLEDITEM(#148,(#109),$);
#248=IFCSTYLEDITEM(#155,(#109),$);
#249=IFCSTYLEDITEM(#162,(#109),$);
#250=IFCSTYLEDITEM(#169,(#109),$);
#251=IFCSTYLEDITEM(#176,(#109),$);
#252=IFCSTYLEDITEM(#183,(#109),$);
#253=IFCSTYLEDITEM(#190,(#109),$);
#254=IFCSTYLEDITEM(#197,(#109),$);
#255=IFCSTYLEDITEM(#204,(#109),$);
#256=IFCSTYLEDITEM(#211,(#109),$);
#257=IFCSTYLEDITEM(#218,(#109),$);
#258=IFCSTYLEDITEM(#225,(#109),$);
#259=IFCSTYLEDITEM(#232,(#109),$);
#260=IFCCOLOURRGB($,0.611765,0.768627,0.831373);
#261=IFCSURFACESTYLESHADING(#260,0.7);
#262=IFCSURFACESTYLE('Glass',.BOTH.,(#261));
#263=IFCSTYLEDITEM(#239,(#262),$);
#264=IFCSTYLEDITEM(#246,(#262),$);
#265=IFCSHAPEREPRESENTATION(#12,'Body','SweptSolid',(#148,#155,#162,#169,#176,#183,#190,#197,#204,#211,#218,#225,#232,#239,#246));
#266=IFCPRODUCTDEFINITIONSHAPE($,$,(#265));
#267=IFCWINDOW('0edvH6OK0fR_vQXK4e5DHc',#5,'Window 1','Clear glazing',$,#141,#266,$,1.3,1.44,.WINDOW.,.DOUBLE_PANEL_VERTICAL.,$);
#268=IFCRELFILLSELEMENT('2_PLuVTLDuQj1KaHXzMbXx',#5,$,$,#135,#267);
#269=IFCCARTESIANPOINT((7.78,19.527,0.9));
#270=IFCDIRECTION((0.,0.,1.));
#271=IFCDIRECTION((1.,0.,0.));
#272=IFCAXIS2PLACEMENT3D(#269,#270,#271);
#273=IFCLOCALPLACEMENT(#26,#272);
#274=IFCCARTESIANPOINT((0.72,0.));
#275=IFCAXIS2PLACEMENT2D(#274,$);
#276=IFCRECTANGLEPROFILEDEF(.AREA.,$,#275,1.44,0.21);
#277=IFCCARTESIANPOINT((0.,0.,0.));
#278=IFCAXIS2PLACEMENT3D(#277,$,$);
#279=IFCDIRECTION((0.,0.,1.));
#280=IFCEXTRUDEDAREASOLID(#276,#278,#279,1.3);
#281=IFCSHAPEREPRESENTATION(#12,'Body','SweptSolid',(#280));
#282=IFCPRODUCTDEFINITIONSHAPE($,$,(#281));
#283=IFCOPENINGELEMENT('27b7EpKrZb0rTf_bsMaseS',#5,'Opening (window)',$,$,#273,#282,$,.OPENING.);
#284=IFCRELVOIDSELEMENT('1pnDKYJvSj3kcBuPpai60i',#5,$,$,#57,#283);
#285=IFCCARTESIANPOINT((7.78,19.527,0.9));
#286=IFCDIRECTION((0.,0.,1.));
#287=IFCDIRECTION((1.,0.,0.));
#288=IFCAXIS2PLACEMENT3D(#285,#286,#287);
#289=IFCLOCALPLACEMENT(#26,#288);
#290=IFCCARTESIANPOINT((0.0275,0.));
#291=IFCAXIS2PLACEMENT2D(#290,$);
#292=IFCRECTANGLEPROFILEDEF(.AREA.,$,#291,0.055,0.08);
#293=IFCCARTESIANPOINT((0.,0.,0.));
#294=IFCAXIS2PLACEMENT3D(#293,$,$);
#295=IFCDIRECTION((0.,0.,1.));
#296=IFCEXTRUDEDAREASOLID(#292,#294,#295,1.3);
#297=IFCCARTESIANPOINT((1.4125,0.));
#298=IFCAXIS2PLACEMENT2D(#297,$);
#299=IFCRECTANGLEPROFILEDEF(.AREA.,$,#298,0.055,0.08);
#300=IFCCARTESIANPOINT((0.,0.,0.));
#301=IFCAXIS2PLACEMENT3D(#300,$,$);
#302=IFCDIRECTION((0.,0.,1.));
#303=IFCEXTRUDEDAREASOLID(#299,#301,#302,1.3);
#304=IFCCARTESIANPOINT((0.72,0.));
#305=IFCAXIS2PLACEMENT2D(#304,$);
#306=IFCRECTANGLEPROFILEDEF(.AREA.,$,#305,1.33,0.08);
#307=IFCCARTESIANPOINT((0.,0.,1.245));
#308=IFCAXIS2PLACEMENT3D(#307,$,$);
#309=IFCDIRECTION((0.,0.,1.));
#310=IFCEXTRUDEDAREASOLID(#306,#308,#309,0.055);
#311=IFCCARTESIANPOINT((0.72,0.));
#312=IFCAXIS2PLACEMENT2D(#311,$);
#313=IFCRECTANGLEPROFILEDEF(.AREA.,$,#312,1.33,0.08);
#314=IFCCARTESIANPOINT((0.,0.,0.));
#315=IFCAXIS2PLACEMENT3D(#314,$,$);
#316=IFCDIRECTION((0.,0.,1.));
#317=IFCEXTRUDEDAREASOLID(#313,#315,#316,0.055);
#318=IFCCARTESIANPOINT((0.72,0.));
#319=IFCAXIS2PLACEMENT2D(#318,$);
#320=IFCRECTANGLEPROFILEDEF(.AREA.,$,#319,0.055,0.08);
#321=IFCCARTESIANPOINT((0.,0.,0.055));
#322=IFCAXIS2PLACEMENT3D(#321,$,$);
#323=IFCDIRECTION((0.,0.,1.));
#324=IFCEXTRUDEDAREASOLID(#320,#322,#323,1.19);
#325=IFCCARTESIANPOINT((0.074,0.));
#326=IFCAXIS2PLACEMENT2D(#325,$);
#327=IFCRECTANGLEPROFILEDEF(.AREA.,$,#326,0.038,0.08);
#328=IFCCARTESIANPOINT((0.,0.,0.055));
#329=IFCAXIS2PLACEMENT3D(#328,$,$);
#330=IFCDIRECTION((0.,0.,1.));
#331=IFCEXTRUDEDAREASOLID(#327,#329,#330,1.19);
#332=IFCCARTESIANPOINT((0.6735,0.));
#333=IFCAXIS2PLACEMENT2D(#332,$);
#334=IFCRECTANGLEPROFILEDEF(.AREA.,$,#333,0.038,0.08);
#335=IFCCARTESIANPOINT((0.,0.,0.055));
#336=IFCAXIS2PLACEMENT3D(#335,$,$);
#337=IFCDIRECTION((0.,0.,1.));
#338=IFCEXTRUDEDAREASOLID(#334,#336,#337,1.19);
#339=IFCCARTESIANPOINT((0.37375,0.));
#340=IFCAXIS2PLACEMENT2D(#339,$);
#341=IFCRECTANGLEPROFILEDEF(.AREA.,$,#340,0.5615,0.08);
#342=IFCCARTESIANPOINT((0.,0.,1.207));
#343=IFCAXIS2PLACEMENT3D(#342,$,$);
#344=IFCDIRECTION((0.,0.,1.));
#345=IFCEXTRUDEDAREASOLID(#341,#343,#344,0.038);
#346=IFCCARTESIANPOINT((0.37375,0.));
#347=IFCAXIS2PLACEMENT2D(#346,$);
#348=IFCRECTANGLEPROFILEDEF(.AREA.,$,#347,0.5615,0.08);
#349=IFCCARTESIANPOINT((0.,0.,0.055));
#350=IFCAXIS2PLACEMENT3D(#349,$,$);
#351=IFCDIRECTION((0.,0.,1.));
#352=IFCEXTRUDEDAREASOLID(#348,#350,#351,0.038);
#353=IFCCARTESIANPOINT((0.7665,0.));
#354=IFCAXIS2PLACEMENT2D(#353,$);
#355=IFCRECTANGLEPROFILEDEF(.AREA.,$,#354,0.038,0.08);
#356=IFCCARTESIANPOINT((0.,0.,0.055));
#357=IFCAXIS2PLACEMENT3D(#356,$,$);
#358=IFCDIRECTION((0.,0.,1.));
#359=IFCEXTRUDEDAREASOLID(#355,#357,#358,1.19);
#360=IFCCARTESIANPOINT((1.366,0.));
#361=IFCAXIS2PLACEMENT2D(#360,$);
#362=IFCRECTANGLEPROFILEDEF(.AREA.,$,#361,0.038,0.08);
#363=IFCCARTESIANPOINT((0.,0.,0.055));
#364=IFCAXIS2PLACEMENT3D(#363,$,$);
#365=IFCDIRECTION((0.,0.,1.));
#366=IFCEXTRUDEDAREASOLID(#362,#364,#365,1.19);
#367=IFCCARTESIANPOINT((1.06625,0.));
#368=IFCAXIS2PLACEMENT2D(#367,$);
#369=IFCRECTANGLEPROFILEDEF(.AREA.,$,#368,0.5615,0.08);
#370=IFCCARTESIANPOINT((0.,0.,1.207));
#371=IFCAXIS2PLACEMENT3D(#370,$,$);
#372=IFCDIRECTION((0.,0.,1.));
#373=IFCEXTRUDEDAREASOLID(#369,#371,#372,0.038);
#374=IFCCARTESIANPOINT((1.06625,0.));
#375=IFCAXIS2PLACEMENT2D(#374,$);
#376=IFCRECTANGLEPROFILEDEF(.AREA.,$,#375,0.5615,0.08);
#377=IFCCARTESIANPOINT((0.,0.,0.055));
#378=IFCAXIS2PLACEMENT3D(#377,$,$);
#379=IFCDIRECTION((0.,0.,1.));
#380=IFCEXTRUDEDAREASOLID(#376,#378,#379,0.038);
#381=IFCCARTESIANPOINT((0.37375,0.));
#382=IFCAXIS2PLACEMENT2D(#381,$);
#383=IFCRECTANGLEPROFILEDEF(.AREA.,$,#382,0.5615,0.06);
#384=IFCCARTESIANPOINT((0.,0.,0.093));
#385=IFCAXIS2PLACEMENT3D(#384,$,$);
#386=IFCDIRECTION((0.,0.,1.));
#387=IFCEXTRUDEDAREASOLID(#383,#385,#386,1.114);
#388=IFCCARTESIANPOINT((1.06625,0.));
#389=IFCAXIS2PLACEMENT2D(#388,$);
#390=IFCRECTANGLEPROFILEDEF(.AREA.,$,#389,0.5615,0.06);
#391=IFCCARTESIANPOINT((0.,0.,0.093));
#392=IFCAXIS2PLACEMENT3D(#391,$,$);
#393=IFCDIRECTION((0.,0.,1.));
#394=IFCEXTRUDEDAREASOLID(#390,#392,#393,1.114);
#395=IFCSTYLEDITEM(#296,(#109),$);
#396=IFCSTYLEDITEM(#303,(#109),$);
#397=IFCSTYLEDITEM(#310,(#109),$);
#398=IFCSTYLEDITEM(#317,(#109),$);
#399=IFCSTYLEDITEM(#324,(#109),$);
#400=IFCSTYLEDITEM(#331,(#109),$);
#401=IFCSTYLEDITEM(#338,(#109),$);
#402=IFCSTYLEDITEM(#345,(#109),$);
#403=IFCSTYLEDITEM(#352,(#109),$);
#404=IFCSTYLEDITEM(#359,(#109),$);
#405=IFCSTYLEDITEM(#366,(#109),$);
#406=IFCSTYLEDITEM(#373,(#109),$);
#407=IFCSTYLEDITEM(#380,(#109),$);
#408=IFCSTYLEDITEM(#387,(#262),$);
#409=IFCSTYLEDITEM(#394,(#262),$);
#410=IFCSHAPEREPRESENTATION(#12,'Body','SweptSolid',(#296,#303,#310,#317,#324,#331,#338,#345,#352,#359,#366,#373,#380,#387,#394));
#411=IFCPRODUCTDEFINITIONSHAPE($,$,(#410));
#412=IFCWINDOW('06CQ5dDY73AjBbZQCm7ye6',#5,'Window 2','Clear glazing',$,#289,#411,$,1.3,1.44,.WINDOW.,.DOUBLE_PANEL_VERTICAL.,$);
#413=IFCRELFILLSELEMENT('3$rS_9z9K62LOViG7ZoMBK',#5,$,$,#283,#412);
#414=IFCCARTESIANPOINT((10.399,4.905,0.));
#415=IFCDIRECTION((0.,0.,1.));
#416=IFCDIRECTION((0.,1.,0.));
#417=IFCAXIS2PLACEMENT3D(#414,#415,#416);
#418=IFCLOCALPLACEMENT(#26,#417);
#419=IFCCARTESIANPOINT((7.3475,0.));
#420=IFCAXIS2PLACEMENT2D(#419,$);
#421=IFCRECTANGLEPROFILEDEF(.AREA.,$,#420,14.695,0.15);
#422=IFCCARTESIANPOINT((0.,0.,0.));
#423=IFCAXIS2PLACEMENT3D(#422,$,$);
#424=IFCDIRECTION((0.,0.,1.));
#425=IFCEXTRUDEDAREASOLID(#421,#423,#424,2.7);
#426=IFCSHAPEREPRESENTATION(#12,'Body','SweptSolid',(#425));
#427=IFCPRODUCTDEFINITIONSHAPE($,$,(#426));
#428=IFCWALL('2AQuPJcuPYtmsRRiRrtqvn',#5,'Wall 3',$,$,#418,#427,$,.STANDARD.);
#429=IFCCARTESIANPOINT((10.399,9.6855,0.9));
#430=IFCDIRECTION((0.,0.,1.));
#431=IFCDIRECTION((0.,1.,0.));
#432=IFCAXIS2PLACEMENT3D(#429,#430,#431);
#433=IFCLOCALPLACEMENT(#26,#432);
#434=IFCCARTESIANPOINT((0.6925,0.));
#435=IFCAXIS2PLACEMENT2D(#434,$);
#436=IFCRECTANGLEPROFILEDEF(.AREA.,$,#435,1.385,0.21);
#437=IFCCARTESIANPOINT((0.,0.,0.));
#438=IFCAXIS2PLACEMENT3D(#437,$,$);
#439=IFCDIRECTION((0.,0.,1.));
#440=IFCEXTRUDEDAREASOLID(#436,#438,#439,1.3);
#441=IFCSHAPEREPRESENTATION(#12,'Body','SweptSolid',(#440));
#442=IFCPRODUCTDEFINITIONSHAPE($,$,(#441));
#443=IFCOPENINGELEMENT('1mCbXgUW9yEQYmBUHd7XaW',#5,'Opening (window)',$,$,#433,#442,$,.OPENING.);
#444=IFCRELVOIDSELEMENT('3wzOwmAUOKDMn72oDS7_FJ',#5,$,$,#428,#443);
#445=IFCCARTESIANPOINT((10.399,9.6855,0.9));
#446=IFCDIRECTION((0.,0.,1.));
#447=IFCDIRECTION((0.,1.,0.));
#448=IFCAXIS2PLACEMENT3D(#445,#446,#447);
#449=IFCLOCALPLACEMENT(#26,#448);
#450=IFCCARTESIANPOINT((0.0275,0.));
#451=IFCAXIS2PLACEMENT2D(#450,$);
#452=IFCRECTANGLEPROFILEDEF(.AREA.,$,#451,0.055,0.08);
#453=IFCCARTESIANPOINT((0.,0.,0.));
#454=IFCAXIS2PLACEMENT3D(#453,$,$);
#455=IFCDIRECTION((0.,0.,1.));
#456=IFCEXTRUDEDAREASOLID(#452,#454,#455,1.3);
#457=IFCCARTESIANPOINT((1.3575,0.));
#458=IFCAXIS2PLACEMENT2D(#457,$);
#459=IFCRECTANGLEPROFILEDEF(.AREA.,$,#458,0.055,0.08);
#460=IFCCARTESIANPOINT((0.,0.,0.));
#461=IFCAXIS2PLACEMENT3D(#460,$,$);
#462=IFCDIRECTION((0.,0.,1.));
#463=IFCEXTRUDEDAREASOLID(#459,#461,#462,1.3);
#464=IFCCARTESIANPOINT((0.6925,0.));
#465=IFCAXIS2PLACEMENT2D(#464,$);
#466=IFCRECTANGLEPROFILEDEF(.AREA.,$,#465,1.275,0.08);
#467=IFCCARTESIANPOINT((0.,0.,1.245));
#468=IFCAXIS2PLACEMENT3D(#467,$,$);
#469=IFCDIRECTION((0.,0.,1.));
#470=IFCEXTRUDEDAREASOLID(#466,#468,#469,0.055);
#471=IFCCARTESIANPOINT((0.6925,0.));
#472=IFCAXIS2PLACEMENT2D(#471,$);
#473=IFCRECTANGLEPROFILEDEF(.AREA.,$,#472,1.275,0.08);
#474=IFCCARTESIANPOINT((0.,0.,0.));
#475=IFCAXIS2PLACEMENT3D(#474,$,$);
#476=IFCDIRECTION((0.,0.,1.));
#477=IFCEXTRUDEDAREASOLID(#473,#475,#476,0.055);
#478=IFCCARTESIANPOINT((0.6925,0.));
#479=IFCAXIS2PLACEMENT2D(#478,$);
#480=IFCRECTANGLEPROFILEDEF(.AREA.,$,#479,0.055,0.08);
#481=IFCCARTESIANPOINT((0.,0.,0.055));
#482=IFCAXIS2PLACEMENT3D(#481,$,$);
#483=IFCDIRECTION((0.,0.,1.));
#484=IFCEXTRUDEDAREASOLID(#480,#482,#483,1.19);
#485=IFCCARTESIANPOINT((0.074,0.));
#486=IFCAXIS2PLACEMENT2D(#485,$);
#487=IFCRECTANGLEPROFILEDEF(.AREA.,$,#486,0.038,0.08);
#488=IFCCARTESIANPOINT((0.,0.,0.055));
#489=IFCAXIS2PLACEMENT3D(#488,$,$);
#490=IFCDIRECTION((0.,0.,1.));
#491=IFCEXTRUDEDAREASOLID(#487,#489,#490,1.19);
#492=IFCCARTESIANPOINT((0.646,0.));
#493=IFCAXIS2PLACEMENT2D(#492,$);
#494=IFCRECTANGLEPROFILEDEF(.AREA.,$,#493,0.038,0.08);
#495=IFCCARTESIANPOINT((0.,0.,0.055));
#496=IFCAXIS2PLACEMENT3D(#495,$,$);
#497=IFCDIRECTION((0.,0.,1.));
#498=IFCEXTRUDEDAREASOLID(#494,#496,#497,1.19);
#499=IFCCARTESIANPOINT((0.36,0.));
#500=IFCAXIS2PLACEMENT2D(#499,$);
#501=IFCRECTANGLEPROFILEDEF(.AREA.,$,#500,0.534,0.08);
#502=IFCCARTESIANPOINT((0.,0.,1.207));
#503=IFCAXIS2PLACEMENT3D(#502,$,$);
#504=IFCDIRECTION((0.,0.,1.));
#505=IFCEXTRUDEDAREASOLID(#501,#503,#504,0.038);
#506=IFCCARTESIANPOINT((0.36,0.));
#507=IFCAXIS2PLACEMENT2D(#506,$);
#508=IFCRECTANGLEPROFILEDEF(.AREA.,$,#507,0.534,0.08);
#509=IFCCARTESIANPOINT((0.,0.,0.055));
#510=IFCAXIS2PLACEMENT3D(#509,$,$);
#511=IFCDIRECTION((0.,0.,1.));
#512=IFCEXTRUDEDAREASOLID(#508,#510,#511,0.038);
#513=IFCCARTESIANPOINT((0.739,0.));
#514=IFCAXIS2PLACEMENT2D(#513,$);
#515=IFCRECTANGLEPROFILEDEF(.AREA.,$,#514,0.038,0.08);
#516=IFCCARTESIANPOINT((0.,0.,0.055));
#517=IFCAXIS2PLACEMENT3D(#516,$,$);
#518=IFCDIRECTION((0.,0.,1.));
#519=IFCEXTRUDEDAREASOLID(#515,#517,#518,1.19);
#520=IFCCARTESIANPOINT((1.311,0.));
#521=IFCAXIS2PLACEMENT2D(#520,$);
#522=IFCRECTANGLEPROFILEDEF(.AREA.,$,#521,0.038,0.08);
#523=IFCCARTESIANPOINT((0.,0.,0.055));
#524=IFCAXIS2PLACEMENT3D(#523,$,$);
#525=IFCDIRECTION((0.,0.,1.));
#526=IFCEXTRUDEDAREASOLID(#522,#524,#525,1.19);
#527=IFCCARTESIANPOINT((1.025,0.));
#528=IFCAXIS2PLACEMENT2D(#527,$);
#529=IFCRECTANGLEPROFILEDEF(.AREA.,$,#528,0.534,0.08);
#530=IFCCARTESIANPOINT((0.,0.,1.207));
#531=IFCAXIS2PLACEMENT3D(#530,$,$);
#532=IFCDIRECTION((0.,0.,1.));
#533=IFCEXTRUDEDAREASOLID(#529,#531,#532,0.038);
#534=IFCCARTESIANPOINT((1.025,0.));
#535=IFCAXIS2PLACEMENT2D(#534,$);
#536=IFCRECTANGLEPROFILEDEF(.AREA.,$,#535,0.534,0.08);
#537=IFCCARTESIANPOINT((0.,0.,0.055));
#538=IFCAXIS2PLACEMENT3D(#537,$,$);
#539=IFCDIRECTION((0.,0.,1.));
#540=IFCEXTRUDEDAREASOLID(#536,#538,#539,0.038);
#541=IFCCARTESIANPOINT((0.36,0.));
#542=IFCAXIS2PLACEMENT2D(#541,$);
#543=IFCRECTANGLEPROFILEDEF(.AREA.,$,#542,0.534,0.06);
#544=IFCCARTESIANPOINT((0.,0.,0.093));
#545=IFCAXIS2PLACEMENT3D(#544,$,$);
#546=IFCDIRECTION((0.,0.,1.));
#547=IFCEXTRUDEDAREASOLID(#543,#545,#546,1.114);
#548=IFCCARTESIANPOINT((1.025,0.));
#549=IFCAXIS2PLACEMENT2D(#548,$);
#550=IFCRECTANGLEPROFILEDEF(.AREA.,$,#549,0.534,0.06);
#551=IFCCARTESIANPOINT((0.,0.,0.093));
#552=IFCAXIS2PLACEMENT3D(#551,$,$);
#553=IFCDIRECTION((0.,0.,1.));
#554=IFCEXTRUDEDAREASOLID(#550,#552,#553,1.114);
#555=IFCSTYLEDITEM(#456,(#109),$);
#556=IFCSTYLEDITEM(#463,(#109),$);
#557=IFCSTYLEDITEM(#470,(#109),$);
#558=IFCSTYLEDITEM(#477,(#109),$);
#559=IFCSTYLEDITEM(#484,(#109),$);
#560=IFCSTYLEDITEM(#491,(#109),$);
#561=IFCSTYLEDITEM(#498,(#109),$);
#562=IFCSTYLEDITEM(#505,(#109),$);
#563=IFCSTYLEDITEM(#512,(#109),$);
#564=IFCSTYLEDITEM(#519,(#109),$);
#565=IFCSTYLEDITEM(#526,(#109),$);
#566=IFCSTYLEDITEM(#533,(#109),$);
#567=IFCSTYLEDITEM(#540,(#109),$);
#568=IFCSTYLEDITEM(#547,(#262),$);
#569=IFCSTYLEDITEM(#554,(#262),$);
#570=IFCSHAPEREPRESENTATION(#12,'Body','SweptSolid',(#456,#463,#470,#477,#484,#491,#498,#505,#512,#519,#526,#533,#540,#547,#554));
#571=IFCPRODUCTDEFINITIONSHAPE($,$,(#570));
#572=IFCWINDOW('3cPkAsuZ1Ox0BkhhX4ghsU',#5,'Window 3','Clear glazing',$,#449,#571,$,1.3,1.385,.WINDOW.,.DOUBLE_PANEL_VERTICAL.,$);
#573=IFCRELFILLSELEMENT('2eK44p2k82KXYmqkfeXT2L',#5,$,$,#443,#572);
#574=IFCCARTESIANPOINT((0.005,3.677,0.));
#575=IFCDIRECTION((0.,0.,1.));
#576=IFCDIRECTION((1.,0.,0.));
#577=IFCAXIS2PLACEMENT3D(#574,#575,#576);
#578=IFCLOCALPLACEMENT(#26,#577);
#579=IFCCARTESIANPOINT((2.3825,0.));
#580=IFCAXIS2PLACEMENT2D(#579,$);
#581=IFCRECTANGLEPROFILEDEF(.AREA.,$,#580,4.765,0.15);
#582=IFCCARTESIANPOINT((0.,0.,0.));
#583=IFCAXIS2PLACEMENT3D(#582,$,$);
#584=IFCDIRECTION((0.,0.,1.));
#585=IFCEXTRUDEDAREASOLID(#581,#583,#584,2.7);
#586=IFCSHAPEREPRESENTATION(#12,'Body','SweptSolid',(#585));
#587=IFCPRODUCTDEFINITIONSHAPE($,$,(#586));
#588=IFCWALL('0dcXh3JStBzzQGMiyy65mm',#5,'Wall 4',$,$,#578,#587,$,.STANDARD.);
#589=IFCCARTESIANPOINT((0.4805,3.677,0.));
#590=IFCDIRECTION((0.,0.,1.));
#591=IFCDIRECTION((1.,0.,0.));
#592=IFCAXIS2PLACEMENT3D(#589,#590,#591);
#593=IFCLOCALPLACEMENT(#26,#592);
#594=IFCCARTESIANPOINT((1.9675,0.));
#595=IFCAXIS2PLACEMENT2D(#594,$);
#596=IFCRECTANGLEPROFILEDEF(.AREA.,$,#595,3.935,0.21);
#597=IFCCARTESIANPOINT((0.,0.,0.));
#598=IFCAXIS2PLACEMENT3D(#597,$,$);
#599=IFCDIRECTION((0.,0.,1.));
#600=IFCEXTRUDEDAREASOLID(#596,#598,#599,2.2);
#601=IFCSHAPEREPRESENTATION(#12,'Body','SweptSolid',(#600));
#602=IFCPRODUCTDEFINITIONSHAPE($,$,(#601));
#603=IFCOPENINGELEMENT('3O8M4MVP0ietW$GXdcw$WO',#5,'Opening (door)',$,$,#593,#602,$,.OPENING.);
#604=IFCRELVOIDSELEMENT('02SReB_ZYe74NWefwO_uK3',#5,$,$,#588,#603);
#605=IFCCARTESIANPOINT((0.4805,3.677,0.));
#606=IFCDIRECTION((0.,0.,1.));
#607=IFCDIRECTION((1.,0.,0.));
#608=IFCAXIS2PLACEMENT3D(#605,#606,#607);
#609=IFCLOCALPLACEMENT(#26,#608);
#610=IFCCARTESIANPOINT((0.0275,0.));
#611=IFCAXIS2PLACEMENT2D(#610,$);
#612=IFCRECTANGLEPROFILEDEF(.AREA.,$,#611,0.055,0.08);
#613=IFCCARTESIANPOINT((0.,0.,0.));
#614=IFCAXIS2PLACEMENT3D(#613,$,$);
#615=IFCDIRECTION((0.,0.,1.));
#616=IFCEXTRUDEDAREASOLID(#612,#614,#615,2.2);
#617=IFCCARTESIANPOINT((3.9075,0.));
#618=IFCAXIS2PLACEMENT2D(#617,$);
#619=IFCRECTANGLEPROFILEDEF(.AREA.,$,#618,0.055,0.08);
#620=IFCCARTESIANPOINT((0.,0.,0.));
#621=IFCAXIS2PLACEMENT3D(#620,$,$);
#622=IFCDIRECTION((0.,0.,1.));
#623=IFCEXTRUDEDAREASOLID(#619,#621,#622,2.2);
#624=IFCCARTESIANPOINT((1.9675,0.));
#625=IFCAXIS2PLACEMENT2D(#624,$);
#626=IFCRECTANGLEPROFILEDEF(.AREA.,$,#625,3.825,0.08);
#627=IFCCARTESIANPOINT((0.,0.,2.145));
#628=IFCAXIS2PLACEMENT3D(#627,$,$);
#629=IFCDIRECTION((0.,0.,1.));
#630=IFCEXTRUDEDAREASOLID(#626,#628,#629,0.055);
#631=IFCCARTESIANPOINT((1.9675,0.));
#632=IFCAXIS2PLACEMENT2D(#631,$);
#633=IFCRECTANGLEPROFILEDEF(.AREA.,$,#632,3.825,0.06);
#634=IFCCARTESIANPOINT((0.,0.,0.));
#635=IFCAXIS2PLACEMENT3D(#634,$,$);
#636=IFCDIRECTION((0.,0.,1.));
#637=IFCEXTRUDEDAREASOLID(#633,#635,#636,2.145);
#638=IFCSTYLEDITEM(#616,(#109),$);
#639=IFCSTYLEDITEM(#623,(#109),$);
#640=IFCSTYLEDITEM(#630,(#109),$);
#641=IFCSTYLEDITEM(#637,(#262),$);
#642=IFCSHAPEREPRESENTATION(#12,'Body','SweptSolid',(#616,#623,#630,#637));
#643=IFCPRODUCTDEFINITIONSHAPE($,$,(#642));
#644=IFCDOOR('1KgZuKDTDIpzQG$s18Wdy9',#5,'Door 2','Clear glass leaf',$,#609,#643,$,2.2,3.935,.DOOR.,.DOUBLE_DOOR_SLIDING.,$);
#645=IFCRELFILLSELEMENT('3bbRytPyRSp2ctQdyQ4mcS',#5,$,$,#603,#644);
#646=IFCCARTESIANPOINT((4.625,4.977,0.));
#647=IFCDIRECTION((0.,0.,1.));
#648=IFCDIRECTION((1.,0.,0.));
#649=IFCAXIS2PLACEMENT3D(#646,#647,#648);
#650=IFCLOCALPLACEMENT(#26,#649);
#651=IFCCARTESIANPOINT((2.9225,0.));
#652=IFCAXIS2PLACEMENT2D(#651,$);
#653=IFCRECTANGLEPROFILEDEF(.AREA.,$,#652,5.845,0.15);
#654=IFCCARTESIANPOINT((0.,0.,0.));
#655=IFCAXIS2PLACEMENT3D(#654,$,$);
#656=IFCDIRECTION((0.,0.,1.));
#657=IFCEXTRUDEDAREASOLID(#653,#655,#656,2.7);
#658=IFCSHAPEREPRESENTATION(#12,'Body','SweptSolid',(#657));
#659=IFCPRODUCTDEFINITIONSHAPE($,$,(#658));
#660=IFCWALL('2p$vrmo3vqHf0yjTlmYm30',#5,'Wall 5',$,$,#650,#659,$,.STANDARD.);
#661=IFCCARTESIANPOINT((5.485,4.977,0.));
#662=IFCDIRECTION((0.,0.,1.));
#663=IFCDIRECTION((1.,0.,0.));
#664=IFCAXIS2PLACEMENT3D(#661,#662,#663);
#665=IFCLOCALPLACEMENT(#26,#664);
#666=IFCCARTESIANPOINT((2.02,0.));
#667=IFCAXIS2PLACEMENT2D(#666,$);
#668=IFCRECTANGLEPROFILEDEF(.AREA.,$,#667,4.04,0.21);
#669=IFCCARTESIANPOINT((0.,0.,0.));
#670=IFCAXIS2PLACEMENT3D(#669,$,$);
#671=IFCDIRECTION((0.,0.,1.));
#672=IFCEXTRUDEDAREASOLID(#668,#670,#671,2.2);
#673=IFCSHAPEREPRESENTATION(#12,'Body','SweptSolid',(#672));
#674=IFCPRODUCTDEFINITIONSHAPE($,$,(#673));
#675=IFCOPENINGELEMENT('3ks0hYDR0FVl8oP6tUSroW',#5,'Opening (door)',$,$,#665,#674,$,.OPENING.);
#676=IFCRELVOIDSELEMENT('0rwEjffKXV$Iydd7EcO4SL',#5,$,$,#660,#675);
#677=IFCCARTESIANPOINT((5.485,4.977,0.));
#678=IFCDIRECTION((0.,0.,1.));
#679=IFCDIRECTION((1.,0.,0.));
#680=IFCAXIS2PLACEMENT3D(#677,#678,#679);
#681=IFCLOCALPLACEMENT(#26,#680);
#682=IFCCARTESIANPOINT((0.0275,0.));
#683=IFCAXIS2PLACEMENT2D(#682,$);
#684=IFCRECTANGLEPROFILEDEF(.AREA.,$,#683,0.055,0.08);
#685=IFCCARTESIANPOINT((0.,0.,0.));
#686=IFCAXIS2PLACEMENT3D(#685,$,$);
#687=IFCDIRECTION((0.,0.,1.));
#688=IFCEXTRUDEDAREASOLID(#684,#686,#687,2.2);
#689=IFCCARTESIANPOINT((4.0125,0.));
#690=IFCAXIS2PLACEMENT2D(#689,$);
#691=IFCRECTANGLEPROFILEDEF(.AREA.,$,#690,0.055,0.08);
#692=IFCCARTESIANPOINT((0.,0.,0.));
#693=IFCAXIS2PLACEMENT3D(#692,$,$);
#694=IFCDIRECTION((0.,0.,1.));
#695=IFCEXTRUDEDAREASOLID(#691,#693,#694,2.2);
#696=IFCCARTESIANPOINT((2.02,0.));
#697=IFCAXIS2PLACEMENT2D(#696,$);
#698=IFCRECTANGLEPROFILEDEF(.AREA.,$,#697,3.93,0.08);
#699=IFCCARTESIANPOINT((0.,0.,2.145));
#700=IFCAXIS2PLACEMENT3D(#699,$,$);
#701=IFCDIRECTION((0.,0.,1.));
#702=IFCEXTRUDEDAREASOLID(#698,#700,#701,0.055);
#703=IFCCARTESIANPOINT((2.02,0.));
#704=IFCAXIS2PLACEMENT2D(#703,$);
#705=IFCRECTANGLEPROFILEDEF(.AREA.,$,#704,3.93,0.06);
#706=IFCCARTESIANPOINT((0.,0.,0.));
#707=IFCAXIS2PLACEMENT3D(#706,$,$);
#708=IFCDIRECTION((0.,0.,1.));
#709=IFCEXTRUDEDAREASOLID(#705,#707,#708,2.145);
#710=IFCSTYLEDITEM(#688,(#109),$);
#711=IFCSTYLEDITEM(#695,(#109),$);
#712=IFCSTYLEDITEM(#702,(#109),$);
#713=IFCSTYLEDITEM(#709,(#262),$);
#714=IFCSHAPEREPRESENTATION(#12,'Body','SweptSolid',(#688,#695,#702,#709));
#715=IFCPRODUCTDEFINITIONSHAPE($,$,(#714));
#716=IFCDOOR('3t7lB3VRI28_Xs60T$v1fd',#5,'Door 3','Clear glass leaf',$,#681,#715,$,2.2,4.04,.DOOR.,.DOUBLE_DOOR_SLIDING.,$);
#717=IFCRELFILLSELEMENT('24nr3r_nEg0gq2yBj5bS2l',#5,$,$,#675,#716);
#718=IFCCARTESIANPOINT((4.674,3.605,0.));
#719=IFCDIRECTION((0.,0.,1.));
#720=IFCDIRECTION((0.,1.,0.));
#721=IFCAXIS2PLACEMENT3D(#718,#719,#720);
#722=IFCLOCALPLACEMENT(#26,#721);
#723=IFCCARTESIANPOINT((5.0825,0.));
#724=IFCAXIS2PLACEMENT2D(#723,$);
#725=IFCRECTANGLEPROFILEDEF(.AREA.,$,#724,10.165,0.1);
#726=IFCCARTESIANPOINT((0.,0.,0.));
#727=IFCAXIS2PLACEMENT3D(#726,$,$);
#728=IFCDIRECTION((0.,0.,1.));
#729=IFCEXTRUDEDAREASOLID(#725,#727,#728,2.7);
#730=IFCSHAPEREPRESENTATION(#12,'Body','SweptSolid',(#729));
#731=IFCPRODUCTDEFINITIONSHAPE($,$,(#730));
#732=IFCWALL('35Pjr6moCbm5vRCVKHWrCh',#5,'Wall 6',$,$,#722,#731,$,.STANDARD.);
#733=IFCCARTESIANPOINT((4.674,7.245,0.));
#734=IFCDIRECTION((0.,0.,1.));
#735=IFCDIRECTION((0.,1.,0.));
#736=IFCAXIS2PLACEMENT3D(#733,#734,#735);
#737=IFCLOCALPLACEMENT(#26,#736);
#738=IFCCARTESIANPOINT((0.425,0.));
#739=IFCAXIS2PLACEMENT2D(#738,$);
#740=IFCRECTANGLEPROFILEDEF(.AREA.,$,#739,0.85,0.16);
#741=IFCCARTESIANPOINT((0.,0.,0.));
#742=IFCAXIS2PLACEMENT3D(#741,$,$);
#743=IFCDIRECTION((0.,0.,1.));
#744=IFCEXTRUDEDAREASOLID(#740,#742,#743,2.2);
#745=IFCSHAPEREPRESENTATION(#12,'Body','SweptSolid',(#744));
#746=IFCPRODUCTDEFINITIONSHAPE($,$,(#745));
#747=IFCOPENINGELEMENT('3LIxio08oMBcO00cdb8Yd1',#5,'Opening (door)',$,$,#737,#746,$,.OPENING.);
#748=IFCRELVOIDSELEMENT('2CaidHO3zJUx0ANwgYWzl_',#5,$,$,#732,#747);
#749=IFCCARTESIANPOINT((4.674,7.245,0.));
#750=IFCDIRECTION((0.,0.,1.));
#751=IFCDIRECTION((0.,1.,0.));
#752=IFCAXIS2PLACEMENT3D(#749,#750,#751);
#753=IFCLOCALPLACEMENT(#26,#752);
#754=IFCCARTESIANPOINT((0.0275,0.));
#755=IFCAXIS2PLACEMENT2D(#754,$);
#756=IFCRECTANGLEPROFILEDEF(.AREA.,$,#755,0.055,0.08);
#757=IFCCARTESIANPOINT((0.,0.,0.));
#758=IFCAXIS2PLACEMENT3D(#757,$,$);
#759=IFCDIRECTION((0.,0.,1.));
#760=IFCEXTRUDEDAREASOLID(#756,#758,#759,2.2);
#761=IFCCARTESIANPOINT((0.8225,0.));
#762=IFCAXIS2PLACEMENT2D(#761,$);
#763=IFCRECTANGLEPROFILEDEF(.AREA.,$,#762,0.055,0.08);
#764=IFCCARTESIANPOINT((0.,0.,0.));
#765=IFCAXIS2PLACEMENT3D(#764,$,$);
#766=IFCDIRECTION((0.,0.,1.));
#767=IFCEXTRUDEDAREASOLID(#763,#765,#766,2.2);
#768=IFCCARTESIANPOINT((0.425,0.));
#769=IFCAXIS2PLACEMENT2D(#768,$);
#770=IFCRECTANGLEPROFILEDEF(.AREA.,$,#769,0.74,0.08);
#771=IFCCARTESIANPOINT((0.,0.,2.145));
#772=IFCAXIS2PLACEMENT3D(#771,$,$);
#773=IFCDIRECTION((0.,0.,1.));
#774=IFCEXTRUDEDAREASOLID(#770,#772,#773,0.055);
#775=IFCCARTESIANPOINT((0.425,0.));
#776=IFCAXIS2PLACEMENT2D(#775,$);
#777=IFCRECTANGLEPROFILEDEF(.AREA.,$,#776,0.74,0.04);
#778=IFCCARTESIANPOINT((0.,0.,0.));
#779=IFCAXIS2PLACEMENT3D(#778,$,$);
#780=IFCDIRECTION((0.,0.,1.));
#781=IFCEXTRUDEDAREASOLID(#777,#779,#780,2.145);
#782=IFCSTYLEDITEM(#760,(#109),$);
#783=IFCSTYLEDITEM(#767,(#109),$);
#784=IFCSTYLEDITEM(#774,(#109),$);
#785=IFCSTYLEDITEM(#781,(#115),$);
#786=IFCSHAPEREPRESENTATION(#12,'Body','SweptSolid',(#760,#767,#774,#781));
#787=IFCPRODUCTDEFINITIONSHAPE($,$,(#786));
#788=IFCDOOR('3Nf$Jzxco6PTBW_H$lkUOh',#5,'Door 4',$,$,#753,#787,$,2.2,0.85,.DOOR.,.SINGLE_SWING_RIGHT.,$);
#789=IFCRELFILLSELEMENT('3$nBZRfwn$Gt52kNX4RN$V',#5,$,$,#747,#788);
#790=IFCCARTESIANPOINT((0.005,8.402,0.));
#791=IFCDIRECTION((0.,0.,1.));
#792=IFCDIRECTION((1.,0.,0.));
#793=IFCAXIS2PLACEMENT3D(#790,#791,#792);
#794=IFCLOCALPLACEMENT(#26,#793);
#795=IFCCARTESIANPOINT((2.3575,0.));
#796=IFCAXIS2PLACEMENT2D(#795,$);
#797=IFCRECTANGLEPROFILEDEF(.AREA.,$,#796,4.715,0.1);
#798=IFCCARTESIANPOINT((0.,0.,0.));
#799=IFCAXIS2PLACEMENT3D(#798,$,$);
#800=IFCDIRECTION((0.,0.,1.));
#801=IFCEXTRUDEDAREASOLID(#797,#799,#800,2.7);
#802=IFCSHAPEREPRESENTATION(#12,'Body','SweptSolid',(#801));
#803=IFCPRODUCTDEFINITIONSHAPE($,$,(#802));
#804=IFCWALL('2B2NQznh84SikD$S$kdmXc',#5,'Wall 7',$,$,#794,#803,$,.STANDARD.);
#805=IFCCARTESIANPOINT((1.6755,8.402,0.));
#806=IFCDIRECTION((0.,0.,1.));
#807=IFCDIRECTION((1.,0.,0.));
#808=IFCAXIS2PLACEMENT3D(#805,#806,#807);
#809=IFCLOCALPLACEMENT(#26,#808);
#810=IFCCARTESIANPOINT((0.6025,0.));
#811=IFCAXIS2PLACEMENT2D(#810,$);
#812=IFCRECTANGLEPROFILEDEF(.AREA.,$,#811,1.205,0.16);
#813=IFCCARTESIANPOINT((0.,0.,0.));
#814=IFCAXIS2PLACEMENT3D(#813,$,$);
#815=IFCDIRECTION((0.,0.,1.));
#816=IFCEXTRUDEDAREASOLID(#812,#814,#815,2.2);
#817=IFCSHAPEREPRESENTATION(#12,'Body','SweptSolid',(#816));
#818=IFCPRODUCTDEFINITIONSHAPE($,$,(#817));
#819=IFCOPENINGELEMENT('1MxpBs6cafk3PqIeNunhKn',#5,'Opening (opening)',$,$,#809,#818,$,.OPENING.);
#820=IFCRELVOIDSELEMENT('3XZbdeuSQBHWsvL7cDM2zD',#5,$,$,#804,#819);
#821=IFCCARTESIANPOINT((0.005,10.802,0.));
#822=IFCDIRECTION((0.,0.,1.));
#823=IFCDIRECTION((1.,0.,0.));
#824=IFCAXIS2PLACEMENT3D(#821,#822,#823);
#825=IFCLOCALPLACEMENT(#26,#824);
#826=IFCCARTESIANPOINT((2.3575,0.));
#827=IFCAXIS2PLACEMENT2D(#826,$);
#828=IFCRECTANGLEPROFILEDEF(.AREA.,$,#827,4.715,0.1);
#829=IFCCARTESIANPOINT((0.,0.,0.));
#830=IFCAXIS2PLACEMENT3D(#829,$,$);
#831=IFCDIRECTION((0.,0.,1.));
#832=IFCEXTRUDEDAREASOLID(#828,#830,#831,2.7);
#833=IFCSHAPEREPRESENTATION(#12,'Body','SweptSolid',(#832));
#834=IFCPRODUCTDEFINITIONSHAPE($,$,(#833));
#835=IFCWALL('1MqRH$9S75MXIczCT51Hz1',#5,'Wall 8',$,$,#825,#834,$,.STANDARD.);
#836=IFCCARTESIANPOINT((1.845,10.802,0.));
#837=IFCDIRECTION((0.,0.,1.));
#838=IFCDIRECTION((1.,0.,0.));
#839=IFCAXIS2PLACEMENT3D(#836,#837,#838);
#840=IFCLOCALPLACEMENT(#26,#839);
#841=IFCCARTESIANPOINT((0.42,0.));
#842=IFCAXIS2PLACEMENT2D(#841,$);
#843=IFCRECTANGLEPROFILEDEF(.AREA.,$,#842,0.84,0.16);
#844=IFCCARTESIANPOINT((0.,0.,0.));
#845=IFCAXIS2PLACEMENT3D(#844,$,$);
#846=IFCDIRECTION((0.,0.,1.));
#847=IFCEXTRUDEDAREASOLID(#843,#845,#846,2.2);
#848=IFCSHAPEREPRESENTATION(#12,'Body','SweptSolid',(#847));
#849=IFCPRODUCTDEFINITIONSHAPE($,$,(#848));
#850=IFCOPENINGELEMENT('01Md9SGkuGVhHhVhAdEhHd',#5,'Opening (door)',$,$,#840,#849,$,.OPENING.);
#851=IFCRELVOIDSELEMENT('3SdtJttz0OmR79_pkkLV0t',#5,$,$,#835,#850);
#852=IFCCARTESIANPOINT((1.845,10.802,0.));
#853=IFCDIRECTION((0.,0.,1.));
#854=IFCDIRECTION((1.,0.,0.));
#855=IFCAXIS2PLACEMENT3D(#852,#853,#854);
#856=IFCLOCALPLACEMENT(#26,#855);
#857=IFCCARTESIANPOINT((0.0275,0.));
#858=IFCAXIS2PLACEMENT2D(#857,$);
#859=IFCRECTANGLEPROFILEDEF(.AREA.,$,#858,0.055,0.08);
#860=IFCCARTESIANPOINT((0.,0.,0.));
#861=IFCAXIS2PLACEMENT3D(#860,$,$);
#862=IFCDIRECTION((0.,0.,1.));
#863=IFCEXTRUDEDAREASOLID(#859,#861,#862,2.2);
#864=IFCCARTESIANPOINT((0.8125,0.));
#865=IFCAXIS2PLACEMENT2D(#864,$);
#866=IFCRECTANGLEPROFILEDEF(.AREA.,$,#865,0.055,0.08);
#867=IFCCARTESIANPOINT((0.,0.,0.));
#868=IFCAXIS2PLACEMENT3D(#867,$,$);
#869=IFCDIRECTION((0.,0.,1.));
#870=IFCEXTRUDEDAREASOLID(#866,#868,#869,2.2);
#871=IFCCARTESIANPOINT((0.42,0.));
#872=IFCAXIS2PLACEMENT2D(#871,$);
#873=IFCRECTANGLEPROFILEDEF(.AREA.,$,#872,0.73,0.08);
#874=IFCCARTESIANPOINT((0.,0.,2.145));
#875=IFCAXIS2PLACEMENT3D(#874,$,$);
#876=IFCDIRECTION((0.,0.,1.));
#877=IFCEXTRUDEDAREASOLID(#873,#875,#876,0.055);
#878=IFCCARTESIANPOINT((0.42,0.));
#879=IFCAXIS2PLACEMENT2D(#878,$);
#880=IFCRECTANGLEPROFILEDEF(.AREA.,$,#879,0.73,0.04);
#881=IFCCARTESIANPOINT((0.,0.,0.));
#882=IFCAXIS2PLACEMENT3D(#881,$,$);
#883=IFCDIRECTION((0.,0.,1.));
#884=IFCEXTRUDEDAREASOLID(#880,#882,#883,2.145);
#885=IFCSTYLEDITEM(#863,(#109),$);
#886=IFCSTYLEDITEM(#870,(#109),$);
#887=IFCSTYLEDITEM(#877,(#109),$);
#888=IFCSTYLEDITEM(#884,(#115),$);
#889=IFCSHAPEREPRESENTATION(#12,'Body','SweptSolid',(#863,#870,#877,#884));
#890=IFCPRODUCTDEFINITIONSHAPE($,$,(#889));
#891=IFCDOOR('2imuEvyNN5b00u49YjfiPa',#5,'Door 5',$,$,#856,#890,$,2.2,0.84,.DOOR.,.SINGLE_SWING_LEFT.,$);
#892=IFCRELFILLSELEMENT('3PYwidBKLGllhw0F1M1EVQ',#5,$,$,#850,#891);
#893=IFCCARTESIANPOINT((0.005,13.202,0.));
#894=IFCDIRECTION((0.,0.,1.));
#895=IFCDIRECTION((1.,0.,0.));
#896=IFCAXIS2PLACEMENT3D(#893,#894,#895);
#897=IFCLOCALPLACEMENT(#26,#896);
#898=IFCCARTESIANPOINT((2.3575,0.));
#899=IFCAXIS2PLACEMENT2D(#898,$);
#900=IFCRECTANGLEPROFILEDEF(.AREA.,$,#899,4.715,0.1);
#901=IFCCARTESIANPOINT((0.,0.,0.));
#902=IFCAXIS2PLACEMENT3D(#901,$,$);
#903=IFCDIRECTION((0.,0.,1.));
#904=IFCEXTRUDEDAREASOLID(#900,#902,#903,2.7);
#905=IFCSHAPEREPRESENTATION(#12,'Body','SweptSolid',(#904));
#906=IFCPRODUCTDEFINITIONSHAPE($,$,(#905));
#907=IFCWALL('0aEdR0f_YKglVWRAqiar3F',#5,'Wall 9',$,$,#897,#906,$,.STANDARD.);
#908=IFCCARTESIANPOINT((0.005,15.202,0.));
#909=IFCDIRECTION((0.,0.,1.));
#910=IFCDIRECTION((1.,0.,0.));
#911=IFCAXIS2PLACEMENT3D(#908,#909,#910);
#912=IFCLOCALPLACEMENT(#26,#911);
#913=IFCCARTESIANPOINT((2.3575,0.));
#914=IFCAXIS2PLACEMENT2D(#913,$);
#915=IFCRECTANGLEPROFILEDEF(.AREA.,$,#914,4.715,0.1);
#916=IFCCARTESIANPOINT((0.,0.,0.));
#917=IFCAXIS2PLACEMENT3D(#916,$,$);
#918=IFCDIRECTION((0.,0.,1.));
#919=IFCEXTRUDEDAREASOLID(#915,#917,#918,2.7);
#920=IFCSHAPEREPRESENTATION(#12,'Body','SweptSolid',(#919));
#921=IFCPRODUCTDEFINITIONSHAPE($,$,(#920));
#922=IFCWALL('1seV5FleW1I3HbCO35QgTM',#5,'Wall 10',$,$,#912,#921,$,.STANDARD.);
#923=IFCCARTESIANPOINT((3.5505,15.202,0.));
#924=IFCDIRECTION((0.,0.,1.));
#925=IFCDIRECTION((1.,0.,0.));
#926=IFCAXIS2PLACEMENT3D(#923,#924,#925);
#927=IFCLOCALPLACEMENT(#26,#926);
#928=IFCCARTESIANPOINT((0.3875,0.));
#929=IFCAXIS2PLACEMENT2D(#928,$);
#930=IFCRECTANGLEPROFILEDEF(.AREA.,$,#929,0.775,0.16);
#931=IFCCARTESIANPOINT((0.,0.,0.));
#932=IFCAXIS2PLACEMENT3D(#931,$,$);
#933=IFCDIRECTION((0.,0.,1.));
#934=IFCEXTRUDEDAREASOLID(#930,#932,#933,2.2);
#935=IFCSHAPEREPRESENTATION(#12,'Body','SweptSolid',(#934));
#936=IFCPRODUCTDEFINITIONSHAPE($,$,(#935));
#937=IFCOPENINGELEMENT('2YK1nGAoHBIBjBRGCNMU5V',#5,'Opening (door)',$,$,#927,#936,$,.OPENING.);
#938=IFCRELVOIDSELEMENT('37rb$oDxWwdPR0kNapVeQX',#5,$,$,#922,#937);
#939=IFCCARTESIANPOINT((3.5505,15.202,0.));
#940=IFCDIRECTION((0.,0.,1.));
#941=IFCDIRECTION((1.,0.,0.));
#942=IFCAXIS2PLACEMENT3D(#939,#940,#941);
#943=IFCLOCALPLACEMENT(#26,#942);
#944=IFCCARTESIANPOINT((0.0275,0.));
#945=IFCAXIS2PLACEMENT2D(#944,$);
#946=IFCRECTANGLEPROFILEDEF(.AREA.,$,#945,0.055,0.08);
#947=IFCCARTESIANPOINT((0.,0.,0.));
#948=IFCAXIS2PLACEMENT3D(#947,$,$);
#949=IFCDIRECTION((0.,0.,1.));
#950=IFCEXTRUDEDAREASOLID(#946,#948,#949,2.2);
#951=IFCCARTESIANPOINT((0.7475,0.));
#952=IFCAXIS2PLACEMENT2D(#951,$);
#953=IFCRECTANGLEPROFILEDEF(.AREA.,$,#952,0.055,0.08);
#954=IFCCARTESIANPOINT((0.,0.,0.));
#955=IFCAXIS2PLACEMENT3D(#954,$,$);
#956=IFCDIRECTION((0.,0.,1.));
#957=IFCEXTRUDEDAREASOLID(#953,#955,#956,2.2);
#958=IFCCARTESIANPOINT((0.3875,0.));
#959=IFCAXIS2PLACEMENT2D(#958,$);
#960=IFCRECTANGLEPROFILEDEF(.AREA.,$,#959,0.665,0.08);
#961=IFCCARTESIANPOINT((0.,0.,2.145));
#962=IFCAXIS2PLACEMENT3D(#961,$,$);
#963=IFCDIRECTION((0.,0.,1.));
#964=IFCEXTRUDEDAREASOLID(#960,#962,#963,0.055);
#965=IFCCARTESIANPOINT((0.3875,0.));
#966=IFCAXIS2PLACEMENT2D(#965,$);
#967=IFCRECTANGLEPROFILEDEF(.AREA.,$,#966,0.665,0.04);
#968=IFCCARTESIANPOINT((0.,0.,0.));
#969=IFCAXIS2PLACEMENT3D(#968,$,$);
#970=IFCDIRECTION((0.,0.,1.));
#971=IFCEXTRUDEDAREASOLID(#967,#969,#970,2.145);
#972=IFCSTYLEDITEM(#950,(#109),$);
#973=IFCSTYLEDITEM(#957,(#109),$);
#974=IFCSTYLEDITEM(#964,(#109),$);
#975=IFCSTYLEDITEM(#971,(#115),$);
#976=IFCSHAPEREPRESENTATION(#12,'Body','SweptSolid',(#950,#957,#964,#971));
#977=IFCPRODUCTDEFINITIONSHAPE($,$,(#976));
#978=IFCDOOR('0pbPemfoRZVdg4CPJtAvvi',#5,'Door 6',$,$,#943,#977,$,2.2,0.775,.DOOR.,.SINGLE_SWING_RIGHT.,$);
#979=IFCRELFILLSELEMENT('09myDB5P3h7EWeRav$rJMF',#5,$,$,#937,#978);
#980=IFCCARTESIANPOINT((3.247,13.155,0.));
#981=IFCDIRECTION((0.,0.,1.));
#982=IFCDIRECTION((0.,1.,0.));
#983=IFCAXIS2PLACEMENT3D(#980,#981,#982);
#984=IFCLOCALPLACEMENT(#26,#983);
#985=IFCCARTESIANPOINT((1.0475,0.));
#986=IFCAXIS2PLACEMENT2D(#985,$);
#987=IFCRECTANGLEPROFILEDEF(.AREA.,$,#986,2.095,0.098);
#988=IFCCARTESIANPOINT((0.,0.,0.));
#989=IFCAXIS2PLACEMENT3D(#988,$,$);
#990=IFCDIRECTION((0.,0.,1.));
#991=IFCEXTRUDEDAREASOLID(#987,#989,#990,2.7);
#992=IFCSHAPEREPRESENTATION(#12,'Body','SweptSolid',(#991));
#993=IFCPRODUCTDEFINITIONSHAPE($,$,(#992));
#994=IFCWALL('3$Tfifu1N6ndOf8Z6IjIUB',#5,'Wall 11',$,$,#984,#993,$,.STANDARD.);
#995=IFCCARTESIANPOINT((3.247,14.1155,0.));
#996=IFCDIRECTION((0.,0.,1.));
#997=IFCDIRECTION((0.,1.,0.));
#998=IFCAXIS2PLACEMENT3D(#995,#996,#997);
#999=IFCLOCALPLACEMENT(#26,#998);
#1000=IFCCARTESIANPOINT((0.4125,0.));
#1001=IFCAXIS2PLACEMENT2D(#1000,$);
#1002=IFCRECTANGLEPROFILEDEF(.AREA.,$,#1001,0.825,0.158);
#1003=IFCCARTESIANPOINT((0.,0.,0.));
#1004=IFCAXIS2PLACEMENT3D(#1003,$,$);
#1005=IFCDIRECTION((0.,0.,1.));
#1006=IFCEXTRUDEDAREASOLID(#1002,#1004,#1005,2.2);
#1007=IFCSHAPEREPRESENTATION(#12,'Body','SweptSolid',(#1006));
#1008=IFCPRODUCTDEFINITIONSHAPE($,$,(#1007));
#1009=IFCOPENINGELEMENT('0wSdYNDkWvJD5BJJE0gwwz',#5,'Opening (door)',$,$,#999,#1008,$,.OPENING.);
#1010=IFCRELVOIDSELEMENT('2Vd8Mk2CmTBjvEk0E7tOtY',#5,$,$,#994,#1009);
#1011=IFCCARTESIANPOINT((3.247,14.1155,0.));
#1012=IFCDIRECTION((0.,0.,1.));
#1013=IFCDIRECTION((0.,1.,0.));
#1014=IFCAXIS2PLACEMENT3D(#1011,#1012,#1013);
#1015=IFCLOCALPLACEMENT(#26,#1014);
#1016=IFCCARTESIANPOINT((0.0275,0.));
#1017=IFCAXIS2PLACEMENT2D(#1016,$);
#1018=IFCRECTANGLEPROFILEDEF(.AREA.,$,#1017,0.055,0.08);
#1019=IFCCARTESIANPOINT((0.,0.,0.));
#1020=IFCAXIS2PLACEMENT3D(#1019,$,$);
#1021=IFCDIRECTION((0.,0.,1.));
#1022=IFCEXTRUDEDAREASOLID(#1018,#1020,#1021,2.2);
#1023=IFCCARTESIANPOINT((0.7975,0.));
#1024=IFCAXIS2PLACEMENT2D(#1023,$);
#1025=IFCRECTANGLEPROFILEDEF(.AREA.,$,#1024,0.055,0.08);
#1026=IFCCARTESIANPOINT((0.,0.,0.));
#1027=IFCAXIS2PLACEMENT3D(#1026,$,$);
#1028=IFCDIRECTION((0.,0.,1.));
#1029=IFCEXTRUDEDAREASOLID(#1025,#1027,#1028,2.2);
#1030=IFCCARTESIANPOINT((0.4125,0.));
#1031=IFCAXIS2PLACEMENT2D(#1030,$);
#1032=IFCRECTANGLEPROFILEDEF(.AREA.,$,#1031,0.715,0.08);
#1033=IFCCARTESIANPOINT((0.,0.,2.145));
#1034=IFCAXIS2PLACEMENT3D(#1033,$,$);
#1035=IFCDIRECTION((0.,0.,1.));
#1036=IFCEXTRUDEDAREASOLID(#1032,#1034,#1035,0.055);
#1037=IFCCARTESIANPOINT((0.4125,0.));
#1038=IFCAXIS2PLACEMENT2D(#1037,$);
#1039=IFCRECTANGLEPROFILEDEF(.AREA.,$,#1038,0.715,0.0392);
#1040=IFCCARTESIANPOINT((0.,0.,0.));
#1041=IFCAXIS2PLACEMENT3D(#1040,$,$);
#1042=IFCDIRECTION((0.,0.,1.));
#1043=IFCEXTRUDEDAREASOLID(#1039,#1041,#1042,2.145);
#1044=IFCSTYLEDITEM(#1022,(#109),$);
#1045=IFCSTYLEDITEM(#1029,(#109),$);
#1046=IFCSTYLEDITEM(#1036,(#109),$);
#1047=IFCSTYLEDITEM(#1043,(#115),$);
#1048=IFCSHAPEREPRESENTATION(#12,'Body','SweptSolid',(#1022,#1029,#1036,#1043));
#1049=IFCPRODUCTDEFINITIONSHAPE($,$,(#1048));
#1050=IFCDOOR('2wXS3c4vMaCaz9SaMQAwTP',#5,'Door 7',$,$,#1015,#1049,$,2.2,0.825,.DOOR.,.SINGLE_SWING_RIGHT.,$);
#1051=IFCRELFILLSELEMENT('3xVoRhzxFqHpTJQONIr1VD',#5,$,$,#1009,#1050);
#1052=IFCCARTESIANPOINT((4.674,15.155,0.));
#1053=IFCDIRECTION((0.,0.,1.));
#1054=IFCDIRECTION((0.,1.,0.));
#1055=IFCAXIS2PLACEMENT3D(#1052,#1053,#1054);
#1056=IFCLOCALPLACEMENT(#26,#1055);
#1057=IFCCARTESIANPOINT((0.9525,0.));
#1058=IFCAXIS2PLACEMENT2D(#1057,$);
#1059=IFCRECTANGLEPROFILEDEF(.AREA.,$,#1058,1.905,0.1);
#1060=IFCCARTESIANPOINT((0.,0.,0.));
#1061=IFCAXIS2PLACEMENT3D(#1060,$,$);
#1062=IFCDIRECTION((0.,0.,1.));
#1063=IFCEXTRUDEDAREASOLID(#1059,#1061,#1062,2.7);
#1064=IFCSHAPEREPRESENTATION(#12,'Body','SweptSolid',(#1063));
#1065=IFCPRODUCTDEFINITIONSHAPE($,$,(#1064));
#1066=IFCWALL('2pizYRoFq1OiRNd1YGRaH2',#5,'Wall 12',$,$,#1056,#1065,$,.STANDARD.);
#1067=IFCCARTESIANPOINT((4.285,17.012,0.));
#1068=IFCDIRECTION((0.,0.,1.));
#1069=IFCDIRECTION((1.,0.,0.));
#1070=IFCAXIS2PLACEMENT3D(#1067,#1068,#1069);
#1071=IFCLOCALPLACEMENT(#26,#1070);
#1072=IFCCARTESIANPOINT((0.2175,0.));
#1073=IFCAXIS2PLACEMENT2D(#1072,$);
#1074=IFCRECTANGLEPROFILEDEF(.AREA.,$,#1073,0.435,0.1);
#1075=IFCCARTESIANPOINT((0.,0.,0.));
#1076=IFCAXIS2PLACEMENT3D(#1075,$,$);
#1077=IFCDIRECTION((0.,0.,1.));
#1078=IFCEXTRUDEDAREASOLID(#1074,#1076,#1077,2.7);
#1079=IFCSHAPEREPRESENTATION(#12,'Body','SweptSolid',(#1078));
#1080=IFCPRODUCTDEFINITIONSHAPE($,$,(#1079));
#1081=IFCWALL('30A7fezsK5P0RhsIiI_iB5',#5,'Wall 13',$,$,#1071,#1080,$,.STANDARD.);
#1082=IFCCARTESIANPOINT((4.331,16.965,0.));
#1083=IFCDIRECTION((0.,0.,1.));
#1084=IFCDIRECTION((0.,1.,0.));
#1085=IFCAXIS2PLACEMENT3D(#1082,#1083,#1084);
#1086=IFCLOCALPLACEMENT(#26,#1085);
#1087=IFCCARTESIANPOINT((1.3175,0.));
#1088=IFCAXIS2PLACEMENT2D(#1087,$);
#1089=IFCRECTANGLEPROFILEDEF(.AREA.,$,#1088,2.635,0.1);
#1090=IFCCARTESIANPOINT((0.,0.,0.));
#1091=IFCAXIS2PLACEMENT3D(#1090,$,$);
#1092=IFCDIRECTION((0.,0.,1.));
#1093=IFCEXTRUDEDAREASOLID(#1089,#1091,#1092,2.7);
#1094=IFCSHAPEREPRESENTATION(#12,'Body','SweptSolid',(#1093));
#1095=IFCPRODUCTDEFINITIONSHAPE($,$,(#1094));
#1096=IFCWALL('3lG$NVEQjlv4LwfvmJaM4L',#5,'Wall 14',$,$,#1086,#1095,$,.STANDARD.);
#1097=IFCCARTESIANPOINT((6.474,12.895,0.));
#1098=IFCDIRECTION((0.,0.,1.));
#1099=IFCDIRECTION((0.,1.,0.));
#1100=IFCAXIS2PLACEMENT3D(#1097,#1098,#1099);
#1101=IFCLOCALPLACEMENT(#26,#1100);
#1102=IFCCARTESIANPOINT((3.3525,0.));
#1103=IFCAXIS2PLACEMENT2D(#1102,$);
#1104=IFCRECTANGLEPROFILEDEF(.AREA.,$,#1103,6.705,0.1);
#1105=IFCCARTESIANPOINT((0.,0.,0.));
#1106=IFCAXIS2PLACEMENT3D(#1105,$,$);
#1107=IFCDIRECTION((0.,0.,1.));
#1108=IFCEXTRUDEDAREASOLID(#1104,#1106,#1107,2.7);
#1109=IFCSHAPEREPRESENTATION(#12,'Body','SweptSolid',(#1108));
#1110=IFCPRODUCTDEFINITIONSHAPE($,$,(#1109));
#1111=IFCWALL('028nOG6rko0FpUNX$Wmvsh',#5,'Wall 15',$,$,#1101,#1110,$,.STANDARD.);
#1112=IFCCARTESIANPOINT((6.474,13.94,0.));
#1113=IFCDIRECTION((0.,0.,1.));
#1114=IFCDIRECTION((0.,1.,0.));
#1115=IFCAXIS2PLACEMENT3D(#1112,#1113,#1114);
#1116=IFCLOCALPLACEMENT(#26,#1115);
#1117=IFCCARTESIANPOINT((0.43,0.));
#1118=IFCAXIS2PLACEMENT2D(#1117,$);
#1119=IFCRECTANGLEPROFILEDEF(.AREA.,$,#1118,0.86,0.16);
#1120=IFCCARTESIANPOINT((0.,0.,0.));
#1121=IFCAXIS2PLACEMENT3D(#1120,$,$);
#1122=IFCDIRECTION((0.,0.,1.));
#1123=IFCEXTRUDEDAREASOLID(#1119,#1121,#1122,2.2);
#1124=IFCSHAPEREPRESENTATION(#12,'Body','SweptSolid',(#1123));
#1125=IFCPRODUCTDEFINITIONSHAPE($,$,(#1124));
#1126=IFCOPENINGELEMENT('2u1lkS6BuuRboMfOmFWW3D',#5,'Opening (door)',$,$,#1116,#1125,$,.OPENING.);
#1127=IFCRELVOIDSELEMENT('2Zt_cqP117tEg3klvTLD$u',#5,$,$,#1111,#1126);
#1128=IFCCARTESIANPOINT((6.474,13.94,0.));
#1129=IFCDIRECTION((0.,0.,1.));
#1130=IFCDIRECTION((0.,1.,0.));
#1131=IFCAXIS2PLACEMENT3D(#1128,#1129,#1130);
#1132=IFCLOCALPLACEMENT(#26,#1131);
#1133=IFCCARTESIANPOINT((0.0275,0.));
#1134=IFCAXIS2PLACEMENT2D(#1133,$);
#1135=IFCRECTANGLEPROFILEDEF(.AREA.,$,#1134,0.055,0.08);
#1136=IFCCARTESIANPOINT((0.,0.,0.));
#1137=IFCAXIS2PLACEMENT3D(#1136,$,$);
#1138=IFCDIRECTION((0.,0.,1.));
#1139=IFCEXTRUDEDAREASOLID(#1135,#1137,#1138,2.2);
#1140=IFCCARTESIANPOINT((0.8325,0.));
#1141=IFCAXIS2PLACEMENT2D(#1140,$);
#1142=IFCRECTANGLEPROFILEDEF(.AREA.,$,#1141,0.055,0.08);
#1143=IFCCARTESIANPOINT((0.,0.,0.));
#1144=IFCAXIS2PLACEMENT3D(#1143,$,$);
#1145=IFCDIRECTION((0.,0.,1.));
#1146=IFCEXTRUDEDAREASOLID(#1142,#1144,#1145,2.2);
#1147=IFCCARTESIANPOINT((0.43,0.));
#1148=IFCAXIS2PLACEMENT2D(#1147,$);
#1149=IFCRECTANGLEPROFILEDEF(.AREA.,$,#1148,0.75,0.08);
#1150=IFCCARTESIANPOINT((0.,0.,2.145));
#1151=IFCAXIS2PLACEMENT3D(#1150,$,$);
#1152=IFCDIRECTION((0.,0.,1.));
#1153=IFCEXTRUDEDAREASOLID(#1149,#1151,#1152,0.055);
#1154=IFCCARTESIANPOINT((0.43,0.));
#1155=IFCAXIS2PLACEMENT2D(#1154,$);
#1156=IFCRECTANGLEPROFILEDEF(.AREA.,$,#1155,0.75,0.04);
#1157=IFCCARTESIANPOINT((0.,0.,0.));
#1158=IFCAXIS2PLACEMENT3D(#1157,$,$);
#1159=IFCDIRECTION((0.,0.,1.));
#1160=IFCEXTRUDEDAREASOLID(#1156,#1158,#1159,2.145);
#1161=IFCSTYLEDITEM(#1139,(#109),$);
#1162=IFCSTYLEDITEM(#1146,(#109),$);
#1163=IFCSTYLEDITEM(#1153,(#109),$);
#1164=IFCSTYLEDITEM(#1160,(#115),$);
#1165=IFCSHAPEREPRESENTATION(#12,'Body','SweptSolid',(#1139,#1146,#1153,#1160));
#1166=IFCPRODUCTDEFINITIONSHAPE($,$,(#1165));
#1167=IFCDOOR('2IWTG2ZNxzzgS7K7EbHptg',#5,'Door 8',$,$,#1132,#1166,$,2.2,0.86,.DOOR.,.SINGLE_SWING_LEFT.,$);
#1168=IFCRELFILLSELEMENT('1m7XVy_7L$d1LErACowpB_',#5,$,$,#1126,#1167);
#1169=IFCCARTESIANPOINT((6.474,16.0555,0.));
#1170=IFCDIRECTION((0.,0.,1.));
#1171=IFCDIRECTION((0.,1.,0.));
#1172=IFCAXIS2PLACEMENT3D(#1169,#1170,#1171);
#1173=IFCLOCALPLACEMENT(#26,#1172);
#1174=IFCCARTESIANPOINT((0.4325,0.));
#1175=IFCAXIS2PLACEMENT2D(#1174,$);
#1176=IFCRECTANGLEPROFILEDEF(.AREA.,$,#1175,0.865,0.16);
#1177=IFCCARTESIANPOINT((0.,0.,0.));
#1178=IFCAXIS2PLACEMENT3D(#1177,$,$);
#1179=IFCDIRECTION((0.,0.,1.));
#1180=IFCEXTRUDEDAREASOLID(#1176,#1178,#1179,2.2);
#1181=IFCSHAPEREPRESENTATION(#12,'Body','SweptSolid',(#1180));
#1182=IFCPRODUCTDEFINITIONSHAPE($,$,(#1181));
#1183=IFCOPENINGELEMENT('0XXFGsaFrJZL03f8GtEcuE',#5,'Opening (door)',$,$,#1173,#1182,$,.OPENING.);
#1184=IFCRELVOIDSELEMENT('3YaYaiKldf4lVcrlPzWT9o',#5,$,$,#1111,#1183);
#1185=IFCCARTESIANPOINT((6.474,16.0555,0.));
#1186=IFCDIRECTION((0.,0.,1.));
#1187=IFCDIRECTION((0.,1.,0.));
#1188=IFCAXIS2PLACEMENT3D(#1185,#1186,#1187);
#1189=IFCLOCALPLACEMENT(#26,#1188);
#1190=IFCCARTESIANPOINT((0.0275,0.));
#1191=IFCAXIS2PLACEMENT2D(#1190,$);
#1192=IFCRECTANGLEPROFILEDEF(.AREA.,$,#1191,0.055,0.08);
#1193=IFCCARTESIANPOINT((0.,0.,0.));
#1194=IFCAXIS2PLACEMENT3D(#1193,$,$);
#1195=IFCDIRECTION((0.,0.,1.));
#1196=IFCEXTRUDEDAREASOLID(#1192,#1194,#1195,2.2);
#1197=IFCCARTESIANPOINT((0.8375,0.));
#1198=IFCAXIS2PLACEMENT2D(#1197,$);
#1199=IFCRECTANGLEPROFILEDEF(.AREA.,$,#1198,0.055,0.08);
#1200=IFCCARTESIANPOINT((0.,0.,0.));
#1201=IFCAXIS2PLACEMENT3D(#1200,$,$);
#1202=IFCDIRECTION((0.,0.,1.));
#1203=IFCEXTRUDEDAREASOLID(#1199,#1201,#1202,2.2);
#1204=IFCCARTESIANPOINT((0.4325,0.));
#1205=IFCAXIS2PLACEMENT2D(#1204,$);
#1206=IFCRECTANGLEPROFILEDEF(.AREA.,$,#1205,0.755,0.08);
#1207=IFCCARTESIANPOINT((0.,0.,2.145));
#1208=IFCAXIS2PLACEMENT3D(#1207,$,$);
#1209=IFCDIRECTION((0.,0.,1.));
#1210=IFCEXTRUDEDAREASOLID(#1206,#1208,#1209,0.055);
#1211=IFCCARTESIANPOINT((0.4325,0.));
#1212=IFCAXIS2PLACEMENT2D(#1211,$);
#1213=IFCRECTANGLEPROFILEDEF(.AREA.,$,#1212,0.755,0.04);
#1214=IFCCARTESIANPOINT((0.,0.,0.));
#1215=IFCAXIS2PLACEMENT3D(#1214,$,$);
#1216=IFCDIRECTION((0.,0.,1.));
#1217=IFCEXTRUDEDAREASOLID(#1213,#1215,#1216,2.145);
#1218=IFCSTYLEDITEM(#1196,(#109),$);
#1219=IFCSTYLEDITEM(#1203,(#109),$);
#1220=IFCSTYLEDITEM(#1210,(#109),$);
#1221=IFCSTYLEDITEM(#1217,(#115),$);
#1222=IFCSHAPEREPRESENTATION(#12,'Body','SweptSolid',(#1196,#1203,#1210,#1217));
#1223=IFCPRODUCTDEFINITIONSHAPE($,$,(#1222));
#1224=IFCDOOR('1AtrYglyvdF8OBBIkyW05V',#5,'Door 9',$,$,#1189,#1223,$,2.2,0.865,.DOOR.,.SINGLE_SWING_LEFT.,$);
#1225=IFCRELFILLSELEMENT('2mHa44FnJGkC0rqi8rBgv9',#5,$,$,#1183,#1224);
#1226=IFCCARTESIANPOINT((6.425,13.752,0.));
#1227=IFCDIRECTION((0.,0.,1.));
#1228=IFCDIRECTION((1.,0.,0.));
#1229=IFCAXIS2PLACEMENT3D(#1226,#1227,#1228);
#1230=IFCLOCALPLACEMENT(#26,#1229);
#1231=IFCCARTESIANPOINT((2.0225,0.));
#1232=IFCAXIS2PLACEMENT2D(#1231,$);
#1233=IFCRECTANGLEPROFILEDEF(.AREA.,$,#1232,4.045,0.1);
#1234=IFCCARTESIANPOINT((0.,0.,0.));
#1235=IFCAXIS2PLACEMENT3D(#1234,$,$);
#1236=IFCDIRECTION((0.,0.,1.));
#1237=IFCEXTRUDEDAREASOLID(#1233,#1235,#1236,2.7);
#1238=IFCSHAPEREPRESENTATION(#12,'Body','SweptSolid',(#1237));
#1239=IFCPRODUCTDEFINITIONSHAPE($,$,(#1238));
#1240=IFCWALL('3znzMRsGBHlS$0$MbWPx15',#5,'Wall 16',$,$,#1230,#1239,$,.STANDARD.);
#1241=IFCCARTESIANPOINT((6.425,15.852,0.));
#1242=IFCDIRECTION((0.,0.,1.));
#1243=IFCDIRECTION((1.,0.,0.));
#1244=IFCAXIS2PLACEMENT3D(#1241,#1242,#1243);
#1245=IFCLOCALPLACEMENT(#26,#1244);
#1246=IFCCARTESIANPOINT((2.0225,0.));
#1247=IFCAXIS2PLACEMENT2D(#1246,$);
#1248=IFCRECTANGLEPROFILEDEF(.AREA.,$,#1247,4.045,0.1);
#1249=IFCCARTESIANPOINT((0.,0.,0.));
#1250=IFCAXIS2PLACEMENT3D(#1249,$,$);
#1251=IFCDIRECTION((0.,0.,1.));
#1252=IFCEXTRUDEDAREASOLID(#1248,#1250,#1251,2.7);
#1253=IFCSHAPEREPRESENTATION(#12,'Body','SweptSolid',(#1252));
#1254=IFCPRODUCTDEFINITIONSHAPE($,$,(#1253));
#1255=IFCWALL('1ceD26Vf1mqFRLGg0ne93C',#5,'Wall 17',$,$,#1245,#1254,$,.STANDARD.);
#1256=IFCCARTESIANPOINT((13.899,14.455,0.));
#1257=IFCDIRECTION((0.,0.,1.));
#1258=IFCDIRECTION((0.,1.,0.));
#1259=IFCAXIS2PLACEMENT3D(#1256,#1257,#1258);
#1260=IFCLOCALPLACEMENT(#26,#1259);
#1261=IFCCARTESIANPOINT((2.5725,0.));
#1262=IFCAXIS2PLACEMENT2D(#1261,$);
#1263=IFCRECTANGLEPROFILEDEF(.AREA.,$,#1262,5.145,0.15);
#1264=IFCCARTESIANPOINT((0.,0.,0.));
#1265=IFCAXIS2PLACEMENT3D(#1264,$,$);
#1266=IFCDIRECTION((0.,0.,1.));
#1267=IFCEXTRUDEDAREASOLID(#1263,#1265,#1266,2.7);
#1268=IFCSHAPEREPRESENTATION(#12,'Body','SweptSolid',(#1267));
#1269=IFCPRODUCTDEFINITIONSHAPE($,$,(#1268));
#1270=IFCWALL('0E2ZTL0jyui7OEa0gAvI08',#5,'Wall 18',$,$,#1260,#1269,$,.STANDARD.);
#1271=IFCCARTESIANPOINT((10.325,14.527,0.));
#1272=IFCDIRECTION((0.,0.,1.));
#1273=IFCDIRECTION((1.,0.,0.));
#1274=IFCAXIS2PLACEMENT3D(#1271,#1272,#1273);
#1275=IFCLOCALPLACEMENT(#26,#1274);
#1276=IFCCARTESIANPOINT((1.8225,0.));
#1277=IFCAXIS2PLACEMENT2D(#1276,$);
#1278=IFCRECTANGLEPROFILEDEF(.AREA.,$,#1277,3.645,0.15);
#1279=IFCCARTESIANPOINT((0.,0.,0.));
#1280=IFCAXIS2PLACEMENT3D(#1279,$,$);
#1281=IFCDIRECTION((0.,0.,1.));
#1282=IFCEXTRUDEDAREASOLID(#1278,#1280,#1281,2.7);
#1283=IFCSHAPEREPRESENTATION(#12,'Body','SweptSolid',(#1282));
#1284=IFCPRODUCTDEFINITIONSHAPE($,$,(#1283));
#1285=IFCWALL('1ZbPR$OciuTOGSA6hKJHov',#5,'Wall 19',$,$,#1275,#1284,$,.STANDARD.);
#1286=IFCCARTESIANPOINT((0.,0.,-0.2));
#1287=IFCDIRECTION((0.,0.,1.));
#1288=IFCDIRECTION((1.,0.,0.));
#1289=IFCAXIS2PLACEMENT3D(#1286,#1287,#1288);
#1290=IFCLOCALPLACEMENT(#26,#1289);
#1291=IFCCARTESIANPOINT((0.001,3.602));
#1292=IFCCARTESIANPOINT((4.774,3.602));
#1293=IFCCARTESIANPOINT((4.774,4.902));
#1294=IFCCARTESIANPOINT((10.474,4.902));
#1295=IFCCARTESIANPOINT((10.474,19.602));
#1296=IFCCARTESIANPOINT((0.001,19.602));
#1297=IFCPOLYLINE((#1291,#1292,#1293,#1294,#1295,#1296,#1291));
#1298=IFCARBITRARYCLOSEDPROFILEDEF(.AREA.,$,#1297);
#1299=IFCCARTESIANPOINT((0.,0.,0.));
#1300=IFCAXIS2PLACEMENT3D(#1299,$,$);
#1301=IFCDIRECTION((0.,0.,1.));
#1302=IFCEXTRUDEDAREASOLID(#1298,#1300,#1301,0.2);
#1303=IFCSHAPEREPRESENTATION(#12,'Body','SweptSolid',(#1302));
#1304=IFCPRODUCTDEFINITIONSHAPE($,$,(#1303));
#1305=IFCSLAB('3uOYoz6Xe5UwGXsruAruEN',#5,'Floor 1',$,$,#1290,#1304,$,.FLOOR.);
#1306=IFCPROPERTYSINGLEVALUE('Material',$,IFCTEXT('tile'),$);
#1307=IFCPROPERTYSINGLEVALUE('TilePattern',$,IFCTEXT('grid'),$);
#1308=IFCPROPERTYSINGLEVALUE('TileWidth',$,IFCTEXT('600 mm'),$);
#1309=IFCPROPERTYSINGLEVALUE('TileHeight',$,IFCTEXT('600 mm'),$);
#1310=IFCPROPERTYSINGLEVALUE('JointWidth',$,IFCTEXT('3 mm'),$);
#1311=IFCPROPERTYSINGLEVALUE('TileColour',$,IFCTEXT('#FFFFFF'),$);
#1312=IFCPROPERTYSINGLEVALUE('ReliefDepth',$,IFCTEXT('3 mm'),$);
#1313=IFCPROPERTYSET('0mDiFHbJwMOKCzvpjhseYv',#5,'Pset_SkannaFinish','Surface finish specification (Skanna)',(#1306,#1307,#1308,#1309,#1310,#1311,#1312));
#1314=IFCRELDEFINESBYPROPERTIES('0Uybe8040hGBvu_iE25aNg',#5,$,$,(#1305),#1313);
#1315=IFCCARTESIANPOINT((0.,0.,-0.2));
#1316=IFCDIRECTION((0.,0.,1.));
#1317=IFCDIRECTION((1.,0.,0.));
#1318=IFCAXIS2PLACEMENT3D(#1315,#1316,#1317);
#1319=IFCLOCALPLACEMENT(#26,#1318);
#1320=IFCCARTESIANPOINT((4.66,4.91));
#1321=IFCCARTESIANPOINT((4.66,3.65));
#1322=IFCCARTESIANPOINT((0.07,3.66));
#1323=IFCCARTESIANPOINT((0.07,0.03));
#1324=IFCCARTESIANPOINT((5.752,0.054));
#1325=IFCCARTESIANPOINT((5.752,1.154));
#1326=IFCCARTESIANPOINT((11.522,1.154));
#1327=IFCCARTESIANPOINT((11.522,5.75));
#1328=IFCCARTESIANPOINT((10.474,5.75));
#1329=IFCCARTESIANPOINT((10.474,4.902));
#1330=IFCPOLYLINE((#1320,#1321,#1322,#1323,#1324,#1325,#1326,#1327,#1328,#1329,#1320));
#1331=IFCARBITRARYCLOSEDPROFILEDEF(.AREA.,$,#1330);
#1332=IFCCARTESIANPOINT((0.,0.,0.));
#1333=IFCAXIS2PLACEMENT3D(#1332,$,$);
#1334=IFCDIRECTION((0.,0.,1.));
#1335=IFCEXTRUDEDAREASOLID(#1331,#1333,#1334,0.2);
#1336=IFCSHAPEREPRESENTATION(#12,'Body','SweptSolid',(#1335));
#1337=IFCPRODUCTDEFINITIONSHAPE($,$,(#1336));
#1338=IFCSLAB('2N9eph6e2Hegl_UJiq8SBh',#5,'Floor 2',$,$,#1319,#1337,$,.FLOOR.);
#1339=IFCCARTESIANPOINT((0.,0.,0.));
#1340=IFCDIRECTION((0.,0.,1.));
#1341=IFCDIRECTION((1.,0.,0.));
#1342=IFCAXIS2PLACEMENT3D(#1339,#1340,#1341);
#1343=IFCLOCALPLACEMENT(#26,#1342);
#1344=IFCCARTESIANPOINT((10.324,6.505));
#1345=IFCCARTESIANPOINT((10.324,8.475));
#1346=IFCCARTESIANPOINT((10.316,8.475));
#1347=IFCCARTESIANPOINT((10.316,6.505));
#1348=IFCPOLYLINE((#1344,#1345,#1346,#1347,#1344));
#1349=IFCARBITRARYCLOSEDPROFILEDEF(.AREA.,$,#1348);
#1350=IFCCARTESIANPOINT((0.,0.,0.));
#1351=IFCAXIS2PLACEMENT3D(#1350,$,$);
#1352=IFCDIRECTION((0.,0.,1.));
#1353=IFCEXTRUDEDAREASOLID(#1349,#1351,#1352,2.7);
#1354=IFCCOLOURRGB($,0.92549,0.917647,0.898039);
#1355=IFCSURFACESTYLESHADING(#1354,0.);
#1356=IFCSURFACESTYLE('stone',.BOTH.,(#1355));
#1357=IFCSTYLEDITEM(#1353,(#1356),$);
#1358=IFCSHAPEREPRESENTATION(#12,'Body','SweptSolid',(#1353));
#1359=IFCPRODUCTDEFINITIONSHAPE($,$,(#1358));
#1360=IFCCOVERING('0Lm9XFF56fGH94W0hxFZ1v',#5,'Wall finish 1 (stone)','#5A4436 stone, 8 mm',$,#1343,#1359,$,.CLADDING.);
#1361=IFCPROPERTYSINGLEVALUE('Material',$,IFCTEXT('stone'),$);
#1362=IFCPROPERTYSINGLEVALUE('StoneType',$,IFCTEXT('carrara'),$);
#1363=IFCPROPERTYSINGLEVALUE('ReliefDepth',$,IFCTEXT('1 mm'),$);
#1364=IFCPROPERTYSET('1Mj51tL1mXtQKVAOtACQa4',#5,'Pset_SkannaFinish','Surface finish specification (Skanna)',(#1361,#1362,#1363));
#1365=IFCRELDEFINESBYPROPERTIES('3rwPhpP4i4ufblxd5SlPIj',#5,$,$,(#1360),#1364);
#1366=IFCRELCOVERSBLDGELEMENTS('2l1wKU30CQAsP6$43BjrLl',#5,$,$,#428,(#1360));
#1367=IFCCARTESIANPOINT((0.,0.,0.));
#1368=IFCDIRECTION((0.,0.,1.));
#1369=IFCDIRECTION((1.,0.,0.));
#1370=IFCAXIS2PLACEMENT3D(#1367,#1368,#1369);
#1371=IFCLOCALPLACEMENT(#26,#1370);
#1372=IFCCARTESIANPOINT((0.,0.,0.));
#1373=IFCDIRECTION((0.,0.,1.));
#1374=IFCDIRECTION((1.,0.,0.));
#1375=IFCAXIS2PLACEMENT3D(#1372,#1373,#1374);
#1376=IFCLOCALPLACEMENT(#26,#1375);
#1377=IFCCARTESIANPOINT((0.,0.,0.));
#1378=IFCDIRECTION((0.,0.,1.));
#1379=IFCDIRECTION((1.,0.,0.));
#1380=IFCAXIS2PLACEMENT3D(#1377,#1378,#1379);
#1381=IFCLOCALPLACEMENT(#26,#1380);
#1382=IFCCARTESIANPOINT((0.,0.,0.));
#1383=IFCDIRECTION((0.,0.,1.));
#1384=IFCDIRECTION((1.,0.,0.));
#1385=IFCAXIS2PLACEMENT3D(#1382,#1383,#1384);
#1386=IFCLOCALPLACEMENT(#26,#1385);
#1387=IFCCARTESIANPOINT((0.,0.,0.));
#1388=IFCDIRECTION((0.,0.,1.));
#1389=IFCDIRECTION((1.,0.,0.));
#1390=IFCAXIS2PLACEMENT3D(#1387,#1388,#1389);
#1391=IFCLOCALPLACEMENT(#26,#1390);
#1392=IFCCARTESIANPOINT((0.,0.,0.));
#1393=IFCDIRECTION((0.,0.,1.));
#1394=IFCDIRECTION((1.,0.,0.));
#1395=IFCAXIS2PLACEMENT3D(#1392,#1393,#1394);
#1396=IFCLOCALPLACEMENT(#26,#1395);
#1397=IFCCARTESIANPOINT((0.,0.,0.));
#1398=IFCDIRECTION((0.,0.,1.));
#1399=IFCDIRECTION((1.,0.,0.));
#1400=IFCAXIS2PLACEMENT3D(#1397,#1398,#1399);
#1401=IFCLOCALPLACEMENT(#26,#1400);
#1402=IFCCARTESIANPOINT((0.,0.,0.));
#1403=IFCDIRECTION((0.,0.,1.));
#1404=IFCDIRECTION((1.,0.,0.));
#1405=IFCAXIS2PLACEMENT3D(#1402,#1403,#1404);
#1406=IFCLOCALPLACEMENT(#26,#1405);
#1407=IFCCARTESIANPOINT((0.,0.,0.));
#1408=IFCDIRECTION((0.,0.,1.));
#1409=IFCDIRECTION((1.,0.,0.));
#1410=IFCAXIS2PLACEMENT3D(#1407,#1408,#1409);
#1411=IFCLOCALPLACEMENT(#26,#1410);
#1412=IFCCARTESIANPOINT((0.,0.,0.));
#1413=IFCDIRECTION((0.,0.,1.));
#1414=IFCDIRECTION((1.,0.,0.));
#1415=IFCAXIS2PLACEMENT3D(#1412,#1413,#1414);
#1416=IFCLOCALPLACEMENT(#26,#1415);
#1417=IFCCARTESIANPOINT((0.,0.,0.));
#1418=IFCDIRECTION((0.,0.,1.));
#1419=IFCDIRECTION((1.,0.,0.));
#1420=IFCAXIS2PLACEMENT3D(#1417,#1418,#1419);
#1421=IFCLOCALPLACEMENT(#26,#1420);
#1422=IFCCARTESIANPOINT((0.,0.,0.));
#1423=IFCDIRECTION((0.,0.,1.));
#1424=IFCDIRECTION((1.,0.,0.));
#1425=IFCAXIS2PLACEMENT3D(#1422,#1423,#1424);
#1426=IFCLOCALPLACEMENT(#26,#1425);
#1427=IFCCARTESIANPOINT((0.,0.,0.));
#1428=IFCDIRECTION((0.,0.,1.));
#1429=IFCDIRECTION((1.,0.,0.));
#1430=IFCAXIS2PLACEMENT3D(#1427,#1428,#1429);
#1431=IFCLOCALPLACEMENT(#26,#1430);
#1432=IFCCARTESIANPOINT((0.,0.,0.));
#1433=IFCDIRECTION((0.,0.,1.));
#1434=IFCDIRECTION((1.,0.,0.));
#1435=IFCAXIS2PLACEMENT3D(#1432,#1433,#1434);
#1436=IFCLOCALPLACEMENT(#26,#1435);
#1437=IFCCARTESIANPOINT((0.,0.,0.));
#1438=IFCDIRECTION((0.,0.,1.));
#1439=IFCDIRECTION((1.,0.,0.));
#1440=IFCAXIS2PLACEMENT3D(#1437,#1438,#1439);
#1441=IFCLOCALPLACEMENT(#26,#1440);
#1442=IFCCARTESIANPOINT((0.,0.,0.));
#1443=IFCDIRECTION((0.,0.,1.));
#1444=IFCDIRECTION((1.,0.,0.));
#1445=IFCAXIS2PLACEMENT3D(#1442,#1443,#1444);
#1446=IFCLOCALPLACEMENT(#26,#1445);
#1447=IFCCARTESIANPOINT((0.,0.,0.));
#1448=IFCDIRECTION((0.,0.,1.));
#1449=IFCDIRECTION((1.,0.,0.));
#1450=IFCAXIS2PLACEMENT3D(#1447,#1448,#1449);
#1451=IFCLOCALPLACEMENT(#26,#1450);
#1452=IFCCARTESIANPOINT((0.,0.,0.));
#1453=IFCDIRECTION((0.,0.,1.));
#1454=IFCDIRECTION((1.,0.,0.));
#1455=IFCAXIS2PLACEMENT3D(#1452,#1453,#1454);
#1456=IFCLOCALPLACEMENT(#26,#1455);
#1457=IFCCARTESIANPOINT((0.,0.,0.));
#1458=IFCDIRECTION((0.,0.,1.));
#1459=IFCDIRECTION((1.,0.,0.));
#1460=IFCAXIS2PLACEMENT3D(#1457,#1458,#1459);
#1461=IFCLOCALPLACEMENT(#26,#1460);
#1462=IFCCARTESIANPOINT((5.25,0.6,0.));
#1463=IFCDIRECTION((0.,0.,1.));
#1464=IFCDIRECTION((1.,0.,0.));
#1465=IFCAXIS2PLACEMENT3D(#1462,#1463,#1464);
#1466=IFCLOCALPLACEMENT(#26,#1465);
#1467=IFCCARTESIANPOINT((0.,0.));
#1468=IFCAXIS2PLACEMENT2D(#1467,$);
#1469=IFCCIRCLEPROFILEDEF(.AREA.,$,#1468,0.2);
#1470=IFCCARTESIANPOINT((0.,0.,0.));
#1471=IFCAXIS2PLACEMENT3D(#1470,$,$);
#1472=IFCDIRECTION((0.,0.,1.));
#1473=IFCEXTRUDEDAREASOLID(#1469,#1471,#1472,2.7);
#1474=IFCSHAPEREPRESENTATION(#12,'Body','SweptSolid',(#1473));
#1475=IFCPRODUCTDEFINITIONSHAPE($,$,(#1474));
#1476=IFCCOLUMN('2M2vytWIC04NephNTPhcKR',#5,'Column 1','Round Ø400 mm',$,#1466,#1475,$,.COLUMN.);
#1477=IFCCARTESIANPOINT((11.,1.6,0.));
#1478=IFCDIRECTION((0.,0.,1.));
#1479=IFCDIRECTION((1.,0.,0.));
#1480=IFCAXIS2PLACEMENT3D(#1477,#1478,#1479);
#1481=IFCLOCALPLACEMENT(#26,#1480);
#1482=IFCCARTESIANPOINT((0.,0.));
#1483=IFCAXIS2PLACEMENT2D(#1482,$);
#1484=IFCCIRCLEPROFILEDEF(.AREA.,$,#1483,0.2);
#1485=IFCCARTESIANPOINT((0.,0.,0.));
#1486=IFCAXIS2PLACEMENT3D(#1485,$,$);
#1487=IFCDIRECTION((0.,0.,1.));
#1488=IFCEXTRUDEDAREASOLID(#1484,#1486,#1487,2.7);
#1489=IFCSHAPEREPRESENTATION(#12,'Body','SweptSolid',(#1488));
#1490=IFCPRODUCTDEFINITIONSHAPE($,$,(#1489));
#1491=IFCCOLUMN('1lSyiImiI9SK8dkvBOGT$G',#5,'Column 2','Round Ø400 mm',$,#1481,#1490,$,.COLUMN.);
#1492=IFCCARTESIANPOINT((10.474,5.75,0.));
#1493=IFCDIRECTION((0.,0.,1.));
#1494=IFCDIRECTION((1.,0.,0.));
#1495=IFCAXIS2PLACEMENT3D(#1492,#1493,#1494);
#1496=IFCLOCALPLACEMENT(#26,#1495);
#1497=IFCCARTESIANPOINT((0.,0.));
#1498=IFCAXIS2PLACEMENT2D(#1497,$);
#1499=IFCRECTANGLEPROFILEDEF(.AREA.,$,#1498,0.05,0.05);
#1500=IFCCARTESIANPOINT((0.,0.,0.));
#1501=IFCAXIS2PLACEMENT3D(#1500,$,$);
#1502=IFCDIRECTION((0.,0.,1.));
#1503=IFCEXTRUDEDAREASOLID(#1499,#1501,#1502,0.95);
#1504=IFCCARTESIANPOINT((1.048,0.));
#1505=IFCAXIS2PLACEMENT2D(#1504,$);
#1506=IFCRECTANGLEPROFILEDEF(.AREA.,$,#1505,0.05,0.05);
#1507=IFCCARTESIANPOINT((0.,0.,0.));
#1508=IFCAXIS2PLACEMENT3D(#1507,$,$);
#1509=IFCDIRECTION((0.,0.,1.));
#1510=IFCEXTRUDEDAREASOLID(#1506,#1508,#1509,0.95);
#1511=IFCCARTESIANPOINT((0.,0.95));
#1512=IFCCARTESIANPOINT((1.048,0.95));
#1513=IFCCARTESIANPOINT((1.048,1.));
#1514=IFCCARTESIANPOINT((0.,1.));
#1515=IFCPOLYLINE((#1511,#1512,#1513,#1514,#1511));
#1516=IFCARBITRARYCLOSEDPROFILEDEF(.AREA.,$,#1515);
#1517=IFCCARTESIANPOINT((0.,0.025,0.));
#1518=IFCDIRECTION((0.,-1.,0.));
#1519=IFCDIRECTION((1.,0.,0.));
#1520=IFCAXIS2PLACEMENT3D(#1517,#1518,#1519);
#1521=IFCDIRECTION((0.,0.,1.));
#1522=IFCEXTRUDEDAREASOLID(#1516,#1520,#1521,0.05);
#1523=IFCCARTESIANPOINT((0.,0.47));
#1524=IFCCARTESIANPOINT((1.048,0.47));
#1525=IFCCARTESIANPOINT((1.048,0.5));
#1526=IFCCARTESIANPOINT((0.,0.5));
#1527=IFCPOLYLINE((#1523,#1524,#1525,#1526,#1523));
#1528=IFCARBITRARYCLOSEDPROFILEDEF(.AREA.,$,#1527);
#1529=IFCCARTESIANPOINT((0.,0.015,0.));
#1530=IFCDIRECTION((0.,-1.,0.));
#1531=IFCDIRECTION((1.,0.,0.));
#1532=IFCAXIS2PLACEMENT3D(#1529,#1530,#1531);
#1533=IFCDIRECTION((0.,0.,1.));
#1534=IFCEXTRUDEDAREASOLID(#1528,#1532,#1533,0.03);
#1535=IFCCOLOURRGB($,0.647059,0.647059,0.647059);
#1536=IFCSURFACESTYLESHADING(#1535,0.);
#1537=IFCSURFACESTYLE('Metal',.BOTH.,(#1536));
#1538=IFCSTYLEDITEM(#1503,(#1537),$);
#1539=IFCSTYLEDITEM(#1510,(#1537),$);
#1540=IFCSTYLEDITEM(#1522,(#1537),$);
#1541=IFCSTYLEDITEM(#1534,(#1537),$);
#1542=IFCSHAPEREPRESENTATION(#12,'Body','SweptSolid',(#1503,#1510,#1522,#1534));
#1543=IFCPRODUCTDEFINITIONSHAPE($,$,(#1542));
#1544=IFCRAILING('0ImMcy1z3bTMnYfYm$jgiK',#5,'Railing 1',$,$,#1496,#1543,$,.GUARDRAIL.);
#1545=IFCCARTESIANPOINT((11.522,5.75,0.));
#1546=IFCDIRECTION((0.,0.,1.));
#1547=IFCDIRECTION((0.,-1.,0.));
#1548=IFCAXIS2PLACEMENT3D(#1545,#1546,#1547);
#1549=IFCLOCALPLACEMENT(#26,#1548);
#1550=IFCCARTESIANPOINT((0.,0.));
#1551=IFCAXIS2PLACEMENT2D(#1550,$);
#1552=IFCRECTANGLEPROFILEDEF(.AREA.,$,#1551,0.05,0.05);
#1553=IFCCARTESIANPOINT((0.,0.,0.));
#1554=IFCAXIS2PLACEMENT3D(#1553,$,$);
#1555=IFCDIRECTION((0.,0.,1.));
#1556=IFCEXTRUDEDAREASOLID(#1552,#1554,#1555,0.95);
#1557=IFCCARTESIANPOINT((1.15,0.));
#1558=IFCAXIS2PLACEMENT2D(#1557,$);
#1559=IFCRECTANGLEPROFILEDEF(.AREA.,$,#1558,0.05,0.05);
#1560=IFCCARTESIANPOINT((0.,0.,0.));
#1561=IFCAXIS2PLACEMENT3D(#1560,$,$);
#1562=IFCDIRECTION((0.,0.,1.));
#1563=IFCEXTRUDEDAREASOLID(#1559,#1561,#1562,0.95);
#1564=IFCCARTESIANPOINT((2.3,0.));
#1565=IFCAXIS2PLACEMENT2D(#1564,$);
#1566=IFCRECTANGLEPROFILEDEF(.AREA.,$,#1565,0.05,0.05);
#1567=IFCCARTESIANPOINT((0.,0.,0.));
#1568=IFCAXIS2PLACEMENT3D(#1567,$,$);
#1569=IFCDIRECTION((0.,0.,1.));
#1570=IFCEXTRUDEDAREASOLID(#1566,#1568,#1569,0.95);
#1571=IFCCARTESIANPOINT((3.45,0.));
#1572=IFCAXIS2PLACEMENT2D(#1571,$);
#1573=IFCRECTANGLEPROFILEDEF(.AREA.,$,#1572,0.05,0.05);
#1574=IFCCARTESIANPOINT((0.,0.,0.));
#1575=IFCAXIS2PLACEMENT3D(#1574,$,$);
#1576=IFCDIRECTION((0.,0.,1.));
#1577=IFCEXTRUDEDAREASOLID(#1573,#1575,#1576,0.95);
#1578=IFCCARTESIANPOINT((4.6,0.));
#1579=IFCAXIS2PLACEMENT2D(#1578,$);
#1580=IFCRECTANGLEPROFILEDEF(.AREA.,$,#1579,0.05,0.05);
#1581=IFCCARTESIANPOINT((0.,0.,0.));
#1582=IFCAXIS2PLACEMENT3D(#1581,$,$);
#1583=IFCDIRECTION((0.,0.,1.));
#1584=IFCEXTRUDEDAREASOLID(#1580,#1582,#1583,0.95);
#1585=IFCCARTESIANPOINT((0.,0.95));
#1586=IFCCARTESIANPOINT((4.6,0.95));
#1587=IFCCARTESIANPOINT((4.6,1.));
#1588=IFCCARTESIANPOINT((0.,1.));
#1589=IFCPOLYLINE((#1585,#1586,#1587,#1588,#1585));
#1590=IFCARBITRARYCLOSEDPROFILEDEF(.AREA.,$,#1589);
#1591=IFCCARTESIANPOINT((0.,0.025,0.));
#1592=IFCDIRECTION((0.,-1.,0.));
#1593=IFCDIRECTION((1.,0.,0.));
#1594=IFCAXIS2PLACEMENT3D(#1591,#1592,#1593);
#1595=IFCDIRECTION((0.,0.,1.));
#1596=IFCEXTRUDEDAREASOLID(#1590,#1594,#1595,0.05);
#1597=IFCCARTESIANPOINT((0.,0.47));
#1598=IFCCARTESIANPOINT((4.6,0.47));
#1599=IFCCARTESIANPOINT((4.6,0.5));
#1600=IFCCARTESIANPOINT((0.,0.5));
#1601=IFCPOLYLINE((#1597,#1598,#1599,#1600,#1597));
#1602=IFCARBITRARYCLOSEDPROFILEDEF(.AREA.,$,#1601);
#1603=IFCCARTESIANPOINT((0.,0.015,0.));
#1604=IFCDIRECTION((0.,-1.,0.));
#1605=IFCDIRECTION((1.,0.,0.));
#1606=IFCAXIS2PLACEMENT3D(#1603,#1604,#1605);
#1607=IFCDIRECTION((0.,0.,1.));
#1608=IFCEXTRUDEDAREASOLID(#1602,#1606,#1607,0.03);
#1609=IFCSTYLEDITEM(#1556,(#1537),$);
#1610=IFCSTYLEDITEM(#1563,(#1537),$);
#1611=IFCSTYLEDITEM(#1570,(#1537),$);
#1612=IFCSTYLEDITEM(#1577,(#1537),$);
#1613=IFCSTYLEDITEM(#1584,(#1537),$);
#1614=IFCSTYLEDITEM(#1596,(#1537),$);
#1615=IFCSTYLEDITEM(#1608,(#1537),$);
#1616=IFCSHAPEREPRESENTATION(#12,'Body','SweptSolid',(#1556,#1563,#1570,#1577,#1584,#1596,#1608));
#1617=IFCPRODUCTDEFINITIONSHAPE($,$,(#1616));
#1618=IFCRAILING('1lJmdk93GLXPtb830gfdvG',#5,'Railing 2',$,$,#1549,#1617,$,.GUARDRAIL.);
#1619=IFCCARTESIANPOINT((11.522,1.15,0.));
#1620=IFCDIRECTION((0.,0.,1.));
#1621=IFCDIRECTION((-1.,0.000693,0.));
#1622=IFCAXIS2PLACEMENT3D(#1619,#1620,#1621);
#1623=IFCLOCALPLACEMENT(#26,#1622);
#1624=IFCCARTESIANPOINT((0.,0.));
#1625=IFCAXIS2PLACEMENT2D(#1624,$);
#1626=IFCRECTANGLEPROFILEDEF(.AREA.,$,#1625,0.05,0.05);
#1627=IFCCARTESIANPOINT((0.,0.,0.));
#1628=IFCAXIS2PLACEMENT3D(#1627,$,$);
#1629=IFCDIRECTION((0.,0.,1.));
#1630=IFCEXTRUDEDAREASOLID(#1626,#1628,#1629,0.95);
#1631=IFCCARTESIANPOINT((1.4425,0.));
#1632=IFCAXIS2PLACEMENT2D(#1631,$);
#1633=IFCRECTANGLEPROFILEDEF(.AREA.,$,#1632,0.05,0.05);
#1634=IFCCARTESIANPOINT((0.,0.,0.));
#1635=IFCAXIS2PLACEMENT3D(#1634,$,$);
#1636=IFCDIRECTION((0.,0.,1.));
#1637=IFCEXTRUDEDAREASOLID(#1633,#1635,#1636,0.95);
#1638=IFCCARTESIANPOINT((2.885001,0.));
#1639=IFCAXIS2PLACEMENT2D(#1638,$);
#1640=IFCRECTANGLEPROFILEDEF(.AREA.,$,#1639,0.05,0.05);
#1641=IFCCARTESIANPOINT((0.,0.,0.));
#1642=IFCAXIS2PLACEMENT3D(#1641,$,$);
#1643=IFCDIRECTION((0.,0.,1.));
#1644=IFCEXTRUDEDAREASOLID(#1640,#1642,#1643,0.95);
#1645=IFCCARTESIANPOINT((4.327501,0.));
#1646=IFCAXIS2PLACEMENT2D(#1645,$);
#1647=IFCRECTANGLEPROFILEDEF(.AREA.,$,#1646,0.05,0.05);
#1648=IFCCARTESIANPOINT((0.,0.,0.));
#1649=IFCAXIS2PLACEMENT3D(#1648,$,$);
#1650=IFCDIRECTION((0.,0.,1.));
#1651=IFCEXTRUDEDAREASOLID(#1647,#1649,#1650,0.95);
#1652=IFCCARTESIANPOINT((5.770001,0.));
#1653=IFCAXIS2PLACEMENT2D(#1652,$);
#1654=IFCRECTANGLEPROFILEDEF(.AREA.,$,#1653,0.05,0.05);
#1655=IFCCARTESIANPOINT((0.,0.,0.));
#1656=IFCAXIS2PLACEMENT3D(#1655,$,$);
#1657=IFCDIRECTION((0.,0.,1.));
#1658=IFCEXTRUDEDAREASOLID(#1654,#1656,#1657,0.95);
#1659=IFCCARTESIANPOINT((0.,0.95));
#1660=IFCCARTESIANPOINT((5.770001,0.95));
#1661=IFCCARTESIANPOINT((5.770001,1.));
#1662=IFCCARTESIANPOINT((0.,1.));
#1663=IFCPOLYLINE((#1659,#1660,#1661,#1662,#1659));
#1664=IFCARBITRARYCLOSEDPROFILEDEF(.AREA.,$,#1663);
#1665=IFCCARTESIANPOINT((0.,0.025,0.));
#1666=IFCDIRECTION((0.,-1.,0.));
#1667=IFCDIRECTION((1.,0.,0.));
#1668=IFCAXIS2PLACEMENT3D(#1665,#1666,#1667);
#1669=IFCDIRECTION((0.,0.,1.));
#1670=IFCEXTRUDEDAREASOLID(#1664,#1668,#1669,0.05);
#1671=IFCCARTESIANPOINT((0.,0.47));
#1672=IFCCARTESIANPOINT((5.770001,0.47));
#1673=IFCCARTESIANPOINT((5.770001,0.5));
#1674=IFCCARTESIANPOINT((0.,0.5));
#1675=IFCPOLYLINE((#1671,#1672,#1673,#1674,#1671));
#1676=IFCARBITRARYCLOSEDPROFILEDEF(.AREA.,$,#1675);
#1677=IFCCARTESIANPOINT((0.,0.015,0.));
#1678=IFCDIRECTION((0.,-1.,0.));
#1679=IFCDIRECTION((1.,0.,0.));
#1680=IFCAXIS2PLACEMENT3D(#1677,#1678,#1679);
#1681=IFCDIRECTION((0.,0.,1.));
#1682=IFCEXTRUDEDAREASOLID(#1676,#1680,#1681,0.03);
#1683=IFCSTYLEDITEM(#1630,(#1537),$);
#1684=IFCSTYLEDITEM(#1637,(#1537),$);
#1685=IFCSTYLEDITEM(#1644,(#1537),$);
#1686=IFCSTYLEDITEM(#1651,(#1537),$);
#1687=IFCSTYLEDITEM(#1658,(#1537),$);
#1688=IFCSTYLEDITEM(#1670,(#1537),$);
#1689=IFCSTYLEDITEM(#1682,(#1537),$);
#1690=IFCSHAPEREPRESENTATION(#12,'Body','SweptSolid',(#1630,#1637,#1644,#1651,#1658,#1670,#1682));
#1691=IFCPRODUCTDEFINITIONSHAPE($,$,(#1690));
#1692=IFCRAILING('0PkKfovJ_ZtjWgij1XGaS9',#5,'Railing 3',$,$,#1623,#1691,$,.GUARDRAIL.);
#1693=IFCCARTESIANPOINT((5.752,1.154,0.));
#1694=IFCDIRECTION((0.,0.,1.));
#1695=IFCDIRECTION((0.,-1.,0.));
#1696=IFCAXIS2PLACEMENT3D(#1693,#1694,#1695);
#1697=IFCLOCALPLACEMENT(#26,#1696);
#1698=IFCCARTESIANPOINT((0.,0.));
#1699=IFCAXIS2PLACEMENT2D(#1698,$);
#1700=IFCRECTANGLEPROFILEDEF(.AREA.,$,#1699,0.05,0.05);
#1701=IFCCARTESIANPOINT((0.,0.,0.));
#1702=IFCAXIS2PLACEMENT3D(#1701,$,$);
#1703=IFCDIRECTION((0.,0.,1.));
#1704=IFCEXTRUDEDAREASOLID(#1700,#1702,#1703,0.95);
#1705=IFCCARTESIANPOINT((1.1,0.));
#1706=IFCAXIS2PLACEMENT2D(#1705,$);
#1707=IFCRECTANGLEPROFILEDEF(.AREA.,$,#1706,0.05,0.05);
#1708=IFCCARTESIANPOINT((0.,0.,0.));
#1709=IFCAXIS2PLACEMENT3D(#1708,$,$);
#1710=IFCDIRECTION((0.,0.,1.));
#1711=IFCEXTRUDEDAREASOLID(#1707,#1709,#1710,0.95);
#1712=IFCCARTESIANPOINT((0.,0.95));
#1713=IFCCARTESIANPOINT((1.1,0.95));
#1714=IFCCARTESIANPOINT((1.1,1.));
#1715=IFCCARTESIANPOINT((0.,1.));
#1716=IFCPOLYLINE((#1712,#1713,#1714,#1715,#1712));
#1717=IFCARBITRARYCLOSEDPROFILEDEF(.AREA.,$,#1716);
#1718=IFCCARTESIANPOINT((0.,0.025,0.));
#1719=IFCDIRECTION((0.,-1.,0.));
#1720=IFCDIRECTION((1.,0.,0.));
#1721=IFCAXIS2PLACEMENT3D(#1718,#1719,#1720);
#1722=IFCDIRECTION((0.,0.,1.));
#1723=IFCEXTRUDEDAREASOLID(#1717,#1721,#1722,0.05);
#1724=IFCCARTESIANPOINT((0.,0.47));
#1725=IFCCARTESIANPOINT((1.1,0.47));
#1726=IFCCARTESIANPOINT((1.1,0.5));
#1727=IFCCARTESIANPOINT((0.,0.5));
#1728=IFCPOLYLINE((#1724,#1725,#1726,#1727,#1724));
#1729=IFCARBITRARYCLOSEDPROFILEDEF(.AREA.,$,#1728);
#1730=IFCCARTESIANPOINT((0.,0.015,0.));
#1731=IFCDIRECTION((0.,-1.,0.));
#1732=IFCDIRECTION((1.,0.,0.));
#1733=IFCAXIS2PLACEMENT3D(#1730,#1731,#1732);
#1734=IFCDIRECTION((0.,0.,1.));
#1735=IFCEXTRUDEDAREASOLID(#1729,#1733,#1734,0.03);
#1736=IFCSTYLEDITEM(#1704,(#1537),$);
#1737=IFCSTYLEDITEM(#1711,(#1537),$);
#1738=IFCSTYLEDITEM(#1723,(#1537),$);
#1739=IFCSTYLEDITEM(#1735,(#1537),$);
#1740=IFCSHAPEREPRESENTATION(#12,'Body','SweptSolid',(#1704,#1711,#1723,#1735));
#1741=IFCPRODUCTDEFINITIONSHAPE($,$,(#1740));
#1742=IFCRAILING('3zGjQBj39KO94OteN6_HFD',#5,'Railing 4',$,$,#1697,#1741,$,.GUARDRAIL.);
#1743=IFCCARTESIANPOINT((5.752,0.054,0.));
#1744=IFCDIRECTION((0.,0.,1.));
#1745=IFCDIRECTION((-1.,0.,0.));
#1746=IFCAXIS2PLACEMENT3D(#1743,#1744,#1745);
#1747=IFCLOCALPLACEMENT(#26,#1746);
#1748=IFCCARTESIANPOINT((0.,0.));
#1749=IFCAXIS2PLACEMENT2D(#1748,$);
#1750=IFCRECTANGLEPROFILEDEF(.AREA.,$,#1749,0.05,0.05);
#1751=IFCCARTESIANPOINT((0.,0.,0.));
#1752=IFCAXIS2PLACEMENT3D(#1751,$,$);
#1753=IFCDIRECTION((0.,0.,1.));
#1754=IFCEXTRUDEDAREASOLID(#1750,#1752,#1753,0.95);
#1755=IFCCARTESIANPOINT((1.42,0.));
#1756=IFCAXIS2PLACEMENT2D(#1755,$);
#1757=IFCRECTANGLEPROFILEDEF(.AREA.,$,#1756,0.05,0.05);
#1758=IFCCARTESIANPOINT((0.,0.,0.));
#1759=IFCAXIS2PLACEMENT3D(#1758,$,$);
#1760=IFCDIRECTION((0.,0.,1.));
#1761=IFCEXTRUDEDAREASOLID(#1757,#1759,#1760,0.95);
#1762=IFCCARTESIANPOINT((2.84,0.));
#1763=IFCAXIS2PLACEMENT2D(#1762,$);
#1764=IFCRECTANGLEPROFILEDEF(.AREA.,$,#1763,0.05,0.05);
#1765=IFCCARTESIANPOINT((0.,0.,0.));
#1766=IFCAXIS2PLACEMENT3D(#1765,$,$);
#1767=IFCDIRECTION((0.,0.,1.));
#1768=IFCEXTRUDEDAREASOLID(#1764,#1766,#1767,0.95);
#1769=IFCCARTESIANPOINT((4.26,0.));
#1770=IFCAXIS2PLACEMENT2D(#1769,$);
#1771=IFCRECTANGLEPROFILEDEF(.AREA.,$,#1770,0.05,0.05);
#1772=IFCCARTESIANPOINT((0.,0.,0.));
#1773=IFCAXIS2PLACEMENT3D(#1772,$,$);
#1774=IFCDIRECTION((0.,0.,1.));
#1775=IFCEXTRUDEDAREASOLID(#1771,#1773,#1774,0.95);
#1776=IFCCARTESIANPOINT((5.68,0.));
#1777=IFCAXIS2PLACEMENT2D(#1776,$);
#1778=IFCRECTANGLEPROFILEDEF(.AREA.,$,#1777,0.05,0.05);
#1779=IFCCARTESIANPOINT((0.,0.,0.));
#1780=IFCAXIS2PLACEMENT3D(#1779,$,$);
#1781=IFCDIRECTION((0.,0.,1.));
#1782=IFCEXTRUDEDAREASOLID(#1778,#1780,#1781,0.95);
#1783=IFCCARTESIANPOINT((0.,0.95));
#1784=IFCCARTESIANPOINT((5.68,0.95));
#1785=IFCCARTESIANPOINT((5.68,1.));
#1786=IFCCARTESIANPOINT((0.,1.));
#1787=IFCPOLYLINE((#1783,#1784,#1785,#1786,#1783));
#1788=IFCARBITRARYCLOSEDPROFILEDEF(.AREA.,$,#1787);
#1789=IFCCARTESIANPOINT((0.,0.025,0.));
#1790=IFCDIRECTION((0.,-1.,0.));
#1791=IFCDIRECTION((1.,0.,0.));
#1792=IFCAXIS2PLACEMENT3D(#1789,#1790,#1791);
#1793=IFCDIRECTION((0.,0.,1.));
#1794=IFCEXTRUDEDAREASOLID(#1788,#1792,#1793,0.05);
#1795=IFCCARTESIANPOINT((0.,0.47));
#1796=IFCCARTESIANPOINT((5.68,0.47));
#1797=IFCCARTESIANPOINT((5.68,0.5));
#1798=IFCCARTESIANPOINT((0.,0.5));
#1799=IFCPOLYLINE((#1795,#1796,#1797,#1798,#1795));
#1800=IFCARBITRARYCLOSEDPROFILEDEF(.AREA.,$,#1799);
#1801=IFCCARTESIANPOINT((0.,0.015,0.));
#1802=IFCDIRECTION((0.,-1.,0.));
#1803=IFCDIRECTION((1.,0.,0.));
#1804=IFCAXIS2PLACEMENT3D(#1801,#1802,#1803);
#1805=IFCDIRECTION((0.,0.,1.));
#1806=IFCEXTRUDEDAREASOLID(#1800,#1804,#1805,0.03);
#1807=IFCSTYLEDITEM(#1754,(#1537),$);
#1808=IFCSTYLEDITEM(#1761,(#1537),$);
#1809=IFCSTYLEDITEM(#1768,(#1537),$);
#1810=IFCSTYLEDITEM(#1775,(#1537),$);
#1811=IFCSTYLEDITEM(#1782,(#1537),$);
#1812=IFCSTYLEDITEM(#1794,(#1537),$);
#1813=IFCSTYLEDITEM(#1806,(#1537),$);
#1814=IFCSHAPEREPRESENTATION(#12,'Body','SweptSolid',(#1754,#1761,#1768,#1775,#1782,#1794,#1806));
#1815=IFCPRODUCTDEFINITIONSHAPE($,$,(#1814));
#1816=IFCRAILING('0RUavQyBIu3x2xD1xR$glA',#5,'Railing 5',$,$,#1747,#1815,$,.GUARDRAIL.);
#1817=IFCCARTESIANPOINT((0.072,0.054,0.));
#1818=IFCDIRECTION((0.,0.,1.));
#1819=IFCDIRECTION((0.,1.,0.));
#1820=IFCAXIS2PLACEMENT3D(#1817,#1818,#1819);
#1821=IFCLOCALPLACEMENT(#26,#1820);
#1822=IFCCARTESIANPOINT((0.,0.));
#1823=IFCAXIS2PLACEMENT2D(#1822,$);
#1824=IFCRECTANGLEPROFILEDEF(.AREA.,$,#1823,0.05,0.05);
#1825=IFCCARTESIANPOINT((0.,0.,0.));
#1826=IFCAXIS2PLACEMENT3D(#1825,$,$);
#1827=IFCDIRECTION((0.,0.,1.));
#1828=IFCEXTRUDEDAREASOLID(#1824,#1826,#1827,0.95);
#1829=IFCCARTESIANPOINT((0.05,0.));
#1830=IFCAXIS2PLACEMENT2D(#1829,$);
#1831=IFCRECTANGLEPROFILEDEF(.AREA.,$,#1830,0.05,0.05);
#1832=IFCCARTESIANPOINT((0.,0.,0.));
#1833=IFCAXIS2PLACEMENT3D(#1832,$,$);
#1834=IFCDIRECTION((0.,0.,1.));
#1835=IFCEXTRUDEDAREASOLID(#1831,#1833,#1834,0.95);
#1836=IFCCARTESIANPOINT((0.,0.95));
#1837=IFCCARTESIANPOINT((0.05,0.95));
#1838=IFCCARTESIANPOINT((0.05,1.));
#1839=IFCCARTESIANPOINT((0.,1.));
#1840=IFCPOLYLINE((#1836,#1837,#1838,#1839,#1836));
#1841=IFCARBITRARYCLOSEDPROFILEDEF(.AREA.,$,#1840);
#1842=IFCCARTESIANPOINT((0.,0.025,0.));
#1843=IFCDIRECTION((0.,-1.,0.));
#1844=IFCDIRECTION((1.,0.,0.));
#1845=IFCAXIS2PLACEMENT3D(#1842,#1843,#1844);
#1846=IFCDIRECTION((0.,0.,1.));
#1847=IFCEXTRUDEDAREASOLID(#1841,#1845,#1846,0.05);
#1848=IFCCARTESIANPOINT((0.,0.47));
#1849=IFCCARTESIANPOINT((0.05,0.47));
#1850=IFCCARTESIANPOINT((0.05,0.5));
#1851=IFCCARTESIANPOINT((0.,0.5));
#1852=IFCPOLYLINE((#1848,#1849,#1850,#1851,#1848));
#1853=IFCARBITRARYCLOSEDPROFILEDEF(.AREA.,$,#1852);
#1854=IFCCARTESIANPOINT((0.,0.015,0.));
#1855=IFCDIRECTION((0.,-1.,0.));
#1856=IFCDIRECTION((1.,0.,0.));
#1857=IFCAXIS2PLACEMENT3D(#1854,#1855,#1856);
#1858=IFCDIRECTION((0.,0.,1.));
#1859=IFCEXTRUDEDAREASOLID(#1853,#1857,#1858,0.03);
#1860=IFCSTYLEDITEM(#1828,(#1537),$);
#1861=IFCSTYLEDITEM(#1835,(#1537),$);
#1862=IFCSTYLEDITEM(#1847,(#1537),$);
#1863=IFCSTYLEDITEM(#1859,(#1537),$);
#1864=IFCSHAPEREPRESENTATION(#12,'Body','SweptSolid',(#1828,#1835,#1847,#1859));
#1865=IFCPRODUCTDEFINITIONSHAPE($,$,(#1864));
#1866=IFCRAILING('1URPv3GE1ptMwyEzIuZ1Tw',#5,'Railing 6',$,$,#1821,#1865,$,.GUARDRAIL.);
#1867=IFCCARTESIANPOINT((1.25,6.1,0.));
#1868=IFCDIRECTION((0.,0.,1.));
#1869=IFCDIRECTION((0.,1.,0.));
#1870=IFCAXIS2PLACEMENT3D(#1867,#1868,#1869);
#1871=IFCLOCALPLACEMENT(#26,#1870);
#1872=IFCCARTESIANPOINT((0.,0.));
#1873=IFCAXIS2PLACEMENT2D(#1872,$);
#1874=IFCRECTANGLEPROFILEDEF(.AREA.,$,#1873,1.692,1.92);
#1875=IFCCARTESIANPOINT((0.,0.,0.));
#1876=IFCAXIS2PLACEMENT3D(#1875,$,$);
#1877=IFCDIRECTION((0.,0.,1.));
#1878=IFCEXTRUDEDAREASOLID(#1874,#1876,#1877,0.14);
#1879=IFCCOLOURRGB($,0.811765,0.8,0.776471);
#1880=IFCSURFACESTYLESHADING(#1879,0.);
#1881=IFCSURFACESTYLE('#cfccc6',.BOTH.,(#1880));
#1882=IFCSTYLEDITEM(#1878,(#1881),$);
#1883=IFCINDEXEDPOLYGONALFACE((1,2,3));
#1884=IFCINDEXEDPOLYGONALFACE((1,3,4));
#1885=IFCINDEXEDPOLYGONALFACE((2,5,6));
#1886=IFCINDEXEDPOLYGONALFACE((2,6,3));
#1887=IFCINDEXEDPOLYGONALFACE((5,7,8));
#1888=IFCINDEXEDPOLYGONALFACE((5,8,6));
#1889=IFCINDEXEDPOLYGONALFACE((7,9,10));
#1890=IFCINDEXEDPOLYGONALFACE((7,10,8));
#1891=IFCINDEXEDPOLYGONALFACE((9,11,12));
#1892=IFCINDEXEDPOLYGONALFACE((9,12,10));
#1893=IFCINDEXEDPOLYGONALFACE((11,13,14));
#1894=IFCINDEXEDPOLYGONALFACE((11,14,12));
#1895=IFCINDEXEDPOLYGONALFACE((13,15,16));
#1896=IFCINDEXEDPOLYGONALFACE((13,16,14));
#1897=IFCINDEXEDPOLYGONALFACE((15,17,18));
#1898=IFCINDEXEDPOLYGONALFACE((15,18,16));
#1899=IFCINDEXEDPOLYGONALFACE((17,19,20));
#1900=IFCINDEXEDPOLYGONALFACE((17,20,18));
#1901=IFCINDEXEDPOLYGONALFACE((19,21,22));
#1902=IFCINDEXEDPOLYGONALFACE((19,22,20));
#1903=IFCINDEXEDPOLYGONALFACE((21,23,24));
#1904=IFCINDEXEDPOLYGONALFACE((21,24,22));
#1905=IFCINDEXEDPOLYGONALFACE((23,25,26));
#1906=IFCINDEXEDPOLYGONALFACE((23,26,24));
#1907=IFCINDEXEDPOLYGONALFACE((25,27,28));
#1908=IFCINDEXEDPOLYGONALFACE((25,28,26));
#1909=IFCINDEXEDPOLYGONALFACE((27,29,30));
#1910=IFCINDEXEDPOLYGONALFACE((27,30,28));
#1911=IFCINDEXEDPOLYGONALFACE((29,31,32));
#1912=IFCINDEXEDPOLYGONALFACE((29,32,30));
#1913=IFCINDEXEDPOLYGONALFACE((31,1,4));
#1914=IFCINDEXEDPOLYGONALFACE((31,4,32));
#1915=IFCINDEXEDPOLYGONALFACE((1,5,2));
#1916=IFCINDEXEDPOLYGONALFACE((4,3,6));
#1917=IFCINDEXEDPOLYGONALFACE((1,7,5));
#1918=IFCINDEXEDPOLYGONALFACE((4,6,8));
#1919=IFCINDEXEDPOLYGONALFACE((1,9,7));
#1920=IFCINDEXEDPOLYGONALFACE((4,8,10));
#1921=IFCINDEXEDPOLYGONALFACE((1,11,9));
#1922=IFCINDEXEDPOLYGONALFACE((4,10,12));
#1923=IFCINDEXEDPOLYGONALFACE((1,13,11));
#1924=IFCINDEXEDPOLYGONALFACE((4,12,14));
#1925=IFCINDEXEDPOLYGONALFACE((1,15,13));
#1926=IFCINDEXEDPOLYGONALFACE((4,14,16));
#1927=IFCINDEXEDPOLYGONALFACE((1,17,15));
#1928=IFCINDEXEDPOLYGONALFACE((4,16,18));
#1929=IFCINDEXEDPOLYGONALFACE((1,19,17));
#1930=IFCINDEXEDPOLYGONALFACE((4,18,20));
#1931=IFCINDEXEDPOLYGONALFACE((1,21,19));
#1932=IFCINDEXEDPOLYGONALFACE((4,20,22));
#1933=IFCINDEXEDPOLYGONALFACE((1,23,21));
#1934=IFCINDEXEDPOLYGONALFACE((4,22,24));
#1935=IFCINDEXEDPOLYGONALFACE((1,25,23));
#1936=IFCINDEXEDPOLYGONALFACE((4,24,26));
#1937=IFCINDEXEDPOLYGONALFACE((1,27,25));
#1938=IFCINDEXEDPOLYGONALFACE((4,26,28));
#1939=IFCINDEXEDPOLYGONALFACE((1,29,27));
#1940=IFCINDEXEDPOLYGONALFACE((4,28,30));
#1941=IFCINDEXEDPOLYGONALFACE((1,31,29));
#1942=IFCINDEXEDPOLYGONALFACE((4,30,32));
#1943=IFCCARTESIANPOINTLIST3D(((0.888,-1.,0.14),(0.894,-0.998392,0.14),(0.894,-0.998392,0.3),(0.888,-1.,0.3),(0.898392,-0.994,0.14),(0.898392,-0.994,0.3),(0.9,-0.988,0.14),(0.9,-0.988,0.3),(0.9,0.988,0.14),(0.9,0.988,0.3),(0.898392,0.994,0.14),(0.898392,0.994,0.3),(0.894,0.998392,0.14),(0.894,0.998392,0.3),(0.888,1.,0.14),(0.888,1.,0.3),(-0.888,1.,0.14),(-0.888,1.,0.3),(-0.894,0.998392,0.14),(-0.894,0.998392,0.3),(-0.898392,0.994,0.14),(-0.898392,0.994,0.3),(-0.9,0.988,0.14),(-0.9,0.988,0.3),(-0.9,-0.988,0.14),(-0.9,-0.988,0.3),(-0.898392,-0.994,0.14),(-0.898392,-0.994,0.3),(-0.894,-0.998392,0.14),(-0.894,-0.998392,0.3),(-0.888,-1.,0.14),(-0.888,-1.,0.3)));
#1944=IFCPOLYGONALFACESET(#1943,.T.,(#1883,#1884,#1885,#1886,#1887,#1888,#1889,#1890,#1891,#1892,#1893,#1894,#1895,#1896,#1897,#1898,#1899,#1900,#1901,#1902,#1903,#1904,#1905,#1906,#1907,#1908,#1909,#1910,#1911,#1912,#1913,#1914,#1915,#1916,#1917,#1918,#1919,#1920,#1921,#1922,#1923,#1924,#1925,#1926,#1927,#1928,#1929,#1930,#1931,#1932,#1933,#1934,#1935,#1936,#1937,#1938,#1939,#1940,#1941,#1942),$);
#1945=IFCCOLOURRGB($,0.945098,0.937255,0.92549);
#1946=IFCSURFACESTYLESHADING(#1945,0.);
#1947=IFCSURFACESTYLE('#f1efec',.BOTH.,(#1946));
#1948=IFCSTYLEDITEM(#1944,(#1947),$);
#1949=IFCINDEXEDPOLYGONALFACE((1,2,3));
#1950=IFCINDEXEDPOLYGONALFACE((1,3,4));
#1951=IFCINDEXEDPOLYGONALFACE((2,5,6));
#1952=IFCINDEXEDPOLYGONALFACE((2,6,3));
#1953=IFCINDEXEDPOLYGONALFACE((5,7,8));
#1954=IFCINDEXEDPOLYGONALFACE((5,8,6));
#1955=IFCINDEXEDPOLYGONALFACE((7,9,10));
#1956=IFCINDEXEDPOLYGONALFACE((7,10,8));
#1957=IFCINDEXEDPOLYGONALFACE((9,11,12));
#1958=IFCINDEXEDPOLYGONALFACE((9,12,10));
#1959=IFCINDEXEDPOLYGONALFACE((11,13,14));
#1960=IFCINDEXEDPOLYGONALFACE((11,14,12));
#1961=IFCINDEXEDPOLYGONALFACE((13,15,16));
#1962=IFCINDEXEDPOLYGONALFACE((13,16,14));
#1963=IFCINDEXEDPOLYGONALFACE((15,17,18));
#1964=IFCINDEXEDPOLYGONALFACE((15,18,16));
#1965=IFCINDEXEDPOLYGONALFACE((17,19,20));
#1966=IFCINDEXEDPOLYGONALFACE((17,20,18));
#1967=IFCINDEXEDPOLYGONALFACE((19,21,22));
#1968=IFCINDEXEDPOLYGONALFACE((19,22,20));
#1969=IFCINDEXEDPOLYGONALFACE((21,23,24));
#1970=IFCINDEXEDPOLYGONALFACE((21,24,22));
#1971=IFCINDEXEDPOLYGONALFACE((23,25,26));
#1972=IFCINDEXEDPOLYGONALFACE((23,26,24));
#1973=IFCINDEXEDPOLYGONALFACE((25,27,28));
#1974=IFCINDEXEDPOLYGONALFACE((25,28,26));
#1975=IFCINDEXEDPOLYGONALFACE((27,29,30));
#1976=IFCINDEXEDPOLYGONALFACE((27,30,28));
#1977=IFCINDEXEDPOLYGONALFACE((29,31,32));
#1978=IFCINDEXEDPOLYGONALFACE((29,32,30));
#1979=IFCINDEXEDPOLYGONALFACE((31,1,4));
#1980=IFCINDEXEDPOLYGONALFACE((31,4,32));
#1981=IFCINDEXEDPOLYGONALFACE((1,5,2));
#1982=IFCINDEXEDPOLYGONALFACE((4,3,6));
#1983=IFCINDEXEDPOLYGONALFACE((1,7,5));
#1984=IFCINDEXEDPOLYGONALFACE((4,6,8));
#1985=IFCINDEXEDPOLYGONALFACE((1,9,7));
#1986=IFCINDEXEDPOLYGONALFACE((4,8,10));
#1987=IFCINDEXEDPOLYGONALFACE((1,11,9));
#1988=IFCINDEXEDPOLYGONALFACE((4,10,12));
#1989=IFCINDEXEDPOLYGONALFACE((1,13,11));
#1990=IFCINDEXEDPOLYGONALFACE((4,12,14));
#1991=IFCINDEXEDPOLYGONALFACE((1,15,13));
#1992=IFCINDEXEDPOLYGONALFACE((4,14,16));
#1993=IFCINDEXEDPOLYGONALFACE((1,17,15));
#1994=IFCINDEXEDPOLYGONALFACE((4,16,18));
#1995=IFCINDEXEDPOLYGONALFACE((1,19,17));
#1996=IFCINDEXEDPOLYGONALFACE((4,18,20));
#1997=IFCINDEXEDPOLYGONALFACE((1,21,19));
#1998=IFCINDEXEDPOLYGONALFACE((4,20,22));
#1999=IFCINDEXEDPOLYGONALFACE((1,23,21));
#2000=IFCINDEXEDPOLYGONALFACE((4,22,24));
#2001=IFCINDEXEDPOLYGONALFACE((1,25,23));
#2002=IFCINDEXEDPOLYGONALFACE((4,24,26));
#2003=IFCINDEXEDPOLYGONALFACE((1,27,25));
#2004=IFCINDEXEDPOLYGONALFACE((4,26,28));
#2005=IFCINDEXEDPOLYGONALFACE((1,29,27));
#2006=IFCINDEXEDPOLYGONALFACE((4,28,30));
#2007=IFCINDEXEDPOLYGONALFACE((1,31,29));
#2008=IFCINDEXEDPOLYGONALFACE((4,30,32));
#2009=IFCCARTESIANPOINTLIST3D(((0.805,-0.98,0.3),(0.83,-0.973301,0.3),(0.83,-0.973301,0.52),(0.805,-0.98,0.52),(0.848301,-0.955,0.3),(0.848301,-0.955,0.52),(0.855,-0.93,0.3),(0.855,-0.93,0.52),(0.855,0.93,0.3),(0.855,0.93,0.52),(0.848301,0.955,0.3),(0.848301,0.955,0.52),(0.83,0.973301,0.3),(0.83,0.973301,0.52),(0.805,0.98,0.3),(0.805,0.98,0.52),(-0.805,0.98,0.3),(-0.805,0.98,0.52),(-0.83,0.973301,0.3),(-0.83,0.973301,0.52),(-0.848301,0.955,0.3),(-0.848301,0.955,0.52),(-0.855,0.93,0.3),(-0.855,0.93,0.52),(-0.855,-0.93,0.3),(-0.855,-0.93,0.52),(-0.848301,-0.955,0.3),(-0.848301,-0.955,0.52),(-0.83,-0.973301,0.3),(-0.83,-0.973301,0.52),(-0.805,-0.98,0.3),(-0.805,-0.98,0.52)));
#2010=IFCPOLYGONALFACESET(#2009,.T.,(#1949,#1950,#1951,#1952,#1953,#1954,#1955,#1956,#1957,#1958,#1959,#1960,#1961,#1962,#1963,#1964,#1965,#1966,#1967,#1968,#1969,#1970,#1971,#1972,#1973,#1974,#1975,#1976,#1977,#1978,#1979,#1980,#1981,#1982,#1983,#1984,#1985,#1986,#1987,#1988,#1989,#1990,#1991,#1992,#1993,#1994,#1995,#1996,#1997,#1998,#1999,#2000,#2001,#2002,#2003,#2004,#2005,#2006,#2007,#2008),$);
#2011=IFCCOLOURRGB($,0.937255,0.929412,0.909804);
#2012=IFCSURFACESTYLESHADING(#2011,0.);
#2013=IFCSURFACESTYLE('#efedE8',.BOTH.,(#2012));
#2014=IFCSTYLEDITEM(#2010,(#2013),$);
#2015=IFCINDEXEDPOLYGONALFACE((1,2,3));
#2016=IFCINDEXEDPOLYGONALFACE((1,3,4));
#2017=IFCINDEXEDPOLYGONALFACE((2,5,6));
#2018=IFCINDEXEDPOLYGONALFACE((2,6,3));
#2019=IFCINDEXEDPOLYGONALFACE((5,7,8));
#2020=IFCINDEXEDPOLYGONALFACE((5,8,6));
#2021=IFCINDEXEDPOLYGONALFACE((7,9,10));
#2022=IFCINDEXEDPOLYGONALFACE((7,10,8));
#2023=IFCINDEXEDPOLYGONALFACE((9,11,12));
#2024=IFCINDEXEDPOLYGONALFACE((9,12,10));
#2025=IFCINDEXEDPOLYGONALFACE((11,13,14));
#2026=IFCINDEXEDPOLYGONALFACE((11,14,12));
#2027=IFCINDEXEDPOLYGONALFACE((13,15,16));
#2028=IFCINDEXEDPOLYGONALFACE((13,16,14));
#2029=IFCINDEXEDPOLYGONALFACE((15,17,18));
#2030=IFCINDEXEDPOLYGONALFACE((15,18,16));
#2031=IFCINDEXEDPOLYGONALFACE((17,19,20));
#2032=IFCINDEXEDPOLYGONALFACE((17,20,18));
#2033=IFCINDEXEDPOLYGONALFACE((19,21,22));
#2034=IFCINDEXEDPOLYGONALFACE((19,22,20));
#2035=IFCINDEXEDPOLYGONALFACE((21,23,24));
#2036=IFCINDEXEDPOLYGONALFACE((21,24,22));
#2037=IFCINDEXEDPOLYGONALFACE((23,25,26));
#2038=IFCINDEXEDPOLYGONALFACE((23,26,24));
#2039=IFCINDEXEDPOLYGONALFACE((25,27,28));
#2040=IFCINDEXEDPOLYGONALFACE((25,28,26));
#2041=IFCINDEXEDPOLYGONALFACE((27,29,30));
#2042=IFCINDEXEDPOLYGONALFACE((27,30,28));
#2043=IFCINDEXEDPOLYGONALFACE((29,31,32));
#2044=IFCINDEXEDPOLYGONALFACE((29,32,30));
#2045=IFCINDEXEDPOLYGONALFACE((31,1,4));
#2046=IFCINDEXEDPOLYGONALFACE((31,4,32));
#2047=IFCINDEXEDPOLYGONALFACE((1,5,2));
#2048=IFCINDEXEDPOLYGONALFACE((4,3,6));
#2049=IFCINDEXEDPOLYGONALFACE((1,7,5));
#2050=IFCINDEXEDPOLYGONALFACE((4,6,8));
#2051=IFCINDEXEDPOLYGONALFACE((1,9,7));
#2052=IFCINDEXEDPOLYGONALFACE((4,8,10));
#2053=IFCINDEXEDPOLYGONALFACE((1,11,9));
#2054=IFCINDEXEDPOLYGONALFACE((4,10,12));
#2055=IFCINDEXEDPOLYGONALFACE((1,13,11));
#2056=IFCINDEXEDPOLYGONALFACE((4,12,14));
#2057=IFCINDEXEDPOLYGONALFACE((1,15,13));
#2058=IFCINDEXEDPOLYGONALFACE((4,14,16));
#2059=IFCINDEXEDPOLYGONALFACE((1,17,15));
#2060=IFCINDEXEDPOLYGONALFACE((4,16,18));
#2061=IFCINDEXEDPOLYGONALFACE((1,19,17));
#2062=IFCINDEXEDPOLYGONALFACE((4,18,20));
#2063=IFCINDEXEDPOLYGONALFACE((1,21,19));
#2064=IFCINDEXEDPOLYGONALFACE((4,20,22));
#2065=IFCINDEXEDPOLYGONALFACE((1,23,21));
#2066=IFCINDEXEDPOLYGONALFACE((4,22,24));
#2067=IFCINDEXEDPOLYGONALFACE((1,25,23));
#2068=IFCINDEXEDPOLYGONALFACE((4,24,26));
#2069=IFCINDEXEDPOLYGONALFACE((1,27,25));
#2070=IFCINDEXEDPOLYGONALFACE((4,26,28));
#2071=IFCINDEXEDPOLYGONALFACE((1,29,27));
#2072=IFCINDEXEDPOLYGONALFACE((4,28,30));
#2073=IFCINDEXEDPOLYGONALFACE((1,31,29));
#2074=IFCINDEXEDPOLYGONALFACE((4,30,32));
#2075=IFCCARTESIANPOINTLIST3D(((-0.118,0.51,0.5),(-0.0905,0.517369,0.5),(-0.1265,0.537369,0.575),(-0.154,0.53,0.575),(-0.070369,0.5375,0.5),(-0.106369,0.5575,0.575),(-0.063,0.565,0.5),(-0.099,0.585,0.575),(-0.063,0.855,0.5),(-0.099,0.835,0.575),(-0.070369,0.8825,0.5),(-0.106369,0.8625,0.575),(-0.0905,0.902631,0.5),(-0.1265,0.882631,0.575),(-0.118,0.91,0.5),(-0.154,0.89,0.575),(-0.728,0.91,0.5),(-0.692,0.89,0.575),(-0.7555,0.902631,0.5),(-0.7195,0.882631,0.575),(-0.775631,0.8825,0.5),(-0.739631,0.8625,0.575),(-0.783,0.855,0.5),(-0.747,0.835,0.575),(-0.783,0.565,0.5),(-0.747,0.585,0.575),(-0.775631,0.5375,0.5),(-0.739631,0.5575,0.575),(-0.7555,0.517369,0.5),(-0.7195,0.537369,0.575),(-0.728,0.51,0.5),(-0.692,0.53,0.575)));
#2076=IFCPOLYGONALFACESET(#2075,.T.,(#2015,#2016,#2017,#2018,#2019,#2020,#2021,#2022,#2023,#2024,#2025,#2026,#2027,#2028,#2029,#2030,#2031,#2032,#2033,#2034,#2035,#2036,#2037,#2038,#2039,#2040,#2041,#2042,#2043,#2044,#2045,#2046,#2047,#2048,#2049,#2050,#2051,#2052,#2053,#2054,#2055,#2056,#2057,#2058,#2059,#2060,#2061,#2062,#2063,#2064,#2065,#2066,#2067,#2068,#2069,#2070,#2071,#2072,#2073,#2074),$);
#2077=IFCCOLOURRGB($,0.988235,0.984314,0.976471);
#2078=IFCSURFACESTYLESHADING(#2077,0.);
#2079=IFCSURFACESTYLE('#fcfbf9',.BOTH.,(#2078));
#2080=IFCSTYLEDITEM(#2076,(#2079),$);
#2081=IFCINDEXEDPOLYGONALFACE((1,2,3));
#2082=IFCINDEXEDPOLYGONALFACE((1,3,4));
#2083=IFCINDEXEDPOLYGONALFACE((2,5,6));
#2084=IFCINDEXEDPOLYGONALFACE((2,6,3));
#2085=IFCINDEXEDPOLYGONALFACE((5,7,8));
#2086=IFCINDEXEDPOLYGONALFACE((5,8,6));
#2087=IFCINDEXEDPOLYGONALFACE((7,9,10));
#2088=IFCINDEXEDPOLYGONALFACE((7,10,8));
#2089=IFCINDEXEDPOLYGONALFACE((9,11,12));
#2090=IFCINDEXEDPOLYGONALFACE((9,12,10));
#2091=IFCINDEXEDPOLYGONALFACE((11,13,14));
#2092=IFCINDEXEDPOLYGONALFACE((11,14,12));
#2093=IFCINDEXEDPOLYGONALFACE((13,15,16));
#2094=IFCINDEXEDPOLYGONALFACE((13,16,14));
#2095=IFCINDEXEDPOLYGONALFACE((15,17,18));
#2096=IFCINDEXEDPOLYGONALFACE((15,18,16));
#2097=IFCINDEXEDPOLYGONALFACE((17,19,20));
#2098=IFCINDEXEDPOLYGONALFACE((17,20,18));
#2099=IFCINDEXEDPOLYGONALFACE((19,21,22));
#2100=IFCINDEXEDPOLYGONALFACE((19,22,20));
#2101=IFCINDEXEDPOLYGONALFACE((21,23,24));
#2102=IFCINDEXEDPOLYGONALFACE((21,24,22));
#2103=IFCINDEXEDPOLYGONALFACE((23,25,26));
#2104=IFCINDEXEDPOLYGONALFACE((23,26,24));
#2105=IFCINDEXEDPOLYGONALFACE((25,27,28));
#2106=IFCINDEXEDPOLYGONALFACE((25,28,26));
#2107=IFCINDEXEDPOLYGONALFACE((27,29,30));
#2108=IFCINDEXEDPOLYGONALFACE((27,30,28));
#2109=IFCINDEXEDPOLYGONALFACE((29,31,32));
#2110=IFCINDEXEDPOLYGONALFACE((29,32,30));
#2111=IFCINDEXEDPOLYGONALFACE((31,1,4));
#2112=IFCINDEXEDPOLYGONALFACE((31,4,32));
#2113=IFCINDEXEDPOLYGONALFACE((1,5,2));
#2114=IFCINDEXEDPOLYGONALFACE((4,3,6));
#2115=IFCINDEXEDPOLYGONALFACE((1,7,5));
#2116=IFCINDEXEDPOLYGONALFACE((4,6,8));
#2117=IFCINDEXEDPOLYGONALFACE((1,9,7));
#2118=IFCINDEXEDPOLYGONALFACE((4,8,10));
#2119=IFCINDEXEDPOLYGONALFACE((1,11,9));
#2120=IFCINDEXEDPOLYGONALFACE((4,10,12));
#2121=IFCINDEXEDPOLYGONALFACE((1,13,11));
#2122=IFCINDEXEDPOLYGONALFACE((4,12,14));
#2123=IFCINDEXEDPOLYGONALFACE((1,15,13));
#2124=IFCINDEXEDPOLYGONALFACE((4,14,16));
#2125=IFCINDEXEDPOLYGONALFACE((1,17,15));
#2126=IFCINDEXEDPOLYGONALFACE((4,16,18));
#2127=IFCINDEXEDPOLYGONALFACE((1,19,17));
#2128=IFCINDEXEDPOLYGONALFACE((4,18,20));
#2129=IFCINDEXEDPOLYGONALFACE((1,21,19));
#2130=IFCINDEXEDPOLYGONALFACE((4,20,22));
#2131=IFCINDEXEDPOLYGONALFACE((1,23,21));
#2132=IFCINDEXEDPOLYGONALFACE((4,22,24));
#2133=IFCINDEXEDPOLYGONALFACE((1,25,23));
#2134=IFCINDEXEDPOLYGONALFACE((4,24,26));
#2135=IFCINDEXEDPOLYGONALFACE((1,27,25));
#2136=IFCINDEXEDPOLYGONALFACE((4,26,28));
#2137=IFCINDEXEDPOLYGONALFACE((1,29,27));
#2138=IFCINDEXEDPOLYGONALFACE((4,28,30));
#2139=IFCINDEXEDPOLYGONALFACE((1,31,29));
#2140=IFCINDEXEDPOLYGONALFACE((4,30,32));
#2141=IFCCARTESIANPOINTLIST3D(((0.728,0.51,0.5),(0.7555,0.517369,0.5),(0.7195,0.537369,0.575),(0.692,0.53,0.575),(0.775631,0.5375,0.5),(0.739631,0.5575,0.575),(0.783,0.565,0.5),(0.747,0.585,0.575),(0.783,0.855,0.5),(0.747,0.835,0.575),(0.775631,0.8825,0.5),(0.739631,0.8625,0.575),(0.7555,0.902631,0.5),(0.7195,0.882631,0.575),(0.728,0.91,0.5),(0.692,0.89,0.575),(0.118,0.91,0.5),(0.154,0.89,0.575),(0.0905,0.902631,0.5),(0.1265,0.882631,0.575),(0.070369,0.8825,0.5),(0.106369,0.8625,0.575),(0.063,0.855,0.5),(0.099,0.835,0.575),(0.063,0.565,0.5),(0.099,0.585,0.575),(0.070369,0.5375,0.5),(0.106369,0.5575,0.575),(0.0905,0.517369,0.5),(0.1265,0.537369,0.575),(0.118,0.51,0.5),(0.154,0.53,0.575)));
#2142=IFCPOLYGONALFACESET(#2141,.T.,(#2081,#2082,#2083,#2084,#2085,#2086,#2087,#2088,#2089,#2090,#2091,#2092,#2093,#2094,#2095,#2096,#2097,#2098,#2099,#2100,#2101,#2102,#2103,#2104,#2105,#2106,#2107,#2108,#2109,#2110,#2111,#2112,#2113,#2114,#2115,#2116,#2117,#2118,#2119,#2120,#2121,#2122,#2123,#2124,#2125,#2126,#2127,#2128,#2129,#2130,#2131,#2132,#2133,#2134,#2135,#2136,#2137,#2138,#2139,#2140),$);
#2143=IFCSTYLEDITEM(#2142,(#2079),$);
#2144=IFCSHAPEREPRESENTATION(#12,'Body','SolidModel',(#1878,#1944,#2010,#2076,#2142));
#2145=IFCPRODUCTDEFINITIONSHAPE($,$,(#2144));
#2146=IFCFURNITURE('3m8EHkcc5sIdiWYFginUnr',#5,'Bed — king','Skanna asset library',$,#1871,#2145,$,.BED.);
#2147=IFCCARTESIANPOINT((7.9,9.6,2.4));
#2148=IFCDIRECTION((0.,0.,1.));
#2149=IFCDIRECTION((1.,0.,0.));
#2150=IFCAXIS2PLACEMENT3D(#2147,#2148,#2149);
#2151=IFCLOCALPLACEMENT(#26,#2150);
#2152=IFCCARTESIANPOINT((0.,0.));
#2153=IFCAXIS2PLACEMENT2D(#2152,$);
#2154=IFCRECTANGLEPROFILEDEF(.AREA.,$,#2153,0.72,0.72);
#2155=IFCCARTESIANPOINT((0.,0.,0.024));
#2156=IFCAXIS2PLACEMENT3D(#2155,$,$);
#2157=IFCDIRECTION((0.,0.,1.));
#2158=IFCEXTRUDEDAREASOLID(#2154,#2156,#2157,0.276);
#2159=IFCCOLOURRGB($,0.956863,0.956863,0.94902);
#2160=IFCSURFACESTYLESHADING(#2159,0.);
#2161=IFCSURFACESTYLE('#f4f4f2',.BOTH.,(#2160));
#2162=IFCSTYLEDITEM(#2158,(#2161),$);
#2163=IFCINDEXEDPOLYGONALFACE((1,2,3));
#2164=IFCINDEXEDPOLYGONALFACE((1,3,4));
#2165=IFCINDEXEDPOLYGONALFACE((2,5,6));
#2166=IFCINDEXEDPOLYGONALFACE((2,6,3));
#2167=IFCINDEXEDPOLYGONALFACE((5,7,8));
#2168=IFCINDEXEDPOLYGONALFACE((5,8,6));
#2169=IFCINDEXEDPOLYGONALFACE((7,9,10));
#2170=IFCINDEXEDPOLYGONALFACE((7,10,8));
#2171=IFCINDEXEDPOLYGONALFACE((9,11,12));
#2172=IFCINDEXEDPOLYGONALFACE((9,12,10));
#2173=IFCINDEXEDPOLYGONALFACE((11,13,14));
#2174=IFCINDEXEDPOLYGONALFACE((11,14,12));
#2175=IFCINDEXEDPOLYGONALFACE((13,15,16));
#2176=IFCINDEXEDPOLYGONALFACE((13,16,14));
#2177=IFCINDEXEDPOLYGONALFACE((15,17,18));
#2178=IFCINDEXEDPOLYGONALFACE((15,18,16));
#2179=IFCINDEXEDPOLYGONALFACE((17,19,20));
#2180=IFCINDEXEDPOLYGONALFACE((17,20,18));
#2181=IFCINDEXEDPOLYGONALFACE((19,21,22));
#2182=IFCINDEXEDPOLYGONALFACE((19,22,20));
#2183=IFCINDEXEDPOLYGONALFACE((21,23,24));
#2184=IFCINDEXEDPOLYGONALFACE((21,24,22));
#2185=IFCINDEXEDPOLYGONALFACE((23,25,26));
#2186=IFCINDEXEDPOLYGONALFACE((23,26,24));
#2187=IFCINDEXEDPOLYGONALFACE((25,27,28));
#2188=IFCINDEXEDPOLYGONALFACE((25,28,26));
#2189=IFCINDEXEDPOLYGONALFACE((27,29,30));
#2190=IFCINDEXEDPOLYGONALFACE((27,30,28));
#2191=IFCINDEXEDPOLYGONALFACE((29,31,32));
#2192=IFCINDEXEDPOLYGONALFACE((29,32,30));
#2193=IFCINDEXEDPOLYGONALFACE((31,1,4));
#2194=IFCINDEXEDPOLYGONALFACE((31,4,32));
#2195=IFCINDEXEDPOLYGONALFACE((1,5,2));
#2196=IFCINDEXEDPOLYGONALFACE((4,3,6));
#2197=IFCINDEXEDPOLYGONALFACE((1,7,5));
#2198=IFCINDEXEDPOLYGONALFACE((4,6,8));
#2199=IFCINDEXEDPOLYGONALFACE((1,9,7));
#2200=IFCINDEXEDPOLYGONALFACE((4,8,10));
#2201=IFCINDEXEDPOLYGONALFACE((1,11,9));
#2202=IFCINDEXEDPOLYGONALFACE((4,10,12));
#2203=IFCINDEXEDPOLYGONALFACE((1,13,11));
#2204=IFCINDEXEDPOLYGONALFACE((4,12,14));
#2205=IFCINDEXEDPOLYGONALFACE((1,15,13));
#2206=IFCINDEXEDPOLYGONALFACE((4,14,16));
#2207=IFCINDEXEDPOLYGONALFACE((1,17,15));
#2208=IFCINDEXEDPOLYGONALFACE((4,16,18));
#2209=IFCINDEXEDPOLYGONALFACE((1,19,17));
#2210=IFCINDEXEDPOLYGONALFACE((4,18,20));
#2211=IFCINDEXEDPOLYGONALFACE((1,21,19));
#2212=IFCINDEXEDPOLYGONALFACE((4,20,22));
#2213=IFCINDEXEDPOLYGONALFACE((1,23,21));
#2214=IFCINDEXEDPOLYGONALFACE((4,22,24));
#2215=IFCINDEXEDPOLYGONALFACE((1,25,23));
#2216=IFCINDEXEDPOLYGONALFACE((4,24,26));
#2217=IFCINDEXEDPOLYGONALFACE((1,27,25));
#2218=IFCINDEXEDPOLYGONALFACE((4,26,28));
#2219=IFCINDEXEDPOLYGONALFACE((1,29,27));
#2220=IFCINDEXEDPOLYGONALFACE((4,28,30));
#2221=IFCINDEXEDPOLYGONALFACE((1,31,29));
#2222=IFCINDEXEDPOLYGONALFACE((4,30,32));
#2223=IFCCARTESIANPOINTLIST3D(((0.37,-0.4,0.),(0.385,-0.395981,0.),(0.385,-0.395981,0.03),(0.37,-0.4,0.03),(0.395981,-0.385,0.),(0.395981,-0.385,0.03),(0.4,-0.37,0.),(0.4,-0.37,0.03),(0.4,0.37,0.),(0.4,0.37,0.03),(0.395981,0.385,0.),(0.395981,0.385,0.03),(0.385,0.395981,0.),(0.385,0.395981,0.03),(0.37,0.4,0.),(0.37,0.4,0.03),(-0.37,0.4,0.),(-0.37,0.4,0.03),(-0.385,0.395981,0.),(-0.385,0.395981,0.03),(-0.395981,0.385,0.),(-0.395981,0.385,0.03),(-0.4,0.37,0.),(-0.4,0.37,0.03),(-0.4,-0.37,0.),(-0.4,-0.37,0.03),(-0.395981,-0.385,0.),(-0.395981,-0.385,0.03),(-0.385,-0.395981,0.),(-0.385,-0.395981,0.03),(-0.37,-0.4,0.),(-0.37,-0.4,0.03)));
#2224=IFCPOLYGONALFACESET(#2223,.T.,(#2163,#2164,#2165,#2166,#2167,#2168,#2169,#2170,#2171,#2172,#2173,#2174,#2175,#2176,#2177,#2178,#2179,#2180,#2181,#2182,#2183,#2184,#2185,#2186,#2187,#2188,#2189,#2190,#2191,#2192,#2193,#2194,#2195,#2196,#2197,#2198,#2199,#2200,#2201,#2202,#2203,#2204,#2205,#2206,#2207,#2208,#2209,#2210,#2211,#2212,#2213,#2214,#2215,#2216,#2217,#2218,#2219,#2220,#2221,#2222),$);
#2225=IFCSTYLEDITEM(#2224,(#2161),$);
#2226=IFCCARTESIANPOINT((0.,0.));
#2227=IFCAXIS2PLACEMENT2D(#2226,$);
#2228=IFCRECTANGLEPROFILEDEF(.AREA.,$,#2227,0.44,0.44);
#2229=IFCCARTESIANPOINT((0.,0.,0.006));
#2230=IFCAXIS2PLACEMENT3D(#2229,$,$);
#2231=IFCDIRECTION((0.,0.,1.));
#2232=IFCEXTRUDEDAREASOLID(#2228,#2230,#2231,0.018);
#2233=IFCCOLOURRGB($,0.87451,0.882353,0.878431);
#2234=IFCSURFACESTYLESHADING(#2233,0.);
#2235=IFCSURFACESTYLE('#dfe1e0',.BOTH.,(#2234));
#2236=IFCSTYLEDITEM(#2232,(#2235),$);
#2237=IFCSHAPEREPRESENTATION(#12,'Body','SolidModel',(#2158,#2224,#2232));
#2238=IFCPRODUCTDEFINITIONSHAPE($,$,(#2237));
#2239=IFCUNITARYEQUIPMENT('3Uj2IZtR7a_tRAnTlSIztO',#5,'Air conditioner (ceiling)','Skanna asset library',$,#2151,#2238,$,.AIRCONDITIONINGUNIT.);
#2240=IFCPROPERTYSINGLEVALUE('Tags',$,IFCTEXT('This was built with a special thing at the special place'),$);
#2241=IFCPROPERTYSET('1wzYTEbHWsQYs65sl8Hfa0',#5,'Skanna_Tags','Author tags and notes (Skanna)',(#2240));
#2242=IFCRELDEFINESBYPROPERTIES('1p3pPhnuEYZ8zgkaiZ$PLV',#5,$,$,(#2239),#2241);
#2243=IFCCARTESIANPOINT((9.6,5.9,2.65));
#2244=IFCDIRECTION((0.,0.,1.));
#2245=IFCDIRECTION((1.,0.,0.));
#2246=IFCAXIS2PLACEMENT3D(#2243,#2244,#2245);
#2247=IFCLOCALPLACEMENT(#26,#2246);
#2248=IFCINDEXEDPOLYGONALFACE((1,2,3));
#2249=IFCINDEXEDPOLYGONALFACE((1,3,4));
#2250=IFCINDEXEDPOLYGONALFACE((2,5,6));
#2251=IFCINDEXEDPOLYGONALFACE((2,6,3));
#2252=IFCINDEXEDPOLYGONALFACE((5,7,8));
#2253=IFCINDEXEDPOLYGONALFACE((5,8,6));
#2254=IFCINDEXEDPOLYGONALFACE((7,9,10));
#2255=IFCINDEXEDPOLYGONALFACE((7,10,8));
#2256=IFCINDEXEDPOLYGONALFACE((9,11,12));
#2257=IFCINDEXEDPOLYGONALFACE((9,12,10));
#2258=IFCINDEXEDPOLYGONALFACE((11,13,14));
#2259=IFCINDEXEDPOLYGONALFACE((11,14,12));
#2260=IFCINDEXEDPOLYGONALFACE((13,15,16));
#2261=IFCINDEXEDPOLYGONALFACE((13,16,14));
#2262=IFCINDEXEDPOLYGONALFACE((15,17,18));
#2263=IFCINDEXEDPOLYGONALFACE((15,18,16));
#2264=IFCINDEXEDPOLYGONALFACE((17,19,20));
#2265=IFCINDEXEDPOLYGONALFACE((17,20,18));
#2266=IFCINDEXEDPOLYGONALFACE((19,21,22));
#2267=IFCINDEXEDPOLYGONALFACE((19,22,20));
#2268=IFCINDEXEDPOLYGONALFACE((21,23,24));
#2269=IFCINDEXEDPOLYGONALFACE((21,24,22));
#2270=IFCINDEXEDPOLYGONALFACE((23,25,26));
#2271=IFCINDEXEDPOLYGONALFACE((23,26,24));
#2272=IFCINDEXEDPOLYGONALFACE((25,27,28));
#2273=IFCINDEXEDPOLYGONALFACE((25,28,26));
#2274=IFCINDEXEDPOLYGONALFACE((27,29,30));
#2275=IFCINDEXEDPOLYGONALFACE((27,30,28));
#2276=IFCINDEXEDPOLYGONALFACE((29,31,32));
#2277=IFCINDEXEDPOLYGONALFACE((29,32,30));
#2278=IFCINDEXEDPOLYGONALFACE((31,33,34));
#2279=IFCINDEXEDPOLYGONALFACE((31,34,32));
#2280=IFCINDEXEDPOLYGONALFACE((33,35,36));
#2281=IFCINDEXEDPOLYGONALFACE((33,36,34));
#2282=IFCINDEXEDPOLYGONALFACE((35,37,38));
#2283=IFCINDEXEDPOLYGONALFACE((35,38,36));
#2284=IFCINDEXEDPOLYGONALFACE((37,39,40));
#2285=IFCINDEXEDPOLYGONALFACE((37,40,38));
#2286=IFCINDEXEDPOLYGONALFACE((39,41,42));
#2287=IFCINDEXEDPOLYGONALFACE((39,42,40));
#2288=IFCINDEXEDPOLYGONALFACE((41,43,44));
#2289=IFCINDEXEDPOLYGONALFACE((41,44,42));
#2290=IFCINDEXEDPOLYGONALFACE((43,45,46));
#2291=IFCINDEXEDPOLYGONALFACE((43,46,44));
#2292=IFCINDEXEDPOLYGONALFACE((45,47,48));
#2293=IFCINDEXEDPOLYGONALFACE((45,48,46));
#2294=IFCINDEXEDPOLYGONALFACE((47,49,50));
#2295=IFCINDEXEDPOLYGONALFACE((47,50,48));
#2296=IFCINDEXEDPOLYGONALFACE((49,51,52));
#2297=IFCINDEXEDPOLYGONALFACE((49,52,50));
#2298=IFCINDEXEDPOLYGONALFACE((51,53,54));
#2299=IFCINDEXEDPOLYGONALFACE((51,54,52));
#2300=IFCINDEXEDPOLYGONALFACE((53,55,56));
#2301=IFCINDEXEDPOLYGONALFACE((53,56,54));
#2302=IFCINDEXEDPOLYGONALFACE((55,57,58));
#2303=IFCINDEXEDPOLYGONALFACE((55,58,56));
#2304=IFCINDEXEDPOLYGONALFACE((57,59,60));
#2305=IFCINDEXEDPOLYGONALFACE((57,60,58));
#2306=IFCINDEXEDPOLYGONALFACE((59,61,62));
#2307=IFCINDEXEDPOLYGONALFACE((59,62,60));
#2308=IFCINDEXEDPOLYGONALFACE((61,63,64));
#2309=IFCINDEXEDPOLYGONALFACE((61,64,62));
#2310=IFCINDEXEDPOLYGONALFACE((63,1,4));
#2311=IFCINDEXEDPOLYGONALFACE((63,4,64));
#2312=IFCINDEXEDPOLYGONALFACE((1,5,2));
#2313=IFCINDEXEDPOLYGONALFACE((4,3,6));
#2314=IFCINDEXEDPOLYGONALFACE((1,7,5));
#2315=IFCINDEXEDPOLYGONALFACE((4,6,8));
#2316=IFCINDEXEDPOLYGONALFACE((1,9,7));
#2317=IFCINDEXEDPOLYGONALFACE((4,8,10));
#2318=IFCINDEXEDPOLYGONALFACE((1,11,9));
#2319=IFCINDEXEDPOLYGONALFACE((4,10,12));
#2320=IFCINDEXEDPOLYGONALFACE((1,13,11));
#2321=IFCINDEXEDPOLYGONALFACE((4,12,14));
#2322=IFCINDEXEDPOLYGONALFACE((1,15,13));
#2323=IFCINDEXEDPOLYGONALFACE((4,14,16));
#2324=IFCINDEXEDPOLYGONALFACE((1,17,15));
#2325=IFCINDEXEDPOLYGONALFACE((4,16,18));
#2326=IFCINDEXEDPOLYGONALFACE((1,19,17));
#2327=IFCINDEXEDPOLYGONALFACE((4,18,20));
#2328=IFCINDEXEDPOLYGONALFACE((1,21,19));
#2329=IFCINDEXEDPOLYGONALFACE((4,20,22));
#2330=IFCINDEXEDPOLYGONALFACE((1,23,21));
#2331=IFCINDEXEDPOLYGONALFACE((4,22,24));
#2332=IFCINDEXEDPOLYGONALFACE((1,25,23));
#2333=IFCINDEXEDPOLYGONALFACE((4,24,26));
#2334=IFCINDEXEDPOLYGONALFACE((1,27,25));
#2335=IFCINDEXEDPOLYGONALFACE((4,26,28));
#2336=IFCINDEXEDPOLYGONALFACE((1,29,27));
#2337=IFCINDEXEDPOLYGONALFACE((4,28,30));
#2338=IFCINDEXEDPOLYGONALFACE((1,31,29));
#2339=IFCINDEXEDPOLYGONALFACE((4,30,32));
#2340=IFCINDEXEDPOLYGONALFACE((1,33,31));
#2341=IFCINDEXEDPOLYGONALFACE((4,32,34));
#2342=IFCINDEXEDPOLYGONALFACE((1,35,33));
#2343=IFCINDEXEDPOLYGONALFACE((4,34,36));
#2344=IFCINDEXEDPOLYGONALFACE((1,37,35));
#2345=IFCINDEXEDPOLYGONALFACE((4,36,38));
#2346=IFCINDEXEDPOLYGONALFACE((1,39,37));
#2347=IFCINDEXEDPOLYGONALFACE((4,38,40));
#2348=IFCINDEXEDPOLYGONALFACE((1,41,39));
#2349=IFCINDEXEDPOLYGONALFACE((4,40,42));
#2350=IFCINDEXEDPOLYGONALFACE((1,43,41));
#2351=IFCINDEXEDPOLYGONALFACE((4,42,44));
#2352=IFCINDEXEDPOLYGONALFACE((1,45,43));
#2353=IFCINDEXEDPOLYGONALFACE((4,44,46));
#2354=IFCINDEXEDPOLYGONALFACE((1,47,45));
#2355=IFCINDEXEDPOLYGONALFACE((4,46,48));
#2356=IFCINDEXEDPOLYGONALFACE((1,49,47));
#2357=IFCINDEXEDPOLYGONALFACE((4,48,50));
#2358=IFCINDEXEDPOLYGONALFACE((1,51,49));
#2359=IFCINDEXEDPOLYGONALFACE((4,50,52));
#2360=IFCINDEXEDPOLYGONALFACE((1,53,51));
#2361=IFCINDEXEDPOLYGONALFACE((4,52,54));
#2362=IFCINDEXEDPOLYGONALFACE((1,55,53));
#2363=IFCINDEXEDPOLYGONALFACE((4,54,56));
#2364=IFCINDEXEDPOLYGONALFACE((1,57,55));
#2365=IFCINDEXEDPOLYGONALFACE((4,56,58));
#2366=IFCINDEXEDPOLYGONALFACE((1,59,57));
#2367=IFCINDEXEDPOLYGONALFACE((4,58,60));
#2368=IFCINDEXEDPOLYGONALFACE((1,61,59));
#2369=IFCINDEXEDPOLYGONALFACE((4,60,62));
#2370=IFCINDEXEDPOLYGONALFACE((1,63,61));
#2371=IFCINDEXEDPOLYGONALFACE((4,62,64));
#2372=IFCCARTESIANPOINTLIST3D(((0.05,0.,0.014),(0.049039,0.009755,0.014),(0.040212,0.007999,0.05),(0.041,0.,0.05),(0.046194,0.019134,0.014),(0.037879,0.01569,0.05),(0.041573,0.027779,0.014),(0.03409,0.022778,0.05),(0.035355,0.035355,0.014),(0.028991,0.028991,0.05),(0.027779,0.041573,0.014),(0.022778,0.03409,0.05),(0.019134,0.046194,0.014),(0.01569,0.037879,0.05),(0.009755,0.049039,0.014),(0.007999,0.040212,0.05),(0.,0.05,0.014),(0.,0.041,0.05),(-0.009755,0.049039,0.014),(-0.007999,0.040212,0.05),(-0.019134,0.046194,0.014),(-0.01569,0.037879,0.05),(-0.027779,0.041573,0.014),(-0.022778,0.03409,0.05),(-0.035355,0.035355,0.014),(-0.028991,0.028991,0.05),(-0.041573,0.027779,0.014),(-0.03409,0.022778,0.05),(-0.046194,0.019134,0.014),(-0.037879,0.01569,0.05),(-0.049039,0.009755,0.014),(-0.040212,0.007999,0.05),(-0.05,0.,0.014),(-0.041,0.,0.05),(-0.049039,-0.009755,0.014),(-0.040212,-0.007999,0.05),(-0.046194,-0.019134,0.014),(-0.037879,-0.01569,0.05),(-0.041573,-0.027779,0.014),(-0.03409,-0.022778,0.05),(-0.035355,-0.035355,0.014),(-0.028991,-0.028991,0.05),(-0.027779,-0.041573,0.014),(-0.022778,-0.03409,0.05),(-0.019134,-0.046194,0.014),(-0.01569,-0.037879,0.05),(-0.009755,-0.049039,0.014),(-0.007999,-0.040212,0.05),(0.,-0.05,0.014),(0.,-0.041,0.05),(0.009755,-0.049039,0.014),(0.007999,-0.040212,0.05),(0.019134,-0.046194,0.014),(0.01569,-0.037879,0.05),(0.027779,-0.041573,0.014),(0.022778,-0.03409,0.05),(0.035355,-0.035355,0.014),(0.028991,-0.028991,0.05),(0.041573,-0.027779,0.014),(0.03409,-0.022778,0.05),(0.046194,-0.019134,0.014),(0.037879,-0.01569,0.05),(0.049039,-0.009755,0.014),(0.040212,-0.007999,0.05)));
#2373=IFCPOLYGONALFACESET(#2372,.T.,(#2248,#2249,#2250,#2251,#2252,#2253,#2254,#2255,#2256,#2257,#2258,#2259,#2260,#2261,#2262,#2263,#2264,#2265,#2266,#2267,#2268,#2269,#2270,#2271,#2272,#2273,#2274,#2275,#2276,#2277,#2278,#2279,#2280,#2281,#2282,#2283,#2284,#2285,#2286,#2287,#2288,#2289,#2290,#2291,#2292,#2293,#2294,#2295,#2296,#2297,#2298,#2299,#2300,#2301,#2302,#2303,#2304,#2305,#2306,#2307,#2308,#2309,#2310,#2311,#2312,#2313,#2314,#2315,#2316,#2317,#2318,#2319,#2320,#2321,#2322,#2323,#2324,#2325,#2326,#2327,#2328,#2329,#2330,#2331,#2332,#2333,#2334,#2335,#2336,#2337,#2338,#2339,#2340,#2341,#2342,#2343,#2344,#2345,#2346,#2347,#2348,#2349,#2350,#2351,#2352,#2353,#2354,#2355,#2356,#2357,#2358,#2359,#2360,#2361,#2362,#2363,#2364,#2365,#2366,#2367,#2368,#2369,#2370,#2371),$);
#2374=IFCSTYLEDITEM(#2373,(#1947),$);
#2375=IFCINDEXEDPOLYGONALFACE((1,2,3));
#2376=IFCINDEXEDPOLYGONALFACE((1,3,4));
#2377=IFCINDEXEDPOLYGONALFACE((2,5,6));
#2378=IFCINDEXEDPOLYGONALFACE((2,6,3));
#2379=IFCINDEXEDPOLYGONALFACE((5,7,8));
#2380=IFCINDEXEDPOLYGONALFACE((5,8,6));
#2381=IFCINDEXEDPOLYGONALFACE((7,9,10));
#2382=IFCINDEXEDPOLYGONALFACE((7,10,8));
#2383=IFCINDEXEDPOLYGONALFACE((9,11,12));
#2384=IFCINDEXEDPOLYGONALFACE((9,12,10));
#2385=IFCINDEXEDPOLYGONALFACE((11,13,14));
#2386=IFCINDEXEDPOLYGONALFACE((11,14,12));
#2387=IFCINDEXEDPOLYGONALFACE((13,15,16));
#2388=IFCINDEXEDPOLYGONALFACE((13,16,14));
#2389=IFCINDEXEDPOLYGONALFACE((15,17,18));
#2390=IFCINDEXEDPOLYGONALFACE((15,18,16));
#2391=IFCINDEXEDPOLYGONALFACE((17,19,20));
#2392=IFCINDEXEDPOLYGONALFACE((17,20,18));
#2393=IFCINDEXEDPOLYGONALFACE((19,21,22));
#2394=IFCINDEXEDPOLYGONALFACE((19,22,20));
#2395=IFCINDEXEDPOLYGONALFACE((21,23,24));
#2396=IFCINDEXEDPOLYGONALFACE((21,24,22));
#2397=IFCINDEXEDPOLYGONALFACE((23,25,26));
#2398=IFCINDEXEDPOLYGONALFACE((23,26,24));
#2399=IFCINDEXEDPOLYGONALFACE((25,27,28));
#2400=IFCINDEXEDPOLYGONALFACE((25,28,26));
#2401=IFCINDEXEDPOLYGONALFACE((27,29,30));
#2402=IFCINDEXEDPOLYGONALFACE((27,30,28));
#2403=IFCINDEXEDPOLYGONALFACE((29,31,32));
#2404=IFCINDEXEDPOLYGONALFACE((29,32,30));
#2405=IFCINDEXEDPOLYGONALFACE((31,33,34));
#2406=IFCINDEXEDPOLYGONALFACE((31,34,32));
#2407=IFCINDEXEDPOLYGONALFACE((33,35,36));
#2408=IFCINDEXEDPOLYGONALFACE((33,36,34));
#2409=IFCINDEXEDPOLYGONALFACE((35,37,38));
#2410=IFCINDEXEDPOLYGONALFACE((35,38,36));
#2411=IFCINDEXEDPOLYGONALFACE((37,39,40));
#2412=IFCINDEXEDPOLYGONALFACE((37,40,38));
#2413=IFCINDEXEDPOLYGONALFACE((39,41,42));
#2414=IFCINDEXEDPOLYGONALFACE((39,42,40));
#2415=IFCINDEXEDPOLYGONALFACE((41,43,44));
#2416=IFCINDEXEDPOLYGONALFACE((41,44,42));
#2417=IFCINDEXEDPOLYGONALFACE((43,45,46));
#2418=IFCINDEXEDPOLYGONALFACE((43,46,44));
#2419=IFCINDEXEDPOLYGONALFACE((45,47,48));
#2420=IFCINDEXEDPOLYGONALFACE((45,48,46));
#2421=IFCINDEXEDPOLYGONALFACE((47,49,50));
#2422=IFCINDEXEDPOLYGONALFACE((47,50,48));
#2423=IFCINDEXEDPOLYGONALFACE((49,51,52));
#2424=IFCINDEXEDPOLYGONALFACE((49,52,50));
#2425=IFCINDEXEDPOLYGONALFACE((51,53,54));
#2426=IFCINDEXEDPOLYGONALFACE((51,54,52));
#2427=IFCINDEXEDPOLYGONALFACE((53,55,56));
#2428=IFCINDEXEDPOLYGONALFACE((53,56,54));
#2429=IFCINDEXEDPOLYGONALFACE((55,57,58));
#2430=IFCINDEXEDPOLYGONALFACE((55,58,56));
#2431=IFCINDEXEDPOLYGONALFACE((57,59,60));
#2432=IFCINDEXEDPOLYGONALFACE((57,60,58));
#2433=IFCINDEXEDPOLYGONALFACE((59,61,62));
#2434=IFCINDEXEDPOLYGONALFACE((59,62,60));
#2435=IFCINDEXEDPOLYGONALFACE((61,63,64));
#2436=IFCINDEXEDPOLYGONALFACE((61,64,62));
#2437=IFCINDEXEDPOLYGONALFACE((63,1,4));
#2438=IFCINDEXEDPOLYGONALFACE((63,4,64));
#2439=IFCINDEXEDPOLYGONALFACE((1,5,2));
#2440=IFCINDEXEDPOLYGONALFACE((4,3,6));
#2441=IFCINDEXEDPOLYGONALFACE((1,7,5));
#2442=IFCINDEXEDPOLYGONALFACE((4,6,8));
#2443=IFCINDEXEDPOLYGONALFACE((1,9,7));
#2444=IFCINDEXEDPOLYGONALFACE((4,8,10));
#2445=IFCINDEXEDPOLYGONALFACE((1,11,9));
#2446=IFCINDEXEDPOLYGONALFACE((4,10,12));
#2447=IFCINDEXEDPOLYGONALFACE((1,13,11));
#2448=IFCINDEXEDPOLYGONALFACE((4,12,14));
#2449=IFCINDEXEDPOLYGONALFACE((1,15,13));
#2450=IFCINDEXEDPOLYGONALFACE((4,14,16));
#2451=IFCINDEXEDPOLYGONALFACE((1,17,15));
#2452=IFCINDEXEDPOLYGONALFACE((4,16,18));
#2453=IFCINDEXEDPOLYGONALFACE((1,19,17));
#2454=IFCINDEXEDPOLYGONALFACE((4,18,20));
#2455=IFCINDEXEDPOLYGONALFACE((1,21,19));
#2456=IFCINDEXEDPOLYGONALFACE((4,20,22));
#2457=IFCINDEXEDPOLYGONALFACE((1,23,21));
#2458=IFCINDEXEDPOLYGONALFACE((4,22,24));
#2459=IFCINDEXEDPOLYGONALFACE((1,25,23));
#2460=IFCINDEXEDPOLYGONALFACE((4,24,26));
#2461=IFCINDEXEDPOLYGONALFACE((1,27,25));
#2462=IFCINDEXEDPOLYGONALFACE((4,26,28));
#2463=IFCINDEXEDPOLYGONALFACE((1,29,27));
#2464=IFCINDEXEDPOLYGONALFACE((4,28,30));
#2465=IFCINDEXEDPOLYGONALFACE((1,31,29));
#2466=IFCINDEXEDPOLYGONALFACE((4,30,32));
#2467=IFCINDEXEDPOLYGONALFACE((1,33,31));
#2468=IFCINDEXEDPOLYGONALFACE((4,32,34));
#2469=IFCINDEXEDPOLYGONALFACE((1,35,33));
#2470=IFCINDEXEDPOLYGONALFACE((4,34,36));
#2471=IFCINDEXEDPOLYGONALFACE((1,37,35));
#2472=IFCINDEXEDPOLYGONALFACE((4,36,38));
#2473=IFCINDEXEDPOLYGONALFACE((1,39,37));
#2474=IFCINDEXEDPOLYGONALFACE((4,38,40));
#2475=IFCINDEXEDPOLYGONALFACE((1,41,39));
#2476=IFCINDEXEDPOLYGONALFACE((4,40,42));
#2477=IFCINDEXEDPOLYGONALFACE((1,43,41));
#2478=IFCINDEXEDPOLYGONALFACE((4,42,44));
#2479=IFCINDEXEDPOLYGONALFACE((1,45,43));
#2480=IFCINDEXEDPOLYGONALFACE((4,44,46));
#2481=IFCINDEXEDPOLYGONALFACE((1,47,45));
#2482=IFCINDEXEDPOLYGONALFACE((4,46,48));
#2483=IFCINDEXEDPOLYGONALFACE((1,49,47));
#2484=IFCINDEXEDPOLYGONALFACE((4,48,50));
#2485=IFCINDEXEDPOLYGONALFACE((1,51,49));
#2486=IFCINDEXEDPOLYGONALFACE((4,50,52));
#2487=IFCINDEXEDPOLYGONALFACE((1,53,51));
#2488=IFCINDEXEDPOLYGONALFACE((4,52,54));
#2489=IFCINDEXEDPOLYGONALFACE((1,55,53));
#2490=IFCINDEXEDPOLYGONALFACE((4,54,56));
#2491=IFCINDEXEDPOLYGONALFACE((1,57,55));
#2492=IFCINDEXEDPOLYGONALFACE((4,56,58));
#2493=IFCINDEXEDPOLYGONALFACE((1,59,57));
#2494=IFCINDEXEDPOLYGONALFACE((4,58,60));
#2495=IFCINDEXEDPOLYGONALFACE((1,61,59));
#2496=IFCINDEXEDPOLYGONALFACE((4,60,62));
#2497=IFCINDEXEDPOLYGONALFACE((1,63,61));
#2498=IFCINDEXEDPOLYGONALFACE((4,62,64));
#2499=IFCCARTESIANPOINTLIST3D(((0.037,0.,0.),(0.036289,0.007218,0.),(0.039918,0.00794,0.0145),(0.0407,0.,0.0145),(0.034184,0.014159,0.),(0.037602,0.015575,0.0145),(0.030764,0.020556,0.),(0.033841,0.022612,0.0145),(0.026163,0.026163,0.),(0.028779,0.028779,0.0145),(0.020556,0.030764,0.),(0.022612,0.033841,0.0145),(0.014159,0.034184,0.),(0.015575,0.037602,0.0145),(0.007218,0.036289,0.),(0.00794,0.039918,0.0145),(0.,0.037,0.),(0.,0.0407,0.0145),(-0.007218,0.036289,0.),(-0.00794,0.039918,0.0145),(-0.014159,0.034184,0.),(-0.015575,0.037602,0.0145),(-0.020556,0.030764,0.),(-0.022612,0.033841,0.0145),(-0.026163,0.026163,0.),(-0.028779,0.028779,0.0145),(-0.030764,0.020556,0.),(-0.033841,0.022612,0.0145),(-0.034184,0.014159,0.),(-0.037602,0.015575,0.0145),(-0.036289,0.007218,0.),(-0.039918,0.00794,0.0145),(-0.037,0.,0.),(-0.0407,0.,0.0145),(-0.036289,-0.007218,0.),(-0.039918,-0.00794,0.0145),(-0.034184,-0.014159,0.),(-0.037602,-0.015575,0.0145),(-0.030764,-0.020556,0.),(-0.033841,-0.022612,0.0145),(-0.026163,-0.026163,0.),(-0.028779,-0.028779,0.0145),(-0.020556,-0.030764,0.),(-0.022612,-0.033841,0.0145),(-0.014159,-0.034184,0.),(-0.015575,-0.037602,0.0145),(-0.007218,-0.036289,0.),(-0.00794,-0.039918,0.0145),(0.,-0.037,0.),(0.,-0.0407,0.0145),(0.007218,-0.036289,0.),(0.00794,-0.039918,0.0145),(0.014159,-0.034184,0.),(0.015575,-0.037602,0.0145),(0.020556,-0.030764,0.),(0.022612,-0.033841,0.0145),(0.026163,-0.026163,0.),(0.028779,-0.028779,0.0145),(0.030764,-0.020556,0.),(0.033841,-0.022612,0.0145),(0.034184,-0.014159,0.),(0.037602,-0.015575,0.0145),(0.036289,-0.007218,0.),(0.039918,-0.00794,0.0145)));
#2500=IFCPOLYGONALFACESET(#2499,.T.,(#2375,#2376,#2377,#2378,#2379,#2380,#2381,#2382,#2383,#2384,#2385,#2386,#2387,#2388,#2389,#2390,#2391,#2392,#2393,#2394,#2395,#2396,#2397,#2398,#2399,#2400,#2401,#2402,#2403,#2404,#2405,#2406,#2407,#2408,#2409,#2410,#2411,#2412,#2413,#2414,#2415,#2416,#2417,#2418,#2419,#2420,#2421,#2422,#2423,#2424,#2425,#2426,#2427,#2428,#2429,#2430,#2431,#2432,#2433,#2434,#2435,#2436,#2437,#2438,#2439,#2440,#2441,#2442,#2443,#2444,#2445,#2446,#2447,#2448,#2449,#2450,#2451,#2452,#2453,#2454,#2455,#2456,#2457,#2458,#2459,#2460,#2461,#2462,#2463,#2464,#2465,#2466,#2467,#2468,#2469,#2470,#2471,#2472,#2473,#2474,#2475,#2476,#2477,#2478,#2479,#2480,#2481,#2482,#2483,#2484,#2485,#2486,#2487,#2488,#2489,#2490,#2491,#2492,#2493,#2494,#2495,#2496,#2497,#2498),$);
#2501=IFCCOLOURRGB($,0.968627,0.901961,0.705882);
#2502=IFCSURFACESTYLESHADING(#2501,0.);
#2503=IFCSURFACESTYLE('#f7e6b4',.BOTH.,(#2502));
#2504=IFCSTYLEDITEM(#2500,(#2503),$);
#2505=IFCSHAPEREPRESENTATION(#12,'Body','Tessellation',(#2373,#2500));
#2506=IFCPRODUCTDEFINITIONSHAPE($,$,(#2505));
#2507=IFCLIGHTFIXTURE('1pD_NRomrV89ERMhfCx55u',#5,'Spotlight','Skanna asset library',$,#2247,#2506,$,.POINTSOURCE.);
#2508=IFCCARTESIANPOINT((5.4,6.05,2.65));
#2509=IFCDIRECTION((0.,0.,1.));
#2510=IFCDIRECTION((1.,0.,0.));
#2511=IFCAXIS2PLACEMENT3D(#2508,#2509,#2510);
#2512=IFCLOCALPLACEMENT(#26,#2511);
#2513=IFCINDEXEDPOLYGONALFACE((1,2,3));
#2514=IFCINDEXEDPOLYGONALFACE((1,3,4));
#2515=IFCINDEXEDPOLYGONALFACE((2,5,6));
#2516=IFCINDEXEDPOLYGONALFACE((2,6,3));
#2517=IFCINDEXEDPOLYGONALFACE((5,7,8));
#2518=IFCINDEXEDPOLYGONALFACE((5,8,6));
#2519=IFCINDEXEDPOLYGONALFACE((7,9,10));
#2520=IFCINDEXEDPOLYGONALFACE((7,10,8));
#2521=IFCINDEXEDPOLYGONALFACE((9,11,12));
#2522=IFCINDEXEDPOLYGONALFACE((9,12,10));
#2523=IFCINDEXEDPOLYGONALFACE((11,13,14));
#2524=IFCINDEXEDPOLYGONALFACE((11,14,12));
#2525=IFCINDEXEDPOLYGONALFACE((13,15,16));
#2526=IFCINDEXEDPOLYGONALFACE((13,16,14));
#2527=IFCINDEXEDPOLYGONALFACE((15,17,18));
#2528=IFCINDEXEDPOLYGONALFACE((15,18,16));
#2529=IFCINDEXEDPOLYGONALFACE((17,19,20));
#2530=IFCINDEXEDPOLYGONALFACE((17,20,18));
#2531=IFCINDEXEDPOLYGONALFACE((19,21,22));
#2532=IFCINDEXEDPOLYGONALFACE((19,22,20));
#2533=IFCINDEXEDPOLYGONALFACE((21,23,24));
#2534=IFCINDEXEDPOLYGONALFACE((21,24,22));
#2535=IFCINDEXEDPOLYGONALFACE((23,25,26));
#2536=IFCINDEXEDPOLYGONALFACE((23,26,24));
#2537=IFCINDEXEDPOLYGONALFACE((25,27,28));
#2538=IFCINDEXEDPOLYGONALFACE((25,28,26));
#2539=IFCINDEXEDPOLYGONALFACE((27,29,30));
#2540=IFCINDEXEDPOLYGONALFACE((27,30,28));
#2541=IFCINDEXEDPOLYGONALFACE((29,31,32));
#2542=IFCINDEXEDPOLYGONALFACE((29,32,30));
#2543=IFCINDEXEDPOLYGONALFACE((31,33,34));
#2544=IFCINDEXEDPOLYGONALFACE((31,34,32));
#2545=IFCINDEXEDPOLYGONALFACE((33,35,36));
#2546=IFCINDEXEDPOLYGONALFACE((33,36,34));
#2547=IFCINDEXEDPOLYGONALFACE((35,37,38));
#2548=IFCINDEXEDPOLYGONALFACE((35,38,36));
#2549=IFCINDEXEDPOLYGONALFACE((37,39,40));
#2550=IFCINDEXEDPOLYGONALFACE((37,40,38));
#2551=IFCINDEXEDPOLYGONALFACE((39,41,42));
#2552=IFCINDEXEDPOLYGONALFACE((39,42,40));
#2553=IFCINDEXEDPOLYGONALFACE((41,43,44));
#2554=IFCINDEXEDPOLYGONALFACE((41,44,42));
#2555=IFCINDEXEDPOLYGONALFACE((43,45,46));
#2556=IFCINDEXEDPOLYGONALFACE((43,46,44));
#2557=IFCINDEXEDPOLYGONALFACE((45,47,48));
#2558=IFCINDEXEDPOLYGONALFACE((45,48,46));
#2559=IFCINDEXEDPOLYGONALFACE((47,49,50));
#2560=IFCINDEXEDPOLYGONALFACE((47,50,48));
#2561=IFCINDEXEDPOLYGONALFACE((49,51,52));
#2562=IFCINDEXEDPOLYGONALFACE((49,52,50));
#2563=IFCINDEXEDPOLYGONALFACE((51,53,54));
#2564=IFCINDEXEDPOLYGONALFACE((51,54,52));
#2565=IFCINDEXEDPOLYGONALFACE((53,55,56));
#2566=IFCINDEXEDPOLYGONALFACE((53,56,54));
#2567=IFCINDEXEDPOLYGONALFACE((55,57,58));
#2568=IFCINDEXEDPOLYGONALFACE((55,58,56));
#2569=IFCINDEXEDPOLYGONALFACE((57,59,60));
#2570=IFCINDEXEDPOLYGONALFACE((57,60,58));
#2571=IFCINDEXEDPOLYGONALFACE((59,61,62));
#2572=IFCINDEXEDPOLYGONALFACE((59,62,60));
#2573=IFCINDEXEDPOLYGONALFACE((61,63,64));
#2574=IFCINDEXEDPOLYGONALFACE((61,64,62));
#2575=IFCINDEXEDPOLYGONALFACE((63,1,4));
#2576=IFCINDEXEDPOLYGONALFACE((63,4,64));
#2577=IFCINDEXEDPOLYGONALFACE((1,5,2));
#2578=IFCINDEXEDPOLYGONALFACE((4,3,6));
#2579=IFCINDEXEDPOLYGONALFACE((1,7,5));
#2580=IFCINDEXEDPOLYGONALFACE((4,6,8));
#2581=IFCINDEXEDPOLYGONALFACE((1,9,7));
#2582=IFCINDEXEDPOLYGONALFACE((4,8,10));
#2583=IFCINDEXEDPOLYGONALFACE((1,11,9));
#2584=IFCINDEXEDPOLYGONALFACE((4,10,12));
#2585=IFCINDEXEDPOLYGONALFACE((1,13,11));
#2586=IFCINDEXEDPOLYGONALFACE((4,12,14));
#2587=IFCINDEXEDPOLYGONALFACE((1,15,13));
#2588=IFCINDEXEDPOLYGONALFACE((4,14,16));
#2589=IFCINDEXEDPOLYGONALFACE((1,17,15));
#2590=IFCINDEXEDPOLYGONALFACE((4,16,18));
#2591=IFCINDEXEDPOLYGONALFACE((1,19,17));
#2592=IFCINDEXEDPOLYGONALFACE((4,18,20));
#2593=IFCINDEXEDPOLYGONALFACE((1,21,19));
#2594=IFCINDEXEDPOLYGONALFACE((4,20,22));
#2595=IFCINDEXEDPOLYGONALFACE((1,23,21));
#2596=IFCINDEXEDPOLYGONALFACE((4,22,24));
#2597=IFCINDEXEDPOLYGONALFACE((1,25,23));
#2598=IFCINDEXEDPOLYGONALFACE((4,24,26));
#2599=IFCINDEXEDPOLYGONALFACE((1,27,25));
#2600=IFCINDEXEDPOLYGONALFACE((4,26,28));
#2601=IFCINDEXEDPOLYGONALFACE((1,29,27));
#2602=IFCINDEXEDPOLYGONALFACE((4,28,30));
#2603=IFCINDEXEDPOLYGONALFACE((1,31,29));
#2604=IFCINDEXEDPOLYGONALFACE((4,30,32));
#2605=IFCINDEXEDPOLYGONALFACE((1,33,31));
#2606=IFCINDEXEDPOLYGONALFACE((4,32,34));
#2607=IFCINDEXEDPOLYGONALFACE((1,35,33));
#2608=IFCINDEXEDPOLYGONALFACE((4,34,36));
#2609=IFCINDEXEDPOLYGONALFACE((1,37,35));
#2610=IFCINDEXEDPOLYGONALFACE((4,36,38));
#2611=IFCINDEXEDPOLYGONALFACE((1,39,37));
#2612=IFCINDEXEDPOLYGONALFACE((4,38,40));
#2613=IFCINDEXEDPOLYGONALFACE((1,41,39));
#2614=IFCINDEXEDPOLYGONALFACE((4,40,42));
#2615=IFCINDEXEDPOLYGONALFACE((1,43,41));
#2616=IFCINDEXEDPOLYGONALFACE((4,42,44));
#2617=IFCINDEXEDPOLYGONALFACE((1,45,43));
#2618=IFCINDEXEDPOLYGONALFACE((4,44,46));
#2619=IFCINDEXEDPOLYGONALFACE((1,47,45));
#2620=IFCINDEXEDPOLYGONALFACE((4,46,48));
#2621=IFCINDEXEDPOLYGONALFACE((1,49,47));
#2622=IFCINDEXEDPOLYGONALFACE((4,48,50));
#2623=IFCINDEXEDPOLYGONALFACE((1,51,49));
#2624=IFCINDEXEDPOLYGONALFACE((4,50,52));
#2625=IFCINDEXEDPOLYGONALFACE((1,53,51));
#2626=IFCINDEXEDPOLYGONALFACE((4,52,54));
#2627=IFCINDEXEDPOLYGONALFACE((1,55,53));
#2628=IFCINDEXEDPOLYGONALFACE((4,54,56));
#2629=IFCINDEXEDPOLYGONALFACE((1,57,55));
#2630=IFCINDEXEDPOLYGONALFACE((4,56,58));
#2631=IFCINDEXEDPOLYGONALFACE((1,59,57));
#2632=IFCINDEXEDPOLYGONALFACE((4,58,60));
#2633=IFCINDEXEDPOLYGONALFACE((1,61,59));
#2634=IFCINDEXEDPOLYGONALFACE((4,60,62));
#2635=IFCINDEXEDPOLYGONALFACE((1,63,61));
#2636=IFCINDEXEDPOLYGONALFACE((4,62,64));
#2637=IFCCARTESIANPOINTLIST3D(((0.05,0.,0.014),(0.049039,0.009755,0.014),(0.040212,0.007999,0.05),(0.041,0.,0.05),(0.046194,0.019134,0.014),(0.037879,0.01569,0.05),(0.041573,0.027779,0.014),(0.03409,0.022778,0.05),(0.035355,0.035355,0.014),(0.028991,0.028991,0.05),(0.027779,0.041573,0.014),(0.022778,0.03409,0.05),(0.019134,0.046194,0.014),(0.01569,0.037879,0.05),(0.009755,0.049039,0.014),(0.007999,0.040212,0.05),(0.,0.05,0.014),(0.,0.041,0.05),(-0.009755,0.049039,0.014),(-0.007999,0.040212,0.05),(-0.019134,0.046194,0.014),(-0.01569,0.037879,0.05),(-0.027779,0.041573,0.014),(-0.022778,0.03409,0.05),(-0.035355,0.035355,0.014),(-0.028991,0.028991,0.05),(-0.041573,0.027779,0.014),(-0.03409,0.022778,0.05),(-0.046194,0.019134,0.014),(-0.037879,0.01569,0.05),(-0.049039,0.009755,0.014),(-0.040212,0.007999,0.05),(-0.05,0.,0.014),(-0.041,0.,0.05),(-0.049039,-0.009755,0.014),(-0.040212,-0.007999,0.05),(-0.046194,-0.019134,0.014),(-0.037879,-0.01569,0.05),(-0.041573,-0.027779,0.014),(-0.03409,-0.022778,0.05),(-0.035355,-0.035355,0.014),(-0.028991,-0.028991,0.05),(-0.027779,-0.041573,0.014),(-0.022778,-0.03409,0.05),(-0.019134,-0.046194,0.014),(-0.01569,-0.037879,0.05),(-0.009755,-0.049039,0.014),(-0.007999,-0.040212,0.05),(0.,-0.05,0.014),(0.,-0.041,0.05),(0.009755,-0.049039,0.014),(0.007999,-0.040212,0.05),(0.019134,-0.046194,0.014),(0.01569,-0.037879,0.05),(0.027779,-0.041573,0.014),(0.022778,-0.03409,0.05),(0.035355,-0.035355,0.014),(0.028991,-0.028991,0.05),(0.041573,-0.027779,0.014),(0.03409,-0.022778,0.05),(0.046194,-0.019134,0.014),(0.037879,-0.01569,0.05),(0.049039,-0.009755,0.014),(0.040212,-0.007999,0.05)));
#2638=IFCPOLYGONALFACESET(#2637,.T.,(#2513,#2514,#2515,#2516,#2517,#2518,#2519,#2520,#2521,#2522,#2523,#2524,#2525,#2526,#2527,#2528,#2529,#2530,#2531,#2532,#2533,#2534,#2535,#2536,#2537,#2538,#2539,#2540,#2541,#2542,#2543,#2544,#2545,#2546,#2547,#2548,#2549,#2550,#2551,#2552,#2553,#2554,#2555,#2556,#2557,#2558,#2559,#2560,#2561,#2562,#2563,#2564,#2565,#2566,#2567,#2568,#2569,#2570,#2571,#2572,#2573,#2574,#2575,#2576,#2577,#2578,#2579,#2580,#2581,#2582,#2583,#2584,#2585,#2586,#2587,#2588,#2589,#2590,#2591,#2592,#2593,#2594,#2595,#2596,#2597,#2598,#2599,#2600,#2601,#2602,#2603,#2604,#2605,#2606,#2607,#2608,#2609,#2610,#2611,#2612,#2613,#2614,#2615,#2616,#2617,#2618,#2619,#2620,#2621,#2622,#2623,#2624,#2625,#2626,#2627,#2628,#2629,#2630,#2631,#2632,#2633,#2634,#2635,#2636),$);
#2639=IFCSTYLEDITEM(#2638,(#1947),$);
#2640=IFCINDEXEDPOLYGONALFACE((1,2,3));
#2641=IFCINDEXEDPOLYGONALFACE((1,3,4));
#2642=IFCINDEXEDPOLYGONALFACE((2,5,6));
#2643=IFCINDEXEDPOLYGONALFACE((2,6,3));
#2644=IFCINDEXEDPOLYGONALFACE((5,7,8));
#2645=IFCINDEXEDPOLYGONALFACE((5,8,6));
#2646=IFCINDEXEDPOLYGONALFACE((7,9,10));
#2647=IFCINDEXEDPOLYGONALFACE((7,10,8));
#2648=IFCINDEXEDPOLYGONALFACE((9,11,12));
#2649=IFCINDEXEDPOLYGONALFACE((9,12,10));
#2650=IFCINDEXEDPOLYGONALFACE((11,13,14));
#2651=IFCINDEXEDPOLYGONALFACE((11,14,12));
#2652=IFCINDEXEDPOLYGONALFACE((13,15,16));
#2653=IFCINDEXEDPOLYGONALFACE((13,16,14));
#2654=IFCINDEXEDPOLYGONALFACE((15,17,18));
#2655=IFCINDEXEDPOLYGONALFACE((15,18,16));
#2656=IFCINDEXEDPOLYGONALFACE((17,19,20));
#2657=IFCINDEXEDPOLYGONALFACE((17,20,18));
#2658=IFCINDEXEDPOLYGONALFACE((19,21,22));
#2659=IFCINDEXEDPOLYGONALFACE((19,22,20));
#2660=IFCINDEXEDPOLYGONALFACE((21,23,24));
#2661=IFCINDEXEDPOLYGONALFACE((21,24,22));
#2662=IFCINDEXEDPOLYGONALFACE((23,25,26));
#2663=IFCINDEXEDPOLYGONALFACE((23,26,24));
#2664=IFCINDEXEDPOLYGONALFACE((25,27,28));
#2665=IFCINDEXEDPOLYGONALFACE((25,28,26));
#2666=IFCINDEXEDPOLYGONALFACE((27,29,30));
#2667=IFCINDEXEDPOLYGONALFACE((27,30,28));
#2668=IFCINDEXEDPOLYGONALFACE((29,31,32));
#2669=IFCINDEXEDPOLYGONALFACE((29,32,30));
#2670=IFCINDEXEDPOLYGONALFACE((31,33,34));
#2671=IFCINDEXEDPOLYGONALFACE((31,34,32));
#2672=IFCINDEXEDPOLYGONALFACE((33,35,36));
#2673=IFCINDEXEDPOLYGONALFACE((33,36,34));
#2674=IFCINDEXEDPOLYGONALFACE((35,37,38));
#2675=IFCINDEXEDPOLYGONALFACE((35,38,36));
#2676=IFCINDEXEDPOLYGONALFACE((37,39,40));
#2677=IFCINDEXEDPOLYGONALFACE((37,40,38));
#2678=IFCINDEXEDPOLYGONALFACE((39,41,42));
#2679=IFCINDEXEDPOLYGONALFACE((39,42,40));
#2680=IFCINDEXEDPOLYGONALFACE((41,43,44));
#2681=IFCINDEXEDPOLYGONALFACE((41,44,42));
#2682=IFCINDEXEDPOLYGONALFACE((43,45,46));
#2683=IFCINDEXEDPOLYGONALFACE((43,46,44));
#2684=IFCINDEXEDPOLYGONALFACE((45,47,48));
#2685=IFCINDEXEDPOLYGONALFACE((45,48,46));
#2686=IFCINDEXEDPOLYGONALFACE((47,49,50));
#2687=IFCINDEXEDPOLYGONALFACE((47,50,48));
#2688=IFCINDEXEDPOLYGONALFACE((49,51,52));
#2689=IFCINDEXEDPOLYGONALFACE((49,52,50));
#2690=IFCINDEXEDPOLYGONALFACE((51,53,54));
#2691=IFCINDEXEDPOLYGONALFACE((51,54,52));
#2692=IFCINDEXEDPOLYGONALFACE((53,55,56));
#2693=IFCINDEXEDPOLYGONALFACE((53,56,54));
#2694=IFCINDEXEDPOLYGONALFACE((55,57,58));
#2695=IFCINDEXEDPOLYGONALFACE((55,58,56));
#2696=IFCINDEXEDPOLYGONALFACE((57,59,60));
#2697=IFCINDEXEDPOLYGONALFACE((57,60,58));
#2698=IFCINDEXEDPOLYGONALFACE((59,61,62));
#2699=IFCINDEXEDPOLYGONALFACE((59,62,60));
#2700=IFCINDEXEDPOLYGONALFACE((61,63,64));
#2701=IFCINDEXEDPOLYGONALFACE((61,64,62));
#2702=IFCINDEXEDPOLYGONALFACE((63,1,4));
#2703=IFCINDEXEDPOLYGONALFACE((63,4,64));
#2704=IFCINDEXEDPOLYGONALFACE((1,5,2));
#2705=IFCINDEXEDPOLYGONALFACE((4,3,6));
#2706=IFCINDEXEDPOLYGONALFACE((1,7,5));
#2707=IFCINDEXEDPOLYGONALFACE((4,6,8));
#2708=IFCINDEXEDPOLYGONALFACE((1,9,7));
#2709=IFCINDEXEDPOLYGONALFACE((4,8,10));
#2710=IFCINDEXEDPOLYGONALFACE((1,11,9));
#2711=IFCINDEXEDPOLYGONALFACE((4,10,12));
#2712=IFCINDEXEDPOLYGONALFACE((1,13,11));
#2713=IFCINDEXEDPOLYGONALFACE((4,12,14));
#2714=IFCINDEXEDPOLYGONALFACE((1,15,13));
#2715=IFCINDEXEDPOLYGONALFACE((4,14,16));
#2716=IFCINDEXEDPOLYGONALFACE((1,17,15));
#2717=IFCINDEXEDPOLYGONALFACE((4,16,18));
#2718=IFCINDEXEDPOLYGONALFACE((1,19,17));
#2719=IFCINDEXEDPOLYGONALFACE((4,18,20));
#2720=IFCINDEXEDPOLYGONALFACE((1,21,19));
#2721=IFCINDEXEDPOLYGONALFACE((4,20,22));
#2722=IFCINDEXEDPOLYGONALFACE((1,23,21));
#2723=IFCINDEXEDPOLYGONALFACE((4,22,24));
#2724=IFCINDEXEDPOLYGONALFACE((1,25,23));
#2725=IFCINDEXEDPOLYGONALFACE((4,24,26));
#2726=IFCINDEXEDPOLYGONALFACE((1,27,25));
#2727=IFCINDEXEDPOLYGONALFACE((4,26,28));
#2728=IFCINDEXEDPOLYGONALFACE((1,29,27));
#2729=IFCINDEXEDPOLYGONALFACE((4,28,30));
#2730=IFCINDEXEDPOLYGONALFACE((1,31,29));
#2731=IFCINDEXEDPOLYGONALFACE((4,30,32));
#2732=IFCINDEXEDPOLYGONALFACE((1,33,31));
#2733=IFCINDEXEDPOLYGONALFACE((4,32,34));
#2734=IFCINDEXEDPOLYGONALFACE((1,35,33));
#2735=IFCINDEXEDPOLYGONALFACE((4,34,36));
#2736=IFCINDEXEDPOLYGONALFACE((1,37,35));
#2737=IFCINDEXEDPOLYGONALFACE((4,36,38));
#2738=IFCINDEXEDPOLYGONALFACE((1,39,37));
#2739=IFCINDEXEDPOLYGONALFACE((4,38,40));
#2740=IFCINDEXEDPOLYGONALFACE((1,41,39));
#2741=IFCINDEXEDPOLYGONALFACE((4,40,42));
#2742=IFCINDEXEDPOLYGONALFACE((1,43,41));
#2743=IFCINDEXEDPOLYGONALFACE((4,42,44));
#2744=IFCINDEXEDPOLYGONALFACE((1,45,43));
#2745=IFCINDEXEDPOLYGONALFACE((4,44,46));
#2746=IFCINDEXEDPOLYGONALFACE((1,47,45));
#2747=IFCINDEXEDPOLYGONALFACE((4,46,48));
#2748=IFCINDEXEDPOLYGONALFACE((1,49,47));
#2749=IFCINDEXEDPOLYGONALFACE((4,48,50));
#2750=IFCINDEXEDPOLYGONALFACE((1,51,49));
#2751=IFCINDEXEDPOLYGONALFACE((4,50,52));
#2752=IFCINDEXEDPOLYGONALFACE((1,53,51));
#2753=IFCINDEXEDPOLYGONALFACE((4,52,54));
#2754=IFCINDEXEDPOLYGONALFACE((1,55,53));
#2755=IFCINDEXEDPOLYGONALFACE((4,54,56));
#2756=IFCINDEXEDPOLYGONALFACE((1,57,55));
#2757=IFCINDEXEDPOLYGONALFACE((4,56,58));
#2758=IFCINDEXEDPOLYGONALFACE((1,59,57));
#2759=IFCINDEXEDPOLYGONALFACE((4,58,60));
#2760=IFCINDEXEDPOLYGONALFACE((1,61,59));
#2761=IFCINDEXEDPOLYGONALFACE((4,60,62));
#2762=IFCINDEXEDPOLYGONALFACE((1,63,61));
#2763=IFCINDEXEDPOLYGONALFACE((4,62,64));
#2764=IFCCARTESIANPOINTLIST3D(((0.037,0.,0.),(0.036289,0.007218,0.),(0.039918,0.00794,0.0145),(0.0407,0.,0.0145),(0.034184,0.014159,0.),(0.037602,0.015575,0.0145),(0.030764,0.020556,0.),(0.033841,0.022612,0.0145),(0.026163,0.026163,0.),(0.028779,0.028779,0.0145),(0.020556,0.030764,0.),(0.022612,0.033841,0.0145),(0.014159,0.034184,0.),(0.015575,0.037602,0.0145),(0.007218,0.036289,0.),(0.00794,0.039918,0.0145),(0.,0.037,0.),(0.,0.0407,0.0145),(-0.007218,0.036289,0.),(-0.00794,0.039918,0.0145),(-0.014159,0.034184,0.),(-0.015575,0.037602,0.0145),(-0.020556,0.030764,0.),(-0.022612,0.033841,0.0145),(-0.026163,0.026163,0.),(-0.028779,0.028779,0.0145),(-0.030764,0.020556,0.),(-0.033841,0.022612,0.0145),(-0.034184,0.014159,0.),(-0.037602,0.015575,0.0145),(-0.036289,0.007218,0.),(-0.039918,0.00794,0.0145),(-0.037,0.,0.),(-0.0407,0.,0.0145),(-0.036289,-0.007218,0.),(-0.039918,-0.00794,0.0145),(-0.034184,-0.014159,0.),(-0.037602,-0.015575,0.0145),(-0.030764,-0.020556,0.),(-0.033841,-0.022612,0.0145),(-0.026163,-0.026163,0.),(-0.028779,-0.028779,0.0145),(-0.020556,-0.030764,0.),(-0.022612,-0.033841,0.0145),(-0.014159,-0.034184,0.),(-0.015575,-0.037602,0.0145),(-0.007218,-0.036289,0.),(-0.00794,-0.039918,0.0145),(0.,-0.037,0.),(0.,-0.0407,0.0145),(0.007218,-0.036289,0.),(0.00794,-0.039918,0.0145),(0.014159,-0.034184,0.),(0.015575,-0.037602,0.0145),(0.020556,-0.030764,0.),(0.022612,-0.033841,0.0145),(0.026163,-0.026163,0.),(0.028779,-0.028779,0.0145),(0.030764,-0.020556,0.),(0.033841,-0.022612,0.0145),(0.034184,-0.014159,0.),(0.037602,-0.015575,0.0145),(0.036289,-0.007218,0.),(0.039918,-0.00794,0.0145)));
#2765=IFCPOLYGONALFACESET(#2764,.T.,(#2640,#2641,#2642,#2643,#2644,#2645,#2646,#2647,#2648,#2649,#2650,#2651,#2652,#2653,#2654,#2655,#2656,#2657,#2658,#2659,#2660,#2661,#2662,#2663,#2664,#2665,#2666,#2667,#2668,#2669,#2670,#2671,#2672,#2673,#2674,#2675,#2676,#2677,#2678,#2679,#2680,#2681,#2682,#2683,#2684,#2685,#2686,#2687,#2688,#2689,#2690,#2691,#2692,#2693,#2694,#2695,#2696,#2697,#2698,#2699,#2700,#2701,#2702,#2703,#2704,#2705,#2706,#2707,#2708,#2709,#2710,#2711,#2712,#2713,#2714,#2715,#2716,#2717,#2718,#2719,#2720,#2721,#2722,#2723,#2724,#2725,#2726,#2727,#2728,#2729,#2730,#2731,#2732,#2733,#2734,#2735,#2736,#2737,#2738,#2739,#2740,#2741,#2742,#2743,#2744,#2745,#2746,#2747,#2748,#2749,#2750,#2751,#2752,#2753,#2754,#2755,#2756,#2757,#2758,#2759,#2760,#2761,#2762,#2763),$);
#2766=IFCSTYLEDITEM(#2765,(#2503),$);
#2767=IFCSHAPEREPRESENTATION(#12,'Body','Tessellation',(#2638,#2765));
#2768=IFCPRODUCTDEFINITIONSHAPE($,$,(#2767));
#2769=IFCLIGHTFIXTURE('0a14Am56pw1Kl0bY7iclv$',#5,'Spotlight','Skanna asset library',$,#2512,#2768,$,.POINTSOURCE.);
#2770=IFCCARTESIANPOINT((10.9,2.35,2.65));
#2771=IFCDIRECTION((0.,0.,1.));
#2772=IFCDIRECTION((1.,0.,0.));
#2773=IFCAXIS2PLACEMENT3D(#2770,#2771,#2772);
#2774=IFCLOCALPLACEMENT(#26,#2773);
#2775=IFCINDEXEDPOLYGONALFACE((1,2,3));
#2776=IFCINDEXEDPOLYGONALFACE((1,3,4));
#2777=IFCINDEXEDPOLYGONALFACE((2,5,6));
#2778=IFCINDEXEDPOLYGONALFACE((2,6,3));
#2779=IFCINDEXEDPOLYGONALFACE((5,7,8));
#2780=IFCINDEXEDPOLYGONALFACE((5,8,6));
#2781=IFCINDEXEDPOLYGONALFACE((7,9,10));
#2782=IFCINDEXEDPOLYGONALFACE((7,10,8));
#2783=IFCINDEXEDPOLYGONALFACE((9,11,12));
#2784=IFCINDEXEDPOLYGONALFACE((9,12,10));
#2785=IFCINDEXEDPOLYGONALFACE((11,13,14));
#2786=IFCINDEXEDPOLYGONALFACE((11,14,12));
#2787=IFCINDEXEDPOLYGONALFACE((13,15,16));
#2788=IFCINDEXEDPOLYGONALFACE((13,16,14));
#2789=IFCINDEXEDPOLYGONALFACE((15,17,18));
#2790=IFCINDEXEDPOLYGONALFACE((15,18,16));
#2791=IFCINDEXEDPOLYGONALFACE((17,19,20));
#2792=IFCINDEXEDPOLYGONALFACE((17,20,18));
#2793=IFCINDEXEDPOLYGONALFACE((19,21,22));
#2794=IFCINDEXEDPOLYGONALFACE((19,22,20));
#2795=IFCINDEXEDPOLYGONALFACE((21,23,24));
#2796=IFCINDEXEDPOLYGONALFACE((21,24,22));
#2797=IFCINDEXEDPOLYGONALFACE((23,25,26));
#2798=IFCINDEXEDPOLYGONALFACE((23,26,24));
#2799=IFCINDEXEDPOLYGONALFACE((25,27,28));
#2800=IFCINDEXEDPOLYGONALFACE((25,28,26));
#2801=IFCINDEXEDPOLYGONALFACE((27,29,30));
#2802=IFCINDEXEDPOLYGONALFACE((27,30,28));
#2803=IFCINDEXEDPOLYGONALFACE((29,31,32));
#2804=IFCINDEXEDPOLYGONALFACE((29,32,30));
#2805=IFCINDEXEDPOLYGONALFACE((31,33,34));
#2806=IFCINDEXEDPOLYGONALFACE((31,34,32));
#2807=IFCINDEXEDPOLYGONALFACE((33,35,36));
#2808=IFCINDEXEDPOLYGONALFACE((33,36,34));
#2809=IFCINDEXEDPOLYGONALFACE((35,37,38));
#2810=IFCINDEXEDPOLYGONALFACE((35,38,36));
#2811=IFCINDEXEDPOLYGONALFACE((37,39,40));
#2812=IFCINDEXEDPOLYGONALFACE((37,40,38));
#2813=IFCINDEXEDPOLYGONALFACE((39,41,42));
#2814=IFCINDEXEDPOLYGONALFACE((39,42,40));
#2815=IFCINDEXEDPOLYGONALFACE((41,43,44));
#2816=IFCINDEXEDPOLYGONALFACE((41,44,42));
#2817=IFCINDEXEDPOLYGONALFACE((43,45,46));
#2818=IFCINDEXEDPOLYGONALFACE((43,46,44));
#2819=IFCINDEXEDPOLYGONALFACE((45,47,48));
#2820=IFCINDEXEDPOLYGONALFACE((45,48,46));
#2821=IFCINDEXEDPOLYGONALFACE((47,49,50));
#2822=IFCINDEXEDPOLYGONALFACE((47,50,48));
#2823=IFCINDEXEDPOLYGONALFACE((49,51,52));
#2824=IFCINDEXEDPOLYGONALFACE((49,52,50));
#2825=IFCINDEXEDPOLYGONALFACE((51,53,54));
#2826=IFCINDEXEDPOLYGONALFACE((51,54,52));
#2827=IFCINDEXEDPOLYGONALFACE((53,55,56));
#2828=IFCINDEXEDPOLYGONALFACE((53,56,54));
#2829=IFCINDEXEDPOLYGONALFACE((55,57,58));
#2830=IFCINDEXEDPOLYGONALFACE((55,58,56));
#2831=IFCINDEXEDPOLYGONALFACE((57,59,60));
#2832=IFCINDEXEDPOLYGONALFACE((57,60,58));
#2833=IFCINDEXEDPOLYGONALFACE((59,61,62));
#2834=IFCINDEXEDPOLYGONALFACE((59,62,60));
#2835=IFCINDEXEDPOLYGONALFACE((61,63,64));
#2836=IFCINDEXEDPOLYGONALFACE((61,64,62));
#2837=IFCINDEXEDPOLYGONALFACE((63,1,4));
#2838=IFCINDEXEDPOLYGONALFACE((63,4,64));
#2839=IFCINDEXEDPOLYGONALFACE((1,5,2));
#2840=IFCINDEXEDPOLYGONALFACE((4,3,6));
#2841=IFCINDEXEDPOLYGONALFACE((1,7,5));
#2842=IFCINDEXEDPOLYGONALFACE((4,6,8));
#2843=IFCINDEXEDPOLYGONALFACE((1,9,7));
#2844=IFCINDEXEDPOLYGONALFACE((4,8,10));
#2845=IFCINDEXEDPOLYGONALFACE((1,11,9));
#2846=IFCINDEXEDPOLYGONALFACE((4,10,12));
#2847=IFCINDEXEDPOLYGONALFACE((1,13,11));
#2848=IFCINDEXEDPOLYGONALFACE((4,12,14));
#2849=IFCINDEXEDPOLYGONALFACE((1,15,13));
#2850=IFCINDEXEDPOLYGONALFACE((4,14,16));
#2851=IFCINDEXEDPOLYGONALFACE((1,17,15));
#2852=IFCINDEXEDPOLYGONALFACE((4,16,18));
#2853=IFCINDEXEDPOLYGONALFACE((1,19,17));
#2854=IFCINDEXEDPOLYGONALFACE((4,18,20));
#2855=IFCINDEXEDPOLYGONALFACE((1,21,19));
#2856=IFCINDEXEDPOLYGONALFACE((4,20,22));
#2857=IFCINDEXEDPOLYGONALFACE((1,23,21));
#2858=IFCINDEXEDPOLYGONALFACE((4,22,24));
#2859=IFCINDEXEDPOLYGONALFACE((1,25,23));
#2860=IFCINDEXEDPOLYGONALFACE((4,24,26));
#2861=IFCINDEXEDPOLYGONALFACE((1,27,25));
#2862=IFCINDEXEDPOLYGONALFACE((4,26,28));
#2863=IFCINDEXEDPOLYGONALFACE((1,29,27));
#2864=IFCINDEXEDPOLYGONALFACE((4,28,30));
#2865=IFCINDEXEDPOLYGONALFACE((1,31,29));
#2866=IFCINDEXEDPOLYGONALFACE((4,30,32));
#2867=IFCINDEXEDPOLYGONALFACE((1,33,31));
#2868=IFCINDEXEDPOLYGONALFACE((4,32,34));
#2869=IFCINDEXEDPOLYGONALFACE((1,35,33));
#2870=IFCINDEXEDPOLYGONALFACE((4,34,36));
#2871=IFCINDEXEDPOLYGONALFACE((1,37,35));
#2872=IFCINDEXEDPOLYGONALFACE((4,36,38));
#2873=IFCINDEXEDPOLYGONALFACE((1,39,37));
#2874=IFCINDEXEDPOLYGONALFACE((4,38,40));
#2875=IFCINDEXEDPOLYGONALFACE((1,41,39));
#2876=IFCINDEXEDPOLYGONALFACE((4,40,42));
#2877=IFCINDEXEDPOLYGONALFACE((1,43,41));
#2878=IFCINDEXEDPOLYGONALFACE((4,42,44));
#2879=IFCINDEXEDPOLYGONALFACE((1,45,43));
#2880=IFCINDEXEDPOLYGONALFACE((4,44,46));
#2881=IFCINDEXEDPOLYGONALFACE((1,47,45));
#2882=IFCINDEXEDPOLYGONALFACE((4,46,48));
#2883=IFCINDEXEDPOLYGONALFACE((1,49,47));
#2884=IFCINDEXEDPOLYGONALFACE((4,48,50));
#2885=IFCINDEXEDPOLYGONALFACE((1,51,49));
#2886=IFCINDEXEDPOLYGONALFACE((4,50,52));
#2887=IFCINDEXEDPOLYGONALFACE((1,53,51));
#2888=IFCINDEXEDPOLYGONALFACE((4,52,54));
#2889=IFCINDEXEDPOLYGONALFACE((1,55,53));
#2890=IFCINDEXEDPOLYGONALFACE((4,54,56));
#2891=IFCINDEXEDPOLYGONALFACE((1,57,55));
#2892=IFCINDEXEDPOLYGONALFACE((4,56,58));
#2893=IFCINDEXEDPOLYGONALFACE((1,59,57));
#2894=IFCINDEXEDPOLYGONALFACE((4,58,60));
#2895=IFCINDEXEDPOLYGONALFACE((1,61,59));
#2896=IFCINDEXEDPOLYGONALFACE((4,60,62));
#2897=IFCINDEXEDPOLYGONALFACE((1,63,61));
#2898=IFCINDEXEDPOLYGONALFACE((4,62,64));
#2899=IFCCARTESIANPOINTLIST3D(((0.05,0.,0.014),(0.049039,0.009755,0.014),(0.040212,0.007999,0.05),(0.041,0.,0.05),(0.046194,0.019134,0.014),(0.037879,0.01569,0.05),(0.041573,0.027779,0.014),(0.03409,0.022778,0.05),(0.035355,0.035355,0.014),(0.028991,0.028991,0.05),(0.027779,0.041573,0.014),(0.022778,0.03409,0.05),(0.019134,0.046194,0.014),(0.01569,0.037879,0.05),(0.009755,0.049039,0.014),(0.007999,0.040212,0.05),(0.,0.05,0.014),(0.,0.041,0.05),(-0.009755,0.049039,0.014),(-0.007999,0.040212,0.05),(-0.019134,0.046194,0.014),(-0.01569,0.037879,0.05),(-0.027779,0.041573,0.014),(-0.022778,0.03409,0.05),(-0.035355,0.035355,0.014),(-0.028991,0.028991,0.05),(-0.041573,0.027779,0.014),(-0.03409,0.022778,0.05),(-0.046194,0.019134,0.014),(-0.037879,0.01569,0.05),(-0.049039,0.009755,0.014),(-0.040212,0.007999,0.05),(-0.05,0.,0.014),(-0.041,0.,0.05),(-0.049039,-0.009755,0.014),(-0.040212,-0.007999,0.05),(-0.046194,-0.019134,0.014),(-0.037879,-0.01569,0.05),(-0.041573,-0.027779,0.014),(-0.03409,-0.022778,0.05),(-0.035355,-0.035355,0.014),(-0.028991,-0.028991,0.05),(-0.027779,-0.041573,0.014),(-0.022778,-0.03409,0.05),(-0.019134,-0.046194,0.014),(-0.01569,-0.037879,0.05),(-0.009755,-0.049039,0.014),(-0.007999,-0.040212,0.05),(0.,-0.05,0.014),(0.,-0.041,0.05),(0.009755,-0.049039,0.014),(0.007999,-0.040212,0.05),(0.019134,-0.046194,0.014),(0.01569,-0.037879,0.05),(0.027779,-0.041573,0.014),(0.022778,-0.03409,0.05),(0.035355,-0.035355,0.014),(0.028991,-0.028991,0.05),(0.041573,-0.027779,0.014),(0.03409,-0.022778,0.05),(0.046194,-0.019134,0.014),(0.037879,-0.01569,0.05),(0.049039,-0.009755,0.014),(0.040212,-0.007999,0.05)));
#2900=IFCPOLYGONALFACESET(#2899,.T.,(#2775,#2776,#2777,#2778,#2779,#2780,#2781,#2782,#2783,#2784,#2785,#2786,#2787,#2788,#2789,#2790,#2791,#2792,#2793,#2794,#2795,#2796,#2797,#2798,#2799,#2800,#2801,#2802,#2803,#2804,#2805,#2806,#2807,#2808,#2809,#2810,#2811,#2812,#2813,#2814,#2815,#2816,#2817,#2818,#2819,#2820,#2821,#2822,#2823,#2824,#2825,#2826,#2827,#2828,#2829,#2830,#2831,#2832,#2833,#2834,#2835,#2836,#2837,#2838,#2839,#2840,#2841,#2842,#2843,#2844,#2845,#2846,#2847,#2848,#2849,#2850,#2851,#2852,#2853,#2854,#2855,#2856,#2857,#2858,#2859,#2860,#2861,#2862,#2863,#2864,#2865,#2866,#2867,#2868,#2869,#2870,#2871,#2872,#2873,#2874,#2875,#2876,#2877,#2878,#2879,#2880,#2881,#2882,#2883,#2884,#2885,#2886,#2887,#2888,#2889,#2890,#2891,#2892,#2893,#2894,#2895,#2896,#2897,#2898),$);
#2901=IFCSTYLEDITEM(#2900,(#1947),$);
#2902=IFCINDEXEDPOLYGONALFACE((1,2,3));
#2903=IFCINDEXEDPOLYGONALFACE((1,3,4));
#2904=IFCINDEXEDPOLYGONALFACE((2,5,6));
#2905=IFCINDEXEDPOLYGONALFACE((2,6,3));
#2906=IFCINDEXEDPOLYGONALFACE((5,7,8));
#2907=IFCINDEXEDPOLYGONALFACE((5,8,6));
#2908=IFCINDEXEDPOLYGONALFACE((7,9,10));
#2909=IFCINDEXEDPOLYGONALFACE((7,10,8));
#2910=IFCINDEXEDPOLYGONALFACE((9,11,12));
#2911=IFCINDEXEDPOLYGONALFACE((9,12,10));
#2912=IFCINDEXEDPOLYGONALFACE((11,13,14));
#2913=IFCINDEXEDPOLYGONALFACE((11,14,12));
#2914=IFCINDEXEDPOLYGONALFACE((13,15,16));
#2915=IFCINDEXEDPOLYGONALFACE((13,16,14));
#2916=IFCINDEXEDPOLYGONALFACE((15,17,18));
#2917=IFCINDEXEDPOLYGONALFACE((15,18,16));
#2918=IFCINDEXEDPOLYGONALFACE((17,19,20));
#2919=IFCINDEXEDPOLYGONALFACE((17,20,18));
#2920=IFCINDEXEDPOLYGONALFACE((19,21,22));
#2921=IFCINDEXEDPOLYGONALFACE((19,22,20));
#2922=IFCINDEXEDPOLYGONALFACE((21,23,24));
#2923=IFCINDEXEDPOLYGONALFACE((21,24,22));
#2924=IFCINDEXEDPOLYGONALFACE((23,25,26));
#2925=IFCINDEXEDPOLYGONALFACE((23,26,24));
#2926=IFCINDEXEDPOLYGONALFACE((25,27,28));
#2927=IFCINDEXEDPOLYGONALFACE((25,28,26));
#2928=IFCINDEXEDPOLYGONALFACE((27,29,30));
#2929=IFCINDEXEDPOLYGONALFACE((27,30,28));
#2930=IFCINDEXEDPOLYGONALFACE((29,31,32));
#2931=IFCINDEXEDPOLYGONALFACE((29,32,30));
#2932=IFCINDEXEDPOLYGONALFACE((31,33,34));
#2933=IFCINDEXEDPOLYGONALFACE((31,34,32));
#2934=IFCINDEXEDPOLYGONALFACE((33,35,36));
#2935=IFCINDEXEDPOLYGONALFACE((33,36,34));
#2936=IFCINDEXEDPOLYGONALFACE((35,37,38));
#2937=IFCINDEXEDPOLYGONALFACE((35,38,36));
#2938=IFCINDEXEDPOLYGONALFACE((37,39,40));
#2939=IFCINDEXEDPOLYGONALFACE((37,40,38));
#2940=IFCINDEXEDPOLYGONALFACE((39,41,42));
#2941=IFCINDEXEDPOLYGONALFACE((39,42,40));
#2942=IFCINDEXEDPOLYGONALFACE((41,43,44));
#2943=IFCINDEXEDPOLYGONALFACE((41,44,42));
#2944=IFCINDEXEDPOLYGONALFACE((43,45,46));
#2945=IFCINDEXEDPOLYGONALFACE((43,46,44));
#2946=IFCINDEXEDPOLYGONALFACE((45,47,48));
#2947=IFCINDEXEDPOLYGONALFACE((45,48,46));
#2948=IFCINDEXEDPOLYGONALFACE((47,49,50));
#2949=IFCINDEXEDPOLYGONALFACE((47,50,48));
#2950=IFCINDEXEDPOLYGONALFACE((49,51,52));
#2951=IFCINDEXEDPOLYGONALFACE((49,52,50));
#2952=IFCINDEXEDPOLYGONALFACE((51,53,54));
#2953=IFCINDEXEDPOLYGONALFACE((51,54,52));
#2954=IFCINDEXEDPOLYGONALFACE((53,55,56));
#2955=IFCINDEXEDPOLYGONALFACE((53,56,54));
#2956=IFCINDEXEDPOLYGONALFACE((55,57,58));
#2957=IFCINDEXEDPOLYGONALFACE((55,58,56));
#2958=IFCINDEXEDPOLYGONALFACE((57,59,60));
#2959=IFCINDEXEDPOLYGONALFACE((57,60,58));
#2960=IFCINDEXEDPOLYGONALFACE((59,61,62));
#2961=IFCINDEXEDPOLYGONALFACE((59,62,60));
#2962=IFCINDEXEDPOLYGONALFACE((61,63,64));
#2963=IFCINDEXEDPOLYGONALFACE((61,64,62));
#2964=IFCINDEXEDPOLYGONALFACE((63,1,4));
#2965=IFCINDEXEDPOLYGONALFACE((63,4,64));
#2966=IFCINDEXEDPOLYGONALFACE((1,5,2));
#2967=IFCINDEXEDPOLYGONALFACE((4,3,6));
#2968=IFCINDEXEDPOLYGONALFACE((1,7,5));
#2969=IFCINDEXEDPOLYGONALFACE((4,6,8));
#2970=IFCINDEXEDPOLYGONALFACE((1,9,7));
#2971=IFCINDEXEDPOLYGONALFACE((4,8,10));
#2972=IFCINDEXEDPOLYGONALFACE((1,11,9));
#2973=IFCINDEXEDPOLYGONALFACE((4,10,12));
#2974=IFCINDEXEDPOLYGONALFACE((1,13,11));
#2975=IFCINDEXEDPOLYGONALFACE((4,12,14));
#2976=IFCINDEXEDPOLYGONALFACE((1,15,13));
#2977=IFCINDEXEDPOLYGONALFACE((4,14,16));
#2978=IFCINDEXEDPOLYGONALFACE((1,17,15));
#2979=IFCINDEXEDPOLYGONALFACE((4,16,18));
#2980=IFCINDEXEDPOLYGONALFACE((1,19,17));
#2981=IFCINDEXEDPOLYGONALFACE((4,18,20));
#2982=IFCINDEXEDPOLYGONALFACE((1,21,19));
#2983=IFCINDEXEDPOLYGONALFACE((4,20,22));
#2984=IFCINDEXEDPOLYGONALFACE((1,23,21));
#2985=IFCINDEXEDPOLYGONALFACE((4,22,24));
#2986=IFCINDEXEDPOLYGONALFACE((1,25,23));
#2987=IFCINDEXEDPOLYGONALFACE((4,24,26));
#2988=IFCINDEXEDPOLYGONALFACE((1,27,25));
#2989=IFCINDEXEDPOLYGONALFACE((4,26,28));
#2990=IFCINDEXEDPOLYGONALFACE((1,29,27));
#2991=IFCINDEXEDPOLYGONALFACE((4,28,30));
#2992=IFCINDEXEDPOLYGONALFACE((1,31,29));
#2993=IFCINDEXEDPOLYGONALFACE((4,30,32));
#2994=IFCINDEXEDPOLYGONALFACE((1,33,31));
#2995=IFCINDEXEDPOLYGONALFACE((4,32,34));
#2996=IFCINDEXEDPOLYGONALFACE((1,35,33));
#2997=IFCINDEXEDPOLYGONALFACE((4,34,36));
#2998=IFCINDEXEDPOLYGONALFACE((1,37,35));
#2999=IFCINDEXEDPOLYGONALFACE((4,36,38));
#3000=IFCINDEXEDPOLYGONALFACE((1,39,37));
#3001=IFCINDEXEDPOLYGONALFACE((4,38,40));
#3002=IFCINDEXEDPOLYGONALFACE((1,41,39));
#3003=IFCINDEXEDPOLYGONALFACE((4,40,42));
#3004=IFCINDEXEDPOLYGONALFACE((1,43,41));
#3005=IFCINDEXEDPOLYGONALFACE((4,42,44));
#3006=IFCINDEXEDPOLYGONALFACE((1,45,43));
#3007=IFCINDEXEDPOLYGONALFACE((4,44,46));
#3008=IFCINDEXEDPOLYGONALFACE((1,47,45));
#3009=IFCINDEXEDPOLYGONALFACE((4,46,48));
#3010=IFCINDEXEDPOLYGONALFACE((1,49,47));
#3011=IFCINDEXEDPOLYGONALFACE((4,48,50));
#3012=IFCINDEXEDPOLYGONALFACE((1,51,49));
#3013=IFCINDEXEDPOLYGONALFACE((4,50,52));
#3014=IFCINDEXEDPOLYGONALFACE((1,53,51));
#3015=IFCINDEXEDPOLYGONALFACE((4,52,54));
#3016=IFCINDEXEDPOLYGONALFACE((1,55,53));
#3017=IFCINDEXEDPOLYGONALFACE((4,54,56));
#3018=IFCINDEXEDPOLYGONALFACE((1,57,55));
#3019=IFCINDEXEDPOLYGONALFACE((4,56,58));
#3020=IFCINDEXEDPOLYGONALFACE((1,59,57));
#3021=IFCINDEXEDPOLYGONALFACE((4,58,60));
#3022=IFCINDEXEDPOLYGONALFACE((1,61,59));
#3023=IFCINDEXEDPOLYGONALFACE((4,60,62));
#3024=IFCINDEXEDPOLYGONALFACE((1,63,61));
#3025=IFCINDEXEDPOLYGONALFACE((4,62,64));
#3026=IFCCARTESIANPOINTLIST3D(((0.037,0.,0.),(0.036289,0.007218,0.),(0.039918,0.00794,0.0145),(0.0407,0.,0.0145),(0.034184,0.014159,0.),(0.037602,0.015575,0.0145),(0.030764,0.020556,0.),(0.033841,0.022612,0.0145),(0.026163,0.026163,0.),(0.028779,0.028779,0.0145),(0.020556,0.030764,0.),(0.022612,0.033841,0.0145),(0.014159,0.034184,0.),(0.015575,0.037602,0.0145),(0.007218,0.036289,0.),(0.00794,0.039918,0.0145),(0.,0.037,0.),(0.,0.0407,0.0145),(-0.007218,0.036289,0.),(-0.00794,0.039918,0.0145),(-0.014159,0.034184,0.),(-0.015575,0.037602,0.0145),(-0.020556,0.030764,0.),(-0.022612,0.033841,0.0145),(-0.026163,0.026163,0.),(-0.028779,0.028779,0.0145),(-0.030764,0.020556,0.),(-0.033841,0.022612,0.0145),(-0.034184,0.014159,0.),(-0.037602,0.015575,0.0145),(-0.036289,0.007218,0.),(-0.039918,0.00794,0.0145),(-0.037,0.,0.),(-0.0407,0.,0.0145),(-0.036289,-0.007218,0.),(-0.039918,-0.00794,0.0145),(-0.034184,-0.014159,0.),(-0.037602,-0.015575,0.0145),(-0.030764,-0.020556,0.),(-0.033841,-0.022612,0.0145),(-0.026163,-0.026163,0.),(-0.028779,-0.028779,0.0145),(-0.020556,-0.030764,0.),(-0.022612,-0.033841,0.0145),(-0.014159,-0.034184,0.),(-0.015575,-0.037602,0.0145),(-0.007218,-0.036289,0.),(-0.00794,-0.039918,0.0145),(0.,-0.037,0.),(0.,-0.0407,0.0145),(0.007218,-0.036289,0.),(0.00794,-0.039918,0.0145),(0.014159,-0.034184,0.),(0.015575,-0.037602,0.0145),(0.020556,-0.030764,0.),(0.022612,-0.033841,0.0145),(0.026163,-0.026163,0.),(0.028779,-0.028779,0.0145),(0.030764,-0.020556,0.),(0.033841,-0.022612,0.0145),(0.034184,-0.014159,0.),(0.037602,-0.015575,0.0145),(0.036289,-0.007218,0.),(0.039918,-0.00794,0.0145)));
#3027=IFCPOLYGONALFACESET(#3026,.T.,(#2902,#2903,#2904,#2905,#2906,#2907,#2908,#2909,#2910,#2911,#2912,#2913,#2914,#2915,#2916,#2917,#2918,#2919,#2920,#2921,#2922,#2923,#2924,#2925,#2926,#2927,#2928,#2929,#2930,#2931,#2932,#2933,#2934,#2935,#2936,#2937,#2938,#2939,#2940,#2941,#2942,#2943,#2944,#2945,#2946,#2947,#2948,#2949,#2950,#2951,#2952,#2953,#2954,#2955,#2956,#2957,#2958,#2959,#2960,#2961,#2962,#2963,#2964,#2965,#2966,#2967,#2968,#2969,#2970,#2971,#2972,#2973,#2974,#2975,#2976,#2977,#2978,#2979,#2980,#2981,#2982,#2983,#2984,#2985,#2986,#2987,#2988,#2989,#2990,#2991,#2992,#2993,#2994,#2995,#2996,#2997,#2998,#2999,#3000,#3001,#3002,#3003,#3004,#3005,#3006,#3007,#3008,#3009,#3010,#3011,#3012,#3013,#3014,#3015,#3016,#3017,#3018,#3019,#3020,#3021,#3022,#3023,#3024,#3025),$);
#3028=IFCSTYLEDITEM(#3027,(#2503),$);
#3029=IFCSHAPEREPRESENTATION(#12,'Body','Tessellation',(#2900,#3027));
#3030=IFCPRODUCTDEFINITIONSHAPE($,$,(#3029));
#3031=IFCLIGHTFIXTURE('2KNlubyso9zDfeUuCBVaiw',#5,'Spotlight','Skanna asset library',$,#2774,#3030,$,.POINTSOURCE.);
#3032=IFCCARTESIANPOINT((4.7,1.3,2.65));
#3033=IFCDIRECTION((0.,0.,1.));
#3034=IFCDIRECTION((1.,0.,0.));
#3035=IFCAXIS2PLACEMENT3D(#3032,#3033,#3034);
#3036=IFCLOCALPLACEMENT(#26,#3035);
#3037=IFCINDEXEDPOLYGONALFACE((1,2,3));
#3038=IFCINDEXEDPOLYGONALFACE((1,3,4));
#3039=IFCINDEXEDPOLYGONALFACE((2,5,6));
#3040=IFCINDEXEDPOLYGONALFACE((2,6,3));
#3041=IFCINDEXEDPOLYGONALFACE((5,7,8));
#3042=IFCINDEXEDPOLYGONALFACE((5,8,6));
#3043=IFCINDEXEDPOLYGONALFACE((7,9,10));
#3044=IFCINDEXEDPOLYGONALFACE((7,10,8));
#3045=IFCINDEXEDPOLYGONALFACE((9,11,12));
#3046=IFCINDEXEDPOLYGONALFACE((9,12,10));
#3047=IFCINDEXEDPOLYGONALFACE((11,13,14));
#3048=IFCINDEXEDPOLYGONALFACE((11,14,12));
#3049=IFCINDEXEDPOLYGONALFACE((13,15,16));
#3050=IFCINDEXEDPOLYGONALFACE((13,16,14));
#3051=IFCINDEXEDPOLYGONALFACE((15,17,18));
#3052=IFCINDEXEDPOLYGONALFACE((15,18,16));
#3053=IFCINDEXEDPOLYGONALFACE((17,19,20));
#3054=IFCINDEXEDPOLYGONALFACE((17,20,18));
#3055=IFCINDEXEDPOLYGONALFACE((19,21,22));
#3056=IFCINDEXEDPOLYGONALFACE((19,22,20));
#3057=IFCINDEXEDPOLYGONALFACE((21,23,24));
#3058=IFCINDEXEDPOLYGONALFACE((21,24,22));
#3059=IFCINDEXEDPOLYGONALFACE((23,25,26));
#3060=IFCINDEXEDPOLYGONALFACE((23,26,24));
#3061=IFCINDEXEDPOLYGONALFACE((25,27,28));
#3062=IFCINDEXEDPOLYGONALFACE((25,28,26));
#3063=IFCINDEXEDPOLYGONALFACE((27,29,30));
#3064=IFCINDEXEDPOLYGONALFACE((27,30,28));
#3065=IFCINDEXEDPOLYGONALFACE((29,31,32));
#3066=IFCINDEXEDPOLYGONALFACE((29,32,30));
#3067=IFCINDEXEDPOLYGONALFACE((31,33,34));
#3068=IFCINDEXEDPOLYGONALFACE((31,34,32));
#3069=IFCINDEXEDPOLYGONALFACE((33,35,36));
#3070=IFCINDEXEDPOLYGONALFACE((33,36,34));
#3071=IFCINDEXEDPOLYGONALFACE((35,37,38));
#3072=IFCINDEXEDPOLYGONALFACE((35,38,36));
#3073=IFCINDEXEDPOLYGONALFACE((37,39,40));
#3074=IFCINDEXEDPOLYGONALFACE((37,40,38));
#3075=IFCINDEXEDPOLYGONALFACE((39,41,42));
#3076=IFCINDEXEDPOLYGONALFACE((39,42,40));
#3077=IFCINDEXEDPOLYGONALFACE((41,43,44));
#3078=IFCINDEXEDPOLYGONALFACE((41,44,42));
#3079=IFCINDEXEDPOLYGONALFACE((43,45,46));
#3080=IFCINDEXEDPOLYGONALFACE((43,46,44));
#3081=IFCINDEXEDPOLYGONALFACE((45,47,48));
#3082=IFCINDEXEDPOLYGONALFACE((45,48,46));
#3083=IFCINDEXEDPOLYGONALFACE((47,49,50));
#3084=IFCINDEXEDPOLYGONALFACE((47,50,48));
#3085=IFCINDEXEDPOLYGONALFACE((49,51,52));
#3086=IFCINDEXEDPOLYGONALFACE((49,52,50));
#3087=IFCINDEXEDPOLYGONALFACE((51,53,54));
#3088=IFCINDEXEDPOLYGONALFACE((51,54,52));
#3089=IFCINDEXEDPOLYGONALFACE((53,55,56));
#3090=IFCINDEXEDPOLYGONALFACE((53,56,54));
#3091=IFCINDEXEDPOLYGONALFACE((55,57,58));
#3092=IFCINDEXEDPOLYGONALFACE((55,58,56));
#3093=IFCINDEXEDPOLYGONALFACE((57,59,60));
#3094=IFCINDEXEDPOLYGONALFACE((57,60,58));
#3095=IFCINDEXEDPOLYGONALFACE((59,61,62));
#3096=IFCINDEXEDPOLYGONALFACE((59,62,60));
#3097=IFCINDEXEDPOLYGONALFACE((61,63,64));
#3098=IFCINDEXEDPOLYGONALFACE((61,64,62));
#3099=IFCINDEXEDPOLYGONALFACE((63,1,4));
#3100=IFCINDEXEDPOLYGONALFACE((63,4,64));
#3101=IFCINDEXEDPOLYGONALFACE((1,5,2));
#3102=IFCINDEXEDPOLYGONALFACE((4,3,6));
#3103=IFCINDEXEDPOLYGONALFACE((1,7,5));
#3104=IFCINDEXEDPOLYGONALFACE((4,6,8));
#3105=IFCINDEXEDPOLYGONALFACE((1,9,7));
#3106=IFCINDEXEDPOLYGONALFACE((4,8,10));
#3107=IFCINDEXEDPOLYGONALFACE((1,11,9));
#3108=IFCINDEXEDPOLYGONALFACE((4,10,12));
#3109=IFCINDEXEDPOLYGONALFACE((1,13,11));
#3110=IFCINDEXEDPOLYGONALFACE((4,12,14));
#3111=IFCINDEXEDPOLYGONALFACE((1,15,13));
#3112=IFCINDEXEDPOLYGONALFACE((4,14,16));
#3113=IFCINDEXEDPOLYGONALFACE((1,17,15));
#3114=IFCINDEXEDPOLYGONALFACE((4,16,18));
#3115=IFCINDEXEDPOLYGONALFACE((1,19,17));
#3116=IFCINDEXEDPOLYGONALFACE((4,18,20));
#3117=IFCINDEXEDPOLYGONALFACE((1,21,19));
#3118=IFCINDEXEDPOLYGONALFACE((4,20,22));
#3119=IFCINDEXEDPOLYGONALFACE((1,23,21));
#3120=IFCINDEXEDPOLYGONALFACE((4,22,24));
#3121=IFCINDEXEDPOLYGONALFACE((1,25,23));
#3122=IFCINDEXEDPOLYGONALFACE((4,24,26));
#3123=IFCINDEXEDPOLYGONALFACE((1,27,25));
#3124=IFCINDEXEDPOLYGONALFACE((4,26,28));
#3125=IFCINDEXEDPOLYGONALFACE((1,29,27));
#3126=IFCINDEXEDPOLYGONALFACE((4,28,30));
#3127=IFCINDEXEDPOLYGONALFACE((1,31,29));
#3128=IFCINDEXEDPOLYGONALFACE((4,30,32));
#3129=IFCINDEXEDPOLYGONALFACE((1,33,31));
#3130=IFCINDEXEDPOLYGONALFACE((4,32,34));
#3131=IFCINDEXEDPOLYGONALFACE((1,35,33));
#3132=IFCINDEXEDPOLYGONALFACE((4,34,36));
#3133=IFCINDEXEDPOLYGONALFACE((1,37,35));
#3134=IFCINDEXEDPOLYGONALFACE((4,36,38));
#3135=IFCINDEXEDPOLYGONALFACE((1,39,37));
#3136=IFCINDEXEDPOLYGONALFACE((4,38,40));
#3137=IFCINDEXEDPOLYGONALFACE((1,41,39));
#3138=IFCINDEXEDPOLYGONALFACE((4,40,42));
#3139=IFCINDEXEDPOLYGONALFACE((1,43,41));
#3140=IFCINDEXEDPOLYGONALFACE((4,42,44));
#3141=IFCINDEXEDPOLYGONALFACE((1,45,43));
#3142=IFCINDEXEDPOLYGONALFACE((4,44,46));
#3143=IFCINDEXEDPOLYGONALFACE((1,47,45));
#3144=IFCINDEXEDPOLYGONALFACE((4,46,48));
#3145=IFCINDEXEDPOLYGONALFACE((1,49,47));
#3146=IFCINDEXEDPOLYGONALFACE((4,48,50));
#3147=IFCINDEXEDPOLYGONALFACE((1,51,49));
#3148=IFCINDEXEDPOLYGONALFACE((4,50,52));
#3149=IFCINDEXEDPOLYGONALFACE((1,53,51));
#3150=IFCINDEXEDPOLYGONALFACE((4,52,54));
#3151=IFCINDEXEDPOLYGONALFACE((1,55,53));
#3152=IFCINDEXEDPOLYGONALFACE((4,54,56));
#3153=IFCINDEXEDPOLYGONALFACE((1,57,55));
#3154=IFCINDEXEDPOLYGONALFACE((4,56,58));
#3155=IFCINDEXEDPOLYGONALFACE((1,59,57));
#3156=IFCINDEXEDPOLYGONALFACE((4,58,60));
#3157=IFCINDEXEDPOLYGONALFACE((1,61,59));
#3158=IFCINDEXEDPOLYGONALFACE((4,60,62));
#3159=IFCINDEXEDPOLYGONALFACE((1,63,61));
#3160=IFCINDEXEDPOLYGONALFACE((4,62,64));
#3161=IFCCARTESIANPOINTLIST3D(((0.05,0.,0.014),(0.049039,0.009755,0.014),(0.040212,0.007999,0.05),(0.041,0.,0.05),(0.046194,0.019134,0.014),(0.037879,0.01569,0.05),(0.041573,0.027779,0.014),(0.03409,0.022778,0.05),(0.035355,0.035355,0.014),(0.028991,0.028991,0.05),(0.027779,0.041573,0.014),(0.022778,0.03409,0.05),(0.019134,0.046194,0.014),(0.01569,0.037879,0.05),(0.009755,0.049039,0.014),(0.007999,0.040212,0.05),(0.,0.05,0.014),(0.,0.041,0.05),(-0.009755,0.049039,0.014),(-0.007999,0.040212,0.05),(-0.019134,0.046194,0.014),(-0.01569,0.037879,0.05),(-0.027779,0.041573,0.014),(-0.022778,0.03409,0.05),(-0.035355,0.035355,0.014),(-0.028991,0.028991,0.05),(-0.041573,0.027779,0.014),(-0.03409,0.022778,0.05),(-0.046194,0.019134,0.014),(-0.037879,0.01569,0.05),(-0.049039,0.009755,0.014),(-0.040212,0.007999,0.05),(-0.05,0.,0.014),(-0.041,0.,0.05),(-0.049039,-0.009755,0.014),(-0.040212,-0.007999,0.05),(-0.046194,-0.019134,0.014),(-0.037879,-0.01569,0.05),(-0.041573,-0.027779,0.014),(-0.03409,-0.022778,0.05),(-0.035355,-0.035355,0.014),(-0.028991,-0.028991,0.05),(-0.027779,-0.041573,0.014),(-0.022778,-0.03409,0.05),(-0.019134,-0.046194,0.014),(-0.01569,-0.037879,0.05),(-0.009755,-0.049039,0.014),(-0.007999,-0.040212,0.05),(0.,-0.05,0.014),(0.,-0.041,0.05),(0.009755,-0.049039,0.014),(0.007999,-0.040212,0.05),(0.019134,-0.046194,0.014),(0.01569,-0.037879,0.05),(0.027779,-0.041573,0.014),(0.022778,-0.03409,0.05),(0.035355,-0.035355,0.014),(0.028991,-0.028991,0.05),(0.041573,-0.027779,0.014),(0.03409,-0.022778,0.05),(0.046194,-0.019134,0.014),(0.037879,-0.01569,0.05),(0.049039,-0.009755,0.014),(0.040212,-0.007999,0.05)));
#3162=IFCPOLYGONALFACESET(#3161,.T.,(#3037,#3038,#3039,#3040,#3041,#3042,#3043,#3044,#3045,#3046,#3047,#3048,#3049,#3050,#3051,#3052,#3053,#3054,#3055,#3056,#3057,#3058,#3059,#3060,#3061,#3062,#3063,#3064,#3065,#3066,#3067,#3068,#3069,#3070,#3071,#3072,#3073,#3074,#3075,#3076,#3077,#3078,#3079,#3080,#3081,#3082,#3083,#3084,#3085,#3086,#3087,#3088,#3089,#3090,#3091,#3092,#3093,#3094,#3095,#3096,#3097,#3098,#3099,#3100,#3101,#3102,#3103,#3104,#3105,#3106,#3107,#3108,#3109,#3110,#3111,#3112,#3113,#3114,#3115,#3116,#3117,#3118,#3119,#3120,#3121,#3122,#3123,#3124,#3125,#3126,#3127,#3128,#3129,#3130,#3131,#3132,#3133,#3134,#3135,#3136,#3137,#3138,#3139,#3140,#3141,#3142,#3143,#3144,#3145,#3146,#3147,#3148,#3149,#3150,#3151,#3152,#3153,#3154,#3155,#3156,#3157,#3158,#3159,#3160),$);
#3163=IFCSTYLEDITEM(#3162,(#1947),$);
#3164=IFCINDEXEDPOLYGONALFACE((1,2,3));
#3165=IFCINDEXEDPOLYGONALFACE((1,3,4));
#3166=IFCINDEXEDPOLYGONALFACE((2,5,6));
#3167=IFCINDEXEDPOLYGONALFACE((2,6,3));
#3168=IFCINDEXEDPOLYGONALFACE((5,7,8));
#3169=IFCINDEXEDPOLYGONALFACE((5,8,6));
#3170=IFCINDEXEDPOLYGONALFACE((7,9,10));
#3171=IFCINDEXEDPOLYGONALFACE((7,10,8));
#3172=IFCINDEXEDPOLYGONALFACE((9,11,12));
#3173=IFCINDEXEDPOLYGONALFACE((9,12,10));
#3174=IFCINDEXEDPOLYGONALFACE((11,13,14));
#3175=IFCINDEXEDPOLYGONALFACE((11,14,12));
#3176=IFCINDEXEDPOLYGONALFACE((13,15,16));
#3177=IFCINDEXEDPOLYGONALFACE((13,16,14));
#3178=IFCINDEXEDPOLYGONALFACE((15,17,18));
#3179=IFCINDEXEDPOLYGONALFACE((15,18,16));
#3180=IFCINDEXEDPOLYGONALFACE((17,19,20));
#3181=IFCINDEXEDPOLYGONALFACE((17,20,18));
#3182=IFCINDEXEDPOLYGONALFACE((19,21,22));
#3183=IFCINDEXEDPOLYGONALFACE((19,22,20));
#3184=IFCINDEXEDPOLYGONALFACE((21,23,24));
#3185=IFCINDEXEDPOLYGONALFACE((21,24,22));
#3186=IFCINDEXEDPOLYGONALFACE((23,25,26));
#3187=IFCINDEXEDPOLYGONALFACE((23,26,24));
#3188=IFCINDEXEDPOLYGONALFACE((25,27,28));
#3189=IFCINDEXEDPOLYGONALFACE((25,28,26));
#3190=IFCINDEXEDPOLYGONALFACE((27,29,30));
#3191=IFCINDEXEDPOLYGONALFACE((27,30,28));
#3192=IFCINDEXEDPOLYGONALFACE((29,31,32));
#3193=IFCINDEXEDPOLYGONALFACE((29,32,30));
#3194=IFCINDEXEDPOLYGONALFACE((31,33,34));
#3195=IFCINDEXEDPOLYGONALFACE((31,34,32));
#3196=IFCINDEXEDPOLYGONALFACE((33,35,36));
#3197=IFCINDEXEDPOLYGONALFACE((33,36,34));
#3198=IFCINDEXEDPOLYGONALFACE((35,37,38));
#3199=IFCINDEXEDPOLYGONALFACE((35,38,36));
#3200=IFCINDEXEDPOLYGONALFACE((37,39,40));
#3201=IFCINDEXEDPOLYGONALFACE((37,40,38));
#3202=IFCINDEXEDPOLYGONALFACE((39,41,42));
#3203=IFCINDEXEDPOLYGONALFACE((39,42,40));
#3204=IFCINDEXEDPOLYGONALFACE((41,43,44));
#3205=IFCINDEXEDPOLYGONALFACE((41,44,42));
#3206=IFCINDEXEDPOLYGONALFACE((43,45,46));
#3207=IFCINDEXEDPOLYGONALFACE((43,46,44));
#3208=IFCINDEXEDPOLYGONALFACE((45,47,48));
#3209=IFCINDEXEDPOLYGONALFACE((45,48,46));
#3210=IFCINDEXEDPOLYGONALFACE((47,49,50));
#3211=IFCINDEXEDPOLYGONALFACE((47,50,48));
#3212=IFCINDEXEDPOLYGONALFACE((49,51,52));
#3213=IFCINDEXEDPOLYGONALFACE((49,52,50));
#3214=IFCINDEXEDPOLYGONALFACE((51,53,54));
#3215=IFCINDEXEDPOLYGONALFACE((51,54,52));
#3216=IFCINDEXEDPOLYGONALFACE((53,55,56));
#3217=IFCINDEXEDPOLYGONALFACE((53,56,54));
#3218=IFCINDEXEDPOLYGONALFACE((55,57,58));
#3219=IFCINDEXEDPOLYGONALFACE((55,58,56));
#3220=IFCINDEXEDPOLYGONALFACE((57,59,60));
#3221=IFCINDEXEDPOLYGONALFACE((57,60,58));
#3222=IFCINDEXEDPOLYGONALFACE((59,61,62));
#3223=IFCINDEXEDPOLYGONALFACE((59,62,60));
#3224=IFCINDEXEDPOLYGONALFACE((61,63,64));
#3225=IFCINDEXEDPOLYGONALFACE((61,64,62));
#3226=IFCINDEXEDPOLYGONALFACE((63,1,4));
#3227=IFCINDEXEDPOLYGONALFACE((63,4,64));
#3228=IFCINDEXEDPOLYGONALFACE((1,5,2));
#3229=IFCINDEXEDPOLYGONALFACE((4,3,6));
#3230=IFCINDEXEDPOLYGONALFACE((1,7,5));
#3231=IFCINDEXEDPOLYGONALFACE((4,6,8));
#3232=IFCINDEXEDPOLYGONALFACE((1,9,7));
#3233=IFCINDEXEDPOLYGONALFACE((4,8,10));
#3234=IFCINDEXEDPOLYGONALFACE((1,11,9));
#3235=IFCINDEXEDPOLYGONALFACE((4,10,12));
#3236=IFCINDEXEDPOLYGONALFACE((1,13,11));
#3237=IFCINDEXEDPOLYGONALFACE((4,12,14));
#3238=IFCINDEXEDPOLYGONALFACE((1,15,13));
#3239=IFCINDEXEDPOLYGONALFACE((4,14,16));
#3240=IFCINDEXEDPOLYGONALFACE((1,17,15));
#3241=IFCINDEXEDPOLYGONALFACE((4,16,18));
#3242=IFCINDEXEDPOLYGONALFACE((1,19,17));
#3243=IFCINDEXEDPOLYGONALFACE((4,18,20));
#3244=IFCINDEXEDPOLYGONALFACE((1,21,19));
#3245=IFCINDEXEDPOLYGONALFACE((4,20,22));
#3246=IFCINDEXEDPOLYGONALFACE((1,23,21));
#3247=IFCINDEXEDPOLYGONALFACE((4,22,24));
#3248=IFCINDEXEDPOLYGONALFACE((1,25,23));
#3249=IFCINDEXEDPOLYGONALFACE((4,24,26));
#3250=IFCINDEXEDPOLYGONALFACE((1,27,25));
#3251=IFCINDEXEDPOLYGONALFACE((4,26,28));
#3252=IFCINDEXEDPOLYGONALFACE((1,29,27));
#3253=IFCINDEXEDPOLYGONALFACE((4,28,30));
#3254=IFCINDEXEDPOLYGONALFACE((1,31,29));
#3255=IFCINDEXEDPOLYGONALFACE((4,30,32));
#3256=IFCINDEXEDPOLYGONALFACE((1,33,31));
#3257=IFCINDEXEDPOLYGONALFACE((4,32,34));
#3258=IFCINDEXEDPOLYGONALFACE((1,35,33));
#3259=IFCINDEXEDPOLYGONALFACE((4,34,36));
#3260=IFCINDEXEDPOLYGONALFACE((1,37,35));
#3261=IFCINDEXEDPOLYGONALFACE((4,36,38));
#3262=IFCINDEXEDPOLYGONALFACE((1,39,37));
#3263=IFCINDEXEDPOLYGONALFACE((4,38,40));
#3264=IFCINDEXEDPOLYGONALFACE((1,41,39));
#3265=IFCINDEXEDPOLYGONALFACE((4,40,42));
#3266=IFCINDEXEDPOLYGONALFACE((1,43,41));
#3267=IFCINDEXEDPOLYGONALFACE((4,42,44));
#3268=IFCINDEXEDPOLYGONALFACE((1,45,43));
#3269=IFCINDEXEDPOLYGONALFACE((4,44,46));
#3270=IFCINDEXEDPOLYGONALFACE((1,47,45));
#3271=IFCINDEXEDPOLYGONALFACE((4,46,48));
#3272=IFCINDEXEDPOLYGONALFACE((1,49,47));
#3273=IFCINDEXEDPOLYGONALFACE((4,48,50));
#3274=IFCINDEXEDPOLYGONALFACE((1,51,49));
#3275=IFCINDEXEDPOLYGONALFACE((4,50,52));
#3276=IFCINDEXEDPOLYGONALFACE((1,53,51));
#3277=IFCINDEXEDPOLYGONALFACE((4,52,54));
#3278=IFCINDEXEDPOLYGONALFACE((1,55,53));
#3279=IFCINDEXEDPOLYGONALFACE((4,54,56));
#3280=IFCINDEXEDPOLYGONALFACE((1,57,55));
#3281=IFCINDEXEDPOLYGONALFACE((4,56,58));
#3282=IFCINDEXEDPOLYGONALFACE((1,59,57));
#3283=IFCINDEXEDPOLYGONALFACE((4,58,60));
#3284=IFCINDEXEDPOLYGONALFACE((1,61,59));
#3285=IFCINDEXEDPOLYGONALFACE((4,60,62));
#3286=IFCINDEXEDPOLYGONALFACE((1,63,61));
#3287=IFCINDEXEDPOLYGONALFACE((4,62,64));
#3288=IFCCARTESIANPOINTLIST3D(((0.037,0.,0.),(0.036289,0.007218,0.),(0.039918,0.00794,0.0145),(0.0407,0.,0.0145),(0.034184,0.014159,0.),(0.037602,0.015575,0.0145),(0.030764,0.020556,0.),(0.033841,0.022612,0.0145),(0.026163,0.026163,0.),(0.028779,0.028779,0.0145),(0.020556,0.030764,0.),(0.022612,0.033841,0.0145),(0.014159,0.034184,0.),(0.015575,0.037602,0.0145),(0.007218,0.036289,0.),(0.00794,0.039918,0.0145),(0.,0.037,0.),(0.,0.0407,0.0145),(-0.007218,0.036289,0.),(-0.00794,0.039918,0.0145),(-0.014159,0.034184,0.),(-0.015575,0.037602,0.0145),(-0.020556,0.030764,0.),(-0.022612,0.033841,0.0145),(-0.026163,0.026163,0.),(-0.028779,0.028779,0.0145),(-0.030764,0.020556,0.),(-0.033841,0.022612,0.0145),(-0.034184,0.014159,0.),(-0.037602,0.015575,0.0145),(-0.036289,0.007218,0.),(-0.039918,0.00794,0.0145),(-0.037,0.,0.),(-0.0407,0.,0.0145),(-0.036289,-0.007218,0.),(-0.039918,-0.00794,0.0145),(-0.034184,-0.014159,0.),(-0.037602,-0.015575,0.0145),(-0.030764,-0.020556,0.),(-0.033841,-0.022612,0.0145),(-0.026163,-0.026163,0.),(-0.028779,-0.028779,0.0145),(-0.020556,-0.030764,0.),(-0.022612,-0.033841,0.0145),(-0.014159,-0.034184,0.),(-0.015575,-0.037602,0.0145),(-0.007218,-0.036289,0.),(-0.00794,-0.039918,0.0145),(0.,-0.037,0.),(0.,-0.0407,0.0145),(0.007218,-0.036289,0.),(0.00794,-0.039918,0.0145),(0.014159,-0.034184,0.),(0.015575,-0.037602,0.0145),(0.020556,-0.030764,0.),(0.022612,-0.033841,0.0145),(0.026163,-0.026163,0.),(0.028779,-0.028779,0.0145),(0.030764,-0.020556,0.),(0.033841,-0.022612,0.0145),(0.034184,-0.014159,0.),(0.037602,-0.015575,0.0145),(0.036289,-0.007218,0.),(0.039918,-0.00794,0.0145)));
#3289=IFCPOLYGONALFACESET(#3288,.T.,(#3164,#3165,#3166,#3167,#3168,#3169,#3170,#3171,#3172,#3173,#3174,#3175,#3176,#3177,#3178,#3179,#3180,#3181,#3182,#3183,#3184,#3185,#3186,#3187,#3188,#3189,#3190,#3191,#3192,#3193,#3194,#3195,#3196,#3197,#3198,#3199,#3200,#3201,#3202,#3203,#3204,#3205,#3206,#3207,#3208,#3209,#3210,#3211,#3212,#3213,#3214,#3215,#3216,#3217,#3218,#3219,#3220,#3221,#3222,#3223,#3224,#3225,#3226,#3227,#3228,#3229,#3230,#3231,#3232,#3233,#3234,#3235,#3236,#3237,#3238,#3239,#3240,#3241,#3242,#3243,#3244,#3245,#3246,#3247,#3248,#3249,#3250,#3251,#3252,#3253,#3254,#3255,#3256,#3257,#3258,#3259,#3260,#3261,#3262,#3263,#3264,#3265,#3266,#3267,#3268,#3269,#3270,#3271,#3272,#3273,#3274,#3275,#3276,#3277,#3278,#3279,#3280,#3281,#3282,#3283,#3284,#3285,#3286,#3287),$);
#3290=IFCSTYLEDITEM(#3289,(#2503),$);
#3291=IFCSHAPEREPRESENTATION(#12,'Body','Tessellation',(#3162,#3289));
#3292=IFCPRODUCTDEFINITIONSHAPE($,$,(#3291));
#3293=IFCLIGHTFIXTURE('2t1ExZzHqu_Q_H9a6ohEEN',#5,'Spotlight','Skanna asset library',$,#3036,#3292,$,.POINTSOURCE.);
#3294=IFCCARTESIANPOINT((8.35,17.7,2.65));
#3295=IFCDIRECTION((0.,0.,1.));
#3296=IFCDIRECTION((1.,0.,0.));
#3297=IFCAXIS2PLACEMENT3D(#3294,#3295,#3296);
#3298=IFCLOCALPLACEMENT(#26,#3297);
#3299=IFCINDEXEDPOLYGONALFACE((1,2,3));
#3300=IFCINDEXEDPOLYGONALFACE((1,3,4));
#3301=IFCINDEXEDPOLYGONALFACE((2,5,6));
#3302=IFCINDEXEDPOLYGONALFACE((2,6,3));
#3303=IFCINDEXEDPOLYGONALFACE((5,7,8));
#3304=IFCINDEXEDPOLYGONALFACE((5,8,6));
#3305=IFCINDEXEDPOLYGONALFACE((7,9,10));
#3306=IFCINDEXEDPOLYGONALFACE((7,10,8));
#3307=IFCINDEXEDPOLYGONALFACE((9,11,12));
#3308=IFCINDEXEDPOLYGONALFACE((9,12,10));
#3309=IFCINDEXEDPOLYGONALFACE((11,13,14));
#3310=IFCINDEXEDPOLYGONALFACE((11,14,12));
#3311=IFCINDEXEDPOLYGONALFACE((13,15,16));
#3312=IFCINDEXEDPOLYGONALFACE((13,16,14));
#3313=IFCINDEXEDPOLYGONALFACE((15,17,18));
#3314=IFCINDEXEDPOLYGONALFACE((15,18,16));
#3315=IFCINDEXEDPOLYGONALFACE((17,19,20));
#3316=IFCINDEXEDPOLYGONALFACE((17,20,18));
#3317=IFCINDEXEDPOLYGONALFACE((19,21,22));
#3318=IFCINDEXEDPOLYGONALFACE((19,22,20));
#3319=IFCINDEXEDPOLYGONALFACE((21,23,24));
#3320=IFCINDEXEDPOLYGONALFACE((21,24,22));
#3321=IFCINDEXEDPOLYGONALFACE((23,25,26));
#3322=IFCINDEXEDPOLYGONALFACE((23,26,24));
#3323=IFCINDEXEDPOLYGONALFACE((25,27,28));
#3324=IFCINDEXEDPOLYGONALFACE((25,28,26));
#3325=IFCINDEXEDPOLYGONALFACE((27,29,30));
#3326=IFCINDEXEDPOLYGONALFACE((27,30,28));
#3327=IFCINDEXEDPOLYGONALFACE((29,31,32));
#3328=IFCINDEXEDPOLYGONALFACE((29,32,30));
#3329=IFCINDEXEDPOLYGONALFACE((31,33,34));
#3330=IFCINDEXEDPOLYGONALFACE((31,34,32));
#3331=IFCINDEXEDPOLYGONALFACE((33,35,36));
#3332=IFCINDEXEDPOLYGONALFACE((33,36,34));
#3333=IFCINDEXEDPOLYGONALFACE((35,37,38));
#3334=IFCINDEXEDPOLYGONALFACE((35,38,36));
#3335=IFCINDEXEDPOLYGONALFACE((37,39,40));
#3336=IFCINDEXEDPOLYGONALFACE((37,40,38));
#3337=IFCINDEXEDPOLYGONALFACE((39,41,42));
#3338=IFCINDEXEDPOLYGONALFACE((39,42,40));
#3339=IFCINDEXEDPOLYGONALFACE((41,43,44));
#3340=IFCINDEXEDPOLYGONALFACE((41,44,42));
#3341=IFCINDEXEDPOLYGONALFACE((43,45,46));
#3342=IFCINDEXEDPOLYGONALFACE((43,46,44));
#3343=IFCINDEXEDPOLYGONALFACE((45,47,48));
#3344=IFCINDEXEDPOLYGONALFACE((45,48,46));
#3345=IFCINDEXEDPOLYGONALFACE((47,49,50));
#3346=IFCINDEXEDPOLYGONALFACE((47,50,48));
#3347=IFCINDEXEDPOLYGONALFACE((49,51,52));
#3348=IFCINDEXEDPOLYGONALFACE((49,52,50));
#3349=IFCINDEXEDPOLYGONALFACE((51,53,54));
#3350=IFCINDEXEDPOLYGONALFACE((51,54,52));
#3351=IFCINDEXEDPOLYGONALFACE((53,55,56));
#3352=IFCINDEXEDPOLYGONALFACE((53,56,54));
#3353=IFCINDEXEDPOLYGONALFACE((55,57,58));
#3354=IFCINDEXEDPOLYGONALFACE((55,58,56));
#3355=IFCINDEXEDPOLYGONALFACE((57,59,60));
#3356=IFCINDEXEDPOLYGONALFACE((57,60,58));
#3357=IFCINDEXEDPOLYGONALFACE((59,61,62));
#3358=IFCINDEXEDPOLYGONALFACE((59,62,60));
#3359=IFCINDEXEDPOLYGONALFACE((61,63,64));
#3360=IFCINDEXEDPOLYGONALFACE((61,64,62));
#3361=IFCINDEXEDPOLYGONALFACE((63,1,4));
#3362=IFCINDEXEDPOLYGONALFACE((63,4,64));
#3363=IFCINDEXEDPOLYGONALFACE((1,5,2));
#3364=IFCINDEXEDPOLYGONALFACE((4,3,6));
#3365=IFCINDEXEDPOLYGONALFACE((1,7,5));
#3366=IFCINDEXEDPOLYGONALFACE((4,6,8));
#3367=IFCINDEXEDPOLYGONALFACE((1,9,7));
#3368=IFCINDEXEDPOLYGONALFACE((4,8,10));
#3369=IFCINDEXEDPOLYGONALFACE((1,11,9));
#3370=IFCINDEXEDPOLYGONALFACE((4,10,12));
#3371=IFCINDEXEDPOLYGONALFACE((1,13,11));
#3372=IFCINDEXEDPOLYGONALFACE((4,12,14));
#3373=IFCINDEXEDPOLYGONALFACE((1,15,13));
#3374=IFCINDEXEDPOLYGONALFACE((4,14,16));
#3375=IFCINDEXEDPOLYGONALFACE((1,17,15));
#3376=IFCINDEXEDPOLYGONALFACE((4,16,18));
#3377=IFCINDEXEDPOLYGONALFACE((1,19,17));
#3378=IFCINDEXEDPOLYGONALFACE((4,18,20));
#3379=IFCINDEXEDPOLYGONALFACE((1,21,19));
#3380=IFCINDEXEDPOLYGONALFACE((4,20,22));
#3381=IFCINDEXEDPOLYGONALFACE((1,23,21));
#3382=IFCINDEXEDPOLYGONALFACE((4,22,24));
#3383=IFCINDEXEDPOLYGONALFACE((1,25,23));
#3384=IFCINDEXEDPOLYGONALFACE((4,24,26));
#3385=IFCINDEXEDPOLYGONALFACE((1,27,25));
#3386=IFCINDEXEDPOLYGONALFACE((4,26,28));
#3387=IFCINDEXEDPOLYGONALFACE((1,29,27));
#3388=IFCINDEXEDPOLYGONALFACE((4,28,30));
#3389=IFCINDEXEDPOLYGONALFACE((1,31,29));
#3390=IFCINDEXEDPOLYGONALFACE((4,30,32));
#3391=IFCINDEXEDPOLYGONALFACE((1,33,31));
#3392=IFCINDEXEDPOLYGONALFACE((4,32,34));
#3393=IFCINDEXEDPOLYGONALFACE((1,35,33));
#3394=IFCINDEXEDPOLYGONALFACE((4,34,36));
#3395=IFCINDEXEDPOLYGONALFACE((1,37,35));
#3396=IFCINDEXEDPOLYGONALFACE((4,36,38));
#3397=IFCINDEXEDPOLYGONALFACE((1,39,37));
#3398=IFCINDEXEDPOLYGONALFACE((4,38,40));
#3399=IFCINDEXEDPOLYGONALFACE((1,41,39));
#3400=IFCINDEXEDPOLYGONALFACE((4,40,42));
#3401=IFCINDEXEDPOLYGONALFACE((1,43,41));
#3402=IFCINDEXEDPOLYGONALFACE((4,42,44));
#3403=IFCINDEXEDPOLYGONALFACE((1,45,43));
#3404=IFCINDEXEDPOLYGONALFACE((4,44,46));
#3405=IFCINDEXEDPOLYGONALFACE((1,47,45));
#3406=IFCINDEXEDPOLYGONALFACE((4,46,48));
#3407=IFCINDEXEDPOLYGONALFACE((1,49,47));
#3408=IFCINDEXEDPOLYGONALFACE((4,48,50));
#3409=IFCINDEXEDPOLYGONALFACE((1,51,49));
#3410=IFCINDEXEDPOLYGONALFACE((4,50,52));
#3411=IFCINDEXEDPOLYGONALFACE((1,53,51));
#3412=IFCINDEXEDPOLYGONALFACE((4,52,54));
#3413=IFCINDEXEDPOLYGONALFACE((1,55,53));
#3414=IFCINDEXEDPOLYGONALFACE((4,54,56));
#3415=IFCINDEXEDPOLYGONALFACE((1,57,55));
#3416=IFCINDEXEDPOLYGONALFACE((4,56,58));
#3417=IFCINDEXEDPOLYGONALFACE((1,59,57));
#3418=IFCINDEXEDPOLYGONALFACE((4,58,60));
#3419=IFCINDEXEDPOLYGONALFACE((1,61,59));
#3420=IFCINDEXEDPOLYGONALFACE((4,60,62));
#3421=IFCINDEXEDPOLYGONALFACE((1,63,61));
#3422=IFCINDEXEDPOLYGONALFACE((4,62,64));
#3423=IFCCARTESIANPOINTLIST3D(((0.05,0.,0.014),(0.049039,0.009755,0.014),(0.040212,0.007999,0.05),(0.041,0.,0.05),(0.046194,0.019134,0.014),(0.037879,0.01569,0.05),(0.041573,0.027779,0.014),(0.03409,0.022778,0.05),(0.035355,0.035355,0.014),(0.028991,0.028991,0.05),(0.027779,0.041573,0.014),(0.022778,0.03409,0.05),(0.019134,0.046194,0.014),(0.01569,0.037879,0.05),(0.009755,0.049039,0.014),(0.007999,0.040212,0.05),(0.,0.05,0.014),(0.,0.041,0.05),(-0.009755,0.049039,0.014),(-0.007999,0.040212,0.05),(-0.019134,0.046194,0.014),(-0.01569,0.037879,0.05),(-0.027779,0.041573,0.014),(-0.022778,0.03409,0.05),(-0.035355,0.035355,0.014),(-0.028991,0.028991,0.05),(-0.041573,0.027779,0.014),(-0.03409,0.022778,0.05),(-0.046194,0.019134,0.014),(-0.037879,0.01569,0.05),(-0.049039,0.009755,0.014),(-0.040212,0.007999,0.05),(-0.05,0.,0.014),(-0.041,0.,0.05),(-0.049039,-0.009755,0.014),(-0.040212,-0.007999,0.05),(-0.046194,-0.019134,0.014),(-0.037879,-0.01569,0.05),(-0.041573,-0.027779,0.014),(-0.03409,-0.022778,0.05),(-0.035355,-0.035355,0.014),(-0.028991,-0.028991,0.05),(-0.027779,-0.041573,0.014),(-0.022778,-0.03409,0.05),(-0.019134,-0.046194,0.014),(-0.01569,-0.037879,0.05),(-0.009755,-0.049039,0.014),(-0.007999,-0.040212,0.05),(0.,-0.05,0.014),(0.,-0.041,0.05),(0.009755,-0.049039,0.014),(0.007999,-0.040212,0.05),(0.019134,-0.046194,0.014),(0.01569,-0.037879,0.05),(0.027779,-0.041573,0.014),(0.022778,-0.03409,0.05),(0.035355,-0.035355,0.014),(0.028991,-0.028991,0.05),(0.041573,-0.027779,0.014),(0.03409,-0.022778,0.05),(0.046194,-0.019134,0.014),(0.037879,-0.01569,0.05),(0.049039,-0.009755,0.014),(0.040212,-0.007999,0.05)));
#3424=IFCPOLYGONALFACESET(#3423,.T.,(#3299,#3300,#3301,#3302,#3303,#3304,#3305,#3306,#3307,#3308,#3309,#3310,#3311,#3312,#3313,#3314,#3315,#3316,#3317,#3318,#3319,#3320,#3321,#3322,#3323,#3324,#3325,#3326,#3327,#3328,#3329,#3330,#3331,#3332,#3333,#3334,#3335,#3336,#3337,#3338,#3339,#3340,#3341,#3342,#3343,#3344,#3345,#3346,#3347,#3348,#3349,#3350,#3351,#3352,#3353,#3354,#3355,#3356,#3357,#3358,#3359,#3360,#3361,#3362,#3363,#3364,#3365,#3366,#3367,#3368,#3369,#3370,#3371,#3372,#3373,#3374,#3375,#3376,#3377,#3378,#3379,#3380,#3381,#3382,#3383,#3384,#3385,#3386,#3387,#3388,#3389,#3390,#3391,#3392,#3393,#3394,#3395,#3396,#3397,#3398,#3399,#3400,#3401,#3402,#3403,#3404,#3405,#3406,#3407,#3408,#3409,#3410,#3411,#3412,#3413,#3414,#3415,#3416,#3417,#3418,#3419,#3420,#3421,#3422),$);
#3425=IFCSTYLEDITEM(#3424,(#1947),$);
#3426=IFCINDEXEDPOLYGONALFACE((1,2,3));
#3427=IFCINDEXEDPOLYGONALFACE((1,3,4));
#3428=IFCINDEXEDPOLYGONALFACE((2,5,6));
#3429=IFCINDEXEDPOLYGONALFACE((2,6,3));
#3430=IFCINDEXEDPOLYGONALFACE((5,7,8));
#3431=IFCINDEXEDPOLYGONALFACE((5,8,6));
#3432=IFCINDEXEDPOLYGONALFACE((7,9,10));
#3433=IFCINDEXEDPOLYGONALFACE((7,10,8));
#3434=IFCINDEXEDPOLYGONALFACE((9,11,12));
#3435=IFCINDEXEDPOLYGONALFACE((9,12,10));
#3436=IFCINDEXEDPOLYGONALFACE((11,13,14));
#3437=IFCINDEXEDPOLYGONALFACE((11,14,12));
#3438=IFCINDEXEDPOLYGONALFACE((13,15,16));
#3439=IFCINDEXEDPOLYGONALFACE((13,16,14));
#3440=IFCINDEXEDPOLYGONALFACE((15,17,18));
#3441=IFCINDEXEDPOLYGONALFACE((15,18,16));
#3442=IFCINDEXEDPOLYGONALFACE((17,19,20));
#3443=IFCINDEXEDPOLYGONALFACE((17,20,18));
#3444=IFCINDEXEDPOLYGONALFACE((19,21,22));
#3445=IFCINDEXEDPOLYGONALFACE((19,22,20));
#3446=IFCINDEXEDPOLYGONALFACE((21,23,24));
#3447=IFCINDEXEDPOLYGONALFACE((21,24,22));
#3448=IFCINDEXEDPOLYGONALFACE((23,25,26));
#3449=IFCINDEXEDPOLYGONALFACE((23,26,24));
#3450=IFCINDEXEDPOLYGONALFACE((25,27,28));
#3451=IFCINDEXEDPOLYGONALFACE((25,28,26));
#3452=IFCINDEXEDPOLYGONALFACE((27,29,30));
#3453=IFCINDEXEDPOLYGONALFACE((27,30,28));
#3454=IFCINDEXEDPOLYGONALFACE((29,31,32));
#3455=IFCINDEXEDPOLYGONALFACE((29,32,30));
#3456=IFCINDEXEDPOLYGONALFACE((31,33,34));
#3457=IFCINDEXEDPOLYGONALFACE((31,34,32));
#3458=IFCINDEXEDPOLYGONALFACE((33,35,36));
#3459=IFCINDEXEDPOLYGONALFACE((33,36,34));
#3460=IFCINDEXEDPOLYGONALFACE((35,37,38));
#3461=IFCINDEXEDPOLYGONALFACE((35,38,36));
#3462=IFCINDEXEDPOLYGONALFACE((37,39,40));
#3463=IFCINDEXEDPOLYGONALFACE((37,40,38));
#3464=IFCINDEXEDPOLYGONALFACE((39,41,42));
#3465=IFCINDEXEDPOLYGONALFACE((39,42,40));
#3466=IFCINDEXEDPOLYGONALFACE((41,43,44));
#3467=IFCINDEXEDPOLYGONALFACE((41,44,42));
#3468=IFCINDEXEDPOLYGONALFACE((43,45,46));
#3469=IFCINDEXEDPOLYGONALFACE((43,46,44));
#3470=IFCINDEXEDPOLYGONALFACE((45,47,48));
#3471=IFCINDEXEDPOLYGONALFACE((45,48,46));
#3472=IFCINDEXEDPOLYGONALFACE((47,49,50));
#3473=IFCINDEXEDPOLYGONALFACE((47,50,48));
#3474=IFCINDEXEDPOLYGONALFACE((49,51,52));
#3475=IFCINDEXEDPOLYGONALFACE((49,52,50));
#3476=IFCINDEXEDPOLYGONALFACE((51,53,54));
#3477=IFCINDEXEDPOLYGONALFACE((51,54,52));
#3478=IFCINDEXEDPOLYGONALFACE((53,55,56));
#3479=IFCINDEXEDPOLYGONALFACE((53,56,54));
#3480=IFCINDEXEDPOLYGONALFACE((55,57,58));
#3481=IFCINDEXEDPOLYGONALFACE((55,58,56));
#3482=IFCINDEXEDPOLYGONALFACE((57,59,60));
#3483=IFCINDEXEDPOLYGONALFACE((57,60,58));
#3484=IFCINDEXEDPOLYGONALFACE((59,61,62));
#3485=IFCINDEXEDPOLYGONALFACE((59,62,60));
#3486=IFCINDEXEDPOLYGONALFACE((61,63,64));
#3487=IFCINDEXEDPOLYGONALFACE((61,64,62));
#3488=IFCINDEXEDPOLYGONALFACE((63,1,4));
#3489=IFCINDEXEDPOLYGONALFACE((63,4,64));
#3490=IFCINDEXEDPOLYGONALFACE((1,5,2));
#3491=IFCINDEXEDPOLYGONALFACE((4,3,6));
#3492=IFCINDEXEDPOLYGONALFACE((1,7,5));
#3493=IFCINDEXEDPOLYGONALFACE((4,6,8));
#3494=IFCINDEXEDPOLYGONALFACE((1,9,7));
#3495=IFCINDEXEDPOLYGONALFACE((4,8,10));
#3496=IFCINDEXEDPOLYGONALFACE((1,11,9));
#3497=IFCINDEXEDPOLYGONALFACE((4,10,12));
#3498=IFCINDEXEDPOLYGONALFACE((1,13,11));
#3499=IFCINDEXEDPOLYGONALFACE((4,12,14));
#3500=IFCINDEXEDPOLYGONALFACE((1,15,13));
#3501=IFCINDEXEDPOLYGONALFACE((4,14,16));
#3502=IFCINDEXEDPOLYGONALFACE((1,17,15));
#3503=IFCINDEXEDPOLYGONALFACE((4,16,18));
#3504=IFCINDEXEDPOLYGONALFACE((1,19,17));
#3505=IFCINDEXEDPOLYGONALFACE((4,18,20));
#3506=IFCINDEXEDPOLYGONALFACE((1,21,19));
#3507=IFCINDEXEDPOLYGONALFACE((4,20,22));
#3508=IFCINDEXEDPOLYGONALFACE((1,23,21));
#3509=IFCINDEXEDPOLYGONALFACE((4,22,24));
#3510=IFCINDEXEDPOLYGONALFACE((1,25,23));
#3511=IFCINDEXEDPOLYGONALFACE((4,24,26));
#3512=IFCINDEXEDPOLYGONALFACE((1,27,25));
#3513=IFCINDEXEDPOLYGONALFACE((4,26,28));
#3514=IFCINDEXEDPOLYGONALFACE((1,29,27));
#3515=IFCINDEXEDPOLYGONALFACE((4,28,30));
#3516=IFCINDEXEDPOLYGONALFACE((1,31,29));
#3517=IFCINDEXEDPOLYGONALFACE((4,30,32));
#3518=IFCINDEXEDPOLYGONALFACE((1,33,31));
#3519=IFCINDEXEDPOLYGONALFACE((4,32,34));
#3520=IFCINDEXEDPOLYGONALFACE((1,35,33));
#3521=IFCINDEXEDPOLYGONALFACE((4,34,36));
#3522=IFCINDEXEDPOLYGONALFACE((1,37,35));
#3523=IFCINDEXEDPOLYGONALFACE((4,36,38));
#3524=IFCINDEXEDPOLYGONALFACE((1,39,37));
#3525=IFCINDEXEDPOLYGONALFACE((4,38,40));
#3526=IFCINDEXEDPOLYGONALFACE((1,41,39));
#3527=IFCINDEXEDPOLYGONALFACE((4,40,42));
#3528=IFCINDEXEDPOLYGONALFACE((1,43,41));
#3529=IFCINDEXEDPOLYGONALFACE((4,42,44));
#3530=IFCINDEXEDPOLYGONALFACE((1,45,43));
#3531=IFCINDEXEDPOLYGONALFACE((4,44,46));
#3532=IFCINDEXEDPOLYGONALFACE((1,47,45));
#3533=IFCINDEXEDPOLYGONALFACE((4,46,48));
#3534=IFCINDEXEDPOLYGONALFACE((1,49,47));
#3535=IFCINDEXEDPOLYGONALFACE((4,48,50));
#3536=IFCINDEXEDPOLYGONALFACE((1,51,49));
#3537=IFCINDEXEDPOLYGONALFACE((4,50,52));
#3538=IFCINDEXEDPOLYGONALFACE((1,53,51));
#3539=IFCINDEXEDPOLYGONALFACE((4,52,54));
#3540=IFCINDEXEDPOLYGONALFACE((1,55,53));
#3541=IFCINDEXEDPOLYGONALFACE((4,54,56));
#3542=IFCINDEXEDPOLYGONALFACE((1,57,55));
#3543=IFCINDEXEDPOLYGONALFACE((4,56,58));
#3544=IFCINDEXEDPOLYGONALFACE((1,59,57));
#3545=IFCINDEXEDPOLYGONALFACE((4,58,60));
#3546=IFCINDEXEDPOLYGONALFACE((1,61,59));
#3547=IFCINDEXEDPOLYGONALFACE((4,60,62));
#3548=IFCINDEXEDPOLYGONALFACE((1,63,61));
#3549=IFCINDEXEDPOLYGONALFACE((4,62,64));
#3550=IFCCARTESIANPOINTLIST3D(((0.037,0.,0.),(0.036289,0.007218,0.),(0.039918,0.00794,0.0145),(0.0407,0.,0.0145),(0.034184,0.014159,0.),(0.037602,0.015575,0.0145),(0.030764,0.020556,0.),(0.033841,0.022612,0.0145),(0.026163,0.026163,0.),(0.028779,0.028779,0.0145),(0.020556,0.030764,0.),(0.022612,0.033841,0.0145),(0.014159,0.034184,0.),(0.015575,0.037602,0.0145),(0.007218,0.036289,0.),(0.00794,0.039918,0.0145),(0.,0.037,0.),(0.,0.0407,0.0145),(-0.007218,0.036289,0.),(-0.00794,0.039918,0.0145),(-0.014159,0.034184,0.),(-0.015575,0.037602,0.0145),(-0.020556,0.030764,0.),(-0.022612,0.033841,0.0145),(-0.026163,0.026163,0.),(-0.028779,0.028779,0.0145),(-0.030764,0.020556,0.),(-0.033841,0.022612,0.0145),(-0.034184,0.014159,0.),(-0.037602,0.015575,0.0145),(-0.036289,0.007218,0.),(-0.039918,0.00794,0.0145),(-0.037,0.,0.),(-0.0407,0.,0.0145),(-0.036289,-0.007218,0.),(-0.039918,-0.00794,0.0145),(-0.034184,-0.014159,0.),(-0.037602,-0.015575,0.0145),(-0.030764,-0.020556,0.),(-0.033841,-0.022612,0.0145),(-0.026163,-0.026163,0.),(-0.028779,-0.028779,0.0145),(-0.020556,-0.030764,0.),(-0.022612,-0.033841,0.0145),(-0.014159,-0.034184,0.),(-0.015575,-0.037602,0.0145),(-0.007218,-0.036289,0.),(-0.00794,-0.039918,0.0145),(0.,-0.037,0.),(0.,-0.0407,0.0145),(0.007218,-0.036289,0.),(0.00794,-0.039918,0.0145),(0.014159,-0.034184,0.),(0.015575,-0.037602,0.0145),(0.020556,-0.030764,0.),(0.022612,-0.033841,0.0145),(0.026163,-0.026163,0.),(0.028779,-0.028779,0.0145),(0.030764,-0.020556,0.),(0.033841,-0.022612,0.0145),(0.034184,-0.014159,0.),(0.037602,-0.015575,0.0145),(0.036289,-0.007218,0.),(0.039918,-0.00794,0.0145)));
#3551=IFCPOLYGONALFACESET(#3550,.T.,(#3426,#3427,#3428,#3429,#3430,#3431,#3432,#3433,#3434,#3435,#3436,#3437,#3438,#3439,#3440,#3441,#3442,#3443,#3444,#3445,#3446,#3447,#3448,#3449,#3450,#3451,#3452,#3453,#3454,#3455,#3456,#3457,#3458,#3459,#3460,#3461,#3462,#3463,#3464,#3465,#3466,#3467,#3468,#3469,#3470,#3471,#3472,#3473,#3474,#3475,#3476,#3477,#3478,#3479,#3480,#3481,#3482,#3483,#3484,#3485,#3486,#3487,#3488,#3489,#3490,#3491,#3492,#3493,#3494,#3495,#3496,#3497,#3498,#3499,#3500,#3501,#3502,#3503,#3504,#3505,#3506,#3507,#3508,#3509,#3510,#3511,#3512,#3513,#3514,#3515,#3516,#3517,#3518,#3519,#3520,#3521,#3522,#3523,#3524,#3525,#3526,#3527,#3528,#3529,#3530,#3531,#3532,#3533,#3534,#3535,#3536,#3537,#3538,#3539,#3540,#3541,#3542,#3543,#3544,#3545,#3546,#3547,#3548,#3549),$);
#3552=IFCSTYLEDITEM(#3551,(#2503),$);
#3553=IFCSHAPEREPRESENTATION(#12,'Body','Tessellation',(#3424,#3551));
#3554=IFCPRODUCTDEFINITIONSHAPE($,$,(#3553));
#3555=IFCLIGHTFIXTURE('2H0Q4ecBw119NSN3f0t_De',#5,'Spotlight','Skanna asset library',$,#3298,#3554,$,.POINTSOURCE.);
#3556=IFCRELCONTAINEDINSPATIALSTRUCTURE('3VFuiQ$Fl2dCnzNzbn4XK6',#5,$,$,(#42,#57,#119,#267,#412,#428,#572,#588,#644,#660,#716,#732,#788,#804,#835,#891,#907,#922,#978,#994,#1050,#1066,#1081,#1096,#1111,#1167,#1224,#1240,#1255,#1270,#1285,#1305,#1338,#1360,#1476,#1491,#1544,#1618,#1692,#1742,#1816,#1866,#2146,#2239,#2507,#2769,#3031,#3293,#3555),#27);
#3557=IFCRELAGGREGATES('2086RiPGU5_DoBGBT2$6vb',#5,$,$,#21,(#27));
#3558=IFCDOORTYPE('1fRfWN7fOLUjujlrE5Fy2j',#5,'Door — single swing',$,$,$,$,$,$,.DOOR.,.SINGLE_SWING_LEFT.,.F.,$);
#3559=IFCRELDEFINESBYTYPE('10oI$MFAhUrn9sFiKsiK76',#5,$,$,(#119,#891,#1167,#1224),#3558);
#3560=IFCDOORTYPE('2zeybJR0gPgPEsk2yK0iU7',#5,'Door — double sliding',$,$,$,$,$,$,.DOOR.,.DOUBLE_DOOR_SLIDING.,.F.,$);
#3561=IFCRELDEFINESBYTYPE('0SX5eMK_sv$U$gPyiG5kEk',#5,$,$,(#644,#716),#3560);
#3562=IFCDOORTYPE('3yRsxbBOYCD6YjCuXsuZBk',#5,'Door — single swing',$,$,$,$,$,$,.DOOR.,.SINGLE_SWING_RIGHT.,.F.,$);
#3563=IFCRELDEFINESBYTYPE('2BhORbx0A8xXX6fn4b987J',#5,$,$,(#788,#978,#1050),#3562);
#3564=IFCWINDOWTYPE('3gRELuJuaCtaIhbjNnOOxn',#5,'Window — double panel',$,$,$,$,$,$,.WINDOW.,.DOUBLE_PANEL_VERTICAL.,.F.,$);
#3565=IFCRELDEFINESBYTYPE('3QE2bAn_YhiekkcVE4Vdn7',#5,$,$,(#267,#412,#572),#3564);
#3566=IFCMATERIAL('tile',$,$);
#3567=IFCRELASSOCIATESMATERIAL('2dALef$WQ$SEA6$TRbXpdl',#5,'Material: tile',$,(#1305),#3566);
#3568=IFCMATERIAL('stone',$,$);
#3569=IFCRELASSOCIATESMATERIAL('2rfe6vODR3oH0eXZXZAfce',#5,'Material: stone',$,(#1360),#3568);
ENDSEC;
END-ISO-10303-21;
