ISO-10303-21;
HEADER;
FILE_DESCRIPTION(('ViewDefinition [CoordinationView_V2.0]','RevitIdentifiers [VersionGUID: d2b2a7ff-8186-4cda-ac46-d2126ba675cb, NumberOfSaves: 16]','CoordinateReference [CoordinateBase: Shared Coordinates]'),'2;1');
FILE_NAME('Export IFC.ifc','2026-02-27T16:21:26',(''),(''),'ODA IFC SDK 22.8','22.1.80.32 - IFC 22.7.0.0 - Default UI','');
FILE_SCHEMA(('IFC2X3'));
ENDSEC;

DATA;
#1=IFCORGANIZATION($,'Autodesk Revit 2022 (ENG)',$,$,$);
#2=IFCAPPLICATION(#1,'2022','Autodesk Revit 2022 (ENG)','Revit');
#3=IFCCARTESIANPOINT((0.,0.,0.));
#4=IFCCARTESIANPOINT((0.,0.));
#5=IFCDIRECTION((1.,0.,0.));
#6=IFCDIRECTION((-1.,0.,0.));
#7=IFCDIRECTION((0.,1.,0.));
#8=IFCDIRECTION((0.,-1.,0.));
#9=IFCDIRECTION((0.,0.,1.));
#10=IFCDIRECTION((0.,0.,-1.));
#11=IFCDIRECTION((1.,0.));
#12=IFCDIRECTION((-1.,0.));
#13=IFCDIRECTION((0.,1.));
#14=IFCDIRECTION((0.,-1.));
#15=IFCAXIS2PLACEMENT3D(#3,$,$);
#16=IFCLOCALPLACEMENT(#114,#15);
#17=IFCPERSON($,'','bimuser.up002',$,$,$,$,$);
#18=IFCORGANIZATION($,'','',$,$);
#19=IFCPERSONANDORGANIZATION(#17,#18,$);
#20=IFCOWNERHISTORY(#19,#2,$,.NOCHANGE.,$,$,$,1770976388);
#21=IFCSIUNIT(*,.LENGTHUNIT.,.MILLI.,.METRE.);
#22=IFCSIUNIT(*,.LENGTHUNIT.,$,.METRE.);
#23=IFCSIUNIT(*,.AREAUNIT.,$,.SQUARE_METRE.);
#24=IFCSIUNIT(*,.VOLUMEUNIT.,$,.CUBIC_METRE.);
#25=IFCSIUNIT(*,.PLANEANGLEUNIT.,$,.RADIAN.);
#26=IFCDIMENSIONALEXPONENTS(0,0,0,0,0,0,0);
#27=IFCMEASUREWITHUNIT(IFCPLANEANGLEMEASURE(0.017453292519943278),#25);
#28=IFCCONVERSIONBASEDUNIT(#26,.PLANEANGLEUNIT.,'DEGREE',#27);
#29=IFCSIUNIT(*,.MASSUNIT.,.KILO.,.GRAM.);
#30=IFCDERIVEDUNITELEMENT(#29,1);
#31=IFCDERIVEDUNITELEMENT(#22,-3);
#32=IFCDERIVEDUNIT((#30,#31),.MASSDENSITYUNIT.,$);
#33=IFCDERIVEDUNIT((#30,#31),.IONCONCENTRATIONUNIT.,$);
#34=IFCDERIVEDUNITELEMENT(#22,4);
#35=IFCDERIVEDUNIT((#34),.MOMENTOFINERTIAUNIT.,$);
#36=IFCSIUNIT(*,.TIMEUNIT.,$,.SECOND.);
#37=IFCSIUNIT(*,.FREQUENCYUNIT.,$,.HERTZ.);
#38=IFCSIUNIT(*,.THERMODYNAMICTEMPERATUREUNIT.,$,.KELVIN.);
#39=IFCSIUNIT(*,.THERMODYNAMICTEMPERATUREUNIT.,$,.DEGREE_CELSIUS.);
#40=IFCDERIVEDUNITELEMENT(#38,-1);
#41=IFCDERIVEDUNITELEMENT(#36,-3);
#42=IFCDERIVEDUNIT((#30,#40,#41),.THERMALTRANSMITTANCEUNIT.,$);
#43=IFCDERIVEDUNITELEMENT(#22,1);
#44=IFCDERIVEDUNIT((#30,#40,#41,#43),.THERMALCONDUCTANCEUNIT.,$);
#45=IFCSIUNIT(*,.LENGTHUNIT.,.DECI.,.METRE.);
#46=IFCDERIVEDUNITELEMENT(#45,3);
#47=IFCDERIVEDUNITELEMENT(#36,-1);
#48=IFCDERIVEDUNIT((#46,#47),.VOLUMETRICFLOWRATEUNIT.,$);
#49=IFCDERIVEDUNIT((#30,#47),.MASSFLOWRATEUNIT.,$);
#50=IFCDERIVEDUNIT((#47),.ROTATIONALFREQUENCYUNIT.,$);
#51=IFCSIUNIT(*,.ELECTRICCURRENTUNIT.,$,.AMPERE.);
#52=IFCSIUNIT(*,.ELECTRICVOLTAGEUNIT.,$,.VOLT.);
#53=IFCSIUNIT(*,.POWERUNIT.,$,.WATT.);
#54=IFCSIUNIT(*,.FORCEUNIT.,.KILO.,.NEWTON.);
#55=IFCSIUNIT(*,.ILLUMINANCEUNIT.,$,.LUX.);
#56=IFCSIUNIT(*,.LUMINOUSFLUXUNIT.,$,.LUMEN.);
#57=IFCSIUNIT(*,.LUMINOUSINTENSITYUNIT.,$,.CANDELA.);
#58=IFCSIUNIT(*,.ENERGYUNIT.,$,.JOULE.);
#59=IFCDERIVEDUNITELEMENT(#29,-1);
#60=IFCDERIVEDUNITELEMENT(#22,-2);
#61=IFCDERIVEDUNITELEMENT(#36,3);
#62=IFCDERIVEDUNITELEMENT(#56,1);
#63=IFCDERIVEDUNIT((#59,#60,#61,#62),.USERDEFINED.,'Luminous Efficacy');
#64=IFCDERIVEDUNITELEMENT(#22,3);
#65=IFCDERIVEDUNITELEMENT(#51,-2);
#66=IFCDERIVEDUNIT((#30,#41,#64,#65),.USERDEFINED.,'Electrical Resistivity');
#67=IFCDERIVEDUNITELEMENT(#22,2);
#68=IFCDERIVEDUNIT((#30,#41,#67),.SOUNDPOWERUNIT.,$);
#69=IFCDERIVEDUNITELEMENT(#22,-1);
#70=IFCDERIVEDUNITELEMENT(#36,-2);
#71=IFCDERIVEDUNIT((#30,#69,#70),.SOUNDPRESSUREUNIT.,$);
#72=IFCDERIVEDUNIT((#43,#47),.LINEARVELOCITYUNIT.,$);
#73=IFCSIUNIT(*,.PRESSUREUNIT.,$,.PASCAL.);
#74=IFCDERIVEDUNIT((#30,#60,#70),.USERDEFINED.,'Friction Loss');
#75=IFCDERIVEDUNIT((#30,#70),.LINEARFORCEUNIT.,$);
#76=IFCDERIVEDUNIT((#30,#69,#70),.PLANARFORCEUNIT.,$);
#77=IFCDERIVEDUNIT((#40,#67,#70),.SPECIFICHEATCAPACITYUNIT.,$);
#78=IFCDERIVEDUNIT((#30,#41),.HEATFLUXDENSITYUNIT.,$);
#79=IFCDERIVEDUNIT((#67,#70),.HEATINGVALUEUNIT.,$);
#80=IFCDERIVEDUNITELEMENT(#36,1);
#81=IFCDERIVEDUNIT((#69,#80),.VAPORPERMEABILITYUNIT.,$);
#82=IFCDERIVEDUNIT((#30,#47,#69),.DYNAMICVISCOSITYUNIT.,$);
#83=IFCDERIVEDUNIT((#40),.THERMALEXPANSIONCOEFFICIENTUNIT.,$);
#84=IFCDERIVEDUNIT((#30,#69,#70),.MODULUSOFELASTICITYUNIT.,$);
#85=IFCDERIVEDUNIT((#59,#64),.ISOTHERMALMOISTURECAPACITYUNIT.,$);
#86=IFCDERIVEDUNIT((#47,#67),.MOISTUREDIFFUSIVITYUNIT.,$);
#87=IFCDERIVEDUNIT((#30,#69),.MASSPERLENGTHUNIT.,$);
#88=IFCDERIVEDUNITELEMENT(#38,1);
#89=IFCDERIVEDUNIT((#59,#61,#88),.THERMALRESISTANCEUNIT.,$);
#90=IFCDERIVEDUNIT((#43,#70),.ACCELERATIONUNIT.,$);
#91=IFCDERIVEDUNITELEMENT(#25,1);
#92=IFCDERIVEDUNIT((#47,#91),.ANGULARVELOCITYUNIT.,$);
#93=IFCDERIVEDUNIT((#30,#70),.LINEARSTIFFNESSUNIT.,$);
#94=IFCDERIVEDUNITELEMENT(#22,6);
#95=IFCDERIVEDUNIT((#94),.WARPINGCONSTANTUNIT.,$);
#96=IFCDERIVEDUNIT((#30,#43,#70),.LINEARMOMENTUNIT.,$);
#97=IFCDERIVEDUNIT((#30,#67,#70),.TORQUEUNIT.,$);
#98=IFCUNITASSIGNMENT((#21,#23,#24,#28,#29,#32,#33,#35,#36,#37,#39,#42,#44,#48,#49,#50,#51,#52,#53,#54,#55,#56,#57,#58,#63,#66,#68,#71,#72,#73,#74,#75,#76,#77,#78,#79,#81,#82,#83,#84,#85,#86,#87,#89,#90,#92,#93,#95,#96,#97));
#99=IFCAXIS2PLACEMENT3D(#3,$,$);
#100=IFCDIRECTION((6.1230317691118863E-17,1.));
#101=IFCGEOMETRICREPRESENTATIONCONTEXT($,'Model',3,0.01,#99,#100);
#102=IFCGEOMETRICREPRESENTATIONSUBCONTEXT('Axis','Model',*,*,*,*,#101,$,.GRAPH_VIEW.,$);
#103=IFCGEOMETRICREPRESENTATIONSUBCONTEXT('Body','Model',*,*,*,*,#101,$,.MODEL_VIEW.,$);
#104=IFCGEOMETRICREPRESENTATIONSUBCONTEXT('Box','Model',*,*,*,*,#101,$,.MODEL_VIEW.,$);
#105=IFCGEOMETRICREPRESENTATIONSUBCONTEXT('FootPrint','Model',*,*,*,*,#101,$,.MODEL_VIEW.,$);
#106=IFCPROJECT('07WsCtOa58rhxnxTSzgSv8',#20,'0001',$,$,'Project Name','Project Status',(#101),#98);
#107=IFCCLASSIFICATION('CSI (Construction Specifications Institute)','1998',$,'Uniformat');
#108=IFCPOSTALADDRESS($,$,$,$,('Enter address here'),$,'','Boston','','MA');
#109=IFCBUILDING('07WsCtOa58rhxnxTSzgSv9',#20,'',$,$,#16,$,'',.ELEMENT.,$,$,#108);
#110=IFCAXIS2PLACEMENT3D(#3,$,$);
#111=IFCLOCALPLACEMENT(#16,#110);
#112=IFCBUILDINGSTOREY('07WsCtOa58rhxnxTV2LZ2F',#20,'Level 1',$,'Level:8mm Head',#111,$,'Level 1',.ELEMENT.,0.);
#113=IFCAXIS2PLACEMENT3D(#3,$,$);
#114=IFCLOCALPLACEMENT($,#113);
#115=IFCSITE('07WsCtOa58rhxnxTSzgSvA',#20,'Default',$,$,#114,$,$,.ELEMENT.,(42,21,31,181945),(-71,-3,-24,-263305),0.,$,$);
#116=IFCAXIS2PLACEMENT3D(#3,$,$);
#118=IFCCARTESIANPOINT((250.,175.,0.));
#119=IFCCARTESIANPOINT((250.,175.,5.));
#120=IFCCARTESIANPOINT((264.,175.,5.));
#121=IFCCARTESIANPOINT((264.,175.,0.));
#122=IFCCARTESIANPOINT((264.,-160.,5.));
#123=IFCCARTESIANPOINT((264.,-160.,0.));
#124=IFCCARTESIANPOINT((264.20444504226941,-158.44708572938256,0.));
#125=IFCCARTESIANPOINT((264.80384757729718,-157.,0.));
#126=IFCCARTESIANPOINT((265.75735931288455,-155.75735931287841,0.));
#127=IFCCARTESIANPOINT((267.,-154.80384757729107,0.));
#128=IFCCARTESIANPOINT((268.44708572938868,-154.20444504226327,0.));
#129=IFCCARTESIANPOINT((270.,-154.,0.));
#130=IFCCARTESIANPOINT((271.55291427061888,-154.20444504226327,0.));
#131=IFCCARTESIANPOINT((273.,-154.80384757729104,0.));
#132=IFCCARTESIANPOINT((274.24264068712307,-155.75735931287838,0.));
#133=IFCCARTESIANPOINT((275.19615242271044,-157.,0.));
#134=IFCCARTESIANPOINT((275.7955549577382,-158.44708572938251,0.));
#135=IFCCARTESIANPOINT((276.,-160.,0.));
#136=IFCCARTESIANPOINT((276.,-160.,5.));
#137=IFCCARTESIANPOINT((275.7955549577382,-158.44708572938251,5.));
#138=IFCCARTESIANPOINT((275.19615242271044,-157.,5.));
#139=IFCCARTESIANPOINT((274.24264068712307,-155.75735931287838,5.));
#140=IFCCARTESIANPOINT((273.,-154.80384757729104,5.));
#141=IFCCARTESIANPOINT((271.55291427061888,-154.20444504226327,5.));
#142=IFCCARTESIANPOINT((270.,-154.,5.));
#143=IFCCARTESIANPOINT((268.44708572938868,-154.20444504226327,5.));
#144=IFCCARTESIANPOINT((267.,-154.80384757729107,5.));
#145=IFCCARTESIANPOINT((265.75735931288455,-155.75735931287841,5.));
#146=IFCCARTESIANPOINT((264.80384757729718,-157.,5.));
#147=IFCCARTESIANPOINT((264.20444504226941,-158.44708572938256,5.));
#148=IFCCARTESIANPOINT((264.20444504226941,-161.55291427061277,5.));
#149=IFCCARTESIANPOINT((264.80384757729718,-163.,5.));
#150=IFCCARTESIANPOINT((265.75735931288449,-164.2426406871169,5.));
#151=IFCCARTESIANPOINT((267.,-165.19615242270427,5.));
#152=IFCCARTESIANPOINT((268.44708572938868,-165.79555495773207,5.));
#153=IFCCARTESIANPOINT((270.,-166.,5.));
#154=IFCCARTESIANPOINT((271.55291427061888,-165.79555495773209,5.));
#155=IFCCARTESIANPOINT((273.,-165.19615242270433,5.));
#156=IFCCARTESIANPOINT((274.24264068712307,-164.24264068711699,5.));
#157=IFCCARTESIANPOINT((275.19615242271044,-163.,5.));
#158=IFCCARTESIANPOINT((275.7955549577382,-161.55291427061286,5.));
#159=IFCCARTESIANPOINT((275.7955549577382,-161.55291427061286,0.));
#160=IFCCARTESIANPOINT((275.19615242271044,-163.,0.));
#161=IFCCARTESIANPOINT((274.24264068712307,-164.24264068711699,0.));
#162=IFCCARTESIANPOINT((273.,-165.19615242270433,0.));
#163=IFCCARTESIANPOINT((271.55291427061888,-165.79555495773209,0.));
#164=IFCCARTESIANPOINT((270.,-166.,0.));
#165=IFCCARTESIANPOINT((268.44708572938868,-165.79555495773207,0.));
#166=IFCCARTESIANPOINT((267.,-165.19615242270427,0.));
#167=IFCCARTESIANPOINT((265.75735931288449,-164.2426406871169,0.));
#168=IFCCARTESIANPOINT((264.80384757729718,-163.,0.));
#169=IFCCARTESIANPOINT((264.20444504226941,-161.55291427061277,0.));
#170=IFCCARTESIANPOINT((290.,137.50000000000415,20.));
#171=IFCCARTESIANPOINT((290.,-137.50000000000406,20.));
#172=IFCCARTESIANPOINT((290.,-152.49999999999568,5.));
#173=IFCCARTESIANPOINT((290.,-178.,5.));
#174=IFCCARTESIANPOINT((290.,-178.,0.));
#175=IFCCARTESIANPOINT((290.,175.,0.));
#176=IFCCARTESIANPOINT((290.,175.,5.));
#177=IFCCARTESIANPOINT((290.,152.49999999999562,5.));
#178=IFCCARTESIANPOINT((250.,137.50000000000415,20.));
#179=IFCCARTESIANPOINT((250.,152.49999999999562,5.));
#180=IFCCARTESIANPOINT((250.,-178.,0.));
#181=IFCCARTESIANPOINT((250.,-178.,5.));
#182=IFCCARTESIANPOINT((250.,-152.49999999999568,5.));
#183=IFCCARTESIANPOINT((250.,-137.50000000000406,20.));
#184=IFCCARTESIANPOINT((264.,160.,0.));
#185=IFCCARTESIANPOINT((264.20444504226589,158.44708572938615,0.));
#186=IFCCARTESIANPOINT((264.80384757729365,157.,0.));
#187=IFCCARTESIANPOINT((265.75735931288102,155.75735931288199,0.));
#188=IFCCARTESIANPOINT((267.,154.80384757729468,0.));
#189=IFCCARTESIANPOINT((268.44708572938515,154.20444504226685,0.));
#190=IFCCARTESIANPOINT((270.,154.,0.));
#191=IFCCARTESIANPOINT((271.55291427061542,154.20444504226685,0.));
#192=IFCCARTESIANPOINT((273.,154.80384757729456,0.));
#193=IFCCARTESIANPOINT((274.24264068711955,155.75735931288193,0.));
#194=IFCCARTESIANPOINT((275.19615242270692,157.,0.));
#195=IFCCARTESIANPOINT((275.79555495773474,158.44708572938609,0.));
#196=IFCCARTESIANPOINT((276.,160.,0.));
#197=IFCCARTESIANPOINT((276.,175.,0.));
#198=IFCCARTESIANPOINT((276.,175.,5.));
#199=IFCCARTESIANPOINT((276.,160.,5.));
#200=IFCCARTESIANPOINT((275.79555495773479,158.44708572938609,5.));
#201=IFCCARTESIANPOINT((275.19615242270697,157.,5.));
#202=IFCCARTESIANPOINT((274.2426406871196,155.75735931288196,5.));
#203=IFCCARTESIANPOINT((273.,154.80384757729462,5.));
#204=IFCCARTESIANPOINT((271.55291427061542,154.20444504226685,5.));
#205=IFCCARTESIANPOINT((270.,154.,5.));
#206=IFCCARTESIANPOINT((268.44708572938521,154.20444504226685,5.));
#207=IFCCARTESIANPOINT((267.,154.80384757729465,5.));
#208=IFCCARTESIANPOINT((265.75735931288102,155.75735931288199,5.));
#209=IFCCARTESIANPOINT((264.80384757729371,157.,5.));
#210=IFCCARTESIANPOINT((264.20444504226589,158.44708572938612,5.));
#211=IFCCARTESIANPOINT((264.,160.,5.));
#212=IFCPOLYLOOP((#120,#121,#118,#119));
#213=IFCFACEOUTERBOUND(#212,.T.);
#214=IFCFACE((#213));
#215=IFCPOLYLOOP((#176,#175,#197,#198));
#216=IFCFACEOUTERBOUND(#215,.T.);
#217=IFCFACE((#216));
#218=IFCPOLYLOOP((#134,#135,#136,#137));
#219=IFCFACEOUTERBOUND(#218,.T.);
#220=IFCFACE((#219));
#221=IFCPOLYLOOP((#134,#137,#138,#133));
#222=IFCFACEOUTERBOUND(#221,.T.);
#223=IFCFACE((#222));
#224=IFCPOLYLOOP((#131,#132,#139,#140));
#225=IFCFACEOUTERBOUND(#224,.T.);
#226=IFCFACE((#225));
#227=IFCPOLYLOOP((#139,#132,#133,#138));
#228=IFCFACEOUTERBOUND(#227,.T.);
#229=IFCFACE((#228));
#230=IFCPOLYLOOP((#141,#130,#131,#140));
#231=IFCFACEOUTERBOUND(#230,.T.);
#232=IFCFACE((#231));
#233=IFCPOLYLOOP((#130,#141,#142,#129));
#234=IFCFACEOUTERBOUND(#233,.T.);
#235=IFCFACE((#234));
#236=IFCPOLYLOOP((#129,#142,#143,#128));
#237=IFCFACEOUTERBOUND(#236,.T.);
#238=IFCFACE((#237));
#239=IFCPOLYLOOP((#128,#143,#144,#127));
#240=IFCFACEOUTERBOUND(#239,.T.);
#241=IFCFACE((#240));
#242=IFCPOLYLOOP((#125,#126,#145,#146));
#243=IFCFACEOUTERBOUND(#242,.T.);
#244=IFCFACE((#243));
#245=IFCPOLYLOOP((#145,#126,#127,#144));
#246=IFCFACEOUTERBOUND(#245,.T.);
#247=IFCFACE((#246));
#248=IFCPOLYLOOP((#124,#125,#146,#147));
#249=IFCFACEOUTERBOUND(#248,.T.);
#250=IFCFACE((#249));
#251=IFCPOLYLOOP((#124,#147,#122,#123));
#252=IFCFACEOUTERBOUND(#251,.T.);
#253=IFCFACE((#252));
#254=IFCPOLYLOOP((#169,#123,#122,#148));
#255=IFCFACEOUTERBOUND(#254,.T.);
#256=IFCFACE((#255));
#257=IFCPOLYLOOP((#169,#148,#149,#168));
#258=IFCFACEOUTERBOUND(#257,.T.);
#259=IFCFACE((#258));
#260=IFCPOLYLOOP((#166,#167,#150,#151));
#261=IFCFACEOUTERBOUND(#260,.T.);
#262=IFCFACE((#261));
#263=IFCPOLYLOOP((#150,#167,#168,#149));
#264=IFCFACEOUTERBOUND(#263,.T.);
#265=IFCFACE((#264));
#266=IFCPOLYLOOP((#165,#166,#151,#152));
#267=IFCFACEOUTERBOUND(#266,.T.);
#268=IFCFACE((#267));
#269=IFCPOLYLOOP((#165,#152,#153,#164));
#270=IFCFACEOUTERBOUND(#269,.T.);
#271=IFCFACE((#270));
#272=IFCPOLYLOOP((#164,#153,#154,#163));
#273=IFCFACEOUTERBOUND(#272,.T.);
#274=IFCFACE((#273));
#275=IFCPOLYLOOP((#163,#154,#155,#162));
#276=IFCFACEOUTERBOUND(#275,.T.);
#277=IFCFACE((#276));
#278=IFCPOLYLOOP((#160,#161,#156,#157));
#279=IFCFACEOUTERBOUND(#278,.T.);
#280=IFCFACE((#279));
#281=IFCPOLYLOOP((#156,#161,#162,#155));
#282=IFCFACEOUTERBOUND(#281,.T.);
#283=IFCFACE((#282));
#284=IFCPOLYLOOP((#159,#160,#157,#158));
#285=IFCFACEOUTERBOUND(#284,.T.);
#286=IFCFACE((#285));
#287=IFCPOLYLOOP((#159,#158,#136,#135));
#288=IFCFACEOUTERBOUND(#287,.T.);
#289=IFCFACE((#288));
#290=IFCPOLYLOOP((#177,#170,#171,#172,#173,#174,#175,#176));
#291=IFCFACEOUTERBOUND(#290,.T.);
#292=IFCFACE((#291));
#293=IFCPOLYLOOP((#182,#183,#178,#179,#119,#118,#180,#181));
#294=IFCFACEOUTERBOUND(#293,.T.);
#295=IFCFACE((#294));
#296=IFCPOLYLOOP((#174,#160,#159));
#297=IFCFACEOUTERBOUND(#296,.T.);
#298=IFCFACE((#297));
#299=IFCPOLYLOOP((#160,#174,#161));
#300=IFCFACEOUTERBOUND(#299,.T.);
#301=IFCFACE((#300));
#302=IFCPOLYLOOP((#159,#135,#174));
#303=IFCFACEOUTERBOUND(#302,.T.);
#304=IFCFACE((#303));
#305=IFCPOLYLOOP((#135,#134,#174));
#306=IFCFACEOUTERBOUND(#305,.T.);
#307=IFCFACE((#306));
#308=IFCPOLYLOOP((#174,#134,#133));
#309=IFCFACEOUTERBOUND(#308,.T.);
#310=IFCFACE((#309));
#311=IFCPOLYLOOP((#162,#161,#174));
#312=IFCFACEOUTERBOUND(#311,.T.);
#313=IFCFACE((#312));
#314=IFCPOLYLOOP((#163,#162,#174));
#315=IFCFACEOUTERBOUND(#314,.T.);
#316=IFCFACE((#315));
#317=IFCPOLYLOOP((#174,#164,#163));
#318=IFCFACEOUTERBOUND(#317,.T.);
#319=IFCFACE((#318));
#320=IFCPOLYLOOP((#174,#133,#175));
#321=IFCFACEOUTERBOUND(#320,.T.);
#322=IFCFACE((#321));
#323=IFCPOLYLOOP((#164,#174,#180));
#324=IFCFACEOUTERBOUND(#323,.T.);
#325=IFCFACE((#324));
#326=IFCPOLYLOOP((#165,#164,#180));
#327=IFCFACEOUTERBOUND(#326,.T.);
#328=IFCFACE((#327));
#329=IFCPOLYLOOP((#165,#180,#166));
#330=IFCFACEOUTERBOUND(#329,.T.);
#331=IFCFACE((#330));
#332=IFCPOLYLOOP((#167,#166,#180));
#333=IFCFACEOUTERBOUND(#332,.T.);
#334=IFCFACE((#333));
#335=IFCPOLYLOOP((#180,#168,#167));
#336=IFCFACEOUTERBOUND(#335,.T.);
#337=IFCFACE((#336));
#338=IFCPOLYLOOP((#168,#180,#169));
#339=IFCFACEOUTERBOUND(#338,.T.);
#340=IFCFACE((#339));
#341=IFCPOLYLOOP((#169,#180,#123));
#342=IFCFACEOUTERBOUND(#341,.T.);
#343=IFCFACE((#342));
#344=IFCPOLYLOOP((#124,#123,#180));
#345=IFCFACEOUTERBOUND(#344,.T.);
#346=IFCFACE((#345));
#347=IFCPOLYLOOP((#125,#124,#180));
#348=IFCFACEOUTERBOUND(#347,.T.);
#349=IFCFACE((#348));
#350=IFCPOLYLOOP((#180,#118,#125));
#351=IFCFACEOUTERBOUND(#350,.T.);
#352=IFCFACE((#351));
#353=IFCPOLYLOOP((#125,#118,#186));
#354=IFCFACEOUTERBOUND(#353,.T.);
#355=IFCFACE((#354));
#356=IFCPOLYLOOP((#185,#186,#118));
#357=IFCFACEOUTERBOUND(#356,.T.);
#358=IFCFACE((#357));
#359=IFCPOLYLOOP((#118,#184,#185));
#360=IFCFACEOUTERBOUND(#359,.T.);
#361=IFCFACE((#360));
#362=IFCPOLYLOOP((#184,#118,#121));
#363=IFCFACEOUTERBOUND(#362,.T.);
#364=IFCFACE((#363));
#365=IFCPOLYLOOP((#126,#125,#186));
#366=IFCFACEOUTERBOUND(#365,.T.);
#367=IFCFACE((#366));
#368=IFCPOLYLOOP((#186,#187,#126));
#369=IFCFACEOUTERBOUND(#368,.T.);
#370=IFCFACE((#369));
#371=IFCPOLYLOOP((#127,#126,#187));
#372=IFCFACEOUTERBOUND(#371,.T.);
#373=IFCFACE((#372));
#374=IFCPOLYLOOP((#127,#187,#188));
#375=IFCFACEOUTERBOUND(#374,.T.);
#376=IFCFACE((#375));
#377=IFCPOLYLOOP((#128,#127,#188));
#378=IFCFACEOUTERBOUND(#377,.T.);
#379=IFCFACE((#378));
#380=IFCPOLYLOOP((#188,#189,#128));
#381=IFCFACEOUTERBOUND(#380,.T.);
#382=IFCFACE((#381));
#383=IFCPOLYLOOP((#129,#128,#189));
#384=IFCFACEOUTERBOUND(#383,.T.);
#385=IFCFACE((#384));
#386=IFCPOLYLOOP((#190,#129,#189));
#387=IFCFACEOUTERBOUND(#386,.T.);
#388=IFCFACE((#387));
#389=IFCPOLYLOOP((#129,#190,#191));
#390=IFCFACEOUTERBOUND(#389,.T.);
#391=IFCFACE((#390));
#392=IFCPOLYLOOP((#130,#129,#191));
#393=IFCFACEOUTERBOUND(#392,.T.);
#394=IFCFACE((#393));
#395=IFCPOLYLOOP((#191,#192,#130));
#396=IFCFACEOUTERBOUND(#395,.T.);
#397=IFCFACE((#396));
#398=IFCPOLYLOOP((#131,#130,#192));
#399=IFCFACEOUTERBOUND(#398,.T.);
#400=IFCFACE((#399));
#401=IFCPOLYLOOP((#192,#193,#131));
#402=IFCFACEOUTERBOUND(#401,.T.);
#403=IFCFACE((#402));
#404=IFCPOLYLOOP((#131,#193,#132));
#405=IFCFACEOUTERBOUND(#404,.T.);
#406=IFCFACE((#405));
#407=IFCPOLYLOOP((#193,#194,#132));
#408=IFCFACEOUTERBOUND(#407,.T.);
#409=IFCFACE((#408));
#410=IFCPOLYLOOP((#133,#132,#194));
#411=IFCFACEOUTERBOUND(#410,.T.);
#412=IFCFACE((#411));
#413=IFCPOLYLOOP((#194,#195,#175));
#414=IFCFACEOUTERBOUND(#413,.T.);
#415=IFCFACE((#414));
#416=IFCPOLYLOOP((#175,#133,#194));
#417=IFCFACEOUTERBOUND(#416,.T.);
#418=IFCFACE((#417));
#419=IFCPOLYLOOP((#196,#175,#195));
#420=IFCFACEOUTERBOUND(#419,.T.);
#421=IFCFACE((#420));
#422=IFCPOLYLOOP((#175,#196,#197));
#423=IFCFACEOUTERBOUND(#422,.T.);
#424=IFCFACE((#423));
#425=IFCPOLYLOOP((#171,#170,#178,#183));
#426=IFCFACEOUTERBOUND(#425,.T.);
#427=IFCFACE((#426));
#428=IFCPOLYLOOP((#170,#177,#179,#178));
#429=IFCFACEOUTERBOUND(#428,.T.);
#430=IFCFACE((#429));
#431=IFCPOLYLOOP((#176,#198,#199,#200,#201,#202,#203,#204,#205,#206,#207,#208,#209,#210,#211,#120,#119,#179,#177));
#432=IFCFACEOUTERBOUND(#431,.T.);
#433=IFCFACE((#432));
#434=IFCPOLYLOOP((#176,#198,#199));
#435=IFCFACEOUTERBOUND(#434,.T.);
#436=IFCFACE((#435));
#437=IFCPOLYLOOP((#176,#199,#177));
#438=IFCFACEOUTERBOUND(#437,.T.);
#439=IFCFACE((#438));
#440=IFCPOLYLOOP((#177,#199,#200));
#441=IFCFACEOUTERBOUND(#440,.T.);
#442=IFCFACE((#441));
#443=IFCPOLYLOOP((#201,#177,#200));
#444=IFCFACEOUTERBOUND(#443,.T.);
#445=IFCFACE((#444));
#446=IFCPOLYLOOP((#177,#201,#202));
#447=IFCFACEOUTERBOUND(#446,.T.);
#448=IFCFACE((#447));
#449=IFCPOLYLOOP((#202,#203,#177));
#450=IFCFACEOUTERBOUND(#449,.T.);
#451=IFCFACE((#450));
#452=IFCPOLYLOOP((#203,#204,#177));
#453=IFCFACEOUTERBOUND(#452,.T.);
#454=IFCFACE((#453));
#455=IFCPOLYLOOP((#177,#204,#205));
#456=IFCFACEOUTERBOUND(#455,.T.);
#457=IFCFACE((#456));
#458=IFCPOLYLOOP((#205,#179,#177));
#459=IFCFACEOUTERBOUND(#458,.T.);
#460=IFCFACE((#459));
#461=IFCPOLYLOOP((#205,#206,#179));
#462=IFCFACEOUTERBOUND(#461,.T.);
#463=IFCFACE((#462));
#464=IFCPOLYLOOP((#207,#179,#206));
#465=IFCFACEOUTERBOUND(#464,.T.);
#466=IFCFACE((#465));
#467=IFCPOLYLOOP((#207,#208,#179));
#468=IFCFACEOUTERBOUND(#467,.T.);
#469=IFCFACE((#468));
#470=IFCPOLYLOOP((#179,#208,#209));
#471=IFCFACEOUTERBOUND(#470,.T.);
#472=IFCFACE((#471));
#473=IFCPOLYLOOP((#179,#209,#210));
#474=IFCFACEOUTERBOUND(#473,.T.);
#475=IFCFACE((#474));
#476=IFCPOLYLOOP((#210,#211,#179));
#477=IFCFACEOUTERBOUND(#476,.T.);
#478=IFCFACE((#477));
#479=IFCPOLYLOOP((#119,#179,#211));
#480=IFCFACEOUTERBOUND(#479,.T.);
#481=IFCFACE((#480));
#482=IFCPOLYLOOP((#211,#120,#119));
#483=IFCFACEOUTERBOUND(#482,.T.);
#484=IFCFACE((#483));
#485=IFCPOLYLOOP((#172,#137,#136));
#486=IFCFACEOUTERBOUND(#485,.T.);
#487=IFCFACE((#486));
#488=IFCPOLYLOOP((#137,#172,#138));
#489=IFCFACEOUTERBOUND(#488,.T.);
#490=IFCFACE((#489));
#491=IFCPOLYLOOP((#172,#136,#158));
#492=IFCFACEOUTERBOUND(#491,.T.);
#493=IFCFACE((#492));
#494=IFCPOLYLOOP((#139,#138,#172));
#495=IFCFACEOUTERBOUND(#494,.T.);
#496=IFCFACE((#495));
#497=IFCPOLYLOOP((#140,#139,#172));
#498=IFCFACEOUTERBOUND(#497,.T.);
#499=IFCFACE((#498));
#500=IFCPOLYLOOP((#141,#140,#172));
#501=IFCFACEOUTERBOUND(#500,.T.);
#502=IFCFACE((#501));
#503=IFCPOLYLOOP((#172,#142,#141));
#504=IFCFACEOUTERBOUND(#503,.T.);
#505=IFCFACE((#504));
#506=IFCPOLYLOOP((#158,#173,#172));
#507=IFCFACEOUTERBOUND(#506,.T.);
#508=IFCFACE((#507));
#509=IFCPOLYLOOP((#142,#172,#182));
#510=IFCFACEOUTERBOUND(#509,.T.);
#511=IFCFACE((#510));
#512=IFCPOLYLOOP((#143,#142,#182));
#513=IFCFACEOUTERBOUND(#512,.T.);
#514=IFCFACE((#513));
#515=IFCPOLYLOOP((#144,#143,#182));
#516=IFCFACEOUTERBOUND(#515,.T.);
#517=IFCFACE((#516));
#518=IFCPOLYLOOP((#182,#145,#144));
#519=IFCFACEOUTERBOUND(#518,.T.);
#520=IFCFACE((#519));
#521=IFCPOLYLOOP((#145,#182,#146));
#522=IFCFACEOUTERBOUND(#521,.T.);
#523=IFCFACE((#522));
#524=IFCPOLYLOOP((#147,#146,#182));
#525=IFCFACEOUTERBOUND(#524,.T.);
#526=IFCFACE((#525));
#527=IFCPOLYLOOP((#182,#122,#147));
#528=IFCFACEOUTERBOUND(#527,.T.);
#529=IFCFACE((#528));
#530=IFCPOLYLOOP((#122,#182,#148));
#531=IFCFACEOUTERBOUND(#530,.T.);
#532=IFCFACE((#531));
#533=IFCPOLYLOOP((#182,#181,#148));
#534=IFCFACEOUTERBOUND(#533,.T.);
#535=IFCFACE((#534));
#536=IFCPOLYLOOP((#173,#153,#181));
#537=IFCFACEOUTERBOUND(#536,.T.);
#538=IFCFACE((#537));
#539=IFCPOLYLOOP((#181,#149,#148));
#540=IFCFACEOUTERBOUND(#539,.T.);
#541=IFCFACE((#540));
#542=IFCPOLYLOOP((#149,#181,#150));
#543=IFCFACEOUTERBOUND(#542,.T.);
#544=IFCFACE((#543));
#545=IFCPOLYLOOP((#151,#150,#181));
#546=IFCFACEOUTERBOUND(#545,.T.);
#547=IFCFACE((#546));
#548=IFCPOLYLOOP((#152,#151,#181));
#549=IFCFACEOUTERBOUND(#548,.T.);
#550=IFCFACE((#549));
#551=IFCPOLYLOOP((#152,#181,#153));
#552=IFCFACEOUTERBOUND(#551,.T.);
#553=IFCFACE((#552));
#554=IFCPOLYLOOP((#154,#153,#173));
#555=IFCFACEOUTERBOUND(#554,.T.);
#556=IFCFACE((#555));
#557=IFCPOLYLOOP((#173,#158,#157));
#558=IFCFACEOUTERBOUND(#557,.T.);
#559=IFCFACE((#558));
#560=IFCPOLYLOOP((#173,#157,#156));
#561=IFCFACEOUTERBOUND(#560,.T.);
#562=IFCFACE((#561));
#563=IFCPOLYLOOP((#156,#155,#173));
#564=IFCFACEOUTERBOUND(#563,.T.);
#565=IFCFACE((#564));
#566=IFCPOLYLOOP((#155,#154,#173));
#567=IFCFACEOUTERBOUND(#566,.T.);
#568=IFCFACE((#567));
#569=IFCPOLYLOOP((#174,#173,#181,#180));
#570=IFCFACEOUTERBOUND(#569,.T.);
#571=IFCFACE((#570));
#572=IFCPOLYLOOP((#172,#171,#183,#182));
#573=IFCFACEOUTERBOUND(#572,.T.);
#574=IFCFACE((#573));
#575=IFCPOLYLOOP((#121,#120,#211,#184));
#576=IFCFACEOUTERBOUND(#575,.T.);
#577=IFCFACE((#576));
#578=IFCPOLYLOOP((#185,#184,#211,#210));
#579=IFCFACEOUTERBOUND(#578,.T.);
#580=IFCFACE((#579));
#581=IFCPOLYLOOP((#185,#210,#209,#186));
#582=IFCFACEOUTERBOUND(#581,.T.);
#583=IFCFACE((#582));
#584=IFCPOLYLOOP((#188,#187,#208,#207));
#585=IFCFACEOUTERBOUND(#584,.T.);
#586=IFCFACE((#585));
#587=IFCPOLYLOOP((#208,#187,#186,#209));
#588=IFCFACEOUTERBOUND(#587,.T.);
#589=IFCFACE((#588));
#590=IFCPOLYLOOP((#189,#188,#207,#206));
#591=IFCFACEOUTERBOUND(#590,.T.);
#592=IFCFACE((#591));
#593=IFCPOLYLOOP((#189,#206,#205,#190));
#594=IFCFACEOUTERBOUND(#593,.T.);
#595=IFCFACE((#594));
#596=IFCPOLYLOOP((#190,#205,#204,#191));
#597=IFCFACEOUTERBOUND(#596,.T.);
#598=IFCFACE((#597));
#599=IFCPOLYLOOP((#191,#204,#203,#192));
#600=IFCFACEOUTERBOUND(#599,.T.);
#601=IFCFACE((#600));
#602=IFCPOLYLOOP((#194,#193,#202,#201));
#603=IFCFACEOUTERBOUND(#602,.T.);
#604=IFCFACE((#603));
#605=IFCPOLYLOOP((#202,#193,#192,#203));
#606=IFCFACEOUTERBOUND(#605,.T.);
#607=IFCFACE((#606));
#608=IFCPOLYLOOP((#195,#194,#201,#200));
#609=IFCFACEOUTERBOUND(#608,.T.);
#610=IFCFACE((#609));
#611=IFCPOLYLOOP((#195,#200,#199,#196));
#612=IFCFACEOUTERBOUND(#611,.T.);
#613=IFCFACE((#612));
#614=IFCPOLYLOOP((#196,#199,#198,#197));
#615=IFCFACEOUTERBOUND(#614,.T.);
#616=IFCFACE((#615));
#617=IFCCARTESIANPOINT((115.,-161.,585.));
#618=IFCCARTESIANPOINT((-340.,-161.,585.));
#619=IFCCARTESIANPOINT((-345.1763809020502,-161.,584.31851652578291));
#620=IFCCARTESIANPOINT((-350.,-161.,582.32050807569033));
#621=IFCCARTESIANPOINT((-354.14213562373072,-161.,579.14213562373254));
#622=IFCCARTESIANPOINT((-357.32050807568856,-161.,575.));
#623=IFCCARTESIANPOINT((-359.31851652578115,-161.,570.17638090205196));
#624=IFCCARTESIANPOINT((-360.,-161.,565.));
#625=IFCCARTESIANPOINT((-360.,-161.,70.));
#626=IFCCARTESIANPOINT((-359.31851652578121,-161.,64.823619097939513));
#627=IFCCARTESIANPOINT((-357.32050807568856,-161.,60.));
#628=IFCCARTESIANPOINT((-354.14213562373078,-161.,55.857864376258966));
#629=IFCCARTESIANPOINT((-350.,-161.,52.679491924301146));
#630=IFCCARTESIANPOINT((-345.17638090205031,-161.,50.681483474208576));
#631=IFCCARTESIANPOINT((-340.,-161.,50.));
#632=IFCCARTESIANPOINT((115.,-161.,50.));
#633=IFCCARTESIANPOINT((120.17638090204015,-161.,50.681483474208513));
#634=IFCCARTESIANPOINT((125.,-161.,52.679491924301075));
#635=IFCCARTESIANPOINT((129.14213562372078,-161.,55.857864376258831));
#636=IFCCARTESIANPOINT((132.32050807567859,-161.,60.));
#637=IFCCARTESIANPOINT((134.31851652577123,-161.,64.823619097939385));
#638=IFCCARTESIANPOINT((135.,-161.,70.));
#639=IFCCARTESIANPOINT((135.,-161.,565.));
#640=IFCCARTESIANPOINT((134.31851652577123,-161.,570.17638090205196));
#641=IFCCARTESIANPOINT((132.32050807567865,-161.,575.));
#642=IFCCARTESIANPOINT((129.14213562372083,-161.,579.14213562373254));
#643=IFCCARTESIANPOINT((125.,-161.,582.32050807569033));
#644=IFCCARTESIANPOINT((120.17638090204028,-161.,584.31851652578291));
#645=IFCCARTESIANPOINT((122.49999999999503,-161.,317.49999999999653));
#646=IFCCARTESIANPOINT((116.60805936272379,-161.,265.2075805202627));
#647=IFCCARTESIANPOINT((99.227683957063959,-161.,215.53732130737041));
#648=IFCCARTESIANPOINT((71.230398379982589,-161.,170.9798965631941));
#649=IFCCARTESIANPOINT((34.020103436798152,-161.,133.76960162000938));
#650=IFCCARTESIANPOINT((-10.53732130737782,-161.,105.77231604292774));
#651=IFCCARTESIANPOINT((-60.207580520269985,-161.,88.391940637267439));
#652=IFCCARTESIANPOINT((-112.50000000000384,-161.,82.499999999995794));
#653=IFCCARTESIANPOINT((-164.79241947973753,-161.,88.391940637266956));
#654=IFCCARTESIANPOINT((-214.46267869262991,-161.,105.77231604292673));
#655=IFCCARTESIANPOINT((-259.02010343680627,-161.,133.76960162000802));
#656=IFCCARTESIANPOINT((-296.23039837999107,-161.,170.9798965631924));
#657=IFCCARTESIANPOINT((-324.22768395707277,-161.,215.53732130736844));
#658=IFCCARTESIANPOINT((-341.60805936273317,-161.,265.20758052026059));
#659=IFCCARTESIANPOINT((-347.50000000000495,-161.,317.49999999999727));
#660=IFCCARTESIANPOINT((-341.60805936273317,-161.,369.79241947973094));
#661=IFCCARTESIANPOINT((-324.22768395707277,-161.,419.46267869262311));
#662=IFCCARTESIANPOINT((-296.23039837999107,-161.,464.02010343679916));
#663=IFCCARTESIANPOINT((-259.02010343680627,-161.,501.23039837998351));
#664=IFCCARTESIANPOINT((-214.46267869262991,-161.,529.22768395706476));
#665=IFCCARTESIANPOINT((-164.79241947973753,-161.,546.60805936272459));
#666=IFCCARTESIANPOINT((-112.50000000000384,-161.,552.49999999999579));
#667=IFCCARTESIANPOINT((-60.207580520269985,-161.,546.60805936272413));
#668=IFCCARTESIANPOINT((-10.53732130737782,-161.,529.22768395706385));
#669=IFCCARTESIANPOINT((34.020103436798152,-161.,501.23039837998215));
#670=IFCCARTESIANPOINT((71.230398379982589,-161.,464.02010343679746));
#671=IFCCARTESIANPOINT((99.227683957063959,-161.,419.46267869262113));
#672=IFCCARTESIANPOINT((116.60805936272379,-161.,369.79241947972884));
#673=IFCCARTESIANPOINT((115.,-145.,585.));
#674=IFCCARTESIANPOINT((120.17638090204028,-145.,584.31851652578291));
#675=IFCCARTESIANPOINT((125.,-145.,582.32050807569033));
#676=IFCCARTESIANPOINT((129.14213562372083,-145.,579.14213562373254));
#677=IFCCARTESIANPOINT((132.32050807567865,-145.,575.));
#678=IFCCARTESIANPOINT((134.31851652577123,-145.,570.17638090205196));
#679=IFCCARTESIANPOINT((135.,-145.,565.));
#680=IFCCARTESIANPOINT((135.,-145.,70.));
#681=IFCCARTESIANPOINT((134.31851652577123,-145.,64.823619097939385));
#682=IFCCARTESIANPOINT((132.32050807567859,-145.,60.));
#683=IFCCARTESIANPOINT((129.14213562372078,-145.,55.857864376258831));
#684=IFCCARTESIANPOINT((125.,-145.,52.679491924301075));
#685=IFCCARTESIANPOINT((120.17638090204015,-145.,50.681483474208513));
#686=IFCCARTESIANPOINT((115.,-145.,50.));
#687=IFCCARTESIANPOINT((-340.,-145.,50.));
#688=IFCCARTESIANPOINT((-345.17638090205031,-145.,50.681483474208576));
#689=IFCCARTESIANPOINT((-350.,-145.,52.679491924301146));
#690=IFCCARTESIANPOINT((-354.14213562373078,-145.,55.857864376258966));
#691=IFCCARTESIANPOINT((-357.32050807568856,-145.,60.));
#692=IFCCARTESIANPOINT((-359.31851652578121,-145.,64.823619097939513));
#693=IFCCARTESIANPOINT((-360.,-145.,70.));
#694=IFCCARTESIANPOINT((-360.,-145.,565.));
#695=IFCCARTESIANPOINT((-359.31851652578115,-145.,570.17638090205196));
#696=IFCCARTESIANPOINT((-357.32050807568856,-145.,575.));
#697=IFCCARTESIANPOINT((-354.14213562373072,-145.,579.14213562373254));
#698=IFCCARTESIANPOINT((-350.,-145.,582.32050807569033));
#699=IFCCARTESIANPOINT((-345.1763809020502,-145.,584.31851652578291));
#700=IFCCARTESIANPOINT((-340.,-145.,585.));
#701=IFCCARTESIANPOINT((-347.50000000000495,-145.,317.49999999999426));
#702=IFCCARTESIANPOINT((-341.60805936273317,-145.,265.20758052026059));
#703=IFCCARTESIANPOINT((-324.22768395707277,-145.,215.53732130736844));
#704=IFCCARTESIANPOINT((-296.23039837999107,-145.,170.9798965631924));
#705=IFCCARTESIANPOINT((-259.02010343680627,-145.,133.76960162000802));
#706=IFCCARTESIANPOINT((-214.46267869262991,-145.,105.77231604292673));
#707=IFCCARTESIANPOINT((-164.79241947973753,-145.,88.391940637266956));
#708=IFCCARTESIANPOINT((-112.50000000000384,-145.,82.499999999995794));
#709=IFCCARTESIANPOINT((-60.207580520269985,-145.,88.391940637267439));
#710=IFCCARTESIANPOINT((-10.53732130737782,-145.,105.77231604292774));
#711=IFCCARTESIANPOINT((34.020103436798152,-145.,133.76960162000938));
#712=IFCCARTESIANPOINT((71.230398379982589,-145.,170.9798965631941));
#713=IFCCARTESIANPOINT((99.227683957063959,-145.,215.53732130737041));
#714=IFCCARTESIANPOINT((116.60805936272379,-145.,265.2075805202627));
#715=IFCCARTESIANPOINT((122.49999999999503,-145.,317.499999999995));
#716=IFCCARTESIANPOINT((116.60805936272379,-145.,369.79241947972884));
#717=IFCCARTESIANPOINT((99.227683957063959,-145.,419.46267869262113));
#718=IFCCARTESIANPOINT((71.230398379982589,-145.,464.02010343679746));
#719=IFCCARTESIANPOINT((34.020103436798152,-145.,501.23039837998215));
#720=IFCCARTESIANPOINT((-10.53732130737782,-145.,529.22768395706385));
#721=IFCCARTESIANPOINT((-60.207580520269985,-145.,546.60805936272413));
#722=IFCCARTESIANPOINT((-112.50000000000384,-145.,552.49999999999579));
#723=IFCCARTESIANPOINT((-164.79241947973753,-145.,546.60805936272459));
#724=IFCCARTESIANPOINT((-214.46267869262991,-145.,529.22768395706476));
#725=IFCCARTESIANPOINT((-259.02010343680627,-145.,501.23039837998351));
#726=IFCCARTESIANPOINT((-296.23039837999107,-145.,464.02010343679916));
#727=IFCCARTESIANPOINT((-324.22768395707277,-145.,419.46267869262311));
#728=IFCCARTESIANPOINT((-341.60805936273317,-145.,369.79241947973094));
#729=IFCPOLYLOOP((#641,#642,#643));
#730=IFCFACEOUTERBOUND(#729,.T.);
#731=IFCFACE((#730));
#732=IFCPOLYLOOP((#641,#643,#644));
#733=IFCFACEOUTERBOUND(#732,.T.);
#734=IFCFACE((#733));
#735=IFCPOLYLOOP((#640,#641,#644));
#736=IFCFACEOUTERBOUND(#735,.T.);
#737=IFCFACE((#736));
#738=IFCPOLYLOOP((#617,#640,#644));
#739=IFCFACEOUTERBOUND(#738,.T.);
#740=IFCFACE((#739));
#741=IFCPOLYLOOP((#617,#639,#640));
#742=IFCFACEOUTERBOUND(#741,.T.);
#743=IFCFACE((#742));
#744=IFCPOLYLOOP((#639,#617,#669));
#745=IFCFACEOUTERBOUND(#744,.T.);
#746=IFCFACE((#745));
#747=IFCPOLYLOOP((#668,#669,#617));
#748=IFCFACEOUTERBOUND(#747,.T.);
#749=IFCFACE((#748));
#750=IFCPOLYLOOP((#617,#667,#668));
#751=IFCFACEOUTERBOUND(#750,.T.);
#752=IFCFACE((#751));
#753=IFCPOLYLOOP((#617,#666,#667));
#754=IFCFACEOUTERBOUND(#753,.T.);
#755=IFCFACE((#754));
#756=IFCPOLYLOOP((#666,#617,#618));
#757=IFCFACEOUTERBOUND(#756,.T.);
#758=IFCFACE((#757));
#759=IFCPOLYLOOP((#618,#665,#666));
#760=IFCFACEOUTERBOUND(#759,.T.);
#761=IFCFACE((#760));
#762=IFCPOLYLOOP((#665,#618,#664));
#763=IFCFACEOUTERBOUND(#762,.T.);
#764=IFCFACE((#763));
#765=IFCPOLYLOOP((#664,#618,#663));
#766=IFCFACEOUTERBOUND(#765,.T.);
#767=IFCFACE((#766));
#768=IFCPOLYLOOP((#618,#624,#663));
#769=IFCFACEOUTERBOUND(#768,.T.);
#770=IFCFACE((#769));
#771=IFCPOLYLOOP((#618,#623,#624));
#772=IFCFACEOUTERBOUND(#771,.T.);
#773=IFCFACE((#772));
#774=IFCPOLYLOOP((#618,#619,#623));
#775=IFCFACEOUTERBOUND(#774,.T.);
#776=IFCFACE((#775));
#777=IFCPOLYLOOP((#619,#622,#623));
#778=IFCFACEOUTERBOUND(#777,.T.);
#779=IFCFACE((#778));
#780=IFCPOLYLOOP((#622,#619,#620));
#781=IFCFACEOUTERBOUND(#780,.T.);
#782=IFCFACE((#781));
#783=IFCPOLYLOOP((#622,#620,#621));
#784=IFCFACEOUTERBOUND(#783,.T.);
#785=IFCFACE((#784));
#786=IFCPOLYLOOP((#624,#662,#663));
#787=IFCFACEOUTERBOUND(#786,.T.);
#788=IFCFACE((#787));
#789=IFCPOLYLOOP((#661,#662,#624));
#790=IFCFACEOUTERBOUND(#789,.T.);
#791=IFCFACE((#790));
#792=IFCPOLYLOOP((#624,#660,#661));
#793=IFCFACEOUTERBOUND(#792,.T.);
#794=IFCFACE((#793));
#795=IFCPOLYLOOP((#624,#659,#660));
#796=IFCFACEOUTERBOUND(#795,.T.);
#797=IFCFACE((#796));
#798=IFCPOLYLOOP((#659,#624,#625));
#799=IFCFACEOUTERBOUND(#798,.T.);
#800=IFCFACE((#799));
#801=IFCPOLYLOOP((#625,#658,#659));
#802=IFCFACEOUTERBOUND(#801,.T.);
#803=IFCFACE((#802));
#804=IFCPOLYLOOP((#625,#657,#658));
#805=IFCFACEOUTERBOUND(#804,.T.);
#806=IFCFACE((#805));
#807=IFCPOLYLOOP((#656,#657,#625));
#808=IFCFACEOUTERBOUND(#807,.T.);
#809=IFCFACE((#808));
#810=IFCPOLYLOOP((#625,#655,#656));
#811=IFCFACEOUTERBOUND(#810,.T.);
#812=IFCFACE((#811));
#813=IFCPOLYLOOP((#631,#655,#625));
#814=IFCFACEOUTERBOUND(#813,.T.);
#815=IFCFACE((#814));
#816=IFCPOLYLOOP((#625,#626,#631));
#817=IFCFACEOUTERBOUND(#816,.T.);
#818=IFCFACE((#817));
#819=IFCPOLYLOOP((#631,#626,#630));
#820=IFCFACEOUTERBOUND(#819,.T.);
#821=IFCFACE((#820));
#822=IFCPOLYLOOP((#630,#626,#627));
#823=IFCFACEOUTERBOUND(#822,.T.);
#824=IFCFACE((#823));
#825=IFCPOLYLOOP((#629,#630,#627));
#826=IFCFACEOUTERBOUND(#825,.T.);
#827=IFCFACE((#826));
#828=IFCPOLYLOOP((#627,#628,#629));
#829=IFCFACEOUTERBOUND(#828,.T.);
#830=IFCFACE((#829));
#831=IFCPOLYLOOP((#631,#654,#655));
#832=IFCFACEOUTERBOUND(#831,.T.);
#833=IFCFACE((#832));
#834=IFCPOLYLOOP((#654,#631,#653));
#835=IFCFACEOUTERBOUND(#834,.T.);
#836=IFCFACE((#835));
#837=IFCPOLYLOOP((#652,#653,#631));
#838=IFCFACEOUTERBOUND(#837,.T.);
#839=IFCFACE((#838));
#840=IFCPOLYLOOP((#652,#631,#632));
#841=IFCFACEOUTERBOUND(#840,.T.);
#842=IFCFACE((#841));
#843=IFCPOLYLOOP((#632,#651,#652));
#844=IFCFACEOUTERBOUND(#843,.T.);
#845=IFCFACE((#844));
#846=IFCPOLYLOOP((#650,#651,#632));
#847=IFCFACEOUTERBOUND(#846,.T.);
#848=IFCFACE((#847));
#849=IFCPOLYLOOP((#632,#649,#650));
#850=IFCFACEOUTERBOUND(#849,.T.);
#851=IFCFACE((#850));
#852=IFCPOLYLOOP((#632,#638,#649));
#853=IFCFACEOUTERBOUND(#852,.T.);
#854=IFCFACE((#853));
#855=IFCPOLYLOOP((#638,#632,#637));
#856=IFCFACEOUTERBOUND(#855,.T.);
#857=IFCFACE((#856));
#858=IFCPOLYLOOP((#633,#637,#632));
#859=IFCFACEOUTERBOUND(#858,.T.);
#860=IFCFACE((#859));
#861=IFCPOLYLOOP((#636,#637,#633));
#862=IFCFACEOUTERBOUND(#861,.T.);
#863=IFCFACE((#862));
#864=IFCPOLYLOOP((#633,#634,#636));
#865=IFCFACEOUTERBOUND(#864,.T.);
#866=IFCFACE((#865));
#867=IFCPOLYLOOP((#635,#636,#634));
#868=IFCFACEOUTERBOUND(#867,.T.);
#869=IFCFACE((#868));
#870=IFCPOLYLOOP((#645,#638,#639));
#871=IFCFACEOUTERBOUND(#870,.T.);
#872=IFCFACE((#871));
#873=IFCPOLYLOOP((#638,#645,#646));
#874=IFCFACEOUTERBOUND(#873,.T.);
#875=IFCFACE((#874));
#876=IFCPOLYLOOP((#649,#638,#648));
#877=IFCFACEOUTERBOUND(#876,.T.);
#878=IFCFACE((#877));
#879=IFCPOLYLOOP((#648,#638,#647));
#880=IFCFACEOUTERBOUND(#879,.T.);
#881=IFCFACE((#880));
#882=IFCPOLYLOOP((#647,#638,#646));
#883=IFCFACEOUTERBOUND(#882,.T.);
#884=IFCFACE((#883));
#885=IFCPOLYLOOP((#639,#669,#670));
#886=IFCFACEOUTERBOUND(#885,.T.);
#887=IFCFACE((#886));
#888=IFCPOLYLOOP((#671,#639,#670));
#889=IFCFACEOUTERBOUND(#888,.T.);
#890=IFCFACE((#889));
#891=IFCPOLYLOOP((#672,#639,#671));
#892=IFCFACEOUTERBOUND(#891,.T.);
#893=IFCFACE((#892));
#894=IFCPOLYLOOP((#639,#672,#645));
#895=IFCFACEOUTERBOUND(#894,.T.);
#896=IFCFACE((#895));
#897=IFCPOLYLOOP((#696,#697,#698));
#898=IFCFACEOUTERBOUND(#897,.T.);
#899=IFCFACE((#898));
#900=IFCPOLYLOOP((#696,#698,#699));
#901=IFCFACEOUTERBOUND(#900,.T.);
#902=IFCFACE((#901));
#903=IFCPOLYLOOP((#695,#696,#699));
#904=IFCFACEOUTERBOUND(#903,.T.);
#905=IFCFACE((#904));
#906=IFCPOLYLOOP((#700,#695,#699));
#907=IFCFACEOUTERBOUND(#906,.T.);
#908=IFCFACE((#907));
#909=IFCPOLYLOOP((#700,#694,#695));
#910=IFCFACEOUTERBOUND(#909,.T.);
#911=IFCFACE((#910));
#912=IFCPOLYLOOP((#694,#700,#725));
#913=IFCFACEOUTERBOUND(#912,.T.);
#914=IFCFACE((#913));
#915=IFCPOLYLOOP((#724,#725,#700));
#916=IFCFACEOUTERBOUND(#915,.T.);
#917=IFCFACE((#916));
#918=IFCPOLYLOOP((#700,#723,#724));
#919=IFCFACEOUTERBOUND(#918,.T.);
#920=IFCFACE((#919));
#921=IFCPOLYLOOP((#700,#722,#723));
#922=IFCFACEOUTERBOUND(#921,.T.);
#923=IFCFACE((#922));
#924=IFCPOLYLOOP((#722,#700,#673));
#925=IFCFACEOUTERBOUND(#924,.T.);
#926=IFCFACE((#925));
#927=IFCPOLYLOOP((#673,#721,#722));
#928=IFCFACEOUTERBOUND(#927,.T.);
#929=IFCFACE((#928));
#930=IFCPOLYLOOP((#721,#673,#720));
#931=IFCFACEOUTERBOUND(#930,.T.);
#932=IFCFACE((#931));
#933=IFCPOLYLOOP((#720,#673,#719));
#934=IFCFACEOUTERBOUND(#933,.T.);
#935=IFCFACE((#934));
#936=IFCPOLYLOOP((#673,#679,#719));
#937=IFCFACEOUTERBOUND(#936,.T.);
#938=IFCFACE((#937));
#939=IFCPOLYLOOP((#673,#678,#679));
#940=IFCFACEOUTERBOUND(#939,.T.);
#941=IFCFACE((#940));
#942=IFCPOLYLOOP((#673,#674,#678));
#943=IFCFACEOUTERBOUND(#942,.T.);
#944=IFCFACE((#943));
#945=IFCPOLYLOOP((#674,#677,#678));
#946=IFCFACEOUTERBOUND(#945,.T.);
#947=IFCFACE((#946));
#948=IFCPOLYLOOP((#677,#674,#675));
#949=IFCFACEOUTERBOUND(#948,.T.);
#950=IFCFACE((#949));
#951=IFCPOLYLOOP((#677,#675,#676));
#952=IFCFACEOUTERBOUND(#951,.T.);
#953=IFCFACE((#952));
#954=IFCPOLYLOOP((#679,#718,#719));
#955=IFCFACEOUTERBOUND(#954,.T.);
#956=IFCFACE((#955));
#957=IFCPOLYLOOP((#717,#718,#679));
#958=IFCFACEOUTERBOUND(#957,.T.);
#959=IFCFACE((#958));
#960=IFCPOLYLOOP((#679,#716,#717));
#961=IFCFACEOUTERBOUND(#960,.T.);
#962=IFCFACE((#961));
#963=IFCPOLYLOOP((#679,#715,#716));
#964=IFCFACEOUTERBOUND(#963,.T.);
#965=IFCFACE((#964));
#966=IFCPOLYLOOP((#715,#679,#680));
#967=IFCFACEOUTERBOUND(#966,.T.);
#968=IFCFACE((#967));
#969=IFCPOLYLOOP((#680,#714,#715));
#970=IFCFACEOUTERBOUND(#969,.T.);
#971=IFCFACE((#970));
#972=IFCPOLYLOOP((#680,#713,#714));
#973=IFCFACEOUTERBOUND(#972,.T.);
#974=IFCFACE((#973));
#975=IFCPOLYLOOP((#712,#713,#680));
#976=IFCFACEOUTERBOUND(#975,.T.);
#977=IFCFACE((#976));
#978=IFCPOLYLOOP((#680,#711,#712));
#979=IFCFACEOUTERBOUND(#978,.T.);
#980=IFCFACE((#979));
#981=IFCPOLYLOOP((#686,#711,#680));
#982=IFCFACEOUTERBOUND(#981,.T.);
#983=IFCFACE((#982));
#984=IFCPOLYLOOP((#680,#681,#686));
#985=IFCFACEOUTERBOUND(#984,.T.);
#986=IFCFACE((#985));
#987=IFCPOLYLOOP((#686,#681,#685));
#988=IFCFACEOUTERBOUND(#987,.T.);
#989=IFCFACE((#988));
#990=IFCPOLYLOOP((#685,#681,#682));
#991=IFCFACEOUTERBOUND(#990,.T.);
#992=IFCFACE((#991));
#993=IFCPOLYLOOP((#684,#685,#682));
#994=IFCFACEOUTERBOUND(#993,.T.);
#995=IFCFACE((#994));
#996=IFCPOLYLOOP((#682,#683,#684));
#997=IFCFACEOUTERBOUND(#996,.T.);
#998=IFCFACE((#997));
#999=IFCPOLYLOOP((#686,#710,#711));
#1000=IFCFACEOUTERBOUND(#999,.T.);
#1001=IFCFACE((#1000));
#1002=IFCPOLYLOOP((#710,#686,#709));
#1003=IFCFACEOUTERBOUND(#1002,.T.);
#1004=IFCFACE((#1003));
#1005=IFCPOLYLOOP((#708,#709,#686));
#1006=IFCFACEOUTERBOUND(#1005,.T.);
#1007=IFCFACE((#1006));
#1008=IFCPOLYLOOP((#708,#686,#687));
#1009=IFCFACEOUTERBOUND(#1008,.T.);
#1010=IFCFACE((#1009));
#1011=IFCPOLYLOOP((#687,#707,#708));
#1012=IFCFACEOUTERBOUND(#1011,.T.);
#1013=IFCFACE((#1012));
#1014=IFCPOLYLOOP((#706,#707,#687));
#1015=IFCFACEOUTERBOUND(#1014,.T.);
#1016=IFCFACE((#1015));
#1017=IFCPOLYLOOP((#687,#705,#706));
#1018=IFCFACEOUTERBOUND(#1017,.T.);
#1019=IFCFACE((#1018));
#1020=IFCPOLYLOOP((#687,#693,#705));
#1021=IFCFACEOUTERBOUND(#1020,.T.);
#1022=IFCFACE((#1021));
#1023=IFCPOLYLOOP((#693,#687,#692));
#1024=IFCFACEOUTERBOUND(#1023,.T.);
#1025=IFCFACE((#1024));
#1026=IFCPOLYLOOP((#688,#692,#687));
#1027=IFCFACEOUTERBOUND(#1026,.T.);
#1028=IFCFACE((#1027));
#1029=IFCPOLYLOOP((#691,#692,#688));
#1030=IFCFACEOUTERBOUND(#1029,.T.);
#1031=IFCFACE((#1030));
#1032=IFCPOLYLOOP((#688,#689,#691));
#1033=IFCFACEOUTERBOUND(#1032,.T.);
#1034=IFCFACE((#1033));
#1035=IFCPOLYLOOP((#690,#691,#689));
#1036=IFCFACEOUTERBOUND(#1035,.T.);
#1037=IFCFACE((#1036));
#1038=IFCPOLYLOOP((#701,#693,#694));
#1039=IFCFACEOUTERBOUND(#1038,.T.);
#1040=IFCFACE((#1039));
#1041=IFCPOLYLOOP((#693,#701,#702));
#1042=IFCFACEOUTERBOUND(#1041,.T.);
#1043=IFCFACE((#1042));
#1044=IFCPOLYLOOP((#705,#693,#704));
#1045=IFCFACEOUTERBOUND(#1044,.T.);
#1046=IFCFACE((#1045));
#1047=IFCPOLYLOOP((#704,#693,#703));
#1048=IFCFACEOUTERBOUND(#1047,.T.);
#1049=IFCFACE((#1048));
#1050=IFCPOLYLOOP((#703,#693,#702));
#1051=IFCFACEOUTERBOUND(#1050,.T.);
#1052=IFCFACE((#1051));
#1053=IFCPOLYLOOP((#694,#725,#726));
#1054=IFCFACEOUTERBOUND(#1053,.T.);
#1055=IFCFACE((#1054));
#1056=IFCPOLYLOOP((#727,#694,#726));
#1057=IFCFACEOUTERBOUND(#1056,.T.);
#1058=IFCFACE((#1057));
#1059=IFCPOLYLOOP((#728,#694,#727));
#1060=IFCFACEOUTERBOUND(#1059,.T.);
#1061=IFCFACE((#1060));
#1062=IFCPOLYLOOP((#694,#728,#701));
#1063=IFCFACEOUTERBOUND(#1062,.T.);
#1064=IFCFACE((#1063));
#1065=IFCPOLYLOOP((#618,#617,#673,#700));
#1066=IFCFACEOUTERBOUND(#1065,.T.);
#1067=IFCFACE((#1066));
#1068=IFCPOLYLOOP((#625,#624,#694,#693));
#1069=IFCFACEOUTERBOUND(#1068,.T.);
#1070=IFCFACE((#1069));
#1071=IFCPOLYLOOP((#632,#631,#687,#686));
#1072=IFCFACEOUTERBOUND(#1071,.T.);
#1073=IFCFACE((#1072));
#1074=IFCPOLYLOOP((#639,#638,#680,#679));
#1075=IFCFACEOUTERBOUND(#1074,.T.);
#1076=IFCFACE((#1075));
#1077=IFCPOLYLOOP((#619,#618,#700,#699));
#1078=IFCFACEOUTERBOUND(#1077,.T.);
#1079=IFCFACE((#1078));
#1080=IFCPOLYLOOP((#620,#619,#699,#698));
#1081=IFCFACEOUTERBOUND(#1080,.T.);
#1082=IFCFACE((#1081));
#1083=IFCPOLYLOOP((#621,#620,#698,#697));
#1084=IFCFACEOUTERBOUND(#1083,.T.);
#1085=IFCFACE((#1084));
#1086=IFCPOLYLOOP((#622,#621,#697,#696));
#1087=IFCFACEOUTERBOUND(#1086,.T.);
#1088=IFCFACE((#1087));
#1089=IFCPOLYLOOP((#623,#622,#696,#695));
#1090=IFCFACEOUTERBOUND(#1089,.T.);
#1091=IFCFACE((#1090));
#1092=IFCPOLYLOOP((#624,#623,#695,#694));
#1093=IFCFACEOUTERBOUND(#1092,.T.);
#1094=IFCFACE((#1093));
#1095=IFCPOLYLOOP((#626,#625,#693,#692));
#1096=IFCFACEOUTERBOUND(#1095,.T.);
#1097=IFCFACE((#1096));
#1098=IFCPOLYLOOP((#627,#626,#692,#691));
#1099=IFCFACEOUTERBOUND(#1098,.T.);
#1100=IFCFACE((#1099));
#1101=IFCPOLYLOOP((#628,#627,#691,#690));
#1102=IFCFACEOUTERBOUND(#1101,.T.);
#1103=IFCFACE((#1102));
#1104=IFCPOLYLOOP((#629,#628,#690,#689));
#1105=IFCFACEOUTERBOUND(#1104,.T.);
#1106=IFCFACE((#1105));
#1107=IFCPOLYLOOP((#630,#629,#689,#688));
#1108=IFCFACEOUTERBOUND(#1107,.T.);
#1109=IFCFACE((#1108));
#1110=IFCPOLYLOOP((#631,#630,#688,#687));
#1111=IFCFACEOUTERBOUND(#1110,.T.);
#1112=IFCFACE((#1111));
#1113=IFCPOLYLOOP((#633,#632,#686,#685));
#1114=IFCFACEOUTERBOUND(#1113,.T.);
#1115=IFCFACE((#1114));
#1116=IFCPOLYLOOP((#634,#633,#685,#684));
#1117=IFCFACEOUTERBOUND(#1116,.T.);
#1118=IFCFACE((#1117));
#1119=IFCPOLYLOOP((#635,#634,#684,#683));
#1120=IFCFACEOUTERBOUND(#1119,.T.);
#1121=IFCFACE((#1120));
#1122=IFCPOLYLOOP((#636,#635,#683,#682));
#1123=IFCFACEOUTERBOUND(#1122,.T.);
#1124=IFCFACE((#1123));
#1125=IFCPOLYLOOP((#637,#636,#682,#681));
#1126=IFCFACEOUTERBOUND(#1125,.T.);
#1127=IFCFACE((#1126));
#1128=IFCPOLYLOOP((#638,#637,#681,#680));
#1129=IFCFACEOUTERBOUND(#1128,.T.);
#1130=IFCFACE((#1129));
#1131=IFCPOLYLOOP((#640,#639,#679,#678));
#1132=IFCFACEOUTERBOUND(#1131,.T.);
#1133=IFCFACE((#1132));
#1134=IFCPOLYLOOP((#641,#640,#678,#677));
#1135=IFCFACEOUTERBOUND(#1134,.T.);
#1136=IFCFACE((#1135));
#1137=IFCPOLYLOOP((#642,#641,#677,#676));
#1138=IFCFACEOUTERBOUND(#1137,.T.);
#1139=IFCFACE((#1138));
#1140=IFCPOLYLOOP((#676,#675,#643,#642));
#1141=IFCFACEOUTERBOUND(#1140,.T.);
#1142=IFCFACE((#1141));
#1143=IFCPOLYLOOP((#643,#675,#674,#644));
#1144=IFCFACEOUTERBOUND(#1143,.T.);
#1145=IFCFACE((#1144));
#1146=IFCPOLYLOOP((#674,#673,#617,#644));
#1147=IFCFACEOUTERBOUND(#1146,.T.);
#1148=IFCFACE((#1147));
#1149=IFCPOLYLOOP((#645,#715,#714,#646));
#1150=IFCFACEOUTERBOUND(#1149,.T.);
#1151=IFCFACE((#1150));
#1152=IFCPOLYLOOP((#646,#714,#713,#647));
#1153=IFCFACEOUTERBOUND(#1152,.T.);
#1154=IFCFACE((#1153));
#1155=IFCPOLYLOOP((#649,#648,#712,#711));
#1156=IFCFACEOUTERBOUND(#1155,.T.);
#1157=IFCFACE((#1156));
#1158=IFCPOLYLOOP((#710,#650,#649,#711));
#1159=IFCFACEOUTERBOUND(#1158,.T.);
#1160=IFCFACE((#1159));
#1161=IFCPOLYLOOP((#712,#648,#647,#713));
#1162=IFCFACEOUTERBOUND(#1161,.T.);
#1163=IFCFACE((#1162));
#1164=IFCPOLYLOOP((#650,#710,#709,#651));
#1165=IFCFACEOUTERBOUND(#1164,.T.);
#1166=IFCFACE((#1165));
#1167=IFCPOLYLOOP((#708,#652,#651,#709));
#1168=IFCFACEOUTERBOUND(#1167,.T.);
#1169=IFCFACE((#1168));
#1170=IFCPOLYLOOP((#653,#652,#708,#707));
#1171=IFCFACEOUTERBOUND(#1170,.T.);
#1172=IFCFACE((#1171));
#1173=IFCPOLYLOOP((#654,#653,#707,#706));
#1174=IFCFACEOUTERBOUND(#1173,.T.);
#1175=IFCFACE((#1174));
#1176=IFCPOLYLOOP((#658,#657,#703,#702));
#1177=IFCFACEOUTERBOUND(#1176,.T.);
#1178=IFCFACE((#1177));
#1179=IFCPOLYLOOP((#657,#656,#704,#703));
#1180=IFCFACEOUTERBOUND(#1179,.T.);
#1181=IFCFACE((#1180));
#1182=IFCPOLYLOOP((#702,#701,#659,#658));
#1183=IFCFACEOUTERBOUND(#1182,.T.);
#1184=IFCFACE((#1183));
#1185=IFCPOLYLOOP((#706,#705,#655,#654));
#1186=IFCFACEOUTERBOUND(#1185,.T.);
#1187=IFCFACE((#1186));
#1188=IFCPOLYLOOP((#705,#704,#656,#655));
#1189=IFCFACEOUTERBOUND(#1188,.T.);
#1190=IFCFACE((#1189));
#1191=IFCPOLYLOOP((#659,#701,#728,#660));
#1192=IFCFACEOUTERBOUND(#1191,.T.);
#1193=IFCFACE((#1192));
#1194=IFCPOLYLOOP((#660,#728,#727,#661));
#1195=IFCFACEOUTERBOUND(#1194,.T.);
#1196=IFCFACE((#1195));
#1197=IFCPOLYLOOP((#663,#662,#726,#725));
#1198=IFCFACEOUTERBOUND(#1197,.T.);
#1199=IFCFACE((#1198));
#1200=IFCPOLYLOOP((#724,#664,#663,#725));
#1201=IFCFACEOUTERBOUND(#1200,.T.);
#1202=IFCFACE((#1201));
#1203=IFCPOLYLOOP((#726,#662,#661,#727));
#1204=IFCFACEOUTERBOUND(#1203,.T.);
#1205=IFCFACE((#1204));
#1206=IFCPOLYLOOP((#664,#724,#723,#665));
#1207=IFCFACEOUTERBOUND(#1206,.T.);
#1208=IFCFACE((#1207));
#1209=IFCPOLYLOOP((#722,#666,#665,#723));
#1210=IFCFACEOUTERBOUND(#1209,.T.);
#1211=IFCFACE((#1210));
#1212=IFCPOLYLOOP((#669,#668,#720,#719));
#1213=IFCFACEOUTERBOUND(#1212,.T.);
#1214=IFCFACE((#1213));
#1215=IFCPOLYLOOP((#717,#716,#672,#671));
#1216=IFCFACEOUTERBOUND(#1215,.T.);
#1217=IFCFACE((#1216));
#1218=IFCPOLYLOOP((#671,#670,#718,#717));
#1219=IFCFACEOUTERBOUND(#1218,.T.);
#1220=IFCFACE((#1219));
#1221=IFCPOLYLOOP((#670,#669,#719,#718));
#1222=IFCFACEOUTERBOUND(#1221,.T.);
#1223=IFCFACE((#1222));
#1224=IFCPOLYLOOP((#645,#672,#716,#715));
#1225=IFCFACEOUTERBOUND(#1224,.T.);
#1226=IFCFACE((#1225));
#1227=IFCPOLYLOOP((#667,#666,#722,#721));
#1228=IFCFACEOUTERBOUND(#1227,.T.);
#1229=IFCFACE((#1228));
#1230=IFCPOLYLOOP((#720,#668,#667,#721));
#1231=IFCFACEOUTERBOUND(#1230,.T.);
#1232=IFCFACE((#1231));
#1233=IFCCARTESIANPOINT((410.54051011609801,23.733665275766601,582.));
#1234=IFCCARTESIANPOINT((395.,30.,582.));
#1235=IFCCARTESIANPOINT((410.54051011609801,30.,582.));
#1236=IFCPOLYLOOP((#1233,#1234,#1235));
#1237=IFCFACEOUTERBOUND(#1236,.T.);
#1238=IFCFACE((#1237));
#1239=IFCCARTESIANPOINT((424.25231148145468,18.204713112316465,574.07603452186333));
#1240=IFCCARTESIANPOINT((424.25231148145468,18.204713112316465,565.));
#1241=IFCCARTESIANPOINT((407.23974329964693,25.064619637238874,565.));
#1242=IFCCARTESIANPOINT((400.,27.983870967745425,552.47219150119508));
#1243=IFCCARTESIANPOINT((400.,27.983870967745474,507.47219150119503));
#1244=IFCCARTESIANPOINT((408.,24.758064516132656,492.42053473961789));
#1245=IFCCARTESIANPOINT((408.,24.758064516132809,263.02822985496545));
#1246=IFCCARTESIANPOINT((457.,5.,204.6323038178376));
#1247=IFCCARTESIANPOINT((457.,5.,84.632303817837538));
#1248=IFCCARTESIANPOINT((449.49999999999932,8.0241935483874158,71.64192276107093));
#1249=IFCCARTESIANPOINT((395.,30.,51.805544993559288));
#1250=IFCCARTESIANPOINT((395.,30.,62.44732271831851));
#1251=IFCCARTESIANPOINT((447.,9.0322580645164159,81.373774900164534));
#1252=IFCCARTESIANPOINT((447.,9.0322580645164159,200.99260147517546));
#1253=IFCCARTESIANPOINT((395.,30.,262.9637882900862));
#1254=IFCPOLYLOOP((#1234,#1233,#1239,#1240,#1241,#1242,#1243,#1244,#1245,#1246,#1247,#1248,#1249,#1250,#1251,#1252,#1253));
#1255=IFCFACEOUTERBOUND(#1254,.T.);
#1256=IFCFACE((#1255));
#1257=IFCCARTESIANPOINT((410.54051011609801,-73.733665275777739,582.));
#1258=IFCCARTESIANPOINT((395.,-80.,582.));
#1259=IFCCARTESIANPOINT((395.,-80.,51.805544993561014));
#1260=IFCCARTESIANPOINT((449.49999999999926,-58.024193548398763,71.641922761070902));
#1261=IFCCARTESIANPOINT((457.,-55.,84.632303817837538));
#1262=IFCCARTESIANPOINT((457.,-55.,204.6323038178376));
#1263=IFCCARTESIANPOINT((408.,-74.758064516143961,263.02822985496539));
#1264=IFCCARTESIANPOINT((408.,-74.758064516143776,492.42053473961784));
#1265=IFCCARTESIANPOINT((400.,-77.983870967756573,507.47219150119503));
#1266=IFCCARTESIANPOINT((400.,-77.983870967756488,552.47219150119508));
#1267=IFCCARTESIANPOINT((407.23974329964693,-75.064619637249905,565.));
#1268=IFCCARTESIANPOINT((424.25231148145468,-68.20471311232771,565.));
#1269=IFCCARTESIANPOINT((424.25231148145474,-68.204713112327667,574.07603452186333));
#1270=IFCPOLYLOOP((#1257,#1258,#1259,#1260,#1261,#1262,#1263,#1264,#1265,#1266,#1267,#1268,#1269));
#1271=IFCFACEOUTERBOUND(#1270,.T.);
#1272=IFCFACE((#1271));
#1273=IFCCARTESIANPOINT((395.,30.,590.98076499149124));
#1274=IFCPOLYLOOP((#1273,#1235,#1234));
#1275=IFCFACEOUTERBOUND(#1274,.T.);
#1276=IFCFACE((#1275));
#1277=IFCCARTESIANPOINT((395.,-80.,590.98076499149124));
#1278=IFCCARTESIANPOINT((410.54051011609801,-80.,582.));
#1279=IFCPOLYLOOP((#1277,#1258,#1278));
#1280=IFCFACEOUTERBOUND(#1279,.T.);
#1281=IFCFACE((#1280));
#1282=IFCCARTESIANPOINT((395.,-50.,262.96378829007102));
#1283=IFCCARTESIANPOINT((447.,-50.,200.99260147517546));
#1284=IFCCARTESIANPOINT((447.,-50.,81.373774900164562));
#1285=IFCCARTESIANPOINT((395.,-50.,62.447322718323178));
#1286=IFCPOLYLOOP((#1282,#1283,#1284,#1285));
#1287=IFCFACEOUTERBOUND(#1286,.T.);
#1288=IFCFACE((#1287));
#1289=IFCPOLYLOOP((#1277,#1273,#1234,#1253,#1282,#1285,#1250,#1249,#1259,#1258));
#1290=IFCFACEOUTERBOUND(#1289,.T.);
#1291=IFCFACE((#1290));
#1292=IFCPOLYLOOP((#1259,#1249,#1248,#1260));
#1293=IFCFACEOUTERBOUND(#1292,.T.);
#1294=IFCFACE((#1293));
#1295=IFCPOLYLOOP((#1260,#1248,#1247,#1261));
#1296=IFCFACEOUTERBOUND(#1295,.T.);
#1297=IFCFACE((#1296));
#1298=IFCPOLYLOOP((#1261,#1247,#1246,#1262));
#1299=IFCFACEOUTERBOUND(#1298,.T.);
#1300=IFCFACE((#1299));
#1301=IFCPOLYLOOP((#1262,#1246,#1245,#1263));
#1302=IFCFACEOUTERBOUND(#1301,.T.);
#1303=IFCFACE((#1302));
#1304=IFCPOLYLOOP((#1263,#1245,#1244,#1264));
#1305=IFCFACEOUTERBOUND(#1304,.T.);
#1306=IFCFACE((#1305));
#1307=IFCPOLYLOOP((#1264,#1244,#1243,#1265));
#1308=IFCFACEOUTERBOUND(#1307,.T.);
#1309=IFCFACE((#1308));
#1310=IFCPOLYLOOP((#1265,#1243,#1242,#1266));
#1311=IFCFACEOUTERBOUND(#1310,.T.);
#1312=IFCFACE((#1311));
#1313=IFCPOLYLOOP((#1266,#1242,#1241,#1267));
#1314=IFCFACEOUTERBOUND(#1313,.T.);
#1315=IFCFACE((#1314));
#1316=IFCPOLYLOOP((#1267,#1241,#1240,#1268));
#1317=IFCFACEOUTERBOUND(#1316,.T.);
#1318=IFCFACE((#1317));
#1319=IFCPOLYLOOP((#1268,#1240,#1239,#1269));
#1320=IFCFACEOUTERBOUND(#1319,.T.);
#1321=IFCFACE((#1320));
#1322=IFCPOLYLOOP((#1273,#1277,#1278,#1257,#1269,#1239,#1233,#1235));
#1323=IFCFACEOUTERBOUND(#1322,.T.);
#1324=IFCFACE((#1323));
#1325=IFCPOLYLOOP((#1285,#1284,#1251,#1250));
#1326=IFCFACEOUTERBOUND(#1325,.T.);
#1327=IFCFACE((#1326));
#1328=IFCPOLYLOOP((#1284,#1283,#1252,#1251));
#1329=IFCFACEOUTERBOUND(#1328,.T.);
#1330=IFCFACE((#1329));
#1331=IFCPOLYLOOP((#1283,#1282,#1253,#1252));
#1332=IFCFACEOUTERBOUND(#1331,.T.);
#1333=IFCFACE((#1332));
#1334=IFCPOLYLOOP((#1258,#1257,#1278));
#1335=IFCFACEOUTERBOUND(#1334,.T.);
#1336=IFCFACE((#1335));
#1337=IFCCARTESIANPOINT((375.,145.,620.));
#1338=IFCCARTESIANPOINT((-375.,145.,620.));
#1339=IFCCARTESIANPOINT((-380.17638090204844,144.31851652575264,620.));
#1340=IFCCARTESIANPOINT((-385.,142.32050807566009,620.));
#1341=IFCCARTESIANPOINT((-389.14213562372902,139.14213562370233,620.));
#1342=IFCCARTESIANPOINT((-392.32050807568692,135.,620.));
#1343=IFCCARTESIANPOINT((-394.3185165257795,130.17638090202189,620.));
#1344=IFCCARTESIANPOINT((-395.,125.,620.));
#1345=IFCCARTESIANPOINT((-395.,-125.,620.));
#1346=IFCCARTESIANPOINT((-394.3185165257795,-130.17638090208536,620.));
#1347=IFCCARTESIANPOINT((-392.32050807568697,-135.,620.));
#1348=IFCCARTESIANPOINT((-389.14213562372908,-139.1421356237658,620.));
#1349=IFCCARTESIANPOINT((-385.,-142.32050807572364,620.));
#1350=IFCCARTESIANPOINT((-380.17638090204861,-144.31851652581619,620.));
#1351=IFCCARTESIANPOINT((-375.,-145.,620.));
#1352=IFCCARTESIANPOINT((375.,-145.,620.));
#1353=IFCCARTESIANPOINT((380.17638090204031,-144.3185165258005,620.));
#1354=IFCCARTESIANPOINT((385.,-142.32050807570789,620.));
#1355=IFCCARTESIANPOINT((389.14213562372083,-139.14213562375008,620.));
#1356=IFCCARTESIANPOINT((392.32050807567879,-135.,620.));
#1357=IFCCARTESIANPOINT((394.31851652577126,-130.17638090206955,620.));
#1358=IFCCARTESIANPOINT((395.,-125.,620.));
#1359=IFCCARTESIANPOINT((395.,125.,620.));
#1360=IFCCARTESIANPOINT((394.31851652578712,130.17638090202152,620.));
#1361=IFCCARTESIANPOINT((392.32050807569448,135.,620.));
#1362=IFCCARTESIANPOINT((389.14213562373664,139.14213562370207,620.));
#1363=IFCCARTESIANPOINT((385.,142.32050807565994,620.));
#1364=IFCCARTESIANPOINT((380.17638090205617,144.31851652575256,620.));
#1365=IFCCARTESIANPOINT((375.,145.,20.));
#1366=IFCCARTESIANPOINT((380.17638090205617,144.31851652575256,20.));
#1367=IFCCARTESIANPOINT((385.,142.32050807565994,20.));
#1368=IFCCARTESIANPOINT((389.14213562373664,139.14213562370207,20.));
#1369=IFCCARTESIANPOINT((392.32050807569448,135.,20.));
#1370=IFCCARTESIANPOINT((394.31851652578712,130.17638090202152,20.));
#1371=IFCCARTESIANPOINT((395.,125.,20.));
#1372=IFCCARTESIANPOINT((395.,-125.,20.));
#1373=IFCCARTESIANPOINT((394.31851652577126,-130.17638090206955,20.));
#1374=IFCCARTESIANPOINT((392.32050807567879,-135.,20.));
#1375=IFCCARTESIANPOINT((389.14213562372083,-139.14213562375008,20.));
#1376=IFCCARTESIANPOINT((385.,-142.32050807570789,20.));
#1377=IFCCARTESIANPOINT((380.17638090204031,-144.3185165258005,20.));
#1378=IFCCARTESIANPOINT((375.,-145.,20.));
#1379=IFCCARTESIANPOINT((-375.,-145.,20.));
#1380=IFCCARTESIANPOINT((-380.17638090204861,-144.31851652581619,20.));
#1381=IFCCARTESIANPOINT((-385.,-142.32050807572364,20.));
#1382=IFCCARTESIANPOINT((-389.14213562372908,-139.1421356237658,20.));
#1383=IFCCARTESIANPOINT((-392.32050807568697,-135.,20.));
#1384=IFCCARTESIANPOINT((-394.3185165257795,-130.17638090208536,20.));
#1385=IFCCARTESIANPOINT((-395.,-125.,20.));
#1386=IFCCARTESIANPOINT((-395.,125.,20.));
#1387=IFCCARTESIANPOINT((-394.3185165257795,130.17638090202189,20.));
#1388=IFCCARTESIANPOINT((-392.32050807568692,135.,20.));
#1389=IFCCARTESIANPOINT((-389.14213562372902,139.14213562370233,20.));
#1390=IFCCARTESIANPOINT((-385.,142.32050807566009,20.));
#1391=IFCCARTESIANPOINT((-380.17638090204844,144.31851652575264,20.));
#1392=IFCCARTESIANPOINT((-375.,145.,20.));
#1393=IFCCARTESIANPOINT((-375.,145.,332.30759089278047));
#1394=IFCCARTESIANPOINT((-395.,125.,307.6921736957097));
#1395=IFCCARTESIANPOINT((-390.86706682919618,137.17522854968502,320.00000023199391));
#1396=IFCCARTESIANPOINT((-382.65366864985396,143.47759064913907,249.05246845064121));
#1397=IFCCARTESIANPOINT((-387.17522860366637,140.86706678776855,441.5414840175718));
#1398=IFCCARTESIANPOINT((-393.47759065083278,132.65366864580304,198.45851559841864));
#1399=IFCCARTESIANPOINT((-393.47759065788591,132.65366862877528,441.5414841523899));
#1400=IFCCARTESIANPOINT((-375.,145.,176.15379544638938));
#1401=IFCCARTESIANPOINT((-387.17522858227687,140.86706680418126,171.79959304020309));
#1402=IFCCARTESIANPOINT((-375.,145.,463.84626220931619));
#1403=IFCCARTESIANPOINT((-380.23615503761658,144.30240089783945,398.07688548216521));
#1404=IFCCARTESIANPOINT((-390.86706681733222,137.1752285651464,482.93018502087182));
#1405=IFCCARTESIANPOINT((-395.,125.,163.84631405947505));
#1406=IFCCARTESIANPOINT((-395.,125.,463.84608684785479));
#1407=IFCCARTESIANPOINT((-390.86706680704634,137.17522857855121,152.142074101828));
#1408=IFCCARTESIANPOINT((-382.65366866884165,143.47759064127413,509.63775838635337));
#1409=IFCCARTESIANPOINT((-394.6701893861196,128.61713277526664,235.76934352172151));
#1410=IFCCARTESIANPOINT((-394.58424970683427,129.05674295710935,366.91315963539324));
#1411=IFCCARTESIANPOINT((-393.42982326846641,132.76798650182783,319.99999990238314));
#1412=IFCCARTESIANPOINT((-394.59369938603976,129.01085332182609,485.22351626057952));
#1413=IFCCARTESIANPOINT((-394.66841656631618,128.62676023105743,123.02570065601813));
#1414=IFCCARTESIANPOINT((-378.7413475542337,144.64694170799328,510.02566810334298));
#1415=IFCCARTESIANPOINT((-383.98216260677799,142.86954825686254,401.73500526117311));
#1416=IFCCARTESIANPOINT((-386.8334554998853,141.12356446110053,306.67053862620969));
#1417=IFCCARTESIANPOINT((-382.65366865022384,143.47759064898585,122.10178123395885));
#1418=IFCCARTESIANPOINT((-379.19761528250859,144.55453977824357,185.57712500585291));
#1419=IFCCARTESIANPOINT((-379.40558717665868,144.50873654616623,293.16972734265192));
#1420=IFCCARTESIANPOINT((-395.,-125.,332.30774675858288));
#1421=IFCCARTESIANPOINT((-375.,-145.,307.69116858579838));
#1422=IFCCARTESIANPOINT((-387.17522856721672,-140.86706681580091,320.00000008227988));
#1423=IFCCARTESIANPOINT((-393.47759064991135,-132.65366864809127,249.05246788914383));
#1424=IFCCARTESIANPOINT((-390.8670667985723,-137.17522858965842,441.54148399622352));
#1425=IFCCARTESIANPOINT((-382.65366864669562,-143.4775906505109,198.45851579259917));
#1426=IFCCARTESIANPOINT((-382.65366863893428,-143.47759065372577,441.5414840752606));
#1427=IFCCARTESIANPOINT((-395.,-125.,176.15387337929056));
#1428=IFCCARTESIANPOINT((-390.86706680527254,-137.17522858092644,171.79959270633424));
#1429=IFCCARTESIANPOINT((-395.,-125.,463.84651987714625));
#1430=IFCCARTESIANPOINT((-394.30240089653159,-130.23615504257376,398.07688538949731));
#1431=IFCCARTESIANPOINT((-387.17522857374388,-140.86706681079249,482.93018504437839));
#1432=IFCCARTESIANPOINT((-375.,-145.,163.84558429289828));
#1433=IFCCARTESIANPOINT((-375.,-145.,463.8455842928991));
#1434=IFCCARTESIANPOINT((-387.17522857956999,-140.86706680632193,152.14207381351105));
#1435=IFCCARTESIANPOINT((-393.47759064683953,-132.65366865550735,509.63775863399883));
#1436=IFCCARTESIANPOINT((-378.6171327747528,-144.67018938625571,235.76934376855451));
#1437=IFCCARTESIANPOINT((-379.05674296523466,-144.5842497051934,366.91315974590134));
#1438=IFCCARTESIANPOINT((-382.76798651173198,-143.42982326433997,319.99999994365476));
#1439=IFCCARTESIANPOINT((-379.010853328292,-144.59369938475834,485.22351637138604));
#1440=IFCCARTESIANPOINT((-378.62676024080673,-144.66841656456006,123.02570085736662));
#1441=IFCCARTESIANPOINT((-394.6469417092863,-128.74134754762215,510.02566832136216));
#1442=IFCCARTESIANPOINT((-392.86954826377496,-133.98216259311641,401.73500643246427));
#1443=IFCCARTESIANPOINT((-391.12356449135382,-136.83345545873732,306.67053838341457));
#1444=IFCCARTESIANPOINT((-393.47759064986099,-132.65366864821291,122.10178100625416));
#1445=IFCCARTESIANPOINT((-394.55453977950179,-129.19761527680942,185.57712449502537));
#1446=IFCCARTESIANPOINT((-394.50873654939818,-129.40558716250317,293.16972703528677));
#1447=IFCCARTESIANPOINT((375.,-145.,332.30715955328452));
#1448=IFCCARTESIANPOINT((395.,-125.,307.69368295589891));
#1449=IFCCARTESIANPOINT((390.86706681118818,-137.17522857319057,320.00000004083427));
#1450=IFCCARTESIANPOINT((382.65366864764815,-143.4775906500972,249.05246763214654));
#1451=IFCCARTESIANPOINT((387.17522858509875,-140.86706680205754,441.54148402889172));
#1452=IFCCARTESIANPOINT((393.47759065035126,-132.65366864699362,198.45851584581916));
#1453=IFCCARTESIANPOINT((393.47759065215348,-132.65366864264263,441.54148407543664));
#1454=IFCCARTESIANPOINT((375.,-145.,176.15444550255253));
#1455=IFCCARTESIANPOINT((387.17522858052183,-140.86706680556946,171.79959254555496));
#1456=IFCCARTESIANPOINT((375.,-145.,463.84555449744562));
#1457=IFCCARTESIANPOINT((380.23615504624672,-144.302400895544,398.07688535221814));
#1458=IFCCARTESIANPOINT((390.86706680848675,-137.17522857671113,482.9301851075092));
#1459=IFCCARTESIANPOINT((395.,-125.,163.84518606806907));
#1460=IFCCARTESIANPOINT((395.,-125.,463.84518606806995));
#1461=IFCCARTESIANPOINT((390.8670668060555,-137.17522857987956,152.14207367805432));
#1462=IFCCARTESIANPOINT((382.6536686513976,-143.47759064854415,509.63775872276165));
#1463=IFCCARTESIANPOINT((394.67018938623056,-128.6171327746662,235.76934391712385));
#1464=IFCCARTESIANPOINT((394.58424970440279,-129.05674296885599,366.91315980775602));
#1465=IFCCARTESIANPOINT((393.42982326187382,-132.76798651749726,319.99999996547933));
#1466=IFCCARTESIANPOINT((394.59369938424499,-129.01085333060141,485.22351638694738));
#1467=IFCCARTESIANPOINT((394.66841656358952,-128.62676024584766,123.02570097302052));
#1468=IFCCARTESIANPOINT((378.74134754538721,-144.64694170972422,510.02566847206731));
#1469=IFCCARTESIANPOINT((383.98216258950879,-142.86954826558667,401.73500691039436));
#1470=IFCCARTESIANPOINT((386.83345544633994,-141.12356450044049,306.67053830276956));
#1471=IFCCARTESIANPOINT((382.65366864770698,-143.47759065007284,122.10178089751471));
#1472=IFCCARTESIANPOINT((379.19761527548013,-144.55453977979843,185.57712428694504));
#1473=IFCCARTESIANPOINT((379.40558715665651,-144.50873655072928,293.16972693181441));
#1474=IFCCARTESIANPOINT((395.,125.,332.30969720199221));
#1475=IFCCARTESIANPOINT((375.,145.,307.69245865602079));
#1476=IFCCARTESIANPOINT((387.17522857582514,140.86706680913758,320.00000002415169));
#1477=IFCCARTESIANPOINT((393.47759065014571,132.6536686474798,249.0524674861432));
#1478=IFCCARTESIANPOINT((390.86706680352546,137.17522858314942,441.54148405564791));
#1479=IFCCARTESIANPOINT((382.65366864710273,143.47759065028174,198.45851586261122));
#1480=IFCCARTESIANPOINT((382.65366864433713,143.47759065142731,441.54148408563583));
#1481=IFCCARTESIANPOINT((395.,125.,176.15484860099522));
#1482=IFCCARTESIANPOINT((390.86706680566658,137.17522858035909,171.79959245296729));
#1483=IFCCARTESIANPOINT((395.,125.,463.8482177079336));
#1484=IFCCARTESIANPOINT((394.30240089490906,130.23615504851887,398.07688532470723));
#1485=IFCCARTESIANPOINT((387.17522857801259,140.86706680745908,482.93018515551722));
#1486=IFCCARTESIANPOINT((375.,145.,163.84622932800951));
#1487=IFCCARTESIANPOINT((375.,145.,463.84622932801034));
#1488=IFCCARTESIANPOINT((387.17522857998796,140.86706680594332,152.14207360018003));
#1489=IFCCARTESIANPOINT((393.47759064922008,132.65366864971455,509.63775875996498));
#1490=IFCCARTESIANPOINT((378.6171327746419,144.67018938621385,235.76934401377659));
#1491=IFCCARTESIANPOINT((379.05674297080355,144.5842497039778,366.91315984597088));
#1492=IFCCARTESIANPOINT((382.76798652107777,143.42982326034033,319.99999997699678));
#1493=IFCCARTESIANPOINT((379.0108533316394,144.59369938401105,485.22351638329491));
#1494=IFCCARTESIANPOINT((378.62676024888077,144.66841656300903,123.02570104678948));
#1495=IFCCARTESIANPOINT((394.64694170988514,128.74134754445257,510.02566855923163));
#1496=IFCCARTESIANPOINT((392.86954826620882,133.98216258822558,401.73500714635151));
#1497=IFCCARTESIANPOINT((391.12356450403934,136.83345544139939,306.67053826339446));
#1498=IFCCARTESIANPOINT((393.47759065013145,132.65366864751428,122.10178083459719));
#1499=IFCCARTESIANPOINT((394.5545397798856,129.19761527499273,185.57712417312837));
#1500=IFCCARTESIANPOINT((394.50873655139799,129.40558715361718,293.16972687477084));
#1501=IFCPOLYLOOP((#1359,#1360,#1361,#1362,#1363,#1364,#1337,#1338,#1339,#1340,#1341,#1342,#1343,#1344,#1345,#1346,#1347,#1348,#1349,#1350,#1351,#1352,#1353,#1354,#1355,#1356,#1357,#1358));
#1502=IFCFACEOUTERBOUND(#1501,.T.);
#1503=IFCFACE((#1502));
#1504=IFCPOLYLOOP((#1386,#1387,#1388,#1389,#1390,#1391,#1392,#1365,#1366,#1367,#1368,#1369,#1370,#1371,#1372,#1373,#1374,#1375,#1376,#1377,#1378,#1379,#1380,#1381,#1382,#1383,#1384,#1385));
#1505=IFCFACEOUTERBOUND(#1504,.T.);
#1506=IFCFACE((#1505));
#1507=IFCPOLYLOOP((#1337,#1487,#1475,#1486,#1365,#1392,#1400,#1393,#1402,#1338));
#1508=IFCFACEOUTERBOUND(#1507,.T.);
#1509=IFCFACE((#1508));
#1510=IFCPOLYLOOP((#1344,#1406,#1394,#1405,#1386,#1385,#1427,#1420,#1429,#1345));
#1511=IFCFACEOUTERBOUND(#1510,.T.);
#1512=IFCFACE((#1511));
#1513=IFCPOLYLOOP((#1351,#1433,#1421,#1432,#1379,#1378,#1454,#1447,#1456,#1352));
#1514=IFCFACEOUTERBOUND(#1513,.T.);
#1515=IFCFACE((#1514));
#1516=IFCPOLYLOOP((#1358,#1460,#1448,#1459,#1372,#1371,#1481,#1474,#1483,#1359));
#1517=IFCFACEOUTERBOUND(#1516,.T.);
#1518=IFCFACE((#1517));
#1519=IFCPOLYLOOP((#1418,#1391,#1417));
#1520=IFCFACEOUTERBOUND(#1519,.T.);
#1521=IFCFACE((#1520));
#1522=IFCPOLYLOOP((#1389,#1388,#1407));
#1523=IFCFACEOUTERBOUND(#1522,.T.);
#1524=IFCFACE((#1523));
#1525=IFCPOLYLOOP((#1412,#1399,#1410));
#1526=IFCFACEOUTERBOUND(#1525,.T.);
#1527=IFCFACE((#1526));
#1528=IFCPOLYLOOP((#1389,#1407,#1401));
#1529=IFCFACEOUTERBOUND(#1528,.T.);
#1530=IFCFACE((#1529));
#1531=IFCPOLYLOOP((#1341,#1340,#1397));
#1532=IFCFACEOUTERBOUND(#1531,.T.);
#1533=IFCFACE((#1532));
#1534=IFCPOLYLOOP((#1400,#1418,#1419));
#1535=IFCFACEOUTERBOUND(#1534,.T.);
#1536=IFCFACE((#1535));
#1537=IFCPOLYLOOP((#1404,#1342,#1341));
#1538=IFCFACEOUTERBOUND(#1537,.T.);
#1539=IFCFACE((#1538));
#1540=IFCPOLYLOOP((#1405,#1413,#1386));
#1541=IFCFACEOUTERBOUND(#1540,.T.);
#1542=IFCFACE((#1541));
#1543=IFCPOLYLOOP((#1402,#1393,#1403));
#1544=IFCFACEOUTERBOUND(#1543,.T.);
#1545=IFCFACE((#1544));
#1546=IFCPOLYLOOP((#1391,#1390,#1417));
#1547=IFCFACEOUTERBOUND(#1546,.T.);
#1548=IFCFACE((#1547));
#1549=IFCPOLYLOOP((#1418,#1396,#1419));
#1550=IFCFACEOUTERBOUND(#1549,.T.);
#1551=IFCFACE((#1550));
#1552=IFCPOLYLOOP((#1391,#1418,#1392));
#1553=IFCFACEOUTERBOUND(#1552,.T.);
#1554=IFCFACE((#1553));
#1555=IFCPOLYLOOP((#1395,#1401,#1407));
#1556=IFCFACEOUTERBOUND(#1555,.T.);
#1557=IFCFACE((#1556));
#1558=IFCPOLYLOOP((#1395,#1404,#1397));
#1559=IFCFACEOUTERBOUND(#1558,.T.);
#1560=IFCFACE((#1559));
#1561=IFCPOLYLOOP((#1410,#1411,#1409));
#1562=IFCFACEOUTERBOUND(#1561,.T.);
#1563=IFCFACE((#1562));
#1564=IFCPOLYLOOP((#1405,#1409,#1413));
#1565=IFCFACEOUTERBOUND(#1564,.T.);
#1566=IFCFACE((#1565));
#1567=IFCPOLYLOOP((#1406,#1412,#1410));
#1568=IFCFACEOUTERBOUND(#1567,.T.);
#1569=IFCFACE((#1568));
#1570=IFCPOLYLOOP((#1401,#1390,#1389));
#1571=IFCFACEOUTERBOUND(#1570,.T.);
#1572=IFCFACE((#1571));
#1573=IFCPOLYLOOP((#1396,#1417,#1401));
#1574=IFCFACEOUTERBOUND(#1573,.T.);
#1575=IFCFACE((#1574));
#1576=IFCPOLYLOOP((#1340,#1339,#1408));
#1577=IFCFACEOUTERBOUND(#1576,.T.);
#1578=IFCFACE((#1577));
#1579=IFCPOLYLOOP((#1404,#1341,#1397));
#1580=IFCFACEOUTERBOUND(#1579,.T.);
#1581=IFCFACE((#1580));
#1582=IFCPOLYLOOP((#1343,#1342,#1399));
#1583=IFCFACEOUTERBOUND(#1582,.T.);
#1584=IFCFACE((#1583));
#1585=IFCPOLYLOOP((#1404,#1395,#1399));
#1586=IFCFACEOUTERBOUND(#1585,.T.);
#1587=IFCFACE((#1586));
#1588=IFCPOLYLOOP((#1395,#1407,#1398));
#1589=IFCFACEOUTERBOUND(#1588,.T.);
#1590=IFCFACE((#1589));
#1591=IFCPOLYLOOP((#1397,#1415,#1416));
#1592=IFCFACEOUTERBOUND(#1591,.T.);
#1593=IFCFACE((#1592));
#1594=IFCPOLYLOOP((#1408,#1415,#1397));
#1595=IFCFACEOUTERBOUND(#1594,.T.);
#1596=IFCFACE((#1595));
#1597=IFCPOLYLOOP((#1411,#1398,#1409));
#1598=IFCFACEOUTERBOUND(#1597,.T.);
#1599=IFCFACE((#1598));
#1600=IFCPOLYLOOP((#1388,#1387,#1398));
#1601=IFCFACEOUTERBOUND(#1600,.T.);
#1602=IFCFACE((#1601));
#1603=IFCPOLYLOOP((#1416,#1395,#1397));
#1604=IFCFACEOUTERBOUND(#1603,.T.);
#1605=IFCFACE((#1604));
#1606=IFCPOLYLOOP((#1397,#1340,#1408));
#1607=IFCFACEOUTERBOUND(#1606,.T.);
#1608=IFCFACE((#1607));
#1609=IFCPOLYLOOP((#1338,#1402,#1414));
#1610=IFCFACEOUTERBOUND(#1609,.T.);
#1611=IFCFACE((#1610));
#1612=IFCPOLYLOOP((#1403,#1408,#1414));
#1613=IFCFACEOUTERBOUND(#1612,.T.);
#1614=IFCFACE((#1613));
#1615=IFCPOLYLOOP((#1399,#1342,#1404));
#1616=IFCFACEOUTERBOUND(#1615,.T.);
#1617=IFCFACE((#1616));
#1618=IFCPOLYLOOP((#1388,#1398,#1407));
#1619=IFCFACEOUTERBOUND(#1618,.T.);
#1620=IFCFACE((#1619));
#1621=IFCPOLYLOOP((#1394,#1409,#1405));
#1622=IFCFACEOUTERBOUND(#1621,.T.);
#1623=IFCFACE((#1622));
#1624=IFCPOLYLOOP((#1343,#1412,#1344));
#1625=IFCFACEOUTERBOUND(#1624,.T.);
#1626=IFCFACE((#1625));
#1627=IFCPOLYLOOP((#1414,#1408,#1339));
#1628=IFCFACEOUTERBOUND(#1627,.T.);
#1629=IFCFACE((#1628));
#1630=IFCPOLYLOOP((#1408,#1403,#1415));
#1631=IFCFACEOUTERBOUND(#1630,.T.);
#1632=IFCFACE((#1631));
#1633=IFCPOLYLOOP((#1410,#1409,#1394));
#1634=IFCFACEOUTERBOUND(#1633,.T.);
#1635=IFCFACE((#1634));
#1636=IFCPOLYLOOP((#1413,#1398,#1387));
#1637=IFCFACEOUTERBOUND(#1636,.T.);
#1638=IFCFACE((#1637));
#1639=IFCPOLYLOOP((#1406,#1410,#1394));
#1640=IFCFACEOUTERBOUND(#1639,.T.);
#1641=IFCFACE((#1640));
#1642=IFCPOLYLOOP((#1410,#1399,#1411));
#1643=IFCFACEOUTERBOUND(#1642,.T.);
#1644=IFCFACE((#1643));
#1645=IFCPOLYLOOP((#1399,#1395,#1411));
#1646=IFCFACEOUTERBOUND(#1645,.T.);
#1647=IFCFACE((#1646));
#1648=IFCPOLYLOOP((#1395,#1398,#1411));
#1649=IFCFACEOUTERBOUND(#1648,.T.);
#1650=IFCFACE((#1649));
#1651=IFCPOLYLOOP((#1344,#1412,#1406));
#1652=IFCFACEOUTERBOUND(#1651,.T.);
#1653=IFCFACE((#1652));
#1654=IFCPOLYLOOP((#1343,#1399,#1412));
#1655=IFCFACEOUTERBOUND(#1654,.T.);
#1656=IFCFACE((#1655));
#1657=IFCPOLYLOOP((#1398,#1413,#1409));
#1658=IFCFACEOUTERBOUND(#1657,.T.);
#1659=IFCFACE((#1658));
#1660=IFCPOLYLOOP((#1386,#1413,#1387));
#1661=IFCFACEOUTERBOUND(#1660,.T.);
#1662=IFCFACE((#1661));
#1663=IFCPOLYLOOP((#1338,#1414,#1339));
#1664=IFCFACEOUTERBOUND(#1663,.T.);
#1665=IFCFACE((#1664));
#1666=IFCPOLYLOOP((#1403,#1414,#1402));
#1667=IFCFACEOUTERBOUND(#1666,.T.);
#1668=IFCFACE((#1667));
#1669=IFCPOLYLOOP((#1403,#1396,#1415));
#1670=IFCFACEOUTERBOUND(#1669,.T.);
#1671=IFCFACE((#1670));
#1672=IFCPOLYLOOP((#1416,#1396,#1401));
#1673=IFCFACEOUTERBOUND(#1672,.T.);
#1674=IFCFACE((#1673));
#1675=IFCPOLYLOOP((#1396,#1416,#1415));
#1676=IFCFACEOUTERBOUND(#1675,.T.);
#1677=IFCFACE((#1676));
#1678=IFCPOLYLOOP((#1395,#1416,#1401));
#1679=IFCFACEOUTERBOUND(#1678,.T.);
#1680=IFCFACE((#1679));
#1681=IFCPOLYLOOP((#1401,#1417,#1390));
#1682=IFCFACEOUTERBOUND(#1681,.T.);
#1683=IFCFACE((#1682));
#1684=IFCPOLYLOOP((#1418,#1417,#1396));
#1685=IFCFACEOUTERBOUND(#1684,.T.);
#1686=IFCFACE((#1685));
#1687=IFCPOLYLOOP((#1396,#1403,#1419));
#1688=IFCFACEOUTERBOUND(#1687,.T.);
#1689=IFCFACE((#1688));
#1690=IFCPOLYLOOP((#1418,#1400,#1392));
#1691=IFCFACEOUTERBOUND(#1690,.T.);
#1692=IFCFACE((#1691));
#1693=IFCPOLYLOOP((#1403,#1393,#1419));
#1694=IFCFACEOUTERBOUND(#1693,.T.);
#1695=IFCFACE((#1694));
#1696=IFCPOLYLOOP((#1400,#1419,#1393));
#1697=IFCFACEOUTERBOUND(#1696,.T.);
#1698=IFCFACE((#1697));
#1699=IFCPOLYLOOP((#1445,#1384,#1444));
#1700=IFCFACEOUTERBOUND(#1699,.T.);
#1701=IFCFACE((#1700));
#1702=IFCPOLYLOOP((#1382,#1381,#1434));
#1703=IFCFACEOUTERBOUND(#1702,.T.);
#1704=IFCFACE((#1703));
#1705=IFCPOLYLOOP((#1439,#1426,#1437));
#1706=IFCFACEOUTERBOUND(#1705,.T.);
#1707=IFCFACE((#1706));
#1708=IFCPOLYLOOP((#1382,#1434,#1428));
#1709=IFCFACEOUTERBOUND(#1708,.T.);
#1710=IFCFACE((#1709));
#1711=IFCPOLYLOOP((#1348,#1347,#1424));
#1712=IFCFACEOUTERBOUND(#1711,.T.);
#1713=IFCFACE((#1712));
#1714=IFCPOLYLOOP((#1427,#1445,#1446));
#1715=IFCFACEOUTERBOUND(#1714,.T.);
#1716=IFCFACE((#1715));
#1717=IFCPOLYLOOP((#1431,#1349,#1348));
#1718=IFCFACEOUTERBOUND(#1717,.T.);
#1719=IFCFACE((#1718));
#1720=IFCPOLYLOOP((#1432,#1440,#1379));
#1721=IFCFACEOUTERBOUND(#1720,.T.);
#1722=IFCFACE((#1721));
#1723=IFCPOLYLOOP((#1429,#1420,#1430));
#1724=IFCFACEOUTERBOUND(#1723,.T.);
#1725=IFCFACE((#1724));
#1726=IFCPOLYLOOP((#1384,#1383,#1444));
#1727=IFCFACEOUTERBOUND(#1726,.T.);
#1728=IFCFACE((#1727));
#1729=IFCPOLYLOOP((#1445,#1423,#1446));
#1730=IFCFACEOUTERBOUND(#1729,.T.);
#1731=IFCFACE((#1730));
#1732=IFCPOLYLOOP((#1384,#1445,#1385));
#1733=IFCFACEOUTERBOUND(#1732,.T.);
#1734=IFCFACE((#1733));
#1735=IFCPOLYLOOP((#1422,#1428,#1434));
#1736=IFCFACEOUTERBOUND(#1735,.T.);
#1737=IFCFACE((#1736));
#1738=IFCPOLYLOOP((#1422,#1431,#1424));
#1739=IFCFACEOUTERBOUND(#1738,.T.);
#1740=IFCFACE((#1739));
#1741=IFCPOLYLOOP((#1437,#1438,#1436));
#1742=IFCFACEOUTERBOUND(#1741,.T.);
#1743=IFCFACE((#1742));
#1744=IFCPOLYLOOP((#1432,#1436,#1440));
#1745=IFCFACEOUTERBOUND(#1744,.T.);
#1746=IFCFACE((#1745));
#1747=IFCPOLYLOOP((#1433,#1439,#1437));
#1748=IFCFACEOUTERBOUND(#1747,.T.);
#1749=IFCFACE((#1748));
#1750=IFCPOLYLOOP((#1428,#1383,#1382));
#1751=IFCFACEOUTERBOUND(#1750,.T.);
#1752=IFCFACE((#1751));
#1753=IFCPOLYLOOP((#1423,#1444,#1428));
#1754=IFCFACEOUTERBOUND(#1753,.T.);
#1755=IFCFACE((#1754));
#1756=IFCPOLYLOOP((#1347,#1346,#1435));
#1757=IFCFACEOUTERBOUND(#1756,.T.);
#1758=IFCFACE((#1757));
#1759=IFCPOLYLOOP((#1431,#1348,#1424));
#1760=IFCFACEOUTERBOUND(#1759,.T.);
#1761=IFCFACE((#1760));
#1762=IFCPOLYLOOP((#1350,#1349,#1426));
#1763=IFCFACEOUTERBOUND(#1762,.T.);
#1764=IFCFACE((#1763));
#1765=IFCPOLYLOOP((#1431,#1422,#1426));
#1766=IFCFACEOUTERBOUND(#1765,.T.);
#1767=IFCFACE((#1766));
#1768=IFCPOLYLOOP((#1422,#1434,#1425));
#1769=IFCFACEOUTERBOUND(#1768,.T.);
#1770=IFCFACE((#1769));
#1771=IFCPOLYLOOP((#1424,#1442,#1443));
#1772=IFCFACEOUTERBOUND(#1771,.T.);
#1773=IFCFACE((#1772));
#1774=IFCPOLYLOOP((#1435,#1442,#1424));
#1775=IFCFACEOUTERBOUND(#1774,.T.);
#1776=IFCFACE((#1775));
#1777=IFCPOLYLOOP((#1438,#1425,#1436));
#1778=IFCFACEOUTERBOUND(#1777,.T.);
#1779=IFCFACE((#1778));
#1780=IFCPOLYLOOP((#1381,#1380,#1425));
#1781=IFCFACEOUTERBOUND(#1780,.T.);
#1782=IFCFACE((#1781));
#1783=IFCPOLYLOOP((#1443,#1422,#1424));
#1784=IFCFACEOUTERBOUND(#1783,.T.);
#1785=IFCFACE((#1784));
#1786=IFCPOLYLOOP((#1424,#1347,#1435));
#1787=IFCFACEOUTERBOUND(#1786,.T.);
#1788=IFCFACE((#1787));
#1789=IFCPOLYLOOP((#1345,#1429,#1441));
#1790=IFCFACEOUTERBOUND(#1789,.T.);
#1791=IFCFACE((#1790));
#1792=IFCPOLYLOOP((#1430,#1435,#1441));
#1793=IFCFACEOUTERBOUND(#1792,.T.);
#1794=IFCFACE((#1793));
#1795=IFCPOLYLOOP((#1426,#1349,#1431));
#1796=IFCFACEOUTERBOUND(#1795,.T.);
#1797=IFCFACE((#1796));
#1798=IFCPOLYLOOP((#1381,#1425,#1434));
#1799=IFCFACEOUTERBOUND(#1798,.T.);
#1800=IFCFACE((#1799));
#1801=IFCPOLYLOOP((#1421,#1436,#1432));
#1802=IFCFACEOUTERBOUND(#1801,.T.);
#1803=IFCFACE((#1802));
#1804=IFCPOLYLOOP((#1350,#1439,#1351));
#1805=IFCFACEOUTERBOUND(#1804,.T.);
#1806=IFCFACE((#1805));
#1807=IFCPOLYLOOP((#1441,#1435,#1346));
#1808=IFCFACEOUTERBOUND(#1807,.T.);
#1809=IFCFACE((#1808));
#1810=IFCPOLYLOOP((#1435,#1430,#1442));
#1811=IFCFACEOUTERBOUND(#1810,.T.);
#1812=IFCFACE((#1811));
#1813=IFCPOLYLOOP((#1437,#1436,#1421));
#1814=IFCFACEOUTERBOUND(#1813,.T.);
#1815=IFCFACE((#1814));
#1816=IFCPOLYLOOP((#1440,#1425,#1380));
#1817=IFCFACEOUTERBOUND(#1816,.T.);
#1818=IFCFACE((#1817));
#1819=IFCPOLYLOOP((#1433,#1437,#1421));
#1820=IFCFACEOUTERBOUND(#1819,.T.);
#1821=IFCFACE((#1820));
#1822=IFCPOLYLOOP((#1437,#1426,#1438));
#1823=IFCFACEOUTERBOUND(#1822,.T.);
#1824=IFCFACE((#1823));
#1825=IFCPOLYLOOP((#1426,#1422,#1438));
#1826=IFCFACEOUTERBOUND(#1825,.T.);
#1827=IFCFACE((#1826));
#1828=IFCPOLYLOOP((#1422,#1425,#1438));
#1829=IFCFACEOUTERBOUND(#1828,.T.);
#1830=IFCFACE((#1829));
#1831=IFCPOLYLOOP((#1351,#1439,#1433));
#1832=IFCFACEOUTERBOUND(#1831,.T.);
#1833=IFCFACE((#1832));
#1834=IFCPOLYLOOP((#1350,#1426,#1439));
#1835=IFCFACEOUTERBOUND(#1834,.T.);
#1836=IFCFACE((#1835));
#1837=IFCPOLYLOOP((#1425,#1440,#1436));
#1838=IFCFACEOUTERBOUND(#1837,.T.);
#1839=IFCFACE((#1838));
#1840=IFCPOLYLOOP((#1379,#1440,#1380));
#1841=IFCFACEOUTERBOUND(#1840,.T.);
#1842=IFCFACE((#1841));
#1843=IFCPOLYLOOP((#1345,#1441,#1346));
#1844=IFCFACEOUTERBOUND(#1843,.T.);
#1845=IFCFACE((#1844));
#1846=IFCPOLYLOOP((#1430,#1441,#1429));
#1847=IFCFACEOUTERBOUND(#1846,.T.);
#1848=IFCFACE((#1847));
#1849=IFCPOLYLOOP((#1430,#1423,#1442));
#1850=IFCFACEOUTERBOUND(#1849,.T.);
#1851=IFCFACE((#1850));
#1852=IFCPOLYLOOP((#1443,#1423,#1428));
#1853=IFCFACEOUTERBOUND(#1852,.T.);
#1854=IFCFACE((#1853));
#1855=IFCPOLYLOOP((#1423,#1443,#1442));
#1856=IFCFACEOUTERBOUND(#1855,.T.);
#1857=IFCFACE((#1856));
#1858=IFCPOLYLOOP((#1422,#1443,#1428));
#1859=IFCFACEOUTERBOUND(#1858,.T.);
#1860=IFCFACE((#1859));
#1861=IFCPOLYLOOP((#1428,#1444,#1383));
#1862=IFCFACEOUTERBOUND(#1861,.T.);
#1863=IFCFACE((#1862));
#1864=IFCPOLYLOOP((#1445,#1444,#1423));
#1865=IFCFACEOUTERBOUND(#1864,.T.);
#1866=IFCFACE((#1865));
#1867=IFCPOLYLOOP((#1423,#1430,#1446));
#1868=IFCFACEOUTERBOUND(#1867,.T.);
#1869=IFCFACE((#1868));
#1870=IFCPOLYLOOP((#1445,#1427,#1385));
#1871=IFCFACEOUTERBOUND(#1870,.T.);
#1872=IFCFACE((#1871));
#1873=IFCPOLYLOOP((#1430,#1420,#1446));
#1874=IFCFACEOUTERBOUND(#1873,.T.);
#1875=IFCFACE((#1874));
#1876=IFCPOLYLOOP((#1427,#1446,#1420));
#1877=IFCFACEOUTERBOUND(#1876,.T.);
#1878=IFCFACE((#1877));
#1879=IFCPOLYLOOP((#1472,#1377,#1471));
#1880=IFCFACEOUTERBOUND(#1879,.T.);
#1881=IFCFACE((#1880));
#1882=IFCPOLYLOOP((#1375,#1374,#1461));
#1883=IFCFACEOUTERBOUND(#1882,.T.);
#1884=IFCFACE((#1883));
#1885=IFCPOLYLOOP((#1466,#1453,#1464));
#1886=IFCFACEOUTERBOUND(#1885,.T.);
#1887=IFCFACE((#1886));
#1888=IFCPOLYLOOP((#1375,#1461,#1455));
#1889=IFCFACEOUTERBOUND(#1888,.T.);
#1890=IFCFACE((#1889));
#1891=IFCPOLYLOOP((#1355,#1354,#1451));
#1892=IFCFACEOUTERBOUND(#1891,.T.);
#1893=IFCFACE((#1892));
#1894=IFCPOLYLOOP((#1454,#1472,#1473));
#1895=IFCFACEOUTERBOUND(#1894,.T.);
#1896=IFCFACE((#1895));
#1897=IFCPOLYLOOP((#1458,#1356,#1355));
#1898=IFCFACEOUTERBOUND(#1897,.T.);
#1899=IFCFACE((#1898));
#1900=IFCPOLYLOOP((#1459,#1467,#1372));
#1901=IFCFACEOUTERBOUND(#1900,.T.);
#1902=IFCFACE((#1901));
#1903=IFCPOLYLOOP((#1456,#1447,#1457));
#1904=IFCFACEOUTERBOUND(#1903,.T.);
#1905=IFCFACE((#1904));
#1906=IFCPOLYLOOP((#1377,#1376,#1471));
#1907=IFCFACEOUTERBOUND(#1906,.T.);
#1908=IFCFACE((#1907));
#1909=IFCPOLYLOOP((#1472,#1450,#1473));
#1910=IFCFACEOUTERBOUND(#1909,.T.);
#1911=IFCFACE((#1910));
#1912=IFCPOLYLOOP((#1377,#1472,#1378));
#1913=IFCFACEOUTERBOUND(#1912,.T.);
#1914=IFCFACE((#1913));
#1915=IFCPOLYLOOP((#1449,#1455,#1461));
#1916=IFCFACEOUTERBOUND(#1915,.T.);
#1917=IFCFACE((#1916));
#1918=IFCPOLYLOOP((#1449,#1458,#1451));
#1919=IFCFACEOUTERBOUND(#1918,.T.);
#1920=IFCFACE((#1919));
#1921=IFCPOLYLOOP((#1464,#1465,#1463));
#1922=IFCFACEOUTERBOUND(#1921,.T.);
#1923=IFCFACE((#1922));
#1924=IFCPOLYLOOP((#1459,#1463,#1467));
#1925=IFCFACEOUTERBOUND(#1924,.T.);
#1926=IFCFACE((#1925));
#1927=IFCPOLYLOOP((#1460,#1466,#1464));
#1928=IFCFACEOUTERBOUND(#1927,.T.);
#1929=IFCFACE((#1928));
#1930=IFCPOLYLOOP((#1455,#1376,#1375));
#1931=IFCFACEOUTERBOUND(#1930,.T.);
#1932=IFCFACE((#1931));
#1933=IFCPOLYLOOP((#1450,#1471,#1455));
#1934=IFCFACEOUTERBOUND(#1933,.T.);
#1935=IFCFACE((#1934));
#1936=IFCPOLYLOOP((#1354,#1353,#1462));
#1937=IFCFACEOUTERBOUND(#1936,.T.);
#1938=IFCFACE((#1937));
#1939=IFCPOLYLOOP((#1458,#1355,#1451));
#1940=IFCFACEOUTERBOUND(#1939,.T.);
#1941=IFCFACE((#1940));
#1942=IFCPOLYLOOP((#1357,#1356,#1453));
#1943=IFCFACEOUTERBOUND(#1942,.T.);
#1944=IFCFACE((#1943));
#1945=IFCPOLYLOOP((#1458,#1449,#1453));
#1946=IFCFACEOUTERBOUND(#1945,.T.);
#1947=IFCFACE((#1946));
#1948=IFCPOLYLOOP((#1449,#1461,#1452));
#1949=IFCFACEOUTERBOUND(#1948,.T.);
#1950=IFCFACE((#1949));
#1951=IFCPOLYLOOP((#1451,#1469,#1470));
#1952=IFCFACEOUTERBOUND(#1951,.T.);
#1953=IFCFACE((#1952));
#1954=IFCPOLYLOOP((#1462,#1469,#1451));
#1955=IFCFACEOUTERBOUND(#1954,.T.);
#1956=IFCFACE((#1955));
#1957=IFCPOLYLOOP((#1465,#1452,#1463));
#1958=IFCFACEOUTERBOUND(#1957,.T.);
#1959=IFCFACE((#1958));
#1960=IFCPOLYLOOP((#1374,#1373,#1452));
#1961=IFCFACEOUTERBOUND(#1960,.T.);
#1962=IFCFACE((#1961));
#1963=IFCPOLYLOOP((#1470,#1449,#1451));
#1964=IFCFACEOUTERBOUND(#1963,.T.);
#1965=IFCFACE((#1964));
#1966=IFCPOLYLOOP((#1451,#1354,#1462));
#1967=IFCFACEOUTERBOUND(#1966,.T.);
#1968=IFCFACE((#1967));
#1969=IFCPOLYLOOP((#1352,#1456,#1468));
#1970=IFCFACEOUTERBOUND(#1969,.T.);
#1971=IFCFACE((#1970));
#1972=IFCPOLYLOOP((#1457,#1462,#1468));
#1973=IFCFACEOUTERBOUND(#1972,.T.);
#1974=IFCFACE((#1973));
#1975=IFCPOLYLOOP((#1453,#1356,#1458));
#1976=IFCFACEOUTERBOUND(#1975,.T.);
#1977=IFCFACE((#1976));
#1978=IFCPOLYLOOP((#1374,#1452,#1461));
#1979=IFCFACEOUTERBOUND(#1978,.T.);
#1980=IFCFACE((#1979));
#1981=IFCPOLYLOOP((#1448,#1463,#1459));
#1982=IFCFACEOUTERBOUND(#1981,.T.);
#1983=IFCFACE((#1982));
#1984=IFCPOLYLOOP((#1357,#1466,#1358));
#1985=IFCFACEOUTERBOUND(#1984,.T.);
#1986=IFCFACE((#1985));
#1987=IFCPOLYLOOP((#1468,#1462,#1353));
#1988=IFCFACEOUTERBOUND(#1987,.T.);
#1989=IFCFACE((#1988));
#1990=IFCPOLYLOOP((#1462,#1457,#1469));
#1991=IFCFACEOUTERBOUND(#1990,.T.);
#1992=IFCFACE((#1991));
#1993=IFCPOLYLOOP((#1464,#1463,#1448));
#1994=IFCFACEOUTERBOUND(#1993,.T.);
#1995=IFCFACE((#1994));
#1996=IFCPOLYLOOP((#1467,#1452,#1373));
#1997=IFCFACEOUTERBOUND(#1996,.T.);
#1998=IFCFACE((#1997));
#1999=IFCPOLYLOOP((#1460,#1464,#1448));
#2000=IFCFACEOUTERBOUND(#1999,.T.);
#2001=IFCFACE((#2000));
#2002=IFCPOLYLOOP((#1464,#1453,#1465));
#2003=IFCFACEOUTERBOUND(#2002,.T.);
#2004=IFCFACE((#2003));
#2005=IFCPOLYLOOP((#1453,#1449,#1465));
#2006=IFCFACEOUTERBOUND(#2005,.T.);
#2007=IFCFACE((#2006));
#2008=IFCPOLYLOOP((#1449,#1452,#1465));
#2009=IFCFACEOUTERBOUND(#2008,.T.);
#2010=IFCFACE((#2009));
#2011=IFCPOLYLOOP((#1358,#1466,#1460));
#2012=IFCFACEOUTERBOUND(#2011,.T.);
#2013=IFCFACE((#2012));
#2014=IFCPOLYLOOP((#1357,#1453,#1466));
#2015=IFCFACEOUTERBOUND(#2014,.T.);
#2016=IFCFACE((#2015));
#2017=IFCPOLYLOOP((#1452,#1467,#1463));
#2018=IFCFACEOUTERBOUND(#2017,.T.);
#2019=IFCFACE((#2018));
#2020=IFCPOLYLOOP((#1372,#1467,#1373));
#2021=IFCFACEOUTERBOUND(#2020,.T.);
#2022=IFCFACE((#2021));
#2023=IFCPOLYLOOP((#1352,#1468,#1353));
#2024=IFCFACEOUTERBOUND(#2023,.T.);
#2025=IFCFACE((#2024));
#2026=IFCPOLYLOOP((#1457,#1468,#1456));
#2027=IFCFACEOUTERBOUND(#2026,.T.);
#2028=IFCFACE((#2027));
#2029=IFCPOLYLOOP((#1457,#1450,#1469));
#2030=IFCFACEOUTERBOUND(#2029,.T.);
#2031=IFCFACE((#2030));
#2032=IFCPOLYLOOP((#1470,#1450,#1455));
#2033=IFCFACEOUTERBOUND(#2032,.T.);
#2034=IFCFACE((#2033));
#2035=IFCPOLYLOOP((#1450,#1470,#1469));
#2036=IFCFACEOUTERBOUND(#2035,.T.);
#2037=IFCFACE((#2036));
#2038=IFCPOLYLOOP((#1449,#1470,#1455));
#2039=IFCFACEOUTERBOUND(#2038,.T.);
#2040=IFCFACE((#2039));
#2041=IFCPOLYLOOP((#1455,#1471,#1376));
#2042=IFCFACEOUTERBOUND(#2041,.T.);
#2043=IFCFACE((#2042));
#2044=IFCPOLYLOOP((#1472,#1471,#1450));
#2045=IFCFACEOUTERBOUND(#2044,.T.);
#2046=IFCFACE((#2045));
#2047=IFCPOLYLOOP((#1450,#1457,#1473));
#2048=IFCFACEOUTERBOUND(#2047,.T.);
#2049=IFCFACE((#2048));
#2050=IFCPOLYLOOP((#1472,#1454,#1378));
#2051=IFCFACEOUTERBOUND(#2050,.T.);
#2052=IFCFACE((#2051));
#2053=IFCPOLYLOOP((#1457,#1447,#1473));
#2054=IFCFACEOUTERBOUND(#2053,.T.);
#2055=IFCFACE((#2054));
#2056=IFCPOLYLOOP((#1454,#1473,#1447));
#2057=IFCFACEOUTERBOUND(#2056,.T.);
#2058=IFCFACE((#2057));
#2059=IFCPOLYLOOP((#1499,#1370,#1498));
#2060=IFCFACEOUTERBOUND(#2059,.T.);
#2061=IFCFACE((#2060));
#2062=IFCPOLYLOOP((#1368,#1367,#1488));
#2063=IFCFACEOUTERBOUND(#2062,.T.);
#2064=IFCFACE((#2063));
#2065=IFCPOLYLOOP((#1493,#1480,#1491));
#2066=IFCFACEOUTERBOUND(#2065,.T.);
#2067=IFCFACE((#2066));
#2068=IFCPOLYLOOP((#1368,#1488,#1482));
#2069=IFCFACEOUTERBOUND(#2068,.T.);
#2070=IFCFACE((#2069));
#2071=IFCPOLYLOOP((#1362,#1361,#1478));
#2072=IFCFACEOUTERBOUND(#2071,.T.);
#2073=IFCFACE((#2072));
#2074=IFCPOLYLOOP((#1481,#1499,#1500));
#2075=IFCFACEOUTERBOUND(#2074,.T.);
#2076=IFCFACE((#2075));
#2077=IFCPOLYLOOP((#1485,#1363,#1362));
#2078=IFCFACEOUTERBOUND(#2077,.T.);
#2079=IFCFACE((#2078));
#2080=IFCPOLYLOOP((#1486,#1494,#1365));
#2081=IFCFACEOUTERBOUND(#2080,.T.);
#2082=IFCFACE((#2081));
#2083=IFCPOLYLOOP((#1483,#1474,#1484));
#2084=IFCFACEOUTERBOUND(#2083,.T.);
#2085=IFCFACE((#2084));
#2086=IFCPOLYLOOP((#1370,#1369,#1498));
#2087=IFCFACEOUTERBOUND(#2086,.T.);
#2088=IFCFACE((#2087));
#2089=IFCPOLYLOOP((#1499,#1477,#1500));
#2090=IFCFACEOUTERBOUND(#2089,.T.);
#2091=IFCFACE((#2090));
#2092=IFCPOLYLOOP((#1370,#1499,#1371));
#2093=IFCFACEOUTERBOUND(#2092,.T.);
#2094=IFCFACE((#2093));
#2095=IFCPOLYLOOP((#1476,#1482,#1488));
#2096=IFCFACEOUTERBOUND(#2095,.T.);
#2097=IFCFACE((#2096));
#2098=IFCPOLYLOOP((#1476,#1485,#1478));
#2099=IFCFACEOUTERBOUND(#2098,.T.);
#2100=IFCFACE((#2099));
#2101=IFCPOLYLOOP((#1491,#1492,#1490));
#2102=IFCFACEOUTERBOUND(#2101,.T.);
#2103=IFCFACE((#2102));
#2104=IFCPOLYLOOP((#1486,#1490,#1494));
#2105=IFCFACEOUTERBOUND(#2104,.T.);
#2106=IFCFACE((#2105));
#2107=IFCPOLYLOOP((#1487,#1493,#1491));
#2108=IFCFACEOUTERBOUND(#2107,.T.);
#2109=IFCFACE((#2108));
#2110=IFCPOLYLOOP((#1482,#1369,#1368));
#2111=IFCFACEOUTERBOUND(#2110,.T.);
#2112=IFCFACE((#2111));
#2113=IFCPOLYLOOP((#1477,#1498,#1482));
#2114=IFCFACEOUTERBOUND(#2113,.T.);
#2115=IFCFACE((#2114));
#2116=IFCPOLYLOOP((#1361,#1360,#1489));
#2117=IFCFACEOUTERBOUND(#2116,.T.);
#2118=IFCFACE((#2117));
#2119=IFCPOLYLOOP((#1485,#1362,#1478));
#2120=IFCFACEOUTERBOUND(#2119,.T.);
#2121=IFCFACE((#2120));
#2122=IFCPOLYLOOP((#1364,#1363,#1480));
#2123=IFCFACEOUTERBOUND(#2122,.T.);
#2124=IFCFACE((#2123));
#2125=IFCPOLYLOOP((#1485,#1476,#1480));
#2126=IFCFACEOUTERBOUND(#2125,.T.);
#2127=IFCFACE((#2126));
#2128=IFCPOLYLOOP((#1476,#1488,#1479));
#2129=IFCFACEOUTERBOUND(#2128,.T.);
#2130=IFCFACE((#2129));
#2131=IFCPOLYLOOP((#1478,#1496,#1497));
#2132=IFCFACEOUTERBOUND(#2131,.T.);
#2133=IFCFACE((#2132));
#2134=IFCPOLYLOOP((#1489,#1496,#1478));
#2135=IFCFACEOUTERBOUND(#2134,.T.);
#2136=IFCFACE((#2135));
#2137=IFCPOLYLOOP((#1492,#1479,#1490));
#2138=IFCFACEOUTERBOUND(#2137,.T.);
#2139=IFCFACE((#2138));
#2140=IFCPOLYLOOP((#1367,#1366,#1479));
#2141=IFCFACEOUTERBOUND(#2140,.T.);
#2142=IFCFACE((#2141));
#2143=IFCPOLYLOOP((#1497,#1476,#1478));
#2144=IFCFACEOUTERBOUND(#2143,.T.);
#2145=IFCFACE((#2144));
#2146=IFCPOLYLOOP((#1478,#1361,#1489));
#2147=IFCFACEOUTERBOUND(#2146,.T.);
#2148=IFCFACE((#2147));
#2149=IFCPOLYLOOP((#1359,#1483,#1495));
#2150=IFCFACEOUTERBOUND(#2149,.T.);
#2151=IFCFACE((#2150));
#2152=IFCPOLYLOOP((#1484,#1489,#1495));
#2153=IFCFACEOUTERBOUND(#2152,.T.);
#2154=IFCFACE((#2153));
#2155=IFCPOLYLOOP((#1480,#1363,#1485));
#2156=IFCFACEOUTERBOUND(#2155,.T.);
#2157=IFCFACE((#2156));
#2158=IFCPOLYLOOP((#1367,#1479,#1488));
#2159=IFCFACEOUTERBOUND(#2158,.T.);
#2160=IFCFACE((#2159));
#2161=IFCPOLYLOOP((#1475,#1490,#1486));
#2162=IFCFACEOUTERBOUND(#2161,.T.);
#2163=IFCFACE((#2162));
#2164=IFCPOLYLOOP((#1364,#1493,#1337));
#2165=IFCFACEOUTERBOUND(#2164,.T.);
#2166=IFCFACE((#2165));
#2167=IFCPOLYLOOP((#1495,#1489,#1360));
#2168=IFCFACEOUTERBOUND(#2167,.T.);
#2169=IFCFACE((#2168));
#2170=IFCPOLYLOOP((#1489,#1484,#1496));
#2171=IFCFACEOUTERBOUND(#2170,.T.);
#2172=IFCFACE((#2171));
#2173=IFCPOLYLOOP((#1491,#1490,#1475));
#2174=IFCFACEOUTERBOUND(#2173,.T.);
#2175=IFCFACE((#2174));
#2176=IFCPOLYLOOP((#1494,#1479,#1366));
#2177=IFCFACEOUTERBOUND(#2176,.T.);
#2178=IFCFACE((#2177));
#2179=IFCPOLYLOOP((#1487,#1491,#1475));
#2180=IFCFACEOUTERBOUND(#2179,.T.);
#2181=IFCFACE((#2180));
#2182=IFCPOLYLOOP((#1491,#1480,#1492));
#2183=IFCFACEOUTERBOUND(#2182,.T.);
#2184=IFCFACE((#2183));
#2185=IFCPOLYLOOP((#1480,#1476,#1492));
#2186=IFCFACEOUTERBOUND(#2185,.T.);
#2187=IFCFACE((#2186));
#2188=IFCPOLYLOOP((#1476,#1479,#1492));
#2189=IFCFACEOUTERBOUND(#2188,.T.);
#2190=IFCFACE((#2189));
#2191=IFCPOLYLOOP((#1337,#1493,#1487));
#2192=IFCFACEOUTERBOUND(#2191,.T.);
#2193=IFCFACE((#2192));
#2194=IFCPOLYLOOP((#1364,#1480,#1493));
#2195=IFCFACEOUTERBOUND(#2194,.T.);
#2196=IFCFACE((#2195));
#2197=IFCPOLYLOOP((#1479,#1494,#1490));
#2198=IFCFACEOUTERBOUND(#2197,.T.);
#2199=IFCFACE((#2198));
#2200=IFCPOLYLOOP((#1365,#1494,#1366));
#2201=IFCFACEOUTERBOUND(#2200,.T.);
#2202=IFCFACE((#2201));
#2203=IFCPOLYLOOP((#1359,#1495,#1360));
#2204=IFCFACEOUTERBOUND(#2203,.T.);
#2205=IFCFACE((#2204));
#2206=IFCPOLYLOOP((#1484,#1495,#1483));
#2207=IFCFACEOUTERBOUND(#2206,.T.);
#2208=IFCFACE((#2207));
#2209=IFCPOLYLOOP((#1484,#1477,#1496));
#2210=IFCFACEOUTERBOUND(#2209,.T.);
#2211=IFCFACE((#2210));
#2212=IFCPOLYLOOP((#1497,#1477,#1482));
#2213=IFCFACEOUTERBOUND(#2212,.T.);
#2214=IFCFACE((#2213));
#2215=IFCPOLYLOOP((#1477,#1497,#1496));
#2216=IFCFACEOUTERBOUND(#2215,.T.);
#2217=IFCFACE((#2216));
#2218=IFCPOLYLOOP((#1476,#1497,#1482));
#2219=IFCFACEOUTERBOUND(#2218,.T.);
#2220=IFCFACE((#2219));
#2221=IFCPOLYLOOP((#1482,#1498,#1369));
#2222=IFCFACEOUTERBOUND(#2221,.T.);
#2223=IFCFACE((#2222));
#2224=IFCPOLYLOOP((#1499,#1498,#1477));
#2225=IFCFACEOUTERBOUND(#2224,.T.);
#2226=IFCFACE((#2225));
#2227=IFCPOLYLOOP((#1477,#1484,#1500));
#2228=IFCFACEOUTERBOUND(#2227,.T.);
#2229=IFCFACE((#2228));
#2230=IFCPOLYLOOP((#1499,#1481,#1371));
#2231=IFCFACEOUTERBOUND(#2230,.T.);
#2232=IFCFACE((#2231));
#2233=IFCPOLYLOOP((#1484,#1474,#1500));
#2234=IFCFACEOUTERBOUND(#2233,.T.);
#2235=IFCFACE((#2234));
#2236=IFCPOLYLOOP((#1481,#1500,#1474));
#2237=IFCFACEOUTERBOUND(#2236,.T.);
#2238=IFCFACE((#2237));
#2239=IFCCARTESIANPOINT((-250.,175.,5.));
#2240=IFCCARTESIANPOINT((-250.,175.,0.));
#2241=IFCCARTESIANPOINT((-264.,175.,0.));
#2242=IFCCARTESIANPOINT((-264.,175.,5.));
#2243=IFCCARTESIANPOINT((-276.,-160.,5.));
#2244=IFCCARTESIANPOINT((-276.,-160.,0.));
#2245=IFCCARTESIANPOINT((-275.79555495773388,-158.44708572938131,0.));
#2246=IFCCARTESIANPOINT((-275.19615242270612,-157.,0.));
#2247=IFCCARTESIANPOINT((-274.24264068711875,-155.75735931287716,0.));
#2248=IFCCARTESIANPOINT((-273.,-154.80384757728982,0.));
#2249=IFCCARTESIANPOINT((-271.55291427061462,-154.20444504226202,0.));
#2250=IFCCARTESIANPOINT((-270.,-154.,0.));
#2251=IFCCARTESIANPOINT((-268.44708572938441,-154.20444504226202,0.));
#2252=IFCCARTESIANPOINT((-267.,-154.80384757728979,0.));
#2253=IFCCARTESIANPOINT((-265.75735931288023,-155.7573593128771,0.));
#2254=IFCCARTESIANPOINT((-264.80384757729286,-157.,0.));
#2255=IFCCARTESIANPOINT((-264.20444504226504,-158.44708572938126,0.));
#2256=IFCCARTESIANPOINT((-264.,-160.,0.));
#2257=IFCCARTESIANPOINT((-264.,-160.,5.));
#2258=IFCCARTESIANPOINT((-264.20444504226504,-158.44708572938126,5.));
#2259=IFCCARTESIANPOINT((-264.80384757729286,-157.,5.));
#2260=IFCCARTESIANPOINT((-265.75735931288023,-155.75735931287713,5.));
#2261=IFCCARTESIANPOINT((-267.,-154.80384757728979,5.));
#2262=IFCCARTESIANPOINT((-268.44708572938441,-154.20444504226202,5.));
#2263=IFCCARTESIANPOINT((-270.,-154.,5.));
#2264=IFCCARTESIANPOINT((-271.55291427061462,-154.20444504226202,5.));
#2265=IFCCARTESIANPOINT((-273.,-154.80384757728982,5.));
#2266=IFCCARTESIANPOINT((-274.24264068711875,-155.75735931287716,5.));
#2267=IFCCARTESIANPOINT((-275.19615242270612,-157.,5.));
#2268=IFCCARTESIANPOINT((-275.79555495773388,-158.44708572938131,5.));
#2269=IFCCARTESIANPOINT((-275.79555495773388,-161.5529142706115,5.));
#2270=IFCCARTESIANPOINT((-275.19615242270612,-163.,5.));
#2271=IFCCARTESIANPOINT((-274.24264068711881,-164.24264068711565,5.));
#2272=IFCCARTESIANPOINT((-273.,-165.19615242270302,5.));
#2273=IFCCARTESIANPOINT((-271.55291427061462,-165.79555495773081,5.));
#2274=IFCCARTESIANPOINT((-270.,-166.,5.));
#2275=IFCCARTESIANPOINT((-268.44708572938441,-165.79555495773084,5.));
#2276=IFCCARTESIANPOINT((-267.,-165.19615242270308,5.));
#2277=IFCCARTESIANPOINT((-265.75735931288023,-164.24264068711574,5.));
#2278=IFCCARTESIANPOINT((-264.80384757729286,-163.,5.));
#2279=IFCCARTESIANPOINT((-264.20444504226509,-161.55291427061161,5.));
#2280=IFCCARTESIANPOINT((-264.20444504226504,-161.55291427061158,0.));
#2281=IFCCARTESIANPOINT((-264.80384757729286,-163.,0.));
#2282=IFCCARTESIANPOINT((-265.75735931288023,-164.24264068711574,0.));
#2283=IFCCARTESIANPOINT((-267.,-165.19615242270305,0.));
#2284=IFCCARTESIANPOINT((-268.44708572938441,-165.79555495773084,0.));
#2285=IFCCARTESIANPOINT((-270.,-166.,0.));
#2286=IFCCARTESIANPOINT((-271.55291427061462,-165.79555495773081,0.));
#2287=IFCCARTESIANPOINT((-273.,-165.19615242270302,0.));
#2288=IFCCARTESIANPOINT((-274.24264068711881,-164.24264068711565,0.));
#2289=IFCCARTESIANPOINT((-275.19615242270612,-163.,0.));
#2290=IFCCARTESIANPOINT((-275.79555495773388,-161.5529142706115,0.));
#2291=IFCCARTESIANPOINT((-290.,137.50000000000415,20.));
#2292=IFCCARTESIANPOINT((-290.,152.49999999999562,5.));
#2293=IFCCARTESIANPOINT((-290.,175.,5.));
#2294=IFCCARTESIANPOINT((-290.,175.,0.));
#2295=IFCCARTESIANPOINT((-290.,-178.,0.));
#2296=IFCCARTESIANPOINT((-290.,-178.,5.));
#2297=IFCCARTESIANPOINT((-290.,-152.49999999999571,5.));
#2298=IFCCARTESIANPOINT((-290.,-137.50000000000415,20.));
#2299=IFCCARTESIANPOINT((-250.,137.50000000000415,20.));
#2300=IFCCARTESIANPOINT((-250.,-137.50000000000415,20.));
#2301=IFCCARTESIANPOINT((-250.,-152.49999999999571,5.));
#2302=IFCCARTESIANPOINT((-250.,-178.,5.));
#2303=IFCCARTESIANPOINT((-250.,-178.,0.));
#2304=IFCCARTESIANPOINT((-250.,152.49999999999562,5.));
#2305=IFCCARTESIANPOINT((-276.,175.,0.));
#2306=IFCCARTESIANPOINT((-276.,160.,0.));
#2307=IFCCARTESIANPOINT((-275.79555495773337,158.44708572938615,0.));
#2308=IFCCARTESIANPOINT((-275.19615242270561,157.,0.));
#2309=IFCCARTESIANPOINT((-274.2426406871183,155.75735931288199,0.));
#2310=IFCCARTESIANPOINT((-273.,154.80384757729465,0.));
#2311=IFCCARTESIANPOINT((-271.55291427061411,154.20444504226685,0.));
#2312=IFCCARTESIANPOINT((-270.,154.,0.));
#2313=IFCCARTESIANPOINT((-268.4470857293839,154.20444504226685,0.));
#2314=IFCCARTESIANPOINT((-267.,154.80384757729459,0.));
#2315=IFCCARTESIANPOINT((-265.75735931287971,155.75735931288193,0.));
#2316=IFCCARTESIANPOINT((-264.80384757729234,157.,0.));
#2317=IFCCARTESIANPOINT((-264.20444504226458,158.44708572938606,0.));
#2318=IFCCARTESIANPOINT((-264.,160.,0.));
#2319=IFCCARTESIANPOINT((-264.,160.,5.));
#2320=IFCCARTESIANPOINT((-264.20444504226458,158.44708572938609,5.));
#2321=IFCCARTESIANPOINT((-264.80384757729234,157.,5.));
#2322=IFCCARTESIANPOINT((-265.75735931287971,155.75735931288196,5.));
#2323=IFCCARTESIANPOINT((-267.,154.80384757729462,5.));
#2324=IFCCARTESIANPOINT((-268.44708572938384,154.20444504226685,5.));
#2325=IFCCARTESIANPOINT((-270.,154.,5.));
#2326=IFCCARTESIANPOINT((-271.55291427061411,154.20444504226685,5.));
#2327=IFCCARTESIANPOINT((-273.,154.80384757729465,5.));
#2328=IFCCARTESIANPOINT((-274.24264068711824,155.75735931288199,5.));
#2329=IFCCARTESIANPOINT((-275.19615242270561,157.,5.));
#2330=IFCCARTESIANPOINT((-275.79555495773337,158.44708572938615,5.));
#2331=IFCCARTESIANPOINT((-276.,160.,5.));
#2332=IFCCARTESIANPOINT((-276.,175.,5.));
#2333=IFCPOLYLOOP((#2241,#2242,#2239,#2240));
#2334=IFCFACEOUTERBOUND(#2333,.T.);
#2335=IFCFACE((#2334));
#2336=IFCPOLYLOOP((#2294,#2293,#2332,#2305));
#2337=IFCFACEOUTERBOUND(#2336,.T.);
#2338=IFCFACE((#2337));
#2339=IFCPOLYLOOP((#2255,#2256,#2257,#2258));
#2340=IFCFACEOUTERBOUND(#2339,.T.);
#2341=IFCFACE((#2340));
#2342=IFCPOLYLOOP((#2255,#2258,#2259,#2254));
#2343=IFCFACEOUTERBOUND(#2342,.T.);
#2344=IFCFACE((#2343));
#2345=IFCPOLYLOOP((#2252,#2253,#2260,#2261));
#2346=IFCFACEOUTERBOUND(#2345,.T.);
#2347=IFCFACE((#2346));
#2348=IFCPOLYLOOP((#2260,#2253,#2254,#2259));
#2349=IFCFACEOUTERBOUND(#2348,.T.);
#2350=IFCFACE((#2349));
#2351=IFCPOLYLOOP((#2262,#2251,#2252,#2261));
#2352=IFCFACEOUTERBOUND(#2351,.T.);
#2353=IFCFACE((#2352));
#2354=IFCPOLYLOOP((#2251,#2262,#2263,#2250));
#2355=IFCFACEOUTERBOUND(#2354,.T.);
#2356=IFCFACE((#2355));
#2357=IFCPOLYLOOP((#2250,#2263,#2264,#2249));
#2358=IFCFACEOUTERBOUND(#2357,.T.);
#2359=IFCFACE((#2358));
#2360=IFCPOLYLOOP((#2249,#2264,#2265,#2248));
#2361=IFCFACEOUTERBOUND(#2360,.T.);
#2362=IFCFACE((#2361));
#2363=IFCPOLYLOOP((#2246,#2247,#2266,#2267));
#2364=IFCFACEOUTERBOUND(#2363,.T.);
#2365=IFCFACE((#2364));
#2366=IFCPOLYLOOP((#2266,#2247,#2248,#2265));
#2367=IFCFACEOUTERBOUND(#2366,.T.);
#2368=IFCFACE((#2367));
#2369=IFCPOLYLOOP((#2245,#2246,#2267,#2268));
#2370=IFCFACEOUTERBOUND(#2369,.T.);
#2371=IFCFACE((#2370));
#2372=IFCPOLYLOOP((#2245,#2268,#2243,#2244));
#2373=IFCFACEOUTERBOUND(#2372,.T.);
#2374=IFCFACE((#2373));
#2375=IFCPOLYLOOP((#2290,#2244,#2243,#2269));
#2376=IFCFACEOUTERBOUND(#2375,.T.);
#2377=IFCFACE((#2376));
#2378=IFCPOLYLOOP((#2290,#2269,#2270,#2289));
#2379=IFCFACEOUTERBOUND(#2378,.T.);
#2380=IFCFACE((#2379));
#2381=IFCPOLYLOOP((#2287,#2288,#2271,#2272));
#2382=IFCFACEOUTERBOUND(#2381,.T.);
#2383=IFCFACE((#2382));
#2384=IFCPOLYLOOP((#2271,#2288,#2289,#2270));
#2385=IFCFACEOUTERBOUND(#2384,.T.);
#2386=IFCFACE((#2385));
#2387=IFCPOLYLOOP((#2286,#2287,#2272,#2273));
#2388=IFCFACEOUTERBOUND(#2387,.T.);
#2389=IFCFACE((#2388));
#2390=IFCPOLYLOOP((#2286,#2273,#2274,#2285));
#2391=IFCFACEOUTERBOUND(#2390,.T.);
#2392=IFCFACE((#2391));
#2393=IFCPOLYLOOP((#2285,#2274,#2275,#2284));
#2394=IFCFACEOUTERBOUND(#2393,.T.);
#2395=IFCFACE((#2394));
#2396=IFCPOLYLOOP((#2284,#2275,#2276,#2283));
#2397=IFCFACEOUTERBOUND(#2396,.T.);
#2398=IFCFACE((#2397));
#2399=IFCPOLYLOOP((#2281,#2282,#2277,#2278));
#2400=IFCFACEOUTERBOUND(#2399,.T.);
#2401=IFCFACE((#2400));
#2402=IFCPOLYLOOP((#2277,#2282,#2283,#2276));
#2403=IFCFACEOUTERBOUND(#2402,.T.);
#2404=IFCFACE((#2403));
#2405=IFCPOLYLOOP((#2280,#2281,#2278,#2279));
#2406=IFCFACEOUTERBOUND(#2405,.T.);
#2407=IFCFACE((#2406));
#2408=IFCPOLYLOOP((#2280,#2279,#2257,#2256));
#2409=IFCFACEOUTERBOUND(#2408,.T.);
#2410=IFCFACE((#2409));
#2411=IFCPOLYLOOP((#2297,#2298,#2291,#2292,#2293,#2294,#2295,#2296));
#2412=IFCFACEOUTERBOUND(#2411,.T.);
#2413=IFCFACE((#2412));
#2414=IFCPOLYLOOP((#2240,#2239,#2304,#2299,#2300,#2301,#2302,#2303));
#2415=IFCFACEOUTERBOUND(#2414,.T.);
#2416=IFCFACE((#2415));
#2417=IFCPOLYLOOP((#2294,#2305,#2306));
#2418=IFCFACEOUTERBOUND(#2417,.T.);
#2419=IFCFACE((#2418));
#2420=IFCPOLYLOOP((#2306,#2307,#2294));
#2421=IFCFACEOUTERBOUND(#2420,.T.);
#2422=IFCFACE((#2421));
#2423=IFCPOLYLOOP((#2307,#2308,#2294));
#2424=IFCFACEOUTERBOUND(#2423,.T.);
#2425=IFCFACE((#2424));
#2426=IFCPOLYLOOP((#2246,#2294,#2308));
#2427=IFCFACEOUTERBOUND(#2426,.T.);
#2428=IFCFACE((#2427));
#2429=IFCPOLYLOOP((#2295,#2294,#2246));
#2430=IFCFACEOUTERBOUND(#2429,.T.);
#2431=IFCFACE((#2430));
#2432=IFCPOLYLOOP((#2247,#2246,#2308));
#2433=IFCFACEOUTERBOUND(#2432,.T.);
#2434=IFCFACE((#2433));
#2435=IFCPOLYLOOP((#2308,#2309,#2247));
#2436=IFCFACEOUTERBOUND(#2435,.T.);
#2437=IFCFACE((#2436));
#2438=IFCPOLYLOOP((#2248,#2247,#2309));
#2439=IFCFACEOUTERBOUND(#2438,.T.);
#2440=IFCFACE((#2439));
#2441=IFCPOLYLOOP((#2248,#2309,#2310));
#2442=IFCFACEOUTERBOUND(#2441,.T.);
#2443=IFCFACE((#2442));
#2444=IFCPOLYLOOP((#2310,#2249,#2248));
#2445=IFCFACEOUTERBOUND(#2444,.T.);
#2446=IFCFACE((#2445));
#2447=IFCPOLYLOOP((#2311,#2249,#2310));
#2448=IFCFACEOUTERBOUND(#2447,.T.);
#2449=IFCFACE((#2448));
#2450=IFCPOLYLOOP((#2311,#2250,#2249));
#2451=IFCFACEOUTERBOUND(#2450,.T.);
#2452=IFCFACE((#2451));
#2453=IFCPOLYLOOP((#2250,#2311,#2312));
#2454=IFCFACEOUTERBOUND(#2453,.T.);
#2455=IFCFACE((#2454));
#2456=IFCPOLYLOOP((#2250,#2312,#2313));
#2457=IFCFACEOUTERBOUND(#2456,.T.);
#2458=IFCFACE((#2457));
#2459=IFCPOLYLOOP((#2251,#2250,#2313));
#2460=IFCFACEOUTERBOUND(#2459,.T.);
#2461=IFCFACE((#2460));
#2462=IFCPOLYLOOP((#2313,#2314,#2251));
#2463=IFCFACEOUTERBOUND(#2462,.T.);
#2464=IFCFACE((#2463));
#2465=IFCPOLYLOOP((#2251,#2314,#2252));
#2466=IFCFACEOUTERBOUND(#2465,.T.);
#2467=IFCFACE((#2466));
#2468=IFCPOLYLOOP((#2314,#2315,#2252));
#2469=IFCFACEOUTERBOUND(#2468,.T.);
#2470=IFCFACE((#2469));
#2471=IFCPOLYLOOP((#2253,#2252,#2315));
#2472=IFCFACEOUTERBOUND(#2471,.T.);
#2473=IFCFACE((#2472));
#2474=IFCPOLYLOOP((#2253,#2315,#2316));
#2475=IFCFACEOUTERBOUND(#2474,.T.);
#2476=IFCFACE((#2475));
#2477=IFCPOLYLOOP((#2253,#2316,#2254));
#2478=IFCFACEOUTERBOUND(#2477,.T.);
#2479=IFCFACE((#2478));
#2480=IFCPOLYLOOP((#2254,#2316,#2240));
#2481=IFCFACEOUTERBOUND(#2480,.T.);
#2482=IFCFACE((#2481));
#2483=IFCPOLYLOOP((#2316,#2317,#2240));
#2484=IFCFACEOUTERBOUND(#2483,.T.);
#2485=IFCFACE((#2484));
#2486=IFCPOLYLOOP((#2318,#2240,#2317));
#2487=IFCFACEOUTERBOUND(#2486,.T.);
#2488=IFCFACE((#2487));
#2489=IFCPOLYLOOP((#2318,#2241,#2240));
#2490=IFCFACEOUTERBOUND(#2489,.T.);
#2491=IFCFACE((#2490));
#2492=IFCPOLYLOOP((#2254,#2240,#2303));
#2493=IFCFACEOUTERBOUND(#2492,.T.);
#2494=IFCFACE((#2493));
#2495=IFCPOLYLOOP((#2255,#2254,#2303));
#2496=IFCFACEOUTERBOUND(#2495,.T.);
#2497=IFCFACE((#2496));
#2498=IFCPOLYLOOP((#2256,#2255,#2303));
#2499=IFCFACEOUTERBOUND(#2498,.T.);
#2500=IFCFACE((#2499));
#2501=IFCPOLYLOOP((#2303,#2280,#2256));
#2502=IFCFACEOUTERBOUND(#2501,.T.);
#2503=IFCFACE((#2502));
#2504=IFCPOLYLOOP((#2281,#2280,#2303));
#2505=IFCFACEOUTERBOUND(#2504,.T.);
#2506=IFCFACE((#2505));
#2507=IFCPOLYLOOP((#2281,#2303,#2282));
#2508=IFCFACEOUTERBOUND(#2507,.T.);
#2509=IFCFACE((#2508));
#2510=IFCPOLYLOOP((#2282,#2303,#2283));
#2511=IFCFACEOUTERBOUND(#2510,.T.);
#2512=IFCFACE((#2511));
#2513=IFCPOLYLOOP((#2284,#2283,#2303));
#2514=IFCFACEOUTERBOUND(#2513,.T.);
#2515=IFCFACE((#2514));
#2516=IFCPOLYLOOP((#2285,#2284,#2303));
#2517=IFCFACEOUTERBOUND(#2516,.T.);
#2518=IFCFACE((#2517));
#2519=IFCPOLYLOOP((#2285,#2303,#2295));
#2520=IFCFACEOUTERBOUND(#2519,.T.);
#2521=IFCFACE((#2520));
#2522=IFCPOLYLOOP((#2245,#2295,#2246));
#2523=IFCFACEOUTERBOUND(#2522,.T.);
#2524=IFCFACE((#2523));
#2525=IFCPOLYLOOP((#2245,#2244,#2295));
#2526=IFCFACEOUTERBOUND(#2525,.T.);
#2527=IFCFACE((#2526));
#2528=IFCPOLYLOOP((#2290,#2295,#2244));
#2529=IFCFACEOUTERBOUND(#2528,.T.);
#2530=IFCFACE((#2529));
#2531=IFCPOLYLOOP((#2295,#2290,#2289));
#2532=IFCFACEOUTERBOUND(#2531,.T.);
#2533=IFCFACE((#2532));
#2534=IFCPOLYLOOP((#2295,#2289,#2288));
#2535=IFCFACEOUTERBOUND(#2534,.T.);
#2536=IFCFACE((#2535));
#2537=IFCPOLYLOOP((#2288,#2287,#2295));
#2538=IFCFACEOUTERBOUND(#2537,.T.);
#2539=IFCFACE((#2538));
#2540=IFCPOLYLOOP((#2287,#2286,#2295));
#2541=IFCFACEOUTERBOUND(#2540,.T.);
#2542=IFCFACE((#2541));
#2543=IFCPOLYLOOP((#2295,#2286,#2285));
#2544=IFCFACEOUTERBOUND(#2543,.T.);
#2545=IFCFACE((#2544));
#2546=IFCPOLYLOOP((#2291,#2298,#2300,#2299));
#2547=IFCFACEOUTERBOUND(#2546,.T.);
#2548=IFCFACE((#2547));
#2549=IFCPOLYLOOP((#2292,#2291,#2299,#2304));
#2550=IFCFACEOUTERBOUND(#2549,.T.);
#2551=IFCFACE((#2550));
#2552=IFCPOLYLOOP((#2292,#2304,#2239,#2242,#2319,#2320,#2321,#2322,#2323,#2324,#2325,#2326,#2327,#2328,#2329,#2330,#2331,#2332,#2293));
#2553=IFCFACEOUTERBOUND(#2552,.T.);
#2554=IFCFACE((#2553));
#2555=IFCPOLYLOOP((#2292,#2328,#2329));
#2556=IFCFACEOUTERBOUND(#2555,.T.);
#2557=IFCFACE((#2556));
#2558=IFCPOLYLOOP((#2328,#2292,#2327));
#2559=IFCFACEOUTERBOUND(#2558,.T.);
#2560=IFCFACE((#2559));
#2561=IFCPOLYLOOP((#2326,#2327,#2292));
#2562=IFCFACEOUTERBOUND(#2561,.T.);
#2563=IFCFACE((#2562));
#2564=IFCPOLYLOOP((#2292,#2325,#2326));
#2565=IFCFACEOUTERBOUND(#2564,.T.);
#2566=IFCFACE((#2565));
#2567=IFCPOLYLOOP((#2292,#2329,#2330));
#2568=IFCFACEOUTERBOUND(#2567,.T.);
#2569=IFCFACE((#2568));
#2570=IFCPOLYLOOP((#2331,#2292,#2330));
#2571=IFCFACEOUTERBOUND(#2570,.T.);
#2572=IFCFACE((#2571));
#2573=IFCPOLYLOOP((#2331,#2293,#2292));
#2574=IFCFACEOUTERBOUND(#2573,.T.);
#2575=IFCFACE((#2574));
#2576=IFCPOLYLOOP((#2325,#2292,#2304));
#2577=IFCFACEOUTERBOUND(#2576,.T.);
#2578=IFCFACE((#2577));
#2579=IFCPOLYLOOP((#2324,#2325,#2304));
#2580=IFCFACEOUTERBOUND(#2579,.T.);
#2581=IFCFACE((#2580));
#2582=IFCPOLYLOOP((#2304,#2323,#2324));
#2583=IFCFACEOUTERBOUND(#2582,.T.);
#2584=IFCFACE((#2583));
#2585=IFCPOLYLOOP((#2323,#2304,#2322));
#2586=IFCFACEOUTERBOUND(#2585,.T.);
#2587=IFCFACE((#2586));
#2588=IFCPOLYLOOP((#2322,#2304,#2321));
#2589=IFCFACEOUTERBOUND(#2588,.T.);
#2590=IFCFACE((#2589));
#2591=IFCPOLYLOOP((#2321,#2304,#2320));
#2592=IFCFACEOUTERBOUND(#2591,.T.);
#2593=IFCFACE((#2592));
#2594=IFCPOLYLOOP((#2319,#2320,#2304));
#2595=IFCFACEOUTERBOUND(#2594,.T.);
#2596=IFCFACE((#2595));
#2597=IFCPOLYLOOP((#2239,#2319,#2304));
#2598=IFCFACEOUTERBOUND(#2597,.T.);
#2599=IFCFACE((#2598));
#2600=IFCPOLYLOOP((#2319,#2239,#2242));
#2601=IFCFACEOUTERBOUND(#2600,.T.);
#2602=IFCFACE((#2601));
#2603=IFCPOLYLOOP((#2332,#2293,#2331));
#2604=IFCFACEOUTERBOUND(#2603,.T.);
#2605=IFCFACE((#2604));
#2606=IFCPOLYLOOP((#2296,#2270,#2269));
#2607=IFCFACEOUTERBOUND(#2606,.T.);
#2608=IFCFACE((#2607));
#2609=IFCPOLYLOOP((#2270,#2296,#2271));
#2610=IFCFACEOUTERBOUND(#2609,.T.);
#2611=IFCFACE((#2610));
#2612=IFCPOLYLOOP((#2296,#2269,#2297));
#2613=IFCFACEOUTERBOUND(#2612,.T.);
#2614=IFCFACE((#2613));
#2615=IFCPOLYLOOP((#2272,#2271,#2296));
#2616=IFCFACEOUTERBOUND(#2615,.T.);
#2617=IFCFACE((#2616));
#2618=IFCPOLYLOOP((#2273,#2272,#2296));
#2619=IFCFACEOUTERBOUND(#2618,.T.);
#2620=IFCFACE((#2619));
#2621=IFCPOLYLOOP((#2274,#2273,#2296));
#2622=IFCFACEOUTERBOUND(#2621,.T.);
#2623=IFCFACE((#2622));
#2624=IFCPOLYLOOP((#2296,#2302,#2274));
#2625=IFCFACEOUTERBOUND(#2624,.T.);
#2626=IFCFACE((#2625));
#2627=IFCPOLYLOOP((#2275,#2274,#2302));
#2628=IFCFACEOUTERBOUND(#2627,.T.);
#2629=IFCFACE((#2628));
#2630=IFCPOLYLOOP((#2276,#2275,#2302));
#2631=IFCFACEOUTERBOUND(#2630,.T.);
#2632=IFCFACE((#2631));
#2633=IFCPOLYLOOP((#2277,#2276,#2302));
#2634=IFCFACEOUTERBOUND(#2633,.T.);
#2635=IFCFACE((#2634));
#2636=IFCPOLYLOOP((#2302,#2278,#2277));
#2637=IFCFACEOUTERBOUND(#2636,.T.);
#2638=IFCFACE((#2637));
#2639=IFCPOLYLOOP((#2278,#2302,#2279));
#2640=IFCFACEOUTERBOUND(#2639,.T.);
#2641=IFCFACE((#2640));
#2642=IFCPOLYLOOP((#2279,#2302,#2301));
#2643=IFCFACEOUTERBOUND(#2642,.T.);
#2644=IFCFACE((#2643));
#2645=IFCPOLYLOOP((#2301,#2257,#2279));
#2646=IFCFACEOUTERBOUND(#2645,.T.);
#2647=IFCFACE((#2646));
#2648=IFCPOLYLOOP((#2258,#2257,#2301));
#2649=IFCFACEOUTERBOUND(#2648,.T.);
#2650=IFCFACE((#2649));
#2651=IFCPOLYLOOP((#2259,#2258,#2301));
#2652=IFCFACEOUTERBOUND(#2651,.T.);
#2653=IFCFACE((#2652));
#2654=IFCPOLYLOOP((#2301,#2260,#2259));
#2655=IFCFACEOUTERBOUND(#2654,.T.);
#2656=IFCFACE((#2655));
#2657=IFCPOLYLOOP((#2260,#2301,#2261));
#2658=IFCFACEOUTERBOUND(#2657,.T.);
#2659=IFCFACE((#2658));
#2660=IFCPOLYLOOP((#2262,#2261,#2301));
#2661=IFCFACEOUTERBOUND(#2660,.T.);
#2662=IFCFACE((#2661));
#2663=IFCPOLYLOOP((#2263,#2262,#2301));
#2664=IFCFACEOUTERBOUND(#2663,.T.);
#2665=IFCFACE((#2664));
#2666=IFCPOLYLOOP((#2263,#2301,#2297));
#2667=IFCFACEOUTERBOUND(#2666,.T.);
#2668=IFCFACE((#2667));
#2669=IFCPOLYLOOP((#2243,#2297,#2269));
#2670=IFCFACEOUTERBOUND(#2669,.T.);
#2671=IFCFACE((#2670));
#2672=IFCPOLYLOOP((#2297,#2243,#2268));
#2673=IFCFACEOUTERBOUND(#2672,.T.);
#2674=IFCFACE((#2673));
#2675=IFCPOLYLOOP((#2297,#2268,#2267));
#2676=IFCFACEOUTERBOUND(#2675,.T.);
#2677=IFCFACE((#2676));
#2678=IFCPOLYLOOP((#2267,#2266,#2297));
#2679=IFCFACEOUTERBOUND(#2678,.T.);
#2680=IFCFACE((#2679));
#2681=IFCPOLYLOOP((#2266,#2265,#2297));
#2682=IFCFACEOUTERBOUND(#2681,.T.);
#2683=IFCFACE((#2682));
#2684=IFCPOLYLOOP((#2265,#2264,#2297));
#2685=IFCFACEOUTERBOUND(#2684,.T.);
#2686=IFCFACE((#2685));
#2687=IFCPOLYLOOP((#2297,#2264,#2263));
#2688=IFCFACEOUTERBOUND(#2687,.T.);
#2689=IFCFACE((#2688));
#2690=IFCPOLYLOOP((#2296,#2295,#2303,#2302));
#2691=IFCFACEOUTERBOUND(#2690,.T.);
#2692=IFCFACE((#2691));
#2693=IFCPOLYLOOP((#2298,#2297,#2301,#2300));
#2694=IFCFACEOUTERBOUND(#2693,.T.);
#2695=IFCFACE((#2694));
#2696=IFCPOLYLOOP((#2305,#2332,#2331,#2306));
#2697=IFCFACEOUTERBOUND(#2696,.T.);
#2698=IFCFACE((#2697));
#2699=IFCPOLYLOOP((#2307,#2306,#2331,#2330));
#2700=IFCFACEOUTERBOUND(#2699,.T.);
#2701=IFCFACE((#2700));
#2702=IFCPOLYLOOP((#2307,#2330,#2329,#2308));
#2703=IFCFACEOUTERBOUND(#2702,.T.);
#2704=IFCFACE((#2703));
#2705=IFCPOLYLOOP((#2310,#2309,#2328,#2327));
#2706=IFCFACEOUTERBOUND(#2705,.T.);
#2707=IFCFACE((#2706));
#2708=IFCPOLYLOOP((#2328,#2309,#2308,#2329));
#2709=IFCFACEOUTERBOUND(#2708,.T.);
#2710=IFCFACE((#2709));
#2711=IFCPOLYLOOP((#2311,#2310,#2327,#2326));
#2712=IFCFACEOUTERBOUND(#2711,.T.);
#2713=IFCFACE((#2712));
#2714=IFCPOLYLOOP((#2311,#2326,#2325,#2312));
#2715=IFCFACEOUTERBOUND(#2714,.T.);
#2716=IFCFACE((#2715));
#2717=IFCPOLYLOOP((#2312,#2325,#2324,#2313));
#2718=IFCFACEOUTERBOUND(#2717,.T.);
#2719=IFCFACE((#2718));
#2720=IFCPOLYLOOP((#2313,#2324,#2323,#2314));
#2721=IFCFACEOUTERBOUND(#2720,.T.);
#2722=IFCFACE((#2721));
#2723=IFCPOLYLOOP((#2316,#2315,#2322,#2321));
#2724=IFCFACEOUTERBOUND(#2723,.T.);
#2725=IFCFACE((#2724));
#2726=IFCPOLYLOOP((#2322,#2315,#2314,#2323));
#2727=IFCFACEOUTERBOUND(#2726,.T.);
#2728=IFCFACE((#2727));
#2729=IFCPOLYLOOP((#2317,#2316,#2321,#2320));
#2730=IFCFACEOUTERBOUND(#2729,.T.);
#2731=IFCFACE((#2730));
#2732=IFCPOLYLOOP((#2317,#2320,#2319,#2318));
#2733=IFCFACEOUTERBOUND(#2732,.T.);
#2734=IFCFACE((#2733));
#2735=IFCPOLYLOOP((#2318,#2319,#2242,#2241));
#2736=IFCFACEOUTERBOUND(#2735,.T.);
#2737=IFCFACE((#2736));
#2738=IFCCARTESIANPOINT((-395.,61.,608.));
#2739=IFCCARTESIANPOINT((-395.,-61.,608.));
#2740=IFCCARTESIANPOINT((-415.,-42.,608.));
#2741=IFCCARTESIANPOINT((-415.,42.,608.));
#2742=IFCPOLYLOOP((#2738,#2739,#2740,#2741));
#2743=IFCFACEOUTERBOUND(#2742,.T.);
#2744=IFCFACE((#2743));
#2745=IFCCARTESIANPOINT((-415.,42.,610.));
#2746=IFCCARTESIANPOINT((-395.,61.,620.));
#2747=IFCPOLYLOOP((#2738,#2741,#2745,#2746));
#2748=IFCFACEOUTERBOUND(#2747,.T.);
#2749=IFCFACE((#2748));
#2750=IFCCARTESIANPOINT((-415.,-42.,610.));
#2751=IFCPOLYLOOP((#2741,#2740,#2750,#2745));
#2752=IFCFACEOUTERBOUND(#2751,.T.);
#2753=IFCFACE((#2752));
#2754=IFCCARTESIANPOINT((-395.,-61.,620.));
#2755=IFCPOLYLOOP((#2740,#2739,#2754,#2750));
#2756=IFCFACEOUTERBOUND(#2755,.T.);
#2757=IFCFACE((#2756));
#2758=IFCPOLYLOOP((#2739,#2738,#2746,#2754));
#2759=IFCFACEOUTERBOUND(#2758,.T.);
#2760=IFCFACE((#2759));
#2761=IFCPOLYLOOP((#2746,#2745,#2750,#2754));
#2762=IFCFACEOUTERBOUND(#2761,.T.);
#2763=IFCFACE((#2762));
#2764=IFCCARTESIANPOINT((170.,160.,614.4444444445121));
#2765=IFCCARTESIANPOINT((170.,145.,620.));
#2766=IFCCARTESIANPOINT((170.,145.,580.));
#2767=IFCCARTESIANPOINT((170.,160.,580.));
#2768=IFCPOLYLOOP((#2764,#2765,#2766,#2767));
#2769=IFCFACEOUTERBOUND(#2768,.T.);
#2770=IFCFACE((#2769));
#2771=IFCCARTESIANPOINT((150.,160.,614.4444444445121));
#2772=IFCCARTESIANPOINT((150.,160.,580.));
#2773=IFCCARTESIANPOINT((150.,145.,580.));
#2774=IFCCARTESIANPOINT((150.,145.,620.));
#2775=IFCPOLYLOOP((#2771,#2772,#2773,#2774));
#2776=IFCFACEOUTERBOUND(#2775,.T.);
#2777=IFCFACE((#2776));
#2778=IFCPOLYLOOP((#2765,#2764,#2771,#2774));
#2779=IFCFACEOUTERBOUND(#2778,.T.);
#2780=IFCFACE((#2779));
#2781=IFCPOLYLOOP((#2764,#2767,#2772,#2771));
#2782=IFCFACEOUTERBOUND(#2781,.T.);
#2783=IFCFACE((#2782));
#2784=IFCPOLYLOOP((#2766,#2765,#2774,#2773));
#2785=IFCFACEOUTERBOUND(#2784,.T.);
#2786=IFCFACE((#2785));
#2787=IFCPOLYLOOP((#2767,#2766,#2773,#2772));
#2788=IFCFACEOUTERBOUND(#2787,.T.);
#2789=IFCFACE((#2788));
#2790=IFCCARTESIANPOINT((-347.50000000000495,-161.,317.49999999999653));
#2791=IFCCARTESIANPOINT((-341.60805936273363,-161.,265.20758052026275));
#2792=IFCCARTESIANPOINT((-324.22768395707374,-161.,215.53732130737041));
#2793=IFCCARTESIANPOINT((-296.23039837999244,-161.,170.9798965631941));
#2794=IFCCARTESIANPOINT((-259.02010343680803,-161.,133.76960162000935));
#2795=IFCCARTESIANPOINT((-214.46267869263204,-161.,105.77231604292774));
#2796=IFCCARTESIANPOINT((-164.79241947973983,-161.,88.391940637267467));
#2797=IFCCARTESIANPOINT((-112.500000000006,-161.,82.499999999995794));
#2798=IFCCARTESIANPOINT((-60.207580520272323,-161.,88.391940637266956));
#2799=IFCCARTESIANPOINT((-10.537321307379935,-161.,105.77231604292673));
#2800=IFCCARTESIANPOINT((34.020103436796425,-161.,133.76960162000799));
#2801=IFCCARTESIANPOINT((71.230398379981267,-161.,170.9798965631924));
#2802=IFCCARTESIANPOINT((99.227683957062979,-161.,215.53732130736844));
#2803=IFCCARTESIANPOINT((116.60805936272332,-161.,265.20758052026059));
#2804=IFCCARTESIANPOINT((122.49999999999505,-161.,317.49999999999579));
#2805=IFCCARTESIANPOINT((116.60805936272362,-161.,369.79241947972957));
#2806=IFCCARTESIANPOINT((99.227683957063618,-161.,419.46267869262181));
#2807=IFCCARTESIANPOINT((71.230398379982191,-161.,464.02010343679797));
#2808=IFCCARTESIANPOINT((34.020103436797626,-161.,501.23039837998266));
#2809=IFCCARTESIANPOINT((-10.537321307378514,-161.,529.22768395706419));
#2810=IFCCARTESIANPOINT((-60.207580520270696,-161.,546.60805936272425));
#2811=IFCCARTESIANPOINT((-112.50000000000455,-161.,552.49999999999579));
#2812=IFCCARTESIANPOINT((-164.79241947973838,-161.,546.60805936272436));
#2813=IFCCARTESIANPOINT((-214.46267869263067,-161.,529.22768395706441));
#2814=IFCCARTESIANPOINT((-259.02010343680678,-161.,501.23039837998311));
#2815=IFCCARTESIANPOINT((-296.23039837999153,-161.,464.02010343679865));
#2816=IFCCARTESIANPOINT((-324.22768395707317,-161.,419.46267869262249));
#2817=IFCCARTESIANPOINT((-341.60805936273334,-161.,369.79241947973026));
#2818=IFCCARTESIANPOINT((-347.50000000000495,-145.,317.49999999999653));
#2819=IFCCARTESIANPOINT((-341.60805936273334,-145.,369.79241947973026));
#2820=IFCCARTESIANPOINT((-324.22768395707317,-145.,419.46267869262249));
#2821=IFCCARTESIANPOINT((-296.23039837999153,-145.,464.02010343679865));
#2822=IFCCARTESIANPOINT((-259.02010343680678,-145.,501.23039837998311));
#2823=IFCCARTESIANPOINT((-214.46267869263067,-145.,529.22768395706441));
#2824=IFCCARTESIANPOINT((-164.79241947973838,-145.,546.60805936272436));
#2825=IFCCARTESIANPOINT((-112.50000000000455,-145.,552.49999999999579));
#2826=IFCCARTESIANPOINT((-60.207580520270696,-145.,546.60805936272425));
#2827=IFCCARTESIANPOINT((-10.537321307378514,-145.,529.22768395706419));
#2828=IFCCARTESIANPOINT((34.020103436797626,-145.,501.23039837998266));
#2829=IFCCARTESIANPOINT((71.230398379982191,-145.,464.02010343679797));
#2830=IFCCARTESIANPOINT((99.227683957063618,-145.,419.46267869262181));
#2831=IFCCARTESIANPOINT((116.60805936272362,-145.,369.79241947972957));
#2832=IFCCARTESIANPOINT((122.49999999999505,-145.,317.49999999999426));
#2833=IFCCARTESIANPOINT((116.60805936272332,-145.,265.20758052026059));
#2834=IFCCARTESIANPOINT((99.227683957062979,-145.,215.53732130736844));
#2835=IFCCARTESIANPOINT((71.230398379981267,-145.,170.9798965631924));
#2836=IFCCARTESIANPOINT((34.020103436796425,-145.,133.76960162000799));
#2837=IFCCARTESIANPOINT((-10.537321307379935,-145.,105.77231604292673));
#2838=IFCCARTESIANPOINT((-60.207580520272323,-145.,88.391940637266956));
#2839=IFCCARTESIANPOINT((-112.500000000006,-145.,82.499999999995794));
#2840=IFCCARTESIANPOINT((-164.79241947973983,-145.,88.391940637267467));
#2841=IFCCARTESIANPOINT((-214.46267869263204,-145.,105.77231604292774));
#2842=IFCCARTESIANPOINT((-259.02010343680803,-145.,133.76960162000935));
#2843=IFCCARTESIANPOINT((-296.23039837999244,-145.,170.9798965631941));
#2844=IFCCARTESIANPOINT((-324.22768395707374,-145.,215.53732130737041));
#2845=IFCCARTESIANPOINT((-341.60805936273363,-145.,265.20758052026275));
#2846=IFCPOLYLOOP((#2798,#2799,#2800,#2801,#2802,#2803,#2804,#2805,#2806,#2807,#2808,#2809,#2810,#2811,#2812,#2813,#2814,#2815,#2816,#2817,#2790,#2791,#2792,#2793,#2794,#2795,#2796,#2797));
#2847=IFCFACEOUTERBOUND(#2846,.T.);
#2848=IFCFACE((#2847));
#2849=IFCPOLYLOOP((#2825,#2826,#2827,#2828,#2829,#2830,#2831,#2832,#2833,#2834,#2835,#2836,#2837,#2838,#2839,#2840,#2841,#2842,#2843,#2844,#2845,#2818,#2819,#2820,#2821,#2822,#2823,#2824));
#2850=IFCFACEOUTERBOUND(#2849,.T.);
#2851=IFCFACE((#2850));
#2852=IFCPOLYLOOP((#2845,#2791,#2790,#2818));
#2853=IFCFACEOUTERBOUND(#2852,.T.);
#2854=IFCFACE((#2853));
#2855=IFCPOLYLOOP((#2844,#2792,#2791,#2845));
#2856=IFCFACEOUTERBOUND(#2855,.T.);
#2857=IFCFACE((#2856));
#2858=IFCPOLYLOOP((#2794,#2793,#2843,#2842));
#2859=IFCFACEOUTERBOUND(#2858,.T.);
#2860=IFCFACE((#2859));
#2861=IFCPOLYLOOP((#2842,#2841,#2795,#2794));
#2862=IFCFACEOUTERBOUND(#2861,.T.);
#2863=IFCFACE((#2862));
#2864=IFCPOLYLOOP((#2844,#2843,#2793,#2792));
#2865=IFCFACEOUTERBOUND(#2864,.T.);
#2866=IFCFACE((#2865));
#2867=IFCPOLYLOOP((#2840,#2796,#2795,#2841));
#2868=IFCFACEOUTERBOUND(#2867,.T.);
#2869=IFCFACE((#2868));
#2870=IFCPOLYLOOP((#2796,#2840,#2839,#2797));
#2871=IFCFACEOUTERBOUND(#2870,.T.);
#2872=IFCFACE((#2871));
#2873=IFCPOLYLOOP((#2798,#2797,#2839,#2838));
#2874=IFCFACEOUTERBOUND(#2873,.T.);
#2875=IFCFACE((#2874));
#2876=IFCPOLYLOOP((#2799,#2798,#2838,#2837));
#2877=IFCFACEOUTERBOUND(#2876,.T.);
#2878=IFCFACE((#2877));
#2879=IFCPOLYLOOP((#2802,#2834,#2833,#2803));
#2880=IFCFACEOUTERBOUND(#2879,.T.);
#2881=IFCFACE((#2880));
#2882=IFCPOLYLOOP((#2801,#2835,#2834,#2802));
#2883=IFCFACEOUTERBOUND(#2882,.T.);
#2884=IFCFACE((#2883));
#2885=IFCPOLYLOOP((#2833,#2832,#2804,#2803));
#2886=IFCFACEOUTERBOUND(#2885,.T.);
#2887=IFCFACE((#2886));
#2888=IFCPOLYLOOP((#2836,#2800,#2799,#2837));
#2889=IFCFACEOUTERBOUND(#2888,.T.);
#2890=IFCFACE((#2889));
#2891=IFCPOLYLOOP((#2836,#2835,#2801,#2800));
#2892=IFCFACEOUTERBOUND(#2891,.T.);
#2893=IFCFACE((#2892));
#2894=IFCPOLYLOOP((#2831,#2805,#2804,#2832));
#2895=IFCFACEOUTERBOUND(#2894,.T.);
#2896=IFCFACE((#2895));
#2897=IFCPOLYLOOP((#2830,#2806,#2805,#2831));
#2898=IFCFACEOUTERBOUND(#2897,.T.);
#2899=IFCFACE((#2898));
#2900=IFCPOLYLOOP((#2808,#2807,#2829,#2828));
#2901=IFCFACEOUTERBOUND(#2900,.T.);
#2902=IFCFACE((#2901));
#2903=IFCPOLYLOOP((#2828,#2827,#2809,#2808));
#2904=IFCFACEOUTERBOUND(#2903,.T.);
#2905=IFCFACE((#2904));
#2906=IFCPOLYLOOP((#2830,#2829,#2807,#2806));
#2907=IFCFACEOUTERBOUND(#2906,.T.);
#2908=IFCFACE((#2907));
#2909=IFCPOLYLOOP((#2826,#2810,#2809,#2827));
#2910=IFCFACEOUTERBOUND(#2909,.T.);
#2911=IFCFACE((#2910));
#2912=IFCPOLYLOOP((#2810,#2826,#2825,#2811));
#2913=IFCFACEOUTERBOUND(#2912,.T.);
#2914=IFCFACE((#2913));
#2915=IFCPOLYLOOP((#2813,#2823,#2822,#2814));
#2916=IFCFACEOUTERBOUND(#2915,.T.);
#2917=IFCFACE((#2916));
#2918=IFCPOLYLOOP((#2820,#2819,#2817,#2816));
#2919=IFCFACEOUTERBOUND(#2918,.T.);
#2920=IFCFACE((#2919));
#2921=IFCPOLYLOOP((#2815,#2821,#2820,#2816));
#2922=IFCFACEOUTERBOUND(#2921,.T.);
#2923=IFCFACE((#2922));
#2924=IFCPOLYLOOP((#2814,#2822,#2821,#2815));
#2925=IFCFACEOUTERBOUND(#2924,.T.);
#2926=IFCFACE((#2925));
#2927=IFCPOLYLOOP((#2817,#2819,#2818,#2790));
#2928=IFCFACEOUTERBOUND(#2927,.T.);
#2929=IFCFACE((#2928));
#2930=IFCPOLYLOOP((#2812,#2811,#2825,#2824));
#2931=IFCFACEOUTERBOUND(#2930,.T.);
#2932=IFCFACE((#2931));
#2933=IFCPOLYLOOP((#2812,#2824,#2823,#2813));
#2934=IFCFACEOUTERBOUND(#2933,.T.);
#2935=IFCFACE((#2934));
#2936=IFCCARTESIANPOINT((423.49999999999159,-2.2843600620150624,112.53884059096026));
#2937=IFCCARTESIANPOINT((421.44497678187759,-2.3768932489991252,112.79307343274877));
#2938=IFCCARTESIANPOINT((419.52999999999156,-2.6481868261766959,113.53844641008612));
#2939=IFCCARTESIANPOINT((417.88557215737035,-3.0797525845969407,114.72416358635384));
#2940=IFCCARTESIANPOINT((416.62375829394313,-3.6421800310196795,116.26942029547959));
#2941=IFCCARTESIANPOINT((415.83054893925635,-4.2971406644264913,118.06890984639388));
#2942=IFCCARTESIANPOINT((415.55999999999153,-5.,120.));
#2943=IFCCARTESIANPOINT((415.83054893925629,-5.7028593356221551,121.93109015360412));
#2944=IFCCARTESIANPOINT((416.62375829394296,-6.3578199690289789,123.73057970451845));
#2945=IFCCARTESIANPOINT((417.88557215737023,-6.9202474154517279,125.27583641364423));
#2946=IFCCARTESIANPOINT((419.52999999999139,-7.3518131738719834,126.46155358991197));
#2947=IFCCARTESIANPOINT((421.44497678187736,-7.62310675104957,127.20692656724937));
#2948=IFCCARTESIANPOINT((423.49999999999153,-7.7156399380336493,127.46115940903793));
#2949=IFCCARTESIANPOINT((425.55502321810553,-7.6231067510495745,127.2069265672494));
#2950=IFCCARTESIANPOINT((427.4699999999915,-7.3518131738720038,126.46155358991203));
#2951=IFCCARTESIANPOINT((429.11442784261271,-6.9202474154517404,125.27583641364427));
#2952=IFCCARTESIANPOINT((430.37624170603993,-6.3578199690290012,123.73057970451852));
#2953=IFCCARTESIANPOINT((431.16945106072666,-5.7028593356221959,121.93109015360425));
#2954=IFCCARTESIANPOINT((431.43999999999147,-5.,120.));
#2955=IFCCARTESIANPOINT((431.16945106072671,-4.2971406644265251,118.06890984639399));
#2956=IFCCARTESIANPOINT((430.37624170603993,-3.6421800310197141,116.2694202954797));
#2957=IFCCARTESIANPOINT((429.11442784261271,-3.0797525845969709,114.72416358635394));
#2958=IFCCARTESIANPOINT((427.46999999999156,-2.648186826176715,113.53844641008619));
#2959=IFCCARTESIANPOINT((425.55502321810553,-2.3768932489991346,112.7930734327488));
#2960=IFCCARTESIANPOINT((423.49999999999159,-30.475138685597098,102.27823629117354));
#2961=IFCCARTESIANPOINT((425.55502321810553,-30.567671872581172,102.53246913296209));
#2962=IFCCARTESIANPOINT((427.46999999999156,-30.838965449758753,103.27784211029949));
#2963=IFCCARTESIANPOINT((429.11442784261271,-31.270531208179008,104.46355928656722));
#2964=IFCCARTESIANPOINT((430.37624170603993,-31.83295865460175,106.00881599569298));
#2965=IFCCARTESIANPOINT((431.16945106072671,-32.487919288008563,107.80830554660729));
#2966=IFCCARTESIANPOINT((431.43999999999153,-33.190778623606398,109.73939570021241));
#2967=IFCCARTESIANPOINT((431.16945106072671,-33.893637959204227,111.67048585381752));
#2968=IFCCARTESIANPOINT((430.37624170603993,-34.548598592611036,113.46997540473181));
#2969=IFCCARTESIANPOINT((429.11442784261271,-35.111026039033774,115.01523211385756));
#2970=IFCCARTESIANPOINT((427.4699999999915,-35.542591797454037,116.20094929012532));
#2971=IFCCARTESIANPOINT((425.55502321810553,-35.81388537463161,116.94632226746268));
#2972=IFCCARTESIANPOINT((423.49999999999136,-35.906418561615688,117.20055510925123));
#2973=IFCCARTESIANPOINT((421.44497678187741,-35.81388537463161,116.94632226746266));
#2974=IFCCARTESIANPOINT((419.52999999999145,-35.542591797454023,116.20094929012525));
#2975=IFCCARTESIANPOINT((417.88557215737029,-35.11102603903376,115.01523211385751));
#2976=IFCCARTESIANPOINT((416.62375829394307,-34.548598592611015,113.46997540473173));
#2977=IFCCARTESIANPOINT((415.83054893925629,-33.893637959204192,111.6704858538174));
#2978=IFCCARTESIANPOINT((415.55999999999153,-33.190778623606363,109.73939570021228));
#2979=IFCCARTESIANPOINT((415.83054893925635,-32.487919288008527,107.80830554660717));
#2980=IFCCARTESIANPOINT((416.62375829394313,-31.832958654601715,106.00881599569287));
#2981=IFCCARTESIANPOINT((417.88557215737046,-31.27053120817898,104.46355928656712));
#2982=IFCCARTESIANPOINT((419.52999999999156,-30.838965449758732,103.27784211029942));
#2983=IFCCARTESIANPOINT((421.44497678187759,-30.567671872581162,102.53246913296205));
#2984=IFCPOLYLOOP((#2954,#2955,#2956,#2957,#2958,#2959,#2936,#2937,#2938,#2939,#2940,#2941,#2942,#2943,#2944,#2945,#2946,#2947,#2948,#2949,#2950,#2951,#2952,#2953));
#2985=IFCFACEOUTERBOUND(#2984,.T.);
#2986=IFCFACE((#2985));
#2987=IFCPOLYLOOP((#2965,#2966,#2967,#2968,#2969,#2970,#2971,#2972,#2973,#2974,#2975,#2976,#2977,#2978,#2979,#2980,#2981,#2982,#2983,#2960,#2961,#2962,#2963,#2964));
#2988=IFCFACEOUTERBOUND(#2987,.T.);
#2989=IFCFACE((#2988));
#2990=IFCPOLYLOOP((#2983,#2937,#2936,#2960));
#2991=IFCFACEOUTERBOUND(#2990,.T.);
#2992=IFCFACE((#2991));
#2993=IFCPOLYLOOP((#2982,#2938,#2937,#2983));
#2994=IFCFACEOUTERBOUND(#2993,.T.);
#2995=IFCFACE((#2994));
#2996=IFCPOLYLOOP((#2939,#2981,#2980,#2940));
#2997=IFCFACEOUTERBOUND(#2996,.T.);
#2998=IFCFACE((#2997));
#2999=IFCPOLYLOOP((#2982,#2981,#2939,#2938));
#3000=IFCFACEOUTERBOUND(#2999,.T.);
#3001=IFCFACE((#3000));
#3002=IFCPOLYLOOP((#2940,#2980,#2979,#2941));
#3003=IFCFACEOUTERBOUND(#3002,.T.);
#3004=IFCFACE((#3003));
#3005=IFCPOLYLOOP((#2941,#2979,#2978,#2942));
#3006=IFCFACEOUTERBOUND(#3005,.T.);
#3007=IFCFACE((#3006));
#3008=IFCPOLYLOOP((#2976,#2944,#2943,#2977));
#3009=IFCFACEOUTERBOUND(#3008,.T.);
#3010=IFCFACE((#3009));
#3011=IFCPOLYLOOP((#2975,#2945,#2944,#2976));
#3012=IFCFACEOUTERBOUND(#3011,.T.);
#3013=IFCFACE((#3012));
#3014=IFCPOLYLOOP((#2946,#2974,#2973,#2947));
#3015=IFCFACEOUTERBOUND(#3014,.T.);
#3016=IFCFACE((#3015));
#3017=IFCPOLYLOOP((#2975,#2974,#2946,#2945));
#3018=IFCFACEOUTERBOUND(#3017,.T.);
#3019=IFCFACE((#3018));
#3020=IFCPOLYLOOP((#2947,#2973,#2972,#2948));
#3021=IFCFACEOUTERBOUND(#3020,.T.);
#3022=IFCFACE((#3021));
#3023=IFCPOLYLOOP((#2943,#2942,#2978,#2977));
#3024=IFCFACEOUTERBOUND(#3023,.T.);
#3025=IFCFACE((#3024));
#3026=IFCPOLYLOOP((#2971,#2949,#2948,#2972));
#3027=IFCFACEOUTERBOUND(#3026,.T.);
#3028=IFCFACE((#3027));
#3029=IFCPOLYLOOP((#2970,#2950,#2949,#2971));
#3030=IFCFACEOUTERBOUND(#3029,.T.);
#3031=IFCFACE((#3030));
#3032=IFCPOLYLOOP((#2951,#2969,#2968,#2952));
#3033=IFCFACEOUTERBOUND(#3032,.T.);
#3034=IFCFACE((#3033));
#3035=IFCPOLYLOOP((#2970,#2969,#2951,#2950));
#3036=IFCFACEOUTERBOUND(#3035,.T.);
#3037=IFCFACE((#3036));
#3038=IFCPOLYLOOP((#2952,#2968,#2967,#2953));
#3039=IFCFACEOUTERBOUND(#3038,.T.);
#3040=IFCFACE((#3039));
#3041=IFCPOLYLOOP((#2953,#2967,#2966,#2954));
#3042=IFCFACEOUTERBOUND(#3041,.T.);
#3043=IFCFACE((#3042));
#3044=IFCPOLYLOOP((#2964,#2956,#2955,#2965));
#3045=IFCFACEOUTERBOUND(#3044,.T.);
#3046=IFCFACE((#3045));
#3047=IFCPOLYLOOP((#2963,#2957,#2956,#2964));
#3048=IFCFACEOUTERBOUND(#3047,.T.);
#3049=IFCFACE((#3048));
#3050=IFCPOLYLOOP((#2958,#2962,#2961,#2959));
#3051=IFCFACEOUTERBOUND(#3050,.T.);
#3052=IFCFACE((#3051));
#3053=IFCPOLYLOOP((#2963,#2962,#2958,#2957));
#3054=IFCFACEOUTERBOUND(#3053,.T.);
#3055=IFCFACE((#3054));
#3056=IFCPOLYLOOP((#2959,#2961,#2960,#2936));
#3057=IFCFACEOUTERBOUND(#3056,.T.);
#3058=IFCFACE((#3057));
#3059=IFCPOLYLOOP((#2955,#2954,#2966,#2965));
#3060=IFCFACEOUTERBOUND(#3059,.T.);
#3061=IFCFACE((#3060));
#3062=IFCCARTESIANPOINT((423.49999999999136,-3.9140860449644661,181.0164759290038));
#3063=IFCCARTESIANPOINT((422.67824953179087,-3.9510876657043013,181.11813704646963));
#3064=IFCCARTESIANPOINT((421.91249999999138,-4.0595709286184505,181.41619236171474));
#3065=IFCCARTESIANPOINT((421.2549359697241,-4.232142878616397,181.8903298975649));
#3066=IFCCARTESIANPOINT((420.75036934297577,-4.4570430224943962,182.50823796450123));
#3067=IFCCARTESIANPOINT((420.43318550152361,-4.7189447871122425,183.22780714890339));
#3068=IFCCARTESIANPOINT((420.32499999999135,-5.,184.));
#3069=IFCCARTESIANPOINT((420.43318550152355,-5.2810552129364421,184.77219285109399));
#3070=IFCCARTESIANPOINT((420.75036934297577,-5.5429569775542999,185.49176203549621));
#3071=IFCCARTESIANPOINT((421.25493596972404,-5.7678571214322982,186.10967010243252));
#3072=IFCCARTESIANPOINT((421.91249999999133,-5.9404290714302448,186.58380763828268));
#3073=IFCCARTESIANPOINT((422.67824953179087,-6.0489123343444042,186.88186295352784));
#3074=IFCCARTESIANPOINT((423.49999999999136,-6.0859139550842496,186.9835240709937));
#3075=IFCCARTESIANPOINT((424.32175046819185,-6.048912334344414,186.88186295352787));
#3076=IFCCARTESIANPOINT((425.08749999999134,-5.9404290714302537,186.58380763828274));
#3077=IFCCARTESIANPOINT((425.74506403025862,-5.767857121432308,186.10967010243255));
#3078=IFCCARTESIANPOINT((426.24963065700695,-5.5429569775543071,185.49176203549624));
#3079=IFCCARTESIANPOINT((426.56681449845911,-5.2810552129364625,184.77219285109405));
#3080=IFCCARTESIANPOINT((426.67499999999137,-5.,184.));
#3081=IFCCARTESIANPOINT((426.56681449845911,-4.7189447871122612,183.22780714890348));
#3082=IFCCARTESIANPOINT((426.24963065700695,-4.4570430224944158,182.50823796450129));
#3083=IFCCARTESIANPOINT((425.74506403025867,-4.2321428786164166,181.89032989756495));
#3084=IFCCARTESIANPOINT((425.08749999999139,-4.0595709286184709,181.41619236171479));
#3085=IFCCARTESIANPOINT((424.32175046819185,-3.9510876657043004,181.11813704646963));
#3086=IFCCARTESIANPOINT((423.49999999999142,-32.104864668548153,170.75587162922187));
#3087=IFCCARTESIANPOINT((424.32175046819191,-32.141866289287996,170.85753274668772));
#3088=IFCCARTESIANPOINT((425.08749999999151,-32.250349552202159,171.15558806193286));
#3089=IFCCARTESIANPOINT((425.74506403025867,-32.422921502200104,171.62972559778305));
#3090=IFCCARTESIANPOINT((426.249630657007,-32.6478216460781,172.24763366471936));
#3091=IFCCARTESIANPOINT((426.56681449845922,-32.909723410695946,172.96720284912155));
#3092=IFCCARTESIANPOINT((426.67499999999137,-33.19077862360804,173.73939570021682));
#3093=IFCCARTESIANPOINT((426.56681449845922,-33.471833836520148,174.51158855131212));
#3094=IFCCARTESIANPOINT((426.249630657007,-33.73373560113798,175.23115773571428));
#3095=IFCCARTESIANPOINT((425.74506403025867,-33.958635745015975,175.84906580265059));
#3096=IFCCARTESIANPOINT((425.08749999999139,-34.13120769501392,176.32320333850078));
#3097=IFCCARTESIANPOINT((424.32175046819191,-34.23969095792809,176.62125865374591));
#3098=IFCCARTESIANPOINT((423.49999999999142,-34.276692578667934,176.72291977121176));
#3099=IFCCARTESIANPOINT((422.67824953179093,-34.239690957928097,176.62125865374594));
#3100=IFCCARTESIANPOINT((421.91249999999138,-34.131207695013941,176.3232033385008));
#3101=IFCCARTESIANPOINT((421.2549359697241,-33.958635745015997,175.84906580265064));
#3102=IFCCARTESIANPOINT((420.75036934297577,-33.733735601137987,175.23115773571428));
#3103=IFCCARTESIANPOINT((420.43318550152361,-33.471833836520133,174.51158855131209));
#3104=IFCCARTESIANPOINT((420.32499999999141,-33.190778623608018,173.73939570021676));
#3105=IFCCARTESIANPOINT((420.43318550152361,-32.909723410695925,172.96720284912146));
#3106=IFCCARTESIANPOINT((420.75036934297583,-32.647821646078079,172.2476336647193));
#3107=IFCCARTESIANPOINT((421.25493596972416,-32.422921502200069,171.62972559778294));
#3108=IFCCARTESIANPOINT((421.91249999999144,-32.250349552202131,171.1555880619328));
#3109=IFCCARTESIANPOINT((422.67824953179098,-32.141866289287982,170.8575327466877));
#3110=IFCPOLYLOOP((#3077,#3078,#3079,#3080,#3081,#3082,#3083,#3084,#3085,#3062,#3063,#3064,#3065,#3066,#3067,#3068,#3069,#3070,#3071,#3072,#3073,#3074,#3075,#3076));
#3111=IFCFACEOUTERBOUND(#3110,.T.);
#3112=IFCFACE((#3111));
#3113=IFCPOLYLOOP((#3093,#3094,#3095,#3096,#3097,#3098,#3099,#3100,#3101,#3102,#3103,#3104,#3105,#3106,#3107,#3108,#3109,#3086,#3087,#3088,#3089,#3090,#3091,#3092));
#3114=IFCFACEOUTERBOUND(#3113,.T.);
#3115=IFCFACE((#3114));
#3116=IFCPOLYLOOP((#3109,#3063,#3062,#3086));
#3117=IFCFACEOUTERBOUND(#3116,.T.);
#3118=IFCFACE((#3117));
#3119=IFCPOLYLOOP((#3108,#3064,#3063,#3109));
#3120=IFCFACEOUTERBOUND(#3119,.T.);
#3121=IFCFACE((#3120));
#3122=IFCPOLYLOOP((#3065,#3107,#3106,#3066));
#3123=IFCFACEOUTERBOUND(#3122,.T.);
#3124=IFCFACE((#3123));
#3125=IFCPOLYLOOP((#3108,#3107,#3065,#3064));
#3126=IFCFACEOUTERBOUND(#3125,.T.);
#3127=IFCFACE((#3126));
#3128=IFCPOLYLOOP((#3066,#3106,#3105,#3067));
#3129=IFCFACEOUTERBOUND(#3128,.T.);
#3130=IFCFACE((#3129));
#3131=IFCPOLYLOOP((#3067,#3105,#3104,#3068));
#3132=IFCFACEOUTERBOUND(#3131,.T.);
#3133=IFCFACE((#3132));
#3134=IFCPOLYLOOP((#3102,#3070,#3069,#3103));
#3135=IFCFACEOUTERBOUND(#3134,.T.);
#3136=IFCFACE((#3135));
#3137=IFCPOLYLOOP((#3101,#3071,#3070,#3102));
#3138=IFCFACEOUTERBOUND(#3137,.T.);
#3139=IFCFACE((#3138));
#3140=IFCPOLYLOOP((#3072,#3100,#3099,#3073));
#3141=IFCFACEOUTERBOUND(#3140,.T.);
#3142=IFCFACE((#3141));
#3143=IFCPOLYLOOP((#3101,#3100,#3072,#3071));
#3144=IFCFACEOUTERBOUND(#3143,.T.);
#3145=IFCFACE((#3144));
#3146=IFCPOLYLOOP((#3073,#3099,#3098,#3074));
#3147=IFCFACEOUTERBOUND(#3146,.T.);
#3148=IFCFACE((#3147));
#3149=IFCPOLYLOOP((#3069,#3068,#3104,#3103));
#3150=IFCFACEOUTERBOUND(#3149,.T.);
#3151=IFCFACE((#3150));
#3152=IFCPOLYLOOP((#3097,#3075,#3074,#3098));
#3153=IFCFACEOUTERBOUND(#3152,.T.);
#3154=IFCFACE((#3153));
#3155=IFCPOLYLOOP((#3096,#3076,#3075,#3097));
#3156=IFCFACEOUTERBOUND(#3155,.T.);
#3157=IFCFACE((#3156));
#3158=IFCPOLYLOOP((#3077,#3095,#3094,#3078));
#3159=IFCFACEOUTERBOUND(#3158,.T.);
#3160=IFCFACE((#3159));
#3161=IFCPOLYLOOP((#3096,#3095,#3077,#3076));
#3162=IFCFACEOUTERBOUND(#3161,.T.);
#3163=IFCFACE((#3162));
#3164=IFCPOLYLOOP((#3078,#3094,#3093,#3079));
#3165=IFCFACEOUTERBOUND(#3164,.T.);
#3166=IFCFACE((#3165));
#3167=IFCPOLYLOOP((#3079,#3093,#3092,#3080));
#3168=IFCFACEOUTERBOUND(#3167,.T.);
#3169=IFCFACE((#3168));
#3170=IFCPOLYLOOP((#3081,#3091,#3090,#3082));
#3171=IFCFACEOUTERBOUND(#3170,.T.);
#3172=IFCFACE((#3171));
#3173=IFCPOLYLOOP((#3089,#3083,#3082,#3090));
#3174=IFCFACEOUTERBOUND(#3173,.T.);
#3175=IFCFACE((#3174));
#3176=IFCPOLYLOOP((#3084,#3088,#3087,#3085));
#3177=IFCFACEOUTERBOUND(#3176,.T.);
#3178=IFCFACE((#3177));
#3179=IFCPOLYLOOP((#3083,#3089,#3088,#3084));
#3180=IFCFACEOUTERBOUND(#3179,.T.);
#3181=IFCFACE((#3180));
#3182=IFCPOLYLOOP((#3085,#3087,#3086,#3062));
#3183=IFCFACEOUTERBOUND(#3182,.T.);
#3184=IFCFACE((#3183));
#3185=IFCPOLYLOOP((#3081,#3080,#3092,#3091));
#3186=IFCFACEOUTERBOUND(#3185,.T.);
#3187=IFCFACE((#3186));
#3188=IFCCLOSEDSHELL((#214,#217,#220,#223,#226,#229,#232,#235,#238,#241,#244,#247,#250,#253,#256,#259,#262,#265,#268,#271,#274,#277,#280,#283,#286,#289,#292,#295,#298,#301,#304,#307,#310,#313,#316,#319,#322,#325,#328,#331,#334,#337,#340,#343,#346,#349,#352,#355,#358,#361,#364,#367,#370,#373,#376,#379,#382,#385,#388,#391,#394,#397,#400,#403,#406,#409,#412,#415,#418,#421,#424,#427,#430,#433,#436,#439,#442,#445,#448,#451,#454,#457,#460,#463,#466,#469,#472,#475,#478,#481,#484,#487,#490,#493,#496,#499,#502,#505,#508,#511,#514,#517,#520,#523,#526,#529,#532,#535,#538,#541,#544,#547,#550,#553,#556,#559,#562,#565,#568,#571,#574,#577,#580,#583,#586,#589,#592,#595,#598,#601,#604,#607,#610,#613,#616));
#3189=IFCFACETEDBREP(#3188);
#3190=IFCCOLOURRGB($,0.83137254901960789,0.80000000000000004,0.74901960784313726);
#3191=IFCSURFACESTYLERENDERING(#3190,0.,$,$,$,$,IFCNORMALISEDRATIOMEASURE(0.5),IFCSPECULAREXPONENT(64.),.NOTDEFINED.);
#3192=IFCSURFACESTYLE('Color RGB 212-204-191',.BOTH.,(#3191));
#3193=IFCPRESENTATIONSTYLEASSIGNMENT((#3192));
#3194=IFCSTYLEDITEM(#3189,(#3193),$);
#3195=IFCCLOSEDSHELL((#731,#734,#737,#740,#743,#746,#749,#752,#755,#758,#761,#764,#767,#770,#773,#776,#779,#782,#785,#788,#791,#794,#797,#800,#803,#806,#809,#812,#815,#818,#821,#824,#827,#830,#833,#836,#839,#842,#845,#848,#851,#854,#857,#860,#863,#866,#869,#872,#875,#878,#881,#884,#887,#890,#893,#896,#899,#902,#905,#908,#911,#914,#917,#920,#923,#926,#929,#932,#935,#938,#941,#944,#947,#950,#953,#956,#959,#962,#965,#968,#971,#974,#977,#980,#983,#986,#989,#992,#995,#998,#1001,#1004,#1007,#1010,#1013,#1016,#1019,#1022,#1025,#1028,#1031,#1034,#1037,#1040,#1043,#1046,#1049,#1052,#1055,#1058,#1061,#1064,#1067,#1070,#1073,#1076,#1079,#1082,#1085,#1088,#1091,#1094,#1097,#1100,#1103,#1106,#1109,#1112,#1115,#1118,#1121,#1124,#1127,#1130,#1133,#1136,#1139,#1142,#1145,#1148,#1151,#1154,#1157,#1160,#1163,#1166,#1169,#1172,#1175,#1178,#1181,#1184,#1187,#1190,#1193,#1196,#1199,#1202,#1205,#1208,#1211,#1214,#1217,#1220,#1223,#1226,#1229,#1232));
#3196=IFCFACETEDBREP(#3195);
#3197=IFCCOLOURRGB($,0.84705882352941175,0.84705882352941175,0.84705882352941175);
#3198=IFCSURFACESTYLERENDERING(#3197,0.,$,$,$,$,IFCNORMALISEDRATIOMEASURE(0.5),IFCSPECULAREXPONENT(64.),.NOTDEFINED.);
#3199=IFCSURFACESTYLE('Color RGB 216-216-216',.BOTH.,(#3198));
#3200=IFCPRESENTATIONSTYLEASSIGNMENT((#3199));
#3201=IFCSTYLEDITEM(#3196,(#3200),$);
#3202=IFCCLOSEDSHELL((#1238,#1256,#1272,#1276,#1281,#1288,#1291,#1294,#1297,#1300,#1303,#1306,#1309,#1312,#1315,#1318,#1321,#1324,#1327,#1330,#1333,#1336));
#3203=IFCFACETEDBREP(#3202);
#3204=IFCSTYLEDITEM(#3203,(#3193),$);
#3205=IFCCLOSEDSHELL((#1503,#1506,#1509,#1512,#1515,#1518,#1521,#1524,#1527,#1530,#1533,#1536,#1539,#1542,#1545,#1548,#1551,#1554,#1557,#1560,#1563,#1566,#1569,#1572,#1575,#1578,#1581,#1584,#1587,#1590,#1593,#1596,#1599,#1602,#1605,#1608,#1611,#1614,#1617,#1620,#1623,#1626,#1629,#1632,#1635,#1638,#1641,#1644,#1647,#1650,#1653,#1656,#1659,#1662,#1665,#1668,#1671,#1674,#1677,#1680,#1683,#1686,#1689,#1692,#1695,#1698,#1701,#1704,#1707,#1710,#1713,#1716,#1719,#1722,#1725,#1728,#1731,#1734,#1737,#1740,#1743,#1746,#1749,#1752,#1755,#1758,#1761,#1764,#1767,#1770,#1773,#1776,#1779,#1782,#1785,#1788,#1791,#1794,#1797,#1800,#1803,#1806,#1809,#1812,#1815,#1818,#1821,#1824,#1827,#1830,#1833,#1836,#1839,#1842,#1845,#1848,#1851,#1854,#1857,#1860,#1863,#1866,#1869,#1872,#1875,#1878,#1881,#1884,#1887,#1890,#1893,#1896,#1899,#1902,#1905,#1908,#1911,#1914,#1917,#1920,#1923,#1926,#1929,#1932,#1935,#1938,#1941,#1944,#1947,#1950,#1953,#1956,#1959,#1962,#1965,#1968,#1971,#1974,#1977,#1980,#1983,#1986,#1989,#1992,#1995,#1998,#2001,#2004,#2007,#2010,#2013,#2016,#2019,#2022,#2025,#2028,#2031,#2034,#2037,#2040,#2043,#2046,#2049,#2052,#2055,#2058,#2061,#2064,#2067,#2070,#2073,#2076,#2079,#2082,#2085,#2088,#2091,#2094,#2097,#2100,#2103,#2106,#2109,#2112,#2115,#2118,#2121,#2124,#2127,#2130,#2133,#2136,#2139,#2142,#2145,#2148,#2151,#2154,#2157,#2160,#2163,#2166,#2169,#2172,#2175,#2178,#2181,#2184,#2187,#2190,#2193,#2196,#2199,#2202,#2205,#2208,#2211,#2214,#2217,#2220,#2223,#2226,#2229,#2232,#2235,#2238));
#3206=IFCFACETEDBREP(#3205);
#3207=IFCSTYLEDITEM(#3206,(#3193),$);
#3208=IFCCLOSEDSHELL((#2335,#2338,#2341,#2344,#2347,#2350,#2353,#2356,#2359,#2362,#2365,#2368,#2371,#2374,#2377,#2380,#2383,#2386,#2389,#2392,#2395,#2398,#2401,#2404,#2407,#2410,#2413,#2416,#2419,#2422,#2425,#2428,#2431,#2434,#2437,#2440,#2443,#2446,#2449,#2452,#2455,#2458,#2461,#2464,#2467,#2470,#2473,#2476,#2479,#2482,#2485,#2488,#2491,#2494,#2497,#2500,#2503,#2506,#2509,#2512,#2515,#2518,#2521,#2524,#2527,#2530,#2533,#2536,#2539,#2542,#2545,#2548,#2551,#2554,#2557,#2560,#2563,#2566,#2569,#2572,#2575,#2578,#2581,#2584,#2587,#2590,#2593,#2596,#2599,#2602,#2605,#2608,#2611,#2614,#2617,#2620,#2623,#2626,#2629,#2632,#2635,#2638,#2641,#2644,#2647,#2650,#2653,#2656,#2659,#2662,#2665,#2668,#2671,#2674,#2677,#2680,#2683,#2686,#2689,#2692,#2695,#2698,#2701,#2704,#2707,#2710,#2713,#2716,#2719,#2722,#2725,#2728,#2731,#2734,#2737));
#3209=IFCFACETEDBREP(#3208);
#3210=IFCSTYLEDITEM(#3209,(#3193),$);
#3211=IFCCLOSEDSHELL((#2744,#2749,#2753,#2757,#2760,#2763));
#3212=IFCFACETEDBREP(#3211);
#3213=IFCSTYLEDITEM(#3212,(#3193),$);
#3214=IFCCLOSEDSHELL((#2770,#2777,#2780,#2783,#2786,#2789));
#3215=IFCFACETEDBREP(#3214);
#3216=IFCSTYLEDITEM(#3215,(#3193),$);
#3217=IFCCLOSEDSHELL((#2848,#2851,#2854,#2857,#2860,#2863,#2866,#2869,#2872,#2875,#2878,#2881,#2884,#2887,#2890,#2893,#2896,#2899,#2902,#2905,#2908,#2911,#2914,#2917,#2920,#2923,#2926,#2929,#2932,#2935));
#3218=IFCFACETEDBREP(#3217);
#3219=IFCCOLOURRGB($,0.15686274509803921,0.15686274509803921,0.15686274509803921);
#3220=IFCSURFACESTYLERENDERING(#3219,0.,$,$,$,$,IFCNORMALISEDRATIOMEASURE(0.5),IFCSPECULAREXPONENT(64.),.NOTDEFINED.);
#3221=IFCSURFACESTYLE('Color RGB 040-040-040',.BOTH.,(#3220));
#3222=IFCPRESENTATIONSTYLEASSIGNMENT((#3221));
#3223=IFCSTYLEDITEM(#3218,(#3222),$);
#3224=IFCCLOSEDSHELL((#2986,#2989,#2992,#2995,#2998,#3001,#3004,#3007,#3010,#3013,#3016,#3019,#3022,#3025,#3028,#3031,#3034,#3037,#3040,#3043,#3046,#3049,#3052,#3055,#3058,#3061));
#3225=IFCFACETEDBREP(#3224);
#3226=IFCSTYLEDITEM(#3225,(#3200),$);
#3227=IFCCLOSEDSHELL((#3112,#3115,#3118,#3121,#3124,#3127,#3130,#3133,#3136,#3139,#3142,#3145,#3148,#3151,#3154,#3157,#3160,#3163,#3166,#3169,#3172,#3175,#3178,#3181,#3184,#3187));
#3228=IFCFACETEDBREP(#3227);
#3229=IFCSTYLEDITEM(#3228,(#3200),$);
#3230=IFCSHAPEREPRESENTATION(#103,'Body','Brep',(#3189,#3196,#3203,#3206,#3209,#3212,#3215,#3218,#3225,#3228));
#3231=IFCAXIS2PLACEMENT3D(#3,$,$);
#3232=IFCREPRESENTATIONMAP(#3231,#3230);
#3233=IFCPUMPTYPE('3IigV$WOPCsgn6qX9hhbfS',#20,'HVAC_Air-Conditioning_Fujitsu_AOYG18-24LFC:AOYG24LFCC',$,$,(#3264),(#3232),'536471',$,.NOTDEFINED.);
#3234=IFCMATERIAL('Color RGB 212-204-191');
#3235=IFCPRESENTATIONSTYLEASSIGNMENT((#3192));
#3236=IFCSTYLEDITEM($,(#3235),$);
#3237=IFCSTYLEDREPRESENTATION(#101,'Style','Material',(#3236));
#3238=IFCMATERIALDEFINITIONREPRESENTATION($,$,(#3237),#3234);
#3239=IFCMATERIAL('<Unnamed>');
#3240=IFCMATERIAL('Color RGB 040-040-040');
#3241=IFCPRESENTATIONSTYLEASSIGNMENT((#3221));
#3242=IFCSTYLEDITEM($,(#3241),$);
#3243=IFCSTYLEDREPRESENTATION(#101,'Style','Material',(#3242));
#3244=IFCMATERIALDEFINITIONREPRESENTATION($,$,(#3243),#3240);
#3245=IFCMATERIAL('Color RGB 216-216-216');
#3246=IFCPRESENTATIONSTYLEASSIGNMENT((#3199));
#3247=IFCSTYLEDITEM($,(#3246),$);
#3248=IFCSTYLEDREPRESENTATION(#101,'Style','Material',(#3247));
#3249=IFCMATERIALDEFINITIONREPRESENTATION($,$,(#3248),#3245);
#3250=IFCMATERIALLIST((#3234,#3239,#3240,#3245));
#3251=IFCCARTESIANTRANSFORMATIONOPERATOR3D($,$,#3,1.,$);
#3252=IFCMAPPEDITEM(#3232,#3251);
#3253=IFCSHAPEREPRESENTATION(#103,'Body','MappedRepresentation',(#3252));
#3254=IFCPRODUCTDEFINITIONSHAPE($,$,(#3253));
#3255=IFCAXIS2PLACEMENT3D(#3,$,$);
#3256=IFCLOCALPLACEMENT(#111,#3255);
#3257=IFCFLOWMOVINGDEVICE('3IigV$WOPCsgn6qX9hhbfY',#20,'HVAC_Air-Conditioning_Fujitsu_AOYG18-24LFC:AOYG24LFCC:536489',$,'HVAC_Air-Conditioning_Fujitsu_AOYG18-24LFC:AOYG24LFCC',#3256,#3254,'536489');
#3258=IFCPROPERTYSINGLEVALUE('Reference',$,IFCIDENTIFIER('AOYG24LFCC'),$);
#3259=IFCPROPERTYSET('3GU52BzP5Jt5CNp78OFJSh',#20,'Pset_DistributionFlowElementCommon',$,(#3258));
#3260=IFCPROPERTYSET('1Ie29KQoDlEk97ZgrNWkUb',#20,'Pset_QuantityTakeOff',$,(#3258));
#3261=IFCRELDEFINESBYPROPERTIES('2wLaprNi_dEor7pASJjliX',#20,$,$,(#3257),#3259);
#3262=IFCRELDEFINESBYPROPERTIES('3qXkOSmUfawZborstHaBL5',#20,$,$,(#3257),#3260);
#3263=IFCPROPERTYSINGLEVALUE('Manufacturer',$,IFCLABEL('General Inc.'),$);
#3264=IFCPROPERTYSET('2rygAFEswLdnsxOiOWlmKo',#20,'Pset_ManufacturerTypeInformation',$,(#3263));
#3265=IFCCARTESIANPOINT((395.,-26.666666666667929,280.));
#3266=IFCAXIS2PLACEMENT3D(#3265,#6,#7);
#3267=IFCLOCALPLACEMENT(#3256,#3266);
#3268=IFCDISTRIBUTIONPORT('1gecst8jd0tsB7D5SUH26d',#20,'Port_536489_1','Flow',$,#3267,$,.SOURCEANDSINK.);
#3269=IFCRELCONNECTSPORTTOELEMENT('2Dw7ruzOH3jre5luZhKBw5',#20,'536489|1gecst8jd0tsB7D5SUH26d','Flow',#3268,#3257);
#3270=IFCCARTESIANPOINT((423.49999999999136,-5.,184.));
#3271=IFCDIRECTION((0.,0.9396926207858064,0.3420201433259491));
#3272=IFCAXIS2PLACEMENT3D(#3270,#3271,#5);
#3273=IFCLOCALPLACEMENT(#3256,#3272);
#3274=IFCDISTRIBUTIONPORT('2Lowg3k1lVxkUkdzIrVzDG',#20,'Port_536489_4','Flow',$,#3273,$,.SOURCEANDSINK.);
#3275=IFCRELCONNECTSPORTTOELEMENT('1Bbd1M13H8g_oucywBFDXs',#20,'536489|2Lowg3k1lVxkUkdzIrVzDG','Flow',#3274,#3257);
#3276=IFCCARTESIANPOINT((423.49999999999159,-5.,120.));
#3277=IFCDIRECTION((0.,0.93969262078574867,0.3420201433261077));
#3278=IFCAXIS2PLACEMENT3D(#3276,#3277,#5);
#3279=IFCLOCALPLACEMENT(#3256,#3278);
#3280=IFCDISTRIBUTIONPORT('2uLkXdHCcrX5PO$VcosUJT',#20,'Port_536489_5','Flow',$,#3279,$,.SOURCEANDSINK.);
#3281=IFCRELCONNECTSPORTTOELEMENT('2ENK0TkEuc6qnBr_ophyOr',#20,'536489|2uLkXdHCcrX5PO$VcosUJT','Flow',#3280,#3257);
#3282=IFCPROPERTYSINGLEVALUE('Name',$,IFCLABEL('Level 1'),$);
#3283=IFCPROPERTYSET('3IULX$Wy2HYPrNXhtP3t0D',#20,'Pset_AirSideSystemInformation',$,(#3282));
#3284=IFCPROPERTYSINGLEVALUE('AboveGround',$,IFCLOGICAL(.U.),$);
#3285=IFCPROPERTYSET('0tB8idkUAp3zFXaoo8hxD2',#20,'Pset_BuildingStoreyCommon',$,(#3284));
#3286=IFCPROPERTYSINGLEVALUE('Name',$,IFCLABEL('Level 1'),$);
#3287=IFCPROPERTYSET('0BiHkAZ_OA1U9qHMurnR2q',#20,'Pset_ProductRequirements',$,(#3286));
#3288=IFCRELDEFINESBYPROPERTIES('1xK5NEnxpkyvMM72dmfRvS',#20,$,$,(#112),#3283);
#3289=IFCRELDEFINESBYPROPERTIES('1QkZKZm0Gmqaiug7wSYSwX',#20,$,$,(#112),#3285);
#3290=IFCRELDEFINESBYPROPERTIES('2h$4lfBqJ9sJmo42xUeL7P',#20,$,$,(#112),#3287);
#3291=IFCRELCONTAINEDINSPATIALSTRUCTURE('3Zu5Bv0LOHrPC10066FoQQ',#20,$,$,(#3257),#112);
#3292=IFCRELAGGREGATES('02VTDV6ep$dNbzMNaIK7wF',#20,$,$,#106,(#115));
#3293=IFCRELAGGREGATES('2AYOZo8JFxfmc4RlujWTSk',#20,$,$,#115,(#109));
#3294=IFCRELAGGREGATES('27PCKGLxT4mxtV9cw6mgBW',#20,$,$,#109,(#112));
#3295=IFCPROPERTYSINGLEVALUE('NumberOfStoreys',$,IFCINTEGER(1),$);
#3296=IFCPROPERTYSINGLEVALUE('IsLandmarked',$,IFCLOGICAL(.U.),$);
#3297=IFCPROPERTYSET('1eF4ktmM4maX3YyZTiEJD6',#20,'Pset_BuildingCommon',$,(#3295,#3296));
#3298=IFCRELDEFINESBYPROPERTIES('2BV6vXCu4Au62s3F18VmGb',#20,$,$,(#109),#3297);
#3299=IFCRELASSOCIATESMATERIAL('1nbDcGpfaLV8tQbFI6pm2N',#20,$,$,(#3233,#3257),#3250);
#3300=IFCRELDEFINESBYTYPE('2nG0b13JArgXj806szwwn3',#20,$,$,(#3257),#3233);
#3301=IFCPRESENTATIONLAYERASSIGNMENT('M-EQPM',$,(#3230,#3253),$);
ENDSEC;

END-ISO-10303-21;