ISO-10303-21;
HEADER;
FILE_DESCRIPTION (('ViewDefinition [CoordinationView]'), '2;1');
FILE_NAME ('Furniture_Chairs-Stools-Benches_Karl-Andersson-Soner_Colo-Chair-Covered-seat.ifc', '2022-06-21T12:43:08', ('Supplier'), ('BIMobject'), 'IFC Engine DLL 2017-09-06', 'BIMobject-Lena', 'Full Scope');
FILE_SCHEMA (('IFC2X3'));
ENDSEC;
DATA;
#1 = IFCPROJECT('3FXHIJX9jBJhbqEuM5iiV1', #2, 'BIMobject Library', $, $, $, $, (#19), #7);
#2 = IFCOWNERHISTORY(#3, #6, $, .ADDED., 1655808188, $, $, 1655808188);
#3 = IFCPERSONANDORGANIZATION(#4, #5, $);
#4 = IFCPERSON($, 'Maros', 'J\X2\00EF\X0\\X2\00BF\X0\\X2\00BD\X0\nos', $, $, $, $, $);
#5 = IFCORGANIZATION($, 'BIMobject', 'BIMobject\X2\00EF\X0\\X2\00BF\X0\\X2\00BD\X0\ Corporation', $, $);
#6 = IFCAPPLICATION(#5, '0.10', 'BIMobject-Lena', 'LTC 110');
#7 = IFCUNITASSIGNMENT((#8, #9, #10, #12, #15, #16, #17, #18));
#8 = IFCSIUNIT(*, .LENGTHUNIT., $, .METRE.);
#9 = IFCSIUNIT(*, .AREAUNIT., $, .SQUARE_METRE.);
#10 = IFCSIUNIT(*, .VOLUMEUNIT., $, .CUBIC_METRE.);
#11 = IFCSIUNIT(*, .PLANEANGLEUNIT., $, .RADIAN.);
#12 = IFCCONVERSIONBASEDUNIT(#13, .PLANEANGLEUNIT., 'DEGREE', #14);
#13 = IFCDIMENSIONALEXPONENTS(0, 0, 0, 0, 0, 0, 0);
#14 = IFCMEASUREWITHUNIT(IFCPLANEANGLEMEASURE(1.74532925199433E-2), #11);
#15 = IFCSIUNIT(*, .SOLIDANGLEUNIT., $, .STERADIAN.);
#16 = IFCSIUNIT(*, .TIMEUNIT., $, .SECOND.);
#17 = IFCSIUNIT(*, .THERMODYNAMICTEMPERATUREUNIT., $, .DEGREE_CELSIUS.);
#18 = IFCSIUNIT(*, .LUMINOUSINTENSITYUNIT., $, .LUMEN.);
#19 = IFCGEOMETRICREPRESENTATIONCONTEXT($, 'Model', 3, 1.E-5, #20, $);
#20 = IFCAXIS2PLACEMENT3D(#21, $, $);
#21 = IFCCARTESIANPOINT((0., 0., 0.));
#22 = IFCSITE('29kbBMvTDEagU8oUGqnW3R', #2, $, $, $, #23, $, $, .ELEMENT., $, $, $, $, $);
#23 = IFCLOCALPLACEMENT($, #24);
#24 = IFCAXIS2PLACEMENT3D(#21, $, $);
#25 = IFCBUILDING('2KG5ERlCH4Tgx9_v3CFokp', #2, $, $, $, #26, $, $, .ELEMENT., $, $, $);
#26 = IFCLOCALPLACEMENT(#23, #27);
#27 = IFCAXIS2PLACEMENT3D(#21, $, $);
#28 = IFCBUILDINGSTOREY('2jlyzbxaH7o9cAWfUgnvU6', #2, $, $, $, #29, $, $, .ELEMENT., 0.);
#29 = IFCLOCALPLACEMENT(#26, #30);
#30 = IFCAXIS2PLACEMENT3D(#21, $, $);
#31 = IFCRELAGGREGATES('1JN4G5spD80fnKyS7lSTsC', #2, $, $, #25, (#28));
#32 = IFCRELAGGREGATES('3Taf5ZdEbBog6rfe6F3DZ6', #2, $, $, #22, (#25));
#33 = IFCRELAGGREGATES('0L9uOScx1F1fXbbIAmQc92', #2, $, $, #1, (#22));
#34 = IFCLOCALPLACEMENT(#29, #35);
#35 = IFCAXIS2PLACEMENT3D(#21, $, $);
#36 = IFCPRODUCTDEFINITIONSHAPE($, $, (#105));
#37 = IFCFURNISHINGELEMENT('1xKDQ7yJbBAw5kGRYD5cy$', #2, 'Colo Chair - Covered seat', $, $, #34, #36, $);
#38 = IFCFURNITURETYPE('3VDnXPF_b1AAawGcV$8bxr', #2, 'Colo Chair - Covered seat', $, $, $, $, $, $, .NOTDEFINED.);
#39 = IFCRELDEFINESBYTYPE('2Y2u3asDn8Cf8CsXLQ3K5m', #2, $, $, (#37), #38);
#40 = IFCPROPERTYSET('0fqEfSdWfD5xgsI6QexCxZ', #2, 'ePset_BIMobjectScript', $, (#41, #42, #43));
#41 = IFCPROPERTYSINGLEVALUE('Clutch brackets Right', 'bos_p1', IFCLABEL('Off'), $);
#42 = IFCPROPERTYSINGLEVALUE('Clutch brackets Left', 'bos_p2', IFCLABEL('Off'), $);
#43 = IFCPROPERTYSINGLEVALUE('LOD', 'bos_p3', IFCLABEL('300'), $);
#44 = IFCRELDEFINESBYPROPERTIES('1inGMVNJH7ye4ApMtLCoB9', #2, $, $, (#37), #40);
#45 = IFCPROPERTYSET('1bRQQwXxPB1O6slztPZUnC', #2, 'ePset_BIMobject_BO', $, (#46, #47, #48, #49, #50, #51, #52, #53, #54, #55, #56, #57, #58, #59, #60, #61, #62, #63, #64, #65, #66, #67, #68, #69, #70, #71, #72, #73, #74, #75, #76, #77, #78, #79, #80, #81, #82, #83, #84, #85, #86, #87, #88, #89, #90, #91, #92, #93, #94, #95, #96, #97, #98, #99, #100, #101, #102, #103));
#46 = IFCPROPERTYSINGLEVALUE('ProductName (BO_prodinfo)', 'Name of the object', IFCTEXT('Colo Chair - Covered seat'), $);
#47 = IFCPROPERTYSINGLEVALUE('SKU (BO_prodsku)', 'Product SKU', IFCTEXT('colochair-cc2'), $);
#48 = IFCPROPERTYSINGLEVALUE('ManufacturName (BO_Manufac)', 'Brand:', IFCTEXT('Karl Andersson & S\X2\00F6\X0\ner'), $);
#49 = IFCPROPERTYSINGLEVALUE('BrandUrl (BO_brandurl)', 'Brand url:', IFCTEXT('http://www.karl-andersson.se'), $);
#50 = IFCPROPERTYSINGLEVALUE('ProductFamily (BO_prodfam)', 'Product family:', IFCTEXT('Seating'), $);
#51 = IFCPROPERTYSINGLEVALUE('ProductGroup (BO_prodgroup)', 'Product group:', IFCTEXT('Colo Chair'), $);
#52 = IFCPROPERTYSINGLEVALUE('ManufacturCountry (BO_mancont)', 'Manufacturer country:', IFCTEXT('Sweden'), $);
#53 = IFCPROPERTYSINGLEVALUE('DesignCountry (BO_designcont)', 'Design country:', IFCTEXT('Sweden'), $);
#54 = IFCPROPERTYSINGLEVALUE('PublishDate (BO_publisdat)', 'Date of publishing:', IFCTEXT(''), $);
#55 = IFCPROPERTYSINGLEVALUE('EditionNumber (BO_edinum)', 'Edition number:', IFCINTEGER(1), $);
#56 = IFCPROPERTYSINGLEVALUE('Width (BO_width)', 'Width (mm):', IFCREAL(460.), $);
#57 = IFCPROPERTYSINGLEVALUE('Height (BO_height)', 'Height (mm):', IFCREAL(815.), $);
#58 = IFCPROPERTYSINGLEVALUE('Depth (BO_depth)', 'Depth (mm):', IFCREAL(540.), $);
#59 = IFCPROPERTYSINGLEVALUE('Weight (BO_weight)', 'Weight Net (Kg):', IFCREAL(4.3), $);
#60 = IFCPROPERTYSINGLEVALUE('ProductGuid (BO_productguid)', 'Unique identifier of the object', IFCTEXT('0d68bcd0-de04-4d88-9a56-c9c0b36954a4'), $);
#61 = IFCPROPERTYSINGLEVALUE('BO_links', 'Links', IFCTEXT(''), $);
#62 = IFCPROPERTYSINGLEVALUE('QR (BO_boqrurl)', 'BIMobject QR code url:', IFCTEXT('http://bimobject.com/karlandersson/product/colochair-cc2'), $);
#63 = IFCPROPERTYSINGLEVALUE('ProductDataUrl (BO_prodaturl)', 'Product data url:', IFCTEXT('bimobject.com/karlandersson/product/colochair-cc2'), $);
#64 = IFCPROPERTYSINGLEVALUE('ProductUrl (BO_producturl)', 'Product url:', IFCTEXT('https://www.karl-andersson.se/uk/8.3000/colo-chair-news-2022'), $);
#65 = IFCPROPERTYSINGLEVALUE('InstallationInstructions (BO_montins)', 'Installation instructions:', IFCTEXT(''), $);
#66 = IFCPROPERTYSINGLEVALUE('ProductCertification (BO_prodcert)', 'Product certification:', IFCTEXT(''), $);
#67 = IFCPROPERTYSINGLEVALUE('TechnicalDescription (BO_techcert)', 'Technical description:', IFCTEXT('https://www.karl-andersson.se/products/Doc.ashx?t=2&f=Colo+Chair_2022.pdf'), $);
#68 = IFCPROPERTYSINGLEVALUE('InstructionVideo (BO_youtube)', 'Instruction video:', IFCTEXT(''), $);
#69 = IFCPROPERTYSINGLEVALUE('GtinCode (BO_gtin)', 'GTIN code:', IFCTEXT(''), $);
#70 = IFCPROPERTYSINGLEVALUE('BO_real', 'Related', IFCTEXT(''), $);
#71 = IFCPROPERTYSINGLEVALUE('MaterialMain (BO_mainmat)', 'Material main:', IFCTEXT('Wood'), $);
#72 = IFCPROPERTYSINGLEVALUE('MaterialSecondary (BO_secmat)', 'Material secondary:', IFCTEXT('Upholstery'), $);
#73 = IFCPROPERTYSINGLEVALUE('BO_classific', 'Classifications', IFCTEXT(''), $);
#74 = IFCPROPERTYSINGLEVALUE('BimObjectMainCategory (BO_bomaincat)', 'BIMobject Main Category:', IFCTEXT('Furniture'), $);
#75 = IFCPROPERTYSINGLEVALUE('BimObjectMainCategoryCode (BO_bomaincat_code)', 'BIMobject Main Category Code:', IFCTEXT('furniture'), $);
#76 = IFCPROPERTYSINGLEVALUE('BimObjectCategory (BO_bocat)', 'BIMobject Category:', IFCTEXT('Chairs, Stools & Benches'), $);
#77 = IFCPROPERTYSINGLEVALUE('BimObjectCategoryCode (BO_bocat_code)', 'BIMobject Category Code:', IFCTEXT('chairs-stools-benches'), $);
#78 = IFCPROPERTYSINGLEVALUE('IfcClassification (BO_ifcclas)', 'IFC Classification:', IFCTEXT('Furniture'), $);
#79 = IFCPROPERTYSINGLEVALUE('UnspscCode (BO_unspsc)', 'UNSPSC code:', IFCTEXT('56'), $);
#80 = IFCPROPERTYSINGLEVALUE('Uniclass14Code (BO_uniclass_1_4_code)', 'Uniclass 1.4 Code', IFCTEXT('L8142'), $);
#81 = IFCPROPERTYSINGLEVALUE('Uniclass14Description (BO_uniclass_1_4_desc)', 'Uniclass 1.4 Description', IFCTEXT('Seating and tables for public external use'), $);
#82 = IFCPROPERTYSINGLEVALUE('Uniclass20Code (BO_uniclass_2_0_code)', 'Uniclass 2.0 Code', IFCTEXT(''), $);
#83 = IFCPROPERTYSINGLEVALUE('Uniclass20Description (BO_uniclass_2_0_desc)', 'Uniclass 2.0 Description', IFCTEXT(''), $);
#84 = IFCPROPERTYSINGLEVALUE('Uniclass2015Code (BO_uniclass2015_code)', 'Uniclass 2015 Code', IFCTEXT(''), $);
#85 = IFCPROPERTYSINGLEVALUE('Uniclass2015Description  (BO_uniclass2015_desc)', 'Uniclass 2015 Description', IFCTEXT(''), $);
#86 = IFCPROPERTYSINGLEVALUE('NBSReference (BO_nbs_ref)', 'NBS Reference', IFCTEXT(''), $);
#87 = IFCPROPERTYSINGLEVALUE('NBSReferenceDescription (BO_nbs_desc)', 'NBS Reference Description', IFCTEXT(''), $);
#88 = IFCPROPERTYSINGLEVALUE('OmniClassCode (BO_omniclass_code)', 'OmniClass Code', IFCTEXT('23-21 23 13 11'), $);
#89 = IFCPROPERTYSINGLEVALUE('OmniClassDescription (BO_omniclass_name)', 'OmniClass Description', IFCTEXT('Residential Chairs'), $);
#90 = IFCPROPERTYSINGLEVALUE('MasterFormat2014Code (BO_masterformat2014_code)', 'Masterformat 2014 Code', IFCTEXT(''), $);
#91 = IFCPROPERTYSINGLEVALUE('MasterFormat2014Description (BO_masterformat2014_name)', 'Masterformat 2014 Description', IFCTEXT(''), $);
#92 = IFCPROPERTYSINGLEVALUE('UniFormat2Code (BO_uniformat2_code)', 'Uniformat II Code', IFCTEXT('E20'), $);
#93 = IFCPROPERTYSINGLEVALUE('UniFormat2Description (BO_uniformat2_name)', 'Uniformat II Description', IFCTEXT('FURNISHINGS'), $);
#94 = IFCPROPERTYSINGLEVALUE('COBIeTypeCategory (BO_cobie_type_cat)', 'COBIe Type Category', IFCTEXT(''), $);
#95 = IFCPROPERTYSINGLEVALUE('BO_regions', 'Regions', IFCTEXT(''), $);
#96 = IFCPROPERTYSINGLEVALUE('RegionEurope (BO_europe)', 'Region Europe', IFCTEXT('AD, AL, AT, AX, BA, BE, BG, BY, CH, CY, CZ, DE, DK, EE, ES, FI, FO, FR, GB, GG, GI, GR, HR, HU, IE, IM, IS, IT, JE, LI, LT, LU, LV, MC, MD, ME, MK, MT, NL, NO, PL, PT, RO, RU, SE, SI, SK, SM'), $);
#97 = IFCPROPERTYSINGLEVALUE('RegionNorthAmerica (BO_northamerica)', 'Region North America', IFCTEXT('None'), $);
#98 = IFCPROPERTYSINGLEVALUE('RegionSouthAmerica (BO_southamerica)', 'Region South America', IFCTEXT('None'), $);
#99 = IFCPROPERTYSINGLEVALUE('RegionMiddleEast (BO_middleeast)', 'Region Middle East', IFCTEXT('None'), $);
#100 = IFCPROPERTYSINGLEVALUE('RegionAsia (BO_asia)', 'Region Asia', IFCTEXT('None'), $);
#101 = IFCPROPERTYSINGLEVALUE('RegionOceania (BO_oceania)', 'Region Oceania', IFCTEXT('None'), $);
#102 = IFCPROPERTYSINGLEVALUE('RegionAfrica (BO_africa)', 'Region Africa', IFCTEXT('None'), $);
#103 = IFCPROPERTYSINGLEVALUE('RegionAntarctica (BO_antarctica)', 'Region Antarctica', IFCTEXT('None'), $);
#104 = IFCRELDEFINESBYPROPERTIES('04DCxZWzXBuw_TqT2v2MBJ', #2, $, $, (#37), #45);
#105 = IFCSHAPEREPRESENTATION(#106, 'Body', 'SurfaceModel', (#285, #475, #970, #1977, #4424, #4950, #5502, #6054, #6270, #7935, #8459, #8703));
#106 = IFCGEOMETRICREPRESENTATIONSUBCONTEXT('Body', 'Model', *, *, *, *, #19, $, .MODEL_VIEW., $);
#107 = IFCCLOSEDSHELL((#113, #117, #122, #125, #131, #137, #141, #145, #148, #152, #158, #162, #168, #171, #176, #181, #184, #188, #191, #194, #197, #200, #203, #206, #209, #212, #215, #218, #221, #224, #227, #230, #233, #236, #239, #242, #245, #248, #251, #254, #257, #260, #263, #266, #269, #272, #275, #278, #281, #284));
#108 = IFCPOLYLOOP((#109, #110, #111));
#109 = IFCCARTESIANPOINT((2.28499450683594E-1, -2.68322601318359E-2, 4.01495483398438E-1));
#110 = IFCCARTESIANPOINT((2.30188781738281E-1, -2.69676113128662E-2, 4.01332885742188E-1));
#111 = IFCCARTESIANPOINT((2.30188735961914E-1, -2.43452224731445E-2, 4.03726043701172E-1));
#112 = IFCFACEOUTERBOUND(#108, .T.);
#113 = IFCFACE((#112));
#114 = IFCPOLYLOOP((#111, #115, #109));
#115 = IFCCARTESIANPOINT((2.28499465942383E-1, -2.40283222198486E-2, 4.03867584228516E-1));
#116 = IFCFACEOUTERBOUND(#114, .T.);
#117 = IFCFACE((#116));
#118 = IFCPOLYLOOP((#119, #120, #110));
#119 = IFCCARTESIANPOINT((2.28498382568359E-1, -2.8337760925293E-2, 3.98079132080078E-1));
#120 = IFCCARTESIANPOINT((2.30199996948242E-1, -2.79486408233643E-2, 3.9923046875E-1));
#121 = IFCFACEOUTERBOUND(#118, .T.);
#122 = IFCFACE((#121));
#123 = IFCPOLYLOOP((#110, #109, #119));
#124 = IFCFACEOUTERBOUND(#123, .T.);
#125 = IFCFACE((#124));
#126 = IFCPOLYLOOP((#127, #128, #129));
#127 = IFCCARTESIANPOINT((2.30199996948242E-1, -2.70354900360107E-2, 3.92758331298828E-1));
#128 = IFCCARTESIANPOINT((2.28499618530273E-1, -2.76694869995117E-2, 3.936728515625E-1));
#129 = IFCCARTESIANPOINT((2.28500137329102E-1, -2.51165714263916E-2, 3.90744384765625E-1));
#130 = IFCFACEOUTERBOUND(#126, .T.);
#131 = IFCFACE((#130));
#132 = IFCPOLYLOOP((#133, #134, #135));
#133 = IFCCARTESIANPOINT((2.28497634887695E-1, -1.90922622680664E-2, 3.89578979492188E-1));
#134 = IFCCARTESIANPOINT((2.30186981201172E-1, -1.87038612365723E-2, 3.89651245117188E-1));
#135 = IFCCARTESIANPOINT((2.30198913574219E-1, -2.22477588653564E-2, 3.89569091796875E-1));
#136 = IFCFACEOUTERBOUND(#132, .T.);
#137 = IFCFACE((#136));
#138 = IFCPOLYLOOP((#135, #139, #133));
#139 = IFCCARTESIANPOINT((2.285E-1, -2.24552745819092E-2, 3.89626129150391E-1));
#140 = IFCFACEOUTERBOUND(#138, .T.);
#141 = IFCFACE((#140));
#142 = IFCPOLYLOOP((#143, #129, #139));
#143 = IFCCARTESIANPOINT((2.30199996948242E-1, -2.49926853179932E-2, 3.90694549560547E-1));
#144 = IFCFACEOUTERBOUND(#142, .T.);
#145 = IFCFACE((#144));
#146 = IFCPOLYLOOP((#139, #135, #143));
#147 = IFCFACEOUTERBOUND(#146, .T.);
#148 = IFCFACE((#147));
#149 = IFCPOLYLOOP((#128, #127, #150));
#150 = IFCCARTESIANPOINT((2.30207794189453E-1, -2.83154964447021E-2, 3.96090789794922E-1));
#151 = IFCFACEOUTERBOUND(#149, .T.);
#152 = IFCFACE((#151));
#153 = IFCPOLYLOOP((#154, #155, #156));
#154 = IFCCARTESIANPOINT((2.28501312255859E-1, -1.41102991104126E-2, 3.93314331054688E-1));
#155 = IFCCARTESIANPOINT((2.30200485229492E-1, -1.39318990707397E-2, 3.93722503662109E-1));
#156 = IFCCARTESIANPOINT((2.30199996948242E-1, -1.61797428131104E-2, 3.91064086914063E-1));
#157 = IFCFACEOUTERBOUND(#153, .T.);
#158 = IFCFACE((#157));
#159 = IFCPOLYLOOP((#156, #160, #154));
#160 = IFCCARTESIANPOINT((2.285E-1, -1.61797428131104E-2, 3.91064086914063E-1));
#161 = IFCFACEOUTERBOUND(#159, .T.);
#162 = IFCFACE((#161));
#163 = IFCPOLYLOOP((#164, #165, #166));
#164 = IFCCARTESIANPOINT((2.30200286865234E-1, -1.32583322525024E-2, 3.97216644287109E-1));
#165 = IFCCARTESIANPOINT((2.28503509521484E-1, -1.32406187057495E-2, 3.97005706787109E-1));
#166 = IFCCARTESIANPOINT((2.28508590698242E-1, -1.40660343170166E-2, 4.00636138916016E-1));
#167 = IFCFACEOUTERBOUND(#163, .T.);
#168 = IFCFACE((#167));
#169 = IFCPOLYLOOP((#155, #154, #165));
#170 = IFCFACEOUTERBOUND(#169, .T.);
#171 = IFCFACE((#170));
#172 = IFCPOLYLOOP((#173, #166, #174));
#173 = IFCCARTESIANPOINT((2.30201385498047E-1, -1.42552328109741E-2, 4.00926971435547E-1));
#174 = IFCCARTESIANPOINT((2.28503784179688E-1, -1.71027946472168E-2, 4.03638549804688E-1));
#175 = IFCFACEOUTERBOUND(#172, .T.);
#176 = IFCFACE((#175));
#177 = IFCPOLYLOOP((#178, #179, #115));
#178 = IFCCARTESIANPOINT((2.30199890136719E-1, -2.0768310546875E-2, 4.04532135009766E-1));
#179 = IFCCARTESIANPOINT((2.285E-1, -2.06469345092773E-2, 4.04506591796875E-1));
#180 = IFCFACEOUTERBOUND(#177, .T.);
#181 = IFCFACE((#180));
#182 = IFCPOLYLOOP((#115, #111, #178));
#183 = IFCFACEOUTERBOUND(#182, .T.);
#184 = IFCFACE((#183));
#185 = IFCPOLYLOOP((#186, #174, #179));
#186 = IFCCARTESIANPOINT((2.30200592041016E-1, -1.74807529449463E-2, 4.03802917480469E-1));
#187 = IFCFACEOUTERBOUND(#185, .T.);
#188 = IFCFACE((#187));
#189 = IFCPOLYLOOP((#179, #178, #186));
#190 = IFCFACEOUTERBOUND(#189, .T.);
#191 = IFCFACE((#190));
#192 = IFCPOLYLOOP((#160, #156, #134));
#193 = IFCFACEOUTERBOUND(#192, .T.);
#194 = IFCFACE((#193));
#195 = IFCPOLYLOOP((#134, #133, #160));
#196 = IFCFACEOUTERBOUND(#195, .T.);
#197 = IFCFACE((#196));
#198 = IFCPOLYLOOP((#127, #129, #143));
#199 = IFCFACEOUTERBOUND(#198, .T.);
#200 = IFCFACE((#199));
#201 = IFCPOLYLOOP((#120, #119, #150));
#202 = IFCFACEOUTERBOUND(#201, .T.);
#203 = IFCFACE((#202));
#204 = IFCPOLYLOOP((#119, #128, #150));
#205 = IFCFACEOUTERBOUND(#204, .T.);
#206 = IFCFACE((#205));
#207 = IFCPOLYLOOP((#164, #166, #173));
#208 = IFCFACEOUTERBOUND(#207, .T.);
#209 = IFCFACE((#208));
#210 = IFCPOLYLOOP((#155, #165, #164));
#211 = IFCFACEOUTERBOUND(#210, .T.);
#212 = IFCFACE((#211));
#213 = IFCPOLYLOOP((#173, #174, #186));
#214 = IFCFACEOUTERBOUND(#213, .T.);
#215 = IFCFACE((#214));
#216 = IFCPOLYLOOP((#143, #150, #127));
#217 = IFCFACEOUTERBOUND(#216, .T.);
#218 = IFCFACE((#217));
#219 = IFCPOLYLOOP((#120, #150, #143));
#220 = IFCFACEOUTERBOUND(#219, .T.);
#221 = IFCFACE((#220));
#222 = IFCPOLYLOOP((#143, #155, #178));
#223 = IFCFACEOUTERBOUND(#222, .T.);
#224 = IFCFACE((#223));
#225 = IFCPOLYLOOP((#178, #120, #143));
#226 = IFCFACEOUTERBOUND(#225, .T.);
#227 = IFCFACE((#226));
#228 = IFCPOLYLOOP((#120, #111, #110));
#229 = IFCFACEOUTERBOUND(#228, .T.);
#230 = IFCFACE((#229));
#231 = IFCPOLYLOOP((#111, #120, #178));
#232 = IFCFACEOUTERBOUND(#231, .T.);
#233 = IFCFACE((#232));
#234 = IFCPOLYLOOP((#155, #143, #135));
#235 = IFCFACEOUTERBOUND(#234, .T.);
#236 = IFCFACE((#235));
#237 = IFCPOLYLOOP((#155, #135, #134));
#238 = IFCFACEOUTERBOUND(#237, .T.);
#239 = IFCFACE((#238));
#240 = IFCPOLYLOOP((#134, #156, #155));
#241 = IFCFACEOUTERBOUND(#240, .T.);
#242 = IFCFACE((#241));
#243 = IFCPOLYLOOP((#155, #186, #178));
#244 = IFCFACEOUTERBOUND(#243, .T.);
#245 = IFCFACE((#244));
#246 = IFCPOLYLOOP((#155, #173, #186));
#247 = IFCFACEOUTERBOUND(#246, .T.);
#248 = IFCFACE((#247));
#249 = IFCPOLYLOOP((#173, #155, #164));
#250 = IFCFACEOUTERBOUND(#249, .T.);
#251 = IFCFACE((#250));
#252 = IFCPOLYLOOP((#129, #128, #119));
#253 = IFCFACEOUTERBOUND(#252, .T.);
#254 = IFCFACE((#253));
#255 = IFCPOLYLOOP((#179, #154, #129));
#256 = IFCFACEOUTERBOUND(#255, .T.);
#257 = IFCFACE((#256));
#258 = IFCPOLYLOOP((#129, #119, #179));
#259 = IFCFACEOUTERBOUND(#258, .T.);
#260 = IFCFACE((#259));
#261 = IFCPOLYLOOP((#119, #109, #115));
#262 = IFCFACEOUTERBOUND(#261, .T.);
#263 = IFCFACE((#262));
#264 = IFCPOLYLOOP((#115, #179, #119));
#265 = IFCFACEOUTERBOUND(#264, .T.);
#266 = IFCFACE((#265));
#267 = IFCPOLYLOOP((#154, #139, #129));
#268 = IFCFACEOUTERBOUND(#267, .T.);
#269 = IFCFACE((#268));
#270 = IFCPOLYLOOP((#154, #133, #139));
#271 = IFCFACEOUTERBOUND(#270, .T.);
#272 = IFCFACE((#271));
#273 = IFCPOLYLOOP((#133, #154, #160));
#274 = IFCFACEOUTERBOUND(#273, .T.);
#275 = IFCFACE((#274));
#276 = IFCPOLYLOOP((#154, #179, #174));
#277 = IFCFACEOUTERBOUND(#276, .T.);
#278 = IFCFACE((#277));
#279 = IFCPOLYLOOP((#154, #174, #166));
#280 = IFCFACEOUTERBOUND(#279, .T.);
#281 = IFCFACE((#280));
#282 = IFCPOLYLOOP((#166, #165, #154));
#283 = IFCFACEOUTERBOUND(#282, .T.);
#284 = IFCFACE((#283));
#285 = IFCFACETEDBREP(#107);
#286 = IFCSURFACESTYLERENDERING(#287, 0., #288, $, $, #289, #290, $, .NOTDEFINED.);
#287 = IFCCOLOURRGB('Surface color', 8.78431379795074E-1, 8.74509811401367E-1, 8.58823537826538E-1);
#288 = IFCCOLOURRGB('Diffuse color', 8.78431379795074E-1, 8.74509811401367E-1, 8.58823537826538E-1);
#289 = IFCCOLOURRGB('Reflection color', 1., 1., 1.);
#290 = IFCCOLOURRGB('Specular color', 1., 1., 1.);
#291 = IFCSURFACESTYLE('6dee3cff_5423_499e_8c87_4b50dfe5feb3', .BOTH., (#286));
#292 = IFCPRESENTATIONSTYLEASSIGNMENT((#291));
#293 = IFCMATERIAL('6dee3cff_5423_499e_8c87_4b50dfe5feb3');
#294 = IFCSTYLEDITEM(#285, (#292), $);
#295 = IFCSTYLEDREPRESENTATION(#106, 'Body', $, (#294));
#296 = IFCMATERIALDEFINITIONREPRESENTATION($, $, (#295), #293);
#297 = IFCCLOSEDSHELL((#303, #307, #313, #316, #319, #325, #331, #335, #338, #341, #347, #351, #357, #361, #366, #370, #374, #377, #380, #383, #386, #390, #393, #396, #399, #402, #405, #408, #411, #414, #417, #420, #423, #426, #429, #432, #435, #438, #441, #444, #447, #450, #453, #456, #459, #462, #465, #468, #471, #474));
#298 = IFCPOLYLOOP((#299, #300, #301));
#299 = IFCCARTESIANPOINT((-2.28499450683594E-1, -2.68322601318359E-2, 4.01495483398438E-1));
#300 = IFCCARTESIANPOINT((-2.28499465942383E-1, -2.40283222198486E-2, 4.03867584228516E-1));
#301 = IFCCARTESIANPOINT((-2.30188735961914E-1, -2.43452224731445E-2, 4.03726043701172E-1));
#302 = IFCFACEOUTERBOUND(#298, .T.);
#303 = IFCFACE((#302));
#304 = IFCPOLYLOOP((#301, #305, #299));
#305 = IFCCARTESIANPOINT((-2.30188781738281E-1, -2.69676113128662E-2, 4.01332885742188E-1));
#306 = IFCFACEOUTERBOUND(#304, .T.);
#307 = IFCFACE((#306));
#308 = IFCPOLYLOOP((#309, #310, #311));
#309 = IFCCARTESIANPOINT((-2.30199996948242E-1, -2.79486408233643E-2, 3.9923046875E-1));
#310 = IFCCARTESIANPOINT((-2.30207794189453E-1, -2.83154964447021E-2, 3.96090789794922E-1));
#311 = IFCCARTESIANPOINT((-2.28498382568359E-1, -2.8337760925293E-2, 3.98079132080078E-1));
#312 = IFCFACEOUTERBOUND(#308, .T.);
#313 = IFCFACE((#312));
#314 = IFCPOLYLOOP((#311, #299, #305));
#315 = IFCFACEOUTERBOUND(#314, .T.);
#316 = IFCFACE((#315));
#317 = IFCPOLYLOOP((#305, #309, #311));
#318 = IFCFACEOUTERBOUND(#317, .T.);
#319 = IFCFACE((#318));
#320 = IFCPOLYLOOP((#321, #322, #323));
#321 = IFCCARTESIANPOINT((-2.30199996948242E-1, -2.70354900360107E-2, 3.92758331298828E-1));
#322 = IFCCARTESIANPOINT((-2.30199996948242E-1, -2.49926853179932E-2, 3.90694549560547E-1));
#323 = IFCCARTESIANPOINT((-2.28500137329102E-1, -2.51165714263916E-2, 3.90744384765625E-1));
#324 = IFCFACEOUTERBOUND(#320, .T.);
#325 = IFCFACE((#324));
#326 = IFCPOLYLOOP((#327, #328, #329));
#327 = IFCCARTESIANPOINT((-2.28497634887695E-1, -1.90922622680664E-2, 3.89578979492188E-1));
#328 = IFCCARTESIANPOINT((-2.285E-1, -2.24552745819092E-2, 3.89626129150391E-1));
#329 = IFCCARTESIANPOINT((-2.30198913574219E-1, -2.22477588653564E-2, 3.89569091796875E-1));
#330 = IFCFACEOUTERBOUND(#326, .T.);
#331 = IFCFACE((#330));
#332 = IFCPOLYLOOP((#329, #333, #327));
#333 = IFCCARTESIANPOINT((-2.30186981201172E-1, -1.87038612365723E-2, 3.89651245117188E-1));
#334 = IFCFACEOUTERBOUND(#332, .T.);
#335 = IFCFACE((#334));
#336 = IFCPOLYLOOP((#322, #329, #328));
#337 = IFCFACEOUTERBOUND(#336, .T.);
#338 = IFCFACE((#337));
#339 = IFCPOLYLOOP((#328, #323, #322));
#340 = IFCFACEOUTERBOUND(#339, .T.);
#341 = IFCFACE((#340));
#342 = IFCPOLYLOOP((#343, #344, #345));
#343 = IFCCARTESIANPOINT((-2.28501312255859E-1, -1.41102991104126E-2, 3.93314331054688E-1));
#344 = IFCCARTESIANPOINT((-2.285E-1, -1.61797428131104E-2, 3.91064086914063E-1));
#345 = IFCCARTESIANPOINT((-2.30199996948242E-1, -1.61797428131104E-2, 3.91064086914063E-1));
#346 = IFCFACEOUTERBOUND(#342, .T.);
#347 = IFCFACE((#346));
#348 = IFCPOLYLOOP((#345, #349, #343));
#349 = IFCCARTESIANPOINT((-2.30200485229492E-1, -1.39318990707397E-2, 3.93722503662109E-1));
#350 = IFCFACEOUTERBOUND(#348, .T.);
#351 = IFCFACE((#350));
#352 = IFCPOLYLOOP((#353, #354, #355));
#353 = IFCCARTESIANPOINT((-2.30200286865234E-1, -1.32583322525024E-2, 3.97216644287109E-1));
#354 = IFCCARTESIANPOINT((-2.30201385498047E-1, -1.42552328109741E-2, 4.00926971435547E-1));
#355 = IFCCARTESIANPOINT((-2.28508590698242E-1, -1.40660343170166E-2, 4.00636138916016E-1));
#356 = IFCFACEOUTERBOUND(#352, .T.);
#357 = IFCFACE((#356));
#358 = IFCPOLYLOOP((#349, #353, #359));
#359 = IFCCARTESIANPOINT((-2.28503509521484E-1, -1.32406187057495E-2, 3.97005706787109E-1));
#360 = IFCFACEOUTERBOUND(#358, .T.);
#361 = IFCFACE((#360));
#362 = IFCPOLYLOOP((#354, #363, #364));
#363 = IFCCARTESIANPOINT((-2.30200592041016E-1, -1.74807529449463E-2, 4.03802917480469E-1));
#364 = IFCCARTESIANPOINT((-2.28503784179688E-1, -1.71027946472168E-2, 4.03638549804688E-1));
#365 = IFCFACEOUTERBOUND(#362, .T.);
#366 = IFCFACE((#365));
#367 = IFCPOLYLOOP((#368, #301, #300));
#368 = IFCCARTESIANPOINT((-2.30199890136719E-1, -2.0768310546875E-2, 4.04532135009766E-1));
#369 = IFCFACEOUTERBOUND(#367, .T.);
#370 = IFCFACE((#369));
#371 = IFCPOLYLOOP((#300, #372, #368));
#372 = IFCCARTESIANPOINT((-2.285E-1, -2.06469345092773E-2, 4.04506591796875E-1));
#373 = IFCFACEOUTERBOUND(#371, .T.);
#374 = IFCFACE((#373));
#375 = IFCPOLYLOOP((#363, #368, #372));
#376 = IFCFACEOUTERBOUND(#375, .T.);
#377 = IFCFACE((#376));
#378 = IFCPOLYLOOP((#372, #364, #363));
#379 = IFCFACEOUTERBOUND(#378, .T.);
#380 = IFCFACE((#379));
#381 = IFCPOLYLOOP((#344, #327, #333));
#382 = IFCFACEOUTERBOUND(#381, .T.);
#383 = IFCFACE((#382));
#384 = IFCPOLYLOOP((#333, #345, #344));
#385 = IFCFACEOUTERBOUND(#384, .T.);
#386 = IFCFACE((#385));
#387 = IFCPOLYLOOP((#321, #323, #388));
#388 = IFCCARTESIANPOINT((-2.28499618530273E-1, -2.76694869995117E-2, 3.936728515625E-1));
#389 = IFCFACEOUTERBOUND(#387, .T.);
#390 = IFCFACE((#389));
#391 = IFCPOLYLOOP((#388, #310, #321));
#392 = IFCFACEOUTERBOUND(#391, .T.);
#393 = IFCFACE((#392));
#394 = IFCPOLYLOOP((#310, #388, #311));
#395 = IFCFACEOUTERBOUND(#394, .T.);
#396 = IFCFACE((#395));
#397 = IFCPOLYLOOP((#353, #355, #359));
#398 = IFCFACEOUTERBOUND(#397, .T.);
#399 = IFCFACE((#398));
#400 = IFCPOLYLOOP((#349, #359, #343));
#401 = IFCFACEOUTERBOUND(#400, .T.);
#402 = IFCFACE((#401));
#403 = IFCPOLYLOOP((#354, #364, #355));
#404 = IFCFACEOUTERBOUND(#403, .T.);
#405 = IFCFACE((#404));
#406 = IFCPOLYLOOP((#322, #321, #310));
#407 = IFCFACEOUTERBOUND(#406, .T.);
#408 = IFCFACE((#407));
#409 = IFCPOLYLOOP((#309, #322, #310));
#410 = IFCFACEOUTERBOUND(#409, .T.);
#411 = IFCFACE((#410));
#412 = IFCPOLYLOOP((#368, #349, #322));
#413 = IFCFACEOUTERBOUND(#412, .T.);
#414 = IFCFACE((#413));
#415 = IFCPOLYLOOP((#322, #309, #368));
#416 = IFCFACEOUTERBOUND(#415, .T.);
#417 = IFCFACE((#416));
#418 = IFCPOLYLOOP((#309, #305, #301));
#419 = IFCFACEOUTERBOUND(#418, .T.);
#420 = IFCFACE((#419));
#421 = IFCPOLYLOOP((#301, #368, #309));
#422 = IFCFACEOUTERBOUND(#421, .T.);
#423 = IFCFACE((#422));
#424 = IFCPOLYLOOP((#349, #329, #322));
#425 = IFCFACEOUTERBOUND(#424, .T.);
#426 = IFCFACE((#425));
#427 = IFCPOLYLOOP((#349, #333, #329));
#428 = IFCFACEOUTERBOUND(#427, .T.);
#429 = IFCFACE((#428));
#430 = IFCPOLYLOOP((#333, #349, #345));
#431 = IFCFACEOUTERBOUND(#430, .T.);
#432 = IFCFACE((#431));
#433 = IFCPOLYLOOP((#349, #368, #363));
#434 = IFCFACEOUTERBOUND(#433, .T.);
#435 = IFCFACE((#434));
#436 = IFCPOLYLOOP((#349, #363, #354));
#437 = IFCFACEOUTERBOUND(#436, .T.);
#438 = IFCFACE((#437));
#439 = IFCPOLYLOOP((#354, #353, #349));
#440 = IFCFACEOUTERBOUND(#439, .T.);
#441 = IFCFACE((#440));
#442 = IFCPOLYLOOP((#323, #311, #388));
#443 = IFCFACEOUTERBOUND(#442, .T.);
#444 = IFCFACE((#443));
#445 = IFCPOLYLOOP((#323, #343, #372));
#446 = IFCFACEOUTERBOUND(#445, .T.);
#447 = IFCFACE((#446));
#448 = IFCPOLYLOOP((#372, #311, #323));
#449 = IFCFACEOUTERBOUND(#448, .T.);
#450 = IFCFACE((#449));
#451 = IFCPOLYLOOP((#311, #300, #299));
#452 = IFCFACEOUTERBOUND(#451, .T.);
#453 = IFCFACE((#452));
#454 = IFCPOLYLOOP((#300, #311, #372));
#455 = IFCFACEOUTERBOUND(#454, .T.);
#456 = IFCFACE((#455));
#457 = IFCPOLYLOOP((#343, #323, #328));
#458 = IFCFACEOUTERBOUND(#457, .T.);
#459 = IFCFACE((#458));
#460 = IFCPOLYLOOP((#343, #328, #327));
#461 = IFCFACEOUTERBOUND(#460, .T.);
#462 = IFCFACE((#461));
#463 = IFCPOLYLOOP((#327, #344, #343));
#464 = IFCFACEOUTERBOUND(#463, .T.);
#465 = IFCFACE((#464));
#466 = IFCPOLYLOOP((#343, #364, #372));
#467 = IFCFACEOUTERBOUND(#466, .T.);
#468 = IFCFACE((#467));
#469 = IFCPOLYLOOP((#364, #343, #355));
#470 = IFCFACEOUTERBOUND(#469, .T.);
#471 = IFCFACE((#470));
#472 = IFCPOLYLOOP((#343, #359, #355));
#473 = IFCFACEOUTERBOUND(#472, .T.);
#474 = IFCFACE((#473));
#475 = IFCFACETEDBREP(#297);
#476 = IFCSURFACESTYLERENDERING(#477, 0., #478, $, $, #479, #480, $, .NOTDEFINED.);
#477 = IFCCOLOURRGB('Surface color', 8.78431379795074E-1, 8.74509811401367E-1, 8.58823537826538E-1);
#478 = IFCCOLOURRGB('Diffuse color', 8.78431379795074E-1, 8.74509811401367E-1, 8.58823537826538E-1);
#479 = IFCCOLOURRGB('Reflection color', 1., 1., 1.);
#480 = IFCCOLOURRGB('Specular color', 1., 1., 1.);
#481 = IFCSURFACESTYLE('6dee3cff_5423_499e_8c87_4b50dfe5feb3', .BOTH., (#476));
#482 = IFCPRESENTATIONSTYLEASSIGNMENT((#481));
#483 = IFCSTYLEDITEM(#475, (#482), $);
#484 = IFCSTYLEDREPRESENTATION(#106, 'Body', $, (#483));
#485 = IFCOPENSHELL((#491, #495, #501, #505, #509, #514, #520, #524, #528, #531, #535, #539, #543, #546, #549, #552, #555, #558, #561, #564, #567, #570, #573, #576, #579, #582, #585, #588, #591, #594, #597, #600, #603, #606, #612, #616, #622, #626, #630, #635, #641, #645, #649, #652, #656, #660, #664, #667, #670, #673, #676, #679, #682, #685, #688, #691, #694, #697, #700, #703, #706, #709, #712, #715, #718, #721, #724, #727, #733, #739, #743, #746, #750, #754, #759, #763, #767, #773, #776, #781, #784, #788, #791, #794, #797, #800, #803, #806, #809, #812, #815, #818, #821, #824, #827, #830, #833, #836, #839, #842, #845, #848, #854, #858, #863, #867, #871, #876, #880, #886, #890, #894, #897, #902, #905, #909, #912, #915, #918, #921, #924, #927, #930, #933, #936, #939, #942, #945, #948, #951, #954, #957, #960, #963, #966, #969));
#486 = IFCPOLYLOOP((#487, #488, #489));
#487 = IFCCARTESIANPOINT((-2.21245529174805E-1, -1.89446365356445E-1, 1.03214015960693E-2));
#488 = IFCCARTESIANPOINT((-2.19948348999023E-1, -1.88791397094727E-1, 2.99722909927368E-3));
#489 = IFCCARTESIANPOINT((-2.23367645263672E-1, -1.91412261962891E-1, 2.99722909927368E-3));
#490 = IFCFACEOUTERBOUND(#486, .T.);
#491 = IFCFACE((#490));
#492 = IFCPOLYLOOP((#487, #493, #488));
#493 = IFCCARTESIANPOINT((-2.16953414916992E-1, -1.88561019897461E-1, 1.03240432739258E-2));
#494 = IFCFACEOUTERBOUND(#492, .T.);
#495 = IFCFACE((#494));
#496 = IFCPOLYLOOP((#497, #498, #499));
#497 = IFCCARTESIANPOINT((-2.23883071899414E-1, -1.98145446777344E-1, 2.99722909927368E-3));
#498 = IFCCARTESIANPOINT((-2.23636260986328E-1, -1.98728927612305E-1, 1.02906618118286E-2));
#499 = IFCCARTESIANPOINT((-2.24402847290039E-1, -1.9316975402832E-1, 1.03226480484009E-2));
#500 = IFCFACEOUTERBOUND(#496, .T.);
#501 = IFCFACE((#500));
#502 = IFCPOLYLOOP((#499, #503, #497));
#503 = IFCCARTESIANPOINT((-2.24426635742188E-1, -1.94104217529297E-1, 2.99722909927368E-3));
#504 = IFCFACEOUTERBOUND(#502, .T.);
#505 = IFCFACE((#504));
#506 = IFCPOLYLOOP((#498, #497, #507));
#507 = IFCCARTESIANPOINT((-2.20379531860352E-1, -2.01126892089844E-1, 2.99722909927368E-3));
#508 = IFCFACEOUTERBOUND(#506, .T.);
#509 = IFCFACE((#508));
#510 = IFCPOLYLOOP((#511, #512, #507));
#511 = IFCCARTESIANPOINT((-2.16051666259766E-1, -2.01364822387695E-1, 2.99722909927368E-3));
#512 = IFCCARTESIANPOINT((-2.19046600341797E-1, -2.01595199584961E-1, 1.03258380889893E-2));
#513 = IFCFACEOUTERBOUND(#510, .T.);
#514 = IFCFACE((#513));
#515 = IFCPOLYLOOP((#516, #517, #518));
#516 = IFCCARTESIANPOINT((-2.12632354736328E-1, -1.98743957519531E-1, 1.03214015960693E-2));
#517 = IFCCARTESIANPOINT((-2.12632354736328E-1, -1.98743957519531E-1, 2.99722909927368E-3));
#518 = IFCCARTESIANPOINT((-2.11573364257813E-1, -1.96051986694336E-1, 2.99722909927368E-3));
#519 = IFCFACEOUTERBOUND(#515, .T.);
#520 = IFCFACE((#519));
#521 = IFCPOLYLOOP((#518, #522, #516));
#522 = IFCCARTESIANPOINT((-2.11573364257813E-1, -1.96051986694336E-1, 1.03214015960693E-2));
#523 = IFCFACEOUTERBOUND(#521, .T.);
#524 = IFCFACE((#523));
#525 = IFCPOLYLOOP((#526, #511, #517));
#526 = IFCCARTESIANPOINT((-2.14754470825195E-1, -2.00709854125977E-1, 1.03214015960693E-2));
#527 = IFCFACEOUTERBOUND(#525, .T.);
#528 = IFCFACE((#527));
#529 = IFCPOLYLOOP((#526, #512, #511));
#530 = IFCFACEOUTERBOUND(#529, .T.);
#531 = IFCFACE((#530));
#532 = IFCPOLYLOOP((#522, #518, #533));
#533 = IFCCARTESIANPOINT((-2.12116928100586E-1, -1.92010757446289E-1, 2.99722909927368E-3));
#534 = IFCFACEOUTERBOUND(#532, .T.);
#535 = IFCFACE((#534));
#536 = IFCPOLYLOOP((#533, #537, #522));
#537 = IFCCARTESIANPOINT((-2.12363632202148E-1, -1.91427581787109E-1, 1.03068075180054E-2));
#538 = IFCFACEOUTERBOUND(#536, .T.);
#539 = IFCFACE((#538));
#540 = IFCPOLYLOOP((#537, #533, #541));
#541 = IFCCARTESIANPOINT((-2.15620468139648E-1, -1.89029312133789E-1, 2.99722909927368E-3));
#542 = IFCFACEOUTERBOUND(#540, .T.);
#543 = IFCFACE((#542));
#544 = IFCPOLYLOOP((#488, #493, #541));
#545 = IFCFACEOUTERBOUND(#544, .T.);
#546 = IFCFACE((#545));
#547 = IFCPOLYLOOP((#516, #493, #499));
#548 = IFCFACEOUTERBOUND(#547, .T.);
#549 = IFCFACE((#548));
#550 = IFCPOLYLOOP((#499, #512, #516));
#551 = IFCFACEOUTERBOUND(#550, .T.);
#552 = IFCFACE((#551));
#553 = IFCPOLYLOOP((#493, #487, #499));
#554 = IFCFACEOUTERBOUND(#553, .T.);
#555 = IFCFACE((#554));
#556 = IFCPOLYLOOP((#516, #537, #493));
#557 = IFCFACEOUTERBOUND(#556, .T.);
#558 = IFCFACE((#557));
#559 = IFCPOLYLOOP((#526, #516, #512));
#560 = IFCFACEOUTERBOUND(#559, .T.);
#561 = IFCFACE((#560));
#562 = IFCPOLYLOOP((#512, #499, #498));
#563 = IFCFACEOUTERBOUND(#562, .T.);
#564 = IFCFACE((#563));
#565 = IFCPOLYLOOP((#522, #537, #516));
#566 = IFCFACEOUTERBOUND(#565, .T.);
#567 = IFCFACE((#566));
#568 = IFCPOLYLOOP((#533, #511, #541));
#569 = IFCFACEOUTERBOUND(#568, .T.);
#570 = IFCFACE((#569));
#571 = IFCPOLYLOOP((#507, #488, #541));
#572 = IFCFACEOUTERBOUND(#571, .T.);
#573 = IFCFACE((#572));
#574 = IFCPOLYLOOP((#541, #511, #507));
#575 = IFCFACEOUTERBOUND(#574, .T.);
#576 = IFCFACE((#575));
#577 = IFCPOLYLOOP((#488, #507, #489));
#578 = IFCFACEOUTERBOUND(#577, .T.);
#579 = IFCFACE((#578));
#580 = IFCPOLYLOOP((#489, #497, #503));
#581 = IFCFACEOUTERBOUND(#580, .T.);
#582 = IFCFACE((#581));
#583 = IFCPOLYLOOP((#533, #517, #511));
#584 = IFCFACEOUTERBOUND(#583, .T.);
#585 = IFCFACE((#584));
#586 = IFCPOLYLOOP((#507, #497, #489));
#587 = IFCFACEOUTERBOUND(#586, .T.);
#588 = IFCFACE((#587));
#589 = IFCPOLYLOOP((#533, #518, #517));
#590 = IFCFACEOUTERBOUND(#589, .T.);
#591 = IFCFACE((#590));
#592 = IFCPOLYLOOP((#487, #489, #499));
#593 = IFCFACEOUTERBOUND(#592, .T.);
#594 = IFCFACE((#593));
#595 = IFCPOLYLOOP((#498, #507, #512));
#596 = IFCFACEOUTERBOUND(#595, .T.);
#597 = IFCFACE((#596));
#598 = IFCPOLYLOOP((#526, #517, #516));
#599 = IFCFACEOUTERBOUND(#598, .T.);
#600 = IFCFACE((#599));
#601 = IFCPOLYLOOP((#537, #541, #493));
#602 = IFCFACEOUTERBOUND(#601, .T.);
#603 = IFCFACE((#602));
#604 = IFCPOLYLOOP((#503, #499, #489));
#605 = IFCFACEOUTERBOUND(#604, .T.);
#606 = IFCFACE((#605));
#607 = IFCPOLYLOOP((#608, #609, #610));
#608 = IFCCARTESIANPOINT((-2.21245529174805E-1, 2.5534912109375E-1, 1.03214015960693E-2));
#609 = IFCCARTESIANPOINT((-2.19948333740234E-1, 2.56004089355469E-1, 2.99722909927368E-3));
#610 = IFCCARTESIANPOINT((-2.23367645263672E-1, 2.53383224487305E-1, 2.99722909927368E-3));
#611 = IFCFACEOUTERBOUND(#607, .T.);
#612 = IFCFACE((#611));
#613 = IFCPOLYLOOP((#608, #614, #609));
#614 = IFCCARTESIANPOINT((-2.16952880859375E-1, 2.56234497070313E-1, 1.03463201522827E-2));
#615 = IFCFACEOUTERBOUND(#613, .T.);
#616 = IFCFACE((#615));
#617 = IFCPOLYLOOP((#618, #619, #620));
#618 = IFCCARTESIANPOINT((-2.23883071899414E-1, 2.46650024414063E-1, 2.99722909927368E-3));
#619 = IFCCARTESIANPOINT((-2.23636245727539E-1, 2.46066543579102E-1, 1.02909107208252E-2));
#620 = IFCCARTESIANPOINT((-2.24402816772461E-1, 2.51625793457031E-1, 1.03251428604126E-2));
#621 = IFCFACEOUTERBOUND(#617, .T.);
#622 = IFCFACE((#621));
#623 = IFCPOLYLOOP((#620, #624, #618));
#624 = IFCCARTESIANPOINT((-2.24426635742188E-1, 2.50691253662109E-1, 2.99722909927368E-3));
#625 = IFCFACEOUTERBOUND(#623, .T.);
#626 = IFCFACE((#625));
#627 = IFCPOLYLOOP((#619, #618, #628));
#628 = IFCCARTESIANPOINT((-2.20379531860352E-1, 2.43668579101563E-1, 2.99722909927368E-3));
#629 = IFCFACEOUTERBOUND(#627, .T.);
#630 = IFCFACE((#629));
#631 = IFCPOLYLOOP((#632, #633, #628));
#632 = IFCCARTESIANPOINT((-2.16051666259766E-1, 2.43430648803711E-1, 2.99722909927368E-3));
#633 = IFCCARTESIANPOINT((-2.19046569824219E-1, 2.43200286865234E-1, 1.03241024017334E-2));
#634 = IFCFACEOUTERBOUND(#631, .T.);
#635 = IFCFACE((#634));
#636 = IFCPOLYLOOP((#637, #638, #639));
#637 = IFCCARTESIANPOINT((-2.12632354736328E-1, 2.46051513671875E-1, 1.03214015960693E-2));
#638 = IFCCARTESIANPOINT((-2.12632354736328E-1, 2.46051513671875E-1, 2.99722909927368E-3));
#639 = IFCCARTESIANPOINT((-2.11573364257813E-1, 2.4874348449707E-1, 2.99722909927368E-3));
#640 = IFCFACEOUTERBOUND(#636, .T.);
#641 = IFCFACE((#640));
#642 = IFCPOLYLOOP((#639, #643, #637));
#643 = IFCCARTESIANPOINT((-2.11573364257813E-1, 2.4874348449707E-1, 1.03214015960693E-2));
#644 = IFCFACEOUTERBOUND(#642, .T.);
#645 = IFCFACE((#644));
#646 = IFCPOLYLOOP((#647, #632, #638));
#647 = IFCCARTESIANPOINT((-2.14754470825195E-1, 2.4408561706543E-1, 1.03214015960693E-2));
#648 = IFCFACEOUTERBOUND(#646, .T.);
#649 = IFCFACE((#648));
#650 = IFCPOLYLOOP((#647, #633, #632));
#651 = IFCFACEOUTERBOUND(#650, .T.);
#652 = IFCFACE((#651));
#653 = IFCPOLYLOOP((#643, #639, #654));
#654 = IFCCARTESIANPOINT((-2.12116928100586E-1, 2.52784713745117E-1, 2.99722909927368E-3));
#655 = IFCFACEOUTERBOUND(#653, .T.);
#656 = IFCFACE((#655));
#657 = IFCPOLYLOOP((#654, #658, #643));
#658 = IFCCARTESIANPOINT((-2.12363555908203E-1, 2.53367797851563E-1, 1.0316855430603E-2));
#659 = IFCFACEOUTERBOUND(#657, .T.);
#660 = IFCFACE((#659));
#661 = IFCPOLYLOOP((#658, #654, #662));
#662 = IFCCARTESIANPOINT((-2.15620468139648E-1, 2.55766159057617E-1, 2.99722909927368E-3));
#663 = IFCFACEOUTERBOUND(#661, .T.);
#664 = IFCFACE((#663));
#665 = IFCPOLYLOOP((#609, #614, #662));
#666 = IFCFACEOUTERBOUND(#665, .T.);
#667 = IFCFACE((#666));
#668 = IFCPOLYLOOP((#608, #658, #614));
#669 = IFCFACEOUTERBOUND(#668, .T.);
#670 = IFCFACE((#669));
#671 = IFCPOLYLOOP((#633, #658, #608));
#672 = IFCFACEOUTERBOUND(#671, .T.);
#673 = IFCFACE((#672));
#674 = IFCPOLYLOOP((#608, #620, #633));
#675 = IFCFACEOUTERBOUND(#674, .T.);
#676 = IFCFACE((#675));
#677 = IFCPOLYLOOP((#647, #637, #633));
#678 = IFCFACEOUTERBOUND(#677, .T.);
#679 = IFCFACE((#678));
#680 = IFCPOLYLOOP((#619, #633, #620));
#681 = IFCFACEOUTERBOUND(#680, .T.);
#682 = IFCFACE((#681));
#683 = IFCPOLYLOOP((#643, #658, #637));
#684 = IFCFACEOUTERBOUND(#683, .T.);
#685 = IFCFACE((#684));
#686 = IFCPOLYLOOP((#654, #632, #662));
#687 = IFCFACEOUTERBOUND(#686, .T.);
#688 = IFCFACE((#687));
#689 = IFCPOLYLOOP((#628, #609, #662));
#690 = IFCFACEOUTERBOUND(#689, .T.);
#691 = IFCFACE((#690));
#692 = IFCPOLYLOOP((#662, #632, #628));
#693 = IFCFACEOUTERBOUND(#692, .T.);
#694 = IFCFACE((#693));
#695 = IFCPOLYLOOP((#609, #628, #610));
#696 = IFCFACEOUTERBOUND(#695, .T.);
#697 = IFCFACE((#696));
#698 = IFCPOLYLOOP((#610, #618, #624));
#699 = IFCFACEOUTERBOUND(#698, .T.);
#700 = IFCFACE((#699));
#701 = IFCPOLYLOOP((#654, #638, #632));
#702 = IFCFACEOUTERBOUND(#701, .T.);
#703 = IFCFACE((#702));
#704 = IFCPOLYLOOP((#628, #618, #610));
#705 = IFCFACEOUTERBOUND(#704, .T.);
#706 = IFCFACE((#705));
#707 = IFCPOLYLOOP((#654, #639, #638));
#708 = IFCFACEOUTERBOUND(#707, .T.);
#709 = IFCFACE((#708));
#710 = IFCPOLYLOOP((#608, #610, #620));
#711 = IFCFACEOUTERBOUND(#710, .T.);
#712 = IFCFACE((#711));
#713 = IFCPOLYLOOP((#619, #628, #633));
#714 = IFCFACEOUTERBOUND(#713, .T.);
#715 = IFCFACE((#714));
#716 = IFCPOLYLOOP((#647, #638, #637));
#717 = IFCFACEOUTERBOUND(#716, .T.);
#718 = IFCFACE((#717));
#719 = IFCPOLYLOOP((#658, #662, #614));
#720 = IFCFACEOUTERBOUND(#719, .T.);
#721 = IFCFACE((#720));
#722 = IFCPOLYLOOP((#624, #620, #610));
#723 = IFCFACEOUTERBOUND(#722, .T.);
#724 = IFCFACE((#723));
#725 = IFCPOLYLOOP((#633, #637, #658));
#726 = IFCFACEOUTERBOUND(#725, .T.);
#727 = IFCFACE((#726));
#728 = IFCPOLYLOOP((#729, #730, #731));
#729 = IFCCARTESIANPOINT((2.19996200561523E-1, 2.56008880615234E-1, 2.99423885345459E-3));
#730 = IFCCARTESIANPOINT((2.17000076293945E-1, 2.56222686767578E-1, 1.03214015960693E-2));
#731 = IFCCARTESIANPOINT((2.21245529174805E-1, 2.5534912109375E-1, 1.03214015960693E-2));
#732 = IFCFACEOUTERBOUND(#728, .T.);
#733 = IFCFACE((#732));
#734 = IFCPOLYLOOP((#735, #736, #737));
#735 = IFCCARTESIANPOINT((2.23367645263672E-1, 2.53383224487305E-1, 1.03214015960693E-2));
#736 = IFCCARTESIANPOINT((2.24426635742188E-1, 2.50691253662109E-1, 1.03214015960693E-2));
#737 = IFCCARTESIANPOINT((2.24426635742188E-1, 2.50691253662109E-1, 2.99722909927368E-3));
#738 = IFCFACEOUTERBOUND(#734, .T.);
#739 = IFCFACE((#738));
#740 = IFCPOLYLOOP((#737, #741, #735));
#741 = IFCCARTESIANPOINT((2.23367645263672E-1, 2.53383224487305E-1, 2.99722909927368E-3));
#742 = IFCFACEOUTERBOUND(#740, .T.);
#743 = IFCFACE((#742));
#744 = IFCPOLYLOOP((#731, #735, #741));
#745 = IFCFACEOUTERBOUND(#744, .T.);
#746 = IFCFACE((#745));
#747 = IFCPOLYLOOP((#748, #737, #736));
#748 = IFCCARTESIANPOINT((2.23883071899414E-1, 2.46650024414063E-1, 2.99722909927368E-3));
#749 = IFCFACEOUTERBOUND(#747, .T.);
#750 = IFCFACE((#749));
#751 = IFCPOLYLOOP((#736, #752, #748));
#752 = IFCCARTESIANPOINT((2.23629974365234E-1, 2.46054962158203E-1, 1.03084058761597E-2));
#753 = IFCFACEOUTERBOUND(#751, .T.);
#754 = IFCFACE((#753));
#755 = IFCPOLYLOOP((#752, #756, #757));
#756 = IFCCARTESIANPOINT((2.18999923706055E-1, 2.43212066650391E-1, 1.03214015960693E-2));
#757 = IFCCARTESIANPOINT((2.20379531860352E-1, 2.43668579101563E-1, 2.99722909927368E-3));
#758 = IFCFACEOUTERBOUND(#755, .T.);
#759 = IFCFACE((#758));
#760 = IFCPOLYLOOP((#756, #761, #757));
#761 = IFCCARTESIANPOINT((2.16003814697266E-1, 2.43425872802734E-1, 2.99518871307373E-3));
#762 = IFCFACEOUTERBOUND(#760, .T.);
#763 = IFCFACE((#762));
#764 = IFCPOLYLOOP((#761, #756, #765));
#765 = IFCCARTESIANPOINT((2.14754470825195E-1, 2.4408561706543E-1, 1.03214015960693E-2));
#766 = IFCFACEOUTERBOUND(#764, .T.);
#767 = IFCFACE((#766));
#768 = IFCPOLYLOOP((#769, #770, #771));
#769 = IFCCARTESIANPOINT((2.11573364257813E-1, 2.4874348449707E-1, 2.99722909927368E-3));
#770 = IFCCARTESIANPOINT((2.12632354736328E-1, 2.46051513671875E-1, 2.99722909927368E-3));
#771 = IFCCARTESIANPOINT((2.11596466064453E-1, 2.47810363769531E-1, 1.03230447769165E-2));
#772 = IFCFACEOUTERBOUND(#768, .T.);
#773 = IFCFACE((#772));
#774 = IFCPOLYLOOP((#765, #771, #770));
#775 = IFCFACEOUTERBOUND(#774, .T.);
#776 = IFCFACE((#775));
#777 = IFCPOLYLOOP((#771, #778, #779));
#778 = IFCCARTESIANPOINT((2.1236994934082E-1, 2.5337956237793E-1, 1.0318000793457E-2));
#779 = IFCCARTESIANPOINT((2.12116928100586E-1, 2.52784713745117E-1, 2.99741077423096E-3));
#780 = IFCFACEOUTERBOUND(#777, .T.);
#781 = IFCFACE((#780));
#782 = IFCPOLYLOOP((#779, #769, #771));
#783 = IFCFACEOUTERBOUND(#782, .T.);
#784 = IFCFACE((#783));
#785 = IFCPOLYLOOP((#778, #730, #786));
#786 = IFCCARTESIANPOINT((2.15620468139648E-1, 2.55766159057617E-1, 2.99722909927368E-3));
#787 = IFCFACEOUTERBOUND(#785, .T.);
#788 = IFCFACE((#787));
#789 = IFCPOLYLOOP((#730, #729, #786));
#790 = IFCFACEOUTERBOUND(#789, .T.);
#791 = IFCFACE((#790));
#792 = IFCPOLYLOOP((#735, #731, #730));
#793 = IFCFACEOUTERBOUND(#792, .T.);
#794 = IFCFACE((#793));
#795 = IFCPOLYLOOP((#778, #735, #730));
#796 = IFCFACEOUTERBOUND(#795, .T.);
#797 = IFCFACE((#796));
#798 = IFCPOLYLOOP((#736, #735, #752));
#799 = IFCFACEOUTERBOUND(#798, .T.);
#800 = IFCFACE((#799));
#801 = IFCPOLYLOOP((#756, #735, #778));
#802 = IFCFACEOUTERBOUND(#801, .T.);
#803 = IFCFACE((#802));
#804 = IFCPOLYLOOP((#778, #771, #756));
#805 = IFCFACEOUTERBOUND(#804, .T.);
#806 = IFCFACE((#805));
#807 = IFCPOLYLOOP((#765, #756, #771));
#808 = IFCFACEOUTERBOUND(#807, .T.);
#809 = IFCFACE((#808));
#810 = IFCPOLYLOOP((#735, #756, #752));
#811 = IFCFACEOUTERBOUND(#810, .T.);
#812 = IFCFACE((#811));
#813 = IFCPOLYLOOP((#757, #761, #786));
#814 = IFCFACEOUTERBOUND(#813, .T.);
#815 = IFCFACE((#814));
#816 = IFCPOLYLOOP((#786, #729, #757));
#817 = IFCFACEOUTERBOUND(#816, .T.);
#818 = IFCFACE((#817));
#819 = IFCPOLYLOOP((#779, #786, #761));
#820 = IFCFACEOUTERBOUND(#819, .T.);
#821 = IFCFACE((#820));
#822 = IFCPOLYLOOP((#729, #741, #757));
#823 = IFCFACEOUTERBOUND(#822, .T.);
#824 = IFCFACE((#823));
#825 = IFCPOLYLOOP((#741, #737, #748));
#826 = IFCFACEOUTERBOUND(#825, .T.);
#827 = IFCFACE((#826));
#828 = IFCPOLYLOOP((#761, #770, #779));
#829 = IFCFACEOUTERBOUND(#828, .T.);
#830 = IFCFACE((#829));
#831 = IFCPOLYLOOP((#748, #757, #741));
#832 = IFCFACEOUTERBOUND(#831, .T.);
#833 = IFCFACE((#832));
#834 = IFCPOLYLOOP((#769, #779, #770));
#835 = IFCFACEOUTERBOUND(#834, .T.);
#836 = IFCFACE((#835));
#837 = IFCPOLYLOOP((#731, #741, #729));
#838 = IFCFACEOUTERBOUND(#837, .T.);
#839 = IFCFACE((#838));
#840 = IFCPOLYLOOP((#752, #757, #748));
#841 = IFCFACEOUTERBOUND(#840, .T.);
#842 = IFCFACE((#841));
#843 = IFCPOLYLOOP((#765, #770, #761));
#844 = IFCFACEOUTERBOUND(#843, .T.);
#845 = IFCFACE((#844));
#846 = IFCPOLYLOOP((#778, #786, #779));
#847 = IFCFACEOUTERBOUND(#846, .T.);
#848 = IFCFACE((#847));
#849 = IFCPOLYLOOP((#850, #851, #852));
#850 = IFCCARTESIANPOINT((2.24426635742188E-1, -1.94104217529297E-1, 2.99722909927368E-3));
#851 = IFCCARTESIANPOINT((2.23367645263672E-1, -1.91412261962891E-1, 2.99722909927368E-3));
#852 = IFCCARTESIANPOINT((2.24402847290039E-1, -1.9316975402832E-1, 1.03226432800293E-2));
#853 = IFCFACEOUTERBOUND(#849, .T.);
#854 = IFCFACE((#853));
#855 = IFCPOLYLOOP((#856, #852, #851));
#856 = IFCCARTESIANPOINT((2.21245529174805E-1, -1.89446365356445E-1, 1.03214015960693E-2));
#857 = IFCFACEOUTERBOUND(#855, .T.);
#858 = IFCFACE((#857));
#859 = IFCPOLYLOOP((#856, #860, #861));
#860 = IFCCARTESIANPOINT((2.19948348999023E-1, -1.88791397094727E-1, 2.99722909927368E-3));
#861 = IFCCARTESIANPOINT((2.16953414916992E-1, -1.88561019897461E-1, 1.03242168426514E-2));
#862 = IFCFACEOUTERBOUND(#859, .T.);
#863 = IFCFACE((#862));
#864 = IFCPOLYLOOP((#865, #850, #852));
#865 = IFCCARTESIANPOINT((2.23883071899414E-1, -1.98145446777344E-1, 2.99722909927368E-3));
#866 = IFCFACEOUTERBOUND(#864, .T.);
#867 = IFCFACE((#866));
#868 = IFCPOLYLOOP((#852, #869, #865));
#869 = IFCCARTESIANPOINT((2.23636260986328E-1, -1.98728927612305E-1, 1.02906160354614E-2));
#870 = IFCFACEOUTERBOUND(#868, .T.);
#871 = IFCFACE((#870));
#872 = IFCPOLYLOOP((#869, #873, #874));
#873 = IFCCARTESIANPOINT((2.19046615600586E-1, -2.01595199584961E-1, 1.03261547088623E-2));
#874 = IFCCARTESIANPOINT((2.20379531860352E-1, -2.01126892089844E-1, 2.99722909927368E-3));
#875 = IFCFACEOUTERBOUND(#872, .T.);
#876 = IFCFACE((#875));
#877 = IFCPOLYLOOP((#878, #874, #873));
#878 = IFCCARTESIANPOINT((2.16051666259766E-1, -2.01364822387695E-1, 2.99722909927368E-3));
#879 = IFCFACEOUTERBOUND(#877, .T.);
#880 = IFCFACE((#879));
#881 = IFCPOLYLOOP((#882, #883, #884));
#882 = IFCCARTESIANPOINT((2.12632354736328E-1, -1.98743957519531E-1, 1.03214015960693E-2));
#883 = IFCCARTESIANPOINT((2.11573364257813E-1, -1.96051986694336E-1, 1.03214015960693E-2));
#884 = IFCCARTESIANPOINT((2.11573364257813E-1, -1.96051986694336E-1, 2.99722909927368E-3));
#885 = IFCFACEOUTERBOUND(#881, .T.);
#886 = IFCFACE((#885));
#887 = IFCPOLYLOOP((#884, #888, #882));
#888 = IFCCARTESIANPOINT((2.12632354736328E-1, -1.98743957519531E-1, 2.99722909927368E-3));
#889 = IFCFACEOUTERBOUND(#887, .T.);
#890 = IFCFACE((#889));
#891 = IFCPOLYLOOP((#892, #882, #888));
#892 = IFCCARTESIANPOINT((2.14754470825195E-1, -2.00709854125977E-1, 1.03214015960693E-2));
#893 = IFCFACEOUTERBOUND(#891, .T.);
#894 = IFCFACE((#893));
#895 = IFCPOLYLOOP((#892, #878, #873));
#896 = IFCFACEOUTERBOUND(#895, .T.);
#897 = IFCFACE((#896));
#898 = IFCPOLYLOOP((#883, #899, #900));
#899 = IFCCARTESIANPOINT((2.12363632202148E-1, -1.9142756652832E-1, 1.03054275512695E-2));
#900 = IFCCARTESIANPOINT((2.12116928100586E-1, -1.92010757446289E-1, 2.99722909927368E-3));
#901 = IFCFACEOUTERBOUND(#898, .T.);
#902 = IFCFACE((#901));
#903 = IFCPOLYLOOP((#900, #884, #883));
#904 = IFCFACEOUTERBOUND(#903, .T.);
#905 = IFCFACE((#904));
#906 = IFCPOLYLOOP((#899, #861, #907));
#907 = IFCCARTESIANPOINT((2.15620468139648E-1, -1.89029312133789E-1, 2.99722909927368E-3));
#908 = IFCFACEOUTERBOUND(#906, .T.);
#909 = IFCFACE((#908));
#910 = IFCPOLYLOOP((#860, #907, #861));
#911 = IFCFACEOUTERBOUND(#910, .T.);
#912 = IFCFACE((#911));
#913 = IFCPOLYLOOP((#861, #899, #882));
#914 = IFCFACEOUTERBOUND(#913, .T.);
#915 = IFCFACE((#914));
#916 = IFCPOLYLOOP((#852, #856, #861));
#917 = IFCFACEOUTERBOUND(#916, .T.);
#918 = IFCFACE((#917));
#919 = IFCPOLYLOOP((#852, #861, #882));
#920 = IFCFACEOUTERBOUND(#919, .T.);
#921 = IFCFACE((#920));
#922 = IFCPOLYLOOP((#882, #873, #852));
#923 = IFCFACEOUTERBOUND(#922, .T.);
#924 = IFCFACE((#923));
#925 = IFCPOLYLOOP((#892, #873, #882));
#926 = IFCFACEOUTERBOUND(#925, .T.);
#927 = IFCFACE((#926));
#928 = IFCPOLYLOOP((#852, #873, #869));
#929 = IFCFACEOUTERBOUND(#928, .T.);
#930 = IFCFACE((#929));
#931 = IFCPOLYLOOP((#883, #882, #899));
#932 = IFCFACEOUTERBOUND(#931, .T.);
#933 = IFCFACE((#932));
#934 = IFCPOLYLOOP((#874, #878, #907));
#935 = IFCFACEOUTERBOUND(#934, .T.);
#936 = IFCFACE((#935));
#937 = IFCPOLYLOOP((#907, #860, #874));
#938 = IFCFACEOUTERBOUND(#937, .T.);
#939 = IFCFACE((#938));
#940 = IFCPOLYLOOP((#900, #907, #878));
#941 = IFCFACEOUTERBOUND(#940, .T.);
#942 = IFCFACE((#941));
#943 = IFCPOLYLOOP((#860, #851, #874));
#944 = IFCFACEOUTERBOUND(#943, .T.);
#945 = IFCFACE((#944));
#946 = IFCPOLYLOOP((#851, #850, #865));
#947 = IFCFACEOUTERBOUND(#946, .T.);
#948 = IFCFACE((#947));
#949 = IFCPOLYLOOP((#878, #888, #900));
#950 = IFCFACEOUTERBOUND(#949, .T.);
#951 = IFCFACE((#950));
#952 = IFCPOLYLOOP((#865, #874, #851));
#953 = IFCFACEOUTERBOUND(#952, .T.);
#954 = IFCFACE((#953));
#955 = IFCPOLYLOOP((#884, #900, #888));
#956 = IFCFACEOUTERBOUND(#955, .T.);
#957 = IFCFACE((#956));
#958 = IFCPOLYLOOP((#856, #851, #860));
#959 = IFCFACEOUTERBOUND(#958, .T.);
#960 = IFCFACE((#959));
#961 = IFCPOLYLOOP((#869, #874, #865));
#962 = IFCFACEOUTERBOUND(#961, .T.);
#963 = IFCFACE((#962));
#964 = IFCPOLYLOOP((#892, #888, #878));
#965 = IFCFACEOUTERBOUND(#964, .T.);
#966 = IFCFACE((#965));
#967 = IFCPOLYLOOP((#899, #907, #900));
#968 = IFCFACEOUTERBOUND(#967, .T.);
#969 = IFCFACE((#968));
#970 = IFCSHELLBASEDSURFACEMODEL((#485, #1989, #2661, #3127));
#971 = IFCSURFACESTYLERENDERING(#972, 0., #973, $, $, #974, #975, $, .NOTDEFINED.);
#972 = IFCCOLOURRGB('Surface color', 8.78431379795074E-1, 8.74509811401367E-1, 8.58823537826538E-1);
#973 = IFCCOLOURRGB('Diffuse color', 8.78431379795074E-1, 8.74509811401367E-1, 8.58823537826538E-1);
#974 = IFCCOLOURRGB('Reflection color', 1., 1., 1.);
#975 = IFCCOLOURRGB('Specular color', 1., 1., 1.);
#976 = IFCSURFACESTYLE('6dee3cff_5423_499e_8c87_4b50dfe5feb3', .BOTH., (#971));
#977 = IFCPRESENTATIONSTYLEASSIGNMENT((#976));
#978 = IFCSTYLEDITEM(#970, (#977), $);
#979 = IFCSTYLEDREPRESENTATION(#106, 'Body', $, (#978));
#980 = IFCCLOSEDSHELL((#986, #990, #994, #998, #1002, #1008, #1011, #1014, #1020, #1023, #1027, #1030, #1033, #1039, #1043, #1048, #1052, #1058, #1062, #1066, #1072, #1078, #1082, #1086, #1089, #1092, #1096, #1099, #1103, #1106, #1110, #1115, #1118, #1124, #1128, #1131, #1136, #1141, #1145, #1149, #1155, #1159, #1163, #1169, #1173, #1177, #1182, #1186, #1190, #1196, #1199, #1202, #1206, #1209, #1212, #1215, #1221, #1225, #1230, #1235, #1239, #1242, #1245, #1248, #1252, #1256, #1260, #1263, #1267, #1271, #1275, #1279, #1283, #1287, #1290, #1293, #1297, #1301, #1305, #1308, #1311, #1314, #1317, #1321, #1325, #1329, #1334, #1338, #1343, #1346, #1351, #1355, #1359, #1362, #1366, #1369, #1373, #1376, #1381, #1384, #1387, #1390, #1393, #1397, #1401, #1405, #1408, #1411, #1415, #1419, #1423, #1427, #1433, #1436, #1440, #1443, #1447, #1452, #1455, #1459, #1464, #1467, #1471, #1476, #1479, #1483, #1486, #1489, #1492, #1496, #1499, #1504, #1507, #1511, #1515, #1520, #1524, #1528, #1532, #1535, #1539, #1542, #1546, #1549, #1553, #1556, #1559, #1563, #1567, #1571, #1574, #1577, #1580, #1583, #1586, #1590, #1593, #1596, #1599, #1602, #1605, #1608, #1611, #1614, #1617, #1620, #1623, #1626, #1629, #1632, #1635, #1638, #1641, #1644, #1647, #1650, #1653, #1656, #1659, #1662, #1665, #1668, #1671, #1675, #1678, #1681, #1684, #1687, #1690, #1693, #1696, #1699, #1702, #1705, #1708, #1711, #1714, #1717, #1720, #1723, #1726, #1729, #1732, #1735, #1738, #1741, #1744, #1747, #1750, #1753, #1756, #1759, #1762, #1765, #1768, #1771, #1774, #1777, #1780, #1783, #1786, #1789, #1792, #1795, #1798, #1801, #1804, #1807, #1810, #1813, #1816, #1819, #1822, #1825, #1828, #1831, #1834, #1837, #1840, #1843, #1846, #1849, #1852, #1855, #1858, #1861, #1864, #1867, #1870, #1873, #1876, #1879, #1882, #1885, #1888, #1891, #1894, #1897, #1900, #1903, #1906, #1909, #1912, #1915, #1918, #1921, #1924, #1927, #1930, #1933, #1936, #1939, #1942, #1945, #1948, #1951, #1954, #1957, #1960, #1964, #1967, #1970, #1973, #1976));
#981 = IFCPOLYLOOP((#982, #983, #984));
#982 = IFCCARTESIANPOINT((5.50666809082031E-2, 1.60598648071289E-1, 4.40203002929688E-1));
#983 = IFCCARTESIANPOINT((9.97659378051758E-2, 1.58444046020508E-1, 4.38924072265625E-1));
#984 = IFCCARTESIANPOINT((4.38838882446289E-2, 1.64105194091797E-1, 4.33099731445313E-1));
#985 = IFCFACEOUTERBOUND(#981, .T.);
#986 = IFCFACE((#985));
#987 = IFCPOLYLOOP((#988, #982, #984));
#988 = IFCCARTESIANPOINT((1.33110370635986E-2, 1.56933700561523E-1, 4.44644653320313E-1));
#989 = IFCFACEOUTERBOUND(#987, .T.);
#990 = IFCFACE((#989));
#991 = IFCPOLYLOOP((#984, #992, #988));
#992 = IFCCARTESIANPOINT((-6.01745510101318E-3, 1.6544401550293E-1, 4.31904937744141E-1));
#993 = IFCFACEOUTERBOUND(#991, .T.);
#994 = IFCFACE((#993));
#995 = IFCPOLYLOOP((#996, #988, #992));
#996 = IFCCARTESIANPOINT((-4.36275367736816E-2, 1.61661712646484E-1, 4.39251708984375E-1));
#997 = IFCFACEOUTERBOUND(#995, .T.);
#998 = IFCFACE((#997));
#999 = IFCPOLYLOOP((#992, #1000, #996));
#1000 = IFCCARTESIANPOINT((-4.70194282531738E-2, 1.63609375E-1, 4.33341583251953E-1));
#1001 = IFCFACEOUTERBOUND(#999, .T.);
#1002 = IFCFACE((#1001));
#1003 = IFCPOLYLOOP((#1004, #1005, #1006));
#1004 = IFCCARTESIANPOINT((-1.70210388183594E-1, 1.4726432800293E-1, 4.51585235595703E-1));
#1005 = IFCCARTESIANPOINT((-1.73085037231445E-1, 1.42327682495117E-1, 4.60268127441406E-1));
#1006 = IFCCARTESIANPOINT((-9.97599868774414E-2, 1.58465606689453E-1, 4.38918029785156E-1));
#1007 = IFCFACEOUTERBOUND(#1003, .T.);
#1008 = IFCFACE((#1007));
#1009 = IFCPOLYLOOP((#1005, #996, #1000));
#1010 = IFCFACEOUTERBOUND(#1009, .T.);
#1011 = IFCFACE((#1010));
#1012 = IFCPOLYLOOP((#1000, #1006, #1005));
#1013 = IFCFACEOUTERBOUND(#1012, .T.);
#1014 = IFCFACE((#1013));
#1015 = IFCPOLYLOOP((#1016, #1017, #1018));
#1016 = IFCCARTESIANPOINT((1.55352569580078E-1, 1.49231796264648E-1, 4.49157958984375E-1));
#1017 = IFCCARTESIANPOINT((1.68601333618164E-1, 1.377919921875E-1, 4.64536499023438E-1));
#1018 = IFCCARTESIANPOINT((1.74721160888672E-1, 1.42515609741211E-1, 4.597421875E-1));
#1019 = IFCFACEOUTERBOUND(#1015, .T.);
#1020 = IFCFACE((#1019));
#1021 = IFCPOLYLOOP((#983, #1017, #1016));
#1022 = IFCFACEOUTERBOUND(#1021, .T.);
#1023 = IFCFACE((#1022));
#1024 = IFCPOLYLOOP((#1025, #1017, #983));
#1025 = IFCCARTESIANPOINT((9.12073593139648E-2, 1.5063493347168E-1, 4.50349700927734E-1));
#1026 = IFCFACEOUTERBOUND(#1024, .T.);
#1027 = IFCFACE((#1026));
#1028 = IFCPOLYLOOP((#982, #1025, #983));
#1029 = IFCFACEOUTERBOUND(#1028, .T.);
#1030 = IFCFACE((#1029));
#1031 = IFCPOLYLOOP((#988, #1025, #982));
#1032 = IFCFACEOUTERBOUND(#1031, .T.);
#1033 = IFCFACE((#1032));
#1034 = IFCPOLYLOOP((#1035, #1036, #1037));
#1035 = IFCCARTESIANPOINT((-1.70656921386719E-1, -1.92839492797852E-1, 4.84067565917969E-1));
#1036 = IFCCARTESIANPOINT((-1.28767684936523E-1, -2.27067855834961E-1, 4.851767578125E-1));
#1037 = IFCCARTESIANPOINT((-9.31339111328125E-2, -1.61385452270508E-1, 4.80111968994141E-1));
#1038 = IFCFACEOUTERBOUND(#1034, .T.);
#1039 = IFCFACE((#1038));
#1040 = IFCPOLYLOOP((#1035, #1037, #1041));
#1041 = IFCCARTESIANPOINT((-1.17005363464355E-1, -1.39043167114258E-1, 4.7913623046875E-1));
#1042 = IFCFACEOUTERBOUND(#1040, .T.);
#1043 = IFCFACE((#1042));
#1044 = IFCPOLYLOOP((#1045, #1041, #1046));
#1045 = IFCCARTESIANPOINT((-1.69709030151367E-1, -9.74606323242188E-2, 4.79217163085938E-1));
#1046 = IFCCARTESIANPOINT((-1.52463836669922E-1, -3.69412155151367E-2, 4.74922546386719E-1));
#1047 = IFCFACEOUTERBOUND(#1044, .T.);
#1048 = IFCFACE((#1047));
#1049 = IFCPOLYLOOP((#1046, #1041, #1050));
#1050 = IFCCARTESIANPOINT((-1.17041297912598E-1, -9.33663101196289E-2, 4.75865142822266E-1));
#1051 = IFCFACEOUTERBOUND(#1049, .T.);
#1052 = IFCFACE((#1051));
#1053 = IFCPOLYLOOP((#1054, #1055, #1056));
#1054 = IFCCARTESIANPOINT((3.91083908081055E-2, 5.25165634155273E-2, 4.59511016845703E-1));
#1055 = IFCCARTESIANPOINT((5.89565315246582E-2, 1.46826354980469E-1, 4.51096374511719E-1));
#1056 = IFCCARTESIANPOINT((4.69736814498901E-3, 1.47535781860352E-1, 4.49653350830078E-1));
#1057 = IFCFACEOUTERBOUND(#1053, .T.);
#1058 = IFCFACE((#1057));
#1059 = IFCPOLYLOOP((#1055, #1054, #1060));
#1060 = IFCCARTESIANPOINT((7.72838592529297E-2, 7.84364471435547E-2, 4.59237152099609E-1));
#1061 = IFCFACEOUTERBOUND(#1059, .T.);
#1062 = IFCFACE((#1061));
#1063 = IFCPOLYLOOP((#1055, #1060, #1064));
#1064 = IFCCARTESIANPOINT((9.5806282043457E-2, 1.41144424438477E-1, 4.55678375244141E-1));
#1065 = IFCFACEOUTERBOUND(#1063, .T.);
#1066 = IFCFACE((#1065));
#1067 = IFCPOLYLOOP((#1068, #1069, #1070));
#1068 = IFCCARTESIANPOINT((1.60800903320313E-1, -2.11103179931641E-1, 4.84825439453125E-1));
#1069 = IFCCARTESIANPOINT((1.70941635131836E-1, -1.91511413574219E-1, 4.83982086181641E-1));
#1070 = IFCCARTESIANPOINT((1.13914360046387E-1, -1.80708633422852E-1, 4.82066741943359E-1));
#1071 = IFCFACEOUTERBOUND(#1067, .T.);
#1072 = IFCFACE((#1071));
#1073 = IFCPOLYLOOP((#1074, #1075, #1076));
#1074 = IFCCARTESIANPOINT((-1.6664030456543E-1, 1.30488052368164E-1, 4.67831756591797E-1));
#1075 = IFCCARTESIANPOINT((-9.5041145324707E-2, 1.41114242553711E-1, 4.55564697265625E-1));
#1076 = IFCCARTESIANPOINT((-1.62708023071289E-1, 1.39005599975586E-1, 4.63533172607422E-1));
#1077 = IFCFACEOUTERBOUND(#1073, .T.);
#1078 = IFCFACE((#1077));
#1079 = IFCPOLYLOOP((#1076, #1080, #1005));
#1080 = IFCCARTESIANPOINT((-8.33806381225586E-2, 1.52179336547852E-1, 4.488935546875E-1));
#1081 = IFCFACEOUTERBOUND(#1079, .T.);
#1082 = IFCFACE((#1081));
#1083 = IFCPOLYLOOP((#1075, #1084, #1080));
#1084 = IFCCARTESIANPOINT((-4.05024108886719E-2, 1.455126953125E-1, 4.50789398193359E-1));
#1085 = IFCFACEOUTERBOUND(#1083, .T.);
#1086 = IFCFACE((#1085));
#1087 = IFCPOLYLOOP((#1084, #1056, #1080));
#1088 = IFCFACEOUTERBOUND(#1087, .T.);
#1089 = IFCFACE((#1088));
#1090 = IFCPOLYLOOP((#1080, #988, #996));
#1091 = IFCFACEOUTERBOUND(#1090, .T.);
#1092 = IFCFACE((#1091));
#1093 = IFCPOLYLOOP((#1025, #1064, #1094));
#1094 = IFCCARTESIANPOINT((1.60580322265625E-1, 1.31111831665039E-1, 4.67193237304688E-1));
#1095 = IFCFACEOUTERBOUND(#1093, .T.);
#1096 = IFCFACE((#1095));
#1097 = IFCPOLYLOOP((#1017, #1025, #1094));
#1098 = IFCFACEOUTERBOUND(#1097, .T.);
#1099 = IFCFACE((#1098));
#1100 = IFCPOLYLOOP((#1017, #1094, #1101));
#1101 = IFCCARTESIANPOINT((1.67902877807617E-1, 1.29246536254883E-1, 4.6760546875E-1));
#1102 = IFCFACEOUTERBOUND(#1100, .T.);
#1103 = IFCFACE((#1102));
#1104 = IFCPOLYLOOP((#1076, #1005, #1074));
#1105 = IFCFACEOUTERBOUND(#1104, .T.);
#1106 = IFCFACE((#1105));
#1107 = IFCPOLYLOOP((#1108, #1005, #1004));
#1108 = IFCCARTESIANPOINT((-1.82134033203125E-1, 1.41515426635742E-1, 4.527265625E-1));
#1109 = IFCFACEOUTERBOUND(#1107, .T.);
#1110 = IFCFACE((#1109));
#1111 = IFCPOLYLOOP((#1112, #1113, #1005));
#1112 = IFCCARTESIANPOINT((-1.82959228515625E-1, 1.30936187744141E-1, 4.59688598632813E-1));
#1113 = IFCCARTESIANPOINT((-1.75907333374023E-1, 1.29278167724609E-1, 4.65342926025391E-1));
#1114 = IFCFACEOUTERBOUND(#1111, .T.);
#1115 = IFCFACE((#1114));
#1116 = IFCPOLYLOOP((#1108, #1112, #1005));
#1117 = IFCFACEOUTERBOUND(#1116, .T.);
#1118 = IFCFACE((#1117));
#1119 = IFCPOLYLOOP((#1120, #1121, #1122));
#1120 = IFCCARTESIANPOINT((1.78368499755859E-1, -1.93908935546875E-1, 4.81265014648438E-1));
#1121 = IFCCARTESIANPOINT((1.84171463012695E-1, -1.9918244934082E-1, 4.75984283447266E-1));
#1122 = IFCCARTESIANPOINT((1.83527435302734E-1, -3.43312721252441E-2, 4.67490386962891E-1));
#1123 = IFCFACEOUTERBOUND(#1119, .T.);
#1124 = IFCFACE((#1123));
#1125 = IFCPOLYLOOP((#1069, #1068, #1126));
#1126 = IFCCARTESIANPOINT((1.75035140991211E-1, -2.14544845581055E-1, 4.79978546142578E-1));
#1127 = IFCFACEOUTERBOUND(#1125, .T.);
#1128 = IFCFACE((#1127));
#1129 = IFCPOLYLOOP((#1126, #1120, #1069));
#1130 = IFCFACEOUTERBOUND(#1129, .T.);
#1131 = IFCFACE((#1130));
#1132 = IFCPOLYLOOP((#1133, #1134, #1126));
#1133 = IFCCARTESIANPOINT((1.5100764465332E-1, -2.27509201049805E-1, 4.81484405517578E-1));
#1134 = IFCCARTESIANPOINT((1.56111602783203E-1, -2.32189758300781E-1, 4.75625518798828E-1));
#1135 = IFCFACEOUTERBOUND(#1132, .T.);
#1136 = IFCFACE((#1135));
#1137 = IFCPOLYLOOP((#1138, #1139, #1133));
#1138 = IFCCARTESIANPOINT((1.14766632080078E-1, -2.43494003295898E-1, 4.80354888916016E-1));
#1139 = IFCCARTESIANPOINT((1.27087188720703E-1, -2.45223709106445E-1, 4.75066772460938E-1));
#1140 = IFCFACEOUTERBOUND(#1137, .T.);
#1141 = IFCFACE((#1140));
#1142 = IFCPOLYLOOP((#1133, #1068, #1143));
#1143 = IFCCARTESIANPOINT((1.18749580383301E-1, -2.33457138061523E-1, 4.84389190673828E-1));
#1144 = IFCFACEOUTERBOUND(#1142, .T.);
#1145 = IFCFACE((#1144));
#1146 = IFCPOLYLOOP((#1143, #1147, #1138));
#1147 = IFCCARTESIANPOINT((7.39295272827148E-2, -2.43993804931641E-1, 4.83378692626953E-1));
#1148 = IFCFACEOUTERBOUND(#1146, .T.);
#1149 = IFCFACE((#1148));
#1150 = IFCPOLYLOOP((#1151, #1152, #1153));
#1151 = IFCCARTESIANPOINT((6.40653076171875E-2, -2.58127044677734E-1, 4.71939605712891E-1));
#1152 = IFCCARTESIANPOINT((9.91439743041992E-2, -2.53080139160156E-1, 4.72904602050781E-1));
#1153 = IFCCARTESIANPOINT((6.42355499267578E-2, -2.52179946899414E-1, 4.79007720947266E-1));
#1154 = IFCFACEOUTERBOUND(#1150, .T.);
#1155 = IFCFACE((#1154));
#1156 = IFCPOLYLOOP((#1153, #1157, #1151));
#1157 = IFCCARTESIANPOINT((1.95776259899139E-3, -2.54281753540039E-1, 4.78720611572266E-1));
#1158 = IFCFACEOUTERBOUND(#1156, .T.);
#1159 = IFCFACE((#1158));
#1160 = IFCPOLYLOOP((#1157, #1153, #1161));
#1161 = IFCCARTESIANPOINT((-3.2868465423584E-2, -2.46722549438477E-1, 4.83290435791016E-1));
#1162 = IFCFACEOUTERBOUND(#1160, .T.);
#1163 = IFCFACE((#1162));
#1164 = IFCPOLYLOOP((#1165, #1166, #1167));
#1165 = IFCCARTESIANPOINT((-6.24931869506836E-2, -2.52556701660156E-1, 4.78861267089844E-1));
#1166 = IFCCARTESIANPOINT((-8.69889678955078E-2, -2.55556243896484E-1, 4.72211578369141E-1));
#1167 = IFCCARTESIANPOINT((-2.32511978149414E-2, -2.59919982910156E-1, 4.71498352050781E-1));
#1168 = IFCFACEOUTERBOUND(#1164, .T.);
#1169 = IFCFACE((#1168));
#1170 = IFCPOLYLOOP((#1166, #1165, #1171));
#1171 = IFCCARTESIANPOINT((-1.14095657348633E-1, -2.43350204467773E-1, 4.807265625E-1));
#1172 = IFCFACEOUTERBOUND(#1170, .T.);
#1173 = IFCFACE((#1172));
#1174 = IFCPOLYLOOP((#1165, #1161, #1175));
#1175 = IFCCARTESIANPOINT((-1.06057083129883E-1, -2.37581268310547E-1, 4.84187622070313E-1));
#1176 = IFCFACEOUTERBOUND(#1174, .T.);
#1177 = IFCFACE((#1176));
#1178 = IFCPOLYLOOP((#1179, #1180, #1171));
#1179 = IFCCARTESIANPOINT((-1.50047637939453E-1, -2.35696243286133E-1, 4.75385528564453E-1));
#1180 = IFCCARTESIANPOINT((-1.21643524169922E-1, -2.47393585205078E-1, 4.74052337646484E-1));
#1181 = IFCFACEOUTERBOUND(#1178, .T.);
#1182 = IFCFACE((#1181));
#1183 = IFCPOLYLOOP((#1184, #1171, #1036));
#1184 = IFCCARTESIANPOINT((-1.5044709777832E-1, -2.27948226928711E-1, 4.81374938964844E-1));
#1185 = IFCFACEOUTERBOUND(#1183, .T.);
#1186 = IFCFACE((#1185));
#1187 = IFCPOLYLOOP((#1179, #1184, #1188));
#1188 = IFCCARTESIANPOINT((-1.76086044311523E-1, -2.1863981628418E-1, 4.76070739746094E-1));
#1189 = IFCFACEOUTERBOUND(#1187, .T.);
#1190 = IFCFACE((#1189));
#1191 = IFCPOLYLOOP((#1192, #1193, #1194));
#1192 = IFCCARTESIANPOINT((-1.70808364868164E-1, -2.10833114624023E-1, 4.82938659667969E-1));
#1193 = IFCCARTESIANPOINT((-1.78446655273438E-1, -1.92457778930664E-1, 4.81489318847656E-1));
#1194 = IFCCARTESIANPOINT((-1.84016891479492E-1, -1.99192764282227E-1, 4.76093322753906E-1));
#1195 = IFCFACEOUTERBOUND(#1191, .T.);
#1196 = IFCFACE((#1195));
#1197 = IFCPOLYLOOP((#1035, #1193, #1192));
#1198 = IFCFACEOUTERBOUND(#1197, .T.);
#1199 = IFCFACE((#1198));
#1200 = IFCPOLYLOOP((#1045, #1193, #1035));
#1201 = IFCFACEOUTERBOUND(#1200, .T.);
#1202 = IFCFACE((#1201));
#1203 = IFCPOLYLOOP((#1204, #1194, #1193));
#1204 = IFCCARTESIANPOINT((-1.76979309082031E-1, -8.65046119689941E-3, 4.71825622558594E-1));
#1205 = IFCFACEOUTERBOUND(#1203, .T.);
#1206 = IFCFACE((#1205));
#1207 = IFCPOLYLOOP((#1074, #1204, #1045));
#1208 = IFCFACEOUTERBOUND(#1207, .T.);
#1209 = IFCFACE((#1208));
#1210 = IFCPOLYLOOP((#1204, #1113, #1112));
#1211 = IFCFACEOUTERBOUND(#1210, .T.);
#1212 = IFCFACE((#1211));
#1213 = IFCPOLYLOOP((#1113, #1204, #1074));
#1214 = IFCFACEOUTERBOUND(#1213, .T.);
#1215 = IFCFACE((#1214));
#1216 = IFCPOLYLOOP((#1217, #1218, #1219));
#1217 = IFCCARTESIANPOINT((1.86845672607422E-1, 1.33403594970703E-1, 4.53173583984375E-1));
#1218 = IFCCARTESIANPOINT((1.82535018920898E-1, 1.30109252929688E-1, 4.603662109375E-1));
#1219 = IFCCARTESIANPOINT((1.86908569335938E-1, 9.22616577148438E-3, 4.58789794921875E-1));
#1220 = IFCFACEOUTERBOUND(#1216, .T.);
#1221 = IFCFACE((#1220));
#1222 = IFCPOLYLOOP((#1223, #1219, #1122));
#1223 = IFCCARTESIANPOINT((1.87140625E-1, -2.04124816894531E-1, 4.68350891113281E-1));
#1224 = IFCFACEOUTERBOUND(#1222, .T.);
#1225 = IFCFACE((#1224));
#1226 = IFCPOLYLOOP((#1134, #1227, #1228));
#1227 = IFCCARTESIANPOINT((1.53739364624023E-1, -2.38011749267578E-1, 4.68888153076172E-1));
#1228 = IFCCARTESIANPOINT((1.79775512695313E-1, -2.20479583740234E-1, 4.69051635742188E-1));
#1229 = IFCFACEOUTERBOUND(#1226, .T.);
#1230 = IFCFACE((#1229));
#1231 = IFCPOLYLOOP((#1152, #1232, #1233));
#1232 = IFCCARTESIANPOINT((7.55875015258789E-2, -2.59945556640625E-1, 4.63833038330078E-1));
#1233 = IFCCARTESIANPOINT((1.12862358093262E-1, -2.53198440551758E-1, 4.65692749023438E-1));
#1234 = IFCFACEOUTERBOUND(#1231, .T.);
#1235 = IFCFACE((#1234));
#1236 = IFCPOLYLOOP((#1151, #1237, #1232));
#1237 = IFCCARTESIANPOINT((1.21761312484741E-2, -2.62450378417969E-1, 4.63454833984375E-1));
#1238 = IFCFACEOUTERBOUND(#1236, .T.);
#1239 = IFCFACE((#1238));
#1240 = IFCPOLYLOOP((#1152, #1151, #1232));
#1241 = IFCFACEOUTERBOUND(#1240, .T.);
#1242 = IFCFACE((#1241));
#1243 = IFCPOLYLOOP((#1152, #1233, #1139));
#1244 = IFCFACEOUTERBOUND(#1243, .T.);
#1245 = IFCFACE((#1244));
#1246 = IFCPOLYLOOP((#1167, #1237, #1151));
#1247 = IFCFACEOUTERBOUND(#1246, .T.);
#1248 = IFCFACE((#1247));
#1249 = IFCPOLYLOOP((#1101, #1094, #1250));
#1250 = IFCCARTESIANPOINT((1.58835968017578E-1, 5.69120025634766E-2, 4.70709381103516E-1));
#1251 = IFCFACEOUTERBOUND(#1249, .T.);
#1252 = IFCFACE((#1251));
#1253 = IFCPOLYLOOP((#1101, #1250, #1254));
#1254 = IFCCARTESIANPOINT((1.60575408935547E-1, -1.40951629638672E-1, 4.81031616210938E-1));
#1255 = IFCFACEOUTERBOUND(#1253, .T.);
#1256 = IFCFACE((#1255));
#1257 = IFCPOLYLOOP((#1147, #1143, #1258));
#1258 = IFCCARTESIANPOINT((8.40027694702148E-2, -2.32501235961914E-1, 4.85075592041016E-1));
#1259 = IFCFACEOUTERBOUND(#1257, .T.);
#1260 = IFCFACE((#1259));
#1261 = IFCPOLYLOOP((#1143, #1068, #1258));
#1262 = IFCFACEOUTERBOUND(#1261, .T.);
#1263 = IFCFACE((#1262));
#1264 = IFCPOLYLOOP((#1147, #1258, #1265));
#1265 = IFCCARTESIANPOINT((-1.31951322555542E-2, -2.37471954345703E-1, 4.84970672607422E-1));
#1266 = IFCFACEOUTERBOUND(#1264, .T.);
#1267 = IFCFACE((#1266));
#1268 = IFCPOLYLOOP((#1167, #1269, #1237));
#1269 = IFCCARTESIANPOINT((-5.71146659851074E-2, -2.61414123535156E-1, 4.63462310791016E-1));
#1270 = IFCFACEOUTERBOUND(#1268, .T.);
#1271 = IFCFACE((#1270));
#1272 = IFCPOLYLOOP((#1166, #1273, #1269));
#1273 = IFCCARTESIANPOINT((-1.03163192749023E-1, -2.55467178344727E-1, 4.65263031005859E-1));
#1274 = IFCFACEOUTERBOUND(#1272, .T.);
#1275 = IFCFACE((#1274));
#1276 = IFCPOLYLOOP((#1180, #1277, #1273));
#1277 = IFCCARTESIANPOINT((-1.31375289916992E-1, -2.47838363647461E-1, 4.66795471191406E-1));
#1278 = IFCFACEOUTERBOUND(#1276, .T.);
#1279 = IFCFACE((#1278));
#1280 = IFCPOLYLOOP((#1179, #1281, #1277));
#1281 = IFCCARTESIANPOINT((-1.63018218994141E-1, -2.3210481262207E-1, 4.68723236083984E-1));
#1282 = IFCFACEOUTERBOUND(#1280, .T.);
#1283 = IFCFACE((#1282));
#1284 = IFCPOLYLOOP((#1285, #1281, #1188));
#1285 = IFCCARTESIANPOINT((-1.77377426147461E-1, -2.22562438964844E-1, 4.68942657470703E-1));
#1286 = IFCFACEOUTERBOUND(#1284, .T.);
#1287 = IFCFACE((#1286));
#1288 = IFCPOLYLOOP((#1166, #1269, #1167));
#1289 = IFCFACEOUTERBOUND(#1288, .T.);
#1290 = IFCFACE((#1289));
#1291 = IFCPOLYLOOP((#1273, #1166, #1180));
#1292 = IFCFACEOUTERBOUND(#1291, .T.);
#1293 = IFCFACE((#1292));
#1294 = IFCPOLYLOOP((#1188, #1295, #1285));
#1295 = IFCCARTESIANPOINT((-1.87044403076172E-1, -2.06140487670898E-1, 4.68436157226563E-1));
#1296 = IFCFACEOUTERBOUND(#1294, .T.);
#1297 = IFCFACE((#1296));
#1298 = IFCPOLYLOOP((#1194, #1299, #1295));
#1299 = IFCCARTESIANPOINT((-1.86917282104492E-1, -4.39981346130371E-2, 4.61129241943359E-1));
#1300 = IFCFACEOUTERBOUND(#1298, .T.);
#1301 = IFCFACE((#1300));
#1302 = IFCPOLYLOOP((#1303, #1299, #1112));
#1303 = IFCCARTESIANPOINT((-1.86875762939453E-1, 1.31972198486328E-1, 4.53226776123047E-1));
#1304 = IFCFACEOUTERBOUND(#1302, .T.);
#1305 = IFCFACE((#1304));
#1306 = IFCPOLYLOOP((#1299, #1194, #1112));
#1307 = IFCFACEOUTERBOUND(#1306, .T.);
#1308 = IFCFACE((#1307));
#1309 = IFCPOLYLOOP((#1074, #1045, #1046));
#1310 = IFCFACEOUTERBOUND(#1309, .T.);
#1311 = IFCFACE((#1310));
#1312 = IFCPOLYLOOP((#1036, #1175, #1161));
#1313 = IFCFACEOUTERBOUND(#1312, .T.);
#1314 = IFCFACE((#1313));
#1315 = IFCPOLYLOOP((#1036, #1161, #1265));
#1316 = IFCFACEOUTERBOUND(#1315, .T.);
#1317 = IFCFACE((#1316));
#1318 = IFCPOLYLOOP((#1084, #1075, #1319));
#1319 = IFCCARTESIANPOINT((-7.86435470581055E-2, 7.26636581420898E-2, 4.59738861083984E-1));
#1320 = IFCFACEOUTERBOUND(#1318, .T.);
#1321 = IFCFACE((#1320));
#1322 = IFCPOLYLOOP((#1046, #1323, #1074));
#1323 = IFCCARTESIANPOINT((-1.16715309143066E-1, 5.49054336547852E-2, 4.65349548339844E-1));
#1324 = IFCFACEOUTERBOUND(#1322, .T.);
#1325 = IFCFACE((#1324));
#1326 = IFCPOLYLOOP((#1046, #1327, #1323));
#1327 = IFCCARTESIANPOINT((-7.77781143188477E-2, -2.16943097114563E-3, 4.66062103271484E-1));
#1328 = IFCFACEOUTERBOUND(#1326, .T.);
#1329 = IFCFACE((#1328));
#1330 = IFCPOLYLOOP((#1327, #1331, #1332));
#1331 = IFCCARTESIANPOINT((-3.96822090148926E-2, -3.87958488464355E-2, 4.67856781005859E-1));
#1332 = IFCCARTESIANPOINT((-9.70984920859337E-5, -1.75012171268463E-3, 4.64085083007813E-1));
#1333 = IFCFACEOUTERBOUND(#1330, .T.);
#1334 = IFCFACE((#1333));
#1335 = IFCPOLYLOOP((#1332, #1336, #1327));
#1336 = IFCCARTESIANPOINT((-3.93558158874512E-2, 5.14650268554688E-2, 4.59510986328125E-1));
#1337 = IFCFACEOUTERBOUND(#1335, .T.);
#1338 = IFCFACE((#1337));
#1339 = IFCPOLYLOOP((#1332, #1340, #1341));
#1340 = IFCCARTESIANPOINT((3.95711402893066E-2, -3.91188926696777E-2, 4.67889862060547E-1));
#1341 = IFCCARTESIANPOINT((7.75686645507813E-2, -2.09389090538025E-3, 4.66036590576172E-1));
#1342 = IFCFACEOUTERBOUND(#1339, .T.);
#1343 = IFCFACE((#1342));
#1344 = IFCPOLYLOOP((#1341, #1054, #1332));
#1345 = IFCFACEOUTERBOUND(#1344, .T.);
#1346 = IFCFACE((#1345));
#1347 = IFCPOLYLOOP((#1348, #1349, #1341));
#1348 = IFCCARTESIANPOINT((1.15898849487305E-1, -1.31804542541504E-2, 4.69952850341797E-1));
#1349 = IFCCARTESIANPOINT((1.16847961425781E-1, 4.38766593933105E-2, 4.66054382324219E-1));
#1350 = IFCFACEOUTERBOUND(#1347, .T.);
#1351 = IFCFACE((#1350));
#1352 = IFCPOLYLOOP((#1327, #1353, #1331));
#1353 = IFCCARTESIANPOINT((-7.77557144165039E-2, -4.78366279602051E-2, 4.69981292724609E-1));
#1354 = IFCFACEOUTERBOUND(#1352, .T.);
#1355 = IFCFACE((#1354));
#1356 = IFCPOLYLOOP((#1357, #1250, #1348));
#1357 = IFCCARTESIANPOINT((1.55207168579102E-1, -4.7248363494873E-2, 4.75734283447266E-1));
#1358 = IFCFACEOUTERBOUND(#1356, .T.);
#1359 = IFCFACE((#1358));
#1360 = IFCPOLYLOOP((#1046, #1050, #1353));
#1361 = IFCFACEOUTERBOUND(#1360, .T.);
#1362 = IFCFACE((#1361));
#1363 = IFCPOLYLOOP((#1050, #1037, #1364));
#1364 = IFCCARTESIANPOINT((-3.58362007141113E-2, -8.94930648803711E-2, 4.72496948242188E-1));
#1365 = IFCFACEOUTERBOUND(#1363, .T.);
#1366 = IFCFACE((#1365));
#1367 = IFCPOLYLOOP((#1364, #1331, #1353));
#1368 = IFCFACEOUTERBOUND(#1367, .T.);
#1369 = IFCFACE((#1368));
#1370 = IFCPOLYLOOP((#1364, #1371, #1340));
#1371 = IFCCARTESIANPOINT((4.01364555358887E-2, -1.14094451904297E-1, 4.74880767822266E-1));
#1372 = IFCFACEOUTERBOUND(#1370, .T.);
#1373 = IFCFACE((#1372));
#1374 = IFCPOLYLOOP((#1340, #1331, #1364));
#1375 = IFCFACEOUTERBOUND(#1374, .T.);
#1376 = IFCFACE((#1375));
#1377 = IFCPOLYLOOP((#1378, #1379, #1371));
#1378 = IFCCARTESIANPOINT((1.16947235107422E-1, -9.32510375976563E-2, 4.75842163085938E-1));
#1379 = IFCCARTESIANPOINT((7.75915985107422E-2, -4.77606086730957E-2, 4.69960571289063E-1));
#1380 = IFCFACEOUTERBOUND(#1377, .T.);
#1381 = IFCFACE((#1380));
#1382 = IFCPOLYLOOP((#1379, #1378, #1357));
#1383 = IFCFACEOUTERBOUND(#1382, .T.);
#1384 = IFCFACE((#1383));
#1385 = IFCPOLYLOOP((#1357, #1348, #1379));
#1386 = IFCFACEOUTERBOUND(#1385, .T.);
#1387 = IFCFACE((#1386));
#1388 = IFCPOLYLOOP((#1254, #1357, #1378));
#1389 = IFCFACEOUTERBOUND(#1388, .T.);
#1390 = IFCFACE((#1389));
#1391 = IFCPOLYLOOP((#1041, #1045, #1035));
#1392 = IFCFACEOUTERBOUND(#1391, .T.);
#1393 = IFCFACE((#1392));
#1394 = IFCPOLYLOOP((#1395, #1364, #1037));
#1395 = IFCCARTESIANPOINT((-3.81355590820313E-2, -1.81525436401367E-1, 4.811982421875E-1));
#1396 = IFCFACEOUTERBOUND(#1394, .T.);
#1397 = IFCFACE((#1396));
#1398 = IFCPOLYLOOP((#1395, #1265, #1399));
#1399 = IFCCARTESIANPOINT((4.97572898864746E-2, -1.81980255126953E-1, 4.81193511962891E-1));
#1400 = IFCFACEOUTERBOUND(#1398, .T.);
#1401 = IFCFACE((#1400));
#1402 = IFCPOLYLOOP((#1094, #1064, #1403));
#1403 = IFCCARTESIANPOINT((1.16797622680664E-1, 8.96573486328125E-2, 4.62784454345703E-1));
#1404 = IFCFACEOUTERBOUND(#1402, .T.);
#1405 = IFCFACE((#1404));
#1406 = IFCPOLYLOOP((#1250, #1357, #1254));
#1407 = IFCFACEOUTERBOUND(#1406, .T.);
#1408 = IFCFACE((#1407));
#1409 = IFCPOLYLOOP((#1265, #1395, #1036));
#1410 = IFCFACEOUTERBOUND(#1409, .T.);
#1411 = IFCFACE((#1410));
#1412 = IFCPOLYLOOP((#1413, #1006, #1000));
#1413 = IFCCARTESIANPOINT((-8.97202758789063E-2, 1.05772201538086E-1, 4.41848999023438E-1));
#1414 = IFCFACEOUTERBOUND(#1412, .T.);
#1415 = IFCFACE((#1414));
#1416 = IFCPOLYLOOP((#1000, #992, #1417));
#1417 = IFCCARTESIANPOINT((-5.28280997968977E-9, 1.0546297454834E-1, 4.37735198974609E-1));
#1418 = IFCFACEOUTERBOUND(#1416, .T.);
#1419 = IFCFACE((#1418));
#1420 = IFCPOLYLOOP((#1417, #984, #1421));
#1421 = IFCCARTESIANPOINT((8.97202758789063E-2, 1.05772201538086E-1, 4.41848999023438E-1));
#1422 = IFCFACEOUTERBOUND(#1420, .T.);
#1423 = IFCFACE((#1422));
#1424 = IFCPOLYLOOP((#1421, #1425, #1417));
#1425 = IFCCARTESIANPOINT((4.51310958862305E-2, 5.97233810424805E-2, 4.42852874755859E-1));
#1426 = IFCFACEOUTERBOUND(#1424, .T.);
#1427 = IFCFACE((#1426));
#1428 = IFCPOLYLOOP((#1429, #1430, #1431));
#1429 = IFCCARTESIANPOINT((-1.34796417236328E-1, 1.06271072387695E-1, 4.483369140625E-1));
#1430 = IFCCARTESIANPOINT((-1.31643920898438E-1, 2.75433235168457E-2, 4.52987487792969E-1));
#1431 = IFCCARTESIANPOINT((-1.76725173950195E-1, 2.29363613128662E-2, 4.5738134765625E-1));
#1432 = IFCFACEOUTERBOUND(#1428, .T.);
#1433 = IFCFACE((#1432));
#1434 = IFCPOLYLOOP((#1430, #1429, #1413));
#1435 = IFCFACEOUTERBOUND(#1434, .T.);
#1436 = IFCFACE((#1435));
#1437 = IFCPOLYLOOP((#1417, #1438, #1413));
#1438 = IFCCARTESIANPOINT((-4.48855094909668E-2, 5.42449645996094E-2, 4.43329833984375E-1));
#1439 = IFCFACEOUTERBOUND(#1437, .T.);
#1440 = IFCFACE((#1439));
#1441 = IFCPOLYLOOP((#1413, #1000, #1417));
#1442 = IFCFACEOUTERBOUND(#1441, .T.);
#1443 = IFCFACE((#1442));
#1444 = IFCPOLYLOOP((#1421, #1445, #1425));
#1445 = IFCCARTESIANPOINT((8.9704460144043E-2, 5.44384078979492E-2, 4.46076446533203E-1));
#1446 = IFCFACEOUTERBOUND(#1444, .T.);
#1447 = IFCFACE((#1446));
#1448 = IFCPOLYLOOP((#1421, #1449, #1450));
#1449 = IFCCARTESIANPOINT((1.34796432495117E-1, 1.06271072387695E-1, 4.483369140625E-1));
#1450 = IFCCARTESIANPOINT((1.34826782226563E-1, 5.4843074798584E-2, 4.51593200683594E-1));
#1451 = IFCFACEOUTERBOUND(#1448, .T.);
#1452 = IFCFACE((#1451));
#1453 = IFCPOLYLOOP((#1450, #1445, #1421));
#1454 = IFCFACEOUTERBOUND(#1453, .T.);
#1455 = IFCFACE((#1454));
#1456 = IFCPOLYLOOP((#1457, #1450, #1449));
#1457 = IFCCARTESIANPOINT((1.78923965454102E-1, 5.51593742370605E-2, 4.5613330078125E-1));
#1458 = IFCFACEOUTERBOUND(#1456, .T.);
#1459 = IFCFACE((#1458));
#1460 = IFCPOLYLOOP((#1461, #1462, #1438));
#1461 = IFCCARTESIANPOINT((-6.19594752788544E-4, -2.26037063598633E-2, 4.50010375976563E-1));
#1462 = IFCCARTESIANPOINT((-4.55862350463867E-2, -2.53795852661133E-2, 4.5068798828125E-1));
#1463 = IFCFACEOUTERBOUND(#1460, .T.);
#1464 = IFCFACE((#1463));
#1465 = IFCPOLYLOOP((#1461, #1438, #1425));
#1466 = IFCFACEOUTERBOUND(#1465, .T.);
#1467 = IFCFACE((#1466));
#1468 = IFCPOLYLOOP((#1425, #1469, #1461));
#1469 = IFCCARTESIANPOINT((8.83672256469727E-2, -4.40124845504761E-3, 4.50800323486328E-1));
#1470 = IFCFACEOUTERBOUND(#1468, .T.);
#1471 = IFCFACE((#1470));
#1472 = IFCPOLYLOOP((#1473, #1474, #1461));
#1473 = IFCCARTESIANPOINT((8.97027282714844E-2, -9.93703002929688E-2, 4.58805206298828E-1));
#1474 = IFCCARTESIANPOINT((4.79082984924316E-2, -1.25514099121094E-1, 4.59915435791016E-1));
#1475 = IFCFACEOUTERBOUND(#1472, .T.);
#1476 = IFCFACE((#1475));
#1477 = IFCPOLYLOOP((#1461, #1469, #1473));
#1478 = IFCFACEOUTERBOUND(#1477, .T.);
#1479 = IFCFACE((#1478));
#1480 = IFCPOLYLOOP((#1445, #1450, #1481));
#1481 = IFCCARTESIANPOINT((1.34839584350586E-1, 3.53910064697266E-3, 4.54846496582031E-1));
#1482 = IFCFACEOUTERBOUND(#1480, .T.);
#1483 = IFCFACE((#1482));
#1484 = IFCPOLYLOOP((#1481, #1469, #1445));
#1485 = IFCFACEOUTERBOUND(#1484, .T.);
#1486 = IFCFACE((#1485));
#1487 = IFCPOLYLOOP((#1481, #1450, #1457));
#1488 = IFCFACEOUTERBOUND(#1487, .T.);
#1489 = IFCFACE((#1488));
#1490 = IFCPOLYLOOP((#1457, #1219, #1481));
#1491 = IFCFACEOUTERBOUND(#1490, .T.);
#1492 = IFCFACE((#1491));
#1493 = IFCPOLYLOOP((#1494, #1299, #1431));
#1494 = IFCCARTESIANPOINT((-1.3485481262207E-1, -4.7825439453125E-2, 4.58074615478516E-1));
#1495 = IFCFACEOUTERBOUND(#1493, .T.);
#1496 = IFCFACE((#1495));
#1497 = IFCPOLYLOOP((#1431, #1430, #1494));
#1498 = IFCFACEOUTERBOUND(#1497, .T.);
#1499 = IFCFACE((#1498));
#1500 = IFCPOLYLOOP((#1501, #1462, #1502));
#1501 = IFCCARTESIANPOINT((-8.97726898193359E-2, 3.07481527328491E-3, 4.50331665039063E-1));
#1502 = IFCCARTESIANPOINT((-9.05660095214844E-2, -8.8807502746582E-2, 4.58061401367188E-1));
#1503 = IFCFACEOUTERBOUND(#1500, .T.);
#1504 = IFCFACE((#1503));
#1505 = IFCPOLYLOOP((#1502, #1494, #1501));
#1506 = IFCFACEOUTERBOUND(#1505, .T.);
#1507 = IFCFACE((#1506));
#1508 = IFCPOLYLOOP((#1502, #1509, #1494));
#1509 = IFCCARTESIANPOINT((-1.3202864074707E-1, -1.01682891845703E-1, 4.61349792480469E-1));
#1510 = IFCFACEOUTERBOUND(#1508, .T.);
#1511 = IFCFACE((#1510));
#1512 = IFCPOLYLOOP((#1461, #1474, #1513));
#1513 = IFCCARTESIANPOINT((-4.38145217895508E-2, -1.21325462341309E-1, 4.59492065429688E-1));
#1514 = IFCFACEOUTERBOUND(#1512, .T.);
#1515 = IFCFACE((#1514));
#1516 = IFCPOLYLOOP((#1473, #1517, #1518));
#1517 = IFCCARTESIANPOINT((1.34854797363281E-1, -4.78254547119141E-2, 4.58074645996094E-1));
#1518 = IFCCARTESIANPOINT((1.78857437133789E-1, -9.90422134399414E-2, 4.63294586181641E-1));
#1519 = IFCFACEOUTERBOUND(#1516, .T.);
#1520 = IFCFACE((#1519));
#1521 = IFCPOLYLOOP((#1518, #1522, #1473));
#1522 = IFCCARTESIANPOINT((1.33909240722656E-1, -1.50215179443359E-1, 4.64482788085938E-1));
#1523 = IFCFACEOUTERBOUND(#1521, .T.);
#1524 = IFCFACE((#1523));
#1525 = IFCPOLYLOOP((#1526, #1299, #1509));
#1526 = IFCCARTESIANPOINT((-1.78870040893555E-1, -1.50438369750977E-1, 4.65689910888672E-1));
#1527 = IFCFACEOUTERBOUND(#1525, .T.);
#1528 = IFCFACE((#1527));
#1529 = IFCPOLYLOOP((#1513, #1530, #1502));
#1530 = IFCCARTESIANPOINT((-8.97021331787109E-2, -1.50615051269531E-1, 4.62975555419922E-1));
#1531 = IFCFACEOUTERBOUND(#1529, .T.);
#1532 = IFCFACE((#1531));
#1533 = IFCPOLYLOOP((#1474, #1473, #1522));
#1534 = IFCFACEOUTERBOUND(#1533, .T.);
#1535 = IFCFACE((#1534));
#1536 = IFCPOLYLOOP((#1522, #1537, #1474));
#1537 = IFCCARTESIANPOINT((8.54582443237305E-2, -1.99732482910156E-1, 4.67163391113281E-1));
#1538 = IFCFACEOUTERBOUND(#1536, .T.);
#1539 = IFCFACE((#1538));
#1540 = IFCPOLYLOOP((#1223, #1522, #1518));
#1541 = IFCFACEOUTERBOUND(#1540, .T.);
#1542 = IFCFACE((#1541));
#1543 = IFCPOLYLOOP((#1530, #1544, #1526));
#1544 = IFCCARTESIANPOINT((-1.34841506958008E-1, -2.01886108398438E-1, 4.67911712646484E-1));
#1545 = IFCFACEOUTERBOUND(#1543, .T.);
#1546 = IFCFACE((#1545));
#1547 = IFCPOLYLOOP((#1526, #1509, #1530));
#1548 = IFCFACEOUTERBOUND(#1547, .T.);
#1549 = IFCFACE((#1548));
#1550 = IFCPOLYLOOP((#1530, #1513, #1551));
#1551 = IFCCARTESIANPOINT((-1.53555679321289E-2, -2.27849716186523E-1, 4.69049774169922E-1));
#1552 = IFCFACEOUTERBOUND(#1550, .T.);
#1553 = IFCFACE((#1552));
#1554 = IFCPOLYLOOP((#1474, #1537, #1551));
#1555 = IFCFACEOUTERBOUND(#1554, .T.);
#1556 = IFCFACE((#1555));
#1557 = IFCPOLYLOOP((#1551, #1513, #1474));
#1558 = IFCFACEOUTERBOUND(#1557, .T.);
#1559 = IFCFACE((#1558));
#1560 = IFCPOLYLOOP((#1530, #1551, #1561));
#1561 = IFCCARTESIANPOINT((-8.08931198120117E-2, -2.27717483520508E-1, 4.68649169921875E-1));
#1562 = IFCFACEOUTERBOUND(#1560, .T.);
#1563 = IFCFACE((#1562));
#1564 = IFCPOLYLOOP((#1537, #1565, #1551));
#1565 = IFCCARTESIANPOINT((1.22127433776855E-1, -2.26656097412109E-1, 4.68620391845703E-1));
#1566 = IFCFACEOUTERBOUND(#1564, .T.);
#1567 = IFCFACE((#1566));
#1568 = IFCPOLYLOOP((#1569, #1273, #1561));
#1569 = IFCCARTESIANPOINT((-2.60872912406921E-3, -2.53540115356445E-1, 4.66151733398438E-1));
#1570 = IFCFACEOUTERBOUND(#1568, .T.);
#1571 = IFCFACE((#1570));
#1572 = IFCPOLYLOOP((#1006, #1413, #1429));
#1573 = IFCFACEOUTERBOUND(#1572, .T.);
#1574 = IFCFACE((#1573));
#1575 = IFCPOLYLOOP((#1108, #1431, #1303));
#1576 = IFCFACEOUTERBOUND(#1575, .T.);
#1577 = IFCFACE((#1576));
#1578 = IFCPOLYLOOP((#1303, #1431, #1299));
#1579 = IFCFACEOUTERBOUND(#1578, .T.);
#1580 = IFCFACE((#1579));
#1581 = IFCPOLYLOOP((#1449, #1421, #983));
#1582 = IFCFACEOUTERBOUND(#1581, .T.);
#1583 = IFCFACE((#1582));
#1584 = IFCPOLYLOOP((#983, #1016, #1449));
#1585 = IFCFACEOUTERBOUND(#1584, .T.);
#1586 = IFCFACE((#1585));
#1587 = IFCPOLYLOOP((#1588, #1449, #1016));
#1588 = IFCCARTESIANPOINT((1.77406326293945E-1, 1.45804077148438E-1, 4.52071807861328E-1));
#1589 = IFCFACEOUTERBOUND(#1587, .T.);
#1590 = IFCFACE((#1589));
#1591 = IFCPOLYLOOP((#1457, #1217, #1219));
#1592 = IFCFACEOUTERBOUND(#1591, .T.);
#1593 = IFCFACE((#1592));
#1594 = IFCPOLYLOOP((#1457, #1449, #1217));
#1595 = IFCFACEOUTERBOUND(#1594, .T.);
#1596 = IFCFACE((#1595));
#1597 = IFCPOLYLOOP((#1295, #1299, #1526));
#1598 = IFCFACEOUTERBOUND(#1597, .T.);
#1599 = IFCFACE((#1598));
#1600 = IFCPOLYLOOP((#1544, #1281, #1295));
#1601 = IFCFACEOUTERBOUND(#1600, .T.);
#1602 = IFCFACE((#1601));
#1603 = IFCPOLYLOOP((#1561, #1273, #1281));
#1604 = IFCFACEOUTERBOUND(#1603, .T.);
#1605 = IFCFACE((#1604));
#1606 = IFCPOLYLOOP((#1273, #1569, #1269));
#1607 = IFCFACEOUTERBOUND(#1606, .T.);
#1608 = IFCFACE((#1607));
#1609 = IFCPOLYLOOP((#1269, #1569, #1237));
#1610 = IFCFACEOUTERBOUND(#1609, .T.);
#1611 = IFCFACE((#1610));
#1612 = IFCPOLYLOOP((#1223, #1518, #1219));
#1613 = IFCFACEOUTERBOUND(#1612, .T.);
#1614 = IFCFACE((#1613));
#1615 = IFCPOLYLOOP((#1569, #1233, #1232));
#1616 = IFCFACEOUTERBOUND(#1615, .T.);
#1617 = IFCFACE((#1616));
#1618 = IFCPOLYLOOP((#1232, #1237, #1569));
#1619 = IFCFACEOUTERBOUND(#1618, .T.);
#1620 = IFCFACE((#1619));
#1621 = IFCPOLYLOOP((#1522, #1223, #1227));
#1622 = IFCFACEOUTERBOUND(#1621, .T.);
#1623 = IFCFACE((#1622));
#1624 = IFCPOLYLOOP((#1227, #1537, #1522));
#1625 = IFCFACEOUTERBOUND(#1624, .T.);
#1626 = IFCFACE((#1625));
#1627 = IFCPOLYLOOP((#1227, #1565, #1537));
#1628 = IFCFACEOUTERBOUND(#1627, .T.);
#1629 = IFCFACE((#1628));
#1630 = IFCPOLYLOOP((#1565, #1227, #1233));
#1631 = IFCFACEOUTERBOUND(#1630, .T.);
#1632 = IFCFACE((#1631));
#1633 = IFCPOLYLOOP((#1569, #1551, #1233));
#1634 = IFCFACEOUTERBOUND(#1633, .T.);
#1635 = IFCFACE((#1634));
#1636 = IFCPOLYLOOP((#1025, #1055, #1064));
#1637 = IFCFACEOUTERBOUND(#1636, .T.);
#1638 = IFCFACE((#1637));
#1639 = IFCPOLYLOOP((#1069, #1120, #1101));
#1640 = IFCFACEOUTERBOUND(#1639, .T.);
#1641 = IFCFACE((#1640));
#1642 = IFCPOLYLOOP((#1204, #1193, #1045));
#1643 = IFCFACEOUTERBOUND(#1642, .T.);
#1644 = IFCFACE((#1643));
#1645 = IFCPOLYLOOP((#1112, #1194, #1204));
#1646 = IFCFACEOUTERBOUND(#1645, .T.);
#1647 = IFCFACE((#1646));
#1648 = IFCPOLYLOOP((#1121, #1223, #1122));
#1649 = IFCFACEOUTERBOUND(#1648, .T.);
#1650 = IFCFACE((#1649));
#1651 = IFCPOLYLOOP((#1101, #1254, #1069));
#1652 = IFCFACEOUTERBOUND(#1651, .T.);
#1653 = IFCFACE((#1652));
#1654 = IFCPOLYLOOP((#1147, #1265, #1161));
#1655 = IFCFACEOUTERBOUND(#1654, .T.);
#1656 = IFCFACE((#1655));
#1657 = IFCPOLYLOOP((#1192, #1036, #1035));
#1658 = IFCFACEOUTERBOUND(#1657, .T.);
#1659 = IFCFACE((#1658));
#1660 = IFCPOLYLOOP((#1018, #1588, #1016));
#1661 = IFCFACEOUTERBOUND(#1660, .T.);
#1662 = IFCFACE((#1661));
#1663 = IFCPOLYLOOP((#1188, #1194, #1295));
#1664 = IFCFACEOUTERBOUND(#1663, .T.);
#1665 = IFCFACE((#1664));
#1666 = IFCPOLYLOOP((#1258, #1068, #1070));
#1667 = IFCFACEOUTERBOUND(#1666, .T.);
#1668 = IFCFACE((#1667));
#1669 = IFCPOLYLOOP((#1074, #1005, #1113));
#1670 = IFCFACEOUTERBOUND(#1669, .T.);
#1671 = IFCFACE((#1670));
#1672 = IFCPOLYLOOP((#1673, #1218, #1018));
#1673 = IFCCARTESIANPOINT((1.75905517578125E-1, 1.29442123413086E-1, 4.65234008789063E-1));
#1674 = IFCFACEOUTERBOUND(#1672, .T.);
#1675 = IFCFACE((#1674));
#1676 = IFCPOLYLOOP((#1218, #1217, #1018));
#1677 = IFCFACEOUTERBOUND(#1676, .T.);
#1678 = IFCFACE((#1677));
#1679 = IFCPOLYLOOP((#1126, #1228, #1223));
#1680 = IFCFACEOUTERBOUND(#1679, .T.);
#1681 = IFCFACE((#1680));
#1682 = IFCPOLYLOOP((#1223, #1121, #1126));
#1683 = IFCFACEOUTERBOUND(#1682, .T.);
#1684 = IFCFACE((#1683));
#1685 = IFCPOLYLOOP((#1080, #996, #1005));
#1686 = IFCFACEOUTERBOUND(#1685, .T.);
#1687 = IFCFACE((#1686));
#1688 = IFCPOLYLOOP((#1017, #1101, #1673));
#1689 = IFCFACEOUTERBOUND(#1688, .T.);
#1690 = IFCFACE((#1689));
#1691 = IFCPOLYLOOP((#1171, #1175, #1036));
#1692 = IFCFACEOUTERBOUND(#1691, .T.);
#1693 = IFCFACE((#1692));
#1694 = IFCPOLYLOOP((#1179, #1171, #1184));
#1695 = IFCFACEOUTERBOUND(#1694, .T.);
#1696 = IFCFACE((#1695));
#1697 = IFCPOLYLOOP((#1227, #1139, #1233));
#1698 = IFCFACEOUTERBOUND(#1697, .T.);
#1699 = IFCFACE((#1698));
#1700 = IFCPOLYLOOP((#1055, #988, #1056));
#1701 = IFCFACEOUTERBOUND(#1700, .T.);
#1702 = IFCFACE((#1701));
#1703 = IFCPOLYLOOP((#1133, #1143, #1138));
#1704 = IFCFACEOUTERBOUND(#1703, .T.);
#1705 = IFCFACE((#1704));
#1706 = IFCPOLYLOOP((#1157, #1167, #1151));
#1707 = IFCFACEOUTERBOUND(#1706, .T.);
#1708 = IFCFACE((#1707));
#1709 = IFCPOLYLOOP((#1165, #1167, #1157));
#1710 = IFCFACEOUTERBOUND(#1709, .T.);
#1711 = IFCFACE((#1710));
#1712 = IFCPOLYLOOP((#1192, #1194, #1188));
#1713 = IFCFACEOUTERBOUND(#1712, .T.);
#1714 = IFCFACE((#1713));
#1715 = IFCPOLYLOOP((#1056, #1084, #1336));
#1716 = IFCFACEOUTERBOUND(#1715, .T.);
#1717 = IFCFACE((#1716));
#1718 = IFCPOLYLOOP((#1336, #1054, #1056));
#1719 = IFCFACEOUTERBOUND(#1718, .T.);
#1720 = IFCFACE((#1719));
#1721 = IFCPOLYLOOP((#1223, #1228, #1227));
#1722 = IFCFACEOUTERBOUND(#1721, .T.);
#1723 = IFCFACE((#1722));
#1724 = IFCPOLYLOOP((#1180, #1179, #1277));
#1725 = IFCFACEOUTERBOUND(#1724, .T.);
#1726 = IFCFACE((#1725));
#1727 = IFCPOLYLOOP((#1340, #1332, #1331));
#1728 = IFCFACEOUTERBOUND(#1727, .T.);
#1729 = IFCFACE((#1728));
#1730 = IFCPOLYLOOP((#1281, #1285, #1295));
#1731 = IFCFACEOUTERBOUND(#1730, .T.);
#1732 = IFCFACE((#1731));
#1733 = IFCPOLYLOOP((#1303, #1112, #1108));
#1734 = IFCFACEOUTERBOUND(#1733, .T.);
#1735 = IFCFACE((#1734));
#1736 = IFCPOLYLOOP((#1018, #1217, #1588));
#1737 = IFCFACEOUTERBOUND(#1736, .T.);
#1738 = IFCFACE((#1737));
#1739 = IFCPOLYLOOP((#988, #1055, #1025));
#1740 = IFCFACEOUTERBOUND(#1739, .T.);
#1741 = IFCFACE((#1740));
#1742 = IFCPOLYLOOP((#1056, #988, #1080));
#1743 = IFCFACEOUTERBOUND(#1742, .T.);
#1744 = IFCFACE((#1743));
#1745 = IFCPOLYLOOP((#1250, #1349, #1348));
#1746 = IFCFACEOUTERBOUND(#1745, .T.);
#1747 = IFCFACE((#1746));
#1748 = IFCPOLYLOOP((#1068, #1133, #1126));
#1749 = IFCFACEOUTERBOUND(#1748, .T.);
#1750 = IFCFACE((#1749));
#1751 = IFCPOLYLOOP((#1134, #1228, #1126));
#1752 = IFCFACEOUTERBOUND(#1751, .T.);
#1753 = IFCFACE((#1752));
#1754 = IFCPOLYLOOP((#1126, #1121, #1120));
#1755 = IFCFACEOUTERBOUND(#1754, .T.);
#1756 = IFCFACE((#1755));
#1757 = IFCPOLYLOOP((#1166, #1171, #1180));
#1758 = IFCFACEOUTERBOUND(#1757, .T.);
#1759 = IFCFACE((#1758));
#1760 = IFCPOLYLOOP((#1084, #1319, #1336));
#1761 = IFCFACEOUTERBOUND(#1760, .T.);
#1762 = IFCFACE((#1761));
#1763 = IFCPOLYLOOP((#1184, #1036, #1192));
#1764 = IFCFACEOUTERBOUND(#1763, .T.);
#1765 = IFCFACE((#1764));
#1766 = IFCPOLYLOOP((#1139, #1227, #1134));
#1767 = IFCFACEOUTERBOUND(#1766, .T.);
#1768 = IFCFACE((#1767));
#1769 = IFCPOLYLOOP((#1336, #1332, #1054));
#1770 = IFCFACEOUTERBOUND(#1769, .T.);
#1771 = IFCFACE((#1770));
#1772 = IFCPOLYLOOP((#1254, #1378, #1070));
#1773 = IFCFACEOUTERBOUND(#1772, .T.);
#1774 = IFCFACE((#1773));
#1775 = IFCPOLYLOOP((#984, #1417, #992));
#1776 = IFCFACEOUTERBOUND(#1775, .T.);
#1777 = IFCFACE((#1776));
#1778 = IFCPOLYLOOP((#1421, #984, #983));
#1779 = IFCFACEOUTERBOUND(#1778, .T.);
#1780 = IFCFACE((#1779));
#1781 = IFCPOLYLOOP((#1417, #1425, #1438));
#1782 = IFCFACEOUTERBOUND(#1781, .T.);
#1783 = IFCFACE((#1782));
#1784 = IFCPOLYLOOP((#1139, #1134, #1133));
#1785 = IFCFACEOUTERBOUND(#1784, .T.);
#1786 = IFCFACE((#1785));
#1787 = IFCPOLYLOOP((#1147, #1153, #1138));
#1788 = IFCFACEOUTERBOUND(#1787, .T.);
#1789 = IFCFACE((#1788));
#1790 = IFCPOLYLOOP((#1165, #1175, #1171));
#1791 = IFCFACEOUTERBOUND(#1790, .T.);
#1792 = IFCFACE((#1791));
#1793 = IFCPOLYLOOP((#1371, #1364, #1395));
#1794 = IFCFACEOUTERBOUND(#1793, .T.);
#1795 = IFCFACE((#1794));
#1796 = IFCPOLYLOOP((#1395, #1399, #1371));
#1797 = IFCFACEOUTERBOUND(#1796, .T.);
#1798 = IFCFACE((#1797));
#1799 = IFCPOLYLOOP((#1070, #1069, #1254));
#1800 = IFCFACEOUTERBOUND(#1799, .T.);
#1801 = IFCFACE((#1800));
#1802 = IFCPOLYLOOP((#1430, #1413, #1438));
#1803 = IFCFACEOUTERBOUND(#1802, .T.);
#1804 = IFCFACE((#1803));
#1805 = IFCPOLYLOOP((#1438, #1501, #1430));
#1806 = IFCFACEOUTERBOUND(#1805, .T.);
#1807 = IFCFACE((#1806));
#1808 = IFCPOLYLOOP((#1165, #1157, #1161));
#1809 = IFCFACEOUTERBOUND(#1808, .T.);
#1810 = IFCFACE((#1809));
#1811 = IFCPOLYLOOP((#1371, #1379, #1340));
#1812 = IFCFACEOUTERBOUND(#1811, .T.);
#1813 = IFCFACE((#1812));
#1814 = IFCPOLYLOOP((#1070, #1378, #1371));
#1815 = IFCFACEOUTERBOUND(#1814, .T.);
#1816 = IFCFACE((#1815));
#1817 = IFCPOLYLOOP((#1371, #1399, #1070));
#1818 = IFCFACEOUTERBOUND(#1817, .T.);
#1819 = IFCFACE((#1818));
#1820 = IFCPOLYLOOP((#1429, #1431, #1108));
#1821 = IFCFACEOUTERBOUND(#1820, .T.);
#1822 = IFCFACE((#1821));
#1823 = IFCPOLYLOOP((#1569, #1561, #1551));
#1824 = IFCFACEOUTERBOUND(#1823, .T.);
#1825 = IFCFACE((#1824));
#1826 = IFCPOLYLOOP((#1108, #1004, #1429));
#1827 = IFCFACEOUTERBOUND(#1826, .T.);
#1828 = IFCFACE((#1827));
#1829 = IFCPOLYLOOP((#1281, #1179, #1188));
#1830 = IFCFACEOUTERBOUND(#1829, .T.);
#1831 = IFCFACE((#1830));
#1832 = IFCPOLYLOOP((#1341, #1340, #1379));
#1833 = IFCFACEOUTERBOUND(#1832, .T.);
#1834 = IFCFACE((#1833));
#1835 = IFCPOLYLOOP((#1449, #1588, #1217));
#1836 = IFCFACEOUTERBOUND(#1835, .T.);
#1837 = IFCFACE((#1836));
#1838 = IFCPOLYLOOP((#1184, #1192, #1188));
#1839 = IFCFACEOUTERBOUND(#1838, .T.);
#1840 = IFCFACE((#1839));
#1841 = IFCPOLYLOOP((#1319, #1323, #1327));
#1842 = IFCFACEOUTERBOUND(#1841, .T.);
#1843 = IFCFACE((#1842));
#1844 = IFCPOLYLOOP((#1327, #1336, #1319));
#1845 = IFCFACEOUTERBOUND(#1844, .T.);
#1846 = IFCFACE((#1845));
#1847 = IFCPOLYLOOP((#1054, #1341, #1349));
#1848 = IFCFACEOUTERBOUND(#1847, .T.);
#1849 = IFCFACE((#1848));
#1850 = IFCPOLYLOOP((#1349, #1060, #1054));
#1851 = IFCFACEOUTERBOUND(#1850, .T.);
#1852 = IFCFACE((#1851));
#1853 = IFCPOLYLOOP((#1037, #1050, #1041));
#1854 = IFCFACEOUTERBOUND(#1853, .T.);
#1855 = IFCFACE((#1854));
#1856 = IFCPOLYLOOP((#1517, #1473, #1469));
#1857 = IFCFACEOUTERBOUND(#1856, .T.);
#1858 = IFCFACE((#1857));
#1859 = IFCPOLYLOOP((#1518, #1517, #1219));
#1860 = IFCFACEOUTERBOUND(#1859, .T.);
#1861 = IFCFACE((#1860));
#1862 = IFCPOLYLOOP((#1152, #1139, #1138));
#1863 = IFCFACEOUTERBOUND(#1862, .T.);
#1864 = IFCFACE((#1863));
#1865 = IFCPOLYLOOP((#1509, #1299, #1494));
#1866 = IFCFACEOUTERBOUND(#1865, .T.);
#1867 = IFCFACE((#1866));
#1868 = IFCPOLYLOOP((#1219, #1517, #1481));
#1869 = IFCFACEOUTERBOUND(#1868, .T.);
#1870 = IFCFACE((#1869));
#1871 = IFCPOLYLOOP((#1513, #1502, #1462));
#1872 = IFCFACEOUTERBOUND(#1871, .T.);
#1873 = IFCFACE((#1872));
#1874 = IFCPOLYLOOP((#1561, #1281, #1544));
#1875 = IFCFACEOUTERBOUND(#1874, .T.);
#1876 = IFCFACE((#1875));
#1877 = IFCPOLYLOOP((#1273, #1277, #1281));
#1878 = IFCFACEOUTERBOUND(#1877, .T.);
#1879 = IFCFACE((#1878));
#1880 = IFCPOLYLOOP((#1438, #1462, #1501));
#1881 = IFCFACEOUTERBOUND(#1880, .T.);
#1882 = IFCFACE((#1881));
#1883 = IFCPOLYLOOP((#1425, #1445, #1469));
#1884 = IFCFACEOUTERBOUND(#1883, .T.);
#1885 = IFCFACE((#1884));
#1886 = IFCPOLYLOOP((#1673, #1018, #1017));
#1887 = IFCFACEOUTERBOUND(#1886, .T.);
#1888 = IFCFACE((#1887));
#1889 = IFCPOLYLOOP((#1153, #1147, #1161));
#1890 = IFCFACEOUTERBOUND(#1889, .T.);
#1891 = IFCFACE((#1890));
#1892 = IFCPOLYLOOP((#1403, #1064, #1060));
#1893 = IFCFACEOUTERBOUND(#1892, .T.);
#1894 = IFCFACE((#1893));
#1895 = IFCPOLYLOOP((#1094, #1403, #1250));
#1896 = IFCFACEOUTERBOUND(#1895, .T.);
#1897 = IFCFACE((#1896));
#1898 = IFCPOLYLOOP((#1258, #1070, #1399));
#1899 = IFCFACEOUTERBOUND(#1898, .T.);
#1900 = IFCFACE((#1899));
#1901 = IFCPOLYLOOP((#1060, #1349, #1403));
#1902 = IFCFACEOUTERBOUND(#1901, .T.);
#1903 = IFCFACE((#1902));
#1904 = IFCPOLYLOOP((#1327, #1046, #1353));
#1905 = IFCFACEOUTERBOUND(#1904, .T.);
#1906 = IFCFACE((#1905));
#1907 = IFCPOLYLOOP((#1348, #1341, #1379));
#1908 = IFCFACEOUTERBOUND(#1907, .T.);
#1909 = IFCFACE((#1908));
#1910 = IFCPOLYLOOP((#1074, #1323, #1075));
#1911 = IFCFACEOUTERBOUND(#1910, .T.);
#1912 = IFCFACE((#1911));
#1913 = IFCPOLYLOOP((#1323, #1319, #1075));
#1914 = IFCFACEOUTERBOUND(#1913, .T.);
#1915 = IFCFACE((#1914));
#1916 = IFCPOLYLOOP((#1501, #1494, #1430));
#1917 = IFCFACEOUTERBOUND(#1916, .T.);
#1918 = IFCFACE((#1917));
#1919 = IFCPOLYLOOP((#1517, #1469, #1481));
#1920 = IFCFACEOUTERBOUND(#1919, .T.);
#1921 = IFCFACE((#1920));
#1922 = IFCPOLYLOOP((#1075, #1080, #1076));
#1923 = IFCFACEOUTERBOUND(#1922, .T.);
#1924 = IFCFACE((#1923));
#1925 = IFCPOLYLOOP((#1152, #1138, #1153));
#1926 = IFCFACEOUTERBOUND(#1925, .T.);
#1927 = IFCFACE((#1926));
#1928 = IFCPOLYLOOP((#1218, #1122, #1219));
#1929 = IFCFACEOUTERBOUND(#1928, .T.);
#1930 = IFCFACE((#1929));
#1931 = IFCPOLYLOOP((#1050, #1364, #1353));
#1932 = IFCFACEOUTERBOUND(#1931, .T.);
#1933 = IFCFACE((#1932));
#1934 = IFCPOLYLOOP((#1509, #1502, #1530));
#1935 = IFCFACEOUTERBOUND(#1934, .T.);
#1936 = IFCFACE((#1935));
#1937 = IFCPOLYLOOP((#1526, #1544, #1295));
#1938 = IFCFACEOUTERBOUND(#1937, .T.);
#1939 = IFCFACE((#1938));
#1940 = IFCPOLYLOOP((#1006, #1429, #1004));
#1941 = IFCFACEOUTERBOUND(#1940, .T.);
#1942 = IFCFACE((#1941));
#1943 = IFCPOLYLOOP((#1349, #1250, #1403));
#1944 = IFCFACEOUTERBOUND(#1943, .T.);
#1945 = IFCFACE((#1944));
#1946 = IFCPOLYLOOP((#1395, #1037, #1036));
#1947 = IFCFACEOUTERBOUND(#1946, .T.);
#1948 = IFCFACE((#1947));
#1949 = IFCPOLYLOOP((#1265, #1258, #1399));
#1950 = IFCFACEOUTERBOUND(#1949, .T.);
#1951 = IFCFACE((#1950));
#1952 = IFCPOLYLOOP((#1461, #1513, #1462));
#1953 = IFCFACEOUTERBOUND(#1952, .T.);
#1954 = IFCFACE((#1953));
#1955 = IFCPOLYLOOP((#1551, #1565, #1233));
#1956 = IFCFACEOUTERBOUND(#1955, .T.);
#1957 = IFCFACE((#1956));
#1958 = IFCPOLYLOOP((#1530, #1561, #1544));
#1959 = IFCFACEOUTERBOUND(#1958, .T.);
#1960 = IFCFACE((#1959));
#1961 = IFCPOLYLOOP((#1218, #1962, #1122));
#1962 = IFCCARTESIANPOINT((1.7601188659668E-1, 1.11304405212402E-1, 4.65926330566406E-1));
#1963 = IFCFACEOUTERBOUND(#1961, .T.);
#1964 = IFCFACE((#1963));
#1965 = IFCPOLYLOOP((#1218, #1673, #1962));
#1966 = IFCFACEOUTERBOUND(#1965, .T.);
#1967 = IFCFACE((#1966));
#1968 = IFCPOLYLOOP((#1122, #1962, #1120));
#1969 = IFCFACEOUTERBOUND(#1968, .T.);
#1970 = IFCFACE((#1969));
#1971 = IFCPOLYLOOP((#1101, #1962, #1673));
#1972 = IFCFACEOUTERBOUND(#1971, .T.);
#1973 = IFCFACE((#1972));
#1974 = IFCPOLYLOOP((#1101, #1120, #1962));
#1975 = IFCFACEOUTERBOUND(#1974, .T.);
#1976 = IFCFACE((#1975));
#1977 = IFCFACETEDBREP(#980);
#1978 = IFCSURFACESTYLERENDERING(#1979, 0., #1980, $, $, #1981, #1982, $, .NOTDEFINED.);
#1979 = IFCCOLOURRGB('Surface color', 4.98039215803146E-1, 4.74509805440903E-1, 4.3529412150383E-1);
#1980 = IFCCOLOURRGB('Diffuse color', 4.98039215803146E-1, 4.74509805440903E-1, 4.3529412150383E-1);
#1981 = IFCCOLOURRGB('Reflection color', 1., 1., 1.);
#1982 = IFCCOLOURRGB('Specular color', 1., 1., 1.);
#1983 = IFCSURFACESTYLE('4e7f3936_b7a9_4fbc_847b_b9917423a92e', .BOTH., (#1978));
#1984 = IFCPRESENTATIONSTYLEASSIGNMENT((#1983));
#1985 = IFCMATERIAL('4e7f3936_b7a9_4fbc_847b_b9917423a92e');
#1986 = IFCSTYLEDITEM(#1977, (#1984), $);
#1987 = IFCSTYLEDREPRESENTATION(#106, 'Body', $, (#1986));
#1988 = IFCMATERIALDEFINITIONREPRESENTATION($, $, (#1987), #1985);
#1989 = IFCOPENSHELL((#1995, #1999, #2004, #2007, #2012, #2015, #2019, #2022, #2026, #2032, #2038, #2042, #2045, #2048, #2051, #2055, #2058, #2062, #2068, #2073, #2076, #2080, #2085, #2088, #2092, #2095, #2098, #2101, #2105, #2111, #2117, #2121, #2124, #2127, #2130, #2134, #2137, #2141, #2147, #2152, #2155, #2159, #2164, #2167, #2171, #2174, #2177, #2180, #2183, #2187, #2190, #2194, #2197, #2200, #2203, #2206, #2209, #2212, #2215, #2218, #2221, #2224, #2227, #2230, #2233, #2236, #2239, #2242, #2245, #2248, #2251, #2254, #2257, #2260, #2263, #2266, #2269, #2272, #2275, #2278, #2281, #2284, #2287, #2290, #2293, #2296, #2299, #2302, #2305, #2308, #2311, #2314, #2317, #2320, #2326, #2330, #2334, #2338, #2342, #2346, #2350, #2353, #2357, #2363, #2369, #2373, #2376, #2379, #2382, #2386, #2389, #2393, #2399, #2404, #2407, #2411, #2416, #2419, #2423, #2426, #2429, #2432, #2436, #2442, #2448, #2452, #2455, #2458, #2461, #2465, #2468, #2472, #2478, #2483, #2486, #2490, #2495, #2498, #2502, #2505, #2508, #2511, #2515, #2518, #2521, #2525, #2528, #2531, #2534, #2537, #2540, #2543, #2546, #2549, #2552, #2555, #2558, #2561, #2564, #2567, #2570, #2573, #2576, #2579, #2582, #2585, #2588, #2591, #2594, #2597, #2600, #2603, #2606, #2609, #2612, #2615, #2618, #2621, #2624, #2627, #2630, #2633, #2636, #2639, #2642, #2645, #2648, #2651));
#1990 = IFCPOLYLOOP((#1991, #1992, #1993));
#1991 = IFCCARTESIANPOINT((-2.165E-1, 4.67315292358398E-2, 4.94463958740234E-1));
#1992 = IFCCARTESIANPOINT((-2.165E-1, 6.3514045715332E-2, 5.30454162597656E-1));
#1993 = IFCCARTESIANPOINT((-2.18E-1, 6.3514045715332E-2, 5.30454162597656E-1));
#1994 = IFCFACEOUTERBOUND(#1990, .T.);
#1995 = IFCFACE((#1994));
#1996 = IFCPOLYLOOP((#1993, #1997, #1991));
#1997 = IFCCARTESIANPOINT((-2.18E-1, 4.67315292358398E-2, 4.94463958740234E-1));
#1998 = IFCFACEOUTERBOUND(#1996, .T.);
#1999 = IFCFACE((#1998));
#2000 = IFCPOLYLOOP((#2001, #2002, #1997));
#2001 = IFCCARTESIANPOINT((-2.195E-1, 6.3514045715332E-2, 5.30454162597656E-1));
#2002 = IFCCARTESIANPOINT((-2.195E-1, 4.67315292358398E-2, 4.94463958740234E-1));
#2003 = IFCFACEOUTERBOUND(#2000, .T.);
#2004 = IFCFACE((#2003));
#2005 = IFCPOLYLOOP((#1997, #1993, #2001));
#2006 = IFCFACEOUTERBOUND(#2005, .T.);
#2007 = IFCFACE((#2006));
#2008 = IFCPOLYLOOP((#2009, #2010, #2001));
#2009 = IFCCARTESIANPOINT((-2.18E-1, 6.3244384765625E-2, 5.2944775390625E-1));
#2010 = IFCCARTESIANPOINT((-2.195E-1, 6.3244384765625E-2, 5.2944775390625E-1));
#2011 = IFCFACEOUTERBOUND(#2008, .T.);
#2012 = IFCFACE((#2011));
#2013 = IFCPOLYLOOP((#2001, #1993, #2009));
#2014 = IFCFACEOUTERBOUND(#2013, .T.);
#2015 = IFCFACE((#2014));
#2016 = IFCPOLYLOOP((#2017, #2009, #1993));
#2017 = IFCCARTESIANPOINT((-2.165E-1, 6.3244384765625E-2, 5.2944775390625E-1));
#2018 = IFCFACEOUTERBOUND(#2016, .T.);
#2019 = IFCFACE((#2018));
#2020 = IFCPOLYLOOP((#1993, #1992, #2017));
#2021 = IFCFACEOUTERBOUND(#2020, .T.);
#2022 = IFCFACE((#2021));
#2023 = IFCPOLYLOOP((#2024, #2002, #2010));
#2024 = IFCCARTESIANPOINT((-2.195E-1, 4.79390907287598E-2, 4.96085968017578E-1));
#2025 = IFCFACEOUTERBOUND(#2023, .T.);
#2026 = IFCFACE((#2025));
#2027 = IFCPOLYLOOP((#2028, #2029, #2030));
#2028 = IFCCARTESIANPOINT((-2.195E-1, 5.16988487243652E-2, 4.97331817626953E-1));
#2029 = IFCCARTESIANPOINT((-2.195E-1, 4.96903457641602E-2, 4.97097076416016E-1));
#2030 = IFCCARTESIANPOINT((-2.195E-1, 6.48477249145508E-2, 5.26525268554688E-1));
#2031 = IFCFACEOUTERBOUND(#2027, .T.);
#2032 = IFCFACE((#2031));
#2033 = IFCPOLYLOOP((#2034, #2035, #2036));
#2034 = IFCCARTESIANPOINT((-2.195E-1, 8.48862915039063E-2, 5.19346008300781E-1));
#2035 = IFCCARTESIANPOINT((-2.195E-1, 6.59715042114258E-2, 5.2619775390625E-1));
#2036 = IFCCARTESIANPOINT((-2.195E-1, 7.40444030761719E-2, 5.25491455078125E-1));
#2037 = IFCFACEOUTERBOUND(#2033, .T.);
#2038 = IFCFACE((#2037));
#2039 = IFCPOLYLOOP((#2040, #2029, #2024));
#2040 = IFCCARTESIANPOINT((-2.195E-1, 6.33718185424805E-2, 5.282841796875E-1));
#2041 = IFCFACEOUTERBOUND(#2039, .T.);
#2042 = IFCFACE((#2041));
#2043 = IFCPOLYLOOP((#2030, #2035, #2028));
#2044 = IFCFACEOUTERBOUND(#2043, .T.);
#2045 = IFCFACE((#2044));
#2046 = IFCPOLYLOOP((#2024, #2010, #2040));
#2047 = IFCFACEOUTERBOUND(#2046, .T.);
#2048 = IFCFACE((#2047));
#2049 = IFCPOLYLOOP((#2002, #2001, #2010));
#2050 = IFCFACEOUTERBOUND(#2049, .T.);
#2051 = IFCFACE((#2050));
#2052 = IFCPOLYLOOP((#2029, #2053, #2030));
#2053 = IFCCARTESIANPOINT((-2.195E-1, 6.39348335266113E-2, 5.27257934570313E-1));
#2054 = IFCFACEOUTERBOUND(#2052, .T.);
#2055 = IFCFACE((#2054));
#2056 = IFCPOLYLOOP((#2053, #2029, #2040));
#2057 = IFCFACEOUTERBOUND(#2056, .T.);
#2058 = IFCFACE((#2057));
#2059 = IFCPOLYLOOP((#2060, #2028, #2035));
#2060 = IFCCARTESIANPOINT((-2.195E-1, 8.77139434814453E-2, 5.11381103515625E-1));
#2061 = IFCFACEOUTERBOUND(#2059, .T.);
#2062 = IFCFACE((#2061));
#2063 = IFCPOLYLOOP((#2064, #2065, #2066));
#2064 = IFCCARTESIANPOINT((-2.195E-1, 7.97160186767578E-2, 4.97270935058594E-1));
#2065 = IFCCARTESIANPOINT((-2.195E-1, 7.56925888061523E-2, 4.95842559814453E-1));
#2066 = IFCCARTESIANPOINT((-2.195E-1, 7.14297256469727E-2, 4.95605590820313E-1));
#2067 = IFCFACEOUTERBOUND(#2063, .T.);
#2068 = IFCFACE((#2067));
#2069 = IFCPOLYLOOP((#2066, #2070, #2071));
#2070 = IFCCARTESIANPOINT((-2.195E-1, 8.57865371704102E-2, 5.03151824951172E-1));
#2071 = IFCCARTESIANPOINT((-2.195E-1, 8.31740493774414E-2, 4.99774963378906E-1));
#2072 = IFCFACEOUTERBOUND(#2069, .T.);
#2073 = IFCFACE((#2072));
#2074 = IFCPOLYLOOP((#2064, #2066, #2071));
#2075 = IFCFACEOUTERBOUND(#2074, .T.);
#2076 = IFCFACE((#2075));
#2077 = IFCPOLYLOOP((#2028, #2078, #2070));
#2078 = IFCCARTESIANPOINT((-2.195E-1, 8.73418350219727E-2, 5.07127899169922E-1));
#2079 = IFCFACEOUTERBOUND(#2077, .T.);
#2080 = IFCFACE((#2079));
#2081 = IFCPOLYLOOP((#2082, #2083, #2036));
#2082 = IFCCARTESIANPOINT((-2.195E-1, 7.82013473510742E-2, 5.24517822265625E-1));
#2083 = IFCCARTESIANPOINT((-2.195E-1, 8.19156188964844E-2, 5.22412475585938E-1));
#2084 = IFCFACEOUTERBOUND(#2081, .T.);
#2085 = IFCFACE((#2084));
#2086 = IFCPOLYLOOP((#2083, #2034, #2036));
#2087 = IFCFACEOUTERBOUND(#2086, .T.);
#2088 = IFCFACE((#2087));
#2089 = IFCPOLYLOOP((#2035, #2034, #2090));
#2090 = IFCCARTESIANPOINT((-2.195E-1, 8.68727111816406E-2, 5.15566833496094E-1));
#2091 = IFCFACEOUTERBOUND(#2089, .T.);
#2092 = IFCFACE((#2091));
#2093 = IFCPOLYLOOP((#2035, #2090, #2060));
#2094 = IFCFACEOUTERBOUND(#2093, .T.);
#2095 = IFCFACE((#2094));
#2096 = IFCPOLYLOOP((#2028, #2060, #2078));
#2097 = IFCFACEOUTERBOUND(#2096, .T.);
#2098 = IFCFACE((#2097));
#2099 = IFCPOLYLOOP((#2028, #2070, #2066));
#2100 = IFCFACEOUTERBOUND(#2099, .T.);
#2101 = IFCFACE((#2100));
#2102 = IFCPOLYLOOP((#2103, #2017, #1991));
#2103 = IFCCARTESIANPOINT((-2.165E-1, 4.79390907287598E-2, 4.96085968017578E-1));
#2104 = IFCFACEOUTERBOUND(#2102, .T.);
#2105 = IFCFACE((#2104));
#2106 = IFCPOLYLOOP((#2107, #2108, #2109));
#2107 = IFCCARTESIANPOINT((-2.165E-1, 5.16988487243652E-2, 4.97331817626953E-1));
#2108 = IFCCARTESIANPOINT((-2.165E-1, 6.48477249145508E-2, 5.26525268554688E-1));
#2109 = IFCCARTESIANPOINT((-2.165E-1, 4.96903457641602E-2, 4.97097076416016E-1));
#2110 = IFCFACEOUTERBOUND(#2106, .T.);
#2111 = IFCFACE((#2110));
#2112 = IFCPOLYLOOP((#2113, #2114, #2115));
#2113 = IFCCARTESIANPOINT((-2.165E-1, 8.48862915039063E-2, 5.19346008300781E-1));
#2114 = IFCCARTESIANPOINT((-2.165E-1, 7.40444030761719E-2, 5.25491455078125E-1));
#2115 = IFCCARTESIANPOINT((-2.165E-1, 6.59715042114258E-2, 5.2619775390625E-1));
#2116 = IFCFACEOUTERBOUND(#2112, .T.);
#2117 = IFCFACE((#2116));
#2118 = IFCPOLYLOOP((#2119, #2103, #2109));
#2119 = IFCCARTESIANPOINT((-2.165E-1, 6.33718185424805E-2, 5.282841796875E-1));
#2120 = IFCFACEOUTERBOUND(#2118, .T.);
#2121 = IFCFACE((#2120));
#2122 = IFCPOLYLOOP((#2108, #2107, #2115));
#2123 = IFCFACEOUTERBOUND(#2122, .T.);
#2124 = IFCFACE((#2123));
#2125 = IFCPOLYLOOP((#2103, #2119, #2017));
#2126 = IFCFACEOUTERBOUND(#2125, .T.);
#2127 = IFCFACE((#2126));
#2128 = IFCPOLYLOOP((#1991, #2017, #1992));
#2129 = IFCFACEOUTERBOUND(#2128, .T.);
#2130 = IFCFACE((#2129));
#2131 = IFCPOLYLOOP((#2109, #2108, #2132));
#2132 = IFCCARTESIANPOINT((-2.165E-1, 6.39348335266113E-2, 5.27257934570313E-1));
#2133 = IFCFACEOUTERBOUND(#2131, .T.);
#2134 = IFCFACE((#2133));
#2135 = IFCPOLYLOOP((#2132, #2119, #2109));
#2136 = IFCFACEOUTERBOUND(#2135, .T.);
#2137 = IFCFACE((#2136));
#2138 = IFCPOLYLOOP((#2139, #2115, #2107));
#2139 = IFCCARTESIANPOINT((-2.165E-1, 8.77139434814453E-2, 5.11381103515625E-1));
#2140 = IFCFACEOUTERBOUND(#2138, .T.);
#2141 = IFCFACE((#2140));
#2142 = IFCPOLYLOOP((#2143, #2144, #2145));
#2143 = IFCCARTESIANPOINT((-2.165E-1, 7.97160186767578E-2, 4.97270935058594E-1));
#2144 = IFCCARTESIANPOINT((-2.165E-1, 7.14297256469727E-2, 4.95605590820313E-1));
#2145 = IFCCARTESIANPOINT((-2.165E-1, 7.56925888061523E-2, 4.95842559814453E-1));
#2146 = IFCFACEOUTERBOUND(#2142, .T.);
#2147 = IFCFACE((#2146));
#2148 = IFCPOLYLOOP((#2144, #2149, #2150));
#2149 = IFCCARTESIANPOINT((-2.165E-1, 8.31740493774414E-2, 4.99774963378906E-1));
#2150 = IFCCARTESIANPOINT((-2.165E-1, 8.57865371704102E-2, 5.03151824951172E-1));
#2151 = IFCFACEOUTERBOUND(#2148, .T.);
#2152 = IFCFACE((#2151));
#2153 = IFCPOLYLOOP((#2143, #2149, #2144));
#2154 = IFCFACEOUTERBOUND(#2153, .T.);
#2155 = IFCFACE((#2154));
#2156 = IFCPOLYLOOP((#2107, #2150, #2157));
#2157 = IFCCARTESIANPOINT((-2.165E-1, 8.73418350219727E-2, 5.07127899169922E-1));
#2158 = IFCFACEOUTERBOUND(#2156, .T.);
#2159 = IFCFACE((#2158));
#2160 = IFCPOLYLOOP((#2161, #2114, #2162));
#2161 = IFCCARTESIANPOINT((-2.165E-1, 7.82013473510742E-2, 5.24517822265625E-1));
#2162 = IFCCARTESIANPOINT((-2.165E-1, 8.19156188964844E-2, 5.22412475585938E-1));
#2163 = IFCFACEOUTERBOUND(#2160, .T.);
#2164 = IFCFACE((#2163));
#2165 = IFCPOLYLOOP((#2162, #2114, #2113));
#2166 = IFCFACEOUTERBOUND(#2165, .T.);
#2167 = IFCFACE((#2166));
#2168 = IFCPOLYLOOP((#2115, #2169, #2113));
#2169 = IFCCARTESIANPOINT((-2.165E-1, 8.68727111816406E-2, 5.15566833496094E-1));
#2170 = IFCFACEOUTERBOUND(#2168, .T.);
#2171 = IFCFACE((#2170));
#2172 = IFCPOLYLOOP((#2115, #2139, #2169));
#2173 = IFCFACEOUTERBOUND(#2172, .T.);
#2174 = IFCFACE((#2173));
#2175 = IFCPOLYLOOP((#2107, #2157, #2139));
#2176 = IFCFACEOUTERBOUND(#2175, .T.);
#2177 = IFCFACE((#2176));
#2178 = IFCPOLYLOOP((#2107, #2144, #2150));
#2179 = IFCFACEOUTERBOUND(#2178, .T.);
#2180 = IFCFACE((#2179));
#2181 = IFCPOLYLOOP((#2066, #2144, #2107));
#2182 = IFCFACEOUTERBOUND(#2181, .T.);
#2183 = IFCFACE((#2182));
#2184 = IFCPOLYLOOP((#2107, #2185, #2066));
#2185 = IFCCARTESIANPOINT((-2.18E-1, 5.16988487243652E-2, 4.97331817626953E-1));
#2186 = IFCFACEOUTERBOUND(#2184, .T.);
#2187 = IFCFACE((#2186));
#2188 = IFCPOLYLOOP((#2066, #2185, #2028));
#2189 = IFCFACEOUTERBOUND(#2188, .T.);
#2190 = IFCFACE((#2189));
#2191 = IFCPOLYLOOP((#2114, #2192, #2115));
#2192 = IFCCARTESIANPOINT((-2.18E-1, 6.59715042114258E-2, 5.2619775390625E-1));
#2193 = IFCFACEOUTERBOUND(#2191, .T.);
#2194 = IFCFACE((#2193));
#2195 = IFCPOLYLOOP((#2035, #2192, #2036));
#2196 = IFCFACEOUTERBOUND(#2195, .T.);
#2197 = IFCFACE((#2196));
#2198 = IFCPOLYLOOP((#2114, #2036, #2192));
#2199 = IFCFACEOUTERBOUND(#2198, .T.);
#2200 = IFCFACE((#2199));
#2201 = IFCPOLYLOOP((#2082, #2036, #2114));
#2202 = IFCFACEOUTERBOUND(#2201, .T.);
#2203 = IFCFACE((#2202));
#2204 = IFCPOLYLOOP((#2114, #2161, #2082));
#2205 = IFCFACEOUTERBOUND(#2204, .T.);
#2206 = IFCFACE((#2205));
#2207 = IFCPOLYLOOP((#2082, #2161, #2162));
#2208 = IFCFACEOUTERBOUND(#2207, .T.);
#2209 = IFCFACE((#2208));
#2210 = IFCPOLYLOOP((#2162, #2083, #2082));
#2211 = IFCFACEOUTERBOUND(#2210, .T.);
#2212 = IFCFACE((#2211));
#2213 = IFCPOLYLOOP((#2034, #2113, #2169));
#2214 = IFCFACEOUTERBOUND(#2213, .T.);
#2215 = IFCFACE((#2214));
#2216 = IFCPOLYLOOP((#2169, #2090, #2034));
#2217 = IFCFACEOUTERBOUND(#2216, .T.);
#2218 = IFCFACE((#2217));
#2219 = IFCPOLYLOOP((#2090, #2169, #2139));
#2220 = IFCFACEOUTERBOUND(#2219, .T.);
#2221 = IFCFACE((#2220));
#2222 = IFCPOLYLOOP((#2139, #2060, #2090));
#2223 = IFCFACEOUTERBOUND(#2222, .T.);
#2224 = IFCFACE((#2223));
#2225 = IFCPOLYLOOP((#2083, #2162, #2113));
#2226 = IFCFACEOUTERBOUND(#2225, .T.);
#2227 = IFCFACE((#2226));
#2228 = IFCPOLYLOOP((#2113, #2034, #2083));
#2229 = IFCFACEOUTERBOUND(#2228, .T.);
#2230 = IFCFACE((#2229));
#2231 = IFCPOLYLOOP((#2139, #2157, #2078));
#2232 = IFCFACEOUTERBOUND(#2231, .T.);
#2233 = IFCFACE((#2232));
#2234 = IFCPOLYLOOP((#2078, #2060, #2139));
#2235 = IFCFACEOUTERBOUND(#2234, .T.);
#2236 = IFCFACE((#2235));
#2237 = IFCPOLYLOOP((#2070, #2078, #2157));
#2238 = IFCFACEOUTERBOUND(#2237, .T.);
#2239 = IFCFACE((#2238));
#2240 = IFCPOLYLOOP((#2157, #2150, #2070));
#2241 = IFCFACEOUTERBOUND(#2240, .T.);
#2242 = IFCFACE((#2241));
#2243 = IFCPOLYLOOP((#2071, #2070, #2150));
#2244 = IFCFACEOUTERBOUND(#2243, .T.);
#2245 = IFCFACE((#2244));
#2246 = IFCPOLYLOOP((#2150, #2149, #2071));
#2247 = IFCFACEOUTERBOUND(#2246, .T.);
#2248 = IFCFACE((#2247));
#2249 = IFCPOLYLOOP((#2064, #2143, #2145));
#2250 = IFCFACEOUTERBOUND(#2249, .T.);
#2251 = IFCFACE((#2250));
#2252 = IFCPOLYLOOP((#2145, #2065, #2064));
#2253 = IFCFACEOUTERBOUND(#2252, .T.);
#2254 = IFCFACE((#2253));
#2255 = IFCPOLYLOOP((#2066, #2065, #2145));
#2256 = IFCFACEOUTERBOUND(#2255, .T.);
#2257 = IFCFACE((#2256));
#2258 = IFCPOLYLOOP((#2145, #2144, #2066));
#2259 = IFCFACEOUTERBOUND(#2258, .T.);
#2260 = IFCFACE((#2259));
#2261 = IFCPOLYLOOP((#2071, #2149, #2143));
#2262 = IFCFACEOUTERBOUND(#2261, .T.);
#2263 = IFCFACE((#2262));
#2264 = IFCPOLYLOOP((#2143, #2064, #2071));
#2265 = IFCFACEOUTERBOUND(#2264, .T.);
#2266 = IFCFACE((#2265));
#2267 = IFCPOLYLOOP((#2192, #2035, #2030));
#2268 = IFCFACEOUTERBOUND(#2267, .T.);
#2269 = IFCFACE((#2268));
#2270 = IFCPOLYLOOP((#2132, #2108, #2030));
#2271 = IFCFACEOUTERBOUND(#2270, .T.);
#2272 = IFCFACE((#2271));
#2273 = IFCPOLYLOOP((#2030, #2053, #2132));
#2274 = IFCFACEOUTERBOUND(#2273, .T.);
#2275 = IFCFACE((#2274));
#2276 = IFCPOLYLOOP((#2115, #2192, #2108));
#2277 = IFCFACEOUTERBOUND(#2276, .T.);
#2278 = IFCFACE((#2277));
#2279 = IFCPOLYLOOP((#2030, #2108, #2192));
#2280 = IFCFACEOUTERBOUND(#2279, .T.);
#2281 = IFCFACE((#2280));
#2282 = IFCPOLYLOOP((#2009, #2040, #2010));
#2283 = IFCFACEOUTERBOUND(#2282, .T.);
#2284 = IFCFACE((#2283));
#2285 = IFCPOLYLOOP((#2119, #2040, #2009));
#2286 = IFCFACEOUTERBOUND(#2285, .T.);
#2287 = IFCFACE((#2286));
#2288 = IFCPOLYLOOP((#2119, #2132, #2053));
#2289 = IFCFACEOUTERBOUND(#2288, .T.);
#2290 = IFCFACE((#2289));
#2291 = IFCPOLYLOOP((#2053, #2040, #2119));
#2292 = IFCFACEOUTERBOUND(#2291, .T.);
#2293 = IFCFACE((#2292));
#2294 = IFCPOLYLOOP((#2009, #2017, #2119));
#2295 = IFCFACEOUTERBOUND(#2294, .T.);
#2296 = IFCFACE((#2295));
#2297 = IFCPOLYLOOP((#2185, #2107, #2109));
#2298 = IFCFACEOUTERBOUND(#2297, .T.);
#2299 = IFCFACE((#2298));
#2300 = IFCPOLYLOOP((#2028, #2185, #2029));
#2301 = IFCFACEOUTERBOUND(#2300, .T.);
#2302 = IFCFACE((#2301));
#2303 = IFCPOLYLOOP((#2109, #2029, #2185));
#2304 = IFCFACEOUTERBOUND(#2303, .T.);
#2305 = IFCFACE((#2304));
#2306 = IFCPOLYLOOP((#2024, #2029, #2109));
#2307 = IFCFACEOUTERBOUND(#2306, .T.);
#2308 = IFCFACE((#2307));
#2309 = IFCPOLYLOOP((#2109, #2103, #2024));
#2310 = IFCFACEOUTERBOUND(#2309, .T.);
#2311 = IFCFACE((#2310));
#2312 = IFCPOLYLOOP((#1997, #2103, #1991));
#2313 = IFCFACEOUTERBOUND(#2312, .T.);
#2314 = IFCFACE((#2313));
#2315 = IFCPOLYLOOP((#2002, #2024, #1997));
#2316 = IFCFACEOUTERBOUND(#2315, .T.);
#2317 = IFCFACE((#2316));
#2318 = IFCPOLYLOOP((#2103, #1997, #2024));
#2319 = IFCFACEOUTERBOUND(#2318, .T.);
#2320 = IFCFACE((#2319));
#2321 = IFCPOLYLOOP((#2322, #2323, #2324));
#2322 = IFCCARTESIANPOINT((2.165E-1, 4.67315292358398E-2, 4.94463958740234E-1));
#2323 = IFCCARTESIANPOINT((2.18E-1, 4.67315292358398E-2, 4.94463958740234E-1));
#2324 = IFCCARTESIANPOINT((2.18E-1, 6.3514045715332E-2, 5.30454162597656E-1));
#2325 = IFCFACEOUTERBOUND(#2321, .T.);
#2326 = IFCFACE((#2325));
#2327 = IFCPOLYLOOP((#2324, #2328, #2322));
#2328 = IFCCARTESIANPOINT((2.165E-1, 6.3514045715332E-2, 5.30454162597656E-1));
#2329 = IFCFACEOUTERBOUND(#2327, .T.);
#2330 = IFCFACE((#2329));
#2331 = IFCPOLYLOOP((#2332, #2324, #2323));
#2332 = IFCCARTESIANPOINT((2.195E-1, 6.3514045715332E-2, 5.30454162597656E-1));
#2333 = IFCFACEOUTERBOUND(#2331, .T.);
#2334 = IFCFACE((#2333));
#2335 = IFCPOLYLOOP((#2323, #2336, #2332));
#2336 = IFCCARTESIANPOINT((2.195E-1, 4.67315292358398E-2, 4.94463958740234E-1));
#2337 = IFCFACEOUTERBOUND(#2335, .T.);
#2338 = IFCFACE((#2337));
#2339 = IFCPOLYLOOP((#2340, #2324, #2332));
#2340 = IFCCARTESIANPOINT((2.18E-1, 6.3244384765625E-2, 5.2944775390625E-1));
#2341 = IFCFACEOUTERBOUND(#2339, .T.);
#2342 = IFCFACE((#2341));
#2343 = IFCPOLYLOOP((#2332, #2344, #2340));
#2344 = IFCCARTESIANPOINT((2.195E-1, 6.3244384765625E-2, 5.2944775390625E-1));
#2345 = IFCFACEOUTERBOUND(#2343, .T.);
#2346 = IFCFACE((#2345));
#2347 = IFCPOLYLOOP((#2348, #2328, #2324));
#2348 = IFCCARTESIANPOINT((2.165E-1, 6.3244384765625E-2, 5.2944775390625E-1));
#2349 = IFCFACEOUTERBOUND(#2347, .T.);
#2350 = IFCFACE((#2349));
#2351 = IFCPOLYLOOP((#2324, #2340, #2348));
#2352 = IFCFACEOUTERBOUND(#2351, .T.);
#2353 = IFCFACE((#2352));
#2354 = IFCPOLYLOOP((#2355, #2344, #2336));
#2355 = IFCCARTESIANPOINT((2.195E-1, 4.79390907287598E-2, 4.96085968017578E-1));
#2356 = IFCFACEOUTERBOUND(#2354, .T.);
#2357 = IFCFACE((#2356));
#2358 = IFCPOLYLOOP((#2359, #2360, #2361));
#2359 = IFCCARTESIANPOINT((2.195E-1, 5.16988487243652E-2, 4.97331817626953E-1));
#2360 = IFCCARTESIANPOINT((2.195E-1, 6.48477249145508E-2, 5.26525268554688E-1));
#2361 = IFCCARTESIANPOINT((2.195E-1, 4.96903457641602E-2, 4.97097076416016E-1));
#2362 = IFCFACEOUTERBOUND(#2358, .T.);
#2363 = IFCFACE((#2362));
#2364 = IFCPOLYLOOP((#2365, #2366, #2367));
#2365 = IFCCARTESIANPOINT((2.195E-1, 8.48862915039063E-2, 5.19346008300781E-1));
#2366 = IFCCARTESIANPOINT((2.195E-1, 7.40444030761719E-2, 5.25491455078125E-1));
#2367 = IFCCARTESIANPOINT((2.195E-1, 6.59715042114258E-2, 5.2619775390625E-1));
#2368 = IFCFACEOUTERBOUND(#2364, .T.);
#2369 = IFCFACE((#2368));
#2370 = IFCPOLYLOOP((#2371, #2355, #2361));
#2371 = IFCCARTESIANPOINT((2.195E-1, 6.33718185424805E-2, 5.282841796875E-1));
#2372 = IFCFACEOUTERBOUND(#2370, .T.);
#2373 = IFCFACE((#2372));
#2374 = IFCPOLYLOOP((#2360, #2359, #2367));
#2375 = IFCFACEOUTERBOUND(#2374, .T.);
#2376 = IFCFACE((#2375));
#2377 = IFCPOLYLOOP((#2355, #2371, #2344));
#2378 = IFCFACEOUTERBOUND(#2377, .T.);
#2379 = IFCFACE((#2378));
#2380 = IFCPOLYLOOP((#2336, #2344, #2332));
#2381 = IFCFACEOUTERBOUND(#2380, .T.);
#2382 = IFCFACE((#2381));
#2383 = IFCPOLYLOOP((#2361, #2360, #2384));
#2384 = IFCCARTESIANPOINT((2.195E-1, 6.39348335266113E-2, 5.27257934570313E-1));
#2385 = IFCFACEOUTERBOUND(#2383, .T.);
#2386 = IFCFACE((#2385));
#2387 = IFCPOLYLOOP((#2384, #2371, #2361));
#2388 = IFCFACEOUTERBOUND(#2387, .T.);
#2389 = IFCFACE((#2388));
#2390 = IFCPOLYLOOP((#2391, #2367, #2359));
#2391 = IFCCARTESIANPOINT((2.195E-1, 8.77139434814453E-2, 5.11381103515625E-1));
#2392 = IFCFACEOUTERBOUND(#2390, .T.);
#2393 = IFCFACE((#2392));
#2394 = IFCPOLYLOOP((#2395, #2396, #2397));
#2395 = IFCCARTESIANPOINT((2.195E-1, 7.97160186767578E-2, 4.97270935058594E-1));
#2396 = IFCCARTESIANPOINT((2.195E-1, 7.14297256469727E-2, 4.95605590820313E-1));
#2397 = IFCCARTESIANPOINT((2.195E-1, 7.56925888061523E-2, 4.95842559814453E-1));
#2398 = IFCFACEOUTERBOUND(#2394, .T.);
#2399 = IFCFACE((#2398));
#2400 = IFCPOLYLOOP((#2396, #2401, #2402));
#2401 = IFCCARTESIANPOINT((2.195E-1, 8.31740493774414E-2, 4.99774963378906E-1));
#2402 = IFCCARTESIANPOINT((2.195E-1, 8.57865371704102E-2, 5.03151824951172E-1));
#2403 = IFCFACEOUTERBOUND(#2400, .T.);
#2404 = IFCFACE((#2403));
#2405 = IFCPOLYLOOP((#2395, #2401, #2396));
#2406 = IFCFACEOUTERBOUND(#2405, .T.);
#2407 = IFCFACE((#2406));
#2408 = IFCPOLYLOOP((#2359, #2402, #2409));
#2409 = IFCCARTESIANPOINT((2.195E-1, 8.73418350219727E-2, 5.07127899169922E-1));
#2410 = IFCFACEOUTERBOUND(#2408, .T.);
#2411 = IFCFACE((#2410));
#2412 = IFCPOLYLOOP((#2413, #2366, #2414));
#2413 = IFCCARTESIANPOINT((2.195E-1, 7.82013473510742E-2, 5.24517822265625E-1));
#2414 = IFCCARTESIANPOINT((2.195E-1, 8.19156188964844E-2, 5.22412475585938E-1));
#2415 = IFCFACEOUTERBOUND(#2412, .T.);
#2416 = IFCFACE((#2415));
#2417 = IFCPOLYLOOP((#2414, #2366, #2365));
#2418 = IFCFACEOUTERBOUND(#2417, .T.);
#2419 = IFCFACE((#2418));
#2420 = IFCPOLYLOOP((#2367, #2421, #2365));
#2421 = IFCCARTESIANPOINT((2.195E-1, 8.68727111816406E-2, 5.15566833496094E-1));
#2422 = IFCFACEOUTERBOUND(#2420, .T.);
#2423 = IFCFACE((#2422));
#2424 = IFCPOLYLOOP((#2367, #2391, #2421));
#2425 = IFCFACEOUTERBOUND(#2424, .T.);
#2426 = IFCFACE((#2425));
#2427 = IFCPOLYLOOP((#2359, #2409, #2391));
#2428 = IFCFACEOUTERBOUND(#2427, .T.);
#2429 = IFCFACE((#2428));
#2430 = IFCPOLYLOOP((#2359, #2396, #2402));
#2431 = IFCFACEOUTERBOUND(#2430, .T.);
#2432 = IFCFACE((#2431));
#2433 = IFCPOLYLOOP((#2434, #2322, #2348));
#2434 = IFCCARTESIANPOINT((2.165E-1, 4.79390907287598E-2, 4.96085968017578E-1));
#2435 = IFCFACEOUTERBOUND(#2433, .T.);
#2436 = IFCFACE((#2435));
#2437 = IFCPOLYLOOP((#2438, #2439, #2440));
#2438 = IFCCARTESIANPOINT((2.165E-1, 5.16988487243652E-2, 4.97331817626953E-1));
#2439 = IFCCARTESIANPOINT((2.165E-1, 4.96903457641602E-2, 4.97097076416016E-1));
#2440 = IFCCARTESIANPOINT((2.165E-1, 6.48477249145508E-2, 5.26525268554688E-1));
#2441 = IFCFACEOUTERBOUND(#2437, .T.);
#2442 = IFCFACE((#2441));
#2443 = IFCPOLYLOOP((#2444, #2445, #2446));
#2444 = IFCCARTESIANPOINT((2.165E-1, 8.48862915039063E-2, 5.19346008300781E-1));
#2445 = IFCCARTESIANPOINT((2.165E-1, 6.59715042114258E-2, 5.2619775390625E-1));
#2446 = IFCCARTESIANPOINT((2.165E-1, 7.40444030761719E-2, 5.25491455078125E-1));
#2447 = IFCFACEOUTERBOUND(#2443, .T.);
#2448 = IFCFACE((#2447));
#2449 = IFCPOLYLOOP((#2450, #2439, #2434));
#2450 = IFCCARTESIANPOINT((2.165E-1, 6.33718185424805E-2, 5.282841796875E-1));
#2451 = IFCFACEOUTERBOUND(#2449, .T.);
#2452 = IFCFACE((#2451));
#2453 = IFCPOLYLOOP((#2440, #2445, #2438));
#2454 = IFCFACEOUTERBOUND(#2453, .T.);
#2455 = IFCFACE((#2454));
#2456 = IFCPOLYLOOP((#2434, #2348, #2450));
#2457 = IFCFACEOUTERBOUND(#2456, .T.);
#2458 = IFCFACE((#2457));
#2459 = IFCPOLYLOOP((#2322, #2328, #2348));
#2460 = IFCFACEOUTERBOUND(#2459, .T.);
#2461 = IFCFACE((#2460));
#2462 = IFCPOLYLOOP((#2439, #2463, #2440));
#2463 = IFCCARTESIANPOINT((2.165E-1, 6.39348335266113E-2, 5.27257934570313E-1));
#2464 = IFCFACEOUTERBOUND(#2462, .T.);
#2465 = IFCFACE((#2464));
#2466 = IFCPOLYLOOP((#2463, #2439, #2450));
#2467 = IFCFACEOUTERBOUND(#2466, .T.);
#2468 = IFCFACE((#2467));
#2469 = IFCPOLYLOOP((#2470, #2438, #2445));
#2470 = IFCCARTESIANPOINT((2.165E-1, 8.77139434814453E-2, 5.11381103515625E-1));
#2471 = IFCFACEOUTERBOUND(#2469, .T.);
#2472 = IFCFACE((#2471));
#2473 = IFCPOLYLOOP((#2474, #2475, #2476));
#2474 = IFCCARTESIANPOINT((2.165E-1, 7.97160186767578E-2, 4.97270935058594E-1));
#2475 = IFCCARTESIANPOINT((2.165E-1, 7.56925888061523E-2, 4.95842559814453E-1));
#2476 = IFCCARTESIANPOINT((2.165E-1, 7.14297256469727E-2, 4.95605590820313E-1));
#2477 = IFCFACEOUTERBOUND(#2473, .T.);
#2478 = IFCFACE((#2477));
#2479 = IFCPOLYLOOP((#2476, #2480, #2481));
#2480 = IFCCARTESIANPOINT((2.165E-1, 8.57865371704102E-2, 5.03151824951172E-1));
#2481 = IFCCARTESIANPOINT((2.165E-1, 8.31740493774414E-2, 4.99774963378906E-1));
#2482 = IFCFACEOUTERBOUND(#2479, .T.);
#2483 = IFCFACE((#2482));
#2484 = IFCPOLYLOOP((#2474, #2476, #2481));
#2485 = IFCFACEOUTERBOUND(#2484, .T.);
#2486 = IFCFACE((#2485));
#2487 = IFCPOLYLOOP((#2438, #2488, #2480));
#2488 = IFCCARTESIANPOINT((2.165E-1, 8.73418350219727E-2, 5.07127899169922E-1));
#2489 = IFCFACEOUTERBOUND(#2487, .T.);
#2490 = IFCFACE((#2489));
#2491 = IFCPOLYLOOP((#2492, #2493, #2446));
#2492 = IFCCARTESIANPOINT((2.165E-1, 7.82013473510742E-2, 5.24517822265625E-1));
#2493 = IFCCARTESIANPOINT((2.165E-1, 8.19156188964844E-2, 5.22412475585938E-1));
#2494 = IFCFACEOUTERBOUND(#2491, .T.);
#2495 = IFCFACE((#2494));
#2496 = IFCPOLYLOOP((#2493, #2444, #2446));
#2497 = IFCFACEOUTERBOUND(#2496, .T.);
#2498 = IFCFACE((#2497));
#2499 = IFCPOLYLOOP((#2445, #2444, #2500));
#2500 = IFCCARTESIANPOINT((2.165E-1, 8.68727111816406E-2, 5.15566833496094E-1));
#2501 = IFCFACEOUTERBOUND(#2499, .T.);
#2502 = IFCFACE((#2501));
#2503 = IFCPOLYLOOP((#2445, #2500, #2470));
#2504 = IFCFACEOUTERBOUND(#2503, .T.);
#2505 = IFCFACE((#2504));
#2506 = IFCPOLYLOOP((#2438, #2470, #2488));
#2507 = IFCFACEOUTERBOUND(#2506, .T.);
#2508 = IFCFACE((#2507));
#2509 = IFCPOLYLOOP((#2438, #2480, #2476));
#2510 = IFCFACEOUTERBOUND(#2509, .T.);
#2511 = IFCFACE((#2510));
#2512 = IFCPOLYLOOP((#2396, #2513, #2438));
#2513 = IFCCARTESIANPOINT((2.18E-1, 5.16988487243652E-2, 4.97331817626953E-1));
#2514 = IFCFACEOUTERBOUND(#2512, .T.);
#2515 = IFCFACE((#2514));
#2516 = IFCPOLYLOOP((#2438, #2476, #2396));
#2517 = IFCFACEOUTERBOUND(#2516, .T.);
#2518 = IFCFACE((#2517));
#2519 = IFCPOLYLOOP((#2396, #2359, #2513));
#2520 = IFCFACEOUTERBOUND(#2519, .T.);
#2521 = IFCFACE((#2520));
#2522 = IFCPOLYLOOP((#2446, #2445, #2523));
#2523 = IFCCARTESIANPOINT((2.18E-1, 6.59715042114258E-2, 5.2619775390625E-1));
#2524 = IFCFACEOUTERBOUND(#2522, .T.);
#2525 = IFCFACE((#2524));
#2526 = IFCPOLYLOOP((#2367, #2366, #2523));
#2527 = IFCFACEOUTERBOUND(#2526, .T.);
#2528 = IFCFACE((#2527));
#2529 = IFCPOLYLOOP((#2446, #2523, #2366));
#2530 = IFCFACEOUTERBOUND(#2529, .T.);
#2531 = IFCFACE((#2530));
#2532 = IFCPOLYLOOP((#2413, #2492, #2446));
#2533 = IFCFACEOUTERBOUND(#2532, .T.);
#2534 = IFCFACE((#2533));
#2535 = IFCPOLYLOOP((#2446, #2366, #2413));
#2536 = IFCFACEOUTERBOUND(#2535, .T.);
#2537 = IFCFACE((#2536));
#2538 = IFCPOLYLOOP((#2414, #2493, #2492));
#2539 = IFCFACEOUTERBOUND(#2538, .T.);
#2540 = IFCFACE((#2539));
#2541 = IFCPOLYLOOP((#2492, #2413, #2414));
#2542 = IFCFACEOUTERBOUND(#2541, .T.);
#2543 = IFCFACE((#2542));
#2544 = IFCPOLYLOOP((#2365, #2421, #2500));
#2545 = IFCFACEOUTERBOUND(#2544, .T.);
#2546 = IFCFACE((#2545));
#2547 = IFCPOLYLOOP((#2500, #2444, #2365));
#2548 = IFCFACEOUTERBOUND(#2547, .T.);
#2549 = IFCFACE((#2548));
#2550 = IFCPOLYLOOP((#2421, #2391, #2470));
#2551 = IFCFACEOUTERBOUND(#2550, .T.);
#2552 = IFCFACE((#2551));
#2553 = IFCPOLYLOOP((#2470, #2500, #2421));
#2554 = IFCFACEOUTERBOUND(#2553, .T.);
#2555 = IFCFACE((#2554));
#2556 = IFCPOLYLOOP((#2365, #2444, #2493));
#2557 = IFCFACEOUTERBOUND(#2556, .T.);
#2558 = IFCFACE((#2557));
#2559 = IFCPOLYLOOP((#2493, #2414, #2365));
#2560 = IFCFACEOUTERBOUND(#2559, .T.);
#2561 = IFCFACE((#2560));
#2562 = IFCPOLYLOOP((#2470, #2391, #2409));
#2563 = IFCFACEOUTERBOUND(#2562, .T.);
#2564 = IFCFACE((#2563));
#2565 = IFCPOLYLOOP((#2409, #2488, #2470));
#2566 = IFCFACEOUTERBOUND(#2565, .T.);
#2567 = IFCFACE((#2566));
#2568 = IFCPOLYLOOP((#2402, #2480, #2488));
#2569 = IFCFACEOUTERBOUND(#2568, .T.);
#2570 = IFCFACE((#2569));
#2571 = IFCPOLYLOOP((#2488, #2409, #2402));
#2572 = IFCFACEOUTERBOUND(#2571, .T.);
#2573 = IFCFACE((#2572));
#2574 = IFCPOLYLOOP((#2401, #2481, #2480));
#2575 = IFCFACEOUTERBOUND(#2574, .T.);
#2576 = IFCFACE((#2575));
#2577 = IFCPOLYLOOP((#2480, #2402, #2401));
#2578 = IFCFACEOUTERBOUND(#2577, .T.);
#2579 = IFCFACE((#2578));
#2580 = IFCPOLYLOOP((#2397, #2475, #2474));
#2581 = IFCFACEOUTERBOUND(#2580, .T.);
#2582 = IFCFACE((#2581));
#2583 = IFCPOLYLOOP((#2474, #2395, #2397));
#2584 = IFCFACEOUTERBOUND(#2583, .T.);
#2585 = IFCFACE((#2584));
#2586 = IFCPOLYLOOP((#2396, #2476, #2475));
#2587 = IFCFACEOUTERBOUND(#2586, .T.);
#2588 = IFCFACE((#2587));
#2589 = IFCPOLYLOOP((#2475, #2397, #2396));
#2590 = IFCFACEOUTERBOUND(#2589, .T.);
#2591 = IFCFACE((#2590));
#2592 = IFCPOLYLOOP((#2395, #2474, #2481));
#2593 = IFCFACEOUTERBOUND(#2592, .T.);
#2594 = IFCFACE((#2593));
#2595 = IFCPOLYLOOP((#2481, #2401, #2395));
#2596 = IFCFACEOUTERBOUND(#2595, .T.);
#2597 = IFCFACE((#2596));
#2598 = IFCPOLYLOOP((#2523, #2360, #2367));
#2599 = IFCFACEOUTERBOUND(#2598, .T.);
#2600 = IFCFACE((#2599));
#2601 = IFCPOLYLOOP((#2440, #2463, #2384));
#2602 = IFCFACEOUTERBOUND(#2601, .T.);
#2603 = IFCFACE((#2602));
#2604 = IFCPOLYLOOP((#2384, #2360, #2440));
#2605 = IFCFACEOUTERBOUND(#2604, .T.);
#2606 = IFCFACE((#2605));
#2607 = IFCPOLYLOOP((#2445, #2440, #2523));
#2608 = IFCFACEOUTERBOUND(#2607, .T.);
#2609 = IFCFACE((#2608));
#2610 = IFCPOLYLOOP((#2360, #2523, #2440));
#2611 = IFCFACEOUTERBOUND(#2610, .T.);
#2612 = IFCFACE((#2611));
#2613 = IFCPOLYLOOP((#2340, #2344, #2371));
#2614 = IFCFACEOUTERBOUND(#2613, .T.);
#2615 = IFCFACE((#2614));
#2616 = IFCPOLYLOOP((#2450, #2340, #2371));
#2617 = IFCFACEOUTERBOUND(#2616, .T.);
#2618 = IFCFACE((#2617));
#2619 = IFCPOLYLOOP((#2371, #2384, #2463));
#2620 = IFCFACEOUTERBOUND(#2619, .T.);
#2621 = IFCFACE((#2620));
#2622 = IFCPOLYLOOP((#2463, #2450, #2371));
#2623 = IFCFACEOUTERBOUND(#2622, .T.);
#2624 = IFCFACE((#2623));
#2625 = IFCPOLYLOOP((#2340, #2450, #2348));
#2626 = IFCFACEOUTERBOUND(#2625, .T.);
#2627 = IFCFACE((#2626));
#2628 = IFCPOLYLOOP((#2513, #2439, #2438));
#2629 = IFCFACEOUTERBOUND(#2628, .T.);
#2630 = IFCFACE((#2629));
#2631 = IFCPOLYLOOP((#2359, #2361, #2513));
#2632 = IFCFACEOUTERBOUND(#2631, .T.);
#2633 = IFCFACE((#2632));
#2634 = IFCPOLYLOOP((#2439, #2513, #2361));
#2635 = IFCFACEOUTERBOUND(#2634, .T.);
#2636 = IFCFACE((#2635));
#2637 = IFCPOLYLOOP((#2355, #2434, #2439));
#2638 = IFCFACEOUTERBOUND(#2637, .T.);
#2639 = IFCFACE((#2638));
#2640 = IFCPOLYLOOP((#2439, #2361, #2355));
#2641 = IFCFACEOUTERBOUND(#2640, .T.);
#2642 = IFCFACE((#2641));
#2643 = IFCPOLYLOOP((#2323, #2322, #2434));
#2644 = IFCFACEOUTERBOUND(#2643, .T.);
#2645 = IFCFACE((#2644));
#2646 = IFCPOLYLOOP((#2336, #2323, #2355));
#2647 = IFCFACEOUTERBOUND(#2646, .T.);
#2648 = IFCFACE((#2647));
#2649 = IFCPOLYLOOP((#2434, #2355, #2323));
#2650 = IFCFACEOUTERBOUND(#2649, .T.);
#2651 = IFCFACE((#2650));
#2652 = IFCSURFACESTYLERENDERING(#2653, 0., #2654, $, $, #2655, #2656, $, .NOTDEFINED.);
#2653 = IFCCOLOURRGB('Surface color', 8.78431379795074E-1, 8.74509811401367E-1, 8.58823537826538E-1);
#2654 = IFCCOLOURRGB('Diffuse color', 8.78431379795074E-1, 8.74509811401367E-1, 8.58823537826538E-1);
#2655 = IFCCOLOURRGB('Reflection color', 1., 1., 1.);
#2656 = IFCCOLOURRGB('Specular color', 1., 1., 1.);
#2657 = IFCSURFACESTYLE('6dee3cff_5423_499e_8c87_4b50dfe5feb3', .BOTH., (#2652));
#2658 = IFCPRESENTATIONSTYLEASSIGNMENT((#2657));
#2659 = IFCSTYLEDITEM($, (#2658), $);
#2660 = IFCSTYLEDREPRESENTATION(#106, 'Body', $, (#2659));
#2661 = IFCOPENSHELL((#2667, #2672, #2677, #2680, #2685, #2689, #2693, #2697, #2702, #2706, #2711, #2715, #2718, #2721, #2724, #2727, #2730, #2733, #2736, #2739, #2742, #2745, #2748, #2751, #2754, #2757, #2760, #2763, #2766, #2769, #2772, #2775, #2781, #2787, #2792, #2797, #2803, #2809, #2812, #2817, #2820, #2823, #2826, #2829, #2832, #2835, #2838, #2841, #2844, #2847, #2850, #2853, #2856, #2859, #2862, #2865, #2868, #2871, #2874, #2877, #2880, #2883, #2886, #2889, #2895, #2901, #2904, #2909, #2912, #2916, #2921, #2925, #2930, #2935, #2940, #2943, #2946, #2949, #2952, #2955, #2958, #2961, #2964, #2967, #2970, #2973, #2976, #2979, #2982, #2985, #2988, #2991, #2994, #2997, #3000, #3003, #3009, #3014, #3018, #3022, #3026, #3031, #3035, #3040, #3045, #3048, #3053, #3057, #3060, #3063, #3066, #3069, #3072, #3075, #3078, #3081, #3084, #3087, #3090, #3093, #3096, #3099, #3102, #3105, #3108, #3111, #3114, #3117));
#2662 = IFCPOLYLOOP((#2663, #2664, #2665));
#2663 = IFCCARTESIANPOINT((-1.96499420166016E-1, 1.04728469848633E-1, 4.33994812011719E-1));
#2664 = IFCCARTESIANPOINT((-1.96435470581055E-1, 9.96895141601563E-2, 4.33705322265625E-1));
#2665 = IFCCARTESIANPOINT((-1.93194458007813E-1, 1.00265075683594E-1, 4.33934387207031E-1));
#2666 = IFCFACEOUTERBOUND(#2662, .T.);
#2667 = IFCFACE((#2666));
#2668 = IFCPOLYLOOP((#2664, #2669, #2670));
#2669 = IFCCARTESIANPOINT((-1.96500061035156E-1, 9.65416107177734E-2, 4.30592193603516E-1));
#2670 = IFCCARTESIANPOINT((-1.93200988769531E-1, 9.66324462890625E-2, 4.30771667480469E-1));
#2671 = IFCFACEOUTERBOUND(#2668, .T.);
#2672 = IFCFACE((#2671));
#2673 = IFCPOLYLOOP((#2669, #2674, #2675));
#2674 = IFCCARTESIANPOINT((-1.96500015258789E-1, 9.55231552124023E-2, 4.27286773681641E-1));
#2675 = IFCCARTESIANPOINT((-1.93198745727539E-1, 9.5372917175293E-2, 4.261845703125E-1));
#2676 = IFCFACEOUTERBOUND(#2673, .T.);
#2677 = IFCFACE((#2676));
#2678 = IFCPOLYLOOP((#2675, #2670, #2669));
#2679 = IFCFACEOUTERBOUND(#2678, .T.);
#2680 = IFCFACE((#2679));
#2681 = IFCPOLYLOOP((#2682, #2675, #2683));
#2682 = IFCCARTESIANPOINT((-1.93196548461914E-1, 9.84511413574219E-2, 4.21224243164063E-1));
#2683 = IFCCARTESIANPOINT((-1.96503372192383E-1, 9.75124130249023E-2, 4.21744903564453E-1));
#2684 = IFCFACEOUTERBOUND(#2681, .T.);
#2685 = IFCFACE((#2684));
#2686 = IFCPOLYLOOP((#2687, #2682, #2683));
#2687 = IFCCARTESIANPOINT((-1.93223709106445E-1, 1.02363571166992E-1, 4.19762481689453E-1));
#2688 = IFCFACEOUTERBOUND(#2686, .T.);
#2689 = IFCFACE((#2688));
#2690 = IFCPOLYLOOP((#2683, #2691, #2687));
#2691 = IFCCARTESIANPOINT((-1.96501831054688E-1, 1.02693153381348E-1, 4.19770843505859E-1));
#2692 = IFCFACEOUTERBOUND(#2690, .T.);
#2693 = IFCFACE((#2692));
#2694 = IFCPOLYLOOP((#2695, #2687, #2691));
#2695 = IFCCARTESIANPOINT((-1.93206909179688E-1, 1.0744620513916E-1, 4.21289886474609E-1));
#2696 = IFCFACEOUTERBOUND(#2694, .T.);
#2697 = IFCFACE((#2696));
#2698 = IFCPOLYLOOP((#2699, #2695, #2700));
#2699 = IFCCARTESIANPOINT((-1.93199523925781E-1, 1.09962791442871E-1, 4.26268035888672E-1));
#2700 = IFCCARTESIANPOINT((-1.96501129150391E-1, 1.07975112915039E-1, 4.21837005615234E-1));
#2701 = IFCFACEOUTERBOUND(#2698, .T.);
#2702 = IFCFACE((#2701));
#2703 = IFCPOLYLOOP((#2700, #2704, #2699));
#2704 = IFCCARTESIANPOINT((-1.96495788574219E-1, 1.10022621154785E-1, 4.26421875E-1));
#2705 = IFCFACEOUTERBOUND(#2703, .T.);
#2706 = IFCFACE((#2705));
#2707 = IFCPOLYLOOP((#2704, #2708, #2709));
#2708 = IFCCARTESIANPOINT((-1.96463088989258E-1, 1.08706153869629E-1, 4.31362121582031E-1));
#2709 = IFCCARTESIANPOINT((-1.93195098876953E-1, 1.09022102355957E-1, 4.30829345703125E-1));
#2710 = IFCFACEOUTERBOUND(#2707, .T.);
#2711 = IFCFACE((#2710));
#2712 = IFCPOLYLOOP((#2708, #2663, #2713));
#2713 = IFCCARTESIANPOINT((-1.93199859619141E-1, 1.05075653076172E-1, 4.33858795166016E-1));
#2714 = IFCFACEOUTERBOUND(#2712, .T.);
#2715 = IFCFACE((#2714));
#2716 = IFCPOLYLOOP((#2708, #2704, #2663));
#2717 = IFCFACEOUTERBOUND(#2716, .T.);
#2718 = IFCFACE((#2717));
#2719 = IFCPOLYLOOP((#2700, #2663, #2704));
#2720 = IFCFACEOUTERBOUND(#2719, .T.);
#2721 = IFCFACE((#2720));
#2722 = IFCPOLYLOOP((#2700, #2683, #2674));
#2723 = IFCFACEOUTERBOUND(#2722, .T.);
#2724 = IFCFACE((#2723));
#2725 = IFCPOLYLOOP((#2674, #2663, #2700));
#2726 = IFCFACEOUTERBOUND(#2725, .T.);
#2727 = IFCFACE((#2726));
#2728 = IFCPOLYLOOP((#2663, #2669, #2664));
#2729 = IFCFACEOUTERBOUND(#2728, .T.);
#2730 = IFCFACE((#2729));
#2731 = IFCPOLYLOOP((#2700, #2691, #2683));
#2732 = IFCFACEOUTERBOUND(#2731, .T.);
#2733 = IFCFACE((#2732));
#2734 = IFCPOLYLOOP((#2709, #2713, #2699));
#2735 = IFCFACEOUTERBOUND(#2734, .T.);
#2736 = IFCFACE((#2735));
#2737 = IFCPOLYLOOP((#2695, #2699, #2713));
#2738 = IFCFACEOUTERBOUND(#2737, .T.);
#2739 = IFCFACE((#2738));
#2740 = IFCPOLYLOOP((#2675, #2682, #2695));
#2741 = IFCFACEOUTERBOUND(#2740, .T.);
#2742 = IFCFACE((#2741));
#2743 = IFCPOLYLOOP((#2695, #2713, #2675));
#2744 = IFCFACEOUTERBOUND(#2743, .T.);
#2745 = IFCFACE((#2744));
#2746 = IFCPOLYLOOP((#2670, #2675, #2713));
#2747 = IFCFACEOUTERBOUND(#2746, .T.);
#2748 = IFCFACE((#2747));
#2749 = IFCPOLYLOOP((#2713, #2665, #2670));
#2750 = IFCFACEOUTERBOUND(#2749, .T.);
#2751 = IFCFACE((#2750));
#2752 = IFCPOLYLOOP((#2695, #2682, #2687));
#2753 = IFCFACEOUTERBOUND(#2752, .T.);
#2754 = IFCFACE((#2753));
#2755 = IFCPOLYLOOP((#2674, #2669, #2663));
#2756 = IFCFACEOUTERBOUND(#2755, .T.);
#2757 = IFCFACE((#2756));
#2758 = IFCPOLYLOOP((#2675, #2674, #2683));
#2759 = IFCFACEOUTERBOUND(#2758, .T.);
#2760 = IFCFACE((#2759));
#2761 = IFCPOLYLOOP((#2663, #2665, #2713));
#2762 = IFCFACEOUTERBOUND(#2761, .T.);
#2763 = IFCFACE((#2762));
#2764 = IFCPOLYLOOP((#2664, #2670, #2665));
#2765 = IFCFACEOUTERBOUND(#2764, .T.);
#2766 = IFCFACE((#2765));
#2767 = IFCPOLYLOOP((#2704, #2709, #2699));
#2768 = IFCFACEOUTERBOUND(#2767, .T.);
#2769 = IFCFACE((#2768));
#2770 = IFCPOLYLOOP((#2708, #2713, #2709));
#2771 = IFCFACEOUTERBOUND(#2770, .T.);
#2772 = IFCFACE((#2771));
#2773 = IFCPOLYLOOP((#2695, #2691, #2700));
#2774 = IFCFACEOUTERBOUND(#2773, .T.);
#2775 = IFCFACE((#2774));
#2776 = IFCPOLYLOOP((#2777, #2778, #2779));
#2777 = IFCCARTESIANPOINT((-1.93698257446289E-1, -2.66855640411377E-2, 4.01190032958984E-1));
#2778 = IFCCARTESIANPOINT((-1.93723541259766E-1, -2.1926383972168E-2, 4.04371673583984E-1));
#2779 = IFCCARTESIANPOINT((-1.96998748779297E-1, -2.26337814331055E-2, 4.04173889160156E-1));
#2780 = IFCFACEOUTERBOUND(#2776, .T.);
#2781 = IFCFACE((#2780));
#2782 = IFCPOLYLOOP((#2783, #2784, #2785));
#2783 = IFCCARTESIANPOINT((-1.96993316650391E-1, -2.69414863586426E-2, 4.00848876953125E-1));
#2784 = IFCCARTESIANPOINT((-1.96995391845703E-1, -2.80484180450439E-2, 3.9508056640625E-1));
#2785 = IFCCARTESIANPOINT((-1.93699325561523E-1, -2.81818675994873E-2, 3.95965362548828E-1));
#2786 = IFCFACEOUTERBOUND(#2782, .T.);
#2787 = IFCFACE((#2786));
#2788 = IFCPOLYLOOP((#2784, #2789, #2790));
#2789 = IFCCARTESIANPOINT((-1.97002334594727E-1, -2.39725494384766E-2, 3.90428497314453E-1));
#2790 = IFCCARTESIANPOINT((-1.93700637817383E-1, -2.49699649810791E-2, 3.91019805908203E-1));
#2791 = IFCFACEOUTERBOUND(#2788, .T.);
#2792 = IFCFACE((#2791));
#2793 = IFCPOLYLOOP((#2789, #2794, #2795));
#2794 = IFCCARTESIANPOINT((-1.97000946044922E-1, -1.9113130569458E-2, 3.89984497070313E-1));
#2795 = IFCCARTESIANPOINT((-1.93698974609375E-1, -2.10915870666504E-2, 3.89741973876953E-1));
#2796 = IFCFACEOUTERBOUND(#2793, .T.);
#2797 = IFCFACE((#2796));
#2798 = IFCPOLYLOOP((#2799, #2800, #2801));
#2799 = IFCCARTESIANPOINT((-1.93700637817383E-1, -1.35313997268677E-2, 3.96642333984375E-1));
#2800 = IFCCARTESIANPOINT((-1.93688140869141E-1, -1.58665885925293E-2, 3.91536651611328E-1));
#2801 = IFCCARTESIANPOINT((-1.96998443603516E-1, -1.49374465942383E-2, 3.92535797119141E-1));
#2802 = IFCFACEOUTERBOUND(#2798, .T.);
#2803 = IFCFACE((#2802));
#2804 = IFCPOLYLOOP((#2805, #2806, #2807));
#2805 = IFCCARTESIANPOINT((-1.97000015258789E-1, -1.35643215179443E-2, 3.97096130371094E-1));
#2806 = IFCCARTESIANPOINT((-1.96999526977539E-1, -1.44160594940186E-2, 4.00264007568359E-1));
#2807 = IFCCARTESIANPOINT((-1.93699996948242E-1, -1.43384428024292E-2, 4.00078430175781E-1));
#2808 = IFCFACEOUTERBOUND(#2804, .T.);
#2809 = IFCFACE((#2808));
#2810 = IFCPOLYLOOP((#2807, #2799, #2805));
#2811 = IFCFACEOUTERBOUND(#2810, .T.);
#2812 = IFCFACE((#2811));
#2813 = IFCPOLYLOOP((#2806, #2814, #2815));
#2814 = IFCCARTESIANPOINT((-1.96998916625977E-1, -1.69121379852295E-2, 4.03114379882813E-1));
#2815 = IFCCARTESIANPOINT((-1.93699645996094E-1, -1.65678024291992E-2, 4.02853454589844E-1));
#2816 = IFCFACEOUTERBOUND(#2813, .T.);
#2817 = IFCFACE((#2816));
#2818 = IFCPOLYLOOP((#2815, #2807, #2806));
#2819 = IFCFACEOUTERBOUND(#2818, .T.);
#2820 = IFCFACE((#2819));
#2821 = IFCPOLYLOOP((#2778, #2815, #2814));
#2822 = IFCFACEOUTERBOUND(#2821, .T.);
#2823 = IFCFACE((#2822));
#2824 = IFCPOLYLOOP((#2805, #2794, #2789));
#2825 = IFCFACEOUTERBOUND(#2824, .T.);
#2826 = IFCFACE((#2825));
#2827 = IFCPOLYLOOP((#2806, #2789, #2784));
#2828 = IFCFACEOUTERBOUND(#2827, .T.);
#2829 = IFCFACE((#2828));
#2830 = IFCPOLYLOOP((#2784, #2814, #2806));
#2831 = IFCFACEOUTERBOUND(#2830, .T.);
#2832 = IFCFACE((#2831));
#2833 = IFCPOLYLOOP((#2789, #2806, #2805));
#2834 = IFCFACEOUTERBOUND(#2833, .T.);
#2835 = IFCFACE((#2834));
#2836 = IFCPOLYLOOP((#2794, #2805, #2801));
#2837 = IFCFACEOUTERBOUND(#2836, .T.);
#2838 = IFCFACE((#2837));
#2839 = IFCPOLYLOOP((#2784, #2779, #2814));
#2840 = IFCFACEOUTERBOUND(#2839, .T.);
#2841 = IFCFACE((#2840));
#2842 = IFCPOLYLOOP((#2784, #2783, #2779));
#2843 = IFCFACEOUTERBOUND(#2842, .T.);
#2844 = IFCFACE((#2843));
#2845 = IFCPOLYLOOP((#2799, #2790, #2795));
#2846 = IFCFACEOUTERBOUND(#2845, .T.);
#2847 = IFCFACE((#2846));
#2848 = IFCPOLYLOOP((#2785, #2790, #2807));
#2849 = IFCFACEOUTERBOUND(#2848, .T.);
#2850 = IFCFACE((#2849));
#2851 = IFCPOLYLOOP((#2807, #2815, #2785));
#2852 = IFCFACEOUTERBOUND(#2851, .T.);
#2853 = IFCFACE((#2852));
#2854 = IFCPOLYLOOP((#2790, #2799, #2807));
#2855 = IFCFACEOUTERBOUND(#2854, .T.);
#2856 = IFCFACE((#2855));
#2857 = IFCPOLYLOOP((#2795, #2800, #2799));
#2858 = IFCFACEOUTERBOUND(#2857, .T.);
#2859 = IFCFACE((#2858));
#2860 = IFCPOLYLOOP((#2785, #2815, #2778));
#2861 = IFCFACEOUTERBOUND(#2860, .T.);
#2862 = IFCFACE((#2861));
#2863 = IFCPOLYLOOP((#2785, #2778, #2777));
#2864 = IFCFACEOUTERBOUND(#2863, .T.);
#2865 = IFCFACE((#2864));
#2866 = IFCPOLYLOOP((#2800, #2794, #2801));
#2867 = IFCFACEOUTERBOUND(#2866, .T.);
#2868 = IFCFACE((#2867));
#2869 = IFCPOLYLOOP((#2794, #2800, #2795));
#2870 = IFCFACEOUTERBOUND(#2869, .T.);
#2871 = IFCFACE((#2870));
#2872 = IFCPOLYLOOP((#2799, #2801, #2805));
#2873 = IFCFACEOUTERBOUND(#2872, .T.);
#2874 = IFCFACE((#2873));
#2875 = IFCPOLYLOOP((#2783, #2785, #2777));
#2876 = IFCFACEOUTERBOUND(#2875, .T.);
#2877 = IFCFACE((#2876));
#2878 = IFCPOLYLOOP((#2784, #2790, #2785));
#2879 = IFCFACEOUTERBOUND(#2878, .T.);
#2880 = IFCFACE((#2879));
#2881 = IFCPOLYLOOP((#2790, #2789, #2795));
#2882 = IFCFACEOUTERBOUND(#2881, .T.);
#2883 = IFCFACE((#2882));
#2884 = IFCPOLYLOOP((#2777, #2779, #2783));
#2885 = IFCFACEOUTERBOUND(#2884, .T.);
#2886 = IFCFACE((#2885));
#2887 = IFCPOLYLOOP((#2778, #2814, #2779));
#2888 = IFCFACEOUTERBOUND(#2887, .T.);
#2889 = IFCFACE((#2888));
#2890 = IFCPOLYLOOP((#2891, #2892, #2893));
#2891 = IFCCARTESIANPOINT((1.93701095581055E-1, -1.69121360778809E-2, 4.03114379882813E-1));
#2892 = IFCCARTESIANPOINT((1.93698226928711E-1, -2.26338520050049E-2, 4.04173492431641E-1));
#2893 = IFCCARTESIANPOINT((1.96979766845703E-1, -2.19259719848633E-2, 4.04371520996094E-1));
#2894 = IFCFACEOUTERBOUND(#2890, .T.);
#2895 = IFCFACE((#2894));
#2896 = IFCPOLYLOOP((#2897, #2898, #2899));
#2897 = IFCCARTESIANPOINT((1.97000366210938E-1, -1.65677928924561E-2, 4.02853454589844E-1));
#2898 = IFCCARTESIANPOINT((1.97000015258789E-1, -1.43384447097778E-2, 4.00078430175781E-1));
#2899 = IFCCARTESIANPOINT((1.93700241088867E-1, -1.44160614013672E-2, 4.00264007568359E-1));
#2900 = IFCFACEOUTERBOUND(#2896, .T.);
#2901 = IFCFACE((#2900));
#2902 = IFCPOLYLOOP((#2899, #2891, #2897));
#2903 = IFCFACEOUTERBOUND(#2902, .T.);
#2904 = IFCFACE((#2903));
#2905 = IFCPOLYLOOP((#2898, #2906, #2907));
#2906 = IFCCARTESIANPOINT((1.96998550415039E-1, -1.35313968658447E-2, 3.96642272949219E-1));
#2907 = IFCCARTESIANPOINT((1.93700271606445E-1, -1.35643167495728E-2, 3.97096130371094E-1));
#2908 = IFCFACEOUTERBOUND(#2905, .T.);
#2909 = IFCFACE((#2908));
#2910 = IFCPOLYLOOP((#2907, #2899, #2898));
#2911 = IFCFACEOUTERBOUND(#2910, .T.);
#2912 = IFCFACE((#2911));
#2913 = IFCPOLYLOOP((#2914, #2907, #2906));
#2914 = IFCCARTESIANPOINT((1.93701217651367E-1, -1.49374885559082E-2, 3.92535736083984E-1));
#2915 = IFCFACEOUTERBOUND(#2913, .T.);
#2916 = IFCFACE((#2915));
#2917 = IFCPOLYLOOP((#2918, #2914, #2919));
#2918 = IFCCARTESIANPOINT((1.93699356079102E-1, -1.91131191253662E-2, 3.89984497070313E-1));
#2919 = IFCCARTESIANPOINT((1.9701203918457E-1, -1.58665428161621E-2, 3.91536682128906E-1));
#2920 = IFCFACEOUTERBOUND(#2917, .T.);
#2921 = IFCFACE((#2920));
#2922 = IFCPOLYLOOP((#2919, #2923, #2918));
#2923 = IFCCARTESIANPOINT((1.97000717163086E-1, -2.10915966033936E-2, 3.89741973876953E-1));
#2924 = IFCFACEOUTERBOUND(#2922, .T.);
#2925 = IFCFACE((#2924));
#2926 = IFCPOLYLOOP((#2927, #2923, #2928));
#2927 = IFCCARTESIANPOINT((1.93697219848633E-1, -2.39725761413574E-2, 3.90428527832031E-1));
#2928 = IFCCARTESIANPOINT((1.96999237060547E-1, -2.49699687957764E-2, 3.91019805908203E-1));
#2929 = IFCFACEOUTERBOUND(#2926, .T.);
#2930 = IFCFACE((#2929));
#2931 = IFCPOLYLOOP((#2928, #2932, #2933));
#2932 = IFCCARTESIANPOINT((1.97000732421875E-1, -2.81815605163574E-2, 3.95964721679688E-1));
#2933 = IFCCARTESIANPOINT((1.93703964233398E-1, -2.80488357543945E-2, 3.95081329345703E-1));
#2934 = IFCFACEOUTERBOUND(#2931, .T.);
#2935 = IFCFACE((#2934));
#2936 = IFCPOLYLOOP((#2932, #2937, #2938));
#2937 = IFCCARTESIANPOINT((1.97004791259766E-1, -2.66848983764648E-2, 4.01190948486328E-1));
#2938 = IFCCARTESIANPOINT((1.93725234985352E-1, -2.6941312789917E-2, 4.00849273681641E-1));
#2939 = IFCFACEOUTERBOUND(#2936, .T.);
#2940 = IFCFACE((#2939));
#2941 = IFCPOLYLOOP((#2892, #2938, #2937));
#2942 = IFCFACEOUTERBOUND(#2941, .T.);
#2943 = IFCFACE((#2942));
#2944 = IFCPOLYLOOP((#2932, #2893, #2937));
#2945 = IFCFACEOUTERBOUND(#2944, .T.);
#2946 = IFCFACE((#2945));
#2947 = IFCPOLYLOOP((#2898, #2897, #2932));
#2948 = IFCFACEOUTERBOUND(#2947, .T.);
#2949 = IFCFACE((#2948));
#2950 = IFCPOLYLOOP((#2932, #2928, #2898));
#2951 = IFCFACEOUTERBOUND(#2950, .T.);
#2952 = IFCFACE((#2951));
#2953 = IFCPOLYLOOP((#2906, #2898, #2923));
#2954 = IFCFACEOUTERBOUND(#2953, .T.);
#2955 = IFCFACE((#2954));
#2956 = IFCPOLYLOOP((#2898, #2928, #2923));
#2957 = IFCFACEOUTERBOUND(#2956, .T.);
#2958 = IFCFACE((#2957));
#2959 = IFCPOLYLOOP((#2906, #2923, #2919));
#2960 = IFCFACEOUTERBOUND(#2959, .T.);
#2961 = IFCFACE((#2960));
#2962 = IFCPOLYLOOP((#2893, #2932, #2897));
#2963 = IFCFACEOUTERBOUND(#2962, .T.);
#2964 = IFCFACE((#2963));
#2965 = IFCPOLYLOOP((#2933, #2938, #2892));
#2966 = IFCFACEOUTERBOUND(#2965, .T.);
#2967 = IFCFACE((#2966));
#2968 = IFCPOLYLOOP((#2933, #2891, #2899));
#2969 = IFCFACEOUTERBOUND(#2968, .T.);
#2970 = IFCFACE((#2969));
#2971 = IFCPOLYLOOP((#2899, #2927, #2933));
#2972 = IFCFACEOUTERBOUND(#2971, .T.);
#2973 = IFCFACE((#2972));
#2974 = IFCPOLYLOOP((#2907, #2918, #2899));
#2975 = IFCFACEOUTERBOUND(#2974, .T.);
#2976 = IFCFACE((#2975));
#2977 = IFCPOLYLOOP((#2899, #2918, #2927));
#2978 = IFCFACEOUTERBOUND(#2977, .T.);
#2979 = IFCFACE((#2978));
#2980 = IFCPOLYLOOP((#2907, #2914, #2918));
#2981 = IFCFACEOUTERBOUND(#2980, .T.);
#2982 = IFCFACE((#2981));
#2983 = IFCPOLYLOOP((#2892, #2891, #2933));
#2984 = IFCFACEOUTERBOUND(#2983, .T.);
#2985 = IFCFACE((#2984));
#2986 = IFCPOLYLOOP((#2923, #2927, #2918));
#2987 = IFCFACEOUTERBOUND(#2986, .T.);
#2988 = IFCFACE((#2987));
#2989 = IFCPOLYLOOP((#2914, #2906, #2919));
#2990 = IFCFACEOUTERBOUND(#2989, .T.);
#2991 = IFCFACE((#2990));
#2992 = IFCPOLYLOOP((#2928, #2933, #2927));
#2993 = IFCFACEOUTERBOUND(#2992, .T.);
#2994 = IFCFACE((#2993));
#2995 = IFCPOLYLOOP((#2932, #2938, #2933));
#2996 = IFCFACEOUTERBOUND(#2995, .T.);
#2997 = IFCFACE((#2996));
#2998 = IFCPOLYLOOP((#2891, #2893, #2897));
#2999 = IFCFACEOUTERBOUND(#2998, .T.);
#3000 = IFCFACE((#2999));
#3001 = IFCPOLYLOOP((#2892, #2937, #2893));
#3002 = IFCFACEOUTERBOUND(#3001, .T.);
#3003 = IFCFACE((#3002));
#3004 = IFCPOLYLOOP((#3005, #3006, #3007));
#3005 = IFCCARTESIANPOINT((1.96500122070313E-1, 1.05075668334961E-1, 4.33858795166016E-1));
#3006 = IFCCARTESIANPOINT((1.96504898071289E-1, 1.09022102355957E-1, 4.30829345703125E-1));
#3007 = IFCCARTESIANPOINT((1.93236907958984E-1, 1.08706153869629E-1, 4.31362091064453E-1));
#3008 = IFCFACEOUTERBOUND(#3004, .T.);
#3009 = IFCFACE((#3008));
#3010 = IFCPOLYLOOP((#3006, #3011, #3012));
#3011 = IFCCARTESIANPOINT((1.96500473022461E-1, 1.09962791442871E-1, 4.26268035888672E-1));
#3012 = IFCCARTESIANPOINT((1.93204208374023E-1, 1.10022621154785E-1, 4.26421875E-1));
#3013 = IFCFACEOUTERBOUND(#3010, .T.);
#3014 = IFCFACE((#3013));
#3015 = IFCPOLYLOOP((#3016, #3012, #3011));
#3016 = IFCCARTESIANPOINT((1.9319889831543E-1, 1.07975112915039E-1, 4.21837036132813E-1));
#3017 = IFCFACEOUTERBOUND(#3015, .T.);
#3018 = IFCFACE((#3017));
#3019 = IFCPOLYLOOP((#3011, #3020, #3016));
#3020 = IFCCARTESIANPOINT((1.96493133544922E-1, 1.07446189880371E-1, 4.21289886474609E-1));
#3021 = IFCFACEOUTERBOUND(#3019, .T.);
#3022 = IFCFACE((#3021));
#3023 = IFCPOLYLOOP((#3024, #3016, #3020));
#3024 = IFCCARTESIANPOINT((1.93198165893555E-1, 1.02693153381348E-1, 4.19770843505859E-1));
#3025 = IFCFACEOUTERBOUND(#3023, .T.);
#3026 = IFCFACE((#3025));
#3027 = IFCPOLYLOOP((#3028, #3024, #3029));
#3028 = IFCCARTESIANPOINT((1.9319660949707E-1, 9.75124969482422E-2, 4.21744842529297E-1));
#3029 = IFCCARTESIANPOINT((1.96476287841797E-1, 1.02363571166992E-1, 4.19762481689453E-1));
#3030 = IFCFACEOUTERBOUND(#3027, .T.);
#3031 = IFCFACE((#3030));
#3032 = IFCPOLYLOOP((#3029, #3033, #3028));
#3033 = IFCCARTESIANPOINT((1.96503433227539E-1, 9.84511489868164E-2, 4.21224243164063E-1));
#3034 = IFCFACEOUTERBOUND(#3032, .T.);
#3035 = IFCFACE((#3034));
#3036 = IFCPOLYLOOP((#3037, #3028, #3038));
#3037 = IFCCARTESIANPOINT((1.93199890136719E-1, 9.55231552124023E-2, 4.27286773681641E-1));
#3038 = IFCCARTESIANPOINT((1.9650016784668E-1, 9.53728790283203E-2, 4.26184509277344E-1));
#3039 = IFCFACEOUTERBOUND(#3036, .T.);
#3040 = IFCFACE((#3039));
#3041 = IFCPOLYLOOP((#3038, #3042, #3043));
#3042 = IFCCARTESIANPOINT((1.96499816894531E-1, 9.6632453918457E-2, 4.30771667480469E-1));
#3043 = IFCCARTESIANPOINT((1.93199981689453E-1, 9.65416107177734E-2, 4.30592193603516E-1));
#3044 = IFCFACEOUTERBOUND(#3041, .T.);
#3045 = IFCFACE((#3044));
#3046 = IFCPOLYLOOP((#3043, #3037, #3038));
#3047 = IFCFACEOUTERBOUND(#3046, .T.);
#3048 = IFCFACE((#3047));
#3049 = IFCPOLYLOOP((#3042, #3050, #3051));
#3050 = IFCCARTESIANPOINT((1.96505630493164E-1, 1.00265060424805E-1, 4.33934387207031E-1));
#3051 = IFCCARTESIANPOINT((1.93264526367188E-1, 9.96894760131836E-2, 4.33705322265625E-1));
#3052 = IFCFACEOUTERBOUND(#3049, .T.);
#3053 = IFCFACE((#3052));
#3054 = IFCPOLYLOOP((#3050, #3005, #3055));
#3055 = IFCCARTESIANPOINT((1.93200592041016E-1, 1.04728469848633E-1, 4.33994812011719E-1));
#3056 = IFCFACEOUTERBOUND(#3054, .T.);
#3057 = IFCFACE((#3056));
#3058 = IFCPOLYLOOP((#3020, #3005, #3038));
#3059 = IFCFACEOUTERBOUND(#3058, .T.);
#3060 = IFCFACE((#3059));
#3061 = IFCPOLYLOOP((#3038, #3033, #3020));
#3062 = IFCFACEOUTERBOUND(#3061, .T.);
#3063 = IFCFACE((#3062));
#3064 = IFCPOLYLOOP((#3042, #3005, #3050));
#3065 = IFCFACEOUTERBOUND(#3064, .T.);
#3066 = IFCFACE((#3065));
#3067 = IFCPOLYLOOP((#3020, #3033, #3029));
#3068 = IFCFACEOUTERBOUND(#3067, .T.);
#3069 = IFCFACE((#3068));
#3070 = IFCPOLYLOOP((#3006, #3005, #3011));
#3071 = IFCFACEOUTERBOUND(#3070, .T.);
#3072 = IFCFACE((#3071));
#3073 = IFCPOLYLOOP((#3005, #3020, #3011));
#3074 = IFCFACEOUTERBOUND(#3073, .T.);
#3075 = IFCFACE((#3074));
#3076 = IFCPOLYLOOP((#3037, #3055, #3016));
#3077 = IFCFACEOUTERBOUND(#3076, .T.);
#3078 = IFCFACE((#3077));
#3079 = IFCPOLYLOOP((#3016, #3028, #3037));
#3080 = IFCFACEOUTERBOUND(#3079, .T.);
#3081 = IFCFACE((#3080));
#3082 = IFCPOLYLOOP((#3043, #3051, #3055));
#3083 = IFCFACEOUTERBOUND(#3082, .T.);
#3084 = IFCFACE((#3083));
#3085 = IFCPOLYLOOP((#3043, #3055, #3037));
#3086 = IFCFACEOUTERBOUND(#3085, .T.);
#3087 = IFCFACE((#3086));
#3088 = IFCPOLYLOOP((#3016, #3024, #3028));
#3089 = IFCFACEOUTERBOUND(#3088, .T.);
#3090 = IFCFACE((#3089));
#3091 = IFCPOLYLOOP((#3007, #3012, #3055));
#3092 = IFCFACEOUTERBOUND(#3091, .T.);
#3093 = IFCFACE((#3092));
#3094 = IFCPOLYLOOP((#3055, #3012, #3016));
#3095 = IFCFACEOUTERBOUND(#3094, .T.);
#3096 = IFCFACE((#3095));
#3097 = IFCPOLYLOOP((#3028, #3033, #3038));
#3098 = IFCFACEOUTERBOUND(#3097, .T.);
#3099 = IFCFACE((#3098));
#3100 = IFCPOLYLOOP((#3005, #3042, #3038));
#3101 = IFCFACEOUTERBOUND(#3100, .T.);
#3102 = IFCFACE((#3101));
#3103 = IFCPOLYLOOP((#3005, #3007, #3055));
#3104 = IFCFACEOUTERBOUND(#3103, .T.);
#3105 = IFCFACE((#3104));
#3106 = IFCPOLYLOOP((#3006, #3012, #3007));
#3107 = IFCFACEOUTERBOUND(#3106, .T.);
#3108 = IFCFACE((#3107));
#3109 = IFCPOLYLOOP((#3042, #3051, #3043));
#3110 = IFCFACEOUTERBOUND(#3109, .T.);
#3111 = IFCFACE((#3110));
#3112 = IFCPOLYLOOP((#3050, #3055, #3051));
#3113 = IFCFACEOUTERBOUND(#3112, .T.);
#3114 = IFCFACE((#3113));
#3115 = IFCPOLYLOOP((#3024, #3020, #3029));
#3116 = IFCFACEOUTERBOUND(#3115, .T.);
#3117 = IFCFACE((#3116));
#3118 = IFCSURFACESTYLERENDERING(#3119, 0., #3120, $, $, #3121, #3122, $, .NOTDEFINED.);
#3119 = IFCCOLOURRGB('Surface color', 8.78431379795074E-1, 8.74509811401367E-1, 8.58823537826538E-1);
#3120 = IFCCOLOURRGB('Diffuse color', 8.78431379795074E-1, 8.74509811401367E-1, 8.58823537826538E-1);
#3121 = IFCCOLOURRGB('Reflection color', 1., 1., 1.);
#3122 = IFCCOLOURRGB('Specular color', 1., 1., 1.);
#3123 = IFCSURFACESTYLE('6dee3cff_5423_499e_8c87_4b50dfe5feb3', .BOTH., (#3118));
#3124 = IFCPRESENTATIONSTYLEASSIGNMENT((#3123));
#3125 = IFCSTYLEDITEM($, (#3124), $);
#3126 = IFCSTYLEDREPRESENTATION(#106, 'Body', $, (#3125));
#3127 = IFCOPENSHELL((#3133, #3139, #3143, #3146, #3150, #3154, #3158, #3163, #3167, #3171, #3176, #3180, #3184, #3188, #3191, #3194, #3197, #3200, #3203, #3206, #3209, #3212, #3215, #3218, #3221, #3224, #3227, #3230, #3233, #3236, #3239, #3242, #3245, #3248, #3254, #3258, #3263, #3267, #3271, #3275, #3279, #3284, #3289, #3292, #3298, #3302, #3306, #3309, #3312, #3315, #3318, #3321, #3324, #3327, #3330, #3333, #3336, #3339, #3342, #3345, #3348, #3351, #3354, #3357, #3360, #3363, #3366, #3369, #3375, #3379, #3385, #3389, #3393, #3397, #3401, #3405, #3411, #3415, #3418, #3423, #3426, #3429, #3432, #3435, #3438, #3441, #3444, #3447, #3451, #3454, #3457, #3460, #3463, #3466, #3469, #3472, #3475, #3478, #3481, #3484, #3487, #3490, #3496, #3500, #3504, #3509, #3514, #3517, #3522, #3526, #3532, #3535, #3540, #3543, #3548, #3551, #3554, #3557, #3560, #3563, #3566, #3569, #3572, #3575, #3578, #3581, #3584, #3587, #3590, #3593, #3596, #3599, #3602, #3605, #3608, #3611));
#3128 = IFCPOLYLOOP((#3129, #3130, #3131));
#3129 = IFCCARTESIANPOINT((-2.18810852050781E-1, -2.00090576171875E-1, 3.00209975242615E-3));
#3130 = IFCCARTESIANPOINT((-2.1983039855957E-1, -1.99731018066406E-1, -2.77078477665782E-6));
#3131 = IFCCARTESIANPOINT((-2.16495697021484E-1, -1.99912109375E-1, -2.77078477665782E-6));
#3132 = IFCFACEOUTERBOUND(#3128, .T.);
#3133 = IFCFACE((#3132));
#3134 = IFCPOLYLOOP((#3135, #3136, #3137));
#3135 = IFCCARTESIANPOINT((-2.2166796875E-1, -1.98476058959961E-1, -2.77078477665782E-6));
#3136 = IFCCARTESIANPOINT((-2.2166796875E-1, -1.98476058959961E-1, 2.99722909927368E-3));
#3137 = IFCCARTESIANPOINT((-2.23124969482422E-1, -1.95569580078125E-1, 2.99027991294861E-3));
#3138 = IFCFACEOUTERBOUND(#3134, .T.);
#3139 = IFCFACE((#3138));
#3140 = IFCPOLYLOOP((#3137, #3141, #3135));
#3141 = IFCCARTESIANPOINT((-2.23101272583008E-1, -1.9524055480957E-1, -2.77078477665782E-6));
#3142 = IFCFACEOUTERBOUND(#3140, .T.);
#3143 = IFCFACE((#3142));
#3144 = IFCPOLYLOOP((#3130, #3129, #3136));
#3145 = IFCFACEOUTERBOUND(#3144, .T.);
#3146 = IFCFACE((#3145));
#3147 = IFCPOLYLOOP((#3141, #3137, #3148));
#3148 = IFCCARTESIANPOINT((-2.22128952026367E-1, -1.92258224487305E-1, 2.99722909927368E-3));
#3149 = IFCFACEOUTERBOUND(#3147, .T.);
#3150 = IFCFACE((#3149));
#3151 = IFCPOLYLOOP((#3148, #3152, #3141));
#3152 = IFCCARTESIANPOINT((-2.22128952026367E-1, -1.92258224487305E-1, -2.77078477665782E-6));
#3153 = IFCFACEOUTERBOUND(#3151, .T.);
#3154 = IFCFACE((#3153));
#3155 = IFCPOLYLOOP((#3152, #3148, #3156));
#3156 = IFCCARTESIANPOINT((-2.20496551513672E-1, -1.90745986938477E-1, 2.99722909927368E-3));
#3157 = IFCFACEOUTERBOUND(#3155, .T.);
#3158 = IFCFACE((#3157));
#3159 = IFCPOLYLOOP((#3160, #3156, #3161));
#3160 = IFCCARTESIANPOINT((-2.19504348754883E-1, -1.90244110107422E-1, -2.77078477665782E-6));
#3161 = IFCCARTESIANPOINT((-2.17189086914063E-1, -1.90065643310547E-1, 3.00209975242615E-3));
#3162 = IFCFACEOUTERBOUND(#3159, .T.);
#3163 = IFCFACE((#3162));
#3164 = IFCPOLYLOOP((#3161, #3165, #3160));
#3165 = IFCCARTESIANPOINT((-2.1616960144043E-1, -1.90425186157227E-1, -2.77078477665782E-6));
#3166 = IFCFACEOUTERBOUND(#3164, .T.);
#3167 = IFCFACE((#3166));
#3168 = IFCPOLYLOOP((#3165, #3161, #3169));
#3169 = IFCCARTESIANPOINT((-2.13663482666016E-1, -1.92270950317383E-1, 2.99344038963318E-3));
#3170 = IFCFACEOUTERBOUND(#3168, .T.);
#3171 = IFCFACE((#3170));
#3172 = IFCPOLYLOOP((#3173, #3169, #3174));
#3173 = IFCCARTESIANPOINT((-2.13474395751953E-1, -1.92718383789063E-1, -2.77078477665782E-6));
#3174 = IFCCARTESIANPOINT((-2.13074554443359E-1, -1.96545806884766E-1, 2.99733662605286E-3));
#3175 = IFCFACEOUTERBOUND(#3172, .T.);
#3176 = IFCFACE((#3175));
#3177 = IFCPOLYLOOP((#3174, #3178, #3173));
#3178 = IFCCARTESIANPOINT((-2.13056442260742E-1, -1.95827255249023E-1, -2.77078477665782E-6));
#3179 = IFCFACEOUTERBOUND(#3177, .T.);
#3180 = IFCFACE((#3179));
#3181 = IFCPOLYLOOP((#3174, #3182, #3178));
#3182 = IFCCARTESIANPOINT((-2.13871047973633E-1, -1.97897994995117E-1, -2.77078477665782E-6));
#3183 = IFCFACEOUTERBOUND(#3181, .T.);
#3184 = IFCFACE((#3183));
#3185 = IFCPOLYLOOP((#3182, #3174, #3186));
#3186 = IFCCARTESIANPOINT((-2.15503448486328E-1, -1.99410217285156E-1, 2.99722909927368E-3));
#3187 = IFCFACEOUTERBOUND(#3185, .T.);
#3188 = IFCFACE((#3187));
#3189 = IFCPOLYLOOP((#3131, #3186, #3129));
#3190 = IFCFACEOUTERBOUND(#3189, .T.);
#3191 = IFCFACE((#3190));
#3192 = IFCPOLYLOOP((#3141, #3165, #3173));
#3193 = IFCFACEOUTERBOUND(#3192, .T.);
#3194 = IFCFACE((#3193));
#3195 = IFCPOLYLOOP((#3173, #3182, #3141));
#3196 = IFCFACEOUTERBOUND(#3195, .T.);
#3197 = IFCFACE((#3196));
#3198 = IFCPOLYLOOP((#3135, #3131, #3130));
#3199 = IFCFACEOUTERBOUND(#3198, .T.);
#3200 = IFCFACE((#3199));
#3201 = IFCPOLYLOOP((#3182, #3131, #3135));
#3202 = IFCFACEOUTERBOUND(#3201, .T.);
#3203 = IFCFACE((#3202));
#3204 = IFCPOLYLOOP((#3173, #3178, #3182));
#3205 = IFCFACEOUTERBOUND(#3204, .T.);
#3206 = IFCFACE((#3205));
#3207 = IFCPOLYLOOP((#3152, #3165, #3141));
#3208 = IFCFACEOUTERBOUND(#3207, .T.);
#3209 = IFCFACE((#3208));
#3210 = IFCPOLYLOOP((#3152, #3160, #3165));
#3211 = IFCFACEOUTERBOUND(#3210, .T.);
#3212 = IFCFACE((#3211));
#3213 = IFCPOLYLOOP((#3174, #3129, #3186));
#3214 = IFCFACEOUTERBOUND(#3213, .T.);
#3215 = IFCFACE((#3214));
#3216 = IFCPOLYLOOP((#3169, #3148, #3174));
#3217 = IFCFACEOUTERBOUND(#3216, .T.);
#3218 = IFCFACE((#3217));
#3219 = IFCPOLYLOOP((#3129, #3137, #3136));
#3220 = IFCFACEOUTERBOUND(#3219, .T.);
#3221 = IFCFACE((#3220));
#3222 = IFCPOLYLOOP((#3174, #3148, #3137));
#3223 = IFCFACEOUTERBOUND(#3222, .T.);
#3224 = IFCFACE((#3223));
#3225 = IFCPOLYLOOP((#3137, #3129, #3174));
#3226 = IFCFACEOUTERBOUND(#3225, .T.);
#3227 = IFCFACE((#3226));
#3228 = IFCPOLYLOOP((#3148, #3169, #3161));
#3229 = IFCFACEOUTERBOUND(#3228, .T.);
#3230 = IFCFACE((#3229));
#3231 = IFCPOLYLOOP((#3148, #3161, #3156));
#3232 = IFCFACEOUTERBOUND(#3231, .T.);
#3233 = IFCFACE((#3232));
#3234 = IFCPOLYLOOP((#3130, #3136, #3135));
#3235 = IFCFACEOUTERBOUND(#3234, .T.);
#3236 = IFCFACE((#3235));
#3237 = IFCPOLYLOOP((#3152, #3156, #3160));
#3238 = IFCFACEOUTERBOUND(#3237, .T.);
#3239 = IFCFACE((#3238));
#3240 = IFCPOLYLOOP((#3165, #3169, #3173));
#3241 = IFCFACEOUTERBOUND(#3240, .T.);
#3242 = IFCFACE((#3241));
#3243 = IFCPOLYLOOP((#3182, #3186, #3131));
#3244 = IFCFACEOUTERBOUND(#3243, .T.);
#3245 = IFCFACE((#3244));
#3246 = IFCPOLYLOOP((#3141, #3182, #3135));
#3247 = IFCFACEOUTERBOUND(#3246, .T.);
#3248 = IFCFACE((#3247));
#3249 = IFCPOLYLOOP((#3250, #3251, #3252));
#3250 = IFCCARTESIANPOINT((-2.2166796875E-1, 2.46319412231445E-1, -2.77078477665782E-6));
#3251 = IFCCARTESIANPOINT((-2.2166796875E-1, 2.46319412231445E-1, 2.99722909927368E-3));
#3252 = IFCCARTESIANPOINT((-2.23069442749023E-1, 2.49125747680664E-1, 2.99722909927368E-3));
#3253 = IFCFACEOUTERBOUND(#3249, .T.);
#3254 = IFCFACE((#3253));
#3255 = IFCPOLYLOOP((#3252, #3256, #3250));
#3256 = IFCCARTESIANPOINT((-2.23141418457031E-1, 2.49447799682617E-1, 1.20505772065371E-6));
#3257 = IFCFACEOUTERBOUND(#3255, .T.);
#3258 = IFCFACE((#3257));
#3259 = IFCPOLYLOOP((#3260, #3261, #3251));
#3260 = IFCCARTESIANPOINT((-2.1983039855957E-1, 2.45064453125E-1, -2.77078477665782E-6));
#3261 = IFCCARTESIANPOINT((-2.18774978637695E-1, 2.44714370727539E-1, 2.99722909927368E-3));
#3262 = IFCFACEOUTERBOUND(#3259, .T.);
#3263 = IFCFACE((#3262));
#3264 = IFCPOLYLOOP((#3260, #3265, #3261));
#3265 = IFCCARTESIANPOINT((-2.16458602905273E-1, 2.44879287719727E-1, -1.21251065284014E-5));
#3266 = IFCFACEOUTERBOUND(#3264, .T.);
#3267 = IFCFACE((#3266));
#3268 = IFCPOLYLOOP((#3256, #3252, #3269));
#3269 = IFCCARTESIANPOINT((-2.22128952026367E-1, 2.52537246704102E-1, 2.99722909927368E-3));
#3270 = IFCFACEOUTERBOUND(#3268, .T.);
#3271 = IFCFACE((#3270));
#3272 = IFCPOLYLOOP((#3269, #3273, #3256));
#3273 = IFCCARTESIANPOINT((-2.22128952026367E-1, 2.52537246704102E-1, -2.77078477665782E-6));
#3274 = IFCFACEOUTERBOUND(#3272, .T.);
#3275 = IFCFACE((#3274));
#3276 = IFCPOLYLOOP((#3273, #3269, #3277));
#3277 = IFCCARTESIANPOINT((-2.20496551513672E-1, 2.5404948425293E-1, 2.99722909927368E-3));
#3278 = IFCFACEOUTERBOUND(#3276, .T.);
#3279 = IFCFACE((#3278));
#3280 = IFCPOLYLOOP((#3281, #3282, #3277));
#3281 = IFCCARTESIANPOINT((-2.17225006103516E-1, 2.54720367431641E-1, 2.99722909927368E-3));
#3282 = IFCCARTESIANPOINT((-2.19541854858398E-1, 2.54555419921875E-1, -2.18942034989595E-5));
#3283 = IFCFACEOUTERBOUND(#3280, .T.);
#3284 = IFCFACE((#3283));
#3285 = IFCPOLYLOOP((#3286, #3281, #3287));
#3286 = IFCCARTESIANPOINT((-2.1616960144043E-1, 2.5437028503418E-1, -2.77078477665782E-6));
#3287 = IFCCARTESIANPOINT((-2.1433203125E-1, 2.53115310668945E-1, 2.99722909927368E-3));
#3288 = IFCFACEOUTERBOUND(#3285, .T.);
#3289 = IFCFACE((#3288));
#3290 = IFCPOLYLOOP((#3286, #3282, #3281));
#3291 = IFCFACEOUTERBOUND(#3290, .T.);
#3292 = IFCFACE((#3291));
#3293 = IFCPOLYLOOP((#3294, #3295, #3296));
#3294 = IFCCARTESIANPOINT((-2.13344802856445E-1, 2.51895263671875E-1, -3.07442876510322E-6));
#3295 = IFCCARTESIANPOINT((-2.13220962524414E-1, 2.51187347412109E-1, 2.99722909927368E-3));
#3296 = IFCCARTESIANPOINT((-2.13175903320313E-1, 2.48050842285156E-1, 2.99722909927368E-3));
#3297 = IFCFACEOUTERBOUND(#3293, .T.);
#3298 = IFCFACE((#3297));
#3299 = IFCPOLYLOOP((#3296, #3300, #3294));
#3300 = IFCCARTESIANPOINT((-2.13296951293945E-1, 2.47580352783203E-1, 8.41597153339535E-7));
#3301 = IFCFACEOUTERBOUND(#3299, .T.);
#3302 = IFCFACE((#3301));
#3303 = IFCPOLYLOOP((#3300, #3296, #3304));
#3304 = IFCCARTESIANPOINT((-2.15503448486328E-1, 2.4538525390625E-1, 2.99722909927368E-3));
#3305 = IFCFACEOUTERBOUND(#3303, .T.);
#3306 = IFCFACE((#3305));
#3307 = IFCPOLYLOOP((#3261, #3265, #3304));
#3308 = IFCFACEOUTERBOUND(#3307, .T.);
#3309 = IFCFACE((#3308));
#3310 = IFCPOLYLOOP((#3256, #3286, #3294));
#3311 = IFCFACEOUTERBOUND(#3310, .T.);
#3312 = IFCFACE((#3311));
#3313 = IFCPOLYLOOP((#3294, #3300, #3256));
#3314 = IFCFACEOUTERBOUND(#3313, .T.);
#3315 = IFCFACE((#3314));
#3316 = IFCPOLYLOOP((#3250, #3265, #3260));
#3317 = IFCFACEOUTERBOUND(#3316, .T.);
#3318 = IFCFACE((#3317));
#3319 = IFCPOLYLOOP((#3300, #3265, #3250));
#3320 = IFCFACEOUTERBOUND(#3319, .T.);
#3321 = IFCFACE((#3320));
#3322 = IFCPOLYLOOP((#3273, #3286, #3256));
#3323 = IFCFACEOUTERBOUND(#3322, .T.);
#3324 = IFCFACE((#3323));
#3325 = IFCPOLYLOOP((#3273, #3282, #3286));
#3326 = IFCFACEOUTERBOUND(#3325, .T.);
#3327 = IFCFACE((#3326));
#3328 = IFCPOLYLOOP((#3296, #3261, #3304));
#3329 = IFCFACEOUTERBOUND(#3328, .T.);
#3330 = IFCFACE((#3329));
#3331 = IFCPOLYLOOP((#3269, #3252, #3296));
#3332 = IFCFACEOUTERBOUND(#3331, .T.);
#3333 = IFCFACE((#3332));
#3334 = IFCPOLYLOOP((#3296, #3295, #3269));
#3335 = IFCFACEOUTERBOUND(#3334, .T.);
#3336 = IFCFACE((#3335));
#3337 = IFCPOLYLOOP((#3261, #3252, #3251));
#3338 = IFCFACEOUTERBOUND(#3337, .T.);
#3339 = IFCFACE((#3338));
#3340 = IFCPOLYLOOP((#3261, #3296, #3252));
#3341 = IFCFACEOUTERBOUND(#3340, .T.);
#3342 = IFCFACE((#3341));
#3343 = IFCPOLYLOOP((#3281, #3295, #3287));
#3344 = IFCFACEOUTERBOUND(#3343, .T.);
#3345 = IFCFACE((#3344));
#3346 = IFCPOLYLOOP((#3269, #3295, #3281));
#3347 = IFCFACEOUTERBOUND(#3346, .T.);
#3348 = IFCFACE((#3347));
#3349 = IFCPOLYLOOP((#3269, #3281, #3277));
#3350 = IFCFACEOUTERBOUND(#3349, .T.);
#3351 = IFCFACE((#3350));
#3352 = IFCPOLYLOOP((#3260, #3251, #3250));
#3353 = IFCFACEOUTERBOUND(#3352, .T.);
#3354 = IFCFACE((#3353));
#3355 = IFCPOLYLOOP((#3273, #3277, #3282));
#3356 = IFCFACEOUTERBOUND(#3355, .T.);
#3357 = IFCFACE((#3356));
#3358 = IFCPOLYLOOP((#3286, #3287, #3294));
#3359 = IFCFACEOUTERBOUND(#3358, .T.);
#3360 = IFCFACE((#3359));
#3361 = IFCPOLYLOOP((#3300, #3304, #3265));
#3362 = IFCFACEOUTERBOUND(#3361, .T.);
#3363 = IFCFACE((#3362));
#3364 = IFCPOLYLOOP((#3295, #3294, #3287));
#3365 = IFCFACEOUTERBOUND(#3364, .T.);
#3366 = IFCFACE((#3365));
#3367 = IFCPOLYLOOP((#3256, #3300, #3250));
#3368 = IFCFACEOUTERBOUND(#3367, .T.);
#3369 = IFCFACE((#3368));
#3370 = IFCPOLYLOOP((#3371, #3372, #3373));
#3371 = IFCCARTESIANPOINT((2.1983039855957E-1, 2.45064453125E-1, 2.99722909927368E-3));
#3372 = IFCCARTESIANPOINT((2.16526412963867E-1, 2.44859725952148E-1, 3.00663995742798E-3));
#3373 = IFCCARTESIANPOINT((2.17630310058594E-1, 2.44731048583984E-1, -2.77078477665782E-6));
#3374 = IFCFACEOUTERBOUND(#3370, .T.);
#3375 = IFCFACE((#3374));
#3376 = IFCPOLYLOOP((#3377, #3371, #3373));
#3377 = IFCCARTESIANPOINT((2.20834655761719E-1, 2.45505477905273E-1, -5.24458754807711E-6));
#3378 = IFCFACEOUTERBOUND(#3376, .T.);
#3379 = IFCFACE((#3378));
#3380 = IFCPOLYLOOP((#3381, #3382, #3383));
#3381 = IFCCARTESIANPOINT((2.22779037475586E-1, 2.4824739074707E-1, -2.77078477665782E-6));
#3382 = IFCCARTESIANPOINT((2.2262321472168E-1, 2.51930694580078E-1, -5.88431442156434E-6));
#3383 = IFCCARTESIANPOINT((2.22943557739258E-1, 2.50466506958008E-1, 2.99722909927368E-3));
#3384 = IFCFACEOUTERBOUND(#3380, .T.);
#3385 = IFCFACE((#3384));
#3386 = IFCPOLYLOOP((#3387, #3383, #3382));
#3387 = IFCCARTESIANPOINT((2.22128952026367E-1, 2.52537246704102E-1, 2.99722909927368E-3));
#3388 = IFCFACEOUTERBOUND(#3386, .T.);
#3389 = IFCFACE((#3388));
#3390 = IFCPOLYLOOP((#3391, #3387, #3382));
#3391 = IFCCARTESIANPOINT((2.20496551513672E-1, 2.5404948425293E-1, 2.99722909927368E-3));
#3392 = IFCFACEOUTERBOUND(#3390, .T.);
#3393 = IFCFACE((#3392));
#3394 = IFCPOLYLOOP((#3382, #3395, #3391));
#3395 = IFCCARTESIANPOINT((2.19504318237305E-1, 2.54551376342773E-1, -2.77078477665782E-6));
#3396 = IFCFACEOUTERBOUND(#3394, .T.);
#3397 = IFCFACE((#3396));
#3398 = IFCPOLYLOOP((#3395, #3399, #3391));
#3399 = IFCCARTESIANPOINT((2.171884765625E-1, 2.54729904174805E-1, 3.01635241508484E-3));
#3400 = IFCFACEOUTERBOUND(#3398, .T.);
#3401 = IFCFACE((#3400));
#3402 = IFCPOLYLOOP((#3399, #3395, #3403));
#3403 = IFCCARTESIANPOINT((2.1616960144043E-1, 2.5437028503418E-1, -2.77078477665782E-6));
#3404 = IFCFACEOUTERBOUND(#3402, .T.);
#3405 = IFCFACE((#3404));
#3406 = IFCPOLYLOOP((#3407, #3408, #3409));
#3407 = IFCCARTESIANPOINT((2.1433203125E-1, 2.53115310668945E-1, -2.77078477665782E-6));
#3408 = IFCCARTESIANPOINT((2.12833999633789E-1, 2.49818557739258E-1, 1.90003737807274E-5));
#3409 = IFCCARTESIANPOINT((2.12930557250977E-1, 2.50308990478516E-1, 2.99727630615234E-3));
#3410 = IFCFACEOUTERBOUND(#3406, .T.);
#3411 = IFCFACE((#3410));
#3412 = IFCPOLYLOOP((#3409, #3413, #3407));
#3413 = IFCCARTESIANPOINT((2.1433203125E-1, 2.53115310668945E-1, 2.99722909927368E-3));
#3414 = IFCFACEOUTERBOUND(#3412, .T.);
#3415 = IFCFACE((#3414));
#3416 = IFCPOLYLOOP((#3403, #3407, #3413));
#3417 = IFCFACEOUTERBOUND(#3416, .T.);
#3418 = IFCFACE((#3417));
#3419 = IFCPOLYLOOP((#3408, #3420, #3421));
#3420 = IFCCARTESIANPOINT((2.14559234619141E-1, 2.46003189086914E-1, -2.77078477665782E-6));
#3421 = IFCCARTESIANPOINT((2.13871047973633E-1, 2.46897491455078E-1, 2.99722909927368E-3));
#3422 = IFCFACEOUTERBOUND(#3419, .T.);
#3423 = IFCFACE((#3422));
#3424 = IFCPOLYLOOP((#3420, #3373, #3372));
#3425 = IFCFACEOUTERBOUND(#3424, .T.);
#3426 = IFCFACE((#3425));
#3427 = IFCPOLYLOOP((#3403, #3373, #3420));
#3428 = IFCFACEOUTERBOUND(#3427, .T.);
#3429 = IFCFACE((#3428));
#3430 = IFCPOLYLOOP((#3377, #3382, #3381));
#3431 = IFCFACEOUTERBOUND(#3430, .T.);
#3432 = IFCFACE((#3431));
#3433 = IFCPOLYLOOP((#3395, #3377, #3373));
#3434 = IFCFACEOUTERBOUND(#3433, .T.);
#3435 = IFCFACE((#3434));
#3436 = IFCPOLYLOOP((#3373, #3403, #3395));
#3437 = IFCFACEOUTERBOUND(#3436, .T.);
#3438 = IFCFACE((#3437));
#3439 = IFCPOLYLOOP((#3420, #3408, #3407));
#3440 = IFCFACEOUTERBOUND(#3439, .T.);
#3441 = IFCFACE((#3440));
#3442 = IFCPOLYLOOP((#3420, #3407, #3403));
#3443 = IFCFACEOUTERBOUND(#3442, .T.);
#3444 = IFCFACE((#3443));
#3445 = IFCPOLYLOOP((#3395, #3382, #3377));
#3446 = IFCFACEOUTERBOUND(#3445, .T.);
#3447 = IFCFACE((#3446));
#3448 = IFCPOLYLOOP((#3409, #3421, #3449));
#3449 = IFCCARTESIANPOINT((2.22386657714844E-1, 2.47189224243164E-1, 2.99671244621277E-3));
#3450 = IFCFACEOUTERBOUND(#3448, .T.);
#3451 = IFCFACE((#3450));
#3452 = IFCPOLYLOOP((#3449, #3391, #3409));
#3453 = IFCFACEOUTERBOUND(#3452, .T.);
#3454 = IFCFACE((#3453));
#3455 = IFCPOLYLOOP((#3449, #3372, #3371));
#3456 = IFCFACEOUTERBOUND(#3455, .T.);
#3457 = IFCFACE((#3456));
#3458 = IFCPOLYLOOP((#3421, #3372, #3449));
#3459 = IFCFACEOUTERBOUND(#3458, .T.);
#3460 = IFCFACE((#3459));
#3461 = IFCPOLYLOOP((#3409, #3391, #3413));
#3462 = IFCFACEOUTERBOUND(#3461, .T.);
#3463 = IFCFACE((#3462));
#3464 = IFCPOLYLOOP((#3383, #3387, #3449));
#3465 = IFCFACEOUTERBOUND(#3464, .T.);
#3466 = IFCFACE((#3465));
#3467 = IFCPOLYLOOP((#3387, #3391, #3449));
#3468 = IFCFACEOUTERBOUND(#3467, .T.);
#3469 = IFCFACE((#3468));
#3470 = IFCPOLYLOOP((#3391, #3399, #3413));
#3471 = IFCFACEOUTERBOUND(#3470, .T.);
#3472 = IFCFACE((#3471));
#3473 = IFCPOLYLOOP((#3403, #3413, #3399));
#3474 = IFCFACEOUTERBOUND(#3473, .T.);
#3475 = IFCFACE((#3474));
#3476 = IFCPOLYLOOP((#3408, #3421, #3409));
#3477 = IFCFACEOUTERBOUND(#3476, .T.);
#3478 = IFCFACE((#3477));
#3479 = IFCPOLYLOOP((#3420, #3372, #3421));
#3480 = IFCFACEOUTERBOUND(#3479, .T.);
#3481 = IFCFACE((#3480));
#3482 = IFCPOLYLOOP((#3449, #3377, #3381));
#3483 = IFCFACEOUTERBOUND(#3482, .T.);
#3484 = IFCFACE((#3483));
#3485 = IFCPOLYLOOP((#3371, #3377, #3449));
#3486 = IFCFACEOUTERBOUND(#3485, .T.);
#3487 = IFCFACE((#3486));
#3488 = IFCPOLYLOOP((#3381, #3383, #3449));
#3489 = IFCFACEOUTERBOUND(#3488, .T.);
#3490 = IFCFACE((#3489));
#3491 = IFCPOLYLOOP((#3492, #3493, #3494));
#3492 = IFCCARTESIANPOINT((2.2166796875E-1, -1.98476058959961E-1, -2.77078477665782E-6));
#3493 = IFCCARTESIANPOINT((2.23141250610352E-1, -1.95348617553711E-1, 4.22846116125584E-5));
#3494 = IFCCARTESIANPOINT((2.23069442749023E-1, -1.95669723510742E-1, 2.99722909927368E-3));
#3495 = IFCFACEOUTERBOUND(#3491, .T.);
#3496 = IFCFACE((#3495));
#3497 = IFCPOLYLOOP((#3494, #3498, #3492));
#3498 = IFCCARTESIANPOINT((2.2166796875E-1, -1.98476058959961E-1, 2.99722909927368E-3));
#3499 = IFCFACEOUTERBOUND(#3497, .T.);
#3500 = IFCFACE((#3499));
#3501 = IFCPOLYLOOP((#3502, #3492, #3498));
#3502 = IFCCARTESIANPOINT((2.1983039855957E-1, -1.99731018066406E-1, -2.77078477665782E-6));
#3503 = IFCFACEOUTERBOUND(#3501, .T.);
#3504 = IFCFACE((#3503));
#3505 = IFCPOLYLOOP((#3502, #3506, #3507));
#3506 = IFCCARTESIANPOINT((2.18774978637695E-1, -2.00081100463867E-1, 2.99722909927368E-3));
#3507 = IFCCARTESIANPOINT((2.16458984375E-1, -1.99916198730469E-1, -4.25850972533226E-6));
#3508 = IFCFACEOUTERBOUND(#3505, .T.);
#3509 = IFCFACE((#3508));
#3510 = IFCPOLYLOOP((#3493, #3511, #3512));
#3511 = IFCCARTESIANPOINT((2.22128952026367E-1, -1.92258224487305E-1, -2.77078477665782E-6));
#3512 = IFCCARTESIANPOINT((2.22128952026367E-1, -1.92258224487305E-1, 2.99722909927368E-3));
#3513 = IFCFACEOUTERBOUND(#3510, .T.);
#3514 = IFCFACE((#3513));
#3515 = IFCPOLYLOOP((#3512, #3494, #3493));
#3516 = IFCFACEOUTERBOUND(#3515, .T.);
#3517 = IFCFACE((#3516));
#3518 = IFCPOLYLOOP((#3511, #3519, #3520));
#3519 = IFCCARTESIANPOINT((2.19541107177734E-1, -1.90240020751953E-1, -4.79293614625931E-6));
#3520 = IFCCARTESIANPOINT((2.20496551513672E-1, -1.90745986938477E-1, 2.99722909927368E-3));
#3521 = IFCFACEOUTERBOUND(#3518, .T.);
#3522 = IFCFACE((#3521));
#3523 = IFCPOLYLOOP((#3524, #3520, #3519));
#3524 = IFCCARTESIANPOINT((2.17224975585938E-1, -1.90075119018555E-1, 2.99722909927368E-3));
#3525 = IFCFACEOUTERBOUND(#3523, .T.);
#3526 = IFCFACE((#3525));
#3527 = IFCPOLYLOOP((#3528, #3529, #3530));
#3528 = IFCCARTESIANPOINT((2.1616960144043E-1, -1.90425186157227E-1, -2.77078477665782E-6));
#3529 = IFCCARTESIANPOINT((2.13474395751953E-1, -1.92718383789063E-1, -2.63821566477418E-6));
#3530 = IFCCARTESIANPOINT((2.13668441772461E-1, -1.9226171875E-1, 2.99076962471008E-3));
#3531 = IFCFACEOUTERBOUND(#3527, .T.);
#3532 = IFCFACE((#3531));
#3533 = IFCPOLYLOOP((#3528, #3524, #3519));
#3534 = IFCFACEOUTERBOUND(#3533, .T.);
#3535 = IFCFACE((#3534));
#3536 = IFCPOLYLOOP((#3529, #3537, #3538));
#3537 = IFCCARTESIANPOINT((2.13056442260742E-1, -1.95827255249023E-1, -2.77078477665782E-6));
#3538 = IFCCARTESIANPOINT((2.13074188232422E-1, -1.96544921875E-1, 3.00079154968262E-3));
#3539 = IFCFACEOUTERBOUND(#3536, .T.);
#3540 = IFCFACE((#3539));
#3541 = IFCPOLYLOOP((#3538, #3530, #3529));
#3542 = IFCFACEOUTERBOUND(#3541, .T.);
#3543 = IFCFACE((#3542));
#3544 = IFCPOLYLOOP((#3545, #3507, #3546));
#3545 = IFCCARTESIANPOINT((2.13871047973633E-1, -1.97897994995117E-1, -2.77078477665782E-6));
#3546 = IFCCARTESIANPOINT((2.15503448486328E-1, -1.99410217285156E-1, 2.99722909927368E-3));
#3547 = IFCFACEOUTERBOUND(#3544, .T.);
#3548 = IFCFACE((#3547));
#3549 = IFCPOLYLOOP((#3506, #3546, #3507));
#3550 = IFCFACEOUTERBOUND(#3549, .T.);
#3551 = IFCFACE((#3550));
#3552 = IFCPOLYLOOP((#3545, #3529, #3507));
#3553 = IFCFACEOUTERBOUND(#3552, .T.);
#3554 = IFCFACE((#3553));
#3555 = IFCPOLYLOOP((#3502, #3511, #3492));
#3556 = IFCFACEOUTERBOUND(#3555, .T.);
#3557 = IFCFACE((#3556));
#3558 = IFCPOLYLOOP((#3492, #3511, #3493));
#3559 = IFCFACEOUTERBOUND(#3558, .T.);
#3560 = IFCFACE((#3559));
#3561 = IFCPOLYLOOP((#3528, #3519, #3502));
#3562 = IFCFACEOUTERBOUND(#3561, .T.);
#3563 = IFCFACE((#3562));
#3564 = IFCPOLYLOOP((#3502, #3507, #3528));
#3565 = IFCFACEOUTERBOUND(#3564, .T.);
#3566 = IFCFACE((#3565));
#3567 = IFCPOLYLOOP((#3545, #3537, #3529));
#3568 = IFCFACEOUTERBOUND(#3567, .T.);
#3569 = IFCFACE((#3568));
#3570 = IFCPOLYLOOP((#3507, #3529, #3528));
#3571 = IFCFACEOUTERBOUND(#3570, .T.);
#3572 = IFCFACE((#3571));
#3573 = IFCPOLYLOOP((#3519, #3511, #3502));
#3574 = IFCFACEOUTERBOUND(#3573, .T.);
#3575 = IFCFACE((#3574));
#3576 = IFCPOLYLOOP((#3538, #3546, #3530));
#3577 = IFCFACEOUTERBOUND(#3576, .T.);
#3578 = IFCFACE((#3577));
#3579 = IFCPOLYLOOP((#3520, #3524, #3546));
#3580 = IFCFACEOUTERBOUND(#3579, .T.);
#3581 = IFCFACE((#3580));
#3582 = IFCPOLYLOOP((#3546, #3506, #3520));
#3583 = IFCFACEOUTERBOUND(#3582, .T.);
#3584 = IFCFACE((#3583));
#3585 = IFCPOLYLOOP((#3506, #3498, #3512));
#3586 = IFCFACEOUTERBOUND(#3585, .T.);
#3587 = IFCFACE((#3586));
#3588 = IFCPOLYLOOP((#3546, #3524, #3530));
#3589 = IFCFACEOUTERBOUND(#3588, .T.);
#3590 = IFCFACE((#3589));
#3591 = IFCPOLYLOOP((#3512, #3498, #3494));
#3592 = IFCFACEOUTERBOUND(#3591, .T.);
#3593 = IFCFACE((#3592));
#3594 = IFCPOLYLOOP((#3520, #3506, #3512));
#3595 = IFCFACEOUTERBOUND(#3594, .T.);
#3596 = IFCFACE((#3595));
#3597 = IFCPOLYLOOP((#3502, #3498, #3506));
#3598 = IFCFACEOUTERBOUND(#3597, .T.);
#3599 = IFCFACE((#3598));
#3600 = IFCPOLYLOOP((#3511, #3520, #3512));
#3601 = IFCFACEOUTERBOUND(#3600, .T.);
#3602 = IFCFACE((#3601));
#3603 = IFCPOLYLOOP((#3528, #3530, #3524));
#3604 = IFCFACEOUTERBOUND(#3603, .T.);
#3605 = IFCFACE((#3604));
#3606 = IFCPOLYLOOP((#3545, #3546, #3538));
#3607 = IFCFACEOUTERBOUND(#3606, .T.);
#3608 = IFCFACE((#3607));
#3609 = IFCPOLYLOOP((#3538, #3537, #3545));
#3610 = IFCFACEOUTERBOUND(#3609, .T.);
#3611 = IFCFACE((#3610));
#3612 = IFCSURFACESTYLERENDERING(#3613, 0., #3614, $, $, #3615, #3616, $, .NOTDEFINED.);
#3613 = IFCCOLOURRGB('Surface color', 1.29411771893501E-1, 1.29411771893501E-1, 1.29411771893501E-1);
#3614 = IFCCOLOURRGB('Diffuse color', 1.29411771893501E-1, 1.29411771893501E-1, 1.29411771893501E-1);
#3615 = IFCCOLOURRGB('Reflection color', 1., 1., 1.);
#3616 = IFCCOLOURRGB('Specular color', 1., 1., 1.);
#3617 = IFCSURFACESTYLE('717998d3_494d_4d3d_b52b_8b63dfd99f15', .BOTH., (#3612));
#3618 = IFCPRESENTATIONSTYLEASSIGNMENT((#3617));
#3619 = IFCMATERIAL('717998d3_494d_4d3d_b52b_8b63dfd99f15');
#3620 = IFCSTYLEDITEM($, (#3618), $);
#3621 = IFCSTYLEDREPRESENTATION(#106, 'Body', $, (#3620));
#3622 = IFCMATERIALDEFINITIONREPRESENTATION($, $, (#3621), #3619);
#3623 = IFCCLOSEDSHELL((#3629, #3635, #3639, #3645, #3651, #3657, #3661, #3666, #3672, #3678, #3681, #3685, #3691, #3695, #3701, #3704, #3709, #3713, #3719, #3723, #3728, #3732, #3736, #3739, #3743, #3747, #3750, #3756, #3760, #3764, #3768, #3773, #3776, #3781, #3784, #3789, #3792, #3797, #3800, #3805, #3809, #3813, #3818, #3821, #3825, #3828, #3832, #3835, #3840, #3843, #3847, #3851, #3855, #3858, #3863, #3868, #3872, #3875, #3879, #3882, #3887, #3890, #3893, #3897, #3900, #3904, #3907, #3910, #3913, #3916, #3919, #3922, #3925, #3928, #3931, #3934, #3937, #3940, #3943, #3946, #3949, #3952, #3955, #3958, #3961, #3964, #3967, #3970, #3973, #3976, #3979, #3982, #3986, #3989, #3992, #3997, #4003, #4008, #4012, #4017, #4022, #4025, #4029, #4033, #4036, #4040, #4044, #4048, #4051, #4054, #4058, #4062, #4066, #4070, #4073, #4076, #4081, #4086, #4091, #4095, #4099, #4102, #4105, #4108, #4112, #4115, #4119, #4122, #4125, #4128, #4131, #4134, #4137, #4140, #4143, #4146, #4149, #4152, #4155, #4158, #4161, #4164, #4167, #4170, #4173, #4177, #4180, #4183, #4186, #4189, #4192, #4195, #4198, #4201, #4204, #4207, #4210, #4213, #4216, #4219, #4222, #4225, #4228, #4231, #4234, #4237, #4240, #4243, #4246, #4249, #4252, #4255, #4258, #4261, #4264, #4267, #4270, #4273, #4276, #4279, #4282, #4285, #4288, #4291, #4294, #4297, #4300, #4303, #4306, #4309, #4312, #4315, #4318, #4321, #4324, #4327, #4330, #4333, #4336, #4339, #4342, #4345, #4348, #4351, #4354, #4357, #4360, #4363, #4366, #4369, #4372, #4375, #4378, #4381, #4384, #4387, #4390, #4393, #4396, #4399, #4402, #4405, #4408, #4411, #4414, #4417, #4420, #4423));
#3624 = IFCPOLYLOOP((#3625, #3626, #3627));
#3625 = IFCCARTESIANPOINT((-2.08013793945313E-1, 1.54411727905273E-1, 7.80387268066406E-1));
#3626 = IFCCARTESIANPOINT((-2.07939346313477E-1, 1.59937652587891E-1, 7.7758056640625E-1));
#3627 = IFCCARTESIANPOINT((-2.08140426635742E-1, 1.09851692199707E-1, 6.81844421386719E-1));
#3628 = IFCFACEOUTERBOUND(#3624, .T.);
#3629 = IFCFACE((#3628));
#3630 = IFCPOLYLOOP((#3631, #3632, #3633));
#3631 = IFCCARTESIANPOINT((-1.83268539428711E-1, 1.21093711853027E-1, 6.73491760253906E-1));
#3632 = IFCCARTESIANPOINT((-1.33732498168945E-1, 1.45530456542969E-1, 6.54207458496094E-1));
#3633 = IFCCARTESIANPOINT((-1.78846786499023E-1, 1.16987739562988E-1, 6.74522766113281E-1));
#3634 = IFCFACEOUTERBOUND(#3630, .T.);
#3635 = IFCFACE((#3634));
#3636 = IFCPOLYLOOP((#3633, #3637, #3631));
#3637 = IFCCARTESIANPOINT((-2.08125061035156E-1, 1.15038764953613E-1, 6.79416625976563E-1));
#3638 = IFCFACEOUTERBOUND(#3636, .T.);
#3639 = IFCFACE((#3638));
#3640 = IFCPOLYLOOP((#3641, #3642, #3643));
#3641 = IFCCARTESIANPOINT((2.26428070068359E-2, 1.67984222412109E-1, 6.38140869140625E-1));
#3642 = IFCCARTESIANPOINT((-2.16483745574951E-2, 1.61550979614258E-1, 6.39899780273438E-1));
#3643 = IFCCARTESIANPOINT((-2.97828998565674E-2, 1.6749821472168E-1, 6.38357482910156E-1));
#3644 = IFCFACEOUTERBOUND(#3640, .T.);
#3645 = IFCFACE((#3644));
#3646 = IFCPOLYLOOP((#3647, #3648, #3649));
#3647 = IFCCARTESIANPOINT((4.90365333557129E-2, 1.59799224853516E-1, 6.40991149902344E-1));
#3648 = IFCCARTESIANPOINT((6.71933517456055E-2, 1.6434309387207E-1, 6.4041015625E-1));
#3649 = IFCCARTESIANPOINT((8.41358108520508E-2, 1.55663955688477E-1, 6.44071960449219E-1));
#3650 = IFCFACEOUTERBOUND(#3646, .T.);
#3651 = IFCFACE((#3650));
#3652 = IFCPOLYLOOP((#3653, #3654, #3655));
#3653 = IFCCARTESIANPOINT((2.08102645874023E-1, 1.09925636291504E-1, 6.81710815429688E-1));
#3654 = IFCCARTESIANPOINT((1.79880752563477E-1, 1.16620559692383E-1, 6.74987731933594E-1));
#3655 = IFCCARTESIANPOINT((2.07997741699219E-1, 1.14286827087402E-1, 6.79357238769531E-1));
#3656 = IFCFACEOUTERBOUND(#3652, .T.);
#3657 = IFCFACE((#3656));
#3658 = IFCPOLYLOOP((#3659, #3653, #3655));
#3659 = IFCCARTESIANPOINT((2.08116744995117E-1, 1.36561141967773E-1, 7.25715942382813E-1));
#3660 = IFCFACEOUTERBOUND(#3658, .T.);
#3661 = IFCFACE((#3660));
#3662 = IFCPOLYLOOP((#3663, #3664, #3626));
#3663 = IFCCARTESIANPOINT((-1.94902847290039E-1, 1.58516998291016E-1, 7.82923645019531E-1));
#3664 = IFCCARTESIANPOINT((-1.89995330810547E-1, 1.6694172668457E-1, 7.82459899902344E-1));
#3665 = IFCFACEOUTERBOUND(#3662, .T.);
#3666 = IFCFACE((#3665));
#3667 = IFCPOLYLOOP((#3668, #3669, #3670));
#3668 = IFCCARTESIANPOINT((2.68944816589355E-2, 2.2367431640625E-1, 8.16930053710938E-1));
#3669 = IFCCARTESIANPOINT((-2.82506561279297E-2, 2.27429336547852E-1, 8.11858520507813E-1));
#3670 = IFCCARTESIANPOINT((-2.72106189727783E-2, 2.23556457519531E-1, 8.16958984375E-1));
#3671 = IFCFACEOUTERBOUND(#3667, .T.);
#3672 = IFCFACE((#3671));
#3673 = IFCPOLYLOOP((#3674, #3675, #3676));
#3674 = IFCCARTESIANPOINT((-7.85627975463867E-2, 2.23213790893555E-1, 8.12443786621094E-1));
#3675 = IFCCARTESIANPOINT((-1.07526962280273E-1, 2.10687301635742E-1, 8.14669982910156E-1));
#3676 = IFCCARTESIANPOINT((-6.80396881103516E-2, 2.20455520629883E-1, 8.17145202636719E-1));
#3677 = IFCFACEOUTERBOUND(#3673, .T.);
#3678 = IFCFACE((#3677));
#3679 = IFCPOLYLOOP((#3670, #3669, #3676));
#3680 = IFCFACEOUTERBOUND(#3679, .T.);
#3681 = IFCFACE((#3680));
#3682 = IFCPOLYLOOP((#3683, #3669, #3668));
#3683 = IFCCARTESIANPOINT((4.69509506225586E-2, 2.26489044189453E-1, 8.12100280761719E-1));
#3684 = IFCFACEOUTERBOUND(#3682, .T.);
#3685 = IFCFACE((#3684));
#3686 = IFCPOLYLOOP((#3687, #3688, #3689));
#3687 = IFCCARTESIANPOINT((1.48199493408203E-1, 1.94348541259766E-1, 8.02481262207031E-1));
#3688 = IFCCARTESIANPOINT((1.1346997833252E-1, 2.07976913452148E-1, 8.13479858398438E-1));
#3689 = IFCCARTESIANPOINT((1.38986434936523E-1, 1.94292938232422E-1, 8.078134765625E-1));
#3690 = IFCFACEOUTERBOUND(#3686, .T.);
#3691 = IFCFACE((#3690));
#3692 = IFCPOLYLOOP((#3689, #3693, #3687));
#3693 = IFCCARTESIANPOINT((1.88681945800781E-1, 1.6130224609375E-1, 7.8635546875E-1));
#3694 = IFCFACEOUTERBOUND(#3692, .T.);
#3695 = IFCFACE((#3694));
#3696 = IFCPOLYLOOP((#3697, #3698, #3699));
#3697 = IFCCARTESIANPOINT((7.77907867431641E-2, 2.19099990844727E-1, 8.16930969238281E-1));
#3698 = IFCCARTESIANPOINT((1.10719268798828E-1, 2.14163711547852E-1, 8.10434143066406E-1));
#3699 = IFCCARTESIANPOINT((8.06808395385742E-2, 2.22597213745117E-1, 8.12178771972656E-1));
#3700 = IFCFACEOUTERBOUND(#3696, .T.);
#3701 = IFCFACE((#3700));
#3702 = IFCPOLYLOOP((#3688, #3687, #3698));
#3703 = IFCFACEOUTERBOUND(#3702, .T.);
#3704 = IFCFACE((#3703));
#3705 = IFCPOLYLOOP((#3706, #3693, #3707));
#3706 = IFCCARTESIANPOINT((1.97656875610352E-1, 1.63156402587891E-1, 7.79548950195313E-1));
#3707 = IFCCARTESIANPOINT((2.08014801025391E-1, 1.54525573730469E-1, 7.80379089355469E-1));
#3708 = IFCFACEOUTERBOUND(#3705, .T.);
#3709 = IFCFACE((#3708));
#3710 = IFCPOLYLOOP((#3706, #3711, #3693));
#3711 = IFCCARTESIANPOINT((1.7761311340332E-1, 1.74071762084961E-1, 7.88717712402344E-1));
#3712 = IFCFACEOUTERBOUND(#3710, .T.);
#3713 = IFCFACE((#3712));
#3714 = IFCPOLYLOOP((#3715, #3716, #3717));
#3715 = IFCCARTESIANPOINT((-1.56490570068359E-1, 1.88924270629883E-1, 7.98854614257813E-1));
#3716 = IFCCARTESIANPOINT((-1.73753845214844E-1, 1.71325210571289E-1, 7.93622741699219E-1));
#3717 = IFCCARTESIANPOINT((-1.37843170166016E-1, 1.94840850830078E-1, 8.07968566894531E-1));
#3718 = IFCFACEOUTERBOUND(#3714, .T.);
#3719 = IFCFACE((#3718));
#3720 = IFCPOLYLOOP((#3659, #3655, #3721));
#3721 = IFCCARTESIANPOINT((1.82697708129883E-1, 1.41051193237305E-1, 7.14876403808594E-1));
#3722 = IFCFACEOUTERBOUND(#3720, .T.);
#3723 = IFCFACE((#3722));
#3724 = IFCPOLYLOOP((#3721, #3725, #3726));
#3725 = IFCCARTESIANPOINT((1.40789352416992E-1, 1.50213348388672E-1, 6.79096069335938E-1));
#3726 = IFCCARTESIANPOINT((1.31291854858398E-1, 1.65358947753906E-1, 7.04960083007813E-1));
#3727 = IFCFACEOUTERBOUND(#3724, .T.);
#3728 = IFCFACE((#3727));
#3729 = IFCPOLYLOOP((#3726, #3730, #3721));
#3730 = IFCCARTESIANPOINT((1.71846206665039E-1, 1.589072265625E-1, 7.43717590332031E-1));
#3731 = IFCFACEOUTERBOUND(#3729, .T.);
#3732 = IFCFACE((#3731));
#3733 = IFCPOLYLOOP((#3711, #3730, #3734));
#3734 = IFCCARTESIANPOINT((1.32216033935547E-1, 1.86367446899414E-1, 7.64200744628906E-1));
#3735 = IFCFACEOUTERBOUND(#3733, .T.);
#3736 = IFCFACE((#3735));
#3737 = IFCPOLYLOOP((#3734, #3687, #3711));
#3738 = IFCFACEOUTERBOUND(#3737, .T.);
#3739 = IFCFACE((#3738));
#3740 = IFCPOLYLOOP((#3659, #3721, #3741));
#3741 = IFCCARTESIANPOINT((2.0796662902832E-1, 1.59953140258789E-1, 7.77830871582031E-1));
#3742 = IFCFACEOUTERBOUND(#3740, .T.);
#3743 = IFCFACE((#3742));
#3744 = IFCPOLYLOOP((#3725, #3745, #3726));
#3745 = IFCCARTESIANPOINT((1.31283157348633E-1, 1.46719650268555E-1, 6.53269714355469E-1));
#3746 = IFCFACEOUTERBOUND(#3744, .T.);
#3747 = IFCFACE((#3746));
#3748 = IFCPOLYLOOP((#3741, #3721, #3706));
#3749 = IFCFACEOUTERBOUND(#3748, .T.);
#3750 = IFCFACE((#3749));
#3751 = IFCPOLYLOOP((#3752, #3753, #3754));
#3752 = IFCCARTESIANPOINT((1.17153839111328E-1, 2.00151397705078E-1, 8.04107116699219E-1));
#3753 = IFCCARTESIANPOINT((8.49306182861328E-2, 2.05507949829102E-1, 8.01929077148438E-1));
#3754 = IFCCARTESIANPOINT((8.49305419921875E-2, 1.97081085205078E-1, 7.80155822753906E-1));
#3755 = IFCFACEOUTERBOUND(#3751, .T.);
#3756 = IFCFACE((#3755));
#3757 = IFCPOLYLOOP((#3754, #3758, #3752));
#3758 = IFCCARTESIANPOINT((1.18834526062012E-1, 1.89583267211914E-1, 7.78321838378906E-1));
#3759 = IFCFACEOUTERBOUND(#3757, .T.);
#3760 = IFCFACE((#3759));
#3761 = IFCPOLYLOOP((#3762, #3754, #3753));
#3762 = IFCCARTESIANPOINT((5.11286964416504E-2, 1.98760162353516E-1, 7.79518310546875E-1));
#3763 = IFCFACEOUTERBOUND(#3761, .T.);
#3764 = IFCFACE((#3763));
#3765 = IFCPOLYLOOP((#3753, #3766, #3762));
#3766 = IFCCARTESIANPOINT((5.11288185119629E-2, 2.07710372924805E-1, 8.01054504394531E-1));
#3767 = IFCFACEOUTERBOUND(#3765, .T.);
#3768 = IFCFACE((#3767));
#3769 = IFCPOLYLOOP((#3770, #3771, #3762));
#3770 = IFCCARTESIANPOINT((2.30621838569641E-3, 2.08558532714844E-1, 8.00549072265625E-1));
#3771 = IFCCARTESIANPOINT((-3.79624158143997E-4, 1.98902359008789E-1, 7.78498352050781E-1));
#3772 = IFCFACEOUTERBOUND(#3769, .T.);
#3773 = IFCFACE((#3772));
#3774 = IFCPOLYLOOP((#3762, #3766, #3770));
#3775 = IFCFACEOUTERBOUND(#3774, .T.);
#3776 = IFCFACE((#3775));
#3777 = IFCPOLYLOOP((#3778, #3779, #3771));
#3778 = IFCCARTESIANPOINT((-5.12491645812988E-2, 2.07705047607422E-1, 8.01057434082031E-1));
#3779 = IFCCARTESIANPOINT((-5.12492866516113E-2, 1.98757186889648E-1, 7.79519775390625E-1));
#3780 = IFCFACEOUTERBOUND(#3777, .T.);
#3781 = IFCFACE((#3780));
#3782 = IFCPOLYLOOP((#3771, #3770, #3778));
#3783 = IFCFACEOUTERBOUND(#3782, .T.);
#3784 = IFCFACE((#3783));
#3785 = IFCPOLYLOOP((#3786, #3787, #3779));
#3786 = IFCCARTESIANPOINT((-8.50319900512695E-2, 2.05495712280273E-1, 8.01935668945313E-1));
#3787 = IFCCARTESIANPOINT((-8.50320587158203E-2, 1.97067489624023E-1, 7.80162719726563E-1));
#3788 = IFCFACEOUTERBOUND(#3785, .T.);
#3789 = IFCFACE((#3788));
#3790 = IFCPOLYLOOP((#3779, #3778, #3786));
#3791 = IFCFACEOUTERBOUND(#3790, .T.);
#3792 = IFCFACE((#3791));
#3793 = IFCPOLYLOOP((#3794, #3795, #3787));
#3794 = IFCCARTESIANPOINT((-1.17176132202148E-1, 2.00147399902344E-1, 8.041103515625E-1));
#3795 = IFCCARTESIANPOINT((-1.18939567565918E-1, 1.8949919128418E-1, 7.78212097167969E-1));
#3796 = IFCFACEOUTERBOUND(#3793, .T.);
#3797 = IFCFACE((#3796));
#3798 = IFCPOLYLOOP((#3787, #3786, #3794));
#3799 = IFCFACEOUTERBOUND(#3798, .T.);
#3800 = IFCFACE((#3799));
#3801 = IFCPOLYLOOP((#3802, #3803, #3693));
#3802 = IFCCARTESIANPOINT((1.51034133911133E-1, 1.72710662841797E-1, 7.71828430175781E-1));
#3803 = IFCCARTESIANPOINT((1.76319854736328E-1, 1.58475616455078E-1, 7.68583129882813E-1));
#3804 = IFCFACEOUTERBOUND(#3801, .T.);
#3805 = IFCFACE((#3804));
#3806 = IFCPOLYLOOP((#3754, #3807, #3758));
#3807 = IFCCARTESIANPOINT((8.47884063720703E-2, 1.8726481628418E-1, 7.46779602050781E-1));
#3808 = IFCFACEOUTERBOUND(#3806, .T.);
#3809 = IFCFACE((#3808));
#3810 = IFCPOLYLOOP((#3762, #3811, #3807));
#3811 = IFCCARTESIANPOINT((5.16691093444824E-2, 1.82573959350586E-1, 7.21571838378906E-1));
#3812 = IFCFACEOUTERBOUND(#3810, .T.);
#3813 = IFCFACE((#3812));
#3814 = IFCPOLYLOOP((#3815, #3816, #3779));
#3815 = IFCCARTESIANPOINT((-8.48896484375E-2, 1.87249969482422E-1, 7.46777648925781E-1));
#3816 = IFCCARTESIANPOINT((-5.18242797851563E-2, 1.82584228515625E-1, 7.21627075195313E-1));
#3817 = IFCFACEOUTERBOUND(#3814, .T.);
#3818 = IFCFACE((#3817));
#3819 = IFCPOLYLOOP((#3795, #3815, #3787));
#3820 = IFCFACEOUTERBOUND(#3819, .T.);
#3821 = IFCFACE((#3820));
#3822 = IFCPOLYLOOP((#3803, #3802, #3823));
#3823 = IFCCARTESIANPOINT((1.47133041381836E-1, 1.62559524536133E-1, 7.41453308105469E-1));
#3824 = IFCFACEOUTERBOUND(#3822, .T.);
#3825 = IFCFACE((#3824));
#3826 = IFCPOLYLOOP((#3823, #3802, #3758));
#3827 = IFCFACEOUTERBOUND(#3826, .T.);
#3828 = IFCFACE((#3827));
#3829 = IFCPOLYLOOP((#3771, #3816, #3830));
#3830 = IFCCARTESIANPOINT((-1.72525672912598E-2, 1.7494660949707E-1, 6.89919738769531E-1));
#3831 = IFCFACEOUTERBOUND(#3829, .T.);
#3832 = IFCFACE((#3831));
#3833 = IFCPOLYLOOP((#3830, #3811, #3771));
#3834 = IFCFACEOUTERBOUND(#3833, .T.);
#3835 = IFCFACE((#3834));
#3836 = IFCPOLYLOOP((#3837, #3838, #3795));
#3837 = IFCCARTESIANPOINT((-1.51178009033203E-1, 1.6574446105957E-1, 7.55328857421875E-1));
#3838 = IFCCARTESIANPOINT((-1.17261161804199E-1, 1.71441528320313E-1, 7.2414208984375E-1));
#3839 = IFCFACEOUTERBOUND(#3836, .T.);
#3840 = IFCFACE((#3839));
#3841 = IFCPOLYLOOP((#3654, #3803, #3823));
#3842 = IFCFACEOUTERBOUND(#3841, .T.);
#3843 = IFCFACE((#3842));
#3844 = IFCPOLYLOOP((#3758, #3845, #3823));
#3845 = IFCCARTESIANPOINT((1.17153816223145E-1, 1.67702621459961E-1, 7.12953918457031E-1));
#3846 = IFCFACEOUTERBOUND(#3844, .T.);
#3847 = IFCFACE((#3846));
#3848 = IFCPOLYLOOP((#3807, #3849, #3845));
#3849 = IFCCARTESIANPOINT((8.51613922119141E-2, 1.71097793579102E-1, 6.95082946777344E-1));
#3850 = IFCFACEOUTERBOUND(#3848, .T.);
#3851 = IFCFACE((#3850));
#3852 = IFCPOLYLOOP((#3815, #3853, #3816));
#3853 = IFCCARTESIANPOINT((-8.5257568359375E-2, 1.71055816650391E-1, 6.95011108398438E-1));
#3854 = IFCFACEOUTERBOUND(#3852, .T.);
#3855 = IFCFACE((#3854));
#3856 = IFCPOLYLOOP((#3838, #3853, #3815));
#3857 = IFCFACEOUTERBOUND(#3856, .T.);
#3858 = IFCFACE((#3857));
#3859 = IFCPOLYLOOP((#3837, #3860, #3861));
#3860 = IFCCARTESIANPOINT((-1.76469009399414E-1, 1.58212173461914E-1, 7.68113159179688E-1));
#3861 = IFCCARTESIANPOINT((-1.76899566650391E-1, 1.31610900878906E-1, 7.07269226074219E-1));
#3862 = IFCFACEOUTERBOUND(#3859, .T.);
#3863 = IFCFACE((#3862));
#3864 = IFCPOLYLOOP((#3845, #3865, #3866));
#3865 = IFCCARTESIANPOINT((1.17879989624023E-1, 1.46375671386719E-1, 6.50873413085938E-1));
#3866 = IFCCARTESIANPOINT((1.46650466918945E-1, 1.38838821411133E-1, 6.79047607421875E-1));
#3867 = IFCFACEOUTERBOUND(#3864, .T.);
#3868 = IFCFACE((#3867));
#3869 = IFCPOLYLOOP((#3870, #3647, #3849));
#3870 = IFCCARTESIANPOINT((1.69063186645508E-2, 1.74937942504883E-1, 6.8985693359375E-1));
#3871 = IFCFACEOUTERBOUND(#3869, .T.);
#3872 = IFCFACE((#3871));
#3873 = IFCPOLYLOOP((#3849, #3811, #3870));
#3874 = IFCFACEOUTERBOUND(#3873, .T.);
#3875 = IFCFACE((#3874));
#3876 = IFCPOLYLOOP((#3816, #3853, #3877));
#3877 = IFCCARTESIANPOINT((-5.09924736022949E-2, 1.68058242797852E-1, 6.707724609375E-1));
#3878 = IFCFACEOUTERBOUND(#3876, .T.);
#3879 = IFCFACE((#3878));
#3880 = IFCPOLYLOOP((#3877, #3830, #3816));
#3881 = IFCFACEOUTERBOUND(#3880, .T.);
#3882 = IFCFACE((#3881));
#3883 = IFCPOLYLOOP((#3884, #3885, #3838));
#3884 = IFCCARTESIANPOINT((-1.47713287353516E-1, 1.38974243164063E-1, 6.80879638671875E-1));
#3885 = IFCCARTESIANPOINT((-1.18104133605957E-1, 1.46314102172852E-1, 6.51048400878906E-1));
#3886 = IFCFACEOUTERBOUND(#3883, .T.);
#3887 = IFCFACE((#3886));
#3888 = IFCPOLYLOOP((#3849, #3649, #3865));
#3889 = IFCFACEOUTERBOUND(#3888, .T.);
#3890 = IFCFACE((#3889));
#3891 = IFCPOLYLOOP((#3649, #3849, #3647));
#3892 = IFCFACEOUTERBOUND(#3891, .T.);
#3893 = IFCFACE((#3892));
#3894 = IFCPOLYLOOP((#3830, #3642, #3895));
#3895 = IFCCARTESIANPOINT((2.11383743286133E-2, 1.61536743164063E-1, 6.39906188964844E-1));
#3896 = IFCFACEOUTERBOUND(#3894, .T.);
#3897 = IFCFACE((#3896));
#3898 = IFCPOLYLOOP((#3895, #3870, #3830));
#3899 = IFCFACEOUTERBOUND(#3898, .T.);
#3900 = IFCFACE((#3899));
#3901 = IFCPOLYLOOP((#3885, #3902, #3853));
#3902 = IFCCARTESIANPOINT((-8.61527633666992E-2, 1.55290573120117E-1, 6.44360168457031E-1));
#3903 = IFCFACEOUTERBOUND(#3901, .T.);
#3904 = IFCFACE((#3903));
#3905 = IFCPOLYLOOP((#3697, #3753, #3688));
#3906 = IFCFACEOUTERBOUND(#3905, .T.);
#3907 = IFCFACE((#3906));
#3908 = IFCPOLYLOOP((#3688, #3752, #3689));
#3909 = IFCFACEOUTERBOUND(#3908, .T.);
#3910 = IFCFACE((#3909));
#3911 = IFCPOLYLOOP((#3753, #3752, #3688));
#3912 = IFCFACEOUTERBOUND(#3911, .T.);
#3913 = IFCFACE((#3912));
#3914 = IFCPOLYLOOP((#3752, #3758, #3689));
#3915 = IFCFACEOUTERBOUND(#3914, .T.);
#3916 = IFCFACE((#3915));
#3917 = IFCPOLYLOOP((#3668, #3766, #3697));
#3918 = IFCFACEOUTERBOUND(#3917, .T.);
#3919 = IFCFACE((#3918));
#3920 = IFCPOLYLOOP((#3697, #3766, #3753));
#3921 = IFCFACEOUTERBOUND(#3920, .T.);
#3922 = IFCFACE((#3921));
#3923 = IFCPOLYLOOP((#3803, #3653, #3707));
#3924 = IFCFACEOUTERBOUND(#3923, .T.);
#3925 = IFCFACE((#3924));
#3926 = IFCPOLYLOOP((#3803, #3707, #3693));
#3927 = IFCFACEOUTERBOUND(#3926, .T.);
#3928 = IFCFACE((#3927));
#3929 = IFCPOLYLOOP((#3653, #3803, #3654));
#3930 = IFCFACEOUTERBOUND(#3929, .T.);
#3931 = IFCFACE((#3930));
#3932 = IFCPOLYLOOP((#3689, #3802, #3693));
#3933 = IFCFACEOUTERBOUND(#3932, .T.);
#3934 = IFCFACE((#3933));
#3935 = IFCPOLYLOOP((#3758, #3802, #3689));
#3936 = IFCFACEOUTERBOUND(#3935, .T.);
#3937 = IFCFACE((#3936));
#3938 = IFCPOLYLOOP((#3668, #3770, #3766));
#3939 = IFCFACEOUTERBOUND(#3938, .T.);
#3940 = IFCFACE((#3939));
#3941 = IFCPOLYLOOP((#3676, #3778, #3670));
#3942 = IFCFACEOUTERBOUND(#3941, .T.);
#3943 = IFCFACE((#3942));
#3944 = IFCPOLYLOOP((#3778, #3770, #3670));
#3945 = IFCFACEOUTERBOUND(#3944, .T.);
#3946 = IFCFACE((#3945));
#3947 = IFCPOLYLOOP((#3675, #3786, #3676));
#3948 = IFCFACEOUTERBOUND(#3947, .T.);
#3949 = IFCFACE((#3948));
#3950 = IFCPOLYLOOP((#3794, #3675, #3717));
#3951 = IFCFACEOUTERBOUND(#3950, .T.);
#3952 = IFCFACE((#3951));
#3953 = IFCPOLYLOOP((#3676, #3786, #3778));
#3954 = IFCFACEOUTERBOUND(#3953, .T.);
#3955 = IFCFACE((#3954));
#3956 = IFCPOLYLOOP((#3837, #3795, #3717));
#3957 = IFCFACEOUTERBOUND(#3956, .T.);
#3958 = IFCFACE((#3957));
#3959 = IFCPOLYLOOP((#3717, #3716, #3837));
#3960 = IFCFACEOUTERBOUND(#3959, .T.);
#3961 = IFCFACE((#3960));
#3962 = IFCPOLYLOOP((#3794, #3717, #3795));
#3963 = IFCFACEOUTERBOUND(#3962, .T.);
#3964 = IFCFACE((#3963));
#3965 = IFCPOLYLOOP((#3675, #3794, #3786));
#3966 = IFCFACEOUTERBOUND(#3965, .T.);
#3967 = IFCFACE((#3966));
#3968 = IFCPOLYLOOP((#3716, #3860, #3837));
#3969 = IFCFACEOUTERBOUND(#3968, .T.);
#3970 = IFCFACE((#3969));
#3971 = IFCPOLYLOOP((#3860, #3716, #3663));
#3972 = IFCFACEOUTERBOUND(#3971, .T.);
#3973 = IFCFACE((#3972));
#3974 = IFCPOLYLOOP((#3625, #3627, #3860));
#3975 = IFCFACEOUTERBOUND(#3974, .T.);
#3976 = IFCFACE((#3975));
#3977 = IFCPOLYLOOP((#3860, #3663, #3625));
#3978 = IFCFACEOUTERBOUND(#3977, .T.);
#3979 = IFCFACE((#3978));
#3980 = IFCPOLYLOOP((#3654, #3866, #3865));
#3981 = IFCFACEOUTERBOUND(#3980, .T.);
#3982 = IFCFACE((#3981));
#3983 = IFCPOLYLOOP((#3877, #3902, #3984));
#3984 = IFCCARTESIANPOINT((-6.20060005187988E-2, 1.58648544311523E-1, 6.4169921875E-1));
#3985 = IFCFACEOUTERBOUND(#3983, .T.);
#3986 = IFCFACE((#3985));
#3987 = IFCPOLYLOOP((#3633, #3885, #3884));
#3988 = IFCFACEOUTERBOUND(#3987, .T.);
#3989 = IFCFACE((#3988));
#3990 = IFCPOLYLOOP((#3984, #3642, #3877));
#3991 = IFCFACEOUTERBOUND(#3990, .T.);
#3992 = IFCFACE((#3991));
#3993 = IFCPOLYLOOP((#3994, #3995, #3643));
#3994 = IFCCARTESIANPOINT((-7.89503173828125E-2, 1.63000869750977E-1, 6.41468139648438E-1));
#3995 = IFCCARTESIANPOINT((-8.03460693359375E-2, 1.73617294311523E-1, 6.79172058105469E-1));
#3996 = IFCFACEOUTERBOUND(#3993, .T.);
#3997 = IFCFACE((#3996));
#3998 = IFCPOLYLOOP((#3999, #4000, #4001));
#3999 = IFCCARTESIANPOINT((-9.60297088623047E-2, 1.82837127685547E-1, 7.19148986816406E-1));
#4000 = IFCCARTESIANPOINT((-9.42427749633789E-2, 2.07810623168945E-1, 7.94870483398438E-1));
#4001 = IFCCARTESIANPOINT((-6.97323608398438E-2, 2.02444259643555E-1, 7.70768188476563E-1));
#4002 = IFCFACEOUTERBOUND(#3998, .T.);
#4003 = IFCFACE((#4002));
#4004 = IFCPOLYLOOP((#4005, #4006, #3999));
#4005 = IFCCARTESIANPOINT((-1.30001281738281E-1, 1.9772087097168E-1, 7.93580505371094E-1));
#4006 = IFCCARTESIANPOINT((-1.12950187683105E-1, 2.04293655395508E-1, 7.95959838867188E-1));
#4007 = IFCFACEOUTERBOUND(#4004, .T.);
#4008 = IFCFACE((#4007));
#4009 = IFCPOLYLOOP((#3999, #4010, #4005));
#4010 = IFCCARTESIANPOINT((-1.11410507202148E-1, 1.77485122680664E-1, 7.15468872070313E-1));
#4011 = IFCFACEOUTERBOUND(#4009, .T.);
#4012 = IFCFACE((#4011));
#4013 = IFCPOLYLOOP((#4014, #4001, #4015));
#4014 = IFCCARTESIANPOINT((1.26064233779907E-2, 2.05699310302734E-1, 7.78191528320313E-1));
#4015 = IFCCARTESIANPOINT((-5.48406898975372E-4, 2.11840698242188E-1, 7.94074768066406E-1));
#4016 = IFCFACEOUTERBOUND(#4013, .T.);
#4017 = IFCFACE((#4016));
#4018 = IFCPOLYLOOP((#3643, #4019, #4020));
#4019 = IFCCARTESIANPOINT((-3.3692081451416E-2, 1.84486694335938E-1, 7.01987670898438E-1));
#4020 = IFCCARTESIANPOINT((3.30070152282715E-2, 1.81714828491211E-1, 6.91796264648438E-1));
#4021 = IFCFACEOUTERBOUND(#4018, .T.);
#4022 = IFCFACE((#4021));
#4023 = IFCPOLYLOOP((#4020, #3641, #3643));
#4024 = IFCFACEOUTERBOUND(#4023, .T.);
#4025 = IFCFACE((#4024));
#4026 = IFCPOLYLOOP((#3994, #4027, #3995));
#4027 = IFCCARTESIANPOINT((-1.11311302185059E-1, 1.54733047485352E-1, 6.47487854003906E-1));
#4028 = IFCFACEOUTERBOUND(#4026, .T.);
#4029 = IFCFACE((#4028));
#4030 = IFCPOLYLOOP((#4010, #4027, #4031));
#4031 = IFCCARTESIANPOINT((-1.26613960266113E-1, 1.65329818725586E-1, 6.98713500976563E-1));
#4032 = IFCFACEOUTERBOUND(#4030, .T.);
#4033 = IFCFACE((#4032));
#4034 = IFCPOLYLOOP((#4031, #4027, #3632));
#4035 = IFCFACEOUTERBOUND(#4034, .T.);
#4036 = IFCFACE((#4035));
#4037 = IFCPOLYLOOP((#4010, #4031, #4038));
#4038 = IFCCARTESIANPOINT((-1.72589721679688E-1, 1.56505249023438E-1, 7.39173278808594E-1));
#4039 = IFCFACEOUTERBOUND(#4037, .T.);
#4040 = IFCFACE((#4039));
#4041 = IFCPOLYLOOP((#4038, #4042, #4010));
#4042 = IFCCARTESIANPOINT((-1.3842366027832E-1, 1.83828125E-1, 7.65399475097656E-1));
#4043 = IFCFACEOUTERBOUND(#4041, .T.);
#4044 = IFCFACE((#4043));
#4045 = IFCPOLYLOOP((#3674, #3669, #4046));
#4046 = IFCCARTESIANPOINT((-5.87629623413086E-2, 2.11093032836914E-1, 7.94739501953125E-1));
#4047 = IFCFACEOUTERBOUND(#4045, .T.);
#4048 = IFCFACE((#4047));
#4049 = IFCPOLYLOOP((#4015, #4046, #3669));
#4050 = IFCFACEOUTERBOUND(#4049, .T.);
#4051 = IFCFACE((#4050));
#4052 = IFCPOLYLOOP((#4046, #4000, #3674));
#4053 = IFCFACEOUTERBOUND(#4052, .T.);
#4054 = IFCFACE((#4053));
#4055 = IFCPOLYLOOP((#3674, #4000, #4056));
#4056 = IFCCARTESIANPOINT((-1.17907699584961E-1, 2.11563079833984E-1, 8.09689880371094E-1));
#4057 = IFCFACEOUTERBOUND(#4055, .T.);
#4058 = IFCFACE((#4057));
#4059 = IFCPOLYLOOP((#4038, #4060, #4042));
#4060 = IFCCARTESIANPOINT((-1.75234222412109E-1, 1.68990051269531E-1, 7.74007080078125E-1));
#4061 = IFCFACEOUTERBOUND(#4059, .T.);
#4062 = IFCFACE((#4061));
#4063 = IFCPOLYLOOP((#3637, #3626, #4064));
#4064 = IFCCARTESIANPOINT((-1.82081268310547E-1, 1.42215774536133E-1, 7.16990966796875E-1));
#4065 = IFCFACEOUTERBOUND(#4063, .T.);
#4066 = IFCFACE((#4065));
#4067 = IFCPOLYLOOP((#3632, #4068, #4031));
#4068 = IFCCARTESIANPOINT((-1.45662368774414E-1, 1.47637557983398E-1, 6.80895080566406E-1));
#4069 = IFCFACEOUTERBOUND(#4067, .T.);
#4070 = IFCFACE((#4069));
#4071 = IFCPOLYLOOP((#3664, #3715, #4060));
#4072 = IFCFACEOUTERBOUND(#4071, .T.);
#4073 = IFCFACE((#4072));
#4074 = IFCPOLYLOOP((#4056, #4005, #3715));
#4075 = IFCFACEOUTERBOUND(#4074, .T.);
#4076 = IFCFACE((#4075));
#4077 = IFCPOLYLOOP((#3648, #4078, #4079));
#4078 = IFCCARTESIANPOINT((5.6635669708252E-2, 1.82618789672852E-1, 7.00111938476563E-1));
#4079 = IFCCARTESIANPOINT((9.694482421875E-2, 1.83538818359375E-1, 7.22110717773438E-1));
#4080 = IFCFACEOUTERBOUND(#4077, .T.);
#4081 = IFCFACE((#4080));
#4082 = IFCPOLYLOOP((#4079, #4083, #4084));
#4083 = IFCCARTESIANPOINT((1.17814819335938E-1, 2.02439758300781E-1, 7.94557312011719E-1));
#4084 = IFCCARTESIANPOINT((1.12841255187988E-1, 1.71043746948242E-1, 6.98402648925781E-1));
#4085 = IFCFACEOUTERBOUND(#4082, .T.);
#4086 = IFCFACE((#4085));
#4087 = IFCPOLYLOOP((#4088, #4089, #4083));
#4088 = IFCCARTESIANPOINT((8.71249847412109E-2, 1.94912261962891E-1, 7.5252099609375E-1));
#4089 = IFCCARTESIANPOINT((9.14315414428711E-2, 2.08425842285156E-1, 7.95164611816406E-1));
#4090 = IFCFACEOUTERBOUND(#4087, .T.);
#4091 = IFCFACE((#4090));
#4092 = IFCPOLYLOOP((#4088, #4093, #4089));
#4093 = IFCCARTESIANPOINT((6.64707412719727E-2, 2.01470840454102E-1, 7.67870483398438E-1));
#4094 = IFCFACEOUTERBOUND(#4092, .T.);
#4095 = IFCFACE((#4094));
#4096 = IFCPOLYLOOP((#4097, #4084, #3745));
#4097 = IFCCARTESIANPOINT((1.02685157775879E-1, 1.57651321411133E-1, 6.45368896484375E-1));
#4098 = IFCFACEOUTERBOUND(#4096, .T.);
#4099 = IFCFACE((#4098));
#4100 = IFCPOLYLOOP((#3734, #3726, #4083));
#4101 = IFCFACEOUTERBOUND(#4100, .T.);
#4102 = IFCFACE((#4101));
#4103 = IFCPOLYLOOP((#3648, #3641, #4020));
#4104 = IFCFACEOUTERBOUND(#4103, .T.);
#4105 = IFCFACE((#4104));
#4106 = IFCPOLYLOOP((#4020, #4078, #3648));
#4107 = IFCFACEOUTERBOUND(#4106, .T.);
#4108 = IFCFACE((#4107));
#4109 = IFCPOLYLOOP((#4019, #4110, #4020));
#4110 = IFCCARTESIANPOINT((1.0751880645752E-2, 1.88239364624023E-1, 7.13475952148438E-1));
#4111 = IFCFACEOUTERBOUND(#4109, .T.);
#4112 = IFCFACE((#4111));
#4113 = IFCPOLYLOOP((#3698, #3687, #4083));
#4114 = IFCFACEOUTERBOUND(#4113, .T.);
#4115 = IFCFACE((#4114));
#4116 = IFCPOLYLOOP((#3683, #4117, #4015));
#4117 = IFCCARTESIANPOINT((5.7794921875E-2, 2.11025009155273E-1, 7.94480651855469E-1));
#4118 = IFCFACEOUTERBOUND(#4116, .T.);
#4119 = IFCFACE((#4118));
#4120 = IFCPOLYLOOP((#3643, #3642, #3984));
#4121 = IFCFACEOUTERBOUND(#4120, .T.);
#4122 = IFCFACE((#4121));
#4123 = IFCPOLYLOOP((#4097, #3865, #3649));
#4124 = IFCFACEOUTERBOUND(#4123, .T.);
#4125 = IFCFACE((#4124));
#4126 = IFCPOLYLOOP((#3895, #3641, #3647));
#4127 = IFCFACEOUTERBOUND(#4126, .T.);
#4128 = IFCFACE((#4127));
#4129 = IFCPOLYLOOP((#3627, #3637, #3633));
#4130 = IFCFACEOUTERBOUND(#4129, .T.);
#4131 = IFCFACE((#4130));
#4132 = IFCPOLYLOOP((#4097, #3649, #3648));
#4133 = IFCFACEOUTERBOUND(#4132, .T.);
#4134 = IFCFACE((#4133));
#4135 = IFCPOLYLOOP((#3653, #3659, #3707));
#4136 = IFCFACEOUTERBOUND(#4135, .T.);
#4137 = IFCFACE((#4136));
#4138 = IFCPOLYLOOP((#3865, #3745, #3654));
#4139 = IFCFACEOUTERBOUND(#4138, .T.);
#4140 = IFCFACE((#4139));
#4141 = IFCPOLYLOOP((#3885, #4027, #3902));
#4142 = IFCFACEOUTERBOUND(#4141, .T.);
#4143 = IFCFACE((#4142));
#4144 = IFCPOLYLOOP((#3994, #3984, #3902));
#4145 = IFCFACEOUTERBOUND(#4144, .T.);
#4146 = IFCFACE((#4145));
#4147 = IFCPOLYLOOP((#3642, #3641, #3895));
#4148 = IFCFACEOUTERBOUND(#4147, .T.);
#4149 = IFCFACE((#4148));
#4150 = IFCPOLYLOOP((#3994, #3902, #4027));
#4151 = IFCFACEOUTERBOUND(#4150, .T.);
#4152 = IFCFACE((#4151));
#4153 = IFCPOLYLOOP((#4056, #3717, #3675));
#4154 = IFCFACEOUTERBOUND(#4153, .T.);
#4155 = IFCFACE((#4154));
#4156 = IFCPOLYLOOP((#4056, #3675, #3674));
#4157 = IFCFACEOUTERBOUND(#4156, .T.);
#4158 = IFCFACE((#4157));
#4159 = IFCPOLYLOOP((#3674, #3676, #3669));
#4160 = IFCFACEOUTERBOUND(#4159, .T.);
#4161 = IFCFACE((#4160));
#4162 = IFCPOLYLOOP((#3687, #3693, #3711));
#4163 = IFCFACEOUTERBOUND(#4162, .T.);
#4164 = IFCFACE((#4163));
#4165 = IFCPOLYLOOP((#3697, #3699, #3683));
#4166 = IFCFACEOUTERBOUND(#4165, .T.);
#4167 = IFCFACE((#4166));
#4168 = IFCPOLYLOOP((#3688, #3698, #3697));
#4169 = IFCFACEOUTERBOUND(#4168, .T.);
#4170 = IFCFACE((#4169));
#4171 = IFCPOLYLOOP((#3664, #3716, #3715));
#4172 = IFCFACEOUTERBOUND(#4171, .T.);
#4173 = IFCFACE((#4172));
#4174 = IFCPOLYLOOP((#3725, #4175, #3745));
#4175 = IFCCARTESIANPOINT((1.83327926635742E-1, 1.21129005432129E-1, 6.73432678222656E-1));
#4176 = IFCFACEOUTERBOUND(#4174, .T.);
#4177 = IFCFACE((#4176));
#4178 = IFCPOLYLOOP((#3631, #4068, #3632));
#4179 = IFCFACEOUTERBOUND(#4178, .T.);
#4180 = IFCFACE((#4179));
#4181 = IFCPOLYLOOP((#3745, #3865, #4097));
#4182 = IFCFACEOUTERBOUND(#4181, .T.);
#4183 = IFCFACE((#4182));
#4184 = IFCPOLYLOOP((#3663, #3626, #3625));
#4185 = IFCFACEOUTERBOUND(#4184, .T.);
#4186 = IFCFACE((#4185));
#4187 = IFCPOLYLOOP((#3716, #3664, #3663));
#4188 = IFCFACEOUTERBOUND(#4187, .T.);
#4189 = IFCFACE((#4188));
#4190 = IFCPOLYLOOP((#3697, #3683, #3668));
#4191 = IFCFACEOUTERBOUND(#4190, .T.);
#4192 = IFCFACE((#4191));
#4193 = IFCPOLYLOOP((#3715, #3717, #4056));
#4194 = IFCFACEOUTERBOUND(#4193, .T.);
#4195 = IFCFACE((#4194));
#4196 = IFCPOLYLOOP((#4056, #4006, #4005));
#4197 = IFCFACEOUTERBOUND(#4196, .T.);
#4198 = IFCFACE((#4197));
#4199 = IFCPOLYLOOP((#3643, #3984, #3994));
#4200 = IFCFACEOUTERBOUND(#4199, .T.);
#4201 = IFCFACE((#4200));
#4202 = IFCPOLYLOOP((#3654, #4175, #3655));
#4203 = IFCFACEOUTERBOUND(#4202, .T.);
#4204 = IFCFACE((#4203));
#4205 = IFCPOLYLOOP((#4078, #4020, #4110));
#4206 = IFCFACEOUTERBOUND(#4205, .T.);
#4207 = IFCFACE((#4206));
#4208 = IFCPOLYLOOP((#4089, #3699, #3698));
#4209 = IFCFACEOUTERBOUND(#4208, .T.);
#4210 = IFCFACE((#4209));
#4211 = IFCPOLYLOOP((#4117, #3699, #4089));
#4212 = IFCFACEOUTERBOUND(#4211, .T.);
#4213 = IFCFACE((#4212));
#4214 = IFCPOLYLOOP((#3641, #3648, #3647));
#4215 = IFCFACEOUTERBOUND(#4214, .T.);
#4216 = IFCFACE((#4215));
#4217 = IFCPOLYLOOP((#3726, #3734, #3730));
#4218 = IFCFACEOUTERBOUND(#4217, .T.);
#4219 = IFCFACE((#4218));
#4220 = IFCPOLYLOOP((#3706, #3721, #3730));
#4221 = IFCFACEOUTERBOUND(#4220, .T.);
#4222 = IFCFACE((#4221));
#4223 = IFCPOLYLOOP((#3770, #3668, #3670));
#4224 = IFCFACEOUTERBOUND(#4223, .T.);
#4225 = IFCFACE((#4224));
#4226 = IFCPOLYLOOP((#3860, #3627, #3861));
#4227 = IFCFACEOUTERBOUND(#4226, .T.);
#4228 = IFCFACE((#4227));
#4229 = IFCPOLYLOOP((#4064, #4038, #4031));
#4230 = IFCFACEOUTERBOUND(#4229, .T.);
#4231 = IFCFACE((#4230));
#4232 = IFCPOLYLOOP((#4031, #4068, #4064));
#4233 = IFCFACEOUTERBOUND(#4232, .T.);
#4234 = IFCFACE((#4233));
#4235 = IFCPOLYLOOP((#4060, #3715, #4042));
#4236 = IFCFACEOUTERBOUND(#4235, .T.);
#4237 = IFCFACE((#4236));
#4238 = IFCPOLYLOOP((#4079, #4084, #4097));
#4239 = IFCFACEOUTERBOUND(#4238, .T.);
#4240 = IFCFACE((#4239));
#4241 = IFCPOLYLOOP((#4117, #3683, #3699));
#4242 = IFCFACEOUTERBOUND(#4241, .T.);
#4243 = IFCFACE((#4242));
#4244 = IFCPOLYLOOP((#3632, #3885, #3633));
#4245 = IFCFACEOUTERBOUND(#4244, .T.);
#4246 = IFCFACE((#4245));
#4247 = IFCPOLYLOOP((#3632, #4027, #3885));
#4248 = IFCFACEOUTERBOUND(#4247, .T.);
#4249 = IFCFACE((#4248));
#4250 = IFCPOLYLOOP((#3866, #3654, #3823));
#4251 = IFCFACEOUTERBOUND(#4250, .T.);
#4252 = IFCFACE((#4251));
#4253 = IFCPOLYLOOP((#3884, #3838, #3837));
#4254 = IFCFACEOUTERBOUND(#4253, .T.);
#4255 = IFCFACE((#4254));
#4256 = IFCPOLYLOOP((#3837, #3861, #3884));
#4257 = IFCFACEOUTERBOUND(#4256, .T.);
#4258 = IFCFACE((#4257));
#4259 = IFCPOLYLOOP((#4006, #4056, #4000));
#4260 = IFCFACEOUTERBOUND(#4259, .T.);
#4261 = IFCFACE((#4260));
#4262 = IFCPOLYLOOP((#3698, #4083, #4089));
#4263 = IFCFACEOUTERBOUND(#4262, .T.);
#4264 = IFCFACE((#4263));
#4265 = IFCPOLYLOOP((#4083, #4079, #4088));
#4266 = IFCFACEOUTERBOUND(#4265, .T.);
#4267 = IFCFACE((#4266));
#4268 = IFCPOLYLOOP((#3771, #3811, #3762));
#4269 = IFCFACEOUTERBOUND(#4268, .T.);
#4270 = IFCFACE((#4269));
#4271 = IFCPOLYLOOP((#3816, #3771, #3779));
#4272 = IFCFACEOUTERBOUND(#4271, .T.);
#4273 = IFCFACE((#4272));
#4274 = IFCPOLYLOOP((#3655, #4175, #3721));
#4275 = IFCFACEOUTERBOUND(#4274, .T.);
#4276 = IFCFACE((#4275));
#4277 = IFCPOLYLOOP((#3647, #3870, #3895));
#4278 = IFCFACEOUTERBOUND(#4277, .T.);
#4279 = IFCFACE((#4278));
#4280 = IFCPOLYLOOP((#3830, #3877, #3642));
#4281 = IFCFACEOUTERBOUND(#4280, .T.);
#4282 = IFCFACE((#4281));
#4283 = IFCPOLYLOOP((#4019, #4001, #4014));
#4284 = IFCFACEOUTERBOUND(#4283, .T.);
#4285 = IFCFACE((#4284));
#4286 = IFCPOLYLOOP((#4014, #4110, #4019));
#4287 = IFCFACEOUTERBOUND(#4286, .T.);
#4288 = IFCFACE((#4287));
#4289 = IFCPOLYLOOP((#4064, #3664, #4038));
#4290 = IFCFACEOUTERBOUND(#4289, .T.);
#4291 = IFCFACE((#4290));
#4292 = IFCPOLYLOOP((#4093, #4117, #4089));
#4293 = IFCFACEOUTERBOUND(#4292, .T.);
#4294 = IFCFACE((#4293));
#4295 = IFCPOLYLOOP((#3995, #3999, #4001));
#4296 = IFCFACEOUTERBOUND(#4295, .T.);
#4297 = IFCFACE((#4296));
#4298 = IFCPOLYLOOP((#4001, #4019, #3995));
#4299 = IFCFACEOUTERBOUND(#4298, .T.);
#4300 = IFCFACE((#4299));
#4301 = IFCPOLYLOOP((#4001, #4046, #4015));
#4302 = IFCFACEOUTERBOUND(#4301, .T.);
#4303 = IFCFACE((#4302));
#4304 = IFCPOLYLOOP((#4060, #4038, #3664));
#4305 = IFCFACEOUTERBOUND(#4304, .T.);
#4306 = IFCFACE((#4305));
#4307 = IFCPOLYLOOP((#4110, #4014, #4093));
#4308 = IFCFACEOUTERBOUND(#4307, .T.);
#4309 = IFCFACE((#4308));
#4310 = IFCPOLYLOOP((#4093, #4078, #4110));
#4311 = IFCFACEOUTERBOUND(#4310, .T.);
#4312 = IFCFACE((#4311));
#4313 = IFCPOLYLOOP((#4014, #4117, #4093));
#4314 = IFCFACEOUTERBOUND(#4313, .T.);
#4315 = IFCFACE((#4314));
#4316 = IFCPOLYLOOP((#3683, #4015, #3669));
#4317 = IFCFACEOUTERBOUND(#4316, .T.);
#4318 = IFCFACE((#4317));
#4319 = IFCPOLYLOOP((#4015, #4117, #4014));
#4320 = IFCFACEOUTERBOUND(#4319, .T.);
#4321 = IFCFACE((#4320));
#4322 = IFCPOLYLOOP((#3659, #3741, #3707));
#4323 = IFCFACEOUTERBOUND(#4322, .T.);
#4324 = IFCFACE((#4323));
#4325 = IFCPOLYLOOP((#3715, #4005, #4042));
#4326 = IFCFACEOUTERBOUND(#4325, .T.);
#4327 = IFCFACE((#4326));
#4328 = IFCPOLYLOOP((#3626, #3637, #3627));
#4329 = IFCFACEOUTERBOUND(#4328, .T.);
#4330 = IFCFACE((#4329));
#4331 = IFCPOLYLOOP((#3849, #3865, #3845));
#4332 = IFCFACEOUTERBOUND(#4331, .T.);
#4333 = IFCFACE((#4332));
#4334 = IFCPOLYLOOP((#3885, #3853, #3838));
#4335 = IFCFACEOUTERBOUND(#4334, .T.);
#4336 = IFCFACE((#4335));
#4337 = IFCPOLYLOOP((#4079, #4097, #3648));
#4338 = IFCFACEOUTERBOUND(#4337, .T.);
#4339 = IFCFACE((#4338));
#4340 = IFCPOLYLOOP((#3762, #3807, #3754));
#4341 = IFCFACEOUTERBOUND(#4340, .T.);
#4342 = IFCFACE((#4341));
#4343 = IFCPOLYLOOP((#3815, #3779, #3787));
#4344 = IFCFACEOUTERBOUND(#4343, .T.);
#4345 = IFCFACE((#4344));
#4346 = IFCPOLYLOOP((#3838, #3815, #3795));
#4347 = IFCFACEOUTERBOUND(#4346, .T.);
#4348 = IFCFACE((#4347));
#4349 = IFCPOLYLOOP((#3807, #3845, #3758));
#4350 = IFCFACEOUTERBOUND(#4349, .T.);
#4351 = IFCFACE((#4350));
#4352 = IFCPOLYLOOP((#3807, #3811, #3849));
#4353 = IFCFACEOUTERBOUND(#4352, .T.);
#4354 = IFCFACE((#4353));
#4355 = IFCPOLYLOOP((#3877, #3853, #3902));
#4356 = IFCFACEOUTERBOUND(#4355, .T.);
#4357 = IFCFACE((#4356));
#4358 = IFCPOLYLOOP((#3995, #4010, #3999));
#4359 = IFCFACEOUTERBOUND(#4358, .T.);
#4360 = IFCFACE((#4359));
#4361 = IFCPOLYLOOP((#4001, #4000, #4046));
#4362 = IFCFACEOUTERBOUND(#4361, .T.);
#4363 = IFCFACE((#4362));
#4364 = IFCPOLYLOOP((#3706, #3730, #3711));
#4365 = IFCFACEOUTERBOUND(#4364, .T.);
#4366 = IFCFACE((#4365));
#4367 = IFCPOLYLOOP((#4088, #4079, #4078));
#4368 = IFCFACEOUTERBOUND(#4367, .T.);
#4369 = IFCFACE((#4368));
#4370 = IFCPOLYLOOP((#4027, #4010, #3995));
#4371 = IFCFACEOUTERBOUND(#4370, .T.);
#4372 = IFCFACE((#4371));
#4373 = IFCPOLYLOOP((#4006, #4000, #3999));
#4374 = IFCFACEOUTERBOUND(#4373, .T.);
#4375 = IFCFACE((#4374));
#4376 = IFCPOLYLOOP((#4042, #4005, #4010));
#4377 = IFCFACEOUTERBOUND(#4376, .T.);
#4378 = IFCFACE((#4377));
#4379 = IFCPOLYLOOP((#4084, #3726, #3745));
#4380 = IFCFACEOUTERBOUND(#4379, .T.);
#4381 = IFCFACE((#4380));
#4382 = IFCPOLYLOOP((#4064, #4068, #3631));
#4383 = IFCFACEOUTERBOUND(#4382, .T.);
#4384 = IFCFACE((#4383));
#4385 = IFCPOLYLOOP((#3861, #3627, #3633));
#4386 = IFCFACEOUTERBOUND(#4385, .T.);
#4387 = IFCFACE((#4386));
#4388 = IFCPOLYLOOP((#3726, #4084, #4083));
#4389 = IFCFACEOUTERBOUND(#4388, .T.);
#4390 = IFCFACE((#4389));
#4391 = IFCPOLYLOOP((#3830, #3870, #3811));
#4392 = IFCFACEOUTERBOUND(#4391, .T.);
#4393 = IFCFACE((#4392));
#4394 = IFCPOLYLOOP((#3884, #3861, #3633));
#4395 = IFCFACEOUTERBOUND(#4394, .T.);
#4396 = IFCFACE((#4395));
#4397 = IFCPOLYLOOP((#4088, #4078, #4093));
#4398 = IFCFACEOUTERBOUND(#4397, .T.);
#4399 = IFCFACE((#4398));
#4400 = IFCPOLYLOOP((#3725, #3721, #4175));
#4401 = IFCFACEOUTERBOUND(#4400, .T.);
#4402 = IFCFACE((#4401));
#4403 = IFCPOLYLOOP((#4083, #3687, #3734));
#4404 = IFCFACEOUTERBOUND(#4403, .T.);
#4405 = IFCFACE((#4404));
#4406 = IFCPOLYLOOP((#3745, #4175, #3654));
#4407 = IFCFACEOUTERBOUND(#4406, .T.);
#4408 = IFCFACE((#4407));
#4409 = IFCPOLYLOOP((#3706, #3707, #3741));
#4410 = IFCFACEOUTERBOUND(#4409, .T.);
#4411 = IFCFACE((#4410));
#4412 = IFCPOLYLOOP((#3995, #4019, #3643));
#4413 = IFCFACEOUTERBOUND(#4412, .T.);
#4414 = IFCFACE((#4413));
#4415 = IFCPOLYLOOP((#3626, #3664, #4064));
#4416 = IFCFACEOUTERBOUND(#4415, .T.);
#4417 = IFCFACE((#4416));
#4418 = IFCPOLYLOOP((#3631, #3637, #4064));
#4419 = IFCFACEOUTERBOUND(#4418, .T.);
#4420 = IFCFACE((#4419));
#4421 = IFCPOLYLOOP((#3866, #3823, #3845));
#4422 = IFCFACEOUTERBOUND(#4421, .T.);
#4423 = IFCFACE((#4422));
#4424 = IFCFACETEDBREP(#3623);
#4425 = IFCSURFACESTYLERENDERING(#4426, 0., #4427, $, $, #4428, #4429, $, .NOTDEFINED.);
#4426 = IFCCOLOURRGB('Surface color', 8.66666674613953E-1, 7.17647075653076E-1, 5.45098066329956E-1);
#4427 = IFCCOLOURRGB('Diffuse color', 8.66666674613953E-1, 7.17647075653076E-1, 5.45098066329956E-1);
#4428 = IFCCOLOURRGB('Reflection color', 1., 1., 1.);
#4429 = IFCCOLOURRGB('Specular color', 1., 1., 1.);
#4430 = IFCSURFACESTYLE('b065442f_c7c9_4918_b558_1b227b8c97b2', .BOTH., (#4425));
#4431 = IFCPRESENTATIONSTYLEASSIGNMENT((#4430));
#4432 = IFCMATERIAL('b065442f_c7c9_4918_b558_1b227b8c97b2');
#4433 = IFCSTYLEDITEM(#4424, (#4431), $);
#4434 = IFCSTYLEDREPRESENTATION(#106, 'Body', $, (#4433));
#4435 = IFCMATERIALDEFINITIONREPRESENTATION($, $, (#4434), #4432);
#4436 = IFCCLOSEDSHELL((#4442, #4446, #4452, #4458, #4462, #4467, #4471, #4476, #4482, #4488, #4491, #4494, #4499, #4503, #4506, #4509, #4514, #4517, #4523, #4526, #4530, #4534, #4537, #4542, #4546, #4550, #4554, #4557, #4560, #4563, #4566, #4569, #4574, #4577, #4581, #4585, #4589, #4592, #4596, #4599, #4603, #4607, #4610, #4613, #4617, #4622, #4626, #4629, #4633, #4638, #4641, #4644, #4647, #4650, #4655, #4659, #4664, #4670, #4673, #4677, #4682, #4685, #4689, #4693, #4696, #4700, #4703, #4706, #4712, #4716, #4720, #4724, #4727, #4732, #4735, #4739, #4742, #4745, #4748, #4751, #4754, #4757, #4760, #4763, #4766, #4769, #4772, #4775, #4778, #4781, #4784, #4787, #4790, #4793, #4796, #4799, #4802, #4805, #4808, #4811, #4814, #4817, #4820, #4823, #4826, #4829, #4832, #4835, #4838, #4841, #4844, #4847, #4850, #4853, #4856, #4859, #4862, #4865, #4868, #4871, #4874, #4877, #4880, #4883, #4886, #4889, #4892, #4895, #4898, #4901, #4904, #4907, #4910, #4913, #4916, #4919, #4922, #4925, #4928, #4931, #4934, #4937, #4940, #4943, #4946, #4949));
#4437 = IFCPOLYLOOP((#4438, #4439, #4440));
#4438 = IFCCARTESIANPOINT((2.21363586425781E-1, 1.47934936523438E-1, 7.94326232910156E-1));
#4439 = IFCCARTESIANPOINT((2.27902893066406E-1, 1.43662643432617E-1, 7.85207092285156E-1));
#4440 = IFCCARTESIANPOINT((2.26948089599609E-1, 1.53496734619141E-1, 7.9232958984375E-1));
#4441 = IFCFACEOUTERBOUND(#4437, .T.);
#4442 = IFCFACE((#4441));
#4443 = IFCPOLYLOOP((#4444, #4439, #4438));
#4444 = IFCCARTESIANPOINT((2.23599182128906E-1, 1.40100341796875E-1, 7.87998168945313E-1));
#4445 = IFCFACEOUTERBOUND(#4443, .T.);
#4446 = IFCFACE((#4445));
#4447 = IFCPOLYLOOP((#4448, #4449, #4450));
#4448 = IFCCARTESIANPOINT((2.15500015258789E-1, -1.76999572753906E-1, 1.46710367202759E-2));
#4449 = IFCCARTESIANPOINT((2.205E-1, -1.76999618530273E-1, 1.46709804534912E-2));
#4450 = IFCCARTESIANPOINT((2.2354296875E-1, -1.79582275390625E-1, 1.05839223861694E-2));
#4451 = IFCFACEOUTERBOUND(#4447, .T.);
#4452 = IFCFACE((#4451));
#4453 = IFCPOLYLOOP((#4454, #4455, #4456));
#4454 = IFCCARTESIANPOINT((2.13512252807617E-1, -1.88989379882813E-1, 4.14519596099854E-3));
#4455 = IFCCARTESIANPOINT((2.22797973632813E-1, -1.88587051391602E-1, 4.45520973205566E-3));
#4456 = IFCCARTESIANPOINT((2.20927536010742E-1, -1.99345077514648E-1, 3.84600257873535E-3));
#4457 = IFCFACEOUTERBOUND(#4453, .T.);
#4458 = IFCFACE((#4457));
#4459 = IFCPOLYLOOP((#4454, #4460, #4450));
#4460 = IFCCARTESIANPOINT((2.1443782043457E-1, -1.82070388793945E-1, 7.65684413909912E-3));
#4461 = IFCFACEOUTERBOUND(#4459, .T.);
#4462 = IFCFACE((#4461));
#4463 = IFCPOLYLOOP((#4456, #4464, #4465));
#4464 = IFCCARTESIANPOINT((2.23505767822266E-1, -2.04679794311523E-1, 6.24174690246582E-3));
#4465 = IFCCARTESIANPOINT((2.15140182495117E-1, -2.06929290771484E-1, 7.43009519577026E-3));
#4466 = IFCFACEOUTERBOUND(#4463, .T.);
#4467 = IFCFACE((#4466));
#4468 = IFCPOLYLOOP((#4465, #4469, #4456));
#4469 = IFCCARTESIANPOINT((2.12059112548828E-1, -2.02323593139648E-1, 5.55689907073975E-3));
#4470 = IFCFACEOUTERBOUND(#4468, .T.);
#4471 = IFCFACE((#4470));
#4472 = IFCPOLYLOOP((#4473, #4474, #4465));
#4473 = IFCCARTESIANPOINT((2.2248762512207E-1, -2.13623031616211E-1, 1.56563730239868E-2));
#4474 = IFCCARTESIANPOINT((2.15026382446289E-1, -2.14827682495117E-1, 1.76368103027344E-2));
#4475 = IFCFACEOUTERBOUND(#4472, .T.);
#4476 = IFCFACE((#4475));
#4477 = IFCPOLYLOOP((#4478, #4479, #4480));
#4478 = IFCCARTESIANPOINT((2.15503799438477E-1, -2.14458480834961E-1, 2.89817066192627E-2));
#4479 = IFCCARTESIANPOINT((2.23621185302734E-1, -2.14595779418945E-1, 2.70826263427734E-2));
#4480 = IFCCARTESIANPOINT((2.20500015258789E-1, -2.13251876831055E-1, 3.15758037567139E-2));
#4481 = IFCFACEOUTERBOUND(#4477, .T.);
#4482 = IFCFACE((#4481));
#4483 = IFCPOLYLOOP((#4484, #4485, #4486));
#4484 = IFCCARTESIANPOINT((2.27910980224609E-1, -2.10321548461914E-1, 2.59775714874268E-2));
#4485 = IFCCARTESIANPOINT((2.26229110717773E-1, -2.12800827026367E-1, 2.67897987365723E-2));
#4486 = IFCCARTESIANPOINT((2.26421188354492E-1, -2.10571975708008E-1, 1.39162464141846E-2));
#4487 = IFCFACEOUTERBOUND(#4483, .T.);
#4488 = IFCFACE((#4487));
#4489 = IFCPOLYLOOP((#4485, #4479, #4486));
#4490 = IFCFACEOUTERBOUND(#4489, .T.);
#4491 = IFCFACE((#4490));
#4492 = IFCPOLYLOOP((#4473, #4464, #4486));
#4493 = IFCFACEOUTERBOUND(#4492, .T.);
#4494 = IFCFACE((#4493));
#4495 = IFCPOLYLOOP((#4496, #4497, #4486));
#4496 = IFCCARTESIANPOINT((2.27649032592773E-1, -1.97352630615234E-1, 6.66830587387085E-3));
#4497 = IFCCARTESIANPOINT((2.28502136230469E-1, -2.09955474853516E-1, 1.92397384643555E-2));
#4498 = IFCFACEOUTERBOUND(#4495, .T.);
#4499 = IFCFACE((#4498));
#4500 = IFCPOLYLOOP((#4455, #4501, #4496));
#4501 = IFCCARTESIANPOINT((2.26396942138672E-1, -1.85961959838867E-1, 8.04050350189209E-3));
#4502 = IFCFACEOUTERBOUND(#4500, .T.);
#4503 = IFCFACE((#4502));
#4504 = IFCPOLYLOOP((#4455, #4450, #4501));
#4505 = IFCFACEOUTERBOUND(#4504, .T.);
#4506 = IFCFACE((#4505));
#4507 = IFCPOLYLOOP((#4479, #4474, #4473));
#4508 = IFCFACEOUTERBOUND(#4507, .T.);
#4509 = IFCFACE((#4508));
#4510 = IFCPOLYLOOP((#4511, #4501, #4512));
#4511 = IFCCARTESIANPOINT((2.28496963500977E-1, -1.86628189086914E-1, 1.26522789001465E-2));
#4512 = IFCCARTESIANPOINT((2.26156860351563E-1, -1.79123199462891E-1, 1.56612758636475E-2));
#4513 = IFCFACEOUTERBOUND(#4510, .T.);
#4514 = IFCFACE((#4513));
#4515 = IFCPOLYLOOP((#4512, #4501, #4450));
#4516 = IFCFACEOUTERBOUND(#4515, .T.);
#4517 = IFCFACE((#4516));
#4518 = IFCPOLYLOOP((#4519, #4520, #4521));
#4519 = IFCCARTESIANPOINT((2.07500946044922E-1, -1.86646270751953E-1, 1.27954654693604E-2));
#4520 = IFCCARTESIANPOINT((2.09787414550781E-1, -1.8077717590332E-1, 1.22851343154907E-2));
#4521 = IFCCARTESIANPOINT((2.09384552001953E-1, -1.92435913085938E-1, 5.38114881515503E-3));
#4522 = IFCFACEOUTERBOUND(#4518, .T.);
#4523 = IFCFACE((#4522));
#4524 = IFCPOLYLOOP((#4520, #4460, #4521));
#4525 = IFCFACEOUTERBOUND(#4524, .T.);
#4526 = IFCFACE((#4525));
#4527 = IFCPOLYLOOP((#4469, #4528, #4521));
#4528 = IFCCARTESIANPOINT((2.07589019775391E-1, -2.01424392700195E-1, 9.98090267181396E-3));
#4529 = IFCFACEOUTERBOUND(#4527, .T.);
#4530 = IFCFACE((#4529));
#4531 = IFCPOLYLOOP((#4469, #4465, #4532));
#4532 = IFCCARTESIANPOINT((2.09133407592773E-1, -2.0997509765625E-1, 1.36806383132935E-2));
#4533 = IFCFACEOUTERBOUND(#4531, .T.);
#4534 = IFCFACE((#4533));
#4535 = IFCPOLYLOOP((#4532, #4465, #4474));
#4536 = IFCFACEOUTERBOUND(#4535, .T.);
#4537 = IFCFACE((#4536));
#4538 = IFCPOLYLOOP((#4539, #4540, #4532));
#4539 = IFCCARTESIANPOINT((2.08073333740234E-1, -2.10156555175781E-1, 2.62710857391357E-2));
#4540 = IFCCARTESIANPOINT((2.07500396728516E-1, -2.08092483520508E-1, 2.36850204467773E-2));
#4541 = IFCFACEOUTERBOUND(#4538, .T.);
#4542 = IFCFACE((#4541));
#4543 = IFCPOLYLOOP((#4474, #4544, #4532));
#4544 = IFCCARTESIANPOINT((2.12410705566406E-1, -2.14560684204102E-1, 2.71889381408691E-2));
#4545 = IFCFACEOUTERBOUND(#4543, .T.);
#4546 = IFCFACE((#4545));
#4547 = IFCPOLYLOOP((#4520, #4519, #4548));
#4548 = IFCCARTESIANPOINT((2.08108963012695E-1, -1.8147541809082E-1, 1.67581329345703E-2));
#4549 = IFCFACEOUTERBOUND(#4547, .T.);
#4550 = IFCFACE((#4549));
#4551 = IFCPOLYLOOP((#4552, #4460, #4520));
#4552 = IFCCARTESIANPOINT((2.12438537597656E-1, -1.77551498413086E-1, 1.49283790588379E-2));
#4553 = IFCFACEOUTERBOUND(#4551, .T.);
#4554 = IFCFACE((#4553));
#4555 = IFCPOLYLOOP((#4478, #4544, #4474));
#4556 = IFCFACEOUTERBOUND(#4555, .T.);
#4557 = IFCFACE((#4556));
#4558 = IFCPOLYLOOP((#4519, #4528, #4540));
#4559 = IFCFACEOUTERBOUND(#4558, .T.);
#4560 = IFCFACE((#4559));
#4561 = IFCPOLYLOOP((#4532, #4540, #4528));
#4562 = IFCFACEOUTERBOUND(#4561, .T.);
#4563 = IFCFACE((#4562));
#4564 = IFCPOLYLOOP((#4521, #4528, #4519));
#4565 = IFCFACEOUTERBOUND(#4564, .T.);
#4566 = IFCFACE((#4565));
#4567 = IFCPOLYLOOP((#4497, #4496, #4511));
#4568 = IFCFACEOUTERBOUND(#4567, .T.);
#4569 = IFCFACE((#4568));
#4570 = IFCPOLYLOOP((#4571, #4572, #4497));
#4571 = IFCCARTESIANPOINT((2.28499801635742E-1, 1.68617263793945E-1, 7.74795166015625E-1));
#4572 = IFCCARTESIANPOINT((2.28499603271484E-1, 1.46879028320313E-1, 7.84932250976563E-1));
#4573 = IFCFACEOUTERBOUND(#4570, .T.);
#4574 = IFCFACE((#4573));
#4575 = IFCPOLYLOOP((#4497, #4511, #4571));
#4576 = IFCFACEOUTERBOUND(#4575, .T.);
#4577 = IFCFACE((#4576));
#4578 = IFCPOLYLOOP((#4579, #4544, #4478));
#4579 = IFCCARTESIANPOINT((2.12438537597656E-1, -1.25006698608398E-1, 2.19377258300781E-1));
#4580 = IFCFACEOUTERBOUND(#4578, .T.);
#4581 = IFCFACE((#4580));
#4582 = IFCPOLYLOOP((#4583, #4544, #4579));
#4583 = IFCCARTESIANPOINT((2.09843139648438E-1, -2.11128280639648E-1, 3.05854930877686E-2));
#4584 = IFCFACEOUTERBOUND(#4582, .T.);
#4585 = IFCFACE((#4584));
#4586 = IFCPOLYLOOP((#4587, #4583, #4579));
#4587 = IFCCARTESIANPOINT((2.08108963012695E-1, -1.21082778930664E-1, 2.17547500610352E-1));
#4588 = IFCFACEOUTERBOUND(#4586, .T.);
#4589 = IFCFACE((#4588));
#4590 = IFCPOLYLOOP((#4540, #4539, #4587));
#4591 = IFCFACEOUTERBOUND(#4590, .T.);
#4592 = IFCFACE((#4591));
#4593 = IFCPOLYLOOP((#4579, #4594, #4587));
#4594 = IFCCARTESIANPOINT((2.09843139648438E-1, -3.57417068481445E-2, 4.06703216552734E-1));
#4595 = IFCFACEOUTERBOUND(#4593, .T.);
#4596 = IFCFACE((#4595));
#4597 = IFCPOLYLOOP((#4539, #4583, #4587));
#4598 = IFCFACEOUTERBOUND(#4597, .T.);
#4599 = IFCFACE((#4598));
#4600 = IFCPOLYLOOP((#4497, #4601, #4484));
#4601 = IFCCARTESIANPOINT((2.27891036987305E-1, -1.21082778930664E-1, 2.17547500610352E-1));
#4602 = IFCFACEOUTERBOUND(#4600, .T.);
#4603 = IFCFACE((#4602));
#4604 = IFCPOLYLOOP((#4605, #4479, #4485));
#4605 = IFCCARTESIANPOINT((2.23561462402344E-1, -1.25006698608398E-1, 2.19377258300781E-1));
#4606 = IFCFACEOUTERBOUND(#4604, .T.);
#4607 = IFCFACE((#4606));
#4608 = IFCPOLYLOOP((#4485, #4484, #4601));
#4609 = IFCFACEOUTERBOUND(#4608, .T.);
#4610 = IFCFACE((#4609));
#4611 = IFCPOLYLOOP((#4480, #4479, #4605));
#4612 = IFCFACEOUTERBOUND(#4611, .T.);
#4613 = IFCFACE((#4612));
#4614 = IFCPOLYLOOP((#4605, #4601, #4615));
#4615 = IFCCARTESIANPOINT((2.26156860351563E-1, -3.57417068481445E-2, 4.06703216552734E-1));
#4616 = IFCFACEOUTERBOUND(#4614, .T.);
#4617 = IFCFACE((#4616));
#4618 = IFCPOLYLOOP((#4619, #4620, #4450));
#4619 = IFCCARTESIANPOINT((2.23543441772461E-1, 1.75063827514648E-1, 7.7111328125E-1));
#4620 = IFCCARTESIANPOINT((2.26156860351563E-1, 1.71649978637695E-1, 7.67896728515625E-1));
#4621 = IFCFACEOUTERBOUND(#4618, .T.);
#4622 = IFCFACE((#4621));
#4623 = IFCPOLYLOOP((#4624, #4512, #4620));
#4624 = IFCCARTESIANPOINT((2.27891036987305E-1, -1.8147541809082E-1, 1.67581405639648E-2));
#4625 = IFCFACEOUTERBOUND(#4623, .T.);
#4626 = IFCFACE((#4625));
#4627 = IFCPOLYLOOP((#4624, #4571, #4511));
#4628 = IFCFACEOUTERBOUND(#4627, .T.);
#4629 = IFCFACE((#4628));
#4630 = IFCPOLYLOOP((#4519, #4631, #4548));
#4631 = IFCCARTESIANPOINT((2.08108963012695E-1, -9.37821273803711E-2, 2.04817001342773E-1));
#4632 = IFCFACEOUTERBOUND(#4630, .T.);
#4633 = IFCFACE((#4632));
#4634 = IFCPOLYLOOP((#4631, #4635, #4636));
#4635 = IFCCARTESIANPOINT((2.09843139648438E-1, -3.7366189956665E-3, 3.91779022216797E-1));
#4636 = IFCCARTESIANPOINT((2.12438537597656E-1, -8.98582077026367E-2, 2.02987243652344E-1));
#4637 = IFCFACEOUTERBOUND(#4634, .T.);
#4638 = IFCFACE((#4637));
#4639 = IFCPOLYLOOP((#4520, #4548, #4631));
#4640 = IFCFACEOUTERBOUND(#4639, .T.);
#4641 = IFCFACE((#4640));
#4642 = IFCPOLYLOOP((#4552, #4520, #4636));
#4643 = IFCFACEOUTERBOUND(#4642, .T.);
#4644 = IFCFACE((#4643));
#4645 = IFCPOLYLOOP((#4448, #4552, #4636));
#4646 = IFCFACEOUTERBOUND(#4645, .T.);
#4647 = IFCFACE((#4646));
#4648 = IFCPOLYLOOP((#4520, #4631, #4636));
#4649 = IFCFACEOUTERBOUND(#4648, .T.);
#4650 = IFCFACE((#4649));
#4651 = IFCPOLYLOOP((#4652, #4653, #4619));
#4652 = IFCCARTESIANPOINT((2.155E-1, 1.73773590087891E-1, 7.66906494140625E-1));
#4653 = IFCCARTESIANPOINT((2.1244775390625E-1, 1.75033721923828E-1, 7.71075134277344E-1));
#4654 = IFCFACEOUTERBOUND(#4651, .T.);
#4655 = IFCFACE((#4654));
#4656 = IFCPOLYLOOP((#4619, #4653, #4657));
#4657 = IFCCARTESIANPOINT((2.21446411132813E-1, 1.75392761230469E-1, 7.80148254394531E-1));
#4658 = IFCFACEOUTERBOUND(#4656, .T.);
#4659 = IFCFACE((#4658));
#4660 = IFCPOLYLOOP((#4661, #4657, #4662));
#4661 = IFCCARTESIANPOINT((2.22593948364258E-1, 1.70521682739258E-1, 7.88565307617188E-1));
#4662 = IFCCARTESIANPOINT((2.13509033203125E-1, 1.74139144897461E-1, 7.82841186523438E-1));
#4663 = IFCFACEOUTERBOUND(#4660, .T.);
#4664 = IFCFACE((#4663));
#4665 = IFCPOLYLOOP((#4666, #4667, #4668));
#4666 = IFCCARTESIANPOINT((2.22364181518555E-1, 1.62995330810547E-1, 7.9411279296875E-1));
#4667 = IFCCARTESIANPOINT((2.12870025634766E-1, 1.65473037719727E-1, 7.92421813964844E-1));
#4668 = IFCCARTESIANPOINT((2.1519548034668E-1, 1.602470703125E-1, 7.94552551269531E-1));
#4669 = IFCFACEOUTERBOUND(#4665, .T.);
#4670 = IFCFACE((#4669));
#4671 = IFCPOLYLOOP((#4438, #4666, #4668));
#4672 = IFCFACEOUTERBOUND(#4671, .T.);
#4673 = IFCFACE((#4672));
#4674 = IFCPOLYLOOP((#4438, #4675, #4444));
#4675 = IFCCARTESIANPOINT((2.12269912719727E-1, 1.40413986206055E-1, 7.88297729492188E-1));
#4676 = IFCFACEOUTERBOUND(#4674, .T.);
#4677 = IFCFACE((#4676));
#4678 = IFCPOLYLOOP((#4675, #4679, #4680));
#4679 = IFCCARTESIANPOINT((2.15499969482422E-1, 1.37521286010742E-1, 7.83811279296875E-1));
#4680 = IFCCARTESIANPOINT((2.20499984741211E-1, 1.37521270751953E-1, 7.83811218261719E-1));
#4681 = IFCFACEOUTERBOUND(#4678, .T.);
#4682 = IFCFACE((#4681));
#4683 = IFCPOLYLOOP((#4440, #4666, #4438));
#4684 = IFCFACEOUTERBOUND(#4683, .T.);
#4685 = IFCFACE((#4684));
#4686 = IFCPOLYLOOP((#4440, #4687, #4666));
#4687 = IFCCARTESIANPOINT((2.28414413452148E-1, 1.62223205566406E-1, 7.88547973632813E-1));
#4688 = IFCFACEOUTERBOUND(#4686, .T.);
#4689 = IFCFACE((#4688));
#4690 = IFCPOLYLOOP((#4687, #4691, #4661));
#4691 = IFCCARTESIANPOINT((2.27349594116211E-1, 1.6988117980957E-1, 7.83674926757813E-1));
#4692 = IFCFACEOUTERBOUND(#4690, .T.);
#4693 = IFCFACE((#4692));
#4694 = IFCPOLYLOOP((#4661, #4666, #4687));
#4695 = IFCFACEOUTERBOUND(#4694, .T.);
#4696 = IFCFACE((#4695));
#4697 = IFCPOLYLOOP((#4691, #4698, #4657));
#4698 = IFCCARTESIANPOINT((2.27871505737305E-1, 1.71595413208008E-1, 7.73866516113281E-1));
#4699 = IFCFACEOUTERBOUND(#4697, .T.);
#4700 = IFCFACE((#4699));
#4701 = IFCPOLYLOOP((#4572, #4687, #4440));
#4702 = IFCFACEOUTERBOUND(#4701, .T.);
#4703 = IFCFACE((#4702));
#4704 = IFCPOLYLOOP((#4687, #4571, #4691));
#4705 = IFCFACEOUTERBOUND(#4704, .T.);
#4706 = IFCFACE((#4705));
#4707 = IFCPOLYLOOP((#4708, #4709, #4710));
#4708 = IFCCARTESIANPOINT((2.07501480102539E-1, 1.69177352905273E-1, 7.75852111816406E-1));
#4709 = IFCCARTESIANPOINT((2.07979690551758E-1, 1.65287826538086E-1, 7.87575439453125E-1));
#4710 = IFCCARTESIANPOINT((2.09973785400391E-1, 1.71531219482422E-1, 7.84050659179688E-1));
#4711 = IFCFACEOUTERBOUND(#4707, .T.);
#4712 = IFCFACE((#4711));
#4713 = IFCPOLYLOOP((#4710, #4662, #4714));
#4714 = IFCCARTESIANPOINT((2.08057495117188E-1, 1.71559585571289E-1, 7.73699462890625E-1));
#4715 = IFCFACEOUTERBOUND(#4713, .T.);
#4716 = IFCFACE((#4715));
#4717 = IFCPOLYLOOP((#4667, #4709, #4718));
#4718 = IFCCARTESIANPOINT((2.08232315063477E-1, 1.54633422851563E-1, 7.91972045898438E-1));
#4719 = IFCFACEOUTERBOUND(#4717, .T.);
#4720 = IFCFACE((#4719));
#4721 = IFCPOLYLOOP((#4722, #4668, #4718));
#4722 = IFCCARTESIANPOINT((2.13298721313477E-1, 1.4918522644043E-1, 7.94067321777344E-1));
#4723 = IFCFACEOUTERBOUND(#4721, .T.);
#4724 = IFCFACE((#4723));
#4725 = IFCPOLYLOOP((#4653, #4662, #4657));
#4726 = IFCFACEOUTERBOUND(#4725, .T.);
#4727 = IFCFACE((#4726));
#4728 = IFCPOLYLOOP((#4675, #4729, #4730));
#4729 = IFCCARTESIANPOINT((2.07502380371094E-1, 1.47323104858398E-1, 7.86040405273438E-1));
#4730 = IFCCARTESIANPOINT((2.08040939331055E-1, 1.41904312133789E-1, 7.81639526367188E-1));
#4731 = IFCFACEOUTERBOUND(#4728, .T.);
#4732 = IFCFACE((#4731));
#4733 = IFCPOLYLOOP((#4722, #4675, #4438));
#4734 = IFCFACEOUTERBOUND(#4733, .T.);
#4735 = IFCFACE((#4734));
#4736 = IFCPOLYLOOP((#4737, #4449, #4448));
#4737 = IFCCARTESIANPOINT((2.20500015258789E-1, 1.73773544311523E-1, 7.66906433105469E-1));
#4738 = IFCFACEOUTERBOUND(#4736, .T.);
#4739 = IFCFACE((#4738));
#4740 = IFCPOLYLOOP((#4448, #4652, #4737));
#4741 = IFCFACEOUTERBOUND(#4740, .T.);
#4742 = IFCFACE((#4741));
#4743 = IFCPOLYLOOP((#4708, #4729, #4718));
#4744 = IFCFACEOUTERBOUND(#4743, .T.);
#4745 = IFCFACE((#4744));
#4746 = IFCPOLYLOOP((#4519, #4540, #4708));
#4747 = IFCFACEOUTERBOUND(#4746, .T.);
#4748 = IFCFACE((#4747));
#4749 = IFCPOLYLOOP((#4709, #4708, #4718));
#4750 = IFCFACEOUTERBOUND(#4749, .T.);
#4751 = IFCFACE((#4750));
#4752 = IFCPOLYLOOP((#4571, #4687, #4572));
#4753 = IFCFACEOUTERBOUND(#4752, .T.);
#4754 = IFCFACE((#4753));
#4755 = IFCPOLYLOOP((#4579, #4679, #4675));
#4756 = IFCFACEOUTERBOUND(#4755, .T.);
#4757 = IFCFACE((#4756));
#4758 = IFCPOLYLOOP((#4579, #4478, #4679));
#4759 = IFCFACEOUTERBOUND(#4758, .T.);
#4760 = IFCFACE((#4759));
#4761 = IFCPOLYLOOP((#4675, #4730, #4594));
#4762 = IFCFACEOUTERBOUND(#4761, .T.);
#4763 = IFCFACE((#4762));
#4764 = IFCPOLYLOOP((#4729, #4587, #4730));
#4765 = IFCFACEOUTERBOUND(#4764, .T.);
#4766 = IFCFACE((#4765));
#4767 = IFCPOLYLOOP((#4730, #4587, #4594));
#4768 = IFCFACEOUTERBOUND(#4767, .T.);
#4769 = IFCFACE((#4768));
#4770 = IFCPOLYLOOP((#4587, #4729, #4540));
#4771 = IFCFACEOUTERBOUND(#4770, .T.);
#4772 = IFCFACE((#4771));
#4773 = IFCPOLYLOOP((#4680, #4679, #4480));
#4774 = IFCFACEOUTERBOUND(#4773, .T.);
#4775 = IFCFACE((#4774));
#4776 = IFCPOLYLOOP((#4601, #4497, #4572));
#4777 = IFCFACEOUTERBOUND(#4776, .T.);
#4778 = IFCFACE((#4777));
#4779 = IFCPOLYLOOP((#4572, #4439, #4601));
#4780 = IFCFACEOUTERBOUND(#4779, .T.);
#4781 = IFCFACE((#4780));
#4782 = IFCPOLYLOOP((#4439, #4444, #4615));
#4783 = IFCFACEOUTERBOUND(#4782, .T.);
#4784 = IFCFACE((#4783));
#4785 = IFCPOLYLOOP((#4480, #4605, #4680));
#4786 = IFCFACEOUTERBOUND(#4785, .T.);
#4787 = IFCFACE((#4786));
#4788 = IFCPOLYLOOP((#4444, #4680, #4605));
#4789 = IFCFACEOUTERBOUND(#4788, .T.);
#4790 = IFCFACE((#4789));
#4791 = IFCPOLYLOOP((#4737, #4619, #4450));
#4792 = IFCFACEOUTERBOUND(#4791, .T.);
#4793 = IFCFACE((#4792));
#4794 = IFCPOLYLOOP((#4624, #4698, #4571));
#4795 = IFCFACEOUTERBOUND(#4794, .T.);
#4796 = IFCFACE((#4795));
#4797 = IFCPOLYLOOP((#4708, #4631, #4519));
#4798 = IFCFACEOUTERBOUND(#4797, .T.);
#4799 = IFCFACE((#4798));
#4800 = IFCPOLYLOOP((#4636, #4635, #4653));
#4801 = IFCFACEOUTERBOUND(#4800, .T.);
#4802 = IFCFACE((#4801));
#4803 = IFCPOLYLOOP((#4636, #4652, #4448));
#4804 = IFCFACEOUTERBOUND(#4803, .T.);
#4805 = IFCFACE((#4804));
#4806 = IFCPOLYLOOP((#4636, #4653, #4652));
#4807 = IFCFACEOUTERBOUND(#4806, .T.);
#4808 = IFCFACE((#4807));
#4809 = IFCPOLYLOOP((#4460, #4552, #4448));
#4810 = IFCFACEOUTERBOUND(#4809, .T.);
#4811 = IFCFACE((#4810));
#4812 = IFCPOLYLOOP((#4605, #4485, #4601));
#4813 = IFCFACEOUTERBOUND(#4812, .T.);
#4814 = IFCFACE((#4813));
#4815 = IFCPOLYLOOP((#4571, #4698, #4691));
#4816 = IFCFACEOUTERBOUND(#4815, .T.);
#4817 = IFCFACE((#4816));
#4818 = IFCPOLYLOOP((#4439, #4615, #4601));
#4819 = IFCFACEOUTERBOUND(#4818, .T.);
#4820 = IFCFACE((#4819));
#4821 = IFCPOLYLOOP((#4635, #4714, #4653));
#4822 = IFCFACEOUTERBOUND(#4821, .T.);
#4823 = IFCFACE((#4822));
#4824 = IFCPOLYLOOP((#4675, #4594, #4579));
#4825 = IFCFACEOUTERBOUND(#4824, .T.);
#4826 = IFCFACE((#4825));
#4827 = IFCPOLYLOOP((#4714, #4635, #4631));
#4828 = IFCFACEOUTERBOUND(#4827, .T.);
#4829 = IFCFACE((#4828));
#4830 = IFCPOLYLOOP((#4714, #4631, #4708));
#4831 = IFCFACEOUTERBOUND(#4830, .T.);
#4832 = IFCFACE((#4831));
#4833 = IFCPOLYLOOP((#4444, #4605, #4615));
#4834 = IFCFACEOUTERBOUND(#4833, .T.);
#4835 = IFCFACE((#4834));
#4836 = IFCPOLYLOOP((#4667, #4718, #4668));
#4837 = IFCFACEOUTERBOUND(#4836, .T.);
#4838 = IFCFACE((#4837));
#4839 = IFCPOLYLOOP((#4469, #4532, #4528));
#4840 = IFCFACEOUTERBOUND(#4839, .T.);
#4841 = IFCFACE((#4840));
#4842 = IFCPOLYLOOP((#4661, #4667, #4666));
#4843 = IFCFACEOUTERBOUND(#4842, .T.);
#4844 = IFCFACE((#4843));
#4845 = IFCPOLYLOOP((#4540, #4729, #4708));
#4846 = IFCFACEOUTERBOUND(#4845, .T.);
#4847 = IFCFACE((#4846));
#4848 = IFCPOLYLOOP((#4464, #4456, #4496));
#4849 = IFCFACEOUTERBOUND(#4848, .T.);
#4850 = IFCFACE((#4849));
#4851 = IFCPOLYLOOP((#4511, #4512, #4624));
#4852 = IFCFACEOUTERBOUND(#4851, .T.);
#4853 = IFCFACE((#4852));
#4854 = IFCPOLYLOOP((#4708, #4710, #4714));
#4855 = IFCFACEOUTERBOUND(#4854, .T.);
#4856 = IFCFACE((#4855));
#4857 = IFCPOLYLOOP((#4718, #4729, #4675));
#4858 = IFCFACEOUTERBOUND(#4857, .T.);
#4859 = IFCFACE((#4858));
#4860 = IFCPOLYLOOP((#4454, #4450, #4455));
#4861 = IFCFACEOUTERBOUND(#4860, .T.);
#4862 = IFCFACE((#4861));
#4863 = IFCPOLYLOOP((#4486, #4464, #4496));
#4864 = IFCFACEOUTERBOUND(#4863, .T.);
#4865 = IFCFACE((#4864));
#4866 = IFCPOLYLOOP((#4460, #4454, #4521));
#4867 = IFCFACEOUTERBOUND(#4866, .T.);
#4868 = IFCFACE((#4867));
#4869 = IFCPOLYLOOP((#4539, #4532, #4544));
#4870 = IFCFACEOUTERBOUND(#4869, .T.);
#4871 = IFCFACE((#4870));
#4872 = IFCPOLYLOOP((#4583, #4539, #4544));
#4873 = IFCFACEOUTERBOUND(#4872, .T.);
#4874 = IFCFACE((#4873));
#4875 = IFCPOLYLOOP((#4667, #4710, #4709));
#4876 = IFCFACEOUTERBOUND(#4875, .T.);
#4877 = IFCFACE((#4876));
#4878 = IFCPOLYLOOP((#4469, #4521, #4454));
#4879 = IFCFACEOUTERBOUND(#4878, .T.);
#4880 = IFCFACE((#4879));
#4881 = IFCPOLYLOOP((#4454, #4456, #4469));
#4882 = IFCFACEOUTERBOUND(#4881, .T.);
#4883 = IFCFACE((#4882));
#4884 = IFCPOLYLOOP((#4473, #4465, #4464));
#4885 = IFCFACEOUTERBOUND(#4884, .T.);
#4886 = IFCFACE((#4885));
#4887 = IFCPOLYLOOP((#4455, #4496, #4456));
#4888 = IFCFACEOUTERBOUND(#4887, .T.);
#4889 = IFCFACE((#4888));
#4890 = IFCPOLYLOOP((#4691, #4657, #4661));
#4891 = IFCFACEOUTERBOUND(#4890, .T.);
#4892 = IFCFACE((#4891));
#4893 = IFCPOLYLOOP((#4661, #4662, #4667));
#4894 = IFCFACEOUTERBOUND(#4893, .T.);
#4895 = IFCFACE((#4894));
#4896 = IFCPOLYLOOP((#4698, #4619, #4657));
#4897 = IFCFACEOUTERBOUND(#4896, .T.);
#4898 = IFCFACE((#4897));
#4899 = IFCPOLYLOOP((#4662, #4710, #4667));
#4900 = IFCFACEOUTERBOUND(#4899, .T.);
#4901 = IFCFACE((#4900));
#4902 = IFCPOLYLOOP((#4501, #4511, #4496));
#4903 = IFCFACEOUTERBOUND(#4902, .T.);
#4904 = IFCFACE((#4903));
#4905 = IFCPOLYLOOP((#4484, #4486, #4497));
#4906 = IFCFACEOUTERBOUND(#4905, .T.);
#4907 = IFCFACE((#4906));
#4908 = IFCPOLYLOOP((#4572, #4440, #4439));
#4909 = IFCFACEOUTERBOUND(#4908, .T.);
#4910 = IFCFACE((#4909));
#4911 = IFCPOLYLOOP((#4624, #4620, #4698));
#4912 = IFCFACEOUTERBOUND(#4911, .T.);
#4913 = IFCFACE((#4912));
#4914 = IFCPOLYLOOP((#4679, #4478, #4480));
#4915 = IFCFACEOUTERBOUND(#4914, .T.);
#4916 = IFCFACE((#4915));
#4917 = IFCPOLYLOOP((#4479, #4473, #4486));
#4918 = IFCFACEOUTERBOUND(#4917, .T.);
#4919 = IFCFACE((#4918));
#4920 = IFCPOLYLOOP((#4652, #4619, #4737));
#4921 = IFCFACEOUTERBOUND(#4920, .T.);
#4922 = IFCFACE((#4921));
#4923 = IFCPOLYLOOP((#4675, #4680, #4444));
#4924 = IFCFACEOUTERBOUND(#4923, .T.);
#4925 = IFCFACE((#4924));
#4926 = IFCPOLYLOOP((#4620, #4619, #4698));
#4927 = IFCFACEOUTERBOUND(#4926, .T.);
#4928 = IFCFACE((#4927));
#4929 = IFCPOLYLOOP((#4737, #4450, #4449));
#4930 = IFCFACEOUTERBOUND(#4929, .T.);
#4931 = IFCFACE((#4930));
#4932 = IFCPOLYLOOP((#4620, #4512, #4450));
#4933 = IFCFACEOUTERBOUND(#4932, .T.);
#4934 = IFCFACE((#4933));
#4935 = IFCPOLYLOOP((#4675, #4722, #4718));
#4936 = IFCFACEOUTERBOUND(#4935, .T.);
#4937 = IFCFACE((#4936));
#4938 = IFCPOLYLOOP((#4662, #4653, #4714));
#4939 = IFCFACEOUTERBOUND(#4938, .T.);
#4940 = IFCFACE((#4939));
#4941 = IFCPOLYLOOP((#4478, #4474, #4479));
#4942 = IFCFACEOUTERBOUND(#4941, .T.);
#4943 = IFCFACE((#4942));
#4944 = IFCPOLYLOOP((#4438, #4668, #4722));
#4945 = IFCFACEOUTERBOUND(#4944, .T.);
#4946 = IFCFACE((#4945));
#4947 = IFCPOLYLOOP((#4448, #4450, #4460));
#4948 = IFCFACEOUTERBOUND(#4947, .T.);
#4949 = IFCFACE((#4948));
#4950 = IFCFACETEDBREP(#4436);
#4951 = IFCSURFACESTYLERENDERING(#4952, 0., #4953, $, $, #4954, #4955, $, .NOTDEFINED.);
#4952 = IFCCOLOURRGB('Surface color', 8.66666674613953E-1, 7.17647075653076E-1, 5.45098066329956E-1);
#4953 = IFCCOLOURRGB('Diffuse color', 8.66666674613953E-1, 7.17647075653076E-1, 5.45098066329956E-1);
#4954 = IFCCOLOURRGB('Reflection color', 1., 1., 1.);
#4955 = IFCCOLOURRGB('Specular color', 1., 1., 1.);
#4956 = IFCSURFACESTYLE('b065442f_c7c9_4918_b558_1b227b8c97b2', .BOTH., (#4951));
#4957 = IFCPRESENTATIONSTYLEASSIGNMENT((#4956));
#4958 = IFCSTYLEDITEM(#4950, (#4957), $);
#4959 = IFCSTYLEDREPRESENTATION(#106, 'Body', $, (#4958));
#4960 = IFCCLOSEDSHELL((#4966, #4972, #4977, #4980, #4984, #4988, #4994, #4998, #5003, #5006, #5011, #5016, #5020, #5025, #5029, #5032, #5035, #5041, #5045, #5050, #5053, #5056, #5061, #5064, #5069, #5073, #5077, #5080, #5083, #5088, #5091, #5095, #5099, #5102, #5106, #5109, #5113, #5116, #5120, #5123, #5128, #5132, #5137, #5140, #5145, #5148, #5153, #5156, #5159, #5163, #5166, #5170, #5174, #5178, #5182, #5188, #5192, #5196, #5200, #5205, #5209, #5213, #5217, #5220, #5224, #5227, #5231, #5235, #5239, #5242, #5246, #5249, #5253, #5256, #5259, #5264, #5267, #5271, #5275, #5278, #5281, #5285, #5288, #5291, #5294, #5297, #5300, #5303, #5306, #5309, #5312, #5315, #5318, #5321, #5324, #5327, #5330, #5333, #5336, #5339, #5342, #5345, #5348, #5351, #5354, #5357, #5360, #5363, #5366, #5369, #5372, #5375, #5378, #5381, #5384, #5387, #5390, #5393, #5396, #5399, #5402, #5405, #5408, #5411, #5414, #5417, #5420, #5423, #5426, #5429, #5432, #5435, #5438, #5441, #5444, #5447, #5450, #5453, #5456, #5459, #5462, #5465, #5468, #5471, #5474, #5477, #5480, #5483, #5486, #5489, #5492, #5495, #5498, #5501));
#4961 = IFCPOLYLOOP((#4962, #4963, #4964));
#4962 = IFCCARTESIANPOINT((2.20498382568359E-1, 2.36030120849609E-1, 1.19155178070068E-2));
#4963 = IFCCARTESIANPOINT((2.15511016845703E-1, 2.36209197998047E-1, 1.14156932830811E-2));
#4964 = IFCCARTESIANPOINT((2.155E-1, 2.39504806518555E-1, 7.32488393783569E-3));
#4965 = IFCFACEOUTERBOUND(#4961, .T.);
#4966 = IFCFACE((#4965));
#4967 = IFCPOLYLOOP((#4968, #4969, #4970));
#4968 = IFCCARTESIANPOINT((2.13836059570313E-1, 2.48990982055664E-1, 3.45257902145386E-3));
#4969 = IFCCARTESIANPOINT((2.14026748657227E-1, 2.5512141418457E-1, 4.33158493041992E-3));
#4970 = IFCCARTESIANPOINT((2.21903045654297E-1, 2.54376373291016E-1, 4.03824234008789E-3));
#4971 = IFCFACEOUTERBOUND(#4967, .T.);
#4972 = IFCFACE((#4971));
#4973 = IFCPOLYLOOP((#4974, #4968, #4975));
#4974 = IFCCARTESIANPOINT((2.14030456542969E-1, 2.43693603515625E-1, 4.63675165176392E-3));
#4975 = IFCCARTESIANPOINT((2.22147933959961E-1, 2.45818008422852E-1, 3.57590770721436E-3));
#4976 = IFCFACEOUTERBOUND(#4973, .T.);
#4977 = IFCFACE((#4976));
#4978 = IFCPOLYLOOP((#4964, #4974, #4975));
#4979 = IFCFACEOUTERBOUND(#4978, .T.);
#4980 = IFCFACE((#4979));
#4981 = IFCPOLYLOOP((#4982, #4970, #4969));
#4982 = IFCCARTESIANPOINT((2.22082290649414E-1, 2.59597595214844E-1, 7.23180818557739E-3));
#4983 = IFCFACEOUTERBOUND(#4981, .T.);
#4984 = IFCFACE((#4983));
#4985 = IFCPOLYLOOP((#4969, #4986, #4982));
#4986 = IFCCARTESIANPOINT((2.14247253417969E-1, 2.60433898925781E-1, 7.89818286895752E-3));
#4987 = IFCFACEOUTERBOUND(#4985, .T.);
#4988 = IFCFACE((#4987));
#4989 = IFCPOLYLOOP((#4990, #4991, #4992));
#4990 = IFCCARTESIANPOINT((2.20502471923828E-1, 2.64370208740234E-1, 2.17518272399902E-2));
#4991 = IFCCARTESIANPOINT((2.20439788818359E-1, 2.6404541015625E-1, 1.32223377227783E-2));
#4992 = IFCCARTESIANPOINT((2.14069534301758E-1, 2.64636993408203E-1, 1.80004291534424E-2));
#4993 = IFCFACEOUTERBOUND(#4989, .T.);
#4994 = IFCFACE((#4993));
#4995 = IFCPOLYLOOP((#4986, #4996, #4991));
#4996 = IFCCARTESIANPOINT((2.09888305664063E-1, 2.63683898925781E-1, 1.671608543396E-2));
#4997 = IFCFACEOUTERBOUND(#4995, .T.);
#4998 = IFCFACE((#4997));
#4999 = IFCPOLYLOOP((#5000, #5001, #4996));
#5000 = IFCCARTESIANPOINT((2.08763687133789E-1, 2.54646987915039E-1, 7.15257740020752E-3));
#5001 = IFCCARTESIANPOINT((2.07502914428711E-1, 2.58177154541016E-1, 1.53519535064697E-2));
#5002 = IFCFACEOUTERBOUND(#4999, .T.);
#5003 = IFCFACE((#5002));
#5004 = IFCPOLYLOOP((#5000, #4969, #4968));
#5005 = IFCFACEOUTERBOUND(#5004, .T.);
#5006 = IFCFACE((#5005));
#5007 = IFCPOLYLOOP((#5008, #5000, #5009));
#5008 = IFCCARTESIANPOINT((2.07502807617188E-1, 2.45062026977539E-1, 1.03419523239136E-2));
#5009 = IFCCARTESIANPOINT((2.10792510986328E-1, 2.44211730957031E-1, 5.64876699447632E-3));
#5010 = IFCFACEOUTERBOUND(#5007, .T.);
#5011 = IFCFACE((#5010));
#5012 = IFCPOLYLOOP((#5009, #5013, #5014));
#5013 = IFCCARTESIANPOINT((2.12406631469727E-1, 2.37293792724609E-1, 1.02673845291138E-2));
#5014 = IFCCARTESIANPOINT((2.08112167358398E-1, 2.41405212402344E-1, 1.15793952941895E-2));
#5015 = IFCFACEOUTERBOUND(#5012, .T.);
#5016 = IFCFACE((#5015));
#5017 = IFCPOLYLOOP((#5001, #5018, #4996));
#5018 = IFCCARTESIANPOINT((2.08108963012695E-1, 2.59114166259766E-1, 2.1780876159668E-2));
#5019 = IFCFACEOUTERBOUND(#5017, .T.);
#5020 = IFCFACE((#5019));
#5021 = IFCPOLYLOOP((#5022, #5023, #4992));
#5022 = IFCCARTESIANPOINT((2.12438537597656E-1, 2.63188507080078E-1, 2.32453842163086E-2));
#5023 = IFCCARTESIANPOINT((2.15500015258789E-1, 2.63761627197266E-1, 2.34512691497803E-2));
#5024 = IFCFACEOUTERBOUND(#5021, .T.);
#5025 = IFCFACE((#5024));
#5026 = IFCPOLYLOOP((#5013, #5027, #5014));
#5027 = IFCCARTESIANPOINT((2.09843139648438E-1, 2.37734985351563E-1, 1.40962505340576E-2));
#5028 = IFCFACEOUTERBOUND(#5026, .T.);
#5029 = IFCFACE((#5028));
#5030 = IFCPOLYLOOP((#4964, #5013, #4974));
#5031 = IFCFACEOUTERBOUND(#5030, .T.);
#5032 = IFCFACE((#5031));
#5033 = IFCPOLYLOOP((#5013, #4964, #4963));
#5034 = IFCFACEOUTERBOUND(#5033, .T.);
#5035 = IFCFACE((#5034));
#5036 = IFCPOLYLOOP((#5037, #5038, #5039));
#5037 = IFCCARTESIANPOINT((2.25398986816406E-1, 2.4396630859375E-1, 6.32398748397827E-3));
#5038 = IFCCARTESIANPOINT((2.26189804077148E-1, 2.38977523803711E-1, 1.07523384094238E-2));
#5039 = IFCCARTESIANPOINT((2.235380859375E-1, 2.37339797973633E-1, 1.00785932540894E-2));
#5040 = IFCFACEOUTERBOUND(#5036, .T.);
#5041 = IFCFACE((#5040));
#5042 = IFCPOLYLOOP((#4975, #4970, #5043));
#5043 = IFCCARTESIANPOINT((2.2653141784668E-1, 2.53571212768555E-1, 6.17322540283203E-3));
#5044 = IFCFACEOUTERBOUND(#5042, .T.);
#5045 = IFCFACE((#5044));
#5046 = IFCPOLYLOOP((#5043, #5047, #5048));
#5047 = IFCCARTESIANPOINT((2.25706649780273E-1, 2.60868621826172E-1, 1.12235050201416E-2));
#5048 = IFCCARTESIANPOINT((2.28500457763672E-1, 2.58468658447266E-1, 1.43692436218262E-2));
#5049 = IFCFACEOUTERBOUND(#5046, .T.);
#5050 = IFCFACE((#5049));
#5051 = IFCPOLYLOOP((#5043, #4970, #4982));
#5052 = IFCFACEOUTERBOUND(#5051, .T.);
#5053 = IFCFACE((#5052));
#5054 = IFCPOLYLOOP((#4982, #4991, #5047));
#5055 = IFCFACEOUTERBOUND(#5054, .T.);
#5056 = IFCFACE((#5055));
#5057 = IFCPOLYLOOP((#5047, #5058, #5059));
#5058 = IFCCARTESIANPOINT((2.24278335571289E-1, 2.63772430419922E-1, 1.77503700256348E-2));
#5059 = IFCCARTESIANPOINT((2.27880844116211E-1, 2.60340270996094E-1, 1.83791465759277E-2));
#5060 = IFCFACEOUTERBOUND(#5057, .T.);
#5061 = IFCFACE((#5060));
#5062 = IFCPOLYLOOP((#5047, #4991, #5058));
#5063 = IFCFACEOUTERBOUND(#5062, .T.);
#5064 = IFCFACE((#5063));
#5065 = IFCPOLYLOOP((#5066, #5067, #5038));
#5066 = IFCCARTESIANPOINT((2.28494537353516E-1, 2.45035949707031E-1, 1.02883205413818E-2));
#5067 = IFCCARTESIANPOINT((2.27891036987305E-1, 2.40177383422852E-1, 1.49741506576538E-2));
#5068 = IFCFACEOUTERBOUND(#5065, .T.);
#5069 = IFCFACE((#5068));
#5070 = IFCPOLYLOOP((#5058, #5071, #5059));
#5071 = IFCCARTESIANPOINT((2.26156860351563E-1, 2.61556549072266E-1, 2.26588153839111E-2));
#5072 = IFCFACEOUTERBOUND(#5070, .T.);
#5073 = IFCFACE((#5072));
#5074 = IFCPOLYLOOP((#5071, #5058, #5075));
#5075 = IFCCARTESIANPOINT((2.23561447143555E-1, 2.63188507080078E-1, 2.32454700469971E-2));
#5076 = IFCFACEOUTERBOUND(#5074, .T.);
#5077 = IFCFACE((#5076));
#5078 = IFCPOLYLOOP((#5075, #5058, #4990));
#5079 = IFCFACEOUTERBOUND(#5078, .T.);
#5080 = IFCFACE((#5079));
#5081 = IFCPOLYLOOP((#5058, #4991, #4990));
#5082 = IFCFACEOUTERBOUND(#5081, .T.);
#5083 = IFCFACE((#5082));
#5084 = IFCPOLYLOOP((#5085, #5086, #5001));
#5085 = IFCCARTESIANPOINT((2.07501876831055E-1, 6.44293594360352E-2, 5.1294384765625E-1));
#5086 = IFCCARTESIANPOINT((2.07481521606445E-1, 7.64846343994141E-2, 5.19931091308594E-1));
#5087 = IFCFACEOUTERBOUND(#5084, .T.);
#5088 = IFCFACE((#5087));
#5089 = IFCPOLYLOOP((#5008, #5001, #5000));
#5090 = IFCFACEOUTERBOUND(#5089, .T.);
#5091 = IFCFACE((#5090));
#5092 = IFCPOLYLOOP((#5039, #5093, #4962));
#5093 = IFCCARTESIANPOINT((2.23561462402344E-1, 5.91943321228027E-2, 5.05680633544922E-1));
#5094 = IFCFACEOUTERBOUND(#5092, .T.);
#5095 = IFCFACE((#5094));
#5096 = IFCPOLYLOOP((#5071, #5097, #5059));
#5097 = IFCCARTESIANPOINT((2.27886611938477E-1, 8.10424194335938E-2, 5.17191101074219E-1));
#5098 = IFCFACEOUTERBOUND(#5096, .T.);
#5099 = IFCFACE((#5098));
#5100 = IFCPOLYLOOP((#5097, #5048, #5059));
#5101 = IFCFACEOUTERBOUND(#5100, .T.);
#5102 = IFCFACE((#5101));
#5103 = IFCPOLYLOOP((#5104, #4996, #5018));
#5104 = IFCCARTESIANPOINT((2.09843139648438E-1, 8.46478729248047E-2, 5.14829711914063E-1));
#5105 = IFCFACEOUTERBOUND(#5103, .T.);
#5106 = IFCFACE((#5105));
#5107 = IFCPOLYLOOP((#5018, #5001, #5086));
#5108 = IFCFACEOUTERBOUND(#5107, .T.);
#5109 = IFCFACE((#5108));
#5110 = IFCPOLYLOOP((#5111, #5023, #5022));
#5111 = IFCCARTESIANPOINT((2.12438522338867E-1, 8.62798156738281E-2, 5.15416320800781E-1));
#5112 = IFCFACEOUTERBOUND(#5110, .T.);
#5113 = IFCFACE((#5112));
#5114 = IFCPOLYLOOP((#5104, #5111, #5022));
#5115 = IFCFACEOUTERBOUND(#5114, .T.);
#5116 = IFCFACE((#5115));
#5117 = IFCPOLYLOOP((#4963, #5118, #5013));
#5118 = IFCCARTESIANPOINT((2.12438537597656E-1, 5.91943321228027E-2, 5.05680603027344E-1));
#5119 = IFCFACEOUTERBOUND(#5117, .T.);
#5120 = IFCFACE((#5119));
#5121 = IFCPOLYLOOP((#5014, #5085, #5008));
#5122 = IFCFACEOUTERBOUND(#5121, .T.);
#5123 = IFCFACE((#5122));
#5124 = IFCPOLYLOOP((#5125, #5126, #5086));
#5125 = IFCCARTESIANPOINT((2.1164225769043E-1, 8.31355438232422E-2, 5.20143127441406E-1));
#5126 = IFCCARTESIANPOINT((2.08118057250977E-1, 8.10419845581055E-2, 5.17197509765625E-1));
#5127 = IFCFACEOUTERBOUND(#5124, .T.);
#5128 = IFCFACE((#5127));
#5129 = IFCPOLYLOOP((#5086, #5085, #5130));
#5130 = IFCCARTESIANPOINT((2.09836700439453E-1, 6.86061782836914E-2, 5.23214477539063E-1));
#5131 = IFCFACEOUTERBOUND(#5129, .T.);
#5132 = IFCFACE((#5131));
#5133 = IFCPOLYLOOP((#5134, #5130, #5135));
#5134 = IFCCARTESIANPOINT((2.11514846801758E-1, 6.12253189086914E-2, 5.19031677246094E-1));
#5135 = IFCCARTESIANPOINT((2.08107559204102E-1, 6.14924430847168E-2, 5.12146545410156E-1));
#5136 = IFCFACEOUTERBOUND(#5133, .T.);
#5137 = IFCFACE((#5136));
#5138 = IFCPOLYLOOP((#5111, #5104, #5125));
#5139 = IFCFACEOUTERBOUND(#5138, .T.);
#5140 = IFCFACE((#5139));
#5141 = IFCPOLYLOOP((#5125, #5142, #5143));
#5142 = IFCCARTESIANPOINT((2.16401504516602E-1, 8.40456695556641E-2, 5.20975891113281E-1));
#5143 = IFCCARTESIANPOINT((2.15497207641602E-1, 8.64274368286133E-2, 5.16803161621094E-1));
#5144 = IFCFACEOUTERBOUND(#5141, .T.);
#5145 = IFCFACE((#5144));
#5146 = IFCPOLYLOOP((#5143, #5111, #5125));
#5147 = IFCFACEOUTERBOUND(#5146, .T.);
#5148 = IFCFACE((#5147));
#5149 = IFCPOLYLOOP((#5142, #5150, #5151));
#5150 = IFCCARTESIANPOINT((2.12089385986328E-1, 7.63610000610352E-2, 5.24683227539063E-1));
#5151 = IFCCARTESIANPOINT((2.16376754760742E-1, 7.31619338989258E-2, 5.26226318359375E-1));
#5152 = IFCFACEOUTERBOUND(#5149, .T.);
#5153 = IFCFACE((#5152));
#5154 = IFCPOLYLOOP((#5150, #5142, #5125));
#5155 = IFCFACEOUTERBOUND(#5154, .T.);
#5156 = IFCFACE((#5155));
#5157 = IFCPOLYLOOP((#5130, #5151, #5150));
#5158 = IFCFACEOUTERBOUND(#5157, .T.);
#5159 = IFCFACE((#5158));
#5160 = IFCPOLYLOOP((#5130, #5134, #5161));
#5161 = IFCCARTESIANPOINT((2.16387847900391E-1, 6.20727500915527E-2, 5.21741760253906E-1));
#5162 = IFCFACEOUTERBOUND(#5160, .T.);
#5163 = IFCFACE((#5162));
#5164 = IFCPOLYLOOP((#5151, #5130, #5161));
#5165 = IFCFACEOUTERBOUND(#5164, .T.);
#5166 = IFCFACE((#5165));
#5167 = IFCPOLYLOOP((#5161, #5134, #5168));
#5168 = IFCCARTESIANPOINT((2.16396011352539E-1, 5.80303001403809E-2, 5.143408203125E-1));
#5169 = IFCFACEOUTERBOUND(#5167, .T.);
#5170 = IFCFACE((#5169));
#5171 = IFCPOLYLOOP((#5172, #5168, #5134));
#5172 = IFCCARTESIANPOINT((2.09925094604492E-1, 5.9372989654541E-2, 5.10126159667969E-1));
#5173 = IFCFACEOUTERBOUND(#5171, .T.);
#5174 = IFCFACE((#5173));
#5175 = IFCPOLYLOOP((#5172, #5176, #5168));
#5176 = IFCCARTESIANPOINT((2.16400039672852E-1, 5.76503829956055E-2, 5.08457153320313E-1));
#5177 = IFCFACEOUTERBOUND(#5175, .T.);
#5178 = IFCFACE((#5177));
#5179 = IFCPOLYLOOP((#5180, #5176, #5118));
#5180 = IFCCARTESIANPOINT((2.15497924804688E-1, 5.8175163269043E-2, 5.06718383789063E-1));
#5181 = IFCFACEOUTERBOUND(#5179, .T.);
#5182 = IFCFACE((#5181));
#5183 = IFCPOLYLOOP((#5184, #5185, #5186));
#5184 = IFCCARTESIANPOINT((2.27905029296875E-1, 6.17525672912598E-2, 5.11545928955078E-1));
#5185 = IFCCARTESIANPOINT((2.24391815185547E-1, 6.11606636047363E-2, 5.18999694824219E-1));
#5186 = IFCCARTESIANPOINT((2.24170684814453E-1, 5.85399627685547E-2, 5.11201293945313E-1));
#5187 = IFCFACEOUTERBOUND(#5183, .T.);
#5188 = IFCFACE((#5187));
#5189 = IFCPOLYLOOP((#5184, #5190, #5185));
#5190 = IFCCARTESIANPOINT((2.27804946899414E-1, 6.75246200561523E-2, 5.19897399902344E-1));
#5191 = IFCFACEOUTERBOUND(#5189, .T.);
#5192 = IFCFACE((#5191));
#5193 = IFCPOLYLOOP((#5194, #5185, #5190));
#5194 = IFCCARTESIANPOINT((2.24415939331055E-1, 6.78995666503906E-2, 5.23834045410156E-1));
#5195 = IFCFACEOUTERBOUND(#5193, .T.);
#5196 = IFCFACE((#5195));
#5197 = IFCPOLYLOOP((#5194, #5190, #5198));
#5198 = IFCCARTESIANPOINT((2.28503387451172E-1, 7.64200592041016E-2, 5.20140747070313E-1));
#5199 = IFCFACEOUTERBOUND(#5197, .T.);
#5200 = IFCFACE((#5199));
#5201 = IFCPOLYLOOP((#5202, #5203, #5198));
#5202 = IFCCARTESIANPOINT((2.23513549804688E-1, 8.47844619750977E-2, 5.19579040527344E-1));
#5203 = IFCCARTESIANPOINT((2.24045989990234E-1, 7.64579315185547E-2, 5.24635131835938E-1));
#5204 = IFCFACEOUTERBOUND(#5201, .T.);
#5205 = IFCFACE((#5204));
#5206 = IFCPOLYLOOP((#5093, #5207, #5186));
#5207 = IFCCARTESIANPOINT((2.26156860351563E-1, 6.0826286315918E-2, 5.06267242431641E-1));
#5208 = IFCFACEOUTERBOUND(#5206, .T.);
#5209 = IFCFACE((#5208));
#5210 = IFCPOLYLOOP((#5186, #5211, #5093));
#5211 = IFCCARTESIANPOINT((2.19600234985352E-1, 5.76517333984375E-2, 5.08450744628906E-1));
#5212 = IFCFACEOUTERBOUND(#5210, .T.);
#5213 = IFCFACE((#5212));
#5214 = IFCPOLYLOOP((#5186, #5215, #5211));
#5215 = IFCCARTESIANPOINT((2.19687225341797E-1, 5.80323181152344E-2, 5.14311340332031E-1));
#5216 = IFCFACEOUTERBOUND(#5214, .T.);
#5217 = IFCFACE((#5216));
#5218 = IFCPOLYLOOP((#5185, #5215, #5186));
#5219 = IFCFACEOUTERBOUND(#5218, .T.);
#5220 = IFCFACE((#5219));
#5221 = IFCPOLYLOOP((#5215, #5185, #5222));
#5222 = IFCCARTESIANPOINT((2.19602142333984E-1, 6.20696640014648E-2, 5.21741760253906E-1));
#5223 = IFCFACEOUTERBOUND(#5221, .T.);
#5224 = IFCFACE((#5223));
#5225 = IFCPOLYLOOP((#5194, #5222, #5185));
#5226 = IFCFACEOUTERBOUND(#5225, .T.);
#5227 = IFCFACE((#5226));
#5228 = IFCPOLYLOOP((#5194, #5203, #5229));
#5229 = IFCCARTESIANPOINT((2.19601943969727E-1, 7.34424057006836E-2, 5.26175415039063E-1));
#5230 = IFCFACEOUTERBOUND(#5228, .T.);
#5231 = IFCFACE((#5230));
#5232 = IFCPOLYLOOP((#5233, #5202, #5097));
#5233 = IFCCARTESIANPOINT((2.26156860351563E-1, 8.46478424072266E-2, 5.14829772949219E-1));
#5234 = IFCFACEOUTERBOUND(#5232, .T.);
#5235 = IFCFACE((#5234));
#5236 = IFCPOLYLOOP((#5229, #5203, #5237));
#5237 = IFCCARTESIANPOINT((2.19603134155273E-1, 8.40508041381836E-2, 5.20971801757813E-1));
#5238 = IFCFACEOUTERBOUND(#5236, .T.);
#5239 = IFCFACE((#5238));
#5240 = IFCPOLYLOOP((#5202, #5237, #5203));
#5241 = IFCFACEOUTERBOUND(#5240, .T.);
#5242 = IFCFACE((#5241));
#5243 = IFCPOLYLOOP((#5244, #5237, #5202));
#5244 = IFCCARTESIANPOINT((2.20503723144531E-1, 8.64277954101563E-2, 5.16802185058594E-1));
#5245 = IFCFACEOUTERBOUND(#5243, .T.);
#5246 = IFCFACE((#5245));
#5247 = IFCPOLYLOOP((#5222, #5194, #5229));
#5248 = IFCFACEOUTERBOUND(#5247, .T.);
#5249 = IFCFACE((#5248));
#5250 = IFCPOLYLOOP((#5251, #5176, #5180));
#5251 = IFCCARTESIANPOINT((2.16399993896484E-1, 6.64014511108398E-2, 4.83829681396484E-1));
#5252 = IFCFACEOUTERBOUND(#5250, .T.);
#5253 = IFCFACE((#5252));
#5254 = IFCPOLYLOOP((#5180, #4963, #5251));
#5255 = IFCFACEOUTERBOUND(#5254, .T.);
#5256 = IFCFACE((#5255));
#5257 = IFCPOLYLOOP((#5251, #4963, #4962));
#5258 = IFCFACEOUTERBOUND(#5257, .T.);
#5259 = IFCFACE((#5258));
#5260 = IFCPOLYLOOP((#5261, #5262, #5211));
#5261 = IFCCARTESIANPOINT((2.19600006103516E-1, 6.64014511108398E-2, 4.83829681396484E-1));
#5262 = IFCCARTESIANPOINT((2.20502075195313E-1, 5.81758270263672E-2, 5.06716522216797E-1));
#5263 = IFCFACEOUTERBOUND(#5260, .T.);
#5264 = IFCFACE((#5263));
#5265 = IFCPOLYLOOP((#5262, #5261, #4962));
#5266 = IFCFACEOUTERBOUND(#5265, .T.);
#5267 = IFCFACE((#5266));
#5268 = IFCPOLYLOOP((#5237, #5244, #5269));
#5269 = IFCCARTESIANPOINT((2.19600006103516E-1, 9.07740936279297E-2, 5.04713287353516E-1));
#5270 = IFCFACEOUTERBOUND(#5268, .T.);
#5271 = IFCFACE((#5270));
#5272 = IFCPOLYLOOP((#5143, #5142, #5273));
#5273 = IFCCARTESIANPOINT((2.16399993896484E-1, 9.07740936279297E-2, 5.04713287353516E-1));
#5274 = IFCFACEOUTERBOUND(#5272, .T.);
#5275 = IFCFACE((#5274));
#5276 = IFCPOLYLOOP((#5023, #5143, #5273));
#5277 = IFCFACEOUTERBOUND(#5276, .T.);
#5278 = IFCFACE((#5277));
#5279 = IFCPOLYLOOP((#5269, #4990, #5023));
#5280 = IFCFACEOUTERBOUND(#5279, .T.);
#5281 = IFCFACE((#5280));
#5282 = IFCPOLYLOOP((#5198, #5283, #5048));
#5283 = IFCCARTESIANPOINT((2.28498397827148E-1, 6.48692245483398E-2, 5.11621276855469E-1));
#5284 = IFCFACEOUTERBOUND(#5282, .T.);
#5285 = IFCFACE((#5284));
#5286 = IFCPOLYLOOP((#5198, #5190, #5283));
#5287 = IFCFACEOUTERBOUND(#5286, .T.);
#5288 = IFCFACE((#5287));
#5289 = IFCPOLYLOOP((#5190, #5184, #5283));
#5290 = IFCFACEOUTERBOUND(#5289, .T.);
#5291 = IFCFACE((#5290));
#5292 = IFCPOLYLOOP((#5283, #5184, #5067));
#5293 = IFCFACEOUTERBOUND(#5292, .T.);
#5294 = IFCFACE((#5293));
#5295 = IFCPOLYLOOP((#5184, #5207, #5067));
#5296 = IFCFACEOUTERBOUND(#5295, .T.);
#5297 = IFCFACE((#5296));
#5298 = IFCPOLYLOOP((#4962, #5093, #5262));
#5299 = IFCFACEOUTERBOUND(#5298, .T.);
#5300 = IFCFACE((#5299));
#5301 = IFCPOLYLOOP((#5244, #5202, #4990));
#5302 = IFCFACEOUTERBOUND(#5301, .T.);
#5303 = IFCFACE((#5302));
#5304 = IFCPOLYLOOP((#5075, #5202, #5233));
#5305 = IFCFACEOUTERBOUND(#5304, .T.);
#5306 = IFCFACE((#5305));
#5307 = IFCPOLYLOOP((#5097, #5071, #5233));
#5308 = IFCFACEOUTERBOUND(#5307, .T.);
#5309 = IFCFACE((#5308));
#5310 = IFCPOLYLOOP((#5023, #5111, #5143));
#5311 = IFCFACEOUTERBOUND(#5310, .T.);
#5312 = IFCFACE((#5311));
#5313 = IFCPOLYLOOP((#4963, #5180, #5118));
#5314 = IFCFACEOUTERBOUND(#5313, .T.);
#5315 = IFCFACE((#5314));
#5316 = IFCPOLYLOOP((#5027, #5118, #5172));
#5317 = IFCFACEOUTERBOUND(#5316, .T.);
#5318 = IFCFACE((#5317));
#5319 = IFCPOLYLOOP((#5135, #5014, #5027));
#5320 = IFCFACEOUTERBOUND(#5319, .T.);
#5321 = IFCFACE((#5320));
#5322 = IFCPOLYLOOP((#5273, #5142, #5176));
#5323 = IFCFACEOUTERBOUND(#5322, .T.);
#5324 = IFCFACE((#5323));
#5325 = IFCPOLYLOOP((#5176, #5251, #5273));
#5326 = IFCFACEOUTERBOUND(#5325, .T.);
#5327 = IFCFACE((#5326));
#5328 = IFCPOLYLOOP((#5142, #5168, #5176));
#5329 = IFCFACEOUTERBOUND(#5328, .T.);
#5330 = IFCFACE((#5329));
#5331 = IFCPOLYLOOP((#5151, #5168, #5142));
#5332 = IFCFACEOUTERBOUND(#5331, .T.);
#5333 = IFCFACE((#5332));
#5334 = IFCPOLYLOOP((#5161, #5168, #5151));
#5335 = IFCFACEOUTERBOUND(#5334, .T.);
#5336 = IFCFACE((#5335));
#5337 = IFCPOLYLOOP((#5269, #5261, #5211));
#5338 = IFCFACEOUTERBOUND(#5337, .T.);
#5339 = IFCFACE((#5338));
#5340 = IFCPOLYLOOP((#5211, #5229, #5269));
#5341 = IFCFACEOUTERBOUND(#5340, .T.);
#5342 = IFCFACE((#5341));
#5343 = IFCPOLYLOOP((#5237, #5269, #5229));
#5344 = IFCFACEOUTERBOUND(#5343, .T.);
#5345 = IFCFACE((#5344));
#5346 = IFCPOLYLOOP((#5222, #5211, #5215));
#5347 = IFCFACEOUTERBOUND(#5346, .T.);
#5348 = IFCFACE((#5347));
#5349 = IFCPOLYLOOP((#5251, #5261, #5269));
#5350 = IFCFACEOUTERBOUND(#5349, .T.);
#5351 = IFCFACE((#5350));
#5352 = IFCPOLYLOOP((#5269, #5273, #5251));
#5353 = IFCFACEOUTERBOUND(#5352, .T.);
#5354 = IFCFACE((#5353));
#5355 = IFCPOLYLOOP((#4996, #5022, #4992));
#5356 = IFCFACEOUTERBOUND(#5355, .T.);
#5357 = IFCFACE((#5356));
#5358 = IFCPOLYLOOP((#5038, #5093, #5039));
#5359 = IFCFACEOUTERBOUND(#5358, .T.);
#5360 = IFCFACE((#5359));
#5361 = IFCPOLYLOOP((#5104, #5126, #5125));
#5362 = IFCFACEOUTERBOUND(#5361, .T.);
#5363 = IFCFACE((#5362));
#5364 = IFCPOLYLOOP((#5207, #5184, #5186));
#5365 = IFCFACEOUTERBOUND(#5364, .T.);
#5366 = IFCFACE((#5365));
#5367 = IFCPOLYLOOP((#5118, #5027, #5013));
#5368 = IFCFACEOUTERBOUND(#5367, .T.);
#5369 = IFCFACE((#5368));
#5370 = IFCPOLYLOOP((#5093, #5038, #5207));
#5371 = IFCFACEOUTERBOUND(#5370, .T.);
#5372 = IFCFACE((#5371));
#5373 = IFCPOLYLOOP((#5097, #5198, #5048));
#5374 = IFCFACEOUTERBOUND(#5373, .T.);
#5375 = IFCFACE((#5374));
#5376 = IFCPOLYLOOP((#5085, #5014, #5135));
#5377 = IFCFACEOUTERBOUND(#5376, .T.);
#5378 = IFCFACE((#5377));
#5379 = IFCPOLYLOOP((#5269, #5244, #4990));
#5380 = IFCFACEOUTERBOUND(#5379, .T.);
#5381 = IFCFACE((#5380));
#5382 = IFCPOLYLOOP((#5202, #5075, #4990));
#5383 = IFCFACEOUTERBOUND(#5382, .T.);
#5384 = IFCFACE((#5383));
#5385 = IFCPOLYLOOP((#5018, #5086, #5126));
#5386 = IFCFACEOUTERBOUND(#5385, .T.);
#5387 = IFCFACE((#5386));
#5388 = IFCPOLYLOOP((#5283, #5067, #5066));
#5389 = IFCFACEOUTERBOUND(#5388, .T.);
#5390 = IFCFACE((#5389));
#5391 = IFCPOLYLOOP((#4964, #4975, #5039));
#5392 = IFCFACEOUTERBOUND(#5391, .T.);
#5393 = IFCFACE((#5392));
#5394 = IFCPOLYLOOP((#4986, #4991, #4982));
#5395 = IFCFACEOUTERBOUND(#5394, .T.);
#5396 = IFCFACE((#5395));
#5397 = IFCPOLYLOOP((#4991, #4996, #4992));
#5398 = IFCFACEOUTERBOUND(#5397, .T.);
#5399 = IFCFACE((#5398));
#5400 = IFCPOLYLOOP((#5251, #4962, #5261));
#5401 = IFCFACEOUTERBOUND(#5400, .T.);
#5402 = IFCFACE((#5401));
#5403 = IFCPOLYLOOP((#4990, #4992, #5023));
#5404 = IFCFACEOUTERBOUND(#5403, .T.);
#5405 = IFCFACE((#5404));
#5406 = IFCPOLYLOOP((#5009, #5014, #5008));
#5407 = IFCFACEOUTERBOUND(#5406, .T.);
#5408 = IFCFACE((#5407));
#5409 = IFCPOLYLOOP((#5013, #5009, #4974));
#5410 = IFCFACEOUTERBOUND(#5409, .T.);
#5411 = IFCFACE((#5410));
#5412 = IFCPOLYLOOP((#5047, #5059, #5048));
#5413 = IFCFACEOUTERBOUND(#5412, .T.);
#5414 = IFCFACE((#5413));
#5415 = IFCPOLYLOOP((#5269, #5023, #5273));
#5416 = IFCFACEOUTERBOUND(#5415, .T.);
#5417 = IFCFACE((#5416));
#5418 = IFCPOLYLOOP((#5211, #5262, #5093));
#5419 = IFCFACEOUTERBOUND(#5418, .T.);
#5420 = IFCFACE((#5419));
#5421 = IFCPOLYLOOP((#5176, #5172, #5118));
#5422 = IFCFACEOUTERBOUND(#5421, .T.);
#5423 = IFCFACE((#5422));
#5424 = IFCPOLYLOOP((#4969, #5000, #4986));
#5425 = IFCFACEOUTERBOUND(#5424, .T.);
#5426 = IFCFACE((#5425));
#5427 = IFCPOLYLOOP((#5038, #5037, #5066));
#5428 = IFCFACEOUTERBOUND(#5427, .T.);
#5429 = IFCFACE((#5428));
#5430 = IFCPOLYLOOP((#5037, #5043, #5066));
#5431 = IFCFACEOUTERBOUND(#5430, .T.);
#5432 = IFCFACE((#5431));
#5433 = IFCPOLYLOOP((#5104, #5018, #5126));
#5434 = IFCFACEOUTERBOUND(#5433, .T.);
#5435 = IFCFACE((#5434));
#5436 = IFCPOLYLOOP((#5135, #5027, #5172));
#5437 = IFCFACEOUTERBOUND(#5436, .T.);
#5438 = IFCFACE((#5437));
#5439 = IFCPOLYLOOP((#5085, #5001, #5008));
#5440 = IFCFACEOUTERBOUND(#5439, .T.);
#5441 = IFCFACE((#5440));
#5442 = IFCPOLYLOOP((#5283, #5066, #5048));
#5443 = IFCFACEOUTERBOUND(#5442, .T.);
#5444 = IFCFACE((#5443));
#5445 = IFCPOLYLOOP((#5037, #5039, #4975));
#5446 = IFCFACEOUTERBOUND(#5445, .T.);
#5447 = IFCFACE((#5446));
#5448 = IFCPOLYLOOP((#5104, #5022, #4996));
#5449 = IFCFACEOUTERBOUND(#5448, .T.);
#5450 = IFCFACE((#5449));
#5451 = IFCPOLYLOOP((#5194, #5198, #5203));
#5452 = IFCFACEOUTERBOUND(#5451, .T.);
#5453 = IFCFACE((#5452));
#5454 = IFCPOLYLOOP((#5207, #5038, #5067));
#5455 = IFCFACEOUTERBOUND(#5454, .T.);
#5456 = IFCFACE((#5455));
#5457 = IFCPOLYLOOP((#5043, #5048, #5066));
#5458 = IFCFACEOUTERBOUND(#5457, .T.);
#5459 = IFCFACE((#5458));
#5460 = IFCPOLYLOOP((#4962, #4964, #5039));
#5461 = IFCFACEOUTERBOUND(#5460, .T.);
#5462 = IFCFACE((#5461));
#5463 = IFCPOLYLOOP((#5043, #4982, #5047));
#5464 = IFCFACEOUTERBOUND(#5463, .T.);
#5465 = IFCFACE((#5464));
#5466 = IFCPOLYLOOP((#5086, #5130, #5150));
#5467 = IFCFACEOUTERBOUND(#5466, .T.);
#5468 = IFCFACE((#5467));
#5469 = IFCPOLYLOOP((#5135, #5172, #5134));
#5470 = IFCFACEOUTERBOUND(#5469, .T.);
#5471 = IFCFACE((#5470));
#5472 = IFCPOLYLOOP((#5202, #5198, #5097));
#5473 = IFCFACEOUTERBOUND(#5472, .T.);
#5474 = IFCFACE((#5473));
#5475 = IFCPOLYLOOP((#5211, #5222, #5229));
#5476 = IFCFACEOUTERBOUND(#5475, .T.);
#5477 = IFCFACE((#5476));
#5478 = IFCPOLYLOOP((#5125, #5086, #5150));
#5479 = IFCFACEOUTERBOUND(#5478, .T.);
#5480 = IFCFACE((#5479));
#5481 = IFCPOLYLOOP((#5075, #5233, #5071));
#5482 = IFCFACEOUTERBOUND(#5481, .T.);
#5483 = IFCFACE((#5482));
#5484 = IFCPOLYLOOP((#4996, #4986, #5000));
#5485 = IFCFACEOUTERBOUND(#5484, .T.);
#5486 = IFCFACE((#5485));
#5487 = IFCPOLYLOOP((#5000, #4968, #5009));
#5488 = IFCFACEOUTERBOUND(#5487, .T.);
#5489 = IFCFACE((#5488));
#5490 = IFCPOLYLOOP((#5009, #4968, #4974));
#5491 = IFCFACEOUTERBOUND(#5490, .T.);
#5492 = IFCFACE((#5491));
#5493 = IFCPOLYLOOP((#5037, #4975, #5043));
#5494 = IFCFACEOUTERBOUND(#5493, .T.);
#5495 = IFCFACE((#5494));
#5496 = IFCPOLYLOOP((#4968, #4970, #4975));
#5497 = IFCFACEOUTERBOUND(#5496, .T.);
#5498 = IFCFACE((#5497));
#5499 = IFCPOLYLOOP((#5085, #5135, #5130));
#5500 = IFCFACEOUTERBOUND(#5499, .T.);
#5501 = IFCFACE((#5500));
#5502 = IFCFACETEDBREP(#4960);
#5503 = IFCSURFACESTYLERENDERING(#5504, 0., #5505, $, $, #5506, #5507, $, .NOTDEFINED.);
#5504 = IFCCOLOURRGB('Surface color', 8.66666674613953E-1, 7.17647075653076E-1, 5.45098066329956E-1);
#5505 = IFCCOLOURRGB('Diffuse color', 8.66666674613953E-1, 7.17647075653076E-1, 5.45098066329956E-1);
#5506 = IFCCOLOURRGB('Reflection color', 1., 1., 1.);
#5507 = IFCCOLOURRGB('Specular color', 1., 1., 1.);
#5508 = IFCSURFACESTYLE('b065442f_c7c9_4918_b558_1b227b8c97b2', .BOTH., (#5503));
#5509 = IFCPRESENTATIONSTYLEASSIGNMENT((#5508));
#5510 = IFCSTYLEDITEM(#5502, (#5509), $);
#5511 = IFCSTYLEDREPRESENTATION(#106, 'Body', $, (#5510));
#5512 = IFCCLOSEDSHELL((#5518, #5524, #5529, #5532, #5537, #5540, #5546, #5550, #5555, #5558, #5563, #5568, #5572, #5577, #5581, #5584, #5587, #5593, #5597, #5602, #5605, #5608, #5613, #5616, #5621, #5625, #5629, #5632, #5635, #5640, #5643, #5647, #5651, #5654, #5658, #5661, #5665, #5668, #5672, #5675, #5680, #5684, #5689, #5692, #5696, #5700, #5705, #5708, #5711, #5715, #5718, #5722, #5726, #5730, #5734, #5740, #5744, #5748, #5752, #5757, #5761, #5765, #5769, #5772, #5776, #5779, #5783, #5787, #5791, #5794, #5798, #5801, #5805, #5808, #5811, #5816, #5819, #5823, #5827, #5830, #5833, #5837, #5840, #5843, #5846, #5849, #5852, #5855, #5858, #5861, #5864, #5867, #5870, #5873, #5876, #5879, #5882, #5885, #5888, #5891, #5894, #5897, #5900, #5903, #5906, #5909, #5912, #5915, #5918, #5921, #5924, #5927, #5930, #5933, #5936, #5939, #5942, #5945, #5948, #5951, #5954, #5957, #5960, #5963, #5966, #5969, #5972, #5975, #5978, #5981, #5984, #5987, #5990, #5993, #5996, #5999, #6002, #6005, #6008, #6011, #6014, #6017, #6020, #6023, #6026, #6029, #6032, #6035, #6038, #6041, #6044, #6047, #6050, #6053));
#5513 = IFCPOLYLOOP((#5514, #5515, #5516));
#5514 = IFCCARTESIANPOINT((-2.20498382568359E-1, 2.36030120849609E-1, 1.19155178070068E-2));
#5515 = IFCCARTESIANPOINT((-2.155E-1, 2.39504806518555E-1, 7.32488393783569E-3));
#5516 = IFCCARTESIANPOINT((-2.15511016845703E-1, 2.36209197998047E-1, 1.14156932830811E-2));
#5517 = IFCFACEOUTERBOUND(#5513, .T.);
#5518 = IFCFACE((#5517));
#5519 = IFCPOLYLOOP((#5520, #5521, #5522));
#5520 = IFCCARTESIANPOINT((-2.13836059570313E-1, 2.48990982055664E-1, 3.45257902145386E-3));
#5521 = IFCCARTESIANPOINT((-2.21903045654297E-1, 2.54376373291016E-1, 4.03824234008789E-3));
#5522 = IFCCARTESIANPOINT((-2.14026748657227E-1, 2.5512141418457E-1, 4.33158493041992E-3));
#5523 = IFCFACEOUTERBOUND(#5519, .T.);
#5524 = IFCFACE((#5523));
#5525 = IFCPOLYLOOP((#5526, #5527, #5520));
#5526 = IFCCARTESIANPOINT((-2.14030456542969E-1, 2.43693603515625E-1, 4.63675165176392E-3));
#5527 = IFCCARTESIANPOINT((-2.22147933959961E-1, 2.45818008422852E-1, 3.57590770721436E-3));
#5528 = IFCFACEOUTERBOUND(#5525, .T.);
#5529 = IFCFACE((#5528));
#5530 = IFCPOLYLOOP((#5515, #5527, #5526));
#5531 = IFCFACEOUTERBOUND(#5530, .T.);
#5532 = IFCFACE((#5531));
#5533 = IFCPOLYLOOP((#5534, #5535, #5522));
#5534 = IFCCARTESIANPOINT((-2.22082290649414E-1, 2.59597595214844E-1, 7.23180818557739E-3));
#5535 = IFCCARTESIANPOINT((-2.14247253417969E-1, 2.60433898925781E-1, 7.89818286895752E-3));
#5536 = IFCFACEOUTERBOUND(#5533, .T.);
#5537 = IFCFACE((#5536));
#5538 = IFCPOLYLOOP((#5522, #5521, #5534));
#5539 = IFCFACEOUTERBOUND(#5538, .T.);
#5540 = IFCFACE((#5539));
#5541 = IFCPOLYLOOP((#5542, #5543, #5544));
#5542 = IFCCARTESIANPOINT((-2.20502471923828E-1, 2.64370208740234E-1, 2.17518272399902E-2));
#5543 = IFCCARTESIANPOINT((-2.14069534301758E-1, 2.64636993408203E-1, 1.80004291534424E-2));
#5544 = IFCCARTESIANPOINT((-2.20439788818359E-1, 2.6404541015625E-1, 1.32223377227783E-2));
#5545 = IFCFACEOUTERBOUND(#5541, .T.);
#5546 = IFCFACE((#5545));
#5547 = IFCPOLYLOOP((#5535, #5544, #5548));
#5548 = IFCCARTESIANPOINT((-2.09888305664063E-1, 2.63683898925781E-1, 1.671608543396E-2));
#5549 = IFCFACEOUTERBOUND(#5547, .T.);
#5550 = IFCFACE((#5549));
#5551 = IFCPOLYLOOP((#5552, #5548, #5553));
#5552 = IFCCARTESIANPOINT((-2.08763687133789E-1, 2.54646987915039E-1, 7.15257740020752E-3));
#5553 = IFCCARTESIANPOINT((-2.07502914428711E-1, 2.58177154541016E-1, 1.53519535064697E-2));
#5554 = IFCFACEOUTERBOUND(#5551, .T.);
#5555 = IFCFACE((#5554));
#5556 = IFCPOLYLOOP((#5552, #5520, #5522));
#5557 = IFCFACEOUTERBOUND(#5556, .T.);
#5558 = IFCFACE((#5557));
#5559 = IFCPOLYLOOP((#5560, #5561, #5552));
#5560 = IFCCARTESIANPOINT((-2.07502807617188E-1, 2.45062026977539E-1, 1.03419523239136E-2));
#5561 = IFCCARTESIANPOINT((-2.10792510986328E-1, 2.44211730957031E-1, 5.64876699447632E-3));
#5562 = IFCFACEOUTERBOUND(#5559, .T.);
#5563 = IFCFACE((#5562));
#5564 = IFCPOLYLOOP((#5561, #5565, #5566));
#5565 = IFCCARTESIANPOINT((-2.08112167358398E-1, 2.41405212402344E-1, 1.15793952941895E-2));
#5566 = IFCCARTESIANPOINT((-2.12406631469727E-1, 2.37293792724609E-1, 1.02673845291138E-2));
#5567 = IFCFACEOUTERBOUND(#5564, .T.);
#5568 = IFCFACE((#5567));
#5569 = IFCPOLYLOOP((#5553, #5548, #5570));
#5570 = IFCCARTESIANPOINT((-2.08108963012695E-1, 2.59114166259766E-1, 2.1780876159668E-2));
#5571 = IFCFACEOUTERBOUND(#5569, .T.);
#5572 = IFCFACE((#5571));
#5573 = IFCPOLYLOOP((#5574, #5543, #5575));
#5574 = IFCCARTESIANPOINT((-2.12438537597656E-1, 2.63188507080078E-1, 2.32453842163086E-2));
#5575 = IFCCARTESIANPOINT((-2.15500015258789E-1, 2.63761627197266E-1, 2.34512691497803E-2));
#5576 = IFCFACEOUTERBOUND(#5573, .T.);
#5577 = IFCFACE((#5576));
#5578 = IFCPOLYLOOP((#5566, #5565, #5579));
#5579 = IFCCARTESIANPOINT((-2.09843139648438E-1, 2.37734985351563E-1, 1.40962505340576E-2));
#5580 = IFCFACEOUTERBOUND(#5578, .T.);
#5581 = IFCFACE((#5580));
#5582 = IFCPOLYLOOP((#5515, #5526, #5566));
#5583 = IFCFACEOUTERBOUND(#5582, .T.);
#5584 = IFCFACE((#5583));
#5585 = IFCPOLYLOOP((#5566, #5516, #5515));
#5586 = IFCFACEOUTERBOUND(#5585, .T.);
#5587 = IFCFACE((#5586));
#5588 = IFCPOLYLOOP((#5589, #5590, #5591));
#5589 = IFCCARTESIANPOINT((-2.25398986816406E-1, 2.4396630859375E-1, 6.32398748397827E-3));
#5590 = IFCCARTESIANPOINT((-2.235380859375E-1, 2.37339797973633E-1, 1.00785932540894E-2));
#5591 = IFCCARTESIANPOINT((-2.26189804077148E-1, 2.38977523803711E-1, 1.07523384094238E-2));
#5592 = IFCFACEOUTERBOUND(#5588, .T.);
#5593 = IFCFACE((#5592));
#5594 = IFCPOLYLOOP((#5527, #5595, #5521));
#5595 = IFCCARTESIANPOINT((-2.2653141784668E-1, 2.53571212768555E-1, 6.17322540283203E-3));
#5596 = IFCFACEOUTERBOUND(#5594, .T.);
#5597 = IFCFACE((#5596));
#5598 = IFCPOLYLOOP((#5595, #5599, #5600));
#5599 = IFCCARTESIANPOINT((-2.28500457763672E-1, 2.58468658447266E-1, 1.43692436218262E-2));
#5600 = IFCCARTESIANPOINT((-2.25706649780273E-1, 2.60868621826172E-1, 1.12235050201416E-2));
#5601 = IFCFACEOUTERBOUND(#5598, .T.);
#5602 = IFCFACE((#5601));
#5603 = IFCPOLYLOOP((#5595, #5534, #5521));
#5604 = IFCFACEOUTERBOUND(#5603, .T.);
#5605 = IFCFACE((#5604));
#5606 = IFCPOLYLOOP((#5534, #5600, #5544));
#5607 = IFCFACEOUTERBOUND(#5606, .T.);
#5608 = IFCFACE((#5607));
#5609 = IFCPOLYLOOP((#5600, #5610, #5611));
#5610 = IFCCARTESIANPOINT((-2.27880844116211E-1, 2.60340270996094E-1, 1.83791465759277E-2));
#5611 = IFCCARTESIANPOINT((-2.24278335571289E-1, 2.63772430419922E-1, 1.77503700256348E-2));
#5612 = IFCFACEOUTERBOUND(#5609, .T.);
#5613 = IFCFACE((#5612));
#5614 = IFCPOLYLOOP((#5600, #5611, #5544));
#5615 = IFCFACEOUTERBOUND(#5614, .T.);
#5616 = IFCFACE((#5615));
#5617 = IFCPOLYLOOP((#5618, #5591, #5619));
#5618 = IFCCARTESIANPOINT((-2.28494537353516E-1, 2.45035949707031E-1, 1.02883205413818E-2));
#5619 = IFCCARTESIANPOINT((-2.27891036987305E-1, 2.40177383422852E-1, 1.49741506576538E-2));
#5620 = IFCFACEOUTERBOUND(#5617, .T.);
#5621 = IFCFACE((#5620));
#5622 = IFCPOLYLOOP((#5611, #5610, #5623));
#5623 = IFCCARTESIANPOINT((-2.26156860351563E-1, 2.61556549072266E-1, 2.26588153839111E-2));
#5624 = IFCFACEOUTERBOUND(#5622, .T.);
#5625 = IFCFACE((#5624));
#5626 = IFCPOLYLOOP((#5623, #5627, #5611));
#5627 = IFCCARTESIANPOINT((-2.23561447143555E-1, 2.63188507080078E-1, 2.32454700469971E-2));
#5628 = IFCFACEOUTERBOUND(#5626, .T.);
#5629 = IFCFACE((#5628));
#5630 = IFCPOLYLOOP((#5627, #5542, #5611));
#5631 = IFCFACEOUTERBOUND(#5630, .T.);
#5632 = IFCFACE((#5631));
#5633 = IFCPOLYLOOP((#5611, #5542, #5544));
#5634 = IFCFACEOUTERBOUND(#5633, .T.);
#5635 = IFCFACE((#5634));
#5636 = IFCPOLYLOOP((#5637, #5553, #5638));
#5637 = IFCCARTESIANPOINT((-2.07501876831055E-1, 6.44293594360352E-2, 5.1294384765625E-1));
#5638 = IFCCARTESIANPOINT((-2.07481521606445E-1, 7.64846343994141E-2, 5.19931091308594E-1));
#5639 = IFCFACEOUTERBOUND(#5636, .T.);
#5640 = IFCFACE((#5639));
#5641 = IFCPOLYLOOP((#5560, #5552, #5553));
#5642 = IFCFACEOUTERBOUND(#5641, .T.);
#5643 = IFCFACE((#5642));
#5644 = IFCPOLYLOOP((#5590, #5514, #5645));
#5645 = IFCCARTESIANPOINT((-2.23561462402344E-1, 5.91943321228027E-2, 5.05680633544922E-1));
#5646 = IFCFACEOUTERBOUND(#5644, .T.);
#5647 = IFCFACE((#5646));
#5648 = IFCPOLYLOOP((#5623, #5610, #5649));
#5649 = IFCCARTESIANPOINT((-2.27886611938477E-1, 8.10424194335938E-2, 5.17191101074219E-1));
#5650 = IFCFACEOUTERBOUND(#5648, .T.);
#5651 = IFCFACE((#5650));
#5652 = IFCPOLYLOOP((#5649, #5610, #5599));
#5653 = IFCFACEOUTERBOUND(#5652, .T.);
#5654 = IFCFACE((#5653));
#5655 = IFCPOLYLOOP((#5656, #5570, #5548));
#5656 = IFCCARTESIANPOINT((-2.09843139648438E-1, 8.46478729248047E-2, 5.14829711914063E-1));
#5657 = IFCFACEOUTERBOUND(#5655, .T.);
#5658 = IFCFACE((#5657));
#5659 = IFCPOLYLOOP((#5570, #5638, #5553));
#5660 = IFCFACEOUTERBOUND(#5659, .T.);
#5661 = IFCFACE((#5660));
#5662 = IFCPOLYLOOP((#5663, #5574, #5575));
#5663 = IFCCARTESIANPOINT((-2.12438522338867E-1, 8.62798156738281E-2, 5.15416320800781E-1));
#5664 = IFCFACEOUTERBOUND(#5662, .T.);
#5665 = IFCFACE((#5664));
#5666 = IFCPOLYLOOP((#5656, #5574, #5663));
#5667 = IFCFACEOUTERBOUND(#5666, .T.);
#5668 = IFCFACE((#5667));
#5669 = IFCPOLYLOOP((#5516, #5566, #5670));
#5670 = IFCCARTESIANPOINT((-2.12438537597656E-1, 5.91943321228027E-2, 5.05680603027344E-1));
#5671 = IFCFACEOUTERBOUND(#5669, .T.);
#5672 = IFCFACE((#5671));
#5673 = IFCPOLYLOOP((#5565, #5560, #5637));
#5674 = IFCFACEOUTERBOUND(#5673, .T.);
#5675 = IFCFACE((#5674));
#5676 = IFCPOLYLOOP((#5677, #5638, #5678));
#5677 = IFCCARTESIANPOINT((-2.1164225769043E-1, 8.31355438232422E-2, 5.20143127441406E-1));
#5678 = IFCCARTESIANPOINT((-2.08118057250977E-1, 8.10419845581055E-2, 5.17197509765625E-1));
#5679 = IFCFACEOUTERBOUND(#5676, .T.);
#5680 = IFCFACE((#5679));
#5681 = IFCPOLYLOOP((#5638, #5682, #5637));
#5682 = IFCCARTESIANPOINT((-2.09836700439453E-1, 6.86061782836914E-2, 5.23214477539063E-1));
#5683 = IFCFACEOUTERBOUND(#5681, .T.);
#5684 = IFCFACE((#5683));
#5685 = IFCPOLYLOOP((#5686, #5687, #5682));
#5686 = IFCCARTESIANPOINT((-2.11514846801758E-1, 6.12253189086914E-2, 5.19031677246094E-1));
#5687 = IFCCARTESIANPOINT((-2.08107559204102E-1, 6.14924430847168E-2, 5.12146545410156E-1));
#5688 = IFCFACEOUTERBOUND(#5685, .T.);
#5689 = IFCFACE((#5688));
#5690 = IFCPOLYLOOP((#5663, #5677, #5656));
#5691 = IFCFACEOUTERBOUND(#5690, .T.);
#5692 = IFCFACE((#5691));
#5693 = IFCPOLYLOOP((#5677, #5663, #5694));
#5694 = IFCCARTESIANPOINT((-2.15497207641602E-1, 8.64274368286133E-2, 5.16803161621094E-1));
#5695 = IFCFACEOUTERBOUND(#5693, .T.);
#5696 = IFCFACE((#5695));
#5697 = IFCPOLYLOOP((#5694, #5698, #5677));
#5698 = IFCCARTESIANPOINT((-2.16401504516602E-1, 8.40456695556641E-2, 5.20975891113281E-1));
#5699 = IFCFACEOUTERBOUND(#5697, .T.);
#5700 = IFCFACE((#5699));
#5701 = IFCPOLYLOOP((#5698, #5702, #5703));
#5702 = IFCCARTESIANPOINT((-2.16376754760742E-1, 7.31619338989258E-2, 5.26226318359375E-1));
#5703 = IFCCARTESIANPOINT((-2.12089385986328E-1, 7.63610000610352E-2, 5.24683227539063E-1));
#5704 = IFCFACEOUTERBOUND(#5701, .T.);
#5705 = IFCFACE((#5704));
#5706 = IFCPOLYLOOP((#5703, #5677, #5698));
#5707 = IFCFACEOUTERBOUND(#5706, .T.);
#5708 = IFCFACE((#5707));
#5709 = IFCPOLYLOOP((#5682, #5703, #5702));
#5710 = IFCFACEOUTERBOUND(#5709, .T.);
#5711 = IFCFACE((#5710));
#5712 = IFCPOLYLOOP((#5682, #5713, #5686));
#5713 = IFCCARTESIANPOINT((-2.16387847900391E-1, 6.20727500915527E-2, 5.21741760253906E-1));
#5714 = IFCFACEOUTERBOUND(#5712, .T.);
#5715 = IFCFACE((#5714));
#5716 = IFCPOLYLOOP((#5702, #5713, #5682));
#5717 = IFCFACEOUTERBOUND(#5716, .T.);
#5718 = IFCFACE((#5717));
#5719 = IFCPOLYLOOP((#5713, #5720, #5686));
#5720 = IFCCARTESIANPOINT((-2.16396011352539E-1, 5.80303001403809E-2, 5.143408203125E-1));
#5721 = IFCFACEOUTERBOUND(#5719, .T.);
#5722 = IFCFACE((#5721));
#5723 = IFCPOLYLOOP((#5724, #5686, #5720));
#5724 = IFCCARTESIANPOINT((-2.09925094604492E-1, 5.9372989654541E-2, 5.10126159667969E-1));
#5725 = IFCFACEOUTERBOUND(#5723, .T.);
#5726 = IFCFACE((#5725));
#5727 = IFCPOLYLOOP((#5724, #5720, #5728));
#5728 = IFCCARTESIANPOINT((-2.16400039672852E-1, 5.76503829956055E-2, 5.08457153320313E-1));
#5729 = IFCFACEOUTERBOUND(#5727, .T.);
#5730 = IFCFACE((#5729));
#5731 = IFCPOLYLOOP((#5732, #5670, #5728));
#5732 = IFCCARTESIANPOINT((-2.15497924804688E-1, 5.8175163269043E-2, 5.06718383789063E-1));
#5733 = IFCFACEOUTERBOUND(#5731, .T.);
#5734 = IFCFACE((#5733));
#5735 = IFCPOLYLOOP((#5736, #5737, #5738));
#5736 = IFCCARTESIANPOINT((-2.27905029296875E-1, 6.17525672912598E-2, 5.11545928955078E-1));
#5737 = IFCCARTESIANPOINT((-2.24170684814453E-1, 5.85399627685547E-2, 5.11201293945313E-1));
#5738 = IFCCARTESIANPOINT((-2.24391815185547E-1, 6.11606636047363E-2, 5.18999694824219E-1));
#5739 = IFCFACEOUTERBOUND(#5735, .T.);
#5740 = IFCFACE((#5739));
#5741 = IFCPOLYLOOP((#5736, #5738, #5742));
#5742 = IFCCARTESIANPOINT((-2.27804946899414E-1, 6.75246200561523E-2, 5.19897399902344E-1));
#5743 = IFCFACEOUTERBOUND(#5741, .T.);
#5744 = IFCFACE((#5743));
#5745 = IFCPOLYLOOP((#5746, #5742, #5738));
#5746 = IFCCARTESIANPOINT((-2.24415939331055E-1, 6.78995666503906E-2, 5.23834045410156E-1));
#5747 = IFCFACEOUTERBOUND(#5745, .T.);
#5748 = IFCFACE((#5747));
#5749 = IFCPOLYLOOP((#5746, #5750, #5742));
#5750 = IFCCARTESIANPOINT((-2.28503387451172E-1, 7.64200592041016E-2, 5.20140747070313E-1));
#5751 = IFCFACEOUTERBOUND(#5749, .T.);
#5752 = IFCFACE((#5751));
#5753 = IFCPOLYLOOP((#5754, #5750, #5755));
#5754 = IFCCARTESIANPOINT((-2.23513549804688E-1, 8.47844619750977E-2, 5.19579040527344E-1));
#5755 = IFCCARTESIANPOINT((-2.24045989990234E-1, 7.64579315185547E-2, 5.24635131835938E-1));
#5756 = IFCFACEOUTERBOUND(#5753, .T.);
#5757 = IFCFACE((#5756));
#5758 = IFCPOLYLOOP((#5645, #5737, #5759));
#5759 = IFCCARTESIANPOINT((-2.26156860351563E-1, 6.0826286315918E-2, 5.06267242431641E-1));
#5760 = IFCFACEOUTERBOUND(#5758, .T.);
#5761 = IFCFACE((#5760));
#5762 = IFCPOLYLOOP((#5737, #5645, #5763));
#5763 = IFCCARTESIANPOINT((-2.19600234985352E-1, 5.76517333984375E-2, 5.08450744628906E-1));
#5764 = IFCFACEOUTERBOUND(#5762, .T.);
#5765 = IFCFACE((#5764));
#5766 = IFCPOLYLOOP((#5737, #5763, #5767));
#5767 = IFCCARTESIANPOINT((-2.19687225341797E-1, 5.80323181152344E-2, 5.14311340332031E-1));
#5768 = IFCFACEOUTERBOUND(#5766, .T.);
#5769 = IFCFACE((#5768));
#5770 = IFCPOLYLOOP((#5738, #5737, #5767));
#5771 = IFCFACEOUTERBOUND(#5770, .T.);
#5772 = IFCFACE((#5771));
#5773 = IFCPOLYLOOP((#5767, #5774, #5738));
#5774 = IFCCARTESIANPOINT((-2.19602142333984E-1, 6.20696640014648E-2, 5.21741760253906E-1));
#5775 = IFCFACEOUTERBOUND(#5773, .T.);
#5776 = IFCFACE((#5775));
#5777 = IFCPOLYLOOP((#5746, #5738, #5774));
#5778 = IFCFACEOUTERBOUND(#5777, .T.);
#5779 = IFCFACE((#5778));
#5780 = IFCPOLYLOOP((#5746, #5781, #5755));
#5781 = IFCCARTESIANPOINT((-2.19601943969727E-1, 7.34424057006836E-2, 5.26175415039063E-1));
#5782 = IFCFACEOUTERBOUND(#5780, .T.);
#5783 = IFCFACE((#5782));
#5784 = IFCPOLYLOOP((#5785, #5649, #5754));
#5785 = IFCCARTESIANPOINT((-2.26156860351563E-1, 8.46478424072266E-2, 5.14829772949219E-1));
#5786 = IFCFACEOUTERBOUND(#5784, .T.);
#5787 = IFCFACE((#5786));
#5788 = IFCPOLYLOOP((#5781, #5789, #5755));
#5789 = IFCCARTESIANPOINT((-2.19603134155273E-1, 8.40508041381836E-2, 5.20971801757813E-1));
#5790 = IFCFACEOUTERBOUND(#5788, .T.);
#5791 = IFCFACE((#5790));
#5792 = IFCPOLYLOOP((#5754, #5755, #5789));
#5793 = IFCFACEOUTERBOUND(#5792, .T.);
#5794 = IFCFACE((#5793));
#5795 = IFCPOLYLOOP((#5796, #5754, #5789));
#5796 = IFCCARTESIANPOINT((-2.20503723144531E-1, 8.64277954101563E-2, 5.16802185058594E-1));
#5797 = IFCFACEOUTERBOUND(#5795, .T.);
#5798 = IFCFACE((#5797));
#5799 = IFCPOLYLOOP((#5774, #5781, #5746));
#5800 = IFCFACEOUTERBOUND(#5799, .T.);
#5801 = IFCFACE((#5800));
#5802 = IFCPOLYLOOP((#5803, #5732, #5728));
#5803 = IFCCARTESIANPOINT((-2.16399993896484E-1, 6.64014511108398E-2, 4.83829681396484E-1));
#5804 = IFCFACEOUTERBOUND(#5802, .T.);
#5805 = IFCFACE((#5804));
#5806 = IFCPOLYLOOP((#5732, #5803, #5516));
#5807 = IFCFACEOUTERBOUND(#5806, .T.);
#5808 = IFCFACE((#5807));
#5809 = IFCPOLYLOOP((#5803, #5514, #5516));
#5810 = IFCFACEOUTERBOUND(#5809, .T.);
#5811 = IFCFACE((#5810));
#5812 = IFCPOLYLOOP((#5813, #5763, #5814));
#5813 = IFCCARTESIANPOINT((-2.19600006103516E-1, 6.64014511108398E-2, 4.83829681396484E-1));
#5814 = IFCCARTESIANPOINT((-2.20502075195313E-1, 5.81758270263672E-2, 5.06716522216797E-1));
#5815 = IFCFACEOUTERBOUND(#5812, .T.);
#5816 = IFCFACE((#5815));
#5817 = IFCPOLYLOOP((#5814, #5514, #5813));
#5818 = IFCFACEOUTERBOUND(#5817, .T.);
#5819 = IFCFACE((#5818));
#5820 = IFCPOLYLOOP((#5789, #5821, #5796));
#5821 = IFCCARTESIANPOINT((-2.19600006103516E-1, 9.07740936279297E-2, 5.04713287353516E-1));
#5822 = IFCFACEOUTERBOUND(#5820, .T.);
#5823 = IFCFACE((#5822));
#5824 = IFCPOLYLOOP((#5694, #5825, #5698));
#5825 = IFCCARTESIANPOINT((-2.16399993896484E-1, 9.07740936279297E-2, 5.04713287353516E-1));
#5826 = IFCFACEOUTERBOUND(#5824, .T.);
#5827 = IFCFACE((#5826));
#5828 = IFCPOLYLOOP((#5575, #5825, #5694));
#5829 = IFCFACEOUTERBOUND(#5828, .T.);
#5830 = IFCFACE((#5829));
#5831 = IFCPOLYLOOP((#5821, #5575, #5542));
#5832 = IFCFACEOUTERBOUND(#5831, .T.);
#5833 = IFCFACE((#5832));
#5834 = IFCPOLYLOOP((#5750, #5599, #5835));
#5835 = IFCCARTESIANPOINT((-2.28498397827148E-1, 6.48692245483398E-2, 5.11621276855469E-1));
#5836 = IFCFACEOUTERBOUND(#5834, .T.);
#5837 = IFCFACE((#5836));
#5838 = IFCPOLYLOOP((#5750, #5835, #5742));
#5839 = IFCFACEOUTERBOUND(#5838, .T.);
#5840 = IFCFACE((#5839));
#5841 = IFCPOLYLOOP((#5742, #5835, #5736));
#5842 = IFCFACEOUTERBOUND(#5841, .T.);
#5843 = IFCFACE((#5842));
#5844 = IFCPOLYLOOP((#5835, #5619, #5736));
#5845 = IFCFACEOUTERBOUND(#5844, .T.);
#5846 = IFCFACE((#5845));
#5847 = IFCPOLYLOOP((#5736, #5619, #5759));
#5848 = IFCFACEOUTERBOUND(#5847, .T.);
#5849 = IFCFACE((#5848));
#5850 = IFCPOLYLOOP((#5514, #5814, #5645));
#5851 = IFCFACEOUTERBOUND(#5850, .T.);
#5852 = IFCFACE((#5851));
#5853 = IFCPOLYLOOP((#5796, #5542, #5754));
#5854 = IFCFACEOUTERBOUND(#5853, .T.);
#5855 = IFCFACE((#5854));
#5856 = IFCPOLYLOOP((#5627, #5785, #5754));
#5857 = IFCFACEOUTERBOUND(#5856, .T.);
#5858 = IFCFACE((#5857));
#5859 = IFCPOLYLOOP((#5649, #5785, #5623));
#5860 = IFCFACEOUTERBOUND(#5859, .T.);
#5861 = IFCFACE((#5860));
#5862 = IFCPOLYLOOP((#5575, #5694, #5663));
#5863 = IFCFACEOUTERBOUND(#5862, .T.);
#5864 = IFCFACE((#5863));
#5865 = IFCPOLYLOOP((#5516, #5670, #5732));
#5866 = IFCFACEOUTERBOUND(#5865, .T.);
#5867 = IFCFACE((#5866));
#5868 = IFCPOLYLOOP((#5579, #5724, #5670));
#5869 = IFCFACEOUTERBOUND(#5868, .T.);
#5870 = IFCFACE((#5869));
#5871 = IFCPOLYLOOP((#5687, #5579, #5565));
#5872 = IFCFACEOUTERBOUND(#5871, .T.);
#5873 = IFCFACE((#5872));
#5874 = IFCPOLYLOOP((#5825, #5803, #5728));
#5875 = IFCFACEOUTERBOUND(#5874, .T.);
#5876 = IFCFACE((#5875));
#5877 = IFCPOLYLOOP((#5728, #5698, #5825));
#5878 = IFCFACEOUTERBOUND(#5877, .T.);
#5879 = IFCFACE((#5878));
#5880 = IFCPOLYLOOP((#5698, #5728, #5720));
#5881 = IFCFACEOUTERBOUND(#5880, .T.);
#5882 = IFCFACE((#5881));
#5883 = IFCPOLYLOOP((#5702, #5698, #5720));
#5884 = IFCFACEOUTERBOUND(#5883, .T.);
#5885 = IFCFACE((#5884));
#5886 = IFCPOLYLOOP((#5713, #5702, #5720));
#5887 = IFCFACEOUTERBOUND(#5886, .T.);
#5888 = IFCFACE((#5887));
#5889 = IFCPOLYLOOP((#5821, #5781, #5763));
#5890 = IFCFACEOUTERBOUND(#5889, .T.);
#5891 = IFCFACE((#5890));
#5892 = IFCPOLYLOOP((#5763, #5813, #5821));
#5893 = IFCFACEOUTERBOUND(#5892, .T.);
#5894 = IFCFACE((#5893));
#5895 = IFCPOLYLOOP((#5789, #5781, #5821));
#5896 = IFCFACEOUTERBOUND(#5895, .T.);
#5897 = IFCFACE((#5896));
#5898 = IFCPOLYLOOP((#5774, #5767, #5763));
#5899 = IFCFACEOUTERBOUND(#5898, .T.);
#5900 = IFCFACE((#5899));
#5901 = IFCPOLYLOOP((#5803, #5825, #5821));
#5902 = IFCFACEOUTERBOUND(#5901, .T.);
#5903 = IFCFACE((#5902));
#5904 = IFCPOLYLOOP((#5821, #5813, #5803));
#5905 = IFCFACEOUTERBOUND(#5904, .T.);
#5906 = IFCFACE((#5905));
#5907 = IFCPOLYLOOP((#5548, #5543, #5574));
#5908 = IFCFACEOUTERBOUND(#5907, .T.);
#5909 = IFCFACE((#5908));
#5910 = IFCPOLYLOOP((#5591, #5590, #5645));
#5911 = IFCFACEOUTERBOUND(#5910, .T.);
#5912 = IFCFACE((#5911));
#5913 = IFCPOLYLOOP((#5656, #5677, #5678));
#5914 = IFCFACEOUTERBOUND(#5913, .T.);
#5915 = IFCFACE((#5914));
#5916 = IFCPOLYLOOP((#5759, #5737, #5736));
#5917 = IFCFACEOUTERBOUND(#5916, .T.);
#5918 = IFCFACE((#5917));
#5919 = IFCPOLYLOOP((#5670, #5566, #5579));
#5920 = IFCFACEOUTERBOUND(#5919, .T.);
#5921 = IFCFACE((#5920));
#5922 = IFCPOLYLOOP((#5645, #5759, #5591));
#5923 = IFCFACEOUTERBOUND(#5922, .T.);
#5924 = IFCFACE((#5923));
#5925 = IFCPOLYLOOP((#5649, #5599, #5750));
#5926 = IFCFACEOUTERBOUND(#5925, .T.);
#5927 = IFCFACE((#5926));
#5928 = IFCPOLYLOOP((#5637, #5687, #5565));
#5929 = IFCFACEOUTERBOUND(#5928, .T.);
#5930 = IFCFACE((#5929));
#5931 = IFCPOLYLOOP((#5821, #5542, #5796));
#5932 = IFCFACEOUTERBOUND(#5931, .T.);
#5933 = IFCFACE((#5932));
#5934 = IFCPOLYLOOP((#5754, #5542, #5627));
#5935 = IFCFACEOUTERBOUND(#5934, .T.);
#5936 = IFCFACE((#5935));
#5937 = IFCPOLYLOOP((#5570, #5678, #5638));
#5938 = IFCFACEOUTERBOUND(#5937, .T.);
#5939 = IFCFACE((#5938));
#5940 = IFCPOLYLOOP((#5835, #5618, #5619));
#5941 = IFCFACEOUTERBOUND(#5940, .T.);
#5942 = IFCFACE((#5941));
#5943 = IFCPOLYLOOP((#5515, #5590, #5527));
#5944 = IFCFACEOUTERBOUND(#5943, .T.);
#5945 = IFCFACE((#5944));
#5946 = IFCPOLYLOOP((#5535, #5534, #5544));
#5947 = IFCFACEOUTERBOUND(#5946, .T.);
#5948 = IFCFACE((#5947));
#5949 = IFCPOLYLOOP((#5544, #5543, #5548));
#5950 = IFCFACEOUTERBOUND(#5949, .T.);
#5951 = IFCFACE((#5950));
#5952 = IFCPOLYLOOP((#5803, #5813, #5514));
#5953 = IFCFACEOUTERBOUND(#5952, .T.);
#5954 = IFCFACE((#5953));
#5955 = IFCPOLYLOOP((#5542, #5575, #5543));
#5956 = IFCFACEOUTERBOUND(#5955, .T.);
#5957 = IFCFACE((#5956));
#5958 = IFCPOLYLOOP((#5561, #5560, #5565));
#5959 = IFCFACEOUTERBOUND(#5958, .T.);
#5960 = IFCFACE((#5959));
#5961 = IFCPOLYLOOP((#5566, #5526, #5561));
#5962 = IFCFACEOUTERBOUND(#5961, .T.);
#5963 = IFCFACE((#5962));
#5964 = IFCPOLYLOOP((#5600, #5599, #5610));
#5965 = IFCFACEOUTERBOUND(#5964, .T.);
#5966 = IFCFACE((#5965));
#5967 = IFCPOLYLOOP((#5821, #5825, #5575));
#5968 = IFCFACEOUTERBOUND(#5967, .T.);
#5969 = IFCFACE((#5968));
#5970 = IFCPOLYLOOP((#5763, #5645, #5814));
#5971 = IFCFACEOUTERBOUND(#5970, .T.);
#5972 = IFCFACE((#5971));
#5973 = IFCPOLYLOOP((#5728, #5670, #5724));
#5974 = IFCFACEOUTERBOUND(#5973, .T.);
#5975 = IFCFACE((#5974));
#5976 = IFCPOLYLOOP((#5522, #5535, #5552));
#5977 = IFCFACEOUTERBOUND(#5976, .T.);
#5978 = IFCFACE((#5977));
#5979 = IFCPOLYLOOP((#5591, #5618, #5589));
#5980 = IFCFACEOUTERBOUND(#5979, .T.);
#5981 = IFCFACE((#5980));
#5982 = IFCPOLYLOOP((#5589, #5618, #5595));
#5983 = IFCFACEOUTERBOUND(#5982, .T.);
#5984 = IFCFACE((#5983));
#5985 = IFCPOLYLOOP((#5656, #5678, #5570));
#5986 = IFCFACEOUTERBOUND(#5985, .T.);
#5987 = IFCFACE((#5986));
#5988 = IFCPOLYLOOP((#5687, #5724, #5579));
#5989 = IFCFACEOUTERBOUND(#5988, .T.);
#5990 = IFCFACE((#5989));
#5991 = IFCPOLYLOOP((#5637, #5560, #5553));
#5992 = IFCFACEOUTERBOUND(#5991, .T.);
#5993 = IFCFACE((#5992));
#5994 = IFCPOLYLOOP((#5835, #5599, #5618));
#5995 = IFCFACEOUTERBOUND(#5994, .T.);
#5996 = IFCFACE((#5995));
#5997 = IFCPOLYLOOP((#5589, #5527, #5590));
#5998 = IFCFACEOUTERBOUND(#5997, .T.);
#5999 = IFCFACE((#5998));
#6000 = IFCPOLYLOOP((#5656, #5548, #5574));
#6001 = IFCFACEOUTERBOUND(#6000, .T.);
#6002 = IFCFACE((#6001));
#6003 = IFCPOLYLOOP((#5746, #5755, #5750));
#6004 = IFCFACEOUTERBOUND(#6003, .T.);
#6005 = IFCFACE((#6004));
#6006 = IFCPOLYLOOP((#5759, #5619, #5591));
#6007 = IFCFACEOUTERBOUND(#6006, .T.);
#6008 = IFCFACE((#6007));
#6009 = IFCPOLYLOOP((#5595, #5618, #5599));
#6010 = IFCFACEOUTERBOUND(#6009, .T.);
#6011 = IFCFACE((#6010));
#6012 = IFCPOLYLOOP((#5514, #5590, #5515));
#6013 = IFCFACEOUTERBOUND(#6012, .T.);
#6014 = IFCFACE((#6013));
#6015 = IFCPOLYLOOP((#5595, #5600, #5534));
#6016 = IFCFACEOUTERBOUND(#6015, .T.);
#6017 = IFCFACE((#6016));
#6018 = IFCPOLYLOOP((#5638, #5703, #5682));
#6019 = IFCFACEOUTERBOUND(#6018, .T.);
#6020 = IFCFACE((#6019));
#6021 = IFCPOLYLOOP((#5687, #5686, #5724));
#6022 = IFCFACEOUTERBOUND(#6021, .T.);
#6023 = IFCFACE((#6022));
#6024 = IFCPOLYLOOP((#5754, #5649, #5750));
#6025 = IFCFACEOUTERBOUND(#6024, .T.);
#6026 = IFCFACE((#6025));
#6027 = IFCPOLYLOOP((#5763, #5781, #5774));
#6028 = IFCFACEOUTERBOUND(#6027, .T.);
#6029 = IFCFACE((#6028));
#6030 = IFCPOLYLOOP((#5677, #5703, #5638));
#6031 = IFCFACEOUTERBOUND(#6030, .T.);
#6032 = IFCFACE((#6031));
#6033 = IFCPOLYLOOP((#5627, #5623, #5785));
#6034 = IFCFACEOUTERBOUND(#6033, .T.);
#6035 = IFCFACE((#6034));
#6036 = IFCPOLYLOOP((#5548, #5552, #5535));
#6037 = IFCFACEOUTERBOUND(#6036, .T.);
#6038 = IFCFACE((#6037));
#6039 = IFCPOLYLOOP((#5552, #5561, #5520));
#6040 = IFCFACEOUTERBOUND(#6039, .T.);
#6041 = IFCFACE((#6040));
#6042 = IFCPOLYLOOP((#5561, #5526, #5520));
#6043 = IFCFACEOUTERBOUND(#6042, .T.);
#6044 = IFCFACE((#6043));
#6045 = IFCPOLYLOOP((#5589, #5595, #5527));
#6046 = IFCFACEOUTERBOUND(#6045, .T.);
#6047 = IFCFACE((#6046));
#6048 = IFCPOLYLOOP((#5520, #5527, #5521));
#6049 = IFCFACEOUTERBOUND(#6048, .T.);
#6050 = IFCFACE((#6049));
#6051 = IFCPOLYLOOP((#5637, #5682, #5687));
#6052 = IFCFACEOUTERBOUND(#6051, .T.);
#6053 = IFCFACE((#6052));
#6054 = IFCFACETEDBREP(#5512);
#6055 = IFCSURFACESTYLERENDERING(#6056, 0., #6057, $, $, #6058, #6059, $, .NOTDEFINED.);
#6056 = IFCCOLOURRGB('Surface color', 8.66666674613953E-1, 7.17647075653076E-1, 5.45098066329956E-1);
#6057 = IFCCOLOURRGB('Diffuse color', 8.66666674613953E-1, 7.17647075653076E-1, 5.45098066329956E-1);
#6058 = IFCCOLOURRGB('Reflection color', 1., 1., 1.);
#6059 = IFCCOLOURRGB('Specular color', 1., 1., 1.);
#6060 = IFCSURFACESTYLE('b065442f_c7c9_4918_b558_1b227b8c97b2', .BOTH., (#6055));
#6061 = IFCPRESENTATIONSTYLEASSIGNMENT((#6060));
#6062 = IFCSTYLEDITEM(#6054, (#6061), $);
#6063 = IFCSTYLEDREPRESENTATION(#106, 'Body', $, (#6062));
#6064 = IFCCLOSEDSHELL((#6070, #6074, #6079, #6083, #6089, #6092, #6096, #6099, #6105, #6108, #6113, #6116, #6119, #6122, #6128, #6133, #6137, #6143, #6146, #6150, #6153, #6159, #6162, #6167, #6170, #6173, #6176, #6179, #6182, #6185, #6188, #6191, #6194, #6197, #6200, #6203, #6206, #6209, #6212, #6215, #6218, #6221, #6224, #6227, #6230, #6233, #6236, #6239, #6242, #6245, #6248, #6251, #6254, #6257, #6260, #6263, #6266, #6269));
#6065 = IFCPOLYLOOP((#6066, #6067, #6068));
#6066 = IFCCARTESIANPOINT((-2.075E-1, -1.17117256164551E-1, 1.72666610717773E-1));
#6067 = IFCCARTESIANPOINT((-2.075E-1, -1.18432441711426E-1, 1.70843002319336E-1));
#6068 = IFCCARTESIANPOINT((-2.075E-1, -1.20502983093262E-1, 1.69564163208008E-1));
#6069 = IFCFACEOUTERBOUND(#6065, .T.);
#6070 = IFCFACE((#6069));
#6071 = IFCPOLYLOOP((#6072, #6066, #6068));
#6072 = IFCCARTESIANPOINT((-2.07500030517578E-1, -1.23590003967285E-1, 1.69204986572266E-1));
#6073 = IFCFACEOUTERBOUND(#6071, .T.);
#6074 = IFCFACE((#6073));
#6075 = IFCPOLYLOOP((#6076, #6072, #6077));
#6076 = IFCCARTESIANPOINT((-2.07500045776367E-1, -1.0901488494873E-1, 2.00745132446289E-1));
#6077 = IFCCARTESIANPOINT((-2.07499740600586E-1, -1.29254104614258E-1, 1.7184130859375E-1));
#6078 = IFCFACEOUTERBOUND(#6075, .T.);
#6079 = IFCFACE((#6078));
#6080 = IFCPOLYLOOP((#6077, #6081, #6076));
#6081 = IFCCARTESIANPOINT((-2.07499572753906E-1, -1.14545997619629E-1, 2.03334411621094E-1));
#6082 = IFCFACEOUTERBOUND(#6080, .T.);
#6083 = IFCFACE((#6082));
#6084 = IFCPOLYLOOP((#6085, #6086, #6087));
#6085 = IFCCARTESIANPOINT((-2.075E-1, -1.31263458251953E-1, 1.76826202392578E-1));
#6086 = IFCCARTESIANPOINT((-2.075E-1, -1.30711868286133E-1, 1.79005889892578E-1));
#6087 = IFCCARTESIANPOINT((-2.075E-1, -1.30912185668945E-1, 1.74418060302734E-1));
#6088 = IFCFACEOUTERBOUND(#6084, .T.);
#6089 = IFCFACE((#6088));
#6090 = IFCPOLYLOOP((#6077, #6087, #6086));
#6091 = IFCFACEOUTERBOUND(#6090, .T.);
#6092 = IFCFACE((#6091));
#6093 = IFCPOLYLOOP((#6094, #6077, #6086));
#6094 = IFCCARTESIANPOINT((-2.075E-1, -1.20991653442383E-1, 1.99850967407227E-1));
#6095 = IFCFACEOUTERBOUND(#6093, .T.);
#6096 = IFCFACE((#6095));
#6097 = IFCPOLYLOOP((#6076, #6066, #6072));
#6098 = IFCFACEOUTERBOUND(#6097, .T.);
#6099 = IFCFACE((#6098));
#6100 = IFCPOLYLOOP((#6101, #6102, #6103));
#6101 = IFCCARTESIANPOINT((-2.075E-1, -1.07196723937988E-1, 1.98099517822266E-1));
#6102 = IFCCARTESIANPOINT((-2.075E-1, -1.06840591430664E-1, 1.95785675048828E-1));
#6103 = IFCCARTESIANPOINT((-2.075E-1, -1.07397033691406E-1, 1.93511688232422E-1));
#6104 = IFCFACEOUTERBOUND(#6100, .T.);
#6105 = IFCFACE((#6104));
#6106 = IFCPOLYLOOP((#6101, #6103, #6076));
#6107 = IFCFACEOUTERBOUND(#6106, .T.);
#6108 = IFCFACE((#6107));
#6109 = IFCPOLYLOOP((#6110, #6094, #6111));
#6110 = IFCCARTESIANPOINT((-2.075E-1, -1.17605926513672E-1, 2.02953414916992E-1));
#6111 = IFCCARTESIANPOINT((-2.075E-1, -1.19676467895508E-1, 2.01674575805664E-1));
#6112 = IFCFACEOUTERBOUND(#6109, .T.);
#6113 = IFCFACE((#6112));
#6114 = IFCPOLYLOOP((#6110, #6081, #6094));
#6115 = IFCFACEOUTERBOUND(#6114, .T.);
#6116 = IFCFACE((#6115));
#6117 = IFCPOLYLOOP((#6094, #6081, #6077));
#6118 = IFCFACEOUTERBOUND(#6117, .T.);
#6119 = IFCFACE((#6118));
#6120 = IFCPOLYLOOP((#6103, #6066, #6076));
#6121 = IFCFACEOUTERBOUND(#6120, .T.);
#6122 = IFCFACE((#6121));
#6123 = IFCPOLYLOOP((#6124, #6125, #6126));
#6124 = IFCCARTESIANPOINT((2.075E-1, -1.29329574584961E-1, 1.71968765258789E-1));
#6125 = IFCCARTESIANPOINT((2.075E-1, -1.31217529296875E-1, 1.77824569702148E-1));
#6126 = IFCCARTESIANPOINT((2.075E-1, -1.30912185668945E-1, 1.74418060302734E-1));
#6127 = IFCFACEOUTERBOUND(#6123, .T.);
#6128 = IFCFACE((#6127));
#6129 = IFCPOLYLOOP((#6130, #6131, #6124));
#6130 = IFCCARTESIANPOINT((2.07499633789063E-1, -1.08974044799805E-1, 2.00817428588867E-1));
#6131 = IFCCARTESIANPOINT((2.075E-1, -1.14592094421387E-1, 2.03276824951172E-1));
#6132 = IFCFACEOUTERBOUND(#6129, .T.);
#6133 = IFCFACE((#6132));
#6134 = IFCPOLYLOOP((#6124, #6135, #6130));
#6135 = IFCCARTESIANPOINT((2.07499725341797E-1, -1.23748542785645E-1, 1.69179443359375E-1));
#6136 = IFCFACEOUTERBOUND(#6134, .T.);
#6137 = IFCFACE((#6136));
#6138 = IFCPOLYLOOP((#6139, #6140, #6141));
#6139 = IFCCARTESIANPOINT((2.075E-1, -1.18432441711426E-1, 1.70843002319336E-1));
#6140 = IFCCARTESIANPOINT((2.075E-1, -1.17117256164551E-1, 1.72666610717773E-1));
#6141 = IFCCARTESIANPOINT((2.075E-1, -1.20502983093262E-1, 1.69564163208008E-1));
#6142 = IFCFACEOUTERBOUND(#6138, .T.);
#6143 = IFCFACE((#6142));
#6144 = IFCPOLYLOOP((#6135, #6141, #6140));
#6145 = IFCFACEOUTERBOUND(#6144, .T.);
#6146 = IFCFACE((#6145));
#6147 = IFCPOLYLOOP((#6148, #6135, #6140));
#6148 = IFCCARTESIANPOINT((2.075E-1, -1.07397033691406E-1, 1.93511688232422E-1));
#6149 = IFCFACEOUTERBOUND(#6147, .T.);
#6150 = IFCFACE((#6149));
#6151 = IFCPOLYLOOP((#6125, #6124, #6131));
#6152 = IFCFACEOUTERBOUND(#6151, .T.);
#6153 = IFCFACE((#6152));
#6154 = IFCPOLYLOOP((#6155, #6156, #6157));
#6155 = IFCCARTESIANPOINT((2.075E-1, -1.17605926513672E-1, 2.02953414916992E-1));
#6156 = IFCCARTESIANPOINT((2.075E-1, -1.19676467895508E-1, 2.01674575805664E-1));
#6157 = IFCCARTESIANPOINT((2.075E-1, -1.20991653442383E-1, 1.99850967407227E-1));
#6158 = IFCFACEOUTERBOUND(#6154, .T.);
#6159 = IFCFACE((#6158));
#6160 = IFCPOLYLOOP((#6155, #6157, #6131));
#6161 = IFCFACEOUTERBOUND(#6160, .T.);
#6162 = IFCFACE((#6161));
#6163 = IFCPOLYLOOP((#6164, #6148, #6165));
#6164 = IFCCARTESIANPOINT((2.075E-1, -1.07196723937988E-1, 1.98099517822266E-1));
#6165 = IFCCARTESIANPOINT((2.075E-1, -1.06840591430664E-1, 1.95785675048828E-1));
#6166 = IFCFACEOUTERBOUND(#6163, .T.);
#6167 = IFCFACE((#6166));
#6168 = IFCPOLYLOOP((#6164, #6130, #6148));
#6169 = IFCFACEOUTERBOUND(#6168, .T.);
#6170 = IFCFACE((#6169));
#6171 = IFCPOLYLOOP((#6148, #6130, #6135));
#6172 = IFCFACEOUTERBOUND(#6171, .T.);
#6173 = IFCFACE((#6172));
#6174 = IFCPOLYLOOP((#6131, #6157, #6125));
#6175 = IFCFACEOUTERBOUND(#6174, .T.);
#6176 = IFCFACE((#6175));
#6177 = IFCPOLYLOOP((#6139, #6141, #6068));
#6178 = IFCFACEOUTERBOUND(#6177, .T.);
#6179 = IFCFACE((#6178));
#6180 = IFCPOLYLOOP((#6068, #6067, #6139));
#6181 = IFCFACEOUTERBOUND(#6180, .T.);
#6182 = IFCFACE((#6181));
#6183 = IFCPOLYLOOP((#6067, #6066, #6140));
#6184 = IFCFACEOUTERBOUND(#6183, .T.);
#6185 = IFCFACE((#6184));
#6186 = IFCPOLYLOOP((#6140, #6139, #6067));
#6187 = IFCFACEOUTERBOUND(#6186, .T.);
#6188 = IFCFACE((#6187));
#6189 = IFCPOLYLOOP((#6141, #6135, #6072));
#6190 = IFCFACEOUTERBOUND(#6189, .T.);
#6191 = IFCFACE((#6190));
#6192 = IFCPOLYLOOP((#6072, #6068, #6141));
#6193 = IFCFACEOUTERBOUND(#6192, .T.);
#6194 = IFCFACE((#6193));
#6195 = IFCPOLYLOOP((#6140, #6066, #6103));
#6196 = IFCFACEOUTERBOUND(#6195, .T.);
#6197 = IFCFACE((#6196));
#6198 = IFCPOLYLOOP((#6103, #6148, #6140));
#6199 = IFCFACEOUTERBOUND(#6198, .T.);
#6200 = IFCFACE((#6199));
#6201 = IFCPOLYLOOP((#6101, #6076, #6130));
#6202 = IFCFACEOUTERBOUND(#6201, .T.);
#6203 = IFCFACE((#6202));
#6204 = IFCPOLYLOOP((#6130, #6164, #6101));
#6205 = IFCFACEOUTERBOUND(#6204, .T.);
#6206 = IFCFACE((#6205));
#6207 = IFCPOLYLOOP((#6164, #6165, #6102));
#6208 = IFCFACEOUTERBOUND(#6207, .T.);
#6209 = IFCFACE((#6208));
#6210 = IFCPOLYLOOP((#6102, #6101, #6164));
#6211 = IFCFACEOUTERBOUND(#6210, .T.);
#6212 = IFCFACE((#6211));
#6213 = IFCPOLYLOOP((#6165, #6148, #6103));
#6214 = IFCFACEOUTERBOUND(#6213, .T.);
#6215 = IFCFACE((#6214));
#6216 = IFCPOLYLOOP((#6103, #6102, #6165));
#6217 = IFCFACEOUTERBOUND(#6216, .T.);
#6218 = IFCFACE((#6217));
#6219 = IFCPOLYLOOP((#6130, #6076, #6081));
#6220 = IFCFACEOUTERBOUND(#6219, .T.);
#6221 = IFCFACE((#6220));
#6222 = IFCPOLYLOOP((#6081, #6131, #6130));
#6223 = IFCFACEOUTERBOUND(#6222, .T.);
#6224 = IFCFACE((#6223));
#6225 = IFCPOLYLOOP((#6110, #6111, #6156));
#6226 = IFCFACEOUTERBOUND(#6225, .T.);
#6227 = IFCFACE((#6226));
#6228 = IFCPOLYLOOP((#6156, #6155, #6110));
#6229 = IFCFACEOUTERBOUND(#6228, .T.);
#6230 = IFCFACE((#6229));
#6231 = IFCPOLYLOOP((#6111, #6094, #6157));
#6232 = IFCFACEOUTERBOUND(#6231, .T.);
#6233 = IFCFACE((#6232));
#6234 = IFCPOLYLOOP((#6157, #6156, #6111));
#6235 = IFCFACEOUTERBOUND(#6234, .T.);
#6236 = IFCFACE((#6235));
#6237 = IFCPOLYLOOP((#6081, #6110, #6155));
#6238 = IFCFACEOUTERBOUND(#6237, .T.);
#6239 = IFCFACE((#6238));
#6240 = IFCPOLYLOOP((#6155, #6131, #6081));
#6241 = IFCFACEOUTERBOUND(#6240, .T.);
#6242 = IFCFACE((#6241));
#6243 = IFCPOLYLOOP((#6086, #6125, #6157));
#6244 = IFCFACEOUTERBOUND(#6243, .T.);
#6245 = IFCFACE((#6244));
#6246 = IFCPOLYLOOP((#6157, #6094, #6086));
#6247 = IFCFACEOUTERBOUND(#6246, .T.);
#6248 = IFCFACE((#6247));
#6249 = IFCPOLYLOOP((#6124, #6126, #6087));
#6250 = IFCFACEOUTERBOUND(#6249, .T.);
#6251 = IFCFACE((#6250));
#6252 = IFCPOLYLOOP((#6087, #6077, #6124));
#6253 = IFCFACEOUTERBOUND(#6252, .T.);
#6254 = IFCFACE((#6253));
#6255 = IFCPOLYLOOP((#6085, #6087, #6126));
#6256 = IFCFACEOUTERBOUND(#6255, .T.);
#6257 = IFCFACE((#6256));
#6258 = IFCPOLYLOOP((#6126, #6125, #6085));
#6259 = IFCFACEOUTERBOUND(#6258, .T.);
#6260 = IFCFACE((#6259));
#6261 = IFCPOLYLOOP((#6135, #6124, #6077));
#6262 = IFCFACEOUTERBOUND(#6261, .T.);
#6263 = IFCFACE((#6262));
#6264 = IFCPOLYLOOP((#6077, #6072, #6135));
#6265 = IFCFACEOUTERBOUND(#6264, .T.);
#6266 = IFCFACE((#6265));
#6267 = IFCPOLYLOOP((#6125, #6086, #6085));
#6268 = IFCFACEOUTERBOUND(#6267, .T.);
#6269 = IFCFACE((#6268));
#6270 = IFCFACETEDBREP(#6064);
#6271 = IFCSURFACESTYLERENDERING(#6272, 0., #6273, $, $, #6274, #6275, $, .NOTDEFINED.);
#6272 = IFCCOLOURRGB('Surface color', 8.66666674613953E-1, 7.17647075653076E-1, 5.45098066329956E-1);
#6273 = IFCCOLOURRGB('Diffuse color', 8.66666674613953E-1, 7.17647075653076E-1, 5.45098066329956E-1);
#6274 = IFCCOLOURRGB('Reflection color', 1., 1., 1.);
#6275 = IFCCOLOURRGB('Specular color', 1., 1., 1.);
#6276 = IFCSURFACESTYLE('b065442f_c7c9_4918_b558_1b227b8c97b2', .BOTH., (#6271));
#6277 = IFCPRESENTATIONSTYLEASSIGNMENT((#6276));
#6278 = IFCSTYLEDITEM(#6270, (#6277), $);
#6279 = IFCSTYLEDREPRESENTATION(#106, 'Body', $, (#6278));
#6280 = IFCCLOSEDSHELL((#6286, #6290, #6294, #6300, #6306, #6311, #6317, #6322, #6328, #6332, #6336, #6342, #6347, #6351, #6356, #6360, #6365, #6369, #6373, #6377, #6383, #6386, #6389, #6394, #6399, #6403, #6409, #6414, #6418, #6422, #6426, #6431, #6434, #6437, #6440, #6444, #6447, #6451, #6455, #6458, #6462, #6465, #6469, #6472, #6476, #6480, #6484, #6488, #6494, #6500, #6504, #6509, #6513, #6518, #6521, #6524, #6528, #6532, #6536, #6540, #6545, #6549, #6554, #6559, #6562, #6566, #6569, #6573, #6576, #6579, #6584, #6587, #6591, #6594, #6597, #6600, #6604, #6608, #6611, #6616, #6621, #6624, #6627, #6631, #6635, #6639, #6643, #6647, #6651, #6654, #6659, #6665, #6670, #6675, #6678, #6681, #6685, #6689, #6693, #6696, #6701, #6705, #6709, #6713, #6717, #6720, #6724, #6727, #6731, #6735, #6739, #6743, #6747, #6751, #6755, #6758, #6763, #6767, #6770, #6774, #6777, #6782, #6785, #6789, #6792, #6795, #6800, #6803, #6807, #6811, #6815, #6819, #6823, #6826, #6829, #6834, #6837, #6840, #6843, #6846, #6849, #6853, #6856, #6861, #6865, #6868, #6873, #6877, #6881, #6887, #6893, #6896, #6900, #6903, #6909, #6914, #6919, #6924, #6927, #6930, #6934, #6937, #6940, #6944, #6947, #6951, #6954, #6957, #6960, #6963, #6966, #6969, #6973, #6976, #6979, #6982, #6986, #6990, #6994, #6998, #7002, #7006, #7009, #7013, #7017, #7020, #7023, #7027, #7030, #7033, #7036, #7040, #7043, #7046, #7049, #7052, #7055, #7058, #7061, #7067, #7072, #7076, #7080, #7083, #7087, #7090, #7094, #7099, #7102, #7106, #7111, #7116, #7120, #7123, #7128, #7133, #7137, #7140, #7144, #7148, #7151, #7154, #7157, #7160, #7163, #7166, #7169, #7172, #7175, #7178, #7181, #7184, #7187, #7190, #7193, #7197, #7200, #7203, #7207, #7210, #7213, #7217, #7220, #7223, #7226, #7230, #7233, #7236, #7239, #7243, #7247, #7250, #7254, #7258, #7261, #7264, #7267, #7271, #7274, #7278, #7281, #7287, #7290, #7293, #7298, #7301, #7304, #7307, #7311, #7314, #7318, #7321, #7324, #7328, #7331, #7336, #7339, #7344, #7349, #7353, #7356, #7359, #7362, #7365, #7369, #7372, #7375, #7378, #7381, #7384, #7387, #7390, #7393, #7396, #7399, #7402, #7405, #7408, #7411, #7414, #7417, #7420, #7423, #7426, #7429, #7432, #7435, #7438, #7441, #7444, #7447, #7450, #7453, #7456, #7459, #7462, #7465, #7468, #7471, #7474, #7477, #7480, #7483, #7486, #7489, #7492, #7495, #7498, #7501, #7504, #7507, #7510, #7513, #7516, #7519, #7522, #7526, #7529, #7532, #7535, #7539, #7542, #7545, #7548, #7551, #7554, #7557, #7560, #7563, #7566, #7569, #7572, #7575, #7578, #7581, #7584, #7587, #7590, #7593, #7596, #7599, #7602, #7605, #7608, #7611, #7614, #7617, #7620, #7623, #7627, #7630, #7633, #7636, #7639, #7642, #7645, #7648, #7651, #7654, #7657, #7660, #7663, #7666, #7669, #7673, #7676, #7679, #7682, #7685, #7688, #7691, #7694, #7697, #7700, #7703, #7706, #7709, #7712, #7715, #7718, #7721, #7724, #7727, #7730, #7733, #7736, #7739, #7742, #7745, #7748, #7751, #7754, #7757, #7760, #7763, #7766, #7769, #7772, #7775, #7778, #7781, #7784, #7787, #7790, #7793, #7796, #7799, #7802, #7805, #7808, #7811, #7814, #7817, #7820, #7823, #7826, #7829, #7832, #7835, #7838, #7841, #7844, #7847, #7850, #7853, #7856, #7859, #7862, #7865, #7868, #7871, #7874, #7877, #7880, #7883, #7886, #7889, #7892, #7895, #7898, #7901, #7904, #7907, #7910, #7913, #7916, #7919, #7922, #7925, #7928, #7931, #7934));
#6281 = IFCPOLYLOOP((#6282, #6283, #6284));
#6282 = IFCCARTESIANPOINT((1.36054550170898E-1, -1.84588485717773E-1, 4.57818176269531E-1));
#6283 = IFCCARTESIANPOINT((1.37615524291992E-1, -1.45710540771484E-1, 4.55359954833984E-1));
#6284 = IFCCARTESIANPOINT((1.81997543334961E-1, -1.05788818359375E-1, 4.54692291259766E-1));
#6285 = IFCFACEOUTERBOUND(#6281, .T.);
#6286 = IFCFACE((#6285));
#6287 = IFCPOLYLOOP((#6284, #6288, #6282));
#6288 = IFCCARTESIANPOINT((1.86426040649414E-1, -2.17674468994141E-1, 4.59889862060547E-1));
#6289 = IFCFACEOUTERBOUND(#6287, .T.);
#6290 = IFCFACE((#6289));
#6291 = IFCPOLYLOOP((#6284, #6292, #6288));
#6292 = IFCCARTESIANPOINT((1.91500885009766E-1, -1.61654190063477E-1, 4.56831359863281E-1));
#6293 = IFCFACEOUTERBOUND(#6291, .T.);
#6294 = IFCFACE((#6293));
#6295 = IFCPOLYLOOP((#6296, #6297, #6298));
#6296 = IFCCARTESIANPOINT((-1.94940780639648E-1, -1.90015762329102E-1, 4.65789672851563E-1));
#6297 = IFCCARTESIANPOINT((-1.90718994140625E-1, -1.25753517150879E-1, 4.63691436767578E-1));
#6298 = IFCCARTESIANPOINT((-1.89725936889648E-1, -4.16497116088867E-2, 4.59991058349609E-1));
#6299 = IFCFACEOUTERBOUND(#6295, .T.);
#6300 = IFCFACE((#6299));
#6301 = IFCPOLYLOOP((#6302, #6303, #6304));
#6302 = IFCCARTESIANPOINT((-4.03529324103147E-7, -2.34688278198242E-1, 4.59867370605469E-1));
#6303 = IFCCARTESIANPOINT((2.30671808123589E-4, -2.08045532226563E-1, 4.58830505371094E-1));
#6304 = IFCCARTESIANPOINT((3.54942932128906E-2, -2.36174545288086E-1, 4.58001495361328E-1));
#6305 = IFCFACEOUTERBOUND(#6301, .T.);
#6306 = IFCFACE((#6305));
#6307 = IFCPOLYLOOP((#6308, #6309, #6302));
#6308 = IFCCARTESIANPOINT((1.65868511199951E-2, -2.61384765625E-1, 4.54204803466797E-1));
#6309 = IFCCARTESIANPOINT((-3.12725566327572E-5, -2.50512496948242E-1, 4.57738861083984E-1));
#6310 = IFCFACEOUTERBOUND(#6307, .T.);
#6311 = IFCFACE((#6310));
#6312 = IFCPOLYLOOP((#6313, #6314, #6315));
#6313 = IFCCARTESIANPOINT((-1.98816696166992E-1, 1.49659683227539E-1, 4.48496795654297E-1));
#6314 = IFCCARTESIANPOINT((-1.94673110961914E-1, 1.50781814575195E-1, 4.50669525146484E-1));
#6315 = IFCCARTESIANPOINT((-1.94942428588867E-1, 1.47756927490234E-1, 4.41836883544922E-1));
#6316 = IFCFACEOUTERBOUND(#6312, .T.);
#6317 = IFCFACE((#6316));
#6318 = IFCPOLYLOOP((#6319, #6320, #6314));
#6319 = IFCCARTESIANPOINT((-1.89772933959961E-1, 1.51564865112305E-1, 4.51744659423828E-1));
#6320 = IFCCARTESIANPOINT((-1.90060073852539E-1, 1.50851150512695E-1, 4.43744598388672E-1));
#6321 = IFCFACEOUTERBOUND(#6318, .T.);
#6322 = IFCFACE((#6321));
#6323 = IFCPOLYLOOP((#6324, #6325, #6326));
#6324 = IFCCARTESIANPOINT((1.94454849243164E-1, 1.48060028076172E-1, 4.41995300292969E-1));
#6325 = IFCCARTESIANPOINT((1.90737808227539E-1, 1.50611022949219E-1, 4.43477294921875E-1));
#6326 = IFCCARTESIANPOINT((1.90541030883789E-1, 1.51653076171875E-1, 4.51745147705078E-1));
#6327 = IFCFACEOUTERBOUND(#6323, .T.);
#6328 = IFCFACE((#6327));
#6329 = IFCPOLYLOOP((#6326, #6330, #6324));
#6330 = IFCCARTESIANPOINT((1.96745300292969E-1, 1.50407073974609E-1, 4.500009765625E-1));
#6331 = IFCFACEOUTERBOUND(#6329, .T.);
#6332 = IFCFACE((#6331));
#6333 = IFCPOLYLOOP((#6334, #6324, #6330));
#6334 = IFCCARTESIANPOINT((2.01984725952148E-1, 1.48586837768555E-1, 4.45614196777344E-1));
#6335 = IFCFACEOUTERBOUND(#6333, .T.);
#6336 = IFCFACE((#6335));
#6337 = IFCPOLYLOOP((#6338, #6339, #6340));
#6338 = IFCCARTESIANPOINT((1.90246002197266E-1, -2.04834884643555E-1, 4.59011352539063E-1));
#6339 = IFCCARTESIANPOINT((1.96301376342773E-1, -1.78264541625977E-1, 4.64836608886719E-1));
#6340 = IFCCARTESIANPOINT((1.90280639648438E-1, -2.12861785888672E-1, 4.67703002929688E-1));
#6341 = IFCFACEOUTERBOUND(#6337, .T.);
#6342 = IFCFACE((#6341));
#6343 = IFCPOLYLOOP((#6344, #6339, #6345));
#6344 = IFCCARTESIANPOINT((2.00836578369141E-1, -1.38266006469727E-1, 4.59527221679688E-1));
#6345 = IFCCARTESIANPOINT((1.94596649169922E-1, -1.54459976196289E-1, 4.55341369628906E-1));
#6346 = IFCFACEOUTERBOUND(#6343, .T.);
#6347 = IFCFACE((#6346));
#6348 = IFCPOLYLOOP((#6344, #6345, #6349));
#6349 = IFCCARTESIANPOINT((1.96492889404297E-1, -1.25184722900391E-1, 4.51396148681641E-1));
#6350 = IFCFACEOUTERBOUND(#6348, .T.);
#6351 = IFCFACE((#6350));
#6352 = IFCPOLYLOOP((#6349, #6353, #6354));
#6353 = IFCCARTESIANPOINT((2.0494108581543E-1, -1.01735794067383E-1, 4.47755828857422E-1));
#6354 = IFCCARTESIANPOINT((2.03302505493164E-1, -1.19582145690918E-1, 4.55316986083984E-1));
#6355 = IFCFACEOUTERBOUND(#6352, .T.);
#6356 = IFCFACE((#6355));
#6357 = IFCPOLYLOOP((#6358, #6353, #6349));
#6358 = IFCCARTESIANPOINT((1.97016571044922E-1, -1.10816299438477E-1, 4.47623229980469E-1));
#6359 = IFCFACEOUTERBOUND(#6357, .T.);
#6360 = IFCFACE((#6359));
#6361 = IFCPOLYLOOP((#6362, #6296, #6363));
#6362 = IFCCARTESIANPOINT((-1.90490356445313E-1, -2.12568222045898E-1, 4.67570129394531E-1));
#6363 = IFCCARTESIANPOINT((-1.90691848754883E-1, -1.91763931274414E-1, 4.58507171630859E-1));
#6364 = IFCFACEOUTERBOUND(#6361, .T.);
#6365 = IFCFACE((#6364));
#6366 = IFCPOLYLOOP((#6296, #6367, #6363));
#6367 = IFCCARTESIANPOINT((-1.9747900390625E-1, -1.66399154663086E-1, 4.63574096679688E-1));
#6368 = IFCFACEOUTERBOUND(#6366, .T.);
#6369 = IFCFACE((#6368));
#6370 = IFCPOLYLOOP((#6367, #6371, #6363));
#6371 = IFCCARTESIANPOINT((-1.95967880249023E-1, -1.36175598144531E-1, 4.53229614257813E-1));
#6372 = IFCFACEOUTERBOUND(#6370, .T.);
#6373 = IFCFACE((#6372));
#6374 = IFCPOLYLOOP((#6367, #6375, #6371));
#6375 = IFCCARTESIANPOINT((-2.01025344848633E-1, -1.3718408203125E-1, 4.59298767089844E-1));
#6376 = IFCFACEOUTERBOUND(#6374, .T.);
#6377 = IFCFACE((#6376));
#6378 = IFCPOLYLOOP((#6379, #6380, #6381));
#6379 = IFCCARTESIANPOINT((-2.03581573486328E-1, -1.17246482849121E-1, 4.54737854003906E-1));
#6380 = IFCCARTESIANPOINT((-2.05011123657227E-1, -9.13846054077148E-2, 4.42379821777344E-1));
#6381 = IFCCARTESIANPOINT((-1.97040222167969E-1, -1.12128379821777E-1, 4.48104309082031E-1));
#6382 = IFCFACEOUTERBOUND(#6378, .T.);
#6383 = IFCFACE((#6382));
#6384 = IFCPOLYLOOP((#6375, #6379, #6371));
#6385 = IFCFACEOUTERBOUND(#6384, .T.);
#6386 = IFCFACE((#6385));
#6387 = IFCPOLYLOOP((#6381, #6371, #6379));
#6388 = IFCFACEOUTERBOUND(#6387, .T.);
#6389 = IFCFACE((#6388));
#6390 = IFCPOLYLOOP((#6308, #6391, #6392));
#6391 = IFCCARTESIANPOINT((-1.11275520324707E-2, -2.64893280029297E-1, 4.61504638671875E-1));
#6392 = IFCCARTESIANPOINT((-2.7799596786499E-2, -2.61412963867188E-1, 4.54121612548828E-1));
#6393 = IFCFACEOUTERBOUND(#6390, .T.);
#6394 = IFCFACE((#6393));
#6395 = IFCPOLYLOOP((#6396, #6397, #6392));
#6396 = IFCCARTESIANPOINT((-6.57916870117188E-2, -2.6290869140625E-1, 4.61736907958984E-1));
#6397 = IFCCARTESIANPOINT((-7.40787353515625E-2, -2.58937683105469E-1, 4.54745697021484E-1));
#6398 = IFCFACEOUTERBOUND(#6395, .T.);
#6399 = IFCFACE((#6398));
#6400 = IFCPOLYLOOP((#6397, #6396, #6401));
#6401 = IFCCARTESIANPOINT((-1.0467724609375E-1, -2.58102783203125E-1, 4.63372253417969E-1));
#6402 = IFCFACEOUTERBOUND(#6400, .T.);
#6403 = IFCFACE((#6402));
#6404 = IFCPOLYLOOP((#6405, #6406, #6407));
#6405 = IFCCARTESIANPOINT((-1.33498291015625E-1, -2.50207305908203E-1, 4.65638793945313E-1));
#6406 = IFCCARTESIANPOINT((-1.36008895874023E-1, -2.4679638671875E-1, 4.57609558105469E-1));
#6407 = IFCCARTESIANPOINT((-1.09763298034668E-1, -2.5389680480957E-1, 4.56084503173828E-1));
#6408 = IFCFACEOUTERBOUND(#6404, .T.);
#6409 = IFCFACE((#6408));
#6410 = IFCPOLYLOOP((#6411, #6412, #6406));
#6411 = IFCCARTESIANPOINT((-1.57827789306641E-1, -2.39822448730469E-1, 4.67401397705078E-1));
#6412 = IFCCARTESIANPOINT((-1.56503112792969E-1, -2.38772689819336E-1, 4.59105194091797E-1));
#6413 = IFCFACEOUTERBOUND(#6410, .T.);
#6414 = IFCFACE((#6413));
#6415 = IFCPOLYLOOP((#6411, #6416, #6412));
#6416 = IFCCARTESIANPOINT((-1.80419052124023E-1, -2.25613479614258E-1, 4.60045257568359E-1));
#6417 = IFCFACEOUTERBOUND(#6415, .T.);
#6418 = IFCFACE((#6417));
#6419 = IFCPOLYLOOP((#6416, #6420, #6362));
#6420 = IFCCARTESIANPOINT((-1.80765548706055E-1, -2.25489395141602E-1, 4.67823364257813E-1));
#6421 = IFCFACEOUTERBOUND(#6419, .T.);
#6422 = IFCFACE((#6421));
#6423 = IFCPOLYLOOP((#6424, #6416, #6362));
#6424 = IFCCARTESIANPOINT((-1.89558486938477E-1, -2.10954284667969E-1, 4.59578338623047E-1));
#6425 = IFCFACEOUTERBOUND(#6423, .T.);
#6426 = IFCFACE((#6425));
#6427 = IFCPOLYLOOP((#6375, #6428, #6429));
#6428 = IFCCARTESIANPOINT((-2.02272903442383E-1, 1.48204437255859E-1, 4.45125305175781E-1));
#6429 = IFCCARTESIANPOINT((-2.04337326049805E-1, 1.46529556274414E-1, 4.41118225097656E-1));
#6430 = IFCFACEOUTERBOUND(#6427, .T.);
#6431 = IFCFACE((#6430));
#6432 = IFCPOLYLOOP((#6429, #6379, #6375));
#6433 = IFCFACEOUTERBOUND(#6432, .T.);
#6434 = IFCFACE((#6433));
#6435 = IFCPOLYLOOP((#6367, #6313, #6375));
#6436 = IFCFACEOUTERBOUND(#6435, .T.);
#6437 = IFCFACE((#6436));
#6438 = IFCPOLYLOOP((#6296, #6314, #6313));
#6439 = IFCFACEOUTERBOUND(#6438, .T.);
#6440 = IFCFACE((#6439));
#6441 = IFCPOLYLOOP((#6442, #6379, #6429));
#6442 = IFCCARTESIANPOINT((-2.04989227294922E-1, -7.86249923706055E-2, 4.46560455322266E-1));
#6443 = IFCFACEOUTERBOUND(#6441, .T.);
#6444 = IFCFACE((#6443));
#6445 = IFCPOLYLOOP((#6442, #6380, #6379));
#6446 = IFCFACEOUTERBOUND(#6445, .T.);
#6447 = IFCFACE((#6446));
#6448 = IFCPOLYLOOP((#6296, #6449, #6314));
#6449 = IFCCARTESIANPOINT((-1.9018864440918E-1, 2.75662498474121E-2, 4.56893371582031E-1));
#6450 = IFCFACEOUTERBOUND(#6448, .T.);
#6451 = IFCFACE((#6450));
#6452 = IFCPOLYLOOP((#6314, #6453, #6319));
#6453 = IFCCARTESIANPOINT((-1.89512634277344E-1, 9.16834106445313E-2, 4.54109954833984E-1));
#6454 = IFCFACEOUTERBOUND(#6452, .T.);
#6455 = IFCFACE((#6454));
#6456 = IFCPOLYLOOP((#6296, #6298, #6449));
#6457 = IFCFACEOUTERBOUND(#6456, .T.);
#6458 = IFCFACE((#6457));
#6459 = IFCPOLYLOOP((#6460, #6297, #6296));
#6460 = IFCCARTESIANPOINT((-1.89648468017578E-1, -1.7873991394043E-1, 4.66118896484375E-1));
#6461 = IFCFACEOUTERBOUND(#6459, .T.);
#6462 = IFCFACE((#6461));
#6463 = IFCPOLYLOOP((#6362, #6460, #6296));
#6464 = IFCFACEOUTERBOUND(#6463, .T.);
#6465 = IFCFACE((#6464));
#6466 = IFCPOLYLOOP((#6467, #6344, #6354));
#6467 = IFCCARTESIANPOINT((2.04330596923828E-1, 9.69423599243164E-2, 4.43476654052734E-1));
#6468 = IFCFACEOUTERBOUND(#6466, .T.);
#6469 = IFCFACE((#6468));
#6470 = IFCPOLYLOOP((#6334, #6330, #6344));
#6471 = IFCFACEOUTERBOUND(#6470, .T.);
#6472 = IFCFACE((#6471));
#6473 = IFCPOLYLOOP((#6474, #6334, #6467));
#6474 = IFCCARTESIANPOINT((2.04717681884766E-1, 1.46264526367188E-1, 4.40551239013672E-1));
#6475 = IFCFACEOUTERBOUND(#6473, .T.);
#6476 = IFCFACE((#6475));
#6477 = IFCPOLYLOOP((#6340, #6339, #6478));
#6478 = IFCCARTESIANPOINT((1.90069961547852E-1, -1.29067504882813E-1, 4.63811828613281E-1));
#6479 = IFCFACEOUTERBOUND(#6477, .T.);
#6480 = IFCFACE((#6479));
#6481 = IFCPOLYLOOP((#6478, #6339, #6482));
#6482 = IFCCARTESIANPOINT((1.90346221923828E-1, -7.82071762084961E-2, 4.61610778808594E-1));
#6483 = IFCFACEOUTERBOUND(#6481, .T.);
#6484 = IFCFACE((#6483));
#6485 = IFCPOLYLOOP((#6330, #6326, #6486));
#6486 = IFCCARTESIANPOINT((1.90345657348633E-1, 1.77625064849854E-2, 4.57242431640625E-1));
#6487 = IFCFACEOUTERBOUND(#6485, .T.);
#6488 = IFCFACE((#6487));
#6489 = IFCPOLYLOOP((#6490, #6491, #6492));
#6490 = IFCCARTESIANPOINT((1.65988723754883E-1, 6.19234466552734E-2, 4.53075073242188E-1));
#6491 = IFCCARTESIANPOINT((1.76871932983398E-1, 1.52356719970703E-1, 4.50525756835938E-1));
#6492 = IFCCARTESIANPOINT((1.40237884521484E-1, 8.41527328491211E-2, 4.48876098632813E-1));
#6493 = IFCFACEOUTERBOUND(#6489, .T.);
#6494 = IFCFACE((#6493));
#6495 = IFCPOLYLOOP((#6496, #6497, #6498));
#6496 = IFCCARTESIANPOINT((9.09013214111328E-2, 5.88347206115723E-2, 4.45151458740234E-1));
#6497 = IFCCARTESIANPOINT((1.18483116149902E-1, 6.15524520874023E-2, 4.47768798828125E-1));
#6498 = IFCCARTESIANPOINT((1.18489624023438E-1, 1.16019134521484E-1, 4.438544921875E-1));
#6499 = IFCFACEOUTERBOUND(#6495, .T.);
#6500 = IFCFACE((#6499));
#6501 = IFCPOLYLOOP((#6498, #6502, #6496));
#6502 = IFCCARTESIANPOINT((9.46808624267578E-2, 1.15797836303711E-1, 4.40685607910156E-1));
#6503 = IFCFACEOUTERBOUND(#6501, .T.);
#6504 = IFCFACE((#6503));
#6505 = IFCPOLYLOOP((#6506, #6496, #6507));
#6506 = IFCCARTESIANPOINT((4.72991065979004E-2, -1.50585517883301E-2, 4.48937927246094E-1));
#6507 = IFCCARTESIANPOINT((4.66755104064941E-2, 1.15525314331055E-1, 4.36815399169922E-1));
#6508 = IFCFACEOUTERBOUND(#6505, .T.);
#6509 = IFCFACE((#6508));
#6510 = IFCPOLYLOOP((#6507, #6511, #6506));
#6511 = IFCCARTESIANPOINT((1.93687973022461E-2, 7.90540924072266E-2, 4.39222717285156E-1));
#6512 = IFCFACEOUTERBOUND(#6510, .T.);
#6513 = IFCFACE((#6512));
#6514 = IFCPOLYLOOP((#6515, #6486, #6516));
#6515 = IFCCARTESIANPOINT((1.48445419311523E-1, -4.15606422424316E-2, 4.57091094970703E-1));
#6516 = IFCCARTESIANPOINT((1.42193572998047E-1, 7.22222232818604E-3, 4.53687713623047E-1));
#6517 = IFCFACEOUTERBOUND(#6514, .T.);
#6518 = IFCFACE((#6517));
#6519 = IFCPOLYLOOP((#6490, #6497, #6516));
#6520 = IFCFACEOUTERBOUND(#6519, .T.);
#6521 = IFCFACE((#6520));
#6522 = IFCPOLYLOOP((#6516, #6486, #6490));
#6523 = IFCFACEOUTERBOUND(#6522, .T.);
#6524 = IFCFACE((#6523));
#6525 = IFCPOLYLOOP((#6496, #6506, #6526));
#6526 = IFCCARTESIANPOINT((9.54586334228516E-2, 1.01379594802856E-2, 4.49560516357422E-1));
#6527 = IFCFACEOUTERBOUND(#6525, .T.);
#6528 = IFCFACE((#6527));
#6529 = IFCPOLYLOOP((#6515, #6526, #6530));
#6530 = IFCCARTESIANPOINT((6.99617919921875E-2, -3.42808952331543E-2, 4.51656646728516E-1));
#6531 = IFCFACEOUTERBOUND(#6529, .T.);
#6532 = IFCFACE((#6531));
#6533 = IFCPOLYLOOP((#6530, #6534, #6515));
#6534 = IFCCARTESIANPOINT((1.09049674987793E-1, -7.22160415649414E-2, 4.56873260498047E-1));
#6535 = IFCFACEOUTERBOUND(#6533, .T.);
#6536 = IFCFACE((#6535));
#6537 = IFCPOLYLOOP((#6506, #6538, #6530));
#6538 = IFCCARTESIANPOINT((2.26004943847656E-2, -4.52951354980469E-2, 4.51060028076172E-1));
#6539 = IFCFACEOUTERBOUND(#6537, .T.);
#6540 = IFCFACE((#6539));
#6541 = IFCPOLYLOOP((#6542, #6534, #6543));
#6542 = IFCCARTESIANPOINT((1.52533477783203E-1, -1.0698120880127E-1, 4.612880859375E-1));
#6543 = IFCCARTESIANPOINT((7.01123886108398E-2, -1.17159004211426E-1, 4.58855102539063E-1));
#6544 = IFCFACEOUTERBOUND(#6541, .T.);
#6545 = IFCFACE((#6544));
#6546 = IFCPOLYLOOP((#6543, #6547, #6542));
#6547 = IFCCARTESIANPOINT((1.17804733276367E-1, -1.61172653198242E-1, 4.63588745117188E-1));
#6548 = IFCFACEOUTERBOUND(#6546, .T.);
#6549 = IFCFACE((#6548));
#6550 = IFCPOLYLOOP((#6551, #6547, #6552));
#6551 = IFCCARTESIANPOINT((1.65978469848633E-1, -1.56253341674805E-1, 4.64601959228516E-1));
#6552 = IFCCARTESIANPOINT((1.39887496948242E-1, -2.09794937133789E-1, 4.67367126464844E-1));
#6553 = IFCFACEOUTERBOUND(#6550, .T.);
#6554 = IFCFACE((#6553));
#6555 = IFCPOLYLOOP((#6556, #6557, #6552));
#6556 = IFCCARTESIANPOINT((6.80517654418945E-2, -2.10000381469727E-1, 4.66878692626953E-1));
#6557 = IFCCARTESIANPOINT((8.69192352294922E-2, -2.38086898803711E-1, 4.67185668945313E-1));
#6558 = IFCFACEOUTERBOUND(#6555, .T.);
#6559 = IFCFACE((#6558));
#6560 = IFCPOLYLOOP((#6552, #6547, #6556));
#6561 = IFCFACEOUTERBOUND(#6560, .T.);
#6562 = IFCFACE((#6561));
#6563 = IFCPOLYLOOP((#6564, #6557, #6556));
#6564 = IFCCARTESIANPOINT((1.08430690765381E-2, -2.3831330871582E-1, 4.67594329833984E-1));
#6565 = IFCFACEOUTERBOUND(#6563, .T.);
#6566 = IFCFACE((#6565));
#6567 = IFCPOLYLOOP((#6491, #6490, #6326));
#6568 = IFCFACEOUTERBOUND(#6567, .T.);
#6569 = IFCFACE((#6568));
#6570 = IFCPOLYLOOP((#6571, #6492, #6491));
#6571 = IFCCARTESIANPOINT((1.42576461791992E-1, 1.5640364074707E-1, 4.45390502929688E-1));
#6572 = IFCFACEOUTERBOUND(#6570, .T.);
#6573 = IFCFACE((#6572));
#6574 = IFCPOLYLOOP((#6542, #6478, #6482));
#6575 = IFCFACEOUTERBOUND(#6574, .T.);
#6576 = IFCFACE((#6575));
#6577 = IFCPOLYLOOP((#6486, #6515, #6482));
#6578 = IFCFACEOUTERBOUND(#6577, .T.);
#6579 = IFCFACE((#6578));
#6580 = IFCPOLYLOOP((#6502, #6581, #6582));
#6581 = IFCCARTESIANPOINT((1.07545677185059E-1, 1.62156448364258E-1, 4.38761901855469E-1));
#6582 = IFCCARTESIANPOINT((7.20114593505859E-2, 1.66437347412109E-1, 4.34003356933594E-1));
#6583 = IFCFACEOUTERBOUND(#6580, .T.);
#6584 = IFCFACE((#6583));
#6585 = IFCPOLYLOOP((#6507, #6502, #6582));
#6586 = IFCFACEOUTERBOUND(#6585, .T.);
#6587 = IFCFACE((#6586));
#6588 = IFCPOLYLOOP((#6582, #6589, #6507));
#6589 = IFCCARTESIANPOINT((3.60891418457031E-2, 1.68964584350586E-1, 4.31357116699219E-1));
#6590 = IFCFACEOUTERBOUND(#6588, .T.);
#6591 = IFCFACE((#6590));
#6592 = IFCPOLYLOOP((#6498, #6571, #6581));
#6593 = IFCFACEOUTERBOUND(#6592, .T.);
#6594 = IFCFACE((#6593));
#6595 = IFCPOLYLOOP((#6571, #6498, #6492));
#6596 = IFCFACEOUTERBOUND(#6595, .T.);
#6597 = IFCFACE((#6596));
#6598 = IFCPOLYLOOP((#6581, #6502, #6498));
#6599 = IFCFACEOUTERBOUND(#6598, .T.);
#6600 = IFCFACE((#6599));
#6601 = IFCPOLYLOOP((#6589, #6602, #6507));
#6602 = IFCCARTESIANPOINT((-1.4268000125885E-3, 1.33575134277344E-1, 4.33990142822266E-1));
#6603 = IFCFACEOUTERBOUND(#6601, .T.);
#6604 = IFCFACE((#6603));
#6605 = IFCPOLYLOOP((#6602, #6606, #6511));
#6606 = IFCCARTESIANPOINT((-2.36302165985107E-2, 7.97000579833984E-2, 4.39267150878906E-1));
#6607 = IFCFACEOUTERBOUND(#6605, .T.);
#6608 = IFCFACE((#6607));
#6609 = IFCPOLYLOOP((#6511, #6507, #6602));
#6610 = IFCFACEOUTERBOUND(#6609, .T.);
#6611 = IFCFACE((#6610));
#6612 = IFCPOLYLOOP((#6613, #6614, #6506));
#6613 = IFCCARTESIANPOINT((-9.46857571601868E-4, 6.06475639343262E-2, 4.40738250732422E-1));
#6614 = IFCCARTESIANPOINT((-2.40431671142578E-2, 1.38117361068726E-2, 4.45469665527344E-1));
#6615 = IFCFACEOUTERBOUND(#6612, .T.);
#6616 = IFCFACE((#6615));
#6617 = IFCPOLYLOOP((#6618, #6619, #6538));
#6618 = IFCCARTESIANPOINT((-3.7527711391449E-3, -4.51161613464355E-2, 4.50837585449219E-1));
#6619 = IFCCARTESIANPOINT((-5.30046463012695E-2, -1.18945114135742E-1, 4.585625E-1));
#6620 = IFCFACEOUTERBOUND(#6617, .T.);
#6621 = IFCFACE((#6620));
#6622 = IFCPOLYLOOP((#6551, #6478, #6542));
#6623 = IFCFACEOUTERBOUND(#6622, .T.);
#6624 = IFCFACE((#6623));
#6625 = IFCPOLYLOOP((#6478, #6551, #6340));
#6626 = IFCFACEOUTERBOUND(#6625, .T.);
#6627 = IFCFACE((#6626));
#6628 = IFCPOLYLOOP((#6552, #6629, #6340));
#6629 = IFCCARTESIANPOINT((1.61378875732422E-1, -2.37701385498047E-1, 4.67386291503906E-1));
#6630 = IFCFACEOUTERBOUND(#6628, .T.);
#6631 = IFCFACE((#6630));
#6632 = IFCPOLYLOOP((#6633, #6340, #6629));
#6633 = IFCCARTESIANPOINT((1.80865203857422E-1, -2.2536328125E-1, 4.67842712402344E-1));
#6634 = IFCFACEOUTERBOUND(#6632, .T.);
#6635 = IFCFACE((#6634));
#6636 = IFCPOLYLOOP((#6552, #6637, #6629));
#6637 = IFCCARTESIANPOINT((1.38705825805664E-1, -2.48289932250977E-1, 4.66045532226563E-1));
#6638 = IFCFACEOUTERBOUND(#6636, .T.);
#6639 = IFCFACE((#6638));
#6640 = IFCPOLYLOOP((#6641, #6637, #6552));
#6641 = IFCCARTESIANPOINT((1.28095764160156E-1, -2.3883268737793E-1, 4.67063598632813E-1));
#6642 = IFCFACEOUTERBOUND(#6640, .T.);
#6643 = IFCFACE((#6642));
#6644 = IFCPOLYLOOP((#6645, #6641, #6557));
#6645 = IFCCARTESIANPOINT((1.11501068115234E-1, -2.56504974365234E-1, 4.63709228515625E-1));
#6646 = IFCFACEOUTERBOUND(#6644, .T.);
#6647 = IFCFACE((#6646));
#6648 = IFCPOLYLOOP((#6391, #6649, #6564));
#6649 = IFCCARTESIANPOINT((6.6233039855957E-2, -2.63243988037109E-1, 4.61635620117188E-1));
#6650 = IFCFACEOUTERBOUND(#6648, .T.);
#6651 = IFCFACE((#6650));
#6652 = IFCPOLYLOOP((#6564, #6649, #6557));
#6653 = IFCFACEOUTERBOUND(#6652, .T.);
#6654 = IFCFACE((#6653));
#6655 = IFCPOLYLOOP((#6564, #6656, #6657));
#6656 = IFCCARTESIANPOINT((6.8689603805542E-3, -2.11431732177734E-1, 4.66749969482422E-1));
#6657 = IFCCARTESIANPOINT((-8.03205490112305E-3, -2.31927612304688E-1, 4.68016967773438E-1));
#6658 = IFCFACEOUTERBOUND(#6655, .T.);
#6659 = IFCFACE((#6658));
#6660 = IFCPOLYLOOP((#6661, #6662, #6663));
#6661 = IFCCARTESIANPOINT((2.04999786376953E-1, 2.04457988739014E-2, 4.05653228759766E-1));
#6662 = IFCCARTESIANPOINT((2.05014129638672E-1, 7.15353317260742E-2, 4.40711578369141E-1));
#6663 = IFCCARTESIANPOINT((2.05000244140625E-1, -3.08447570800781E-2, 3.86660522460938E-1));
#6664 = IFCFACEOUTERBOUND(#6660, .T.);
#6665 = IFCFACE((#6664));
#6666 = IFCPOLYLOOP((#6667, #6467, #6668));
#6667 = IFCCARTESIANPOINT((2.04999801635742E-1, 1.41686065673828E-1, 4.24783325195313E-1));
#6668 = IFCCARTESIANPOINT((2.04999130249023E-1, 1.35053802490234E-1, 4.15085998535156E-1));
#6669 = IFCFACEOUTERBOUND(#6666, .T.);
#6670 = IFCFACE((#6669));
#6671 = IFCPOLYLOOP((#6672, #6662, #6673));
#6672 = IFCCARTESIANPOINT((2.04993316650391E-1, -5.46230392456055E-2, 4.11971099853516E-1));
#6673 = IFCCARTESIANPOINT((2.04963180541992E-1, -7.8766975402832E-2, 4.33545959472656E-1));
#6674 = IFCFACEOUTERBOUND(#6671, .T.);
#6675 = IFCFACE((#6674));
#6676 = IFCPOLYLOOP((#6662, #6467, #6354));
#6677 = IFCFACEOUTERBOUND(#6676, .T.);
#6678 = IFCFACE((#6677));
#6679 = IFCPOLYLOOP((#6353, #6673, #6662));
#6680 = IFCFACEOUTERBOUND(#6679, .T.);
#6681 = IFCFACE((#6680));
#6682 = IFCPOLYLOOP((#6683, #6661, #6663));
#6683 = IFCCARTESIANPOINT((2.04960494995117E-1, -1.59593267440796E-2, 3.8335546875E-1));
#6684 = IFCFACEOUTERBOUND(#6682, .T.);
#6685 = IFCFACE((#6684));
#6686 = IFCPOLYLOOP((#6687, #6662, #6661));
#6687 = IFCCARTESIANPOINT((2.05000350952148E-1, 4.24138679504395E-2, 4.10104309082031E-1));
#6688 = IFCFACEOUTERBOUND(#6686, .T.);
#6689 = IFCFACE((#6688));
#6690 = IFCPOLYLOOP((#6691, #6662, #6687));
#6691 = IFCCARTESIANPOINT((2.04999313354492E-1, 1.19522895812988E-1, 4.06893096923828E-1));
#6692 = IFCFACEOUTERBOUND(#6690, .T.);
#6693 = IFCFACE((#6692));
#6694 = IFCPOLYLOOP((#6667, #6474, #6467));
#6695 = IFCFACEOUTERBOUND(#6694, .T.);
#6696 = IFCFACE((#6695));
#6697 = IFCPOLYLOOP((#6698, #6282, #6699));
#6698 = IFCCARTESIANPOINT((9.12754898071289E-2, -1.84655166625977E-1, 4.56910095214844E-1));
#6699 = IFCCARTESIANPOINT((1.37350769042969E-1, -2.24565246582031E-1, 4.59391632080078E-1));
#6700 = IFCFACEOUTERBOUND(#6697, .T.);
#6701 = IFCFACE((#6700));
#6702 = IFCPOLYLOOP((#6699, #6703, #6698));
#6703 = IFCCARTESIANPOINT((9.12863540649414E-2, -2.24740386962891E-1, 4.59648132324219E-1));
#6704 = IFCFACEOUTERBOUND(#6702, .T.);
#6705 = IFCFACE((#6704));
#6706 = IFCPOLYLOOP((#6707, #6698, #6703));
#6707 = IFCCARTESIANPOINT((4.56660766601563E-2, -1.84660293579102E-1, 4.56330291748047E-1));
#6708 = IFCFACEOUTERBOUND(#6706, .T.);
#6709 = IFCFACE((#6708));
#6710 = IFCPOLYLOOP((#6703, #6711, #6707));
#6711 = IFCCARTESIANPOINT((4.56645202636719E-2, -2.24807907104492E-1, 4.59709381103516E-1));
#6712 = IFCFACEOUTERBOUND(#6710, .T.);
#6713 = IFCFACE((#6712));
#6714 = IFCPOLYLOOP((#6715, #6283, #6282));
#6715 = IFCCARTESIANPOINT((9.12700576782227E-2, -1.45845001220703E-1, 4.536240234375E-1));
#6716 = IFCFACEOUTERBOUND(#6714, .T.);
#6717 = IFCFACE((#6716));
#6718 = IFCPOLYLOOP((#6282, #6698, #6715));
#6719 = IFCFACEOUTERBOUND(#6718, .T.);
#6720 = IFCFACE((#6719));
#6721 = IFCPOLYLOOP((#6707, #6722, #6715));
#6722 = IFCCARTESIANPOINT((4.50191078186035E-2, -1.29517715454102E-1, 4.51242431640625E-1));
#6723 = IFCFACEOUTERBOUND(#6721, .T.);
#6724 = IFCFACE((#6723));
#6725 = IFCPOLYLOOP((#6715, #6698, #6707));
#6726 = IFCFACEOUTERBOUND(#6725, .T.);
#6727 = IFCFACE((#6726));
#6728 = IFCPOLYLOOP((#6729, #6284, #6283));
#6729 = IFCCARTESIANPOINT((1.37696350097656E-1, -6.65767593383789E-2, 4.50639984130859E-1));
#6730 = IFCFACEOUTERBOUND(#6728, .T.);
#6731 = IFCFACE((#6730));
#6732 = IFCPOLYLOOP((#6283, #6733, #6729));
#6733 = IFCCARTESIANPOINT((9.1262321472168E-2, -1.06089797973633E-1, 4.50416534423828E-1));
#6734 = IFCFACEOUTERBOUND(#6732, .T.);
#6735 = IFCFACE((#6734));
#6736 = IFCPOLYLOOP((#6729, #6737, #6284));
#6737 = IFCCARTESIANPOINT((1.80884429931641E-1, -4.8314208984375E-2, 4.51993835449219E-1));
#6738 = IFCFACEOUTERBOUND(#6736, .T.);
#6739 = IFCFACE((#6738));
#6740 = IFCPOLYLOOP((#6733, #6741, #6729));
#6741 = IFCCARTESIANPOINT((9.12539672851563E-2, -6.63906936645508E-2, 4.4716455078125E-1));
#6742 = IFCFACEOUTERBOUND(#6740, .T.);
#6743 = IFCFACE((#6742));
#6744 = IFCPOLYLOOP((#6722, #6745, #6741));
#6745 = IFCCARTESIANPOINT((4.61749267578125E-2, -4.58927307128906E-2, 4.43584716796875E-1));
#6746 = IFCFACEOUTERBOUND(#6744, .T.);
#6747 = IFCFACE((#6746));
#6748 = IFCPOLYLOOP((#6737, #6729, #6749));
#6749 = IFCCARTESIANPOINT((1.37568634033203E-1, -2.63684940338135E-2, 4.48137176513672E-1));
#6750 = IFCFACEOUTERBOUND(#6748, .T.);
#6751 = IFCFACE((#6750));
#6752 = IFCPOLYLOOP((#6741, #6753, #6749));
#6753 = IFCCARTESIANPOINT((9.12438507080078E-2, -2.66771812438965E-2, 4.43888366699219E-1));
#6754 = IFCFACEOUTERBOUND(#6752, .T.);
#6755 = IFCFACE((#6754));
#6756 = IFCPOLYLOOP((#6749, #6729, #6741));
#6757 = IFCFACEOUTERBOUND(#6756, .T.);
#6758 = IFCFACE((#6757));
#6759 = IFCPOLYLOOP((#6760, #6761, #6749));
#6760 = IFCCARTESIANPOINT((1.37539367675781E-1, 1.3395679473877E-2, 4.45716918945313E-1));
#6761 = IFCCARTESIANPOINT((1.81927276611328E-1, 1.36287870407104E-2, 4.49209899902344E-1));
#6762 = IFCFACEOUTERBOUND(#6759, .T.);
#6763 = IFCFACE((#6762));
#6764 = IFCPOLYLOOP((#6753, #6765, #6760));
#6765 = IFCCARTESIANPOINT((9.12347030639648E-2, 1.30287675857544E-2, 4.40639923095703E-1));
#6766 = IFCFACEOUTERBOUND(#6764, .T.);
#6767 = IFCFACE((#6766));
#6768 = IFCPOLYLOOP((#6760, #6749, #6753));
#6769 = IFCFACEOUTERBOUND(#6768, .T.);
#6770 = IFCFACE((#6769));
#6771 = IFCPOLYLOOP((#6753, #6745, #6772));
#6772 = IFCCARTESIANPOINT((4.56967811584473E-2, 1.28543405532837E-2, 4.38167510986328E-1));
#6773 = IFCFACEOUTERBOUND(#6771, .T.);
#6774 = IFCFACE((#6773));
#6775 = IFCPOLYLOOP((#6772, #6765, #6753));
#6776 = IFCFACEOUTERBOUND(#6775, .T.);
#6777 = IFCFACE((#6776));
#6778 = IFCPOLYLOOP((#6779, #6780, #6761));
#6779 = IFCCARTESIANPOINT((1.37512084960938E-1, 5.31340141296387E-2, 4.43269958496094E-1));
#6780 = IFCCARTESIANPOINT((1.80699432373047E-1, 7.32489318847656E-2, 4.46333770751953E-1));
#6781 = IFCFACEOUTERBOUND(#6778, .T.);
#6782 = IFCFACE((#6781));
#6783 = IFCPOLYLOOP((#6761, #6760, #6779));
#6784 = IFCFACEOUTERBOUND(#6783, .T.);
#6785 = IFCFACE((#6784));
#6786 = IFCPOLYLOOP((#6765, #6787, #6779));
#6787 = IFCCARTESIANPOINT((9.12272262573242E-2, 5.27215232849121E-2, 4.37369842529297E-1));
#6788 = IFCFACEOUTERBOUND(#6786, .T.);
#6789 = IFCFACE((#6788));
#6790 = IFCPOLYLOOP((#6779, #6760, #6765));
#6791 = IFCFACEOUTERBOUND(#6790, .T.);
#6792 = IFCFACE((#6791));
#6793 = IFCPOLYLOOP((#6787, #6765, #6772));
#6794 = IFCFACEOUTERBOUND(#6793, .T.);
#6795 = IFCFACE((#6794));
#6796 = IFCPOLYLOOP((#6787, #6797, #6798));
#6797 = IFCCARTESIANPOINT((9.12087097167969E-2, 9.24806747436523E-2, 4.34097930908203E-1));
#6798 = IFCCARTESIANPOINT((1.37494476318359E-1, 9.29627838134766E-2, 4.40828979492188E-1));
#6799 = IFCFACEOUTERBOUND(#6796, .T.);
#6800 = IFCFACE((#6799));
#6801 = IFCPOLYLOOP((#6798, #6779, #6787));
#6802 = IFCFACEOUTERBOUND(#6801, .T.);
#6803 = IFCFACE((#6802));
#6804 = IFCPOLYLOOP((#6797, #6787, #6805));
#6805 = IFCCARTESIANPOINT((4.57337265014648E-2, 1.1732763671875E-1, 4.28598205566406E-1));
#6806 = IFCFACEOUTERBOUND(#6804, .T.);
#6807 = IFCFACE((#6806));
#6808 = IFCPOLYLOOP((#6809, #6798, #6797));
#6809 = IFCCARTESIANPOINT((1.37499969482422E-1, 1.32398712158203E-1, 4.38433837890625E-1));
#6810 = IFCFACEOUTERBOUND(#6808, .T.);
#6811 = IFCFACE((#6810));
#6812 = IFCPOLYLOOP((#6813, #6809, #6797));
#6813 = IFCCARTESIANPOINT((8.90921096801758E-2, 1.63972534179688E-1, 4.27848815917969E-1));
#6814 = IFCFACEOUTERBOUND(#6812, .T.);
#6815 = IFCFACE((#6814));
#6816 = IFCPOLYLOOP((#6817, #6699, #6288));
#6817 = IFCCARTESIANPOINT((1.53649108886719E-1, -2.40362533569336E-1, 4.59079406738281E-1));
#6818 = IFCFACEOUTERBOUND(#6816, .T.);
#6819 = IFCFACE((#6818));
#6820 = IFCPOLYLOOP((#6699, #6817, #6821));
#6821 = IFCCARTESIANPOINT((1.17850021362305E-1, -2.52095916748047E-1, 4.56408172607422E-1));
#6822 = IFCFACEOUTERBOUND(#6820, .T.);
#6823 = IFCFACE((#6822));
#6824 = IFCPOLYLOOP((#6288, #6699, #6282));
#6825 = IFCFACEOUTERBOUND(#6824, .T.);
#6826 = IFCFACE((#6825));
#6827 = IFCPOLYLOOP((#6703, #6699, #6821));
#6828 = IFCFACEOUTERBOUND(#6827, .T.);
#6829 = IFCFACE((#6828));
#6830 = IFCPOLYLOOP((#6703, #6831, #6832));
#6831 = IFCCARTESIANPOINT((8.94179611206055E-2, -2.5719970703125E-1, 4.55211639404297E-1));
#6832 = IFCCARTESIANPOINT((5.44378433227539E-2, -2.60546112060547E-1, 4.54349456787109E-1));
#6833 = IFCFACEOUTERBOUND(#6830, .T.);
#6834 = IFCFACE((#6833));
#6835 = IFCPOLYLOOP((#6832, #6711, #6703));
#6836 = IFCFACEOUTERBOUND(#6835, .T.);
#6837 = IFCFACE((#6836));
#6838 = IFCPOLYLOOP((#6703, #6821, #6831));
#6839 = IFCFACEOUTERBOUND(#6838, .T.);
#6840 = IFCFACE((#6839));
#6841 = IFCPOLYLOOP((#6325, #6761, #6780));
#6842 = IFCFACEOUTERBOUND(#6841, .T.);
#6843 = IFCFACE((#6842));
#6844 = IFCPOLYLOOP((#6737, #6292, #6284));
#6845 = IFCFACEOUTERBOUND(#6844, .T.);
#6846 = IFCFACE((#6845));
#6847 = IFCPOLYLOOP((#6737, #6761, #6292));
#6848 = IFCFACEOUTERBOUND(#6847, .T.);
#6849 = IFCFACE((#6848));
#6850 = IFCPOLYLOOP((#6787, #6772, #6851));
#6851 = IFCCARTESIANPOINT((-2.32268407940865E-4, 7.65671234130859E-2, 4.31471496582031E-1));
#6852 = IFCFACEOUTERBOUND(#6850, .T.);
#6853 = IFCFACE((#6852));
#6854 = IFCPOLYLOOP((#6851, #6805, #6787));
#6855 = IFCFACEOUTERBOUND(#6854, .T.);
#6856 = IFCFACE((#6855));
#6857 = IFCPOLYLOOP((#6858, #6859, #6772));
#6858 = IFCCARTESIANPOINT((6.00829571485519E-5, -3.89498825073242E-2, 4.42534210205078E-1));
#6859 = IFCCARTESIANPOINT((-3.29097557067871E-2, -6.63431549072266E-3, 4.39684783935547E-1));
#6860 = IFCFACEOUTERBOUND(#6857, .T.);
#6861 = IFCFACE((#6860));
#6862 = IFCPOLYLOOP((#6863, #6325, #6809));
#6863 = IFCCARTESIANPOINT((1.49867233276367E-1, 1.55111099243164E-1, 4.38984436035156E-1));
#6864 = IFCFACEOUTERBOUND(#6862, .T.);
#6865 = IFCFACE((#6864));
#6866 = IFCPOLYLOOP((#6863, #6809, #6813));
#6867 = IFCFACEOUTERBOUND(#6866, .T.);
#6868 = IFCFACE((#6867));
#6869 = IFCPOLYLOOP((#6870, #6871, #6805));
#6870 = IFCCARTESIANPOINT((3.09831295013428E-2, 1.68425750732422E-1, 4.23164978027344E-1));
#6871 = IFCCARTESIANPOINT((6.00880279541016E-2, 1.6671321105957E-1, 4.24892700195313E-1));
#6872 = IFCFACEOUTERBOUND(#6869, .T.);
#6873 = IFCFACE((#6872));
#6874 = IFCPOLYLOOP((#6805, #6875, #6870));
#6875 = IFCCARTESIANPOINT((2.68550395965576E-4, 1.36510284423828E-1, 4.25725189208984E-1));
#6876 = IFCFACEOUTERBOUND(#6874, .T.);
#6877 = IFCFACE((#6876));
#6878 = IFCPOLYLOOP((#6879, #6870, #6875));
#6879 = IFCCARTESIANPOINT((-1.19605398178101E-2, 1.69070831298828E-1, 4.22553405761719E-1));
#6880 = IFCFACEOUTERBOUND(#6878, .T.);
#6881 = IFCFACE((#6880));
#6882 = IFCPOLYLOOP((#6883, #6884, #6885));
#6883 = IFCCARTESIANPOINT((-1.97021118164063E-1, 1.34741546630859E-1, 4.14871643066406E-1));
#6884 = IFCCARTESIANPOINT((-1.97001205444336E-1, 1.19462036132813E-1, 4.06894592285156E-1));
#6885 = IFCCARTESIANPOINT((-2.049794921875E-1, 1.2071541595459E-1, 4.06905517578125E-1));
#6886 = IFCFACEOUTERBOUND(#6882, .T.);
#6887 = IFCFACE((#6886));
#6888 = IFCPOLYLOOP((#6889, #6890, #6891));
#6889 = IFCCARTESIANPOINT((-2.04999847412109E-1, 1.35392593383789E-1, 4.15587799072266E-1));
#6890 = IFCCARTESIANPOINT((-2.05021423339844E-1, 1.41755859375E-1, 4.25024505615234E-1));
#6891 = IFCCARTESIANPOINT((-1.96999694824219E-1, 1.41432769775391E-1, 4.24398834228516E-1));
#6892 = IFCFACEOUTERBOUND(#6888, .T.);
#6893 = IFCFACE((#6892));
#6894 = IFCPOLYLOOP((#6891, #6883, #6889));
#6895 = IFCFACEOUTERBOUND(#6894, .T.);
#6896 = IFCFACE((#6895));
#6897 = IFCPOLYLOOP((#6429, #6898, #6890));
#6898 = IFCCARTESIANPOINT((-1.96986236572266E-1, 1.45339645385742E-1, 4.37645660400391E-1));
#6899 = IFCFACEOUTERBOUND(#6897, .T.);
#6900 = IFCFACE((#6899));
#6901 = IFCPOLYLOOP((#6891, #6890, #6898));
#6902 = IFCFACEOUTERBOUND(#6901, .T.);
#6903 = IFCFACE((#6902));
#6904 = IFCPOLYLOOP((#6905, #6906, #6907));
#6905 = IFCCARTESIANPOINT((-1.97001510620117E-1, -3.06698532104492E-2, 3.86232177734375E-1));
#6906 = IFCCARTESIANPOINT((-2.04955062866211E-1, -6.31087608337402E-2, 4.20480987548828E-1));
#6907 = IFCCARTESIANPOINT((-2.05000305175781E-1, -3.08448009490967E-2, 3.86660522460938E-1));
#6908 = IFCFACEOUTERBOUND(#6904, .T.);
#6909 = IFCFACE((#6908));
#6910 = IFCPOLYLOOP((#6911, #6912, #6905));
#6911 = IFCCARTESIANPOINT((-2.04961349487305E-1, -1.59509649276733E-2, 3.83360107421875E-1));
#6912 = IFCCARTESIANPOINT((-1.97000671386719E-1, -1.47400321960449E-2, 3.83945495605469E-1));
#6913 = IFCFACEOUTERBOUND(#6910, .T.);
#6914 = IFCFACE((#6913));
#6915 = IFCPOLYLOOP((#6916, #6912, #6917));
#6916 = IFCCARTESIANPOINT((-1.97001266479492E-1, 1.80085163116455E-2, 4.0423779296875E-1));
#6917 = IFCCARTESIANPOINT((-2.0499983215332E-1, 2.04692249298096E-2, 4.05665344238281E-1));
#6918 = IFCFACEOUTERBOUND(#6915, .T.);
#6919 = IFCFACE((#6918));
#6920 = IFCPOLYLOOP((#6921, #6917, #6922));
#6921 = IFCCARTESIANPOINT((-1.96999908447266E-1, 3.94497299194336E-2, 4.10130828857422E-1));
#6922 = IFCCARTESIANPOINT((-2.05000534057617E-1, 4.26598587036133E-2, 4.10130706787109E-1));
#6923 = IFCFACEOUTERBOUND(#6920, .T.);
#6924 = IFCFACE((#6923));
#6925 = IFCPOLYLOOP((#6921, #6916, #6917));
#6926 = IFCFACEOUTERBOUND(#6925, .T.);
#6927 = IFCFACE((#6926));
#6928 = IFCPOLYLOOP((#6922, #6885, #6884));
#6929 = IFCFACEOUTERBOUND(#6928, .T.);
#6930 = IFCFACE((#6929));
#6931 = IFCPOLYLOOP((#6891, #6932, #6884));
#6932 = IFCCARTESIANPOINT((-1.96962890625E-1, 2.45483989715576E-2, 4.43735412597656E-1));
#6933 = IFCFACEOUTERBOUND(#6931, .T.);
#6934 = IFCFACE((#6933));
#6935 = IFCPOLYLOOP((#6898, #6932, #6891));
#6936 = IFCFACEOUTERBOUND(#6935, .T.);
#6937 = IFCFACE((#6936));
#6938 = IFCPOLYLOOP((#6916, #6921, #6932));
#6939 = IFCFACEOUTERBOUND(#6938, .T.);
#6940 = IFCFACE((#6939));
#6941 = IFCPOLYLOOP((#6942, #6916, #6932));
#6942 = IFCCARTESIANPOINT((-1.9700813293457E-1, -6.31571502685547E-2, 4.20843872070313E-1));
#6943 = IFCFACEOUTERBOUND(#6941, .T.);
#6944 = IFCFACE((#6943));
#6945 = IFCPOLYLOOP((#6883, #6891, #6884));
#6946 = IFCFACEOUTERBOUND(#6945, .T.);
#6947 = IFCFACE((#6946));
#6948 = IFCPOLYLOOP((#6932, #6949, #6942));
#6949 = IFCCARTESIANPOINT((-1.97031387329102E-1, -8.1086067199707E-2, 4.33791107177734E-1));
#6950 = IFCFACEOUTERBOUND(#6948, .T.);
#6951 = IFCFACE((#6950));
#6952 = IFCPOLYLOOP((#6949, #6932, #6381));
#6953 = IFCFACEOUTERBOUND(#6952, .T.);
#6954 = IFCFACE((#6953));
#6955 = IFCPOLYLOOP((#6905, #6912, #6916));
#6956 = IFCFACEOUTERBOUND(#6955, .T.);
#6957 = IFCFACE((#6956));
#6958 = IFCPOLYLOOP((#6942, #6905, #6916));
#6959 = IFCFACEOUTERBOUND(#6958, .T.);
#6960 = IFCFACE((#6959));
#6961 = IFCPOLYLOOP((#6380, #6442, #6906));
#6962 = IFCFACEOUTERBOUND(#6961, .T.);
#6963 = IFCFACE((#6962));
#6964 = IFCPOLYLOOP((#6911, #6907, #6917));
#6965 = IFCFACEOUTERBOUND(#6964, .T.);
#6966 = IFCFACE((#6965));
#6967 = IFCPOLYLOOP((#6907, #6906, #6442));
#6968 = IFCFACEOUTERBOUND(#6967, .T.);
#6969 = IFCFACE((#6968));
#6970 = IFCPOLYLOOP((#6971, #6922, #6442));
#6971 = IFCCARTESIANPOINT((-2.0500114440918E-1, 1.13837196350098E-1, 4.38143737792969E-1));
#6972 = IFCFACEOUTERBOUND(#6970, .T.);
#6973 = IFCFACE((#6972));
#6974 = IFCPOLYLOOP((#6429, #6890, #6971));
#6975 = IFCFACEOUTERBOUND(#6974, .T.);
#6976 = IFCFACE((#6975));
#6977 = IFCPOLYLOOP((#6889, #6922, #6971));
#6978 = IFCFACEOUTERBOUND(#6977, .T.);
#6979 = IFCFACE((#6978));
#6980 = IFCPOLYLOOP((#6889, #6885, #6922));
#6981 = IFCFACEOUTERBOUND(#6980, .T.);
#6982 = IFCFACE((#6981));
#6983 = IFCPOLYLOOP((#6984, #6667, #6668));
#6984 = IFCCARTESIANPOINT((1.97004730224609E-1, 1.41525588989258E-1, 4.24679809570313E-1));
#6985 = IFCFACEOUTERBOUND(#6983, .T.);
#6986 = IFCFACE((#6985));
#6987 = IFCPOLYLOOP((#6668, #6988, #6984));
#6988 = IFCCARTESIANPOINT((1.97000701904297E-1, 1.35015319824219E-1, 4.15294372558594E-1));
#6989 = IFCFACEOUTERBOUND(#6987, .T.);
#6990 = IFCFACE((#6989));
#6991 = IFCPOLYLOOP((#6992, #6988, #6668));
#6992 = IFCCARTESIANPOINT((1.97015335083008E-1, 1.20699356079102E-1, 4.06902404785156E-1));
#6993 = IFCFACEOUTERBOUND(#6991, .T.);
#6994 = IFCFACE((#6993));
#6995 = IFCPOLYLOOP((#6667, #6984, #6996));
#6996 = IFCCARTESIANPOINT((1.96970443725586E-1, 1.45596405029297E-1, 4.38369842529297E-1));
#6997 = IFCFACEOUTERBOUND(#6995, .T.);
#6998 = IFCFACE((#6997));
#6999 = IFCPOLYLOOP((#6663, #6672, #7000));
#7000 = IFCCARTESIANPOINT((1.97003829956055E-1, -3.07810554504395E-2, 3.86273376464844E-1));
#7001 = IFCFACEOUTERBOUND(#6999, .T.);
#7002 = IFCFACE((#7001));
#7003 = IFCPOLYLOOP((#7000, #7004, #6683));
#7004 = IFCCARTESIANPOINT((1.97000595092773E-1, -1.47579507827759E-2, 3.83935943603516E-1));
#7005 = IFCFACEOUTERBOUND(#7003, .T.);
#7006 = IFCFACE((#7005));
#7007 = IFCPOLYLOOP((#6683, #7004, #6661));
#7008 = IFCFACEOUTERBOUND(#7007, .T.);
#7009 = IFCFACE((#7008));
#7010 = IFCPOLYLOOP((#7011, #6687, #6661));
#7011 = IFCCARTESIANPOINT((1.97000564575195E-1, 3.97749977111816E-2, 4.10199859619141E-1));
#7012 = IFCFACEOUTERBOUND(#7010, .T.);
#7013 = IFCFACE((#7012));
#7014 = IFCPOLYLOOP((#7015, #7011, #6661));
#7015 = IFCCARTESIANPOINT((1.97001586914063E-1, 1.80085773468018E-2, 4.04237823486328E-1));
#7016 = IFCFACEOUTERBOUND(#7014, .T.);
#7017 = IFCFACE((#7016));
#7018 = IFCPOLYLOOP((#7011, #6992, #6691));
#7019 = IFCFACEOUTERBOUND(#7018, .T.);
#7020 = IFCFACE((#7019));
#7021 = IFCPOLYLOOP((#7011, #6996, #6992));
#7022 = IFCFACEOUTERBOUND(#7021, .T.);
#7023 = IFCFACE((#7022));
#7024 = IFCPOLYLOOP((#7025, #7011, #7015));
#7025 = IFCCARTESIANPOINT((1.97001342773438E-1, -5.89892387390137E-2, 4.16731536865234E-1));
#7026 = IFCFACEOUTERBOUND(#7024, .T.);
#7027 = IFCFACE((#7026));
#7028 = IFCPOLYLOOP((#6984, #6988, #6996));
#7029 = IFCFACEOUTERBOUND(#7028, .T.);
#7030 = IFCFACE((#7029));
#7031 = IFCPOLYLOOP((#7000, #7015, #7004));
#7032 = IFCFACEOUTERBOUND(#7031, .T.);
#7033 = IFCFACE((#7032));
#7034 = IFCPOLYLOOP((#7015, #7000, #7025));
#7035 = IFCFACEOUTERBOUND(#7034, .T.);
#7036 = IFCFACE((#7035));
#7037 = IFCPOLYLOOP((#7038, #6358, #6996));
#7038 = IFCCARTESIANPOINT((1.96996704101563E-1, -8.05795974731445E-2, 4.33585662841797E-1));
#7039 = IFCFACEOUTERBOUND(#7037, .T.);
#7040 = IFCFACE((#7039));
#7041 = IFCPOLYLOOP((#7038, #6996, #7025));
#7042 = IFCFACEOUTERBOUND(#7041, .T.);
#7043 = IFCFACE((#7042));
#7044 = IFCPOLYLOOP((#6380, #6949, #6381));
#7045 = IFCFACEOUTERBOUND(#7044, .T.);
#7046 = IFCFACE((#7045));
#7047 = IFCPOLYLOOP((#6906, #6949, #6380));
#7048 = IFCFACEOUTERBOUND(#7047, .T.);
#7049 = IFCFACE((#7048));
#7050 = IFCPOLYLOOP((#6942, #6906, #6905));
#7051 = IFCFACEOUTERBOUND(#7050, .T.);
#7052 = IFCFACE((#7051));
#7053 = IFCPOLYLOOP((#7038, #6353, #6358));
#7054 = IFCFACEOUTERBOUND(#7053, .T.);
#7055 = IFCFACE((#7054));
#7056 = IFCPOLYLOOP((#7038, #7025, #6673));
#7057 = IFCFACEOUTERBOUND(#7056, .T.);
#7058 = IFCFACE((#7057));
#7059 = IFCPOLYLOOP((#6673, #6353, #7038));
#7060 = IFCFACEOUTERBOUND(#7059, .T.);
#7061 = IFCFACE((#7060));
#7062 = IFCPOLYLOOP((#7063, #7064, #7065));
#7063 = IFCCARTESIANPOINT((-7.13872833251953E-2, -1.74791351318359E-1, 4.5570458984375E-1));
#7064 = IFCCARTESIANPOINT((-3.49730377197266E-2, -1.76012741088867E-1, 4.55551513671875E-1));
#7065 = IFCCARTESIANPOINT((-3.47465858459473E-2, -2.24300537109375E-1, 4.59752593994141E-1));
#7066 = IFCFACEOUTERBOUND(#7062, .T.);
#7067 = IFCFACE((#7066));
#7068 = IFCPOLYLOOP((#7069, #7070, #7063));
#7069 = IFCCARTESIANPOINT((-9.67688598632813E-2, -2.24590057373047E-1, 4.59606475830078E-1));
#7070 = IFCCARTESIANPOINT((-9.67954788208008E-2, -1.84647232055664E-1, 4.57009155273438E-1));
#7071 = IFCFACEOUTERBOUND(#7068, .T.);
#7072 = IFCFACE((#7071));
#7073 = IFCPOLYLOOP((#7070, #7069, #7074));
#7074 = IFCCARTESIANPOINT((-1.29267105102539E-1, -2.244326171875E-1, 4.59359954833984E-1));
#7075 = IFCFACEOUTERBOUND(#7073, .T.);
#7076 = IFCFACE((#7075));
#7077 = IFCPOLYLOOP((#6416, #6424, #7078));
#7078 = IFCCARTESIANPOINT((-1.53304779052734E-1, -1.80772079467773E-1, 4.57996612548828E-1));
#7079 = IFCFACEOUTERBOUND(#7077, .T.);
#7080 = IFCFACE((#7079));
#7081 = IFCPOLYLOOP((#7078, #7074, #6416));
#7082 = IFCFACEOUTERBOUND(#7081, .T.);
#7083 = IFCFACE((#7082));
#7084 = IFCPOLYLOOP((#7063, #7070, #7085));
#7085 = IFCCARTESIANPOINT((-9.74983062744141E-2, -1.35365982055664E-1, 4.529765625E-1));
#7086 = IFCFACEOUTERBOUND(#7084, .T.);
#7087 = IFCFACE((#7086));
#7088 = IFCPOLYLOOP((#7070, #7074, #7078));
#7089 = IFCFACEOUTERBOUND(#7088, .T.);
#7090 = IFCFACE((#7089));
#7091 = IFCPOLYLOOP((#7078, #7092, #7070));
#7092 = IFCCARTESIANPOINT((-1.29373077392578E-1, -1.45733535766602E-1, 4.5499951171875E-1));
#7093 = IFCFACEOUTERBOUND(#7091, .T.);
#7094 = IFCFACE((#7093));
#7095 = IFCPOLYLOOP((#7092, #7096, #7097));
#7096 = IFCCARTESIANPOINT((-1.58487731933594E-1, -1.32121551513672E-1, 4.55446929931641E-1));
#7097 = IFCCARTESIANPOINT((-1.28358551025391E-1, -8.69018478393555E-2, 4.51159820556641E-1));
#7098 = IFCFACEOUTERBOUND(#7095, .T.);
#7099 = IFCFACE((#7098));
#7100 = IFCPOLYLOOP((#7097, #7085, #7092));
#7101 = IFCFACEOUTERBOUND(#7100, .T.);
#7102 = IFCFACE((#7101));
#7103 = IFCPOLYLOOP((#7097, #7096, #7104));
#7104 = IFCCARTESIANPOINT((-1.603486328125E-1, -6.04521484375E-2, 4.51862060546875E-1));
#7105 = IFCFACEOUTERBOUND(#7103, .T.);
#7106 = IFCFACE((#7105));
#7107 = IFCPOLYLOOP((#7108, #7109, #7085));
#7108 = IFCCARTESIANPOINT((-9.97840576171875E-2, -5.80958366394043E-2, 4.46908294677734E-1));
#7109 = IFCCARTESIANPOINT((-3.27793655395508E-2, -8.82118911743164E-2, 4.47322540283203E-1));
#7110 = IFCFACEOUTERBOUND(#7107, .T.);
#7111 = IFCFACE((#7110));
#7112 = IFCPOLYLOOP((#7108, #7113, #7114));
#7113 = IFCCARTESIANPOINT((-1.29315292358398E-1, 1.10566492080688E-2, 4.44717529296875E-1));
#7114 = IFCCARTESIANPOINT((-6.44684753417969E-2, -2.68048915863037E-2, 4.42429565429688E-1));
#7115 = IFCFACEOUTERBOUND(#7112, .T.);
#7116 = IFCFACE((#7115));
#7117 = IFCPOLYLOOP((#7104, #7118, #7113));
#7118 = IFCCARTESIANPOINT((-1.90700637817383E-1, -2.08169193267822E-2, 4.52525329589844E-1));
#7119 = IFCFACEOUTERBOUND(#7117, .T.);
#7120 = IFCFACE((#7119));
#7121 = IFCPOLYLOOP((#7113, #7108, #7104));
#7122 = IFCFACEOUTERBOUND(#7121, .T.);
#7123 = IFCFACE((#7122));
#7124 = IFCPOLYLOOP((#6859, #7125, #7126));
#7125 = IFCCARTESIANPOINT((-6.43459930419922E-2, 3.0857479095459E-2, 4.37274841308594E-1));
#7126 = IFCCARTESIANPOINT((-3.14913139343262E-2, 7.49804763793945E-2, 4.32002655029297E-1));
#7127 = IFCFACEOUTERBOUND(#7124, .T.);
#7128 = IFCFACE((#7127));
#7129 = IFCPOLYLOOP((#7113, #7130, #7131));
#7130 = IFCCARTESIANPOINT((-1.2548087310791E-1, 7.9726692199707E-2, 4.39694763183594E-1));
#7131 = IFCCARTESIANPOINT((-9.6492546081543E-2, 4.07883033752441E-2, 4.38836334228516E-1));
#7132 = IFCFACEOUTERBOUND(#7129, .T.);
#7133 = IFCFACE((#7132));
#7134 = IFCPOLYLOOP((#7135, #7126, #7125));
#7135 = IFCCARTESIANPOINT((-6.3834041595459E-2, 1.00786567687988E-1, 4.31016723632813E-1));
#7136 = IFCFACEOUTERBOUND(#7134, .T.);
#7137 = IFCFACE((#7136));
#7138 = IFCPOLYLOOP((#7125, #7131, #7135));
#7139 = IFCFACEOUTERBOUND(#7138, .T.);
#7140 = IFCFACE((#7139));
#7141 = IFCPOLYLOOP((#7113, #7142, #7130));
#7142 = IFCCARTESIANPOINT((-1.90412536621094E-1, 5.73009147644043E-2, 4.48965026855469E-1));
#7143 = IFCFACEOUTERBOUND(#7141, .T.);
#7144 = IFCFACE((#7143));
#7145 = IFCPOLYLOOP((#7135, #7146, #6875));
#7146 = IFCCARTESIANPOINT((-5.20348701477051E-2, 1.67350494384766E-1, 4.24272857666016E-1));
#7147 = IFCFACEOUTERBOUND(#7145, .T.);
#7148 = IFCFACE((#7147));
#7149 = IFCPOLYLOOP((#6875, #7126, #7135));
#7150 = IFCFACEOUTERBOUND(#7149, .T.);
#7151 = IFCFACE((#7150));
#7152 = IFCPOLYLOOP((#6392, #7065, #6302));
#7153 = IFCFACEOUTERBOUND(#7152, .T.);
#7154 = IFCFACE((#7153));
#7155 = IFCPOLYLOOP((#6302, #6309, #6392));
#7156 = IFCFACEOUTERBOUND(#7155, .T.);
#7157 = IFCFACE((#7156));
#7158 = IFCPOLYLOOP((#6392, #6397, #7065));
#7159 = IFCFACEOUTERBOUND(#7158, .T.);
#7160 = IFCFACE((#7159));
#7161 = IFCPOLYLOOP((#6309, #6308, #6392));
#7162 = IFCFACEOUTERBOUND(#7161, .T.);
#7163 = IFCFACE((#7162));
#7164 = IFCPOLYLOOP((#7065, #6303, #6302));
#7165 = IFCFACEOUTERBOUND(#7164, .T.);
#7166 = IFCFACE((#7165));
#7167 = IFCPOLYLOOP((#6397, #6407, #7069));
#7168 = IFCFACEOUTERBOUND(#7167, .T.);
#7169 = IFCFACE((#7168));
#7170 = IFCPOLYLOOP((#6407, #6406, #7074));
#7171 = IFCFACEOUTERBOUND(#7170, .T.);
#7172 = IFCFACE((#7171));
#7173 = IFCPOLYLOOP((#7074, #7069, #6407));
#7174 = IFCFACEOUTERBOUND(#7173, .T.);
#7175 = IFCFACE((#7174));
#7176 = IFCPOLYLOOP((#7074, #6406, #6412));
#7177 = IFCFACEOUTERBOUND(#7176, .T.);
#7178 = IFCFACE((#7177));
#7179 = IFCPOLYLOOP((#7109, #6858, #6745));
#7180 = IFCFACEOUTERBOUND(#7179, .T.);
#7181 = IFCFACE((#7180));
#7182 = IFCPOLYLOOP((#6745, #6722, #7109));
#7183 = IFCFACEOUTERBOUND(#7182, .T.);
#7184 = IFCFACE((#7183));
#7185 = IFCPOLYLOOP((#6412, #6416, #7074));
#7186 = IFCFACEOUTERBOUND(#7185, .T.);
#7187 = IFCFACE((#7186));
#7188 = IFCPOLYLOOP((#6303, #7065, #7064));
#7189 = IFCFACEOUTERBOUND(#7188, .T.);
#7190 = IFCFACE((#7189));
#7191 = IFCPOLYLOOP((#6363, #7078, #6424));
#7192 = IFCFACEOUTERBOUND(#7191, .T.);
#7193 = IFCFACE((#7192));
#7194 = IFCPOLYLOOP((#7195, #7096, #6363));
#7195 = IFCCARTESIANPOINT((-1.90597137451172E-1, -9.00336151123047E-2, 4.54661468505859E-1));
#7196 = IFCFACEOUTERBOUND(#7194, .T.);
#7197 = IFCFACE((#7196));
#7198 = IFCPOLYLOOP((#6859, #7126, #6851));
#7199 = IFCFACEOUTERBOUND(#7198, .T.);
#7200 = IFCFACE((#7199));
#7201 = IFCPOLYLOOP((#6851, #6772, #6859));
#7202 = IFCFACEOUTERBOUND(#7201, .T.);
#7203 = IFCFACE((#7202));
#7204 = IFCPOLYLOOP((#7135, #7205, #7146));
#7205 = IFCCARTESIANPOINT((-8.75243911743164E-2, 1.64272659301758E-1, 4.27559265136719E-1));
#7206 = IFCFACEOUTERBOUND(#7204, .T.);
#7207 = IFCFACE((#7206));
#7208 = IFCPOLYLOOP((#7113, #7118, #7142));
#7209 = IFCFACEOUTERBOUND(#7208, .T.);
#7210 = IFCFACE((#7209));
#7211 = IFCPOLYLOOP((#7130, #7142, #6320));
#7212 = IFCFACEOUTERBOUND(#7211, .T.);
#7213 = IFCFACE((#7212));
#7214 = IFCPOLYLOOP((#6320, #7215, #7130));
#7215 = IFCCARTESIANPOINT((-1.60381576538086E-1, 1.53197143554688E-1, 4.40673675537109E-1));
#7216 = IFCFACEOUTERBOUND(#7214, .T.);
#7217 = IFCFACE((#7216));
#7218 = IFCPOLYLOOP((#6345, #6324, #6349));
#7219 = IFCFACEOUTERBOUND(#7218, .T.);
#7220 = IFCFACE((#7219));
#7221 = IFCPOLYLOOP((#6349, #6996, #6358));
#7222 = IFCFACEOUTERBOUND(#7221, .T.);
#7223 = IFCFACE((#7222));
#7224 = IFCPOLYLOOP((#6320, #7142, #6315));
#7225 = IFCFACEOUTERBOUND(#7224, .T.);
#7226 = IFCFACE((#7225));
#7227 = IFCPOLYLOOP((#7118, #7228, #7142));
#7228 = IFCCARTESIANPOINT((-1.93701538085938E-1, -1.10364694595337E-2, 4.50506927490234E-1));
#7229 = IFCFACEOUTERBOUND(#7227, .T.);
#7230 = IFCFACE((#7229));
#7231 = IFCPOLYLOOP((#6429, #6428, #6315));
#7232 = IFCFACEOUTERBOUND(#7231, .T.);
#7233 = IFCFACE((#7232));
#7234 = IFCPOLYLOOP((#6996, #6334, #6474));
#7235 = IFCFACEOUTERBOUND(#7234, .T.);
#7236 = IFCFACE((#7235));
#7237 = IFCPOLYLOOP((#6324, #6334, #6996));
#7238 = IFCFACEOUTERBOUND(#7237, .T.);
#7239 = IFCFACE((#7238));
#7240 = IFCPOLYLOOP((#7215, #6320, #7241));
#7241 = IFCCARTESIANPOINT((-1.64832977294922E-1, 1.52990371704102E-1, 4.49419189453125E-1));
#7242 = IFCFACEOUTERBOUND(#7240, .T.);
#7243 = IFCFACE((#7242));
#7244 = IFCPOLYLOOP((#7245, #7215, #7241));
#7245 = IFCCARTESIANPOINT((-9.96186218261719E-2, 1.6343913269043E-1, 4.37251159667969E-1));
#7246 = IFCFACEOUTERBOUND(#7244, .T.);
#7247 = IFCFACE((#7246));
#7248 = IFCPOLYLOOP((#7205, #7215, #7245));
#7249 = IFCFACEOUTERBOUND(#7248, .T.);
#7250 = IFCFACE((#7249));
#7251 = IFCPOLYLOOP((#7205, #7245, #7252));
#7252 = IFCCARTESIANPOINT((-5.79073143005371E-2, 1.67857803344727E-1, 4.32356323242188E-1));
#7253 = IFCFACEOUTERBOUND(#7251, .T.);
#7254 = IFCFACE((#7253));
#7255 = IFCPOLYLOOP((#6870, #6879, #7256));
#7256 = IFCCARTESIANPOINT((-8.2765588760376E-3, 1.69851455688477E-1, 4.30456512451172E-1));
#7257 = IFCFACEOUTERBOUND(#7255, .T.);
#7258 = IFCFACE((#7257));
#7259 = IFCPOLYLOOP((#7205, #7252, #7146));
#7260 = IFCFACEOUTERBOUND(#7259, .T.);
#7261 = IFCFACE((#7260));
#7262 = IFCPOLYLOOP((#6879, #7146, #7252));
#7263 = IFCFACEOUTERBOUND(#7262, .T.);
#7264 = IFCFACE((#7263));
#7265 = IFCPOLYLOOP((#7256, #6879, #7252));
#7266 = IFCFACEOUTERBOUND(#7265, .T.);
#7267 = IFCFACE((#7266));
#7268 = IFCPOLYLOOP((#7269, #6606, #6602));
#7269 = IFCCARTESIANPOINT((-7.16264343261719E-2, 1.0210587310791E-1, 4.39698394775391E-1));
#7270 = IFCFACEOUTERBOUND(#7268, .T.);
#7271 = IFCFACE((#7270));
#7272 = IFCPOLYLOOP((#6602, #7252, #7269));
#7273 = IFCFACEOUTERBOUND(#7272, .T.);
#7274 = IFCFACE((#7273));
#7275 = IFCPOLYLOOP((#7252, #7245, #7276));
#7276 = IFCCARTESIANPOINT((-1.19051307678223E-1, 1.3668733215332E-1, 4.42485443115234E-1));
#7277 = IFCFACEOUTERBOUND(#7275, .T.);
#7278 = IFCFACE((#7277));
#7279 = IFCPOLYLOOP((#7276, #7269, #7252));
#7280 = IFCFACEOUTERBOUND(#7279, .T.);
#7281 = IFCFACE((#7280));
#7282 = IFCPOLYLOOP((#7283, #7284, #7285));
#7283 = IFCCARTESIANPOINT((-1.37527648925781E-1, 6.88710479736328E-2, 4.49551544189453E-1));
#7284 = IFCCARTESIANPOINT((-9.65144271850586E-2, 8.3878044128418E-2, 4.43626708984375E-1));
#7285 = IFCCARTESIANPOINT((-1.42641006469727E-1, 1.02703910827637E-1, 4.48259826660156E-1));
#7286 = IFCFACEOUTERBOUND(#7282, .T.);
#7287 = IFCFACE((#7286));
#7288 = IFCPOLYLOOP((#6453, #7285, #7241));
#7289 = IFCFACEOUTERBOUND(#7288, .T.);
#7290 = IFCFACE((#7289));
#7291 = IFCPOLYLOOP((#7241, #6319, #6453));
#7292 = IFCFACEOUTERBOUND(#7291, .T.);
#7293 = IFCFACE((#7292));
#7294 = IFCPOLYLOOP((#7284, #7295, #7296));
#7295 = IFCCARTESIANPOINT((-9.2746711730957E-2, 2.78666000366211E-2, 4.47958557128906E-1));
#7296 = IFCCARTESIANPOINT((-4.80576438903809E-2, 4.99974327087402E-2, 4.42982482910156E-1));
#7297 = IFCFACEOUTERBOUND(#7294, .T.);
#7298 = IFCFACE((#7297));
#7299 = IFCPOLYLOOP((#7296, #7269, #7284));
#7300 = IFCFACEOUTERBOUND(#7299, .T.);
#7301 = IFCFACE((#7300));
#7302 = IFCPOLYLOOP((#6614, #6613, #7296));
#7303 = IFCFACEOUTERBOUND(#7302, .T.);
#7304 = IFCFACE((#7303));
#7305 = IFCPOLYLOOP((#7295, #7284, #7283));
#7306 = IFCFACEOUTERBOUND(#7305, .T.);
#7307 = IFCFACE((#7306));
#7308 = IFCPOLYLOOP((#7309, #7295, #7283));
#7309 = IFCCARTESIANPOINT((-1.3092741394043E-1, 1.24714136123657E-3, 4.53076751708984E-1));
#7310 = IFCFACEOUTERBOUND(#7308, .T.);
#7311 = IFCFACE((#7310));
#7312 = IFCPOLYLOOP((#7283, #6449, #7309));
#7313 = IFCFACEOUTERBOUND(#7312, .T.);
#7314 = IFCFACE((#7313));
#7315 = IFCPOLYLOOP((#7296, #7295, #7316));
#7316 = IFCCARTESIANPOINT((-5.53691902160645E-2, -1.15578184127808E-2, 4.48890075683594E-1));
#7317 = IFCFACEOUTERBOUND(#7315, .T.);
#7318 = IFCFACE((#7317));
#7319 = IFCPOLYLOOP((#7316, #6614, #7296));
#7320 = IFCFACEOUTERBOUND(#7319, .T.);
#7321 = IFCFACE((#7320));
#7322 = IFCPOLYLOOP((#6614, #7316, #6618));
#7323 = IFCFACEOUTERBOUND(#7322, .T.);
#7324 = IFCFACE((#7323));
#7325 = IFCPOLYLOOP((#7309, #7326, #7316));
#7326 = IFCCARTESIANPOINT((-1.17366256713867E-1, -4.99982452392578E-2, 4.55661590576172E-1));
#7327 = IFCFACEOUTERBOUND(#7325, .T.);
#7328 = IFCFACE((#7327));
#7329 = IFCPOLYLOOP((#7316, #7295, #7309));
#7330 = IFCFACEOUTERBOUND(#7329, .T.);
#7331 = IFCFACE((#7330));
#7332 = IFCPOLYLOOP((#7333, #6619, #7334));
#7333 = IFCCARTESIANPOINT((-1.04512802124023E-1, -1.05845504760742E-1, 4.59112823486328E-1));
#7334 = IFCCARTESIANPOINT((-5.37668533325195E-2, -6.25463790893555E-2, 4.53500762939453E-1));
#7335 = IFCFACEOUTERBOUND(#7332, .T.);
#7336 = IFCFACE((#7335));
#7337 = IFCPOLYLOOP((#7334, #7326, #7333));
#7338 = IFCFACEOUTERBOUND(#7337, .T.);
#7339 = IFCFACE((#7338));
#7340 = IFCPOLYLOOP((#6619, #7341, #7342));
#7341 = IFCCARTESIANPOINT((-1.0329541015625E-1, -1.60671981811523E-1, 4.63328338623047E-1));
#7342 = IFCCARTESIANPOINT((-5.76767921447754E-2, -1.98107574462891E-1, 4.65780822753906E-1));
#7343 = IFCFACEOUTERBOUND(#7340, .T.);
#7344 = IFCFACE((#7343));
#7345 = IFCPOLYLOOP((#7341, #7346, #7347));
#7346 = IFCCARTESIANPOINT((-1.44552337646484E-1, -1.4169612121582E-1, 4.63136596679688E-1));
#7347 = IFCCARTESIANPOINT((-1.42490341186523E-1, -1.96869979858398E-1, 4.66721282958984E-1));
#7348 = IFCFACEOUTERBOUND(#7345, .T.);
#7349 = IFCFACE((#7348));
#7350 = IFCPOLYLOOP((#7351, #6657, #7342));
#7351 = IFCCARTESIANPOINT((-8.68216857910156E-2, -2.31666641235352E-1, 4.67638397216797E-1));
#7352 = IFCFACEOUTERBOUND(#7350, .T.);
#7353 = IFCFACE((#7352));
#7354 = IFCPOLYLOOP((#7342, #7341, #7351));
#7355 = IFCFACEOUTERBOUND(#7354, .T.);
#7356 = IFCFACE((#7355));
#7357 = IFCPOLYLOOP((#7276, #7245, #7241));
#7358 = IFCFACEOUTERBOUND(#7357, .T.);
#7359 = IFCFACE((#7358));
#7360 = IFCPOLYLOOP((#6298, #7326, #7309));
#7361 = IFCFACEOUTERBOUND(#7360, .T.);
#7362 = IFCFACE((#7361));
#7363 = IFCPOLYLOOP((#7309, #6449, #6298));
#7364 = IFCFACEOUTERBOUND(#7363, .T.);
#7365 = IFCFACE((#7364));
#7366 = IFCPOLYLOOP((#7351, #7367, #6401));
#7367 = IFCCARTESIANPOINT((-1.26379508972168E-1, -2.31897079467773E-1, 4.67492126464844E-1));
#7368 = IFCFACEOUTERBOUND(#7366, .T.);
#7369 = IFCFACE((#7368));
#7370 = IFCPOLYLOOP((#7367, #6405, #6401));
#7371 = IFCFACEOUTERBOUND(#7370, .T.);
#7372 = IFCFACE((#7371));
#7373 = IFCPOLYLOOP((#6657, #7351, #6396));
#7374 = IFCFACEOUTERBOUND(#7373, .T.);
#7375 = IFCFACE((#7374));
#7376 = IFCPOLYLOOP((#7346, #6297, #6460));
#7377 = IFCFACEOUTERBOUND(#7376, .T.);
#7378 = IFCFACE((#7377));
#7379 = IFCPOLYLOOP((#6460, #7347, #7346));
#7380 = IFCFACEOUTERBOUND(#7379, .T.);
#7381 = IFCFACE((#7380));
#7382 = IFCPOLYLOOP((#7367, #7347, #6411));
#7383 = IFCFACEOUTERBOUND(#7382, .T.);
#7384 = IFCFACE((#7383));
#7385 = IFCPOLYLOOP((#6405, #7367, #6411));
#7386 = IFCFACEOUTERBOUND(#7385, .T.);
#7387 = IFCFACE((#7386));
#7388 = IFCPOLYLOOP((#6460, #6362, #7347));
#7389 = IFCFACEOUTERBOUND(#7388, .T.);
#7390 = IFCFACE((#7389));
#7391 = IFCPOLYLOOP((#7347, #6362, #6420));
#7392 = IFCFACEOUTERBOUND(#7391, .T.);
#7393 = IFCFACE((#7392));
#7394 = IFCPOLYLOOP((#6340, #6288, #6338));
#7395 = IFCFACEOUTERBOUND(#7394, .T.);
#7396 = IFCFACE((#7395));
#7397 = IFCPOLYLOOP((#6288, #6340, #6633));
#7398 = IFCFACEOUTERBOUND(#7397, .T.);
#7399 = IFCFACE((#7398));
#7400 = IFCPOLYLOOP((#6637, #6645, #6821));
#7401 = IFCFACEOUTERBOUND(#7400, .T.);
#7402 = IFCFACE((#7401));
#7403 = IFCPOLYLOOP((#6645, #6649, #6831));
#7404 = IFCFACEOUTERBOUND(#7403, .T.);
#7405 = IFCFACE((#7404));
#7406 = IFCPOLYLOOP((#6831, #6649, #6832));
#7407 = IFCFACEOUTERBOUND(#7406, .T.);
#7408 = IFCFACE((#7407));
#7409 = IFCPOLYLOOP((#6391, #6308, #6649));
#7410 = IFCFACEOUTERBOUND(#7409, .T.);
#7411 = IFCFACE((#7410));
#7412 = IFCPOLYLOOP((#6870, #7256, #6589));
#7413 = IFCFACEOUTERBOUND(#7412, .T.);
#7414 = IFCFACE((#7413));
#7415 = IFCPOLYLOOP((#6871, #6870, #6589));
#7416 = IFCFACEOUTERBOUND(#7415, .T.);
#7417 = IFCFACE((#7416));
#7418 = IFCPOLYLOOP((#6582, #6581, #6813));
#7419 = IFCFACEOUTERBOUND(#7418, .T.);
#7420 = IFCFACE((#7419));
#7421 = IFCPOLYLOOP((#6581, #6571, #6863));
#7422 = IFCFACEOUTERBOUND(#7421, .T.);
#7423 = IFCFACE((#7422));
#7424 = IFCPOLYLOOP((#6571, #6491, #6863));
#7425 = IFCFACEOUTERBOUND(#7424, .T.);
#7426 = IFCFACE((#7425));
#7427 = IFCPOLYLOOP((#6491, #6325, #6863));
#7428 = IFCFACEOUTERBOUND(#7427, .T.);
#7429 = IFCFACE((#7428));
#7430 = IFCPOLYLOOP((#6871, #6582, #6813));
#7431 = IFCFACEOUTERBOUND(#7430, .T.);
#7432 = IFCFACE((#7431));
#7433 = IFCPOLYLOOP((#6314, #6320, #6315));
#7434 = IFCFACEOUTERBOUND(#7433, .T.);
#7435 = IFCFACE((#7434));
#7436 = IFCPOLYLOOP((#6349, #6354, #6344));
#7437 = IFCFACEOUTERBOUND(#7436, .T.);
#7438 = IFCFACE((#7437));
#7439 = IFCPOLYLOOP((#6362, #6363, #6424));
#7440 = IFCFACEOUTERBOUND(#7439, .T.);
#7441 = IFCFACE((#7440));
#7442 = IFCPOLYLOOP((#6313, #6428, #6375));
#7443 = IFCFACEOUTERBOUND(#7442, .T.);
#7444 = IFCFACE((#7443));
#7445 = IFCPOLYLOOP((#6296, #6313, #6367));
#7446 = IFCFACEOUTERBOUND(#7445, .T.);
#7447 = IFCFACE((#7446));
#7448 = IFCPOLYLOOP((#6442, #6429, #6971));
#7449 = IFCFACEOUTERBOUND(#7448, .T.);
#7450 = IFCFACE((#7449));
#7451 = IFCPOLYLOOP((#6449, #6453, #6314));
#7452 = IFCFACEOUTERBOUND(#7451, .T.);
#7453 = IFCFACE((#7452));
#7454 = IFCPOLYLOOP((#6330, #6339, #6344));
#7455 = IFCFACEOUTERBOUND(#7454, .T.);
#7456 = IFCFACE((#7455));
#7457 = IFCPOLYLOOP((#6334, #6344, #6467));
#7458 = IFCFACEOUTERBOUND(#7457, .T.);
#7459 = IFCFACE((#7458));
#7460 = IFCPOLYLOOP((#6339, #6330, #6482));
#7461 = IFCFACEOUTERBOUND(#7460, .T.);
#7462 = IFCFACE((#7461));
#7463 = IFCPOLYLOOP((#6354, #6353, #6662));
#7464 = IFCFACEOUTERBOUND(#7463, .T.);
#7465 = IFCFACE((#7464));
#7466 = IFCPOLYLOOP((#6486, #6482, #6330));
#7467 = IFCFACEOUTERBOUND(#7466, .T.);
#7468 = IFCFACE((#7467));
#7469 = IFCPOLYLOOP((#6668, #6467, #6691));
#7470 = IFCFACEOUTERBOUND(#7469, .T.);
#7471 = IFCFACE((#7470));
#7472 = IFCPOLYLOOP((#6949, #6906, #6942));
#7473 = IFCFACEOUTERBOUND(#7472, .T.);
#7474 = IFCFACE((#7473));
#7475 = IFCPOLYLOOP((#6673, #7025, #6672));
#7476 = IFCFACEOUTERBOUND(#7475, .T.);
#7477 = IFCFACE((#7476));
#7478 = IFCPOLYLOOP((#6325, #6324, #6292));
#7479 = IFCFACEOUTERBOUND(#7478, .T.);
#7480 = IFCFACE((#7479));
#7481 = IFCPOLYLOOP((#6292, #6324, #6345));
#7482 = IFCFACEOUTERBOUND(#7481, .T.);
#7483 = IFCFACE((#7482));
#7484 = IFCPOLYLOOP((#6324, #6996, #6349));
#7485 = IFCFACEOUTERBOUND(#7484, .T.);
#7486 = IFCFACE((#7485));
#7487 = IFCPOLYLOOP((#6292, #6345, #6338));
#7488 = IFCFACEOUTERBOUND(#7487, .T.);
#7489 = IFCFACE((#7488));
#7490 = IFCPOLYLOOP((#6932, #6898, #6315));
#7491 = IFCFACEOUTERBOUND(#7490, .T.);
#7492 = IFCFACE((#7491));
#7493 = IFCPOLYLOOP((#6381, #6932, #6371));
#7494 = IFCFACEOUTERBOUND(#7493, .T.);
#7495 = IFCFACE((#7494));
#7496 = IFCPOLYLOOP((#6371, #6315, #7228));
#7497 = IFCFACEOUTERBOUND(#7496, .T.);
#7498 = IFCFACE((#7497));
#7499 = IFCPOLYLOOP((#6371, #7195, #6363));
#7500 = IFCFACEOUTERBOUND(#7499, .T.);
#7501 = IFCFACE((#7500));
#7502 = IFCPOLYLOOP((#7228, #6315, #7142));
#7503 = IFCFACEOUTERBOUND(#7502, .T.);
#7504 = IFCFACE((#7503));
#7505 = IFCPOLYLOOP((#6871, #6589, #6582));
#7506 = IFCFACEOUTERBOUND(#7505, .T.);
#7507 = IFCFACE((#7506));
#7508 = IFCPOLYLOOP((#6581, #6863, #6813));
#7509 = IFCFACEOUTERBOUND(#7508, .T.);
#7510 = IFCFACE((#7509));
#7511 = IFCPOLYLOOP((#6339, #6338, #6345));
#7512 = IFCFACEOUTERBOUND(#7511, .T.);
#7513 = IFCFACE((#7512));
#7514 = IFCPOLYLOOP((#6396, #6392, #6391));
#7515 = IFCFACEOUTERBOUND(#7514, .T.);
#7516 = IFCFACE((#7515));
#7517 = IFCPOLYLOOP((#6416, #6411, #6420));
#7518 = IFCFACEOUTERBOUND(#7517, .T.);
#7519 = IFCFACE((#7518));
#7520 = IFCPOLYLOOP((#6662, #6672, #6663));
#7521 = IFCFACEOUTERBOUND(#7520, .T.);
#7522 = IFCFACE((#7521));
#7523 = IFCPOLYLOOP((#6288, #7524, #6817));
#7524 = IFCCARTESIANPOINT((1.77393463134766E-1, -2.27519897460938E-1, 4.60019989013672E-1));
#7525 = IFCFACEOUTERBOUND(#7523, .T.);
#7526 = IFCFACE((#7525));
#7527 = IFCPOLYLOOP((#6858, #6772, #6745));
#7528 = IFCFACEOUTERBOUND(#7527, .T.);
#7529 = IFCFACE((#7528));
#7530 = IFCPOLYLOOP((#6996, #7011, #7025));
#7531 = IFCFACEOUTERBOUND(#7530, .T.);
#7532 = IFCFACE((#7531));
#7533 = IFCPOLYLOOP((#6619, #6618, #7334));
#7534 = IFCFACEOUTERBOUND(#7533, .T.);
#7535 = IFCFACE((#7534));
#7536 = IFCPOLYLOOP((#7537, #6619, #7342));
#7537 = IFCCARTESIANPOINT((4.0858943939209E-2, -1.49494857788086E-1, 4.61141479492188E-1));
#7538 = IFCFACEOUTERBOUND(#7536, .T.);
#7539 = IFCFACE((#7538));
#7540 = IFCPOLYLOOP((#7342, #6656, #7537));
#7541 = IFCFACEOUTERBOUND(#7540, .T.);
#7542 = IFCFACE((#7541));
#7543 = IFCPOLYLOOP((#6633, #6629, #7524));
#7544 = IFCFACEOUTERBOUND(#7543, .T.);
#7545 = IFCFACE((#7544));
#7546 = IFCPOLYLOOP((#6629, #6817, #7524));
#7547 = IFCFACEOUTERBOUND(#7546, .T.);
#7548 = IFCFACE((#7547));
#7549 = IFCPOLYLOOP((#6637, #6821, #6817));
#7550 = IFCFACEOUTERBOUND(#7549, .T.);
#7551 = IFCFACE((#7550));
#7552 = IFCPOLYLOOP((#6645, #6831, #6821));
#7553 = IFCFACEOUTERBOUND(#7552, .T.);
#7554 = IFCFACE((#7553));
#7555 = IFCPOLYLOOP((#6397, #6401, #6407));
#7556 = IFCFACEOUTERBOUND(#7555, .T.);
#7557 = IFCFACE((#7556));
#7558 = IFCPOLYLOOP((#6641, #6645, #6637));
#7559 = IFCFACEOUTERBOUND(#7558, .T.);
#7560 = IFCFACE((#7559));
#7561 = IFCPOLYLOOP((#6733, #6283, #6715));
#7562 = IFCFACEOUTERBOUND(#7561, .T.);
#7563 = IFCFACE((#7562));
#7564 = IFCPOLYLOOP((#6971, #6890, #6889));
#7565 = IFCFACEOUTERBOUND(#7564, .T.);
#7566 = IFCFACE((#7565));
#7567 = IFCPOLYLOOP((#7000, #6672, #7025));
#7568 = IFCFACEOUTERBOUND(#7567, .T.);
#7569 = IFCFACE((#7568));
#7570 = IFCPOLYLOOP((#7125, #6859, #7114));
#7571 = IFCFACEOUTERBOUND(#7570, .T.);
#7572 = IFCFACE((#7571));
#7573 = IFCPOLYLOOP((#6315, #6898, #6429));
#7574 = IFCFACEOUTERBOUND(#7573, .T.);
#7575 = IFCFACE((#7574));
#7576 = IFCPOLYLOOP((#6613, #6606, #7296));
#7577 = IFCFACEOUTERBOUND(#7576, .T.);
#7578 = IFCFACE((#7577));
#7579 = IFCPOLYLOOP((#7342, #6657, #6656));
#7580 = IFCFACEOUTERBOUND(#7579, .T.);
#7581 = IFCFACE((#7580));
#7582 = IFCPOLYLOOP((#6637, #6817, #6629));
#7583 = IFCFACEOUTERBOUND(#7582, .T.);
#7584 = IFCFACE((#7583));
#7585 = IFCPOLYLOOP((#6405, #6407, #6401));
#7586 = IFCFACEOUTERBOUND(#7585, .T.);
#7587 = IFCFACE((#7586));
#7588 = IFCPOLYLOOP((#6411, #6406, #6405));
#7589 = IFCFACEOUTERBOUND(#7588, .T.);
#7590 = IFCFACE((#7589));
#7591 = IFCPOLYLOOP((#6538, #6619, #7537));
#7592 = IFCFACEOUTERBOUND(#7591, .T.);
#7593 = IFCFACE((#7592));
#7594 = IFCPOLYLOOP((#7537, #6543, #6538));
#7595 = IFCFACEOUTERBOUND(#7594, .T.);
#7596 = IFCFACE((#7595));
#7597 = IFCPOLYLOOP((#6589, #7256, #6602));
#7598 = IFCFACEOUTERBOUND(#7597, .T.);
#7599 = IFCFACE((#7598));
#7600 = IFCPOLYLOOP((#6645, #6557, #6649));
#7601 = IFCFACEOUTERBOUND(#7600, .T.);
#7602 = IFCFACE((#7601));
#7603 = IFCPOLYLOOP((#6338, #6288, #6292));
#7604 = IFCFACEOUTERBOUND(#7603, .T.);
#7605 = IFCFACE((#7604));
#7606 = IFCPOLYLOOP((#6761, #6325, #6292));
#7607 = IFCFACEOUTERBOUND(#7606, .T.);
#7608 = IFCFACE((#7607));
#7609 = IFCPOLYLOOP((#6922, #6884, #6921));
#7610 = IFCFACEOUTERBOUND(#7609, .T.);
#7611 = IFCFACE((#7610));
#7612 = IFCPOLYLOOP((#7011, #6691, #6687));
#7613 = IFCFACEOUTERBOUND(#7612, .T.);
#7614 = IFCFACE((#7613));
#7615 = IFCPOLYLOOP((#6722, #6303, #7064));
#7616 = IFCFACEOUTERBOUND(#7615, .T.);
#7617 = IFCFACE((#7616));
#7618 = IFCPOLYLOOP((#7064, #7109, #6722));
#7619 = IFCFACEOUTERBOUND(#7618, .T.);
#7620 = IFCFACE((#7619));
#7621 = IFCPOLYLOOP((#6428, #6313, #6315));
#7622 = IFCFACEOUTERBOUND(#7621, .T.);
#7623 = IFCFACE((#7622));
#7624 = IFCPOLYLOOP((#7326, #7625, #7333));
#7625 = IFCCARTESIANPOINT((-1.503759765625E-1, -8.6285041809082E-2, 4.59883026123047E-1));
#7626 = IFCFACEOUTERBOUND(#7624, .T.);
#7627 = IFCFACE((#7626));
#7628 = IFCPOLYLOOP((#6288, #6633, #7524));
#7629 = IFCFACEOUTERBOUND(#7628, .T.);
#7630 = IFCFACE((#7629));
#7631 = IFCPOLYLOOP((#6543, #6534, #6530));
#7632 = IFCFACEOUTERBOUND(#7631, .T.);
#7633 = IFCFACE((#7632));
#7634 = IFCPOLYLOOP((#6538, #6543, #6530));
#7635 = IFCFACEOUTERBOUND(#7634, .T.);
#7636 = IFCFACE((#7635));
#7637 = IFCPOLYLOOP((#7537, #6556, #6547));
#7638 = IFCFACEOUTERBOUND(#7637, .T.);
#7639 = IFCFACE((#7638));
#7640 = IFCPOLYLOOP((#6547, #6543, #7537));
#7641 = IFCFACEOUTERBOUND(#7640, .T.);
#7642 = IFCFACE((#7641));
#7643 = IFCPOLYLOOP((#6552, #6557, #6641));
#7644 = IFCFACEOUTERBOUND(#7643, .T.);
#7645 = IFCFACE((#7644));
#7646 = IFCPOLYLOOP((#6564, #6556, #6656));
#7647 = IFCFACEOUTERBOUND(#7646, .T.);
#7648 = IFCFACE((#7647));
#7649 = IFCPOLYLOOP((#6722, #6733, #6715));
#7650 = IFCFACEOUTERBOUND(#7649, .T.);
#7651 = IFCFACE((#7650));
#7652 = IFCPOLYLOOP((#6722, #6741, #6733));
#7653 = IFCFACEOUTERBOUND(#7652, .T.);
#7654 = IFCFACE((#7653));
#7655 = IFCPOLYLOOP((#6745, #6753, #6741));
#7656 = IFCFACEOUTERBOUND(#7655, .T.);
#7657 = IFCFACE((#7656));
#7658 = IFCPOLYLOOP((#6303, #6722, #6707));
#7659 = IFCFACEOUTERBOUND(#7658, .T.);
#7660 = IFCFACE((#7659));
#7661 = IFCPOLYLOOP((#6911, #6905, #6907));
#7662 = IFCFACEOUTERBOUND(#7661, .T.);
#7663 = IFCFACE((#7662));
#7664 = IFCPOLYLOOP((#7000, #6683, #6663));
#7665 = IFCFACEOUTERBOUND(#7664, .T.);
#7666 = IFCFACE((#7665));
#7667 = IFCPOLYLOOP((#7114, #6859, #6858));
#7668 = IFCFACEOUTERBOUND(#7667, .T.);
#7669 = IFCFACE((#7668));
#7670 = IFCPOLYLOOP((#7131, #7130, #7671));
#7671 = IFCCARTESIANPOINT((-9.82714233398438E-2, 1.20279014587402E-1, 4.32767059326172E-1));
#7672 = IFCFACEOUTERBOUND(#7670, .T.);
#7673 = IFCFACE((#7672));
#7674 = IFCPOLYLOOP((#7671, #7135, #7131));
#7675 = IFCFACEOUTERBOUND(#7674, .T.);
#7676 = IFCFACE((#7675));
#7677 = IFCPOLYLOOP((#7285, #7276, #7241));
#7678 = IFCFACEOUTERBOUND(#7677, .T.);
#7679 = IFCFACE((#7678));
#7680 = IFCPOLYLOOP((#7334, #7316, #7326));
#7681 = IFCFACEOUTERBOUND(#7680, .T.);
#7682 = IFCFACE((#7681));
#7683 = IFCPOLYLOOP((#7333, #7341, #6619));
#7684 = IFCFACEOUTERBOUND(#7683, .T.);
#7685 = IFCFACE((#7684));
#7686 = IFCPOLYLOOP((#7341, #7333, #7346));
#7687 = IFCFACEOUTERBOUND(#7686, .T.);
#7688 = IFCFACE((#7687));
#7689 = IFCPOLYLOOP((#6832, #6308, #6304));
#7690 = IFCFACEOUTERBOUND(#7689, .T.);
#7691 = IFCFACE((#7690));
#7692 = IFCPOLYLOOP((#6832, #6304, #6711));
#7693 = IFCFACEOUTERBOUND(#7692, .T.);
#7694 = IFCFACE((#7693));
#7695 = IFCPOLYLOOP((#7333, #7625, #7346));
#7696 = IFCFACEOUTERBOUND(#7695, .T.);
#7697 = IFCFACE((#7696));
#7698 = IFCPOLYLOOP((#6303, #6711, #6304));
#7699 = IFCFACEOUTERBOUND(#7698, .T.);
#7700 = IFCFACE((#7699));
#7701 = IFCPOLYLOOP((#6308, #6302, #6304));
#7702 = IFCFACEOUTERBOUND(#7701, .T.);
#7703 = IFCFACE((#7702));
#7704 = IFCPOLYLOOP((#6656, #6556, #7537));
#7705 = IFCFACEOUTERBOUND(#7704, .T.);
#7706 = IFCFACE((#7705));
#7707 = IFCPOLYLOOP((#6912, #6911, #6917));
#7708 = IFCFACEOUTERBOUND(#7707, .T.);
#7709 = IFCFACE((#7708));
#7710 = IFCPOLYLOOP((#7004, #7015, #6661));
#7711 = IFCFACEOUTERBOUND(#7710, .T.);
#7712 = IFCFACE((#7711));
#7713 = IFCPOLYLOOP((#7063, #7085, #7109));
#7714 = IFCFACEOUTERBOUND(#7713, .T.);
#7715 = IFCFACE((#7714));
#7716 = IFCPOLYLOOP((#7109, #7064, #7063));
#7717 = IFCFACEOUTERBOUND(#7716, .T.);
#7718 = IFCFACE((#7717));
#7719 = IFCPOLYLOOP((#7118, #7195, #7228));
#7720 = IFCFACEOUTERBOUND(#7719, .T.);
#7721 = IFCFACE((#7720));
#7722 = IFCPOLYLOOP((#7276, #7284, #7269));
#7723 = IFCFACEOUTERBOUND(#7722, .T.);
#7724 = IFCFACE((#7723));
#7725 = IFCPOLYLOOP((#6308, #6832, #6649));
#7726 = IFCFACEOUTERBOUND(#7725, .T.);
#7727 = IFCFACE((#7726));
#7728 = IFCPOLYLOOP((#6371, #7228, #7195));
#7729 = IFCFACEOUTERBOUND(#7728, .T.);
#7730 = IFCFACE((#7729));
#7731 = IFCPOLYLOOP((#6618, #7316, #7334));
#7732 = IFCFACEOUTERBOUND(#7731, .T.);
#7733 = IFCFACE((#7732));
#7734 = IFCPOLYLOOP((#6507, #6496, #6502));
#7735 = IFCFACEOUTERBOUND(#7734, .T.);
#7736 = IFCFACE((#7735));
#7737 = IFCPOLYLOOP((#6506, #6530, #6526));
#7738 = IFCFACEOUTERBOUND(#7737, .T.);
#7739 = IFCFACE((#7738));
#7740 = IFCPOLYLOOP((#6606, #6613, #6511));
#7741 = IFCFACEOUTERBOUND(#7740, .T.);
#7742 = IFCFACE((#7741));
#7743 = IFCPOLYLOOP((#6932, #6315, #6371));
#7744 = IFCFACEOUTERBOUND(#7743, .T.);
#7745 = IFCFACE((#7744));
#7746 = IFCPOLYLOOP((#6297, #7625, #6298));
#7747 = IFCFACEOUTERBOUND(#7746, .T.);
#7748 = IFCFACE((#7747));
#7749 = IFCPOLYLOOP((#6667, #6996, #6474));
#7750 = IFCFACEOUTERBOUND(#7749, .T.);
#7751 = IFCFACE((#7750));
#7752 = IFCPOLYLOOP((#7671, #7130, #7215));
#7753 = IFCFACEOUTERBOUND(#7752, .T.);
#7754 = IFCFACE((#7753));
#7755 = IFCPOLYLOOP((#6996, #6988, #6992));
#7756 = IFCFACEOUTERBOUND(#7755, .T.);
#7757 = IFCFACE((#7756));
#7758 = IFCPOLYLOOP((#6391, #6564, #6657));
#7759 = IFCFACEOUTERBOUND(#7758, .T.);
#7760 = IFCFACE((#7759));
#7761 = IFCPOLYLOOP((#6442, #6922, #6917));
#7762 = IFCFACEOUTERBOUND(#7761, .T.);
#7763 = IFCFACE((#7762));
#7764 = IFCPOLYLOOP((#6657, #6396, #6391));
#7765 = IFCFACEOUTERBOUND(#7764, .T.);
#7766 = IFCFACE((#7765));
#7767 = IFCPOLYLOOP((#6932, #6921, #6884));
#7768 = IFCFACEOUTERBOUND(#7767, .T.);
#7769 = IFCFACE((#7768));
#7770 = IFCPOLYLOOP((#7096, #7195, #7104));
#7771 = IFCFACEOUTERBOUND(#7770, .T.);
#7772 = IFCFACE((#7771));
#7773 = IFCPOLYLOOP((#7078, #6363, #7096));
#7774 = IFCFACEOUTERBOUND(#7773, .T.);
#7775 = IFCFACE((#7774));
#7776 = IFCPOLYLOOP((#7671, #7215, #7205));
#7777 = IFCFACEOUTERBOUND(#7776, .T.);
#7778 = IFCFACE((#7777));
#7779 = IFCPOLYLOOP((#6303, #6707, #6711));
#7780 = IFCFACEOUTERBOUND(#7779, .T.);
#7781 = IFCFACE((#7780));
#7782 = IFCPOLYLOOP((#6551, #6552, #6340));
#7783 = IFCFACEOUTERBOUND(#7782, .T.);
#7784 = IFCFACE((#7783));
#7785 = IFCPOLYLOOP((#6907, #6442, #6917));
#7786 = IFCFACEOUTERBOUND(#7785, .T.);
#7787 = IFCFACE((#7786));
#7788 = IFCPOLYLOOP((#7069, #7063, #7065));
#7789 = IFCFACEOUTERBOUND(#7788, .T.);
#7790 = IFCFACE((#7789));
#7791 = IFCPOLYLOOP((#6397, #7069, #7065));
#7792 = IFCFACEOUTERBOUND(#7791, .T.);
#7793 = IFCFACE((#7792));
#7794 = IFCPOLYLOOP((#6875, #6851, #7126));
#7795 = IFCFACEOUTERBOUND(#7794, .T.);
#7796 = IFCFACE((#7795));
#7797 = IFCPOLYLOOP((#7671, #7205, #7135));
#7798 = IFCFACEOUTERBOUND(#7797, .T.);
#7799 = IFCFACE((#7798));
#7800 = IFCPOLYLOOP((#7070, #7092, #7085));
#7801 = IFCFACEOUTERBOUND(#7800, .T.);
#7802 = IFCFACE((#7801));
#7803 = IFCPOLYLOOP((#7078, #7096, #7092));
#7804 = IFCFACEOUTERBOUND(#7803, .T.);
#7805 = IFCFACE((#7804));
#7806 = IFCPOLYLOOP((#7114, #6858, #7109));
#7807 = IFCFACEOUTERBOUND(#7806, .T.);
#7808 = IFCFACE((#7807));
#7809 = IFCPOLYLOOP((#6526, #6515, #6516));
#7810 = IFCFACEOUTERBOUND(#7809, .T.);
#7811 = IFCFACE((#7810));
#7812 = IFCPOLYLOOP((#6542, #6482, #6515));
#7813 = IFCFACEOUTERBOUND(#7812, .T.);
#7814 = IFCFACE((#7813));
#7815 = IFCPOLYLOOP((#6515, #6534, #6542));
#7816 = IFCFACEOUTERBOUND(#7815, .T.);
#7817 = IFCFACE((#7816));
#7818 = IFCPOLYLOOP((#7146, #6879, #6875));
#7819 = IFCFACEOUTERBOUND(#7818, .T.);
#7820 = IFCFACE((#7819));
#7821 = IFCPOLYLOOP((#7351, #6401, #6396));
#7822 = IFCFACEOUTERBOUND(#7821, .T.);
#7823 = IFCFACE((#7822));
#7824 = IFCPOLYLOOP((#7625, #6297, #7346));
#7825 = IFCFACEOUTERBOUND(#7824, .T.);
#7826 = IFCFACE((#7825));
#7827 = IFCPOLYLOOP((#6551, #6542, #6547));
#7828 = IFCFACEOUTERBOUND(#7827, .T.);
#7829 = IFCFACE((#7828));
#7830 = IFCPOLYLOOP((#7085, #7097, #7108));
#7831 = IFCFACEOUTERBOUND(#7830, .T.);
#7832 = IFCFACE((#7831));
#7833 = IFCPOLYLOOP((#7347, #6420, #6411));
#7834 = IFCFACEOUTERBOUND(#7833, .T.);
#7835 = IFCFACE((#7834));
#7836 = IFCPOLYLOOP((#7283, #7285, #6453));
#7837 = IFCFACEOUTERBOUND(#7836, .T.);
#7838 = IFCFACE((#7837));
#7839 = IFCPOLYLOOP((#6526, #6497, #6496));
#7840 = IFCFACEOUTERBOUND(#7839, .T.);
#7841 = IFCFACE((#7840));
#7842 = IFCPOLYLOOP((#6506, #6511, #6613));
#7843 = IFCFACEOUTERBOUND(#7842, .T.);
#7844 = IFCFACE((#7843));
#7845 = IFCPOLYLOOP((#6798, #6780, #6779));
#7846 = IFCFACEOUTERBOUND(#7845, .T.);
#7847 = IFCFACE((#7846));
#7848 = IFCPOLYLOOP((#6809, #6780, #6798));
#7849 = IFCFACEOUTERBOUND(#7848, .T.);
#7850 = IFCFACE((#7849));
#7851 = IFCPOLYLOOP((#6883, #6885, #6889));
#7852 = IFCFACEOUTERBOUND(#7851, .T.);
#7853 = IFCFACE((#7852));
#7854 = IFCPOLYLOOP((#6992, #6668, #6691));
#7855 = IFCFACEOUTERBOUND(#7854, .T.);
#7856 = IFCFACE((#7855));
#7857 = IFCPOLYLOOP((#7284, #7276, #7285));
#7858 = IFCFACEOUTERBOUND(#7857, .T.);
#7859 = IFCFACE((#7858));
#7860 = IFCPOLYLOOP((#7625, #7326, #6298));
#7861 = IFCFACEOUTERBOUND(#7860, .T.);
#7862 = IFCFACE((#7861));
#7863 = IFCPOLYLOOP((#6326, #6325, #6491));
#7864 = IFCFACEOUTERBOUND(#7863, .T.);
#7865 = IFCFACE((#7864));
#7866 = IFCPOLYLOOP((#6492, #6498, #6497));
#7867 = IFCFACEOUTERBOUND(#7866, .T.);
#7868 = IFCFACE((#7867));
#7869 = IFCPOLYLOOP((#6516, #6497, #6526));
#7870 = IFCFACEOUTERBOUND(#7869, .T.);
#7871 = IFCFACE((#7870));
#7872 = IFCPOLYLOOP((#6618, #6538, #6506));
#7873 = IFCFACEOUTERBOUND(#7872, .T.);
#7874 = IFCFACE((#7873));
#7875 = IFCPOLYLOOP((#6325, #6780, #6809));
#7876 = IFCFACEOUTERBOUND(#7875, .T.);
#7877 = IFCFACE((#7876));
#7878 = IFCPOLYLOOP((#6871, #6813, #6805));
#7879 = IFCFACEOUTERBOUND(#7878, .T.);
#7880 = IFCFACE((#7879));
#7881 = IFCPOLYLOOP((#7108, #7097, #7104));
#7882 = IFCFACEOUTERBOUND(#7881, .T.);
#7883 = IFCFACE((#7882));
#7884 = IFCPOLYLOOP((#7125, #7113, #7131));
#7885 = IFCFACEOUTERBOUND(#7884, .T.);
#7886 = IFCFACE((#7885));
#7887 = IFCPOLYLOOP((#7118, #7104, #7195));
#7888 = IFCFACEOUTERBOUND(#7887, .T.);
#7889 = IFCFACE((#7888));
#7890 = IFCPOLYLOOP((#6490, #6492, #6497));
#7891 = IFCFACEOUTERBOUND(#7890, .T.);
#7892 = IFCFACE((#7891));
#7893 = IFCPOLYLOOP((#6490, #6486, #6326));
#7894 = IFCFACEOUTERBOUND(#7893, .T.);
#7895 = IFCFACE((#7894));
#7896 = IFCPOLYLOOP((#6614, #6618, #6506));
#7897 = IFCFACEOUTERBOUND(#7896, .T.);
#7898 = IFCFACE((#7897));
#7899 = IFCPOLYLOOP((#6761, #6737, #6749));
#7900 = IFCFACEOUTERBOUND(#7899, .T.);
#7901 = IFCFACE((#7900));
#7902 = IFCPOLYLOOP((#6813, #6797, #6805));
#7903 = IFCFACEOUTERBOUND(#7902, .T.);
#7904 = IFCFACE((#7903));
#7905 = IFCPOLYLOOP((#6805, #6851, #6875));
#7906 = IFCFACEOUTERBOUND(#7905, .T.);
#7907 = IFCFACE((#7906));
#7908 = IFCPOLYLOOP((#7113, #7125, #7114));
#7909 = IFCFACEOUTERBOUND(#7908, .T.);
#7910 = IFCFACE((#7909));
#7911 = IFCPOLYLOOP((#7269, #7296, #6606));
#7912 = IFCFACEOUTERBOUND(#7911, .T.);
#7913 = IFCFACE((#7912));
#7914 = IFCPOLYLOOP((#7256, #7252, #6602));
#7915 = IFCFACEOUTERBOUND(#7914, .T.);
#7916 = IFCFACE((#7915));
#7917 = IFCPOLYLOOP((#7367, #7351, #7341));
#7918 = IFCFACEOUTERBOUND(#7917, .T.);
#7919 = IFCFACE((#7918));
#7920 = IFCPOLYLOOP((#7341, #7347, #7367));
#7921 = IFCFACEOUTERBOUND(#7920, .T.);
#7922 = IFCFACE((#7921));
#7923 = IFCPOLYLOOP((#7114, #7109, #7108));
#7924 = IFCFACEOUTERBOUND(#7923, .T.);
#7925 = IFCFACE((#7924));
#7926 = IFCPOLYLOOP((#6320, #6319, #7241));
#7927 = IFCFACEOUTERBOUND(#7926, .T.);
#7928 = IFCFACE((#7927));
#7929 = IFCPOLYLOOP((#6449, #7283, #6453));
#7930 = IFCFACEOUTERBOUND(#7929, .T.);
#7931 = IFCFACE((#7930));
#7932 = IFCPOLYLOOP((#6467, #6662, #6691));
#7933 = IFCFACEOUTERBOUND(#7932, .T.);
#7934 = IFCFACE((#7933));
#7935 = IFCFACETEDBREP(#6280);
#7936 = IFCSURFACESTYLERENDERING(#7937, 0., #7938, $, $, #7939, #7940, $, .NOTDEFINED.);
#7937 = IFCCOLOURRGB('Surface color', 8.66666674613953E-1, 7.17647075653076E-1, 5.45098066329956E-1);
#7938 = IFCCOLOURRGB('Diffuse color', 8.66666674613953E-1, 7.17647075653076E-1, 5.45098066329956E-1);
#7939 = IFCCOLOURRGB('Reflection color', 1., 1., 1.);
#7940 = IFCCOLOURRGB('Specular color', 1., 1., 1.);
#7941 = IFCSURFACESTYLE('b065442f_c7c9_4918_b558_1b227b8c97b2', .BOTH., (#7936));
#7942 = IFCPRESENTATIONSTYLEASSIGNMENT((#7941));
#7943 = IFCSTYLEDITEM(#7935, (#7942), $);
#7944 = IFCSTYLEDREPRESENTATION(#106, 'Body', $, (#7943));
#7945 = IFCCLOSEDSHELL((#7951, #7955, #7961, #7967, #7971, #7976, #7980, #7985, #7991, #7997, #8000, #8003, #8008, #8012, #8015, #8018, #8023, #8026, #8032, #8035, #8039, #8043, #8046, #8051, #8055, #8059, #8063, #8066, #8069, #8072, #8075, #8078, #8082, #8086, #8090, #8094, #8098, #8101, #8105, #8108, #8112, #8116, #8119, #8122, #8126, #8131, #8135, #8138, #8142, #8147, #8150, #8153, #8156, #8159, #8164, #8168, #8173, #8179, #8182, #8186, #8191, #8194, #8198, #8201, #8205, #8209, #8212, #8215, #8221, #8225, #8229, #8233, #8236, #8241, #8244, #8248, #8251, #8254, #8257, #8260, #8263, #8266, #8269, #8272, #8275, #8278, #8281, #8284, #8287, #8290, #8293, #8296, #8299, #8302, #8305, #8308, #8311, #8314, #8317, #8320, #8323, #8326, #8329, #8332, #8335, #8338, #8341, #8344, #8347, #8350, #8353, #8356, #8359, #8362, #8365, #8368, #8371, #8374, #8377, #8380, #8383, #8386, #8389, #8392, #8395, #8398, #8401, #8404, #8407, #8410, #8413, #8416, #8419, #8422, #8425, #8428, #8431, #8434, #8437, #8440, #8443, #8446, #8449, #8452, #8455, #8458));
#7946 = IFCPOLYLOOP((#7947, #7948, #7949));
#7947 = IFCCARTESIANPOINT((-2.21363586425781E-1, 1.47934936523438E-1, 7.94326232910156E-1));
#7948 = IFCCARTESIANPOINT((-2.26948089599609E-1, 1.53496734619141E-1, 7.9232958984375E-1));
#7949 = IFCCARTESIANPOINT((-2.27902893066406E-1, 1.43662643432617E-1, 7.85207092285156E-1));
#7950 = IFCFACEOUTERBOUND(#7946, .T.);
#7951 = IFCFACE((#7950));
#7952 = IFCPOLYLOOP((#7953, #7947, #7949));
#7953 = IFCCARTESIANPOINT((-2.23599182128906E-1, 1.40100341796875E-1, 7.87998168945313E-1));
#7954 = IFCFACEOUTERBOUND(#7952, .T.);
#7955 = IFCFACE((#7954));
#7956 = IFCPOLYLOOP((#7957, #7958, #7959));
#7957 = IFCCARTESIANPOINT((-2.15500015258789E-1, -1.76999572753906E-1, 1.46710367202759E-2));
#7958 = IFCCARTESIANPOINT((-2.2354296875E-1, -1.79582275390625E-1, 1.05839223861694E-2));
#7959 = IFCCARTESIANPOINT((-2.205E-1, -1.76999618530273E-1, 1.46709804534912E-2));
#7960 = IFCFACEOUTERBOUND(#7956, .T.);
#7961 = IFCFACE((#7960));
#7962 = IFCPOLYLOOP((#7963, #7964, #7965));
#7963 = IFCCARTESIANPOINT((-2.13512252807617E-1, -1.88989379882813E-1, 4.14519596099854E-3));
#7964 = IFCCARTESIANPOINT((-2.20927536010742E-1, -1.99345077514648E-1, 3.84600257873535E-3));
#7965 = IFCCARTESIANPOINT((-2.22797973632813E-1, -1.88587051391602E-1, 4.45520973205566E-3));
#7966 = IFCFACEOUTERBOUND(#7962, .T.);
#7967 = IFCFACE((#7966));
#7968 = IFCPOLYLOOP((#7963, #7958, #7969));
#7969 = IFCCARTESIANPOINT((-2.1443782043457E-1, -1.82070388793945E-1, 7.65684413909912E-3));
#7970 = IFCFACEOUTERBOUND(#7968, .T.);
#7971 = IFCFACE((#7970));
#7972 = IFCPOLYLOOP((#7964, #7973, #7974));
#7973 = IFCCARTESIANPOINT((-2.12059112548828E-1, -2.02323593139648E-1, 5.55689907073975E-3));
#7974 = IFCCARTESIANPOINT((-2.15140182495117E-1, -2.06929290771484E-1, 7.43009519577026E-3));
#7975 = IFCFACEOUTERBOUND(#7972, .T.);
#7976 = IFCFACE((#7975));
#7977 = IFCPOLYLOOP((#7974, #7978, #7964));
#7978 = IFCCARTESIANPOINT((-2.23505767822266E-1, -2.04679794311523E-1, 6.24174690246582E-3));
#7979 = IFCFACEOUTERBOUND(#7977, .T.);
#7980 = IFCFACE((#7979));
#7981 = IFCPOLYLOOP((#7982, #7974, #7983));
#7982 = IFCCARTESIANPOINT((-2.2248762512207E-1, -2.13623031616211E-1, 1.56563730239868E-2));
#7983 = IFCCARTESIANPOINT((-2.15026382446289E-1, -2.14827682495117E-1, 1.76368103027344E-2));
#7984 = IFCFACEOUTERBOUND(#7981, .T.);
#7985 = IFCFACE((#7984));
#7986 = IFCPOLYLOOP((#7987, #7988, #7989));
#7987 = IFCCARTESIANPOINT((-2.15503799438477E-1, -2.14458480834961E-1, 2.89817066192627E-2));
#7988 = IFCCARTESIANPOINT((-2.20500015258789E-1, -2.13251876831055E-1, 3.15758037567139E-2));
#7989 = IFCCARTESIANPOINT((-2.23621185302734E-1, -2.14595779418945E-1, 2.70826263427734E-2));
#7990 = IFCFACEOUTERBOUND(#7986, .T.);
#7991 = IFCFACE((#7990));
#7992 = IFCPOLYLOOP((#7993, #7994, #7995));
#7993 = IFCCARTESIANPOINT((-2.27910980224609E-1, -2.10321548461914E-1, 2.59775714874268E-2));
#7994 = IFCCARTESIANPOINT((-2.26421188354492E-1, -2.10571975708008E-1, 1.39162464141846E-2));
#7995 = IFCCARTESIANPOINT((-2.26229110717773E-1, -2.12800827026367E-1, 2.67897987365723E-2));
#7996 = IFCFACEOUTERBOUND(#7992, .T.);
#7997 = IFCFACE((#7996));
#7998 = IFCPOLYLOOP((#7995, #7994, #7989));
#7999 = IFCFACEOUTERBOUND(#7998, .T.);
#8000 = IFCFACE((#7999));
#8001 = IFCPOLYLOOP((#7982, #7994, #7978));
#8002 = IFCFACEOUTERBOUND(#8001, .T.);
#8003 = IFCFACE((#8002));
#8004 = IFCPOLYLOOP((#8005, #7994, #8006));
#8005 = IFCCARTESIANPOINT((-2.27649032592773E-1, -1.97352630615234E-1, 6.66830587387085E-3));
#8006 = IFCCARTESIANPOINT((-2.28502136230469E-1, -2.09955474853516E-1, 1.92397384643555E-2));
#8007 = IFCFACEOUTERBOUND(#8004, .T.);
#8008 = IFCFACE((#8007));
#8009 = IFCPOLYLOOP((#7965, #8005, #8010));
#8010 = IFCCARTESIANPOINT((-2.26396942138672E-1, -1.85961959838867E-1, 8.04050350189209E-3));
#8011 = IFCFACEOUTERBOUND(#8009, .T.);
#8012 = IFCFACE((#8011));
#8013 = IFCPOLYLOOP((#7965, #8010, #7958));
#8014 = IFCFACEOUTERBOUND(#8013, .T.);
#8015 = IFCFACE((#8014));
#8016 = IFCPOLYLOOP((#7989, #7982, #7983));
#8017 = IFCFACEOUTERBOUND(#8016, .T.);
#8018 = IFCFACE((#8017));
#8019 = IFCPOLYLOOP((#8020, #8021, #8010));
#8020 = IFCCARTESIANPOINT((-2.28496963500977E-1, -1.86628189086914E-1, 1.26522789001465E-2));
#8021 = IFCCARTESIANPOINT((-2.26156860351563E-1, -1.79123199462891E-1, 1.56612758636475E-2));
#8022 = IFCFACEOUTERBOUND(#8019, .T.);
#8023 = IFCFACE((#8022));
#8024 = IFCPOLYLOOP((#8021, #7958, #8010));
#8025 = IFCFACEOUTERBOUND(#8024, .T.);
#8026 = IFCFACE((#8025));
#8027 = IFCPOLYLOOP((#8028, #8029, #8030));
#8028 = IFCCARTESIANPOINT((-2.07500946044922E-1, -1.86646270751953E-1, 1.27954654693604E-2));
#8029 = IFCCARTESIANPOINT((-2.09384552001953E-1, -1.92435913085938E-1, 5.38114881515503E-3));
#8030 = IFCCARTESIANPOINT((-2.09787414550781E-1, -1.8077717590332E-1, 1.22851343154907E-2));
#8031 = IFCFACEOUTERBOUND(#8027, .T.);
#8032 = IFCFACE((#8031));
#8033 = IFCPOLYLOOP((#8030, #8029, #7969));
#8034 = IFCFACEOUTERBOUND(#8033, .T.);
#8035 = IFCFACE((#8034));
#8036 = IFCPOLYLOOP((#7973, #8029, #8037));
#8037 = IFCCARTESIANPOINT((-2.07589019775391E-1, -2.01424392700195E-1, 9.98090267181396E-3));
#8038 = IFCFACEOUTERBOUND(#8036, .T.);
#8039 = IFCFACE((#8038));
#8040 = IFCPOLYLOOP((#7973, #8041, #7974));
#8041 = IFCCARTESIANPOINT((-2.09133407592773E-1, -2.0997509765625E-1, 1.36806383132935E-2));
#8042 = IFCFACEOUTERBOUND(#8040, .T.);
#8043 = IFCFACE((#8042));
#8044 = IFCPOLYLOOP((#8041, #7983, #7974));
#8045 = IFCFACEOUTERBOUND(#8044, .T.);
#8046 = IFCFACE((#8045));
#8047 = IFCPOLYLOOP((#8048, #8041, #8049));
#8048 = IFCCARTESIANPOINT((-2.08073333740234E-1, -2.10156555175781E-1, 2.62710857391357E-2));
#8049 = IFCCARTESIANPOINT((-2.07500396728516E-1, -2.08092483520508E-1, 2.36850204467773E-2));
#8050 = IFCFACEOUTERBOUND(#8047, .T.);
#8051 = IFCFACE((#8050));
#8052 = IFCPOLYLOOP((#7983, #8041, #8053));
#8053 = IFCCARTESIANPOINT((-2.12410705566406E-1, -2.14560684204102E-1, 2.71889381408691E-2));
#8054 = IFCFACEOUTERBOUND(#8052, .T.);
#8055 = IFCFACE((#8054));
#8056 = IFCPOLYLOOP((#8030, #8057, #8028));
#8057 = IFCCARTESIANPOINT((-2.08108963012695E-1, -1.8147541809082E-1, 1.67581329345703E-2));
#8058 = IFCFACEOUTERBOUND(#8056, .T.);
#8059 = IFCFACE((#8058));
#8060 = IFCPOLYLOOP((#8061, #8030, #7969));
#8061 = IFCCARTESIANPOINT((-2.12438537597656E-1, -1.77551498413086E-1, 1.49283790588379E-2));
#8062 = IFCFACEOUTERBOUND(#8060, .T.);
#8063 = IFCFACE((#8062));
#8064 = IFCPOLYLOOP((#7987, #7983, #8053));
#8065 = IFCFACEOUTERBOUND(#8064, .T.);
#8066 = IFCFACE((#8065));
#8067 = IFCPOLYLOOP((#8028, #8049, #8037));
#8068 = IFCFACEOUTERBOUND(#8067, .T.);
#8069 = IFCFACE((#8068));
#8070 = IFCPOLYLOOP((#8041, #8037, #8049));
#8071 = IFCFACEOUTERBOUND(#8070, .T.);
#8072 = IFCFACE((#8071));
#8073 = IFCPOLYLOOP((#8029, #8028, #8037));
#8074 = IFCFACEOUTERBOUND(#8073, .T.);
#8075 = IFCFACE((#8074));
#8076 = IFCPOLYLOOP((#8006, #8020, #8005));
#8077 = IFCFACEOUTERBOUND(#8076, .T.);
#8078 = IFCFACE((#8077));
#8079 = IFCPOLYLOOP((#8080, #8020, #8006));
#8080 = IFCCARTESIANPOINT((-2.28499801635742E-1, 1.68617263793945E-1, 7.74795166015625E-1));
#8081 = IFCFACEOUTERBOUND(#8079, .T.);
#8082 = IFCFACE((#8081));
#8083 = IFCPOLYLOOP((#8006, #8084, #8080));
#8084 = IFCCARTESIANPOINT((-2.28499603271484E-1, 1.46879028320313E-1, 7.84932250976563E-1));
#8085 = IFCFACEOUTERBOUND(#8083, .T.);
#8086 = IFCFACE((#8085));
#8087 = IFCPOLYLOOP((#8088, #7987, #8053));
#8088 = IFCCARTESIANPOINT((-2.12438537597656E-1, -1.25006698608398E-1, 2.19377258300781E-1));
#8089 = IFCFACEOUTERBOUND(#8087, .T.);
#8090 = IFCFACE((#8089));
#8091 = IFCPOLYLOOP((#8092, #8088, #8053));
#8092 = IFCCARTESIANPOINT((-2.09843139648438E-1, -2.11128280639648E-1, 3.05854930877686E-2));
#8093 = IFCFACEOUTERBOUND(#8091, .T.);
#8094 = IFCFACE((#8093));
#8095 = IFCPOLYLOOP((#8096, #8088, #8092));
#8096 = IFCCARTESIANPOINT((-2.08108963012695E-1, -1.21082778930664E-1, 2.17547500610352E-1));
#8097 = IFCFACEOUTERBOUND(#8095, .T.);
#8098 = IFCFACE((#8097));
#8099 = IFCPOLYLOOP((#8049, #8096, #8048));
#8100 = IFCFACEOUTERBOUND(#8099, .T.);
#8101 = IFCFACE((#8100));
#8102 = IFCPOLYLOOP((#8088, #8096, #8103));
#8103 = IFCCARTESIANPOINT((-2.09843139648438E-1, -3.57417068481445E-2, 4.06703216552734E-1));
#8104 = IFCFACEOUTERBOUND(#8102, .T.);
#8105 = IFCFACE((#8104));
#8106 = IFCPOLYLOOP((#8048, #8096, #8092));
#8107 = IFCFACEOUTERBOUND(#8106, .T.);
#8108 = IFCFACE((#8107));
#8109 = IFCPOLYLOOP((#8006, #7993, #8110));
#8110 = IFCCARTESIANPOINT((-2.27891036987305E-1, -1.21082778930664E-1, 2.17547500610352E-1));
#8111 = IFCFACEOUTERBOUND(#8109, .T.);
#8112 = IFCFACE((#8111));
#8113 = IFCPOLYLOOP((#8114, #7995, #7989));
#8114 = IFCCARTESIANPOINT((-2.23561462402344E-1, -1.25006698608398E-1, 2.19377258300781E-1));
#8115 = IFCFACEOUTERBOUND(#8113, .T.);
#8116 = IFCFACE((#8115));
#8117 = IFCPOLYLOOP((#7995, #8110, #7993));
#8118 = IFCFACEOUTERBOUND(#8117, .T.);
#8119 = IFCFACE((#8118));
#8120 = IFCPOLYLOOP((#7988, #8114, #7989));
#8121 = IFCFACEOUTERBOUND(#8120, .T.);
#8122 = IFCFACE((#8121));
#8123 = IFCPOLYLOOP((#8114, #8124, #8110));
#8124 = IFCCARTESIANPOINT((-2.26156860351563E-1, -3.57417068481445E-2, 4.06703216552734E-1));
#8125 = IFCFACEOUTERBOUND(#8123, .T.);
#8126 = IFCFACE((#8125));
#8127 = IFCPOLYLOOP((#8128, #7958, #8129));
#8128 = IFCCARTESIANPOINT((-2.23543441772461E-1, 1.75063827514648E-1, 7.7111328125E-1));
#8129 = IFCCARTESIANPOINT((-2.26156860351563E-1, 1.71649978637695E-1, 7.67896728515625E-1));
#8130 = IFCFACEOUTERBOUND(#8127, .T.);
#8131 = IFCFACE((#8130));
#8132 = IFCPOLYLOOP((#8133, #8129, #8021));
#8133 = IFCCARTESIANPOINT((-2.27891036987305E-1, -1.8147541809082E-1, 1.67581405639648E-2));
#8134 = IFCFACEOUTERBOUND(#8132, .T.);
#8135 = IFCFACE((#8134));
#8136 = IFCPOLYLOOP((#8133, #8020, #8080));
#8137 = IFCFACEOUTERBOUND(#8136, .T.);
#8138 = IFCFACE((#8137));
#8139 = IFCPOLYLOOP((#8028, #8057, #8140));
#8140 = IFCCARTESIANPOINT((-2.08108963012695E-1, -9.37821273803711E-2, 2.04817001342773E-1));
#8141 = IFCFACEOUTERBOUND(#8139, .T.);
#8142 = IFCFACE((#8141));
#8143 = IFCPOLYLOOP((#8140, #8144, #8145));
#8144 = IFCCARTESIANPOINT((-2.12438537597656E-1, -8.98582077026367E-2, 2.02987243652344E-1));
#8145 = IFCCARTESIANPOINT((-2.09843139648438E-1, -3.7366189956665E-3, 3.91779022216797E-1));
#8146 = IFCFACEOUTERBOUND(#8143, .T.);
#8147 = IFCFACE((#8146));
#8148 = IFCPOLYLOOP((#8030, #8140, #8057));
#8149 = IFCFACEOUTERBOUND(#8148, .T.);
#8150 = IFCFACE((#8149));
#8151 = IFCPOLYLOOP((#8061, #8144, #8030));
#8152 = IFCFACEOUTERBOUND(#8151, .T.);
#8153 = IFCFACE((#8152));
#8154 = IFCPOLYLOOP((#7957, #8144, #8061));
#8155 = IFCFACEOUTERBOUND(#8154, .T.);
#8156 = IFCFACE((#8155));
#8157 = IFCPOLYLOOP((#8030, #8144, #8140));
#8158 = IFCFACEOUTERBOUND(#8157, .T.);
#8159 = IFCFACE((#8158));
#8160 = IFCPOLYLOOP((#8161, #8128, #8162));
#8161 = IFCCARTESIANPOINT((-2.155E-1, 1.73773590087891E-1, 7.66906494140625E-1));
#8162 = IFCCARTESIANPOINT((-2.1244775390625E-1, 1.75033721923828E-1, 7.71075134277344E-1));
#8163 = IFCFACEOUTERBOUND(#8160, .T.);
#8164 = IFCFACE((#8163));
#8165 = IFCPOLYLOOP((#8128, #8166, #8162));
#8166 = IFCCARTESIANPOINT((-2.21446411132813E-1, 1.75392761230469E-1, 7.80148254394531E-1));
#8167 = IFCFACEOUTERBOUND(#8165, .T.);
#8168 = IFCFACE((#8167));
#8169 = IFCPOLYLOOP((#8170, #8171, #8166));
#8170 = IFCCARTESIANPOINT((-2.22593948364258E-1, 1.70521682739258E-1, 7.88565307617188E-1));
#8171 = IFCCARTESIANPOINT((-2.13509033203125E-1, 1.74139144897461E-1, 7.82841186523438E-1));
#8172 = IFCFACEOUTERBOUND(#8169, .T.);
#8173 = IFCFACE((#8172));
#8174 = IFCPOLYLOOP((#8175, #8176, #8177));
#8175 = IFCCARTESIANPOINT((-2.22364181518555E-1, 1.62995330810547E-1, 7.9411279296875E-1));
#8176 = IFCCARTESIANPOINT((-2.1519548034668E-1, 1.602470703125E-1, 7.94552551269531E-1));
#8177 = IFCCARTESIANPOINT((-2.12870025634766E-1, 1.65473037719727E-1, 7.92421813964844E-1));
#8178 = IFCFACEOUTERBOUND(#8174, .T.);
#8179 = IFCFACE((#8178));
#8180 = IFCPOLYLOOP((#7947, #8176, #8175));
#8181 = IFCFACEOUTERBOUND(#8180, .T.);
#8182 = IFCFACE((#8181));
#8183 = IFCPOLYLOOP((#7947, #7953, #8184));
#8184 = IFCCARTESIANPOINT((-2.12269912719727E-1, 1.40413986206055E-1, 7.88297729492188E-1));
#8185 = IFCFACEOUTERBOUND(#8183, .T.);
#8186 = IFCFACE((#8185));
#8187 = IFCPOLYLOOP((#8184, #8188, #8189));
#8188 = IFCCARTESIANPOINT((-2.20499984741211E-1, 1.37521270751953E-1, 7.83811218261719E-1));
#8189 = IFCCARTESIANPOINT((-2.15499969482422E-1, 1.37521286010742E-1, 7.83811279296875E-1));
#8190 = IFCFACEOUTERBOUND(#8187, .T.);
#8191 = IFCFACE((#8190));
#8192 = IFCPOLYLOOP((#7948, #7947, #8175));
#8193 = IFCFACEOUTERBOUND(#8192, .T.);
#8194 = IFCFACE((#8193));
#8195 = IFCPOLYLOOP((#7948, #8175, #8196));
#8196 = IFCCARTESIANPOINT((-2.28414413452148E-1, 1.62223205566406E-1, 7.88547973632813E-1));
#8197 = IFCFACEOUTERBOUND(#8195, .T.);
#8198 = IFCFACE((#8197));
#8199 = IFCPOLYLOOP((#8196, #8175, #8170));
#8200 = IFCFACEOUTERBOUND(#8199, .T.);
#8201 = IFCFACE((#8200));
#8202 = IFCPOLYLOOP((#8170, #8203, #8196));
#8203 = IFCCARTESIANPOINT((-2.27349594116211E-1, 1.6988117980957E-1, 7.83674926757813E-1));
#8204 = IFCFACEOUTERBOUND(#8202, .T.);
#8205 = IFCFACE((#8204));
#8206 = IFCPOLYLOOP((#8203, #8166, #8207));
#8207 = IFCCARTESIANPOINT((-2.27871505737305E-1, 1.71595413208008E-1, 7.73866516113281E-1));
#8208 = IFCFACEOUTERBOUND(#8206, .T.);
#8209 = IFCFACE((#8208));
#8210 = IFCPOLYLOOP((#8084, #7948, #8196));
#8211 = IFCFACEOUTERBOUND(#8210, .T.);
#8212 = IFCFACE((#8211));
#8213 = IFCPOLYLOOP((#8196, #8203, #8080));
#8214 = IFCFACEOUTERBOUND(#8213, .T.);
#8215 = IFCFACE((#8214));
#8216 = IFCPOLYLOOP((#8217, #8218, #8219));
#8217 = IFCCARTESIANPOINT((-2.07501480102539E-1, 1.69177352905273E-1, 7.75852111816406E-1));
#8218 = IFCCARTESIANPOINT((-2.09973785400391E-1, 1.71531219482422E-1, 7.84050659179688E-1));
#8219 = IFCCARTESIANPOINT((-2.07979690551758E-1, 1.65287826538086E-1, 7.87575439453125E-1));
#8220 = IFCFACEOUTERBOUND(#8216, .T.);
#8221 = IFCFACE((#8220));
#8222 = IFCPOLYLOOP((#8218, #8223, #8171));
#8223 = IFCCARTESIANPOINT((-2.08057495117188E-1, 1.71559585571289E-1, 7.73699462890625E-1));
#8224 = IFCFACEOUTERBOUND(#8222, .T.);
#8225 = IFCFACE((#8224));
#8226 = IFCPOLYLOOP((#8177, #8227, #8219));
#8227 = IFCCARTESIANPOINT((-2.08232315063477E-1, 1.54633422851563E-1, 7.91972045898438E-1));
#8228 = IFCFACEOUTERBOUND(#8226, .T.);
#8229 = IFCFACE((#8228));
#8230 = IFCPOLYLOOP((#8231, #8227, #8176));
#8231 = IFCCARTESIANPOINT((-2.13298721313477E-1, 1.4918522644043E-1, 7.94067321777344E-1));
#8232 = IFCFACEOUTERBOUND(#8230, .T.);
#8233 = IFCFACE((#8232));
#8234 = IFCPOLYLOOP((#8162, #8166, #8171));
#8235 = IFCFACEOUTERBOUND(#8234, .T.);
#8236 = IFCFACE((#8235));
#8237 = IFCPOLYLOOP((#8184, #8238, #8239));
#8238 = IFCCARTESIANPOINT((-2.08040939331055E-1, 1.41904312133789E-1, 7.81639526367188E-1));
#8239 = IFCCARTESIANPOINT((-2.07502380371094E-1, 1.47323104858398E-1, 7.86040405273438E-1));
#8240 = IFCFACEOUTERBOUND(#8237, .T.);
#8241 = IFCFACE((#8240));
#8242 = IFCPOLYLOOP((#8231, #7947, #8184));
#8243 = IFCFACEOUTERBOUND(#8242, .T.);
#8244 = IFCFACE((#8243));
#8245 = IFCPOLYLOOP((#8246, #8161, #7957));
#8246 = IFCCARTESIANPOINT((-2.20500015258789E-1, 1.73773544311523E-1, 7.66906433105469E-1));
#8247 = IFCFACEOUTERBOUND(#8245, .T.);
#8248 = IFCFACE((#8247));
#8249 = IFCPOLYLOOP((#7957, #7959, #8246));
#8250 = IFCFACEOUTERBOUND(#8249, .T.);
#8251 = IFCFACE((#8250));
#8252 = IFCPOLYLOOP((#8217, #8227, #8239));
#8253 = IFCFACEOUTERBOUND(#8252, .T.);
#8254 = IFCFACE((#8253));
#8255 = IFCPOLYLOOP((#8028, #8217, #8049));
#8256 = IFCFACEOUTERBOUND(#8255, .T.);
#8257 = IFCFACE((#8256));
#8258 = IFCPOLYLOOP((#8219, #8227, #8217));
#8259 = IFCFACEOUTERBOUND(#8258, .T.);
#8260 = IFCFACE((#8259));
#8261 = IFCPOLYLOOP((#8080, #8084, #8196));
#8262 = IFCFACEOUTERBOUND(#8261, .T.);
#8263 = IFCFACE((#8262));
#8264 = IFCPOLYLOOP((#8088, #8184, #8189));
#8265 = IFCFACEOUTERBOUND(#8264, .T.);
#8266 = IFCFACE((#8265));
#8267 = IFCPOLYLOOP((#8088, #8189, #7987));
#8268 = IFCFACEOUTERBOUND(#8267, .T.);
#8269 = IFCFACE((#8268));
#8270 = IFCPOLYLOOP((#8184, #8103, #8238));
#8271 = IFCFACEOUTERBOUND(#8270, .T.);
#8272 = IFCFACE((#8271));
#8273 = IFCPOLYLOOP((#8239, #8238, #8096));
#8274 = IFCFACEOUTERBOUND(#8273, .T.);
#8275 = IFCFACE((#8274));
#8276 = IFCPOLYLOOP((#8238, #8103, #8096));
#8277 = IFCFACEOUTERBOUND(#8276, .T.);
#8278 = IFCFACE((#8277));
#8279 = IFCPOLYLOOP((#8096, #8049, #8239));
#8280 = IFCFACEOUTERBOUND(#8279, .T.);
#8281 = IFCFACE((#8280));
#8282 = IFCPOLYLOOP((#8188, #7988, #8189));
#8283 = IFCFACEOUTERBOUND(#8282, .T.);
#8284 = IFCFACE((#8283));
#8285 = IFCPOLYLOOP((#8110, #8084, #8006));
#8286 = IFCFACEOUTERBOUND(#8285, .T.);
#8287 = IFCFACE((#8286));
#8288 = IFCPOLYLOOP((#8084, #8110, #7949));
#8289 = IFCFACEOUTERBOUND(#8288, .T.);
#8290 = IFCFACE((#8289));
#8291 = IFCPOLYLOOP((#7949, #8124, #7953));
#8292 = IFCFACEOUTERBOUND(#8291, .T.);
#8293 = IFCFACE((#8292));
#8294 = IFCPOLYLOOP((#7988, #8188, #8114));
#8295 = IFCFACEOUTERBOUND(#8294, .T.);
#8296 = IFCFACE((#8295));
#8297 = IFCPOLYLOOP((#7953, #8114, #8188));
#8298 = IFCFACEOUTERBOUND(#8297, .T.);
#8299 = IFCFACE((#8298));
#8300 = IFCPOLYLOOP((#8246, #7958, #8128));
#8301 = IFCFACEOUTERBOUND(#8300, .T.);
#8302 = IFCFACE((#8301));
#8303 = IFCPOLYLOOP((#8133, #8080, #8207));
#8304 = IFCFACEOUTERBOUND(#8303, .T.);
#8305 = IFCFACE((#8304));
#8306 = IFCPOLYLOOP((#8217, #8028, #8140));
#8307 = IFCFACEOUTERBOUND(#8306, .T.);
#8308 = IFCFACE((#8307));
#8309 = IFCPOLYLOOP((#8144, #8162, #8145));
#8310 = IFCFACEOUTERBOUND(#8309, .T.);
#8311 = IFCFACE((#8310));
#8312 = IFCPOLYLOOP((#8144, #7957, #8161));
#8313 = IFCFACEOUTERBOUND(#8312, .T.);
#8314 = IFCFACE((#8313));
#8315 = IFCPOLYLOOP((#8144, #8161, #8162));
#8316 = IFCFACEOUTERBOUND(#8315, .T.);
#8317 = IFCFACE((#8316));
#8318 = IFCPOLYLOOP((#7969, #7957, #8061));
#8319 = IFCFACEOUTERBOUND(#8318, .T.);
#8320 = IFCFACE((#8319));
#8321 = IFCPOLYLOOP((#8114, #8110, #7995));
#8322 = IFCFACEOUTERBOUND(#8321, .T.);
#8323 = IFCFACE((#8322));
#8324 = IFCPOLYLOOP((#8080, #8203, #8207));
#8325 = IFCFACEOUTERBOUND(#8324, .T.);
#8326 = IFCFACE((#8325));
#8327 = IFCPOLYLOOP((#7949, #8110, #8124));
#8328 = IFCFACEOUTERBOUND(#8327, .T.);
#8329 = IFCFACE((#8328));
#8330 = IFCPOLYLOOP((#8145, #8162, #8223));
#8331 = IFCFACEOUTERBOUND(#8330, .T.);
#8332 = IFCFACE((#8331));
#8333 = IFCPOLYLOOP((#8184, #8088, #8103));
#8334 = IFCFACEOUTERBOUND(#8333, .T.);
#8335 = IFCFACE((#8334));
#8336 = IFCPOLYLOOP((#8223, #8140, #8145));
#8337 = IFCFACEOUTERBOUND(#8336, .T.);
#8338 = IFCFACE((#8337));
#8339 = IFCPOLYLOOP((#8223, #8217, #8140));
#8340 = IFCFACEOUTERBOUND(#8339, .T.);
#8341 = IFCFACE((#8340));
#8342 = IFCPOLYLOOP((#7953, #8124, #8114));
#8343 = IFCFACEOUTERBOUND(#8342, .T.);
#8344 = IFCFACE((#8343));
#8345 = IFCPOLYLOOP((#8177, #8176, #8227));
#8346 = IFCFACEOUTERBOUND(#8345, .T.);
#8347 = IFCFACE((#8346));
#8348 = IFCPOLYLOOP((#7973, #8037, #8041));
#8349 = IFCFACEOUTERBOUND(#8348, .T.);
#8350 = IFCFACE((#8349));
#8351 = IFCPOLYLOOP((#8170, #8175, #8177));
#8352 = IFCFACEOUTERBOUND(#8351, .T.);
#8353 = IFCFACE((#8352));
#8354 = IFCPOLYLOOP((#8049, #8217, #8239));
#8355 = IFCFACEOUTERBOUND(#8354, .T.);
#8356 = IFCFACE((#8355));
#8357 = IFCPOLYLOOP((#7978, #8005, #7964));
#8358 = IFCFACEOUTERBOUND(#8357, .T.);
#8359 = IFCFACE((#8358));
#8360 = IFCPOLYLOOP((#8020, #8133, #8021));
#8361 = IFCFACEOUTERBOUND(#8360, .T.);
#8362 = IFCFACE((#8361));
#8363 = IFCPOLYLOOP((#8217, #8223, #8218));
#8364 = IFCFACEOUTERBOUND(#8363, .T.);
#8365 = IFCFACE((#8364));
#8366 = IFCPOLYLOOP((#8227, #8184, #8239));
#8367 = IFCFACEOUTERBOUND(#8366, .T.);
#8368 = IFCFACE((#8367));
#8369 = IFCPOLYLOOP((#7963, #7965, #7958));
#8370 = IFCFACEOUTERBOUND(#8369, .T.);
#8371 = IFCFACE((#8370));
#8372 = IFCPOLYLOOP((#7994, #8005, #7978));
#8373 = IFCFACEOUTERBOUND(#8372, .T.);
#8374 = IFCFACE((#8373));
#8375 = IFCPOLYLOOP((#7969, #8029, #7963));
#8376 = IFCFACEOUTERBOUND(#8375, .T.);
#8377 = IFCFACE((#8376));
#8378 = IFCPOLYLOOP((#8048, #8053, #8041));
#8379 = IFCFACEOUTERBOUND(#8378, .T.);
#8380 = IFCFACE((#8379));
#8381 = IFCPOLYLOOP((#8092, #8053, #8048));
#8382 = IFCFACEOUTERBOUND(#8381, .T.);
#8383 = IFCFACE((#8382));
#8384 = IFCPOLYLOOP((#8177, #8219, #8218));
#8385 = IFCFACEOUTERBOUND(#8384, .T.);
#8386 = IFCFACE((#8385));
#8387 = IFCPOLYLOOP((#7973, #7964, #7963));
#8388 = IFCFACEOUTERBOUND(#8387, .T.);
#8389 = IFCFACE((#8388));
#8390 = IFCPOLYLOOP((#7963, #8029, #7973));
#8391 = IFCFACEOUTERBOUND(#8390, .T.);
#8392 = IFCFACE((#8391));
#8393 = IFCPOLYLOOP((#7982, #7978, #7974));
#8394 = IFCFACEOUTERBOUND(#8393, .T.);
#8395 = IFCFACE((#8394));
#8396 = IFCPOLYLOOP((#7965, #7964, #8005));
#8397 = IFCFACEOUTERBOUND(#8396, .T.);
#8398 = IFCFACE((#8397));
#8399 = IFCPOLYLOOP((#8203, #8170, #8166));
#8400 = IFCFACEOUTERBOUND(#8399, .T.);
#8401 = IFCFACE((#8400));
#8402 = IFCPOLYLOOP((#8170, #8177, #8171));
#8403 = IFCFACEOUTERBOUND(#8402, .T.);
#8404 = IFCFACE((#8403));
#8405 = IFCPOLYLOOP((#8207, #8166, #8128));
#8406 = IFCFACEOUTERBOUND(#8405, .T.);
#8407 = IFCFACE((#8406));
#8408 = IFCPOLYLOOP((#8171, #8177, #8218));
#8409 = IFCFACEOUTERBOUND(#8408, .T.);
#8410 = IFCFACE((#8409));
#8411 = IFCPOLYLOOP((#8010, #8005, #8020));
#8412 = IFCFACEOUTERBOUND(#8411, .T.);
#8413 = IFCFACE((#8412));
#8414 = IFCPOLYLOOP((#7993, #8006, #7994));
#8415 = IFCFACEOUTERBOUND(#8414, .T.);
#8416 = IFCFACE((#8415));
#8417 = IFCPOLYLOOP((#8084, #7949, #7948));
#8418 = IFCFACEOUTERBOUND(#8417, .T.);
#8419 = IFCFACE((#8418));
#8420 = IFCPOLYLOOP((#8133, #8207, #8129));
#8421 = IFCFACEOUTERBOUND(#8420, .T.);
#8422 = IFCFACE((#8421));
#8423 = IFCPOLYLOOP((#8189, #7988, #7987));
#8424 = IFCFACEOUTERBOUND(#8423, .T.);
#8425 = IFCFACE((#8424));
#8426 = IFCPOLYLOOP((#7989, #7994, #7982));
#8427 = IFCFACEOUTERBOUND(#8426, .T.);
#8428 = IFCFACE((#8427));
#8429 = IFCPOLYLOOP((#8161, #8246, #8128));
#8430 = IFCFACEOUTERBOUND(#8429, .T.);
#8431 = IFCFACE((#8430));
#8432 = IFCPOLYLOOP((#8184, #7953, #8188));
#8433 = IFCFACEOUTERBOUND(#8432, .T.);
#8434 = IFCFACE((#8433));
#8435 = IFCPOLYLOOP((#8129, #8207, #8128));
#8436 = IFCFACEOUTERBOUND(#8435, .T.);
#8437 = IFCFACE((#8436));
#8438 = IFCPOLYLOOP((#8246, #7959, #7958));
#8439 = IFCFACEOUTERBOUND(#8438, .T.);
#8440 = IFCFACE((#8439));
#8441 = IFCPOLYLOOP((#8129, #7958, #8021));
#8442 = IFCFACEOUTERBOUND(#8441, .T.);
#8443 = IFCFACE((#8442));
#8444 = IFCPOLYLOOP((#8184, #8227, #8231));
#8445 = IFCFACEOUTERBOUND(#8444, .T.);
#8446 = IFCFACE((#8445));
#8447 = IFCPOLYLOOP((#8171, #8223, #8162));
#8448 = IFCFACEOUTERBOUND(#8447, .T.);
#8449 = IFCFACE((#8448));
#8450 = IFCPOLYLOOP((#7987, #7989, #7983));
#8451 = IFCFACEOUTERBOUND(#8450, .T.);
#8452 = IFCFACE((#8451));
#8453 = IFCPOLYLOOP((#7947, #8231, #8176));
#8454 = IFCFACEOUTERBOUND(#8453, .T.);
#8455 = IFCFACE((#8454));
#8456 = IFCPOLYLOOP((#7957, #7969, #7958));
#8457 = IFCFACEOUTERBOUND(#8456, .T.);
#8458 = IFCFACE((#8457));
#8459 = IFCFACETEDBREP(#7945);
#8460 = IFCSURFACESTYLERENDERING(#8461, 0., #8462, $, $, #8463, #8464, $, .NOTDEFINED.);
#8461 = IFCCOLOURRGB('Surface color', 8.66666674613953E-1, 7.17647075653076E-1, 5.45098066329956E-1);
#8462 = IFCCOLOURRGB('Diffuse color', 8.66666674613953E-1, 7.17647075653076E-1, 5.45098066329956E-1);
#8463 = IFCCOLOURRGB('Reflection color', 1., 1., 1.);
#8464 = IFCCOLOURRGB('Specular color', 1., 1., 1.);
#8465 = IFCSURFACESTYLE('b065442f_c7c9_4918_b558_1b227b8c97b2', .BOTH., (#8460));
#8466 = IFCPRESENTATIONSTYLEASSIGNMENT((#8465));
#8467 = IFCSTYLEDITEM(#8459, (#8466), $);
#8468 = IFCSTYLEDREPRESENTATION(#106, 'Body', $, (#8467));
#8469 = IFCCLOSEDSHELL((#8475, #8480, #8485, #8489, #8495, #8500, #8503, #8507, #8511, #8515, #8518, #8523, #8526, #8529, #8532, #8535, #8541, #8546, #8550, #8554, #8559, #8564, #8568, #8572, #8577, #8580, #8585, #8588, #8591, #8594, #8597, #8600, #8603, #8606, #8609, #8612, #8615, #8618, #8621, #8624, #8627, #8630, #8633, #8636, #8639, #8642, #8645, #8648, #8651, #8654, #8657, #8660, #8663, #8666, #8669, #8672, #8675, #8678, #8681, #8684, #8687, #8690, #8693, #8696, #8699, #8702));
#8470 = IFCPOLYLOOP((#8471, #8472, #8473));
#8471 = IFCCARTESIANPOINT((-2.075E-1, 1.88635787963867E-1, 1.65938613891602E-1));
#8472 = IFCCARTESIANPOINT((-2.075E-1, 1.88285171508789E-1, 1.6815950012207E-1));
#8473 = IFCCARTESIANPOINT((-2.075E-1, 1.88854461669922E-1, 1.70525604248047E-1));
#8474 = IFCFACEOUTERBOUND(#8470, .T.);
#8475 = IFCFACE((#8474));
#8476 = IFCPOLYLOOP((#8477, #8473, #8478));
#8477 = IFCCARTESIANPOINT((-2.075E-1, 1.99504592895508E-1, 1.40896270751953E-1));
#8478 = IFCCARTESIANPOINT((-2.07499649047852E-1, 1.90752578735352E-1, 1.72947128295898E-1));
#8479 = IFCFACEOUTERBOUND(#8476, .T.);
#8480 = IFCFACE((#8479));
#8481 = IFCPOLYLOOP((#8482, #8478, #8483));
#8482 = IFCCARTESIANPOINT((-2.075E-1, 2.02467071533203E-1, 1.40298385620117E-1));
#8483 = IFCCARTESIANPOINT((-2.075E-1, 1.95075729370117E-1, 1.74629257202148E-1));
#8484 = IFCFACEOUTERBOUND(#8481, .T.);
#8485 = IFCFACE((#8484));
#8486 = IFCPOLYLOOP((#8483, #8487, #8482));
#8487 = IFCCARTESIANPOINT((-2.075E-1, 2.06914749145508E-1, 1.416923828125E-1));
#8488 = IFCFACEOUTERBOUND(#8486, .T.);
#8489 = IFCFACE((#8488));
#8490 = IFCPOLYLOOP((#8491, #8492, #8493));
#8491 = IFCCARTESIANPOINT((-2.075E-1, 1.97390975952148E-1, 1.74976135253906E-1));
#8492 = IFCCARTESIANPOINT((-2.075E-1, 1.99662719726563E-1, 1.74410598754883E-1));
#8493 = IFCCARTESIANPOINT((-2.075E-1, 2.10312850952148E-1, 1.44781265258789E-1));
#8494 = IFCFACEOUTERBOUND(#8490, .T.);
#8495 = IFCFACE((#8494));
#8496 = IFCPOLYLOOP((#8497, #8498, #8492));
#8497 = IFCCARTESIANPOINT((-2.075E-1, 2.01545120239258E-1, 1.73018753051758E-1));
#8498 = IFCCARTESIANPOINT((-2.075E-1, 2.02751602172852E-1, 1.71012481689453E-1));
#8499 = IFCFACEOUTERBOUND(#8496, .T.);
#8500 = IFCFACE((#8499));
#8501 = IFCPOLYLOOP((#8492, #8498, #8493));
#8502 = IFCFACEOUTERBOUND(#8501, .T.);
#8503 = IFCFACE((#8502));
#8504 = IFCPOLYLOOP((#8483, #8491, #8505));
#8505 = IFCCARTESIANPOINT((-2.075E-1, 2.08850631713867E-1, 1.42835891723633E-1));
#8506 = IFCFACEOUTERBOUND(#8504, .T.);
#8507 = IFCFACE((#8506));
#8508 = IFCPOLYLOOP((#8509, #8471, #8473));
#8509 = IFCCARTESIANPOINT((-2.075E-1, 1.96415725708008E-1, 1.44294387817383E-1));
#8510 = IFCFACEOUTERBOUND(#8508, .T.);
#8511 = IFCFACE((#8510));
#8512 = IFCPOLYLOOP((#8477, #8513, #8509));
#8513 = IFCCARTESIANPOINT((-2.075E-1, 1.97559219360352E-1, 1.42358505249023E-1));
#8514 = IFCFACEOUTERBOUND(#8512, .T.);
#8515 = IFCFACE((#8514));
#8516 = IFCPOLYLOOP((#8482, #8477, #8478));
#8517 = IFCFACEOUTERBOUND(#8516, .T.);
#8518 = IFCFACE((#8517));
#8519 = IFCPOLYLOOP((#8493, #8520, #8521));
#8520 = IFCCARTESIANPOINT((-2.075E-1, 2.10531524658203E-1, 1.49368255615234E-1));
#8521 = IFCCARTESIANPOINT((-2.075E-1, 2.1088215637207E-1, 1.47147369384766E-1));
#8522 = IFCFACEOUTERBOUND(#8519, .T.);
#8523 = IFCFACE((#8522));
#8524 = IFCPOLYLOOP((#8520, #8493, #8498));
#8525 = IFCFACEOUTERBOUND(#8524, .T.);
#8526 = IFCFACE((#8525));
#8527 = IFCPOLYLOOP((#8493, #8505, #8491));
#8528 = IFCFACEOUTERBOUND(#8527, .T.);
#8529 = IFCFACE((#8528));
#8530 = IFCPOLYLOOP((#8483, #8505, #8487));
#8531 = IFCFACEOUTERBOUND(#8530, .T.);
#8532 = IFCFACE((#8531));
#8533 = IFCPOLYLOOP((#8509, #8473, #8477));
#8534 = IFCFACEOUTERBOUND(#8533, .T.);
#8535 = IFCFACE((#8534));
#8536 = IFCPOLYLOOP((#8537, #8538, #8539));
#8537 = IFCCARTESIANPOINT((2.075E-1, 1.96415725708008E-1, 1.44294387817383E-1));
#8538 = IFCCARTESIANPOINT((2.075E-1, 1.97559219360352E-1, 1.42358505249023E-1));
#8539 = IFCCARTESIANPOINT((2.075E-1, 1.99504592895508E-1, 1.40896270751953E-1));
#8540 = IFCFACEOUTERBOUND(#8536, .T.);
#8541 = IFCFACE((#8540));
#8542 = IFCPOLYLOOP((#8543, #8539, #8544));
#8543 = IFCCARTESIANPOINT((2.07499984741211E-1, 1.90758392333984E-1, 1.7287272644043E-1));
#8544 = IFCCARTESIANPOINT((2.07499710083008E-1, 2.02509963989258E-1, 1.402373046875E-1));
#8545 = IFCFACEOUTERBOUND(#8542, .T.);
#8546 = IFCFACE((#8545));
#8547 = IFCPOLYLOOP((#8543, #8544, #8548));
#8548 = IFCCARTESIANPOINT((2.07500030517578E-1, 2.08246276855469E-1, 1.42296157836914E-1));
#8549 = IFCFACEOUTERBOUND(#8547, .T.);
#8550 = IFCFACE((#8549));
#8551 = IFCPOLYLOOP((#8548, #8552, #8543));
#8552 = IFCCARTESIANPOINT((2.075E-1, 1.95075729370117E-1, 1.74629257202148E-1));
#8553 = IFCFACEOUTERBOUND(#8551, .T.);
#8554 = IFCFACE((#8553));
#8555 = IFCPOLYLOOP((#8548, #8556, #8557));
#8556 = IFCCARTESIANPOINT((2.075E-1, 2.10312850952148E-1, 1.44781265258789E-1));
#8557 = IFCCARTESIANPOINT((2.075E-1, 1.97390975952148E-1, 1.74976135253906E-1));
#8558 = IFCFACEOUTERBOUND(#8555, .T.);
#8559 = IFCFACE((#8558));
#8560 = IFCPOLYLOOP((#8561, #8562, #8556));
#8561 = IFCCARTESIANPOINT((2.075E-1, 2.1088215637207E-1, 1.47147369384766E-1));
#8562 = IFCCARTESIANPOINT((2.075E-1, 2.10531524658203E-1, 1.49368255615234E-1));
#8563 = IFCFACEOUTERBOUND(#8560, .T.);
#8564 = IFCFACE((#8563));
#8565 = IFCPOLYLOOP((#8556, #8562, #8566));
#8566 = IFCCARTESIANPOINT((2.075E-1, 2.02751602172852E-1, 1.71012481689453E-1));
#8567 = IFCFACEOUTERBOUND(#8565, .T.);
#8568 = IFCFACE((#8567));
#8569 = IFCPOLYLOOP((#8539, #8570, #8537));
#8570 = IFCCARTESIANPOINT((2.075E-1, 1.88635787963867E-1, 1.65938613891602E-1));
#8571 = IFCFACEOUTERBOUND(#8569, .T.);
#8572 = IFCFACE((#8571));
#8573 = IFCPOLYLOOP((#8574, #8575, #8570));
#8574 = IFCCARTESIANPOINT((2.075E-1, 1.88854461669922E-1, 1.70525604248047E-1));
#8575 = IFCCARTESIANPOINT((2.075E-1, 1.88285171508789E-1, 1.6815950012207E-1));
#8576 = IFCFACEOUTERBOUND(#8573, .T.);
#8577 = IFCFACE((#8576));
#8578 = IFCPOLYLOOP((#8543, #8574, #8539));
#8579 = IFCFACEOUTERBOUND(#8578, .T.);
#8580 = IFCFACE((#8579));
#8581 = IFCPOLYLOOP((#8582, #8566, #8583));
#8582 = IFCCARTESIANPOINT((2.075E-1, 1.99662719726563E-1, 1.74410598754883E-1));
#8583 = IFCCARTESIANPOINT((2.075E-1, 2.01545120239258E-1, 1.73018753051758E-1));
#8584 = IFCFACEOUTERBOUND(#8581, .T.);
#8585 = IFCFACE((#8584));
#8586 = IFCPOLYLOOP((#8566, #8582, #8556));
#8587 = IFCFACEOUTERBOUND(#8586, .T.);
#8588 = IFCFACE((#8587));
#8589 = IFCPOLYLOOP((#8582, #8557, #8556));
#8590 = IFCFACEOUTERBOUND(#8589, .T.);
#8591 = IFCFACE((#8590));
#8592 = IFCPOLYLOOP((#8548, #8557, #8552));
#8593 = IFCFACEOUTERBOUND(#8592, .T.);
#8594 = IFCFACE((#8593));
#8595 = IFCPOLYLOOP((#8570, #8539, #8574));
#8596 = IFCFACEOUTERBOUND(#8595, .T.);
#8597 = IFCFACE((#8596));
#8598 = IFCPOLYLOOP((#8520, #8562, #8561));
#8599 = IFCFACEOUTERBOUND(#8598, .T.);
#8600 = IFCFACE((#8599));
#8601 = IFCPOLYLOOP((#8561, #8521, #8520));
#8602 = IFCFACEOUTERBOUND(#8601, .T.);
#8603 = IFCFACE((#8602));
#8604 = IFCPOLYLOOP((#8561, #8556, #8493));
#8605 = IFCFACEOUTERBOUND(#8604, .T.);
#8606 = IFCFACE((#8605));
#8607 = IFCPOLYLOOP((#8493, #8521, #8561));
#8608 = IFCFACEOUTERBOUND(#8607, .T.);
#8609 = IFCFACE((#8608));
#8610 = IFCPOLYLOOP((#8487, #8505, #8548));
#8611 = IFCFACEOUTERBOUND(#8610, .T.);
#8612 = IFCFACE((#8611));
#8613 = IFCPOLYLOOP((#8505, #8493, #8556));
#8614 = IFCFACEOUTERBOUND(#8613, .T.);
#8615 = IFCFACE((#8614));
#8616 = IFCPOLYLOOP((#8556, #8548, #8505));
#8617 = IFCFACEOUTERBOUND(#8616, .T.);
#8618 = IFCFACE((#8617));
#8619 = IFCPOLYLOOP((#8520, #8498, #8566));
#8620 = IFCFACEOUTERBOUND(#8619, .T.);
#8621 = IFCFACE((#8620));
#8622 = IFCPOLYLOOP((#8566, #8562, #8520));
#8623 = IFCFACEOUTERBOUND(#8622, .T.);
#8624 = IFCFACE((#8623));
#8625 = IFCPOLYLOOP((#8557, #8582, #8492));
#8626 = IFCFACEOUTERBOUND(#8625, .T.);
#8627 = IFCFACE((#8626));
#8628 = IFCPOLYLOOP((#8492, #8491, #8557));
#8629 = IFCFACEOUTERBOUND(#8628, .T.);
#8630 = IFCFACE((#8629));
#8631 = IFCPOLYLOOP((#8491, #8483, #8552));
#8632 = IFCFACEOUTERBOUND(#8631, .T.);
#8633 = IFCFACE((#8632));
#8634 = IFCPOLYLOOP((#8552, #8557, #8491));
#8635 = IFCFACEOUTERBOUND(#8634, .T.);
#8636 = IFCFACE((#8635));
#8637 = IFCPOLYLOOP((#8566, #8498, #8497));
#8638 = IFCFACEOUTERBOUND(#8637, .T.);
#8639 = IFCFACE((#8638));
#8640 = IFCPOLYLOOP((#8497, #8583, #8566));
#8641 = IFCFACEOUTERBOUND(#8640, .T.);
#8642 = IFCFACE((#8641));
#8643 = IFCPOLYLOOP((#8497, #8492, #8582));
#8644 = IFCFACEOUTERBOUND(#8643, .T.);
#8645 = IFCFACE((#8644));
#8646 = IFCPOLYLOOP((#8582, #8583, #8497));
#8647 = IFCFACEOUTERBOUND(#8646, .T.);
#8648 = IFCFACE((#8647));
#8649 = IFCPOLYLOOP((#8552, #8483, #8478));
#8650 = IFCFACEOUTERBOUND(#8649, .T.);
#8651 = IFCFACE((#8650));
#8652 = IFCPOLYLOOP((#8478, #8543, #8552));
#8653 = IFCFACEOUTERBOUND(#8652, .T.);
#8654 = IFCFACE((#8653));
#8655 = IFCPOLYLOOP((#8471, #8570, #8575));
#8656 = IFCFACEOUTERBOUND(#8655, .T.);
#8657 = IFCFACE((#8656));
#8658 = IFCPOLYLOOP((#8575, #8472, #8471));
#8659 = IFCFACEOUTERBOUND(#8658, .T.);
#8660 = IFCFACE((#8659));
#8661 = IFCPOLYLOOP((#8473, #8472, #8575));
#8662 = IFCFACEOUTERBOUND(#8661, .T.);
#8663 = IFCFACE((#8662));
#8664 = IFCPOLYLOOP((#8575, #8574, #8473));
#8665 = IFCFACEOUTERBOUND(#8664, .T.);
#8666 = IFCFACE((#8665));
#8667 = IFCPOLYLOOP((#8574, #8543, #8478));
#8668 = IFCFACEOUTERBOUND(#8667, .T.);
#8669 = IFCFACE((#8668));
#8670 = IFCPOLYLOOP((#8478, #8473, #8574));
#8671 = IFCFACEOUTERBOUND(#8670, .T.);
#8672 = IFCFACE((#8671));
#8673 = IFCPOLYLOOP((#8509, #8537, #8570));
#8674 = IFCFACEOUTERBOUND(#8673, .T.);
#8675 = IFCFACE((#8674));
#8676 = IFCPOLYLOOP((#8570, #8471, #8509));
#8677 = IFCFACEOUTERBOUND(#8676, .T.);
#8678 = IFCFACE((#8677));
#8679 = IFCPOLYLOOP((#8539, #8477, #8482));
#8680 = IFCFACEOUTERBOUND(#8679, .T.);
#8681 = IFCFACE((#8680));
#8682 = IFCPOLYLOOP((#8482, #8544, #8539));
#8683 = IFCFACEOUTERBOUND(#8682, .T.);
#8684 = IFCFACE((#8683));
#8685 = IFCPOLYLOOP((#8539, #8538, #8513));
#8686 = IFCFACEOUTERBOUND(#8685, .T.);
#8687 = IFCFACE((#8686));
#8688 = IFCPOLYLOOP((#8513, #8477, #8539));
#8689 = IFCFACEOUTERBOUND(#8688, .T.);
#8690 = IFCFACE((#8689));
#8691 = IFCPOLYLOOP((#8509, #8513, #8538));
#8692 = IFCFACEOUTERBOUND(#8691, .T.);
#8693 = IFCFACE((#8692));
#8694 = IFCPOLYLOOP((#8538, #8537, #8509));
#8695 = IFCFACEOUTERBOUND(#8694, .T.);
#8696 = IFCFACE((#8695));
#8697 = IFCPOLYLOOP((#8487, #8548, #8544));
#8698 = IFCFACEOUTERBOUND(#8697, .T.);
#8699 = IFCFACE((#8698));
#8700 = IFCPOLYLOOP((#8544, #8482, #8487));
#8701 = IFCFACEOUTERBOUND(#8700, .T.);
#8702 = IFCFACE((#8701));
#8703 = IFCFACETEDBREP(#8469);
#8704 = IFCSURFACESTYLERENDERING(#8705, 0., #8706, $, $, #8707, #8708, $, .NOTDEFINED.);
#8705 = IFCCOLOURRGB('Surface color', 8.66666674613953E-1, 7.17647075653076E-1, 5.45098066329956E-1);
#8706 = IFCCOLOURRGB('Diffuse color', 8.66666674613953E-1, 7.17647075653076E-1, 5.45098066329956E-1);
#8707 = IFCCOLOURRGB('Reflection color', 1., 1., 1.);
#8708 = IFCCOLOURRGB('Specular color', 1., 1., 1.);
#8709 = IFCSURFACESTYLE('b065442f_c7c9_4918_b558_1b227b8c97b2', .BOTH., (#8704));
#8710 = IFCPRESENTATIONSTYLEASSIGNMENT((#8709));
#8711 = IFCSTYLEDITEM(#8703, (#8710), $);
#8712 = IFCSTYLEDREPRESENTATION(#106, 'Body', $, (#8711));
#8713 = IFCRELCONTAINEDINSPATIALSTRUCTURE('0OOtm5vtfBPPohhUtyPGYB', #2, $, $, (#37), #28);
ENDSEC;
END-ISO-10303-21;
